id, s[GeV^{2}], <Q>[GeV], Q_min[GeV], Q_max[GeV], <xB>, xB_min, xB_max, <z>, z_min, z_max, <pT>, pT_min, pT_max, Delta_bin[GeV^3], xSec_diff[pb/GeV^3], xSec_uncorr_error, xSec_corr_error, y_min, y_max, W2_min[GeV^2], W2_max[GeV^2],target_mass[GeV], product_mass[GeV], N_gen, N_reco, abs_stat_error, abs_sys_error, efficiency 
1,10000,1.46863,1,1.77828,0.000258792,0.0001,0.000398107,0.0884469,0.05,0.1,0.346372,0.3,0.4,1.16005e-06,1.85447e+06,162761,92723.7,0.01,0.95,10,10000,0.938,0.497,18,7,0.0691461,0,0.388889
2,10000,1.44235,1,1.77828,0.000247373,0.0001,0.000398107,0.0890197,0.05,0.1,0.454244,0.4,0.5,1.16005e-06,1.75145e+06,167878,87572.4,0.01,0.95,10,10000,0.938,0.497,17,6,0.0746863,0,0.352941
3,10000,1.33264,1,1.77828,0.000205167,0.0001,0.000398107,0.0862007,0.05,0.1,0.570638,0.5,0.6,1.16005e-06,824211,68823.1,41210.6,0.01,0.95,10,10000,0.938,0.497,8,6,0.0746863,0,0.75
4,10000,1.44947,1,1.77828,0.000244519,0.0001,0.000398107,0.0741089,0.05,0.1,0.659254,0.6,0.7,1.16005e-06,1.13329e+06,82695.2,56664.5,0.01,0.95,10,10000,0.938,0.497,11,8,0.0646803,0,0.727273
5,10000,1.26782,1,1.77828,0.000198406,0.0001,0.000398107,0.0772102,0.05,0.1,0.744658,0.7,0.8,1.16005e-06,309079,32645.7,15454,0.01,0.95,10,10000,0.938,0.497,3,3,0.105622,0,1
6,10000,1.46378,1,1.77828,0.000246907,0.0001,0.000398107,0.0773894,0.05,0.1,0.941915,0.9,1,1.16005e-06,206053,-nan,10302.6,0.01,0.95,10,10000,0.938,0.497,2,3,0.105622,0,1.5
7,10000,1.35224,1,1.77828,0.00021982,0.0001,0.000398107,0.0788514,0.05,0.1,1.12439,1,1.5,5.80027e-06,82421.1,7539.2,4121.06,0.01,0.95,10,10000,0.938,0.497,4,4,0.0914717,0,1
8,10000,1.3926,1,1.77828,0.000264978,0.0001,0.000398107,0.124772,0.1,0.15,0.279061,0.2,0.3,1.16005e-06,1.44237e+06,203582,72118.5,0.01,0.95,10,10000,0.938,0.497,14,3,0.105622,0,0.214286
9,10000,1.29824,1,1.77828,0.000224985,0.0001,0.000398107,0.117863,0.1,0.15,0.34622,0.3,0.4,1.16005e-06,2.47263e+06,206469,123632,0.01,0.95,10,10000,0.938,0.497,24,8,0.0646803,0,0.333333
10,10000,1.29042,1,1.77828,0.000212675,0.0001,0.000398107,0.121666,0.1,0.15,0.443693,0.4,0.5,1.16005e-06,2.06053e+06,108819,103026,0.01,0.95,10,10000,0.938,0.497,20,15,0.0472358,0,0.75
11,10000,1.38391,1,1.77828,0.000230416,0.0001,0.000398107,0.118866,0.1,0.15,0.551953,0.5,0.6,1.16005e-06,1.9575e+06,96337,97875.1,0.01,0.95,10,10000,0.938,0.497,19,16,0.0457358,0,0.842105
12,10000,1.43569,1,1.77828,0.000259719,0.0001,0.000398107,0.130643,0.1,0.15,0.641841,0.6,0.7,1.16005e-06,1.33934e+06,93398.5,66967.1,0.01,0.95,10,10000,0.938,0.497,13,9,0.0609811,0,0.692308
13,10000,1.1476,1,1.77828,0.000156305,0.0001,0.000398107,0.134477,0.1,0.15,0.729509,0.7,0.8,1.16005e-06,206053,46168,10302.6,0.01,0.95,10,10000,0.938,0.497,2,1,0.182943,0,0.5
14,10000,1.33254,1,1.77828,0.000217254,0.0001,0.000398107,0.130138,0.1,0.15,0.824397,0.8,0.9,1.16005e-06,1.13329e+06,82695.2,56664.5,0.01,0.95,10,10000,0.938,0.497,11,8,0.0646803,0,0.727273
15,10000,1.47506,1,1.77828,0.000247406,0.0001,0.000398107,0.136221,0.1,0.15,0.934056,0.9,1,1.16005e-06,412106,48665.3,20605.3,0.01,0.95,10,10000,0.938,0.497,4,3,0.105622,0,0.75
16,10000,1.48121,1,1.77828,0.000261507,0.0001,0.000398107,0.124606,0.1,0.15,1.20723,1,1.5,5.80027e-06,267869,14680.5,13393.4,0.01,0.95,10,10000,0.938,0.497,13,12,0.0528112,0,0.923077
17,10000,1.25007,1,1.77828,0.000196325,0.0001,0.000398107,0.154926,0.15,0.2,0.472018,0.4,0.5,1.16005e-06,1.03026e+06,141883,51513.2,0.01,0.95,10,10000,0.938,0.497,10,3,0.105622,0,0.3
18,10000,1.36893,1,1.77828,0.000248888,0.0001,0.000398107,0.161803,0.15,0.2,0.571004,0.5,0.6,1.16005e-06,1.03026e+06,72998,51513.2,0.01,0.95,10,10000,0.938,0.497,10,8,0.0646803,0,0.8
19,10000,1.4136,1,1.77828,0.000253648,0.0001,0.000398107,0.173278,0.15,0.2,0.642895,0.6,0.7,1.16005e-06,927237,63218.1,46361.9,0.01,0.95,10,10000,0.938,0.497,9,8,0.0646803,0,0.888889
20,10000,1.2675,1,1.77828,0.000203898,0.0001,0.000398107,0.171815,0.15,0.2,0.733532,0.7,0.8,1.16005e-06,721185,57581.6,36059.2,0.01,0.95,10,10000,0.938,0.497,7,6,0.0746863,0,0.857143
21,10000,1.30051,1,1.77828,0.000221605,0.0001,0.000398107,0.16773,0.15,0.2,0.843998,0.8,0.9,1.16005e-06,927237,70881.6,46361.9,0.01,0.95,10,10000,0.938,0.497,9,7,0.0691461,0,0.777778
22,10000,1.42056,1,1.77828,0.000246422,0.0001,0.000398107,0.171476,0.15,0.2,0.937948,0.9,1,1.16005e-06,618158,46168,30907.9,0.01,0.95,10,10000,0.938,0.497,6,6,0.0746863,0,1
23,10000,1.4327,1,1.77828,0.000244497,0.0001,0.000398107,0.174955,0.15,0.2,1.18034,1,1.5,5.80027e-06,391500,17320.1,19575,0.01,0.95,10,10000,0.938,0.497,19,18,0.0431202,0,0.947368
24,10000,1.32305,1,1.77828,0.000201851,0.0001,0.000398107,0.237196,0.2,0.25,0.0681894,0,0.1,1.16005e-06,206053,26655.1,10302.6,0.01,0.95,10,10000,0.938,0.497,2,2,0.129361,0,1
25,10000,1.25235,1,1.77828,0.000178901,0.0001,0.000398107,0.238107,0.2,0.25,0.256345,0.2,0.3,1.16005e-06,412106,65291.4,20605.3,0.01,0.95,10,10000,0.938,0.497,4,2,0.129361,0,0.5
26,10000,1.15968,1,1.77828,0.000149141,0.0001,0.000398107,0.242544,0.2,0.25,0.319885,0.3,0.4,1.16005e-06,515132,126436,25756.6,0.01,0.95,10,10000,0.938,0.497,5,1,0.182943,0,0.2
27,10000,1.37002,1,1.77828,0.000238165,0.0001,0.000398107,0.228513,0.2,0.25,0.446754,0.4,0.5,1.16005e-06,515132,84290.8,25756.6,0.01,0.95,10,10000,0.938,0.497,5,2,0.129361,0,0.4
28,10000,1.71501,1,1.77828,0.000342633,0.0001,0.000398107,0.233746,0.2,0.25,0.579911,0.5,0.6,1.16005e-06,721185,179798,36059.2,0.01,0.95,10,10000,0.938,0.497,7,1,0.182943,0,0.142857
29,10000,1.38825,1,1.77828,0.000233361,0.0001,0.000398107,0.225897,0.2,0.25,0.754139,0.7,0.8,1.16005e-06,515132,84290.8,25756.6,0.01,0.95,10,10000,0.938,0.497,5,2,0.129361,0,0.4
30,10000,1.43866,1,1.77828,0.000259899,0.0001,0.000398107,0.212989,0.2,0.25,0.84148,0.8,0.9,1.16005e-06,721185,57581.6,36059.2,0.01,0.95,10,10000,0.938,0.497,7,6,0.0746863,0,0.857143
31,10000,1.26568,1,1.77828,0.000209615,0.0001,0.000398107,0.223368,0.2,0.25,0.949479,0.9,1,1.16005e-06,618158,46168,30907.9,0.01,0.95,10,10000,0.938,0.497,6,6,0.0746863,0,1
32,10000,1.4111,1,1.77828,0.000237751,0.0001,0.000398107,0.236147,0.2,0.25,1.2241,1,1.5,5.80027e-06,185447,14176.3,9272.37,0.01,0.95,10,10000,0.938,0.497,9,7,0.0691461,0,0.777778
33,10000,1.47997,1,1.77828,0.000260997,0.0001,0.000398107,0.288345,0.25,0.3,0.2739,0.2,0.3,1.16005e-06,103026,18848,5151.32,0.01,0.95,10,10000,0.938,0.497,1,1,0.182943,0,1
34,10000,1.38879,1,1.77828,0.000214901,0.0001,0.000398107,0.262419,0.25,0.3,0.345937,0.3,0.4,1.16005e-06,103026,18848,5151.32,0.01,0.95,10,10000,0.938,0.497,1,1,0.182943,0,1
35,10000,1.06609,1,1.77828,0.00012656,0.0001,0.000398107,0.257559,0.25,0.3,0.42371,0.4,0.5,1.16005e-06,103026,18848,5151.32,0.01,0.95,10,10000,0.938,0.497,1,1,0.182943,0,1
36,10000,1.27943,1,1.77828,0.000194691,0.0001,0.000398107,0.275444,0.25,0.3,0.666888,0.6,0.7,1.16005e-06,618158,79965.3,30907.9,0.01,0.95,10,10000,0.938,0.497,6,3,0.105622,0,0.5
37,10000,1.32918,1,1.77828,0.000223124,0.0001,0.000398107,0.267033,0.25,0.3,0.757533,0.7,0.8,1.16005e-06,412106,48665.3,20605.3,0.01,0.95,10,10000,0.938,0.497,4,3,0.105622,0,0.75
38,10000,1.21807,1,1.77828,0.000203117,0.0001,0.000398107,0.268354,0.25,0.3,0.836051,0.8,0.9,1.16005e-06,618158,79965.3,30907.9,0.01,0.95,10,10000,0.938,0.497,6,3,0.105622,0,0.5
39,10000,1.31336,1,1.77828,0.000209564,0.0001,0.000398107,0.262884,0.25,0.3,0.929732,0.9,1,1.16005e-06,412106,37696,20605.3,0.01,0.95,10,10000,0.938,0.497,4,4,0.0914717,0,1
40,10000,1.47648,1,1.77828,0.000263648,0.0001,0.000398107,0.279762,0.25,0.3,1.35806,1,1.5,5.80027e-06,123632,-nan,6181.58,0.01,0.95,10,10000,0.938,0.497,6,7,0.0691461,0,1.16667
41,10000,1.59868,1,1.77828,0.000307591,0.0001,0.000398107,0.302324,0.3,0.4,0.0552489,0,0.1,2.32011e-06,51513.2,9424,2575.66,0.01,0.95,10,10000,0.938,0.497,1,1,0.182943,0,1
42,10000,1.45427,1,1.77828,0.000274533,0.0001,0.000398107,0.324884,0.3,0.4,0.259552,0.2,0.3,2.32011e-06,154540,23084,7726.98,0.01,0.95,10,10000,0.938,0.497,3,2,0.129361,0,0.666667
43,10000,1.42148,1,1.77828,0.000225678,0.0001,0.000398107,0.334841,0.3,0.4,0.397903,0.3,0.4,2.32011e-06,51513.2,9424,2575.66,0.01,0.95,10,10000,0.938,0.497,1,1,0.182943,0,1
44,10000,1.41495,1,1.77828,0.000269892,0.0001,0.000398107,0.354763,0.3,0.4,0.454292,0.4,0.5,2.32011e-06,309079,32645.7,15454,0.01,0.95,10,10000,0.938,0.497,6,4,0.0914717,0,0.666667
45,10000,1.07407,1,1.77828,0.000137299,0.0001,0.000398107,0.341951,0.3,0.4,0.505307,0.5,0.6,2.32011e-06,103026,23084,5151.32,0.01,0.95,10,10000,0.938,0.497,2,1,0.182943,0,0.5
46,10000,1.42224,1,1.77828,0.000257021,0.0001,0.000398107,0.370285,0.3,0.4,0.667358,0.6,0.7,2.32011e-06,257566,21072.7,12878.3,0.01,0.95,10,10000,0.938,0.497,5,5,0.0818148,0,1
47,10000,1.43901,1,1.77828,0.000241066,0.0001,0.000398107,0.338498,0.3,0.4,0.756201,0.7,0.8,2.32011e-06,309079,27313.3,15454,0.01,0.95,10,10000,0.938,0.497,6,5,0.0818148,0,0.833333
48,10000,1.37281,1,1.77828,0.000227756,0.0001,0.000398107,0.344528,0.3,0.4,0.84297,0.8,0.9,2.32011e-06,309079,27313.3,15454,0.01,0.95,10,10000,0.938,0.497,6,5,0.0818148,0,0.833333
49,10000,1.43218,1,1.77828,0.000255794,0.0001,0.000398107,0.337544,0.3,0.4,0.960725,0.9,1,2.32011e-06,360592,28790.8,18029.6,0.01,0.95,10,10000,0.938,0.497,7,6,0.0746863,0,0.857143
50,10000,1.35024,1,1.77828,0.000220241,0.0001,0.000398107,0.340827,0.3,0.4,1.25088,1,1.5,1.16005e-05,123632,7097.92,6181.58,0.01,0.95,10,10000,0.938,0.497,12,11,0.0551595,0,0.916667
51,10000,1.19008,1,1.77828,0.000162123,0.0001,0.000398107,0.464002,0.4,0.5,0.406377,0.4,0.5,2.32011e-06,103026,23084,5151.32,0.01,0.95,10,10000,0.938,0.497,2,1,0.182943,0,0.5
52,10000,1.25712,1,1.77828,0.000254464,0.0001,0.000398107,0.437144,0.4,0.5,0.534996,0.5,0.6,2.32011e-06,51513.2,9424,2575.66,0.01,0.95,10,10000,0.938,0.497,1,1,0.182943,0,1
53,10000,1.40601,1,1.77828,0.000257338,0.0001,0.000398107,0.424181,0.4,0.5,0.843297,0.8,0.9,2.32011e-06,103026,13327.5,5151.32,0.01,0.95,10,10000,0.938,0.497,2,2,0.129361,0,1
54,10000,1.69741,1,1.77828,0.000329281,0.0001,0.000398107,0.447754,0.4,0.5,1.21921,1,1.5,1.16005e-05,20605.3,4616.8,1030.26,0.01,0.95,10,10000,0.938,0.497,2,1,0.182943,0,0.5
55,10000,1.7329,1,1.77828,0.000374556,0.0001,0.000398107,0.52415,0.5,0.6,0.946967,0.9,1,2.32011e-06,0,0,0,0.01,0.95,10,10000,0.938,0.497,0,1,0.182943,0,0
56,10000,1.22818,1,1.77828,0.000178578,0.0001,0.000398107,0.585749,0.5,0.6,1.13236,1,1.5,1.16005e-05,41210.6,9973.42,2060.53,0.01,0.95,10,10000,0.938,0.497,4,1,0.182943,0,0.25
57,10000,1.20863,1,1.77828,0.0001872,0.0001,0.000398107,0.839971,0.8,0.9,0.957369,0.9,1,2.32011e-06,0,0,0,0.01,0.95,10,10000,0.938,0.497,0,1,0.182943,0,0
58,10000,1.77092,1,1.77828,0.000413055,0.000398107,0.000630957,0.118611,0.1,0.15,0.459434,0.4,0.5,9.06113e-07,131900,24130.2,6594.99,0.01,0.95,10,10000,0.938,0.497,1,1,0.182943,0,1
59,10000,1.67088,1,1.77828,0.00042968,0.000398107,0.000630957,0.45465,0.4,0.5,1.30162,1,1.5,9.06113e-06,13190,2413.02,659.499,0.01,0.95,10,10000,0.938,0.497,1,1,0.182943,0,1
60,10000,1.62585,1,1.77828,0.000430292,0.000398107,0.000630957,0.525333,0.5,0.6,0.0425425,0,0.1,1.81223e-06,65949.9,12065.1,3297.5,0.01,0.95,10,10000,0.938,0.497,1,1,0.182943,0,1
61,10000,1.68979,1,1.77828,0.00045171,0.000398107,0.000630957,0.536091,0.5,0.6,1.12969,1,1.5,9.06113e-06,13190,2413.02,659.499,0.01,0.95,10,10000,0.938,0.497,1,1,0.182943,0,1
62,10000,1.8074,1.77828,2.37137,0.000380035,0.0001,0.000398107,0.0818712,0.05,0.1,0.425423,0.4,0.5,8.84026e-07,405586,95790.8,20279.3,0.01,0.95,10,10000,0.938,0.497,3,1,0.182943,0,0.333333
63,10000,1.85112,1.77828,2.37137,0.000381648,0.0001,0.000398107,0.0578543,0.05,0.1,0.617283,0.6,0.7,8.84026e-07,270391,60583.4,13519.5,0.01,0.95,10,10000,0.938,0.497,2,1,0.182943,0,0.5
64,10000,1.88858,1.77828,2.37137,0.000398096,0.0001,0.000398107,0.0802489,0.05,0.1,0.765808,0.7,0.8,8.84026e-07,135195,24733.1,6759.76,0.01,0.95,10,10000,0.938,0.497,1,1,0.182943,0,1
65,10000,1.78194,1.77828,2.37137,0.000352767,0.0001,0.000398107,0.0639822,0.05,0.1,0.921145,0.9,1,8.84026e-07,270391,60583.4,13519.5,0.01,0.95,10,10000,0.938,0.497,2,1,0.182943,0,0.5
66,10000,1.86546,1.77828,2.37137,0.000394642,0.0001,0.000398107,0.0770337,0.05,0.1,1.17093,1,1.5,4.42013e-06,54078.1,-nan,2703.91,0.01,0.95,10,10000,0.938,0.497,2,3,0.105622,0,1.5
67,10000,1.80468,1.77828,2.37137,0.00037544,0.0001,0.000398107,0.102709,0.1,0.15,0.387002,0.3,0.4,8.84026e-07,270391,60583.4,13519.5,0.01,0.95,10,10000,0.938,0.497,2,1,0.182943,0,0.5
68,10000,1.79868,1.77828,2.37137,0.000364439,0.0001,0.000398107,0.131016,0.1,0.15,0.677093,0.6,0.7,8.84026e-07,135195,24733.1,6759.76,0.01,0.95,10,10000,0.938,0.497,1,1,0.182943,0,1
69,10000,1.8073,1.77828,2.37137,0.000366777,0.0001,0.000398107,0.141766,0.1,0.15,0.941802,0.9,1,8.84026e-07,135195,24733.1,6759.76,0.01,0.95,10,10000,0.938,0.497,1,1,0.182943,0,1
70,10000,1.81655,1.77828,2.37137,0.000377379,0.0001,0.000398107,0.132619,0.1,0.15,1.34098,1,1.5,4.42013e-06,81117.2,12116.7,4055.86,0.01,0.95,10,10000,0.938,0.497,3,2,0.129361,0,0.666667
71,10000,1.88437,1.77828,2.37137,0.000396609,0.0001,0.000398107,0.187112,0.15,0.2,0.662479,0.6,0.7,8.84026e-07,135195,24733.1,6759.76,0.01,0.95,10,10000,0.938,0.497,1,1,0.182943,0,1
72,10000,1.81876,1.77828,2.37137,0.000374783,0.0001,0.000398107,0.155627,0.15,0.2,1.00849,1,1.5,4.42013e-06,27039.1,4946.62,1351.95,0.01,0.95,10,10000,0.938,0.497,1,1,0.182943,0,1
73,10000,1.85114,1.77828,2.37137,0.000389384,0.0001,0.000398107,0.239582,0.2,0.25,0.141183,0.1,0.2,8.84026e-07,135195,-nan,6759.76,0.01,0.95,10,10000,0.938,0.497,1,2,0.129361,0,2
74,10000,1.88652,1.77828,2.37137,0.000395078,0.0001,0.000398107,0.239487,0.2,0.25,0.884525,0.8,0.9,8.84026e-07,135195,24733.1,6759.76,0.01,0.95,10,10000,0.938,0.497,1,1,0.182943,0,1
75,10000,1.8087,1.77828,2.37137,0.000377339,0.0001,0.000398107,0.231646,0.2,0.25,1.25316,1,1.5,4.42013e-06,27039.1,4946.62,1351.95,0.01,0.95,10,10000,0.938,0.497,1,1,0.182943,0,1
76,10000,1.85516,1.77828,2.37137,0.000388469,0.0001,0.000398107,0.278514,0.25,0.3,0.835018,0.8,0.9,8.84026e-07,135195,24733.1,6759.76,0.01,0.95,10,10000,0.938,0.497,1,1,0.182943,0,1
77,10000,1.82554,1.77828,2.37137,0.000387099,0.0001,0.000398107,0.333991,0.3,0.4,0.430041,0.4,0.5,1.76805e-06,0,0,0,0.01,0.95,10,10000,0.938,0.497,0,1,0.182943,0,0
78,10000,1.86247,1.77828,2.37137,0.000382097,0.0001,0.000398107,0.320986,0.3,0.4,1.24108,1,1.5,8.84026e-06,13519.5,2473.31,675.976,0.01,0.95,10,10000,0.938,0.497,1,1,0.182943,0,1
79,10000,1.77833,1.77828,2.37137,0.000350206,0.0001,0.000398107,0.403737,0.4,0.5,0.236603,0.2,0.3,1.76805e-06,67597.6,12366.5,3379.88,0.01,0.95,10,10000,0.938,0.497,1,1,0.182943,0,1
80,10000,1.86868,1.77828,2.37137,0.000392604,0.0001,0.000398107,0.442913,0.4,0.5,0.593288,0.5,0.6,1.76805e-06,67597.6,12366.5,3379.88,0.01,0.95,10,10000,0.938,0.497,1,1,0.182943,0,1
81,10000,1.83472,1.77828,2.37137,0.000371989,0.0001,0.000398107,0.427816,0.4,0.5,0.692121,0.6,0.7,1.76805e-06,67597.6,12366.5,3379.88,0.01,0.95,10,10000,0.938,0.497,1,1,0.182943,0,1
82,10000,2.17698,1.77828,2.37137,0.000553903,0.000398107,0.000630957,0.0802563,0.05,0.1,0.211487,0.2,0.3,6.90508e-07,1.55776e+06,391670,77887.9,0.01,0.95,10,10000,0.938,0.497,9,1,0.182943,0,0.111111
83,10000,1.98252,1.77828,2.37137,0.000445828,0.000398107,0.000630957,0.0856605,0.05,0.1,0.358809,0.3,0.4,6.90508e-07,2.42318e+06,427179,121159,0.01,0.95,10,10000,0.938,0.497,14,2,0.129361,0,0.142857
84,10000,2.08464,1.77828,2.37137,0.000486606,0.000398107,0.000630957,0.0874502,0.05,0.1,0.46641,0.4,0.5,6.90508e-07,2.2501e+06,267749,112505,0.01,0.95,10,10000,0.938,0.497,13,4,0.0914717,0,0.307692
85,10000,2.05612,1.77828,2.37137,0.000488555,0.000398107,0.000630957,0.0767428,0.05,0.1,0.554232,0.5,0.6,6.90508e-07,1.90393e+06,153733,95196.3,0.01,0.95,10,10000,0.938,0.497,11,7,0.0691461,0,0.636364
86,10000,2.02701,1.77828,2.37137,0.000488093,0.000398107,0.000630957,0.0841515,0.05,0.1,0.641183,0.6,0.7,6.90508e-07,2.07701e+06,155124,103851,0.01,0.95,10,10000,0.938,0.497,12,8,0.0646803,0,0.666667
87,10000,2.09044,1.77828,2.37137,0.000517497,0.000398107,0.000630957,0.0705243,0.05,0.1,0.745609,0.7,0.8,6.90508e-07,1.38467e+06,132841,69233.7,0.01,0.95,10,10000,0.938,0.497,8,5,0.0818148,0,0.625
88,10000,2.09969,1.77828,2.37137,0.000523746,0.000398107,0.000630957,0.0783913,0.05,0.1,0.837544,0.8,0.9,6.90508e-07,1.21159e+06,83776.7,60579.5,0.01,0.95,10,10000,0.938,0.497,7,7,0.0691461,0,1
89,10000,2.14826,1.77828,2.37137,0.000531548,0.000398107,0.000630957,0.0502232,0.05,0.1,0.938781,0.9,1,6.90508e-07,346168,77562.2,17308.4,0.01,0.95,10,10000,0.938,0.497,2,1,0.182943,0,0.5
90,10000,2.05384,1.77828,2.37137,0.000491019,0.000398107,0.000630957,0.0822816,0.05,0.1,1.15503,1,1.5,3.45254e-06,276935,26568.1,13846.7,0.01,0.95,10,10000,0.938,0.497,8,5,0.0818148,0,0.625
91,10000,1.92044,1.77828,2.37137,0.00055403,0.000398107,0.000630957,0.13943,0.1,0.15,0.251699,0.2,0.3,6.90508e-07,865421,212413,43271.1,0.01,0.95,10,10000,0.938,0.497,5,1,0.182943,0,0.2
92,10000,1.98975,1.77828,2.37137,0.00049894,0.000398107,0.000630957,0.115457,0.1,0.15,0.375851,0.3,0.4,6.90508e-07,1.03851e+06,173434,51925.3,0.01,0.95,10,10000,0.938,0.497,6,2,0.129361,0,0.333333
93,10000,2.15006,1.77828,2.37137,0.000525129,0.000398107,0.000630957,0.114429,0.1,0.15,0.470047,0.4,0.5,6.90508e-07,1.03851e+06,91772.8,51925.3,0.01,0.95,10,10000,0.938,0.497,6,5,0.0818148,0,0.833333
94,10000,2.11551,1.77828,2.37137,0.000535626,0.000398107,0.000630957,0.11955,0.1,0.15,0.536392,0.5,0.6,6.90508e-07,1.21159e+06,96737,60579.5,0.01,0.95,10,10000,0.938,0.497,7,6,0.0746863,0,0.857143
95,10000,2.0356,1.77828,2.37137,0.000503554,0.000398107,0.000630957,0.13014,0.1,0.15,0.654077,0.6,0.7,6.90508e-07,1.73084e+06,110700,86542.1,0.01,0.95,10,10000,0.938,0.497,10,9,0.0609811,0,0.9
96,10000,1.99776,1.77828,2.37137,0.000466392,0.000398107,0.000630957,0.130165,0.1,0.15,0.763448,0.7,0.8,6.90508e-07,692337,63329.2,34616.8,0.01,0.95,10,10000,0.938,0.497,4,4,0.0914717,0,1
97,10000,1.95371,1.77828,2.37137,0.000440375,0.000398107,0.000630957,0.115074,0.1,0.15,0.85958,0.8,0.9,6.90508e-07,692337,81757.7,34616.8,0.01,0.95,10,10000,0.938,0.497,4,3,0.105622,0,0.75
98,10000,2.25701,1.77828,2.37137,0.000572055,0.000398107,0.000630957,0.11095,0.1,0.15,0.943952,0.9,1,6.90508e-07,692337,81757.7,34616.8,0.01,0.95,10,10000,0.938,0.497,4,3,0.105622,0,0.75
99,10000,2.06523,1.77828,2.37137,0.000492928,0.000398107,0.000630957,0.122595,0.1,0.15,1.20601,1,1.5,3.45254e-06,380785,23008.7,19039.3,0.01,0.95,10,10000,0.938,0.497,11,10,0.0578518,0,0.909091
100,10000,1.92493,1.77828,2.37137,0.000439875,0.000398107,0.000630957,0.17582,0.15,0.2,0.543076,0.5,0.6,6.90508e-07,1.03851e+06,109689,51925.3,0.01,0.95,10,10000,0.938,0.497,6,4,0.0914717,0,0.666667
101,10000,2.32459,1.77828,2.37137,0.000616653,0.000398107,0.000630957,0.199944,0.15,0.2,0.652429,0.6,0.7,6.90508e-07,519253,122637,25962.6,0.01,0.95,10,10000,0.938,0.497,3,1,0.182943,0,0.333333
102,10000,2.10315,1.77828,2.37137,0.000526248,0.000398107,0.000630957,0.180098,0.15,0.2,0.75027,0.7,0.8,6.90508e-07,346168,44780.5,17308.4,0.01,0.95,10,10000,0.938,0.497,2,2,0.129361,0,1
103,10000,1.93379,1.77828,2.37137,0.00048539,0.000398107,0.000630957,0.183255,0.15,0.2,0.804246,0.8,0.9,6.90508e-07,346168,77562.2,17308.4,0.01,0.95,10,10000,0.938,0.497,2,1,0.182943,0,0.5
104,10000,2.09425,1.77828,2.37137,0.000525533,0.000398107,0.000630957,0.177427,0.15,0.2,0.928366,0.9,1,6.90508e-07,865421,108155,43271.1,0.01,0.95,10,10000,0.938,0.497,5,3,0.105622,0,0.6
105,10000,2.10018,1.77828,2.37137,0.000533703,0.000398107,0.000630957,0.167524,0.15,0.2,1.19819,1,1.5,3.45254e-06,415402,21937.9,20770.1,0.01,0.95,10,10000,0.938,0.497,12,12,0.0528112,0,1
106,10000,2.34936,1.77828,2.37137,0.000629932,0.000398107,0.000630957,0.234324,0.2,0.25,0.298378,0.2,0.3,6.90508e-07,0,0,0,0.01,0.95,10,10000,0.938,0.497,0,1,0.182943,0,0
107,10000,2.06487,1.77828,2.37137,0.000479939,0.000398107,0.000630957,0.226493,0.2,0.25,0.366236,0.3,0.4,6.90508e-07,692337,167553,34616.8,0.01,0.95,10,10000,0.938,0.497,4,1,0.182943,0,0.25
108,10000,1.95794,1.77828,2.37137,0.000497935,0.000398107,0.000630957,0.218106,0.2,0.25,0.43553,0.4,0.5,6.90508e-07,519253,54844.7,25962.6,0.01,0.95,10,10000,0.938,0.497,3,3,0.105622,0,1
109,10000,1.86117,1.77828,2.37137,0.000490532,0.000398107,0.000630957,0.24135,0.2,0.25,0.51967,0.5,0.6,6.90508e-07,519253,122637,25962.6,0.01,0.95,10,10000,0.938,0.497,3,1,0.182943,0,0.333333
110,10000,2.20407,1.77828,2.37137,0.00055947,0.000398107,0.000630957,0.234686,0.2,0.25,0.843579,0.8,0.9,6.90508e-07,1.03851e+06,134342,51925.3,0.01,0.95,10,10000,0.938,0.497,6,3,0.105622,0,0.5
111,10000,2.03968,1.77828,2.37137,0.00050437,0.000398107,0.000630957,0.222453,0.2,0.25,0.94908,0.9,1,6.90508e-07,519253,-nan,25962.6,0.01,0.95,10,10000,0.938,0.497,3,4,0.0914717,0,1.33333
112,10000,2.08024,1.77828,2.37137,0.00052732,0.000398107,0.000630957,0.222268,0.2,0.25,1.26373,1,1.5,3.45254e-06,346168,24527.3,17308.4,0.01,0.95,10,10000,0.938,0.497,10,8,0.0646803,0,0.8
113,10000,2.30131,1.77828,2.37137,0.000600133,0.000398107,0.000630957,0.276259,0.25,0.3,0.329969,0.3,0.4,6.90508e-07,0,0,0,0.01,0.95,10,10000,0.938,0.497,0,1,0.182943,0,0
114,10000,2.09855,1.77828,2.37137,0.000504346,0.000398107,0.000630957,0.279394,0.25,0.3,0.759539,0.7,0.8,6.90508e-07,519253,77562.2,25962.6,0.01,0.95,10,10000,0.938,0.497,3,2,0.129361,0,0.666667
115,10000,2.14847,1.77828,2.37137,0.000569228,0.000398107,0.000630957,0.299272,0.25,0.3,0.923969,0.9,1,6.90508e-07,173084,31664.6,8654.21,0.01,0.95,10,10000,0.938,0.497,1,1,0.182943,0,1
116,10000,2.04626,1.77828,2.37137,0.000511861,0.000398107,0.000630957,0.275895,0.25,0.3,1.27436,1,1.5,3.45254e-06,242318,16755.3,12115.9,0.01,0.95,10,10000,0.938,0.497,7,7,0.0691461,0,1
117,10000,2.10672,1.77828,2.37137,0.000607653,0.000398107,0.000630957,0.300633,0.3,0.4,0.555085,0.5,0.6,1.38102e-06,86542.1,15832.3,4327.11,0.01,0.95,10,10000,0.938,0.497,1,1,0.182943,0,1
118,10000,2.13793,1.77828,2.37137,0.000581833,0.000398107,0.000630957,0.319052,0.3,0.4,0.862391,0.8,0.9,1.38102e-06,259626,38781.1,12981.3,0.01,0.95,10,10000,0.938,0.497,3,2,0.129361,0,0.666667
119,10000,1.88965,1.77828,2.37137,0.000454092,0.000398107,0.000630957,0.340934,0.3,0.4,0.930833,0.9,1,1.38102e-06,173084,22390.3,8654.21,0.01,0.95,10,10000,0.938,0.497,2,2,0.129361,0,1
120,10000,1.98401,1.77828,2.37137,0.000491354,0.000398107,0.000630957,0.315774,0.3,0.4,1.09246,1,1.5,6.90508e-06,103851,9177.28,5192.53,0.01,0.95,10,10000,0.938,0.497,6,5,0.0818148,0,0.833333
121,10000,2.11533,1.77828,2.37137,0.000567872,0.000398107,0.000630957,0.459226,0.4,0.5,0.434085,0.4,0.5,1.38102e-06,86542.1,-nan,4327.11,0.01,0.95,10,10000,0.938,0.497,1,2,0.129361,0,2
122,10000,2.0435,1.77828,2.37137,0.00050603,0.000398107,0.000630957,0.460084,0.4,0.5,0.647029,0.6,0.7,1.38102e-06,86542.1,15832.3,4327.11,0.01,0.95,10,10000,0.938,0.497,1,1,0.182943,0,1
123,10000,2.07391,1.77828,2.37137,0.000546788,0.000398107,0.000630957,0.451307,0.4,0.5,1.15834,1,1.5,6.90508e-06,69233.7,6332.92,3461.68,0.01,0.95,10,10000,0.938,0.497,4,4,0.0914717,0,1
124,10000,2.3285,1.77828,2.37137,0.000651293,0.000630957,0.001,0.099117,0.05,0.1,0.509023,0.5,0.6,1.09438e-06,218417,48938.3,10920.9,0.01,0.95,10,10000,0.938,0.497,2,1,0.182943,0,0.5
125,10000,2.31067,1.77828,2.37137,0.00065817,0.000630957,0.001,0.0737021,0.05,0.1,0.747412,0.7,0.8,1.09438e-06,218417,28254.6,10920.9,0.01,0.95,10,10000,0.938,0.497,2,2,0.129361,0,1
126,10000,2.2168,1.77828,2.37137,0.000669834,0.000630957,0.001,0.0714056,0.05,0.1,1.23699,1,1.5,5.47192e-06,43683.4,5650.91,2184.17,0.01,0.95,10,10000,0.938,0.497,2,2,0.129361,0,1
127,10000,2.29179,1.77828,2.37137,0.000756175,0.000630957,0.001,0.119525,0.1,0.15,0.528989,0.5,0.6,1.09438e-06,327626,48938.3,16381.3,0.01,0.95,10,10000,0.938,0.497,3,2,0.129361,0,0.666667
128,10000,2.28569,1.77828,2.37137,0.000721637,0.000630957,0.001,0.130626,0.1,0.15,0.645194,0.6,0.7,1.09438e-06,327626,34604.6,16381.3,0.01,0.95,10,10000,0.938,0.497,3,3,0.105622,0,1
129,10000,2.2581,1.77828,2.37137,0.000666134,0.000630957,0.001,0.106827,0.1,0.15,0.969039,0.9,1,1.09438e-06,109209,19979,5460.43,0.01,0.95,10,10000,0.938,0.497,1,1,0.182943,0,1
130,10000,2.36592,1.77828,2.37137,0.000645248,0.000630957,0.001,0.180423,0.15,0.2,0.542112,0.5,0.6,1.09438e-06,218417,48938.3,10920.9,0.01,0.95,10,10000,0.938,0.497,2,1,0.182943,0,0.5
131,10000,2.10418,1.77828,2.37137,0.000682193,0.000630957,0.001,0.173322,0.15,0.2,0.656101,0.6,0.7,1.09438e-06,109209,19979,5460.43,0.01,0.95,10,10000,0.938,0.497,1,1,0.182943,0,1
132,10000,2.24942,1.77828,2.37137,0.000654553,0.000630957,0.001,0.18727,0.15,0.2,0.76235,0.7,0.8,1.09438e-06,109209,19979,5460.43,0.01,0.95,10,10000,0.938,0.497,1,1,0.182943,0,1
133,10000,2.35152,1.77828,2.37137,0.000723692,0.000630957,0.001,0.170839,0.15,0.2,0.83038,0.8,0.9,1.09438e-06,109209,19979,5460.43,0.01,0.95,10,10000,0.938,0.497,1,1,0.182943,0,1
134,10000,2.32378,1.77828,2.37137,0.000653212,0.000630957,0.001,0.186809,0.15,0.2,1.17815,1,1.5,5.47192e-06,43683.4,5650.91,2184.17,0.01,0.95,10,10000,0.938,0.497,2,2,0.129361,0,1
135,10000,2.33681,1.77828,2.37137,0.000656697,0.000630957,0.001,0.206794,0.2,0.25,0.53318,0.5,0.6,1.09438e-06,218417,48938.3,10920.9,0.01,0.95,10,10000,0.938,0.497,2,1,0.182943,0,0.5
136,10000,2.27268,1.77828,2.37137,0.000709261,0.000630957,0.001,0.230024,0.2,0.25,1.27818,1,1.5,5.47192e-06,131050,9787.67,6552.52,0.01,0.95,10,10000,0.938,0.497,6,6,0.0746863,0,1
137,10000,2.29095,1.77828,2.37137,0.000650134,0.000630957,0.001,0.291888,0.25,0.3,0.747811,0.7,0.8,1.09438e-06,109209,19979,5460.43,0.01,0.95,10,10000,0.938,0.497,1,1,0.182943,0,1
138,10000,2.25786,1.77828,2.37137,0.000680024,0.000630957,0.001,0.359011,0.3,0.4,1.33909,1,1.5,1.09438e-05,21841.7,2825.46,1092.09,0.01,0.95,10,10000,0.938,0.497,2,2,0.129361,0,1
139,10000,2.36315,1.77828,2.37137,0.000787202,0.000630957,0.001,0.410262,0.4,0.5,1.20959,1,1.5,1.09438e-05,10920.9,1997.9,546.043,0.01,0.95,10,10000,0.938,0.497,1,1,0.182943,0,1
140,10000,2.38269,2.37137,3.16228,0.000621566,0.000398107,0.000630957,0.0691651,0.05,0.1,0.908413,0.9,1,9.20811e-07,129794,23745,6489.72,0.01,0.95,10,10000,0.938,0.497,1,1,0.182943,0,1
141,10000,2.37857,2.37137,3.16228,0.000627374,0.000398107,0.000630957,0.167899,0.15,0.2,0.796211,0.7,0.8,9.20811e-07,259589,33580.6,12979.4,0.01,0.95,10,10000,0.938,0.497,2,2,0.129361,0,1
142,10000,2.37572,2.37137,3.16228,0.000626086,0.000398107,0.000630957,0.212313,0.2,0.25,0.911158,0.9,1,9.20811e-07,129794,23745,6489.72,0.01,0.95,10,10000,0.938,0.497,1,1,0.182943,0,1
143,10000,2.49894,2.37137,3.16228,0.00081106,0.000630957,0.001,0.0921607,0.05,0.1,0.335049,0.3,0.4,1.45939e-06,818946,206514,40947.3,0.01,0.95,10,10000,0.938,0.497,10,1,0.182943,0,0.1
144,10000,2.84102,2.37137,3.16228,0.000894099,0.000630957,0.001,0.0780968,0.05,0.1,0.466567,0.4,0.5,1.45939e-06,982736,116051,49136.8,0.01,0.95,10,10000,0.938,0.497,12,4,0.0914717,0,0.333333
145,10000,2.6889,2.37137,3.16228,0.000833873,0.000630957,0.001,0.0830235,0.05,0.1,0.552887,0.5,0.6,1.45939e-06,655157,48049.6,32757.9,0.01,0.95,10,10000,0.938,0.497,8,7,0.0691461,0,0.875
146,10000,2.64774,2.37137,3.16228,0.000795285,0.000630957,0.001,0.0838728,0.05,0.1,0.648708,0.6,0.7,1.45939e-06,655157,62853.4,32757.9,0.01,0.95,10,10000,0.938,0.497,8,5,0.0818148,0,0.625
147,10000,2.57772,2.37137,3.16228,0.000756933,0.000630957,0.001,0.0561786,0.05,0.1,0.728756,0.7,0.8,1.45939e-06,409473,51173.6,20473.7,0.01,0.95,10,10000,0.938,0.497,5,3,0.105622,0,0.6
148,10000,2.84375,2.37137,3.16228,0.000926446,0.000630957,0.001,0.0792642,0.05,0.1,0.847074,0.8,0.9,1.45939e-06,327579,38683.6,16378.9,0.01,0.95,10,10000,0.938,0.497,4,3,0.105622,0,0.75
149,10000,2.69366,2.37137,3.16228,0.000917111,0.000630957,0.001,0.0733933,0.05,0.1,0.945719,0.9,1,1.45939e-06,491368,36698.5,24568.4,0.01,0.95,10,10000,0.938,0.497,6,6,0.0746863,0,1
150,10000,2.69576,2.37137,3.16228,0.000813997,0.000630957,0.001,0.0826219,0.05,0.1,1.25062,1,1.5,7.29695e-06,212926,13665.8,10646.3,0.01,0.95,10,10000,0.938,0.497,13,10,0.0578518,0,0.769231
151,10000,2.70794,2.37137,3.16228,0.000880458,0.000630957,0.001,0.130871,0.1,0.15,0.364518,0.3,0.4,1.45939e-06,573262,75902.6,28663.1,0.01,0.95,10,10000,0.938,0.497,7,3,0.105622,0,0.428571
152,10000,2.70061,2.37137,3.16228,0.000848268,0.000630957,0.001,0.109103,0.1,0.15,0.413986,0.4,0.5,1.45939e-06,409473,100503,20473.7,0.01,0.95,10,10000,0.938,0.497,5,1,0.182943,0,0.2
153,10000,2.62007,2.37137,3.16228,0.000786037,0.000630957,0.001,0.113077,0.1,0.15,0.552155,0.5,0.6,1.45939e-06,573262,53181.1,28663.1,0.01,0.95,10,10000,0.938,0.497,7,5,0.0818148,0,0.714286
154,10000,2.61064,2.37137,3.16228,0.000817484,0.000630957,0.001,0.114759,0.1,0.15,0.654626,0.6,0.7,1.45939e-06,655157,42375.7,32757.9,0.01,0.95,10,10000,0.938,0.497,8,8,0.0646803,0,1
155,10000,2.73714,2.37137,3.16228,0.000862858,0.000630957,0.001,0.120575,0.1,0.15,0.751129,0.7,0.8,1.45939e-06,655157,48049.6,32757.9,0.01,0.95,10,10000,0.938,0.497,8,7,0.0691461,0,0.875
156,10000,2.68415,2.37137,3.16228,0.000866147,0.000630957,0.001,0.123586,0.1,0.15,0.850011,0.8,0.9,1.45939e-06,737052,56343.1,36852.6,0.01,0.95,10,10000,0.938,0.497,9,7,0.0691461,0,0.777778
157,10000,2.65307,2.37137,3.16228,0.000823208,0.000630957,0.001,0.129758,0.1,0.15,0.945086,0.9,1,1.45939e-06,491368,-nan,24568.4,0.01,0.95,10,10000,0.938,0.497,6,7,0.0691461,0,1.16667
158,10000,2.68757,2.37137,3.16228,0.000815008,0.000630957,0.001,0.123552,0.1,0.15,1.28067,1,1.5,7.29695e-06,327579,14088,16378.9,0.01,0.95,10,10000,0.938,0.497,20,19,0.0419701,0,0.95
159,10000,2.39001,2.37137,3.16228,0.000764975,0.000630957,0.001,0.165391,0.15,0.2,0.300854,0.3,0.4,1.45939e-06,0,0,0,0.01,0.95,10,10000,0.938,0.497,0,1,0.182943,0,0
160,10000,2.82592,2.37137,3.16228,0.000884982,0.000630957,0.001,0.161904,0.15,0.2,0.731877,0.7,0.8,1.45939e-06,81894.6,14982.1,4094.73,0.01,0.95,10,10000,0.938,0.497,1,1,0.182943,0,1
161,10000,2.63127,2.37137,3.16228,0.000808497,0.000630957,0.001,0.171054,0.15,0.2,0.860012,0.8,0.9,1.45939e-06,573262,45771,28663.1,0.01,0.95,10,10000,0.938,0.497,7,6,0.0746863,0,0.857143
162,10000,2.52968,2.37137,3.16228,0.000887637,0.000630957,0.001,0.199374,0.15,0.2,0.990353,0.9,1,1.45939e-06,81894.6,14982.1,4094.73,0.01,0.95,10,10000,0.938,0.497,1,1,0.182943,0,1
163,10000,2.58674,2.37137,3.16228,0.000818782,0.000630957,0.001,0.169521,0.15,0.2,1.24535,1,1.5,7.29695e-06,114652,10636.2,5732.62,0.01,0.95,10,10000,0.938,0.497,7,5,0.0818148,0,0.714286
164,10000,2.63996,2.37137,3.16228,0.00076335,0.000630957,0.001,0.225395,0.2,0.25,0.641667,0.6,0.7,1.45939e-06,81894.6,14982.1,4094.73,0.01,0.95,10,10000,0.938,0.497,1,1,0.182943,0,1
165,10000,2.4798,2.37137,3.16228,0.000676032,0.000630957,0.001,0.236935,0.2,0.25,0.793448,0.7,0.8,1.45939e-06,245684,58025.4,12284.2,0.01,0.95,10,10000,0.938,0.497,3,1,0.182943,0,0.333333
166,10000,2.84801,2.37137,3.16228,0.000936387,0.000630957,0.001,0.221235,0.2,0.25,1.32599,1,1.5,7.29695e-06,32757.9,4237.57,1637.89,0.01,0.95,10,10000,0.938,0.497,2,2,0.129361,0,1
167,10000,2.6945,2.37137,3.16228,0.000863582,0.000630957,0.001,0.254006,0.25,0.3,0.145603,0.1,0.2,1.45939e-06,0,0,0,0.01,0.95,10,10000,0.938,0.497,0,1,0.182943,0,0
168,10000,2.51015,2.37137,3.16228,0.000712282,0.000630957,0.001,0.28373,0.25,0.3,0.415221,0.4,0.5,1.45939e-06,163789,36698.5,8189.46,0.01,0.95,10,10000,0.938,0.497,2,1,0.182943,0,0.5
169,10000,2.56291,2.37137,3.16228,0.000854238,0.000630957,0.001,0.251042,0.25,0.3,0.696927,0.6,0.7,1.45939e-06,81894.6,14982.1,4094.73,0.01,0.95,10,10000,0.938,0.497,1,1,0.182943,0,1
170,10000,2.47638,2.37137,3.16228,0.000702515,0.000630957,0.001,0.270059,0.25,0.3,0.843758,0.8,0.9,1.45939e-06,81894.6,14982.1,4094.73,0.01,0.95,10,10000,0.938,0.497,1,1,0.182943,0,1
171,10000,2.59837,2.37137,3.16228,0.00081746,0.000630957,0.001,0.261098,0.25,0.3,1.26085,1,1.5,7.29695e-06,49136.8,5189.95,2456.84,0.01,0.95,10,10000,0.938,0.497,3,3,0.105622,0,1
172,10000,2.76276,2.37137,3.16228,0.000837693,0.000630957,0.001,0.353283,0.3,0.4,0.885402,0.8,0.9,2.91878e-06,81894.6,10593.9,4094.73,0.01,0.95,10,10000,0.938,0.497,2,2,0.129361,0,1
173,10000,2.48996,2.37137,3.16228,0.00071935,0.000630957,0.001,0.315908,0.3,0.4,1.16093,1,1.5,1.45939e-05,49136.8,5189.95,2456.84,0.01,0.95,10,10000,0.938,0.497,6,4,0.0914717,0,0.666667
174,10000,2.57098,2.37137,3.16228,0.000802193,0.000630957,0.001,0.501423,0.5,0.6,1.41682,1,1.5,1.45939e-05,8189.46,1498.21,409.473,0.01,0.95,10,10000,0.938,0.497,1,1,0.182943,0,1
175,10000,2.9579,2.37137,3.16228,0.00123463,0.001,0.00158489,0.0700672,0.05,0.1,0.551847,0.5,0.6,2.31296e-06,516723,51776.8,25836.2,0.01,0.95,10,10000,0.938,0.497,10,5,0.0818148,0,0.5
176,10000,2.98437,2.37137,3.16228,0.00102156,0.001,0.00158489,0.0844611,0.05,0.1,0.628679,0.6,0.7,2.31296e-06,258362,32288.5,12918.1,0.01,0.95,10,10000,0.938,0.497,5,3,0.105622,0,0.6
177,10000,3.04642,2.37137,3.16228,0.00110417,0.001,0.00158489,0.0662341,0.05,0.1,0.750461,0.7,0.8,2.31296e-06,516723,45662.9,25836.2,0.01,0.95,10,10000,0.938,0.497,10,6,0.0746863,0,0.6
178,10000,3.10216,2.37137,3.16228,0.00104858,0.001,0.00158489,0.0827071,0.05,0.1,0.80234,0.8,0.9,2.31296e-06,51672.3,9453.11,2583.62,0.01,0.95,10,10000,0.938,0.497,1,1,0.182943,0,1
179,10000,2.95042,2.37137,3.16228,0.00107603,0.001,0.00158489,0.0698786,0.05,0.1,0.938785,0.9,1,2.31296e-06,103345,13368.7,5167.23,0.01,0.95,10,10000,0.938,0.497,2,2,0.129361,0,1
180,10000,3.0612,2.37137,3.16228,0.00109148,0.001,0.00158489,0.0695447,0.05,0.1,1.15402,1,1.5,1.15648e-05,51672.3,4227.56,2583.62,0.01,0.95,10,10000,0.938,0.497,5,5,0.0818148,0,1
181,10000,3.03504,2.37137,3.16228,0.00131521,0.001,0.00158489,0.143896,0.1,0.15,0.439532,0.4,0.5,2.31296e-06,103345,23155.3,5167.23,0.01,0.95,10,10000,0.938,0.497,2,1,0.182943,0,0.5
182,10000,2.96938,2.37137,3.16228,0.00130537,0.001,0.00158489,0.120359,0.1,0.15,0.556938,0.5,0.6,2.31296e-06,155017,23155.3,7750.85,0.01,0.95,10,10000,0.938,0.497,3,2,0.129361,0,0.666667
183,10000,3.04663,2.37137,3.16228,0.00104262,0.001,0.00158489,0.106902,0.1,0.15,0.659206,0.6,0.7,2.31296e-06,155017,23155.3,7750.85,0.01,0.95,10,10000,0.938,0.497,3,2,0.129361,0,0.666667
184,10000,2.97863,2.37137,3.16228,0.00106629,0.001,0.00158489,0.137713,0.1,0.15,0.706675,0.7,0.8,2.31296e-06,103345,23155.3,5167.23,0.01,0.95,10,10000,0.938,0.497,2,1,0.182943,0,0.5
185,10000,2.95823,2.37137,3.16228,0.00107125,0.001,0.00158489,0.144867,0.1,0.15,0.891288,0.8,0.9,2.31296e-06,51672.3,-nan,2583.62,0.01,0.95,10,10000,0.938,0.497,1,2,0.129361,0,2
186,10000,3.02387,2.37137,3.16228,0.00106959,0.001,0.00158489,0.108932,0.1,0.15,1.21239,1,1.5,1.15648e-05,62006.8,5479.55,3100.34,0.01,0.95,10,10000,0.938,0.497,6,5,0.0818148,0,0.833333
187,10000,2.85258,2.37137,3.16228,0.00128637,0.001,0.00158489,0.166681,0.15,0.2,0.586108,0.5,0.6,2.31296e-06,103345,23155.3,5167.23,0.01,0.95,10,10000,0.938,0.497,2,1,0.182943,0,0.5
188,10000,2.99629,2.37137,3.16228,0.00122845,0.001,0.00158489,0.199322,0.15,0.2,0.676,0.6,0.7,2.31296e-06,206689,50021.2,10334.5,0.01,0.95,10,10000,0.938,0.497,4,1,0.182943,0,0.25
189,10000,2.87506,2.37137,3.16228,0.00100356,0.001,0.00158489,0.155184,0.15,0.2,0.778013,0.7,0.8,2.31296e-06,103345,23155.3,5167.23,0.01,0.95,10,10000,0.938,0.497,2,1,0.182943,0,0.5
190,10000,2.93362,2.37137,3.16228,0.001183,0.001,0.00158489,0.15689,0.15,0.2,0.81049,0.8,0.9,2.31296e-06,155017,23155.3,7750.85,0.01,0.95,10,10000,0.938,0.497,3,2,0.129361,0,0.666667
191,10000,3.07567,2.37137,3.16228,0.00110168,0.001,0.00158489,0.190498,0.15,0.2,0.953294,0.9,1,2.31296e-06,103345,-nan,5167.23,0.01,0.95,10,10000,0.938,0.497,2,3,0.105622,0,1.5
192,10000,3.0847,2.37137,3.16228,0.00105389,0.001,0.00158489,0.180695,0.15,0.2,1.34036,1,1.5,1.15648e-05,51672.3,5177.68,2583.62,0.01,0.95,10,10000,0.938,0.497,5,4,0.0914717,0,0.8
193,10000,2.54756,2.37137,3.16228,0.00157543,0.001,0.00158489,0.200518,0.2,0.25,0.666788,0.6,0.7,2.31296e-06,51672.3,9453.11,2583.62,0.01,0.95,10,10000,0.938,0.497,1,1,0.182943,0,1
194,10000,2.84132,2.37137,3.16228,0.00123375,0.001,0.00158489,0.220849,0.2,0.25,1.30833,1,1.5,1.15648e-05,20668.9,2673.74,1033.45,0.01,0.95,10,10000,0.938,0.497,2,2,0.129361,0,1
195,10000,3.10221,2.37137,3.16228,0.00113634,0.001,0.00158489,0.287616,0.25,0.3,0.873251,0.8,0.9,2.31296e-06,51672.3,9453.11,2583.62,0.01,0.95,10,10000,0.938,0.497,1,1,0.182943,0,1
196,10000,2.89882,2.37137,3.16228,0.00124043,0.001,0.00158489,0.329142,0.3,0.4,1.1835,1,1.5,2.31296e-05,5167.23,-nan,258.362,0.01,0.95,10,10000,0.938,0.497,1,2,0.129361,0,2
197,10000,2.81344,2.37137,3.16228,0.00107247,0.001,0.00158489,0.414558,0.4,0.5,0.502879,0.5,0.6,4.62592e-06,0,0,0,0.01,0.95,10,10000,0.938,0.497,0,1,0.182943,0,0
198,10000,2.75119,2.37137,3.16228,0.00149573,0.001,0.00158489,0.571201,0.5,0.6,1.496,1,1.5,2.31296e-05,5167.23,945.311,258.362,0.01,0.95,10,10000,0.938,0.497,1,1,0.182943,0,1
199,10000,2.50884,2.37137,3.16228,0.0010909,0.001,0.00158489,0.755159,0.7,0.8,1.37002,1,1.5,2.31296e-05,5167.23,945.311,258.362,0.01,0.95,10,10000,0.938,0.497,1,1,0.182943,0,1
200,10000,3.06542,2.37137,3.16228,0.00162366,0.00158489,0.00251189,0.248774,0.2,0.25,1.32269,1,1.5,1.83292e-05,0,0,0,0.01,0.95,10,10000,0.938,0.497,0,1,0.182943,0,0
201,10000,2.97143,2.37137,3.16228,0.00180654,0.00158489,0.00251189,0.66035,0.6,0.7,1.20081,1,1.5,3.66584e-05,3260.26,596.444,163.013,0.01,0.95,10,10000,0.938,0.497,1,1,0.182943,0,1
202,10000,3.16208,2.37137,3.16228,0.00621011,0.00398107,0.00630957,0.120048,0.1,0.15,0.765688,0.7,0.8,9.20811e-06,12979.4,2374.5,648.972,0.01,0.95,10,10000,0.938,0.497,1,1,0.182943,0,1
203,10000,3.16175,2.37137,3.16228,0.0117223,0.01,0.0158489,0.0750385,0.05,0.1,0.751453,0.7,0.8,2.31296e-05,5167.23,945.311,258.362,0.01,0.95,10,10000,0.938,0.497,1,1,0.182943,0,1
204,10000,3.16203,2.37137,3.16228,0.050796,0.0398107,0.0630957,0.156261,0.15,0.2,1.43002,1,1.5,0.000460405,0,0,0,0.01,0.95,10,10000,0.938,0.497,0,1,0.182943,0,0
205,10000,3.16224,2.37137,3.16228,0.0994737,0.0630957,0.1,0.446912,0.4,0.5,1.24897,1,1.5,0.00145939,81.8946,14.9821,4.09473,0.01,0.95,10,10000,0.938,0.497,1,1,0.182943,0,1
206,10000,3.22634,3.16228,4.21697,0.00144307,0.001,0.00158489,0.0984677,0.05,0.1,0.0647002,0,0.1,3.08438e-06,9.64845e+06,1.76157e+06,482423,0.01,0.95,10,10000,0.938,0.497,249,2,0.129361,0,0.00803213
207,10000,3.37422,3.16228,4.21697,0.00139979,0.001,0.00158489,0.0872639,0.05,0.1,0.163679,0.1,0.2,3.08438e-06,2.22806e+07,884062,1.11403e+06,0.01,0.95,10,10000,0.938,0.497,575,41,0.028571,0,0.0713043
208,10000,3.40407,3.16228,4.21697,0.0013885,0.001,0.00158489,0.0860221,0.05,0.1,0.256867,0.2,0.3,3.08438e-06,2.90229e+07,696004,1.45114e+06,0.01,0.95,10,10000,0.938,0.497,749,108,0.0176037,0,0.144192
209,10000,3.39855,3.16228,4.21697,0.00138176,0.001,0.00158489,0.0845696,0.05,0.1,0.35198,0.3,0.4,3.08438e-06,2.99916e+07,543691,1.49958e+06,0.01,0.95,10,10000,0.938,0.497,774,180,0.0136358,0,0.232558
210,10000,3.39375,3.16228,4.21697,0.00138502,0.001,0.00158489,0.0813921,0.05,0.1,0.452548,0.4,0.5,3.08438e-06,2.39855e+07,374226,1.19928e+06,0.01,0.95,10,10000,0.938,0.497,619,225,0.0121962,0,0.363489
211,10000,3.38344,3.16228,4.21697,0.00138261,0.001,0.00158489,0.0753521,0.05,0.1,0.553801,0.5,0.6,3.08438e-06,2.23968e+07,273691,1.11984e+06,0.01,0.95,10,10000,0.938,0.497,578,323,0.0101792,0,0.558824
212,10000,3.3676,3.16228,4.21697,0.00138468,0.001,0.00158489,0.0735269,0.05,0.1,0.647171,0.6,0.7,3.08438e-06,1.62357e+07,205393,811787,0.01,0.95,10,10000,0.938,0.497,419,279,0.0109525,0,0.665871
213,10000,3.37938,3.16228,4.21697,0.00139971,0.001,0.00158489,0.0743366,0.05,0.1,0.748406,0.7,0.8,3.08438e-06,1.23609e+07,163590,618043,0.01,0.95,10,10000,0.938,0.497,319,239,0.0118336,0,0.749216
214,10000,3.37349,3.16228,4.21697,0.0014202,0.001,0.00158489,0.0739474,0.05,0.1,0.846574,0.8,0.9,3.08438e-06,8.98972e+06,129087,449486,0.01,0.95,10,10000,0.938,0.497,232,191,0.0132373,0,0.823276
215,10000,3.39533,3.16228,4.21697,0.00141919,0.001,0.00158489,0.0730829,0.05,0.1,0.946998,0.9,1,3.08438e-06,5.46358e+06,97096.8,273179,0.01,0.95,10,10000,0.938,0.497,141,121,0.0166312,0,0.858156
216,10000,3.3844,3.16228,4.21697,0.00141124,0.001,0.00158489,0.0726821,0.05,0.1,1.18311,1,1.5,1.54219e-05,2.30168e+06,28171.7,115084,0.01,0.95,10,10000,0.938,0.497,297,255,0.0114564,0,0.858586
217,10000,3.30421,3.16228,4.21697,0.00151394,0.001,0.00158489,0.112545,0.1,0.15,0.0870151,0,0.1,3.08438e-06,6.62605e+06,761032,331302,0.01,0.95,10,10000,0.938,0.497,171,5,0.0818148,0,0.0292398
218,10000,3.28024,3.16228,4.21697,0.00145973,0.001,0.00158489,0.121802,0.1,0.15,0.161816,0.1,0.2,3.08438e-06,1.4957e+07,534983,747852,0.01,0.95,10,10000,0.938,0.497,386,49,0.0261348,0,0.126943
219,10000,3.32865,3.16228,4.21697,0.0014186,0.001,0.00158489,0.121004,0.1,0.15,0.256812,0.2,0.3,3.08438e-06,1.94519e+07,368909,972595,0.01,0.95,10,10000,0.938,0.497,502,157,0.0146005,0,0.312749
220,10000,3.36071,3.16228,4.21697,0.00141939,0.001,0.00158489,0.119918,0.1,0.15,0.353316,0.3,0.4,3.08438e-06,2.13118e+07,321568,1.06559e+06,0.01,0.95,10,10000,0.938,0.497,550,232,0.0120108,0,0.421818
221,10000,3.38171,3.16228,4.21697,0.00141089,0.001,0.00158489,0.123083,0.1,0.15,0.449308,0.4,0.5,3.08438e-06,1.72432e+07,216201,862161,0.01,0.95,10,10000,0.938,0.497,445,288,0.01078,0,0.647191
222,10000,3.37588,3.16228,4.21697,0.00138774,0.001,0.00158489,0.124324,0.1,0.15,0.546956,0.5,0.6,3.08438e-06,1.4802e+07,183709,740102,0.01,0.95,10,10000,0.938,0.497,382,277,0.010992,0,0.725131
223,10000,3.37657,3.16228,4.21697,0.00139193,0.001,0.00158489,0.123953,0.1,0.15,0.645986,0.6,0.7,3.08438e-06,1.09272e+07,145045,546358,0.01,0.95,10,10000,0.938,0.497,282,227,0.0121424,0,0.804965
224,10000,3.3814,3.16228,4.21697,0.00141233,0.001,0.00158489,0.12405,0.1,0.15,0.747127,0.7,0.8,3.08438e-06,8.0985e+06,125015,404925,0.01,0.95,10,10000,0.938,0.497,209,168,0.0141144,0,0.803828
225,10000,3.39171,3.16228,4.21697,0.00140605,0.001,0.00158489,0.125018,0.1,0.15,0.845693,0.8,0.9,3.08438e-06,4.80485e+06,93659.4,240243,0.01,0.95,10,10000,0.938,0.497,124,103,0.0180259,0,0.830645
226,10000,3.36165,3.16228,4.21697,0.00138416,0.001,0.00158489,0.122671,0.1,0.15,0.944072,0.9,1,3.08438e-06,4.06862e+06,96452.9,203431,0.01,0.95,10,10000,0.938,0.497,105,76,0.020985,0,0.72381
227,10000,3.37067,3.16228,4.21697,0.00139061,0.001,0.00158489,0.123727,0.1,0.15,1.18601,1,1.5,1.54219e-05,1.56545e+06,22819.5,78272.6,0.01,0.95,10,10000,0.938,0.497,202,177,0.0137509,0,0.876238
228,10000,3.56506,3.16228,4.21697,0.00146124,0.001,0.00158489,0.19719,0.15,0.2,0.0999095,0,0.1,3.08438e-06,3.91363e+06,1.01003e+06,195681,0.01,0.95,10,10000,0.938,0.497,101,1,0.182943,0,0.00990099
229,10000,3.3215,3.16228,4.21697,0.00145346,0.001,0.00158489,0.17754,0.15,0.2,0.163773,0.1,0.2,3.08438e-06,1.05784e+07,585634,528921,0.01,0.95,10,10000,0.938,0.497,273,21,0.0399215,0,0.0769231
230,10000,3.3203,3.16228,4.21697,0.00146582,0.001,0.00158489,0.171359,0.15,0.2,0.253552,0.2,0.3,3.08438e-06,1.34071e+07,367307,670354,0.01,0.95,10,10000,0.938,0.497,346,79,0.0205827,0,0.228324
231,10000,3.33072,3.16228,4.21697,0.00142082,0.001,0.00158489,0.17127,0.15,0.2,0.352802,0.3,0.4,3.08438e-06,1.40271e+07,298136,701353,0.01,0.95,10,10000,0.938,0.497,362,123,0.0164955,0,0.339779
232,10000,3.35345,3.16228,4.21697,0.0014149,0.001,0.00158489,0.171463,0.15,0.2,0.453886,0.4,0.5,3.08438e-06,1.30196e+07,240339,650980,0.01,0.95,10,10000,0.938,0.497,336,152,0.0148387,0,0.452381
233,10000,3.344,3.16228,4.21697,0.00139285,0.001,0.00158489,0.173954,0.15,0.2,0.554561,0.5,0.6,3.08438e-06,1.03459e+07,183629,517297,0.01,0.95,10,10000,0.938,0.497,267,152,0.0148387,0,0.569288
234,10000,3.38816,3.16228,4.21697,0.00139573,0.001,0.00158489,0.172637,0.15,0.2,0.650864,0.6,0.7,3.08438e-06,8.91222e+06,147211,445611,0.01,0.95,10,10000,0.938,0.497,230,160,0.0144629,0,0.695652
235,10000,3.37592,3.16228,4.21697,0.00139939,0.001,0.00158489,0.171312,0.15,0.2,0.754161,0.7,0.8,3.08438e-06,6.74229e+06,112626,337115,0.01,0.95,10,10000,0.938,0.497,174,142,0.0153523,0,0.816092
236,10000,3.3605,3.16228,4.21697,0.0014005,0.001,0.00158489,0.174216,0.15,0.2,0.845256,0.8,0.9,3.08438e-06,4.33987e+06,84298.8,216993,0.01,0.95,10,10000,0.938,0.497,112,99,0.0183865,0,0.883929
237,10000,3.38209,3.16228,4.21697,0.00140702,0.001,0.00158489,0.175447,0.15,0.2,0.945913,0.9,1,3.08438e-06,2.98366e+06,73765.2,149183,0.01,0.95,10,10000,0.938,0.497,77,64,0.0228679,0,0.831169
238,10000,3.39928,3.16228,4.21697,0.00140566,0.001,0.00158489,0.17322,0.15,0.2,1.21398,1,1.5,1.54219e-05,1.07722e+06,19040.1,53860.8,0.01,0.95,10,10000,0.938,0.497,139,121,0.0166312,0,0.870504
239,10000,3.44348,3.16228,4.21697,0.00139674,0.001,0.00158489,0.236142,0.2,0.25,0.0706971,0,0.1,3.08438e-06,2.67367e+06,168619,133683,0.01,0.95,10,10000,0.938,0.497,69,15,0.0472358,0,0.217391
240,10000,3.42835,3.16228,4.21697,0.00141709,0.001,0.00158489,0.227675,0.2,0.25,0.166334,0.1,0.2,3.08438e-06,6.66479e+06,325137,333240,0.01,0.95,10,10000,0.938,0.497,172,26,0.0358782,0,0.151163
241,10000,3.35832,3.16228,4.21697,0.00140883,0.001,0.00158489,0.228545,0.2,0.25,0.25344,0.2,0.3,3.08438e-06,9.33846e+06,291853,466923,0.01,0.95,10,10000,0.938,0.497,241,60,0.0236179,0,0.248963
242,10000,3.36866,3.16228,4.21697,0.00139031,0.001,0.00158489,0.225436,0.2,0.25,0.346584,0.3,0.4,3.08438e-06,8.52474e+06,250294,426237,0.01,0.95,10,10000,0.938,0.497,220,66,0.0225188,0,0.3
243,10000,3.35998,3.16228,4.21697,0.00141784,0.001,0.00158489,0.224014,0.2,0.25,0.455574,0.4,0.5,3.08438e-06,9.06722e+06,191087,453361,0.01,0.95,10,10000,0.938,0.497,234,114,0.0171342,0,0.487179
244,10000,3.38635,3.16228,4.21697,0.00139739,0.001,0.00158489,0.224872,0.2,0.25,0.548602,0.5,0.6,3.08438e-06,8.21475e+06,167193,410737,0.01,0.95,10,10000,0.938,0.497,212,117,0.0169131,0,0.551887
245,10000,3.35912,3.16228,4.21697,0.00139926,0.001,0.00158489,0.223217,0.2,0.25,0.651066,0.6,0.7,3.08438e-06,6.00606e+06,144762,300303,0.01,0.95,10,10000,0.938,0.497,155,84,0.0199608,0,0.541935
246,10000,3.34835,3.16228,4.21697,0.00136014,0.001,0.00158489,0.223383,0.2,0.25,0.749311,0.7,0.8,3.08438e-06,4.33987e+06,100652,216993,0.01,0.95,10,10000,0.938,0.497,112,80,0.0204537,0,0.714286
247,10000,3.38345,3.16228,4.21697,0.00140946,0.001,0.00158489,0.226885,0.2,0.25,0.851955,0.8,0.9,3.08438e-06,3.44864e+06,91475.2,172432,0.01,0.95,10,10000,0.938,0.497,89,62,0.0232338,0,0.696629
248,10000,3.38476,3.16228,4.21697,0.0013834,0.001,0.00158489,0.224252,0.2,0.25,0.948415,0.9,1,3.08438e-06,2.05369e+06,63705.7,102684,0.01,0.95,10,10000,0.938,0.497,53,42,0.0282288,0,0.792453
249,10000,3.37041,3.16228,4.21697,0.00136224,0.001,0.00158489,0.223503,0.2,0.25,1.20062,1,1.5,1.54219e-05,945471,18791.7,47273.5,0.01,0.95,10,10000,0.938,0.497,122,100,0.0182943,0,0.819672
250,10000,3.40387,3.16228,4.21697,0.00137177,0.001,0.00158489,0.273143,0.25,0.3,0.062298,0,0.1,3.08438e-06,1.93744e+06,91715.2,96872,0.01,0.95,10,10000,0.938,0.497,50,23,0.0381463,0,0.46
251,10000,3.41935,3.16228,4.21697,0.00139398,0.001,0.00158489,0.275127,0.25,0.3,0.148946,0.1,0.2,3.08438e-06,4.30112e+06,138521,215056,0.01,0.95,10,10000,0.938,0.497,111,50,0.0258721,0,0.45045
252,10000,3.37732,3.16228,4.21697,0.00140047,0.001,0.00158489,0.27533,0.25,0.3,0.2597,0.2,0.3,3.08438e-06,5.73482e+06,134762,286741,0.01,0.95,10,10000,0.938,0.497,148,86,0.0197273,0,0.581081
253,10000,3.37464,3.16228,4.21697,0.00138897,0.001,0.00158489,0.276551,0.25,0.3,0.347605,0.3,0.4,3.08438e-06,5.46358e+06,129234,273179,0.01,0.95,10,10000,0.938,0.497,141,84,0.0199608,0,0.595745
254,10000,3.39689,3.16228,4.21697,0.00142004,0.001,0.00158489,0.275904,0.25,0.3,0.451359,0.4,0.5,3.08438e-06,6.04481e+06,129870,302241,0.01,0.95,10,10000,0.938,0.497,156,99,0.0183865,0,0.634615
255,10000,3.36332,3.16228,4.21697,0.00138054,0.001,0.00158489,0.277798,0.25,0.3,0.547418,0.5,0.6,3.08438e-06,5.19234e+06,114444,259617,0.01,0.95,10,10000,0.938,0.497,134,91,0.0191777,0,0.679104
256,10000,3.35775,3.16228,4.21697,0.00138205,0.001,0.00158489,0.275922,0.25,0.3,0.64635,0.6,0.7,3.08438e-06,4.72735e+06,99770.5,236368,0.01,0.95,10,10000,0.938,0.497,122,93,0.0189703,0,0.762295
257,10000,3.38024,3.16228,4.21697,0.00138133,0.001,0.00158489,0.273624,0.25,0.3,0.746457,0.7,0.8,3.08438e-06,3.2549e+06,79769.7,162745,0.01,0.95,10,10000,0.938,0.497,84,67,0.0223501,0,0.797619
258,10000,3.34654,3.16228,4.21697,0.0014016,0.001,0.00158489,0.275392,0.25,0.3,0.850319,0.8,0.9,3.08438e-06,2.94491e+06,76524.4,147245,0.01,0.95,10,10000,0.938,0.497,76,60,0.0236179,0,0.789474
259,10000,3.37041,3.16228,4.21697,0.00138797,0.001,0.00158489,0.277315,0.25,0.3,0.944152,0.9,1,3.08438e-06,1.78244e+06,51323.7,89122.2,0.01,0.95,10,10000,0.938,0.497,46,43,0.0278986,0,0.934783
260,10000,3.38177,3.16228,4.21697,0.00139984,0.001,0.00158489,0.272533,0.25,0.3,1.18792,1,1.5,1.54219e-05,705228,15793.4,35261.4,0.01,0.95,10,10000,0.938,0.497,91,77,0.0208483,0,0.846154
261,10000,3.40129,3.16228,4.21697,0.00141201,0.001,0.00158489,0.343037,0.3,0.4,0.0635336,0,0.1,6.16877e-06,716853,24699.9,35842.6,0.01,0.95,10,10000,0.938,0.497,37,32,0.0323401,0,0.864865
262,10000,3.37147,3.16228,4.21697,0.001396,0.001,0.00158489,0.343456,0.3,0.4,0.15255,0.1,0.2,6.16877e-06,2.03431e+06,46769.4,101716,0.01,0.95,10,10000,0.938,0.497,105,79,0.0205827,0,0.752381
263,10000,3.37203,3.16228,4.21697,0.0014103,0.001,0.00158489,0.344894,0.3,0.4,0.251664,0.2,0.3,6.16877e-06,2.96428e+06,55338.7,148214,0.01,0.95,10,10000,0.938,0.497,153,118,0.0168413,0,0.771242
264,10000,3.37667,3.16228,4.21697,0.00141085,0.001,0.00158489,0.340733,0.3,0.4,0.352151,0.3,0.4,6.16877e-06,2.96428e+06,55338.7,148214,0.01,0.95,10,10000,0.938,0.497,153,118,0.0168413,0,0.771242
265,10000,3.36045,3.16228,4.21697,0.00140113,0.001,0.00158489,0.344531,0.3,0.4,0.449435,0.4,0.5,6.16877e-06,3.02241e+06,55246.4,151120,0.01,0.95,10,10000,0.938,0.497,156,122,0.0165629,0,0.782051
266,10000,3.37105,3.16228,4.21697,0.00139699,0.001,0.00158489,0.340276,0.3,0.4,0.551799,0.5,0.6,6.16877e-06,3.44864e+06,57713.4,172432,0.01,0.95,10,10000,0.938,0.497,178,143,0.0152985,0,0.803371
267,10000,3.37417,3.16228,4.21697,0.00139578,0.001,0.00158489,0.34952,0.3,0.4,0.647717,0.6,0.7,6.16877e-06,2.82866e+06,52753.2,141433,0.01,0.95,10,10000,0.938,0.497,146,116,0.0169859,0,0.794521
268,10000,3.36495,3.16228,4.21697,0.00140904,0.001,0.00158489,0.343571,0.3,0.4,0.741392,0.7,0.8,6.16877e-06,2.15056e+06,50738.8,107528,0.01,0.95,10,10000,0.938,0.497,111,78,0.0207143,0,0.702703
269,10000,3.37026,3.16228,4.21697,0.00140512,0.001,0.00158489,0.344241,0.3,0.4,0.850571,0.8,0.9,6.16877e-06,1.60808e+06,38765.3,80403.8,0.01,0.95,10,10000,0.938,0.497,83,68,0.0221851,0,0.819277
270,10000,3.37056,3.16228,4.21697,0.0014108,0.001,0.00158489,0.348422,0.3,0.4,0.946971,0.9,1,6.16877e-06,1.20121e+06,33952.5,60060.6,0.01,0.95,10,10000,0.938,0.497,62,50,0.0258721,0,0.806452
271,10000,3.3731,3.16228,4.21697,0.00140123,0.001,0.00158489,0.342924,0.3,0.4,1.17873,1,1.5,3.08438e-05,538608,9660.68,26930.4,0.01,0.95,10,10000,0.938,0.497,139,119,0.0167704,0,0.856115
272,10000,3.35579,3.16228,4.21697,0.00138298,0.001,0.00158489,0.453422,0.4,0.5,0.0637241,0,0.1,6.16877e-06,464986,20545.4,23249.3,0.01,0.95,10,10000,0.938,0.497,24,20,0.0409074,0,0.833333
273,10000,3.37213,3.16228,4.21697,0.00140388,0.001,0.00158489,0.440876,0.4,0.5,0.151408,0.1,0.2,6.16877e-06,1.08497e+06,34904.1,54248.3,0.01,0.95,10,10000,0.938,0.497,56,41,0.028571,0,0.732143
274,10000,3.34387,3.16228,4.21697,0.00141258,0.001,0.00158489,0.439288,0.4,0.5,0.250576,0.2,0.3,6.16877e-06,1.37558e+06,36470.9,68779.1,0.01,0.95,10,10000,0.938,0.497,71,57,0.0242314,0,0.802817
275,10000,3.34706,3.16228,4.21697,0.00139593,0.001,0.00158489,0.443395,0.4,0.5,0.352835,0.3,0.4,6.16877e-06,1.53058e+06,39726.4,76528.9,0.01,0.95,10,10000,0.938,0.497,79,61,0.0234235,0,0.772152
276,10000,3.37143,3.16228,4.21697,0.00142723,0.001,0.00158489,0.449127,0.4,0.5,0.452693,0.4,0.5,6.16877e-06,1.39496e+06,43206.4,69747.8,0.01,0.95,10,10000,0.938,0.497,72,47,0.026685,0,0.652778
277,10000,3.34119,3.16228,4.21697,0.0014153,0.001,0.00158489,0.439132,0.4,0.5,0.549783,0.5,0.6,6.16877e-06,1.23996e+06,38509.5,61998.1,0.01,0.95,10,10000,0.938,0.497,64,45,0.0272716,0,0.703125
278,10000,3.33411,3.16228,4.21697,0.00138653,0.001,0.00158489,0.443914,0.4,0.5,0.65438,0.6,0.7,6.16877e-06,1.45308e+06,40927.4,72654,0.01,0.95,10,10000,0.938,0.497,75,54,0.0248954,0,0.72
279,10000,3.36862,3.16228,4.21697,0.00140671,0.001,0.00158489,0.440486,0.4,0.5,0.743512,0.7,0.8,6.16877e-06,1.04622e+06,31412.7,52310.9,0.01,0.95,10,10000,0.938,0.497,54,44,0.0275798,0,0.814815
280,10000,3.36528,3.16228,4.21697,0.00142618,0.001,0.00158489,0.448046,0.4,0.5,0.844907,0.8,0.9,6.16877e-06,891222,33721.6,44561.1,0.01,0.95,10,10000,0.938,0.497,46,31,0.0328576,0,0.673913
281,10000,3.37403,3.16228,4.21697,0.00142936,0.001,0.00158489,0.443548,0.4,0.5,0.949673,0.9,1,6.16877e-06,910597,30159.9,45529.8,0.01,0.95,10,10000,0.938,0.497,47,37,0.0300757,0,0.787234
282,10000,3.35099,3.16228,4.21697,0.00136885,0.001,0.00158489,0.444095,0.4,0.5,1.15432,1,1.5,3.08438e-05,278991,6631.29,13949.6,0.01,0.95,10,10000,0.938,0.497,72,65,0.0226913,0,0.902778
283,10000,3.45919,3.16228,4.21697,0.00145864,0.001,0.00158489,0.552786,0.5,0.6,0.0509134,0,0.1,6.16877e-06,213118,15551.1,10655.9,0.01,0.95,10,10000,0.938,0.497,11,8,0.0646803,0,0.727273
284,10000,3.31484,3.16228,4.21697,0.00136182,0.001,0.00158489,0.542407,0.5,0.6,0.150353,0.1,0.2,6.16877e-06,600606,23221.5,30030.3,0.01,0.95,10,10000,0.938,0.497,31,26,0.0358782,0,0.83871
285,10000,3.34301,3.16228,4.21697,0.00139286,0.001,0.00158489,0.543025,0.5,0.6,0.253472,0.2,0.3,6.16877e-06,678104,24932.9,33905.2,0.01,0.95,10,10000,0.938,0.497,35,29,0.0339717,0,0.828571
286,10000,3.31578,3.16228,4.21697,0.00138379,0.001,0.00158489,0.54146,0.5,0.6,0.349413,0.3,0.4,6.16877e-06,678104,29030.4,33905.2,0.01,0.95,10,10000,0.938,0.497,35,24,0.0373432,0,0.685714
287,10000,3.37351,3.16228,4.21697,0.00141779,0.001,0.00158489,0.537444,0.5,0.6,0.441677,0.4,0.5,6.16877e-06,736227,28607.4,36811.4,0.01,0.95,10,10000,0.938,0.497,38,28,0.0345731,0,0.736842
288,10000,3.3485,3.16228,4.21697,0.00138528,0.001,0.00158489,0.535084,0.5,0.6,0.552983,0.5,0.6,6.16877e-06,871848,35380.8,43592.4,0.01,0.95,10,10000,0.938,0.497,45,28,0.0345731,0,0.622222
289,10000,3.35106,3.16228,4.21697,0.00145659,0.001,0.00158489,0.549616,0.5,0.6,0.655005,0.6,0.7,6.16877e-06,658730,27983.7,32936.5,0.01,0.95,10,10000,0.938,0.497,34,24,0.0373432,0,0.705882
290,10000,3.31588,3.16228,4.21697,0.0013989,0.001,0.00158489,0.536251,0.5,0.6,0.748188,0.7,0.8,6.16877e-06,523109,24013.3,26155.4,0.01,0.95,10,10000,0.938,0.497,27,20,0.0409074,0,0.740741
291,10000,3.36534,3.16228,4.21697,0.00137373,0.001,0.00158489,0.539614,0.5,0.6,0.838397,0.8,0.9,6.16877e-06,426237,20951.4,21311.8,0.01,0.95,10,10000,0.938,0.497,22,17,0.0443703,0,0.772727
292,10000,3.3919,3.16228,4.21697,0.00139334,0.001,0.00158489,0.550157,0.5,0.6,0.949754,0.9,1,6.16877e-06,290616,18041.4,14530.8,0.01,0.95,10,10000,0.938,0.497,15,11,0.0551595,0,0.733333
293,10000,3.31819,3.16228,4.21697,0.00138168,0.001,0.00158489,0.545405,0.5,0.6,1.17902,1,1.5,3.08438e-05,185994,6340.45,9299.71,0.01,0.95,10,10000,0.938,0.497,48,36,0.0304906,0,0.75
294,10000,3.22083,3.16228,4.21697,0.00133749,0.001,0.00158489,0.652672,0.6,0.7,0.0487312,0,0.1,6.16877e-06,77497.6,12278.2,3874.88,0.01,0.95,10,10000,0.938,0.497,4,2,0.129361,0,0.5
295,10000,3.39439,3.16228,4.21697,0.00138576,0.001,0.00158489,0.648844,0.6,0.7,0.154901,0.1,0.2,6.16877e-06,213118,14128.4,10655.9,0.01,0.95,10,10000,0.938,0.497,11,9,0.0609811,0,0.818182
296,10000,3.37431,3.16228,4.21697,0.00139822,0.001,0.00158489,0.653885,0.6,0.7,0.262686,0.2,0.3,6.16877e-06,348739,18850.7,17437,0.01,0.95,10,10000,0.938,0.497,18,14,0.0488937,0,0.777778
297,10000,3.26048,3.16228,4.21697,0.00137011,0.001,0.00158489,0.637659,0.6,0.7,0.363198,0.3,0.4,6.16877e-06,193744,-nan,9687.2,0.01,0.95,10,10000,0.938,0.497,10,11,0.0551595,0,1.1
298,10000,3.36175,3.16228,4.21697,0.00142519,0.001,0.00158489,0.651214,0.6,0.7,0.45458,0.4,0.5,6.16877e-06,464986,30075.4,23249.3,0.01,0.95,10,10000,0.938,0.497,24,12,0.0528112,0,0.5
299,10000,3.3537,3.16228,4.21697,0.00142126,0.001,0.00158489,0.643061,0.6,0.7,0.553132,0.5,0.6,6.16877e-06,581232,26456.3,29061.6,0.01,0.95,10,10000,0.938,0.497,30,21,0.0399215,0,0.7
300,10000,3.40141,3.16228,4.21697,0.00138963,0.001,0.00158489,0.646037,0.6,0.7,0.646426,0.6,0.7,6.16877e-06,368114,21425,18405.7,0.01,0.95,10,10000,0.938,0.497,19,13,0.0507394,0,0.684211
301,10000,3.41694,3.16228,4.21697,0.00145721,0.001,0.00158489,0.648001,0.6,0.7,0.750299,0.7,0.8,6.16877e-06,329365,14614,16468.2,0.01,0.95,10,10000,0.938,0.497,17,17,0.0443703,0,1
302,10000,3.36837,3.16228,4.21697,0.00142982,0.001,0.00158489,0.657221,0.6,0.7,0.851122,0.8,0.9,6.16877e-06,251867,14923.3,12593.4,0.01,0.95,10,10000,0.938,0.497,13,11,0.0551595,0,0.846154
303,10000,3.47013,3.16228,4.21697,0.00141497,0.001,0.00158489,0.647623,0.6,0.7,0.942606,0.9,1,6.16877e-06,135621,-nan,6781.04,0.01,0.95,10,10000,0.938,0.497,7,8,0.0646803,0,1.14286
304,10000,3.34909,3.16228,4.21697,0.00135716,0.001,0.00158489,0.652148,0.6,0.7,1.22884,1,1.5,3.08438e-05,81372.5,4594.09,4068.62,0.01,0.95,10,10000,0.938,0.497,21,14,0.0488937,0,0.666667
305,10000,3.47302,3.16228,4.21697,0.00143499,0.001,0.00158489,0.723798,0.7,0.8,0.0489816,0,0.1,6.16877e-06,58123.2,8682.02,2906.16,0.01,0.95,10,10000,0.938,0.497,3,2,0.129361,0,0.666667
306,10000,3.38421,3.16228,4.21697,0.00135096,0.001,0.00158489,0.749566,0.7,0.8,0.176246,0.1,0.2,6.16877e-06,77497.6,9151.65,3874.88,0.01,0.95,10,10000,0.938,0.497,4,3,0.105622,0,0.75
307,10000,3.33825,3.16228,4.21697,0.00139316,0.001,0.00158489,0.752307,0.7,0.8,0.259516,0.2,0.3,6.16877e-06,116246,12278.2,5812.32,0.01,0.95,10,10000,0.938,0.497,6,4,0.0914717,0,0.666667
308,10000,3.32192,3.16228,4.21697,0.00140451,0.001,0.00158489,0.766175,0.7,0.8,0.351879,0.3,0.4,6.16877e-06,135621,9377.65,6781.04,0.01,0.95,10,10000,0.938,0.497,7,7,0.0691461,0,1
309,10000,3.23432,3.16228,4.21697,0.00130254,0.001,0.00158489,0.744198,0.7,0.8,0.429522,0.4,0.5,6.16877e-06,174370,13329.5,8718.48,0.01,0.95,10,10000,0.938,0.497,9,7,0.0691461,0,0.777778
310,10000,3.36805,3.16228,4.21697,0.00145382,0.001,0.00158489,0.74942,0.7,0.8,0.566414,0.5,0.6,6.16877e-06,135621,9377.65,6781.04,0.01,0.95,10,10000,0.938,0.497,7,7,0.0691461,0,1
311,10000,3.31579,3.16228,4.21697,0.00138829,0.001,0.00158489,0.739851,0.7,0.8,0.646139,0.6,0.7,6.16877e-06,135621,-nan,6781.04,0.01,0.95,10,10000,0.938,0.497,7,8,0.0646803,0,1.14286
312,10000,3.27394,3.16228,4.21697,0.00131444,0.001,0.00158489,0.728009,0.7,0.8,0.745443,0.7,0.8,6.16877e-06,96872,9706.79,4843.6,0.01,0.95,10,10000,0.938,0.497,5,4,0.0914717,0,0.8
313,10000,3.33251,3.16228,4.21697,0.0013855,0.001,0.00158489,0.74655,0.7,0.8,0.844079,0.8,0.9,6.16877e-06,154995,17364,7749.76,0.01,0.95,10,10000,0.938,0.497,8,4,0.0914717,0,0.5
314,10000,3.32666,3.16228,4.21697,0.00131451,0.001,0.00158489,0.758249,0.7,0.8,0.936927,0.9,1,6.16877e-06,154995,14869.7,7749.76,0.01,0.95,10,10000,0.938,0.497,8,5,0.0818148,0,0.625
315,10000,3.48293,3.16228,4.21697,0.00142054,0.001,0.00158489,0.75348,0.7,0.8,1.22902,1,1.5,3.08438e-05,58123.2,2935.06,2906.16,0.01,0.95,10,10000,0.938,0.497,15,14,0.0488937,0,0.933333
316,10000,3.63479,3.16228,4.21697,0.0015576,0.001,0.00158489,0.854021,0.8,0.9,0.0601802,0,0.1,6.16877e-06,19374.4,3544.42,968.72,0.01,0.95,10,10000,0.938,0.497,1,1,0.182943,0,1
317,10000,3.37299,3.16228,4.21697,0.00145315,0.001,0.00158489,0.833486,0.8,0.9,0.158729,0.1,0.2,6.16877e-06,38748.8,5012.57,1937.44,0.01,0.95,10,10000,0.938,0.497,2,2,0.129361,0,1
318,10000,3.33309,3.16228,4.21697,0.00149466,0.001,0.00158489,0.826531,0.8,0.9,0.218731,0.2,0.3,6.16877e-06,96872,15851.1,4843.6,0.01,0.95,10,10000,0.938,0.497,5,2,0.129361,0,0.4
319,10000,3.32173,3.16228,4.21697,0.00141022,0.001,0.00158489,0.839373,0.8,0.9,0.369616,0.3,0.4,6.16877e-06,154995,11367.4,7749.76,0.01,0.95,10,10000,0.938,0.497,8,7,0.0691461,0,0.875
320,10000,3.47821,3.16228,4.21697,0.00147835,0.001,0.00158489,0.819144,0.8,0.9,0.453351,0.4,0.5,6.16877e-06,96872,9706.79,4843.6,0.01,0.95,10,10000,0.938,0.497,5,4,0.0914717,0,0.8
321,10000,3.30352,3.16228,4.21697,0.0012503,0.001,0.00158489,0.838158,0.8,0.9,0.52472,0.5,0.6,6.16877e-06,58123.2,6139.11,2906.16,0.01,0.95,10,10000,0.938,0.497,3,3,0.105622,0,1
322,10000,3.40631,3.16228,4.21697,0.00142955,0.001,0.00158489,0.83125,0.8,0.9,0.644393,0.6,0.7,6.16877e-06,19374.4,-nan,968.72,0.01,0.95,10,10000,0.938,0.497,1,3,0.105622,0,3
323,10000,3.34235,3.16228,4.21697,0.00124848,0.001,0.00158489,0.840303,0.8,0.9,0.75758,0.7,0.8,6.16877e-06,58123.2,13727.5,2906.16,0.01,0.95,10,10000,0.938,0.497,3,1,0.182943,0,0.333333
324,10000,3.2914,3.16228,4.21697,0.00143788,0.001,0.00158489,0.829436,0.8,0.9,0.941945,0.9,1,6.16877e-06,77497.6,7088.84,3874.88,0.01,0.95,10,10000,0.938,0.497,4,4,0.0914717,0,1
325,10000,3.35895,3.16228,4.21697,0.00138031,0.001,0.00158489,0.851583,0.8,0.9,1.21173,1,1.5,3.08438e-05,27124.2,1875.53,1356.21,0.01,0.95,10,10000,0.938,0.497,7,7,0.0691461,0,1
326,10000,3.41769,3.16228,4.21697,0.0014372,0.001,0.00158489,0.92059,0.9,1,0.132448,0.1,0.2,6.16877e-06,38748.8,5012.57,1937.44,0.01,0.95,10,10000,0.938,0.497,2,2,0.129361,0,1
327,10000,3.17553,3.16228,4.21697,0.00111696,0.001,0.00158489,0.917158,0.9,1,0.244293,0.2,0.3,6.16877e-06,19374.4,-nan,968.72,0.01,0.95,10,10000,0.938,0.497,1,2,0.129361,0,2
328,10000,3.42225,3.16228,4.21697,0.00150469,0.001,0.00158489,0.950783,0.9,1,0.313923,0.3,0.4,6.16877e-06,38748.8,8682.02,1937.44,0.01,0.95,10,10000,0.938,0.497,2,1,0.182943,0,0.5
329,10000,3.47012,3.16228,4.21697,0.00147802,0.001,0.00158489,0.933838,0.9,1,0.44326,0.4,0.5,6.16877e-06,77497.6,7088.84,3874.88,0.01,0.95,10,10000,0.938,0.497,4,4,0.0914717,0,1
330,10000,3.3831,3.16228,4.21697,0.00151898,0.001,0.00158489,0.924057,0.9,1,0.653603,0.6,0.7,6.16877e-06,116246,19413.6,5812.32,0.01,0.95,10,10000,0.938,0.497,6,2,0.129361,0,0.333333
331,10000,3.27525,3.16228,4.21697,0.00129374,0.001,0.00158489,0.944146,0.9,1,0.756107,0.7,0.8,6.16877e-06,19374.4,-nan,968.72,0.01,0.95,10,10000,0.938,0.497,1,3,0.105622,0,3
332,10000,3.25343,3.16228,4.21697,0.00125932,0.001,0.00158489,0.910046,0.9,1,0.850373,0.8,0.9,6.16877e-06,0,0,0,0.01,0.95,10,10000,0.938,0.497,0,1,0.182943,0,0
333,10000,3.57002,3.16228,4.21697,0.00138248,0.001,0.00158489,0.924317,0.9,1,1.31555,1,1.5,3.08438e-05,3874.88,708.884,193.744,0.01,0.95,10,10000,0.938,0.497,1,1,0.182943,0,1
334,10000,3.56751,3.16228,4.21697,0.00210423,0.00158489,0.00251189,0.0858302,0.05,0.1,0.0813074,0,0.1,4.88848e-06,1.87276e+07,1.33811e+06,936379,0.01,0.95,10,10000,0.938,0.497,766,13,0.0507394,0,0.0169713
335,10000,3.61841,3.16228,4.21697,0.00206888,0.00158489,0.00251189,0.0812679,0.05,0.1,0.164655,0.1,0.2,4.88848e-06,4.60855e+07,1.2561e+06,2.30427e+06,0.01,0.95,10,10000,0.938,0.497,1885,88,0.0195018,0,0.0466844
336,10000,3.61742,3.16228,4.21697,0.00203816,0.00158489,0.00251189,0.0746334,0.05,0.1,0.249842,0.2,0.3,4.88848e-06,6.05835e+07,1.00242e+06,3.02917e+06,0.01,0.95,10,10000,0.938,0.497,2478,233,0.011985,0,0.0940274
337,10000,3.64707,3.16228,4.21697,0.00198225,0.00158489,0.00251189,0.0789678,0.05,0.1,0.35468,0.3,0.4,4.88848e-06,6.04612e+07,750858,3.02306e+06,0.01,0.95,10,10000,0.938,0.497,2473,399,0.00915863,0,0.161342
338,10000,3.64234,3.16228,4.21697,0.00202541,0.00158489,0.00251189,0.0787796,0.05,0.1,0.45203,0.4,0.5,4.88848e-06,5.24665e+07,496316,2.62333e+06,0.01,0.95,10,10000,0.938,0.497,2146,637,0.00724848,0,0.296831
339,10000,3.61194,3.16228,4.21697,0.00200625,0.00158489,0.00251189,0.0738389,0.05,0.1,0.550669,0.5,0.6,4.88848e-06,4.3714e+07,353729,2.1857e+06,0.01,0.95,10,10000,0.938,0.497,1788,795,0.00648833,0,0.444631
340,10000,3.5886,3.16228,4.21697,0.00201631,0.00158489,0.00251189,0.0720606,0.05,0.1,0.649286,0.6,0.7,4.88848e-06,3.10741e+07,252436,1.5537e+06,0.01,0.95,10,10000,0.938,0.497,1271,725,0.00679435,0,0.570417
341,10000,3.60056,3.16228,4.21697,0.00202576,0.00158489,0.00251189,0.0727295,0.05,0.1,0.748211,0.7,0.8,4.88848e-06,2.40085e+07,186476,1.20042e+06,0.01,0.95,10,10000,0.938,0.497,982,709,0.00687058,0,0.721996
342,10000,3.5886,3.16228,4.21697,0.00204627,0.00158489,0.00251189,0.0728972,0.05,0.1,0.847697,0.8,0.9,4.88848e-06,1.72851e+07,145999,864256,0.01,0.95,10,10000,0.938,0.497,707,564,0.00770331,0,0.797737
343,10000,3.5872,3.16228,4.21697,0.00205564,0.00158489,0.00251189,0.0733507,0.05,0.1,0.947795,0.9,1,4.88848e-06,1.03906e+07,111830,519531,0.01,0.95,10,10000,0.938,0.497,425,344,0.00986365,0,0.809412
344,10000,3.59269,3.16228,4.21697,0.00201596,0.00158489,0.00251189,0.07409,0.05,0.1,1.17968,1,1.5,2.44424e-05,4.48875e+06,31890,224438,0.01,0.95,10,10000,0.938,0.497,918,770,0.00659282,0,0.83878
345,10000,3.51435,3.16228,4.21697,0.00208281,0.00158489,0.00251189,0.13166,0.1,0.15,0.0689298,0,0.1,4.88848e-06,1.29577e+07,302603,647886,0.01,0.95,10,10000,0.938,0.497,530,110,0.017443,0,0.207547
346,10000,3.57222,3.16228,4.21697,0.00204969,0.00158489,0.00251189,0.127901,0.1,0.15,0.1544,0.1,0.2,4.88848e-06,3.10007e+07,402041,1.55004e+06,0.01,0.95,10,10000,0.938,0.497,1268,344,0.00986365,0,0.271293
347,10000,3.59922,3.16228,4.21697,0.00202063,0.00158489,0.00251189,0.126441,0.1,0.15,0.253267,0.2,0.3,4.88848e-06,3.76507e+07,355741,1.88254e+06,0.01,0.95,10,10000,0.938,0.497,1540,603,0.00745003,0,0.391558
348,10000,3.5945,3.16228,4.21697,0.00202142,0.00158489,0.00251189,0.125173,0.1,0.15,0.349987,0.3,0.4,4.88848e-06,4.06824e+07,332545,2.03412e+06,0.01,0.95,10,10000,0.938,0.497,1664,770,0.00659282,0,0.46274
349,10000,3.60555,3.16228,4.21697,0.00200322,0.00158489,0.00251189,0.123545,0.1,0.15,0.450241,0.4,0.5,4.88848e-06,3.50103e+07,273047,1.75051e+06,0.01,0.95,10,10000,0.938,0.497,1432,795,0.00648833,0,0.555168
350,10000,3.59286,3.16228,4.21697,0.0020308,0.00158489,0.00251189,0.124239,0.1,0.15,0.548791,0.5,0.6,4.88848e-06,2.79202e+07,206258,1.39601e+06,0.01,0.95,10,10000,0.938,0.497,1142,798,0.00647613,0,0.698774
351,10000,3.59721,3.16228,4.21697,0.00203316,0.00158489,0.00251189,0.12475,0.1,0.15,0.646625,0.6,0.7,4.88848e-06,2.21748e+07,174566,1.10874e+06,0.01,0.95,10,10000,0.938,0.497,907,677,0.00703109,0,0.746417
352,10000,3.58633,3.16228,4.21697,0.00202509,0.00158489,0.00251189,0.125176,0.1,0.15,0.745602,0.7,0.8,4.88848e-06,1.61605e+07,143719,808024,0.01,0.95,10,10000,0.938,0.497,661,516,0.00805363,0,0.780635
353,10000,3.58903,3.16228,4.21697,0.00206182,0.00158489,0.00251189,0.124669,0.1,0.15,0.847817,0.8,0.9,4.88848e-06,1.16131e+07,115298,580653,0.01,0.95,10,10000,0.938,0.497,475,396,0.00919325,0,0.833684
354,10000,3.60951,3.16228,4.21697,0.00203944,0.00158489,0.00251189,0.123432,0.1,0.15,0.947401,0.9,1,4.88848e-06,8.38585e+06,95366.1,419292,0.01,0.95,10,10000,0.938,0.497,343,295,0.0106514,0,0.860058
355,10000,3.609,3.16228,4.21697,0.00201886,0.00158489,0.00251189,0.124348,0.1,0.15,1.1993,1,1.5,2.44424e-05,3.33478e+06,26998.1,166739,0.01,0.95,10,10000,0.938,0.497,682,584,0.00757025,0,0.856305
356,10000,3.44741,3.16228,4.21697,0.00217107,0.00158489,0.00251189,0.171468,0.15,0.2,0.06776,0,0.1,4.88848e-06,8.41029e+06,170255,420515,0.01,0.95,10,10000,0.938,0.497,344,132,0.0159232,0,0.383721
357,10000,3.49726,3.16228,4.21697,0.00214752,0.00158489,0.00251189,0.173557,0.15,0.2,0.152052,0.1,0.2,4.88848e-06,2.10502e+07,247891,1.05251e+06,0.01,0.95,10,10000,0.938,0.497,861,377,0.00942206,0,0.437863
358,10000,3.51898,3.16228,4.21697,0.00209825,0.00158489,0.00251189,0.173087,0.15,0.2,0.250197,0.2,0.3,4.88848e-06,2.74313e+07,273821,1.37156e+06,0.01,0.95,10,10000,0.938,0.497,1122,517,0.00804584,0,0.460784
359,10000,3.52037,3.16228,4.21697,0.00207193,0.00158489,0.00251189,0.17271,0.15,0.2,0.351858,0.3,0.4,4.88848e-06,2.64044e+07,235381,1.32022e+06,0.01,0.95,10,10000,0.938,0.497,1080,606,0.00743157,0,0.561111
360,10000,3.56703,3.16228,4.21697,0.00204575,0.00158489,0.00251189,0.172646,0.15,0.2,0.449837,0.4,0.5,4.88848e-06,2.5891e+07,241021,1.29455e+06,0.01,0.95,10,10000,0.938,0.497,1059,566,0.00768968,0,0.534466
361,10000,3.57814,3.16228,4.21697,0.00205115,0.00158489,0.00251189,0.173662,0.15,0.2,0.549012,0.5,0.6,4.88848e-06,2.12702e+07,205163,1.06351e+06,0.01,0.95,10,10000,0.938,0.497,870,509,0.00810882,0,0.585057
362,10000,3.56436,3.16228,4.21697,0.00202952,0.00158489,0.00251189,0.17288,0.15,0.2,0.648091,0.6,0.7,4.88848e-06,1.59404e+07,158136,797022,0.01,0.95,10,10000,0.938,0.497,652,447,0.00865293,0,0.685583
363,10000,3.57558,3.16228,4.21697,0.00204595,0.00158489,0.00251189,0.174036,0.15,0.2,0.746956,0.7,0.8,4.88848e-06,1.308e+07,128953,653998,0.01,0.95,10,10000,0.938,0.497,535,419,0.00893737,0,0.783178
364,10000,3.6128,3.16228,4.21697,0.00202705,0.00158489,0.00251189,0.173303,0.15,0.2,0.847154,0.8,0.9,4.88848e-06,8.21471e+06,104512,410735,0.01,0.95,10,10000,0.938,0.497,336,256,0.011434,0,0.761905
365,10000,3.61181,3.16228,4.21697,0.00203239,0.00158489,0.00251189,0.174476,0.15,0.2,0.945759,0.9,1,4.88848e-06,5.25643e+06,77289.9,262822,0.01,0.95,10,10000,0.938,0.497,215,180,0.0136358,0,0.837209
366,10000,3.59165,3.16228,4.21697,0.00203837,0.00158489,0.00251189,0.173465,0.15,0.2,1.18718,1,1.5,2.44424e-05,2.57688e+06,24448.7,128844,0.01,0.95,10,10000,0.938,0.497,527,436,0.0087614,0,0.827324
367,10000,3.3983,3.16228,4.21697,0.00213156,0.00158489,0.00251189,0.223634,0.2,0.25,0.0646257,0,0.1,4.88848e-06,4.81636e+06,118803,240818,0.01,0.95,10,10000,0.938,0.497,197,86,0.0197273,0,0.436548
368,10000,3.47,3.16228,4.21697,0.00214688,0.00158489,0.00251189,0.22382,0.2,0.25,0.152723,0.1,0.2,4.88848e-06,1.38868e+07,196152,694338,0.01,0.95,10,10000,0.938,0.497,568,259,0.0113675,0,0.455986
369,10000,3.54231,3.16228,4.21697,0.0020852,0.00158489,0.00251189,0.224107,0.2,0.25,0.251332,0.2,0.3,4.88848e-06,1.83364e+07,215999,916820,0.01,0.95,10,10000,0.938,0.497,750,365,0.00957569,0,0.486667
370,10000,3.54711,3.16228,4.21697,0.002066,0.00158489,0.00251189,0.224577,0.2,0.25,0.350915,0.3,0.4,4.88848e-06,1.87276e+07,199460,936379,0.01,0.95,10,10000,0.938,0.497,766,426,0.00886364,0,0.556136
371,10000,3.56354,3.16228,4.21697,0.0020729,0.00158489,0.00251189,0.223259,0.2,0.25,0.450616,0.4,0.5,4.88848e-06,1.86542e+07,197244,932711,0.01,0.95,10,10000,0.938,0.497,763,430,0.00882231,0,0.563565
372,10000,3.57073,3.16228,4.21697,0.00202687,0.00158489,0.00251189,0.22306,0.2,0.25,0.550359,0.5,0.6,4.88848e-06,1.43757e+07,165269,718787,0.01,0.95,10,10000,0.938,0.497,588,354,0.00972333,0,0.602041
373,10000,3.55418,3.16228,4.21697,0.0020421,0.00158489,0.00251189,0.22296,0.2,0.25,0.646218,0.6,0.7,4.88848e-06,1.2591e+07,149495,629550,0.01,0.95,10,10000,0.938,0.497,515,325,0.0101479,0,0.631068
374,10000,3.5892,3.16228,4.21697,0.00205288,0.00158489,0.00251189,0.225539,0.2,0.25,0.750408,0.7,0.8,4.88848e-06,9.46158e+06,123001,473079,0.01,0.95,10,10000,0.938,0.497,387,262,0.0113023,0,0.677003
375,10000,3.58133,3.16228,4.21697,0.00203123,0.00158489,0.00251189,0.223902,0.2,0.25,0.844146,0.8,0.9,4.88848e-06,6.52776e+06,102064,326388,0.01,0.95,10,10000,0.938,0.497,267,181,0.0135981,0,0.677903
376,10000,3.59777,3.16228,4.21697,0.00208338,0.00158489,0.00251189,0.22452,0.2,0.25,0.941981,0.9,1,4.88848e-06,5.0364e+06,78543.4,251820,0.01,0.95,10,10000,0.938,0.497,206,165,0.0142421,0,0.800971
377,10000,3.58038,3.16228,4.21697,0.00202846,0.00158489,0.00251189,0.223473,0.2,0.25,1.18667,1,1.5,2.44424e-05,1.88743e+06,20999.4,94371.3,0.01,0.95,10,10000,0.938,0.497,386,318,0.010259,0,0.823834
378,10000,3.52999,3.16228,4.21697,0.00207403,0.00158489,0.00251189,0.27503,0.25,0.3,0.067963,0,0.1,4.88848e-06,2.5671e+06,70008.8,128355,0.01,0.95,10,10000,0.938,0.497,105,63,0.0230487,0,0.6
379,10000,3.53423,3.16228,4.21697,0.00209539,0.00158489,0.00251189,0.274145,0.25,0.3,0.154053,0.1,0.2,4.88848e-06,8.38585e+06,126008,419292,0.01,0.95,10,10000,0.938,0.497,343,207,0.0127154,0,0.603499
380,10000,3.5582,3.16228,4.21697,0.00204587,0.00158489,0.00251189,0.274499,0.25,0.3,0.249518,0.2,0.3,4.88848e-06,1.09285e+07,148877,546425,0.01,0.95,10,10000,0.938,0.497,447,257,0.0114117,0,0.574944
381,10000,3.57077,3.16228,4.21697,0.00205284,0.00158489,0.00251189,0.274536,0.25,0.3,0.351876,0.3,0.4,4.88848e-06,1.32756e+07,158095,663778,0.01,0.95,10,10000,0.938,0.497,543,329,0.010086,0,0.605893
382,10000,3.59963,3.16228,4.21697,0.00204471,0.00158489,0.00251189,0.273764,0.25,0.3,0.451153,0.4,0.5,4.88848e-06,1.15886e+07,142420,579430,0.01,0.95,10,10000,0.938,0.497,474,302,0.0105272,0,0.637131
383,10000,3.56333,3.16228,4.21697,0.00205512,0.00158489,0.00251189,0.272391,0.25,0.3,0.547836,0.5,0.6,4.88848e-06,1.05862e+07,145277,529311,0.01,0.95,10,10000,0.938,0.497,433,252,0.0115244,0,0.581986
384,10000,3.5981,3.16228,4.21697,0.00201061,0.00158489,0.00251189,0.274294,0.25,0.3,0.646861,0.6,0.7,4.88848e-06,8.50809e+06,117617,425404,0.01,0.95,10,10000,0.938,0.497,348,233,0.011985,0,0.66954
385,10000,3.62722,3.16228,4.21697,0.00205796,0.00158489,0.00251189,0.27405,0.25,0.3,0.748542,0.7,0.8,4.88848e-06,6.65e+06,109412,332500,0.01,0.95,10,10000,0.938,0.497,272,170,0.0140311,0,0.625
386,10000,3.61778,3.16228,4.21697,0.00205101,0.00158489,0.00251189,0.272355,0.25,0.3,0.845716,0.8,0.9,4.88848e-06,5.67206e+06,98083.8,283603,0.01,0.95,10,10000,0.938,0.497,232,151,0.0148877,0,0.650862
387,10000,3.56783,3.16228,4.21697,0.00202376,0.00158489,0.00251189,0.274175,0.25,0.3,0.945108,0.9,1,4.88848e-06,3.00717e+06,65307.5,150358,0.01,0.95,10,10000,0.938,0.497,123,90,0.0192839,0,0.731707
388,10000,3.62449,3.16228,4.21697,0.0020118,0.00158489,0.00251189,0.274711,0.25,0.3,1.19839,1,1.5,2.44424e-05,1.34956e+06,18119,67477.9,0.01,0.95,10,10000,0.938,0.497,276,222,0.0122784,0,0.804348
389,10000,3.51227,3.16228,4.21697,0.00207368,0.00158489,0.00251189,0.341525,0.3,0.4,0.0691903,0,0.1,9.77696e-06,1.32022e+06,30913.2,66011,0.01,0.95,10,10000,0.938,0.497,108,78,0.0207143,0,0.722222
390,10000,3.55607,3.16228,4.21697,0.00203546,0.00158489,0.00251189,0.343986,0.3,0.4,0.153208,0.1,0.2,9.77696e-06,3.92399e+06,53085.5,196199,0.01,0.95,10,10000,0.938,0.497,321,233,0.011985,0,0.725857
391,10000,3.58234,3.16228,4.21697,0.0020535,0.00158489,0.00251189,0.344128,0.3,0.4,0.252943,0.2,0.3,9.77696e-06,6.28327e+06,66071,314164,0.01,0.95,10,10000,0.938,0.497,514,381,0.00937247,0,0.741245
392,10000,3.55924,3.16228,4.21697,0.00202015,0.00158489,0.00251189,0.343093,0.3,0.4,0.352765,0.3,0.4,9.77696e-06,6.98006e+06,70863.6,349003,0.01,0.95,10,10000,0.938,0.497,571,414,0.00899118,0,0.725044
393,10000,3.61153,3.16228,4.21697,0.00203071,0.00158489,0.00251189,0.345886,0.3,0.4,0.449427,0.4,0.5,9.77696e-06,6.96783e+06,70171,348392,0.01,0.95,10,10000,0.938,0.497,570,418,0.00894805,0,0.733333
394,10000,3.60843,3.16228,4.21697,0.00202954,0.00158489,0.00251189,0.348108,0.3,0.4,0.549787,0.5,0.6,9.77696e-06,6.58888e+06,65624.6,329444,0.01,0.95,10,10000,0.938,0.497,539,415,0.00898034,0,0.769944
395,10000,3.56022,3.16228,4.21697,0.00202239,0.00158489,0.00251189,0.344876,0.3,0.4,0.647703,0.6,0.7,9.77696e-06,5.08529e+06,58735.1,254265,0.01,0.95,10,10000,0.938,0.497,416,313,0.0103406,0,0.752404
396,10000,3.57888,3.16228,4.21697,0.00204663,0.00158489,0.00251189,0.344901,0.3,0.4,0.749015,0.7,0.8,9.77696e-06,4.43741e+06,56197.9,221870,0.01,0.95,10,10000,0.938,0.497,363,265,0.0112381,0,0.730028
397,10000,3.56989,3.16228,4.21697,0.00202441,0.00158489,0.00251189,0.344106,0.3,0.4,0.851094,0.8,0.9,9.77696e-06,3.14164e+06,44921.7,157082,0.01,0.95,10,10000,0.938,0.497,257,200,0.0129361,0,0.77821
398,10000,3.65002,3.16228,4.21697,0.00202895,0.00158489,0.00251189,0.347337,0.3,0.4,0.948516,0.9,1,9.77696e-06,2.44485e+06,38937.2,122243,0.01,0.95,10,10000,0.938,0.497,200,159,0.0145084,0,0.795
399,10000,3.5811,3.16228,4.21697,0.00204904,0.00158489,0.00251189,0.349378,0.3,0.4,1.18852,1,1.5,4.88848e-05,1.05618e+06,11883.8,52808.8,0.01,0.95,10,10000,0.938,0.497,432,328,0.0101014,0,0.759259
400,10000,3.65716,3.16228,4.21697,0.00199722,0.00158489,0.00251189,0.44495,0.4,0.5,0.0618862,0,0.1,9.77696e-06,696783,20528.3,34839.2,0.01,0.95,10,10000,0.938,0.497,57,46,0.0269735,0,0.807018
401,10000,3.58788,3.16228,4.21697,0.0020837,0.00158489,0.00251189,0.441446,0.4,0.5,0.154398,0.1,0.2,9.77696e-06,1.90699e+06,34393,95349.3,0.01,0.95,10,10000,0.938,0.497,156,124,0.0164288,0,0.794872
402,10000,3.54931,3.16228,4.21697,0.0020474,0.00158489,0.00251189,0.446298,0.4,0.5,0.253628,0.2,0.3,9.77696e-06,2.38373e+06,36853.3,119187,0.01,0.95,10,10000,0.938,0.497,195,163,0.0143292,0,0.835897
403,10000,3.56833,3.16228,4.21697,0.00203957,0.00158489,0.00251189,0.445607,0.4,0.5,0.348663,0.3,0.4,9.77696e-06,3.21498e+06,44665.7,160749,0.01,0.95,10,10000,0.938,0.497,263,209,0.0126545,0,0.794677
404,10000,3.54795,3.16228,4.21697,0.00207109,0.00158489,0.00251189,0.441057,0.4,0.5,0.443874,0.4,0.5,9.77696e-06,3.21498e+06,43791.3,160749,0.01,0.95,10,10000,0.938,0.497,263,214,0.0125058,0,0.813688
405,10000,3.56006,3.16228,4.21697,0.00205076,0.00158489,0.00251189,0.444071,0.4,0.5,0.549696,0.5,0.6,9.77696e-06,3.39835e+06,48045.6,169917,0.01,0.95,10,10000,0.938,0.497,278,209,0.0126545,0,0.751799
406,10000,3.5734,3.16228,4.21697,0.00203334,0.00158489,0.00251189,0.446416,0.4,0.5,0.64814,0.6,0.7,9.77696e-06,2.89715e+06,43608.3,144858,0.01,0.95,10,10000,0.938,0.497,237,182,0.0135607,0,0.767932
407,10000,3.55799,3.16228,4.21697,0.00200636,0.00158489,0.00251189,0.444151,0.4,0.5,0.750727,0.7,0.8,9.77696e-06,2.18814e+06,36474.7,109407,0.01,0.95,10,10000,0.938,0.497,179,144,0.0152453,0,0.804469
408,10000,3.60336,3.16228,4.21697,0.00205013,0.00158489,0.00251189,0.444886,0.4,0.5,0.850721,0.8,0.9,9.77696e-06,1.90699e+06,34624.2,95349.3,0.01,0.95,10,10000,0.938,0.497,156,123,0.0164955,0,0.788462
409,10000,3.56099,3.16228,4.21697,0.00201362,0.00158489,0.00251189,0.444088,0.4,0.5,0.952936,0.9,1,9.77696e-06,1.308e+06,27949.5,65399.8,0.01,0.95,10,10000,0.938,0.497,107,87,0.0196136,0,0.813084
410,10000,3.63676,3.16228,4.21697,0.00202778,0.00158489,0.00251189,0.446106,0.4,0.5,1.202,1,1.5,4.88848e-05,640551,9214.62,32027.6,0.01,0.95,10,10000,0.938,0.497,262,200,0.0129361,0,0.763359
411,10000,3.55936,3.16228,4.21697,0.00204745,0.00158489,0.00251189,0.545132,0.5,0.6,0.0631301,0,0.1,9.77696e-06,366728,14493.2,18336.4,0.01,0.95,10,10000,0.938,0.497,30,25,0.0365887,0,0.833333
412,10000,3.58553,3.16228,4.21697,0.00206578,0.00158489,0.00251189,0.545803,0.5,0.6,0.15413,0.1,0.2,9.77696e-06,794577,23960,39728.9,0.01,0.95,10,10000,0.938,0.497,65,47,0.026685,0,0.723077
413,10000,3.60266,3.16228,4.21697,0.00206905,0.00158489,0.00251189,0.537985,0.5,0.6,0.255148,0.2,0.3,9.77696e-06,1.35689e+06,31390.6,67844.7,0.01,0.95,10,10000,0.938,0.497,111,80,0.0204537,0,0.720721
414,10000,3.5574,3.16228,4.21697,0.00207354,0.00158489,0.00251189,0.545117,0.5,0.6,0.349618,0.3,0.4,9.77696e-06,1.76029e+06,31527.3,88014.7,0.01,0.95,10,10000,0.938,0.497,144,121,0.0166312,0,0.840278
415,10000,3.58079,3.16228,4.21697,0.00202477,0.00158489,0.00251189,0.545314,0.5,0.6,0.448354,0.4,0.5,9.77696e-06,1.84586e+06,33610.5,92293.2,0.01,0.95,10,10000,0.938,0.497,151,121,0.0166312,0,0.801325
416,10000,3.56825,3.16228,4.21697,0.00203377,0.00158489,0.00251189,0.538206,0.5,0.6,0.548846,0.5,0.6,9.77696e-06,1.50358e+06,29968.7,75179.2,0.01,0.95,10,10000,0.938,0.497,123,100,0.0182943,0,0.813008
417,10000,3.55056,3.16228,4.21697,0.00202797,0.00158489,0.00251189,0.544714,0.5,0.6,0.655942,0.6,0.7,9.77696e-06,1.2591e+06,27079.5,62955,0.01,0.95,10,10000,0.938,0.497,103,85,0.019843,0,0.825243
418,10000,3.55014,3.16228,4.21697,0.00205277,0.00158489,0.00251189,0.545359,0.5,0.6,0.743116,0.7,0.8,9.77696e-06,1.14908e+06,24651.8,57454,0.01,0.95,10,10000,0.938,0.497,94,82,0.0202027,0,0.87234
419,10000,3.55971,3.16228,4.21697,0.0020361,0.00158489,0.00251189,0.541447,0.5,0.6,0.851635,0.8,0.9,9.77696e-06,990165,25230.7,49508.3,0.01,0.95,10,10000,0.938,0.497,81,63,0.0230487,0,0.777778
420,10000,3.5348,3.16228,4.21697,0.00204397,0.00158489,0.00251189,0.544621,0.5,0.6,0.951851,0.9,1,9.77696e-06,598989,18076.2,29949.4,0.01,0.95,10,10000,0.938,0.497,49,42,0.0282288,0,0.857143
421,10000,3.63495,3.16228,4.21697,0.00204786,0.00158489,0.00251189,0.544021,0.5,0.6,1.21535,1,1.5,4.88848e-05,403401,7803.5,20170,0.01,0.95,10,10000,0.938,0.497,165,116,0.0169859,0,0.70303
422,10000,3.40014,3.16228,4.21697,0.00198645,0.00158489,0.00251189,0.634827,0.6,0.7,0.0681421,0,0.1,9.77696e-06,171140,12157.9,8556.99,0.01,0.95,10,10000,0.938,0.497,14,9,0.0609811,0,0.642857
423,10000,3.54709,3.16228,4.21697,0.00203565,0.00158489,0.00251189,0.643317,0.6,0.7,0.150746,0.1,0.2,9.77696e-06,488971,16879.6,24448.5,0.01,0.95,10,10000,0.938,0.497,40,33,0.0318464,0,0.825
424,10000,3.53636,3.16228,4.21697,0.00200877,0.00158489,0.00251189,0.646191,0.6,0.7,0.254664,0.2,0.3,9.77696e-06,635662,19593.5,31783.1,0.01,0.95,10,10000,0.938,0.497,52,42,0.0282288,0,0.807692
425,10000,3.5645,3.16228,4.21697,0.00207613,0.00158489,0.00251189,0.637834,0.6,0.7,0.350143,0.3,0.4,9.77696e-06,794577,22082.2,39728.9,0.01,0.95,10,10000,0.938,0.497,65,52,0.0253697,0,0.8
426,10000,3.55018,3.16228,4.21697,0.00203154,0.00158489,0.00251189,0.643923,0.6,0.7,0.450237,0.4,0.5,9.77696e-06,733456,18211.6,36672.8,0.01,0.95,10,10000,0.938,0.497,60,57,0.0242314,0,0.95
427,10000,3.59425,3.16228,4.21697,0.00200383,0.00158489,0.00251189,0.646892,0.6,0.7,0.549775,0.5,0.6,9.77696e-06,696783,19798.3,34839.2,0.01,0.95,10,10000,0.938,0.497,57,48,0.0264056,0,0.842105
428,10000,3.61866,3.16228,4.21697,0.00205538,0.00158489,0.00251189,0.642277,0.6,0.7,0.652737,0.6,0.7,9.77696e-06,867923,23699.9,43396.1,0.01,0.95,10,10000,0.938,0.497,71,55,0.0246681,0,0.774648
429,10000,3.55567,3.16228,4.21697,0.00205194,0.00158489,0.00251189,0.640603,0.6,0.7,0.749259,0.7,0.8,9.77696e-06,647886,17559.7,32394.3,0.01,0.95,10,10000,0.938,0.497,53,49,0.0261348,0,0.924528
430,10000,3.52189,3.16228,4.21697,0.0021203,0.00158489,0.00251189,0.64579,0.6,0.7,0.847079,0.8,0.9,9.77696e-06,464522,17550.2,23226.1,0.01,0.95,10,10000,0.938,0.497,38,29,0.0339717,0,0.763158
431,10000,3.59953,3.16228,4.21697,0.00212025,0.00158489,0.00251189,0.639925,0.6,0.7,0.947243,0.9,1,9.77696e-06,501195,17899.5,25059.7,0.01,0.95,10,10000,0.938,0.497,41,32,0.0323401,0,0.780488
432,10000,3.58443,3.16228,4.21697,0.00204105,0.00158489,0.00251189,0.643298,0.6,0.7,1.19355,1,1.5,4.88848e-05,195588,4594.21,9779.41,0.01,0.95,10,10000,0.938,0.497,80,69,0.0220238,0,0.8625
433,10000,3.80624,3.16228,4.21697,0.0022596,0.00158489,0.00251189,0.73565,0.7,0.8,0.0703629,0,0.1,9.77696e-06,36672.8,3873.47,1833.64,0.01,0.95,10,10000,0.938,0.497,3,3,0.105622,0,1
434,10000,3.53378,3.16228,4.21697,0.0020807,0.00158489,0.00251189,0.734389,0.7,0.8,0.15165,0.1,0.2,9.77696e-06,220037,12620.3,11001.8,0.01,0.95,10,10000,0.938,0.497,18,13,0.0507394,0,0.722222
435,10000,3.50816,3.16228,4.21697,0.00203689,0.00158489,0.00251189,0.74003,0.7,0.8,0.243807,0.2,0.3,9.77696e-06,378952,16789.5,18947.6,0.01,0.95,10,10000,0.938,0.497,31,22,0.0390037,0,0.709677
436,10000,3.47869,3.16228,4.21697,0.00193781,0.00158489,0.00251189,0.739019,0.7,0.8,0.338957,0.3,0.4,9.77696e-06,488971,16037.7,24448.5,0.01,0.95,10,10000,0.938,0.497,40,35,0.0309231,0,0.875
437,10000,3.54496,3.16228,4.21697,0.00201706,0.00158489,0.00251189,0.754948,0.7,0.8,0.459744,0.4,0.5,9.77696e-06,366728,15001.9,18336.4,0.01,0.95,10,10000,0.938,0.497,30,24,0.0373432,0,0.8
438,10000,3.46393,3.16228,4.21697,0.00198276,0.00158489,0.00251189,0.748952,0.7,0.8,0.545911,0.5,0.6,9.77696e-06,354504,14856.2,17725.2,0.01,0.95,10,10000,0.938,0.497,29,23,0.0381463,0,0.793103
439,10000,3.54818,3.16228,4.21697,0.0021309,0.00158489,0.00251189,0.735103,0.7,0.8,0.653572,0.6,0.7,9.77696e-06,403401,16994.8,20170,0.01,0.95,10,10000,0.938,0.497,33,24,0.0373432,0,0.727273
440,10000,3.5923,3.16228,4.21697,0.0020935,0.00158489,0.00251189,0.75299,0.7,0.8,0.738711,0.7,0.8,9.77696e-06,330055,13490.8,16502.8,0.01,0.95,10,10000,0.938,0.497,27,23,0.0381463,0,0.851852
441,10000,3.45031,3.16228,4.21697,0.00206569,0.00158489,0.00251189,0.734633,0.7,0.8,0.857618,0.8,0.9,9.77696e-06,207813,11020.8,10390.6,0.01,0.95,10,10000,0.938,0.497,17,14,0.0488937,0,0.823529
442,10000,3.54817,3.16228,4.21697,0.00217809,0.00158489,0.00251189,0.742273,0.7,0.8,0.956493,0.9,1,9.77696e-06,207813,10377.6,10390.6,0.01,0.95,10,10000,0.938,0.497,17,15,0.0472358,0,0.882353
443,10000,3.52478,3.16228,4.21697,0.0020611,0.00158489,0.00251189,0.743527,0.7,0.8,1.19761,1,1.5,4.88848e-05,119798,3691.59,5989.89,0.01,0.95,10,10000,0.938,0.497,49,41,0.028571,0,0.836735
444,10000,3.51112,3.16228,4.21697,0.00221507,0.00158489,0.00251189,0.835878,0.8,0.9,0.0820447,0,0.1,9.77696e-06,24448.5,-nan,1222.43,0.01,0.95,10,10000,0.938,0.497,2,3,0.105622,0,1.5
445,10000,3.39233,3.16228,4.21697,0.00196951,0.00158489,0.00251189,0.833775,0.8,0.9,0.156365,0.1,0.2,9.77696e-06,110018,6709.05,5500.92,0.01,0.95,10,10000,0.938,0.497,9,9,0.0609811,0,1
446,10000,3.48335,3.16228,4.21697,0.00208591,0.00158489,0.00251189,0.847429,0.8,0.9,0.240848,0.2,0.3,9.77696e-06,134467,7417.13,6723.35,0.01,0.95,10,10000,0.938,0.497,11,11,0.0551595,0,1
447,10000,3.54365,3.16228,4.21697,0.00201507,0.00158489,0.00251189,0.847537,0.8,0.9,0.356295,0.3,0.4,9.77696e-06,207813,12484.9,10390.6,0.01,0.95,10,10000,0.938,0.497,17,12,0.0528112,0,0.705882
448,10000,3.45388,3.16228,4.21697,0.00210321,0.00158489,0.00251189,0.837448,0.8,0.9,0.464466,0.4,0.5,9.77696e-06,232261,12763.2,11613.1,0.01,0.95,10,10000,0.938,0.497,19,14,0.0488937,0,0.736842
449,10000,3.51514,3.16228,4.21697,0.00198061,0.00158489,0.00251189,0.844332,0.8,0.9,0.536742,0.5,0.6,9.77696e-06,220037,11893.9,11001.8,0.01,0.95,10,10000,0.938,0.497,18,14,0.0488937,0,0.777778
450,10000,3.58388,3.16228,4.21697,0.00203981,0.00158489,0.00251189,0.863542,0.8,0.9,0.653258,0.6,0.7,9.77696e-06,110018,8410.23,5500.92,0.01,0.95,10,10000,0.938,0.497,9,7,0.0691461,0,0.777778
451,10000,3.51036,3.16228,4.21697,0.00192709,0.00158489,0.00251189,0.845173,0.8,0.9,0.751097,0.7,0.8,9.77696e-06,171140,9662.13,8556.99,0.01,0.95,10,10000,0.938,0.497,14,12,0.0528112,0,0.857143
452,10000,3.30553,3.16228,4.21697,0.00206957,0.00158489,0.00251189,0.844181,0.8,0.9,0.83167,0.8,0.9,9.77696e-06,24448.5,-nan,1222.43,0.01,0.95,10,10000,0.938,0.497,2,3,0.105622,0,1.5
453,10000,3.49572,3.16228,4.21697,0.00197423,0.00158489,0.00251189,0.853637,0.8,0.9,0.91356,0.9,1,9.77696e-06,73345.6,7746.94,3667.28,0.01,0.95,10,10000,0.938,0.497,6,4,0.0914717,0,0.666667
454,10000,3.69145,3.16228,4.21697,0.00204873,0.00158489,0.00251189,0.843955,0.8,0.9,1.19106,1,1.5,4.88848e-05,56231.6,2937.2,2811.58,0.01,0.95,10,10000,0.938,0.497,23,16,0.0457358,0,0.695652
455,10000,3.30623,3.16228,4.21697,0.00166898,0.00158489,0.00251189,0.9468,0.9,1,0.0516372,0,0.1,9.77696e-06,12224.3,2236.35,611.213,0.01,0.95,10,10000,0.938,0.497,1,1,0.182943,0,1
456,10000,3.26037,3.16228,4.21697,0.0018541,0.00158489,0.00251189,0.953355,0.9,1,0.143634,0.1,0.2,9.77696e-06,48897.1,5774.23,2444.85,0.01,0.95,10,10000,0.938,0.497,4,3,0.105622,0,0.75
457,10000,3.64873,3.16228,4.21697,0.0020467,0.00158489,0.00251189,0.927164,0.9,1,0.261264,0.2,0.3,9.77696e-06,36672.8,5477.91,1833.64,0.01,0.95,10,10000,0.938,0.497,3,2,0.129361,0,0.666667
458,10000,3.62052,3.16228,4.21697,0.00174223,0.00158489,0.00251189,0.940919,0.9,1,0.348242,0.3,0.4,9.77696e-06,24448.5,3162.67,1222.43,0.01,0.95,10,10000,0.938,0.497,2,2,0.129361,0,1
459,10000,3.46703,3.16228,4.21697,0.00205714,0.00158489,0.00251189,0.930777,0.9,1,0.469734,0.4,0.5,9.77696e-06,110018,8410.23,5500.92,0.01,0.95,10,10000,0.938,0.497,9,7,0.0691461,0,0.777778
460,10000,3.53627,3.16228,4.21697,0.0019997,0.00158489,0.00251189,0.933609,0.9,1,0.540791,0.5,0.6,9.77696e-06,48897.1,5774.23,2444.85,0.01,0.95,10,10000,0.938,0.497,4,3,0.105622,0,0.75
461,10000,3.61146,3.16228,4.21697,0.00207305,0.00158489,0.00251189,0.92647,0.9,1,0.641853,0.6,0.7,9.77696e-06,85569.9,9355.32,4278.49,0.01,0.95,10,10000,0.938,0.497,7,4,0.0914717,0,0.571429
462,10000,3.65989,3.16228,4.21697,0.0019566,0.00158489,0.00251189,0.941474,0.9,1,0.726018,0.7,0.8,9.77696e-06,12224.3,-nan,611.213,0.01,0.95,10,10000,0.938,0.497,1,2,0.129361,0,2
463,10000,3.21855,3.16228,4.21697,0.00183966,0.00158489,0.00251189,0.960305,0.9,1,0.92034,0.9,1,9.77696e-06,12224.3,2236.35,611.213,0.01,0.95,10,10000,0.938,0.497,1,1,0.182943,0,1
464,10000,3.53887,3.16228,4.21697,0.00195312,0.00158489,0.00251189,0.951749,0.9,1,1.17093,1,1.5,4.88848e-05,19558.8,1434.45,977.941,0.01,0.95,10,10000,0.938,0.497,8,7,0.0691461,0,0.875
465,10000,3.5411,3.16228,4.21697,0.00341043,0.00251189,0.00398107,0.0818101,0.05,0.1,0.0765555,0,0.1,7.74763e-06,1.3575e+07,615194,678750,0.01,0.95,10,10000,0.938,0.497,880,32,0.0323401,0,0.0363636
466,10000,3.54774,3.16228,4.21697,0.00326869,0.00251189,0.00398107,0.0747039,0.05,0.1,0.157133,0.1,0.2,7.74763e-06,3.46626e+07,592470,1.73313e+06,0.01,0.95,10,10000,0.938,0.497,2247,218,0.0123905,0,0.0970182
467,10000,3.5792,3.16228,4.21697,0.00319352,0.00251189,0.00398107,0.0719043,0.05,0.1,0.248163,0.2,0.3,7.74763e-06,4.44119e+07,684015,2.22059e+06,0.01,0.95,10,10000,0.938,0.497,2879,269,0.0111543,0,0.0934352
468,10000,3.54971,3.16228,4.21697,0.00329851,0.00251189,0.00398107,0.0731626,0.05,0.1,0.353429,0.3,0.4,7.74763e-06,4.29155e+07,479531,2.14578e+06,0.01,0.95,10,10000,0.938,0.497,2782,489,0.00827299,0,0.175773
469,10000,3.57186,3.16228,4.21697,0.00324494,0.00251189,0.00398107,0.074083,0.05,0.1,0.450154,0.4,0.5,7.74763e-06,3.77632e+07,308153,1.88816e+06,0.01,0.95,10,10000,0.938,0.497,2448,834,0.00633481,0,0.340686
470,10000,3.58642,3.16228,4.21697,0.00322132,0.00251189,0.00398107,0.0721643,0.05,0.1,0.550204,0.5,0.6,7.74763e-06,3.00656e+07,226086,1.50328e+06,0.01,0.95,10,10000,0.938,0.497,1949,908,0.00607119,0,0.46588
471,10000,3.59887,3.16228,4.21697,0.00322933,0.00251189,0.00398107,0.0713312,0.05,0.1,0.649987,0.6,0.7,7.74763e-06,2.17354e+07,160647,1.08677e+06,0.01,0.95,10,10000,0.938,0.497,1409,854,0.00626019,0,0.606104
472,10000,3.60357,3.16228,4.21697,0.00319478,0.00251189,0.00398107,0.0725145,0.05,0.1,0.748068,0.7,0.8,7.74763e-06,1.60123e+07,123072,800617,0.01,0.95,10,10000,0.938,0.497,1038,733,0.00675717,0,0.706166
473,10000,3.63599,3.16228,4.21697,0.00319251,0.00251189,0.00398107,0.0731099,0.05,0.1,0.84618,0.8,0.9,7.74763e-06,1.18781e+07,97751.3,593907,0.01,0.95,10,10000,0.938,0.497,770,602,0.00745622,0,0.781818
474,10000,3.6444,3.16228,4.21697,0.00316914,0.00251189,0.00398107,0.0719675,0.05,0.1,0.946368,0.9,1,7.74763e-06,8.12958e+06,81033.4,406479,0.01,0.95,10,10000,0.938,0.497,527,411,0.00902393,0,0.779886
475,10000,3.60201,3.16228,4.21697,0.00317645,0.00251189,0.00398107,0.0735764,0.05,0.1,1.18831,1,1.5,3.87382e-05,3.18704e+06,22115,159352,0.01,0.95,10,10000,0.938,0.497,1033,831,0.00634624,0,0.804453
476,10000,3.73899,3.16228,4.21697,0.00305453,0.00251189,0.00398107,0.126218,0.1,0.15,0.0654005,0,0.1,7.74763e-06,9.33282e+06,240568,466641,0.01,0.95,10,10000,0.938,0.497,605,93,0.0189703,0,0.153719
477,10000,3.71634,3.16228,4.21697,0.00309479,0.00251189,0.00398107,0.131319,0.1,0.15,0.154287,0.1,0.2,7.74763e-06,2.35249e+07,349388,1.17624e+06,0.01,0.95,10,10000,0.938,0.497,1525,276,0.0110119,0,0.180984
478,10000,3.72221,3.16228,4.21697,0.00311294,0.00251189,0.00398107,0.130007,0.1,0.15,0.253659,0.2,0.3,7.74763e-06,2.97879e+07,344080,1.48939e+06,0.01,0.95,10,10000,0.938,0.497,1931,444,0.00868211,0,0.229933
479,10000,3.65733,3.16228,4.21697,0.00313742,0.00251189,0.00398107,0.126489,0.1,0.15,0.351774,0.3,0.4,7.74763e-06,2.9248e+07,276351,1.4624e+06,0.01,0.95,10,10000,0.938,0.497,1896,626,0.00731189,0,0.330169
480,10000,3.6648,3.16228,4.21697,0.00315687,0.00251189,0.00398107,0.125927,0.1,0.15,0.451158,0.4,0.5,7.74763e-06,2.60702e+07,218375,1.30351e+06,0.01,0.95,10,10000,0.938,0.497,1690,744,0.00670703,0,0.440237
481,10000,3.61076,3.16228,4.21697,0.00315846,0.00251189,0.00398107,0.125489,0.1,0.15,0.548267,0.5,0.6,7.74763e-06,2.08099e+07,179798,1.04049e+06,0.01,0.95,10,10000,0.938,0.497,1349,673,0.00705195,0,0.498888
482,10000,3.63922,3.16228,4.21697,0.00315472,0.00251189,0.00398107,0.123965,0.1,0.15,0.648487,0.6,0.7,7.74763e-06,1.45777e+07,134550,728885,0.01,0.95,10,10000,0.938,0.497,945,555,0.00776551,0,0.587302
483,10000,3.63924,3.16228,4.21697,0.003172,0.00251189,0.00398107,0.123689,0.1,0.15,0.747944,0.7,0.8,7.74763e-06,1.07675e+07,107574,538373,0.01,0.95,10,10000,0.938,0.497,698,453,0.00859543,0,0.648997
484,10000,3.64394,3.16228,4.21697,0.0031589,0.00251189,0.00398107,0.125072,0.1,0.15,0.847341,0.8,0.9,7.74763e-06,7.57424e+06,82378.1,378712,0.01,0.95,10,10000,0.938,0.497,491,359,0.00965538,0,0.731161
485,10000,3.62859,3.16228,4.21697,0.00312921,0.00251189,0.00398107,0.12283,0.1,0.15,0.947398,0.9,1,7.74763e-06,5.30659e+06,63951,265330,0.01,0.95,10,10000,0.938,0.497,344,276,0.0110119,0,0.802326
486,10000,3.62065,3.16228,4.21697,0.00320819,0.00251189,0.00398107,0.124741,0.1,0.15,1.18512,1,1.5,3.87382e-05,2.28616e+06,18141.5,114308,0.01,0.95,10,10000,0.938,0.497,741,619,0.00735312,0,0.835358
487,10000,3.69211,3.16228,4.21697,0.0031577,0.00251189,0.00398107,0.176523,0.15,0.2,0.0636677,0,0.1,7.74763e-06,6.10875e+06,89706.8,305438,0.01,0.95,10,10000,0.938,0.497,396,223,0.0122508,0,0.563131
488,10000,3.65901,3.16228,4.21697,0.00312784,0.00251189,0.00398107,0.174574,0.15,0.2,0.154555,0.1,0.2,7.74763e-06,1.49479e+07,141168,747397,0.01,0.95,10,10000,0.938,0.497,969,541,0.00786535,0,0.558308
489,10000,3.65127,3.16228,4.21697,0.00319827,0.00251189,0.00398107,0.174768,0.15,0.2,0.250437,0.2,0.3,7.74763e-06,2.07944e+07,166134,1.03972e+06,0.01,0.95,10,10000,0.938,0.497,1348,755,0.00665799,0,0.560089
490,10000,3.62342,3.16228,4.21697,0.00317333,0.00251189,0.00398107,0.174458,0.15,0.2,0.350177,0.3,0.4,7.74763e-06,2.10721e+07,168629,1.05361e+06,0.01,0.95,10,10000,0.938,0.497,1366,756,0.00665359,0,0.553441
491,10000,3.64525,3.16228,4.21697,0.00317749,0.00251189,0.00398107,0.174067,0.15,0.2,0.447713,0.4,0.5,7.74763e-06,1.9329e+07,150702,966448,0.01,0.95,10,10000,0.938,0.497,1253,765,0.00661433,0,0.610535
492,10000,3.62019,3.16228,4.21697,0.00320491,0.00251189,0.00398107,0.174251,0.15,0.2,0.549127,0.5,0.6,7.74763e-06,1.53027e+07,133717,765137,0.01,0.95,10,10000,0.938,0.497,992,608,0.00741933,0,0.612903
493,10000,3.6337,3.16228,4.21697,0.00316385,0.00251189,0.00398107,0.174164,0.15,0.2,0.647564,0.6,0.7,7.74763e-06,1.2526e+07,120748,626302,0.01,0.95,10,10000,0.938,0.497,812,499,0.00818967,0,0.614532
494,10000,3.61582,3.16228,4.21697,0.00316556,0.00251189,0.00398107,0.172539,0.15,0.2,0.74527,0.7,0.8,7.74763e-06,8.22214e+06,84070.8,411107,0.01,0.95,10,10000,0.938,0.497,533,400,0.00914717,0,0.750469
495,10000,3.60025,3.16228,4.21697,0.00317496,0.00251189,0.00398107,0.175351,0.15,0.2,0.846622,0.8,0.9,7.74763e-06,5.70767e+06,69578.5,285384,0.01,0.95,10,10000,0.938,0.497,370,280,0.010933,0,0.756757
496,10000,3.63116,3.16228,4.21697,0.00318358,0.00251189,0.00398107,0.175977,0.15,0.2,0.947523,0.9,1,7.74763e-06,4.05708e+06,55479.7,202854,0.01,0.95,10,10000,0.938,0.497,263,213,0.0125351,0,0.809886
497,10000,3.63881,3.16228,4.21697,0.003172,0.00251189,0.00398107,0.173575,0.15,0.2,1.18323,1,1.5,3.87382e-05,1.87582e+06,16237.2,93791,0.01,0.95,10,10000,0.938,0.497,608,515,0.00806145,0,0.847039
498,10000,3.6101,3.16228,4.21697,0.00324778,0.00251189,0.00398107,0.223148,0.2,0.25,0.0658753,0,0.1,7.74763e-06,3.22406e+06,49034.1,161203,0.01,0.95,10,10000,0.938,0.497,209,171,0.01399,0,0.818182
499,10000,3.6365,3.16228,4.21697,0.00322011,0.00251189,0.00398107,0.223924,0.2,0.25,0.154037,0.1,0.2,7.74763e-06,9.59506e+06,90167.2,479753,0.01,0.95,10,10000,0.938,0.497,622,471,0.00842959,0,0.757235
500,10000,3.58513,3.16228,4.21697,0.00323496,0.00251189,0.00398107,0.22432,0.2,0.25,0.249991,0.2,0.3,7.74763e-06,1.34979e+07,109265,674894,0.01,0.95,10,10000,0.938,0.497,875,645,0.00720339,0,0.737143
501,10000,3.59302,3.16228,4.21697,0.00321645,0.00251189,0.00398107,0.224612,0.2,0.25,0.349054,0.3,0.4,7.74763e-06,1.40532e+07,117594,702661,0.01,0.95,10,10000,0.938,0.497,911,627,0.00730606,0,0.688255
502,10000,3.58604,3.16228,4.21697,0.00324817,0.00251189,0.00398107,0.224061,0.2,0.25,0.448464,0.4,0.5,7.74763e-06,1.29734e+07,114008,648669,0.01,0.95,10,10000,0.938,0.497,841,572,0.00764925,0,0.680143
503,10000,3.5912,3.16228,4.21697,0.00321406,0.00251189,0.00398107,0.223336,0.2,0.25,0.551082,0.5,0.6,7.74763e-06,1.24798e+07,112163,623988,0.01,0.95,10,10000,0.938,0.497,809,548,0.00781495,0,0.677379
504,10000,3.59386,3.16228,4.21697,0.00319137,0.00251189,0.00398107,0.224168,0.2,0.25,0.645939,0.6,0.7,7.74763e-06,8.88546e+06,89416.2,444273,0.01,0.95,10,10000,0.938,0.497,576,420,0.00892672,0,0.729167
505,10000,3.59704,3.16228,4.21697,0.00318031,0.00251189,0.00398107,0.224742,0.2,0.25,0.747795,0.7,0.8,7.74763e-06,6.6641e+06,83605.1,333205,0.01,0.95,10,10000,0.938,0.497,432,285,0.0108366,0,0.659722
506,10000,3.6185,3.16228,4.21697,0.00322814,0.00251189,0.00398107,0.224703,0.2,0.25,0.848969,0.8,0.9,7.74763e-06,4.70497e+06,60362.9,235249,0.01,0.95,10,10000,0.938,0.497,305,244,0.0117118,0,0.8
507,10000,3.60722,3.16228,4.21697,0.00316224,0.00251189,0.00398107,0.222806,0.2,0.25,0.947353,0.9,1,7.74763e-06,3.67142e+06,52263.5,183571,0.01,0.95,10,10000,0.938,0.497,238,195,0.0131008,0,0.819328
508,10000,3.61008,3.16228,4.21697,0.00318928,0.00251189,0.00398107,0.223935,0.2,0.25,1.19167,1,1.5,3.87382e-05,1.40069e+06,14240.5,70034.7,0.01,0.95,10,10000,0.938,0.497,454,378,0.00940959,0,0.832599
509,10000,3.57222,3.16228,4.21697,0.00317654,0.00251189,0.00398107,0.272523,0.25,0.3,0.0707004,0,0.1,7.74763e-06,2.26764e+06,42385.2,113382,0.01,0.95,10,10000,0.938,0.497,147,116,0.0169859,0,0.789116
510,10000,3.61301,3.16228,4.21697,0.00321389,0.00251189,0.00398107,0.273094,0.25,0.3,0.153989,0.1,0.2,7.74763e-06,5.93907e+06,70072.5,296953,0.01,0.95,10,10000,0.938,0.497,385,296,0.0106334,0,0.768831
511,10000,3.61156,3.16228,4.21697,0.00320878,0.00251189,0.00398107,0.274176,0.25,0.3,0.253742,0.2,0.3,7.74763e-06,8.42268e+06,81196.7,421134,0.01,0.95,10,10000,0.938,0.497,546,434,0.00878156,0,0.794872
512,10000,3.58808,3.16228,4.21697,0.00319319,0.00251189,0.00398107,0.272645,0.25,0.3,0.351492,0.3,0.4,7.74763e-06,9.7956e+06,92312.3,489780,0.01,0.95,10,10000,0.938,0.497,635,473,0.00841175,0,0.744882
513,10000,3.58534,3.16228,4.21697,0.0032555,0.00251189,0.00398107,0.273787,0.25,0.3,0.449886,0.4,0.5,7.74763e-06,9.17856e+06,91351.3,458928,0.01,0.95,10,10000,0.938,0.497,595,431,0.00881207,0,0.72437
514,10000,3.62969,3.16228,4.21697,0.00320251,0.00251189,0.00398107,0.273528,0.25,0.3,0.547881,0.5,0.6,7.74763e-06,7.7285e+06,86785.9,386425,0.01,0.95,10,10000,0.938,0.497,501,347,0.00982092,0,0.692615
515,10000,3.59912,3.16228,4.21697,0.00326452,0.00251189,0.00398107,0.275129,0.25,0.3,0.64466,0.6,0.7,7.74763e-06,6.86464e+06,78875.9,343232,0.01,0.95,10,10000,0.938,0.497,445,323,0.0101792,0,0.725843
516,10000,3.61214,3.16228,4.21697,0.00324821,0.00251189,0.00398107,0.273769,0.25,0.3,0.746035,0.7,0.8,7.74763e-06,5.12148e+06,67464.1,256074,0.01,0.95,10,10000,0.938,0.497,332,244,0.0117118,0,0.73494
517,10000,3.58584,3.16228,4.21697,0.00320041,0.00251189,0.00398107,0.271526,0.25,0.3,0.851318,0.8,0.9,7.74763e-06,3.77941e+06,57716.1,188970,0.01,0.95,10,10000,0.938,0.497,245,181,0.0135981,0,0.738776
518,10000,3.61156,3.16228,4.21697,0.00328403,0.00251189,0.00398107,0.274842,0.25,0.3,0.952129,0.9,1,7.74763e-06,2.76128e+06,48240.1,138064,0.01,0.95,10,10000,0.938,0.497,179,136,0.0156873,0,0.759777
519,10000,3.63872,3.16228,4.21697,0.00321634,0.00251189,0.00398107,0.274578,0.25,0.3,1.18927,1,1.5,3.87382e-05,996529,12520.4,49826.5,0.01,0.95,10,10000,0.938,0.497,323,256,0.011434,0,0.79257
520,10000,3.5832,3.16228,4.21697,0.00321099,0.00251189,0.00398107,0.345447,0.3,0.4,0.0645079,0,0.1,1.54953e-05,1.12611e+06,19033,56305.4,0.01,0.95,10,10000,0.938,0.497,146,130,0.0160452,0,0.890411
521,10000,3.62443,3.16228,4.21697,0.00316046,0.00251189,0.00398107,0.345267,0.3,0.4,0.156476,0.1,0.2,1.54953e-05,2.90783e+06,32878.8,145391,0.01,0.95,10,10000,0.938,0.497,377,309,0.0104073,0,0.819629
522,10000,3.61242,3.16228,4.21697,0.00321483,0.00251189,0.00398107,0.342515,0.3,0.4,0.250646,0.2,0.3,1.54953e-05,4.47358e+06,40447.5,223679,0.01,0.95,10,10000,0.938,0.497,580,480,0.00835019,0,0.827586
523,10000,3.58898,3.16228,4.21697,0.00321954,0.00251189,0.00398107,0.344292,0.3,0.4,0.351112,0.3,0.4,1.54953e-05,5.6614e+06,46371.9,283070,0.01,0.95,10,10000,0.938,0.497,734,594,0.00750626,0,0.809264
524,10000,3.6176,3.16228,4.21697,0.0032248,0.00251189,0.00398107,0.342566,0.3,0.4,0.449763,0.4,0.5,1.54953e-05,5.26803e+06,46529.7,263401,0.01,0.95,10,10000,0.938,0.497,683,527,0.00796914,0,0.771596
525,10000,3.57958,3.16228,4.21697,0.0032397,0.00251189,0.00398107,0.343627,0.3,0.4,0.54966,0.5,0.6,1.54953e-05,5.0135e+06,45727.8,250675,0.01,0.95,10,10000,0.938,0.497,650,497,0.00820613,0,0.764615
526,10000,3.60216,3.16228,4.21697,0.00323459,0.00251189,0.00398107,0.34324,0.3,0.4,0.647998,0.6,0.7,1.54953e-05,4.11107e+06,42889.3,205553,0.01,0.95,10,10000,0.938,0.497,533,390,0.0092637,0,0.731707
527,10000,3.64828,3.16228,4.21697,0.00321612,0.00251189,0.00398107,0.347738,0.3,0.4,0.746801,0.7,0.8,1.54953e-05,3.37061e+06,39886.9,168531,0.01,0.95,10,10000,0.938,0.497,437,309,0.0104073,0,0.707094
528,10000,3.60116,3.16228,4.21697,0.00321646,0.00251189,0.00398107,0.346088,0.3,0.4,0.85084,0.8,0.9,1.54953e-05,2.56845e+06,34417.7,128423,0.01,0.95,10,10000,0.938,0.497,333,239,0.0118336,0,0.717718
529,10000,3.61551,3.16228,4.21697,0.00320985,0.00251189,0.00398107,0.347142,0.3,0.4,0.946875,0.9,1,1.54953e-05,1.78943e+06,27746.8,89471.7,0.01,0.95,10,10000,0.938,0.497,232,174,0.0138689,0,0.75
530,10000,3.64224,3.16228,4.21697,0.00313503,0.00251189,0.00398107,0.346583,0.3,0.4,1.20046,1,1.5,7.74763e-05,749711,8238.54,37485.5,0.01,0.95,10,10000,0.938,0.497,486,353,0.00973709,0,0.726337
531,10000,3.64598,3.16228,4.21697,0.00314214,0.00251189,0.00398107,0.447656,0.4,0.5,0.0580688,0,0.1,1.54953e-05,555341,14792.2,27767.1,0.01,0.95,10,10000,0.938,0.497,72,57,0.0242314,0,0.791667
532,10000,3.59972,3.16228,4.21697,0.00320354,0.00251189,0.00398107,0.441232,0.4,0.5,0.155995,0.1,0.2,1.54953e-05,1.39607e+06,22958.5,69803.3,0.01,0.95,10,10000,0.938,0.497,181,147,0.0150889,0,0.812155
533,10000,3.5832,3.16228,4.21697,0.00319385,0.00251189,0.00398107,0.443926,0.4,0.5,0.252822,0.2,0.3,1.54953e-05,2.22137e+06,27345.1,111068,0.01,0.95,10,10000,0.938,0.497,288,250,0.0115704,0,0.868056
534,10000,3.58532,3.16228,4.21697,0.00319827,0.00251189,0.00398107,0.444693,0.4,0.5,0.350227,0.3,0.4,1.54953e-05,2.49132e+06,30310.7,124566,0.01,0.95,10,10000,0.938,0.497,323,266,0.011217,0,0.823529
535,10000,3.58643,3.16228,4.21697,0.00319523,0.00251189,0.00398107,0.444915,0.4,0.5,0.451934,0.4,0.5,1.54953e-05,2.66101e+06,31431,133051,0.01,0.95,10,10000,0.938,0.497,345,283,0.0108749,0,0.82029
536,10000,3.62427,3.16228,4.21697,0.00318991,0.00251189,0.00398107,0.44384,0.4,0.5,0.547553,0.5,0.6,1.54953e-05,2.43733e+06,31842.9,121867,0.01,0.95,10,10000,0.938,0.497,316,242,0.01176,0,0.765823
537,10000,3.57113,3.16228,4.21697,0.00326517,0.00251189,0.00398107,0.445956,0.4,0.5,0.646497,0.6,0.7,1.54953e-05,2.05168e+06,28950.8,102584,0.01,0.95,10,10000,0.938,0.497,266,206,0.0127463,0,0.774436
538,10000,3.5967,3.16228,4.21697,0.00321148,0.00251189,0.00398107,0.445001,0.4,0.5,0.74351,0.7,0.8,1.54953e-05,1.68145e+06,26700.2,84072.5,0.01,0.95,10,10000,0.938,0.497,218,165,0.0142421,0,0.756881
539,10000,3.63924,3.16228,4.21697,0.00316103,0.00251189,0.00398107,0.442045,0.4,0.5,0.847298,0.8,0.9,1.54953e-05,1.42692e+06,25174.9,71345.9,0.01,0.95,10,10000,0.938,0.497,185,136,0.0156873,0,0.735135
540,10000,3.60065,3.16228,4.21697,0.00317842,0.00251189,0.00398107,0.444497,0.4,0.5,0.949189,0.9,1,1.54953e-05,1.18781e+06,23164.5,59390.7,0.01,0.95,10,10000,0.938,0.497,154,112,0.0172865,0,0.727273
541,10000,3.64868,3.16228,4.21697,0.00323008,0.00251189,0.00398107,0.445874,0.4,0.5,1.18268,1,1.5,7.74763e-05,512148,6702.92,25607.4,0.01,0.95,10,10000,0.938,0.497,332,246,0.011664,0,0.740964
542,10000,3.53572,3.16228,4.21697,0.00311935,0.00251189,0.00398107,0.544208,0.5,0.6,0.076837,0,0.1,1.54953e-05,239105,9557.76,11955.3,0.01,0.95,10,10000,0.938,0.497,31,25,0.0365887,0,0.806452
543,10000,3.66301,3.16228,4.21697,0.0030892,0.00251189,0.00398107,0.544551,0.5,0.6,0.153605,0.1,0.2,1.54953e-05,647898,14228.9,32394.9,0.01,0.95,10,10000,0.938,0.497,84,76,0.020985,0,0.904762
544,10000,3.58911,3.16228,4.21697,0.00320341,0.00251189,0.00398107,0.54317,0.5,0.6,0.249682,0.2,0.3,1.54953e-05,1.13382e+06,21192.6,56691.1,0.01,0.95,10,10000,0.938,0.497,147,116,0.0169859,0,0.789116
545,10000,3.5759,3.16228,4.21697,0.00323237,0.00251189,0.00398107,0.544408,0.5,0.6,0.350072,0.3,0.4,1.54953e-05,1.1184e+06,19521.6,55919.8,0.01,0.95,10,10000,0.938,0.497,145,125,0.016363,0,0.862069
546,10000,3.59628,3.16228,4.21697,0.00316663,0.00251189,0.00398107,0.543028,0.5,0.6,0.452394,0.4,0.5,1.54953e-05,1.23409e+06,20238.4,61704.6,0.01,0.95,10,10000,0.938,0.497,160,140,0.0154615,0,0.875
547,10000,3.61051,3.16228,4.21697,0.00318467,0.00251189,0.00398107,0.5429,0.5,0.6,0.552773,0.5,0.6,1.54953e-05,1.05669e+06,17382.6,52834.6,0.01,0.95,10,10000,0.938,0.497,137,130,0.0160452,0,0.948905
548,10000,3.5672,3.16228,4.21697,0.00316307,0.00251189,0.00398107,0.542781,0.5,0.6,0.64779,0.6,0.7,1.54953e-05,948708,19561.7,47435.4,0.01,0.95,10,10000,0.938,0.497,123,96,0.0186716,0,0.780488
549,10000,3.6562,3.16228,4.21697,0.00309776,0.00251189,0.00398107,0.543908,0.5,0.6,0.749581,0.7,0.8,1.54953e-05,910143,18031.3,45507.1,0.01,0.95,10,10000,0.938,0.497,118,99,0.0183865,0,0.838983
550,10000,3.66317,3.16228,4.21697,0.00326118,0.00251189,0.00398107,0.543064,0.5,0.6,0.843209,0.8,0.9,1.54953e-05,740455,16896,37022.8,0.01,0.95,10,10000,0.938,0.497,96,77,0.0208483,0,0.802083
551,10000,3.58494,3.16228,4.21697,0.00326171,0.00251189,0.00398107,0.542039,0.5,0.6,0.945753,0.9,1,1.54953e-05,586194,15024.7,29309.7,0.01,0.95,10,10000,0.938,0.497,76,61,0.0234235,0,0.802632
552,10000,3.6472,3.16228,4.21697,0.0032158,0.00251189,0.00398107,0.542346,0.5,0.6,1.17917,1,1.5,7.74763e-05,300810,5208.03,15040.5,0.01,0.95,10,10000,0.938,0.497,195,142,0.0153523,0,0.728205
553,10000,3.62904,3.16228,4.21697,0.00303079,0.00251189,0.00398107,0.647861,0.6,0.7,0.0567138,0,0.1,1.54953e-05,107983,6096.46,5399.15,0.01,0.95,10,10000,0.938,0.497,14,12,0.0528112,0,0.857143
554,10000,3.62413,3.16228,4.21697,0.00317057,0.00251189,0.00398107,0.638259,0.6,0.7,0.153189,0.1,0.2,1.54953e-05,293097,8930.33,14654.8,0.01,0.95,10,10000,0.938,0.497,38,37,0.0300757,0,0.973684
555,10000,3.61471,3.16228,4.21697,0.00322474,0.00251189,0.00398107,0.646361,0.6,0.7,0.251324,0.2,0.3,1.54953e-05,547628,13505.9,27381.4,0.01,0.95,10,10000,0.938,0.497,71,62,0.0232338,0,0.873239
556,10000,3.65176,3.16228,4.21697,0.00315212,0.00251189,0.00398107,0.643277,0.6,0.7,0.348401,0.3,0.4,1.54953e-05,601620,14745.4,30081,0.01,0.95,10,10000,0.938,0.497,78,65,0.0226913,0,0.833333
557,10000,3.60701,3.16228,4.21697,0.0032185,0.00251189,0.00398107,0.643628,0.6,0.7,0.452505,0.4,0.5,1.54953e-05,593907,14488.6,29695.3,0.01,0.95,10,10000,0.938,0.497,77,65,0.0226913,0,0.844156
558,10000,3.56946,3.16228,4.21697,0.00323504,0.00251189,0.00398107,0.640586,0.6,0.7,0.544872,0.5,0.6,1.54953e-05,655611,16742.4,32780.6,0.01,0.95,10,10000,0.938,0.497,85,64,0.0228679,0,0.752941
559,10000,3.60802,3.16228,4.21697,0.00319262,0.00251189,0.00398107,0.648041,0.6,0.7,0.647743,0.6,0.7,1.54953e-05,586194,15232.4,29309.7,0.01,0.95,10,10000,0.938,0.497,76,60,0.0236179,0,0.789474
560,10000,3.51755,3.16228,4.21697,0.0032669,0.00251189,0.00398107,0.642577,0.6,0.7,0.745874,0.7,0.8,1.54953e-05,377941,10942.4,18897,0.01,0.95,10,10000,0.938,0.497,49,44,0.0275798,0,0.897959
561,10000,3.51349,3.16228,4.21697,0.0033038,0.00251189,0.00398107,0.649577,0.6,0.7,0.856242,0.8,0.9,1.54953e-05,377941,12411.6,18897,0.01,0.95,10,10000,0.938,0.497,49,38,0.0296773,0,0.77551
562,10000,3.629,3.16228,4.21697,0.00327565,0.00251189,0.00398107,0.636581,0.6,0.7,0.953367,0.9,1,1.54953e-05,347088,9678.39,17354.4,0.01,0.95,10,10000,0.938,0.497,45,44,0.0275798,0,0.977778
563,10000,3.65281,3.16228,4.21697,0.00318309,0.00251189,0.00398107,0.637416,0.6,0.7,1.21986,1,1.5,7.74763e-05,149634,3501.09,7481.68,0.01,0.95,10,10000,0.938,0.497,97,75,0.0211245,0,0.773196
564,10000,3.28008,3.16228,4.21697,0.00323947,0.00251189,0.00398107,0.730946,0.7,0.8,0.061639,0,0.1,1.54953e-05,46278.4,4888.04,2313.92,0.01,0.95,10,10000,0.938,0.497,6,4,0.0914717,0,0.666667
565,10000,3.60608,3.16228,4.21697,0.00321338,0.00251189,0.00398107,0.744275,0.7,0.8,0.148956,0.1,0.2,1.54953e-05,131122,6547.87,6556.11,0.01,0.95,10,10000,0.938,0.497,17,15,0.0472358,0,0.882353
566,10000,3.57765,3.16228,4.21697,0.00314429,0.00251189,0.00398107,0.750146,0.7,0.8,0.239523,0.2,0.3,1.54953e-05,131122,6170.85,6556.11,0.01,0.95,10,10000,0.938,0.497,17,16,0.0457358,0,0.941176
567,10000,3.50143,3.16228,4.21697,0.00310076,0.00251189,0.00398107,0.751423,0.7,0.8,0.350584,0.3,0.4,1.54953e-05,308523,11521.2,15426.1,0.01,0.95,10,10000,0.938,0.497,40,30,0.0334007,0,0.75
568,10000,3.65688,3.16228,4.21697,0.00335192,0.00251189,0.00398107,0.742297,0.7,0.8,0.434199,0.4,0.5,1.54953e-05,269958,11557.2,13497.9,0.01,0.95,10,10000,0.938,0.497,35,24,0.0373432,0,0.685714
569,10000,3.54379,3.16228,4.21697,0.00320645,0.00251189,0.00398107,0.746343,0.7,0.8,0.555846,0.5,0.6,1.54953e-05,254531,10380.6,12726.6,0.01,0.95,10,10000,0.938,0.497,33,25,0.0365887,0,0.757576
570,10000,3.53539,3.16228,4.21697,0.0033869,0.00251189,0.00398107,0.739032,0.7,0.8,0.643116,0.6,0.7,1.54953e-05,254531,11083.4,12726.6,0.01,0.95,10,10000,0.938,0.497,33,23,0.0381463,0,0.69697
571,10000,3.54669,3.16228,4.21697,0.00321819,0.00251189,0.00398107,0.743716,0.7,0.8,0.748536,0.7,0.8,1.54953e-05,192827,7644.2,9641.34,0.01,0.95,10,10000,0.938,0.497,25,23,0.0381463,0,0.92
572,10000,3.58299,3.16228,4.21697,0.00314295,0.00251189,0.00398107,0.738371,0.7,0.8,0.851183,0.8,0.9,1.54953e-05,285384,11001.3,14269.2,0.01,0.95,10,10000,0.938,0.497,37,28,0.0345731,0,0.756757
573,10000,3.6305,3.16228,4.21697,0.00305852,0.00251189,0.00398107,0.740522,0.7,0.8,0.935535,0.9,1,1.54953e-05,185114,7514.93,9255.69,0.01,0.95,10,10000,0.938,0.497,24,22,0.0390037,0,0.916667
574,10000,3.64376,3.16228,4.21697,0.00314478,0.00251189,0.00398107,0.745057,0.7,0.8,1.22704,1,1.5,7.74763e-05,66332.4,2180.93,3316.62,0.01,0.95,10,10000,0.938,0.497,43,36,0.0304906,0,0.837209
575,10000,3.57228,3.16228,4.21697,0.00289666,0.00251189,0.00398107,0.838397,0.8,0.9,0.074631,0,0.1,1.54953e-05,61704.6,4525.45,3085.23,0.01,0.95,10,10000,0.938,0.497,8,7,0.0691461,0,0.875
576,10000,3.55493,3.16228,4.21697,0.00301082,0.00251189,0.00398107,0.851557,0.8,0.9,0.164488,0.1,0.2,1.54953e-05,92556.9,5783.61,4627.84,0.01,0.95,10,10000,0.938,0.497,12,10,0.0578518,0,0.833333
577,10000,3.65444,3.16228,4.21697,0.00333259,0.00251189,0.00398107,0.851362,0.8,0.9,0.242491,0.2,0.3,1.54953e-05,84843.8,5126.62,4242.19,0.01,0.95,10,10000,0.938,0.497,11,10,0.0578518,0,0.909091
578,10000,3.48091,3.16228,4.21697,0.00327336,0.00251189,0.00398107,0.847336,0.8,0.9,0.362304,0.3,0.4,1.54953e-05,115696,5842.33,5784.81,0.01,0.95,10,10000,0.938,0.497,15,14,0.0488937,0,0.933333
579,10000,3.58037,3.16228,4.21697,0.00322212,0.00251189,0.00398107,0.840059,0.8,0.9,0.451134,0.4,0.5,1.54953e-05,154261,6634.25,7713.07,0.01,0.95,10,10000,0.938,0.497,20,19,0.0419701,0,0.95
580,10000,3.6043,3.16228,4.21697,0.00314695,0.00251189,0.00398107,0.8445,0.8,0.9,0.547637,0.5,0.6,1.54953e-05,138835,7083.44,6941.77,0.01,0.95,10,10000,0.938,0.497,18,15,0.0472358,0,0.833333
581,10000,3.59081,3.16228,4.21697,0.00297178,0.00251189,0.00398107,0.845383,0.8,0.9,0.637515,0.6,0.7,1.54953e-05,115696,5465,5784.81,0.01,0.95,10,10000,0.938,0.497,15,15,0.0472358,0,1
582,10000,3.54407,3.16228,4.21697,0.0032521,0.00251189,0.00398107,0.83384,0.8,0.9,0.763033,0.7,0.8,1.54953e-05,92556.9,6310.43,4627.84,0.01,0.95,10,10000,0.938,0.497,12,9,0.0609811,0,0.75
583,10000,3.44774,3.16228,4.21697,0.00308409,0.00251189,0.00398107,0.842377,0.8,0.9,0.845279,0.8,0.9,1.54953e-05,77130.7,4462.15,3856.54,0.01,0.95,10,10000,0.938,0.497,10,10,0.0578518,0,1
584,10000,3.5129,3.16228,4.21697,0.00307428,0.00251189,0.00398107,0.840637,0.8,0.9,0.94678,0.9,1,1.54953e-05,53991.5,-nan,2699.58,0.01,0.95,10,10000,0.938,0.497,7,8,0.0646803,0,1.14286
585,10000,3.62281,3.16228,4.21697,0.00324189,0.00251189,0.00398107,0.840089,0.8,0.9,1.22099,1,1.5,7.74763e-05,50906.3,2144.62,2545.31,0.01,0.95,10,10000,0.938,0.497,33,24,0.0373432,0,0.727273
586,10000,3.6194,3.16228,4.21697,0.0032356,0.00251189,0.00398107,0.931307,0.9,1,0.0742628,0,0.1,1.54953e-05,15426.1,1995.53,771.307,0.01,0.95,10,10000,0.938,0.497,2,2,0.129361,0,1
587,10000,3.7459,3.16228,4.21697,0.00275519,0.00251189,0.00398107,0.929914,0.9,1,0.160951,0.1,0.2,1.54953e-05,7713.07,1411.06,385.654,0.01,0.95,10,10000,0.938,0.497,1,1,0.182943,0,1
588,10000,3.50542,3.16228,4.21697,0.0030903,0.00251189,0.00398107,0.929794,0.9,1,0.255524,0.2,0.3,1.54953e-05,84843.8,6850.73,4242.19,0.01,0.95,10,10000,0.938,0.497,11,7,0.0691461,0,0.636364
589,10000,3.58616,3.16228,4.21697,0.0031728,0.00251189,0.00398107,0.946468,0.9,1,0.336548,0.3,0.4,1.54953e-05,53991.5,4310.85,2699.58,0.01,0.95,10,10000,0.938,0.497,7,6,0.0746863,0,0.857143
590,10000,3.40174,3.16228,4.21697,0.00299857,0.00251189,0.00398107,0.936616,0.9,1,0.455562,0.4,0.5,1.54953e-05,61704.6,5919.71,3085.23,0.01,0.95,10,10000,0.938,0.497,8,5,0.0818148,0,0.625
591,10000,3.70514,3.16228,4.21697,0.0031371,0.00251189,0.00398107,0.953761,0.9,1,0.533328,0.5,0.6,1.54953e-05,77130.7,6080.89,3856.54,0.01,0.95,10,10000,0.938,0.497,10,7,0.0691461,0,0.7
592,10000,3.44496,3.16228,4.21697,0.00318296,0.00251189,0.00398107,0.974437,0.9,1,0.688636,0.6,0.7,1.54953e-05,15426.1,3456.37,771.307,0.01,0.95,10,10000,0.938,0.497,2,1,0.182943,0,0.5
593,10000,3.57685,3.16228,4.21697,0.00297955,0.00251189,0.00398107,0.927213,0.9,1,0.762391,0.7,0.8,1.54953e-05,53991.5,-nan,2699.58,0.01,0.95,10,10000,0.938,0.497,7,8,0.0646803,0,1.14286
594,10000,3.71168,3.16228,4.21697,0.00308717,0.00251189,0.00398107,0.948584,0.9,1,0.996132,0.9,1,1.54953e-05,23139.2,2444.02,1156.96,0.01,0.95,10,10000,0.938,0.497,3,3,0.105622,0,1
595,10000,3.55684,3.16228,4.21697,0.00313796,0.00251189,0.00398107,0.94906,0.9,1,1.15147,1,1.5,7.74763e-05,10798.3,862.169,539.915,0.01,0.95,10,10000,0.938,0.497,7,6,0.0746863,0,0.857143
596,10000,3.65047,3.16228,4.21697,0.00515347,0.00398107,0.00630957,0.0827159,0.05,0.1,0.0637136,0,0.1,1.22792e-05,8.92536e+06,229428,446268,0.01,0.95,10,10000,0.938,0.497,917,96,0.0186716,0,0.104689
597,10000,3.59109,3.16228,4.21697,0.00511804,0.00398107,0.00630957,0.0725142,0.05,0.1,0.156202,0.1,0.2,1.22792e-05,2.20944e+07,362298,1.10472e+06,0.01,0.95,10,10000,0.938,0.497,2270,236,0.0119086,0,0.103965
598,10000,3.54143,3.16228,4.21697,0.00524895,0.00398107,0.00630957,0.071554,0.05,0.1,0.260808,0.2,0.3,1.22792e-05,2.80609e+07,292088,1.40304e+06,0.01,0.95,10,10000,0.938,0.497,2883,558,0.00774461,0,0.193548
599,10000,3.57698,3.16228,4.21697,0.00511134,0.00398107,0.00630957,0.0711527,0.05,0.1,0.352987,0.3,0.4,1.22792e-05,2.77689e+07,209507,1.38844e+06,0.01,0.95,10,10000,0.938,0.497,2853,975,0.00585888,0,0.341746
600,10000,3.59254,3.16228,4.21697,0.00506495,0.00398107,0.00630957,0.0725852,0.05,0.1,0.450075,0.4,0.5,1.22792e-05,2.44304e+07,160485,1.22152e+06,0.01,0.95,10,10000,0.938,0.497,2510,1185,0.00531444,0,0.472112
601,10000,3.60731,3.16228,4.21697,0.0050673,0.00398107,0.00630957,0.0724301,0.05,0.1,0.550147,0.5,0.6,1.22792e-05,1.9155e+07,123404,957748,0.01,0.95,10,10000,0.938,0.497,1968,1144,0.00540883,0,0.581301
602,10000,3.60427,3.16228,4.21697,0.00501488,0.00398107,0.00630957,0.0723298,0.05,0.1,0.648872,0.6,0.7,1.22792e-05,1.42494e+07,99002.8,712471,0.01,0.95,10,10000,0.938,0.497,1464,941,0.00596378,0,0.64276
603,10000,3.61543,3.16228,4.21697,0.00506691,0.00398107,0.00630957,0.0733996,0.05,0.1,0.747304,0.7,0.8,1.22792e-05,9.75268e+06,76509.8,487634,0.01,0.95,10,10000,0.938,0.497,1002,705,0.00689005,0,0.703593
604,10000,3.60715,3.16228,4.21697,0.00508023,0.00398107,0.00630957,0.0738119,0.05,0.1,0.848824,0.8,0.9,1.22792e-05,7.55297e+06,60490.3,377649,0.01,0.95,10,10000,0.938,0.497,776,624,0.0073236,0,0.804124
605,10000,3.64478,3.16228,4.21697,0.00508252,0.00398107,0.00630957,0.0727726,0.05,0.1,0.946773,0.9,1,1.22792e-05,5.1002e+06,51462.5,255010,0.01,0.95,10,10000,0.938,0.497,524,404,0.00910177,0,0.770992
606,10000,3.64228,3.16228,4.21697,0.00505194,0.00398107,0.00630957,0.0740175,0.05,0.1,1.16933,1,1.5,6.1396e-05,1.84931e+06,13487.8,92465.5,0.01,0.95,10,10000,0.938,0.497,950,757,0.00664919,0,0.796842
607,10000,3.60353,3.16228,4.21697,0.00515498,0.00398107,0.00630957,0.121524,0.1,0.15,0.0643469,0,0.1,1.22792e-05,6.00539e+06,139992,300270,0.01,0.95,10,10000,0.938,0.497,617,112,0.0172865,0,0.181524
608,10000,3.6305,3.16228,4.21697,0.0051502,0.00398107,0.00630957,0.125469,0.1,0.15,0.150931,0.1,0.2,1.22792e-05,1.56218e+07,241811,781090,0.01,0.95,10,10000,0.938,0.497,1605,257,0.0114117,0,0.160125
609,10000,3.59238,3.16228,4.21697,0.00520644,0.00398107,0.00630957,0.125529,0.1,0.15,0.256186,0.2,0.3,1.22792e-05,1.99336e+07,205473,996681,0.01,0.95,10,10000,0.938,0.497,2048,546,0.00782925,0,0.266602
610,10000,3.60863,3.16228,4.21697,0.00511533,0.00398107,0.00630957,0.125582,0.1,0.15,0.349995,0.3,0.4,1.22792e-05,1.90382e+07,169430,951908,0.01,0.95,10,10000,0.938,0.497,1956,695,0.00693944,0,0.355317
611,10000,3.58166,3.16228,4.21697,0.00506538,0.00398107,0.00630957,0.123712,0.1,0.15,0.450155,0.4,0.5,1.22792e-05,1.66243e+07,136875,831216,0.01,0.95,10,10000,0.938,0.497,1708,766,0.00661001,0,0.448478
612,10000,3.6002,3.16228,4.21697,0.00509339,0.00398107,0.00630957,0.123356,0.1,0.15,0.549496,0.5,0.6,1.22792e-05,1.32956e+07,113545,664778,0.01,0.95,10,10000,0.938,0.497,1366,687,0.00697973,0,0.502928
613,10000,3.59527,3.16228,4.21697,0.0050964,0.00398107,0.00630957,0.124023,0.1,0.15,0.646673,0.6,0.7,1.22792e-05,9.85975e+06,88204.6,492987,0.01,0.95,10,10000,0.938,0.497,1013,592,0.00751893,0,0.584403
614,10000,3.60437,3.16228,4.21697,0.00507179,0.00398107,0.00630957,0.123369,0.1,0.15,0.745921,0.7,0.8,1.22792e-05,7.07605e+06,69359.6,353802,0.01,0.95,10,10000,0.938,0.497,727,471,0.00842959,0,0.647868
615,10000,3.61551,3.16228,4.21697,0.00507335,0.00398107,0.00630957,0.12301,0.1,0.15,0.846919,0.8,0.9,1.22792e-05,5.13914e+06,58235.4,256957,0.01,0.95,10,10000,0.938,0.497,528,349,0.00979274,0,0.660985
616,10000,3.63743,3.16228,4.21697,0.00502105,0.00398107,0.00630957,0.123618,0.1,0.15,0.945254,0.9,1,1.22792e-05,3.28009e+06,42300.3,164005,0.01,0.95,10,10000,0.938,0.497,337,252,0.0115244,0,0.747774
617,10000,3.64181,3.16228,4.21697,0.00504391,0.00398107,0.00630957,0.123807,0.1,0.15,1.19875,1,1.5,6.1396e-05,1.30425e+06,11431.5,65212.5,0.01,0.95,10,10000,0.938,0.497,670,528,0.00796159,0,0.78806
618,10000,3.78942,3.16228,4.21697,0.00497855,0.00398107,0.00630957,0.180727,0.15,0.2,0.0665301,0,0.1,1.22792e-05,4.18528e+06,86327.4,209264,0.01,0.95,10,10000,0.938,0.497,430,133,0.0158632,0,0.309302
619,10000,3.70926,3.16228,4.21697,0.00500892,0.00398107,0.00630957,0.176499,0.15,0.2,0.157847,0.1,0.2,1.22792e-05,1.02101e+07,118640,510507,0.01,0.95,10,10000,0.938,0.497,1049,401,0.00913576,0,0.382269
620,10000,3.65259,3.16228,4.21697,0.0050273,0.00398107,0.00630957,0.175657,0.15,0.2,0.250881,0.2,0.3,1.22792e-05,1.34513e+07,125847,672565,0.01,0.95,10,10000,0.938,0.497,1382,599,0.00747486,0,0.43343
621,10000,3.64414,3.16228,4.21697,0.00504946,0.00398107,0.00630957,0.175722,0.15,0.2,0.349588,0.3,0.4,1.22792e-05,1.38406e+07,120365,692031,0.01,0.95,10,10000,0.938,0.497,1422,675,0.00704149,0,0.474684
622,10000,3.6203,3.16228,4.21697,0.00502888,0.00398107,0.00630957,0.173965,0.15,0.2,0.45019,0.4,0.5,1.22792e-05,1.16117e+07,102459,580586,0.01,0.95,10,10000,0.938,0.497,1193,632,0.0072771,0,0.529757
623,10000,3.64708,3.16228,4.21697,0.00507626,0.00398107,0.00630957,0.174632,0.15,0.2,0.548681,0.5,0.6,1.22792e-05,1.0434e+07,96996.2,521700,0.01,0.95,10,10000,0.938,0.497,1072,569,0.00766939,0,0.530784
624,10000,3.63498,3.16228,4.21697,0.00504272,0.00398107,0.00630957,0.174234,0.15,0.2,0.646417,0.6,0.7,1.22792e-05,7.68924e+06,75089.1,384462,0.01,0.95,10,10000,0.938,0.497,790,486,0.00829848,0,0.61519
625,10000,3.61016,3.16228,4.21697,0.0050644,0.00398107,0.00630957,0.174535,0.15,0.2,0.747024,0.7,0.8,1.22792e-05,5.57713e+06,62349,278857,0.01,0.95,10,10000,0.938,0.497,573,365,0.00957569,0,0.636998
626,10000,3.60638,3.16228,4.21697,0.00505208,0.00398107,0.00630957,0.173984,0.15,0.2,0.850044,0.8,0.9,1.22792e-05,4.13662e+06,50350.4,206831,0.01,0.95,10,10000,0.938,0.497,425,295,0.0106514,0,0.694118
627,10000,3.63972,3.16228,4.21697,0.00492504,0.00398107,0.00630957,0.174848,0.15,0.2,0.945091,0.9,1,1.22792e-05,2.7837e+06,41870.6,139185,0.01,0.95,10,10000,0.938,0.497,286,195,0.0131008,0,0.681818
628,10000,3.64673,3.16228,4.21697,0.00507969,0.00398107,0.00630957,0.175018,0.15,0.2,1.21166,1,1.5,6.1396e-05,1.11737e+06,10823,55868.6,0.01,0.95,10,10000,0.938,0.497,574,440,0.00872148,0,0.766551
629,10000,3.66191,3.16228,4.21697,0.00501028,0.00398107,0.00630957,0.223201,0.2,0.25,0.0676859,0,0.1,1.22792e-05,2.30677e+06,36489.7,115339,0.01,0.95,10,10000,0.938,0.497,237,171,0.01399,0,0.721519
630,10000,3.65259,3.16228,4.21697,0.00496727,0.00398107,0.00630957,0.224854,0.2,0.25,0.154796,0.1,0.2,1.22792e-05,6.35579e+06,61707.2,317789,0.01,0.95,10,10000,0.938,0.497,653,460,0.00852978,0,0.704441
631,10000,3.65818,3.16228,4.21697,0.00503043,0.00398107,0.00630957,0.225552,0.2,0.25,0.249985,0.2,0.3,1.22792e-05,8.79882e+06,77409.2,439941,0.01,0.95,10,10000,0.938,0.497,904,585,0.00756378,0,0.647124
632,10000,3.65804,3.16228,4.21697,0.00505538,0.00398107,0.00630957,0.224787,0.2,0.25,0.352257,0.3,0.4,1.22792e-05,9.46068e+06,81317.4,473034,0.01,0.95,10,10000,0.938,0.497,972,618,0.00735906,0,0.635802
633,10000,3.65848,3.16228,4.21697,0.0049646,0.00398107,0.00630957,0.22423,0.2,0.25,0.449907,0.4,0.5,1.22792e-05,8.66256e+06,78509.1,433128,0.01,0.95,10,10000,0.938,0.497,890,559,0.00773768,0,0.62809
634,10000,3.62563,3.16228,4.21697,0.00502895,0.00398107,0.00630957,0.224703,0.2,0.25,0.549091,0.5,0.6,1.22792e-05,7.26098e+06,71273.3,363049,0.01,0.95,10,10000,0.938,0.497,746,474,0.00840287,0,0.635389
635,10000,3.64044,3.16228,4.21697,0.00504122,0.00398107,0.00630957,0.224277,0.2,0.25,0.646362,0.6,0.7,1.22792e-05,6.20979e+06,66317.2,310490,0.01,0.95,10,10000,0.938,0.497,638,402,0.00912439,0,0.630094
636,10000,3.63641,3.16228,4.21697,0.00500992,0.00398107,0.00630957,0.223976,0.2,0.25,0.748794,0.7,0.8,1.22792e-05,4.02955e+06,52372.1,201478,0.01,0.95,10,10000,0.938,0.497,414,268,0.011175,0,0.647343
637,10000,3.65318,3.16228,4.21697,0.00499483,0.00398107,0.00630957,0.221538,0.2,0.25,0.84801,0.8,0.9,1.22792e-05,3.0757e+06,43165.9,153785,0.01,0.95,10,10000,0.938,0.497,316,221,0.0123061,0,0.699367
638,10000,3.60951,3.16228,4.21697,0.00511839,0.00398107,0.00630957,0.22337,0.2,0.25,0.947862,0.9,1,1.22792e-05,2.4041e+06,37286.8,120205,0.01,0.95,10,10000,0.938,0.497,247,178,0.0137122,0,0.720648
639,10000,3.60739,3.16228,4.21697,0.00500493,0.00398107,0.00630957,0.225184,0.2,0.25,1.20088,1,1.5,6.1396e-05,926602,9701.73,46330.1,0.01,0.95,10,10000,0.938,0.497,476,372,0.00948517,0,0.781513
640,10000,3.62047,3.16228,4.21697,0.00502815,0.00398107,0.00630957,0.271586,0.25,0.3,0.0646134,0,0.1,1.22792e-05,1.55731e+06,27765.8,77865.7,0.01,0.95,10,10000,0.938,0.497,160,127,0.0162336,0,0.79375
641,10000,3.62866,3.16228,4.21697,0.00508619,0.00398107,0.00630957,0.27281,0.25,0.3,0.155506,0.1,0.2,1.22792e-05,4.00035e+06,41403.6,200018,0.01,0.95,10,10000,0.938,0.497,411,355,0.00970963,0,0.863747
642,10000,3.61857,3.16228,4.21697,0.00509582,0.00398107,0.00630957,0.273814,0.25,0.3,0.252451,0.2,0.3,1.22792e-05,5.35327e+06,48258,267663,0.01,0.95,10,10000,0.938,0.497,550,471,0.00842959,0,0.856364
643,10000,3.5965,3.16228,4.21697,0.00505916,0.00398107,0.00630957,0.273127,0.25,0.3,0.348896,0.3,0.4,1.22792e-05,6.56992e+06,58538.5,328496,0.01,0.95,10,10000,0.938,0.497,675,519,0.00803032,0,0.768889
644,10000,3.59221,3.16228,4.21697,0.00503759,0.00398107,0.00630957,0.27488,0.25,0.3,0.447337,0.4,0.5,1.22792e-05,5.82046e+06,55273.8,291023,0.01,0.95,10,10000,0.938,0.497,598,458,0.00854838,0,0.765886
645,10000,3.64506,3.16228,4.21697,0.00500092,0.00398107,0.00630957,0.27313,0.25,0.3,0.548488,0.5,0.6,1.22792e-05,5.41167e+06,51985.9,270583,0.01,0.95,10,10000,0.938,0.497,556,439,0.00873141,0,0.789568
646,10000,3.63405,3.16228,4.21697,0.00505922,0.00398107,0.00630957,0.273868,0.25,0.3,0.647849,0.6,0.7,1.22792e-05,4.25341e+06,47792.1,212671,0.01,0.95,10,10000,0.938,0.497,437,330,0.0100707,0,0.755149
647,10000,3.60208,3.16228,4.21697,0.00505793,0.00398107,0.00630957,0.273082,0.25,0.3,0.745704,0.7,0.8,1.22792e-05,3.33849e+06,45099.8,166925,0.01,0.95,10,10000,0.938,0.497,343,239,0.0118336,0,0.696793
648,10000,3.66706,3.16228,4.21697,0.00504089,0.00398107,0.00630957,0.27581,0.25,0.3,0.843476,0.8,0.9,1.22792e-05,2.5793e+06,37233.8,128965,0.01,0.95,10,10000,0.938,0.497,265,200,0.0129361,0,0.754717
649,10000,3.58069,3.16228,4.21697,0.00500216,0.00398107,0.00630957,0.273684,0.25,0.3,0.948506,0.9,1,1.22792e-05,1.72278e+06,29288.9,86138.9,0.01,0.95,10,10000,0.938,0.497,177,140,0.0154615,0,0.79096
650,10000,3.61899,3.16228,4.21697,0.00501822,0.00398107,0.00630957,0.274595,0.25,0.3,1.20725,1,1.5,6.1396e-05,704685,8409.44,35234.2,0.01,0.95,10,10000,0.938,0.497,362,285,0.0108366,0,0.787293
651,10000,3.56208,3.16228,4.21697,0.00507043,0.00398107,0.00630957,0.343962,0.3,0.4,0.0682807,0,0.1,2.45584e-05,798123,12808.7,39906.2,0.01,0.95,10,10000,0.938,0.497,164,145,0.0151926,0,0.884146
652,10000,3.58362,3.16228,4.21697,0.00505398,0.00398107,0.00630957,0.345396,0.3,0.4,0.154207,0.1,0.2,2.45584e-05,2.08777e+06,21127.6,104389,0.01,0.95,10,10000,0.938,0.497,429,371,0.00949795,0,0.864802
653,10000,3.57986,3.16228,4.21697,0.00509709,0.00398107,0.00630957,0.344976,0.3,0.4,0.25289,0.2,0.3,2.45584e-05,3.16329e+06,25687.6,158165,0.01,0.95,10,10000,0.938,0.497,650,570,0.00766266,0,0.876923
654,10000,3.58253,3.16228,4.21697,0.00504292,0.00398107,0.00630957,0.345285,0.3,0.4,0.349215,0.3,0.4,2.45584e-05,3.61102e+06,27965.1,180551,0.01,0.95,10,10000,0.938,0.497,742,637,0.00724848,0,0.858491
655,10000,3.60731,3.16228,4.21697,0.00503782,0.00398107,0.00630957,0.344828,0.3,0.4,0.450794,0.4,0.5,2.45584e-05,3.15356e+06,25338.8,157678,0.01,0.95,10,10000,0.938,0.497,648,576,0.00762264,0,0.888889
656,10000,3.59141,3.16228,4.21697,0.00500608,0.00398107,0.00630957,0.345561,0.3,0.4,0.548286,0.5,0.6,2.45584e-05,3.22656e+06,27485.5,161328,0.01,0.95,10,10000,0.938,0.497,663,544,0.00784363,0,0.820513
657,10000,3.6406,3.16228,4.21697,0.00505297,0.00398107,0.00630957,0.344717,0.3,0.4,0.647635,0.6,0.7,2.45584e-05,2.59877e+06,24484.4,129938,0.01,0.95,10,10000,0.938,0.497,534,442,0.00870173,0,0.827715
658,10000,3.61732,3.16228,4.21697,0.00500407,0.00398107,0.00630957,0.345452,0.3,0.4,0.745651,0.7,0.8,2.45584e-05,2.15591e+06,23134.9,107795,0.01,0.95,10,10000,0.938,0.497,443,351,0.0097648,0,0.792325
659,10000,3.62271,3.16228,4.21697,0.00505213,0.00398107,0.00630957,0.34694,0.3,0.4,0.845836,0.8,0.9,2.45584e-05,1.81524e+06,21931,90762.2,0.01,0.95,10,10000,0.938,0.497,373,284,0.0108557,0,0.761394
660,10000,3.65599,3.16228,4.21697,0.00511988,0.00398107,0.00630957,0.344196,0.3,0.4,0.945852,0.9,1,2.45584e-05,1.25558e+06,18500.2,62779.2,0.01,0.95,10,10000,0.938,0.497,258,193,0.0131686,0,0.748062
661,10000,3.61955,3.16228,4.21697,0.00498649,0.00398107,0.00630957,0.345757,0.3,0.4,1.19194,1,1.5,0.000122792,522674,5508.85,26133.7,0.01,0.95,10,10000,0.938,0.497,537,386,0.00931157,0,0.718808
662,10000,3.58165,3.16228,4.21697,0.00494469,0.00398107,0.00630957,0.440354,0.4,0.5,0.0611272,0,0.1,2.45584e-05,282263,7018.41,14113.2,0.01,0.95,10,10000,0.938,0.497,58,56,0.0244468,0,0.965517
663,10000,3.59062,3.16228,4.21697,0.00511576,0.00398107,0.00630957,0.442475,0.4,0.5,0.154898,0.1,0.2,2.45584e-05,1.04145e+06,14926.8,52072.7,0.01,0.95,10,10000,0.938,0.497,214,185,0.0134503,0,0.864486
664,10000,3.58617,3.16228,4.21697,0.00508771,0.00398107,0.00630957,0.443368,0.4,0.5,0.251811,0.2,0.3,2.45584e-05,1.48432e+06,17623.2,74215.8,0.01,0.95,10,10000,0.938,0.497,305,267,0.011196,0,0.87541
665,10000,3.60768,3.16228,4.21697,0.00503037,0.00398107,0.00630957,0.443868,0.4,0.5,0.35165,0.3,0.4,2.45584e-05,1.77631e+06,19798.5,88815.6,0.01,0.95,10,10000,0.938,0.497,365,310,0.0103905,0,0.849315
666,10000,3.5923,3.16228,4.21697,0.00509093,0.00398107,0.00630957,0.441175,0.4,0.5,0.446877,0.4,0.5,2.45584e-05,1.60598e+06,18381.3,80299,0.01,0.95,10,10000,0.938,0.497,330,288,0.01078,0,0.872727
667,10000,3.61075,3.16228,4.21697,0.00507552,0.00398107,0.00630957,0.444073,0.4,0.5,0.550524,0.5,0.6,2.45584e-05,1.59625e+06,17457.3,79812.3,0.01,0.95,10,10000,0.938,0.497,328,302,0.0105272,0,0.920732
668,10000,3.59862,3.16228,4.21697,0.00509998,0.00398107,0.00630957,0.441185,0.4,0.5,0.648948,0.6,0.7,2.45584e-05,1.38212e+06,18322.1,69105.8,0.01,0.95,10,10000,0.938,0.497,284,228,0.0121157,0,0.802817
669,10000,3.60483,3.16228,4.21697,0.00507202,0.00398107,0.00630957,0.444875,0.4,0.5,0.748976,0.7,0.8,2.45584e-05,1.15825e+06,16632.1,57912.6,0.01,0.95,10,10000,0.938,0.497,238,193,0.0131686,0,0.810924
670,10000,3.61403,3.16228,4.21697,0.00505229,0.00398107,0.00630957,0.444664,0.4,0.5,0.848005,0.8,0.9,2.45584e-05,992788,14672.9,49639.4,0.01,0.95,10,10000,0.938,0.497,204,175,0.0138292,0,0.857843
671,10000,3.60944,3.16228,4.21697,0.00520043,0.00398107,0.00630957,0.443948,0.4,0.5,0.94741,0.9,1,2.45584e-05,710525,12009,35526.2,0.01,0.95,10,10000,0.938,0.497,146,130,0.0160452,0,0.890411
672,10000,3.61733,3.16228,4.21697,0.00505446,0.00398107,0.00630957,0.444217,0.4,0.5,1.17784,1,1.5,0.000122792,340662,4281.03,17033.1,0.01,0.95,10,10000,0.938,0.497,350,264,0.0112594,0,0.754286
673,10000,3.54842,3.16228,4.21697,0.00514198,0.00398107,0.00630957,0.544652,0.5,0.6,0.0656314,0,0.1,2.45584e-05,243330,6959.9,12166.5,0.01,0.95,10,10000,0.938,0.497,50,45,0.0272716,0,0.9
674,10000,3.55809,3.16228,4.21697,0.0050125,0.00398107,0.00630957,0.545859,0.5,0.6,0.157035,0.1,0.2,2.45584e-05,437995,10225.7,21899.7,0.01,0.95,10,10000,0.938,0.497,90,73,0.0214119,0,0.811111
675,10000,3.56643,3.16228,4.21697,0.00513246,0.00398107,0.00630957,0.547364,0.5,0.6,0.25528,0.2,0.3,2.45584e-05,754324,11978.4,37716.2,0.01,0.95,10,10000,0.938,0.497,155,143,0.0152985,0,0.922581
676,10000,3.57459,3.16228,4.21697,0.00506457,0.00398107,0.00630957,0.548283,0.5,0.6,0.351555,0.3,0.4,2.45584e-05,817590,12927.8,40879.5,0.01,0.95,10,10000,0.938,0.497,168,149,0.0149873,0,0.886905
677,10000,3.55691,3.16228,4.21697,0.00506362,0.00398107,0.00630957,0.542949,0.5,0.6,0.449212,0.4,0.5,2.45584e-05,934388,15158.4,46719.4,0.01,0.95,10,10000,0.938,0.497,192,153,0.0147901,0,0.796875
678,10000,3.64916,3.16228,4.21697,0.00508828,0.00398107,0.00630957,0.544583,0.5,0.6,0.547809,0.5,0.6,2.45584e-05,744591,12559.9,37229.5,0.01,0.95,10,10000,0.938,0.497,153,133,0.0158632,0,0.869281
679,10000,3.58894,3.16228,4.21697,0.00509228,0.00398107,0.00630957,0.540319,0.5,0.6,0.653329,0.6,0.7,2.45584e-05,710525,12521.7,35526.2,0.01,0.95,10,10000,0.938,0.497,146,124,0.0164288,0,0.849315
680,10000,3.55646,3.16228,4.21697,0.00508539,0.00398107,0.00630957,0.540471,0.5,0.6,0.749351,0.7,0.8,2.45584e-05,598593,11161.5,29929.6,0.01,0.95,10,10000,0.938,0.497,123,108,0.0176037,0,0.878049
681,10000,3.58416,3.16228,4.21697,0.00498079,0.00398107,0.00630957,0.546653,0.5,0.6,0.849736,0.8,0.9,2.45584e-05,457461,9708.73,22873.1,0.01,0.95,10,10000,0.938,0.497,94,83,0.0200806,0,0.882979
682,10000,3.63151,3.16228,4.21697,0.00509887,0.00398107,0.00630957,0.549222,0.5,0.6,0.94526,0.9,1,2.45584e-05,389329,9029.43,19466.4,0.01,0.95,10,10000,0.938,0.497,80,70,0.0218659,0,0.875
683,10000,3.61844,3.16228,4.21697,0.00508811,0.00398107,0.00630957,0.545104,0.5,0.6,1.18369,1,1.5,0.000122792,194664,3084.14,9733.21,0.01,0.95,10,10000,0.938,0.497,200,160,0.0144629,0,0.8
684,10000,3.57641,3.16228,4.21697,0.00512196,0.00398107,0.00630957,0.640492,0.6,0.7,0.0667536,0,0.1,2.45584e-05,97332.1,4876.45,4866.61,0.01,0.95,10,10000,0.938,0.497,20,16,0.0457358,0,0.8
685,10000,3.61707,3.16228,4.21697,0.00516467,0.00398107,0.00630957,0.649139,0.6,0.7,0.155826,0.1,0.2,2.45584e-05,223864,6171.13,11193.2,0.01,0.95,10,10000,0.938,0.497,46,45,0.0272716,0,0.978261
686,10000,3.53521,3.16228,4.21697,0.00506418,0.00398107,0.00630957,0.644772,0.6,0.7,0.25587,0.2,0.3,2.45584e-05,330929,8262.83,16546.5,0.01,0.95,10,10000,0.938,0.497,68,60,0.0236179,0,0.882353
687,10000,3.57335,3.16228,4.21697,0.00522836,0.00398107,0.00630957,0.646556,0.6,0.7,0.34978,0.3,0.4,2.45584e-05,394195,9788.47,19709.8,0.01,0.95,10,10000,0.938,0.497,81,65,0.0226913,0,0.802469
688,10000,3.60189,3.16228,4.21697,0.00512881,0.00398107,0.00630957,0.643648,0.6,0.7,0.451369,0.4,0.5,2.45584e-05,374729,9646.39,18736.4,0.01,0.95,10,10000,0.938,0.497,77,61,0.0234235,0,0.792208
689,10000,3.55946,3.16228,4.21697,0.00506451,0.00398107,0.00630957,0.641806,0.6,0.7,0.550505,0.5,0.6,2.45584e-05,360129,8654.48,18006.4,0.01,0.95,10,10000,0.938,0.497,74,65,0.0226913,0,0.878378
690,10000,3.54932,3.16228,4.21697,0.00515167,0.00398107,0.00630957,0.643214,0.6,0.7,0.644284,0.6,0.7,2.45584e-05,306596,7775,15329.8,0.01,0.95,10,10000,0.938,0.497,63,57,0.0242314,0,0.904762
691,10000,3.63769,3.16228,4.21697,0.00504091,0.00398107,0.00630957,0.644214,0.6,0.7,0.751616,0.7,0.8,2.45584e-05,287130,7195.66,14356.5,0.01,0.95,10,10000,0.938,0.497,59,56,0.0244468,0,0.949153
692,10000,3.65537,3.16228,4.21697,0.00510884,0.00398107,0.00630957,0.645645,0.6,0.7,0.854068,0.8,0.9,2.45584e-05,311463,8337.81,15573.1,0.01,0.95,10,10000,0.938,0.497,64,54,0.0248954,0,0.84375
693,10000,3.5165,3.16228,4.21697,0.004862,0.00398107,0.00630957,0.656708,0.6,0.7,0.95009,0.9,1,2.45584e-05,175198,6320.6,8759.89,0.01,0.95,10,10000,0.938,0.497,36,30,0.0334007,0,0.833333
694,10000,3.61118,3.16228,4.21697,0.00499967,0.00398107,0.00630957,0.648209,0.6,0.7,1.19172,1,1.5,0.000122792,125558,2220.16,6277.92,0.01,0.95,10,10000,0.938,0.497,129,117,0.0169131,0,0.906977
695,10000,3.64255,3.16228,4.21697,0.00539124,0.00398107,0.00630957,0.74105,0.7,0.8,0.0598341,0,0.1,2.45584e-05,77865.7,4038.08,3893.29,0.01,0.95,10,10000,0.938,0.497,16,14,0.0488937,0,0.875
696,10000,3.63287,3.16228,4.21697,0.00486749,0.00398107,0.00630957,0.751368,0.7,0.8,0.154435,0.1,0.2,2.45584e-05,145998,5972.4,7299.91,0.01,0.95,10,10000,0.938,0.497,30,24,0.0373432,0,0.8
697,10000,3.6035,3.16228,4.21697,0.00501408,0.00398107,0.00630957,0.750357,0.7,0.8,0.248167,0.2,0.3,2.45584e-05,121665,5022.05,6083.26,0.01,0.95,10,10000,0.938,0.497,25,22,0.0390037,0,0.88
698,10000,3.50936,3.16228,4.21697,0.00513307,0.00398107,0.00630957,0.745764,0.7,0.8,0.347347,0.3,0.4,2.45584e-05,145998,-nan,7299.91,0.01,0.95,10,10000,0.938,0.497,30,31,0.0328576,0,1.03333
699,10000,3.57563,3.16228,4.21697,0.00529978,0.00398107,0.00630957,0.744032,0.7,0.8,0.44712,0.4,0.5,2.45584e-05,209264,6409.05,10463.2,0.01,0.95,10,10000,0.938,0.497,43,39,0.0292944,0,0.906977
700,10000,3.44834,3.16228,4.21697,0.00509253,0.00398107,0.00630957,0.744709,0.7,0.8,0.557499,0.5,0.6,2.45584e-05,228731,6647.26,11436.5,0.01,0.95,10,10000,0.938,0.497,47,43,0.0278986,0,0.914894
701,10000,3.58204,3.16228,4.21697,0.00507218,0.00398107,0.00630957,0.738264,0.7,0.8,0.644928,0.6,0.7,2.45584e-05,170331,6450.93,8516.56,0.01,0.95,10,10000,0.938,0.497,35,28,0.0345731,0,0.8
702,10000,3.53924,3.16228,4.21697,0.00535785,0.00398107,0.00630957,0.742488,0.7,0.8,0.744273,0.7,0.8,2.45584e-05,150865,6030.52,7543.24,0.01,0.95,10,10000,0.938,0.497,31,25,0.0365887,0,0.806452
703,10000,3.62441,3.16228,4.21697,0.00514711,0.00398107,0.00630957,0.737348,0.7,0.8,0.836706,0.8,0.9,2.45584e-05,102199,-nan,5109.94,0.01,0.95,10,10000,0.938,0.497,21,22,0.0390037,0,1.04762
704,10000,3.56162,3.16228,4.21697,0.00520028,0.00398107,0.00630957,0.752955,0.7,0.8,0.950897,0.9,1,2.45584e-05,102199,4711.1,5109.94,0.01,0.95,10,10000,0.938,0.497,21,18,0.0431202,0,0.857143
705,10000,3.62232,3.16228,4.21697,0.00510227,0.00398107,0.00630957,0.742058,0.7,0.8,1.22762,1,1.5,0.000122792,59372.6,1586.81,2968.63,0.01,0.95,10,10000,0.938,0.497,61,53,0.0251292,0,0.868852
706,10000,3.70142,3.16228,4.21697,0.0049649,0.00398107,0.00630957,0.845615,0.8,0.9,0.0605322,0,0.1,2.45584e-05,14599.8,1542.07,729.991,0.01,0.95,10,10000,0.938,0.497,3,3,0.105622,0,1
707,10000,3.59007,3.16228,4.21697,0.00546652,0.00398107,0.00630957,0.844357,0.8,0.9,0.151702,0.1,0.2,2.45584e-05,63265.9,3748.56,3163.29,0.01,0.95,10,10000,0.938,0.497,13,11,0.0551595,0,0.846154
708,10000,3.44059,3.16228,4.21697,0.00519821,0.00398107,0.00630957,0.837114,0.8,0.9,0.247933,0.2,0.3,2.45584e-05,87598.9,4469.34,4379.95,0.01,0.95,10,10000,0.938,0.497,18,15,0.0472358,0,0.833333
709,10000,3.6494,3.16228,4.21697,0.00556209,0.00398107,0.00630957,0.836897,0.8,0.9,0.338396,0.3,0.4,2.45584e-05,68132.5,4141.28,3406.62,0.01,0.95,10,10000,0.938,0.497,14,11,0.0551595,0,0.785714
710,10000,3.60873,3.16228,4.21697,0.00502903,0.00398107,0.00630957,0.850175,0.8,0.9,0.451634,0.4,0.5,2.45584e-05,131398,4982.58,6569.92,0.01,0.95,10,10000,0.938,0.497,27,25,0.0365887,0,0.925926
711,10000,3.6189,3.16228,4.21697,0.00488652,0.00398107,0.00630957,0.829603,0.8,0.9,0.534786,0.5,0.6,2.45584e-05,72999.1,3448.17,3649.95,0.01,0.95,10,10000,0.938,0.497,15,15,0.0472358,0,1
712,10000,3.58178,3.16228,4.21697,0.00482991,0.00398107,0.00630957,0.84166,0.8,0.9,0.661982,0.6,0.7,2.45584e-05,116799,5630.84,5839.93,0.01,0.95,10,10000,0.938,0.497,24,18,0.0431202,0,0.75
713,10000,3.66886,3.16228,4.21697,0.00507316,0.00398107,0.00630957,0.832448,0.8,0.9,0.737388,0.7,0.8,2.45584e-05,58399.3,3084.14,2919.96,0.01,0.95,10,10000,0.938,0.497,12,12,0.0528112,0,1
714,10000,3.57503,3.16228,4.21697,0.00531761,0.00398107,0.00630957,0.847133,0.8,0.9,0.840135,0.8,0.9,2.45584e-05,29199.6,-nan,1459.98,0.01,0.95,10,10000,0.938,0.497,6,7,0.0691461,0,1.16667
715,10000,3.70374,3.16228,4.21697,0.0049994,0.00398107,0.00630957,0.844729,0.8,0.9,0.947467,0.9,1,2.45584e-05,34066.2,3160.3,1703.31,0.01,0.95,10,10000,0.938,0.497,7,5,0.0818148,0,0.714286
716,10000,3.68437,3.16228,4.21697,0.00501042,0.00398107,0.00630957,0.842663,0.8,0.9,1.18748,1,1.5,0.000122792,25306.4,1060.25,1265.32,0.01,0.95,10,10000,0.938,0.497,26,22,0.0390037,0,0.846154
717,10000,3.9458,3.16228,4.21697,0.00455294,0.00398107,0.00630957,0.957187,0.9,1,0.0595235,0,0.1,2.45584e-05,4866.61,890.314,243.33,0.01,0.95,10,10000,0.938,0.497,1,1,0.182943,0,1
718,10000,3.25775,3.16228,4.21697,0.00467549,0.00398107,0.00630957,0.945175,0.9,1,0.185952,0.1,0.2,2.45584e-05,14599.8,2180.81,729.991,0.01,0.95,10,10000,0.938,0.497,3,2,0.129361,0,0.666667
719,10000,3.69438,3.16228,4.21697,0.004937,0.00398107,0.00630957,0.938638,0.9,1,0.255241,0.2,0.3,2.45584e-05,38932.9,2855.36,1946.64,0.01,0.95,10,10000,0.938,0.497,8,7,0.0691461,0,0.875
720,10000,3.55251,3.16228,4.21697,0.00494425,0.00398107,0.00630957,0.927932,0.9,1,0.318186,0.3,0.4,2.45584e-05,29199.6,2580.37,1459.98,0.01,0.95,10,10000,0.938,0.497,6,5,0.0818148,0,0.833333
721,10000,3.37609,3.16228,4.21697,0.00485874,0.00398107,0.00630957,0.919668,0.9,1,0.4545,0.4,0.5,2.45584e-05,38932.9,5242.02,1946.64,0.01,0.95,10,10000,0.938,0.497,8,3,0.105622,0,0.375
722,10000,3.71751,3.16228,4.21697,0.00516242,0.00398107,0.00630957,0.935092,0.9,1,0.531615,0.5,0.6,2.45584e-05,38932.9,2518.19,1946.64,0.01,0.95,10,10000,0.938,0.497,8,8,0.0646803,0,1
723,10000,3.41191,3.16228,4.21697,0.00567594,0.00398107,0.00630957,0.936249,0.9,1,0.64748,0.6,0.7,2.45584e-05,38932.9,2855.36,1946.64,0.01,0.95,10,10000,0.938,0.497,8,7,0.0691461,0,0.875
724,10000,3.5715,3.16228,4.21697,0.00523322,0.00398107,0.00630957,0.923512,0.9,1,0.762764,0.7,0.8,2.45584e-05,38932.9,3250.97,1946.64,0.01,0.95,10,10000,0.938,0.497,8,6,0.0746863,0,0.75
725,10000,3.37869,3.16228,4.21697,0.00452052,0.00398107,0.00630957,0.925794,0.9,1,0.83648,0.8,0.9,2.45584e-05,19466.4,2298.78,973.321,0.01,0.95,10,10000,0.938,0.497,4,3,0.105622,0,0.75
726,10000,3.55635,3.16228,4.21697,0.00524079,0.00398107,0.00630957,0.903324,0.9,1,0.950492,0.9,1,2.45584e-05,4866.61,-nan,243.33,0.01,0.95,10,10000,0.938,0.497,1,3,0.105622,0,3
727,10000,3.60975,3.16228,4.21697,0.00478846,0.00398107,0.00630957,0.928136,0.9,1,1.15102,1,1.5,0.000122792,4866.61,487.645,243.33,0.01,0.95,10,10000,0.938,0.497,5,4,0.0914717,0,0.8
728,10000,3.47608,3.16228,4.21697,0.00846327,0.00630957,0.01,0.0701989,0.05,0.1,0.0687634,0,0.1,1.94613e-05,5.20162e+06,90394.5,260081,0.01,0.95,10,10000,0.938,0.497,847,196,0.0130674,0,0.231405
729,10000,3.55055,3.16228,4.21697,0.00834131,0.00630957,0.01,0.0712692,0.05,0.1,0.157234,0.1,0.2,1.94613e-05,1.40389e+07,126443,701943,0.01,0.95,10,10000,0.938,0.497,2286,699,0.00691955,0,0.305774
730,10000,3.56951,3.16228,4.21697,0.00813412,0.00630957,0.01,0.0720807,0.05,0.1,0.252303,0.2,0.3,1.94613e-05,1.78587e+07,124058,892935,0.01,0.95,10,10000,0.938,0.497,2908,1120,0.00546648,0,0.385144
731,10000,3.59688,3.16228,4.21697,0.00808469,0.00630957,0.01,0.0724085,0.05,0.1,0.350936,0.3,0.4,1.94613e-05,1.72446e+07,114026,862229,0.01,0.95,10,10000,0.938,0.497,2808,1203,0.00527453,0,0.428419
732,10000,3.6097,3.16228,4.21697,0.00795068,0.00630957,0.01,0.0734016,0.05,0.1,0.448551,0.4,0.5,1.94613e-05,1.50215e+07,100231,751073,0.01,0.95,10,10000,0.938,0.497,2446,1150,0.00539471,0,0.470155
733,10000,3.63285,3.16228,4.21697,0.00792939,0.00630957,0.01,0.0731471,0.05,0.1,0.548679,0.5,0.6,1.94613e-05,1.19017e+07,83427.3,595085,0.01,0.95,10,10000,0.938,0.497,1938,1008,0.00576218,0,0.520124
734,10000,3.62838,3.16228,4.21697,0.00792563,0.00630957,0.01,0.0732795,0.05,0.1,0.647597,0.6,0.7,1.94613e-05,9.02147e+06,67101,451073,0.01,0.95,10,10000,0.938,0.497,1469,857,0.00624923,0,0.58339
735,10000,3.6211,3.16228,4.21697,0.00802092,0.00630957,0.01,0.0743232,0.05,0.1,0.747273,0.7,0.8,1.94613e-05,6.50356e+06,50999.3,325178,0.01,0.95,10,10000,0.938,0.497,1059,719,0.00682264,0,0.678942
736,10000,3.60628,3.16228,4.21697,0.0079243,0.00630957,0.01,0.0730778,0.05,0.1,0.848247,0.8,0.9,1.94613e-05,4.29272e+06,38715.7,214636,0.01,0.95,10,10000,0.938,0.497,699,518,0.00803807,0,0.741059
737,10000,3.63271,3.16228,4.21697,0.00790246,0.00630957,0.01,0.0727925,0.05,0.1,0.948519,0.9,1,1.94613e-05,2.88024e+06,32045.7,144012,0.01,0.95,10,10000,0.938,0.497,469,343,0.00987801,0,0.731343
738,10000,3.60915,3.16228,4.21697,0.00802702,0.00630957,0.01,0.0726953,0.05,0.1,1.17926,1,1.5,9.73063e-05,1.02804e+06,7987.61,51402.1,0.01,0.95,10,10000,0.938,0.497,837,667,0.0070836,0,0.796894
739,10000,3.52988,3.16228,4.21697,0.00832913,0.00630957,0.01,0.12721,0.1,0.15,0.0686508,0,0.1,1.94613e-05,3.80142e+06,79898.5,190071,0.01,0.95,10,10000,0.938,0.497,619,135,0.0157453,0,0.218094
740,10000,3.60731,3.16228,4.21697,0.00816484,0.00630957,0.01,0.125542,0.1,0.15,0.15768,0.1,0.2,1.94613e-05,9.5926e+06,92602.6,479630,0.01,0.95,10,10000,0.938,0.497,1562,584,0.00757025,0,0.37388
741,10000,3.60289,3.16228,4.21697,0.00811708,0.00630957,0.01,0.124409,0.1,0.15,0.252059,0.2,0.3,1.94613e-05,1.18771e+07,94382.1,593857,0.01,0.95,10,10000,0.938,0.497,1934,832,0.00634242,0,0.430196
742,10000,3.62946,3.16228,4.21697,0.00808562,0.00630957,0.01,0.124161,0.1,0.15,0.351019,0.3,0.4,1.94613e-05,1.1957e+07,87513.2,597849,0.01,0.95,10,10000,0.938,0.497,1947,946,0.005948,0,0.485876
743,10000,3.61336,3.16228,4.21697,0.00802137,0.00630957,0.01,0.122991,0.1,0.15,0.449944,0.4,0.5,1.94613e-05,9.98564e+06,79776.5,499282,0.01,0.95,10,10000,0.938,0.497,1626,793,0.00649651,0,0.4877
744,10000,3.60024,3.16228,4.21697,0.00804281,0.00630957,0.01,0.123931,0.1,0.15,0.547555,0.5,0.6,1.94613e-05,8.30909e+06,65826.9,415454,0.01,0.95,10,10000,0.938,0.497,1353,765,0.00661433,0,0.56541
745,10000,3.59697,3.16228,4.21697,0.00800142,0.00630957,0.01,0.12453,0.1,0.15,0.648386,0.6,0.7,1.94613e-05,6.20879e+06,52195.7,310439,0.01,0.95,10,10000,0.938,0.497,1011,645,0.00720339,0,0.637982
746,10000,3.6151,3.16228,4.21697,0.00814313,0.00630957,0.01,0.124474,0.1,0.15,0.747282,0.7,0.8,1.94613e-05,4.0655e+06,41183.4,203275,0.01,0.95,10,10000,0.938,0.497,662,437,0.00875137,0,0.660121
747,10000,3.62673,3.16228,4.21697,0.00798067,0.00630957,0.01,0.122826,0.1,0.15,0.846595,0.8,0.9,1.94613e-05,3.23643e+06,35435.7,161821,0.01,0.95,10,10000,0.938,0.497,527,365,0.00957569,0,0.6926
748,10000,3.63036,3.16228,4.21697,0.00794799,0.00630957,0.01,0.122503,0.1,0.15,0.948504,0.9,1,1.94613e-05,2.08802e+06,26085.7,104401,0.01,0.95,10,10000,0.938,0.497,340,263,0.0112808,0,0.773529
749,10000,3.62742,3.16228,4.21697,0.00789788,0.00630957,0.01,0.123979,0.1,0.15,1.18223,1,1.5,9.73063e-05,829066,7284.05,41453.3,0.01,0.95,10,10000,0.938,0.497,675,528,0.00796159,0,0.782222
750,10000,3.60097,3.16228,4.21697,0.00833344,0.00630957,0.01,0.178083,0.15,0.2,0.0662938,0,0.1,1.94613e-05,2.22313e+06,38294.1,111156,0.01,0.95,10,10000,0.938,0.497,362,172,0.0139493,0,0.475138
751,10000,3.62373,3.16228,4.21697,0.00816112,0.00630957,0.01,0.175466,0.15,0.2,0.15216,0.1,0.2,1.94613e-05,6.62639e+06,66340.2,331319,0.01,0.95,10,10000,0.938,0.497,1079,510,0.00810087,0,0.47266
752,10000,3.62232,3.16228,4.21697,0.0080087,0.00630957,0.01,0.173529,0.15,0.2,0.250564,0.2,0.3,1.94613e-05,8.54245e+06,67070.9,427123,0.01,0.95,10,10000,0.938,0.497,1391,781,0.00654623,0,0.561467
753,10000,3.60225,3.16228,4.21697,0.00800248,0.00630957,0.01,0.173431,0.15,0.2,0.349478,0.3,0.4,1.94613e-05,8.3705e+06,67762.1,418525,0.01,0.95,10,10000,0.938,0.497,1363,743,0.00671154,0,0.545121
754,10000,3.63157,3.16228,4.21697,0.00796652,0.00630957,0.01,0.174672,0.15,0.2,0.448891,0.4,0.5,1.94613e-05,7.67654e+06,65848.5,383827,0.01,0.95,10,10000,0.938,0.497,1250,667,0.0070836,0,0.5336
755,10000,3.6359,3.16228,4.21697,0.0079925,0.00630957,0.01,0.173435,0.15,0.2,0.549508,0.5,0.6,1.94613e-05,6.54655e+06,56831,327328,0.01,0.95,10,10000,0.938,0.497,1066,627,0.00730606,0,0.58818
756,10000,3.61843,3.16228,4.21697,0.00800441,0.00630957,0.01,0.17404,0.15,0.2,0.64885,0.6,0.7,1.94613e-05,4.56908e+06,48625.4,228454,0.01,0.95,10,10000,0.938,0.497,744,423,0.00889501,0,0.568548
757,10000,3.58693,3.16228,4.21697,0.00803472,0.00630957,0.01,0.172812,0.15,0.2,0.748712,0.7,0.8,1.94613e-05,3.42681e+06,39674.1,171340,0.01,0.95,10,10000,0.938,0.497,558,345,0.00984934,0,0.61828
758,10000,3.61282,3.16228,4.21697,0.00797185,0.00630957,0.01,0.17325,0.15,0.2,0.848436,0.8,0.9,1.94613e-05,2.24155e+06,29651.7,112077,0.01,0.95,10,10000,0.938,0.497,365,251,0.0115473,0,0.687671
759,10000,3.61699,3.16228,4.21697,0.00804143,0.00630957,0.01,0.175513,0.15,0.2,0.945607,0.9,1,1.94613e-05,1.67042e+06,25706.4,83520.8,0.01,0.95,10,10000,0.938,0.497,272,186,0.0134141,0,0.683824
760,10000,3.61231,3.16228,4.21697,0.00798074,0.00630957,0.01,0.173047,0.15,0.2,1.19712,1,1.5,9.73063e-05,638688,6655.87,31934.4,0.01,0.95,10,10000,0.938,0.497,520,387,0.00929954,0,0.744231
761,10000,3.58343,3.16228,4.21697,0.0081553,0.00630957,0.01,0.222711,0.2,0.25,0.0663236,0,0.1,1.94613e-05,1.51688e+06,23734.4,75844.2,0.01,0.95,10,10000,0.938,0.497,247,176,0.0137899,0,0.712551
762,10000,3.59136,3.16228,4.21697,0.00808954,0.00630957,0.01,0.223459,0.2,0.25,0.153226,0.1,0.2,1.94613e-05,3.93039e+06,40527.5,196519,0.01,0.95,10,10000,0.938,0.497,640,422,0.00890555,0,0.659375
763,10000,3.60993,3.16228,4.21697,0.00803309,0.00630957,0.01,0.223996,0.2,0.25,0.250198,0.2,0.3,1.94613e-05,5.12793e+06,48145,256396,0.01,0.95,10,10000,0.938,0.497,835,522,0.00800721,0,0.62515
764,10000,3.59937,3.16228,4.21697,0.00808724,0.00630957,0.01,0.224067,0.2,0.25,0.349039,0.3,0.4,1.94613e-05,5.79732e+06,49783.2,289866,0.01,0.95,10,10000,0.938,0.497,944,613,0.00738901,0,0.649364
765,10000,3.60624,3.16228,4.21697,0.00797903,0.00630957,0.01,0.224059,0.2,0.25,0.447245,0.4,0.5,1.94613e-05,5.2876e+06,48839.6,264380,0.01,0.95,10,10000,0.938,0.497,861,539,0.00787993,0,0.626016
766,10000,3.61693,3.16228,4.21697,0.00790922,0.00630957,0.01,0.224577,0.2,0.25,0.548395,0.5,0.6,1.94613e-05,4.29886e+06,44570.2,214943,0.01,0.95,10,10000,0.938,0.497,700,431,0.00881207,0,0.615714
767,10000,3.62878,3.16228,4.21697,0.00796651,0.00630957,0.01,0.225495,0.2,0.25,0.648195,0.6,0.7,1.94613e-05,3.67246e+06,41292.1,183623,0.01,0.95,10,10000,0.938,0.497,598,367,0.00954957,0,0.613712
768,10000,3.60605,3.16228,4.21697,0.00804142,0.00630957,0.01,0.223347,0.2,0.25,0.747927,0.7,0.8,1.94613e-05,2.62845e+06,34149.7,131422,0.01,0.95,10,10000,0.938,0.497,428,271,0.011113,0,0.633178
769,10000,3.62257,3.16228,4.21697,0.00809325,0.00630957,0.01,0.224807,0.2,0.25,0.848025,0.8,0.9,1.94613e-05,1.84237e+06,29490.7,92118.5,0.01,0.95,10,10000,0.938,0.497,300,182,0.0135607,0,0.606667
770,10000,3.60861,3.16228,4.21697,0.00791659,0.00630957,0.01,0.224507,0.2,0.25,0.948952,0.9,1,1.94613e-05,1.22211e+06,22371.5,61105.3,0.01,0.95,10,10000,0.938,0.497,199,133,0.0158632,0,0.668342
771,10000,3.60875,3.16228,4.21697,0.00803651,0.00630957,0.01,0.224952,0.2,0.25,1.18657,1,1.5,9.73063e-05,526918,6462.81,26345.9,0.01,0.95,10,10000,0.938,0.497,429,293,0.0106877,0,0.682984
772,10000,3.61922,3.16228,4.21697,0.0079098,0.00630957,0.01,0.27309,0.25,0.3,0.0658978,0,0.1,1.94613e-05,964173,16969.7,48208.7,0.01,0.95,10,10000,0.938,0.497,157,128,0.0161701,0,0.815287
773,10000,3.63303,3.16228,4.21697,0.00809772,0.00630957,0.01,0.272938,0.25,0.3,0.155162,0.1,0.2,1.94613e-05,2.57318e+06,27627.1,128659,0.01,0.95,10,10000,0.938,0.497,419,343,0.00987801,0,0.818616
774,10000,3.62638,3.16228,4.21697,0.00805273,0.00630957,0.01,0.27316,0.25,0.3,0.249986,0.2,0.3,1.94613e-05,3.77072e+06,33422.7,188536,0.01,0.95,10,10000,0.938,0.497,614,503,0.00815704,0,0.819218
775,10000,3.60422,3.16228,4.21697,0.00795484,0.00630957,0.01,0.275195,0.25,0.3,0.347283,0.3,0.4,1.94613e-05,3.93039e+06,36571.3,196519,0.01,0.95,10,10000,0.938,0.497,640,482,0.00833284,0,0.753125
776,10000,3.64441,3.16228,4.21697,0.00794362,0.00630957,0.01,0.274873,0.25,0.3,0.449129,0.4,0.5,1.94613e-05,3.66632e+06,35614,183316,0.01,0.95,10,10000,0.938,0.497,597,445,0.00867235,0,0.745394
777,10000,3.65275,3.16228,4.21697,0.00800985,0.00630957,0.01,0.273791,0.25,0.3,0.546568,0.5,0.6,1.94613e-05,3.19958e+06,35296.5,159979,0.01,0.95,10,10000,0.938,0.497,521,360,0.00964196,0,0.690979
778,10000,3.6228,3.16228,4.21697,0.00813373,0.00630957,0.01,0.27302,0.25,0.3,0.64737,0.6,0.7,1.94613e-05,2.67144e+06,32630.7,133572,0.01,0.95,10,10000,0.938,0.497,435,296,0.0106334,0,0.68046
779,10000,3.63961,3.16228,4.21697,0.00796522,0.00630957,0.01,0.273799,0.25,0.3,0.748107,0.7,0.8,1.94613e-05,2.16171e+06,32003.3,108086,0.01,0.95,10,10000,0.938,0.497,352,213,0.0125351,0,0.605114
780,10000,3.61426,3.16228,4.21697,0.00809412,0.00630957,0.01,0.273064,0.25,0.3,0.843982,0.8,0.9,1.94613e-05,1.53531e+06,24208.3,76765.4,0.01,0.95,10,10000,0.938,0.497,250,175,0.0138292,0,0.7
781,10000,3.55935,3.16228,4.21697,0.00793109,0.00630957,0.01,0.274757,0.25,0.3,0.948664,0.9,1,1.94613e-05,927326,19918.8,46366.3,0.01,0.95,10,10000,0.938,0.497,151,98,0.0184801,0,0.649007
782,10000,3.62854,3.16228,4.21697,0.0080864,0.00630957,0.01,0.274345,0.25,0.3,1.19419,1,1.5,9.73063e-05,412691,5635.09,20634.5,0.01,0.95,10,10000,0.938,0.497,336,234,0.0119594,0,0.696429
783,10000,3.6352,3.16228,4.21697,0.00812724,0.00630957,0.01,0.339821,0.3,0.4,0.0655131,0,0.1,3.89225e-05,439098,7678.16,21954.9,0.01,0.95,10,10000,0.938,0.497,143,124,0.0164288,0,0.867133
784,10000,3.59774,3.16228,4.21697,0.00799458,0.00630957,0.01,0.344271,0.3,0.4,0.153892,0.1,0.2,3.89225e-05,1.36028e+06,13003,68014.1,0.01,0.95,10,10000,0.938,0.497,443,401,0.00913576,0,0.905192
785,10000,3.59929,3.16228,4.21697,0.00804206,0.00630957,0.01,0.344595,0.3,0.4,0.254206,0.2,0.3,3.89225e-05,2.01125e+06,16847.2,100563,0.01,0.95,10,10000,0.938,0.497,655,552,0.00778659,0,0.842748
786,10000,3.62609,3.16228,4.21697,0.00801151,0.00630957,0.01,0.34374,0.3,0.4,0.350004,0.3,0.4,3.89225e-05,2.28147e+06,17848.6,114073,0.01,0.95,10,10000,0.938,0.497,743,630,0.00728864,0,0.847914
787,10000,3.61211,3.16228,4.21697,0.00793775,0.00630957,0.01,0.347499,0.3,0.4,0.449663,0.4,0.5,3.89225e-05,2.08188e+06,17307,104094,0.01,0.95,10,10000,0.938,0.497,678,565,0.00769649,0,0.833333
788,10000,3.62959,3.16228,4.21697,0.00802693,0.00630957,0.01,0.346037,0.3,0.4,0.55078,0.5,0.6,3.89225e-05,1.98055e+06,16840.2,99027.4,0.01,0.95,10,10000,0.938,0.497,645,539,0.00787993,0,0.835659
789,10000,3.62265,3.16228,4.21697,0.00799484,0.00630957,0.01,0.342767,0.3,0.4,0.6457,0.6,0.7,3.89225e-05,1.48618e+06,14948.7,74308.9,0.01,0.95,10,10000,0.938,0.497,484,393,0.00922827,0,0.811983
790,10000,3.63615,3.16228,4.21697,0.00797131,0.00630957,0.01,0.346571,0.3,0.4,0.747175,0.7,0.8,3.89225e-05,1.31729e+06,14753.7,65864.7,0.01,0.95,10,10000,0.938,0.497,429,329,0.010086,0,0.7669
791,10000,3.63839,3.16228,4.21697,0.00801167,0.00630957,0.01,0.348898,0.3,0.4,0.84498,0.8,0.9,3.89225e-05,1.09007e+06,13966.7,54503.4,0.01,0.95,10,10000,0.938,0.497,355,259,0.0113675,0,0.729577
792,10000,3.67528,3.16228,4.21697,0.00801232,0.00630957,0.01,0.348657,0.3,0.4,0.946553,0.9,1,3.89225e-05,776866,11378.8,38843.3,0.01,0.95,10,10000,0.938,0.497,253,193,0.0131686,0,0.762846
793,10000,3.63589,3.16228,4.21697,0.00798424,0.00630957,0.01,0.347958,0.3,0.4,1.19736,1,1.5,0.000194613,289866,3490.66,14493.3,0.01,0.95,10,10000,0.938,0.497,472,310,0.0103905,0,0.65678
794,10000,3.58921,3.16228,4.21697,0.00799071,0.00630957,0.01,0.445479,0.4,0.5,0.0687399,0,0.1,3.89225e-05,288638,5995.36,14431.9,0.01,0.95,10,10000,0.938,0.497,94,85,0.019843,0,0.904255
795,10000,3.55106,3.16228,4.21697,0.00810749,0.00630957,0.01,0.445106,0.4,0.5,0.155995,0.1,0.2,3.89225e-05,666324,9510.42,33316.2,0.01,0.95,10,10000,0.938,0.497,217,187,0.0133781,0,0.861751
796,10000,3.58129,3.16228,4.21697,0.008044,0.00630957,0.01,0.44474,0.4,0.5,0.251624,0.2,0.3,3.89225e-05,961103,10527.3,48055.1,0.01,0.95,10,10000,0.938,0.497,313,295,0.0106514,0,0.942492
797,10000,3.61987,3.16228,4.21697,0.0078987,0.00630957,0.01,0.445622,0.4,0.5,0.350964,0.3,0.4,3.89225e-05,1.09314e+06,12139,54657,0.01,0.95,10,10000,0.938,0.497,356,308,0.0104242,0,0.865169
798,10000,3.61366,3.16228,4.21697,0.00801505,0.00630957,0.01,0.446485,0.4,0.5,0.448627,0.4,0.5,3.89225e-05,1.14534e+06,12181.1,57267,0.01,0.95,10,10000,0.938,0.497,373,330,0.0100707,0,0.884718
799,10000,3.58398,3.16228,4.21697,0.00803508,0.00630957,0.01,0.447506,0.4,0.5,0.550855,0.5,0.6,3.89225e-05,1.16069e+06,12475.9,58034.6,0.01,0.95,10,10000,0.938,0.497,378,328,0.0101014,0,0.867725
800,10000,3.58613,3.16228,4.21697,0.00793649,0.00630957,0.01,0.442527,0.4,0.5,0.647386,0.6,0.7,3.89225e-05,902761,10453.2,45138.1,0.01,0.95,10,10000,0.938,0.497,294,270,0.0111336,0,0.918367
801,10000,3.60808,3.16228,4.21697,0.00802307,0.00630957,0.01,0.444222,0.4,0.5,0.749095,0.7,0.8,3.89225e-05,733877,10462.1,36693.9,0.01,0.95,10,10000,0.938,0.497,239,195,0.0131008,0,0.8159
802,10000,3.62623,3.16228,4.21697,0.00803517,0.00630957,0.01,0.447112,0.4,0.5,0.84796,0.8,0.9,3.89225e-05,555782,7943.17,27789.1,0.01,0.95,10,10000,0.938,0.497,181,172,0.0139493,0,0.950276
803,10000,3.60671,3.16228,4.21697,0.00789406,0.00630957,0.01,0.44977,0.4,0.5,0.947511,0.9,1,3.89225e-05,423745,7414.16,21187.3,0.01,0.95,10,10000,0.938,0.497,138,122,0.0165629,0,0.884058
804,10000,3.63721,3.16228,4.21697,0.0079646,0.00630957,0.01,0.447487,0.4,0.5,1.18695,1,1.5,0.000194613,206960,2677.44,10348,0.01,0.95,10,10000,0.938,0.497,337,251,0.0115473,0,0.744807
805,10000,3.5974,3.16228,4.21697,0.0081942,0.00630957,0.01,0.544631,0.5,0.6,0.0682125,0,0.1,3.89225e-05,153531,4391.39,7676.54,0.01,0.95,10,10000,0.938,0.497,50,45,0.0272716,0,0.9
806,10000,3.58206,3.16228,4.21697,0.00815387,0.00630957,0.01,0.541298,0.5,0.6,0.152516,0.1,0.2,3.89225e-05,307062,6273.48,15353.1,0.01,0.95,10,10000,0.938,0.497,100,89,0.019392,0,0.89
807,10000,3.57386,3.16228,4.21697,0.00810035,0.00630957,0.01,0.542218,0.5,0.6,0.253631,0.2,0.3,3.89225e-05,414533,7352.32,20726.7,0.01,0.95,10,10000,0.938,0.497,135,119,0.0167704,0,0.881481
808,10000,3.58436,3.16228,4.21697,0.00786226,0.00630957,0.01,0.543266,0.5,0.6,0.350299,0.3,0.4,3.89225e-05,482087,7502.25,24104.3,0.01,0.95,10,10000,0.938,0.497,157,147,0.0150889,0,0.936306
809,10000,3.60334,3.16228,4.21697,0.00813631,0.00630957,0.01,0.544047,0.5,0.6,0.451834,0.4,0.5,3.89225e-05,574205,8884.03,28710.3,0.01,0.95,10,10000,0.938,0.497,187,160,0.0144629,0,0.855615
810,10000,3.57332,3.16228,4.21697,0.00802696,0.00630957,0.01,0.545161,0.5,0.6,0.547964,0.5,0.6,3.89225e-05,485157,7334.51,24257.9,0.01,0.95,10,10000,0.938,0.497,158,152,0.0148387,0,0.962025
811,10000,3.60265,3.16228,4.21697,0.00794109,0.00630957,0.01,0.549047,0.5,0.6,0.650624,0.6,0.7,3.89225e-05,494369,8388.98,24718.5,0.01,0.95,10,10000,0.938,0.497,161,135,0.0157453,0,0.838509
812,10000,3.57425,3.16228,4.21697,0.00803137,0.00630957,0.01,0.543635,0.5,0.6,0.746335,0.7,0.8,3.89225e-05,377686,6984.6,18884.3,0.01,0.95,10,10000,0.938,0.497,123,109,0.0175228,0,0.886179
813,10000,3.59526,3.16228,4.21697,0.00813524,0.00630957,0.01,0.536795,0.5,0.6,0.845898,0.8,0.9,3.89225e-05,288638,6328.1,14431.9,0.01,0.95,10,10000,0.938,0.497,94,80,0.0204537,0,0.851064
814,10000,3.58948,3.16228,4.21697,0.00795695,0.00630957,0.01,0.546101,0.5,0.6,0.947897,0.9,1,3.89225e-05,162743,-nan,8137.13,0.01,0.95,10,10000,0.938,0.497,53,54,0.0248954,0,1.01887
815,10000,3.64973,3.16228,4.21697,0.00794515,0.00630957,0.01,0.546212,0.5,0.6,1.19589,1,1.5,0.000194613,123439,1795.87,6171.94,0.01,0.95,10,10000,0.938,0.497,201,177,0.0137509,0,0.880597
816,10000,3.559,3.16228,4.21697,0.00801657,0.00630957,0.01,0.643896,0.6,0.7,0.0621403,0,0.1,3.89225e-05,49129.9,-nan,2456.49,0.01,0.95,10,10000,0.938,0.497,16,17,0.0443703,0,1.0625
817,10000,3.59969,3.16228,4.21697,0.00800366,0.00630957,0.01,0.642305,0.6,0.7,0.147383,0.1,0.2,3.89225e-05,171954,4766.6,8597.72,0.01,0.95,10,10000,0.938,0.497,56,49,0.0261348,0,0.875
818,10000,3.60367,3.16228,4.21697,0.00827898,0.00630957,0.01,0.640789,0.6,0.7,0.255248,0.2,0.3,3.89225e-05,181166,4540.15,9058.32,0.01,0.95,10,10000,0.938,0.497,59,56,0.0244468,0,0.949153
819,10000,3.612,3.16228,4.21697,0.00788591,0.00630957,0.01,0.647451,0.6,0.7,0.349714,0.3,0.4,3.89225e-05,288638,6192.3,14431.9,0.01,0.95,10,10000,0.938,0.497,94,82,0.0202027,0,0.87234
820,10000,3.65374,3.16228,4.21697,0.00817287,0.00630957,0.01,0.641207,0.6,0.7,0.447443,0.4,0.5,3.89225e-05,254861,5435.95,12743.1,0.01,0.95,10,10000,0.938,0.497,83,78,0.0207143,0,0.939759
821,10000,3.63819,3.16228,4.21697,0.00817799,0.00630957,0.01,0.639834,0.6,0.7,0.546454,0.5,0.6,3.89225e-05,211873,5242.61,10593.6,0.01,0.95,10,10000,0.938,0.497,69,61,0.0234235,0,0.884058
822,10000,3.6397,3.16228,4.21697,0.00804403,0.00630957,0.01,0.64593,0.6,0.7,0.648142,0.6,0.7,3.89225e-05,245649,5485.11,12282.5,0.01,0.95,10,10000,0.938,0.497,80,73,0.0214119,0,0.9125
823,10000,3.62134,3.16228,4.21697,0.00810497,0.00630957,0.01,0.638735,0.6,0.7,0.745789,0.7,0.8,3.89225e-05,190378,5661.54,9518.91,0.01,0.95,10,10000,0.938,0.497,62,47,0.026685,0,0.758065
824,10000,3.53353,3.16228,4.21697,0.00793737,0.00630957,0.01,0.645484,0.6,0.7,0.852464,0.8,0.9,3.89225e-05,162743,4167.5,8137.13,0.01,0.95,10,10000,0.938,0.497,53,52,0.0253697,0,0.981132
825,10000,3.62144,3.16228,4.21697,0.0082031,0.00630957,0.01,0.650948,0.6,0.7,0.958089,0.9,1,3.89225e-05,119754,3990.81,5987.7,0.01,0.95,10,10000,0.938,0.497,39,34,0.0313745,0,0.871795
826,10000,3.58976,3.16228,4.21697,0.00812725,0.00630957,0.01,0.650805,0.6,0.7,1.21054,1,1.5,0.000194613,66325.3,1293.22,3316.27,0.01,0.95,10,10000,0.938,0.497,108,97,0.0185751,0,0.898148
827,10000,3.5311,3.16228,4.21697,0.008348,0.00630957,0.01,0.747038,0.7,0.8,0.0724932,0,0.1,3.89225e-05,42988.6,2427.03,2149.43,0.01,0.95,10,10000,0.938,0.497,14,12,0.0528112,0,0.857143
828,10000,3.61029,3.16228,4.21697,0.0080141,0.00630957,0.01,0.751369,0.7,0.8,0.156263,0.1,0.2,3.89225e-05,79836,3774.93,3991.8,0.01,0.95,10,10000,0.938,0.497,26,19,0.0419701,0,0.730769
829,10000,3.67788,3.16228,4.21697,0.00781528,0.00630957,0.01,0.733513,0.7,0.8,0.249865,0.2,0.3,3.89225e-05,141248,4541.78,7062.42,0.01,0.95,10,10000,0.938,0.497,46,38,0.0296773,0,0.826087
830,10000,3.55547,3.16228,4.21697,0.00846195,0.00630957,0.01,0.739172,0.7,0.8,0.349573,0.3,0.4,3.89225e-05,122825,3927.78,6141.23,0.01,0.95,10,10000,0.938,0.497,40,36,0.0304906,0,0.9
831,10000,3.62537,3.16228,4.21697,0.00780002,0.00630957,0.01,0.74488,0.7,0.8,0.453339,0.4,0.5,3.89225e-05,128966,4307.56,6448.29,0.01,0.95,10,10000,0.938,0.497,42,35,0.0309231,0,0.833333
832,10000,3.57923,3.16228,4.21697,0.00806512,0.00630957,0.01,0.746164,0.7,0.8,0.553787,0.5,0.6,3.89225e-05,141248,4344.03,7062.42,0.01,0.95,10,10000,0.938,0.497,46,40,0.0289259,0,0.869565
833,10000,3.53959,3.16228,4.21697,0.00813707,0.00630957,0.01,0.742709,0.7,0.8,0.649187,0.6,0.7,3.89225e-05,98259.7,3491.02,4912.99,0.01,0.95,10,10000,0.938,0.497,32,29,0.0339717,0,0.90625
834,10000,3.63792,3.16228,4.21697,0.00835376,0.00630957,0.01,0.751934,0.7,0.8,0.749391,0.7,0.8,3.89225e-05,98259.7,3603.21,4912.99,0.01,0.95,10,10000,0.938,0.497,32,28,0.0345731,0,0.875
835,10000,3.57632,3.16228,4.21697,0.00796988,0.00630957,0.01,0.75009,0.7,0.8,0.84532,0.8,0.9,3.89225e-05,64482.9,3121.75,3224.15,0.01,0.95,10,10000,0.938,0.497,21,17,0.0443703,0,0.809524
836,10000,3.57802,3.16228,4.21697,0.0082017,0.00630957,0.01,0.742863,0.7,0.8,0.957752,0.9,1,3.89225e-05,49129.9,-nan,2456.49,0.01,0.95,10,10000,0.938,0.497,16,17,0.0443703,0,1.0625
837,10000,3.56306,3.16228,4.21697,0.00790076,0.00630957,0.01,0.745224,0.7,0.8,1.19204,1,1.5,0.000194613,39303.9,941.965,1965.19,0.01,0.95,10,10000,0.938,0.497,64,61,0.0234235,0,0.953125
838,10000,3.86673,3.16228,4.21697,0.00849219,0.00630957,0.01,0.84034,0.8,0.9,0.0777417,0,0.1,3.89225e-05,12282.5,1123.5,614.123,0.01,0.95,10,10000,0.938,0.497,4,4,0.0914717,0,1
839,10000,3.67758,3.16228,4.21697,0.00809653,0.00630957,0.01,0.835979,0.8,0.9,0.15588,0.1,0.2,3.89225e-05,64482.9,2699.9,3224.15,0.01,0.95,10,10000,0.938,0.497,21,20,0.0409074,0,0.952381
840,10000,3.49063,3.16228,4.21697,0.00792363,0.00630957,0.01,0.837927,0.8,0.9,0.264202,0.2,0.3,3.89225e-05,42988.6,2257.77,2149.43,0.01,0.95,10,10000,0.938,0.497,14,13,0.0507394,0,0.928571
841,10000,3.54528,3.16228,4.21697,0.00814134,0.00630957,0.01,0.840619,0.8,0.9,0.346653,0.3,0.4,3.89225e-05,76765.4,3300.67,3838.27,0.01,0.95,10,10000,0.938,0.497,25,21,0.0399215,0,0.84
842,10000,3.4366,3.16228,4.21697,0.00796214,0.00630957,0.01,0.838776,0.8,0.9,0.450191,0.4,0.5,3.89225e-05,52200.5,2768.33,2610.02,0.01,0.95,10,10000,0.938,0.497,17,14,0.0488937,0,0.823529
843,10000,3.52406,3.16228,4.21697,0.00792213,0.00630957,0.01,0.841714,0.8,0.9,0.540427,0.5,0.6,3.89225e-05,55271.1,2519.6,2763.55,0.01,0.95,10,10000,0.938,0.497,18,17,0.0443703,0,0.944444
844,10000,3.56126,3.16228,4.21697,0.0077649,0.00630957,0.01,0.832815,0.8,0.9,0.648475,0.6,0.7,3.89225e-05,67553.6,2634.84,3377.68,0.01,0.95,10,10000,0.938,0.497,22,22,0.0390037,0,1
845,10000,3.70462,3.16228,4.21697,0.00800997,0.00630957,0.01,0.838508,0.8,0.9,0.767791,0.7,0.8,3.89225e-05,49129.9,2547.85,2456.49,0.01,0.95,10,10000,0.938,0.497,16,14,0.0488937,0,0.875
846,10000,3.63539,3.16228,4.21697,0.0083653,0.00630957,0.01,0.837827,0.8,0.9,0.840911,0.8,0.9,3.89225e-05,55271.1,2664.61,2763.55,0.01,0.95,10,10000,0.938,0.497,18,16,0.0457358,0,0.888889
847,10000,3.65267,3.16228,4.21697,0.00800952,0.00630957,0.01,0.848561,0.8,0.9,0.949484,0.9,1,3.89225e-05,36847.4,2115.48,1842.37,0.01,0.95,10,10000,0.938,0.497,12,11,0.0551595,0,0.916667
848,10000,3.62414,3.16228,4.21697,0.00794051,0.00630957,0.01,0.829192,0.8,0.9,1.16591,1,1.5,0.000194613,17809.6,803.087,890.479,0.01,0.95,10,10000,0.938,0.497,29,21,0.0399215,0,0.724138
849,10000,3.68637,3.16228,4.21697,0.0073794,0.00630957,0.01,0.922022,0.9,1,0.0344931,0,0.1,3.89225e-05,6141.23,794.433,307.062,0.01,0.95,10,10000,0.938,0.497,2,2,0.129361,0,1
850,10000,3.46509,3.16228,4.21697,0.00841769,0.00630957,0.01,0.93611,0.9,1,0.178893,0.1,0.2,3.89225e-05,15353.1,1256.11,767.654,0.01,0.95,10,10000,0.938,0.497,5,5,0.0818148,0,1
851,10000,3.53426,3.16228,4.21697,0.00763529,0.00630957,0.01,0.933553,0.9,1,0.252008,0.2,0.3,3.89225e-05,18423.7,1628.1,921.185,0.01,0.95,10,10000,0.938,0.497,6,5,0.0818148,0,0.833333
852,10000,3.67193,3.16228,4.21697,0.00760227,0.00630957,0.01,0.939502,0.9,1,0.336306,0.3,0.4,3.89225e-05,12282.5,1123.5,614.123,0.01,0.95,10,10000,0.938,0.497,4,4,0.0914717,0,1
853,10000,3.53617,3.16228,4.21697,0.00783082,0.00630957,0.01,0.93703,0.9,1,0.443969,0.4,0.5,3.89225e-05,21494.3,1716.17,1074.72,0.01,0.95,10,10000,0.938,0.497,7,6,0.0746863,0,0.857143
854,10000,3.66868,3.16228,4.21697,0.00848337,0.00630957,0.01,0.936143,0.9,1,0.560583,0.5,0.6,3.89225e-05,33776.8,1863.11,1688.84,0.01,0.95,10,10000,0.938,0.497,11,11,0.0551595,0,1
855,10000,3.68921,3.16228,4.21697,0.00809795,0.00630957,0.01,0.939249,0.9,1,0.64465,0.6,0.7,3.89225e-05,12282.5,-nan,614.123,0.01,0.95,10,10000,0.938,0.497,4,5,0.0818148,0,1.25
856,10000,3.65812,3.16228,4.21697,0.00710105,0.00630957,0.01,0.920146,0.9,1,0.744187,0.7,0.8,3.89225e-05,18423.7,2383.3,921.185,0.01,0.95,10,10000,0.938,0.497,6,3,0.105622,0,0.5
857,10000,3.5084,3.16228,4.21697,0.00789777,0.00630957,0.01,0.930261,0.9,1,0.857284,0.8,0.9,3.89225e-05,12282.5,1123.5,614.123,0.01,0.95,10,10000,0.938,0.497,4,4,0.0914717,0,1
858,10000,3.65243,3.16228,4.21697,0.00759799,0.00630957,0.01,0.926694,0.9,1,1.2776,1,1.5,0.000194613,2456.49,-nan,122.825,0.01,0.95,10,10000,0.938,0.497,4,5,0.0818148,0,1.25
859,10000,3.57163,3.16228,4.21697,0.0128104,0.01,0.0158489,0.0700428,0.05,0.1,0.0658534,0,0.1,3.08438e-05,3.28202e+06,30616.2,164101,0.01,0.95,10,10000,0.938,0.497,847,529,0.00795406,0,0.624557
860,10000,3.56,3.16228,4.21697,0.0129605,0.01,0.0158489,0.0701812,0.05,0.1,0.151735,0.1,0.2,3.08438e-05,8.17212e+06,50623.8,408606,0.01,0.95,10,10000,0.938,0.497,2109,1234,0.00520786,0,0.585111
861,10000,3.57249,3.16228,4.21697,0.0129114,0.01,0.0158489,0.069991,0.05,0.1,0.250294,0.2,0.3,3.08438e-05,1.01716e+07,56268.9,508578,0.01,0.95,10,10000,0.938,0.497,2625,1544,0.00465579,0,0.58819
862,10000,3.56166,3.16228,4.21697,0.0128847,0.01,0.0158489,0.068791,0.05,0.1,0.349864,0.3,0.4,3.08438e-05,1.03421e+07,54632.5,517103,0.01,0.95,10,10000,0.938,0.497,2669,1655,0.00449695,0,0.620082
863,10000,3.5703,3.16228,4.21697,0.0128994,0.01,0.0158489,0.0698168,0.05,0.1,0.45014,0.4,0.5,3.08438e-05,8.66811e+06,48642.1,433405,0.01,0.95,10,10000,0.938,0.497,2237,1441,0.00481931,0,0.644166
864,10000,3.57317,3.16228,4.21697,0.0128915,0.01,0.0158489,0.0705846,0.05,0.1,0.546774,0.5,0.6,3.08438e-05,7.14528e+06,41802.1,357264,0.01,0.95,10,10000,0.938,0.497,1844,1278,0.00511742,0,0.693059
865,10000,3.59192,3.16228,4.21697,0.0129191,0.01,0.0158489,0.0715373,0.05,0.1,0.648434,0.6,0.7,3.08438e-05,5.24659e+06,34280.1,262329,0.01,0.95,10,10000,0.938,0.497,1354,993,0.00580553,0,0.733383
866,10000,3.58591,3.16228,4.21697,0.0128066,0.01,0.0158489,0.0705175,0.05,0.1,0.747861,0.7,0.8,3.08438e-05,3.62301e+06,27612.3,181151,0.01,0.95,10,10000,0.938,0.497,935,713,0.00685128,0,0.762567
867,10000,3.58872,3.16228,4.21697,0.0127362,0.01,0.0158489,0.0717988,0.05,0.1,0.845516,0.8,0.9,3.08438e-05,2.4373e+06,21424.9,121865,0.01,0.95,10,10000,0.938,0.497,629,513,0.00807715,0,0.81558
868,10000,3.60831,3.16228,4.21697,0.0126508,0.01,0.0158489,0.0725018,0.05,0.1,0.949702,0.9,1,3.08438e-05,1.61195e+06,18150.1,80597.5,0.01,0.95,10,10000,0.938,0.497,416,323,0.0101792,0,0.776442
869,10000,3.63001,3.16228,4.21697,0.0127836,0.01,0.0158489,0.0747435,0.05,0.1,1.17143,1,1.5,0.000154219,536283,4244.48,26814.2,0.01,0.95,10,10000,0.938,0.497,692,603,0.00745003,0,0.871387
870,10000,3.64561,3.16228,4.21697,0.0126554,0.01,0.0158489,0.126053,0.1,0.15,0.064927,0,0.1,3.08438e-05,2.16993e+06,27989,108497,0.01,0.95,10,10000,0.938,0.497,560,296,0.0106334,0,0.528571
871,10000,3.65324,3.16228,4.21697,0.0127166,0.01,0.0158489,0.125188,0.1,0.15,0.153723,0.1,0.2,3.08438e-05,5.32796e+06,45997.2,266398,0.01,0.95,10,10000,0.938,0.497,1375,677,0.00703109,0,0.492364
872,10000,3.64835,3.16228,4.21697,0.0124826,0.01,0.0158489,0.12603,0.1,0.15,0.249092,0.2,0.3,3.08438e-05,7.00966e+06,56226.6,350483,0.01,0.95,10,10000,0.938,0.497,1809,808,0.00643593,0,0.446656
873,10000,3.63564,3.16228,4.21697,0.0124591,0.01,0.0158489,0.125711,0.1,0.15,0.347829,0.3,0.4,3.08438e-05,6.77329e+06,55350.5,338665,0.01,0.95,10,10000,0.938,0.497,1748,779,0.00655463,0,0.445652
874,10000,3.64002,3.16228,4.21697,0.0125385,0.01,0.0158489,0.124365,0.1,0.15,0.451008,0.4,0.5,3.08438e-05,5.94794e+06,49904.5,297397,0.01,0.95,10,10000,0.938,0.497,1535,726,0.00678967,0,0.472964
875,10000,3.62886,3.16228,4.21697,0.0127018,0.01,0.0158489,0.125023,0.1,0.15,0.548206,0.5,0.6,3.08438e-05,4.94435e+06,42183.6,247217,0.01,0.95,10,10000,0.938,0.497,1276,676,0.00703628,0,0.529781
876,10000,3.63612,3.16228,4.21697,0.0125511,0.01,0.0158489,0.124388,0.1,0.15,0.64811,0.6,0.7,3.08438e-05,3.59589e+06,33319.7,179794,0.01,0.95,10,10000,0.938,0.497,928,549,0.00780783,0,0.591595
877,10000,3.61768,3.16228,4.21697,0.0127444,0.01,0.0158489,0.124766,0.1,0.15,0.748191,0.7,0.8,3.08438e-05,2.63492e+06,25687.7,131746,0.01,0.95,10,10000,0.938,0.497,680,464,0.00849293,0,0.682353
878,10000,3.63991,3.16228,4.21697,0.0125664,0.01,0.0158489,0.124079,0.1,0.15,0.850516,0.8,0.9,3.08438e-05,1.75145e+06,21763.6,87572.3,0.01,0.95,10,10000,0.938,0.497,452,293,0.0106877,0,0.64823
879,10000,3.60873,3.16228,4.21697,0.0125136,0.01,0.0158489,0.125765,0.1,0.15,0.947263,0.9,1,3.08438e-05,1.30196e+06,16990.3,65098,0.01,0.95,10,10000,0.938,0.497,336,248,0.0116169,0,0.738095
880,10000,3.59345,3.16228,4.21697,0.0126902,0.01,0.0158489,0.123841,0.1,0.15,1.18133,1,1.5,0.000154219,456461,4185.95,22823,0.01,0.95,10,10000,0.938,0.497,589,475,0.00839402,0,0.806452
881,10000,3.61862,3.16228,4.21697,0.0127983,0.01,0.0158489,0.175414,0.15,0.2,0.0662377,0,0.1,3.08438e-05,1.5267e+06,19005.5,76335.1,0.01,0.95,10,10000,0.938,0.497,394,279,0.0109525,0,0.708122
882,10000,3.60592,3.16228,4.21697,0.0128716,0.01,0.0158489,0.174888,0.15,0.2,0.15082,0.1,0.2,3.08438e-05,3.70826e+06,30940.4,185413,0.01,0.95,10,10000,0.938,0.497,957,640,0.00723147,0,0.668757
883,10000,3.62972,3.16228,4.21697,0.0127225,0.01,0.0158489,0.173937,0.15,0.2,0.251689,0.2,0.3,3.08438e-05,4.88622e+06,37238.6,244311,0.01,0.95,10,10000,0.938,0.497,1261,791,0.00650472,0,0.62728
884,10000,3.6173,3.16228,4.21697,0.012669,0.01,0.0158489,0.174297,0.15,0.2,0.349978,0.3,0.4,3.08438e-05,4.91722e+06,37494.3,245861,0.01,0.95,10,10000,0.938,0.497,1269,792,0.00650061,0,0.624113
885,10000,3.633,3.16228,4.21697,0.0126285,0.01,0.0158489,0.174819,0.15,0.2,0.450711,0.4,0.5,3.08438e-05,4.28949e+06,36387.4,214475,0.01,0.95,10,10000,0.938,0.497,1107,655,0.00714819,0,0.591689
886,10000,3.62436,3.16228,4.21697,0.0127658,0.01,0.0158489,0.174189,0.15,0.2,0.546307,0.5,0.6,3.08438e-05,3.44089e+06,31087.7,172045,0.01,0.95,10,10000,0.938,0.497,888,561,0.00772388,0,0.631757
887,10000,3.62643,3.16228,4.21697,0.0127123,0.01,0.0158489,0.173779,0.15,0.2,0.648153,0.6,0.7,3.08438e-05,2.82479e+06,29208,141239,0.01,0.95,10,10000,0.938,0.497,729,438,0.00874137,0,0.600823
888,10000,3.60028,3.16228,4.21697,0.012642,0.01,0.0158489,0.17444,0.15,0.2,0.747926,0.7,0.8,3.08438e-05,2.20868e+06,24415,110434,0.01,0.95,10,10000,0.938,0.497,570,370,0.00951077,0,0.649123
889,10000,3.63671,3.16228,4.21697,0.0126107,0.01,0.0158489,0.174358,0.15,0.2,0.847403,0.8,0.9,3.08438e-05,1.40271e+06,18685.6,70135.3,0.01,0.95,10,10000,0.938,0.497,362,248,0.0116169,0,0.685083
890,10000,3.57842,3.16228,4.21697,0.0128448,0.01,0.0158489,0.175039,0.15,0.2,0.947884,0.9,1,3.08438e-05,1.08109e+06,16881.2,54054.6,0.01,0.95,10,10000,0.938,0.497,279,184,0.0134868,0,0.659498
891,10000,3.63314,3.16228,4.21697,0.0126033,0.01,0.0158489,0.175792,0.15,0.2,1.17856,1,1.5,0.000154219,351064,3682.16,17553.2,0.01,0.95,10,10000,0.938,0.497,453,364,0.00958884,0,0.803532
892,10000,3.62809,3.16228,4.21697,0.0127051,0.01,0.0158489,0.22311,0.2,0.25,0.0686223,0,0.1,3.08438e-05,914472,14059,45723.6,0.01,0.95,10,10000,0.938,0.497,236,177,0.0137509,0,0.75
893,10000,3.62776,3.16228,4.21697,0.012825,0.01,0.0158489,0.222901,0.2,0.25,0.154573,0.1,0.2,3.08438e-05,2.48767e+06,22676.6,124384,0.01,0.95,10,10000,0.938,0.497,642,495,0.00822269,0,0.771028
894,10000,3.62486,3.16228,4.21697,0.0127266,0.01,0.0158489,0.223515,0.2,0.25,0.250621,0.2,0.3,3.08438e-05,3.26652e+06,27583.2,163326,0.01,0.95,10,10000,0.938,0.497,843,603,0.00745003,0,0.715302
895,10000,3.60553,3.16228,4.21697,0.0127587,0.01,0.0158489,0.223773,0.2,0.25,0.349384,0.3,0.4,3.08438e-05,3.43314e+06,28726.6,171657,0.01,0.95,10,10000,0.938,0.497,886,621,0.00734127,0,0.700903
896,10000,3.61123,3.16228,4.21697,0.012856,0.01,0.0158489,0.223892,0.2,0.25,0.450222,0.4,0.5,3.08438e-05,3.21228e+06,29008.9,160614,0.01,0.95,10,10000,0.938,0.497,829,549,0.00780783,0,0.662244
897,10000,3.5973,3.16228,4.21697,0.012681,0.01,0.0158489,0.224252,0.2,0.25,0.548631,0.5,0.6,3.08438e-05,2.60392e+06,27162.4,130196,0.01,0.95,10,10000,0.938,0.497,672,422,0.00890555,0,0.627976
898,10000,3.60054,3.16228,4.21697,0.0127357,0.01,0.0158489,0.223996,0.2,0.25,0.650454,0.6,0.7,3.08438e-05,2.09631e+06,23061.6,104816,0.01,0.95,10,10000,0.938,0.497,541,366,0.0095626,0,0.676525
899,10000,3.62801,3.16228,4.21697,0.0127539,0.01,0.0158489,0.224086,0.2,0.25,0.751911,0.7,0.8,3.08438e-05,1.63132e+06,21344.9,81566.2,0.01,0.95,10,10000,0.938,0.497,421,267,0.011196,0,0.634204
900,10000,3.61443,3.16228,4.21697,0.0125947,0.01,0.0158489,0.224026,0.2,0.25,0.849108,0.8,0.9,3.08438e-05,1.27484e+06,18714.8,63741.8,0.01,0.95,10,10000,0.938,0.497,329,211,0.0125943,0,0.641337
901,10000,3.64808,3.16228,4.21697,0.0125661,0.01,0.0158489,0.224873,0.2,0.25,0.946664,0.9,1,3.08438e-05,705228,13304.7,35261.4,0.01,0.95,10,10000,0.938,0.497,182,124,0.0164288,0,0.681319
902,10000,3.61968,3.16228,4.21697,0.0127434,0.01,0.0158489,0.223103,0.2,0.25,1.19337,1,1.5,0.000154219,326265,4268.98,16313.2,0.01,0.95,10,10000,0.938,0.497,421,267,0.011196,0,0.634204
903,10000,3.64912,3.16228,4.21697,0.0126521,0.01,0.0158489,0.272505,0.25,0.3,0.0693503,0,0.1,3.08438e-05,546358,9780.28,27317.9,0.01,0.95,10,10000,0.938,0.497,141,120,0.0167004,0,0.851064
904,10000,3.59722,3.16228,4.21697,0.012432,0.01,0.0158489,0.272939,0.25,0.3,0.154098,0.1,0.2,3.08438e-05,1.6042e+06,17497.5,80210,0.01,0.95,10,10000,0.938,0.497,414,335,0.00999527,0,0.809179
905,10000,3.63036,3.16228,4.21697,0.0126426,0.01,0.0158489,0.273772,0.25,0.3,0.252958,0.2,0.3,3.08438e-05,2.22418e+06,20435.2,111209,0.01,0.95,10,10000,0.938,0.497,574,469,0.00844754,0,0.817073
906,10000,3.62658,3.16228,4.21697,0.0128026,0.01,0.0158489,0.273839,0.25,0.3,0.348126,0.3,0.4,3.08438e-05,2.41793e+06,22323.3,120896,0.01,0.95,10,10000,0.938,0.497,624,482,0.00833284,0,0.772436
907,10000,3.58982,3.16228,4.21697,0.0126492,0.01,0.0158489,0.274264,0.25,0.3,0.446014,0.4,0.5,3.08438e-05,2.44505e+06,23878.8,122252,0.01,0.95,10,10000,0.938,0.497,631,451,0.00861447,0,0.714739
908,10000,3.62591,3.16228,4.21697,0.012743,0.01,0.0158489,0.274628,0.25,0.3,0.548061,0.5,0.6,3.08438e-05,1.84057e+06,21127.7,92028.4,0.01,0.95,10,10000,0.938,0.497,475,331,0.0100555,0,0.696842
909,10000,3.5951,3.16228,4.21697,0.0127967,0.01,0.0158489,0.272772,0.25,0.3,0.645912,0.6,0.7,3.08438e-05,1.62745e+06,20381.4,81372.5,0.01,0.95,10,10000,0.938,0.497,420,283,0.0108749,0,0.67381
910,10000,3.64415,3.16228,4.21697,0.0127308,0.01,0.0158489,0.274786,0.25,0.3,0.745885,0.7,0.8,3.08438e-05,1.34071e+06,18095.8,67035.4,0.01,0.95,10,10000,0.938,0.497,346,240,0.0118089,0,0.693642
911,10000,3.67112,3.16228,4.21697,0.0127576,0.01,0.0158489,0.27291,0.25,0.3,0.839483,0.8,0.9,3.08438e-05,821475,14095.1,41073.7,0.01,0.95,10,10000,0.938,0.497,212,148,0.0150379,0,0.698113
912,10000,3.60314,3.16228,4.21697,0.0127934,0.01,0.0158489,0.274841,0.25,0.3,0.942705,0.9,1,3.08438e-05,639355,12965.8,31967.8,0.01,0.95,10,10000,0.938,0.497,165,109,0.0175228,0,0.660606
913,10000,3.65216,3.16228,4.21697,0.0127323,0.01,0.0158489,0.274871,0.25,0.3,1.17621,1,1.5,0.000154219,275116,3785.75,13755.8,0.01,0.95,10,10000,0.938,0.497,355,236,0.0119086,0,0.664789
914,10000,3.60681,3.16228,4.21697,0.0128216,0.01,0.0158489,0.348772,0.3,0.4,0.0670373,0,0.1,6.16877e-05,267367,4963.52,13368.3,0.01,0.95,10,10000,0.938,0.497,138,114,0.0171342,0,0.826087
915,10000,3.59449,3.16228,4.21697,0.0126135,0.01,0.0158489,0.343521,0.3,0.4,0.153077,0.1,0.2,6.16877e-05,836974,8593.32,41848.7,0.01,0.95,10,10000,0.938,0.497,432,366,0.0095626,0,0.847222
916,10000,3.58976,3.16228,4.21697,0.0126692,0.01,0.0158489,0.343535,0.3,0.4,0.250636,0.2,0.3,6.16877e-05,1.32715e+06,10762.1,66357.3,0.01,0.95,10,10000,0.938,0.497,685,584,0.00757025,0,0.852555
917,10000,3.59728,3.16228,4.21697,0.0126931,0.01,0.0158489,0.342347,0.3,0.4,0.350821,0.3,0.4,6.16877e-05,1.46858e+06,11324.6,73429,0.01,0.95,10,10000,0.938,0.497,758,646,0.00719781,0,0.852243
918,10000,3.59819,3.16228,4.21697,0.0127271,0.01,0.0158489,0.345304,0.3,0.4,0.450279,0.4,0.5,6.16877e-05,1.41046e+06,11294.2,70522.8,0.01,0.95,10,10000,0.938,0.497,728,608,0.00741933,0,0.835165
919,10000,3.59207,3.16228,4.21697,0.0127662,0.01,0.0158489,0.344981,0.3,0.4,0.548286,0.5,0.6,6.16877e-05,1.19928e+06,11195.6,59963.8,0.01,0.95,10,10000,0.938,0.497,619,474,0.00840287,0,0.765751
920,10000,3.62431,3.16228,4.21697,0.0126979,0.01,0.0158489,0.346539,0.3,0.4,0.646959,0.6,0.7,6.16877e-05,1.05978e+06,10340.8,52989,0.01,0.95,10,10000,0.938,0.497,547,428,0.0088429,0,0.78245
921,10000,3.6271,3.16228,4.21697,0.0128012,0.01,0.0158489,0.345185,0.3,0.4,0.745541,0.7,0.8,6.16877e-05,827287,9726.98,41364.3,0.01,0.95,10,10000,0.938,0.497,427,309,0.0104073,0,0.723653
922,10000,3.62698,3.16228,4.21697,0.0125482,0.01,0.0158489,0.345452,0.3,0.4,0.845946,0.8,0.9,6.16877e-05,581232,8068.38,29061.6,0.01,0.95,10,10000,0.938,0.497,300,220,0.012334,0,0.733333
923,10000,3.6586,3.16228,4.21697,0.0126682,0.01,0.0158489,0.344499,0.3,0.4,0.947903,0.9,1,6.16877e-05,455298,7563.1,22764.9,0.01,0.95,10,10000,0.938,0.497,235,160,0.0144629,0,0.680851
924,10000,3.60514,3.16228,4.21697,0.0127025,0.01,0.0158489,0.345567,0.3,0.4,1.19322,1,1.5,0.000308438,205369,2487.29,10268.4,0.01,0.95,10,10000,0.938,0.497,530,319,0.0102429,0,0.601887
925,10000,3.60101,3.16228,4.21697,0.0126104,0.01,0.0158489,0.442159,0.4,0.5,0.064375,0,0.1,6.16877e-05,122059,3411.62,6102.94,0.01,0.95,10,10000,0.938,0.497,63,51,0.0256172,0,0.809524
926,10000,3.57319,3.16228,4.21697,0.0127751,0.01,0.0158489,0.445455,0.4,0.5,0.156066,0.1,0.2,6.16877e-05,401050,5646,20052.5,0.01,0.95,10,10000,0.938,0.497,207,186,0.0134141,0,0.898551
927,10000,3.62718,3.16228,4.21697,0.0127766,0.01,0.0158489,0.445049,0.4,0.5,0.252199,0.2,0.3,6.16877e-05,592857,7214.24,29642.8,0.01,0.95,10,10000,0.938,0.497,306,260,0.0113457,0,0.849673
928,10000,3.62315,3.16228,4.21697,0.012736,0.01,0.0158489,0.444729,0.4,0.5,0.350245,0.3,0.4,6.16877e-05,635480,7256.21,31774,0.01,0.95,10,10000,0.938,0.497,328,288,0.01078,0,0.878049
929,10000,3.59446,3.16228,4.21697,0.0128005,0.01,0.0158489,0.446219,0.4,0.5,0.450458,0.4,0.5,6.16877e-05,736227,7887.04,36811.4,0.01,0.95,10,10000,0.938,0.497,380,330,0.0100707,0,0.868421
930,10000,3.63104,3.16228,4.21697,0.0127318,0.01,0.0158489,0.444967,0.4,0.5,0.547745,0.5,0.6,6.16877e-05,676167,8114.52,33808.3,0.01,0.95,10,10000,0.938,0.497,349,279,0.0109525,0,0.799427
931,10000,3.61221,3.16228,4.21697,0.0127697,0.01,0.0158489,0.445177,0.4,0.5,0.647913,0.6,0.7,6.16877e-05,575420,6899.62,28771,0.01,0.95,10,10000,0.938,0.497,297,261,0.0113239,0,0.878788
932,10000,3.60972,3.16228,4.21697,0.012757,0.01,0.0158489,0.445379,0.4,0.5,0.751796,0.7,0.8,6.16877e-05,468861,6741.41,23443,0.01,0.95,10,10000,0.938,0.497,242,194,0.0131346,0,0.801653
933,10000,3.63981,3.16228,4.21697,0.0125234,0.01,0.0158489,0.449703,0.4,0.5,0.847609,0.8,0.9,6.16877e-05,375863,5800.21,18793.2,0.01,0.95,10,10000,0.938,0.497,194,163,0.0143292,0,0.840206
934,10000,3.60393,3.16228,4.21697,0.0126815,0.01,0.0158489,0.449381,0.4,0.5,0.946637,0.9,1,6.16877e-05,242180,5283.71,12109,0.01,0.95,10,10000,0.938,0.497,125,90,0.0192839,0,0.72
935,10000,3.63125,3.16228,4.21697,0.0126982,0.01,0.0158489,0.446794,0.4,0.5,1.1871,1,1.5,0.000308438,131746,1935.46,6587.3,0.01,0.95,10,10000,0.938,0.497,340,213,0.0125351,0,0.626471
936,10000,3.76746,3.16228,4.21697,0.0125602,0.01,0.0158489,0.536448,0.5,0.6,0.06465,0,0.1,6.16877e-05,83309.9,2492.46,4165.5,0.01,0.95,10,10000,0.938,0.497,43,40,0.0289259,0,0.930233
937,10000,3.55884,3.16228,4.21697,0.0126635,0.01,0.0158489,0.540132,0.5,0.6,0.154507,0.1,0.2,6.16877e-05,218931,4267.45,10946.5,0.01,0.95,10,10000,0.938,0.497,113,99,0.0183865,0,0.876106
938,10000,3.67776,3.16228,4.21697,0.0127609,0.01,0.0158489,0.541037,0.5,0.6,0.248939,0.2,0.3,6.16877e-05,255742,4971.73,12787.1,0.01,0.95,10,10000,0.938,0.497,132,106,0.017769,0,0.80303
939,10000,3.61849,3.16228,4.21697,0.012505,0.01,0.0158489,0.547163,0.5,0.6,0.348661,0.3,0.4,6.16877e-05,325490,5272.69,16274.5,0.01,0.95,10,10000,0.938,0.497,168,145,0.0151926,0,0.863095
940,10000,3.61107,3.16228,4.21697,0.0124547,0.01,0.0158489,0.540639,0.5,0.6,0.449152,0.4,0.5,6.16877e-05,306116,5329.16,15305.8,0.01,0.95,10,10000,0.938,0.497,158,130,0.0160452,0,0.822785
941,10000,3.60241,3.16228,4.21697,0.0126969,0.01,0.0158489,0.545579,0.5,0.6,0.550961,0.5,0.6,6.16877e-05,327427,5189.51,16371.4,0.01,0.95,10,10000,0.938,0.497,169,149,0.0149873,0,0.881657
942,10000,3.60917,3.16228,4.21697,0.0126292,0.01,0.0158489,0.545872,0.5,0.6,0.648395,0.6,0.7,6.16877e-05,300303,5158.24,15015.2,0.01,0.95,10,10000,0.938,0.497,155,131,0.0159838,0,0.845161
943,10000,3.56495,3.16228,4.21697,0.0127291,0.01,0.0158489,0.545004,0.5,0.6,0.749607,0.7,0.8,6.16877e-05,251867,4871.07,12593.4,0.01,0.95,10,10000,0.938,0.497,130,106,0.017769,0,0.815385
944,10000,3.55102,3.16228,4.21697,0.0125907,0.01,0.0158489,0.542983,0.5,0.6,0.845137,0.8,0.9,6.16877e-05,160808,4076.56,8040.38,0.01,0.95,10,10000,0.938,0.497,83,64,0.0228679,0,0.771084
945,10000,3.57619,3.16228,4.21697,0.0131489,0.01,0.0158489,0.550846,0.5,0.6,0.948418,0.9,1,6.16877e-05,151120,3425.09,7556.02,0.01,0.95,10,10000,0.938,0.497,78,71,0.0217114,0,0.910256
946,10000,3.66641,3.16228,4.21697,0.0127108,0.01,0.0158489,0.544509,0.5,0.6,1.19198,1,1.5,0.000308438,70135.3,1173.44,3506.77,0.01,0.95,10,10000,0.938,0.497,181,144,0.0152453,0,0.79558
947,10000,3.60806,3.16228,4.21697,0.0124253,0.01,0.0158489,0.632727,0.6,0.7,0.062503,0,0.1,6.16877e-05,27124.2,1424.57,1356.21,0.01,0.95,10,10000,0.938,0.497,14,13,0.0507394,0,0.928571
948,10000,3.55773,3.16228,4.21697,0.0125884,0.01,0.0158489,0.644114,0.6,0.7,0.153734,0.1,0.2,6.16877e-05,122059,3301.71,6102.94,0.01,0.95,10,10000,0.938,0.497,63,53,0.0251292,0,0.84127
949,10000,3.56502,3.16228,4.21697,0.0123925,0.01,0.0158489,0.645113,0.6,0.7,0.248623,0.2,0.3,6.16877e-05,135621,3424.23,6781.04,0.01,0.95,10,10000,0.938,0.497,70,60,0.0236179,0,0.857143
950,10000,3.61787,3.16228,4.21697,0.0125198,0.01,0.0158489,0.644528,0.6,0.7,0.344355,0.3,0.4,6.16877e-05,191807,4194.54,9590.33,0.01,0.95,10,10000,0.938,0.497,99,82,0.0202027,0,0.828283
951,10000,3.58022,3.16228,4.21697,0.0126085,0.01,0.0158489,0.639862,0.6,0.7,0.4463,0.4,0.5,6.16877e-05,166620,3694.22,8330.99,0.01,0.95,10,10000,0.938,0.497,86,76,0.020985,0,0.883721
952,10000,3.56628,3.16228,4.21697,0.012254,0.01,0.0158489,0.647741,0.6,0.7,0.550605,0.5,0.6,6.16877e-05,137558,3159.86,6877.91,0.01,0.95,10,10000,0.938,0.497,71,67,0.0223501,0,0.943662
953,10000,3.60269,3.16228,4.21697,0.0129659,0.01,0.0158489,0.648607,0.6,0.7,0.6522,0.6,0.7,6.16877e-05,141433,3380.59,7071.66,0.01,0.95,10,10000,0.938,0.497,73,65,0.0226913,0,0.890411
954,10000,3.69058,3.16228,4.21697,0.0129365,0.01,0.0158489,0.643165,0.6,0.7,0.747538,0.7,0.8,6.16877e-05,131746,3240.9,6587.3,0.01,0.95,10,10000,0.938,0.497,68,61,0.0234235,0,0.897059
955,10000,3.61708,3.16228,4.21697,0.0129291,0.01,0.0158489,0.642386,0.6,0.7,0.849152,0.8,0.9,6.16877e-05,110434,3137.86,5521.7,0.01,0.95,10,10000,0.938,0.497,57,48,0.0264056,0,0.842105
956,10000,3.77257,3.16228,4.21697,0.0126841,0.01,0.0158489,0.647839,0.6,0.7,0.936475,0.9,1,6.16877e-05,81372.5,2928.17,4068.62,0.01,0.95,10,10000,0.938,0.497,42,32,0.0323401,0,0.761905
957,10000,3.5358,3.16228,4.21697,0.0131674,0.01,0.0158489,0.644452,0.6,0.7,1.20032,1,1.5,0.000308438,41073.7,802.271,2053.69,0.01,0.95,10,10000,0.938,0.497,106,96,0.0186716,0,0.90566
958,10000,3.52663,3.16228,4.21697,0.0117871,0.01,0.0158489,0.734344,0.7,0.8,0.0663946,0,0.1,6.16877e-05,19374.4,1527.45,968.72,0.01,0.95,10,10000,0.938,0.497,10,7,0.0691461,0,0.7
959,10000,3.63812,3.16228,4.21697,0.0130041,0.01,0.0158489,0.746243,0.7,0.8,0.156199,0.1,0.2,6.16877e-05,65873,2066.73,3293.65,0.01,0.95,10,10000,0.938,0.497,34,34,0.0313745,0,1
960,10000,3.51383,3.16228,4.21697,0.0126353,0.01,0.0158489,0.744943,0.7,0.8,0.258067,0.2,0.3,6.16877e-05,87184.8,2781.39,4359.24,0.01,0.95,10,10000,0.938,0.497,45,38,0.0296773,0,0.844444
961,10000,3.55905,3.16228,4.21697,0.0125351,0.01,0.0158489,0.741203,0.7,0.8,0.346493,0.3,0.4,6.16877e-05,61998.1,2068.69,3099.9,0.01,0.95,10,10000,0.938,0.497,32,31,0.0328576,0,0.96875
962,10000,3.62243,3.16228,4.21697,0.0130578,0.01,0.0158489,0.744784,0.7,0.8,0.452744,0.4,0.5,6.16877e-05,89122.2,2740.92,4456.11,0.01,0.95,10,10000,0.938,0.497,46,40,0.0289259,0,0.869565
963,10000,3.62015,3.16228,4.21697,0.0130644,0.01,0.0158489,0.743724,0.7,0.8,0.551202,0.5,0.6,6.16877e-05,79435,2696.61,3971.75,0.01,0.95,10,10000,0.938,0.497,41,34,0.0313745,0,0.829268
964,10000,3.62232,3.16228,4.21697,0.0127031,0.01,0.0158489,0.746535,0.7,0.8,0.64908,0.6,0.7,6.16877e-05,87184.8,2912.04,4359.24,0.01,0.95,10,10000,0.938,0.497,45,36,0.0304906,0,0.8
965,10000,3.56261,3.16228,4.21697,0.012549,0.01,0.0158489,0.750763,0.7,0.8,0.742733,0.7,0.8,6.16877e-05,60060.6,-nan,3003.03,0.01,0.95,10,10000,0.938,0.497,31,35,0.0309231,0,1.12903
966,10000,3.62843,3.16228,4.21697,0.0130839,0.01,0.0158489,0.738856,0.7,0.8,0.850139,0.8,0.9,6.16877e-05,60060.6,2105.15,3003.03,0.01,0.95,10,10000,0.938,0.497,31,29,0.0339717,0,0.935484
967,10000,3.56731,3.16228,4.21697,0.0122385,0.01,0.0158489,0.749543,0.7,0.8,0.940788,0.9,1,6.16877e-05,44561.1,2026.35,2228.06,0.01,0.95,10,10000,0.938,0.497,23,19,0.0419701,0,0.826087
968,10000,3.70828,3.16228,4.21697,0.0121238,0.01,0.0158489,0.749535,0.7,0.8,1.19728,1,1.5,0.000308438,20924.4,628.254,1046.22,0.01,0.95,10,10000,0.938,0.497,54,44,0.0275798,0,0.814815
969,10000,3.64998,3.16228,4.21697,0.0116612,0.01,0.0158489,0.847048,0.8,0.9,0.0692465,0,0.1,6.16877e-05,3874.88,501.257,193.744,0.01,0.95,10,10000,0.938,0.497,2,2,0.129361,0,1
970,10000,3.59971,3.16228,4.21697,0.0123693,0.01,0.0158489,0.863157,0.8,0.9,0.170794,0.1,0.2,6.16877e-05,19374.4,1239.14,968.72,0.01,0.95,10,10000,0.938,0.497,10,9,0.0609811,0,0.9
971,10000,3.68911,3.16228,4.21697,0.0130147,0.01,0.0158489,0.847838,0.8,0.9,0.242839,0.2,0.3,6.16877e-05,50373.4,2286.08,2518.67,0.01,0.95,10,10000,0.938,0.497,26,20,0.0409074,0,0.769231
972,10000,3.71354,3.16228,4.21697,0.0125762,0.01,0.0158489,0.84437,0.8,0.9,0.348164,0.3,0.4,6.16877e-05,46498.6,1887.67,2324.93,0.01,0.95,10,10000,0.938,0.497,24,22,0.0390037,0,0.916667
973,10000,3.50984,3.16228,4.21697,0.012933,0.01,0.0158489,0.841375,0.8,0.9,0.450359,0.4,0.5,6.16877e-05,63935.5,2447.1,3196.78,0.01,0.95,10,10000,0.938,0.497,33,27,0.0352075,0,0.818182
974,10000,3.55651,3.16228,4.21697,0.0130731,0.01,0.0158489,0.842594,0.8,0.9,0.55357,0.5,0.6,6.16877e-05,58123.2,2146.25,2906.16,0.01,0.95,10,10000,0.938,0.497,30,27,0.0352075,0,0.9
975,10000,3.62692,3.16228,4.21697,0.0125514,0.01,0.0158489,0.832484,0.8,0.9,0.660439,0.6,0.7,6.16877e-05,50373.4,2286.08,2518.67,0.01,0.95,10,10000,0.938,0.497,26,20,0.0409074,0,0.769231
976,10000,3.56954,3.16228,4.21697,0.0127169,0.01,0.0158489,0.85648,0.8,0.9,0.743944,0.7,0.8,6.16877e-05,48436,1999.32,2421.8,0.01,0.95,10,10000,0.938,0.497,25,22,0.0390037,0,0.88
977,10000,3.84464,3.16228,4.21697,0.0119378,0.01,0.0158489,0.838946,0.8,0.9,0.827042,0.8,0.9,6.16877e-05,9687.2,1210.65,484.36,0.01,0.95,10,10000,0.938,0.497,5,3,0.105622,0,0.6
978,10000,3.61657,3.16228,4.21697,0.0136022,0.01,0.0158489,0.82919,0.8,0.9,0.945218,0.9,1,6.16877e-05,21311.8,1412.84,1065.59,0.01,0.95,10,10000,0.938,0.497,11,9,0.0609811,0,0.818182
979,10000,3.6212,3.16228,4.21697,0.012039,0.01,0.0158489,0.835938,0.8,0.9,1.13832,1,1.5,0.000308438,10074.7,405.879,503.734,0.01,0.95,10,10000,0.938,0.497,26,23,0.0381463,0,0.884615
980,10000,3.57651,3.16228,4.21697,0.0147992,0.01,0.0158489,0.967456,0.9,1,0.0680133,0,0.1,6.16877e-05,1937.44,354.442,96.872,0.01,0.95,10,10000,0.938,0.497,1,1,0.182943,0,1
981,10000,3.635,3.16228,4.21697,0.0119708,0.01,0.0158489,0.947373,0.9,1,0.171035,0.1,0.2,6.16877e-05,9687.2,1585.11,484.36,0.01,0.95,10,10000,0.938,0.497,5,2,0.129361,0,0.4
982,10000,3.31224,3.16228,4.21697,0.0137209,0.01,0.0158489,0.954235,0.9,1,0.286668,0.2,0.3,6.16877e-05,7749.76,1227.82,387.488,0.01,0.95,10,10000,0.938,0.497,4,2,0.129361,0,0.5
983,10000,3.41538,3.16228,4.21697,0.0133298,0.01,0.0158489,0.925092,0.9,1,0.361211,0.3,0.4,6.16877e-05,23249.3,1736.4,1162.46,0.01,0.95,10,10000,0.938,0.497,12,8,0.0646803,0,0.666667
984,10000,3.58781,3.16228,4.21697,0.0115756,0.01,0.0158489,0.939197,0.9,1,0.459123,0.4,0.5,6.16877e-05,17437,1332.95,871.848,0.01,0.95,10,10000,0.938,0.497,9,7,0.0691461,0,0.777778
985,10000,3.49607,3.16228,4.21697,0.0123365,0.01,0.0158489,0.935133,0.9,1,0.546576,0.5,0.6,6.16877e-05,17437,1332.95,871.848,0.01,0.95,10,10000,0.938,0.497,9,7,0.0691461,0,0.777778
986,10000,3.48112,3.16228,4.21697,0.013047,0.01,0.0158489,0.950839,0.9,1,0.661216,0.6,0.7,6.16877e-05,15499.5,1294.24,774.976,0.01,0.95,10,10000,0.938,0.497,8,6,0.0746863,0,0.75
987,10000,3.51692,3.16228,4.21697,0.0121919,0.01,0.0158489,0.943725,0.9,1,0.746996,0.7,0.8,6.16877e-05,17437,1332.95,871.848,0.01,0.95,10,10000,0.938,0.497,9,7,0.0691461,0,0.777778
988,10000,3.69629,3.16228,4.21697,0.0142723,0.01,0.0158489,0.937918,0.9,1,0.848614,0.8,0.9,6.16877e-05,11624.6,1027.27,581.232,0.01,0.95,10,10000,0.938,0.497,6,5,0.0818148,0,0.833333
989,10000,3.36918,3.16228,4.21697,0.013031,0.01,0.0158489,0.93307,0.9,1,1.11194,1,1.5,0.000308438,4262.37,344.166,213.118,0.01,0.95,10,10000,0.938,0.497,11,7,0.0691461,0,0.636364
990,10000,3.63319,3.16228,4.21697,0.0200151,0.0158489,0.0251189,0.0733708,0.05,0.1,0.0662242,0,0.1,4.88848e-05,1.70651e+06,14016.1,85325.4,0.01,0.95,10,10000,0.938,0.497,698,580,0.00759631,0,0.830946
991,10000,3.60998,3.16228,4.21697,0.0201212,0.0158489,0.0251189,0.0733165,0.05,0.1,0.153566,0.1,0.2,4.88848e-05,4.48631e+06,23227.6,224315,0.01,0.95,10,10000,0.938,0.497,1835,1486,0.00474578,0,0.809809
992,10000,3.61291,3.16228,4.21697,0.020155,0.0158489,0.0251189,0.0731361,0.05,0.1,0.251283,0.2,0.3,4.88848e-05,5.71118e+06,25812.4,285559,0.01,0.95,10,10000,0.938,0.497,2336,1926,0.00416858,0,0.824486
993,10000,3.59604,3.16228,4.21697,0.0201339,0.0158489,0.0251189,0.0726962,0.05,0.1,0.349517,0.3,0.4,4.88848e-05,5.77963e+06,25742.2,288982,0.01,0.95,10,10000,0.938,0.497,2364,1969,0.00412282,0,0.83291
994,10000,3.60112,3.16228,4.21697,0.0201537,0.0158489,0.0251189,0.0721499,0.05,0.1,0.44857,0.4,0.5,4.88848e-05,5.40068e+06,24189,270034,0.01,0.95,10,10000,0.938,0.497,2209,1901,0.00419591,0,0.86057
995,10000,3.60449,3.16228,4.21697,0.0201185,0.0158489,0.0251189,0.0729871,0.05,0.1,0.54754,0.5,0.6,4.88848e-05,3.95333e+06,20482.1,197666,0.01,0.95,10,10000,0.938,0.497,1617,1408,0.00487546,0,0.870748
996,10000,3.60392,3.16228,4.21697,0.020124,0.0158489,0.0251189,0.0720806,0.05,0.1,0.647102,0.6,0.7,4.88848e-05,3.01695e+06,17900.1,150847,0.01,0.95,10,10000,0.938,0.497,1234,1074,0.00558232,0,0.87034
997,10000,3.61976,3.16228,4.21697,0.0201334,0.0158489,0.0251189,0.0721723,0.05,0.1,0.749329,0.7,0.8,4.88848e-05,1.99744e+06,14051.8,99872.2,0.01,0.95,10,10000,0.938,0.497,817,740,0.00672513,0,0.905753
998,10000,3.62467,3.16228,4.21697,0.0201101,0.0158489,0.0251189,0.0727938,0.05,0.1,0.848876,0.8,0.9,4.88848e-05,1.46447e+06,12289.5,73223.3,0.01,0.95,10,10000,0.938,0.497,599,530,0.00794655,0,0.884808
999,10000,3.65656,3.16228,4.21697,0.0199924,0.0158489,0.0251189,0.07282,0.05,0.1,0.944858,0.9,1,4.88848e-05,973051,10072.7,48652.6,0.01,0.95,10,10000,0.938,0.497,398,350,0.00977874,0,0.879397
1000,10000,3.64376,3.16228,4.21697,0.019947,0.0158489,0.0251189,0.0738655,0.05,0.1,1.16612,1,1.5,0.000244424,275290,2396.44,13764.5,0.01,0.95,10,10000,0.938,0.497,563,495,0.00822269,0,0.879218
1001,10000,3.56347,3.16228,4.21697,0.0200714,0.0158489,0.0251189,0.122127,0.1,0.15,0.0653652,0,0.1,4.88848e-05,1.352e+06,16376.1,67600.2,0.01,0.95,10,10000,0.938,0.497,553,323,0.0101792,0,0.584087
1002,10000,3.53739,3.16228,4.21697,0.0204543,0.0158489,0.0251189,0.121206,0.1,0.15,0.153354,0.1,0.2,4.88848e-05,3.37145e+06,26449.5,168573,0.01,0.95,10,10000,0.938,0.497,1379,780,0.00655042,0,0.565627
1003,10000,3.55339,3.16228,4.21697,0.0204301,0.0158489,0.0251189,0.12208,0.1,0.15,0.249713,0.2,0.3,4.88848e-05,4.1318e+06,28027.5,206590,0.01,0.95,10,10000,0.938,0.497,1690,1017,0.00573662,0,0.601775
1004,10000,3.57276,3.16228,4.21697,0.020503,0.0158489,0.0251189,0.121946,0.1,0.15,0.349802,0.3,0.4,4.88848e-05,3.92643e+06,27010.9,196322,0.01,0.95,10,10000,0.938,0.497,1606,982,0.00583796,0,0.611457
1005,10000,3.56431,3.16228,4.21697,0.0203779,0.0158489,0.0251189,0.121064,0.1,0.15,0.450222,0.4,0.5,4.88848e-05,3.40079e+06,24182,170040,0.01,0.95,10,10000,0.938,0.497,1391,897,0.0061083,0,0.64486
1006,10000,3.56808,3.16228,4.21697,0.0203184,0.0158489,0.0251189,0.122423,0.1,0.15,0.549121,0.5,0.6,4.88848e-05,2.87759e+06,20889.8,143880,0.01,0.95,10,10000,0.938,0.497,1177,825,0.00636927,0,0.700935
1007,10000,3.57941,3.16228,4.21697,0.0202907,0.0158489,0.0251189,0.122114,0.1,0.15,0.647557,0.6,0.7,4.88848e-05,2.19792e+06,16737,109896,0.01,0.95,10,10000,0.938,0.497,899,703,0.00689984,0,0.78198
1008,10000,3.61607,3.16228,4.21697,0.020365,0.0158489,0.0251189,0.122932,0.1,0.15,0.748102,0.7,0.8,4.88848e-05,1.43513e+06,14202,71756.4,0.01,0.95,10,10000,0.938,0.497,587,432,0.00880187,0,0.735945
1009,10000,3.6079,3.16228,4.21697,0.0202817,0.0158489,0.0251189,0.122559,0.1,0.15,0.847191,0.8,0.9,4.88848e-05,958382,11309,47919.1,0.01,0.95,10,10000,0.938,0.497,392,298,0.0105976,0,0.760204
1010,10000,3.60698,3.16228,4.21697,0.0199936,0.0158489,0.0251189,0.1233,0.1,0.15,0.946331,0.9,1,4.88848e-05,645441,9420.03,32272.1,0.01,0.95,10,10000,0.938,0.497,264,197,0.0130342,0,0.746212
1011,10000,3.62336,3.16228,4.21697,0.0204602,0.0158489,0.0251189,0.125094,0.1,0.15,1.17878,1,1.5,0.000244424,240574,2362.5,12028.7,0.01,0.95,10,10000,0.938,0.497,492,407,0.00906817,0,0.827236
1012,10000,3.69739,3.16228,4.21697,0.0199169,0.0158489,0.0251189,0.17434,0.15,0.2,0.0652685,0,0.1,4.88848e-05,828805,13854.8,41440.3,0.01,0.95,10,10000,0.938,0.497,339,177,0.0137509,0,0.522124
1013,10000,3.69504,3.16228,4.21697,0.0197817,0.0158489,0.0251189,0.174654,0.15,0.2,0.154217,0.1,0.2,4.88848e-05,2.22971e+06,22193.8,111485,0.01,0.95,10,10000,0.938,0.497,912,493,0.00823936,0,0.54057
1014,10000,3.68083,3.16228,4.21697,0.0199865,0.0158489,0.0251189,0.174684,0.15,0.2,0.251873,0.2,0.3,4.88848e-05,2.91671e+06,24545.2,145835,0.01,0.95,10,10000,0.938,0.497,1193,677,0.00703109,0,0.567477
1015,10000,3.64019,3.16228,4.21697,0.0202499,0.0158489,0.0251189,0.174492,0.15,0.2,0.351784,0.3,0.4,4.88848e-05,2.89715e+06,24197.8,144858,0.01,0.95,10,10000,0.938,0.497,1185,683,0.00700013,0,0.576371
1016,10000,3.63606,3.16228,4.21697,0.0201791,0.0158489,0.0251189,0.174816,0.15,0.2,0.447745,0.4,0.5,4.88848e-05,2.47664e+06,22396.1,123832,0.01,0.95,10,10000,0.938,0.497,1013,583,0.00757674,0,0.575518
1017,10000,3.61678,3.16228,4.21697,0.0202409,0.0158489,0.0251189,0.174264,0.15,0.2,0.549179,0.5,0.6,4.88848e-05,2.1148e+06,19902.1,105740,0.01,0.95,10,10000,0.938,0.497,865,526,0.00797671,0,0.608092
1018,10000,3.60484,3.16228,4.21697,0.0200384,0.0158489,0.0251189,0.17415,0.15,0.2,0.648082,0.6,0.7,4.88848e-05,1.53292e+06,16215.5,76646.1,0.01,0.95,10,10000,0.938,0.497,627,405,0.00909053,0,0.645933
1019,10000,3.59998,3.16228,4.21697,0.020393,0.0158489,0.0251189,0.173709,0.15,0.2,0.747252,0.7,0.8,4.88848e-05,1.18331e+06,14068.1,59165.4,0.01,0.95,10,10000,0.938,0.497,484,318,0.010259,0,0.657025
1020,10000,3.58486,3.16228,4.21697,0.0200861,0.0158489,0.0251189,0.172336,0.15,0.2,0.848848,0.8,0.9,4.88848e-05,765239,11217.6,38261.9,0.01,0.95,10,10000,0.938,0.497,313,208,0.0126848,0,0.664537
1021,10000,3.61838,3.16228,4.21697,0.0200925,0.0158489,0.0251189,0.175161,0.15,0.2,0.949115,0.9,1,4.88848e-05,557426,8174.02,27871.3,0.01,0.95,10,10000,0.938,0.497,228,185,0.0134503,0,0.811404
1022,10000,3.62119,3.16228,4.21697,0.0202032,0.0158489,0.0251189,0.174717,0.15,0.2,1.19311,1,1.5,0.000244424,213680,2271.81,10684,0.01,0.95,10,10000,0.938,0.497,437,353,0.00973709,0,0.80778
1023,10000,3.6794,3.16228,4.21697,0.0193099,0.0158489,0.0251189,0.22514,0.2,0.25,0.067862,0,0.1,4.88848e-05,535423,8350.73,26771.1,0.01,0.95,10,10000,0.938,0.497,219,169,0.0140726,0,0.771689
1024,10000,3.63277,3.16228,4.21697,0.0194952,0.0158489,0.0251189,0.224406,0.2,0.25,0.151394,0.1,0.2,4.88848e-05,1.38623e+06,14018.5,69311.6,0.01,0.95,10,10000,0.938,0.497,567,415,0.00898034,0,0.731922
1025,10000,3.64412,3.16228,4.21697,0.0198673,0.0158489,0.0251189,0.224708,0.2,0.25,0.252814,0.2,0.3,4.88848e-05,1.89965e+06,16023.9,94982.5,0.01,0.95,10,10000,0.938,0.497,777,586,0.00755732,0,0.754183
1026,10000,3.62843,3.16228,4.21697,0.0199755,0.0158489,0.0251189,0.224188,0.2,0.25,0.351761,0.3,0.4,4.88848e-05,2.10991e+06,17052.3,105495,0.01,0.95,10,10000,0.938,0.497,863,643,0.00721458,0,0.745075
1027,10000,3.62538,3.16228,4.21697,0.0201259,0.0158489,0.0251189,0.224817,0.2,0.25,0.447327,0.4,0.5,4.88848e-05,1.93388e+06,17017.3,96693.9,0.01,0.95,10,10000,0.938,0.497,791,559,0.00773768,0,0.7067
1028,10000,3.62353,3.16228,4.21697,0.0199451,0.0158489,0.0251189,0.223989,0.2,0.25,0.549947,0.5,0.6,4.88848e-05,1.59404e+06,16894.4,79702.2,0.01,0.95,10,10000,0.938,0.497,652,409,0.00904597,0,0.627301
1029,10000,3.60709,3.16228,4.21697,0.0199248,0.0158489,0.0251189,0.222912,0.2,0.25,0.645715,0.6,0.7,4.88848e-05,1.25665e+06,14330.1,62832.7,0.01,0.95,10,10000,0.938,0.497,514,343,0.00987801,0,0.667315
1030,10000,3.5961,3.16228,4.21697,0.0201954,0.0158489,0.0251189,0.224204,0.2,0.25,0.742425,0.7,0.8,4.88848e-05,841029,11555,42051.5,0.01,0.95,10,10000,0.938,0.497,344,234,0.0119594,0,0.680233
1031,10000,3.6156,3.16228,4.21697,0.0202508,0.0158489,0.0251189,0.223272,0.2,0.25,0.852939,0.8,0.9,4.88848e-05,635662,9996.76,31783.1,0.01,0.95,10,10000,0.938,0.497,260,178,0.0137122,0,0.684615
1032,10000,3.57355,3.16228,4.21697,0.019903,0.0158489,0.0251189,0.225567,0.2,0.25,0.946774,0.9,1,4.88848e-05,498750,8886.96,24937.5,0.01,0.95,10,10000,0.938,0.497,204,139,0.0155171,0,0.681373
1033,10000,3.61894,3.16228,4.21697,0.0200521,0.0158489,0.0251189,0.222579,0.2,0.25,1.19089,1,1.5,0.000244424,194610,2350.93,9730.51,0.01,0.95,10,10000,0.938,0.497,398,291,0.0107243,0,0.731156
1034,10000,3.61797,3.16228,4.21697,0.0201182,0.0158489,0.0251189,0.275006,0.25,0.3,0.068396,0,0.1,4.88848e-05,408290,7105.59,20414.5,0.01,0.95,10,10000,0.938,0.497,167,133,0.0158632,0,0.796407
1035,10000,3.60912,3.16228,4.21697,0.0200327,0.0158489,0.0251189,0.273834,0.25,0.3,0.15488,0.1,0.2,4.88848e-05,924154,10545.3,46207.7,0.01,0.95,10,10000,0.938,0.497,378,306,0.0104582,0,0.809524
1036,10000,3.64035,3.16228,4.21697,0.0200535,0.0158489,0.0251189,0.27337,0.25,0.3,0.252954,0.2,0.3,4.88848e-05,1.34467e+06,12442.2,67233.5,0.01,0.95,10,10000,0.938,0.497,550,457,0.00855773,0,0.830909
1037,10000,3.59808,3.16228,4.21697,0.0200352,0.0158489,0.0251189,0.273995,0.25,0.3,0.351295,0.3,0.4,4.88848e-05,1.51581e+06,13755.2,75790.4,0.01,0.95,10,10000,0.938,0.497,620,491,0.00825612,0,0.791935
1038,10000,3.60701,3.16228,4.21697,0.0200662,0.0158489,0.0251189,0.274042,0.25,0.3,0.44985,0.4,0.5,4.88848e-05,1.28599e+06,12337.4,64299.6,0.01,0.95,10,10000,0.938,0.497,526,430,0.00882231,0,0.81749
1039,10000,3.58646,3.16228,4.21697,0.0201734,0.0158489,0.0251189,0.273051,0.25,0.3,0.549269,0.5,0.6,4.88848e-05,1.05129e+06,12769.7,52564.3,0.01,0.95,10,10000,0.938,0.497,430,297,0.0106155,0,0.690698
1040,10000,3.60705,3.16228,4.21697,0.0202405,0.0158489,0.0251189,0.274612,0.25,0.3,0.648517,0.6,0.7,4.88848e-05,982831,12036.1,49141.5,0.01,0.95,10,10000,0.938,0.497,402,287,0.0107988,0,0.71393
1041,10000,3.61896,3.16228,4.21697,0.019913,0.0158489,0.0251189,0.27522,0.25,0.3,0.7463,0.7,0.8,4.88848e-05,743235,10697,37161.8,0.01,0.95,10,10000,0.938,0.497,304,211,0.0125943,0,0.694079
1042,10000,3.60078,3.16228,4.21697,0.020152,0.0158489,0.0251189,0.273275,0.25,0.3,0.848305,0.8,0.9,4.88848e-05,532978,8803.39,26648.9,0.01,0.95,10,10000,0.938,0.497,218,157,0.0146005,0,0.720183
1043,10000,3.60186,3.16228,4.21697,0.0199239,0.0158489,0.0251189,0.271939,0.25,0.3,0.949528,0.9,1,4.88848e-05,359393,7728.15,17969.7,0.01,0.95,10,10000,0.938,0.497,147,97,0.0185751,0,0.659864
1044,10000,3.59815,3.16228,4.21697,0.020058,0.0158489,0.0251189,0.273735,0.25,0.3,1.20356,1,1.5,0.000244424,140335,2088.34,7016.73,0.01,0.95,10,10000,0.938,0.497,287,198,0.0130012,0,0.689895
1045,10000,3.64518,3.16228,4.21697,0.020012,0.0158489,0.0251189,0.339694,0.3,0.4,0.0689408,0,0.1,9.77696e-05,163805,2896.75,8190.26,0.01,0.95,10,10000,0.938,0.497,134,119,0.0167704,0,0.88806
1046,10000,3.59656,3.16228,4.21697,0.0202178,0.0158489,0.0251189,0.345757,0.3,0.4,0.152954,0.1,0.2,9.77696e-05,586765,5760.17,29338.2,0.01,0.95,10,10000,0.938,0.497,480,403,0.00911306,0,0.839583
1047,10000,3.60312,3.16228,4.21697,0.0201163,0.0158489,0.0251189,0.34269,0.3,0.4,0.253714,0.2,0.3,9.77696e-05,743235,6509.93,37161.8,0.01,0.95,10,10000,0.938,0.497,608,508,0.0081168,0,0.835526
1048,10000,3.62614,3.16228,4.21697,0.0200834,0.0158489,0.0251189,0.343994,0.3,0.4,0.350071,0.3,0.4,9.77696e-05,863033,7106.48,43151.7,0.01,0.95,10,10000,0.938,0.497,706,581,0.00758977,0,0.822946
1049,10000,3.63245,3.16228,4.21697,0.0200339,0.0158489,0.0251189,0.345209,0.3,0.4,0.450281,0.4,0.5,9.77696e-05,788465,7139.17,39423.3,0.01,0.95,10,10000,0.938,0.497,645,500,0.00818148,0,0.775194
1050,10000,3.61558,3.16228,4.21697,0.0200416,0.0158489,0.0251189,0.344779,0.3,0.4,0.549005,0.5,0.6,9.77696e-05,707785,6688.84,35389.2,0.01,0.95,10,10000,0.938,0.497,579,455,0.00857652,0,0.785838
1051,10000,3.61592,3.16228,4.21697,0.0203652,0.0158489,0.0251189,0.344128,0.3,0.4,0.644772,0.6,0.7,9.77696e-05,553759,6155.74,27688,0.01,0.95,10,10000,0.938,0.497,453,339,0.00993612,0,0.748344
1052,10000,3.61785,3.16228,4.21697,0.0199596,0.0158489,0.0251189,0.345587,0.3,0.4,0.747835,0.7,0.8,9.77696e-05,531756,6222.14,26587.8,0.01,0.95,10,10000,0.938,0.497,435,313,0.0103406,0,0.71954
1053,10000,3.64572,3.16228,4.21697,0.0199522,0.0158489,0.0251189,0.348644,0.3,0.4,0.844928,0.8,0.9,9.77696e-05,369173,5190.01,18458.6,0.01,0.95,10,10000,0.938,0.497,302,217,0.012419,0,0.718543
1054,10000,3.61603,3.16228,4.21697,0.0198788,0.0158489,0.0251189,0.346926,0.3,0.4,0.946938,0.9,1,9.77696e-05,267711,4516.88,13385.6,0.01,0.95,10,10000,0.938,0.497,219,153,0.0147901,0,0.69863
1055,10000,3.65511,3.16228,4.21697,0.0200897,0.0158489,0.0251189,0.345678,0.3,0.4,1.18634,1,1.5,0.000488848,116864,1401.58,5843.2,0.01,0.95,10,10000,0.938,0.497,478,313,0.0103406,0,0.654812
1056,10000,3.58213,3.16228,4.21697,0.0199023,0.0158489,0.0251189,0.447894,0.4,0.5,0.0667885,0,0.1,9.77696e-05,83125,2204.17,4156.25,0.01,0.95,10,10000,0.938,0.497,68,56,0.0244468,0,0.823529
1057,10000,3.5658,3.16228,4.21697,0.0201211,0.0158489,0.0251189,0.443514,0.4,0.5,0.155474,0.1,0.2,9.77696e-05,244485,3813.6,12224.3,0.01,0.95,10,10000,0.938,0.497,200,163,0.0143292,0,0.815
1058,10000,3.58228,3.16228,4.21697,0.0205447,0.0158489,0.0251189,0.446297,0.4,0.5,0.255333,0.2,0.3,9.77696e-05,365506,4625.71,18275.3,0.01,0.95,10,10000,0.938,0.497,299,246,0.011664,0,0.822742
1059,10000,3.56751,3.16228,4.21697,0.020391,0.0158489,0.0251189,0.448122,0.4,0.5,0.35017,0.3,0.4,9.77696e-05,425404,5115.58,21270.2,0.01,0.95,10,10000,0.938,0.497,348,278,0.0109722,0,0.798851
1060,10000,3.62636,3.16228,4.21697,0.0198163,0.0158489,0.0251189,0.441727,0.4,0.5,0.450032,0.4,0.5,9.77696e-05,438851,5192.59,21942.6,0.01,0.95,10,10000,0.938,0.497,359,287,0.0107988,0,0.799443
1061,10000,3.57047,3.16228,4.21697,0.0198133,0.0158489,0.0251189,0.444508,0.4,0.5,0.548665,0.5,0.6,9.77696e-05,359393,4585.04,17969.7,0.01,0.95,10,10000,0.938,0.497,294,242,0.01176,0,0.823129
1062,10000,3.58948,3.16228,4.21697,0.0198887,0.0158489,0.0251189,0.446419,0.4,0.5,0.652442,0.6,0.7,9.77696e-05,327610,4222.83,16380.5,0.01,0.95,10,10000,0.938,0.497,268,230,0.0120629,0,0.858209
1063,10000,3.60553,3.16228,4.21697,0.0200884,0.0158489,0.0251189,0.445942,0.4,0.5,0.745459,0.7,0.8,9.77696e-05,277491,4176.31,13874.5,0.01,0.95,10,10000,0.938,0.497,227,179,0.0136738,0,0.788546
1064,10000,3.62589,3.16228,4.21697,0.0197667,0.0158489,0.0251189,0.447212,0.4,0.5,0.843867,0.8,0.9,9.77696e-05,218814,3647.47,10940.7,0.01,0.95,10,10000,0.938,0.497,179,144,0.0152453,0,0.804469
1065,10000,3.63126,3.16228,4.21697,0.0200898,0.0158489,0.0251189,0.446161,0.4,0.5,0.946187,0.9,1,9.77696e-05,141801,3053.1,7090.07,0.01,0.95,10,10000,0.938,0.497,116,89,0.019392,0,0.767241
1066,10000,3.64066,3.16228,4.21697,0.0201483,0.0158489,0.0251189,0.445736,0.4,0.5,1.17977,1,1.5,0.000488848,69678.3,999.908,3483.92,0.01,0.95,10,10000,0.938,0.497,285,207,0.0127154,0,0.726316
1067,10000,3.58011,3.16228,4.21697,0.0203605,0.0158489,0.0251189,0.547331,0.5,0.6,0.0649709,0,0.1,9.77696e-05,41562.5,1467.61,2078.13,0.01,0.95,10,10000,0.938,0.497,34,30,0.0334007,0,0.882353
1068,10000,3.58953,3.16228,4.21697,0.0201594,0.0158489,0.0251189,0.543907,0.5,0.6,0.155714,0.1,0.2,9.77696e-05,111241,2519.45,5562.04,0.01,0.95,10,10000,0.938,0.497,91,76,0.020985,0,0.835165
1069,10000,3.54906,3.16228,4.21697,0.0199396,0.0158489,0.0251189,0.544553,0.5,0.6,0.251009,0.2,0.3,9.77696e-05,183364,3285.63,9168.2,0.01,0.95,10,10000,0.938,0.497,150,123,0.0164955,0,0.82
1070,10000,3.59638,3.16228,4.21697,0.020263,0.0158489,0.0251189,0.543888,0.5,0.6,0.348858,0.3,0.4,9.77696e-05,238373,3461.44,11918.7,0.01,0.95,10,10000,0.938,0.497,195,175,0.0138292,0,0.897436
1071,10000,3.58177,3.16228,4.21697,0.020031,0.0158489,0.0251189,0.544815,0.5,0.6,0.447611,0.4,0.5,9.77696e-05,253042,3760.14,12652.1,0.01,0.95,10,10000,0.938,0.497,207,175,0.0138292,0,0.845411
1072,10000,3.56946,3.16228,4.21697,0.0200103,0.0158489,0.0251189,0.545838,0.5,0.6,0.546099,0.5,0.6,9.77696e-05,228594,3655.2,11429.7,0.01,0.95,10,10000,0.938,0.497,187,154,0.014742,0,0.823529
1073,10000,3.59586,3.16228,4.21697,0.0204426,0.0158489,0.0251189,0.547575,0.5,0.6,0.648288,0.6,0.7,9.77696e-05,193143,3666.08,9657.17,0.01,0.95,10,10000,0.938,0.497,158,117,0.0169131,0,0.740506
1074,10000,3.58748,3.16228,4.21697,0.0202872,0.0158489,0.0251189,0.548683,0.5,0.6,0.746824,0.7,0.8,9.77696e-05,155248,3051.48,7762.41,0.01,0.95,10,10000,0.938,0.497,127,103,0.0180259,0,0.811024
1075,10000,3.62933,3.16228,4.21697,0.0197388,0.0158489,0.0251189,0.552336,0.5,0.6,0.84935,0.8,0.9,9.77696e-05,130800,2663.9,6539.98,0.01,0.95,10,10000,0.938,0.497,107,92,0.0190732,0,0.859813
1076,10000,3.59521,3.16228,4.21697,0.0198879,0.0158489,0.0251189,0.54882,0.5,0.6,0.948266,0.9,1,9.77696e-05,74568,2060.86,3728.4,0.01,0.95,10,10000,0.938,0.497,61,51,0.0256172,0,0.836066
1077,10000,3.60888,3.16228,4.21697,0.0201016,0.0158489,0.0251189,0.54707,0.5,0.6,1.18732,1,1.5,0.000488848,39851.1,683.536,1992.56,0.01,0.95,10,10000,0.938,0.497,163,134,0.0158039,0,0.822086
1078,10000,3.61677,3.16228,4.21697,0.0213509,0.0158489,0.0251189,0.637248,0.6,0.7,0.0709259,0,0.1,9.77696e-05,22003.7,1060.79,1100.18,0.01,0.95,10,10000,0.938,0.497,18,16,0.0457358,0,0.888889
1079,10000,3.56243,3.16228,4.21697,0.0203375,0.0158489,0.0251189,0.644691,0.6,0.7,0.153417,0.1,0.2,9.77696e-05,70900.7,1824.96,3545.04,0.01,0.95,10,10000,0.938,0.497,58,54,0.0248954,0,0.931034
1080,10000,3.62912,3.16228,4.21697,0.0207611,0.0158489,0.0251189,0.64248,0.6,0.7,0.247991,0.2,0.3,9.77696e-05,95349.3,2567.35,4767.46,0.01,0.95,10,10000,0.938,0.497,78,58,0.0240216,0,0.74359
1081,10000,3.65542,3.16228,4.21697,0.0203275,0.0158489,0.0251189,0.649417,0.6,0.7,0.344261,0.3,0.4,9.77696e-05,122243,2856.56,6112.13,0.01,0.95,10,10000,0.938,0.497,100,76,0.020985,0,0.76
1082,10000,3.62248,3.16228,4.21697,0.0200458,0.0158489,0.0251189,0.639901,0.6,0.7,0.446475,0.4,0.5,9.77696e-05,102684,2255.1,5134.19,0.01,0.95,10,10000,0.938,0.497,84,76,0.020985,0,0.904762
1083,10000,3.60778,3.16228,4.21697,0.0197205,0.0158489,0.0251189,0.645048,0.6,0.7,0.553142,0.5,0.6,9.77696e-05,102684,2714.6,5134.19,0.01,0.95,10,10000,0.938,0.497,84,61,0.0234235,0,0.72619
1084,10000,3.6619,3.16228,4.21697,0.0199265,0.0158489,0.0251189,0.645978,0.6,0.7,0.646017,0.6,0.7,9.77696e-05,102684,2425.18,5134.19,0.01,0.95,10,10000,0.938,0.497,84,70,0.0218659,0,0.833333
1085,10000,3.59047,3.16228,4.21697,0.0207543,0.0158489,0.0251189,0.649965,0.6,0.7,0.750767,0.7,0.8,9.77696e-05,99016.5,2458.73,4950.83,0.01,0.95,10,10000,0.938,0.497,81,65,0.0226913,0,0.802469
1086,10000,3.48833,3.16228,4.21697,0.019767,0.0158489,0.0251189,0.647423,0.6,0.7,0.841291,0.8,0.9,9.77696e-05,73345.6,2360.68,3667.28,0.01,0.95,10,10000,0.938,0.497,60,42,0.0282288,0,0.7
1087,10000,3.72206,3.16228,4.21697,0.0208593,0.0158489,0.0251189,0.645817,0.6,0.7,0.95289,0.9,1,9.77696e-05,56231.6,2235.58,2811.58,0.01,0.95,10,10000,0.938,0.497,46,29,0.0339717,0,0.630435
1088,10000,3.59986,3.16228,4.21697,0.0201066,0.0158489,0.0251189,0.648294,0.6,0.7,1.20964,1,1.5,0.000488848,26159.9,610.919,1308,0.01,0.95,10,10000,0.938,0.497,107,78,0.0207143,0,0.728972
1089,10000,3.53485,3.16228,4.21697,0.0182829,0.0158489,0.0251189,0.730629,0.7,0.8,0.0650432,0,0.1,9.77696e-05,11001.8,-nan,550.092,0.01,0.95,10,10000,0.938,0.497,9,10,0.0578518,0,1.11111
1090,10000,3.48279,3.16228,4.21697,0.0206694,0.0158489,0.0251189,0.739025,0.7,0.8,0.156504,0.1,0.2,9.77696e-05,31783.1,1331.61,1589.15,0.01,0.95,10,10000,0.938,0.497,26,22,0.0390037,0,0.846154
1091,10000,3.52901,3.16228,4.21697,0.0205904,0.0158489,0.0251189,0.749853,0.7,0.8,0.251484,0.2,0.3,9.77696e-05,55009.2,1754.91,2750.46,0.01,0.95,10,10000,0.938,0.497,45,38,0.0296773,0,0.844444
1092,10000,3.61644,3.16228,4.21697,0.0197437,0.0158489,0.0251189,0.742313,0.7,0.8,0.348237,0.3,0.4,9.77696e-05,66011,1981.98,3300.55,0.01,0.95,10,10000,0.938,0.497,54,44,0.0275798,0,0.814815
1093,10000,3.71455,3.16228,4.21697,0.019357,0.0158489,0.0251189,0.746299,0.7,0.8,0.447549,0.4,0.5,9.77696e-05,68455.9,2080.47,3422.79,0.01,0.95,10,10000,0.938,0.497,56,44,0.0275798,0,0.785714
1094,10000,3.65052,3.16228,4.21697,0.0198991,0.0158489,0.0251189,0.748936,0.7,0.8,0.545716,0.5,0.6,9.77696e-05,69678.3,2129.61,3483.92,0.01,0.95,10,10000,0.938,0.497,57,44,0.0275798,0,0.77193
1095,10000,3.59409,3.16228,4.21697,0.0198503,0.0158489,0.0251189,0.744232,0.7,0.8,0.646355,0.6,0.7,9.77696e-05,46452.2,1707.06,2322.61,0.01,0.95,10,10000,0.938,0.497,38,30,0.0334007,0,0.789474
1096,10000,3.48366,3.16228,4.21697,0.020208,0.0158489,0.0251189,0.742797,0.7,0.8,0.749433,0.7,0.8,9.77696e-05,45229.8,1558.44,2261.49,0.01,0.95,10,10000,0.938,0.497,37,32,0.0323401,0,0.864865
1097,10000,3.53333,3.16228,4.21697,0.0202552,0.0158489,0.0251189,0.736312,0.7,0.8,0.853569,0.8,0.9,9.77696e-05,36672.8,1449.32,1833.64,0.01,0.95,10,10000,0.938,0.497,30,25,0.0365887,0,0.833333
1098,10000,3.64892,3.16228,4.21697,0.0204497,0.0158489,0.0251189,0.726374,0.7,0.8,0.925945,0.9,1,9.77696e-05,20781.3,1171.93,1039.06,0.01,0.95,10,10000,0.938,0.497,17,13,0.0507394,0,0.764706
1099,10000,3.56083,3.16228,4.21697,0.0205743,0.0158489,0.0251189,0.740833,0.7,0.8,1.18967,1,1.5,0.000488848,9045.96,311.688,452.298,0.01,0.95,10,10000,0.938,0.497,37,32,0.0323401,0,0.864865
1100,10000,3.59335,3.16228,4.21697,0.0217609,0.0158489,0.0251189,0.834063,0.8,0.9,0.0621634,0,0.1,9.77696e-05,4889.71,447.27,244.485,0.01,0.95,10,10000,0.938,0.497,4,4,0.0914717,0,1
1101,10000,3.57307,3.16228,4.21697,0.0211326,0.0158489,0.0251189,0.841426,0.8,0.9,0.16962,0.1,0.2,9.77696e-05,18336.4,925.936,916.82,0.01,0.95,10,10000,0.938,0.497,15,14,0.0488937,0,0.933333
1102,10000,3.54934,3.16228,4.21697,0.0196019,0.0158489,0.0251189,0.847033,0.8,0.9,0.25775,0.2,0.3,9.77696e-05,33005.5,1873.73,1650.28,0.01,0.95,10,10000,0.938,0.497,27,15,0.0472358,0,0.555556
1103,10000,3.57919,3.16228,4.21697,0.0211844,0.0158489,0.0251189,0.84827,0.8,0.9,0.336841,0.3,0.4,9.77696e-05,20781.3,1171.93,1039.06,0.01,0.95,10,10000,0.938,0.497,17,13,0.0507394,0,0.764706
1104,10000,3.62565,3.16228,4.21697,0.0198824,0.0158489,0.0251189,0.848331,0.8,0.9,0.449619,0.4,0.5,9.77696e-05,28115.8,1120.21,1405.79,0.01,0.95,10,10000,0.938,0.497,23,22,0.0390037,0,0.956522
1105,10000,3.58932,3.16228,4.21697,0.0203125,0.0158489,0.0251189,0.847985,0.8,0.9,0.54462,0.5,0.6,9.77696e-05,25671,1242.78,1283.55,0.01,0.95,10,10000,0.938,0.497,21,17,0.0443703,0,0.809524
1106,10000,3.51315,3.16228,4.21697,0.0207204,0.0158489,0.0251189,0.842812,0.8,0.9,0.635442,0.6,0.7,9.77696e-05,29338.2,1549.39,1466.91,0.01,0.95,10,10000,0.938,0.497,24,16,0.0457358,0,0.666667
1107,10000,3.66257,3.16228,4.21697,0.0207703,0.0158489,0.0251189,0.836419,0.8,0.9,0.751284,0.7,0.8,9.77696e-05,20781.3,1102.08,1039.06,0.01,0.95,10,10000,0.938,0.497,17,14,0.0488937,0,0.823529
1108,10000,3.6419,3.16228,4.21697,0.0190934,0.0158489,0.0251189,0.845421,0.8,0.9,0.826701,0.8,0.9,9.77696e-05,12224.3,866.134,611.213,0.01,0.95,10,10000,0.938,0.497,10,8,0.0646803,0,0.8
1109,10000,3.48375,3.16228,4.21697,0.0186789,0.0158489,0.0251189,0.834214,0.8,0.9,0.955039,0.9,1,9.77696e-05,12224.3,963.745,611.213,0.01,0.95,10,10000,0.938,0.497,10,7,0.0691461,0,0.7
1110,10000,3.4987,3.16228,4.21697,0.0201714,0.0158489,0.0251189,0.838389,0.8,0.9,1.15636,1,1.5,0.000488848,5623.16,308.368,281.158,0.01,0.95,10,10000,0.938,0.497,23,15,0.0472358,0,0.652174
1111,10000,3.58232,3.16228,4.21697,0.0165019,0.0158489,0.0251189,0.949069,0.9,1,0.0952185,0,0.1,9.77696e-05,3667.28,866.134,183.364,0.01,0.95,10,10000,0.938,0.497,3,1,0.182943,0,0.333333
1112,10000,3.6058,3.16228,4.21697,0.0184959,0.0158489,0.0251189,0.94633,0.9,1,0.140398,0.1,0.2,9.77696e-05,8556.99,591.682,427.849,0.01,0.95,10,10000,0.938,0.497,7,7,0.0691461,0,1
1113,10000,3.55484,3.16228,4.21697,0.0198428,0.0158489,0.0251189,0.950098,0.9,1,0.245472,0.2,0.3,9.77696e-05,6112.13,612.449,305.607,0.01,0.95,10,10000,0.938,0.497,5,4,0.0914717,0,0.8
1114,10000,3.6464,3.16228,4.21697,0.0193291,0.0158489,0.0251189,0.949438,0.9,1,0.367596,0.3,0.4,9.77696e-05,12224.3,866.134,611.213,0.01,0.95,10,10000,0.938,0.497,10,8,0.0646803,0,0.8
1115,10000,3.69476,3.16228,4.21697,0.0225872,0.0158489,0.0251189,0.939188,0.9,1,0.443471,0.4,0.5,9.77696e-05,8556.99,935.532,427.849,0.01,0.95,10,10000,0.938,0.497,7,4,0.0914717,0,0.571429
1116,10000,3.51682,3.16228,4.21697,0.0218995,0.0158489,0.0251189,0.932204,0.9,1,0.547131,0.5,0.6,9.77696e-05,14669.1,916.63,733.456,0.01,0.95,10,10000,0.938,0.497,12,10,0.0578518,0,0.833333
1117,10000,3.46291,3.16228,4.21697,0.0210384,0.0158489,0.0251189,0.930452,0.9,1,0.68471,0.6,0.7,9.77696e-05,9779.41,816.599,488.971,0.01,0.95,10,10000,0.938,0.497,8,6,0.0746863,0,0.75
1118,10000,3.69428,3.16228,4.21697,0.0204539,0.0158489,0.0251189,0.924852,0.9,1,0.756231,0.7,0.8,9.77696e-05,12224.3,866.134,611.213,0.01,0.95,10,10000,0.938,0.497,10,8,0.0646803,0,0.8
1119,10000,3.81549,3.16228,4.21697,0.021633,0.0158489,0.0251189,0.937932,0.9,1,0.87302,0.8,0.9,9.77696e-05,6112.13,612.449,305.607,0.01,0.95,10,10000,0.938,0.497,5,4,0.0914717,0,0.8
1120,10000,3.79633,3.16228,4.21697,0.0185995,0.0158489,0.0251189,0.925302,0.9,1,0.963195,0.9,1,9.77696e-05,2444.85,316.267,122.243,0.01,0.95,10,10000,0.938,0.497,2,2,0.129361,0,1
1121,10000,3.68848,3.16228,4.21697,0.0210601,0.0158489,0.0251189,0.925098,0.9,1,1.26352,1,1.5,0.000488848,1955.88,143.445,97.7941,0.01,0.95,10,10000,0.938,0.497,8,7,0.0691461,0,0.875
1122,10000,3.65483,3.16228,4.21697,0.0316063,0.0251189,0.0398107,0.0763863,0.05,0.1,0.0663035,0,0.1,7.74763e-05,828384,7427.67,41419.2,0.01,0.95,10,10000,0.938,0.497,537,469,0.00844754,0,0.873371
1123,10000,3.6476,3.16228,4.21697,0.0315702,0.0251189,0.0398107,0.0761616,0.05,0.1,0.1534,0.1,0.2,7.74763e-05,2.35403e+06,12772.4,117702,0.01,0.95,10,10000,0.938,0.497,1526,1303,0.00506809,0,0.853866
1124,10000,3.63546,3.16228,4.21697,0.0314948,0.0251189,0.0398107,0.0747718,0.05,0.1,0.252013,0.2,0.3,7.74763e-05,2.81219e+06,13595.4,140609,0.01,0.95,10,10000,0.938,0.497,1823,1604,0.00456788,0,0.879868
1125,10000,3.62776,3.16228,4.21697,0.0317276,0.0251189,0.0398107,0.073895,0.05,0.1,0.349162,0.3,0.4,7.74763e-05,3.16545e+06,14775.2,158272,0.01,0.95,10,10000,0.938,0.497,2052,1757,0.00436446,0,0.856238
1126,10000,3.63271,3.16228,4.21697,0.0315209,0.0251189,0.0398107,0.0736891,0.05,0.1,0.448041,0.4,0.5,7.74763e-05,2.73814e+06,13185.9,136907,0.01,0.95,10,10000,0.938,0.497,1775,1592,0.00458506,0,0.896901
1127,10000,3.64337,3.16228,4.21697,0.0317335,0.0251189,0.0398107,0.0732603,0.05,0.1,0.547664,0.5,0.6,7.74763e-05,2.22137e+06,12125.9,111068,0.01,0.95,10,10000,0.938,0.497,1440,1262,0.00514976,0,0.876389
1128,10000,3.62569,3.16228,4.21697,0.0315563,0.0251189,0.0398107,0.0735106,0.05,0.1,0.648839,0.6,0.7,7.74763e-05,1.60432e+06,10090.9,80216,0.01,0.95,10,10000,0.938,0.497,1040,933,0.0059893,0,0.897115
1129,10000,3.66028,3.16228,4.21697,0.0314909,0.0251189,0.0398107,0.0740609,0.05,0.1,0.747859,0.7,0.8,7.74763e-05,1.06595e+06,8140.53,53297.3,0.01,0.95,10,10000,0.938,0.497,691,627,0.00730606,0,0.907381
1130,10000,3.64604,3.16228,4.21697,0.032091,0.0251189,0.0398107,0.0750973,0.05,0.1,0.844929,0.8,0.9,7.74763e-05,664867,6567.53,33243.3,0.01,0.95,10,10000,0.938,0.497,431,382,0.0093602,0,0.886311
1131,10000,3.63624,3.16228,4.21697,0.0322133,0.0251189,0.0398107,0.0751309,0.05,0.1,0.946797,0.9,1,7.74763e-05,433475,5135.16,21673.7,0.01,0.95,10,10000,0.938,0.497,281,258,0.0113896,0,0.918149
1132,10000,3.67478,3.16228,4.21697,0.0310429,0.0251189,0.0398107,0.075182,0.05,0.1,1.16462,1,1.5,0.000387382,124335,1248.58,6216.74,0.01,0.95,10,10000,0.938,0.497,403,364,0.00958884,0,0.903226
1133,10000,3.58326,3.16228,4.21697,0.0321318,0.0251189,0.0398107,0.123061,0.1,0.15,0.0674546,0,0.1,7.74763e-05,708060,7114,35403,0.01,0.95,10,10000,0.938,0.497,459,385,0.00932366,0,0.83878
1134,10000,3.61045,3.16228,4.21697,0.0320401,0.0251189,0.0398107,0.123091,0.1,0.15,0.153365,0.1,0.2,7.74763e-05,1.85731e+06,11452.2,92865.4,0.01,0.95,10,10000,0.938,0.497,1204,1017,0.00573662,0,0.844684
1135,10000,3.60193,3.16228,4.21697,0.031916,0.0251189,0.0398107,0.123258,0.1,0.15,0.249506,0.2,0.3,7.74763e-05,2.2553e+06,12531.1,112765,0.01,0.95,10,10000,0.938,0.497,1462,1245,0.0051848,0,0.851573
1136,10000,3.62482,3.16228,4.21697,0.0316572,0.0251189,0.0398107,0.123678,0.1,0.15,0.349133,0.3,0.4,7.74763e-05,2.31084e+06,12391.5,115542,0.01,0.95,10,10000,0.938,0.497,1498,1310,0.00505453,0,0.874499
1137,10000,3.61811,3.16228,4.21697,0.0317443,0.0251189,0.0398107,0.123542,0.1,0.15,0.448024,0.4,0.5,7.74763e-05,1.86039e+06,11352.3,93019.7,0.01,0.95,10,10000,0.938,0.497,1206,1030,0.00570031,0,0.854063
1138,10000,3.59513,3.16228,4.21697,0.0320878,0.0251189,0.0398107,0.12273,0.1,0.15,0.54865,0.5,0.6,7.74763e-05,1.5241e+06,10178.1,76205.2,0.01,0.95,10,10000,0.938,0.497,988,853,0.00626386,0,0.86336
1139,10000,3.59751,3.16228,4.21697,0.0317706,0.0251189,0.0398107,0.123593,0.1,0.15,0.648594,0.6,0.7,7.74763e-05,1.16467e+06,8895.44,58233.7,0.01,0.95,10,10000,0.938,0.497,755,652,0.00716462,0,0.863576
1140,10000,3.61275,3.16228,4.21697,0.0319786,0.0251189,0.0398107,0.124177,0.1,0.15,0.745811,0.7,0.8,7.74763e-05,834555,7406.37,41727.7,0.01,0.95,10,10000,0.938,0.497,541,476,0.0083852,0,0.879852
1141,10000,3.64174,3.16228,4.21697,0.0316944,0.0251189,0.0398107,0.123018,0.1,0.15,0.846669,0.8,0.9,7.74763e-05,572310,5942.83,28615.5,0.01,0.95,10,10000,0.938,0.497,371,338,0.00995081,0,0.911051
1142,10000,3.63335,3.16228,4.21697,0.0316549,0.0251189,0.0398107,0.123119,0.1,0.15,0.951779,0.9,1,7.74763e-05,351716,4298.84,17585.8,0.01,0.95,10,10000,0.938,0.497,228,226,0.0121692,0,0.991228
1143,10000,3.63021,3.16228,4.21697,0.0319082,0.0251189,0.0398107,0.124924,0.1,0.15,1.17702,1,1.5,0.000387382,120324,1258.14,6016.2,0.01,0.95,10,10000,0.938,0.497,390,343,0.00987801,0,0.879487
1144,10000,3.55508,3.16228,4.21697,0.0327351,0.0251189,0.0398107,0.173395,0.15,0.2,0.0643921,0,0.1,7.74763e-05,433475,6389.31,21673.7,0.01,0.95,10,10000,0.938,0.497,281,199,0.0129685,0,0.708185
1145,10000,3.54599,3.16228,4.21697,0.0325869,0.0251189,0.0398107,0.171912,0.15,0.2,0.156082,0.1,0.2,7.74763e-05,1.15696e+06,9984.77,57848.1,0.01,0.95,10,10000,0.938,0.497,750,562,0.007717,0,0.749333
1146,10000,3.57992,3.16228,4.21697,0.0324104,0.0251189,0.0398107,0.17374,0.15,0.2,0.250367,0.2,0.3,7.74763e-05,1.62129e+06,11578.1,81064.4,0.01,0.95,10,10000,0.938,0.497,1051,808,0.00643593,0,0.768792
1147,10000,3.56888,3.16228,4.21697,0.0320948,0.0251189,0.0398107,0.173317,0.15,0.2,0.348498,0.3,0.4,7.74763e-05,1.72927e+06,11516.6,86463.6,0.01,0.95,10,10000,0.938,0.497,1121,902,0.00609135,0,0.804639
1148,10000,3.59823,3.16228,4.21697,0.0321901,0.0251189,0.0398107,0.172676,0.15,0.2,0.448446,0.4,0.5,7.74763e-05,1.4516e+06,10936.2,72580,0.01,0.95,10,10000,0.938,0.497,941,725,0.00679435,0,0.770457
1149,10000,3.58005,3.16228,4.21697,0.0320215,0.0251189,0.0398107,0.173551,0.15,0.2,0.550307,0.5,0.6,7.74763e-05,1.13845e+06,9542.44,56922.5,0.01,0.95,10,10000,0.938,0.497,738,579,0.00760287,0,0.784553
1150,10000,3.59754,3.16228,4.21697,0.0320967,0.0251189,0.0398107,0.172957,0.15,0.2,0.646216,0.6,0.7,7.74763e-05,903972,8088,45198.6,0.01,0.95,10,10000,0.938,0.497,586,488,0.00828146,0,0.832765
1151,10000,3.59159,3.16228,4.21697,0.0319765,0.0251189,0.0398107,0.173694,0.15,0.2,0.749495,0.7,0.8,7.74763e-05,738912,7667.6,36945.6,0.01,0.95,10,10000,0.938,0.497,479,377,0.00942206,0,0.787056
1152,10000,3.61466,3.16228,4.21697,0.0320716,0.0251189,0.0398107,0.174697,0.15,0.2,0.845923,0.8,0.9,7.74763e-05,456614,5430.5,22830.7,0.01,0.95,10,10000,0.938,0.497,296,263,0.0112808,0,0.888514
1153,10000,3.6684,3.16228,4.21697,0.0321218,0.0251189,0.0398107,0.173696,0.15,0.2,0.947875,0.9,1,7.74763e-05,297725,4442.62,14886.2,0.01,0.95,10,10000,0.938,0.497,193,169,0.0140726,0,0.875648
1154,10000,3.59818,3.16228,4.21697,0.032058,0.0251189,0.0398107,0.173985,0.15,0.2,1.17988,1,1.5,0.000387382,112919,1281.24,5645.97,0.01,0.95,10,10000,0.938,0.497,366,304,0.0104925,0,0.830601
1155,10000,3.58241,3.16228,4.21697,0.0327325,0.0251189,0.0398107,0.224269,0.2,0.25,0.0674204,0,0.1,7.74763e-05,293097,5122.15,14654.8,0.01,0.95,10,10000,0.938,0.497,190,139,0.0155171,0,0.731579
1156,10000,3.6113,3.16228,4.21697,0.032317,0.0251189,0.0398107,0.224986,0.2,0.25,0.152146,0.1,0.2,7.74763e-05,819128,8986.52,40956.4,0.01,0.95,10,10000,0.938,0.497,531,365,0.00957569,0,0.687382
1157,10000,3.58046,3.16228,4.21697,0.0324958,0.0251189,0.0398107,0.224542,0.2,0.25,0.251981,0.2,0.3,7.74763e-05,1.13228e+06,10447.6,56614,0.01,0.95,10,10000,0.938,0.497,734,512,0.00808503,0,0.697548
1158,10000,3.58592,3.16228,4.21697,0.0318747,0.0251189,0.0398107,0.22259,0.2,0.25,0.349672,0.3,0.4,7.74763e-05,1.16467e+06,10057,58233.7,0.01,0.95,10,10000,0.938,0.497,755,563,0.00771014,0,0.745695
1159,10000,3.5826,3.16228,4.21697,0.0321528,0.0251189,0.0398107,0.223212,0.2,0.25,0.450008,0.4,0.5,7.74763e-05,1.10914e+06,9729.56,55457,0.01,0.95,10,10000,0.938,0.497,719,542,0.00785809,0,0.753825
1160,10000,3.60554,3.16228,4.21697,0.0317866,0.0251189,0.0398107,0.222559,0.2,0.25,0.54764,0.5,0.6,7.74763e-05,874663,8778.33,43733.1,0.01,0.95,10,10000,0.938,0.497,567,419,0.00893737,0,0.738977
1161,10000,3.60144,3.16228,4.21697,0.0321578,0.0251189,0.0398107,0.223288,0.2,0.25,0.647853,0.6,0.7,7.74763e-05,703432,8079.73,35171.6,0.01,0.95,10,10000,0.938,0.497,456,326,0.0101323,0,0.714912
1162,10000,3.61026,3.16228,4.21697,0.0321043,0.0251189,0.0398107,0.222564,0.2,0.25,0.750025,0.7,0.8,7.74763e-05,492094,6690.53,24604.7,0.01,0.95,10,10000,0.938,0.497,319,231,0.0120368,0,0.724138
1163,10000,3.61089,3.16228,4.21697,0.0318409,0.0251189,0.0398107,0.223252,0.2,0.25,0.845782,0.8,0.9,7.74763e-05,353259,5637.42,17662.9,0.01,0.95,10,10000,0.938,0.497,229,167,0.0141566,0,0.729258
1164,10000,3.63158,3.16228,4.21697,0.0320701,0.0251189,0.0398107,0.223072,0.2,0.25,0.947561,0.9,1,7.74763e-05,257617,4427.84,12880.8,0.01,0.95,10,10000,0.938,0.497,167,135,0.0157453,0,0.808383
1165,10000,3.6199,3.16228,4.21697,0.0319372,0.0251189,0.0398107,0.225182,0.2,0.25,1.18132,1,1.5,0.000387382,100270,1254.24,5013.5,0.01,0.95,10,10000,0.938,0.497,325,258,0.0113896,0,0.793846
1166,10000,3.64174,3.16228,4.21697,0.032123,0.0251189,0.0398107,0.273434,0.25,0.3,0.0632546,0,0.1,7.74763e-05,231392,4262.71,11569.6,0.01,0.95,10,10000,0.938,0.497,150,119,0.0167704,0,0.793333
1167,10000,3.6059,3.16228,4.21697,0.0323202,0.0251189,0.0398107,0.273549,0.25,0.3,0.154311,0.1,0.2,7.74763e-05,584651,7077.86,29232.5,0.01,0.95,10,10000,0.938,0.497,379,285,0.0108366,0,0.751979
1168,10000,3.61731,3.16228,4.21697,0.0321017,0.0251189,0.0398107,0.274578,0.25,0.3,0.248871,0.2,0.3,7.74763e-05,836097,8423.87,41804.9,0.01,0.95,10,10000,0.938,0.497,542,410,0.00903493,0,0.756458
1169,10000,3.62503,3.16228,4.21697,0.0323151,0.0251189,0.0398107,0.273137,0.25,0.3,0.350568,0.3,0.4,7.74763e-05,800617,8202.85,40030.9,0.01,0.95,10,10000,0.938,0.497,519,395,0.00920488,0,0.761079
1170,10000,3.64695,3.16228,4.21697,0.0317022,0.0251189,0.0398107,0.273396,0.25,0.3,0.449496,0.4,0.5,7.74763e-05,803702,8328.84,40185.1,0.01,0.95,10,10000,0.938,0.497,521,390,0.0092637,0,0.74856
1171,10000,3.64508,3.16228,4.21697,0.0316564,0.0251189,0.0398107,0.274412,0.25,0.3,0.547748,0.5,0.6,7.74763e-05,650983,7418.59,32549.2,0.01,0.95,10,10000,0.938,0.497,422,320,0.0102268,0,0.758294
1172,10000,3.62826,3.16228,4.21697,0.0319763,0.0251189,0.0398107,0.273693,0.25,0.3,0.647332,0.6,0.7,7.74763e-05,513691,6476.14,25684.5,0.01,0.95,10,10000,0.938,0.497,333,258,0.0113896,0,0.774775
1173,10000,3.63997,3.16228,4.21697,0.0318289,0.0251189,0.0398107,0.273846,0.25,0.3,0.746135,0.7,0.8,7.74763e-05,394909,6054.34,19745.5,0.01,0.95,10,10000,0.938,0.497,256,183,0.0135236,0,0.714844
1174,10000,3.60324,3.16228,4.21697,0.0317982,0.0251189,0.0398107,0.275598,0.25,0.3,0.847484,0.8,0.9,7.74763e-05,308523,5560.6,15426.1,0.01,0.95,10,10000,0.938,0.497,200,136,0.0156873,0,0.68
1175,10000,3.61451,3.16228,4.21697,0.0318283,0.0251189,0.0398107,0.277259,0.25,0.3,0.950105,0.9,1,7.74763e-05,226764,4913.94,11338.2,0.01,0.95,10,10000,0.938,0.497,147,96,0.0186716,0,0.653061
1176,10000,3.62995,3.16228,4.21697,0.0317608,0.0251189,0.0398107,0.273839,0.25,0.3,1.16937,1,1.5,0.000387382,78981.9,1141.95,3949.09,0.01,0.95,10,10000,0.938,0.497,256,197,0.0130342,0,0.769531
1177,10000,3.61131,3.16228,4.21697,0.0316472,0.0251189,0.0398107,0.344248,0.3,0.4,0.068426,0,0.1,0.000154953,112611,2177.2,5630.54,0.01,0.95,10,10000,0.938,0.497,146,111,0.0173642,0,0.760274
1178,10000,3.57097,3.16228,4.21697,0.0321362,0.0251189,0.0398107,0.344446,0.3,0.4,0.157019,0.1,0.2,0.000154953,311608,3448.65,15580.4,0.01,0.95,10,10000,0.938,0.497,404,326,0.0101323,0,0.806931
1179,10000,3.59145,3.16228,4.21697,0.0318322,0.0251189,0.0398107,0.343339,0.3,0.4,0.25148,0.2,0.3,0.000154953,475125,4302.32,23756.3,0.01,0.95,10,10000,0.938,0.497,616,491,0.00825612,0,0.797078
1180,10000,3.60393,3.16228,4.21697,0.0316427,0.0251189,0.0398107,0.346754,0.3,0.4,0.348923,0.3,0.4,0.000154953,502121,4338.25,25106.1,0.01,0.95,10,10000,0.938,0.497,651,531,0.00793907,0,0.815668
1181,10000,3.59835,3.16228,4.21697,0.0318095,0.0251189,0.0398107,0.346497,0.3,0.4,0.446821,0.4,0.5,0.000154953,485924,4218.11,24296.2,0.01,0.95,10,10000,0.938,0.497,630,521,0.0080149,0,0.826984
1182,10000,3.62522,3.16228,4.21697,0.0316259,0.0251189,0.0398107,0.344675,0.3,0.4,0.546144,0.5,0.6,0.000154953,445816,4180.4,22290.8,0.01,0.95,10,10000,0.938,0.497,578,459,0.00853907,0,0.794118
1183,10000,3.65354,3.16228,4.21697,0.0318442,0.0251189,0.0398107,0.345192,0.3,0.4,0.647169,0.6,0.7,0.000154953,350945,3586.96,17547.2,0.01,0.95,10,10000,0.938,0.497,455,376,0.00943459,0,0.826374
1184,10000,3.61483,3.16228,4.21697,0.0317251,0.0251189,0.0398107,0.345768,0.3,0.4,0.746931,0.7,0.8,0.000154953,258388,3048.03,12919.4,0.01,0.95,10,10000,0.938,0.497,335,280,0.010933,0,0.835821
1185,10000,3.64726,3.16228,4.21697,0.0321283,0.0251189,0.0398107,0.346712,0.3,0.4,0.845695,0.8,0.9,0.000154953,198226,2721.69,9911.3,0.01,0.95,10,10000,0.938,0.497,257,210,0.0126243,0,0.817121
1186,10000,3.58187,3.16228,4.21697,0.032347,0.0251189,0.0398107,0.349012,0.3,0.4,0.945583,0.9,1,0.000154953,159661,2570.99,7983.03,0.01,0.95,10,10000,0.938,0.497,207,159,0.0145084,0,0.768116
1187,10000,3.63451,3.16228,4.21697,0.0314967,0.0251189,0.0398107,0.346225,0.3,0.4,1.17767,1,1.5,0.000774763,62013.1,761.499,3100.66,0.01,0.95,10,10000,0.938,0.497,402,286,0.0108177,0,0.711443
1188,10000,3.65453,3.16228,4.21697,0.032916,0.0251189,0.0398107,0.450094,0.4,0.5,0.0667566,0,0.1,0.000154953,51677.6,1405.82,2583.88,0.01,0.95,10,10000,0.938,0.497,67,54,0.0248954,0,0.80597
1189,10000,3.5991,3.16228,4.21697,0.0319329,0.0251189,0.0398107,0.445697,0.4,0.5,0.152697,0.1,0.2,0.000154953,162746,2471.11,8137.29,0.01,0.95,10,10000,0.938,0.497,211,172,0.0139493,0,0.815166
1190,10000,3.5761,3.16228,4.21697,0.0326065,0.0251189,0.0398107,0.443495,0.4,0.5,0.255701,0.2,0.3,0.000154953,218280,2890.2,10914,0.01,0.95,10,10000,0.938,0.497,283,228,0.0121157,0,0.805654
1191,10000,3.59817,3.16228,4.21697,0.0324756,0.0251189,0.0398107,0.444668,0.4,0.5,0.350208,0.3,0.4,0.000154953,289240,3202.29,14462,0.01,0.95,10,10000,0.938,0.497,375,316,0.0102914,0,0.842667
1192,10000,3.60208,3.16228,4.21697,0.0318307,0.0251189,0.0398107,0.449207,0.4,0.5,0.448691,0.4,0.5,0.000154953,273043,3234.4,13652.1,0.01,0.95,10,10000,0.938,0.497,354,285,0.0108366,0,0.805085
1193,10000,3.65374,3.16228,4.21697,0.0316075,0.0251189,0.0398107,0.449148,0.4,0.5,0.547804,0.5,0.6,0.000154953,252989,2970.64,12649.4,0.01,0.95,10,10000,0.938,0.497,328,279,0.0109525,0,0.85061
1194,10000,3.60241,3.16228,4.21697,0.0319735,0.0251189,0.0398107,0.447387,0.4,0.5,0.651573,0.6,0.7,0.000154953,178943,2374.02,8947.17,0.01,0.95,10,10000,0.938,0.497,232,209,0.0126545,0,0.900862
1195,10000,3.57908,3.16228,4.21697,0.0318897,0.0251189,0.0398107,0.446142,0.4,0.5,0.749024,0.7,0.8,0.000154953,164288,2454.41,8214.42,0.01,0.95,10,10000,0.938,0.497,213,176,0.0137899,0,0.826291
1196,10000,3.63156,3.16228,4.21697,0.0316626,0.0251189,0.0398107,0.442289,0.4,0.5,0.845847,0.8,0.9,0.000154953,110297,1809.81,5514.85,0.01,0.95,10,10000,0.938,0.497,143,133,0.0158632,0,0.93007
1197,10000,3.58911,3.16228,4.21697,0.0309795,0.0251189,0.0398107,0.438769,0.4,0.5,0.945346,0.9,1,0.000154953,98727.3,1868.82,4936.37,0.01,0.95,10,10000,0.938,0.497,128,108,0.0176037,0,0.84375
1198,10000,3.63108,3.16228,4.21697,0.0321533,0.0251189,0.0398107,0.445917,0.4,0.5,1.18834,1,1.5,0.000774763,43656,597.599,2182.8,0.01,0.95,10,10000,0.938,0.497,283,219,0.0123622,0,0.773852
1199,10000,3.76004,3.16228,4.21697,0.0324264,0.0251189,0.0398107,0.542265,0.5,0.6,0.0718429,0,0.1,0.000154953,32394.9,1082.01,1619.75,0.01,0.95,10,10000,0.938,0.497,42,35,0.0309231,0,0.833333
1200,10000,3.58466,3.16228,4.21697,0.0324613,0.0251189,0.0398107,0.543888,0.5,0.6,0.152439,0.1,0.2,0.000154953,97956,1909.74,4897.8,0.01,0.95,10,10000,0.938,0.497,127,104,0.0179391,0,0.818898
1201,10000,3.59057,3.16228,4.21697,0.0321368,0.0251189,0.0398107,0.544254,0.5,0.6,0.24791,0.2,0.3,0.000154953,132665,2180.93,6633.24,0.01,0.95,10,10000,0.938,0.497,172,144,0.0152453,0,0.837209
1202,10000,3.55984,3.16228,4.21697,0.0315098,0.0251189,0.0398107,0.546195,0.5,0.6,0.350791,0.3,0.4,0.000154953,147320,2359.98,7365.99,0.01,0.95,10,10000,0.938,0.497,191,155,0.0146944,0,0.811518
1203,10000,3.6028,3.16228,4.21697,0.0319181,0.0251189,0.0398107,0.544097,0.5,0.6,0.448488,0.4,0.5,0.000154953,144234,2358,7211.72,0.01,0.95,10,10000,0.938,0.497,187,150,0.0149373,0,0.802139
1204,10000,3.58496,3.16228,4.21697,0.0317887,0.0251189,0.0398107,0.543396,0.5,0.6,0.547594,0.5,0.6,0.000154953,141921,2206.65,7096.03,0.01,0.95,10,10000,0.938,0.497,184,158,0.0145542,0,0.858696
1205,10000,3.54621,3.16228,4.21697,0.0315198,0.0251189,0.0398107,0.546712,0.5,0.6,0.650461,0.6,0.7,0.000154953,108754,2034.02,5437.72,0.01,0.95,10,10000,0.938,0.497,141,114,0.0171342,0,0.808511
1206,10000,3.50569,3.16228,4.21697,0.0315995,0.0251189,0.0398107,0.543678,0.5,0.6,0.74874,0.7,0.8,0.000154953,87157.7,1698.9,4357.89,0.01,0.95,10,10000,0.938,0.497,113,99,0.0183865,0,0.876106
1207,10000,3.55441,3.16228,4.21697,0.0319318,0.0251189,0.0398107,0.546063,0.5,0.6,0.847352,0.8,0.9,0.000154953,62475.9,1367.78,3123.79,0.01,0.95,10,10000,0.938,0.497,81,75,0.0211245,0,0.925926
1208,10000,3.49394,3.16228,4.21697,0.0313002,0.0251189,0.0398107,0.543087,0.5,0.6,0.955737,0.9,1,0.000154953,46278.4,1338.65,2313.92,0.01,0.95,10,10000,0.938,0.497,60,48,0.0264056,0,0.8
1209,10000,3.69255,3.16228,4.21697,0.0318397,0.0251189,0.0398107,0.544177,0.5,0.6,1.17734,1,1.5,0.000774763,23910.5,416.183,1195.53,0.01,0.95,10,10000,0.938,0.497,155,129,0.0161073,0,0.832258
1210,10000,3.56399,3.16228,4.21697,0.0306189,0.0251189,0.0398107,0.643144,0.6,0.7,0.0739586,0,0.1,0.000154953,13112.2,617.085,655.611,0.01,0.95,10,10000,0.938,0.497,17,16,0.0457358,0,0.941176
1211,10000,3.61443,3.16228,4.21697,0.0323264,0.0251189,0.0398107,0.644046,0.6,0.7,0.152443,0.1,0.2,0.000154953,37794.1,1325.19,1889.7,0.01,0.95,10,10000,0.938,0.497,49,35,0.0309231,0,0.714286
1212,10000,3.5686,3.16228,4.21697,0.0326864,0.0251189,0.0398107,0.639468,0.6,0.7,0.249523,0.2,0.3,0.000154953,64789.8,1627.97,3239.49,0.01,0.95,10,10000,0.938,0.497,84,65,0.0226913,0,0.77381
1213,10000,3.58173,3.16228,4.21697,0.0314359,0.0251189,0.0398107,0.64633,0.6,0.7,0.349213,0.3,0.4,0.000154953,90243,1862.68,4512.15,0.01,0.95,10,10000,0.938,0.497,117,94,0.0188692,0,0.803419
1214,10000,3.63463,3.16228,4.21697,0.0317758,0.0251189,0.0398107,0.639067,0.6,0.7,0.450968,0.4,0.5,0.000154953,77130.7,1710.31,3856.54,0.01,0.95,10,10000,0.938,0.497,100,81,0.020327,0,0.81
1215,10000,3.60669,3.16228,4.21697,0.0326674,0.0251189,0.0398107,0.646151,0.6,0.7,0.546356,0.5,0.6,0.000154953,78673.4,1774.23,3933.67,0.01,0.95,10,10000,0.938,0.497,102,80,0.0204537,0,0.784314
1216,10000,3.57788,3.16228,4.21697,0.0319257,0.0251189,0.0398107,0.647452,0.6,0.7,0.651552,0.6,0.7,0.000154953,72502.9,1555.44,3625.14,0.01,0.95,10,10000,0.938,0.497,94,82,0.0202027,0,0.87234
1217,10000,3.5905,3.16228,4.21697,0.0336359,0.0251189,0.0398107,0.638295,0.6,0.7,0.753036,0.7,0.8,0.000154953,38565.4,1172.52,1928.27,0.01,0.95,10,10000,0.938,0.497,50,42,0.0282288,0,0.84
1218,10000,3.5654,3.16228,4.21697,0.0322856,0.0251189,0.0398107,0.64965,0.6,0.7,0.846772,0.8,0.9,0.000154953,53220.2,1507.36,2661.01,0.01,0.95,10,10000,0.938,0.497,69,52,0.0253697,0,0.753623
1219,10000,3.73397,3.16228,4.21697,0.0325764,0.0251189,0.0398107,0.655407,0.6,0.7,0.946464,0.9,1,0.000154953,31623.6,1073.54,1581.18,0.01,0.95,10,10000,0.938,0.497,41,34,0.0313745,0,0.829268
1220,10000,3.60635,3.16228,4.21697,0.0321171,0.0251189,0.0398107,0.64618,0.6,0.7,1.18924,1,1.5,0.000774763,12186.7,296.149,609.333,0.01,0.95,10,10000,0.938,0.497,79,66,0.0225188,0,0.835443
1221,10000,3.58476,3.16228,4.21697,0.0316012,0.0251189,0.0398107,0.744443,0.7,0.8,0.0778088,0,0.1,0.000154953,10798.3,567.129,539.915,0.01,0.95,10,10000,0.938,0.497,14,13,0.0507394,0,0.928571
1222,10000,3.50523,3.16228,4.21697,0.0327949,0.0251189,0.0398107,0.747572,0.7,0.8,0.161468,0.1,0.2,0.000154953,23139.2,883.807,1156.96,0.01,0.95,10,10000,0.938,0.497,30,26,0.0358782,0,0.866667
1223,10000,3.59462,3.16228,4.21697,0.0314593,0.0251189,0.0398107,0.742923,0.7,0.8,0.249298,0.2,0.3,0.000154953,44735.8,1302.07,2236.79,0.01,0.95,10,10000,0.938,0.497,58,47,0.026685,0,0.810345
1224,10000,3.59686,3.16228,4.21697,0.033054,0.0251189,0.0398107,0.740895,0.7,0.8,0.346908,0.3,0.4,0.000154953,41650.6,1466.41,2082.53,0.01,0.95,10,10000,0.938,0.497,54,36,0.0304906,0,0.666667
1225,10000,3.56056,3.16228,4.21697,0.0321129,0.0251189,0.0398107,0.744327,0.7,0.8,0.452912,0.4,0.5,0.000154953,50135,1287.43,2506.75,0.01,0.95,10,10000,0.938,0.497,65,57,0.0242314,0,0.876923
1226,10000,3.58149,3.16228,4.21697,0.031725,0.0251189,0.0398107,0.745377,0.7,0.8,0.553394,0.5,0.6,0.000154953,39336.7,1280.76,1966.83,0.01,0.95,10,10000,0.938,0.497,51,39,0.0292944,0,0.764706
1227,10000,3.67324,3.16228,4.21697,0.0332434,0.0251189,0.0398107,0.752634,0.7,0.8,0.650166,0.6,0.7,0.000154953,34708.8,1244.03,1735.44,0.01,0.95,10,10000,0.938,0.497,45,33,0.0318464,0,0.733333
1228,10000,3.53335,3.16228,4.21697,0.0308483,0.0251189,0.0398107,0.739132,0.7,0.8,0.74785,0.7,0.8,0.000154953,27767.1,1001.75,1388.35,0.01,0.95,10,10000,0.938,0.497,36,30,0.0334007,0,0.833333
1229,10000,3.48986,3.16228,4.21697,0.0302049,0.0251189,0.0398107,0.741827,0.7,0.8,0.857453,0.8,0.9,0.000154953,11569.6,718.241,578.481,0.01,0.95,10,10000,0.938,0.497,15,11,0.0551595,0,0.733333
1230,10000,3.61043,3.16228,4.21697,0.0329564,0.0251189,0.0398107,0.725714,0.7,0.8,0.948987,0.9,1,0.000154953,12340.9,682.353,617.046,0.01,0.95,10,10000,0.938,0.497,16,13,0.0507394,0,0.8125
1231,10000,3.59107,3.16228,4.21697,0.0333359,0.0251189,0.0398107,0.746958,0.7,0.8,1.20063,1,1.5,0.000774763,7867.34,240.885,393.367,0.01,0.95,10,10000,0.938,0.497,51,42,0.0282288,0,0.823529
1232,10000,3.34316,3.16228,4.21697,0.0257524,0.0251189,0.0398107,0.81021,0.8,0.9,0.0821919,0,0.1,0.000154953,3085.23,488.804,154.261,0.01,0.95,10,10000,0.938,0.497,4,2,0.129361,0,0.5
1233,10000,3.60005,3.16228,4.21697,0.0295606,0.0251189,0.0398107,0.840968,0.8,0.9,0.156818,0.1,0.2,0.000154953,10027,594.108,501.35,0.01,0.95,10,10000,0.938,0.497,13,11,0.0551595,0,0.846154
1234,10000,3.62722,3.16228,4.21697,0.0313532,0.0251189,0.0398107,0.836717,0.8,0.9,0.249861,0.2,0.3,0.000154953,20825.3,1239.34,1041.26,0.01,0.95,10,10000,0.938,0.497,27,14,0.0488937,0,0.518519
1235,10000,3.65785,3.16228,4.21697,0.0322938,0.0251189,0.0398107,0.838378,0.8,0.9,0.348258,0.3,0.4,0.000154953,26224.5,898.884,1311.22,0.01,0.95,10,10000,0.938,0.497,34,31,0.0328576,0,0.911765
1236,10000,3.52581,3.16228,4.21697,0.03311,0.0251189,0.0398107,0.828585,0.8,0.9,0.459245,0.4,0.5,0.000154953,19282.7,795.943,964.134,0.01,0.95,10,10000,0.938,0.497,25,22,0.0390037,0,0.88
1237,10000,3.51014,3.16228,4.21697,0.0312988,0.0251189,0.0398107,0.847011,0.8,0.9,0.554734,0.5,0.6,0.000154953,20825.3,1449.65,1041.26,0.01,0.95,10,10000,0.938,0.497,27,11,0.0551595,0,0.407407
1238,10000,3.61403,3.16228,4.21697,0.0342363,0.0251189,0.0398107,0.843256,0.8,0.9,0.651485,0.6,0.7,0.000154953,16197.5,824.291,809.873,0.01,0.95,10,10000,0.938,0.497,21,16,0.0457358,0,0.761905
1239,10000,3.60357,3.16228,4.21697,0.031864,0.0251189,0.0398107,0.841641,0.8,0.9,0.753561,0.7,0.8,0.000154953,12340.9,728.666,617.046,0.01,0.95,10,10000,0.938,0.497,16,12,0.0528112,0,0.75
1240,10000,3.61673,3.16228,4.21697,0.0312405,0.0251189,0.0398107,0.848634,0.8,0.9,0.859856,0.8,0.9,0.000154953,8484.38,685.073,424.219,0.01,0.95,10,10000,0.938,0.497,11,7,0.0691461,0,0.636364
1241,10000,3.69152,3.16228,4.21697,0.0310885,0.0251189,0.0398107,0.839368,0.8,0.9,0.954229,0.9,1,0.000154953,7713.07,493.309,385.654,0.01,0.95,10,10000,0.938,0.497,10,9,0.0609811,0,0.9
1242,10000,3.47905,3.16228,4.21697,0.0311117,0.0251189,0.0398107,0.832166,0.8,0.9,1.19408,1,1.5,0.000774763,3702.28,163.585,185.114,0.01,0.95,10,10000,0.938,0.497,24,20,0.0409074,0,0.833333
1243,10000,4.18372,3.16228,4.21697,0.0254267,0.0251189,0.0398107,0.915037,0.9,1,0.062495,0,0.1,0.000154953,771.307,141.106,38.5654,0.01,0.95,10,10000,0.938,0.497,1,1,0.182943,0,1
1244,10000,3.33353,3.16228,4.21697,0.0364171,0.0251189,0.0398107,0.900155,0.9,1,0.173693,0.1,0.2,0.000154953,2313.92,546.5,115.696,0.01,0.95,10,10000,0.938,0.497,3,1,0.182943,0,0.333333
1245,10000,3.60365,3.16228,4.21697,0.0314177,0.0251189,0.0398107,0.934983,0.9,1,0.235194,0.2,0.3,0.000154953,7713.07,608.089,385.654,0.01,0.95,10,10000,0.938,0.497,10,7,0.0691461,0,0.7
1246,10000,3.65013,3.16228,4.21697,0.0357832,0.0251189,0.0398107,0.924486,0.9,1,0.330917,0.3,0.4,0.000154953,4627.84,488.804,231.392,0.01,0.95,10,10000,0.938,0.497,6,4,0.0914717,0,0.666667
1247,10000,3.70196,3.16228,4.21697,0.0314103,0.0251189,0.0398107,0.939409,0.9,1,0.452087,0.4,0.5,0.000154953,6170.46,591.971,308.523,0.01,0.95,10,10000,0.938,0.497,8,5,0.0818148,0,0.625
1248,10000,3.42042,3.16228,4.21697,0.0260676,0.0251189,0.0398107,0.968909,0.9,1,0.513397,0.5,0.6,0.000154953,3856.54,946.565,192.827,0.01,0.95,10,10000,0.938,0.497,5,1,0.182943,0,0.2
1249,10000,3.71759,3.16228,4.21697,0.0314677,0.0251189,0.0398107,0.925818,0.9,1,0.65289,0.6,0.7,0.000154953,8484.38,619.098,424.219,0.01,0.95,10,10000,0.938,0.497,11,8,0.0646803,0,0.727273
1250,10000,3.48212,3.16228,4.21697,0.0315213,0.0251189,0.0398107,0.94024,0.9,1,0.771108,0.7,0.8,0.000154953,4627.84,488.804,231.392,0.01,0.95,10,10000,0.938,0.497,6,4,0.0914717,0,0.666667
1251,10000,3.53333,3.16228,4.21697,0.0369973,0.0251189,0.0398107,0.91778,0.9,1,0.8325,0.8,0.9,0.000154953,771.307,-nan,38.5654,0.01,0.95,10,10000,0.938,0.497,1,2,0.129361,0,2
1252,10000,4.03712,3.16228,4.21697,0.0296605,0.0251189,0.0398107,0.921593,0.9,1,0.995406,0.9,1,0.000154953,771.307,141.106,38.5654,0.01,0.95,10,10000,0.938,0.497,1,1,0.182943,0,1
1253,10000,3.579,3.16228,4.21697,0.0324495,0.0251189,0.0398107,0.931886,0.9,1,1.18255,1,1.5,0.000774763,308.523,-nan,15.4261,0.01,0.95,10,10000,0.938,0.497,2,3,0.105622,0,1.5
1254,10000,3.67257,3.16228,4.21697,0.0487761,0.0398107,0.0630957,0.0793426,0.05,0.1,0.0660471,0,0.1,0.000122792,349422,3837.74,17471.1,0.01,0.95,10,10000,0.938,0.497,359,313,0.0103406,0,0.871866
1255,10000,3.70579,3.16228,4.21697,0.0492374,0.0398107,0.0630957,0.078605,0.05,0.1,0.152638,0.1,0.2,0.000122792,907135,6008.44,45356.8,0.01,0.95,10,10000,0.938,0.497,932,839,0.00631591,0,0.900215
1256,10000,3.68612,3.16228,4.21697,0.0491801,0.0398107,0.0630957,0.0775481,0.05,0.1,0.249993,0.2,0.3,0.000122792,1.20887e+06,7297.36,60443.3,0.01,0.95,10,10000,0.938,0.497,1242,1056,0.00562969,0,0.850242
1257,10000,3.66484,3.16228,4.21697,0.0491326,0.0398107,0.0630957,0.0775248,0.05,0.1,0.350348,0.3,0.4,0.000122792,1.2186e+06,7276.04,60929.9,0.01,0.95,10,10000,0.938,0.497,1252,1073,0.00558492,0,0.857029
1258,10000,3.66232,3.16228,4.21697,0.0491617,0.0398107,0.0630957,0.0756771,0.05,0.1,0.449809,0.4,0.5,0.000122792,1.17869e+06,7191.39,58934.6,0.01,0.95,10,10000,0.938,0.497,1211,1032,0.00569478,0,0.852188
1259,10000,3.69725,3.16228,4.21697,0.0498073,0.0398107,0.0630957,0.076282,0.05,0.1,0.546932,0.5,0.6,0.000122792,921735,6204.11,46086.8,0.01,0.95,10,10000,0.938,0.497,947,830,0.00635006,0,0.876452
1260,10000,3.66655,3.16228,4.21697,0.0491222,0.0398107,0.0630957,0.0764396,0.05,0.1,0.646068,0.6,0.7,0.000122792,687165,5658.32,34358.2,0.01,0.95,10,10000,0.938,0.497,706,581,0.00758977,0,0.822946
1261,10000,3.67129,3.16228,4.21697,0.0490083,0.0398107,0.0630957,0.0774841,0.05,0.1,0.746909,0.7,0.8,0.000122792,448701,4348.23,22435.1,0.01,0.95,10,10000,0.938,0.497,461,402,0.00912439,0,0.872017
1262,10000,3.67174,3.16228,4.21697,0.0487844,0.0398107,0.0630957,0.0762209,0.05,0.1,0.846328,0.8,0.9,0.000122792,265717,3154.49,13285.8,0.01,0.95,10,10000,0.938,0.497,273,254,0.0114789,0,0.930403
1263,10000,3.72224,3.16228,4.21697,0.0488713,0.0398107,0.0630957,0.0780587,0.05,0.1,0.945159,0.9,1,0.000122792,156705,2676.16,7835.24,0.01,0.95,10,10000,0.938,0.497,161,134,0.0158039,0,0.832298
1264,10000,3.75024,3.16228,4.21697,0.0489163,0.0398107,0.0630957,0.0787497,0.05,0.1,1.15959,1,1.5,0.00061396,45940.8,643.579,2297.04,0.01,0.95,10,10000,0.938,0.497,236,198,0.0130012,0,0.838983
1265,10000,3.62094,3.16228,4.21697,0.0502233,0.0398107,0.0630957,0.122912,0.1,0.15,0.0654311,0,0.1,0.000122792,388355,3806.21,19417.8,0.01,0.95,10,10000,0.938,0.497,399,372,0.00948517,0,0.932331
1266,10000,3.6205,3.16228,4.21697,0.0498518,0.0398107,0.0630957,0.123451,0.1,0.15,0.154462,0.1,0.2,0.000122792,1.03756e+06,6628.35,51878,0.01,0.95,10,10000,0.938,0.497,1066,927,0.00600865,0,0.869606
1267,10000,3.62972,3.16228,4.21697,0.0500484,0.0398107,0.0630957,0.124006,0.1,0.15,0.250571,0.2,0.3,0.000122792,1.18161e+06,6879.53,59080.6,0.01,0.95,10,10000,0.938,0.497,1214,1089,0.00554374,0,0.897035
1268,10000,3.61569,3.16228,4.21697,0.0504544,0.0398107,0.0630957,0.124309,0.1,0.15,0.349894,0.3,0.4,0.000122792,1.18648e+06,7006.16,59323.9,0.01,0.95,10,10000,0.938,0.497,1219,1074,0.00558232,0,0.88105
1269,10000,3.6291,3.16228,4.21697,0.0498321,0.0398107,0.0630957,0.124219,0.1,0.15,0.449627,0.4,0.5,0.000122792,984028,6246.15,49201.4,0.01,0.95,10,10000,0.938,0.497,1011,912,0.00605786,0,0.902077
1270,10000,3.61478,3.16228,4.21697,0.0499212,0.0398107,0.0630957,0.124198,0.1,0.15,0.547119,0.5,0.6,0.000122792,816617,5813.86,40830.8,0.01,0.95,10,10000,0.938,0.497,839,739,0.00672968,0,0.88081
1271,10000,3.62168,3.16228,4.21697,0.0495762,0.0398107,0.0630957,0.123363,0.1,0.15,0.646307,0.6,0.7,0.000122792,626819,5201.27,31340.9,0.01,0.95,10,10000,0.938,0.497,644,554,0.00777252,0,0.860248
1272,10000,3.6494,3.16228,4.21697,0.0506546,0.0398107,0.0630957,0.12425,0.1,0.15,0.749058,0.7,0.8,0.000122792,416582,3905.63,20829.1,0.01,0.95,10,10000,0.938,0.497,428,403,0.00911306,0,0.941589
1273,10000,3.62727,3.16228,4.21697,0.0503117,0.0398107,0.0630957,0.125003,0.1,0.15,0.848044,0.8,0.9,0.000122792,323143,3968.65,16157.1,0.01,0.95,10,10000,0.938,0.497,332,266,0.011217,0,0.801205
1274,10000,3.62522,3.16228,4.21697,0.0498227,0.0398107,0.0630957,0.124385,0.1,0.15,0.945617,0.9,1,0.000122792,197584,2856.98,9879.21,0.01,0.95,10,10000,0.938,0.497,203,179,0.0136738,0,0.881773
1275,10000,3.67318,3.16228,4.21697,0.0494406,0.0398107,0.0630957,0.124251,0.1,0.15,1.15173,1,1.5,0.00061396,56842,629.757,2842.1,0.01,0.95,10,10000,0.938,0.497,292,282,0.0108941,0,0.965753
1276,10000,3.62417,3.16228,4.21697,0.0504045,0.0398107,0.0630957,0.173475,0.15,0.2,0.0641503,0,0.1,0.000122792,245277,3122.48,12263.8,0.01,0.95,10,10000,0.938,0.497,252,227,0.0121424,0,0.900794
1277,10000,3.61475,3.16228,4.21697,0.0507323,0.0398107,0.0630957,0.173431,0.15,0.2,0.153193,0.1,0.2,0.000122792,691058,5237.93,34552.9,0.01,0.95,10,10000,0.938,0.497,710,640,0.00723147,0,0.901408
1278,10000,3.6052,3.16228,4.21697,0.0497794,0.0398107,0.0630957,0.173061,0.15,0.2,0.24973,0.2,0.3,0.000122792,886696,5914.72,44334.8,0.01,0.95,10,10000,0.938,0.497,911,824,0.00637314,0,0.904501
1279,10000,3.60504,3.16228,4.21697,0.0505556,0.0398107,0.0630957,0.172953,0.15,0.2,0.35057,0.3,0.4,0.000122792,935362,5956.46,46768.1,0.01,0.95,10,10000,0.938,0.497,961,888,0.00613918,0,0.924037
1280,10000,3.62386,3.16228,4.21697,0.0502505,0.0398107,0.0630957,0.173446,0.15,0.2,0.448377,0.4,0.5,0.000122792,823430,5811.3,41171.5,0.01,0.95,10,10000,0.938,0.497,846,749,0.00668461,0,0.885343
1281,10000,3.60976,3.16228,4.21697,0.050534,0.0398107,0.0630957,0.173968,0.15,0.2,0.549244,0.5,0.6,0.000122792,631686,4839.94,31584.3,0.01,0.95,10,10000,0.938,0.497,649,607,0.00742544,0,0.935285
1282,10000,3.62455,3.16228,4.21697,0.0505794,0.0398107,0.0630957,0.173767,0.15,0.2,0.647771,0.6,0.7,0.000122792,542140,4648.49,27107,0.01,0.95,10,10000,0.938,0.497,557,501,0.00817331,0,0.899461
1283,10000,3.64284,3.16228,4.21697,0.0509384,0.0398107,0.0630957,0.172666,0.15,0.2,0.748066,0.7,0.8,0.000122792,320223,3683.49,16011.1,0.01,0.95,10,10000,0.938,0.497,329,286,0.0108177,0,0.869301
1284,10000,3.63905,3.16228,4.21697,0.0508159,0.0398107,0.0630957,0.17368,0.15,0.2,0.847126,0.8,0.9,0.000122792,250144,3222.42,12507.2,0.01,0.95,10,10000,0.938,0.497,257,226,0.0121692,0,0.879377
1285,10000,3.59512,3.16228,4.21697,0.0492508,0.0398107,0.0630957,0.176467,0.15,0.2,0.948743,0.9,1,0.000122792,176171,2617.6,8808.56,0.01,0.95,10,10000,0.938,0.497,181,165,0.0142421,0,0.911602
1286,10000,3.65695,3.16228,4.21697,0.0497069,0.0398107,0.0630957,0.176618,0.15,0.2,1.17527,1,1.5,0.00061396,57231.3,678.798,2861.56,0.01,0.95,10,10000,0.938,0.497,294,263,0.0112808,0,0.894558
1287,10000,3.5845,3.16228,4.21697,0.0505144,0.0398107,0.0630957,0.222605,0.2,0.25,0.0634461,0,0.1,0.000122792,153785,2446.16,7689.24,0.01,0.95,10,10000,0.938,0.497,158,144,0.0152453,0,0.911392
1288,10000,3.61977,3.16228,4.21697,0.0512191,0.0398107,0.0630957,0.223539,0.2,0.25,0.152558,0.1,0.2,0.000122792,453568,4021.15,22678.4,0.01,0.95,10,10000,0.938,0.497,466,445,0.00867235,0,0.954936
1289,10000,3.60483,3.16228,4.21697,0.0505489,0.0398107,0.0630957,0.223843,0.2,0.25,0.251827,0.2,0.3,0.000122792,636552,4916.2,31827.6,0.01,0.95,10,10000,0.938,0.497,654,604,0.00744386,0,0.923547
1290,10000,3.60411,3.16228,4.21697,0.0507869,0.0398107,0.0630957,0.223445,0.2,0.25,0.348578,0.3,0.4,0.000122792,663805,5223.95,33190.3,0.01,0.95,10,10000,0.938,0.497,682,603,0.00745003,0,0.884164
1291,10000,3.61029,3.16228,4.21697,0.050769,0.0398107,0.0630957,0.224305,0.2,0.25,0.448619,0.4,0.5,0.000122792,595673,4773.04,29783.6,0.01,0.95,10,10000,0.938,0.497,612,563,0.00771014,0,0.919935
1292,10000,3.62263,3.16228,4.21697,0.0504351,0.0398107,0.0630957,0.225149,0.2,0.25,0.547934,0.5,0.6,0.000122792,499314,4447.29,24965.7,0.01,0.95,10,10000,0.938,0.497,513,463,0.0085021,0,0.902534
1293,10000,3.58862,3.16228,4.21697,0.0506492,0.0398107,0.0630957,0.223679,0.2,0.25,0.65023,0.6,0.7,0.000122792,390302,4062.39,19515.1,0.01,0.95,10,10000,0.938,0.497,401,349,0.00979274,0,0.870324
1294,10000,3.63764,3.16228,4.21697,0.0508511,0.0398107,0.0630957,0.224619,0.2,0.25,0.744833,0.7,0.8,0.000122792,307570,3537.67,15378.5,0.01,0.95,10,10000,0.938,0.497,316,281,0.0109135,0,0.889241
1295,10000,3.60516,3.16228,4.21697,0.0506458,0.0398107,0.0630957,0.223161,0.2,0.25,0.842086,0.8,0.9,0.000122792,191744,2656.4,9587.22,0.01,0.95,10,10000,0.938,0.497,197,185,0.0134503,0,0.939086
1296,10000,3.60402,3.16228,4.21697,0.0505103,0.0398107,0.0630957,0.223247,0.2,0.25,0.950023,0.9,1,0.000122792,144052,2349.6,7202.58,0.01,0.95,10,10000,0.938,0.497,148,136,0.0156873,0,0.918919
1297,10000,3.60584,3.16228,4.21697,0.0502293,0.0398107,0.0630957,0.224503,0.2,0.25,1.17483,1,1.5,0.00061396,53727.3,659.858,2686.37,0.01,0.95,10,10000,0.938,0.497,276,246,0.011664,0,0.891304
1298,10000,3.63841,3.16228,4.21697,0.0510715,0.0398107,0.0630957,0.274107,0.25,0.3,0.0652372,0,0.1,0.000122792,124585,2213.16,6229.26,0.01,0.95,10,10000,0.938,0.497,128,116,0.0169859,0,0.90625
1299,10000,3.60081,3.16228,4.21697,0.0507475,0.0398107,0.0630957,0.274285,0.25,0.3,0.156937,0.1,0.2,0.000122792,288103,3345.53,14405.2,0.01,0.95,10,10000,0.938,0.497,296,270,0.0111336,0,0.912162
1300,10000,3.63367,3.16228,4.21697,0.0510935,0.0398107,0.0630957,0.2742,0.25,0.3,0.252123,0.2,0.3,0.000122792,447728,4250.01,22386.4,0.01,0.95,10,10000,0.938,0.497,460,411,0.00902393,0,0.893478
1301,10000,3.62581,3.16228,4.21697,0.050555,0.0398107,0.0630957,0.273042,0.25,0.3,0.350125,0.3,0.4,0.000122792,489581,4669.29,24479,0.01,0.95,10,10000,0.938,0.497,503,425,0.00887406,0,0.84493
1302,10000,3.59438,3.16228,4.21697,0.0509844,0.0398107,0.0630957,0.274488,0.25,0.3,0.447071,0.4,0.5,0.000122792,466221,4264.15,23311,0.01,0.95,10,10000,0.938,0.497,479,436,0.0087614,0,0.91023
1303,10000,3.60788,3.16228,4.21697,0.050849,0.0398107,0.0630957,0.273381,0.25,0.3,0.543778,0.5,0.6,0.000122792,382515,4271.03,19125.8,0.01,0.95,10,10000,0.938,0.497,393,319,0.0102429,0,0.811705
1304,10000,3.59664,3.16228,4.21697,0.0509647,0.0398107,0.0630957,0.272254,0.25,0.3,0.6473,0.6,0.7,0.000122792,326063,3685.66,16303.1,0.01,0.95,10,10000,0.938,0.497,335,294,0.0106695,0,0.877612
1305,10000,3.53099,3.16228,4.21697,0.0505563,0.0398107,0.0630957,0.273792,0.25,0.3,0.74437,0.7,0.8,0.000122792,201478,2768.18,10073.9,0.01,0.95,10,10000,0.938,0.497,207,191,0.0132373,0,0.922705
1306,10000,3.58211,3.16228,4.21697,0.0517008,0.0398107,0.0630957,0.274555,0.25,0.3,0.844935,0.8,0.9,0.000122792,178118,2842.12,8905.89,0.01,0.95,10,10000,0.938,0.497,183,153,0.0147901,0,0.836066
1307,10000,3.55832,3.16228,4.21697,0.0515006,0.0398107,0.0630957,0.274371,0.25,0.3,0.945982,0.9,1,0.000122792,144052,2717.65,7202.58,0.01,0.95,10,10000,0.938,0.497,148,115,0.0170596,0,0.777027
1308,10000,3.60888,3.16228,4.21697,0.0505981,0.0398107,0.0630957,0.273013,0.25,0.3,1.16745,1,1.5,0.00061396,38154.2,578.714,1907.71,0.01,0.95,10,10000,0.938,0.497,196,167,0.0141566,0,0.852041
1309,10000,3.58286,3.16228,4.21697,0.0510385,0.0398107,0.0630957,0.34761,0.3,0.4,0.0688478,0,0.1,0.000245584,72025.8,1174.8,3601.29,0.01,0.95,10,10000,0.938,0.497,148,136,0.0156873,0,0.918919
1310,10000,3.59912,3.16228,4.21697,0.0506065,0.0398107,0.0630957,0.345378,0.3,0.4,0.155384,0.1,0.2,0.000245584,211697,1998.91,10584.9,0.01,0.95,10,10000,0.938,0.497,435,403,0.00911306,0,0.926437
1311,10000,3.62205,3.16228,4.21697,0.0511698,0.0398107,0.0630957,0.345037,0.3,0.4,0.252079,0.2,0.3,0.000245584,278857,2326.02,13942.8,0.01,0.95,10,10000,0.938,0.497,573,523,0.00799956,0,0.91274
1312,10000,3.61446,3.16228,4.21697,0.0505613,0.0398107,0.0630957,0.341297,0.3,0.4,0.347943,0.3,0.4,0.000245584,286643,2285.38,14332.2,0.01,0.95,10,10000,0.938,0.497,589,556,0.00775853,0,0.943973
1313,10000,3.60542,3.16228,4.21697,0.0509626,0.0398107,0.0630957,0.345534,0.3,0.4,0.449432,0.4,0.5,0.000245584,290536,2410.24,14526.8,0.01,0.95,10,10000,0.938,0.497,597,536,0.00790195,0,0.897822
1314,10000,3.59972,3.16228,4.21697,0.0507361,0.0398107,0.0630957,0.348458,0.3,0.4,0.547077,0.5,0.6,0.000245584,256957,2288.72,12847.8,0.01,0.95,10,10000,0.938,0.497,528,469,0.00844754,0,0.888258
1315,10000,3.59045,3.16228,4.21697,0.0508618,0.0398107,0.0630957,0.344023,0.3,0.4,0.647031,0.6,0.7,0.000245584,220457,2285.95,11022.9,0.01,0.95,10,10000,0.938,0.497,453,369,0.00952365,0,0.81457
1316,10000,3.60527,3.16228,4.21697,0.0507854,0.0398107,0.0630957,0.346418,0.3,0.4,0.745562,0.7,0.8,0.000245584,163518,1861.71,8175.9,0.01,0.95,10,10000,0.938,0.497,336,292,0.010706,0,0.869048
1317,10000,3.60948,3.16228,4.21697,0.0501412,0.0398107,0.0630957,0.344738,0.3,0.4,0.84749,0.8,0.9,0.000245584,118745,1560.61,5937.26,0.01,0.95,10,10000,0.938,0.497,244,216,0.0124477,0,0.885246
1318,10000,3.61003,3.16228,4.21697,0.0497359,0.0398107,0.0630957,0.342529,0.3,0.4,0.945123,0.9,1,0.000245584,90518.9,1452.7,4525.94,0.01,0.95,10,10000,0.938,0.497,186,153,0.0147901,0,0.822581
1319,10000,3.60372,3.16228,4.21697,0.0509855,0.0398107,0.0630957,0.345907,0.3,0.4,1.18593,1,1.5,0.00122792,39224.8,461.782,1961.24,0.01,0.95,10,10000,0.938,0.497,403,302,0.0105272,0,0.74938
1320,10000,3.5402,3.16228,4.21697,0.0519511,0.0398107,0.0630957,0.44855,0.4,0.5,0.0676975,0,0.1,0.000245584,40392.8,904.399,2019.64,0.01,0.95,10,10000,0.938,0.497,83,74,0.0212667,0,0.891566
1321,10000,3.58767,3.16228,4.21697,0.050423,0.0398107,0.0630957,0.444879,0.4,0.5,0.15607,0.1,0.2,0.000245584,97818.8,1333.31,4890.94,0.01,0.95,10,10000,0.938,0.497,201,190,0.0132721,0,0.945274
1322,10000,3.61126,3.16228,4.21697,0.050773,0.0398107,0.0630957,0.446294,0.4,0.5,0.249326,0.2,0.3,0.000245584,157191,1756.3,7859.57,0.01,0.95,10,10000,0.938,0.497,323,293,0.0106877,0,0.907121
1323,10000,3.57537,3.16228,4.21697,0.0505566,0.0398107,0.0630957,0.444279,0.4,0.5,0.348918,0.3,0.4,0.000245584,166438,1792.55,8321.9,0.01,0.95,10,10000,0.938,0.497,342,313,0.0103406,0,0.915205
1324,10000,3.59329,3.16228,4.21697,0.0512415,0.0398107,0.0630957,0.444642,0.4,0.5,0.450646,0.4,0.5,0.000245584,173738,1804.43,8686.89,0.01,0.95,10,10000,0.938,0.497,357,332,0.0100403,0,0.929972
1325,10000,3.61377,3.16228,4.21697,0.0504667,0.0398107,0.0630957,0.446877,0.4,0.5,0.550254,0.5,0.6,0.000245584,151838,1687.7,7591.91,0.01,0.95,10,10000,0.938,0.497,312,290,0.0107428,0,0.929487
1326,10000,3.63249,3.16228,4.21697,0.0504918,0.0398107,0.0630957,0.446392,0.4,0.5,0.648895,0.6,0.7,0.000245584,133345,1609,6667.25,0.01,0.95,10,10000,0.938,0.497,274,250,0.0115704,0,0.912409
1327,10000,3.60091,3.16228,4.21697,0.049942,0.0398107,0.0630957,0.4461,0.4,0.5,0.746398,0.7,0.8,0.000245584,93925.5,1386.89,4696.28,0.01,0.95,10,10000,0.938,0.497,193,171,0.01399,0,0.88601
1328,10000,3.60186,3.16228,4.21697,0.0500557,0.0398107,0.0630957,0.445453,0.4,0.5,0.846106,0.8,0.9,0.000245584,70079.1,1220.01,3503.96,0.01,0.95,10,10000,0.938,0.497,144,125,0.016363,0,0.868056
1329,10000,3.63306,3.16228,4.21697,0.0508205,0.0398107,0.0630957,0.448814,0.4,0.5,0.952471,0.9,1,0.000245584,54992.7,1101.33,2749.63,0.01,0.95,10,10000,0.938,0.497,113,96,0.0186716,0,0.849558
1330,10000,3.62721,3.16228,4.21697,0.0510771,0.0398107,0.0630957,0.44909,0.4,0.5,1.19091,1,1.5,0.00122792,24917,355.84,1245.85,0.01,0.95,10,10000,0.938,0.497,256,200,0.0129361,0,0.78125
1331,10000,3.57634,3.16228,4.21697,0.0509054,0.0398107,0.0630957,0.548115,0.5,0.6,0.0673161,0,0.1,0.000245584,18979.8,570.445,948.988,0.01,0.95,10,10000,0.938,0.497,39,38,0.0296773,0,0.974359
1332,10000,3.59665,3.16228,4.21697,0.0509681,0.0398107,0.0630957,0.544212,0.5,0.6,0.153509,0.1,0.2,0.000245584,65212.5,1094.09,3260.63,0.01,0.95,10,10000,0.938,0.497,134,126,0.0162979,0,0.940299
1333,10000,3.6068,3.16228,4.21697,0.0510781,0.0398107,0.0630957,0.545819,0.5,0.6,0.252097,0.2,0.3,0.000245584,91005.5,-nan,4550.28,0.01,0.95,10,10000,0.938,0.497,187,188,0.0133425,0,1.00535
1334,10000,3.55801,3.16228,4.21697,0.0507701,0.0398107,0.0630957,0.542264,0.5,0.6,0.351343,0.3,0.4,0.000245584,97818.8,1394.75,4890.94,0.01,0.95,10,10000,0.938,0.497,201,181,0.0135981,0,0.900498
1335,10000,3.5866,3.16228,4.21697,0.0502184,0.0398107,0.0630957,0.548505,0.5,0.6,0.449227,0.4,0.5,0.000245584,97332.1,1357.35,4866.61,0.01,0.95,10,10000,0.938,0.497,200,185,0.0134503,0,0.925
1336,10000,3.61528,3.16228,4.21697,0.0503117,0.0398107,0.0630957,0.546728,0.5,0.6,0.546065,0.5,0.6,0.000245584,95872.2,1369.52,4793.61,0.01,0.95,10,10000,0.938,0.497,197,179,0.0136738,0,0.908629
1337,10000,3.5743,3.16228,4.21697,0.0503967,0.0398107,0.0630957,0.544363,0.5,0.6,0.644421,0.6,0.7,0.000245584,84192.3,1248.01,4209.61,0.01,0.95,10,10000,0.938,0.497,173,162,0.0143734,0,0.936416
1338,10000,3.63367,3.16228,4.21697,0.050864,0.0398107,0.0630957,0.547741,0.5,0.6,0.744834,0.7,0.8,0.000245584,52559.4,1094.76,2627.97,0.01,0.95,10,10000,0.938,0.497,108,90,0.0192839,0,0.833333
1339,10000,3.62007,3.16228,4.21697,0.0499718,0.0398107,0.0630957,0.542161,0.5,0.6,0.847371,0.8,0.9,0.000245584,37472.9,781.247,1873.64,0.01,0.95,10,10000,0.938,0.497,77,77,0.0208483,0,1
1340,10000,3.60298,3.16228,4.21697,0.0511225,0.0398107,0.0630957,0.545396,0.5,0.6,0.941495,0.9,1,0.000245584,38932.9,938.193,1946.64,0.01,0.95,10,10000,0.938,0.497,80,67,0.0223501,0,0.8375
1341,10000,3.60452,3.16228,4.21697,0.0500224,0.0398107,0.0630957,0.547986,0.5,0.6,1.20182,1,1.5,0.00122792,15183.8,258.01,759.191,0.01,0.95,10,10000,0.938,0.497,156,133,0.0158632,0,0.852564
1342,10000,3.68404,3.16228,4.21697,0.0506293,0.0398107,0.0630957,0.655556,0.6,0.7,0.0668023,0,0.1,0.000245584,14599.8,521.314,729.991,0.01,0.95,10,10000,0.938,0.497,30,28,0.0345731,0,0.933333
1343,10000,3.58856,3.16228,4.21697,0.051642,0.0398107,0.0630957,0.649034,0.6,0.7,0.158151,0.1,0.2,0.000245584,35039.6,832.849,1751.98,0.01,0.95,10,10000,0.938,0.497,72,65,0.0226913,0,0.902778
1344,10000,3.58704,3.16228,4.21697,0.0498898,0.0398107,0.0630957,0.649659,0.6,0.7,0.254309,0.2,0.3,0.000245584,48179.4,894.844,2408.97,0.01,0.95,10,10000,0.938,0.497,99,98,0.0184801,0,0.989899
1345,10000,3.61937,3.16228,4.21697,0.0507992,0.0398107,0.0630957,0.647155,0.6,0.7,0.346949,0.3,0.4,0.000245584,50612.7,980.693,2530.64,0.01,0.95,10,10000,0.938,0.497,104,96,0.0186716,0,0.923077
1346,10000,3.64571,3.16228,4.21697,0.0498557,0.0398107,0.0630957,0.640187,0.6,0.7,0.449758,0.4,0.5,0.000245584,49152.7,978.377,2457.64,0.01,0.95,10,10000,0.938,0.497,101,92,0.0190732,0,0.910891
1347,10000,3.59844,3.16228,4.21697,0.0505153,0.0398107,0.0630957,0.643465,0.6,0.7,0.547817,0.5,0.6,0.000245584,49639.4,926.019,2481.97,0.01,0.95,10,10000,0.938,0.497,102,99,0.0183865,0,0.970588
1348,10000,3.57969,3.16228,4.21697,0.0515554,0.0398107,0.0630957,0.647045,0.6,0.7,0.649368,0.6,0.7,0.000245584,36986.2,862.651,1849.31,0.01,0.95,10,10000,0.938,0.497,76,68,0.0221851,0,0.894737
1349,10000,3.57982,3.16228,4.21697,0.0509433,0.0398107,0.0630957,0.640117,0.6,0.7,0.744877,0.7,0.8,0.000245584,34552.9,793.716,1727.65,0.01,0.95,10,10000,0.938,0.497,71,67,0.0223501,0,0.943662
1350,10000,3.55845,3.16228,4.21697,0.0522537,0.0398107,0.0630957,0.643968,0.6,0.7,0.846933,0.8,0.9,0.000245584,27739.7,733.964,1386.98,0.01,0.95,10,10000,0.938,0.497,57,52,0.0253697,0,0.912281
1351,10000,3.5774,3.16228,4.21697,0.0515245,0.0398107,0.0630957,0.649435,0.6,0.7,0.94432,0.9,1,0.000245584,18493.1,-nan,924.655,0.01,0.95,10,10000,0.938,0.497,38,41,0.028571,0,1.07895
1352,10000,3.58315,3.16228,4.21697,0.050431,0.0398107,0.0630957,0.640722,0.6,0.7,1.17697,1,1.5,0.00122792,6715.92,166.18,335.796,0.01,0.95,10,10000,0.938,0.497,69,61,0.0234235,0,0.884058
1353,10000,3.58472,3.16228,4.21697,0.0533238,0.0398107,0.0630957,0.737568,0.7,0.8,0.0649244,0,0.1,0.000245584,7786.57,459.756,389.329,0.01,0.95,10,10000,0.938,0.497,16,12,0.0528112,0,0.75
1354,10000,3.56842,3.16228,4.21697,0.0507219,0.0398107,0.0630957,0.746223,0.7,0.8,0.152868,0.1,0.2,0.000245584,20926.4,640.905,1046.32,0.01,0.95,10,10000,0.938,0.497,43,39,0.0292944,0,0.906977
1355,10000,3.6037,3.16228,4.21697,0.0502166,0.0398107,0.0630957,0.743569,0.7,0.8,0.256606,0.2,0.3,0.000245584,22873.1,664.726,1143.65,0.01,0.95,10,10000,0.938,0.497,47,43,0.0278986,0,0.914894
1356,10000,3.57522,3.16228,4.21697,0.0504979,0.0398107,0.0630957,0.741237,0.7,0.8,0.345752,0.3,0.4,0.000245584,28713,695.554,1435.65,0.01,0.95,10,10000,0.938,0.497,59,58,0.0240216,0,0.983051
1357,10000,3.61021,3.16228,4.21697,0.0505968,0.0398107,0.0630957,0.749678,0.7,0.8,0.448244,0.4,0.5,0.000245584,35039.6,787.617,1751.98,0.01,0.95,10,10000,0.938,0.497,72,69,0.0220238,0,0.958333
1358,10000,3.57208,3.16228,4.21697,0.0512029,0.0398107,0.0630957,0.745859,0.7,0.8,0.548518,0.5,0.6,0.000245584,36499.5,858.174,1824.98,0.01,0.95,10,10000,0.938,0.497,75,67,0.0223501,0,0.893333
1359,10000,3.55565,3.16228,4.21697,0.0525464,0.0398107,0.0630957,0.752225,0.7,0.8,0.640063,0.6,0.7,0.000245584,19466.4,-nan,973.321,0.01,0.95,10,10000,0.938,0.497,40,43,0.0278986,0,1.075
1360,10000,3.51955,3.16228,4.21697,0.0517682,0.0398107,0.0630957,0.751383,0.7,0.8,0.750076,0.7,0.8,0.000245584,24333,724.822,1216.65,0.01,0.95,10,10000,0.938,0.497,50,43,0.0278986,0,0.86
1361,10000,3.69121,3.16228,4.21697,0.0517757,0.0398107,0.0630957,0.750463,0.7,0.8,0.838187,0.8,0.9,0.000245584,19953.1,613.436,997.654,0.01,0.95,10,10000,0.938,0.497,41,38,0.0296773,0,0.926829
1362,10000,3.62725,3.16228,4.21697,0.0505929,0.0398107,0.0630957,0.755377,0.7,0.8,0.944191,0.9,1,0.000245584,9733.21,398.16,486.661,0.01,0.95,10,10000,0.938,0.497,20,20,0.0409074,0,1
1363,10000,3.51569,3.16228,4.21697,0.051091,0.0398107,0.0630957,0.739629,0.7,0.8,1.22234,1,1.5,0.00122792,3990.62,128.882,199.531,0.01,0.95,10,10000,0.938,0.497,41,36,0.0304906,0,0.878049
1364,10000,3.76393,3.16228,4.21697,0.0531367,0.0398107,0.0630957,0.826123,0.8,0.9,0.055014,0,0.1,0.000245584,973.321,125.909,48.6661,0.01,0.95,10,10000,0.938,0.497,2,2,0.129361,0,1
1365,10000,3.64393,3.16228,4.21697,0.0520845,0.0398107,0.0630957,0.844466,0.8,0.9,0.150612,0.1,0.2,0.000245584,8273.23,389.353,413.662,0.01,0.95,10,10000,0.938,0.497,17,16,0.0457358,0,0.941176
1366,10000,3.577,3.16228,4.21697,0.0516972,0.0398107,0.0630957,0.840146,0.8,0.9,0.250824,0.2,0.3,0.000245584,15086.5,528.788,754.324,0.01,0.95,10,10000,0.938,0.497,31,29,0.0339717,0,0.935484
1367,10000,3.67289,3.16228,4.21697,0.0526314,0.0398107,0.0630957,0.854409,0.8,0.9,0.359439,0.3,0.4,0.000245584,12166.5,545.203,608.326,0.01,0.95,10,10000,0.938,0.497,25,20,0.0409074,0,0.8
1368,10000,3.61974,3.16228,4.21697,0.0491338,0.0398107,0.0630957,0.840255,0.8,0.9,0.453853,0.4,0.5,0.000245584,19953.1,660.617,997.654,0.01,0.95,10,10000,0.938,0.497,41,35,0.0309231,0,0.853659
1369,10000,3.53374,3.16228,4.21697,0.051861,0.0398107,0.0630957,0.838131,0.8,0.9,0.556309,0.5,0.6,0.000245584,16546.5,534.638,827.323,0.01,0.95,10,10000,0.938,0.497,34,33,0.0318464,0,0.970588
1370,10000,3.61627,3.16228,4.21697,0.0508623,0.0398107,0.0630957,0.845676,0.8,0.9,0.647404,0.6,0.7,0.000245584,15086.5,564.386,754.324,0.01,0.95,10,10000,0.938,0.497,31,27,0.0352075,0,0.870968
1371,10000,3.6475,3.16228,4.21697,0.0494869,0.0398107,0.0630957,0.845302,0.8,0.9,0.742764,0.7,0.8,0.000245584,8273.23,389.353,413.662,0.01,0.95,10,10000,0.938,0.497,17,16,0.0457358,0,0.941176
1372,10000,3.56211,3.16228,4.21697,0.0515106,0.0398107,0.0630957,0.839374,0.8,0.9,0.858641,0.8,0.9,0.000245584,6813.25,446.934,340.662,0.01,0.95,10,10000,0.938,0.497,14,10,0.0578518,0,0.714286
1373,10000,3.57025,3.16228,4.21697,0.047365,0.0398107,0.0630957,0.833635,0.8,0.9,0.940768,0.9,1,0.000245584,5353.27,323.467,267.663,0.01,0.95,10,10000,0.938,0.497,11,10,0.0578518,0,0.909091
1374,10000,3.59307,3.16228,4.21697,0.0487619,0.0398107,0.0630957,0.844434,0.8,0.9,1.17502,1,1.5,0.00122792,1946.64,-nan,97.3321,0.01,0.95,10,10000,0.938,0.497,20,22,0.0390037,0,1.1
1375,10000,3.63484,3.16228,4.21697,0.0521485,0.0398107,0.0630957,0.93755,0.9,1,0.0831375,0,0.1,0.000245584,1946.64,-nan,97.3321,0.01,0.95,10,10000,0.938,0.497,4,5,0.0818148,0,1.25
1376,10000,3.57423,3.16228,4.21697,0.0508149,0.0398107,0.0630957,0.925617,0.9,1,0.147975,0.1,0.2,0.000245584,3893.29,285.536,194.664,0.01,0.95,10,10000,0.938,0.497,8,7,0.0691461,0,0.875
1377,10000,3.72378,3.16228,4.21697,0.0467229,0.0398107,0.0630957,0.940728,0.9,1,0.244139,0.2,0.3,0.000245584,4379.95,267.094,218.997,0.01,0.95,10,10000,0.938,0.497,9,9,0.0609811,0,1
1378,10000,3.67398,3.16228,4.21697,0.0504126,0.0398107,0.0630957,0.934035,0.9,1,0.347114,0.3,0.4,0.000245584,5353.27,295.284,267.663,0.01,0.95,10,10000,0.938,0.497,11,11,0.0551595,0,1
1379,10000,3.53536,3.16228,4.21697,0.0484172,0.0398107,0.0630957,0.930909,0.9,1,0.447068,0.4,0.5,0.000245584,5839.93,308.414,291.996,0.01,0.95,10,10000,0.938,0.497,12,12,0.0528112,0,1
1380,10000,3.58666,3.16228,4.21697,0.0535432,0.0398107,0.0630957,0.935066,0.9,1,0.552365,0.5,0.6,0.000245584,3406.62,235.555,170.331,0.01,0.95,10,10000,0.938,0.497,7,7,0.0691461,0,1
1381,10000,3.60317,3.16228,4.21697,0.0515365,0.0398107,0.0630957,0.919119,0.9,1,0.638149,0.6,0.7,0.000245584,4379.95,298.62,218.997,0.01,0.95,10,10000,0.938,0.497,9,8,0.0646803,0,0.888889
1382,10000,3.53514,3.16228,4.21697,0.053418,0.0398107,0.0630957,0.923879,0.9,1,0.740742,0.7,0.8,0.000245584,2919.96,-nan,145.998,0.01,0.95,10,10000,0.938,0.497,6,7,0.0691461,0,1.16667
1383,10000,3.40049,3.16228,4.21697,0.0463202,0.0398107,0.0630957,0.922175,0.9,1,0.851219,0.8,0.9,0.000245584,2433.3,243.822,121.665,0.01,0.95,10,10000,0.938,0.497,5,4,0.0914717,0,0.8
1384,10000,4.068,3.16228,4.21697,0.0566086,0.0398107,0.0630957,0.905816,0.9,1,0.962007,0.9,1,0.000245584,973.321,218.081,48.6661,0.01,0.95,10,10000,0.938,0.497,2,1,0.182943,0,0.5
1385,10000,3.62472,3.16228,4.21697,0.0481412,0.0398107,0.0630957,0.955062,0.9,1,1.11247,1,1.5,0.00122792,486.661,39.816,24.333,0.01,0.95,10,10000,0.938,0.497,5,5,0.0818148,0,1
1386,10000,3.75019,3.16228,4.21697,0.0763073,0.0630957,0.1,0.0843934,0.05,0.1,0.0689982,0,0.1,0.000194613,83520.8,1602.22,4176.04,0.01,0.95,10,10000,0.938,0.497,136,109,0.0175228,0,0.801471
1387,10000,3.79127,3.16228,4.21697,0.0757892,0.0630957,0.1,0.0833293,0.05,0.1,0.153907,0.1,0.2,0.000194613,250562,2782.22,12528.1,0.01,0.95,10,10000,0.938,0.497,408,326,0.0101323,0,0.79902
1388,10000,3.76969,3.16228,4.21697,0.0753528,0.0630957,0.1,0.0821935,0.05,0.1,0.251253,0.2,0.3,0.000194613,316273,3279.65,15813.7,0.01,0.95,10,10000,0.938,0.497,515,388,0.00928754,0,0.753398
1389,10000,3.76434,3.16228,4.21697,0.0752439,0.0630957,0.1,0.0802506,0.05,0.1,0.348856,0.3,0.4,0.000194613,297236,3035.03,14861.8,0.01,0.95,10,10000,0.938,0.497,484,386,0.00931157,0,0.797521
1390,10000,3.75375,3.16228,4.21697,0.0747009,0.0630957,0.1,0.0807753,0.05,0.1,0.44878,0.4,0.5,0.000194613,294779,3115.11,14739,0.01,0.95,10,10000,0.938,0.497,480,369,0.00952365,0,0.76875
1391,10000,3.77062,3.16228,4.21697,0.0751118,0.0630957,0.1,0.0819053,0.05,0.1,0.546853,0.5,0.6,0.000194613,241350,2701.95,12067.5,0.01,0.95,10,10000,0.938,0.497,393,318,0.010259,0,0.80916
1392,10000,3.78223,3.16228,4.21697,0.0761979,0.0630957,0.1,0.0813292,0.05,0.1,0.647211,0.6,0.7,0.000194613,187922,2759.07,9396.09,0.01,0.95,10,10000,0.938,0.497,306,206,0.0127463,0,0.673203
1393,10000,3.77425,3.16228,4.21697,0.0756899,0.0630957,0.1,0.0813634,0.05,0.1,0.742452,0.7,0.8,0.000194613,103173,1916.3,5158.63,0.01,0.95,10,10000,0.938,0.497,168,123,0.0164955,0,0.732143
1394,10000,3.81068,3.16228,4.21697,0.0761726,0.0630957,0.1,0.0830681,0.05,0.1,0.842098,0.8,0.9,0.000194613,60798.2,1262.68,3039.91,0.01,0.95,10,10000,0.938,0.497,99,87,0.0196136,0,0.878788
1395,10000,3.89227,3.16228,4.21697,0.0739846,0.0630957,0.1,0.0806259,0.05,0.1,0.942429,0.9,1,0.000194613,33776.8,1102.23,1688.84,0.01,0.95,10,10000,0.938,0.497,55,40,0.0289259,0,0.727273
1396,10000,3.8294,3.16228,4.21697,0.0745913,0.0630957,0.1,0.0883329,0.05,0.1,1.13126,1,1.5,0.000973063,7123.83,214.951,356.191,0.01,0.95,10,10000,0.938,0.497,58,45,0.0272716,0,0.775862
1397,10000,3.67498,3.16228,4.21697,0.0789293,0.0630957,0.1,0.127907,0.1,0.15,0.0632285,0,0.1,0.000194613,168884,2026.03,8444.19,0.01,0.95,10,10000,0.938,0.497,275,252,0.0115244,0,0.916364
1398,10000,3.68083,3.16228,4.21697,0.0779823,0.0630957,0.1,0.125053,0.1,0.15,0.152515,0.1,0.2,0.000194613,464277,3490.98,23213.9,0.01,0.95,10,10000,0.938,0.497,756,664,0.00709958,0,0.878307
1399,10000,3.6868,3.16228,4.21697,0.0784981,0.0630957,0.1,0.124832,0.1,0.15,0.249502,0.2,0.3,0.000194613,549640,3684.56,27482,0.01,0.95,10,10000,0.938,0.497,895,813,0.0064161,0,0.90838
1400,10000,3.66439,3.16228,4.21697,0.0778531,0.0630957,0.1,0.126495,0.1,0.15,0.349509,0.3,0.4,0.000194613,514021,3829.41,25701.1,0.01,0.95,10,10000,0.938,0.497,837,701,0.00690968,0,0.837515
1401,10000,3.67684,3.16228,4.21697,0.0781453,0.0630957,0.1,0.126312,0.1,0.15,0.448457,0.4,0.5,0.000194613,448924,3432.97,22446.2,0.01,0.95,10,10000,0.938,0.497,731,642,0.0072202,0,0.878249
1402,10000,3.68418,3.16228,4.21697,0.0780356,0.0630957,0.1,0.12571,0.1,0.15,0.548726,0.5,0.6,0.000194613,370316,3206.56,18515.8,0.01,0.95,10,10000,0.938,0.497,603,513,0.00807715,0,0.850746
1403,10000,3.69066,3.16228,4.21697,0.0782375,0.0630957,0.1,0.125024,0.1,0.15,0.645919,0.6,0.7,0.000194613,251791,2527.44,12589.5,0.01,0.95,10,10000,0.938,0.497,410,367,0.00954957,0,0.895122
1404,10000,3.71253,3.16228,4.21697,0.077669,0.0630957,0.1,0.125676,0.1,0.15,0.747126,0.7,0.8,0.000194613,186079,2415.06,9303.97,0.01,0.95,10,10000,0.938,0.497,303,240,0.0118089,0,0.792079
1405,10000,3.69632,3.16228,4.21697,0.0779607,0.0630957,0.1,0.126333,0.1,0.15,0.849435,0.8,0.9,0.000194613,98873.8,1488.95,4943.69,0.01,0.95,10,10000,0.938,0.497,161,154,0.014742,0,0.956522
1406,10000,3.73807,3.16228,4.21697,0.0762217,0.0630957,0.1,0.126147,0.1,0.15,0.944568,0.9,1,0.000194613,77993.6,1637.99,3899.68,0.01,0.95,10,10000,0.938,0.497,127,95,0.0187696,0,0.748031
1407,10000,3.71757,3.16228,4.21697,0.0772069,0.0630957,0.1,0.129539,0.1,0.15,1.15131,1,1.5,0.000973063,16827,278.838,841.349,0.01,0.95,10,10000,0.938,0.497,137,129,0.0161073,0,0.941606
1408,10000,3.59228,3.16228,4.21697,0.0806222,0.0630957,0.1,0.170904,0.15,0.2,0.0667028,0,0.1,0.000194613,155373,2005.09,7768.66,0.01,0.95,10,10000,0.938,0.497,253,224,0.0122234,0,0.885375
1409,10000,3.63804,3.16228,4.21697,0.0799393,0.0630957,0.1,0.174355,0.15,0.2,0.155701,0.1,0.2,0.000194613,387512,2973.86,19375.6,0.01,0.95,10,10000,0.938,0.497,631,598,0.00748111,0,0.947702
1410,10000,3.62671,3.16228,4.21697,0.0793989,0.0630957,0.1,0.173443,0.15,0.2,0.251271,0.2,0.3,0.000194613,516478,3486.99,25823.9,0.01,0.95,10,10000,0.938,0.497,841,784,0.00653369,0,0.932224
1411,10000,3.63378,3.16228,4.21697,0.0790082,0.0630957,0.1,0.17327,0.15,0.2,0.348231,0.3,0.4,0.000194613,480244,3450.13,24012.2,0.01,0.95,10,10000,0.938,0.497,782,709,0.00687058,0,0.90665
1412,10000,3.6387,3.16228,4.21697,0.0792374,0.0630957,0.1,0.173739,0.15,0.2,0.449675,0.4,0.5,0.000194613,416990,3128.47,20849.5,0.01,0.95,10,10000,0.938,0.497,679,634,0.00726561,0,0.933726
1413,10000,3.65264,3.16228,4.21697,0.0778817,0.0630957,0.1,0.174833,0.15,0.2,0.546307,0.5,0.6,0.000194613,334083,3120.15,16704.2,0.01,0.95,10,10000,0.938,0.497,544,450,0.00862403,0,0.827206
1414,10000,3.64759,3.16228,4.21697,0.078339,0.0630957,0.1,0.174681,0.15,0.2,0.647303,0.6,0.7,0.000194613,239508,2584.13,11975.4,0.01,0.95,10,10000,0.938,0.497,390,331,0.0100555,0,0.848718
1415,10000,3.65648,3.16228,4.21697,0.0782805,0.0630957,0.1,0.17458,0.15,0.2,0.745469,0.7,0.8,0.000194613,171954,2048.65,8597.72,0.01,0.95,10,10000,0.938,0.497,280,256,0.011434,0,0.914286
1416,10000,3.6597,3.16228,4.21697,0.0795649,0.0630957,0.1,0.174619,0.15,0.2,0.843808,0.8,0.9,0.000194613,98259.7,1466.25,4912.99,0.01,0.95,10,10000,0.938,0.497,160,155,0.0146944,0,0.96875
1417,10000,3.6249,3.16228,4.21697,0.0797725,0.0630957,0.1,0.176942,0.15,0.2,0.948344,0.9,1,0.000194613,86591.4,1643.6,4329.57,0.01,0.95,10,10000,0.938,0.497,141,112,0.0172865,0,0.794326
1418,10000,3.68122,3.16228,4.21697,0.0787755,0.0630957,0.1,0.173704,0.15,0.2,1.16028,1,1.5,0.000973063,23459.5,354.235,1172.98,0.01,0.95,10,10000,0.938,0.497,191,166,0.0141992,0,0.86911
1419,10000,3.56735,3.16228,4.21697,0.0792561,0.0630957,0.1,0.222894,0.2,0.25,0.0662125,0,0.1,0.000194613,102559,1677.95,5127.93,0.01,0.95,10,10000,0.938,0.497,167,143,0.0152985,0,0.856287
1420,10000,3.59407,3.16228,4.21697,0.0796359,0.0630957,0.1,0.223858,0.2,0.25,0.151886,0.1,0.2,0.000194613,276970,2555.99,13848.5,0.01,0.95,10,10000,0.938,0.497,451,420,0.00892672,0,0.931264
1421,10000,3.60196,3.16228,4.21697,0.0796607,0.0630957,0.1,0.224218,0.2,0.25,0.250028,0.2,0.3,0.000194613,389354,2984.9,19467.7,0.01,0.95,10,10000,0.938,0.497,634,600,0.00746863,0,0.946372
1422,10000,3.59272,3.16228,4.21697,0.0800291,0.0630957,0.1,0.223585,0.2,0.25,0.349168,0.3,0.4,0.000194613,394881,3094.26,19744.1,0.01,0.95,10,10000,0.938,0.497,643,590,0.00753166,0,0.917574
1423,10000,3.60625,3.16228,4.21697,0.0797609,0.0630957,0.1,0.224083,0.2,0.25,0.449788,0.4,0.5,0.000194613,334083,2698.66,16704.2,0.01,0.95,10,10000,0.938,0.497,544,528,0.00796159,0,0.970588
1424,10000,3.61429,3.16228,4.21697,0.0797928,0.0630957,0.1,0.224137,0.2,0.25,0.551211,0.5,0.6,0.000194613,269600,2591.09,13480,0.01,0.95,10,10000,0.938,0.497,439,397,0.00918167,0,0.904328
1425,10000,3.64655,3.16228,4.21697,0.0791923,0.0630957,0.1,0.223493,0.2,0.25,0.647277,0.6,0.7,0.000194613,206345,2121.64,10317.3,0.01,0.95,10,10000,0.938,0.497,336,326,0.0101323,0,0.970238
1426,10000,3.6237,3.16228,4.21697,0.0799098,0.0630957,0.1,0.224122,0.2,0.25,0.745289,0.7,0.8,0.000194613,151688,1970.54,7584.42,0.01,0.95,10,10000,0.938,0.497,247,220,0.012334,0,0.890688
1427,10000,3.64971,3.16228,4.21697,0.0790066,0.0630957,0.1,0.223823,0.2,0.25,0.84674,0.8,0.9,0.000194613,101330,1640.17,5066.52,0.01,0.95,10,10000,0.938,0.497,165,144,0.0152453,0,0.872727
1428,10000,3.60995,3.16228,4.21697,0.0789048,0.0630957,0.1,0.221885,0.2,0.25,0.946496,0.9,1,0.000194613,73080.7,1344.64,3654.03,0.01,0.95,10,10000,0.938,0.497,119,108,0.0176037,0,0.907563
1429,10000,3.70751,3.16228,4.21697,0.0797795,0.0630957,0.1,0.223559,0.2,0.25,1.17865,1,1.5,0.000973063,26161.6,363.755,1308.08,0.01,0.95,10,10000,0.938,0.497,213,191,0.0132373,0,0.896714
1430,10000,3.63005,3.16228,4.21697,0.0811567,0.0630957,0.1,0.273477,0.25,0.3,0.067567,0,0.1,0.000194613,68781.8,1210.42,3439.09,0.01,0.95,10,10000,0.938,0.497,112,110,0.017443,0,0.982143
1431,10000,3.60825,3.16228,4.21697,0.0797897,0.0630957,0.1,0.273744,0.25,0.3,0.153309,0.1,0.2,0.000194613,188536,2121.97,9426.79,0.01,0.95,10,10000,0.938,0.497,307,284,0.0108557,0,0.925081
1432,10000,3.61203,3.16228,4.21697,0.0798881,0.0630957,0.1,0.273938,0.25,0.3,0.248263,0.2,0.3,0.000194613,266529,2585.16,13326.5,0.01,0.95,10,10000,0.938,0.497,434,391,0.00925185,0,0.900922
1433,10000,3.60486,3.16228,4.21697,0.0805645,0.0630957,0.1,0.273173,0.25,0.3,0.348329,0.3,0.4,0.000194613,297850,2573.15,14892.5,0.01,0.95,10,10000,0.938,0.497,485,466,0.00847469,0,0.960825
1434,10000,3.6158,3.16228,4.21697,0.0810399,0.0630957,0.1,0.275324,0.25,0.3,0.448659,0.4,0.5,0.000194613,254861,2431.03,12743.1,0.01,0.95,10,10000,0.938,0.497,415,390,0.0092637,0,0.939759
1435,10000,3.59742,3.16228,4.21697,0.0795804,0.0630957,0.1,0.274921,0.25,0.3,0.54555,0.5,0.6,0.000194613,235209,2359.6,11760.5,0.01,0.95,10,10000,0.938,0.497,383,356,0.00969598,0,0.929504
1436,10000,3.59878,3.16228,4.21697,0.0795079,0.0630957,0.1,0.275,0.25,0.3,0.647726,0.6,0.7,0.000194613,172569,2096.37,8628.43,0.01,0.95,10,10000,0.938,0.497,281,251,0.0115473,0,0.893238
1437,10000,3.5828,3.16228,4.21697,0.0792545,0.0630957,0.1,0.274534,0.25,0.3,0.747202,0.7,0.8,0.000194613,132651,1737.54,6632.53,0.01,0.95,10,10000,0.938,0.497,216,205,0.0127773,0,0.949074
1438,10000,3.62955,3.16228,4.21697,0.0797228,0.0630957,0.1,0.271831,0.25,0.3,0.844557,0.8,0.9,0.000194613,102559,1751.84,5127.93,0.01,0.95,10,10000,0.938,0.497,167,136,0.0156873,0,0.814371
1439,10000,3.58075,3.16228,4.21697,0.07921,0.0630957,0.1,0.273448,0.25,0.3,0.9483,0.9,1,0.000194613,66939.4,1322.3,3346.97,0.01,0.95,10,10000,0.938,0.497,109,96,0.0186716,0,0.880734
1440,10000,3.63967,3.16228,4.21697,0.0796755,0.0630957,0.1,0.275753,0.25,0.3,1.16372,1,1.5,0.000973063,22599.7,325.368,1129.99,0.01,0.95,10,10000,0.938,0.497,184,172,0.0139493,0,0.934783
1441,10000,3.57458,3.16228,4.21697,0.0798119,0.0630957,0.1,0.344156,0.3,0.4,0.0667925,0,0.1,0.000389225,49436.9,797.469,2471.85,0.01,0.95,10,10000,0.938,0.497,161,143,0.0152985,0,0.888199
1442,10000,3.60246,3.16228,4.21697,0.0800321,0.0630957,0.1,0.343038,0.3,0.4,0.155659,0.1,0.2,0.000389225,124360,1184.84,6218,0.01,0.95,10,10000,0.938,0.497,405,386,0.00931157,0,0.953086
1443,10000,3.59744,3.16228,4.21697,0.0802361,0.0630957,0.1,0.345647,0.3,0.4,0.253055,0.2,0.3,0.000389225,182088,1424.48,9104.38,0.01,0.95,10,10000,0.938,0.497,593,569,0.00766939,0,0.959528
1444,10000,3.60168,3.16228,4.21697,0.0804314,0.0630957,0.1,0.345424,0.3,0.4,0.350136,0.3,0.4,0.000389225,185465,1401.3,9273.26,0.01,0.95,10,10000,0.938,0.497,604,595,0.00749995,0,0.985099
1445,10000,3.61263,3.16228,4.21697,0.0801619,0.0630957,0.1,0.347565,0.3,0.4,0.449847,0.4,0.5,0.000389225,178403,1440.7,8920.14,0.01,0.95,10,10000,0.938,0.497,581,545,0.00783643,0,0.938038
1446,10000,3.6083,3.16228,4.21697,0.0801634,0.0630957,0.1,0.346111,0.3,0.4,0.548092,0.5,0.6,0.000389225,154759,1379.23,7737.95,0.01,0.95,10,10000,0.938,0.497,504,459,0.00853907,0,0.910714
1447,10000,3.62489,3.16228,4.21697,0.0805707,0.0630957,0.1,0.346699,0.3,0.4,0.648888,0.6,0.7,0.000389225,118526,1115.16,5926.29,0.01,0.95,10,10000,0.938,0.497,386,382,0.0093602,0,0.989637
1448,10000,3.60835,3.16228,4.21697,0.0798745,0.0630957,0.1,0.344608,0.3,0.4,0.745773,0.7,0.8,0.000389225,83827.8,934.986,4191.39,0.01,0.95,10,10000,0.938,0.497,273,271,0.011113,0,0.992674
1449,10000,3.62415,3.16228,4.21697,0.0790867,0.0630957,0.1,0.340868,0.3,0.4,0.843282,0.8,0.9,0.000389225,59570,914.419,2978.5,0.01,0.95,10,10000,0.938,0.497,194,164,0.0142855,0,0.845361
1450,10000,3.64749,3.16228,4.21697,0.0801065,0.0630957,0.1,0.347496,0.3,0.4,0.946526,0.9,1,0.000389225,44831,-nan,2241.55,0.01,0.95,10,10000,0.938,0.497,146,147,0.0150889,0,1.00685
1451,10000,3.59742,3.16228,4.21697,0.0796991,0.0630957,0.1,0.345851,0.3,0.4,1.18378,1,1.5,0.00194613,21248.7,241.008,1062.43,0.01,0.95,10,10000,0.938,0.497,346,297,0.0106155,0,0.858382
1452,10000,3.57201,3.16228,4.21697,0.0807897,0.0630957,0.1,0.445329,0.4,0.5,0.065228,0,0.1,0.000389225,27942.6,547.784,1397.13,0.01,0.95,10,10000,0.938,0.497,91,89,0.019392,0,0.978022
1453,10000,3.62533,3.16228,4.21697,0.079626,0.0630957,0.1,0.446556,0.4,0.5,0.151502,0.1,0.2,0.000389225,69088.9,888.828,3454.44,0.01,0.95,10,10000,0.938,0.497,225,213,0.0125351,0,0.946667
1454,10000,3.60837,3.16228,4.21697,0.0805468,0.0630957,0.1,0.446078,0.4,0.5,0.253272,0.2,0.3,0.000389225,102866,1062.5,5143.28,0.01,0.95,10,10000,0.938,0.497,335,324,0.0101635,0,0.967164
1455,10000,3.59824,3.16228,4.21697,0.0807704,0.0630957,0.1,0.444785,0.4,0.5,0.348128,0.3,0.4,0.000389225,125588,1222.69,6279.41,0.01,0.95,10,10000,0.938,0.497,409,379,0.00939717,0,0.92665
1456,10000,3.57951,3.16228,4.21697,0.0798693,0.0630957,0.1,0.446221,0.4,0.5,0.447848,0.4,0.5,0.000389225,108086,1093.6,5404.28,0.01,0.95,10,10000,0.938,0.497,352,339,0.00993612,0,0.963068
1457,10000,3.61632,3.16228,4.21697,0.0804116,0.0630957,0.1,0.445271,0.4,0.5,0.547847,0.5,0.6,0.000389225,89354.9,1019.5,4467.75,0.01,0.95,10,10000,0.938,0.497,291,273,0.0110722,0,0.938144
1458,10000,3.61855,3.16228,4.21697,0.0784721,0.0630957,0.1,0.445784,0.4,0.5,0.649646,0.6,0.7,0.000389225,75230.1,990.316,3761.5,0.01,0.95,10,10000,0.938,0.497,245,216,0.0124477,0,0.881633
1459,10000,3.63779,3.16228,4.21697,0.079724,0.0630957,0.1,0.446555,0.4,0.5,0.744066,0.7,0.8,0.000389225,51586.3,741.23,2579.32,0.01,0.95,10,10000,0.938,0.497,168,165,0.0142421,0,0.982143
1460,10000,3.60966,3.16228,4.21697,0.079923,0.0630957,0.1,0.446356,0.4,0.5,0.846194,0.8,0.9,0.000389225,45752.2,723.562,2287.61,0.01,0.95,10,10000,0.938,0.497,149,141,0.0154066,0,0.946309
1461,10000,3.66311,3.16228,4.21697,0.0799177,0.0630957,0.1,0.444409,0.4,0.5,0.947054,0.9,1,0.000389225,34390.9,644.355,1719.54,0.01,0.95,10,10000,0.938,0.497,112,103,0.0180259,0,0.919643
1462,10000,3.61078,3.16228,4.21697,0.0797012,0.0630957,0.1,0.444192,0.4,0.5,1.18939,1,1.5,0.00194613,13387.9,174.475,669.394,0.01,0.95,10,10000,0.938,0.497,218,207,0.0127154,0,0.949541
1463,10000,3.5738,3.16228,4.21697,0.0806468,0.0630957,0.1,0.545097,0.5,0.6,0.0703108,0,0.1,0.000389225,14124.8,397.938,706.242,0.01,0.95,10,10000,0.938,0.497,46,44,0.0275798,0,0.956522
1464,10000,3.59876,3.16228,4.21697,0.0782203,0.0630957,0.1,0.543254,0.5,0.6,0.149878,0.1,0.2,0.000389225,42681.6,711.784,2134.08,0.01,0.95,10,10000,0.938,0.497,139,129,0.0161073,0,0.928058
1465,10000,3.57432,3.16228,4.21697,0.0807776,0.0630957,0.1,0.54776,0.5,0.6,0.249407,0.2,0.3,0.000389225,53428.7,793.991,2671.44,0.01,0.95,10,10000,0.938,0.497,174,162,0.0143734,0,0.931034
1466,10000,3.60099,3.16228,4.21697,0.0790986,0.0630957,0.1,0.549276,0.5,0.6,0.351248,0.3,0.4,0.000389225,68474.7,869.524,3423.74,0.01,0.95,10,10000,0.938,0.497,223,215,0.0124766,0,0.964126
1467,10000,3.62878,3.16228,4.21697,0.0807805,0.0630957,0.1,0.544482,0.5,0.6,0.451117,0.4,0.5,0.000389225,61719.4,828.771,3085.97,0.01,0.95,10,10000,0.938,0.497,201,193,0.0131686,0,0.960199
1468,10000,3.5741,3.16228,4.21697,0.0804338,0.0630957,0.1,0.542665,0.5,0.6,0.552841,0.5,0.6,0.000389225,54042.8,766.725,2702.14,0.01,0.95,10,10000,0.938,0.497,176,171,0.01399,0,0.971591
1469,10000,3.57944,3.16228,4.21697,0.0798075,0.0630957,0.1,0.544974,0.5,0.6,0.646241,0.6,0.7,0.000389225,45752.2,690.32,2287.61,0.01,0.95,10,10000,0.938,0.497,149,148,0.0150379,0,0.993289
1470,10000,3.56791,3.16228,4.21697,0.0806906,0.0630957,0.1,0.545488,0.5,0.6,0.745172,0.7,0.8,0.000389225,32855.6,-nan,1642.78,0.01,0.95,10,10000,0.938,0.497,107,114,0.0171342,0,1.06542
1471,10000,3.63065,3.16228,4.21697,0.0823097,0.0630957,0.1,0.541785,0.5,0.6,0.84717,0.8,0.9,0.000389225,32548.5,647.996,1627.43,0.01,0.95,10,10000,0.938,0.497,106,94,0.0188692,0,0.886792
1472,10000,3.60936,3.16228,4.21697,0.0809462,0.0630957,0.1,0.54719,0.5,0.6,0.948938,0.9,1,0.000389225,19651.9,534.595,982.597,0.01,0.95,10,10000,0.938,0.497,64,53,0.0251292,0,0.828125
1473,10000,3.59091,3.16228,4.21697,0.0810799,0.0630957,0.1,0.543653,0.5,0.6,1.19833,1,1.5,0.00194613,7123.83,124.175,356.191,0.01,0.95,10,10000,0.938,0.497,116,113,0.0172099,0,0.974138
1474,10000,3.61776,3.16228,4.21697,0.0769586,0.0630957,0.1,0.642706,0.6,0.7,0.0727671,0,0.1,0.000389225,7676.54,292.343,383.827,0.01,0.95,10,10000,0.938,0.497,25,24,0.0373432,0,0.96
1475,10000,3.55119,3.16228,4.21697,0.0818444,0.0630957,0.1,0.645415,0.6,0.7,0.155935,0.1,0.2,0.000389225,26100.2,530.24,1305.01,0.01,0.95,10,10000,0.938,0.497,85,83,0.0200806,0,0.976471
1476,10000,3.62715,3.16228,4.21697,0.0820922,0.0630957,0.1,0.647302,0.6,0.7,0.253041,0.2,0.3,0.000389225,29785,600.935,1489.25,0.01,0.95,10,10000,0.938,0.497,97,89,0.019392,0,0.917526
1477,10000,3.59266,3.16228,4.21697,0.0791676,0.0630957,0.1,0.644138,0.6,0.7,0.35038,0.3,0.4,0.000389225,41760.4,655.106,2088.02,0.01,0.95,10,10000,0.938,0.497,136,136,0.0156873,0,1
1478,10000,3.63605,3.16228,4.21697,0.0814518,0.0630957,0.1,0.648158,0.6,0.7,0.449853,0.4,0.5,0.000389225,47287.5,748.818,2364.37,0.01,0.95,10,10000,0.938,0.497,154,143,0.0152985,0,0.928571
1479,10000,3.61759,3.16228,4.21697,0.0802557,0.0630957,0.1,0.646714,0.6,0.7,0.547827,0.5,0.6,0.000389225,38075.6,689.308,1903.78,0.01,0.95,10,10000,0.938,0.497,124,112,0.0172865,0,0.903226
1480,10000,3.61531,3.16228,4.21697,0.0810643,0.0630957,0.1,0.654822,0.6,0.7,0.650845,0.6,0.7,0.000389225,27942.6,541.796,1397.13,0.01,0.95,10,10000,0.938,0.497,91,90,0.0192839,0,0.989011
1481,10000,3.54459,3.16228,4.21697,0.0793845,0.0630957,0.1,0.649566,0.6,0.7,0.741857,0.7,0.8,0.000389225,27021.4,604.473,1351.07,0.01,0.95,10,10000,0.938,0.497,88,76,0.020985,0,0.863636
1482,10000,3.545,3.16228,4.21697,0.0810269,0.0630957,0.1,0.644942,0.6,0.7,0.846555,0.8,0.9,0.000389225,15353.1,-nan,767.654,0.01,0.95,10,10000,0.938,0.497,50,57,0.0242314,0,1.14
1483,10000,3.64769,3.16228,4.21697,0.0798525,0.0630957,0.1,0.652022,0.6,0.7,0.956398,0.9,1,0.000389225,12589.5,-nan,629.476,0.01,0.95,10,10000,0.938,0.497,41,47,0.026685,0,1.14634
1484,10000,3.64054,3.16228,4.21697,0.0809402,0.0630957,0.1,0.649409,0.6,0.7,1.18984,1,1.5,0.00194613,5342.87,116.257,267.144,0.01,0.95,10,10000,0.938,0.497,87,78,0.0207143,0,0.896552
1485,10000,3.46784,3.16228,4.21697,0.0793866,0.0630957,0.1,0.749958,0.7,0.8,0.055116,0,0.1,0.000389225,5834.17,287.125,291.709,0.01,0.95,10,10000,0.938,0.497,19,16,0.0457358,0,0.842105
1486,10000,3.65237,3.16228,4.21697,0.0818757,0.0630957,0.1,0.748548,0.7,0.8,0.159362,0.1,0.2,0.000389225,13817.8,-nan,690.889,0.01,0.95,10,10000,0.938,0.497,45,47,0.026685,0,1.04444
1487,10000,3.58959,3.16228,4.21697,0.0843465,0.0630957,0.1,0.74171,0.7,0.8,0.252518,0.2,0.3,0.000389225,19651.9,493.705,982.597,0.01,0.95,10,10000,0.938,0.497,64,58,0.0240216,0,0.90625
1488,10000,3.60073,3.16228,4.21697,0.0803549,0.0630957,0.1,0.739815,0.7,0.8,0.345578,0.3,0.4,0.000389225,22108.4,-nan,1105.42,0.01,0.95,10,10000,0.938,0.497,72,74,0.0212667,0,1.02778
1489,10000,3.6071,3.16228,4.21697,0.0801121,0.0630957,0.1,0.741287,0.7,0.8,0.453223,0.4,0.5,0.000389225,23950.8,542.837,1197.54,0.01,0.95,10,10000,0.938,0.497,78,71,0.0217114,0,0.910256
1490,10000,3.62618,3.16228,4.21697,0.0793803,0.0630957,0.1,0.747671,0.7,0.8,0.548039,0.5,0.6,0.000389225,22108.4,476.66,1105.42,0.01,0.95,10,10000,0.938,0.497,72,72,0.0215601,0,1
1491,10000,3.58921,3.16228,4.21697,0.0809593,0.0630957,0.1,0.750777,0.7,0.8,0.652059,0.6,0.7,0.000389225,18423.7,-nan,921.185,0.01,0.95,10,10000,0.938,0.497,60,61,0.0234235,0,1.01667
1492,10000,3.58885,3.16228,4.21697,0.077945,0.0630957,0.1,0.742573,0.7,0.8,0.746324,0.7,0.8,0.000389225,16581.3,488.431,829.066,0.01,0.95,10,10000,0.938,0.497,54,45,0.0272716,0,0.833333
1493,10000,3.54285,3.16228,4.21697,0.0800349,0.0630957,0.1,0.7519,0.7,0.8,0.844668,0.8,0.9,0.000389225,12282.5,355.281,614.123,0.01,0.95,10,10000,0.938,0.497,40,40,0.0289259,0,1
1494,10000,3.57343,3.16228,4.21697,0.0807963,0.0630957,0.1,0.75294,0.7,0.8,0.955696,0.9,1,0.000389225,5220.05,231.615,261.002,0.01,0.95,10,10000,0.938,0.497,17,17,0.0443703,0,1
1495,10000,3.58268,3.16228,4.21697,0.0796294,0.0630957,0.1,0.743943,0.7,0.8,1.18447,1,1.5,0.00194613,3193.44,84.1949,159.672,0.01,0.95,10,10000,0.938,0.497,52,50,0.0258721,0,0.961538
1496,10000,3.57726,3.16228,4.21697,0.0836481,0.0630957,0.1,0.845138,0.8,0.9,0.068521,0,0.1,0.000389225,3070.62,196.389,153.531,0.01,0.95,10,10000,0.938,0.497,10,9,0.0609811,0,0.9
1497,10000,3.51958,3.16228,4.21697,0.0812051,0.0630957,0.1,0.836253,0.8,0.9,0.152694,0.1,0.2,0.000389225,6141.23,-nan,307.062,0.01,0.95,10,10000,0.938,0.497,20,23,0.0381463,0,1.15
1498,10000,3.44204,3.16228,4.21697,0.0790557,0.0630957,0.1,0.843157,0.8,0.9,0.258014,0.2,0.3,0.000389225,9518.91,344.654,475.945,0.01,0.95,10,10000,0.938,0.497,31,28,0.0345731,0,0.903226
1499,10000,3.62505,3.16228,4.21697,0.0810546,0.0630957,0.1,0.846481,0.8,0.9,0.349865,0.3,0.4,0.000389225,12896.6,-nan,644.829,0.01,0.95,10,10000,0.938,0.497,42,48,0.0264056,0,1.14286
1500,10000,3.58729,3.16228,4.21697,0.0809083,0.0630957,0.1,0.841919,0.8,0.9,0.438245,0.4,0.5,0.000389225,11975.4,388.843,598.77,0.01,0.95,10,10000,0.938,0.497,39,35,0.0309231,0,0.897436
1501,10000,3.62044,3.16228,4.21697,0.080388,0.0630957,0.1,0.848834,0.8,0.9,0.549681,0.5,0.6,0.000389225,11361.3,402.436,568.064,0.01,0.95,10,10000,0.938,0.497,37,31,0.0328576,0,0.837838
1502,10000,3.6326,3.16228,4.21697,0.0797546,0.0630957,0.1,0.84388,0.8,0.9,0.646966,0.6,0.7,0.000389225,9211.85,376.833,460.592,0.01,0.95,10,10000,0.938,0.497,30,24,0.0373432,0,0.8
1503,10000,3.52085,3.16228,4.21697,0.0805784,0.0630957,0.1,0.846072,0.8,0.9,0.736621,0.7,0.8,0.000389225,5834.17,-nan,291.709,0.01,0.95,10,10000,0.938,0.497,19,21,0.0399215,0,1.10526
1504,10000,3.65137,3.16228,4.21697,0.0881203,0.0630957,0.1,0.841932,0.8,0.9,0.839981,0.8,0.9,0.000389225,3991.8,218.77,199.59,0.01,0.95,10,10000,0.938,0.497,13,12,0.0528112,0,0.923077
1505,10000,3.48592,3.16228,4.21697,0.0833524,0.0630957,0.1,0.853093,0.8,0.9,0.937205,0.9,1,0.000389225,2763.55,-nan,138.178,0.01,0.95,10,10000,0.938,0.497,9,13,0.0507394,0,1.44444
1506,10000,3.56011,3.16228,4.21697,0.0780845,0.0630957,0.1,0.834114,0.8,0.9,1.18678,1,1.5,0.00194613,859.772,-nan,42.9886,0.01,0.95,10,10000,0.938,0.497,14,17,0.0443703,0,1.21429
1507,10000,3.44418,3.16228,4.21697,0.076906,0.0630957,0.1,0.945189,0.9,1,0.0613342,0,0.1,0.000389225,1228.25,-nan,61.4123,0.01,0.95,10,10000,0.938,0.497,4,5,0.0818148,0,1.25
1508,10000,3.39014,3.16228,4.21697,0.0786219,0.0630957,0.1,0.922013,0.9,1,0.146294,0.1,0.2,0.000389225,3684.74,251.222,184.237,0.01,0.95,10,10000,0.938,0.497,12,9,0.0609811,0,0.75
1509,10000,3.55807,3.16228,4.21697,0.0811317,0.0630957,0.1,0.922399,0.9,1,0.254458,0.2,0.3,0.000389225,3070.62,-nan,153.531,0.01,0.95,10,10000,0.938,0.497,10,11,0.0551595,0,1.1
1510,10000,3.55261,3.16228,4.21697,0.0785982,0.0630957,0.1,0.937339,0.9,1,0.351186,0.3,0.4,0.000389225,5220.05,358.816,261.002,0.01,0.95,10,10000,0.938,0.497,17,10,0.0578518,0,0.588235
1511,10000,3.69082,3.16228,4.21697,0.0804078,0.0630957,0.1,0.928132,0.9,1,0.451762,0.4,0.5,0.000389225,3684.74,251.222,184.237,0.01,0.95,10,10000,0.938,0.497,12,9,0.0609811,0,0.75
1512,10000,3.50094,3.16228,4.21697,0.0799811,0.0630957,0.1,0.93284,0.9,1,0.528984,0.5,0.6,0.000389225,2456.49,-nan,122.825,0.01,0.95,10,10000,0.938,0.497,8,16,0.0457358,0,2
1513,10000,3.61598,3.16228,4.21697,0.0709808,0.0630957,0.1,0.922006,0.9,1,0.639291,0.6,0.7,0.000389225,3070.62,242.083,153.531,0.01,0.95,10,10000,0.938,0.497,10,7,0.0691461,0,0.7
1514,10000,3.54507,3.16228,4.21697,0.0842286,0.0630957,0.1,0.950602,0.9,1,0.739785,0.7,0.8,0.000389225,1535.31,-nan,76.7654,0.01,0.95,10,10000,0.938,0.497,5,8,0.0646803,0,1.6
1515,10000,4.0265,3.16228,4.21697,0.0698873,0.0630957,0.1,0.929683,0.9,1,0.865747,0.8,0.9,0.000389225,921.185,97.2978,46.0592,0.01,0.95,10,10000,0.938,0.497,3,3,0.105622,0,1
1516,10000,3.50024,3.16228,4.21697,0.0831956,0.0630957,0.1,0.945997,0.9,1,1.12838,1,1.5,0.00194613,61.4123,-nan,3.07062,0.01,0.95,10,10000,0.938,0.497,1,3,0.105622,0,3
1517,10000,3.98897,3.16228,4.21697,0.112342,0.1,0.251189,0.0894975,0.05,0.1,0.0729594,0,0.1,0.000797286,5246.63,239.647,262.331,0.01,0.95,10,10000,0.938,0.497,35,22,0.0390037,0,0.628571
1518,10000,3.94128,3.16228,4.21697,0.112731,0.1,0.251189,0.08914,0.05,0.1,0.151229,0.1,0.2,0.000797286,10493.3,369.238,524.663,0.01,0.95,10,10000,0.938,0.497,70,39,0.0292944,0,0.557143
1519,10000,3.91904,3.16228,4.21697,0.113747,0.1,0.251189,0.0885058,0.05,0.1,0.250777,0.2,0.3,0.000797286,11692.5,323.655,584.624,0.01,0.95,10,10000,0.938,0.497,78,56,0.0244468,0,0.717949
1520,10000,4.00937,3.16228,4.21697,0.116831,0.1,0.251189,0.0892662,0.05,0.1,0.346607,0.3,0.4,0.000797286,13041.6,408.55,652.081,0.01,0.95,10,10000,0.938,0.497,87,49,0.0261348,0,0.563218
1521,10000,3.98394,3.16228,4.21697,0.112248,0.1,0.251189,0.0864234,0.05,0.1,0.449532,0.4,0.5,0.000797286,9294.03,324.85,464.701,0.01,0.95,10,10000,0.938,0.497,62,38,0.0296773,0,0.612903
1522,10000,3.98141,3.16228,4.21697,0.108045,0.1,0.251189,0.0897213,0.05,0.1,0.537456,0.5,0.6,0.000797286,6295.95,289.437,314.798,0.01,0.95,10,10000,0.938,0.497,42,23,0.0381463,0,0.547619
1523,10000,4.00278,3.16228,4.21697,0.111553,0.1,0.251189,0.0884961,0.05,0.1,0.652861,0.6,0.7,0.000797286,5246.63,275.758,262.331,0.01,0.95,10,10000,0.938,0.497,35,18,0.0431202,0,0.514286
1524,10000,3.99384,3.16228,4.21697,0.115377,0.1,0.251189,0.0869981,0.05,0.1,0.734158,0.7,0.8,0.000797286,3747.59,314.18,187.38,0.01,0.95,10,10000,0.938,0.497,25,8,0.0646803,0,0.32
1525,10000,3.92903,3.16228,4.21697,0.114263,0.1,0.251189,0.0913089,0.05,0.1,0.833064,0.8,0.9,0.000797286,1349.13,-nan,67.4567,0.01,0.95,10,10000,0.938,0.497,9,10,0.0578518,0,1.11111
1526,10000,3.86082,3.16228,4.21697,0.103007,0.1,0.251189,0.092454,0.05,0.1,0.935372,0.9,1,0.000797286,449.711,47.4996,22.4856,0.01,0.95,10,10000,0.938,0.497,3,3,0.105622,0,1
1527,10000,3.79303,3.16228,4.21697,0.117622,0.1,0.251189,0.125231,0.1,0.15,0.0619157,0,0.1,0.000797286,17238.9,326.559,861.946,0.01,0.95,10,10000,0.938,0.497,115,103,0.0180259,0,0.895652
1528,10000,3.87449,3.16228,4.21697,0.120262,0.1,0.251189,0.126298,0.1,0.15,0.153006,0.1,0.2,0.000797286,36126.8,496.987,1806.34,0.01,0.95,10,10000,0.938,0.497,241,204,0.0128086,0,0.846473
1529,10000,3.83098,3.16228,4.21697,0.118054,0.1,0.251189,0.127074,0.1,0.15,0.248656,0.2,0.3,0.000797286,46020.4,560.678,2301.02,0.01,0.95,10,10000,0.938,0.497,307,260,0.0113457,0,0.846906
1530,10000,3.80591,3.16228,4.21697,0.118554,0.1,0.251189,0.128534,0.1,0.15,0.34643,0.3,0.4,0.000797286,37775.7,541.2,1888.79,0.01,0.95,10,10000,0.938,0.497,252,198,0.0130012,0,0.785714
1531,10000,3.83194,3.16228,4.21697,0.118762,0.1,0.251189,0.127344,0.1,0.15,0.449547,0.4,0.5,0.000797286,36576.5,488.777,1828.82,0.01,0.95,10,10000,0.938,0.497,244,212,0.0125646,0,0.868852
1532,10000,3.83736,3.16228,4.21697,0.118659,0.1,0.251189,0.126611,0.1,0.15,0.545604,0.5,0.6,0.000797286,24284.4,400.158,1214.22,0.01,0.95,10,10000,0.938,0.497,162,140,0.0154615,0,0.864198
1533,10000,3.79518,3.16228,4.21697,0.117533,0.1,0.251189,0.127311,0.1,0.15,0.644179,0.6,0.7,0.000797286,20087.1,424.923,1004.35,0.01,0.95,10,10000,0.938,0.497,134,96,0.0186716,0,0.716418
1534,10000,3.85143,3.16228,4.21697,0.12129,0.1,0.251189,0.127727,0.1,0.15,0.744283,0.7,0.8,0.000797286,12142.2,293.898,607.11,0.01,0.95,10,10000,0.938,0.497,81,67,0.0223501,0,0.82716
1535,10000,3.85236,3.16228,4.21697,0.117036,0.1,0.251189,0.129585,0.1,0.15,0.840157,0.8,0.9,0.000797286,9294.03,331.119,464.701,0.01,0.95,10,10000,0.938,0.497,62,37,0.0300757,0,0.596774
1536,10000,3.89956,3.16228,4.21697,0.118217,0.1,0.251189,0.131418,0.1,0.15,0.948931,0.9,1,0.000797286,5996.15,273.044,299.807,0.01,0.95,10,10000,0.938,0.497,40,23,0.0381463,0,0.575
1537,10000,3.88687,3.16228,4.21697,0.116426,0.1,0.251189,0.131046,0.1,0.15,1.09377,1,1.5,0.00398643,1049.33,44.9228,52.4663,0.01,0.95,10,10000,0.938,0.497,35,24,0.0373432,0,0.685714
1538,10000,3.77057,3.16228,4.21697,0.118976,0.1,0.251189,0.173724,0.15,0.2,0.0694406,0,0.1,0.000797286,15590,305.016,779.499,0.01,0.95,10,10000,0.938,0.497,104,95,0.0187696,0,0.913462
1539,10000,3.84115,3.16228,4.21697,0.120559,0.1,0.251189,0.174093,0.15,0.2,0.154415,0.1,0.2,0.000797286,44821.2,567.242,2241.06,0.01,0.95,10,10000,0.938,0.497,299,246,0.011664,0,0.822742
1540,10000,3.81568,3.16228,4.21697,0.118146,0.1,0.251189,0.174192,0.15,0.2,0.250014,0.2,0.3,0.000797286,48718.7,522.575,2435.93,0.01,0.95,10,10000,0.938,0.497,325,307,0.0104411,0,0.944615
1541,10000,3.80245,3.16228,4.21697,0.117744,0.1,0.251189,0.175044,0.15,0.2,0.34837,0.3,0.4,0.000797286,47519.5,536.886,2375.97,0.01,0.95,10,10000,0.938,0.497,317,287,0.0107988,0,0.905363
1542,10000,3.83608,3.16228,4.21697,0.11831,0.1,0.251189,0.174465,0.15,0.2,0.447831,0.4,0.5,0.000797286,37775.7,492.636,1888.79,0.01,0.95,10,10000,0.938,0.497,252,221,0.0123061,0,0.876984
1543,10000,3.81872,3.16228,4.21697,0.1182,0.1,0.251189,0.175545,0.15,0.2,0.550786,0.5,0.6,0.000797286,35227.4,486.341,1761.37,0.01,0.95,10,10000,0.938,0.497,235,201,0.0129038,0,0.855319
1544,10000,3.82053,3.16228,4.21697,0.117691,0.1,0.251189,0.177097,0.15,0.2,0.652456,0.6,0.7,0.000797286,20986.5,374.682,1049.33,0.01,0.95,10,10000,0.938,0.497,140,120,0.0167004,0,0.857143
1545,10000,3.83633,3.16228,4.21697,0.116707,0.1,0.251189,0.174718,0.15,0.2,0.746261,0.7,0.8,0.000797286,12591.9,286.727,629.595,0.01,0.95,10,10000,0.938,0.497,84,73,0.0214119,0,0.869048
1546,10000,3.84832,3.16228,4.21697,0.117932,0.1,0.251189,0.175666,0.15,0.2,0.843997,0.8,0.9,0.000797286,10343.4,259.732,517.168,0.01,0.95,10,10000,0.938,0.497,69,60,0.0236179,0,0.869565
1547,10000,3.81653,3.16228,4.21697,0.120372,0.1,0.251189,0.176212,0.15,0.2,0.950987,0.9,1,0.000797286,6745.67,230.612,337.283,0.01,0.95,10,10000,0.938,0.497,45,35,0.0309231,0,0.777778
1548,10000,3.81675,3.16228,4.21697,0.117903,0.1,0.251189,0.175104,0.15,0.2,1.16543,1,1.5,0.00398643,1559,-nan,77.9499,0.01,0.95,10,10000,0.938,0.497,52,55,0.0246681,0,1.05769
1549,10000,3.8255,3.16228,4.21697,0.121353,0.1,0.251189,0.226399,0.2,0.25,0.0641056,0,0.1,0.000797286,10043.5,-nan,502.177,0.01,0.95,10,10000,0.938,0.497,67,73,0.0214119,0,1.08955
1550,10000,3.8218,3.16228,4.21697,0.119506,0.1,0.251189,0.225261,0.2,0.25,0.153877,0.1,0.2,0.000797286,32828.9,461.512,1641.45,0.01,0.95,10,10000,0.938,0.497,219,191,0.0132373,0,0.872146
1551,10000,3.82376,3.16228,4.21697,0.120968,0.1,0.251189,0.22385,0.2,0.25,0.254353,0.2,0.3,0.000797286,46620,548.604,2331,0.01,0.95,10,10000,0.938,0.497,311,272,0.0110926,0,0.874598
1552,10000,3.77698,3.16228,4.21697,0.117203,0.1,0.251189,0.224868,0.2,0.25,0.346826,0.3,0.4,0.000797286,41073.6,481.275,2053.68,0.01,0.95,10,10000,0.938,0.497,274,258,0.0113896,0,0.941606
1553,10000,3.82671,3.16228,4.21697,0.120808,0.1,0.251189,0.223971,0.2,0.25,0.451153,0.4,0.5,0.000797286,39874.4,493.351,1993.72,0.01,0.95,10,10000,0.938,0.497,266,240,0.0118089,0,0.902256
1554,10000,3.8087,3.16228,4.21697,0.119968,0.1,0.251189,0.224015,0.2,0.25,0.546233,0.5,0.6,0.000797286,31479.8,477.2,1573.99,0.01,0.95,10,10000,0.938,0.497,210,172,0.0139493,0,0.819048
1555,10000,3.76438,3.16228,4.21697,0.119042,0.1,0.251189,0.224882,0.2,0.25,0.647362,0.6,0.7,0.000797286,24134.5,417.476,1206.72,0.01,0.95,10,10000,0.938,0.497,161,132,0.0159232,0,0.819876
1556,10000,3.82678,3.16228,4.21697,0.122639,0.1,0.251189,0.225899,0.2,0.25,0.748507,0.7,0.8,0.000797286,13041.6,-nan,652.081,0.01,0.95,10,10000,0.938,0.497,87,88,0.0195018,0,1.01149
1557,10000,3.83067,3.16228,4.21697,0.119612,0.1,0.251189,0.228528,0.2,0.25,0.850085,0.8,0.9,0.000797286,11392.7,284.158,569.634,0.01,0.95,10,10000,0.938,0.497,76,63,0.0230487,0,0.828947
1558,10000,3.83889,3.16228,4.21697,0.121995,0.1,0.251189,0.22567,0.2,0.25,0.954635,0.9,1,0.000797286,7195.38,234.732,359.769,0.01,0.95,10,10000,0.938,0.497,48,38,0.0296773,0,0.791667
1559,10000,3.81467,3.16228,4.21697,0.116786,0.1,0.251189,0.22501,0.2,0.25,1.20515,1,1.5,0.00398643,3207.94,63.4984,160.397,0.01,0.95,10,10000,0.938,0.497,107,95,0.0187696,0,0.88785
1560,10000,3.76042,3.16228,4.21697,0.118195,0.1,0.251189,0.276762,0.25,0.3,0.0650762,0,0.1,0.000797286,10193.5,254.516,509.673,0.01,0.95,10,10000,0.938,0.497,68,60,0.0236179,0,0.882353
1561,10000,3.80975,3.16228,4.21697,0.120637,0.1,0.251189,0.273504,0.25,0.3,0.155801,0.1,0.2,0.000797286,26533,399.467,1326.65,0.01,0.95,10,10000,0.938,0.497,177,161,0.014418,0,0.909605
1562,10000,3.79711,3.16228,4.21697,0.119643,0.1,0.251189,0.27504,0.25,0.3,0.24952,0.2,0.3,0.000797286,35527.2,447.907,1776.36,0.01,0.95,10,10000,0.938,0.497,237,223,0.0122508,0,0.940928
1563,10000,3.7821,3.16228,4.21697,0.120531,0.1,0.251189,0.274812,0.25,0.3,0.350079,0.3,0.4,0.000797286,37775.7,477.065,1888.79,0.01,0.95,10,10000,0.938,0.497,252,229,0.0120892,0,0.90873
1564,10000,3.80612,3.16228,4.21697,0.122679,0.1,0.251189,0.272008,0.25,0.3,0.449605,0.4,0.5,0.000797286,28631.6,432.333,1431.58,0.01,0.95,10,10000,0.938,0.497,191,166,0.0141992,0,0.86911
1565,10000,3.82897,3.16228,4.21697,0.118833,0.1,0.251189,0.274693,0.25,0.3,0.54975,0.5,0.6,0.000797286,26233.1,366.954,1311.66,0.01,0.95,10,10000,0.938,0.497,175,173,0.0139089,0,0.988571
1566,10000,3.78987,3.16228,4.21697,0.118518,0.1,0.251189,0.273651,0.25,0.3,0.644488,0.6,0.7,0.000797286,20536.8,407.228,1026.84,0.01,0.95,10,10000,0.938,0.497,137,105,0.0178534,0,0.766423
1567,10000,3.76686,3.16228,4.21697,0.119468,0.1,0.251189,0.272429,0.25,0.3,0.742057,0.7,0.8,0.000797286,13791.1,265.916,689.557,0.01,0.95,10,10000,0.938,0.497,92,91,0.0191777,0,0.98913
1568,10000,3.77405,3.16228,4.21697,0.11897,0.1,0.251189,0.27485,0.25,0.3,0.839796,0.8,0.9,0.000797286,11242.8,260.803,562.139,0.01,0.95,10,10000,0.938,0.497,75,68,0.0221851,0,0.906667
1569,10000,3.82293,3.16228,4.21697,0.120389,0.1,0.251189,0.276725,0.25,0.3,0.948056,0.9,1,0.000797286,6745.67,241.777,337.283,0.01,0.95,10,10000,0.938,0.497,45,33,0.0318464,0,0.733333
1570,10000,3.81144,3.16228,4.21697,0.121024,0.1,0.251189,0.275915,0.25,0.3,1.18119,1,1.5,0.00398643,2968.09,61.6422,148.405,0.01,0.95,10,10000,0.938,0.497,99,87,0.0196136,0,0.878788
1571,10000,3.80782,3.16228,4.21697,0.119521,0.1,0.251189,0.344044,0.3,0.4,0.067673,0,0.1,0.00159457,5846.24,121.101,292.312,0.01,0.95,10,10000,0.938,0.497,78,78,0.0207143,0,1
1572,10000,3.8148,3.16228,4.21697,0.121263,0.1,0.251189,0.346961,0.3,0.4,0.154855,0.1,0.2,0.00159457,15365.1,203.147,768.256,0.01,0.95,10,10000,0.938,0.497,205,198,0.0130012,0,0.965854
1573,10000,3.80668,3.16228,4.21697,0.119623,0.1,0.251189,0.347302,0.3,0.4,0.252991,0.2,0.3,0.00159457,21811,248.853,1090.55,0.01,0.95,10,10000,0.938,0.497,291,273,0.0110722,0,0.938144
1574,10000,3.79625,3.16228,4.21697,0.120491,0.1,0.251189,0.344714,0.3,0.4,0.348939,0.3,0.4,0.00159457,26607.9,274.116,1330.4,0.01,0.95,10,10000,0.938,0.497,355,334,0.0100102,0,0.940845
1575,10000,3.80935,3.16228,4.21697,0.120466,0.1,0.251189,0.343818,0.3,0.4,0.449438,0.4,0.5,0.00159457,21511.2,244.77,1075.56,0.01,0.95,10,10000,0.938,0.497,287,272,0.0110926,0,0.947735
1576,10000,3.79037,3.16228,4.21697,0.119006,0.1,0.251189,0.346968,0.3,0.4,0.549895,0.5,0.6,0.00159457,19487.5,221.098,974.374,0.01,0.95,10,10000,0.938,0.497,260,260,0.0113457,0,1
1577,10000,3.78509,3.16228,4.21697,0.118748,0.1,0.251189,0.346496,0.3,0.4,0.650854,0.6,0.7,0.00159457,14465.7,225.194,723.285,0.01,0.95,10,10000,0.938,0.497,193,161,0.014418,0,0.834197
1578,10000,3.80843,3.16228,4.21697,0.118734,0.1,0.251189,0.351303,0.3,0.4,0.747523,0.7,0.8,0.00159457,9968.59,173.108,498.43,0.01,0.95,10,10000,0.938,0.497,133,121,0.0166312,0,0.909774
1579,10000,3.79433,3.16228,4.21697,0.118793,0.1,0.251189,0.344386,0.3,0.4,0.850195,0.8,0.9,0.00159457,6445.86,-nan,322.293,0.01,0.95,10,10000,0.938,0.497,86,98,0.0184801,0,1.13953
1580,10000,3.79075,3.16228,4.21697,0.116845,0.1,0.251189,0.353235,0.3,0.4,0.946492,0.9,1,0.00159457,5621.39,153.851,281.069,0.01,0.95,10,10000,0.938,0.497,75,56,0.0244468,0,0.746667
1581,10000,3.83131,3.16228,4.21697,0.118745,0.1,0.251189,0.341863,0.3,0.4,1.18137,1,1.5,0.00797286,1993.72,32.3484,99.6859,0.01,0.95,10,10000,0.938,0.497,133,130,0.0160452,0,0.977444
1582,10000,3.75555,3.16228,4.21697,0.120042,0.1,0.251189,0.441059,0.4,0.5,0.0655416,0,0.1,0.00159457,2923.12,-nan,146.156,0.01,0.95,10,10000,0.938,0.497,39,40,0.0289259,0,1.02564
1583,10000,3.79403,3.16228,4.21697,0.120179,0.1,0.251189,0.444222,0.4,0.5,0.157736,0.1,0.2,0.00159457,10343.4,174.474,517.168,0.01,0.95,10,10000,0.938,0.497,138,127,0.0162336,0,0.92029
1584,10000,3.7704,3.16228,4.21697,0.1187,0.1,0.251189,0.449006,0.4,0.5,0.254337,0.2,0.3,0.00159457,14390.8,197.056,719.538,0.01,0.95,10,10000,0.938,0.497,192,185,0.0134503,0,0.963542
1585,10000,3.80396,3.16228,4.21697,0.120734,0.1,0.251189,0.443678,0.4,0.5,0.351168,0.3,0.4,0.00159457,15664.9,205.97,783.247,0.01,0.95,10,10000,0.938,0.497,209,201,0.0129038,0,0.961722
1586,10000,3.78442,3.16228,4.21697,0.11896,0.1,0.251189,0.445961,0.4,0.5,0.451536,0.4,0.5,0.00159457,13416.4,200.655,670.819,0.01,0.95,10,10000,0.938,0.497,179,163,0.0143292,0,0.910615
1587,10000,3.80533,3.16228,4.21697,0.119323,0.1,0.251189,0.445133,0.4,0.5,0.551521,0.5,0.6,0.00159457,13041.6,189.389,652.081,0.01,0.95,10,10000,0.938,0.497,174,166,0.0141992,0,0.954023
1588,10000,3.78496,3.16228,4.21697,0.1208,0.1,0.251189,0.447835,0.4,0.5,0.64594,0.6,0.7,0.00159457,9593.84,165.152,479.692,0.01,0.95,10,10000,0.938,0.497,128,120,0.0167004,0,0.9375
1589,10000,3.81686,3.16228,4.21697,0.120795,0.1,0.251189,0.445722,0.4,0.5,0.745052,0.7,0.8,0.00159457,6970.52,141.058,348.526,0.01,0.95,10,10000,0.938,0.497,93,87,0.0196136,0,0.935484
1590,10000,3.76299,3.16228,4.21697,0.120631,0.1,0.251189,0.455403,0.4,0.5,0.843565,0.8,0.9,0.00159457,4946.82,116.58,247.341,0.01,0.95,10,10000,0.938,0.497,66,63,0.0230487,0,0.954545
1591,10000,3.81698,3.16228,4.21697,0.120488,0.1,0.251189,0.445008,0.4,0.5,0.946537,0.9,1,0.00159457,4197.3,108.263,209.865,0.01,0.95,10,10000,0.938,0.497,56,53,0.0251292,0,0.946429
1592,10000,3.7974,3.16228,4.21697,0.118942,0.1,0.251189,0.444863,0.4,0.5,1.18873,1,1.5,0.00797286,1499.04,-nan,74.9518,0.01,0.95,10,10000,0.938,0.497,100,106,0.017769,0,1.06
1593,10000,3.7881,3.16228,4.21697,0.116303,0.1,0.251189,0.544062,0.5,0.6,0.0670086,0,0.1,0.00159457,3073.03,104.321,153.651,0.01,0.95,10,10000,0.938,0.497,41,34,0.0313745,0,0.829268
1594,10000,3.75579,3.16228,4.21697,0.118983,0.1,0.251189,0.547255,0.5,0.6,0.151184,0.1,0.2,0.00159457,6820.62,133.711,341.031,0.01,0.95,10,10000,0.938,0.497,91,89,0.019392,0,0.978022
1595,10000,3.74095,3.16228,4.21697,0.118745,0.1,0.251189,0.548212,0.5,0.6,0.244667,0.2,0.3,0.00159457,9219.08,164.983,460.954,0.01,0.95,10,10000,0.938,0.497,123,113,0.0172099,0,0.918699
1596,10000,3.78827,3.16228,4.21697,0.122193,0.1,0.251189,0.546373,0.5,0.6,0.351688,0.3,0.4,0.00159457,8919.27,158.653,445.963,0.01,0.95,10,10000,0.938,0.497,119,112,0.0172865,0,0.941176
1597,10000,3.7595,3.16228,4.21697,0.120701,0.1,0.251189,0.545532,0.5,0.6,0.450798,0.4,0.5,0.00159457,9968.59,170.506,498.43,0.01,0.95,10,10000,0.938,0.497,133,123,0.0164955,0,0.924812
1598,10000,3.7702,3.16228,4.21697,0.118809,0.1,0.251189,0.544074,0.5,0.6,0.549722,0.5,0.6,0.00159457,8019.85,155.775,400.992,0.01,0.95,10,10000,0.938,0.497,107,97,0.0185751,0,0.906542
1599,10000,3.79417,3.16228,4.21697,0.121348,0.1,0.251189,0.543854,0.5,0.6,0.649736,0.6,0.7,0.00159457,6221,139.289,311.05,0.01,0.95,10,10000,0.938,0.497,83,74,0.0212667,0,0.891566
1600,10000,3.73892,3.16228,4.21697,0.119185,0.1,0.251189,0.552364,0.5,0.6,0.747644,0.7,0.8,0.00159457,4946.82,129.773,247.341,0.01,0.95,10,10000,0.938,0.497,66,56,0.0244468,0,0.848485
1601,10000,3.79344,3.16228,4.21697,0.121116,0.1,0.251189,0.549828,0.5,0.6,0.853526,0.8,0.9,0.00159457,3147.98,122.379,157.399,0.01,0.95,10,10000,0.938,0.497,42,29,0.0339717,0,0.690476
1602,10000,3.81016,3.16228,4.21697,0.125227,0.1,0.251189,0.55115,0.5,0.6,0.947487,0.9,1,0.00159457,2248.56,77.65,112.428,0.01,0.95,10,10000,0.938,0.497,30,29,0.0339717,0,0.966667
1603,10000,3.76994,3.16228,4.21697,0.120757,0.1,0.251189,0.5439,0.5,0.6,1.1704,1,1.5,0.00797286,1199.23,-nan,59.9615,0.01,0.95,10,10000,0.938,0.497,80,84,0.0199608,0,1.05
1604,10000,3.7375,3.16228,4.21697,0.120454,0.1,0.251189,0.653016,0.6,0.7,0.0606494,0,0.1,0.00159457,1424.08,-nan,71.2042,0.01,0.95,10,10000,0.938,0.497,19,23,0.0381463,0,1.21053
1605,10000,3.79598,3.16228,4.21697,0.124281,0.1,0.251189,0.650537,0.6,0.7,0.152728,0.1,0.2,0.00159457,3747.59,-nan,187.38,0.01,0.95,10,10000,0.938,0.497,50,55,0.0246681,0,1.1
1606,10000,3.7488,3.16228,4.21697,0.120717,0.1,0.251189,0.652102,0.6,0.7,0.254611,0.2,0.3,0.00159457,5696.34,121.121,284.817,0.01,0.95,10,10000,0.938,0.497,76,75,0.0211245,0,0.986842
1607,10000,3.73227,3.16228,4.21697,0.119513,0.1,0.251189,0.645407,0.6,0.7,0.350275,0.3,0.4,0.00159457,6520.81,-nan,326.04,0.01,0.95,10,10000,0.938,0.497,87,96,0.0186716,0,1.10345
1608,10000,3.81021,3.16228,4.21697,0.121625,0.1,0.251189,0.64015,0.6,0.7,0.450364,0.4,0.5,0.00159457,5096.73,123.53,254.836,0.01,0.95,10,10000,0.938,0.497,68,62,0.0232338,0,0.911765
1609,10000,3.79744,3.16228,4.21697,0.12147,0.1,0.251189,0.648286,0.6,0.7,0.547815,0.5,0.6,0.00159457,4871.87,123.171,243.593,0.01,0.95,10,10000,0.938,0.497,65,58,0.0240216,0,0.892308
1610,10000,3.74757,3.16228,4.21697,0.117291,0.1,0.251189,0.641031,0.6,0.7,0.647022,0.6,0.7,0.00159457,3522.74,98.0934,176.137,0.01,0.95,10,10000,0.938,0.497,47,45,0.0272716,0,0.957447
1611,10000,3.80825,3.16228,4.21697,0.120002,0.1,0.251189,0.646008,0.6,0.7,0.747585,0.7,0.8,0.00159457,3297.88,99.6359,164.894,0.01,0.95,10,10000,0.938,0.497,44,40,0.0289259,0,0.909091
1612,10000,3.76847,3.16228,4.21697,0.116548,0.1,0.251189,0.649896,0.6,0.7,0.839159,0.8,0.9,0.00159457,2773.22,85.692,138.661,0.01,0.95,10,10000,0.938,0.497,37,36,0.0304906,0,0.972973
1613,10000,3.81741,3.16228,4.21697,0.128068,0.1,0.251189,0.645755,0.6,0.7,0.942508,0.9,1,0.00159457,1573.99,-nan,78.6994,0.01,0.95,10,10000,0.938,0.497,21,25,0.0365887,0,1.19048
1614,10000,3.81485,3.16228,4.21697,0.121775,0.1,0.251189,0.651059,0.6,0.7,1.19425,1,1.5,0.00797286,764.509,22.4855,38.2254,0.01,0.95,10,10000,0.938,0.497,51,44,0.0275798,0,0.862745
1615,10000,3.73114,3.16228,4.21697,0.113445,0.1,0.251189,0.747185,0.7,0.8,0.0694322,0,0.1,0.00159457,1573.99,93.8504,78.6994,0.01,0.95,10,10000,0.938,0.497,21,13,0.0507394,0,0.619048
1616,10000,3.69886,3.16228,4.21697,0.120604,0.1,0.251189,0.742733,0.7,0.8,0.155376,0.1,0.2,0.00159457,2623.31,105.529,131.166,0.01,0.95,10,10000,0.938,0.497,35,26,0.0358782,0,0.742857
1617,10000,3.78669,3.16228,4.21697,0.122917,0.1,0.251189,0.742713,0.7,0.8,0.249777,0.2,0.3,0.00159457,4047.4,119.223,202.37,0.01,0.95,10,10000,0.938,0.497,54,45,0.0272716,0,0.833333
1618,10000,3.84762,3.16228,4.21697,0.122397,0.1,0.251189,0.752908,0.7,0.8,0.344794,0.3,0.4,0.00159457,4497.11,109.814,224.856,0.01,0.95,10,10000,0.938,0.497,60,58,0.0240216,0,0.966667
1619,10000,3.8054,3.16228,4.21697,0.121936,0.1,0.251189,0.750432,0.7,0.8,0.444013,0.4,0.5,0.00159457,4122.35,105.458,206.118,0.01,0.95,10,10000,0.938,0.497,55,53,0.0251292,0,0.963636
1620,10000,3.77317,3.16228,4.21697,0.117452,0.1,0.251189,0.755409,0.7,0.8,0.54925,0.5,0.6,0.00159457,3447.78,113.386,172.389,0.01,0.95,10,10000,0.938,0.497,46,37,0.0300757,0,0.804348
1621,10000,3.79024,3.16228,4.21697,0.122402,0.1,0.251189,0.750517,0.7,0.8,0.643143,0.6,0.7,0.00159457,2773.22,83.4065,138.661,0.01,0.95,10,10000,0.938,0.497,37,37,0.0300757,0,1
1622,10000,3.78892,3.16228,4.21697,0.118449,0.1,0.251189,0.738865,0.7,0.8,0.753979,0.7,0.8,0.00159457,3297.88,97.3828,164.894,0.01,0.95,10,10000,0.938,0.497,44,41,0.028571,0,0.931818
1623,10000,3.87511,3.16228,4.21697,0.11885,0.1,0.251189,0.74933,0.7,0.8,0.845692,0.8,0.9,0.00159457,1798.84,79.482,89.9422,0.01,0.95,10,10000,0.938,0.497,24,20,0.0409074,0,0.833333
1624,10000,3.73217,3.16228,4.21697,0.117667,0.1,0.251189,0.745782,0.7,0.8,0.948594,0.9,1,0.00159457,1124.28,-nan,56.2139,0.01,0.95,10,10000,0.938,0.497,15,17,0.0443703,0,1.13333
1625,10000,3.84197,3.16228,4.21697,0.117157,0.1,0.251189,0.735574,0.7,0.8,1.13116,1,1.5,0.00797286,284.817,11.9538,14.2408,0.01,0.95,10,10000,0.938,0.497,19,19,0.0419701,0,1
1626,10000,3.6923,3.16228,4.21697,0.114623,0.1,0.251189,0.876051,0.8,0.9,0.0394918,0,0.1,0.00159457,74.9518,13.7119,3.74759,0.01,0.95,10,10000,0.938,0.497,1,1,0.182943,0,1
1627,10000,3.88533,3.16228,4.21697,0.130442,0.1,0.251189,0.854213,0.8,0.9,0.160423,0.1,0.2,0.00159457,974.374,-nan,48.7187,0.01,0.95,10,10000,0.938,0.497,13,16,0.0457358,0,1.23077
1628,10000,3.70832,3.16228,4.21697,0.121126,0.1,0.251189,0.838137,0.8,0.9,0.24915,0.2,0.3,0.00159457,1499.04,-nan,74.9518,0.01,0.95,10,10000,0.938,0.497,20,23,0.0381463,0,1.15
1629,10000,3.91622,3.16228,4.21697,0.127348,0.1,0.251189,0.853461,0.8,0.9,0.355741,0.3,0.4,0.00159457,1573.99,84.3034,78.6994,0.01,0.95,10,10000,0.938,0.497,21,15,0.0472358,0,0.714286
1630,10000,3.72322,3.16228,4.21697,0.111408,0.1,0.251189,0.832188,0.8,0.9,0.445747,0.4,0.5,0.00159457,1573.99,72.5568,78.6994,0.01,0.95,10,10000,0.938,0.497,21,18,0.0431202,0,0.857143
1631,10000,3.82552,3.16228,4.21697,0.129996,0.1,0.251189,0.844646,0.8,0.9,0.555551,0.5,0.6,0.00159457,1124.28,-nan,56.2139,0.01,0.95,10,10000,0.938,0.497,15,16,0.0457358,0,1.06667
1632,10000,3.77578,3.16228,4.21697,0.124982,0.1,0.251189,0.840739,0.8,0.9,0.653072,0.6,0.7,0.00159457,1349.13,-nan,67.4567,0.01,0.95,10,10000,0.938,0.497,18,22,0.0390037,0,1.22222
1633,10000,3.8529,3.16228,4.21697,0.123263,0.1,0.251189,0.823211,0.8,0.9,0.74051,0.7,0.8,0.00159457,974.374,62.5361,48.7187,0.01,0.95,10,10000,0.938,0.497,13,10,0.0578518,0,0.769231
1634,10000,3.74108,3.16228,4.21697,0.118109,0.1,0.251189,0.839468,0.8,0.9,0.827637,0.8,0.9,0.00159457,824.47,49.818,41.2235,0.01,0.95,10,10000,0.938,0.497,11,10,0.0578518,0,0.909091
1635,10000,3.87809,3.16228,4.21697,0.133453,0.1,0.251189,0.838124,0.8,0.9,0.950691,0.9,1,0.00159457,599.615,-nan,29.9807,0.01,0.95,10,10000,0.938,0.497,8,9,0.0609811,0,1.125
1636,10000,3.80678,3.16228,4.21697,0.114209,0.1,0.251189,0.848906,0.8,0.9,1.14645,1,1.5,0.00797286,74.9518,-nan,3.74759,0.01,0.95,10,10000,0.938,0.497,5,10,0.0578518,0,2
1637,10000,3.49011,3.16228,4.21697,0.111319,0.1,0.251189,0.961879,0.9,1,0.0766049,0,0.1,0.00159457,299.807,27.4239,14.9904,0.01,0.95,10,10000,0.938,0.497,4,4,0.0914717,0,1
1638,10000,3.88751,3.16228,4.21697,0.129282,0.1,0.251189,0.936155,0.9,1,0.145045,0.1,0.2,0.00159457,299.807,47.4996,14.9904,0.01,0.95,10,10000,0.938,0.497,4,2,0.129361,0,0.5
1639,10000,3.75945,3.16228,4.21697,0.121693,0.1,0.251189,0.931166,0.9,1,0.248451,0.2,0.3,0.00159457,299.807,-nan,14.9904,0.01,0.95,10,10000,0.938,0.497,4,9,0.0609811,0,2.25
1640,10000,3.96744,3.16228,4.21697,0.112578,0.1,0.251189,0.912723,0.9,1,0.350131,0.3,0.4,0.00159457,299.807,47.4996,14.9904,0.01,0.95,10,10000,0.938,0.497,4,2,0.129361,0,0.5
1641,10000,3.82205,3.16228,4.21697,0.114493,0.1,0.251189,0.911813,0.9,1,0.452912,0.4,0.5,0.00159457,449.711,33.5873,22.4856,0.01,0.95,10,10000,0.938,0.497,6,6,0.0746863,0,1
1642,10000,3.66259,3.16228,4.21697,0.114269,0.1,0.251189,0.926863,0.9,1,0.547139,0.5,0.6,0.00159457,224.856,-nan,11.2428,0.01,0.95,10,10000,0.938,0.497,3,5,0.0818148,0,1.66667
1643,10000,3.80404,3.16228,4.21697,0.119016,0.1,0.251189,0.920811,0.9,1,0.637516,0.6,0.7,0.00159457,224.856,-nan,11.2428,0.01,0.95,10,10000,0.938,0.497,3,4,0.0914717,0,1.33333
1644,10000,3.81485,3.16228,4.21697,0.118737,0.1,0.251189,0.913894,0.9,1,0.768998,0.7,0.8,0.00159457,149.904,-nan,7.49518,0.01,0.95,10,10000,0.938,0.497,2,3,0.105622,0,1.5
1645,10000,3.7605,3.16228,4.21697,0.121226,0.1,0.251189,0.936418,0.9,1,0.854246,0.8,0.9,0.00159457,149.904,-nan,7.49518,0.01,0.95,10,10000,0.938,0.497,2,4,0.0914717,0,2
1646,10000,4.1092,3.16228,4.21697,0.13128,0.1,0.251189,0.904856,0.9,1,0.918536,0.9,1,0.00159457,74.9518,13.7119,3.74759,0.01,0.95,10,10000,0.938,0.497,1,1,0.182943,0,1
1647,10000,3.60116,3.16228,4.21697,0.115903,0.1,0.251189,0.940151,0.9,1,1.21732,1,1.5,0.00797286,14.9904,-nan,0.749518,0.01,0.95,10,10000,0.938,0.497,1,2,0.129361,0,2
1648,10000,4.28196,4.21697,5.62342,0.00238547,0.00158489,0.00251189,0.0940573,0.05,0.1,0.0780815,0,0.1,6.51889e-06,1.1367e+06,144652,56834.8,0.01,0.95,10,10000,0.938,0.497,62,4,0.0914717,0,0.0645161
1649,10000,4.45037,4.21697,5.62342,0.00232277,0.00158489,0.00251189,0.0871846,0.05,0.1,0.167718,0.1,0.2,6.51889e-06,4.03344e+06,240880,201672,0.01,0.95,10,10000,0.938,0.497,220,18,0.0431202,0,0.0818182
1650,10000,4.43781,4.21697,5.62342,0.0022487,0.00158489,0.00251189,0.0866179,0.05,0.1,0.256904,0.2,0.3,6.51889e-06,4.67512e+06,197311,233756,0.01,0.95,10,10000,0.938,0.497,255,35,0.0309231,0,0.137255
1651,10000,4.42437,4.21697,5.62342,0.00225522,0.00158489,0.00251189,0.0807694,0.05,0.1,0.352701,0.3,0.4,6.51889e-06,4.73012e+06,128637,236506,0.01,0.95,10,10000,0.938,0.497,258,77,0.0208483,0,0.29845
1652,10000,4.44131,4.21697,5.62342,0.00227437,0.00158489,0.00251189,0.0785622,0.05,0.1,0.447255,0.4,0.5,6.51889e-06,4.41845e+06,103070,220922,0.01,0.95,10,10000,0.938,0.497,241,98,0.0184801,0,0.406639
1653,10000,4.41343,4.21697,5.62342,0.0022545,0.00158489,0.00251189,0.0733947,0.05,0.1,0.548635,0.5,0.6,6.51889e-06,3.42842e+06,67977.3,171421,0.01,0.95,10,10000,0.938,0.497,187,117,0.0169131,0,0.625668
1654,10000,4.43522,4.21697,5.62342,0.00227179,0.00158489,0.00251189,0.0735735,0.05,0.1,0.651309,0.6,0.7,6.51889e-06,2.93341e+06,54771.4,146670,0.01,0.95,10,10000,0.938,0.497,160,120,0.0167004,0,0.75
1655,10000,4.44004,4.21697,5.62342,0.00227514,0.00158489,0.00251189,0.0745102,0.05,0.1,0.746706,0.7,0.8,6.51889e-06,2.40173e+06,46570.9,120086,0.01,0.95,10,10000,0.938,0.497,131,106,0.017769,0,0.80916
1656,10000,4.46805,4.21697,5.62342,0.0022767,0.00158489,0.00251189,0.0737799,0.05,0.1,0.845655,0.8,0.9,6.51889e-06,1.48504e+06,35944.8,74251.9,0.01,0.95,10,10000,0.938,0.497,81,67,0.0223501,0,0.82716
1657,10000,4.4117,4.21697,5.62342,0.00225902,0.00158489,0.00251189,0.0727708,0.05,0.1,0.940713,0.9,1,6.51889e-06,880023,27495,44001.1,0.01,0.95,10,10000,0.938,0.497,48,40,0.0289259,0,0.833333
1658,10000,4.439,4.21697,5.62342,0.0022732,0.00158489,0.00251189,0.0753926,0.05,0.1,1.18801,1,1.5,3.25945e-05,465679,8051.83,23283.9,0.01,0.95,10,10000,0.938,0.497,127,119,0.0167704,0,0.937008
1659,10000,4.28213,4.21697,5.62342,0.00241218,0.00158489,0.00251189,0.109044,0.1,0.15,0.0660078,0,0.1,6.51889e-06,788354,115686,39417.7,0.01,0.95,10,10000,0.938,0.497,43,3,0.105622,0,0.0697674
1660,10000,4.3607,4.21697,5.62342,0.00238143,0.00158489,0.00251189,0.120237,0.1,0.15,0.167819,0.1,0.2,6.51889e-06,2.86007e+06,152097,143004,0.01,0.95,10,10000,0.938,0.497,156,22,0.0390037,0,0.141026
1661,10000,4.38023,4.21697,5.62342,0.00230507,0.00158489,0.00251189,0.120495,0.1,0.15,0.264368,0.2,0.3,6.51889e-06,3.20842e+06,106217,160421,0.01,0.95,10,10000,0.938,0.497,175,52,0.0253697,0,0.297143
1662,10000,4.4084,4.21697,5.62342,0.00227086,0.00158489,0.00251189,0.122361,0.1,0.15,0.350317,0.3,0.4,6.51889e-06,3.97844e+06,97277.8,198922,0.01,0.95,10,10000,0.938,0.497,217,89,0.019392,0,0.410138
1663,10000,4.45055,4.21697,5.62342,0.00230397,0.00158489,0.00251189,0.122373,0.1,0.15,0.454045,0.4,0.5,6.51889e-06,3.31842e+06,73547.7,165921,0.01,0.95,10,10000,0.938,0.497,181,99,0.0183865,0,0.546961
1664,10000,4.44245,4.21697,5.62342,0.00228766,0.00158489,0.00251189,0.125871,0.1,0.15,0.551445,0.5,0.6,6.51889e-06,1.99838e+06,50386.3,99919.2,0.01,0.95,10,10000,0.938,0.497,109,71,0.0217114,0,0.651376
1665,10000,4.42563,4.21697,5.62342,0.00229307,0.00158489,0.00251189,0.121956,0.1,0.15,0.652188,0.6,0.7,6.51889e-06,1.66838e+06,38216.5,83418.8,0.01,0.95,10,10000,0.938,0.497,91,75,0.0211245,0,0.824176
1666,10000,4.4322,4.21697,5.62342,0.00227663,0.00158489,0.00251189,0.12426,0.1,0.15,0.746761,0.7,0.8,6.51889e-06,1.44837e+06,40796.2,72418.5,0.01,0.95,10,10000,0.938,0.497,79,55,0.0246681,0,0.696203
1667,10000,4.46493,4.21697,5.62342,0.00233275,0.00158489,0.00251189,0.126569,0.1,0.15,0.84833,0.8,0.9,6.51889e-06,1.15503e+06,29764.2,57751.5,0.01,0.95,10,10000,0.938,0.497,63,56,0.0244468,0,0.888889
1668,10000,4.4304,4.21697,5.62342,0.00227827,0.00158489,0.00251189,0.126312,0.1,0.15,0.952697,0.9,1,6.51889e-06,733352,21750,36667.6,0.01,0.95,10,10000,0.938,0.497,40,39,0.0292944,0,0.975
1669,10000,4.44727,4.21697,5.62342,0.00226253,0.00158489,0.00251189,0.12499,0.1,0.15,1.18343,1,1.5,3.25945e-05,322675,7387.97,16133.7,0.01,0.95,10,10000,0.938,0.497,88,74,0.0212667,0,0.840909
1670,10000,4.49892,4.21697,5.62342,0.002385,0.00158489,0.00251189,0.185579,0.15,0.2,0.0668903,0,0.1,6.51889e-06,660017,96512.7,33000.8,0.01,0.95,10,10000,0.938,0.497,36,3,0.105622,0,0.0833333
1671,10000,4.2342,4.21697,5.62342,0.00240769,0.00158489,0.00251189,0.171969,0.15,0.2,0.165438,0.1,0.2,6.51889e-06,1.65004e+06,171352,82502.1,0.01,0.95,10,10000,0.938,0.497,90,6,0.0746863,0,0.0666667
1672,10000,4.33768,4.21697,5.62342,0.00228971,0.00158489,0.00251189,0.17652,0.15,0.2,0.260462,0.2,0.3,6.51889e-06,1.81505e+06,144699,90752.3,0.01,0.95,10,10000,0.938,0.497,99,10,0.0578518,0,0.10101
1673,10000,4.38159,4.21697,5.62342,0.00230571,0.00158489,0.00251189,0.171185,0.15,0.2,0.355791,0.3,0.4,6.51889e-06,2.6584e+06,90686,132920,0.01,0.95,10,10000,0.938,0.497,145,48,0.0264056,0,0.331034
1674,10000,4.44412,4.21697,5.62342,0.00229207,0.00158489,0.00251189,0.173189,0.15,0.2,0.452421,0.4,0.5,6.51889e-06,2.4384e+06,74068,121920,0.01,0.95,10,10000,0.938,0.497,133,57,0.0242314,0,0.428571
1675,10000,4.40456,4.21697,5.62342,0.0022836,0.00158489,0.00251189,0.173721,0.15,0.2,0.54961,0.5,0.6,6.51889e-06,1.87005e+06,58671.9,93502.4,0.01,0.95,10,10000,0.938,0.497,102,51,0.0256172,0,0.5
1676,10000,4.43638,4.21697,5.62342,0.00231613,0.00158489,0.00251189,0.170493,0.15,0.2,0.648458,0.6,0.7,6.51889e-06,1.26503e+06,38150,63251.6,0.01,0.95,10,10000,0.938,0.497,69,48,0.0264056,0,0.695652
1677,10000,4.44155,4.21697,5.62342,0.00228302,0.00158489,0.00251189,0.172863,0.15,0.2,0.743342,0.7,0.8,6.51889e-06,1.02669e+06,31794.6,51334.7,0.01,0.95,10,10000,0.938,0.497,56,43,0.0278986,0,0.767857
1678,10000,4.45685,4.21697,5.62342,0.00227378,0.00158489,0.00251189,0.173464,0.15,0.2,0.843395,0.8,0.9,6.51889e-06,660017,25227.1,33000.8,0.01,0.95,10,10000,0.938,0.497,36,28,0.0345731,0,0.777778
1679,10000,4.40624,4.21697,5.62342,0.00224287,0.00158489,0.00251189,0.169173,0.15,0.2,0.947702,0.9,1,6.51889e-06,715018,27990.3,35750.9,0.01,0.95,10,10000,0.938,0.497,39,28,0.0345731,0,0.717949
1680,10000,4.44419,4.21697,5.62342,0.00227499,0.00158489,0.00251189,0.17573,0.15,0.2,1.23135,1,1.5,3.25945e-05,227339,5820.44,11367,0.01,0.95,10,10000,0.938,0.497,62,56,0.0244468,0,0.903226
1681,10000,4.6145,4.21697,5.62342,0.00224523,0.00158489,0.00251189,0.247641,0.2,0.25,0.0896048,0,0.1,6.51889e-06,348342,88929.7,17417.1,0.01,0.95,10,10000,0.938,0.497,19,1,0.182943,0,0.0526316
1682,10000,4.47868,4.21697,5.62342,0.00229683,0.00158489,0.00251189,0.225994,0.2,0.25,0.158382,0.1,0.2,6.51889e-06,1.02669e+06,53832.2,51334.7,0.01,0.95,10,10000,0.938,0.497,56,20,0.0409074,0,0.357143
1683,10000,4.38933,4.21697,5.62342,0.00225542,0.00158489,0.00251189,0.227681,0.2,0.25,0.254083,0.2,0.3,6.51889e-06,1.1367e+06,48901.5,56834.8,0.01,0.95,10,10000,0.938,0.497,62,28,0.0345731,0,0.451613
1684,10000,4.43474,4.21697,5.62342,0.0022548,0.00158489,0.00251189,0.226192,0.2,0.25,0.353011,0.3,0.4,6.51889e-06,1.28337e+06,49548.7,64168.3,0.01,0.95,10,10000,0.938,0.497,70,34,0.0313745,0,0.485714
1685,10000,4.42139,4.21697,5.62342,0.00227623,0.00158489,0.00251189,0.225872,0.2,0.25,0.456082,0.4,0.5,6.51889e-06,1.28337e+06,49548.7,64168.3,0.01,0.95,10,10000,0.938,0.497,70,34,0.0313745,0,0.485714
1686,10000,4.44284,4.21697,5.62342,0.00228496,0.00158489,0.00251189,0.225017,0.2,0.25,0.549125,0.5,0.6,6.51889e-06,1.4117e+06,44407.6,70585.1,0.01,0.95,10,10000,0.938,0.497,77,47,0.026685,0,0.61039
1687,10000,4.42616,4.21697,5.62342,0.002263,0.00158489,0.00251189,0.225555,0.2,0.25,0.643837,0.6,0.7,6.51889e-06,971692,38864.5,48584.6,0.01,0.95,10,10000,0.938,0.497,53,30,0.0334007,0,0.566038
1688,10000,4.42542,4.21697,5.62342,0.00223918,0.00158489,0.00251189,0.218862,0.2,0.25,0.744647,0.7,0.8,6.51889e-06,678351,31366.1,33917.5,0.01,0.95,10,10000,0.938,0.497,37,22,0.0390037,0,0.594595
1689,10000,4.49386,4.21697,5.62342,0.00226188,0.00158489,0.00251189,0.22074,0.2,0.25,0.844726,0.8,0.9,6.51889e-06,440011,17862.8,22000.6,0.01,0.95,10,10000,0.938,0.497,24,22,0.0390037,0,0.916667
1690,10000,4.42644,4.21697,5.62342,0.00224614,0.00158489,0.00251189,0.225934,0.2,0.25,0.934321,0.9,1,6.51889e-06,256673,16837.2,12833.7,0.01,0.95,10,10000,0.938,0.497,14,10,0.0578518,0,0.714286
1691,10000,4.43192,4.21697,5.62342,0.00222945,0.00158489,0.00251189,0.222924,0.2,0.25,1.20329,1,1.5,3.25945e-05,216339,5421.6,10816.9,0.01,0.95,10,10000,0.938,0.497,59,56,0.0244468,0,0.949153
1692,10000,4.47253,4.21697,5.62342,0.00229716,0.00158489,0.00251189,0.273754,0.25,0.3,0.0601437,0,0.1,6.51889e-06,146670,10756.9,7333.52,0.01,0.95,10,10000,0.938,0.497,8,7,0.0691461,0,0.875
1693,10000,4.41227,4.21697,5.62342,0.00227445,0.00158489,0.00251189,0.278844,0.25,0.3,0.154468,0.1,0.2,6.51889e-06,568348,28093.6,28417.4,0.01,0.95,10,10000,0.938,0.497,31,19,0.0419701,0,0.612903
1694,10000,4.42313,4.21697,5.62342,0.00224896,0.00158489,0.00251189,0.275836,0.25,0.3,0.249659,0.2,0.3,6.51889e-06,861689,35303,43084.4,0.01,0.95,10,10000,0.938,0.497,47,28,0.0345731,0,0.595745
1695,10000,4.41713,4.21697,5.62342,0.00228509,0.00158489,0.00251189,0.27763,0.25,0.3,0.351782,0.3,0.4,6.51889e-06,990025,35595.4,49501.3,0.01,0.95,10,10000,0.938,0.497,54,35,0.0309231,0,0.648148
1696,10000,4.40138,4.21697,5.62342,0.00223054,0.00158489,0.00251189,0.276853,0.25,0.3,0.445776,0.4,0.5,6.51889e-06,971692,34049.1,48584.6,0.01,0.95,10,10000,0.938,0.497,53,36,0.0304906,0,0.679245
1697,10000,4.47957,4.21697,5.62342,0.00228015,0.00158489,0.00251189,0.276593,0.25,0.3,0.554317,0.5,0.6,6.51889e-06,751686,29824.9,37584.3,0.01,0.95,10,10000,0.938,0.497,41,28,0.0345731,0,0.682927
1698,10000,4.41063,4.21697,5.62342,0.00226309,0.00158489,0.00251189,0.273005,0.25,0.3,0.64677,0.6,0.7,6.51889e-06,880023,28092.8,44001.1,0.01,0.95,10,10000,0.938,0.497,48,39,0.0292944,0,0.8125
1699,10000,4.44358,4.21697,5.62342,0.0022554,0.00158489,0.00251189,0.271727,0.25,0.3,0.74121,0.7,0.8,6.51889e-06,495013,20233.4,24750.6,0.01,0.95,10,10000,0.938,0.497,27,23,0.0381463,0,0.851852
1700,10000,4.44326,4.21697,5.62342,0.00228041,0.00158489,0.00251189,0.270067,0.25,0.3,0.854186,0.8,0.9,6.51889e-06,476679,17102.4,23833.9,0.01,0.95,10,10000,0.938,0.497,26,26,0.0358782,0,1
1701,10000,4.42021,4.21697,5.62342,0.00226903,0.00158489,0.00251189,0.271625,0.25,0.3,0.943959,0.9,1,6.51889e-06,366676,18370.9,18333.8,0.01,0.95,10,10000,0.938,0.497,20,16,0.0457358,0,0.8
1702,10000,4.33673,4.21697,5.62342,0.00219625,0.00158489,0.00251189,0.27917,0.25,0.3,1.18945,1,1.5,3.25945e-05,128337,4582.5,6416.83,0.01,0.95,10,10000,0.938,0.497,35,30,0.0334007,0,0.857143
1703,10000,4.40439,4.21697,5.62342,0.00220673,0.00158489,0.00251189,0.340152,0.3,0.4,0.0717661,0,0.1,1.30378e-05,146670,9268.57,7333.52,0.01,0.95,10,10000,0.938,0.497,16,11,0.0551595,0,0.6875
1704,10000,4.42058,4.21697,5.62342,0.00227754,0.00158489,0.00251189,0.345154,0.3,0.4,0.15182,0.1,0.2,1.30378e-05,330008,12990.2,16500.4,0.01,0.95,10,10000,0.938,0.497,36,27,0.0352075,0,0.75
1705,10000,4.42166,4.21697,5.62342,0.00230739,0.00158489,0.00251189,0.346247,0.3,0.4,0.245044,0.2,0.3,1.30378e-05,513347,17169.7,25667.3,0.01,0.95,10,10000,0.938,0.497,56,39,0.0292944,0,0.696429
1706,10000,4.41716,4.21697,5.62342,0.00229779,0.00158489,0.00251189,0.342302,0.3,0.4,0.352532,0.3,0.4,1.30378e-05,458345,15147.1,22917.3,0.01,0.95,10,10000,0.938,0.497,50,38,0.0296773,0,0.76
1707,10000,4.41422,4.21697,5.62342,0.00229773,0.00158489,0.00251189,0.339468,0.3,0.4,0.444132,0.4,0.5,1.30378e-05,495013,14862.8,24750.6,0.01,0.95,10,10000,0.938,0.497,54,44,0.0275798,0,0.814815
1708,10000,4.39991,4.21697,5.62342,0.00224121,0.00158489,0.00251189,0.333647,0.3,0.4,0.553897,0.5,0.6,1.30378e-05,495013,14039.5,24750.6,0.01,0.95,10,10000,0.938,0.497,54,47,0.026685,0,0.87037
1709,10000,4.38362,4.21697,5.62342,0.0022678,0.00158489,0.00251189,0.351632,0.3,0.4,0.65014,0.6,0.7,1.30378e-05,394177,11520.9,19708.8,0.01,0.95,10,10000,0.938,0.497,43,41,0.028571,0,0.953488
1710,10000,4.44029,4.21697,5.62342,0.00229267,0.00158489,0.00251189,0.343328,0.3,0.4,0.747396,0.7,0.8,1.30378e-05,458345,17691.6,22917.3,0.01,0.95,10,10000,0.938,0.497,50,31,0.0328576,0,0.62
1711,10000,4.37256,4.21697,5.62342,0.00223998,0.00158489,0.00251189,0.331261,0.3,0.4,0.835853,0.8,0.9,1.30378e-05,256673,10629.5,12833.7,0.01,0.95,10,10000,0.938,0.497,28,23,0.0381463,0,0.821429
1712,10000,4.40302,4.21697,5.62342,0.00227958,0.00158489,0.00251189,0.346125,0.3,0.4,0.937196,0.9,1,1.30378e-05,210839,11013,10541.9,0.01,0.95,10,10000,0.938,0.497,23,16,0.0457358,0,0.695652
1713,10000,4.4104,4.21697,5.62342,0.00226508,0.00158489,0.00251189,0.348869,0.3,0.4,1.2135,1,1.5,6.51889e-05,71501.8,2204.92,3575.09,0.01,0.95,10,10000,0.938,0.497,39,37,0.0300757,0,0.948718
1714,10000,4.2653,4.21697,5.62342,0.00224412,0.00158489,0.00251189,0.428609,0.4,0.5,0.0829824,0,0.1,1.30378e-05,55001.4,7115.01,2750.07,0.01,0.95,10,10000,0.938,0.497,6,3,0.105622,0,0.5
1715,10000,4.42364,4.21697,5.62342,0.00222865,0.00158489,0.00251189,0.427195,0.4,0.5,0.139101,0.1,0.2,1.30378e-05,137504,7954.82,6875.18,0.01,0.95,10,10000,0.938,0.497,15,12,0.0528112,0,0.8
1716,10000,4.42694,4.21697,5.62342,0.00226301,0.00158489,0.00251189,0.453425,0.4,0.5,0.257819,0.2,0.3,1.30378e-05,100836,-nan,5041.8,0.01,0.95,10,10000,0.938,0.497,11,14,0.0488937,0,1.27273
1717,10000,4.44125,4.21697,5.62342,0.00231859,0.00158489,0.00251189,0.433975,0.4,0.5,0.345946,0.3,0.4,1.30378e-05,229173,11682.7,11458.6,0.01,0.95,10,10000,0.938,0.497,25,17,0.0443703,0,0.68
1718,10000,4.4318,4.21697,5.62342,0.0022614,0.00158489,0.00251189,0.445983,0.4,0.5,0.45919,0.4,0.5,1.30378e-05,256673,11905.7,12833.7,0.01,0.95,10,10000,0.938,0.497,28,20,0.0409074,0,0.714286
1719,10000,4.4051,4.21697,5.62342,0.00223392,0.00158489,0.00251189,0.441857,0.4,0.5,0.551408,0.5,0.6,1.30378e-05,238339,10389.6,11917,0.01,0.95,10,10000,0.938,0.497,26,21,0.0399215,0,0.807692
1720,10000,4.45704,4.21697,5.62342,0.00230414,0.00158489,0.00251189,0.445009,0.4,0.5,0.644315,0.6,0.7,1.30378e-05,229173,10710.6,11458.6,0.01,0.95,10,10000,0.938,0.497,25,19,0.0419701,0,0.76
1721,10000,4.39409,4.21697,5.62342,0.002301,0.00158489,0.00251189,0.438028,0.4,0.5,0.755158,0.7,0.8,1.30378e-05,192505,9796.61,9625.25,0.01,0.95,10,10000,0.938,0.497,21,16,0.0457358,0,0.761905
1722,10000,4.31766,4.21697,5.62342,0.00222463,0.00158489,0.00251189,0.428807,0.4,0.5,0.844815,0.8,0.9,1.30378e-05,119170,9961.82,5958.49,0.01,0.95,10,10000,0.938,0.497,13,7,0.0691461,0,0.538462
1723,10000,4.4514,4.21697,5.62342,0.0023085,0.00158489,0.00251189,0.448265,0.4,0.5,0.939338,0.9,1,1.30378e-05,55001.4,4860.48,2750.07,0.01,0.95,10,10000,0.938,0.497,6,5,0.0818148,0,0.833333
1724,10000,4.41275,4.21697,5.62342,0.00230547,0.00158489,0.00251189,0.448917,0.4,0.5,1.18083,1,1.5,6.51889e-05,53168,2587.76,2658.4,0.01,0.95,10,10000,0.938,0.497,29,19,0.0419701,0,0.655172
1725,10000,4.25346,4.21697,5.62342,0.00230189,0.00158489,0.00251189,0.537727,0.5,0.6,0.070877,0,0.1,1.30378e-05,18333.8,2371.67,916.69,0.01,0.95,10,10000,0.938,0.497,2,2,0.129361,0,1
1726,10000,4.4296,4.21697,5.62342,0.00226381,0.00158489,0.00251189,0.548756,0.5,0.6,0.146861,0.1,0.2,1.30378e-05,55001.4,4107.85,2750.07,0.01,0.95,10,10000,0.938,0.497,6,6,0.0746863,0,1
1727,10000,4.54277,4.21697,5.62342,0.00240421,0.00158489,0.00251189,0.54519,0.5,0.6,0.26413,0.2,0.3,1.30378e-05,119170,11039.5,5958.49,0.01,0.95,10,10000,0.938,0.497,13,6,0.0746863,0,0.461538
1728,10000,4.4407,4.21697,5.62342,0.0022665,0.00158489,0.00251189,0.544256,0.5,0.6,0.3596,0.3,0.4,1.30378e-05,128337,7245.57,6416.83,0.01,0.95,10,10000,0.938,0.497,14,12,0.0528112,0,0.857143
1729,10000,4.52006,4.21697,5.62342,0.00236194,0.00158489,0.00251189,0.548539,0.5,0.6,0.443224,0.4,0.5,1.30378e-05,183338,10220.6,9166.9,0.01,0.95,10,10000,0.938,0.497,20,14,0.0488937,0,0.7
1730,10000,4.35087,4.21697,5.62342,0.00213537,0.00158489,0.00251189,0.537547,0.5,0.6,0.546549,0.5,0.6,1.30378e-05,73335.2,4743.34,3666.76,0.01,0.95,10,10000,0.938,0.497,8,8,0.0646803,0,1
1731,10000,4.42119,4.21697,5.62342,0.00232065,0.00158489,0.00251189,0.55075,0.5,0.6,0.64314,0.6,0.7,1.30378e-05,100836,6684.76,5041.8,0.01,0.95,10,10000,0.938,0.497,11,9,0.0609811,0,0.818182
1732,10000,4.40899,4.21697,5.62342,0.00233205,0.00158489,0.00251189,0.542116,0.5,0.6,0.77571,0.7,0.8,1.30378e-05,82502.1,7115.01,4125.11,0.01,0.95,10,10000,0.938,0.497,9,6,0.0746863,0,0.666667
1733,10000,4.36407,4.21697,5.62342,0.00230257,0.00158489,0.00251189,0.550377,0.5,0.6,0.841021,0.8,0.9,1.30378e-05,55001.4,4860.48,2750.07,0.01,0.95,10,10000,0.938,0.497,6,5,0.0818148,0,0.833333
1734,10000,4.32798,4.21697,5.62342,0.00233755,0.00158489,0.00251189,0.555544,0.5,0.6,0.953329,0.9,1,1.30378e-05,55001.4,4860.48,2750.07,0.01,0.95,10,10000,0.938,0.497,6,5,0.0818148,0,0.833333
1735,10000,4.38544,4.21697,5.62342,0.00225174,0.00158489,0.00251189,0.545351,0.5,0.6,1.15863,1,1.5,6.51889e-05,40334.4,2081.13,2016.72,0.01,0.95,10,10000,0.938,0.497,22,16,0.0457358,0,0.727273
1736,10000,4.2336,4.21697,5.62342,0.00212981,0.00158489,0.00251189,0.64846,0.6,0.7,0.0863403,0,0.1,1.30378e-05,9166.9,1677.02,458.345,0.01,0.95,10,10000,0.938,0.497,1,1,0.182943,0,1
1737,10000,4.53954,4.21697,5.62342,0.0023379,0.00158489,0.00251189,0.689702,0.6,0.7,0.14473,0.1,0.2,1.30378e-05,27500.7,6495.09,1375.04,0.01,0.95,10,10000,0.938,0.497,3,1,0.182943,0,0.333333
1738,10000,4.38082,4.21697,5.62342,0.00226859,0.00158489,0.00251189,0.649268,0.6,0.7,0.2489,0.2,0.3,1.30378e-05,64168.3,-nan,3208.42,0.01,0.95,10,10000,0.938,0.497,7,8,0.0646803,0,1.14286
1739,10000,4.46864,4.21697,5.62342,0.00222194,0.00158489,0.00251189,0.695797,0.6,0.7,0.309863,0.3,0.4,1.30378e-05,18333.8,4107.85,916.69,0.01,0.95,10,10000,0.938,0.497,2,1,0.182943,0,0.5
1740,10000,4.35653,4.21697,5.62342,0.00223375,0.00158489,0.00251189,0.614805,0.6,0.7,0.462762,0.4,0.5,1.30378e-05,18333.8,2371.67,916.69,0.01,0.95,10,10000,0.938,0.497,2,2,0.129361,0,1
1741,10000,4.28237,4.21697,5.62342,0.00219289,0.00158489,0.00251189,0.652568,0.6,0.7,0.54454,0.5,0.6,1.30378e-05,55001.4,4860.48,2750.07,0.01,0.95,10,10000,0.938,0.497,6,5,0.0818148,0,0.833333
1742,10000,4.388,4.21697,5.62342,0.00230083,0.00158489,0.00251189,0.65959,0.6,0.7,0.642102,0.6,0.7,1.30378e-05,91669,5862.93,4583.45,0.01,0.95,10,10000,0.938,0.497,10,9,0.0609811,0,0.9
1743,10000,4.38361,4.21697,5.62342,0.00231244,0.00158489,0.00251189,0.631573,0.6,0.7,0.735683,0.7,0.8,1.30378e-05,55001.4,7115.01,2750.07,0.01,0.95,10,10000,0.938,0.497,6,3,0.105622,0,0.5
1744,10000,4.34396,4.21697,5.62342,0.00214477,0.00158489,0.00251189,0.651372,0.6,0.7,0.820942,0.8,0.9,1.30378e-05,27500.7,4107.85,1375.04,0.01,0.95,10,10000,0.938,0.497,3,2,0.129361,0,0.666667
1745,10000,4.38464,4.21697,5.62342,0.0022259,0.00158489,0.00251189,0.653644,0.6,0.7,0.956826,0.9,1,1.30378e-05,55001.4,5809.38,2750.07,0.01,0.95,10,10000,0.938,0.497,6,4,0.0914717,0,0.666667
1746,10000,4.35857,4.21697,5.62342,0.00229752,0.00158489,0.00251189,0.636025,0.6,0.7,1.21763,1,1.5,6.51889e-05,16500.4,1124.98,825.021,0.01,0.95,10,10000,0.938,0.497,9,8,0.0646803,0,0.888889
1747,10000,4.58511,4.21697,5.62342,0.00231069,0.00158489,0.00251189,0.749427,0.7,0.8,0.171223,0.1,0.2,1.30378e-05,27500.7,2904.69,1375.04,0.01,0.95,10,10000,0.938,0.497,3,3,0.105622,0,1
1748,10000,4.25998,4.21697,5.62342,0.00232684,0.00158489,0.00251189,0.726533,0.7,0.8,0.21805,0.2,0.3,1.30378e-05,27500.7,2904.69,1375.04,0.01,0.95,10,10000,0.938,0.497,3,3,0.105622,0,1
1749,10000,4.44273,4.21697,5.62342,0.0021098,0.00158489,0.00251189,0.761258,0.7,0.8,0.360568,0.3,0.4,1.30378e-05,27500.7,6495.09,1375.04,0.01,0.95,10,10000,0.938,0.497,3,1,0.182943,0,0.333333
1750,10000,4.3595,4.21697,5.62342,0.00243764,0.00158489,0.00251189,0.755134,0.7,0.8,0.46903,0.4,0.5,1.30378e-05,18333.8,2371.67,916.69,0.01,0.95,10,10000,0.938,0.497,2,2,0.129361,0,1
1751,10000,4.32926,4.21697,5.62342,0.00237367,0.00158489,0.00251189,0.758572,0.7,0.8,0.702626,0.7,0.8,1.30378e-05,9166.9,1677.02,458.345,0.01,0.95,10,10000,0.938,0.497,1,1,0.182943,0,1
1752,10000,4.66276,4.21697,5.62342,0.00231511,0.00158489,0.00251189,0.740228,0.7,0.8,0.843676,0.8,0.9,1.30378e-05,18333.8,2371.67,916.69,0.01,0.95,10,10000,0.938,0.497,2,2,0.129361,0,1
1753,10000,4.37682,4.21697,5.62342,0.0022022,0.00158489,0.00251189,0.731647,0.7,0.8,0.917227,0.9,1,1.30378e-05,27500.7,4107.85,1375.04,0.01,0.95,10,10000,0.938,0.497,3,2,0.129361,0,0.666667
1754,10000,4.4276,4.21697,5.62342,0.00224329,0.00158489,0.00251189,0.768573,0.7,0.8,1.23913,1,1.5,6.51889e-05,7333.52,-nan,366.676,0.01,0.95,10,10000,0.938,0.497,4,5,0.0818148,0,1.25
1755,10000,4.58581,4.21697,5.62342,0.00233914,0.00158489,0.00251189,0.841687,0.8,0.9,0.280778,0.2,0.3,1.30378e-05,9166.9,1677.02,458.345,0.01,0.95,10,10000,0.938,0.497,1,1,0.182943,0,1
1756,10000,4.36216,4.21697,5.62342,0.00225775,0.00158489,0.00251189,0.831305,0.8,0.9,0.336953,0.3,0.4,1.30378e-05,9166.9,-nan,458.345,0.01,0.95,10,10000,0.938,0.497,1,4,0.0914717,0,4
1757,10000,4.4021,4.21697,5.62342,0.00235225,0.00158489,0.00251189,0.82273,0.8,0.9,0.425352,0.4,0.5,1.30378e-05,36667.6,4330.06,1833.38,0.01,0.95,10,10000,0.938,0.497,4,3,0.105622,0,0.75
1758,10000,4.47974,4.21697,5.62342,0.0023564,0.00158489,0.00251189,0.848658,0.8,0.9,0.588212,0.5,0.6,1.30378e-05,9166.9,1677.02,458.345,0.01,0.95,10,10000,0.938,0.497,1,1,0.182943,0,1
1759,10000,4.28394,4.21697,5.62342,0.0021681,0.00158489,0.00251189,0.816293,0.8,0.9,0.680341,0.6,0.7,1.30378e-05,9166.9,1677.02,458.345,0.01,0.95,10,10000,0.938,0.497,1,1,0.182943,0,1
1760,10000,4.54877,4.21697,5.62342,0.00231536,0.00158489,0.00251189,0.86272,0.8,0.9,0.775229,0.7,0.8,1.30378e-05,9166.9,-nan,458.345,0.01,0.95,10,10000,0.938,0.497,1,3,0.105622,0,3
1761,10000,4.47452,4.21697,5.62342,0.00228558,0.00158489,0.00251189,0.820419,0.8,0.9,1.10288,1,1.5,6.51889e-05,12833.7,1699.24,641.683,0.01,0.95,10,10000,0.938,0.497,7,3,0.105622,0,0.428571
1762,10000,4.24455,4.21697,5.62342,0.00233966,0.00158489,0.00251189,0.969952,0.9,1,0.469895,0.4,0.5,1.30378e-05,9166.9,1677.02,458.345,0.01,0.95,10,10000,0.938,0.497,1,1,0.182943,0,1
1763,10000,4.74881,4.21697,5.62342,0.00323464,0.00251189,0.00398107,0.0871407,0.05,0.1,0.0734823,0,0.1,1.03316e-05,4.45367e+06,285056,222684,0.01,0.95,10,10000,0.938,0.497,385,16,0.0457358,0,0.0415584
1764,10000,4.75842,4.21697,5.62342,0.00329016,0.00251189,0.00398107,0.080811,0.05,0.1,0.162209,0.1,0.2,1.03316e-05,1.14986e+07,315702,574928,0.01,0.95,10,10000,0.938,0.497,994,85,0.019843,0,0.0855131
1765,10000,4.87822,4.21697,5.62342,0.00324627,0.00251189,0.00398107,0.0803932,0.05,0.1,0.250672,0.2,0.3,1.03316e-05,1.42633e+07,289945,713166,0.01,0.95,10,10000,0.938,0.497,1233,152,0.0148387,0,0.123277
1766,10000,4.83704,4.21697,5.62342,0.00320092,0.00251189,0.00398107,0.0823255,0.05,0.1,0.353268,0.3,0.4,1.03316e-05,1.42633e+07,222234,713166,0.01,0.95,10,10000,0.938,0.497,1233,248,0.0116169,0,0.201135
1767,10000,4.79776,4.21697,5.62342,0.0032101,0.00251189,0.00398107,0.0796295,0.05,0.1,0.452966,0.4,0.5,1.03316e-05,1.29099e+07,147061,645493,0.01,0.95,10,10000,0.938,0.497,1116,419,0.00893737,0,0.375448
1768,10000,4.76612,4.21697,5.62342,0.00324,0.00251189,0.00398107,0.0742501,0.05,0.1,0.54606,0.5,0.6,1.03316e-05,1.04806e+07,113163,524029,0.01,0.95,10,10000,0.938,0.497,906,436,0.0087614,0,0.481236
1769,10000,4.76906,4.21697,5.62342,0.00321889,0.00251189,0.00398107,0.0746199,0.05,0.1,0.650572,0.6,0.7,1.03316e-05,7.54232e+06,80510.1,377116,0.01,0.95,10,10000,0.938,0.497,652,405,0.00909053,0,0.621166
1770,10000,4.76812,4.21697,5.62342,0.00324665,0.00251189,0.00398107,0.0738634,0.05,0.1,0.750373,0.7,0.8,1.03316e-05,5.86496e+06,65490.9,293248,0.01,0.95,10,10000,0.938,0.497,507,351,0.0097648,0,0.692308
1771,10000,4.80132,4.21697,5.62342,0.00328421,0.00251189,0.00398107,0.0728574,0.05,0.1,0.84803,0.8,0.9,1.03316e-05,4.16447e+06,48753.7,208224,0.01,0.95,10,10000,0.938,0.497,360,291,0.0107243,0,0.808333
1772,10000,4.80538,4.21697,5.62342,0.00329626,0.00251189,0.00398107,0.0743944,0.05,0.1,0.946645,0.9,1,1.03316e-05,2.79945e+06,39736.5,139972,0.01,0.95,10,10000,0.938,0.497,242,197,0.0130342,0,0.81405
1773,10000,4.79199,4.21697,5.62342,0.00327441,0.00251189,0.00398107,0.0744149,0.05,0.1,1.18901,1,1.5,5.16582e-05,1.28405e+06,11571.5,64202.3,0.01,0.95,10,10000,0.938,0.497,555,473,0.00841175,0,0.852252
1774,10000,4.69228,4.21697,5.62342,0.0033877,0.00251189,0.00398107,0.123803,0.1,0.15,0.0628717,0,0.1,1.03316e-05,2.79945e+06,72893.3,139972,0.01,0.95,10,10000,0.938,0.497,242,82,0.0202027,0,0.338843
1775,10000,4.74733,4.21697,5.62342,0.0033156,0.00251189,0.00398107,0.126699,0.1,0.15,0.153556,0.1,0.2,1.03316e-05,7.14901e+06,107453,357450,0.01,0.95,10,10000,0.938,0.497,618,239,0.0118336,0,0.386731
1776,10000,4.69952,4.21697,5.62342,0.00325867,0.00251189,0.00398107,0.12473,0.1,0.15,0.251011,0.2,0.3,1.03316e-05,9.4279e+06,113073,471395,0.01,0.95,10,10000,0.938,0.497,815,362,0.00961529,0,0.444172
1777,10000,4.72849,4.21697,5.62342,0.00323268,0.00251189,0.00398107,0.125322,0.1,0.15,0.347789,0.3,0.4,1.03316e-05,9.4626e+06,103155,473130,0.01,0.95,10,10000,0.938,0.497,818,419,0.00893737,0,0.512225
1778,10000,4.73406,4.21697,5.62342,0.00325271,0.00251189,0.00398107,0.122857,0.1,0.15,0.449128,0.4,0.5,1.03316e-05,8.06288e+06,88696.8,403144,0.01,0.95,10,10000,0.938,0.497,697,396,0.00919325,0,0.568149
1779,10000,4.78712,4.21697,5.62342,0.00323942,0.00251189,0.00398107,0.122409,0.1,0.15,0.55107,0.5,0.6,1.03316e-05,7.05646e+06,72930,352823,0.01,0.95,10,10000,0.938,0.497,610,414,0.00899118,0,0.678689
1780,10000,4.79837,4.21697,5.62342,0.00326964,0.00251189,0.00398107,0.123184,0.1,0.15,0.650855,0.6,0.7,1.03316e-05,5.76085e+06,62229.5,288043,0.01,0.95,10,10000,0.938,0.497,498,364,0.00958884,0,0.730924
1781,10000,4.74676,4.21697,5.62342,0.00327092,0.00251189,0.00398107,0.124763,0.1,0.15,0.748124,0.7,0.8,1.03316e-05,4.00252e+06,47182.7,200126,0.01,0.95,10,10000,0.938,0.497,346,284,0.0108557,0,0.820809
1782,10000,4.79267,4.21697,5.62342,0.00323622,0.00251189,0.00398107,0.122392,0.1,0.15,0.84594,0.8,0.9,1.03316e-05,2.57966e+06,39699.5,128983,0.01,0.95,10,10000,0.938,0.497,223,173,0.0139089,0,0.775785
1783,10000,4.77355,4.21697,5.62342,0.00329794,0.00251189,0.00398107,0.124781,0.1,0.15,0.947742,0.9,1,1.03316e-05,2.12851e+06,33839.9,106425,0.01,0.95,10,10000,0.938,0.497,184,154,0.014742,0,0.836957
1784,10000,4.75277,4.21697,5.62342,0.00326123,0.00251189,0.00398107,0.122794,0.1,0.15,1.19624,1,1.5,5.16582e-05,911556,9544.75,45577.8,0.01,0.95,10,10000,0.938,0.497,394,344,0.00986365,0,0.873096
1785,10000,4.5761,4.21697,5.62342,0.00339474,0.00251189,0.00398107,0.172435,0.15,0.2,0.06452,0,0.1,1.03316e-05,1.52697e+06,42543.3,76348.6,0.01,0.95,10,10000,0.938,0.497,132,65,0.0226913,0,0.492424
1786,10000,4.62281,4.21697,5.62342,0.00341202,0.00251189,0.00398107,0.173198,0.15,0.2,0.15526,0.1,0.2,1.03316e-05,4.68503e+06,75634.8,234251,0.01,0.95,10,10000,0.938,0.497,405,195,0.0131008,0,0.481481
1787,10000,4.67973,4.21697,5.62342,0.0033235,0.00251189,0.00398107,0.172595,0.15,0.2,0.25294,0.2,0.3,1.03316e-05,5.86496e+06,79502.4,293248,0.01,0.95,10,10000,0.938,0.497,507,268,0.011175,0,0.5286
1788,10000,4.65923,4.21697,5.62342,0.00323557,0.00251189,0.00398107,0.173657,0.15,0.2,0.350155,0.3,0.4,1.03316e-05,6.06162e+06,77764.1,303081,0.01,0.95,10,10000,0.938,0.497,524,293,0.0106877,0,0.55916
1789,10000,4.70088,4.21697,5.62342,0.00328647,0.00251189,0.00398107,0.174044,0.15,0.2,0.444429,0.4,0.5,1.03316e-05,5.69144e+06,75182.8,284572,0.01,0.95,10,10000,0.938,0.497,492,276,0.0110119,0,0.560976
1790,10000,4.75705,4.21697,5.62342,0.00327484,0.00251189,0.00398107,0.175343,0.15,0.2,0.549722,0.5,0.6,1.03316e-05,4.9858e+06,69326.9,249290,0.01,0.95,10,10000,0.938,0.497,431,247,0.0116404,0,0.573086
1791,10000,4.73528,4.21697,5.62342,0.00333329,0.00251189,0.00398107,0.173295,0.15,0.2,0.647874,0.6,0.7,1.03316e-05,4.25701e+06,61181.1,212851,0.01,0.95,10,10000,0.938,0.497,368,225,0.0121962,0,0.611413
1792,10000,4.77811,4.21697,5.62342,0.00327028,0.00251189,0.00398107,0.174152,0.15,0.2,0.749998,0.7,0.8,1.03316e-05,2.78788e+06,42554.9,139394,0.01,0.95,10,10000,0.938,0.497,241,180,0.0136358,0,0.746888
1793,10000,4.74963,4.21697,5.62342,0.00328648,0.00251189,0.00398107,0.173629,0.15,0.2,0.851621,0.8,0.9,1.03316e-05,2.16321e+06,38730.1,108161,0.01,0.95,10,10000,0.938,0.497,187,134,0.0158039,0,0.716578
1794,10000,4.68587,4.21697,5.62342,0.00323355,0.00251189,0.00398107,0.17586,0.15,0.2,0.948251,0.9,1,1.03316e-05,1.42286e+06,27655.2,71143,0.01,0.95,10,10000,0.938,0.497,123,103,0.0180259,0,0.837398
1795,10000,4.77577,4.21697,5.62342,0.00322767,0.00251189,0.00398107,0.171944,0.15,0.2,1.19435,1,1.5,5.16582e-05,733410,8835.09,36670.5,0.01,0.95,10,10000,0.938,0.497,317,267,0.011196,0,0.842271
1796,10000,4.64666,4.21697,5.62342,0.00324528,0.00251189,0.00398107,0.225544,0.2,0.25,0.0690047,0,0.1,1.03316e-05,1.06425e+06,32341,53212.7,0.01,0.95,10,10000,0.938,0.497,92,52,0.0253697,0,0.565217
1797,10000,4.63334,4.21697,5.62342,0.00328612,0.00251189,0.00398107,0.223296,0.2,0.25,0.156091,0.1,0.2,1.03316e-05,2.94983e+06,51621.7,147492,0.01,0.95,10,10000,0.938,0.497,255,153,0.0147901,0,0.6
1798,10000,4.67683,4.21697,5.62342,0.00332833,0.00251189,0.00398107,0.223892,0.2,0.25,0.250291,0.2,0.3,1.03316e-05,3.89841e+06,61779.7,194920,0.01,0.95,10,10000,0.938,0.497,337,191,0.0132373,0,0.566766
1799,10000,4.71795,4.21697,5.62342,0.00331079,0.00251189,0.00398107,0.224234,0.2,0.25,0.352114,0.3,0.4,1.03316e-05,4.46524e+06,66281.8,223262,0.01,0.95,10,10000,0.938,0.497,386,218,0.0123905,0,0.564767
1800,10000,4.7202,4.21697,5.62342,0.00327884,0.00251189,0.00398107,0.222497,0.2,0.25,0.453134,0.4,0.5,1.03316e-05,3.90998e+06,64831.2,195499,0.01,0.95,10,10000,0.938,0.497,338,179,0.0136738,0,0.529586
1801,10000,4.70117,4.21697,5.62342,0.00328073,0.00251189,0.00398107,0.224176,0.2,0.25,0.551101,0.5,0.6,1.03316e-05,3.55137e+06,56685.1,177568,0.01,0.95,10,10000,0.938,0.497,307,184,0.0134868,0,0.599349
1802,10000,4.77452,4.21697,5.62342,0.00324369,0.00251189,0.00398107,0.222836,0.2,0.25,0.652152,0.6,0.7,1.03316e-05,2.66063e+06,47785.9,133032,0.01,0.95,10,10000,0.938,0.497,230,143,0.0152985,0,0.621739
1803,10000,4.7501,4.21697,5.62342,0.0032989,0.00251189,0.00398107,0.223771,0.2,0.25,0.745182,0.7,0.8,1.03316e-05,2.40614e+06,46569,120307,0.01,0.95,10,10000,0.938,0.497,208,125,0.016363,0,0.600962
1804,10000,4.81426,4.21697,5.62342,0.00315755,0.00251189,0.00398107,0.223274,0.2,0.25,0.840684,0.8,0.9,1.03316e-05,1.59638e+06,34873.7,79819,0.01,0.95,10,10000,0.938,0.497,138,93,0.0189703,0,0.673913
1805,10000,4.72878,4.21697,5.62342,0.0032876,0.00251189,0.00398107,0.224229,0.2,0.25,0.946579,0.9,1,1.03316e-05,1.06425e+06,25316.9,53212.7,0.01,0.95,10,10000,0.938,0.497,92,72,0.0215601,0,0.782609
1806,10000,4.74641,4.21697,5.62342,0.00326664,0.00251189,0.00398107,0.2231,0.2,0.25,1.19049,1,1.5,5.16582e-05,539068,7821.52,26953.4,0.01,0.95,10,10000,0.938,0.497,233,189,0.0133072,0,0.811159
1807,10000,4.68301,4.21697,5.62342,0.00326925,0.00251189,0.00398107,0.278805,0.25,0.3,0.0648582,0,0.1,1.03316e-05,624671,20685.4,31233.5,0.01,0.95,10,10000,0.938,0.497,54,39,0.0292944,0,0.722222
1808,10000,4.68858,4.21697,5.62342,0.00334847,0.00251189,0.00398107,0.27416,0.25,0.3,0.160641,0.1,0.2,1.03316e-05,1.71206e+06,34723.8,85603,0.01,0.95,10,10000,0.938,0.497,148,105,0.0178534,0,0.709459
1809,10000,4.69212,4.21697,5.62342,0.00329671,0.00251189,0.00398107,0.275751,0.25,0.3,0.252008,0.2,0.3,1.03316e-05,2.41771e+06,42427.3,120885,0.01,0.95,10,10000,0.938,0.497,209,143,0.0152985,0,0.684211
1810,10000,4.7317,4.21697,5.62342,0.00327953,0.00251189,0.00398107,0.273932,0.25,0.3,0.351235,0.3,0.4,1.03316e-05,2.49868e+06,40958.8,124934,0.01,0.95,10,10000,0.938,0.497,216,158,0.0145542,0,0.731481
1811,10000,4.74204,4.21697,5.62342,0.0032916,0.00251189,0.00398107,0.273539,0.25,0.3,0.452313,0.4,0.5,1.03316e-05,2.60279e+06,44228.1,130140,0.01,0.95,10,10000,0.938,0.497,225,153,0.0147901,0,0.68
1812,10000,4.77595,4.21697,5.62342,0.00324283,0.00251189,0.00398107,0.272988,0.25,0.3,0.5474,0.5,0.6,1.03316e-05,2.37143e+06,41403.6,118572,0.01,0.95,10,10000,0.938,0.497,205,143,0.0152985,0,0.697561
1813,10000,4.70933,4.21697,5.62342,0.00325692,0.00251189,0.00398107,0.273973,0.25,0.3,0.647005,0.6,0.7,1.03316e-05,2.11694e+06,42294.9,105847,0.01,0.95,10,10000,0.938,0.497,183,115,0.0170596,0,0.628415
1814,10000,4.7851,4.21697,5.62342,0.00328511,0.00251189,0.00398107,0.274176,0.25,0.3,0.747984,0.7,0.8,1.03316e-05,1.7352e+06,35845.5,86759.8,0.01,0.95,10,10000,0.938,0.497,150,103,0.0180259,0,0.686667
1815,10000,4.67326,4.21697,5.62342,0.00327288,0.00251189,0.00398107,0.274042,0.25,0.3,0.847257,0.8,0.9,1.03316e-05,1.09896e+06,26704.2,54947.9,0.01,0.95,10,10000,0.938,0.497,95,71,0.0217114,0,0.747368
1816,10000,4.79978,4.21697,5.62342,0.00326124,0.00251189,0.00398107,0.272814,0.25,0.3,0.944802,0.9,1,1.03316e-05,867598,21834.8,43379.9,0.01,0.95,10,10000,0.938,0.497,75,62,0.0232338,0,0.826667
1817,10000,4.76822,4.21697,5.62342,0.00323079,0.00251189,0.00398107,0.272742,0.25,0.3,1.19755,1,1.5,5.16582e-05,439583,7304.56,21979.2,0.01,0.95,10,10000,0.938,0.497,190,148,0.0150379,0,0.778947
1818,10000,4.70648,4.21697,5.62342,0.00330928,0.00251189,0.00398107,0.34443,0.3,0.4,0.0699451,0,0.1,2.06633e-05,214008,7794.9,10700.4,0.01,0.95,10,10000,0.938,0.497,37,30,0.0334007,0,0.810811
1819,10000,4.71501,4.21697,5.62342,0.00322621,0.00251189,0.00398107,0.346114,0.3,0.4,0.154819,0.1,0.2,2.06633e-05,856030,14747.7,42801.5,0.01,0.95,10,10000,0.938,0.497,148,128,0.0161701,0,0.864865
1820,10000,4.72833,4.21697,5.62342,0.00326257,0.00251189,0.00398107,0.346554,0.3,0.4,0.251811,0.2,0.3,2.06633e-05,1.3014e+06,18068.6,65069.9,0.01,0.95,10,10000,0.938,0.497,225,196,0.0130674,0,0.871111
1821,10000,4.66635,4.21697,5.62342,0.00327714,0.00251189,0.00398107,0.344182,0.3,0.4,0.353129,0.3,0.4,2.06633e-05,1.61952e+06,22429.2,80975.8,0.01,0.95,10,10000,0.938,0.497,280,215,0.0124766,0,0.767857
1822,10000,4.70549,4.21697,5.62342,0.00325615,0.00251189,0.00398107,0.345119,0.3,0.4,0.451129,0.4,0.5,2.06633e-05,1.49227e+06,20190.7,74613.4,0.01,0.95,10,10000,0.938,0.497,258,214,0.0125058,0,0.829457
1823,10000,4.75836,4.21697,5.62342,0.00325417,0.00251189,0.00398107,0.34442,0.3,0.4,0.546042,0.5,0.6,2.06633e-05,1.52697e+06,22931.2,76348.6,0.01,0.95,10,10000,0.938,0.497,264,190,0.0132721,0,0.719697
1824,10000,4.7468,4.21697,5.62342,0.00327552,0.00251189,0.00398107,0.345663,0.3,0.4,0.649889,0.6,0.7,2.06633e-05,1.37659e+06,21506.1,68829.5,0.01,0.95,10,10000,0.938,0.497,238,174,0.0138689,0,0.731092
1825,10000,4.67763,4.21697,5.62342,0.00319979,0.00251189,0.00398107,0.342057,0.3,0.4,0.748136,0.7,0.8,2.06633e-05,1.0122e+06,17143.9,50609.9,0.01,0.95,10,10000,0.938,0.497,175,140,0.0154615,0,0.8
1826,10000,4.74291,4.21697,5.62342,0.00318378,0.00251189,0.00398107,0.345034,0.3,0.4,0.845614,0.8,0.9,2.06633e-05,757702,14462,37885.1,0.01,0.95,10,10000,0.938,0.497,131,108,0.0176037,0,0.824427
1827,10000,4.77214,4.21697,5.62342,0.00326198,0.00251189,0.00398107,0.344949,0.3,0.4,0.949279,0.9,1,2.06633e-05,676727,13483.2,33836.3,0.01,0.95,10,10000,0.938,0.497,117,98,0.0184801,0,0.837607
1828,10000,4.77397,4.21697,5.62342,0.00323018,0.00251189,0.00398107,0.347037,0.3,0.4,1.18792,1,1.5,0.000103316,289199,4081.14,14460,0.01,0.95,10,10000,0.938,0.497,250,201,0.0129038,0,0.804
1829,10000,4.79414,4.21697,5.62342,0.00327137,0.00251189,0.00398107,0.432795,0.4,0.5,0.0638049,0,0.1,2.06633e-05,138816,6404.3,6940.78,0.01,0.95,10,10000,0.938,0.497,24,19,0.0419701,0,0.791667
1830,10000,4.67975,4.21697,5.62342,0.00325616,0.00251189,0.00398107,0.437638,0.4,0.5,0.157786,0.1,0.2,2.06633e-05,352823,9588.63,17641.2,0.01,0.95,10,10000,0.938,0.497,61,52,0.0253697,0,0.852459
1831,10000,4.74151,4.21697,5.62342,0.00329296,0.00251189,0.00398107,0.441736,0.4,0.5,0.258596,0.2,0.3,2.06633e-05,543695,12733.4,27184.7,0.01,0.95,10,10000,0.938,0.497,94,74,0.0212667,0,0.787234
1832,10000,4.74337,4.21697,5.62342,0.00332995,0.00251189,0.00398107,0.446587,0.4,0.5,0.352231,0.3,0.4,2.06633e-05,613103,13717.1,30655.1,0.01,0.95,10,10000,0.938,0.497,106,82,0.0202027,0,0.773585
1833,10000,4.71439,4.21697,5.62342,0.00323423,0.00251189,0.00398107,0.444135,0.4,0.5,0.449931,0.4,0.5,2.06633e-05,694078,13833.3,34703.9,0.01,0.95,10,10000,0.938,0.497,120,99,0.0183865,0,0.825
1834,10000,4.65035,4.21697,5.62342,0.00322482,0.00251189,0.00398107,0.443156,0.4,0.5,0.548051,0.5,0.6,2.06633e-05,792406,15472.9,39620.3,0.01,0.95,10,10000,0.938,0.497,137,107,0.0176858,0,0.781022
1835,10000,4.73992,4.21697,5.62342,0.00328139,0.00251189,0.00398107,0.446455,0.4,0.5,0.645855,0.6,0.7,2.06633e-05,636239,12730.2,31811.9,0.01,0.95,10,10000,0.938,0.497,110,95,0.0187696,0,0.863636
1836,10000,4.72104,4.21697,5.62342,0.00327693,0.00251189,0.00398107,0.444007,0.4,0.5,0.749469,0.7,0.8,2.06633e-05,508991,11519,25449.5,0.01,0.95,10,10000,0.938,0.497,88,75,0.0211245,0,0.852273
1837,10000,4.65355,4.21697,5.62342,0.00329101,0.00251189,0.00398107,0.449136,0.4,0.5,0.848576,0.8,0.9,2.06633e-05,456935,12019.7,22846.8,0.01,0.95,10,10000,0.938,0.497,79,60,0.0236179,0,0.759494
1838,10000,4.61716,4.21697,5.62342,0.00328441,0.00251189,0.00398107,0.448023,0.4,0.5,0.949504,0.9,1,2.06633e-05,300767,8910.36,15038.4,0.01,0.95,10,10000,0.938,0.497,52,44,0.0275798,0,0.846154
1839,10000,4.78069,4.21697,5.62342,0.00319892,0.00251189,0.00398107,0.442322,0.4,0.5,1.18284,1,1.5,0.000103316,175833,3321.59,8791.66,0.01,0.95,10,10000,0.938,0.497,152,116,0.0169859,0,0.763158
1840,10000,4.61254,4.21697,5.62342,0.00315536,0.00251189,0.00398107,0.541814,0.5,0.6,0.0745359,0,0.1,2.06633e-05,80975.8,4921.94,4048.79,0.01,0.95,10,10000,0.938,0.497,14,11,0.0551595,0,0.785714
1841,10000,4.75358,4.21697,5.62342,0.00331653,0.00251189,0.00398107,0.536387,0.5,0.6,0.156075,0.1,0.2,2.06633e-05,127248,7265.27,6362.39,0.01,0.95,10,10000,0.938,0.497,22,14,0.0488937,0,0.636364
1842,10000,4.77516,4.21697,5.62342,0.003215,0.00251189,0.00398107,0.546776,0.5,0.6,0.259561,0.2,0.3,2.06633e-05,219792,8077.08,10989.6,0.01,0.95,10,10000,0.938,0.497,38,30,0.0334007,0,0.789474
1843,10000,4.74699,4.21697,5.62342,0.00327111,0.00251189,0.00398107,0.53905,0.5,0.6,0.349918,0.3,0.4,2.06633e-05,306551,9144.32,15327.6,0.01,0.95,10,10000,0.938,0.497,53,44,0.0275798,0,0.830189
1844,10000,4.67335,4.21697,5.62342,0.00327191,0.00251189,0.00398107,0.545353,0.5,0.6,0.457109,0.4,0.5,2.06633e-05,329687,10265.4,16484.4,0.01,0.95,10,10000,0.938,0.497,57,43,0.0278986,0,0.754386
1845,10000,4.84427,4.21697,5.62342,0.0032886,0.00251189,0.00398107,0.541568,0.5,0.6,0.550458,0.5,0.6,2.06633e-05,242927,7728.88,12146.4,0.01,0.95,10,10000,0.938,0.497,42,37,0.0300757,0,0.880952
1846,10000,4.69306,4.21697,5.62342,0.00323715,0.00251189,0.00398107,0.54155,0.5,0.6,0.652616,0.6,0.7,2.06633e-05,277631,7643.12,13881.6,0.01,0.95,10,10000,0.938,0.497,48,46,0.0269735,0,0.958333
1847,10000,4.74603,4.21697,5.62342,0.00334821,0.00251189,0.00398107,0.55085,0.5,0.6,0.748002,0.7,0.8,2.06633e-05,225576,8589.65,11278.8,0.01,0.95,10,10000,0.938,0.497,39,29,0.0339717,0,0.74359
1848,10000,4.68291,4.21697,5.62342,0.00328115,0.00251189,0.00398107,0.547331,0.5,0.6,0.845521,0.8,0.9,2.06633e-05,248711,7985.01,12435.6,0.01,0.95,10,10000,0.938,0.497,43,37,0.0300757,0,0.860465
1849,10000,4.72206,4.21697,5.62342,0.00348806,0.00251189,0.00398107,0.546565,0.5,0.6,0.960599,0.9,1,2.06633e-05,173520,7617.02,8675.98,0.01,0.95,10,10000,0.938,0.497,30,22,0.0390037,0,0.733333
1850,10000,4.73303,4.21697,5.62342,0.00326014,0.00251189,0.00398107,0.547423,0.5,0.6,1.19649,1,1.5,0.000103316,106425,2419.76,5321.27,0.01,0.95,10,10000,0.938,0.497,92,76,0.020985,0,0.826087
1851,10000,4.60715,4.21697,5.62342,0.0031597,0.00251189,0.00398107,0.637158,0.6,0.7,0.0806369,0,0.1,2.06633e-05,17352,-nan,867.598,0.01,0.95,10,10000,0.938,0.497,3,4,0.0914717,0,1.33333
1852,10000,4.66845,4.21697,5.62342,0.00314575,0.00251189,0.00398107,0.655338,0.6,0.7,0.169142,0.1,0.2,2.06633e-05,46271.9,2992.88,2313.59,0.01,0.95,10,10000,0.938,0.497,8,8,0.0646803,0,1
1853,10000,4.63486,4.21697,5.62342,0.00297297,0.00251189,0.00398107,0.645618,0.6,0.7,0.265212,0.2,0.3,2.06633e-05,127248,6565.6,6362.39,0.01,0.95,10,10000,0.938,0.497,22,16,0.0457358,0,0.727273
1854,10000,4.58372,4.21697,5.62342,0.00327624,0.00251189,0.00398107,0.6342,0.6,0.7,0.346808,0.3,0.4,2.06633e-05,173520,-nan,8675.98,0.01,0.95,10,10000,0.938,0.497,30,31,0.0328576,0,1.03333
1855,10000,4.68947,4.21697,5.62342,0.00320661,0.00251189,0.00398107,0.649277,0.6,0.7,0.451239,0.4,0.5,2.06633e-05,214008,6981.29,10700.4,0.01,0.95,10,10000,0.938,0.497,37,34,0.0313745,0,0.918919
1856,10000,4.604,4.21697,5.62342,0.00306891,0.00251189,0.00398107,0.638703,0.6,0.7,0.554382,0.5,0.6,2.06633e-05,144600,6479.77,7229.98,0.01,0.95,10,10000,0.938,0.497,25,20,0.0409074,0,0.8
1857,10000,4.66326,4.21697,5.62342,0.0034888,0.00251189,0.00398107,0.637938,0.6,0.7,0.645359,0.6,0.7,2.06633e-05,202440,8666.65,10122,0.01,0.95,10,10000,0.938,0.497,35,24,0.0373432,0,0.685714
1858,10000,4.83149,4.21697,5.62342,0.00317354,0.00251189,0.00398107,0.651321,0.6,0.7,0.754263,0.7,0.8,2.06633e-05,133032,-nan,6651.59,0.01,0.95,10,10000,0.938,0.497,23,24,0.0373432,0,1.04348
1859,10000,4.71858,4.21697,5.62342,0.00341212,0.00251189,0.00398107,0.631249,0.6,0.7,0.85331,0.8,0.9,2.06633e-05,86759.8,4686.43,4337.99,0.01,0.95,10,10000,0.938,0.497,15,13,0.0507394,0,0.866667
1860,10000,4.58228,4.21697,5.62342,0.00327159,0.00251189,0.00398107,0.646114,0.6,0.7,0.953545,0.9,1,2.06633e-05,98327.8,5214.58,4916.39,0.01,0.95,10,10000,0.938,0.497,17,14,0.0488937,0,0.823529
1861,10000,4.68629,4.21697,5.62342,0.00324058,0.00251189,0.00398107,0.639302,0.6,0.7,1.24885,1,1.5,0.000103316,54369.5,1722.95,2718.47,0.01,0.95,10,10000,0.938,0.497,47,39,0.0292944,0,0.829787
1862,10000,5.08477,4.21697,5.62342,0.00335025,0.00251189,0.00398107,0.70809,0.7,0.8,0.0783756,0,0.1,2.06633e-05,17352,2591.91,867.598,0.01,0.95,10,10000,0.938,0.497,3,2,0.129361,0,0.666667
1863,10000,4.93196,4.21697,5.62342,0.00325137,0.00251189,0.00398107,0.740997,0.7,0.8,0.160276,0.1,0.2,2.06633e-05,34703.9,2591.91,1735.2,0.01,0.95,10,10000,0.938,0.497,6,6,0.0746863,0,1
1864,10000,4.75737,4.21697,5.62342,0.00318943,0.00251189,0.00398107,0.750739,0.7,0.8,0.256427,0.2,0.3,2.06633e-05,52055.9,3549.12,2602.79,0.01,0.95,10,10000,0.938,0.497,9,8,0.0646803,0,0.888889
1865,10000,4.82267,4.21697,5.62342,0.00339919,0.00251189,0.00398107,0.753958,0.7,0.8,0.356753,0.3,0.4,2.06633e-05,34703.9,-nan,1735.2,0.01,0.95,10,10000,0.938,0.497,6,9,0.0609811,0,1.5
1866,10000,4.60483,4.21697,5.62342,0.00340911,0.00251189,0.00398107,0.740245,0.7,0.8,0.454146,0.4,0.5,2.06633e-05,57839.9,4098.17,2891.99,0.01,0.95,10,10000,0.938,0.497,10,8,0.0646803,0,0.8
1867,10000,4.99729,4.21697,5.62342,0.00324893,0.00251189,0.00398107,0.738899,0.7,0.8,0.555677,0.5,0.6,2.06633e-05,46271.9,3393.61,2313.59,0.01,0.95,10,10000,0.938,0.497,8,7,0.0691461,0,0.875
1868,10000,4.82839,4.21697,5.62342,0.00329536,0.00251189,0.00398107,0.734984,0.7,0.8,0.656851,0.6,0.7,2.06633e-05,63623.9,4217.85,3181.19,0.01,0.95,10,10000,0.938,0.497,11,9,0.0609811,0,0.818182
1869,10000,4.67726,4.21697,5.62342,0.00307957,0.00251189,0.00398107,0.758412,0.7,0.8,0.757935,0.7,0.8,2.06633e-05,28919.9,2897.84,1446,0.01,0.95,10,10000,0.938,0.497,5,4,0.0914717,0,0.8
1870,10000,4.7787,4.21697,5.62342,0.00337368,0.00251189,0.00398107,0.749909,0.7,0.8,0.859854,0.8,0.9,2.06633e-05,98327.8,5214.58,4916.39,0.01,0.95,10,10000,0.938,0.497,17,14,0.0488937,0,0.823529
1871,10000,4.79579,4.21697,5.62342,0.00324573,0.00251189,0.00398107,0.735053,0.7,0.8,0.940149,0.9,1,2.06633e-05,52055.9,3549.12,2602.79,0.01,0.95,10,10000,0.938,0.497,9,8,0.0646803,0,0.888889
1872,10000,4.76543,4.21697,5.62342,0.00339998,0.00251189,0.00398107,0.745926,0.7,0.8,1.17664,1,1.5,0.000103316,20822.4,1194.27,1041.12,0.01,0.95,10,10000,0.938,0.497,18,13,0.0507394,0,0.722222
1873,10000,4.99857,4.21697,5.62342,0.00352597,0.00251189,0.00398107,0.846951,0.8,0.9,0.137179,0.1,0.2,2.06633e-05,34703.9,2591.91,1735.2,0.01,0.95,10,10000,0.938,0.497,6,6,0.0746863,0,1
1874,10000,4.60837,4.21697,5.62342,0.00310599,0.00251189,0.00398107,0.822255,0.8,0.9,0.298826,0.2,0.3,2.06633e-05,23135.9,5599.16,1156.8,0.01,0.95,10,10000,0.938,0.497,4,1,0.182943,0,0.25
1875,10000,4.712,4.21697,5.62342,0.00328023,0.00251189,0.00398107,0.848349,0.8,0.9,0.358269,0.3,0.4,2.06633e-05,40487.9,4426.53,2024.4,0.01,0.95,10,10000,0.938,0.497,7,4,0.0914717,0,0.571429
1876,10000,5.06778,4.21697,5.62342,0.00305236,0.00251189,0.00398107,0.858387,0.8,0.9,0.453965,0.4,0.5,2.06633e-05,23135.9,2732.11,1156.8,0.01,0.95,10,10000,0.938,0.497,4,3,0.105622,0,0.75
1877,10000,4.79355,4.21697,5.62342,0.00372886,0.00251189,0.00398107,0.855346,0.8,0.9,0.541684,0.5,0.6,2.06633e-05,28919.9,3614.24,1446,0.01,0.95,10,10000,0.938,0.497,5,3,0.105622,0,0.6
1878,10000,4.63826,4.21697,5.62342,0.00317409,0.00251189,0.00398107,0.828727,0.8,0.9,0.641937,0.6,0.7,2.06633e-05,46271.9,2992.88,2313.59,0.01,0.95,10,10000,0.938,0.497,8,8,0.0646803,0,1
1879,10000,5.23382,4.21697,5.62342,0.0031498,0.00251189,0.00398107,0.856119,0.8,0.9,0.732943,0.7,0.8,2.06633e-05,11568,1496.44,578.399,0.01,0.95,10,10000,0.938,0.497,2,2,0.129361,0,1
1880,10000,4.79684,4.21697,5.62342,0.00311222,0.00251189,0.00398107,0.821549,0.8,0.9,0.876344,0.8,0.9,2.06633e-05,11568,1496.44,578.399,0.01,0.95,10,10000,0.938,0.497,2,2,0.129361,0,1
1881,10000,4.58344,4.21697,5.62342,0.00335639,0.00251189,0.00398107,0.827408,0.8,0.9,1.2404,1,1.5,0.000103316,10411.2,634.885,520.559,0.01,0.95,10,10000,0.938,0.497,9,9,0.0609811,0,1
1882,10000,4.85996,4.21697,5.62342,0.00317449,0.00251189,0.00398107,0.915364,0.9,1,0.148892,0.1,0.2,2.06633e-05,23135.9,2116.28,1156.8,0.01,0.95,10,10000,0.938,0.497,4,4,0.0914717,0,1
1883,10000,4.4047,4.21697,5.62342,0.00338283,0.00251189,0.00398107,0.941382,0.9,1,0.448858,0.4,0.5,2.06633e-05,23135.9,2732.11,1156.8,0.01,0.95,10,10000,0.938,0.497,4,3,0.105622,0,0.75
1884,10000,4.97894,4.21697,5.62342,0.0033436,0.00251189,0.00398107,0.92914,0.9,1,0.548121,0.5,0.6,2.06633e-05,34703.9,5795.68,1735.2,0.01,0.95,10,10000,0.938,0.497,6,2,0.129361,0,0.333333
1885,10000,4.92585,4.21697,5.62342,0.0035488,0.00251189,0.00398107,0.963352,0.9,1,0.647207,0.6,0.7,2.06633e-05,5783.99,-nan,289.199,0.01,0.95,10,10000,0.938,0.497,1,4,0.0914717,0,4
1886,10000,4.63195,4.21697,5.62342,0.00331613,0.00251189,0.00398107,0.936581,0.9,1,0.768155,0.7,0.8,2.06633e-05,28919.9,4732.16,1446,0.01,0.95,10,10000,0.938,0.497,5,2,0.129361,0,0.4
1887,10000,4.35684,4.21697,5.62342,0.00354134,0.00251189,0.00398107,0.944773,0.9,1,0.892628,0.8,0.9,2.06633e-05,5783.99,1058.14,289.199,0.01,0.95,10,10000,0.938,0.497,1,1,0.182943,0,1
1888,10000,4.32589,4.21697,5.62342,0.00261554,0.00251189,0.00398107,0.906613,0.9,1,1.00763,1,1.5,0.000103316,1156.8,211.628,57.8399,0.01,0.95,10,10000,0.938,0.497,1,1,0.182943,0,1
1889,10000,4.7142,4.21697,5.62342,0.00528293,0.00398107,0.00630957,0.0795106,0.05,0.1,0.0640061,0,0.1,1.63746e-05,3.51806e+06,134049,175903,0.01,0.95,10,10000,0.938,0.497,482,44,0.0275798,0,0.0912863
1890,10000,4.73529,4.21697,5.62342,0.00507866,0.00398107,0.00630957,0.0710448,0.05,0.1,0.151556,0.1,0.2,1.63746e-05,8.34992e+06,191966,417496,0.01,0.95,10,10000,0.938,0.497,1144,120,0.0167004,0,0.104895
1891,10000,4.79472,4.21697,5.62342,0.00509126,0.00398107,0.00630957,0.0739602,0.05,0.1,0.253398,0.2,0.3,1.63746e-05,1.10724e+07,215487,553620,0.01,0.95,10,10000,0.938,0.497,1517,167,0.0141566,0,0.110086
1892,10000,4.75562,4.21697,5.62342,0.0051843,0.00398107,0.00630957,0.0749534,0.05,0.1,0.352747,0.3,0.4,1.63746e-05,1.10724e+07,150932,553620,0.01,0.95,10,10000,0.938,0.497,1517,322,0.010195,0,0.212261
1893,10000,4.76493,4.21697,5.62342,0.00518696,0.00398107,0.00630957,0.0723468,0.05,0.1,0.451938,0.4,0.5,1.63746e-05,9.83889e+06,103634,491944,0.01,0.95,10,10000,0.938,0.497,1348,493,0.00823936,0,0.365727
1894,10000,4.78054,4.21697,5.62342,0.00511366,0.00398107,0.00630957,0.0717291,0.05,0.1,0.549918,0.5,0.6,1.63746e-05,7.53244e+06,80212.8,376622,0.01,0.95,10,10000,0.938,0.497,1032,459,0.00853907,0,0.444767
1895,10000,4.77267,4.21697,5.62342,0.0050942,0.00398107,0.00630957,0.0727224,0.05,0.1,0.649603,0.6,0.7,1.63746e-05,5.99968e+06,60057.8,299984,0.01,0.95,10,10000,0.938,0.497,822,475,0.00839402,0,0.577859
1896,10000,4.84395,4.21697,5.62342,0.00501913,0.00398107,0.00630957,0.0719581,0.05,0.1,0.746867,0.7,0.8,1.63746e-05,4.12387e+06,44589.8,206193,0.01,0.95,10,10000,0.938,0.497,565,380,0.0093848,0,0.672566
1897,10000,4.78392,4.21697,5.62342,0.00503371,0.00398107,0.00630957,0.0720999,0.05,0.1,0.848322,0.8,0.9,1.63746e-05,2.88306e+06,33465.1,144153,0.01,0.95,10,10000,0.938,0.497,395,305,0.0104753,0,0.772152
1898,10000,4.77505,4.21697,5.62342,0.00511562,0.00398107,0.00630957,0.074329,0.05,0.1,0.947227,0.9,1,1.63746e-05,2.12397e+06,27287.7,106199,0.01,0.95,10,10000,0.938,0.497,291,239,0.0118336,0,0.821306
1899,10000,4.85044,4.21697,5.62342,0.00501989,0.00398107,0.00630957,0.0737727,0.05,0.1,1.18256,1,1.5,8.18729e-05,870026,7643.61,43501.3,0.01,0.95,10,10000,0.938,0.497,596,502,0.00816516,0,0.842282
1900,10000,4.92824,4.21697,5.62342,0.00498314,0.00398107,0.00630957,0.130847,0.1,0.15,0.0649755,0,0.1,1.63746e-05,2.09478e+06,56212.4,104739,0.01,0.95,10,10000,0.938,0.497,287,80,0.0204537,0,0.278746
1901,10000,4.92185,4.21697,5.62342,0.00499234,0.00398107,0.00630957,0.128902,0.1,0.15,0.155991,0.1,0.2,1.63746e-05,5.67123e+06,79741.8,283561,0.01,0.95,10,10000,0.938,0.497,777,278,0.0109722,0,0.357786
1902,10000,4.86037,4.21697,5.62342,0.004989,0.00398107,0.00630957,0.127298,0.1,0.15,0.25281,0.2,0.3,1.63746e-05,6.80255e+06,81093.9,340128,0.01,0.95,10,10000,0.938,0.497,932,376,0.00943459,0,0.403433
1903,10000,4.84743,4.21697,5.62342,0.00497857,0.00398107,0.00630957,0.125717,0.1,0.15,0.349948,0.3,0.4,1.63746e-05,7.10911e+06,79849.4,355455,0.01,0.95,10,10000,0.938,0.497,974,417,0.00895878,0,0.428131
1904,10000,4.82737,4.21697,5.62342,0.00501995,0.00398107,0.00630957,0.126165,0.1,0.15,0.448621,0.4,0.5,1.63746e-05,6.25514e+06,67547.9,312757,0.01,0.95,10,10000,0.938,0.497,857,430,0.00882231,0,0.50175
1905,10000,4.82598,4.21697,5.62342,0.00498821,0.00398107,0.00630957,0.124634,0.1,0.15,0.549411,0.5,0.6,1.63746e-05,5.27709e+06,58261.4,263854,0.01,0.95,10,10000,0.938,0.497,723,398,0.00917012,0,0.550484
1906,10000,4.80807,4.21697,5.62342,0.00499946,0.00398107,0.00630957,0.123639,0.1,0.15,0.646707,0.6,0.7,1.63746e-05,4.05088e+06,46941.2,202544,0.01,0.95,10,10000,0.938,0.497,555,344,0.00986365,0,0.61982
1907,10000,4.83968,4.21697,5.62342,0.00501049,0.00398107,0.00630957,0.124773,0.1,0.15,0.749634,0.7,0.8,1.63746e-05,3.09472e+06,38644.5,154736,0.01,0.95,10,10000,0.938,0.497,424,285,0.0108366,0,0.67217
1908,10000,4.83189,4.21697,5.62342,0.00503433,0.00398107,0.00630957,0.125099,0.1,0.15,0.849278,0.8,0.9,1.63746e-05,2.04369e+06,28626.8,102184,0.01,0.95,10,10000,0.938,0.497,280,212,0.0125646,0,0.757143
1909,10000,4.83768,4.21697,5.62342,0.00496508,0.00398107,0.00630957,0.122903,0.1,0.15,0.946626,0.9,1,1.63746e-05,1.49627e+06,24521.9,74813.5,0.01,0.95,10,10000,0.938,0.497,205,155,0.0146944,0,0.756098
1910,10000,4.82045,4.21697,5.62342,0.00509981,0.00398107,0.00630957,0.124289,0.1,0.15,1.19579,1,1.5,8.18729e-05,680255,6917.44,34012.8,0.01,0.95,10,10000,0.938,0.497,466,382,0.0093602,0,0.819742
1911,10000,4.68789,4.21697,5.62342,0.00506301,0.00398107,0.00630957,0.173436,0.15,0.2,0.0667843,0,0.1,1.63746e-05,1.44518e+06,25548.5,72258.9,0.01,0.95,10,10000,0.938,0.497,198,139,0.0155171,0,0.70202
1912,10000,4.8007,4.21697,5.62342,0.00513275,0.00398107,0.00630957,0.174893,0.15,0.2,0.151399,0.1,0.2,1.63746e-05,3.30639e+06,36582.1,165320,0.01,0.95,10,10000,0.938,0.497,453,341,0.00990694,0,0.752759
1913,10000,4.77343,4.21697,5.62342,0.00508067,0.00398107,0.00630957,0.173731,0.15,0.2,0.252343,0.2,0.3,1.63746e-05,4.94134e+06,48674.9,247067,0.01,0.95,10,10000,0.938,0.497,677,457,0.00855773,0,0.675037
1914,10000,4.76263,4.21697,5.62342,0.00512343,0.00398107,0.00630957,0.175084,0.15,0.2,0.34854,0.3,0.4,1.63746e-05,4.94134e+06,46806,247067,0.01,0.95,10,10000,0.938,0.497,677,481,0.0083415,0,0.710487
1915,10000,4.7825,4.21697,5.62342,0.00503645,0.00398107,0.00630957,0.173935,0.15,0.2,0.45034,0.4,0.5,1.63746e-05,4.75887e+06,47860,237943,0.01,0.95,10,10000,0.938,0.497,652,439,0.00873141,0,0.673313
1916,10000,4.76352,4.21697,5.62342,0.00503415,0.00398107,0.00630957,0.17508,0.15,0.2,0.549029,0.5,0.6,1.63746e-05,3.55455e+06,41737,177728,0.01,0.95,10,10000,0.938,0.497,487,324,0.0101635,0,0.665298
1917,10000,4.81229,4.21697,5.62342,0.00505325,0.00398107,0.00630957,0.173792,0.15,0.2,0.650464,0.6,0.7,1.63746e-05,3.21151e+06,40365.4,160575,0.01,0.95,10,10000,0.938,0.497,440,286,0.0108177,0,0.65
1918,10000,4.81069,4.21697,5.62342,0.0050212,0.00398107,0.00630957,0.174584,0.15,0.2,0.745788,0.7,0.8,1.63746e-05,2.09478e+06,28380.2,104739,0.01,0.95,10,10000,0.938,0.497,287,223,0.0122508,0,0.777003
1919,10000,4.76391,4.21697,5.62342,0.00499836,0.00398107,0.00630957,0.171283,0.15,0.2,0.849251,0.8,0.9,1.63746e-05,1.65685e+06,26125.5,82842.3,0.01,0.95,10,10000,0.938,0.497,227,169,0.0140726,0,0.744493
1920,10000,4.83181,4.21697,5.62342,0.00502726,0.00398107,0.00630957,0.173088,0.15,0.2,0.947472,0.9,1,1.63746e-05,1.22621e+06,22486.1,61310.6,0.01,0.95,10,10000,0.938,0.497,168,125,0.016363,0,0.744048
1921,10000,4.79781,4.21697,5.62342,0.00503706,0.00398107,0.00630957,0.173689,0.15,0.2,1.19958,1,1.5,8.18729e-05,506542,5768.5,25327.1,0.01,0.95,10,10000,0.938,0.497,347,296,0.0106334,0,0.853026
1922,10000,4.82511,4.21697,5.62342,0.00504027,0.00398107,0.00630957,0.221738,0.2,0.25,0.0687492,0,0.1,1.63746e-05,810175,17359.8,40508.8,0.01,0.95,10,10000,0.938,0.497,111,88,0.0195018,0,0.792793
1923,10000,4.77028,4.21697,5.62342,0.00509891,0.00398107,0.00630957,0.22308,0.2,0.25,0.156255,0.1,0.2,1.63746e-05,2.35754e+06,29716.1,117877,0.01,0.95,10,10000,0.938,0.497,323,255,0.0114564,0,0.789474
1924,10000,4.74164,4.21697,5.62342,0.00510354,0.00398107,0.00630957,0.222556,0.2,0.25,0.250893,0.2,0.3,1.63746e-05,3.19691e+06,32987.9,159845,0.01,0.95,10,10000,0.938,0.497,438,366,0.0095626,0,0.835616
1925,10000,4.73592,4.21697,5.62342,0.00510262,0.00398107,0.00630957,0.223097,0.2,0.25,0.34973,0.3,0.4,1.63746e-05,3.37208e+06,35119.5,168604,0.01,0.95,10,10000,0.938,0.497,462,370,0.00951077,0,0.800866
1926,10000,4.77944,4.21697,5.62342,0.0051113,0.00398107,0.00630957,0.223451,0.2,0.25,0.44844,0.4,0.5,1.63746e-05,3.08743e+06,33175.4,154371,0.01,0.95,10,10000,0.938,0.497,423,344,0.00986365,0,0.813239
1927,10000,4.78628,4.21697,5.62342,0.00519126,0.00398107,0.00630957,0.224145,0.2,0.25,0.547688,0.5,0.6,1.63746e-05,2.78817e+06,34604.2,139409,0.01,0.95,10,10000,0.938,0.497,382,277,0.010992,0,0.725131
1928,10000,4.80606,4.21697,5.62342,0.0050228,0.00398107,0.00630957,0.223193,0.2,0.25,0.647458,0.6,0.7,1.63746e-05,2.10208e+06,30484.5,105104,0.01,0.95,10,10000,0.938,0.497,288,205,0.0127773,0,0.711806
1929,10000,4.75199,4.21697,5.62342,0.00502021,0.00398107,0.00630957,0.223213,0.2,0.25,0.747428,0.7,0.8,1.63746e-05,1.57656e+06,26907.8,78827.9,0.01,0.95,10,10000,0.938,0.497,216,150,0.0149373,0,0.694444
1930,10000,4.80137,4.21697,5.62342,0.00512852,0.00398107,0.00630957,0.223833,0.2,0.25,0.846697,0.8,0.9,1.63746e-05,1.40138e+06,25564.5,70069.2,0.01,0.95,10,10000,0.938,0.497,192,132,0.0159232,0,0.6875
1931,10000,4.7385,4.21697,5.62342,0.00512833,0.00398107,0.00630957,0.222268,0.2,0.25,0.945803,0.9,1,1.63746e-05,853969,17626.5,42698.4,0.01,0.95,10,10000,0.938,0.497,117,94,0.0188692,0,0.803419
1932,10000,4.79229,4.21697,5.62342,0.00513841,0.00398107,0.00630957,0.224315,0.2,0.25,1.19743,1,1.5,8.18729e-05,404358,5497.22,20217.9,0.01,0.95,10,10000,0.938,0.497,277,219,0.0123622,0,0.790614
1933,10000,4.82969,4.21697,5.62342,0.00518675,0.00398107,0.00630957,0.272669,0.25,0.3,0.0661895,0,0.1,1.63746e-05,481726,12253.1,24086.3,0.01,0.95,10,10000,0.938,0.497,66,58,0.0240216,0,0.878788
1934,10000,4.75539,4.21697,5.62342,0.00509679,0.00398107,0.00630957,0.274573,0.25,0.3,0.149971,0.1,0.2,1.63746e-05,1.46707e+06,23041.9,73353.7,0.01,0.95,10,10000,0.938,0.497,201,162,0.0143734,0,0.80597
1935,10000,4.72085,4.21697,5.62342,0.00510113,0.00398107,0.00630957,0.272892,0.25,0.3,0.250328,0.2,0.3,1.63746e-05,1.81742e+06,25190.1,90871,0.01,0.95,10,10000,0.938,0.497,249,205,0.0127773,0,0.823293
1936,10000,4.78962,4.21697,5.62342,0.00513764,0.00398107,0.00630957,0.273064,0.25,0.3,0.349379,0.3,0.4,1.63746e-05,2.06558e+06,26085.5,103279,0.01,0.95,10,10000,0.938,0.497,283,241,0.0117844,0,0.85159
1937,10000,4.75301,4.21697,5.62342,0.00505968,0.00398107,0.00630957,0.275114,0.25,0.3,0.452013,0.4,0.5,1.63746e-05,1.9707e+06,26563.5,98534.9,0.01,0.95,10,10000,0.938,0.497,270,219,0.0123622,0,0.811111
1938,10000,4.72145,4.21697,5.62342,0.00511989,0.00398107,0.00630957,0.273575,0.25,0.3,0.547417,0.5,0.6,1.63746e-05,1.98529e+06,29111.4,99264.7,0.01,0.95,10,10000,0.938,0.497,272,198,0.0130012,0,0.727941
1939,10000,4.79168,4.21697,5.62342,0.00519153,0.00398107,0.00630957,0.27373,0.25,0.3,0.648229,0.6,0.7,1.63746e-05,1.69334e+06,25431.4,84667,0.01,0.95,10,10000,0.938,0.497,232,181,0.0135981,0,0.780172
1940,10000,4.76584,4.21697,5.62342,0.00507629,0.00398107,0.00630957,0.274419,0.25,0.3,0.74547,0.7,0.8,1.63746e-05,1.13862e+06,22132.1,56931.2,0.01,0.95,10,10000,0.938,0.497,156,113,0.0172099,0,0.724359
1941,10000,4.82084,4.21697,5.62342,0.00512404,0.00398107,0.00630957,0.271259,0.25,0.3,0.848372,0.8,0.9,1.63746e-05,1.01454e+06,21849.6,50727.2,0.01,0.95,10,10000,0.938,0.497,139,95,0.0187696,0,0.683453
1942,10000,4.78578,4.21697,5.62342,0.00511622,0.00398107,0.00630957,0.270817,0.25,0.3,0.942342,0.9,1,1.63746e-05,780980,19602.1,39049,0.01,0.95,10,10000,0.938,0.497,107,71,0.0217114,0,0.663551
1943,10000,4.80531,4.21697,5.62342,0.00516002,0.00398107,0.00630957,0.273646,0.25,0.3,1.19243,1,1.5,8.18729e-05,334289,5334.69,16714.4,0.01,0.95,10,10000,0.938,0.497,229,167,0.0141566,0,0.729258
1944,10000,4.79762,4.21697,5.62342,0.00499418,0.00398107,0.00630957,0.340457,0.3,0.4,0.0632123,0,0.1,3.27492e-05,291955,7919.07,14597.8,0.01,0.95,10,10000,0.938,0.497,80,58,0.0240216,0,0.725
1945,10000,4.75562,4.21697,5.62342,0.00513204,0.00398107,0.00630957,0.340878,0.3,0.4,0.154657,0.1,0.2,3.27492e-05,751784,11375.9,37589.2,0.01,0.95,10,10000,0.938,0.497,206,171,0.01399,0,0.830097
1946,10000,4.75316,4.21697,5.62342,0.00508001,0.00398107,0.00630957,0.34206,0.3,0.4,0.253014,0.2,0.3,3.27492e-05,1.12768e+06,14383.4,56383.8,0.01,0.95,10,10000,0.938,0.497,309,247,0.0116404,0,0.799353
1947,10000,4.7585,4.21697,5.62342,0.00508718,0.00398107,0.00630957,0.345064,0.3,0.4,0.350688,0.3,0.4,3.27492e-05,1.17877e+06,13936.9,58938.4,0.01,0.95,10,10000,0.938,0.497,323,275,0.0110319,0,0.851393
1948,10000,4.74628,4.21697,5.62342,0.00503976,0.00398107,0.00630957,0.347031,0.3,0.4,0.44711,0.4,0.5,3.27492e-05,1.13133e+06,14300.6,56566.3,0.01,0.95,10,10000,0.938,0.497,310,250,0.0115704,0,0.806452
1949,10000,4.81009,4.21697,5.62342,0.00513417,0.00398107,0.00630957,0.343444,0.3,0.4,0.547994,0.5,0.6,3.27492e-05,1.10213e+06,13390.8,55106.5,0.01,0.95,10,10000,0.938,0.497,302,259,0.0113675,0,0.857616
1950,10000,4.75669,4.21697,5.62342,0.00508167,0.00398107,0.00630957,0.343185,0.3,0.4,0.648895,0.6,0.7,3.27492e-05,959802,12474.6,47990.1,0.01,0.95,10,10000,0.938,0.497,263,226,0.0121692,0,0.859316
1951,10000,4.79988,4.21697,5.62342,0.00511189,0.00398107,0.00630957,0.347823,0.3,0.4,0.75192,0.7,0.8,3.27492e-05,788279,12240.6,39413.9,0.01,0.95,10,10000,0.938,0.497,216,169,0.0140726,0,0.782407
1952,10000,4.80162,4.21697,5.62342,0.00509776,0.00398107,0.00630957,0.34566,0.3,0.4,0.84963,0.8,0.9,3.27492e-05,594859,10669.9,29742.9,0.01,0.95,10,10000,0.938,0.497,163,127,0.0162336,0,0.779141
1953,10000,4.81962,4.21697,5.62342,0.00509184,0.00398107,0.00630957,0.349342,0.3,0.4,0.955547,0.9,1,3.27492e-05,419685,9351.18,20984.3,0.01,0.95,10,10000,0.938,0.497,115,85,0.019843,0,0.73913
1954,10000,4.79276,4.21697,5.62342,0.00502908,0.00398107,0.00630957,0.345303,0.3,0.4,1.1821,1,1.5,0.000163746,213127,2956.49,10656.4,0.01,0.95,10,10000,0.938,0.497,292,218,0.0123905,0,0.746575
1955,10000,4.86421,4.21697,5.62342,0.0048125,0.00398107,0.00630957,0.44329,0.4,0.5,0.0680441,0,0.1,3.27492e-05,102184,4929.99,5109.21,0.01,0.95,10,10000,0.938,0.497,28,19,0.0419701,0,0.678571
1956,10000,4.84287,4.21697,5.62342,0.00498505,0.00398107,0.00630957,0.441841,0.4,0.5,0.154121,0.1,0.2,3.27492e-05,313852,7656.92,15692.6,0.01,0.95,10,10000,0.938,0.497,86,68,0.0221851,0,0.790698
1957,10000,4.80641,4.21697,5.62342,0.00507449,0.00398107,0.00630957,0.442704,0.4,0.5,0.253556,0.2,0.3,3.27492e-05,452530,9275.9,22626.5,0.01,0.95,10,10000,0.938,0.497,124,97,0.0185751,0,0.782258
1958,10000,4.75604,4.21697,5.62342,0.00517295,0.00398107,0.00630957,0.442169,0.4,0.5,0.353872,0.3,0.4,3.27492e-05,489025,8779.92,24451.2,0.01,0.95,10,10000,0.938,0.497,134,117,0.0169131,0,0.873134
1959,10000,4.80851,4.21697,5.62342,0.00500148,0.00398107,0.00630957,0.436188,0.4,0.5,0.448453,0.4,0.5,3.27492e-05,463479,9260.4,23173.9,0.01,0.95,10,10000,0.938,0.497,127,101,0.0182035,0,0.795276
1960,10000,4.77095,4.21697,5.62342,0.00509127,0.00398107,0.00630957,0.444384,0.4,0.5,0.54829,0.5,0.6,3.27492e-05,536468,9956.24,26823.4,0.01,0.95,10,10000,0.938,0.497,147,117,0.0169131,0,0.795918
1961,10000,4.762,4.21697,5.62342,0.00502551,0.00398107,0.00630957,0.438855,0.4,0.5,0.650283,0.6,0.7,3.27492e-05,445232,8849.2,22261.6,0.01,0.95,10,10000,0.938,0.497,122,100,0.0182943,0,0.819672
1962,10000,4.71613,4.21697,5.62342,0.00504483,0.00398107,0.00630957,0.443242,0.4,0.5,0.749631,0.7,0.8,3.27492e-05,503623,9349.48,25181.1,0.01,0.95,10,10000,0.938,0.497,138,114,0.0171342,0,0.826087
1963,10000,4.80499,4.21697,5.62342,0.0051579,0.00398107,0.00630957,0.442103,0.4,0.5,0.852289,0.8,0.9,3.27492e-05,317501,6989.45,15875.1,0.01,0.95,10,10000,0.938,0.497,87,77,0.0208483,0,0.885057
1964,10000,4.76952,4.21697,5.62342,0.00526717,0.00398107,0.00630957,0.442731,0.4,0.5,0.952425,0.9,1,3.27492e-05,277357,7409.68,13867.9,0.01,0.95,10,10000,0.938,0.497,76,58,0.0240216,0,0.763158
1965,10000,4.79462,4.21697,5.62342,0.00507923,0.00398107,0.00630957,0.448039,0.4,0.5,1.19453,1,1.5,0.000163746,151087,2348.17,7554.34,0.01,0.95,10,10000,0.938,0.497,207,166,0.0141992,0,0.801932
1966,10000,4.87444,4.21697,5.62342,0.00530357,0.00398107,0.00630957,0.542583,0.5,0.6,0.0492029,0,0.1,3.27492e-05,54741.6,4687.09,2737.08,0.01,0.95,10,10000,0.938,0.497,15,7,0.0691461,0,0.466667
1967,10000,4.86302,4.21697,5.62342,0.00509958,0.00398107,0.00630957,0.54759,0.5,0.6,0.160139,0.1,0.2,3.27492e-05,131380,4354.81,6568.99,0.01,0.95,10,10000,0.938,0.497,36,33,0.0318464,0,0.916667
1968,10000,4.79351,4.21697,5.62342,0.00498194,0.00398107,0.00630957,0.547564,0.5,0.6,0.255379,0.2,0.3,3.27492e-05,255461,6450.02,12773,0.01,0.95,10,10000,0.938,0.497,70,60,0.0236179,0,0.857143
1969,10000,4.73631,4.21697,5.62342,0.00513417,0.00398107,0.00630957,0.549132,0.5,0.6,0.350173,0.3,0.4,3.27492e-05,237214,6487.94,11860.7,0.01,0.95,10,10000,0.938,0.497,65,53,0.0251292,0,0.815385
1970,10000,4.74191,4.21697,5.62342,0.00508763,0.00398107,0.00630957,0.5463,0.5,0.6,0.449568,0.4,0.5,3.27492e-05,295605,7246.85,14780.2,0.01,0.95,10,10000,0.938,0.497,81,66,0.0225188,0,0.814815
1971,10000,4.77019,4.21697,5.62342,0.00501215,0.00398107,0.00630957,0.543633,0.5,0.6,0.546796,0.5,0.6,3.27492e-05,237214,5997.24,11860.7,0.01,0.95,10,10000,0.938,0.497,65,58,0.0240216,0,0.892308
1972,10000,4.83493,4.21697,5.62342,0.00514994,0.00398107,0.00630957,0.551901,0.5,0.6,0.642977,0.6,0.7,3.27492e-05,281007,7136.52,14050.3,0.01,0.95,10,10000,0.938,0.497,77,62,0.0232338,0,0.805195
1973,10000,4.71524,4.21697,5.62342,0.00512049,0.00398107,0.00630957,0.542866,0.5,0.6,0.747737,0.7,0.8,3.27492e-05,226265,5985.37,11313.3,0.01,0.95,10,10000,0.938,0.497,62,54,0.0248954,0,0.870968
1974,10000,4.83304,4.21697,5.62342,0.00510412,0.00398107,0.00630957,0.543657,0.5,0.6,0.848788,0.8,0.9,3.27492e-05,138679,4574.25,6933.93,0.01,0.95,10,10000,0.938,0.497,38,34,0.0313745,0,0.894737
1975,10000,4.75548,4.21697,5.62342,0.00514006,0.00398107,0.00630957,0.547056,0.5,0.6,0.945496,0.9,1,3.27492e-05,138679,4574.25,6933.93,0.01,0.95,10,10000,0.938,0.497,38,34,0.0313745,0,0.894737
1976,10000,4.81904,4.21697,5.62342,0.0050428,0.00398107,0.00630957,0.543313,0.5,0.6,1.19048,1,1.5,0.000163746,65689.9,1587.97,3284.5,0.01,0.95,10,10000,0.938,0.497,90,70,0.0218659,0,0.777778
1977,10000,4.77137,4.21697,5.62342,0.00473373,0.00398107,0.00630957,0.642504,0.6,0.7,0.0623164,0,0.1,3.27492e-05,21896.6,2312.78,1094.83,0.01,0.95,10,10000,0.938,0.497,6,4,0.0914717,0,0.666667
1978,10000,4.80015,4.21697,5.62342,0.00513546,0.00398107,0.00630957,0.655768,0.6,0.7,0.151214,0.1,0.2,3.27492e-05,80287.7,3430.4,4014.38,0.01,0.95,10,10000,0.938,0.497,22,20,0.0409074,0,0.909091
1979,10000,4.78475,4.21697,5.62342,0.00492461,0.00398107,0.00630957,0.63619,0.6,0.7,0.250493,0.2,0.3,3.27492e-05,83937.1,3201.89,4196.85,0.01,0.95,10,10000,0.938,0.497,23,23,0.0381463,0,1
1980,10000,4.82848,4.21697,5.62342,0.00500902,0.00398107,0.00630957,0.646414,0.6,0.7,0.348575,0.3,0.4,3.27492e-05,124081,4653,6204.05,0.01,0.95,10,10000,0.938,0.497,34,28,0.0345731,0,0.823529
1981,10000,4.62877,4.21697,5.62342,0.00509037,0.00398107,0.00630957,0.650802,0.6,0.7,0.443521,0.4,0.5,3.27492e-05,127730,4696.45,6386.52,0.01,0.95,10,10000,0.938,0.497,35,29,0.0339717,0,0.828571
1982,10000,4.92906,4.21697,5.62342,0.00483282,0.00398107,0.00630957,0.646822,0.6,0.7,0.547166,0.5,0.6,3.27492e-05,113133,4522.25,5656.63,0.01,0.95,10,10000,0.938,0.497,31,25,0.0365887,0,0.806452
1983,10000,4.76927,4.21697,5.62342,0.00513172,0.00398107,0.00630957,0.640735,0.6,0.7,0.659009,0.6,0.7,3.27492e-05,94885.4,3822.65,4744.27,0.01,0.95,10,10000,0.938,0.497,26,23,0.0381463,0,0.884615
1984,10000,4.76107,4.21697,5.62342,0.00502562,0.00398107,0.00630957,0.636736,0.6,0.7,0.748956,0.7,0.8,3.27492e-05,76638.2,3366.2,3831.91,0.01,0.95,10,10000,0.938,0.497,21,19,0.0419701,0,0.904762
1985,10000,5.00736,4.21697,5.62342,0.00499037,0.00398107,0.00630957,0.633338,0.6,0.7,0.863367,0.8,0.9,3.27492e-05,62040.5,3727.25,3102.02,0.01,0.95,10,10000,0.938,0.497,17,12,0.0528112,0,0.705882
1986,10000,4.73877,4.21697,5.62342,0.00485695,0.00398107,0.00630957,0.640181,0.6,0.7,0.958649,0.9,1,3.27492e-05,109483,4478.67,5474.16,0.01,0.95,10,10000,0.938,0.497,30,24,0.0373432,0,0.8
1987,10000,4.7867,4.21697,5.62342,0.00494716,0.00398107,0.00630957,0.640488,0.6,0.7,1.19896,1,1.5,0.000163746,38684.1,1153.93,1934.2,0.01,0.95,10,10000,0.938,0.497,53,44,0.0275798,0,0.830189
1988,10000,4.55678,4.21697,5.62342,0.0052929,0.00398107,0.00630957,0.758332,0.7,0.8,0.0817496,0,0.1,3.27492e-05,7298.88,944.187,364.944,0.01,0.95,10,10000,0.938,0.497,2,2,0.129361,0,1
1989,10000,4.76531,4.21697,5.62342,0.00507584,0.00398107,0.00630957,0.752192,0.7,0.8,0.164662,0.1,0.2,3.27492e-05,43793.3,2985.78,2189.66,0.01,0.95,10,10000,0.938,0.497,12,9,0.0609811,0,0.75
1990,10000,4.50149,4.21697,5.62342,0.00503429,0.00398107,0.00630957,0.739284,0.7,0.8,0.263132,0.2,0.3,3.27492e-05,32845,2239.34,1642.25,0.01,0.95,10,10000,0.938,0.497,9,8,0.0646803,0,0.888889
1991,10000,4.47749,4.21697,5.62342,0.00499938,0.00398107,0.00630957,0.746176,0.7,0.8,0.365968,0.3,0.4,3.27492e-05,47442.7,2600.09,2372.14,0.01,0.95,10,10000,0.938,0.497,13,12,0.0528112,0,0.923077
1992,10000,4.68174,4.21697,5.62342,0.00507956,0.00398107,0.00630957,0.743406,0.7,0.8,0.443647,0.4,0.5,3.27492e-05,65689.9,-nan,3284.5,0.01,0.95,10,10000,0.938,0.497,18,19,0.0419701,0,1.05556
1993,10000,4.65412,4.21697,5.62342,0.00500329,0.00398107,0.00630957,0.73781,0.7,0.8,0.555225,0.5,0.6,3.27492e-05,80287.7,3592.09,4014.38,0.01,0.95,10,10000,0.938,0.497,22,19,0.0419701,0,0.863636
1994,10000,4.81267,4.21697,5.62342,0.00493286,0.00398107,0.00630957,0.749836,0.7,0.8,0.645565,0.6,0.7,3.27492e-05,83937.1,3993.46,4196.85,0.01,0.95,10,10000,0.938,0.497,23,18,0.0431202,0,0.782609
1995,10000,4.76483,4.21697,5.62342,0.00492538,0.00398107,0.00630957,0.742375,0.7,0.8,0.737265,0.7,0.8,3.27492e-05,32845,2510.8,1642.25,0.01,0.95,10,10000,0.938,0.497,9,7,0.0691461,0,0.777778
1996,10000,4.66012,4.21697,5.62342,0.00539588,0.00398107,0.00630957,0.732189,0.7,0.8,0.861967,0.8,0.9,3.27492e-05,18247.2,-nan,912.36,0.01,0.95,10,10000,0.938,0.497,5,6,0.0746863,0,1.2
1997,10000,4.90028,4.21697,5.62342,0.00492197,0.00398107,0.00630957,0.751719,0.7,0.8,0.961755,0.9,1,3.27492e-05,47442.7,2811.02,2372.14,0.01,0.95,10,10000,0.938,0.497,13,11,0.0551595,0,0.846154
1998,10000,4.67393,4.21697,5.62342,0.00518197,0.00398107,0.00630957,0.744769,0.7,0.8,1.18752,1,1.5,0.000163746,18247.2,930.198,912.36,0.01,0.95,10,10000,0.938,0.497,25,17,0.0443703,0,0.68
1999,10000,4.89442,4.21697,5.62342,0.00503006,0.00398107,0.00630957,0.815642,0.8,0.9,0.074872,0,0.1,3.27492e-05,14597.8,1335.28,729.888,0.01,0.95,10,10000,0.938,0.497,4,4,0.0914717,0,1
2000,10000,4.78233,4.21697,5.62342,0.00525671,0.00398107,0.00630957,0.841217,0.8,0.9,0.134486,0.1,0.2,3.27492e-05,32845,2832.56,1642.25,0.01,0.95,10,10000,0.938,0.497,9,6,0.0746863,0,0.666667
2001,10000,4.84547,4.21697,5.62342,0.00478171,0.00398107,0.00630957,0.85066,0.8,0.9,0.254491,0.2,0.3,3.27492e-05,10948.3,-nan,547.416,0.01,0.95,10,10000,0.938,0.497,3,5,0.0818148,0,1.66667
2002,10000,4.96716,4.21697,5.62342,0.00496013,0.00398107,0.00630957,0.8329,0.8,0.9,0.370059,0.3,0.4,3.27492e-05,14597.8,1335.28,729.888,0.01,0.95,10,10000,0.938,0.497,4,4,0.0914717,0,1
2003,10000,4.9858,4.21697,5.62342,0.00497753,0.00398107,0.00630957,0.841765,0.8,0.9,0.465057,0.4,0.5,3.27492e-05,43793.3,-nan,2189.66,0.01,0.95,10,10000,0.938,0.497,12,13,0.0507394,0,1.08333
2004,10000,5.00218,4.21697,5.62342,0.00522393,0.00398107,0.00630957,0.847604,0.8,0.9,0.555825,0.5,0.6,3.27492e-05,54741.6,3656.82,2737.08,0.01,0.95,10,10000,0.938,0.497,15,10,0.0578518,0,0.666667
2005,10000,4.73536,4.21697,5.62342,0.00550723,0.00398107,0.00630957,0.827261,0.8,0.9,0.651934,0.6,0.7,3.27492e-05,18247.2,-nan,912.36,0.01,0.95,10,10000,0.938,0.497,5,6,0.0746863,0,1.2
2006,10000,4.90449,4.21697,5.62342,0.00571967,0.00398107,0.00630957,0.875258,0.8,0.9,0.738824,0.7,0.8,3.27492e-05,14597.8,2312.78,729.888,0.01,0.95,10,10000,0.938,0.497,4,2,0.129361,0,0.5
2007,10000,4.69701,4.21697,5.62342,0.00458974,0.00398107,0.00630957,0.839144,0.8,0.9,0.871884,0.8,0.9,3.27492e-05,36494.4,2877.17,1824.72,0.01,0.95,10,10000,0.938,0.497,10,7,0.0691461,0,0.7
2008,10000,4.56597,4.21697,5.62342,0.00499945,0.00398107,0.00630957,0.870402,0.8,0.9,0.963337,0.9,1,3.27492e-05,21896.6,2832.56,1094.83,0.01,0.95,10,10000,0.938,0.497,6,3,0.105622,0,0.5
2009,10000,4.67607,4.21697,5.62342,0.00520329,0.00398107,0.00630957,0.838206,0.8,0.9,1.09762,1,1.5,0.000163746,5839.1,428.243,291.955,0.01,0.95,10,10000,0.938,0.497,8,7,0.0691461,0,0.875
2010,10000,5.03296,4.21697,5.62342,0.00479462,0.00398107,0.00630957,0.921722,0.9,1,0.0566062,0,0.1,3.27492e-05,7298.88,944.187,364.944,0.01,0.95,10,10000,0.938,0.497,2,2,0.129361,0,1
2011,10000,5.01824,4.21697,5.62342,0.00403593,0.00398107,0.00630957,0.923876,0.9,1,0.219234,0.2,0.3,3.27492e-05,10948.3,2585.76,547.416,0.01,0.95,10,10000,0.938,0.497,3,1,0.182943,0,0.333333
2012,10000,4.69041,4.21697,5.62342,0.0053319,0.00398107,0.00630957,0.916418,0.9,1,0.326798,0.3,0.4,3.27492e-05,3649.44,667.641,182.472,0.01,0.95,10,10000,0.938,0.497,1,1,0.182943,0,1
2013,10000,4.65129,4.21697,5.62342,0.00536175,0.00398107,0.00630957,0.943774,0.9,1,0.479748,0.4,0.5,3.27492e-05,10948.3,2585.76,547.416,0.01,0.95,10,10000,0.938,0.497,3,1,0.182943,0,0.333333
2014,10000,4.46439,4.21697,5.62342,0.00487103,0.00398107,0.00630957,0.932989,0.9,1,0.545339,0.5,0.6,3.27492e-05,7298.88,944.187,364.944,0.01,0.95,10,10000,0.938,0.497,2,2,0.129361,0,1
2015,10000,4.44666,4.21697,5.62342,0.00545437,0.00398107,0.00630957,0.928643,0.9,1,0.642735,0.6,0.7,3.27492e-05,7298.88,944.187,364.944,0.01,0.95,10,10000,0.938,0.497,2,2,0.129361,0,1
2016,10000,4.55881,4.21697,5.62342,0.00570613,0.00398107,0.00630957,0.934261,0.9,1,0.735545,0.7,0.8,3.27492e-05,7298.88,944.187,364.944,0.01,0.95,10,10000,0.938,0.497,2,2,0.129361,0,1
2017,10000,4.47658,4.21697,5.62342,0.00480219,0.00398107,0.00630957,0.924825,0.9,1,0.876866,0.8,0.9,3.27492e-05,7298.88,944.187,364.944,0.01,0.95,10,10000,0.938,0.497,2,2,0.129361,0,1
2018,10000,5.01061,4.21697,5.62342,0.0056345,0.00398107,0.00630957,0.949829,0.9,1,0.996138,0.9,1,3.27492e-05,3649.44,667.641,182.472,0.01,0.95,10,10000,0.938,0.497,1,1,0.182943,0,1
2019,10000,5.04997,4.21697,5.62342,0.00493003,0.00398107,0.00630957,0.92697,0.9,1,1.23718,1,1.5,0.000163746,3649.44,298.578,182.472,0.01,0.95,10,10000,0.938,0.497,5,5,0.0818148,0,1
2020,10000,4.81887,4.21697,5.62342,0.00797742,0.00630957,0.01,0.0796508,0.05,0.1,0.0631972,0,0.1,2.5952e-05,2.22895e+06,68521.4,111448,0.01,0.95,10,10000,0.938,0.497,484,66,0.0225188,0,0.136364
2021,10000,4.76871,4.21697,5.62342,0.00822422,0.00630957,0.01,0.0742716,0.05,0.1,0.153377,0.1,0.2,2.5952e-05,5.53093e+06,106813,276547,0.01,0.95,10,10000,0.938,0.497,1201,167,0.0141566,0,0.139051
2022,10000,4.7342,4.21697,5.62342,0.00828169,0.00630957,0.01,0.0737093,0.05,0.1,0.254736,0.2,0.3,2.5952e-05,7.00923e+06,85742.8,350461,0.01,0.95,10,10000,0.938,0.497,1522,390,0.0092637,0,0.256242
2023,10000,4.785,4.21697,5.62342,0.00810033,0.00630957,0.01,0.0723885,0.05,0.1,0.350002,0.3,0.4,2.5952e-05,7.29475e+06,69156.8,364738,0.01,0.95,10,10000,0.938,0.497,1584,603,0.00745003,0,0.380682
2024,10000,4.81752,4.21697,5.62342,0.00803811,0.00630957,0.01,0.0718942,0.05,0.1,0.450633,0.4,0.5,2.5952e-05,6.04672e+06,54912.9,302336,0.01,0.95,10,10000,0.938,0.497,1313,620,0.00734718,0,0.472201
2025,10000,4.81584,4.21697,5.62342,0.00801141,0.00630957,0.01,0.0725063,0.05,0.1,0.549671,0.5,0.6,2.5952e-05,5.08422e+06,44551,254211,0.01,0.95,10,10000,0.938,0.497,1104,625,0.00731774,0,0.566123
2026,10000,4.81607,4.21697,5.62342,0.00801976,0.00630957,0.01,0.0717333,0.05,0.1,0.646814,0.6,0.7,2.5952e-05,3.89146e+06,36331.8,194573,0.01,0.95,10,10000,0.938,0.497,845,528,0.00796159,0,0.624852
2027,10000,4.82347,4.21697,5.62342,0.00806223,0.00630957,0.01,0.0737716,0.05,0.1,0.748044,0.7,0.8,2.5952e-05,2.89211e+06,30829.2,144606,0.01,0.95,10,10000,0.938,0.497,628,401,0.00913576,0,0.638535
2028,10000,4.88315,4.21697,5.62342,0.00795231,0.00630957,0.01,0.0735066,0.05,0.1,0.846207,0.8,0.9,2.5952e-05,2.0079e+06,22165.5,100395,0.01,0.95,10,10000,0.938,0.497,436,337,0.00996556,0,0.772936
2029,10000,4.81918,4.21697,5.62342,0.00797727,0.00630957,0.01,0.0735181,0.05,0.1,0.946254,0.9,1,2.5952e-05,1.63027e+06,19031.1,81513.3,0.01,0.95,10,10000,0.938,0.497,354,290,0.0107428,0,0.819209
2030,10000,4.84619,4.21697,5.62342,0.00801334,0.00630957,0.01,0.0736939,0.05,0.1,1.18883,1,1.5,0.00012976,512106,5032.35,25605.3,0.01,0.95,10,10000,0.938,0.497,556,427,0.00885325,0,0.767986
2031,10000,4.83487,4.21697,5.62342,0.00793557,0.00630957,0.01,0.129862,0.1,0.15,0.0695312,0,0.1,2.5952e-05,1.50132e+06,44949.1,75065.9,0.01,0.95,10,10000,0.938,0.497,326,67,0.0223501,0,0.205521
2032,10000,4.81,4.21697,5.62342,0.00824214,0.00630957,0.01,0.127271,0.1,0.15,0.156425,0.1,0.2,2.5952e-05,3.90067e+06,57715.2,195033,0.01,0.95,10,10000,0.938,0.497,847,259,0.0113675,0,0.305785
2033,10000,4.82481,4.21697,5.62342,0.00818937,0.00630957,0.01,0.124745,0.1,0.15,0.254046,0.2,0.3,2.5952e-05,5.02435e+06,57082.6,251218,0.01,0.95,10,10000,0.938,0.497,1091,419,0.00893737,0,0.384051
2034,10000,4.80059,4.21697,5.62342,0.00805219,0.00630957,0.01,0.123732,0.1,0.15,0.349439,0.3,0.4,2.5952e-05,5.03356e+06,53078.3,251678,0.01,0.95,10,10000,0.938,0.497,1093,472,0.00842065,0,0.431839
2035,10000,4.80891,4.21697,5.62342,0.00803789,0.00630957,0.01,0.12438,0.1,0.15,0.449169,0.4,0.5,2.5952e-05,4.52698e+06,45845.2,226349,0.01,0.95,10,10000,0.938,0.497,983,490,0.00826454,0,0.498474
2036,10000,4.8117,4.21697,5.62342,0.00803546,0.00630957,0.01,0.123862,0.1,0.15,0.549723,0.5,0.6,2.5952e-05,3.55988e+06,38733.3,177994,0.01,0.95,10,10000,0.938,0.497,773,414,0.00899118,0,0.535576
2037,10000,4.79867,4.21697,5.62342,0.00807823,0.00630957,0.01,0.123523,0.1,0.15,0.647637,0.6,0.7,2.5952e-05,2.51448e+06,31767.7,125724,0.01,0.95,10,10000,0.938,0.497,546,303,0.0105098,0,0.554945
2038,10000,4.85924,4.21697,5.62342,0.00816353,0.00630957,0.01,0.122806,0.1,0.15,0.749122,0.7,0.8,2.5952e-05,2.03093e+06,25213.8,101546,0.01,0.95,10,10000,0.938,0.497,441,291,0.0107243,0,0.659864
2039,10000,4.80562,4.21697,5.62342,0.00800413,0.00630957,0.01,0.123653,0.1,0.15,0.8462,0.8,0.9,2.5952e-05,1.4829e+06,21430.3,74144.9,0.01,0.95,10,10000,0.938,0.497,322,214,0.0125058,0,0.664596
2040,10000,4.80043,4.21697,5.62342,0.00803302,0.00630957,0.01,0.12346,0.1,0.15,0.947353,0.9,1,2.5952e-05,990134,17874.4,49506.7,0.01,0.95,10,10000,0.938,0.497,215,139,0.0155171,0,0.646512
2041,10000,4.85861,4.21697,5.62342,0.00791409,0.00630957,0.01,0.123354,0.1,0.15,1.19439,1,1.5,0.00012976,402501,4228.89,20125,0.01,0.95,10,10000,0.938,0.497,437,358,0.00966886,0,0.819222
2042,10000,4.88134,4.21697,5.62342,0.00792904,0.00630957,0.01,0.173544,0.15,0.2,0.0654762,0,0.1,2.5952e-05,824344,16075.5,41217.2,0.01,0.95,10,10000,0.938,0.497,179,118,0.0168413,0,0.659218
2043,10000,4.88815,4.21697,5.62342,0.00797759,0.00630957,0.01,0.174725,0.15,0.2,0.154236,0.1,0.2,2.5952e-05,2.27961e+06,26388.7,113981,0.01,0.95,10,10000,0.938,0.497,495,332,0.0100403,0,0.670707
2044,10000,4.85725,4.21697,5.62342,0.00806027,0.00630957,0.01,0.17556,0.15,0.2,0.247838,0.2,0.3,2.5952e-05,3.34803e+06,34597.8,167402,0.01,0.95,10,10000,0.938,0.497,727,438,0.00874137,0,0.602476
2045,10000,4.81534,4.21697,5.62342,0.00801617,0.00630957,0.01,0.175179,0.15,0.2,0.351603,0.3,0.4,2.5952e-05,3.26514e+06,34233.1,163257,0.01,0.95,10,10000,0.938,0.497,709,426,0.00886364,0,0.600846
2046,10000,4.84603,4.21697,5.62342,0.0080578,0.00630957,0.01,0.174116,0.15,0.2,0.448242,0.4,0.5,2.5952e-05,3.0579e+06,31427.3,152895,0.01,0.95,10,10000,0.938,0.497,664,429,0.00883259,0,0.646084
2047,10000,4.85811,4.21697,5.62342,0.00806545,0.00630957,0.01,0.173541,0.15,0.2,0.549554,0.5,0.6,2.5952e-05,2.46843e+06,28314.7,123421,0.01,0.95,10,10000,0.938,0.497,536,345,0.00984934,0,0.643657
2048,10000,4.82775,4.21697,5.62342,0.00792933,0.00630957,0.01,0.174765,0.15,0.2,0.647536,0.6,0.7,2.5952e-05,2.11382e+06,26428.6,105691,0.01,0.95,10,10000,0.938,0.497,459,292,0.010706,0,0.636166
2049,10000,4.84431,4.21697,5.62342,0.00801035,0.00630957,0.01,0.173676,0.15,0.2,0.746317,0.7,0.8,2.5952e-05,1.46908e+06,21180.9,73454.1,0.01,0.95,10,10000,0.938,0.497,319,214,0.0125058,0,0.670846
2050,10000,4.88536,4.21697,5.62342,0.00788484,0.00630957,0.01,0.172955,0.15,0.2,0.845181,0.8,0.9,2.5952e-05,1.15592e+06,19786.5,57796.2,0.01,0.95,10,10000,0.938,0.497,251,157,0.0146005,0,0.625498
2051,10000,4.8927,4.21697,5.62342,0.00808242,0.00630957,0.01,0.1709,0.15,0.2,0.948039,0.9,1,2.5952e-05,801317,16026.6,40065.9,0.01,0.95,10,10000,0.938,0.497,174,113,0.0172099,0,0.649425
2052,10000,4.83063,4.21697,5.62342,0.00793022,0.00630957,0.01,0.173195,0.15,0.2,1.19532,1,1.5,0.00012976,347238,4092.4,17361.9,0.01,0.95,10,10000,0.938,0.497,377,294,0.0106695,0,0.779841
2053,10000,4.85232,4.21697,5.62342,0.00799798,0.00630957,0.01,0.223548,0.2,0.25,0.0662046,0,0.1,2.5952e-05,617107,11422.2,30855.3,0.01,0.95,10,10000,0.938,0.497,134,113,0.0172099,0,0.843284
2054,10000,4.80725,4.21697,5.62342,0.00798913,0.00630957,0.01,0.222392,0.2,0.25,0.153345,0.1,0.2,2.5952e-05,1.38158e+06,17089.8,69079.1,0.01,0.95,10,10000,0.938,0.497,300,253,0.0115016,0,0.843333
2055,10000,4.86236,4.21697,5.62342,0.00799418,0.00630957,0.01,0.223491,0.2,0.25,0.252938,0.2,0.3,2.5952e-05,1.97106e+06,20167.5,98552.8,0.01,0.95,10,10000,0.938,0.497,428,366,0.0095626,0,0.85514
2056,10000,4.85844,4.21697,5.62342,0.00801816,0.00630957,0.01,0.225529,0.2,0.25,0.348915,0.3,0.4,2.5952e-05,2.04935e+06,21167.2,102467,0.01,0.95,10,10000,0.938,0.497,445,368,0.00953658,0,0.826966
2057,10000,4.7846,4.21697,5.62342,0.00795773,0.00630957,0.01,0.225236,0.2,0.25,0.44786,0.4,0.5,2.5952e-05,2.08158e+06,21666.8,104079,0.01,0.95,10,10000,0.938,0.497,452,367,0.00954957,0,0.811947
2058,10000,4.81504,4.21697,5.62342,0.00794245,0.00630957,0.01,0.225288,0.2,0.25,0.54673,0.5,0.6,2.5952e-05,1.86053e+06,22450.8,93026.5,0.01,0.95,10,10000,0.938,0.497,404,293,0.0106877,0,0.725248
2059,10000,4.85071,4.21697,5.62342,0.00806898,0.00630957,0.01,0.223471,0.2,0.25,0.651236,0.6,0.7,2.5952e-05,1.34013e+06,18368.6,67006.7,0.01,0.95,10,10000,0.938,0.497,291,221,0.0123061,0,0.75945
2060,10000,4.82522,4.21697,5.62342,0.00801663,0.00630957,0.01,0.225594,0.2,0.25,0.749499,0.7,0.8,2.5952e-05,1.16053e+06,18099.7,58026.4,0.01,0.95,10,10000,0.938,0.497,252,178,0.0137122,0,0.706349
2061,10000,4.86588,4.21697,5.62342,0.00800668,0.00630957,0.01,0.223659,0.2,0.25,0.849388,0.8,0.9,2.5952e-05,815133,15554.1,40756.7,0.01,0.95,10,10000,0.938,0.497,177,121,0.0166312,0,0.683616
2062,10000,4.8695,4.21697,5.62342,0.00790413,0.00630957,0.01,0.223242,0.2,0.25,0.944397,0.9,1,2.5952e-05,566449,12631.8,28322.4,0.01,0.95,10,10000,0.938,0.497,123,87,0.0196136,0,0.707317
2063,10000,4.87715,4.21697,5.62342,0.00797223,0.00630957,0.01,0.223782,0.2,0.25,1.20053,1,1.5,0.00012976,252369,3767.72,12618.4,0.01,0.95,10,10000,0.938,0.497,274,194,0.0131346,0,0.708029
2064,10000,4.75473,4.21697,5.62342,0.00801112,0.00630957,0.01,0.275239,0.25,0.3,0.0669347,0,0.1,2.5952e-05,382238,8988.72,19111.9,0.01,0.95,10,10000,0.938,0.497,83,70,0.0218659,0,0.843373
2065,10000,4.83695,4.21697,5.62342,0.00778663,0.00630957,0.01,0.270445,0.25,0.3,0.152175,0.1,0.2,2.5952e-05,833554,12385.2,41677.7,0.01,0.95,10,10000,0.938,0.497,181,165,0.0142421,0,0.911602
2066,10000,4.80232,4.21697,5.62342,0.00807008,0.00630957,0.01,0.273862,0.25,0.3,0.252441,0.2,0.3,2.5952e-05,1.28948e+06,16219.5,64473.8,0.01,0.95,10,10000,0.938,0.497,280,241,0.0117844,0,0.860714
2067,10000,4.81313,4.21697,5.62342,0.00791335,0.00630957,0.01,0.272408,0.25,0.3,0.351555,0.3,0.4,2.5952e-05,1.62106e+06,17216.6,81052.8,0.01,0.95,10,10000,0.938,0.497,352,322,0.010195,0,0.914773
2068,10000,4.80643,4.21697,5.62342,0.00795572,0.00630957,0.01,0.274149,0.25,0.3,0.450732,0.4,0.5,2.5952e-05,1.4875e+06,16776.4,74375.2,0.01,0.95,10,10000,0.938,0.497,323,290,0.0107428,0,0.897833
2069,10000,4.84195,4.21697,5.62342,0.00799548,0.00630957,0.01,0.27215,0.25,0.3,0.547924,0.5,0.6,2.5952e-05,1.34474e+06,16409.8,67237,0.01,0.95,10,10000,0.938,0.497,292,254,0.0114789,0,0.869863
2070,10000,4.81562,4.21697,5.62342,0.00801506,0.00630957,0.01,0.27255,0.25,0.3,0.647202,0.6,0.7,2.5952e-05,1.09145e+06,15115.7,54572.5,0.01,0.95,10,10000,0.938,0.497,237,201,0.0129038,0,0.848101
2071,10000,4.84062,4.21697,5.62342,0.00790425,0.00630957,0.01,0.273981,0.25,0.3,0.745772,0.7,0.8,2.5952e-05,898028,14332.4,44901.4,0.01,0.95,10,10000,0.938,0.497,195,157,0.0146005,0,0.805128
2072,10000,4.86404,4.21697,5.62342,0.00798866,0.00630957,0.01,0.274237,0.25,0.3,0.84993,0.8,0.9,2.5952e-05,649343,12603.5,32467.2,0.01,0.95,10,10000,0.938,0.497,141,109,0.0175228,0,0.77305
2073,10000,4.85015,4.21697,5.62342,0.0081331,0.00630957,0.01,0.27699,0.25,0.3,0.941797,0.9,1,2.5952e-05,442106,10776.3,22105.3,0.01,0.95,10,10000,0.938,0.497,96,71,0.0217114,0,0.739583
2074,10000,4.84094,4.21697,5.62342,0.00800116,0.00630957,0.01,0.274655,0.25,0.3,1.1814,1,1.5,0.00012976,212764,3279.67,10638.2,0.01,0.95,10,10000,0.938,0.497,231,175,0.0138292,0,0.757576
2075,10000,4.79503,4.21697,5.62342,0.00819519,0.00630957,0.01,0.343103,0.3,0.4,0.0621909,0,0.1,5.1904e-05,138158,3547.26,6907.91,0.01,0.95,10,10000,0.938,0.497,60,55,0.0246681,0,0.916667
2076,10000,4.77363,4.21697,5.62342,0.00802588,0.00630957,0.01,0.344502,0.3,0.4,0.155158,0.1,0.2,5.1904e-05,522698,7380.68,26134.9,0.01,0.95,10,10000,0.938,0.497,227,193,0.0131686,0,0.85022
2077,10000,4.81745,4.21697,5.62342,0.0080606,0.00630957,0.01,0.34377,0.3,0.4,0.251604,0.2,0.3,5.1904e-05,589475,7433.77,29473.7,0.01,0.95,10,10000,0.938,0.497,256,231,0.0120368,0,0.902344
2078,10000,4.76815,4.21697,5.62342,0.00794873,0.00630957,0.01,0.344491,0.3,0.4,0.3516,0.3,0.4,5.1904e-05,898028,9488.42,44901.4,0.01,0.95,10,10000,0.938,0.497,390,339,0.00993612,0,0.869231
2079,10000,4.80646,4.21697,5.62342,0.00794114,0.00630957,0.01,0.344235,0.3,0.4,0.450036,0.4,0.5,5.1904e-05,769081,8373.54,38454,0.01,0.95,10,10000,0.938,0.497,334,306,0.0104582,0,0.916168
2080,10000,4.80448,4.21697,5.62342,0.00807195,0.00630957,0.01,0.342009,0.3,0.4,0.547487,0.5,0.6,5.1904e-05,782896,8980.69,39144.8,0.01,0.95,10,10000,0.938,0.497,340,291,0.0107243,0,0.855882
2081,10000,4.83032,4.21697,5.62342,0.0080895,0.00630957,0.01,0.346502,0.3,0.4,0.64831,0.6,0.7,5.1904e-05,656251,8103.39,32812.6,0.01,0.95,10,10000,0.938,0.497,285,248,0.0116169,0,0.870175
2082,10000,4.79325,4.21697,5.62342,0.00818296,0.00630957,0.01,0.346689,0.3,0.4,0.748544,0.7,0.8,5.1904e-05,573356,7881.4,28667.8,0.01,0.95,10,10000,0.938,0.497,249,207,0.0127154,0,0.831325
2083,10000,4.83835,4.21697,5.62342,0.00807376,0.00630957,0.01,0.338578,0.3,0.4,0.845444,0.8,0.9,5.1904e-05,419080,6787.96,20954,0.01,0.95,10,10000,0.938,0.497,182,150,0.0149373,0,0.824176
2084,10000,4.81716,4.21697,5.62342,0.00812302,0.00630957,0.01,0.345587,0.3,0.4,0.945314,0.9,1,5.1904e-05,333882,5666.88,16694.1,0.01,0.95,10,10000,0.938,0.497,145,129,0.0161073,0,0.889655
2085,10000,4.79737,4.21697,5.62342,0.00809618,0.00630957,0.01,0.346437,0.3,0.4,1.18,1,1.5,0.00025952,154277,1948.65,7713.83,0.01,0.95,10,10000,0.938,0.497,335,258,0.0113896,0,0.770149
2086,10000,4.79323,4.21697,5.62342,0.00789186,0.00630957,0.01,0.44723,0.4,0.5,0.0663433,0,0.1,5.1904e-05,64473.8,2482.17,3223.69,0.01,0.95,10,10000,0.938,0.497,28,25,0.0365887,0,0.892857
2087,10000,4.79085,4.21697,5.62342,0.00801844,0.00630957,0.01,0.441303,0.4,0.5,0.158422,0.1,0.2,5.1904e-05,274014,5084.63,13700.7,0.01,0.95,10,10000,0.938,0.497,119,107,0.0176858,0,0.89916
2088,10000,4.77739,4.21697,5.62342,0.00796017,0.00630957,0.01,0.44482,0.4,0.5,0.252543,0.2,0.3,5.1904e-05,340790,5830.91,17039.5,0.01,0.95,10,10000,0.938,0.497,148,129,0.0161073,0,0.871622
2089,10000,4.79301,4.21697,5.62342,0.00824337,0.00630957,0.01,0.44657,0.4,0.5,0.350668,0.3,0.4,5.1904e-05,336185,5842.35,16809.2,0.01,0.95,10,10000,0.938,0.497,146,126,0.0162979,0,0.863014
2090,10000,4.74997,4.21697,5.62342,0.00800756,0.00630957,0.01,0.444103,0.4,0.5,0.447104,0.4,0.5,5.1904e-05,414475,6318.78,20723.7,0.01,0.95,10,10000,0.938,0.497,180,160,0.0144629,0,0.888889
2091,10000,4.80441,4.21697,5.62342,0.00802457,0.00630957,0.01,0.441434,0.4,0.5,0.547233,0.5,0.6,5.1904e-05,361514,5884.4,18075.7,0.01,0.95,10,10000,0.938,0.497,157,140,0.0154615,0,0.89172
2092,10000,4.84317,4.21697,5.62342,0.00787857,0.00630957,0.01,0.44581,0.4,0.5,0.645405,0.6,0.7,5.1904e-05,359211,6225.42,17960.6,0.01,0.95,10,10000,0.938,0.497,156,130,0.0160452,0,0.833333
2093,10000,4.8105,4.21697,5.62342,0.00800423,0.00630957,0.01,0.44536,0.4,0.5,0.747252,0.7,0.8,5.1904e-05,271711,5155.29,13585.6,0.01,0.95,10,10000,0.938,0.497,118,104,0.0179391,0,0.881356
2094,10000,4.85283,4.21697,5.62342,0.00828951,0.00630957,0.01,0.450531,0.4,0.5,0.846801,0.8,0.9,5.1904e-05,227961,4783.21,11398.1,0.01,0.95,10,10000,0.938,0.497,99,86,0.0197273,0,0.868687
2095,10000,4.84785,4.21697,5.62342,0.00786987,0.00630957,0.01,0.449177,0.4,0.5,0.945269,0.9,1,5.1904e-05,154277,4196.89,7713.83,0.01,0.95,10,10000,0.938,0.497,67,54,0.0248954,0,0.80597
2096,10000,4.8263,4.21697,5.62342,0.00813829,0.00630957,0.01,0.44451,0.4,0.5,1.20036,1,1.5,0.00025952,86579.1,1386.97,4328.96,0.01,0.95,10,10000,0.938,0.497,188,154,0.014742,0,0.819149
2097,10000,4.8677,4.21697,5.62342,0.00831427,0.00630957,0.01,0.537757,0.5,0.6,0.0652614,0,0.1,5.1904e-05,36842.2,1910.62,1842.11,0.01,0.95,10,10000,0.938,0.497,16,14,0.0488937,0,0.875
2098,10000,4.77041,4.21697,5.62342,0.00813714,0.00630957,0.01,0.540154,0.5,0.6,0.161397,0.1,0.2,5.1904e-05,96710.7,3152.36,4835.54,0.01,0.95,10,10000,0.938,0.497,42,36,0.0304906,0,0.857143
2099,10000,4.6964,4.21697,5.62342,0.00801037,0.00630957,0.01,0.545076,0.5,0.6,0.251195,0.2,0.3,5.1904e-05,154277,3887.62,7713.83,0.01,0.95,10,10000,0.938,0.497,67,59,0.0238172,0,0.880597
2100,10000,4.76712,4.21697,5.62342,0.00803286,0.00630957,0.01,0.544271,0.5,0.6,0.359334,0.3,0.4,5.1904e-05,181908,3989.14,9095.41,0.01,0.95,10,10000,0.938,0.497,79,74,0.0212667,0,0.936709
2101,10000,4.73386,4.21697,5.62342,0.00795668,0.00630957,0.01,0.544245,0.5,0.6,0.452196,0.4,0.5,5.1904e-05,191119,4331.73,9555.94,0.01,0.95,10,10000,0.938,0.497,83,73,0.0214119,0,0.879518
2102,10000,4.86373,4.21697,5.62342,0.00818463,0.00630957,0.01,0.546946,0.5,0.6,0.549603,0.5,0.6,5.1904e-05,161185,4129.6,8059.23,0.01,0.95,10,10000,0.938,0.497,70,59,0.0238172,0,0.842857
2103,10000,4.78638,4.21697,5.62342,0.00767578,0.00630957,0.01,0.542847,0.5,0.6,0.646441,0.6,0.7,5.1904e-05,177303,4157.02,8865.15,0.01,0.95,10,10000,0.938,0.497,77,68,0.0221851,0,0.883117
2104,10000,4.76176,4.21697,5.62342,0.007801,0.00630957,0.01,0.546809,0.5,0.6,0.751129,0.7,0.8,5.1904e-05,149671,3904.1,7483.57,0.01,0.95,10,10000,0.938,0.497,65,56,0.0244468,0,0.861538
2105,10000,4.71575,4.21697,5.62342,0.00796948,0.00630957,0.01,0.544488,0.5,0.6,0.853578,0.8,0.9,5.1904e-05,94408.1,3125.71,4720.4,0.01,0.95,10,10000,0.938,0.497,41,35,0.0309231,0,0.853659
2106,10000,4.82524,4.21697,5.62342,0.00759059,0.00630957,0.01,0.544925,0.5,0.6,0.948161,0.9,1,5.1904e-05,105921,2984.11,5296.06,0.01,0.95,10,10000,0.938,0.497,46,44,0.0275798,0,0.956522
2107,10000,4.83175,4.21697,5.62342,0.00814316,0.00630957,0.01,0.543744,0.5,0.6,1.19029,1,1.5,0.00025952,47434.3,990.126,2371.72,0.01,0.95,10,10000,0.938,0.497,103,88,0.0195018,0,0.854369
2108,10000,4.88404,4.21697,5.62342,0.00807319,0.00630957,0.01,0.647364,0.6,0.7,0.0612686,0,0.1,5.1904e-05,18421.1,1191.48,921.055,0.01,0.95,10,10000,0.938,0.497,8,8,0.0646803,0,1
2109,10000,4.84097,4.21697,5.62342,0.00788954,0.00630957,0.01,0.653715,0.6,0.7,0.151144,0.1,0.2,5.1904e-05,57565.9,2376.18,2878.3,0.01,0.95,10,10000,0.938,0.497,25,22,0.0390037,0,0.88
2110,10000,4.78169,4.21697,5.62342,0.00829078,0.00630957,0.01,0.632347,0.6,0.7,0.256697,0.2,0.3,5.1904e-05,64473.8,3110.61,3223.69,0.01,0.95,10,10000,0.938,0.497,28,19,0.0419701,0,0.678571
2111,10000,4.84437,4.21697,5.62342,0.00809314,0.00630957,0.01,0.649095,0.6,0.7,0.346801,0.3,0.4,5.1904e-05,89802.8,3154.12,4490.14,0.01,0.95,10,10000,0.938,0.497,39,32,0.0323401,0,0.820513
2112,10000,4.91625,4.21697,5.62342,0.00770354,0.00630957,0.01,0.640849,0.6,0.7,0.447559,0.4,0.5,5.1904e-05,103619,3460.94,5180.93,0.01,0.95,10,10000,0.938,0.497,45,36,0.0304906,0,0.8
2113,10000,4.76252,4.21697,5.62342,0.00834196,0.00630957,0.01,0.646642,0.6,0.7,0.54991,0.5,0.6,5.1904e-05,99013.4,3416.16,4950.67,0.01,0.95,10,10000,0.938,0.497,43,34,0.0313745,0,0.790698
2114,10000,4.72394,4.21697,5.62342,0.00838547,0.00630957,0.01,0.649014,0.6,0.7,0.64767,0.6,0.7,5.1904e-05,103619,3460.94,5180.93,0.01,0.95,10,10000,0.938,0.497,45,36,0.0304906,0,0.8
2115,10000,4.93522,4.21697,5.62342,0.00810561,0.00630957,0.01,0.64163,0.6,0.7,0.745477,0.7,0.8,5.1904e-05,73684.4,2976.32,3684.22,0.01,0.95,10,10000,0.938,0.497,32,25,0.0365887,0,0.78125
2116,10000,4.79208,4.21697,5.62342,0.0079427,0.00630957,0.01,0.638171,0.6,0.7,0.841762,0.8,0.9,5.1904e-05,50658,1975.85,2532.9,0.01,0.95,10,10000,0.938,0.497,22,22,0.0390037,0,1
2117,10000,4.84144,4.21697,5.62342,0.00789639,0.00630957,0.01,0.642324,0.6,0.7,0.955157,0.9,1,5.1904e-05,43750.1,2273.72,2187.5,0.01,0.95,10,10000,0.938,0.497,19,15,0.0472358,0,0.789474
2118,10000,4.91453,4.21697,5.62342,0.00803835,0.00630957,0.01,0.647882,0.6,0.7,1.19445,1,1.5,0.00025952,23486.9,749.071,1174.34,0.01,0.95,10,10000,0.938,0.497,51,40,0.0289259,0,0.784314
2119,10000,4.86055,4.21697,5.62342,0.00916983,0.00630957,0.01,0.755176,0.7,0.8,0.0638979,0,0.1,5.1904e-05,16118.5,2134.16,805.923,0.01,0.95,10,10000,0.938,0.497,7,3,0.105622,0,0.428571
2120,10000,4.60256,4.21697,5.62342,0.00842467,0.00630957,0.01,0.760222,0.7,0.8,0.14639,0.1,0.2,5.1904e-05,27631.6,1586.38,1381.58,0.01,0.95,10,10000,0.938,0.497,12,11,0.0551595,0,0.916667
2121,10000,4.41994,4.21697,5.62342,0.00815033,0.00630957,0.01,0.743092,0.7,0.8,0.261943,0.2,0.3,5.1904e-05,34539.5,1998.17,1726.98,0.01,0.95,10,10000,0.938,0.497,15,12,0.0528112,0,0.8
2122,10000,4.74742,4.21697,5.62342,0.0081331,0.00630957,0.01,0.734994,0.7,0.8,0.349033,0.3,0.4,5.1904e-05,46052.7,2191.27,2302.64,0.01,0.95,10,10000,0.938,0.497,20,17,0.0443703,0,0.85
2123,10000,4.97272,4.21697,5.62342,0.00804242,0.00630957,0.01,0.748087,0.7,0.8,0.451459,0.4,0.5,5.1904e-05,34539.5,1998.17,1726.98,0.01,0.95,10,10000,0.938,0.497,15,12,0.0528112,0,0.8
2124,10000,4.69651,4.21697,5.62342,0.00755691,0.00630957,0.01,0.737738,0.7,0.8,0.543526,0.5,0.6,5.1904e-05,39144.8,1842.23,1957.24,0.01,0.95,10,10000,0.938,0.497,17,16,0.0457358,0,0.941176
2125,10000,4.83165,4.21697,5.62342,0.00819501,0.00630957,0.01,0.753163,0.7,0.8,0.657796,0.6,0.7,5.1904e-05,62171.2,2447.25,3108.56,0.01,0.95,10,10000,0.938,0.497,27,24,0.0373432,0,0.888889
2126,10000,4.84936,4.21697,5.62342,0.00803049,0.00630957,0.01,0.749796,0.7,0.8,0.746916,0.7,0.8,5.1904e-05,41447.5,1787.22,2072.37,0.01,0.95,10,10000,0.938,0.497,18,18,0.0431202,0,1
2127,10000,4.99049,4.21697,5.62342,0.00794118,0.00630957,0.01,0.730435,0.7,0.8,0.851969,0.8,0.9,5.1904e-05,25329,2045.2,1266.45,0.01,0.95,10,10000,0.938,0.497,11,7,0.0691461,0,0.636364
2128,10000,4.96922,4.21697,5.62342,0.00792447,0.00630957,0.01,0.754388,0.7,0.8,0.961962,0.9,1,5.1904e-05,34539.5,1865.69,1726.98,0.01,0.95,10,10000,0.938,0.497,15,13,0.0507394,0,0.866667
2129,10000,4.87989,4.21697,5.62342,0.00815096,0.00630957,0.01,0.738722,0.7,0.8,1.19638,1,1.5,0.00025952,9671.07,468.196,483.554,0.01,0.95,10,10000,0.938,0.497,21,17,0.0443703,0,0.809524
2130,10000,4.50622,4.21697,5.62342,0.00752718,0.00630957,0.01,0.887214,0.8,0.9,0.0993769,0,0.1,5.1904e-05,2302.64,421.252,115.132,0.01,0.95,10,10000,0.938,0.497,1,1,0.182943,0,1
2131,10000,4.77721,4.21697,5.62342,0.00812316,0.00630957,0.01,0.842777,0.8,0.9,0.143701,0.1,0.2,5.1904e-05,18421.1,1767.25,921.055,0.01,0.95,10,10000,0.938,0.497,8,5,0.0818148,0,0.625
2132,10000,4.48352,4.21697,5.62342,0.00744424,0.00630957,0.01,0.846121,0.8,0.9,0.247659,0.2,0.3,5.1904e-05,16118.5,1495.3,805.923,0.01,0.95,10,10000,0.938,0.497,7,5,0.0818148,0,0.714286
2133,10000,4.96977,4.21697,5.62342,0.00811479,0.00630957,0.01,0.831635,0.8,0.9,0.349864,0.3,0.4,5.1904e-05,11513.2,-nan,575.659,0.01,0.95,10,10000,0.938,0.497,5,7,0.0691461,0,1.4
2134,10000,5.16094,4.21697,5.62342,0.00832267,0.00630957,0.01,0.843371,0.8,0.9,0.442357,0.4,0.5,5.1904e-05,13815.8,1220.9,690.791,0.01,0.95,10,10000,0.938,0.497,6,5,0.0818148,0,0.833333
2135,10000,5.0727,4.21697,5.62342,0.00799737,0.00630957,0.01,0.84128,0.8,0.9,0.557902,0.5,0.6,5.1904e-05,23026.4,1472.71,1151.32,0.01,0.95,10,10000,0.938,0.497,10,9,0.0609811,0,0.9
2136,10000,4.62326,4.21697,5.62342,0.00799611,0.00630957,0.01,0.851019,0.8,0.9,0.660229,0.6,0.7,5.1904e-05,29934.3,1921.21,1496.71,0.01,0.95,10,10000,0.938,0.497,13,10,0.0578518,0,0.769231
2137,10000,5.0991,4.21697,5.62342,0.00878614,0.00630957,0.01,0.859201,0.8,0.9,0.719278,0.7,0.8,5.1904e-05,4605.27,595.74,230.264,0.01,0.95,10,10000,0.938,0.497,2,2,0.129361,0,1
2138,10000,4.61387,4.21697,5.62342,0.00770213,0.00630957,0.01,0.85838,0.8,0.9,0.861373,0.8,0.9,5.1904e-05,13815.8,1220.9,690.791,0.01,0.95,10,10000,0.938,0.497,6,5,0.0818148,0,0.833333
2139,10000,4.81609,4.21697,5.62342,0.00881475,0.00630957,0.01,0.851881,0.8,0.9,0.922146,0.9,1,5.1904e-05,11513.2,1153.65,575.659,0.01,0.95,10,10000,0.938,0.497,5,4,0.0914717,0,0.8
2140,10000,4.85857,4.21697,5.62342,0.00824635,0.00630957,0.01,0.836483,0.8,0.9,1.16451,1,1.5,0.00025952,4144.75,357.444,207.237,0.01,0.95,10,10000,0.938,0.497,9,6,0.0746863,0,0.666667
2141,10000,5.04476,4.21697,5.62342,0.00792708,0.00630957,0.01,0.915557,0.9,1,0.165174,0.1,0.2,5.1904e-05,11513.2,1153.65,575.659,0.01,0.95,10,10000,0.938,0.497,5,4,0.0914717,0,0.8
2142,10000,4.77873,4.21697,5.62342,0.00834538,0.00630957,0.01,0.929524,0.9,1,0.259801,0.2,0.3,5.1904e-05,9210.55,842.504,460.527,0.01,0.95,10,10000,0.938,0.497,4,4,0.0914717,0,1
2143,10000,5.01924,4.21697,5.62342,0.00771897,0.00630957,0.01,0.930298,0.9,1,0.444173,0.4,0.5,5.1904e-05,4605.27,595.74,230.264,0.01,0.95,10,10000,0.938,0.497,2,2,0.129361,0,1
2144,10000,4.2622,4.21697,5.62342,0.00748896,0.00630957,0.01,0.956108,0.9,1,0.581708,0.5,0.6,5.1904e-05,4605.27,1031.85,230.264,0.01,0.95,10,10000,0.938,0.497,2,1,0.182943,0,0.5
2145,10000,4.90034,4.21697,5.62342,0.0085688,0.00630957,0.01,0.929999,0.9,1,0.62527,0.6,0.7,5.1904e-05,9210.55,842.504,460.527,0.01,0.95,10,10000,0.938,0.497,4,4,0.0914717,0,1
2146,10000,4.74285,4.21697,5.62342,0.00790143,0.00630957,0.01,0.928728,0.9,1,0.721316,0.7,0.8,5.1904e-05,4605.27,595.74,230.264,0.01,0.95,10,10000,0.938,0.497,2,2,0.129361,0,1
2147,10000,5.04919,4.21697,5.62342,0.00705145,0.00630957,0.01,0.927963,0.9,1,0.868263,0.8,0.9,5.1904e-05,6907.91,729.63,345.395,0.01,0.95,10,10000,0.938,0.497,3,3,0.105622,0,1
2148,10000,4.30237,4.21697,5.62342,0.00967464,0.00630957,0.01,0.913192,0.9,1,0.90566,0.9,1,5.1904e-05,2302.64,421.252,115.132,0.01,0.95,10,10000,0.938,0.497,1,1,0.182943,0,1
2149,10000,4.53846,4.21697,5.62342,0.00787693,0.00630957,0.01,0.942432,0.9,1,1.33027,1,1.5,0.00025952,921.055,119.148,46.0527,0.01,0.95,10,10000,0.938,0.497,2,2,0.129361,0,1
2150,10000,4.7007,4.21697,5.62342,0.0135258,0.01,0.0158489,0.0716623,0.05,0.1,0.0644757,0,0.1,4.11309e-05,1.47612e+06,30221.4,73806,0.01,0.95,10,10000,0.938,0.497,508,138,0.0155732,0,0.271654
2151,10000,4.76627,4.21697,5.62342,0.0129982,0.01,0.0158489,0.0746563,0.05,0.1,0.154172,0.1,0.2,4.11309e-05,3.49271e+06,40704,174636,0.01,0.95,10,10000,0.938,0.497,1202,409,0.00904597,0,0.340266
2152,10000,4.81119,4.21697,5.62342,0.0128315,0.01,0.0158489,0.0748321,0.05,0.1,0.250852,0.2,0.3,4.11309e-05,4.3964e+06,42327.4,219820,0.01,0.95,10,10000,0.938,0.497,1513,583,0.00757674,0,0.385327
2153,10000,4.81866,4.21697,5.62342,0.0127583,0.01,0.0158489,0.0738555,0.05,0.1,0.350752,0.3,0.4,4.11309e-05,4.33828e+06,39761.2,216914,0.01,0.95,10,10000,0.938,0.497,1493,629,0.00729443,0,0.421299
2154,10000,4.86638,4.21697,5.62342,0.0127166,0.01,0.0158489,0.0747781,0.05,0.1,0.448474,0.4,0.5,4.11309e-05,3.93148e+06,34153.7,196574,0.01,0.95,10,10000,0.938,0.497,1353,668,0.00707829,0,0.493718
2155,10000,4.83034,4.21697,5.62342,0.0126596,0.01,0.0158489,0.0736238,0.05,0.1,0.549381,0.5,0.6,4.11309e-05,3.12368e+06,29404.1,156184,0.01,0.95,10,10000,0.938,0.497,1075,559,0.00773768,0,0.52
2156,10000,4.85488,4.21697,5.62342,0.0125372,0.01,0.0158489,0.0730187,0.05,0.1,0.65121,0.6,0.7,4.11309e-05,2.42049e+06,23768.6,121024,0.01,0.95,10,10000,0.938,0.497,833,490,0.00826454,0,0.588235
2157,10000,4.83976,4.21697,5.62342,0.01255,0.01,0.0158489,0.0734753,0.05,0.1,0.747468,0.7,0.8,4.11309e-05,1.72602e+06,18184.5,86300.8,0.01,0.95,10,10000,0.938,0.497,594,400,0.00914717,0,0.673401
2158,10000,4.85652,4.21697,5.62342,0.0125766,0.01,0.0158489,0.0734493,0.05,0.1,0.850099,0.8,0.9,4.11309e-05,1.22041e+06,15042.7,61020.7,0.01,0.95,10,10000,0.938,0.497,420,289,0.0107614,0,0.688095
2159,10000,4.85231,4.21697,5.62342,0.0125204,0.01,0.0158489,0.0742557,0.05,0.1,0.945087,0.9,1,4.11309e-05,816516,11493.2,40825.8,0.01,0.95,10,10000,0.938,0.497,281,211,0.0125943,0,0.75089
2160,10000,4.86351,4.21697,5.62342,0.0125887,0.01,0.0158489,0.0732522,0.05,0.1,1.19549,1,1.5,0.000205655,309753,3008.53,15487.6,0.01,0.95,10,10000,0.938,0.497,533,426,0.00886364,0,0.79925
2161,10000,4.82435,4.21697,5.62342,0.0132372,0.01,0.0158489,0.125892,0.1,0.15,0.0665486,0,0.1,4.11309e-05,903688,16413.3,45184.4,0.01,0.95,10,10000,0.938,0.497,311,153,0.0147901,0,0.491961
2162,10000,4.79919,4.21697,5.62342,0.0128127,0.01,0.0158489,0.124562,0.1,0.15,0.153983,0.1,0.2,4.11309e-05,2.2723e+06,25530.1,113615,0.01,0.95,10,10000,0.938,0.497,782,396,0.00919325,0,0.506394
2163,10000,4.83059,4.21697,5.62342,0.0127033,0.01,0.0158489,0.124049,0.1,0.15,0.251138,0.2,0.3,4.11309e-05,3.02779e+06,28238.9,151390,0.01,0.95,10,10000,0.938,0.497,1042,562,0.007717,0,0.539347
2164,10000,4.81366,4.21697,5.62342,0.0127778,0.01,0.0158489,0.123757,0.1,0.15,0.348783,0.3,0.4,4.11309e-05,3.11787e+06,28851.1,155893,0.01,0.95,10,10000,0.938,0.497,1073,573,0.00764257,0,0.534017
2165,10000,4.83842,4.21697,5.62342,0.0126994,0.01,0.0158489,0.123417,0.1,0.15,0.448463,0.4,0.5,4.11309e-05,2.5251e+06,25589.9,126255,0.01,0.95,10,10000,0.938,0.497,869,474,0.00840287,0,0.545455
2166,10000,4.80885,4.21697,5.62342,0.0128408,0.01,0.0158489,0.12374,0.1,0.15,0.54603,0.5,0.6,4.11309e-05,2.21128e+06,22996.1,110564,0.01,0.95,10,10000,0.938,0.497,761,440,0.00872148,0,0.578187
2167,10000,4.81383,4.21697,5.62342,0.0125835,0.01,0.0158489,0.123886,0.1,0.15,0.649593,0.6,0.7,4.11309e-05,1.60979e+06,18147.5,80489.3,0.01,0.95,10,10000,0.938,0.497,554,357,0.00968239,0,0.644404
2168,10000,4.83702,4.21697,5.62342,0.0126646,0.01,0.0158489,0.123833,0.1,0.15,0.749766,0.7,0.8,4.11309e-05,1.20298e+06,15765.4,60149,0.01,0.95,10,10000,0.938,0.497,414,265,0.0112381,0,0.640097
2169,10000,4.78506,4.21697,5.62342,0.0127968,0.01,0.0158489,0.121427,0.1,0.15,0.846049,0.8,0.9,4.11309e-05,871725,13790.3,43586.2,0.01,0.95,10,10000,0.938,0.497,300,185,0.0134503,0,0.616667
2170,10000,4.84796,4.21697,5.62342,0.0126304,0.01,0.0158489,0.121753,0.1,0.15,0.949574,0.9,1,4.11309e-05,650888,10222.5,32544.4,0.01,0.95,10,10000,0.938,0.497,224,169,0.0140726,0,0.754464
2171,10000,4.86634,4.21697,5.62342,0.0125077,0.01,0.0158489,0.12315,0.1,0.15,1.20224,1,1.5,0.000205655,253962,2867.51,12698.1,0.01,0.95,10,10000,0.938,0.497,437,328,0.0101014,0,0.750572
2172,10000,4.79608,4.21697,5.62342,0.0126996,0.01,0.0158489,0.174689,0.15,0.2,0.0691371,0,0.1,4.11309e-05,604396,9551.53,30219.8,0.01,0.95,10,10000,0.938,0.497,208,163,0.0143292,0,0.783654
2173,10000,4.81946,4.21697,5.62342,0.0127437,0.01,0.0158489,0.174327,0.15,0.2,0.153248,0.1,0.2,4.11309e-05,1.48193e+06,16289.7,74096.6,0.01,0.95,10,10000,0.938,0.497,510,359,0.00965538,0,0.703922
2174,10000,4.84339,4.21697,5.62342,0.0128741,0.01,0.0158489,0.174498,0.15,0.2,0.250777,0.2,0.3,4.11309e-05,1.72892e+06,17818.6,86446,0.01,0.95,10,10000,0.938,0.497,595,412,0.00901297,0,0.692437
2175,10000,4.82773,4.21697,5.62342,0.0126658,0.01,0.0158489,0.174219,0.15,0.2,0.347687,0.3,0.4,4.11309e-05,2.00206e+06,20894.7,100103,0.01,0.95,10,10000,0.938,0.497,689,425,0.00887406,0,0.616836
2176,10000,4.84579,4.21697,5.62342,0.0126182,0.01,0.0158489,0.1739,0.15,0.2,0.450277,0.4,0.5,4.11309e-05,1.73473e+06,18973.4,86736.6,0.01,0.95,10,10000,0.938,0.497,597,381,0.00937247,0,0.638191
2177,10000,4.84685,4.21697,5.62342,0.0126387,0.01,0.0158489,0.173567,0.15,0.2,0.549281,0.5,0.6,4.11309e-05,1.59526e+06,17982,79762.8,0.01,0.95,10,10000,0.938,0.497,549,356,0.00969598,0,0.648452
2178,10000,4.8729,4.21697,5.62342,0.0126897,0.01,0.0158489,0.174382,0.15,0.2,0.648249,0.6,0.7,4.11309e-05,1.16811e+06,15866.2,58405.6,0.01,0.95,10,10000,0.938,0.497,402,250,0.0115704,0,0.621891
2179,10000,4.78752,4.21697,5.62342,0.0126491,0.01,0.0158489,0.172488,0.15,0.2,0.747495,0.7,0.8,4.11309e-05,857196,14592,42859.8,0.01,0.95,10,10000,0.938,0.497,295,166,0.0141992,0,0.562712
2180,10000,4.77232,4.21697,5.62342,0.012702,0.01,0.0158489,0.174295,0.15,0.2,0.850611,0.8,0.9,4.11309e-05,618925,12039.1,30946.2,0.01,0.95,10,10000,0.938,0.497,213,125,0.016363,0,0.586854
2181,10000,4.85139,4.21697,5.62342,0.0127034,0.01,0.0158489,0.172996,0.15,0.2,0.950019,0.9,1,4.11309e-05,482354,10212.4,24117.7,0.01,0.95,10,10000,0.938,0.497,166,103,0.0180259,0,0.620482
2182,10000,4.83808,4.21697,5.62342,0.0127934,0.01,0.0158489,0.17312,0.15,0.2,1.19938,1,1.5,0.000205655,205146,2664.68,10257.3,0.01,0.95,10,10000,0.938,0.497,353,254,0.0114789,0,0.719547
2183,10000,4.83405,4.21697,5.62342,0.0127123,0.01,0.0158489,0.222862,0.2,0.25,0.0629908,0,0.1,4.11309e-05,354501,6427.16,17725.1,0.01,0.95,10,10000,0.938,0.497,122,111,0.0173642,0,0.909836
2184,10000,4.83182,4.21697,5.62342,0.0125686,0.01,0.0158489,0.222713,0.2,0.25,0.154507,0.1,0.2,4.11309e-05,918217,11340.3,45910.8,0.01,0.95,10,10000,0.938,0.497,316,259,0.0113675,0,0.81962
2185,10000,4.85096,4.21697,5.62342,0.0128065,0.01,0.0158489,0.2248,0.2,0.25,0.251326,0.2,0.3,4.11309e-05,1.14777e+06,12249.2,57388.5,0.01,0.95,10,10000,0.938,0.497,395,337,0.00996556,0,0.853165
2186,10000,4.83469,4.21697,5.62342,0.0128126,0.01,0.0158489,0.224446,0.2,0.25,0.351477,0.3,0.4,4.11309e-05,1.3657e+06,14464.8,68285.1,0.01,0.95,10,10000,0.938,0.497,470,365,0.00957569,0,0.776596
2187,10000,4.85037,4.21697,5.62342,0.0127282,0.01,0.0158489,0.224832,0.2,0.25,0.449036,0.4,0.5,4.11309e-05,1.29887e+06,15016,64943.5,0.01,0.95,10,10000,0.938,0.497,447,321,0.0102109,0,0.718121
2188,10000,4.8393,4.21697,5.62342,0.0127107,0.01,0.0158489,0.22449,0.2,0.25,0.546022,0.5,0.6,4.11309e-05,1.1623e+06,13947.8,58115,0.01,0.95,10,10000,0.938,0.497,400,294,0.0106695,0,0.735
2189,10000,4.85237,4.21697,5.62342,0.0127565,0.01,0.0158489,0.224875,0.2,0.25,0.649942,0.6,0.7,4.11309e-05,961803,13615.7,48090.2,0.01,0.95,10,10000,0.938,0.497,331,222,0.0122784,0,0.670695
2190,10000,4.83749,4.21697,5.62342,0.0126442,0.01,0.0158489,0.225871,0.2,0.25,0.747531,0.7,0.8,4.11309e-05,781647,11896.1,39082.3,0.01,0.95,10,10000,0.938,0.497,269,188,0.0133425,0,0.698885
2191,10000,4.84413,4.21697,5.62342,0.0127367,0.01,0.0158489,0.225168,0.2,0.25,0.841666,0.8,0.9,4.11309e-05,496883,10663,24844.2,0.01,0.95,10,10000,0.938,0.497,171,102,0.0181141,0,0.596491
2192,10000,4.81604,4.21697,5.62342,0.0128052,0.01,0.0158489,0.229547,0.2,0.25,0.946665,0.9,1,4.11309e-05,316727,8155.62,15836.3,0.01,0.95,10,10000,0.938,0.497,109,69,0.0220238,0,0.633028
2193,10000,4.86866,4.21697,5.62342,0.0127232,0.01,0.0158489,0.224574,0.2,0.25,1.20966,1,1.5,0.000205655,138895,2407.08,6944.74,0.01,0.95,10,10000,0.938,0.497,239,152,0.0148387,0,0.635983
2194,10000,4.77473,4.21697,5.62342,0.0126016,0.01,0.0158489,0.273532,0.25,0.3,0.0615613,0,0.1,4.11309e-05,180156,4688.28,9007.82,0.01,0.95,10,10000,0.938,0.497,62,55,0.0246681,0,0.887097
2195,10000,4.83759,4.21697,5.62342,0.0125361,0.01,0.0158489,0.273598,0.25,0.3,0.153866,0.1,0.2,4.11309e-05,624736,8801.8,31236.8,0.01,0.95,10,10000,0.938,0.497,215,189,0.0133072,0,0.87907
2196,10000,4.821,4.21697,5.62342,0.0126156,0.01,0.0158489,0.273141,0.25,0.3,0.251864,0.2,0.3,4.11309e-05,842667,10437.3,42133.4,0.01,0.95,10,10000,0.938,0.497,290,249,0.0115936,0,0.858621
2197,10000,4.83783,4.21697,5.62342,0.0127322,0.01,0.0158489,0.273682,0.25,0.3,0.349686,0.3,0.4,4.11309e-05,985049,11219.4,49252.5,0.01,0.95,10,10000,0.938,0.497,339,293,0.0106877,0,0.864307
2198,10000,4.84446,4.21697,5.62342,0.0127203,0.01,0.0158489,0.274234,0.25,0.3,0.448644,0.4,0.5,4.11309e-05,909500,11158.4,45475,0.01,0.95,10,10000,0.938,0.497,313,260,0.0113457,0,0.830671
2199,10000,4.75955,4.21697,5.62342,0.012632,0.01,0.0158489,0.275462,0.25,0.3,0.550051,0.5,0.6,4.11309e-05,804893,10045.8,40244.6,0.01,0.95,10,10000,0.938,0.497,277,242,0.01176,0,0.873646
2200,10000,4.88493,4.21697,5.62342,0.0126761,0.01,0.0158489,0.273632,0.25,0.3,0.648408,0.6,0.7,4.11309e-05,735155,10330.2,36757.7,0.01,0.95,10,10000,0.938,0.497,253,203,0.0128401,0,0.802372
2201,10000,4.85366,4.21697,5.62342,0.0125737,0.01,0.0158489,0.273188,0.25,0.3,0.744944,0.7,0.8,4.11309e-05,456203,8136.14,22810.1,0.01,0.95,10,10000,0.938,0.497,157,126,0.0162979,0,0.802548
2202,10000,4.80314,4.21697,5.62342,0.0125354,0.01,0.0158489,0.274795,0.25,0.3,0.850396,0.8,0.9,4.11309e-05,374842,8179.13,18742.1,0.01,0.95,10,10000,0.938,0.497,129,91,0.0191777,0,0.705426
2203,10000,4.84496,4.21697,5.62342,0.0126648,0.01,0.0158489,0.275962,0.25,0.3,0.943572,0.9,1,4.11309e-05,325444,7850.69,16272.2,0.01,0.95,10,10000,0.938,0.497,112,76,0.020985,0,0.678571
2204,10000,4.92175,4.21697,5.62342,0.01265,0.01,0.0158489,0.274184,0.25,0.3,1.18719,1,1.5,0.000205655,137733,2393.82,6886.63,0.01,0.95,10,10000,0.938,0.497,237,151,0.0148877,0,0.637131
2205,10000,4.87084,4.21697,5.62342,0.0127788,0.01,0.0158489,0.343109,0.3,0.4,0.0675371,0,0.1,8.22618e-05,113324,2601.91,5666.21,0.01,0.95,10,10000,0.938,0.497,78,70,0.0218659,0,0.897436
2206,10000,4.83635,4.21697,5.62342,0.0125182,0.01,0.0158489,0.341019,0.3,0.4,0.153362,0.1,0.2,8.22618e-05,303651,4148.88,15182.5,0.01,0.95,10,10000,0.938,0.497,209,193,0.0131686,0,0.923445
2207,10000,4.80996,4.21697,5.62342,0.0127982,0.01,0.0158489,0.344049,0.3,0.4,0.253745,0.2,0.3,8.22618e-05,396635,4995.89,19831.7,0.01,0.95,10,10000,0.938,0.497,273,238,0.0118585,0,0.871795
2208,10000,4.81328,4.21697,5.62342,0.0125734,0.01,0.0158489,0.346015,0.3,0.4,0.35107,0.3,0.4,8.22618e-05,508506,5434.33,25425.3,0.01,0.95,10,10000,0.938,0.497,350,319,0.0102429,0,0.911429
2209,10000,4.80829,4.21697,5.62342,0.0126343,0.01,0.0158489,0.344785,0.3,0.4,0.450619,0.4,0.5,8.22618e-05,533205,5888.95,26660.3,0.01,0.95,10,10000,0.938,0.497,367,314,0.0103241,0,0.855586
2210,10000,4.82668,4.21697,5.62342,0.0125845,0.01,0.0158489,0.346139,0.3,0.4,0.547946,0.5,0.6,8.22618e-05,477996,5464.46,23899.8,0.01,0.95,10,10000,0.938,0.497,329,288,0.01078,0,0.87538
2211,10000,4.82491,4.21697,5.62342,0.0128435,0.01,0.0158489,0.345721,0.3,0.4,0.649944,0.6,0.7,8.22618e-05,393729,5115.45,19686.5,0.01,0.95,10,10000,0.938,0.497,271,229,0.0120892,0,0.845018
2212,10000,4.85256,4.21697,5.62342,0.0127092,0.01,0.0158489,0.343075,0.3,0.4,0.74369,0.7,0.8,8.22618e-05,364672,4925.07,18233.6,0.01,0.95,10,10000,0.938,0.497,251,212,0.0125646,0,0.844622
2213,10000,4.83223,4.21697,5.62342,0.0128037,0.01,0.0158489,0.345501,0.3,0.4,0.842465,0.8,0.9,8.22618e-05,251347,4140.59,12567.4,0.01,0.95,10,10000,0.938,0.497,173,144,0.0152453,0,0.83237
2214,10000,4.85084,4.21697,5.62342,0.0124028,0.01,0.0158489,0.342736,0.3,0.4,0.950185,0.9,1,8.22618e-05,168533,3407.28,8426.67,0.01,0.95,10,10000,0.938,0.497,116,96,0.0186716,0,0.827586
2215,10000,4.85882,4.21697,5.62342,0.0127265,0.01,0.0158489,0.345261,0.3,0.4,1.17786,1,1.5,0.000411309,92402.8,1242.49,4620.14,0.01,0.95,10,10000,0.938,0.497,318,234,0.0119594,0,0.735849
2216,10000,4.87927,4.21697,5.62342,0.012656,0.01,0.0158489,0.437073,0.4,0.5,0.0672614,0,0.1,8.22618e-05,55209.2,1870.31,2760.46,0.01,0.95,10,10000,0.938,0.497,38,33,0.0318464,0,0.868421
2217,10000,4.73677,4.21697,5.62342,0.0128812,0.01,0.0158489,0.443453,0.4,0.5,0.153087,0.1,0.2,8.22618e-05,135117,2950.49,6755.87,0.01,0.95,10,10000,0.938,0.497,93,80,0.0204537,0,0.860215
2218,10000,4.77607,4.21697,5.62342,0.0124694,0.01,0.0158489,0.444279,0.4,0.5,0.254209,0.2,0.3,8.22618e-05,178704,3277.71,8935.18,0.01,0.95,10,10000,0.938,0.497,123,110,0.017443,0,0.894309
2219,10000,4.81284,4.21697,5.62342,0.0127832,0.01,0.0158489,0.443193,0.4,0.5,0.350592,0.3,0.4,8.22618e-05,248442,3979.36,12422.1,0.01,0.95,10,10000,0.938,0.497,171,148,0.0150379,0,0.865497
2220,10000,4.77737,4.21697,5.62342,0.0127511,0.01,0.0158489,0.442936,0.4,0.5,0.446916,0.4,0.5,8.22618e-05,292028,4101.68,14601.4,0.01,0.95,10,10000,0.938,0.497,201,184,0.0134868,0,0.915423
2221,10000,4.798,4.21697,5.62342,0.0127332,0.01,0.0158489,0.444045,0.4,0.5,0.551834,0.5,0.6,8.22618e-05,265876,3946.68,13293.8,0.01,0.95,10,10000,0.938,0.497,183,166,0.0141992,0,0.907104
2222,10000,4.78162,4.21697,5.62342,0.012644,0.01,0.0158489,0.446726,0.4,0.5,0.648169,0.6,0.7,8.22618e-05,194685,3365.84,9734.26,0.01,0.95,10,10000,0.938,0.497,134,122,0.0165629,0,0.910448
2223,10000,4.84145,4.21697,5.62342,0.0127095,0.01,0.0158489,0.439268,0.4,0.5,0.745068,0.7,0.8,8.22618e-05,178704,3387.73,8935.18,0.01,0.95,10,10000,0.938,0.497,123,106,0.017769,0,0.861789
2224,10000,4.85708,4.21697,5.62342,0.0124233,0.01,0.0158489,0.443435,0.4,0.5,0.844207,0.8,0.9,8.22618e-05,145287,3029.18,7264.37,0.01,0.95,10,10000,0.938,0.497,100,87,0.0196136,0,0.87
2225,10000,4.69074,4.21697,5.62342,0.0133762,0.01,0.0158489,0.44186,0.4,0.5,0.952092,0.9,1,8.22618e-05,104607,2827.21,5230.35,0.01,0.95,10,10000,0.938,0.497,72,56,0.0244468,0,0.777778
2226,10000,4.79119,4.21697,5.62342,0.0128273,0.01,0.0158489,0.44624,0.4,0.5,1.2048,1,1.5,0.000411309,60730.2,870.876,3036.51,0.01,0.95,10,10000,0.938,0.497,209,183,0.0135236,0,0.875598
2227,10000,4.62272,4.21697,5.62342,0.0131127,0.01,0.0158489,0.540196,0.5,0.6,0.0515777,0,0.1,8.22618e-05,21793.1,1177.18,1089.66,0.01,0.95,10,10000,0.938,0.497,15,13,0.0507394,0,0.866667
2228,10000,4.78364,4.21697,5.62342,0.0125909,0.01,0.0158489,0.548596,0.5,0.6,0.149628,0.1,0.2,8.22618e-05,61020.7,2038.14,3051.04,0.01,0.95,10,10000,0.938,0.497,42,35,0.0309231,0,0.833333
2229,10000,4.77307,4.21697,5.62342,0.0129714,0.01,0.0158489,0.542707,0.5,0.6,0.249086,0.2,0.3,8.22618e-05,100248,2240.08,5012.42,0.01,0.95,10,10000,0.938,0.497,69,68,0.0221851,0,0.985507
2230,10000,4.76536,4.21697,5.62342,0.0127611,0.01,0.0158489,0.548289,0.5,0.6,0.350044,0.3,0.4,8.22618e-05,114777,2615.1,5738.85,0.01,0.95,10,10000,0.938,0.497,79,71,0.0217114,0,0.898734
2231,10000,4.7992,4.21697,5.62342,0.0128611,0.01,0.0158489,0.540963,0.5,0.6,0.455726,0.4,0.5,8.22618e-05,135117,2794.07,6755.87,0.01,0.95,10,10000,0.938,0.497,93,85,0.019843,0,0.913978
2232,10000,4.80126,4.21697,5.62342,0.0128173,0.01,0.0158489,0.540662,0.5,0.6,0.549897,0.5,0.6,8.22618e-05,126400,3171.35,6320,0.01,0.95,10,10000,0.938,0.497,87,66,0.0225188,0,0.758621
2233,10000,4.80753,4.21697,5.62342,0.0125183,0.01,0.0158489,0.539392,0.5,0.6,0.650239,0.6,0.7,8.22618e-05,116230,2595.3,5811.5,0.01,0.95,10,10000,0.938,0.497,80,73,0.0214119,0,0.9125
2234,10000,4.85789,4.21697,5.62342,0.012756,0.01,0.0158489,0.540511,0.5,0.6,0.750774,0.7,0.8,8.22618e-05,110418,2754.08,5520.92,0.01,0.95,10,10000,0.938,0.497,76,63,0.0230487,0,0.828947
2235,10000,4.74631,4.21697,5.62342,0.0122552,0.01,0.0158489,0.542604,0.5,0.6,0.846266,0.8,0.9,8.22618e-05,72643.7,2120.3,3632.19,0.01,0.95,10,10000,0.938,0.497,50,44,0.0275798,0,0.88
2236,10000,4.79546,4.21697,5.62342,0.0125708,0.01,0.0158489,0.536427,0.5,0.6,0.953596,0.9,1,8.22618e-05,59567.9,1876.9,2978.39,0.01,0.95,10,10000,0.938,0.497,41,37,0.0300757,0,0.902439
2237,10000,4.85583,4.21697,5.62342,0.0127601,0.01,0.0158489,0.547688,0.5,0.6,1.2115,1,1.5,0.000411309,26732.9,574.97,1336.64,0.01,0.95,10,10000,0.938,0.497,92,81,0.020327,0,0.880435
2238,10000,4.85662,4.21697,5.62342,0.0124666,0.01,0.0158489,0.632201,0.6,0.7,0.0725549,0,0.1,8.22618e-05,11623,751.778,581.15,0.01,0.95,10,10000,0.938,0.497,8,8,0.0646803,0,1
2239,10000,4.87469,4.21697,5.62342,0.013092,0.01,0.0158489,0.6461,0.6,0.7,0.162978,0.1,0.2,8.22618e-05,27604.6,1358.54,1380.23,0.01,0.95,10,10000,0.938,0.497,19,16,0.0457358,0,0.842105
2240,10000,4.72812,4.21697,5.62342,0.0124066,0.01,0.0158489,0.641579,0.6,0.7,0.251204,0.2,0.3,8.22618e-05,47944.9,2019.86,2397.24,0.01,0.95,10,10000,0.938,0.497,33,24,0.0373432,0,0.727273
2241,10000,4.81502,4.21697,5.62342,0.0132949,0.01,0.0158489,0.648722,0.6,0.7,0.346455,0.3,0.4,8.22618e-05,43586.2,1609.46,2179.31,0.01,0.95,10,10000,0.938,0.497,30,27,0.0352075,0,0.9
2242,10000,4.75919,4.21697,5.62342,0.0129265,0.01,0.0158489,0.640288,0.6,0.7,0.45428,0.4,0.5,8.22618e-05,74096.6,2223.42,3704.83,0.01,0.95,10,10000,0.938,0.497,51,43,0.0278986,0,0.843137
2243,10000,4.89334,4.21697,5.62342,0.0125549,0.01,0.0158489,0.635232,0.6,0.7,0.554018,0.5,0.6,8.22618e-05,40680.5,1510.77,2034.02,0.01,0.95,10,10000,0.938,0.497,28,26,0.0358782,0,0.928571
2244,10000,4.82608,4.21697,5.62342,0.012839,0.01,0.0158489,0.647467,0.6,0.7,0.64977,0.6,0.7,8.22618e-05,69738,2044.42,3486.9,0.01,0.95,10,10000,0.938,0.497,48,43,0.0278986,0,0.895833
2245,10000,4.80379,4.21697,5.62342,0.0133311,0.01,0.0158489,0.64089,0.6,0.7,0.7536,0.7,0.8,8.22618e-05,49397.7,1797.29,2469.89,0.01,0.95,10,10000,0.938,0.497,34,29,0.0339717,0,0.852941
2246,10000,4.84636,4.21697,5.62342,0.0128059,0.01,0.0158489,0.646193,0.6,0.7,0.854347,0.8,0.9,8.22618e-05,58115,2058.83,2905.75,0.01,0.95,10,10000,0.938,0.497,40,32,0.0323401,0,0.8
2247,10000,4.7726,4.21697,5.62342,0.0131699,0.01,0.0158489,0.64272,0.6,0.7,0.945129,0.9,1,8.22618e-05,37774.7,1786.12,1888.74,0.01,0.95,10,10000,0.938,0.497,26,19,0.0419701,0,0.730769
2248,10000,4.89132,4.21697,5.62342,0.0129561,0.01,0.0158489,0.641689,0.6,0.7,1.2062,1,1.5,0.000411309,17143.9,452.189,857.196,0.01,0.95,10,10000,0.938,0.497,59,53,0.0251292,0,0.898305
2249,10000,5.09328,4.21697,5.62342,0.0106143,0.01,0.0158489,0.716683,0.7,0.8,0.062664,0,0.1,8.22618e-05,2905.75,651.059,145.287,0.01,0.95,10,10000,0.938,0.497,2,1,0.182943,0,0.5
2250,10000,4.70422,4.21697,5.62342,0.0127944,0.01,0.0158489,0.745919,0.7,0.8,0.149598,0.1,0.2,8.22618e-05,15981.6,-nan,799.081,0.01,0.95,10,10000,0.938,0.497,11,12,0.0528112,0,1.09091
2251,10000,5.02752,4.21697,5.62342,0.0122004,0.01,0.0158489,0.751606,0.7,0.8,0.249746,0.2,0.3,8.22618e-05,21793.1,1260.77,1089.66,0.01,0.95,10,10000,0.938,0.497,15,12,0.0528112,0,0.8
2252,10000,4.88241,4.21697,5.62342,0.012296,0.01,0.0158489,0.741776,0.7,0.8,0.357463,0.3,0.4,8.22618e-05,43586.2,1664.79,2179.31,0.01,0.95,10,10000,0.938,0.497,30,26,0.0358782,0,0.866667
2253,10000,4.91274,4.21697,5.62342,0.0127297,0.01,0.0158489,0.737163,0.7,0.8,0.447148,0.4,0.5,8.22618e-05,39227.6,1433.24,1961.38,0.01,0.95,10,10000,0.938,0.497,27,26,0.0358782,0,0.962963
2254,10000,5.03206,4.21697,5.62342,0.0128445,0.01,0.0158489,0.742487,0.7,0.8,0.557751,0.5,0.6,8.22618e-05,24698.9,1309.85,1234.94,0.01,0.95,10,10000,0.938,0.497,17,14,0.0488937,0,0.823529
2255,10000,4.86342,4.21697,5.62342,0.0129921,0.01,0.0158489,0.734242,0.7,0.8,0.658409,0.6,0.7,8.22618e-05,29057.5,1314.12,1452.87,0.01,0.95,10,10000,0.938,0.497,20,18,0.0431202,0,0.9
2256,10000,4.90869,4.21697,5.62342,0.0122277,0.01,0.0158489,0.766941,0.7,0.8,0.744452,0.7,0.8,8.22618e-05,18887.4,1119.09,944.369,0.01,0.95,10,10000,0.938,0.497,13,11,0.0551595,0,0.846154
2257,10000,4.87168,4.21697,5.62342,0.0122274,0.01,0.0158489,0.743537,0.7,0.8,0.856138,0.8,0.9,8.22618e-05,15981.6,881.538,799.081,0.01,0.95,10,10000,0.938,0.497,11,11,0.0551595,0,1
2258,10000,4.75449,4.21697,5.62342,0.0134892,0.01,0.0158489,0.739542,0.7,0.8,0.935294,0.9,1,8.22618e-05,10170.1,1111.9,508.506,0.01,0.95,10,10000,0.938,0.497,7,4,0.0914717,0,0.571429
2259,10000,4.72436,4.21697,5.62342,0.0125684,0.01,0.0158489,0.749302,0.7,0.8,1.18975,1,1.5,0.000411309,9879.55,359.458,493.977,0.01,0.95,10,10000,0.938,0.497,34,29,0.0339717,0,0.852941
2260,10000,4.42929,4.21697,5.62342,0.0110117,0.01,0.0158489,0.871301,0.8,0.9,0.0411204,0,0.1,8.22618e-05,2905.75,651.059,145.287,0.01,0.95,10,10000,0.938,0.497,2,1,0.182943,0,0.5
2261,10000,4.68335,4.21697,5.62342,0.0126874,0.01,0.0158489,0.853906,0.8,0.9,0.152132,0.1,0.2,8.22618e-05,5811.5,686.277,290.575,0.01,0.95,10,10000,0.938,0.497,4,3,0.105622,0,0.75
2262,10000,4.69608,4.21697,5.62342,0.0141787,0.01,0.0158489,0.839363,0.8,0.9,0.247089,0.2,0.3,8.22618e-05,11623,1302.12,581.15,0.01,0.95,10,10000,0.938,0.497,8,4,0.0914717,0,0.5
2263,10000,4.85789,4.21697,5.62342,0.012766,0.01,0.0158489,0.835204,0.8,0.9,0.353428,0.3,0.4,8.22618e-05,17434.5,1188.67,871.725,0.01,0.95,10,10000,0.938,0.497,12,9,0.0609811,0,0.75
2264,10000,4.54325,4.21697,5.62342,0.0136061,0.01,0.0158489,0.83962,0.8,0.9,0.447426,0.4,0.5,8.22618e-05,15981.6,965.677,799.081,0.01,0.95,10,10000,0.938,0.497,11,10,0.0578518,0,0.909091
2265,10000,4.8695,4.21697,5.62342,0.0126978,0.01,0.0158489,0.841875,0.8,0.9,0.544205,0.5,0.6,8.22618e-05,18887.4,1035.12,944.369,0.01,0.95,10,10000,0.938,0.497,13,12,0.0528112,0,0.923077
2266,10000,4.88395,4.21697,5.62342,0.0122648,0.01,0.0158489,0.832127,0.8,0.9,0.653602,0.6,0.7,8.22618e-05,13075.9,891.5,653.794,0.01,0.95,10,10000,0.938,0.497,9,8,0.0646803,0,0.888889
2267,10000,5.02217,4.21697,5.62342,0.0117817,0.01,0.0158489,0.857814,0.8,0.9,0.746844,0.7,0.8,8.22618e-05,5811.5,531.588,290.575,0.01,0.95,10,10000,0.938,0.497,4,4,0.0914717,0,1
2268,10000,4.65268,4.21697,5.62342,0.0132695,0.01,0.0158489,0.854166,0.8,0.9,0.839506,0.8,0.9,8.22618e-05,10170.1,943.474,508.506,0.01,0.95,10,10000,0.938,0.497,7,5,0.0818148,0,0.714286
2269,10000,4.78758,4.21697,5.62342,0.0125225,0.01,0.0158489,0.845048,0.8,0.9,0.956737,0.9,1,8.22618e-05,7264.37,727.906,363.219,0.01,0.95,10,10000,0.938,0.497,5,4,0.0914717,0,0.8
2270,10000,4.76164,4.21697,5.62342,0.013025,0.01,0.0158489,0.825596,0.8,0.9,1.1792,1,1.5,0.000411309,2615.17,225.534,130.759,0.01,0.95,10,10000,0.938,0.497,9,6,0.0746863,0,0.666667
2271,10000,4.42086,4.21697,5.62342,0.0139936,0.01,0.0158489,0.936984,0.9,1,0.155669,0.1,0.2,8.22618e-05,1452.87,265.794,72.6437,0.01,0.95,10,10000,0.938,0.497,1,1,0.182943,0,1
2272,10000,4.92525,4.21697,5.62342,0.0134182,0.01,0.0158489,0.924186,0.9,1,0.274894,0.2,0.3,8.22618e-05,8717.25,920.737,435.862,0.01,0.95,10,10000,0.938,0.497,6,4,0.0914717,0,0.666667
2273,10000,5.31764,4.21697,5.62342,0.0121004,0.01,0.0158489,0.967585,0.9,1,0.359433,0.3,0.4,8.22618e-05,1452.87,265.794,72.6437,0.01,0.95,10,10000,0.938,0.497,1,1,0.182943,0,1
2274,10000,4.67688,4.21697,5.62342,0.0133031,0.01,0.0158489,0.930231,0.9,1,0.449142,0.4,0.5,8.22618e-05,7264.37,907.859,363.219,0.01,0.95,10,10000,0.938,0.497,5,3,0.105622,0,0.6
2275,10000,5.35298,4.21697,5.62342,0.0121875,0.01,0.0158489,0.905948,0.9,1,0.517508,0.5,0.6,8.22618e-05,2905.75,651.059,145.287,0.01,0.95,10,10000,0.938,0.497,2,1,0.182943,0,0.5
2276,10000,4.67879,4.21697,5.62342,0.0125223,0.01,0.0158489,0.923766,0.9,1,0.629238,0.6,0.7,8.22618e-05,7264.37,594.333,363.219,0.01,0.95,10,10000,0.938,0.497,5,5,0.0818148,0,1
2277,10000,4.93748,4.21697,5.62342,0.0126626,0.01,0.0158489,0.94009,0.9,1,0.730858,0.7,0.8,8.22618e-05,4358.62,651.059,217.931,0.01,0.95,10,10000,0.938,0.497,3,2,0.129361,0,0.666667
2278,10000,4.65954,4.21697,5.62342,0.0128516,0.01,0.0158489,0.931393,0.9,1,0.853591,0.8,0.9,8.22618e-05,5811.5,686.277,290.575,0.01,0.95,10,10000,0.938,0.497,4,3,0.105622,0,0.75
2279,10000,5.18576,4.21697,5.62342,0.0135824,0.01,0.0158489,0.900837,0.9,1,0.965105,0.9,1,8.22618e-05,1452.87,265.794,72.6437,0.01,0.95,10,10000,0.938,0.497,1,1,0.182943,0,1
2280,10000,4.68962,4.21697,5.62342,0.0126488,0.01,0.0158489,0.950209,0.9,1,1.12818,1,1.5,0.000411309,1452.87,145.581,72.6437,0.01,0.95,10,10000,0.938,0.497,5,4,0.0914717,0,0.8
2281,10000,4.70518,4.21697,5.62342,0.0203698,0.0158489,0.0251189,0.0705383,0.05,0.1,0.0648305,0,0.1,6.51889e-05,806687,11168.5,40334.4,0.01,0.95,10,10000,0.938,0.497,440,250,0.0115704,0,0.568182
2282,10000,4.76553,4.21697,5.62342,0.0203829,0.0158489,0.0251189,0.0708738,0.05,0.1,0.150281,0.1,0.2,6.51889e-05,2.13772e+06,17963.1,106886,0.01,0.95,10,10000,0.938,0.497,1166,674,0.00704672,0,0.578045
2283,10000,4.75136,4.21697,5.62342,0.020551,0.0158489,0.0251189,0.0704057,0.05,0.1,0.25005,0.2,0.3,6.51889e-05,2.73907e+06,21439.9,136954,0.01,0.95,10,10000,0.938,0.497,1494,800,0.00646803,0,0.535475
2284,10000,4.73534,4.21697,5.62342,0.0204637,0.0158489,0.0251189,0.0694651,0.05,0.1,0.349685,0.3,0.4,6.51889e-05,2.7464e+06,21489.5,137320,0.01,0.95,10,10000,0.938,0.497,1498,801,0.00646399,0,0.534713
2285,10000,4.8025,4.21697,5.62342,0.0204729,0.0158489,0.0251189,0.070417,0.05,0.1,0.448204,0.4,0.5,6.51889e-05,2.35406e+06,18889.7,117703,0.01,0.95,10,10000,0.938,0.497,1284,740,0.00672513,0,0.576324
2286,10000,4.74935,4.21697,5.62342,0.0203619,0.0158489,0.0251189,0.0709608,0.05,0.1,0.550601,0.5,0.6,6.51889e-05,1.89572e+06,15717.9,94785.8,0.01,0.95,10,10000,0.938,0.497,1034,662,0.0071103,0,0.640232
2287,10000,4.77146,4.21697,5.62342,0.020486,0.0158489,0.0251189,0.0708359,0.05,0.1,0.645931,0.6,0.7,6.51889e-05,1.4337e+06,12915.9,71685.2,0.01,0.95,10,10000,0.938,0.497,782,540,0.00787263,0,0.690537
2288,10000,4.77841,4.21697,5.62342,0.0201041,0.0158489,0.0251189,0.0730429,0.05,0.1,0.747942,0.7,0.8,6.51889e-05,949691,9885.56,47484.6,0.01,0.95,10,10000,0.938,0.497,518,387,0.00929954,0,0.747104
2289,10000,4.80026,4.21697,5.62342,0.0201967,0.0158489,0.0251189,0.071059,0.05,0.1,0.846608,0.8,0.9,6.51889e-05,709518,8863.09,35475.9,0.01,0.95,10,10000,0.938,0.497,387,276,0.0110119,0,0.713178
2290,10000,4.76714,4.21697,5.62342,0.0199702,0.0158489,0.0251189,0.0719563,0.05,0.1,0.944974,0.9,1,6.51889e-05,485846,6687.1,24292.3,0.01,0.95,10,10000,0.938,0.497,265,212,0.0125646,0,0.8
2291,10000,4.8641,4.21697,5.62342,0.0199684,0.0158489,0.0251189,0.0744459,0.05,0.1,1.17639,1,1.5,0.000325945,153637,1629.35,7681.86,0.01,0.95,10,10000,0.938,0.497,419,348,0.0098068,0,0.830549
2292,10000,4.87103,4.21697,5.62342,0.0196923,0.0158489,0.0251189,0.126481,0.1,0.15,0.0681186,0,0.1,6.51889e-05,524347,8138.83,26217.3,0.01,0.95,10,10000,0.938,0.497,286,187,0.0133781,0,0.653846
2293,10000,4.87182,4.21697,5.62342,0.0200756,0.0158489,0.0251189,0.125522,0.1,0.15,0.151382,0.1,0.2,6.51889e-05,1.35303e+06,13247.8,67651.7,0.01,0.95,10,10000,0.938,0.497,738,474,0.00840287,0,0.642276
2294,10000,4.84395,4.21697,5.62342,0.0195797,0.0158489,0.0251189,0.12505,0.1,0.15,0.247962,0.2,0.3,6.51889e-05,1.79305e+06,16877.3,89652.3,0.01,0.95,10,10000,0.938,0.497,978,545,0.00783643,0,0.55726
2295,10000,4.87992,4.21697,5.62342,0.0197763,0.0158489,0.0251189,0.125779,0.1,0.15,0.347077,0.3,0.4,6.51889e-05,1.81138e+06,17083.2,90569,0.01,0.95,10,10000,0.938,0.497,988,545,0.00783643,0,0.551619
2296,10000,4.8558,4.21697,5.62342,0.0199504,0.0158489,0.0251189,0.124933,0.1,0.15,0.448263,0.4,0.5,6.51889e-05,1.52171e+06,15869.3,76085.3,0.01,0.95,10,10000,0.938,0.497,830,449,0.00863363,0,0.540964
2297,10000,4.80762,4.21697,5.62342,0.0199637,0.0158489,0.0251189,0.125661,0.1,0.15,0.549872,0.5,0.6,6.51889e-05,1.21736e+06,13164.3,60868.2,0.01,0.95,10,10000,0.938,0.497,664,400,0.00914717,0,0.60241
2298,10000,4.80478,4.21697,5.62342,0.0200843,0.0158489,0.0251189,0.123468,0.1,0.15,0.649194,0.6,0.7,6.51889e-05,898356,11508.6,44917.8,0.01,0.95,10,10000,0.938,0.497,490,288,0.01078,0,0.587755
2299,10000,4.83057,4.21697,5.62342,0.0199754,0.0158489,0.0251189,0.12499,0.1,0.15,0.749674,0.7,0.8,6.51889e-05,658184,9656.18,32909.2,0.01,0.95,10,10000,0.938,0.497,359,217,0.012419,0,0.604457
2300,10000,4.81602,4.21697,5.62342,0.0198766,0.0158489,0.0251189,0.12244,0.1,0.15,0.845198,0.8,0.9,6.51889e-05,476679,7370.19,23833.9,0.01,0.95,10,10000,0.938,0.497,260,182,0.0135607,0,0.7
2301,10000,4.75783,4.21697,5.62342,0.0197954,0.0158489,0.0251189,0.122754,0.1,0.15,0.951568,0.9,1,6.51889e-05,320842,5879.48,16042.1,0.01,0.95,10,10000,0.938,0.497,175,127,0.0162336,0,0.725714
2302,10000,4.88304,4.21697,5.62342,0.0199955,0.0158489,0.0251189,0.123583,0.1,0.15,1.18993,1,1.5,0.000325945,132370,1615.45,6618.5,0.01,0.95,10,10000,0.938,0.497,361,277,0.010992,0,0.767313
2303,10000,4.81268,4.21697,5.62342,0.0199425,0.0158489,0.0251189,0.173824,0.15,0.2,0.0668724,0,0.1,6.51889e-05,330008,5294.08,16500.4,0.01,0.95,10,10000,0.938,0.497,180,151,0.0148877,0,0.838889
2304,10000,4.8061,4.21697,5.62342,0.0200779,0.0158489,0.0251189,0.173658,0.15,0.2,0.15468,0.1,0.2,6.51889e-05,914857,9180.08,45742.8,0.01,0.95,10,10000,0.938,0.497,499,399,0.00915863,0,0.799599
2305,10000,4.81782,4.21697,5.62342,0.0199891,0.0158489,0.0251189,0.174744,0.15,0.2,0.25175,0.2,0.3,6.51889e-05,1.1257e+06,10609.3,56284.8,0.01,0.95,10,10000,0.938,0.497,614,467,0.00846561,0,0.760586
2306,10000,4.84066,4.21697,5.62342,0.0199605,0.0158489,0.0251189,0.173685,0.15,0.2,0.349971,0.3,0.4,6.51889e-05,1.19903e+06,11491.5,59951.5,0.01,0.95,10,10000,0.938,0.497,654,468,0.00845656,0,0.715596
2307,10000,4.83401,4.21697,5.62342,0.0199396,0.0158489,0.0251189,0.172657,0.15,0.2,0.448449,0.4,0.5,6.51889e-05,1.07253e+06,11255.4,53626.4,0.01,0.95,10,10000,0.938,0.497,585,400,0.00914717,0,0.683761
2308,10000,4.80901,4.21697,5.62342,0.0200765,0.0158489,0.0251189,0.1748,0.15,0.2,0.547556,0.5,0.6,6.51889e-05,953358,10379.1,47667.9,0.01,0.95,10,10000,0.938,0.497,520,366,0.0095626,0,0.703846
2309,10000,4.86006,4.21697,5.62342,0.0200291,0.0158489,0.0251189,0.174509,0.15,0.2,0.647302,0.6,0.7,6.51889e-05,689351,9079.7,34467.6,0.01,0.95,10,10000,0.938,0.497,376,255,0.0114564,0,0.678191
2310,10000,4.84791,4.21697,5.62342,0.0200008,0.0158489,0.0251189,0.175347,0.15,0.2,0.747821,0.7,0.8,6.51889e-05,535347,8285.68,26767.4,0.01,0.95,10,10000,0.938,0.497,292,189,0.0133072,0,0.64726
2311,10000,4.8436,4.21697,5.62342,0.0202084,0.0158489,0.0251189,0.174685,0.15,0.2,0.847761,0.8,0.9,6.51889e-05,335509,6186.98,16775.4,0.01,0.95,10,10000,0.938,0.497,183,128,0.0161701,0,0.699454
2312,10000,4.87796,4.21697,5.62342,0.0205435,0.0158489,0.0251189,0.175346,0.15,0.2,0.945804,0.9,1,6.51889e-05,289674,6196.19,14483.7,0.01,0.95,10,10000,0.938,0.497,158,100,0.0182943,0,0.632911
2313,10000,4.86261,4.21697,5.62342,0.0199346,0.0158489,0.0251189,0.173801,0.15,0.2,1.20481,1,1.5,0.000325945,108903,1551.82,5445.14,0.01,0.95,10,10000,0.938,0.497,297,212,0.0125646,0,0.713805
2314,10000,4.76884,4.21697,5.62342,0.019976,0.0158489,0.0251189,0.224519,0.2,0.25,0.0678938,0,0.1,6.51889e-05,225506,4610.3,11275.3,0.01,0.95,10,10000,0.938,0.497,123,97,0.0185751,0,0.788618
2315,10000,4.80296,4.21697,5.62342,0.020078,0.0158489,0.0251189,0.223177,0.2,0.25,0.15325,0.1,0.2,6.51889e-05,601349,7105.36,30067.4,0.01,0.95,10,10000,0.938,0.497,328,277,0.010992,0,0.844512
2316,10000,4.81716,4.21697,5.62342,0.0200537,0.0158489,0.0251189,0.222965,0.2,0.25,0.2495,0.2,0.3,6.51889e-05,740686,8051.65,37034.3,0.01,0.95,10,10000,0.938,0.497,404,333,0.0100252,0,0.824257
2317,10000,4.80206,4.21697,5.62342,0.0199434,0.0158489,0.0251189,0.223171,0.2,0.25,0.350264,0.3,0.4,6.51889e-05,876356,8701.5,43817.8,0.01,0.95,10,10000,0.938,0.497,478,397,0.00918167,0,0.830544
2318,10000,4.77996,4.21697,5.62342,0.0200122,0.0158489,0.0251189,0.225171,0.2,0.25,0.446318,0.4,0.5,6.51889e-05,766353,9048.05,38317.7,0.01,0.95,10,10000,0.938,0.497,418,305,0.0104753,0,0.729665
2319,10000,4.79809,4.21697,5.62342,0.0200674,0.0158489,0.0251189,0.223382,0.2,0.25,0.546974,0.5,0.6,6.51889e-05,636183,8197.78,31809.2,0.01,0.95,10,10000,0.938,0.497,347,255,0.0114564,0,0.73487
2320,10000,4.86348,4.21697,5.62342,0.0200875,0.0158489,0.0251189,0.225022,0.2,0.25,0.64899,0.6,0.7,6.51889e-05,540847,7806.93,27042.4,0.01,0.95,10,10000,0.938,0.497,295,208,0.0126848,0,0.705085
2321,10000,4.80673,4.21697,5.62342,0.0199269,0.0158489,0.0251189,0.225651,0.2,0.25,0.748289,0.7,0.8,6.51889e-05,374010,6592.2,18700.5,0.01,0.95,10,10000,0.938,0.497,204,141,0.0154066,0,0.691176
2322,10000,4.88168,4.21697,5.62342,0.0197996,0.0158489,0.0251189,0.22356,0.2,0.25,0.846157,0.8,0.9,6.51889e-05,295174,5595.72,14758.7,0.01,0.95,10,10000,0.938,0.497,161,118,0.0168413,0,0.732919
2323,10000,4.79577,4.21697,5.62342,0.019871,0.0158489,0.0251189,0.226358,0.2,0.25,0.952463,0.9,1,6.51889e-05,174171,4993.67,8708.56,0.01,0.95,10,10000,0.938,0.497,95,57,0.0242314,0,0.6
2324,10000,4.8641,4.21697,5.62342,0.0200837,0.0158489,0.0251189,0.225412,0.2,0.25,1.21372,1,1.5,0.000325945,87635.6,1475.86,4381.78,0.01,0.95,10,10000,0.938,0.497,239,158,0.0145542,0,0.661088
2325,10000,4.85565,4.21697,5.62342,0.0198229,0.0158489,0.0251189,0.273553,0.25,0.3,0.0677655,0,0.1,6.51889e-05,141170,3398.47,7058.51,0.01,0.95,10,10000,0.938,0.497,77,66,0.0225188,0,0.857143
2326,10000,4.82353,4.21697,5.62342,0.0202923,0.0158489,0.0251189,0.273736,0.25,0.3,0.152321,0.1,0.2,6.51889e-05,392343,5956.94,19617.2,0.01,0.95,10,10000,0.938,0.497,214,173,0.0139089,0,0.808411
2327,10000,4.81435,4.21697,5.62342,0.0197495,0.0158489,0.0251189,0.272094,0.25,0.3,0.252379,0.2,0.3,6.51889e-05,528014,7083.46,26400.7,0.01,0.95,10,10000,0.938,0.497,288,226,0.0121692,0,0.784722
2328,10000,4.7988,4.21697,5.62342,0.0202526,0.0158489,0.0251189,0.272636,0.25,0.3,0.350953,0.3,0.4,6.51889e-05,575681,7211.96,28784.1,0.01,0.95,10,10000,0.938,0.497,314,254,0.0114789,0,0.808917
2329,10000,4.83531,4.21697,5.62342,0.0200758,0.0158489,0.0251189,0.273092,0.25,0.3,0.448739,0.4,0.5,6.51889e-05,583015,7146.08,29150.8,0.01,0.95,10,10000,0.938,0.497,318,262,0.0113023,0,0.823899
2330,10000,4.86322,4.21697,5.62342,0.020221,0.0158489,0.0251189,0.274316,0.25,0.3,0.551911,0.5,0.6,6.51889e-05,462012,6223.38,23100.6,0.01,0.95,10,10000,0.938,0.497,252,213,0.0125351,0,0.845238
2331,10000,4.8223,4.21697,5.62342,0.0201999,0.0158489,0.0251189,0.274189,0.25,0.3,0.646227,0.6,0.7,6.51889e-05,374010,6249.75,18700.5,0.01,0.95,10,10000,0.938,0.497,204,151,0.0148877,0,0.740196
2332,10000,4.84634,4.21697,5.62342,0.0202908,0.0158489,0.0251189,0.271823,0.25,0.3,0.746086,0.7,0.8,6.51889e-05,297008,5493.16,14850.4,0.01,0.95,10,10000,0.938,0.497,162,122,0.0165629,0,0.753086
2333,10000,4.76093,4.21697,5.62342,0.0198154,0.0158489,0.0251189,0.273195,0.25,0.3,0.851409,0.8,0.9,6.51889e-05,203505,4572.98,10175.3,0.01,0.95,10,10000,0.938,0.497,111,83,0.0200806,0,0.747748
2334,10000,4.92928,4.21697,5.62342,0.0200657,0.0158489,0.0251189,0.271646,0.25,0.3,0.94685,0.9,1,6.51889e-05,192505,4913.03,9625.25,0.01,0.95,10,10000,0.938,0.497,105,69,0.0220238,0,0.657143
2335,10000,4.81399,4.21697,5.62342,0.0200907,0.0158489,0.0251189,0.274495,0.25,0.3,1.18842,1,1.5,0.000325945,74801.9,1493.1,3740.1,0.01,0.95,10,10000,0.938,0.497,204,119,0.0167704,0,0.583333
2336,10000,4.89682,4.21697,5.62342,0.0198925,0.0158489,0.0251189,0.338367,0.3,0.4,0.0655129,0,0.1,0.000130378,77002,1732.32,3850.1,0.01,0.95,10,10000,0.938,0.497,84,74,0.0212667,0,0.880952
2337,10000,4.80711,4.21697,5.62342,0.0203641,0.0158489,0.0251189,0.34356,0.3,0.4,0.154192,0.1,0.2,0.000130378,189755,2671.38,9487.74,0.01,0.95,10,10000,0.938,0.497,207,186,0.0134141,0,0.898551
2338,10000,4.79836,4.21697,5.62342,0.0201982,0.0158489,0.0251189,0.344058,0.3,0.4,0.250057,0.2,0.3,0.000130378,275924,3573.31,13796.2,0.01,0.95,10,10000,0.938,0.497,301,240,0.0118089,0,0.797342
2339,10000,4.81034,4.21697,5.62342,0.0201012,0.0158489,0.0251189,0.343334,0.3,0.4,0.34861,0.3,0.4,0.000130378,329092,3815.89,16454.6,0.01,0.95,10,10000,0.938,0.497,359,294,0.0106695,0,0.818942
2340,10000,4.79788,4.21697,5.62342,0.0198488,0.0158489,0.0251189,0.346331,0.3,0.4,0.449737,0.4,0.5,0.000130378,326342,3828.12,16317.1,0.01,0.95,10,10000,0.938,0.497,356,289,0.0107614,0,0.811798
2341,10000,4.85772,4.21697,5.62342,0.0197773,0.0158489,0.0251189,0.344553,0.3,0.4,0.547449,0.5,0.6,0.000130378,290591,3534.82,14529.5,0.01,0.95,10,10000,0.938,0.497,317,264,0.0112594,0,0.832808
2342,10000,4.83969,4.21697,5.62342,0.0199971,0.0158489,0.0251189,0.344423,0.3,0.4,0.646594,0.6,0.7,0.000130378,267674,3255.06,13383.7,0.01,0.95,10,10000,0.938,0.497,292,255,0.0114564,0,0.873288
2343,10000,4.83484,4.21697,5.62342,0.0201388,0.0158489,0.0251189,0.344096,0.3,0.4,0.748775,0.7,0.8,0.000130378,203505,3068.91,10175.3,0.01,0.95,10,10000,0.938,0.497,222,177,0.0137509,0,0.797297
2344,10000,4.81572,4.21697,5.62342,0.0202927,0.0158489,0.0251189,0.346918,0.3,0.4,0.848959,0.8,0.9,0.000130378,136587,2441.74,6829.34,0.01,0.95,10,10000,0.938,0.497,149,123,0.0164955,0,0.825503
2345,10000,4.85291,4.21697,5.62342,0.0195366,0.0158489,0.0251189,0.344946,0.3,0.4,0.940025,0.9,1,0.000130378,119170,2540.98,5958.49,0.01,0.95,10,10000,0.938,0.497,130,94,0.0188692,0,0.723077
2346,10000,4.89585,4.21697,5.62342,0.020003,0.0158489,0.0251189,0.343981,0.3,0.4,1.18627,1,1.5,0.000651889,51334.7,741.41,2566.73,0.01,0.95,10,10000,0.938,0.497,280,204,0.0128086,0,0.728571
2347,10000,4.71444,4.21697,5.62342,0.0193466,0.0158489,0.0251189,0.441525,0.4,0.5,0.0663925,0,0.1,0.000130378,25667.3,919.677,1283.37,0.01,0.95,10,10000,0.938,0.497,28,27,0.0352075,0,0.964286
2348,10000,4.77584,4.21697,5.62342,0.0198068,0.0158489,0.0251189,0.437527,0.4,0.5,0.154425,0.1,0.2,0.000130378,88002.3,1863.15,4400.11,0.01,0.95,10,10000,0.938,0.497,96,84,0.0199608,0,0.875
2349,10000,4.7851,4.21697,5.62342,0.0201802,0.0158489,0.0251189,0.441911,0.4,0.5,0.254119,0.2,0.3,0.000130378,125587,2256.94,6279.33,0.01,0.95,10,10000,0.938,0.497,137,118,0.0168413,0,0.861314
2350,10000,4.81202,4.21697,5.62342,0.0199157,0.0158489,0.0251189,0.443413,0.4,0.5,0.355412,0.3,0.4,0.000130378,157671,2753.35,7883.54,0.01,0.95,10,10000,0.938,0.497,172,134,0.0158039,0,0.77907
2351,10000,4.8005,4.21697,5.62342,0.0198744,0.0158489,0.0251189,0.445319,0.4,0.5,0.446751,0.4,0.5,0.000130378,163171,2714.79,8158.54,0.01,0.95,10,10000,0.938,0.497,178,144,0.0152453,0,0.808989
2352,10000,4.77073,4.21697,5.62342,0.0203915,0.0158489,0.0251189,0.447327,0.4,0.5,0.549131,0.5,0.6,0.000130378,140254,2350.16,7012.68,0.01,0.95,10,10000,0.938,0.497,153,134,0.0158039,0,0.875817
2353,10000,4.75348,4.21697,5.62342,0.020099,0.0158489,0.0251189,0.447287,0.4,0.5,0.650666,0.6,0.7,0.000130378,117336,2134.39,5866.82,0.01,0.95,10,10000,0.938,0.497,128,113,0.0172099,0,0.882812
2354,10000,4.78703,4.21697,5.62342,0.0200517,0.0158489,0.0251189,0.440161,0.4,0.5,0.750579,0.7,0.8,0.000130378,106336,2208.18,5316.8,0.01,0.95,10,10000,0.938,0.497,116,93,0.0189703,0,0.801724
2355,10000,4.84507,4.21697,5.62342,0.020176,0.0158489,0.0251189,0.442275,0.4,0.5,0.84725,0.8,0.9,0.000130378,80668.7,1763.38,4033.44,0.01,0.95,10,10000,0.938,0.497,88,78,0.0207143,0,0.886364
2356,10000,4.85301,4.21697,5.62342,0.0199173,0.0158489,0.0251189,0.451357,0.4,0.5,0.948644,0.9,1,0.000130378,65085,1859.04,3254.25,0.01,0.95,10,10000,0.938,0.497,71,52,0.0253697,0,0.732394
2357,10000,4.84203,4.21697,5.62342,0.0201758,0.0158489,0.0251189,0.450739,0.4,0.5,1.17303,1,1.5,0.000651889,35567.6,572.773,1778.38,0.01,0.95,10,10000,0.938,0.497,194,155,0.0146944,0,0.798969
2358,10000,4.84014,4.21697,5.62342,0.0212903,0.0158489,0.0251189,0.562721,0.5,0.6,0.042231,0,0.1,0.000130378,13750.4,918.544,687.518,0.01,0.95,10,10000,0.938,0.497,15,10,0.0578518,0,0.666667
2359,10000,4.77871,4.21697,5.62342,0.0200737,0.0158489,0.0251189,0.540572,0.5,0.6,0.155869,0.1,0.2,0.000130378,42167.8,1214.18,2108.39,0.01,0.95,10,10000,0.938,0.497,46,43,0.0278986,0,0.934783
2360,10000,4.83329,4.21697,5.62342,0.0201956,0.0158489,0.0251189,0.541683,0.5,0.6,0.254492,0.2,0.3,0.000130378,74251.9,1994.23,3712.6,0.01,0.95,10,10000,0.938,0.497,81,59,0.0238172,0,0.728395
2361,10000,4.88881,4.21697,5.62342,0.0201594,0.0158489,0.0251189,0.545292,0.5,0.6,0.352188,0.3,0.4,0.000130378,73335.2,1837.09,3666.76,0.01,0.95,10,10000,0.938,0.497,80,64,0.0228679,0,0.8
2362,10000,4.8632,4.21697,5.62342,0.0205828,0.0158489,0.0251189,0.546084,0.5,0.6,0.449638,0.4,0.5,0.000130378,90752.3,2136.87,4537.62,0.01,0.95,10,10000,0.938,0.497,99,75,0.0211245,0,0.757576
2363,10000,4.78943,4.21697,5.62342,0.0194652,0.0158489,0.0251189,0.544323,0.5,0.6,0.547879,0.5,0.6,0.000130378,93502.4,2175.18,4675.12,0.01,0.95,10,10000,0.938,0.497,102,77,0.0208483,0,0.754902
2364,10000,4.7843,4.21697,5.62342,0.0199039,0.0158489,0.0251189,0.549846,0.5,0.6,0.64543,0.6,0.7,0.000130378,62334.9,1678.24,3116.75,0.01,0.95,10,10000,0.938,0.497,68,55,0.0246681,0,0.808824
2365,10000,4.84559,4.21697,5.62342,0.0200395,0.0158489,0.0251189,0.547196,0.5,0.6,0.758737,0.7,0.8,0.000130378,61418.2,1963.23,3070.91,0.01,0.95,10,10000,0.938,0.497,67,44,0.0275798,0,0.656716
2366,10000,4.85864,4.21697,5.62342,0.0200046,0.0158489,0.0251189,0.545768,0.5,0.6,0.848398,0.8,0.9,0.000130378,45834.5,1337.8,2291.73,0.01,0.95,10,10000,0.938,0.497,50,44,0.0275798,0,0.88
2367,10000,4.84407,4.21697,5.62342,0.0202753,0.0158489,0.0251189,0.53519,0.5,0.6,0.941306,0.9,1,0.000130378,34834.2,1392.67,1741.71,0.01,0.95,10,10000,0.938,0.497,38,27,0.0352075,0,0.710526
2368,10000,4.76267,4.21697,5.62342,0.0195377,0.0158489,0.0251189,0.550273,0.5,0.6,1.20436,1,1.5,0.000651889,16133.7,387.181,806.687,0.01,0.95,10,10000,0.938,0.497,88,70,0.0218659,0,0.795455
2369,10000,4.85647,4.21697,5.62342,0.0212191,0.0158489,0.0251189,0.655374,0.6,0.7,0.0549279,0,0.1,0.000130378,6416.83,595.285,320.842,0.01,0.95,10,10000,0.938,0.497,7,5,0.0818148,0,0.714286
2370,10000,4.82572,4.21697,5.62342,0.0206503,0.0158489,0.0251189,0.635799,0.6,0.7,0.152657,0.1,0.2,0.000130378,28417.4,1353.1,1420.87,0.01,0.95,10,10000,0.938,0.497,31,20,0.0409074,0,0.645161
2371,10000,4.7496,4.21697,5.62342,0.0201508,0.0158489,0.0251189,0.644042,0.6,0.7,0.24729,0.2,0.3,0.000130378,44001.1,1289.92,2200.06,0.01,0.95,10,10000,0.938,0.497,48,43,0.0278986,0,0.895833
2372,10000,4.8163,4.21697,5.62342,0.0199825,0.0158489,0.0251189,0.646107,0.6,0.7,0.350911,0.3,0.4,0.000130378,33917.5,1270.71,1695.88,0.01,0.95,10,10000,0.938,0.497,37,29,0.0339717,0,0.783784
2373,10000,4.83631,4.21697,5.62342,0.0193683,0.0158489,0.0251189,0.655178,0.6,0.7,0.45045,0.4,0.5,0.000130378,44001.1,1374.75,2200.06,0.01,0.95,10,10000,0.938,0.497,48,40,0.0289259,0,0.833333
2374,10000,4.77798,4.21697,5.62342,0.0201538,0.0158489,0.0251189,0.632582,0.6,0.7,0.543849,0.5,0.6,0.000130378,37584.3,1532.61,1879.22,0.01,0.95,10,10000,0.938,0.497,41,27,0.0352075,0,0.658537
2375,10000,4.8264,4.21697,5.62342,0.0195298,0.0158489,0.0251189,0.641195,0.6,0.7,0.638103,0.6,0.7,0.000130378,31167.5,1068.31,1558.37,0.01,0.95,10,10000,0.938,0.497,34,31,0.0328576,0,0.911765
2376,10000,4.67902,4.21697,5.62342,0.0201754,0.0158489,0.0251189,0.63939,0.6,0.7,0.757088,0.7,0.8,0.000130378,44917.8,1443.88,2245.89,0.01,0.95,10,10000,0.938,0.497,49,39,0.0292944,0,0.795918
2377,10000,4.80997,4.21697,5.62342,0.0205586,0.0158489,0.0251189,0.643287,0.6,0.7,0.847144,0.8,0.9,0.000130378,22917.3,1071.06,1145.86,0.01,0.95,10,10000,0.938,0.497,25,19,0.0419701,0,0.76
2378,10000,4.90004,4.21697,5.62342,0.0209669,0.0158489,0.0251189,0.650222,0.6,0.7,0.95962,0.9,1,0.000130378,20167.2,902.285,1008.36,0.01,0.95,10,10000,0.938,0.497,22,19,0.0419701,0,0.863636
2379,10000,4.85605,4.21697,5.62342,0.0193458,0.0158489,0.0251189,0.640133,0.6,0.7,1.20372,1,1.5,0.000651889,9533.58,332.41,476.679,0.01,0.95,10,10000,0.938,0.497,52,36,0.0304906,0,0.692308
2380,10000,4.92348,4.21697,5.62342,0.0206033,0.0158489,0.0251189,0.73682,0.7,0.8,0.0579579,0,0.1,0.000130378,6416.83,512.339,320.842,0.01,0.95,10,10000,0.938,0.497,7,6,0.0746863,0,0.857143
2381,10000,4.74973,4.21697,5.62342,0.0191882,0.0158489,0.0251189,0.751461,0.7,0.8,0.154084,0.1,0.2,0.000130378,11917,706.09,595.849,0.01,0.95,10,10000,0.938,0.497,13,11,0.0551595,0,0.846154
2382,10000,4.65513,4.21697,5.62342,0.0194963,0.0158489,0.0251189,0.731915,0.7,0.8,0.259569,0.2,0.3,0.000130378,14667,670.81,733.352,0.01,0.95,10,10000,0.938,0.497,16,16,0.0457358,0,1
2383,10000,4.74841,4.21697,5.62342,0.0210594,0.0158489,0.0251189,0.74548,0.7,0.8,0.352717,0.3,0.4,0.000130378,20167.2,1093.71,1008.36,0.01,0.95,10,10000,0.938,0.497,22,15,0.0472358,0,0.681818
2384,10000,4.77339,4.21697,5.62342,0.0199224,0.0158489,0.0251189,0.75174,0.7,0.8,0.453793,0.4,0.5,0.000130378,17417.1,1013.71,870.856,0.01,0.95,10,10000,0.938,0.497,19,13,0.0507394,0,0.684211
2385,10000,4.54451,4.21697,5.62342,0.0204499,0.0158489,0.0251189,0.735859,0.7,0.8,0.549756,0.5,0.6,0.000130378,12833.7,911.715,641.683,0.01,0.95,10,10000,0.938,0.497,14,9,0.0609811,0,0.642857
2386,10000,4.6832,4.21697,5.62342,0.0196155,0.0158489,0.0251189,0.750239,0.7,0.8,0.656032,0.6,0.7,0.000130378,19250.5,1031.06,962.525,0.01,0.95,10,10000,0.938,0.497,21,15,0.0472358,0,0.714286
2387,10000,5.06011,4.21697,5.62342,0.0195935,0.0158489,0.0251189,0.735007,0.7,0.8,0.754963,0.7,0.8,0.000130378,9166.9,-nan,458.345,0.01,0.95,10,10000,0.938,0.497,10,11,0.0551595,0,1.1
2388,10000,5.02861,4.21697,5.62342,0.0198437,0.0158489,0.0251189,0.7357,0.7,0.8,0.867214,0.8,0.9,0.000130378,12833.7,841.86,641.683,0.01,0.95,10,10000,0.938,0.497,14,10,0.0578518,0,0.714286
2389,10000,4.65325,4.21697,5.62342,0.0182274,0.0158489,0.0251189,0.743733,0.7,0.8,0.943605,0.9,1,0.000130378,9166.9,1060.64,458.345,0.01,0.95,10,10000,0.938,0.497,10,4,0.0914717,0,0.4
2390,10000,4.90927,4.21697,5.62342,0.0190089,0.0158489,0.0251189,0.746743,0.7,0.8,1.26167,1,1.5,0.000651889,4033.44,218.743,201.672,0.01,0.95,10,10000,0.938,0.497,22,15,0.0472358,0,0.681818
2391,10000,4.87449,4.21697,5.62342,0.0206957,0.0158489,0.0251189,0.843394,0.8,0.9,0.0881717,0,0.1,0.000130378,2750.07,290.469,137.504,0.01,0.95,10,10000,0.938,0.497,3,3,0.105622,0,1
2392,10000,4.6931,4.21697,5.62342,0.0203245,0.0158489,0.0251189,0.856869,0.8,0.9,0.156961,0.1,0.2,0.000130378,8250.21,711.501,412.511,0.01,0.95,10,10000,0.938,0.497,9,6,0.0746863,0,0.666667
2393,10000,5.26407,4.21697,5.62342,0.0193118,0.0158489,0.0251189,0.849675,0.8,0.9,0.268635,0.2,0.3,0.000130378,7333.52,821.571,366.676,0.01,0.95,10,10000,0.938,0.497,8,4,0.0914717,0,0.5
2394,10000,4.94228,4.21697,5.62342,0.0189444,0.0158489,0.0251189,0.854814,0.8,0.9,0.347594,0.3,0.4,0.000130378,11917,706.09,595.849,0.01,0.95,10,10000,0.938,0.497,13,11,0.0551595,0,0.846154
2395,10000,4.65696,4.21697,5.62342,0.0214387,0.0158489,0.0251189,0.848609,0.8,0.9,0.451984,0.4,0.5,0.000130378,10083.6,668.476,504.18,0.01,0.95,10,10000,0.938,0.497,11,9,0.0609811,0,0.818182
2396,10000,5.08185,4.21697,5.62342,0.0208563,0.0158489,0.0251189,0.840705,0.8,0.9,0.553758,0.5,0.6,0.000130378,12833.7,992.141,641.683,0.01,0.95,10,10000,0.938,0.497,14,8,0.0646803,0,0.571429
2397,10000,4.5402,4.21697,5.62342,0.0192286,0.0158489,0.0251189,0.851394,0.8,0.9,0.643105,0.6,0.7,0.000130378,7333.52,537.844,366.676,0.01,0.95,10,10000,0.938,0.497,8,7,0.0691461,0,0.875
2398,10000,4.69102,4.21697,5.62342,0.0203678,0.0158489,0.0251189,0.836873,0.8,0.9,0.739838,0.7,0.8,0.000130378,10083.6,609.293,504.18,0.01,0.95,10,10000,0.938,0.497,11,10,0.0578518,0,0.909091
2399,10000,4.55185,4.21697,5.62342,0.0204994,0.0158489,0.0251189,0.841498,0.8,0.9,0.852174,0.8,0.9,0.000130378,5500.14,410.785,275.007,0.01,0.95,10,10000,0.938,0.497,6,6,0.0746863,0,1
2400,10000,4.78629,4.21697,5.62342,0.0204996,0.0158489,0.0251189,0.826915,0.8,0.9,0.969608,0.9,1,0.000130378,3666.76,580.938,183.338,0.01,0.95,10,10000,0.938,0.497,4,2,0.129361,0,0.5
2401,10000,4.70979,4.21697,5.62342,0.0204104,0.0158489,0.0251189,0.843473,0.8,0.9,1.28552,1,1.5,0.000651889,1833.38,162.016,91.669,0.01,0.95,10,10000,0.938,0.497,10,6,0.0746863,0,0.6
2402,10000,4.76457,4.21697,5.62342,0.020889,0.0158489,0.0251189,0.928949,0.9,1,0.246019,0.2,0.3,0.000130378,1833.38,237.167,91.669,0.01,0.95,10,10000,0.938,0.497,2,2,0.129361,0,1
2403,10000,4.97294,4.21697,5.62342,0.0212884,0.0158489,0.0251189,0.930255,0.9,1,0.373429,0.3,0.4,0.000130378,4583.45,374.994,229.173,0.01,0.95,10,10000,0.938,0.497,5,5,0.0818148,0,1
2404,10000,4.63613,4.21697,5.62342,0.0175334,0.0158489,0.0251189,0.927056,0.9,1,0.475194,0.4,0.5,0.000130378,5500.14,580.938,275.007,0.01,0.95,10,10000,0.938,0.497,6,4,0.0914717,0,0.666667
2405,10000,4.72716,4.21697,5.62342,0.0192854,0.0158489,0.0251189,0.934876,0.9,1,0.542776,0.5,0.6,0.000130378,3666.76,433.006,183.338,0.01,0.95,10,10000,0.938,0.497,4,3,0.105622,0,0.75
2406,10000,4.54517,4.21697,5.62342,0.0190206,0.0158489,0.0251189,0.949625,0.9,1,0.626824,0.6,0.7,0.000130378,4583.45,572.813,229.173,0.01,0.95,10,10000,0.938,0.497,5,3,0.105622,0,0.6
2407,10000,4.5498,4.21697,5.62342,0.0177437,0.0158489,0.0251189,0.984989,0.9,1,0.727063,0.7,0.8,0.000130378,1833.38,410.785,91.669,0.01,0.95,10,10000,0.938,0.497,2,1,0.182943,0,0.5
2408,10000,4.70807,4.21697,5.62342,0.0176583,0.0158489,0.0251189,0.935011,0.9,1,0.805766,0.8,0.9,0.000130378,1833.38,410.785,91.669,0.01,0.95,10,10000,0.938,0.497,2,1,0.182943,0,0.5
2409,10000,4.29347,4.21697,5.62342,0.0194265,0.0158489,0.0251189,0.911656,0.9,1,0.962017,0.9,1,0.000130378,1833.38,237.167,91.669,0.01,0.95,10,10000,0.938,0.497,2,2,0.129361,0,1
2410,10000,4.90879,4.21697,5.62342,0.0208635,0.0158489,0.0251189,0.927408,0.9,1,1.18535,1,1.5,0.000651889,366.676,47.4334,18.3338,0.01,0.95,10,10000,0.938,0.497,2,2,0.129361,0,1
2411,10000,4.82338,4.21697,5.62342,0.0321217,0.0251189,0.0398107,0.07111,0.05,0.1,0.0654679,0,0.1,0.000103316,411820,4945.21,20591,0.01,0.95,10,10000,0.938,0.497,356,281,0.0109135,0,0.789326
2412,10000,4.80079,4.21697,5.62342,0.0320397,0.0251189,0.0398107,0.0725018,0.05,0.1,0.154529,0.1,0.2,0.000103316,1.17762e+06,8375.65,58881,0.01,0.95,10,10000,0.938,0.497,1018,802,0.00645996,0,0.787819
2413,10000,4.79155,4.21697,5.62342,0.0320504,0.0251189,0.0398107,0.0727479,0.05,0.1,0.251918,0.2,0.3,0.000103316,1.46566e+06,9353.02,73283.1,0.01,0.95,10,10000,0.938,0.497,1267,997,0.00579388,0,0.786898
2414,10000,4.80924,4.21697,5.62342,0.0321772,0.0251189,0.0398107,0.072141,0.05,0.1,0.348479,0.3,0.4,0.000103316,1.47492e+06,9142.51,73745.8,0.01,0.95,10,10000,0.938,0.497,1275,1035,0.00568652,0,0.811765
2415,10000,4.79299,4.21697,5.62342,0.0317511,0.0251189,0.0398107,0.071684,0.05,0.1,0.449199,0.4,0.5,0.000103316,1.33032e+06,8441.12,66515.9,0.01,0.95,10,10000,0.938,0.497,1150,965,0.00588916,0,0.83913
2416,10000,4.8127,4.21697,5.62342,0.0318727,0.0251189,0.0398107,0.0720751,0.05,0.1,0.548435,0.5,0.6,0.000103316,1.02724e+06,7470.47,51361.8,0.01,0.95,10,10000,0.938,0.497,888,739,0.00672968,0,0.832207
2417,10000,4.82107,4.21697,5.62342,0.0321401,0.0251189,0.0398107,0.0729411,0.05,0.1,0.645994,0.6,0.7,0.000103316,769270,6321.04,38463.5,0.01,0.95,10,10000,0.938,0.497,665,568,0.00767613,0,0.854135
2418,10000,4.82206,4.21697,5.62342,0.0319385,0.0251189,0.0398107,0.0732925,0.05,0.1,0.746655,0.7,0.8,0.000103316,511304,5183.56,25565.2,0.01,0.95,10,10000,0.938,0.497,442,375,0.00944716,0,0.848416
2419,10000,4.79791,4.21697,5.62342,0.031664,0.0251189,0.0398107,0.0719817,0.05,0.1,0.847212,0.8,0.9,0.000103316,385214,4619.17,19260.7,0.01,0.95,10,10000,0.938,0.497,333,274,0.011052,0,0.822823
2420,10000,4.82132,4.21697,5.62342,0.0312678,0.0251189,0.0398107,0.0712111,0.05,0.1,0.944963,0.9,1,0.000103316,241771,3224.97,12088.5,0.01,0.95,10,10000,0.938,0.497,209,198,0.0130012,0,0.947368
2421,10000,4.85891,4.21697,5.62342,0.0316101,0.0251189,0.0398107,0.0743809,0.05,0.1,1.16947,1,1.5,0.000516582,82826.7,940.343,4141.34,0.01,0.95,10,10000,0.938,0.497,358,301,0.0105447,0,0.840782
2422,10000,4.72622,4.21697,5.62342,0.0327977,0.0251189,0.0398107,0.119895,0.1,0.15,0.0659542,0,0.1,0.000103316,303081,6285.28,15154,0.01,0.95,10,10000,0.938,0.497,262,120,0.0167004,0,0.458015
2423,10000,4.77936,4.21697,5.62342,0.0323551,0.0251189,0.0398107,0.123257,0.1,0.15,0.15373,0.1,0.2,0.000103316,744978,8622.63,37248.9,0.01,0.95,10,10000,0.938,0.497,644,360,0.00964196,0,0.559006
2424,10000,4.76378,4.21697,5.62342,0.0323805,0.0251189,0.0398107,0.123357,0.1,0.15,0.252049,0.2,0.3,0.000103316,1.00063e+06,9640.09,50031.5,0.01,0.95,10,10000,0.938,0.497,865,509,0.00810882,0,0.588439
2425,10000,4.79678,4.21697,5.62342,0.0322057,0.0251189,0.0398107,0.123227,0.1,0.15,0.350832,0.3,0.4,0.000103316,1.00873e+06,9027.45,50436.4,0.01,0.95,10,10000,0.938,0.497,872,565,0.00769649,0,0.647936
2426,10000,4.77878,4.21697,5.62342,0.0324604,0.0251189,0.0398107,0.122267,0.1,0.15,0.448532,0.4,0.5,0.000103316,919654,8633.41,45982.7,0.01,0.95,10,10000,0.938,0.497,795,514,0.00806929,0,0.646541
2427,10000,4.77338,4.21697,5.62342,0.0319896,0.0251189,0.0398107,0.122983,0.1,0.15,0.549372,0.5,0.6,0.000103316,694078,7556.65,34703.9,0.01,0.95,10,10000,0.938,0.497,600,384,0.00933579,0,0.64
2428,10000,4.82428,4.21697,5.62342,0.0321219,0.0251189,0.0398107,0.12273,0.1,0.15,0.646786,0.6,0.7,0.000103316,535597,6091,26779.9,0.01,0.95,10,10000,0.938,0.497,463,332,0.0100403,0,0.717063
2429,10000,4.77659,4.21697,5.62342,0.0319599,0.0251189,0.0398107,0.122904,0.1,0.15,0.749541,0.7,0.8,0.000103316,371332,4826.57,18566.6,0.01,0.95,10,10000,0.938,0.497,321,245,0.0116878,0,0.76324
2430,10000,4.82311,4.21697,5.62342,0.0317312,0.0251189,0.0398107,0.124036,0.1,0.15,0.850088,0.8,0.9,0.000103316,293827,4494.77,14691.3,0.01,0.95,10,10000,0.938,0.497,254,183,0.0135236,0,0.720472
2431,10000,4.84054,4.21697,5.62342,0.0315735,0.0251189,0.0398107,0.120663,0.1,0.15,0.955541,0.9,1,0.000103316,192028,3953.92,9601.42,0.01,0.95,10,10000,0.938,0.497,166,107,0.0176858,0,0.644578
2432,10000,4.83953,4.21697,5.62342,0.031713,0.0251189,0.0398107,0.122629,0.1,0.15,1.17024,1,1.5,0.000516582,83058.1,991.373,4152.9,0.01,0.95,10,10000,0.938,0.497,359,284,0.0108557,0,0.791086
2433,10000,4.91311,4.21697,5.62342,0.0310184,0.0251189,0.0398107,0.174301,0.15,0.2,0.0666631,0,0.1,0.000103316,220948,4120.05,11047.4,0.01,0.95,10,10000,0.938,0.497,191,128,0.0161701,0,0.670157
2434,10000,4.87269,4.21697,5.62342,0.0310564,0.0251189,0.0398107,0.175274,0.15,0.2,0.154818,0.1,0.2,0.000103316,506677,6689.05,25333.9,0.01,0.95,10,10000,0.938,0.497,438,267,0.011196,0,0.609589
2435,10000,4.87913,4.21697,5.62342,0.0315299,0.0251189,0.0398107,0.172568,0.15,0.2,0.250418,0.2,0.3,0.000103316,674413,6504.23,33720.6,0.01,0.95,10,10000,0.938,0.497,583,445,0.00867235,0,0.763293
2436,10000,4.86118,4.21697,5.62342,0.0316727,0.0251189,0.0398107,0.174187,0.15,0.2,0.350974,0.3,0.4,0.000103316,699862,7048.86,34993.1,0.01,0.95,10,10000,0.938,0.497,605,427,0.00885325,0,0.705785
2437,10000,4.83675,4.21697,5.62342,0.0316125,0.0251189,0.0398107,0.174724,0.15,0.2,0.449582,0.4,0.5,0.000103316,640866,6798.94,32043.3,0.01,0.95,10,10000,0.938,0.497,554,387,0.00929954,0,0.698556
2438,10000,4.85985,4.21697,5.62342,0.0319729,0.0251189,0.0398107,0.173876,0.15,0.2,0.547564,0.5,0.6,0.000103316,512461,6209.7,25623.1,0.01,0.95,10,10000,0.938,0.497,443,301,0.0105447,0,0.679458
2439,10000,4.81679,4.21697,5.62342,0.0317041,0.0251189,0.0398107,0.173908,0.15,0.2,0.646385,0.6,0.7,0.000103316,466189,6087.29,23309.5,0.01,0.95,10,10000,0.938,0.497,403,264,0.0112594,0,0.655087
2440,10000,4.80125,4.21697,5.62342,0.032439,0.0251189,0.0398107,0.171526,0.15,0.2,0.746771,0.7,0.8,0.000103316,290356,4685.5,14517.8,0.01,0.95,10,10000,0.938,0.497,251,170,0.0140311,0,0.677291
2441,10000,4.8424,4.21697,5.62342,0.0317721,0.0251189,0.0398107,0.173921,0.15,0.2,0.845629,0.8,0.9,0.000103316,238300,3811.96,11915,0.01,0.95,10,10000,0.938,0.497,206,160,0.0144629,0,0.776699
2442,10000,4.72286,4.21697,5.62342,0.0324144,0.0251189,0.0398107,0.174087,0.15,0.2,0.944259,0.9,1,0.000103316,121464,3133.71,6073.19,0.01,0.95,10,10000,0.938,0.497,105,68,0.0221851,0,0.647619
2443,10000,4.87058,4.21697,5.62342,0.032068,0.0251189,0.0398107,0.174803,0.15,0.2,1.17132,1,1.5,0.000516582,64780.7,914.339,3239.03,0.01,0.95,10,10000,0.938,0.497,280,210,0.0126243,0,0.75
2444,10000,4.84275,4.21697,5.62342,0.0320378,0.0251189,0.0398107,0.221216,0.2,0.25,0.0678526,0,0.1,0.000103316,150384,3077.1,7519.18,0.01,0.95,10,10000,0.938,0.497,130,99,0.0183865,0,0.761538
2445,10000,4.80481,4.21697,5.62342,0.0315413,0.0251189,0.0398107,0.224109,0.2,0.25,0.154556,0.1,0.2,0.000103316,370175,4920.1,18508.8,0.01,0.95,10,10000,0.938,0.497,320,238,0.0118585,0,0.74375
2446,10000,4.78159,4.21697,5.62342,0.0314018,0.0251189,0.0398107,0.224423,0.2,0.25,0.25095,0.2,0.3,0.000103316,462719,5251.94,23135.9,0.01,0.95,10,10000,0.938,0.497,400,315,0.0103077,0,0.7875
2447,10000,4.83375,4.21697,5.62342,0.0319992,0.0251189,0.0398107,0.223878,0.2,0.25,0.352006,0.3,0.4,0.000103316,519402,5611.17,25970.1,0.01,0.95,10,10000,0.938,0.497,449,350,0.00977874,0,0.77951
2448,10000,4.85679,4.21697,5.62342,0.0318945,0.0251189,0.0398107,0.22274,0.2,0.25,0.446582,0.4,0.5,0.000103316,458092,5510.81,22904.6,0.01,0.95,10,10000,0.938,0.497,396,292,0.010706,0,0.737374
2449,10000,4.80364,4.21697,5.62342,0.0321842,0.0251189,0.0398107,0.224114,0.2,0.25,0.549702,0.5,0.6,0.000103316,379430,4685.21,18971.5,0.01,0.95,10,10000,0.938,0.497,328,263,0.0112808,0,0.801829
2450,10000,4.8609,4.21697,5.62342,0.0317572,0.0251189,0.0398107,0.223874,0.2,0.25,0.648406,0.6,0.7,0.000103316,307708,4429.26,15385.4,0.01,0.95,10,10000,0.938,0.497,266,201,0.0129038,0,0.755639
2451,10000,4.82507,4.21697,5.62342,0.0321569,0.0251189,0.0398107,0.225391,0.2,0.25,0.750429,0.7,0.8,0.000103316,234830,4023.76,11741.5,0.01,0.95,10,10000,0.938,0.497,203,146,0.0151405,0,0.719212
2452,10000,4.82907,4.21697,5.62342,0.0323557,0.0251189,0.0398107,0.225679,0.2,0.25,0.847016,0.8,0.9,0.000103316,161952,3466.66,8097.58,0.01,0.95,10,10000,0.938,0.497,140,96,0.0186716,0,0.685714
2453,10000,4.87979,4.21697,5.62342,0.0314969,0.0251189,0.0398107,0.222128,0.2,0.25,0.949375,0.9,1,0.000103316,126091,2930.77,6304.55,0.01,0.95,10,10000,0.938,0.497,109,79,0.0205827,0,0.724771
2454,10000,4.79681,4.21697,5.62342,0.0316084,0.0251189,0.0398107,0.223625,0.2,0.25,1.20396,1,1.5,0.000516582,52055.9,830.425,2602.79,0.01,0.95,10,10000,0.938,0.497,225,166,0.0141992,0,0.737778
2455,10000,4.79928,4.21697,5.62342,0.0313073,0.0251189,0.0398107,0.273677,0.25,0.3,0.0687164,0,0.1,0.000103316,71721.4,1993.64,3586.07,0.01,0.95,10,10000,0.938,0.497,62,51,0.0256172,0,0.822581
2456,10000,4.83188,4.21697,5.62342,0.0325287,0.0251189,0.0398107,0.273715,0.25,0.3,0.15352,0.1,0.2,0.000103316,212851,3519.82,10642.5,0.01,0.95,10,10000,0.938,0.497,184,147,0.0150889,0,0.798913
2457,10000,4.8423,4.21697,5.62342,0.0317482,0.0251189,0.0398107,0.274375,0.25,0.3,0.252746,0.2,0.3,0.000103316,289199,3900.07,14460,0.01,0.95,10,10000,0.938,0.497,250,212,0.0125646,0,0.848
2458,10000,4.77958,4.21697,5.62342,0.0318304,0.0251189,0.0398107,0.273525,0.25,0.3,0.349195,0.3,0.4,0.000103316,322746,4464.82,16137.3,0.01,0.95,10,10000,0.938,0.497,279,215,0.0124766,0,0.770609
2459,10000,4.80653,4.21697,5.62342,0.0320591,0.0251189,0.0398107,0.273467,0.25,0.3,0.450935,0.4,0.5,0.000103316,326217,4129.2,16310.8,0.01,0.95,10,10000,0.938,0.497,282,240,0.0118089,0,0.851064
2460,10000,4.78187,4.21697,5.62342,0.0316147,0.0251189,0.0398107,0.272499,0.25,0.3,0.550132,0.5,0.6,0.000103316,255652,3941.74,12782.6,0.01,0.95,10,10000,0.938,0.497,221,172,0.0139493,0,0.778281
2461,10000,4.8167,4.21697,5.62342,0.0318957,0.0251189,0.0398107,0.275283,0.25,0.3,0.648129,0.6,0.7,0.000103316,246398,3771.69,12319.9,0.01,0.95,10,10000,0.938,0.497,213,171,0.01399,0,0.802817
2462,10000,4.76369,4.21697,5.62342,0.0321698,0.0251189,0.0398107,0.273762,0.25,0.3,0.745901,0.7,0.8,0.000103316,152697,3164.48,7634.86,0.01,0.95,10,10000,0.938,0.497,132,98,0.0184801,0,0.742424
2463,10000,4.87241,4.21697,5.62342,0.0322846,0.0251189,0.0398107,0.275376,0.25,0.3,0.844865,0.8,0.9,0.000103316,123777,2545.06,6188.87,0.01,0.95,10,10000,0.938,0.497,107,91,0.0191777,0,0.850467
2464,10000,4.78852,4.21697,5.62342,0.0318928,0.0251189,0.0398107,0.275754,0.25,0.3,0.950865,0.9,1,0.000103316,89073.4,2639.08,4453.67,0.01,0.95,10,10000,0.938,0.497,77,51,0.0256172,0,0.662338
2465,10000,4.82744,4.21697,5.62342,0.0316252,0.0251189,0.0398107,0.27476,0.25,0.3,1.19421,1,1.5,0.000516582,51593.2,883.444,2579.66,0.01,0.95,10,10000,0.938,0.497,223,151,0.0148877,0,0.67713
2466,10000,4.8225,4.21697,5.62342,0.03234,0.0251189,0.0398107,0.344623,0.3,0.4,0.0619109,0,0.1,0.000206633,34703.9,1021.49,1735.2,0.01,0.95,10,10000,0.938,0.497,60,47,0.026685,0,0.783333
2467,10000,4.84153,4.21697,5.62342,0.0323963,0.0251189,0.0398107,0.340387,0.3,0.4,0.151367,0.1,0.2,0.000206633,123777,1852.23,6188.87,0.01,0.95,10,10000,0.938,0.497,214,176,0.0137899,0,0.82243
2468,10000,4.81716,4.21697,5.62342,0.0321536,0.0251189,0.0398107,0.342964,0.3,0.4,0.252395,0.2,0.3,0.000206633,178725,2302.84,8936.26,0.01,0.95,10,10000,0.938,0.497,309,244,0.0117118,0,0.789644
2469,10000,4.8298,4.21697,5.62342,0.0316649,0.0251189,0.0398107,0.343189,0.3,0.4,0.351608,0.3,0.4,0.000206633,198391,2290.02,9919.54,0.01,0.95,10,10000,0.938,0.497,343,290,0.0107428,0,0.845481
2470,10000,4.82747,4.21697,5.62342,0.0320442,0.0251189,0.0398107,0.343646,0.3,0.4,0.449921,0.4,0.5,0.000206633,186244,2399.35,9312.22,0.01,0.95,10,10000,0.938,0.497,322,248,0.0116169,0,0.770186
2471,10000,4.79362,4.21697,5.62342,0.0318853,0.0251189,0.0398107,0.342807,0.3,0.4,0.546934,0.5,0.6,0.000206633,168314,2080.13,8415.7,0.01,0.95,10,10000,0.938,0.497,291,250,0.0115704,0,0.859107
2472,10000,4.83636,4.21697,5.62342,0.0316586,0.0251189,0.0398107,0.344647,0.3,0.4,0.64347,0.6,0.7,0.000206633,150962,2195.7,7548.1,0.01,0.95,10,10000,0.938,0.497,261,197,0.0130342,0,0.754789
2473,10000,4.77786,4.21697,5.62342,0.0315827,0.0251189,0.0398107,0.345948,0.3,0.4,0.747836,0.7,0.8,0.000206633,111053,1744.16,5552.63,0.01,0.95,10,10000,0.938,0.497,192,159,0.0145084,0,0.828125
2474,10000,4.81648,4.21697,5.62342,0.0317449,0.0251189,0.0398107,0.346221,0.3,0.4,0.846251,0.8,0.9,0.000206633,86759.8,1576.24,4337.99,0.01,0.95,10,10000,0.938,0.497,150,121,0.0166312,0,0.806667
2475,10000,4.77348,4.21697,5.62342,0.0314275,0.0251189,0.0398107,0.34328,0.3,0.4,0.945414,0.9,1,0.000206633,57839.9,1410.86,2891.99,0.01,0.95,10,10000,0.938,0.497,100,72,0.0215601,0,0.72
2476,10000,4.8072,4.21697,5.62342,0.0320916,0.0251189,0.0398107,0.342572,0.3,0.4,1.18714,1,1.5,0.00103316,28572.9,433.588,1428.64,0.01,0.95,10,10000,0.938,0.497,247,183,0.0135236,0,0.740891
2477,10000,4.87063,4.21697,5.62342,0.0313898,0.0251189,0.0398107,0.442626,0.4,0.5,0.0686101,0,0.1,0.000206633,18508.8,799.185,925.438,0.01,0.95,10,10000,0.938,0.497,32,23,0.0381463,0,0.71875
2478,10000,4.78168,4.21697,5.62342,0.0316881,0.0251189,0.0398107,0.439998,0.4,0.5,0.154083,0.1,0.2,0.000206633,58996.7,1344.27,2949.83,0.01,0.95,10,10000,0.938,0.497,102,79,0.0205827,0,0.77451
2479,10000,4.79756,4.21697,5.62342,0.0319897,0.0251189,0.0398107,0.443582,0.4,0.5,0.253843,0.2,0.3,0.000206633,89073.4,1599.57,4453.67,0.01,0.95,10,10000,0.938,0.497,154,124,0.0164288,0,0.805195
2480,10000,4.79878,4.21697,5.62342,0.0316203,0.0251189,0.0398107,0.451071,0.4,0.5,0.348913,0.3,0.4,0.000206633,90230.2,1778.46,4511.51,0.01,0.95,10,10000,0.938,0.497,156,111,0.0173642,0,0.711538
2481,10000,4.80322,4.21697,5.62342,0.0324287,0.0251189,0.0398107,0.450852,0.4,0.5,0.449537,0.4,0.5,0.000206633,87916.6,1684.19,4395.83,0.01,0.95,10,10000,0.938,0.497,152,114,0.0171342,0,0.75
2482,10000,4.85519,4.21697,5.62342,0.0315419,0.0251189,0.0398107,0.445188,0.4,0.5,0.548124,0.5,0.6,0.000206633,83867.8,1484.68,4193.39,0.01,0.95,10,10000,0.938,0.497,145,123,0.0164955,0,0.848276
2483,10000,4.71767,4.21697,5.62342,0.032328,0.0251189,0.0398107,0.446125,0.4,0.5,0.647364,0.6,0.7,0.000206633,82132.6,1528.56,4106.63,0.01,0.95,10,10000,0.938,0.497,142,115,0.0170596,0,0.809859
2484,10000,4.81335,4.21697,5.62342,0.0316672,0.0251189,0.0398107,0.446819,0.4,0.5,0.748051,0.7,0.8,0.000206633,69407.8,1325.52,3470.39,0.01,0.95,10,10000,0.938,0.497,120,104,0.0179391,0,0.866667
2485,10000,4.80026,4.21697,5.62342,0.0322364,0.0251189,0.0398107,0.449629,0.4,0.5,0.84893,0.8,0.9,0.000206633,50899.1,1415.83,2544.95,0.01,0.95,10,10000,0.938,0.497,88,58,0.0240216,0,0.659091
2486,10000,4.84195,4.21697,5.62342,0.0309463,0.0251189,0.0398107,0.443284,0.4,0.5,0.941107,0.9,1,0.000206633,39909.5,1017.08,1995.48,0.01,0.95,10,10000,0.938,0.497,69,59,0.0238172,0,0.855072
2487,10000,4.86177,4.21697,5.62342,0.031898,0.0251189,0.0398107,0.449108,0.4,0.5,1.19098,1,1.5,0.00103316,18740.1,344.332,937.006,0.01,0.95,10,10000,0.938,0.497,162,123,0.0164955,0,0.759259
2488,10000,4.81346,4.21697,5.62342,0.0327036,0.0251189,0.0398107,0.531942,0.5,0.6,0.0599676,0,0.1,0.000206633,8097.58,531.183,404.879,0.01,0.95,10,10000,0.938,0.497,14,10,0.0578518,0,0.714286
2489,10000,4.82016,4.21697,5.62342,0.0310071,0.0251189,0.0398107,0.538515,0.5,0.6,0.157909,0.1,0.2,0.000206633,29498.3,960.433,1474.92,0.01,0.95,10,10000,0.938,0.497,51,39,0.0292944,0,0.764706
2490,10000,4.77541,4.21697,5.62342,0.0307509,0.0251189,0.0398107,0.54628,0.5,0.6,0.25208,0.2,0.3,0.000206633,45115.1,1120.46,2255.76,0.01,0.95,10,10000,0.938,0.497,78,64,0.0228679,0,0.820513
2491,10000,4.7399,4.21697,5.62342,0.0316394,0.0251189,0.0398107,0.547315,0.5,0.6,0.343808,0.3,0.4,0.000206633,45115.1,1214.76,2255.76,0.01,0.95,10,10000,0.938,0.497,78,58,0.0240216,0,0.74359
2492,10000,4.75366,4.21697,5.62342,0.0314369,0.0251189,0.0398107,0.543561,0.5,0.6,0.449096,0.4,0.5,0.000206633,56683.1,1222.24,2834.15,0.01,0.95,10,10000,0.938,0.497,98,83,0.0200806,0,0.846939
2493,10000,4.72761,4.21697,5.62342,0.0315653,0.0251189,0.0398107,0.542245,0.5,0.6,0.553322,0.5,0.6,0.000206633,48585.5,1176.06,2429.27,0.01,0.95,10,10000,0.938,0.497,84,68,0.0221851,0,0.809524
2494,10000,4.80248,4.21697,5.62342,0.0315675,0.0251189,0.0398107,0.547496,0.5,0.6,0.651647,0.6,0.7,0.000206633,47428.7,1197.74,2371.43,0.01,0.95,10,10000,0.938,0.497,82,64,0.0228679,0,0.780488
2495,10000,4.77021,4.21697,5.62342,0.0318137,0.0251189,0.0398107,0.546338,0.5,0.6,0.746214,0.7,0.8,0.000206633,45693.5,1382.24,2284.68,0.01,0.95,10,10000,0.938,0.497,79,50,0.0258721,0,0.632911
2496,10000,4.79469,4.21697,5.62342,0.0309246,0.0251189,0.0398107,0.542629,0.5,0.6,0.853583,0.8,0.9,0.000206633,38174.3,1156.05,1908.72,0.01,0.95,10,10000,0.938,0.497,66,47,0.026685,0,0.712121
2497,10000,4.82734,4.21697,5.62342,0.0314477,0.0251189,0.0398107,0.541867,0.5,0.6,0.94486,0.9,1,0.000206633,21979.2,854.039,1098.96,0.01,0.95,10,10000,0.938,0.497,38,28,0.0345731,0,0.736842
2498,10000,4.85744,4.21697,5.62342,0.032408,0.0251189,0.0398107,0.546539,0.5,0.6,1.19593,1,1.5,0.00103316,10411.2,267.047,520.559,0.01,0.95,10,10000,0.938,0.497,90,65,0.0226913,0,0.722222
2499,10000,4.81896,4.21697,5.62342,0.0325596,0.0251189,0.0398107,0.648652,0.6,0.7,0.0744735,0,0.1,0.000206633,5783.99,456.002,289.199,0.01,0.95,10,10000,0.938,0.497,10,7,0.0691461,0,0.7
2500,10000,4.92031,4.21697,5.62342,0.0325299,0.0251189,0.0398107,0.643864,0.6,0.7,0.162454,0.1,0.2,0.000206633,15038.4,711.068,751.918,0.01,0.95,10,10000,0.938,0.497,26,19,0.0419701,0,0.730769
2501,10000,4.78974,4.21697,5.62342,0.0320361,0.0251189,0.0398107,0.64484,0.6,0.7,0.258049,0.2,0.3,0.000206633,33547.1,1132.33,1677.36,0.01,0.95,10,10000,0.938,0.497,58,39,0.0292944,0,0.672414
2502,10000,4.6756,4.21697,5.62342,0.0311527,0.0251189,0.0398107,0.641242,0.6,0.7,0.35471,0.3,0.4,0.000206633,28919.9,1042.47,1446,0.01,0.95,10,10000,0.938,0.497,50,34,0.0313745,0,0.68
2503,10000,4.79118,4.21697,5.62342,0.0309228,0.0251189,0.0398107,0.642873,0.6,0.7,0.451966,0.4,0.5,0.000206633,32968.7,1007.64,1648.44,0.01,0.95,10,10000,0.938,0.497,57,44,0.0275798,0,0.77193
2504,10000,4.72567,4.21697,5.62342,0.0322992,0.0251189,0.0398107,0.644564,0.6,0.7,0.54229,0.5,0.6,0.000206633,31811.9,961.105,1590.6,0.01,0.95,10,10000,0.938,0.497,55,44,0.0275798,0,0.8
2505,10000,4.93931,4.21697,5.62342,0.0338522,0.0251189,0.0398107,0.62967,0.6,0.7,0.649698,0.6,0.7,0.000206633,19087.2,1074.55,954.358,0.01,0.95,10,10000,0.938,0.497,33,16,0.0457358,0,0.484848
2506,10000,4.6442,4.21697,5.62342,0.0322816,0.0251189,0.0398107,0.643674,0.6,0.7,0.748016,0.7,0.8,0.000206633,23714.3,892.025,1185.72,0.01,0.95,10,10000,0.938,0.497,41,30,0.0334007,0,0.731707
2507,10000,4.60004,4.21697,5.62342,0.0309159,0.0251189,0.0398107,0.654749,0.6,0.7,0.855602,0.8,0.9,0.000206633,15616.8,777.573,780.838,0.01,0.95,10,10000,0.938,0.497,27,18,0.0431202,0,0.666667
2508,10000,4.86214,4.21697,5.62342,0.0323174,0.0251189,0.0398107,0.656003,0.6,0.7,0.957474,0.9,1,0.000206633,11568,819.634,578.399,0.01,0.95,10,10000,0.938,0.497,20,10,0.0578518,0,0.5
2509,10000,4.76132,4.21697,5.62342,0.0317102,0.0251189,0.0398107,0.647548,0.6,0.7,1.18657,1,1.5,0.00103316,6593.75,221.569,329.687,0.01,0.95,10,10000,0.938,0.497,57,39,0.0292944,0,0.684211
2510,10000,5.20957,4.21697,5.62342,0.0317456,0.0251189,0.0398107,0.744805,0.7,0.8,0.0981626,0,0.1,0.000206633,1735.2,409.817,86.7598,0.01,0.95,10,10000,0.938,0.497,3,1,0.182943,0,0.333333
2511,10000,4.88666,4.21697,5.62342,0.0326247,0.0251189,0.0398107,0.757488,0.7,0.8,0.159628,0.1,0.2,0.000206633,10989.6,678.917,549.479,0.01,0.95,10,10000,0.938,0.497,19,12,0.0528112,0,0.631579
2512,10000,4.82187,4.21697,5.62342,0.0320106,0.0251189,0.0398107,0.742194,0.7,0.8,0.234287,0.2,0.3,0.000206633,14460,647.977,722.998,0.01,0.95,10,10000,0.938,0.497,25,20,0.0409074,0,0.8
2513,10000,4.8203,4.21697,5.62342,0.033865,0.0251189,0.0398107,0.73651,0.7,0.8,0.352651,0.3,0.4,0.000206633,12724.8,810.475,636.239,0.01,0.95,10,10000,0.938,0.497,22,12,0.0528112,0,0.545455
2514,10000,4.80438,4.21697,5.62342,0.0325089,0.0251189,0.0398107,0.732183,0.7,0.8,0.457256,0.4,0.5,0.000206633,20244,814.362,1012.2,0.01,0.95,10,10000,0.938,0.497,35,26,0.0358782,0,0.742857
2515,10000,4.75538,4.21697,5.62342,0.0314142,0.0251189,0.0398107,0.75172,0.7,0.8,0.547658,0.5,0.6,0.000206633,22557.6,883.044,1127.88,0.01,0.95,10,10000,0.938,0.497,39,28,0.0345731,0,0.717949
2516,10000,4.57724,4.21697,5.62342,0.0328778,0.0251189,0.0398107,0.745988,0.7,0.8,0.658809,0.6,0.7,0.000206633,14460,808.17,722.998,0.01,0.95,10,10000,0.938,0.497,25,15,0.0472358,0,0.6
2517,10000,4.7567,4.21697,5.62342,0.0339225,0.0251189,0.0398107,0.752762,0.7,0.8,0.754568,0.7,0.8,0.000206633,9254.38,546.422,462.719,0.01,0.95,10,10000,0.938,0.497,16,12,0.0528112,0,0.75
2518,10000,4.77998,4.21697,5.62342,0.0293138,0.0251189,0.0398107,0.737935,0.7,0.8,0.857134,0.8,0.9,0.000206633,13303.2,905.202,665.159,0.01,0.95,10,10000,0.938,0.497,23,11,0.0551595,0,0.478261
2519,10000,4.86059,4.21697,5.62342,0.0293252,0.0251189,0.0398107,0.764424,0.7,0.8,0.946617,0.9,1,0.000206633,5783.99,511.131,289.199,0.01,0.95,10,10000,0.938,0.497,10,6,0.0746863,0,0.6
2520,10000,4.58929,4.21697,5.62342,0.0319892,0.0251189,0.0398107,0.727779,0.7,0.8,1.2329,1,1.5,0.00103316,2776.31,128.086,138.816,0.01,0.95,10,10000,0.938,0.497,24,19,0.0419701,0,0.791667
2521,10000,4.44849,4.21697,5.62342,0.0336076,0.0251189,0.0398107,0.830791,0.8,0.9,0.141762,0.1,0.2,0.000206633,2313.59,273.211,115.68,0.01,0.95,10,10000,0.938,0.497,4,3,0.105622,0,0.75
2522,10000,4.97993,4.21697,5.62342,0.0311579,0.0251189,0.0398107,0.846362,0.8,0.9,0.251661,0.2,0.3,0.000206633,4627.19,518.382,231.359,0.01,0.95,10,10000,0.938,0.497,8,4,0.0914717,0,0.5
2523,10000,4.89164,4.21697,5.62342,0.0323531,0.0251189,0.0398107,0.831206,0.8,0.9,0.356217,0.3,0.4,0.000206633,7519.18,482.587,375.959,0.01,0.95,10,10000,0.938,0.497,13,10,0.0578518,0,0.769231
2524,10000,4.60271,4.21697,5.62342,0.0305724,0.0251189,0.0398107,0.849672,0.8,0.9,0.454608,0.4,0.5,0.000206633,9254.38,627.791,462.719,0.01,0.95,10,10000,0.938,0.497,16,10,0.0578518,0,0.625
2525,10000,4.63466,4.21697,5.62342,0.030573,0.0251189,0.0398107,0.836991,0.8,0.9,0.532371,0.5,0.6,0.000206633,6940.78,571.229,347.039,0.01,0.95,10,10000,0.938,0.497,12,7,0.0691461,0,0.583333
2526,10000,4.36867,4.21697,5.62342,0.0321858,0.0251189,0.0398107,0.833957,0.8,0.9,0.624521,0.6,0.7,0.000206633,6940.78,969.803,347.039,0.01,0.95,10,10000,0.938,0.497,12,3,0.105622,0,0.25
2527,10000,4.74799,4.21697,5.62342,0.0297198,0.0251189,0.0398107,0.829786,0.8,0.9,0.750408,0.7,0.8,0.000206633,8097.58,849.155,404.879,0.01,0.95,10,10000,0.938,0.497,14,5,0.0818148,0,0.357143
2528,10000,5.00936,4.21697,5.62342,0.0332187,0.0251189,0.0398107,0.81797,0.8,0.9,0.846456,0.8,0.9,0.000206633,1735.2,-nan,86.7598,0.01,0.95,10,10000,0.938,0.497,3,4,0.0914717,0,1.33333
2529,10000,4.93517,4.21697,5.62342,0.0323067,0.0251189,0.0398107,0.815056,0.8,0.9,0.913915,0.9,1,0.000206633,1735.2,259.191,86.7598,0.01,0.95,10,10000,0.938,0.497,3,2,0.129361,0,0.666667
2530,10000,5.41253,4.21697,5.62342,0.0334651,0.0251189,0.0398107,0.908474,0.9,1,0.0681328,0,0.1,0.000206633,578.399,105.814,28.9199,0.01,0.95,10,10000,0.938,0.497,1,1,0.182943,0,1
2531,10000,4.40595,4.21697,5.62342,0.0392545,0.0251189,0.0398107,0.946088,0.9,1,0.128472,0.1,0.2,0.000206633,1156.8,259.191,57.8399,0.01,0.95,10,10000,0.938,0.497,2,1,0.182943,0,0.5
2532,10000,4.4448,4.21697,5.62342,0.0277143,0.0251189,0.0398107,0.921582,0.9,1,0.254969,0.2,0.3,0.000206633,2891.99,709.823,144.6,0.01,0.95,10,10000,0.938,0.497,5,1,0.182943,0,0.2
2533,10000,4.7345,4.21697,5.62342,0.0391497,0.0251189,0.0398107,0.960077,0.9,1,0.362495,0.3,0.4,0.000206633,1735.2,259.191,86.7598,0.01,0.95,10,10000,0.938,0.497,3,2,0.129361,0,0.666667
2534,10000,4.95798,4.21697,5.62342,0.0325422,0.0251189,0.0398107,0.930625,0.9,1,0.441237,0.4,0.5,0.000206633,3470.39,579.568,173.52,0.01,0.95,10,10000,0.938,0.497,6,2,0.129361,0,0.333333
2535,10000,4.29593,4.21697,5.62342,0.0362467,0.0251189,0.0398107,0.927612,0.9,1,0.540223,0.5,0.6,0.000206633,5783.99,796.541,289.199,0.01,0.95,10,10000,0.938,0.497,10,3,0.105622,0,0.3
2536,10000,4.59321,4.21697,5.62342,0.0352641,0.0251189,0.0398107,0.911749,0.9,1,0.662678,0.6,0.7,0.000206633,2313.59,273.211,115.68,0.01,0.95,10,10000,0.938,0.497,4,3,0.105622,0,0.75
2537,10000,5.11742,4.21697,5.62342,0.0340035,0.0251189,0.0398107,0.908981,0.9,1,0.761359,0.7,0.8,0.000206633,2313.59,366.551,115.68,0.01,0.95,10,10000,0.938,0.497,4,2,0.129361,0,0.5
2538,10000,5.23061,4.21697,5.62342,0.0316791,0.0251189,0.0398107,0.911973,0.9,1,0.823082,0.8,0.9,0.000206633,1735.2,409.817,86.7598,0.01,0.95,10,10000,0.938,0.497,3,1,0.182943,0,0.333333
2539,10000,4.83523,4.21697,5.62342,0.0500618,0.0398107,0.0630957,0.0734789,0.05,0.1,0.0686795,0,0.1,0.000163746,286846,2909.23,14342.3,0.01,0.95,10,10000,0.938,0.497,393,356,0.00969598,0,0.905852
2540,10000,4.84651,4.21697,5.62342,0.0501298,0.0398107,0.0630957,0.0742022,0.05,0.1,0.153274,0.1,0.2,0.000163746,645221,4577.45,32261,0.01,0.95,10,10000,0.938,0.497,884,759,0.00664042,0,0.858597
2541,10000,4.84706,4.21697,5.62342,0.0499798,0.0398107,0.0630957,0.07423,0.05,0.1,0.249496,0.2,0.3,0.000163746,829882,5063.93,41494.1,0.01,0.95,10,10000,0.938,0.497,1137,1004,0.00577364,0,0.883026
2542,10000,4.82451,4.21697,5.62342,0.0503759,0.0398107,0.0630957,0.0739138,0.05,0.1,0.349973,0.3,0.4,0.000163746,786819,4875.08,39341,0.01,0.95,10,10000,0.938,0.497,1078,964,0.00589221,0,0.894249
2543,10000,4.84961,4.21697,5.62342,0.0501999,0.0398107,0.0630957,0.0721232,0.05,0.1,0.450692,0.4,0.5,0.000163746,699233,4747.65,34961.6,0.01,0.95,10,10000,0.938,0.497,958,826,0.00636541,0,0.862213
2544,10000,4.84617,4.21697,5.62342,0.0502185,0.0398107,0.0630957,0.0730021,0.05,0.1,0.546787,0.5,0.6,0.000163746,613836,4443.56,30691.8,0.01,0.95,10,10000,0.938,0.497,841,726,0.00678967,0,0.863258
2545,10000,4.86557,4.21697,5.62342,0.0503594,0.0398107,0.0630957,0.0743309,0.05,0.1,0.651395,0.6,0.7,0.000163746,430634,3691.94,21531.7,0.01,0.95,10,10000,0.938,0.497,590,514,0.00806929,0,0.871186
2546,10000,4.85548,4.21697,5.62342,0.0502526,0.0398107,0.0630957,0.0724194,0.05,0.1,0.747319,0.7,0.8,0.000163746,310202,3120.4,15510.1,0.01,0.95,10,10000,0.938,0.497,425,372,0.00948517,0,0.875294
2547,10000,4.8186,4.21697,5.62342,0.0502874,0.0398107,0.0630957,0.076111,0.05,0.1,0.847224,0.8,0.9,0.000163746,210208,2506.97,10510.4,0.01,0.95,10,10000,0.938,0.497,288,259,0.0113675,0,0.899306
2548,10000,4.91574,4.21697,5.62342,0.0508521,0.0398107,0.0630957,0.0738467,0.05,0.1,0.947556,0.9,1,0.000163746,141598,2051.84,7079.91,0.01,0.95,10,10000,0.938,0.497,194,175,0.0138292,0,0.902062
2549,10000,4.90042,4.21697,5.62342,0.0496393,0.0398107,0.0630957,0.0758834,0.05,0.1,1.1721,1,1.5,0.000818729,35472.5,467.381,1773.63,0.01,0.95,10,10000,0.938,0.497,243,215,0.0124766,0,0.884774
2550,10000,4.78767,4.21697,5.62342,0.0503923,0.0398107,0.0630957,0.120785,0.1,0.15,0.066349,0,0.1,0.000163746,165685,2371.43,8284.23,0.01,0.95,10,10000,0.938,0.497,227,190,0.0132721,0,0.837004
2551,10000,4.78719,4.21697,5.62342,0.0509334,0.0398107,0.0630957,0.122637,0.1,0.15,0.153613,0.1,0.2,0.000163746,439392,3713.3,21969.6,0.01,0.95,10,10000,0.938,0.497,602,527,0.00796914,0,0.875415
2552,10000,4.81767,4.21697,5.62342,0.0503226,0.0398107,0.0630957,0.122928,0.1,0.15,0.248983,0.2,0.3,0.000163746,621135,4576.6,31056.7,0.01,0.95,10,10000,0.938,0.497,851,715,0.0068417,0,0.840188
2553,10000,4.80764,4.21697,5.62342,0.0508579,0.0398107,0.0630957,0.122875,0.1,0.15,0.348228,0.3,0.4,0.000163746,587560,4149.18,29378,0.01,0.95,10,10000,0.938,0.497,805,732,0.00676178,0,0.909317
2554,10000,4.79581,4.21697,5.62342,0.0512831,0.0398107,0.0630957,0.123257,0.1,0.15,0.446784,0.4,0.5,0.000163746,486105,4096.26,24305.3,0.01,0.95,10,10000,0.938,0.497,666,552,0.00778659,0,0.828829
2555,10000,4.79823,4.21697,5.62342,0.0506949,0.0398107,0.0630957,0.123909,0.1,0.15,0.547433,0.5,0.6,0.000163746,409467,3704.64,20473.4,0.01,0.95,10,10000,0.938,0.497,561,473,0.00841175,0,0.843137
2556,10000,4.772,4.21697,5.62342,0.0511706,0.0398107,0.0630957,0.122459,0.1,0.15,0.645401,0.6,0.7,0.000163746,305093,3240.79,15254.7,0.01,0.95,10,10000,0.938,0.497,418,347,0.00982092,0,0.830144
2557,10000,4.80662,4.21697,5.62342,0.0511539,0.0398107,0.0630957,0.12432,0.1,0.15,0.747356,0.7,0.8,0.000163746,192690,2431.87,9634.52,0.01,0.95,10,10000,0.938,0.497,264,234,0.0119594,0,0.886364
2558,10000,4.83671,4.21697,5.62342,0.0505537,0.0398107,0.0630957,0.123147,0.1,0.15,0.849552,0.8,0.9,0.000163746,141598,2117.15,7079.91,0.01,0.95,10,10000,0.938,0.497,194,169,0.0140726,0,0.871134
2559,10000,4.86407,4.21697,5.62342,0.0489213,0.0398107,0.0630957,0.12327,0.1,0.15,0.937179,0.9,1,0.000163746,96345.2,1918.02,4817.26,0.01,0.95,10,10000,0.938,0.497,132,103,0.0180259,0,0.780303
2560,10000,4.85075,4.21697,5.62342,0.0501422,0.0398107,0.0630957,0.123751,0.1,0.15,1.1824,1,1.5,0.000818729,35180.6,444.936,1759.03,0.01,0.95,10,10000,0.938,0.497,241,224,0.0122234,0,0.929461
2561,10000,4.87448,4.21697,5.62342,0.0501252,0.0398107,0.0630957,0.171855,0.15,0.2,0.0665669,0,0.1,0.000163746,121891,1982.1,6094.56,0.01,0.95,10,10000,0.938,0.497,167,144,0.0152453,0,0.862275
2562,10000,4.77061,4.21697,5.62342,0.0507698,0.0398107,0.0630957,0.172416,0.15,0.2,0.155685,0.1,0.2,0.000163746,289765,3246.53,14488.3,0.01,0.95,10,10000,0.938,0.497,397,319,0.0102429,0,0.803526
2563,10000,4.78196,4.21697,5.62342,0.0506645,0.0398107,0.0630957,0.173752,0.15,0.2,0.253624,0.2,0.3,0.000163746,403628,4131.11,20181.4,0.01,0.95,10,10000,0.938,0.497,553,405,0.00909053,0,0.732369
2564,10000,4.74059,4.21697,5.62342,0.0504458,0.0398107,0.0630957,0.173651,0.15,0.2,0.34732,0.3,0.4,0.000163746,411657,3807.4,20582.8,0.01,0.95,10,10000,0.938,0.497,564,462,0.0085113,0,0.819149
2565,10000,4.79574,4.21697,5.62342,0.0510441,0.0398107,0.0630957,0.173037,0.15,0.2,0.449188,0.4,0.5,0.000163746,368593,3791.31,18429.7,0.01,0.95,10,10000,0.938,0.497,505,389,0.0092756,0,0.770297
2566,10000,4.83736,4.21697,5.62342,0.0509099,0.0398107,0.0630957,0.173053,0.15,0.2,0.550024,0.5,0.6,0.000163746,305093,3519.91,15254.7,0.01,0.95,10,10000,0.938,0.497,418,314,0.0103241,0,0.751196
2567,10000,4.78608,4.21697,5.62342,0.0511427,0.0398107,0.0630957,0.172293,0.15,0.2,0.649098,0.6,0.7,0.000163746,219696,2845.15,10984.8,0.01,0.95,10,10000,0.938,0.497,301,240,0.0118089,0,0.797342
2568,10000,4.81379,4.21697,5.62342,0.0518534,0.0398107,0.0630957,0.172293,0.15,0.2,0.746196,0.7,0.8,0.000163746,170794,2448.98,8539.69,0.01,0.95,10,10000,0.938,0.497,234,192,0.0132028,0,0.820513
2569,10000,4.83087,4.21697,5.62342,0.0503081,0.0398107,0.0630957,0.170755,0.15,0.2,0.846171,0.8,0.9,0.000163746,113133,2210.36,5656.63,0.01,0.95,10,10000,0.938,0.497,155,112,0.0172865,0,0.722581
2570,10000,4.84342,4.21697,5.62342,0.0520438,0.0398107,0.0630957,0.171833,0.15,0.2,0.948412,0.9,1,0.000163746,88316.4,2014.44,4415.82,0.01,0.95,10,10000,0.938,0.497,121,84,0.0199608,0,0.694215
2571,10000,4.79874,4.21697,5.62342,0.0507155,0.0398107,0.0630957,0.173582,0.15,0.2,1.17782,1,1.5,0.000818729,35180.6,525.296,1759.03,0.01,0.95,10,10000,0.938,0.497,241,185,0.0134503,0,0.767635
2572,10000,4.82232,4.21697,5.62342,0.0498812,0.0398107,0.0630957,0.222866,0.2,0.25,0.0649989,0,0.1,0.000163746,64230.1,1487.89,3211.51,0.01,0.95,10,10000,0.938,0.497,88,73,0.0214119,0,0.829545
2573,10000,4.81082,4.21697,5.62342,0.0515367,0.0398107,0.0630957,0.222661,0.2,0.25,0.155717,0.1,0.2,0.000163746,184662,2480.95,9233.08,0.01,0.95,10,10000,0.938,0.497,253,214,0.0125058,0,0.84585
2574,10000,4.81896,4.21697,5.62342,0.0507153,0.0398107,0.0630957,0.224549,0.2,0.25,0.248894,0.2,0.3,0.000163746,301444,3188.24,15072.2,0.01,0.95,10,10000,0.938,0.497,413,347,0.00982092,0,0.840194
2575,10000,4.80167,4.21697,5.62342,0.0507756,0.0398107,0.0630957,0.224286,0.2,0.25,0.349709,0.3,0.4,0.000163746,272978,3208.95,13648.9,0.01,0.95,10,10000,0.938,0.497,374,294,0.0106695,0,0.786096
2576,10000,4.80948,4.21697,5.62342,0.0506879,0.0398107,0.0630957,0.222765,0.2,0.25,0.446615,0.4,0.5,0.000163746,273708,3340.58,13685.4,0.01,0.95,10,10000,0.938,0.497,375,281,0.0109135,0,0.749333
2577,10000,4.84109,4.21697,5.62342,0.050052,0.0398107,0.0630957,0.22307,0.2,0.25,0.551551,0.5,0.6,0.000163746,240863,3037.5,12043.1,0.01,0.95,10,10000,0.938,0.497,330,257,0.0114117,0,0.778788
2578,10000,4.82061,4.21697,5.62342,0.0497478,0.0398107,0.0630957,0.224193,0.2,0.25,0.646881,0.6,0.7,0.000163746,172254,2684.49,8612.68,0.01,0.95,10,10000,0.938,0.497,236,174,0.0138689,0,0.737288
2579,10000,4.77757,4.21697,5.62342,0.0502485,0.0398107,0.0630957,0.222272,0.2,0.25,0.746654,0.7,0.8,0.000163746,141598,2150.78,7079.91,0.01,0.95,10,10000,0.938,0.497,194,166,0.0141992,0,0.85567
2580,10000,4.82327,4.21697,5.62342,0.0506752,0.0398107,0.0630957,0.225869,0.2,0.25,0.845946,0.8,0.9,0.000163746,81747.4,1708.39,4087.37,0.01,0.95,10,10000,0.938,0.497,112,91,0.0191777,0,0.8125
2581,10000,4.78343,4.21697,5.62342,0.0508015,0.0398107,0.0630957,0.221385,0.2,0.25,0.949215,0.9,1,0.000163746,70069.2,1616.33,3503.46,0.01,0.95,10,10000,0.938,0.497,96,76,0.020985,0,0.791667
2582,10000,4.80505,4.21697,5.62342,0.0501055,0.0398107,0.0630957,0.223971,0.2,0.25,1.20749,1,1.5,0.000818729,31677.1,535.84,1583.86,0.01,0.95,10,10000,0.938,0.497,217,152,0.0148387,0,0.700461
2583,10000,4.78433,4.21697,5.62342,0.0516694,0.0398107,0.0630957,0.275897,0.25,0.3,0.0654576,0,0.1,0.000163746,47442.7,1162.79,2372.14,0.01,0.95,10,10000,0.938,0.497,65,60,0.0236179,0,0.923077
2584,10000,4.79199,4.21697,5.62342,0.0515937,0.0398107,0.0630957,0.273484,0.25,0.3,0.156756,0.1,0.2,0.000163746,137219,2092.9,6860.95,0.01,0.95,10,10000,0.938,0.497,188,163,0.0143292,0,0.867021
2585,10000,4.77805,4.21697,5.62342,0.0508776,0.0398107,0.0630957,0.273845,0.25,0.3,0.253441,0.2,0.3,0.000163746,189041,2501.03,9452.05,0.01,0.95,10,10000,0.938,0.497,259,220,0.012334,0,0.849421
2586,10000,4.78294,4.21697,5.62342,0.0505018,0.0398107,0.0630957,0.272366,0.25,0.3,0.353517,0.3,0.4,0.000163746,188311,2652.44,9415.55,0.01,0.95,10,10000,0.938,0.497,258,204,0.0128086,0,0.790698
2587,10000,4.8689,4.21697,5.62342,0.0505911,0.0398107,0.0630957,0.272363,0.25,0.3,0.449698,0.4,0.5,0.000163746,198529,2622.17,9926.47,0.01,0.95,10,10000,0.938,0.497,272,225,0.0121962,0,0.827206
2588,10000,4.82664,4.21697,5.62342,0.0506892,0.0398107,0.0630957,0.274779,0.25,0.3,0.550748,0.5,0.6,0.000163746,151817,2339.78,7590.83,0.01,0.95,10,10000,0.938,0.497,208,168,0.0141144,0,0.807692
2589,10000,4.84894,4.21697,5.62342,0.0500119,0.0398107,0.0630957,0.274777,0.25,0.3,0.647955,0.6,0.7,0.000163746,129920,2199.85,6496,0.01,0.95,10,10000,0.938,0.497,178,141,0.0154066,0,0.792135
2590,10000,4.79346,4.21697,5.62342,0.0499943,0.0398107,0.0630957,0.274562,0.25,0.3,0.749276,0.7,0.8,0.000163746,91965.9,1773.46,4598.29,0.01,0.95,10,10000,0.938,0.497,126,105,0.0178534,0,0.833333
2591,10000,4.88195,4.21697,5.62342,0.0502065,0.0398107,0.0630957,0.272927,0.25,0.3,0.852781,0.8,0.9,0.000163746,54011.7,1212.51,2700.58,0.01,0.95,10,10000,0.938,0.497,74,70,0.0218659,0,0.945946
2592,10000,4.83163,4.21697,5.62342,0.0509534,0.0398107,0.0630957,0.274205,0.25,0.3,0.946309,0.9,1,0.000163746,55471.5,1524.13,2773.57,0.01,0.95,10,10000,0.938,0.497,76,56,0.0244468,0,0.736842
2593,10000,4.8432,4.21697,5.62342,0.0504636,0.0398107,0.0630957,0.274826,0.25,0.3,1.18973,1,1.5,0.000818729,24378.3,473.108,1218.91,0.01,0.95,10,10000,0.938,0.497,167,116,0.0169859,0,0.694611
2594,10000,4.77266,4.21697,5.62342,0.0523418,0.0398107,0.0630957,0.347079,0.3,0.4,0.065753,0,0.1,0.000327492,25546.1,715.671,1277.3,0.01,0.95,10,10000,0.938,0.497,70,53,0.0251292,0,0.757143
2595,10000,4.84906,4.21697,5.62342,0.0510693,0.0398107,0.0630957,0.346227,0.3,0.4,0.152231,0.1,0.2,0.000327492,75543.4,1156.56,3777.17,0.01,0.95,10,10000,0.938,0.497,207,169,0.0140726,0,0.816425
2596,10000,4.76717,4.21697,5.62342,0.0517992,0.0398107,0.0630957,0.344046,0.3,0.4,0.251914,0.2,0.3,0.000327492,107294,1340.39,5364.68,0.01,0.95,10,10000,0.938,0.497,294,248,0.0116169,0,0.843537
2597,10000,4.7972,4.21697,5.62342,0.0513674,0.0398107,0.0630957,0.342139,0.3,0.4,0.351853,0.3,0.4,0.000327492,107294,1299.16,5364.68,0.01,0.95,10,10000,0.938,0.497,294,257,0.0114117,0,0.87415
2598,10000,4.81407,4.21697,5.62342,0.0511675,0.0398107,0.0630957,0.341844,0.3,0.4,0.452545,0.4,0.5,0.000327492,111308,1352.82,5565.39,0.01,0.95,10,10000,0.938,0.497,305,260,0.0113457,0,0.852459
2599,10000,4.81174,4.21697,5.62342,0.0499318,0.0398107,0.0630957,0.347727,0.3,0.4,0.548024,0.5,0.6,0.000327492,110578,1396.3,5528.9,0.01,0.95,10,10000,0.938,0.497,303,248,0.0116169,0,0.818482
2600,10000,4.84014,4.21697,5.62342,0.0508043,0.0398107,0.0630957,0.347554,0.3,0.4,0.647506,0.6,0.7,0.000327492,87221.6,1191.09,4361.08,0.01,0.95,10,10000,0.938,0.497,239,205,0.0127773,0,0.857741
2601,10000,4.74402,4.21697,5.62342,0.0491759,0.0398107,0.0630957,0.348534,0.3,0.4,0.74655,0.7,0.8,0.000327492,67879.6,1048.11,3393.98,0.01,0.95,10,10000,0.938,0.497,186,160,0.0144629,0,0.860215
2602,10000,4.85057,4.21697,5.62342,0.0512148,0.0398107,0.0630957,0.346496,0.3,0.4,0.848149,0.8,0.9,0.000327492,52551.9,968.566,2627.6,0.01,0.95,10,10000,0.938,0.497,144,117,0.0169131,0,0.8125
2603,10000,4.79771,4.21697,5.62342,0.0510705,0.0398107,0.0630957,0.344459,0.3,0.4,0.95083,0.9,1,0.000327492,39413.9,790.443,1970.7,0.01,0.95,10,10000,0.938,0.497,108,94,0.0188692,0,0.87037
2604,10000,4.80217,4.21697,5.62342,0.0495981,0.0398107,0.0630957,0.346339,0.3,0.4,1.19439,1,1.5,0.00163746,17590.3,263.804,879.515,0.01,0.95,10,10000,0.938,0.497,241,184,0.0134868,0,0.763485
2605,10000,4.87635,4.21697,5.62342,0.0521147,0.0398107,0.0630957,0.437601,0.4,0.5,0.0661587,0,0.1,0.000327492,16422.5,512.156,821.124,0.01,0.95,10,10000,0.938,0.497,45,39,0.0292944,0,0.866667
2606,10000,4.88786,4.21697,5.62342,0.0517893,0.0398107,0.0630957,0.450925,0.4,0.5,0.152315,0.1,0.2,0.000327492,38319.1,805.52,1915.96,0.01,0.95,10,10000,0.938,0.497,105,88,0.0195018,0,0.838095
2607,10000,4.82147,4.21697,5.62342,0.0517604,0.0398107,0.0630957,0.446131,0.4,0.5,0.254185,0.2,0.3,0.000327492,60215.7,1024.27,3010.79,0.01,0.95,10,10000,0.938,0.497,165,136,0.0156873,0,0.824242
2608,10000,4.76078,4.21697,5.62342,0.0511284,0.0398107,0.0630957,0.445907,0.4,0.5,0.350114,0.3,0.4,0.000327492,64595.1,1047.93,3229.75,0.01,0.95,10,10000,0.938,0.497,177,148,0.0150379,0,0.836158
2609,10000,4.72501,4.21697,5.62342,0.0507283,0.0398107,0.0630957,0.444888,0.4,0.5,0.449108,0.4,0.5,0.000327492,63500.2,1060.74,3175.01,0.01,0.95,10,10000,0.938,0.497,174,142,0.0153523,0,0.816092
2610,10000,4.80066,4.21697,5.62342,0.0523431,0.0398107,0.0630957,0.441603,0.4,0.5,0.545297,0.5,0.6,0.000327492,49997.3,968.825,2499.87,0.01,0.95,10,10000,0.938,0.497,137,108,0.0176037,0,0.788321
2611,10000,4.85397,4.21697,5.62342,0.051012,0.0398107,0.0630957,0.447979,0.4,0.5,0.644994,0.6,0.7,0.000327492,41238.7,848.724,2061.93,0.01,0.95,10,10000,0.938,0.497,113,93,0.0189703,0,0.823009
2612,10000,4.87103,4.21697,5.62342,0.0488754,0.0398107,0.0630957,0.450344,0.4,0.5,0.747888,0.7,0.8,0.000327492,39049,758.476,1952.45,0.01,0.95,10,10000,0.938,0.497,107,97,0.0185751,0,0.906542
2613,10000,4.74766,4.21697,5.62342,0.0495542,0.0398107,0.0630957,0.443141,0.4,0.5,0.841904,0.8,0.9,0.000327492,30290.3,712.309,1514.52,0.01,0.95,10,10000,0.938,0.497,83,70,0.0218659,0,0.843373
2614,10000,4.71732,4.21697,5.62342,0.0509211,0.0398107,0.0630957,0.441666,0.4,0.5,0.953219,0.9,1,0.000327492,20801.8,540.763,1040.09,0.01,0.95,10,10000,0.938,0.497,57,53,0.0251292,0,0.929825
2615,10000,4.82788,4.21697,5.62342,0.0516884,0.0398107,0.0630957,0.449429,0.4,0.5,1.19518,1,1.5,0.00163746,9269.58,165.437,463.479,0.01,0.95,10,10000,0.938,0.497,127,115,0.0170596,0,0.905512
2616,10000,4.74049,4.21697,5.62342,0.0486181,0.0398107,0.0630957,0.548201,0.5,0.6,0.0682646,0,0.1,0.000327492,6568.99,316.69,328.45,0.01,0.95,10,10000,0.938,0.497,18,16,0.0457358,0,0.888889
2617,10000,4.7846,4.21697,5.62342,0.0513835,0.0398107,0.0630957,0.551617,0.5,0.6,0.157208,0.1,0.2,0.000327492,23721.4,692.06,1186.07,0.01,0.95,10,10000,0.938,0.497,65,49,0.0261348,0,0.753846
2618,10000,4.77943,4.21697,5.62342,0.050455,0.0398107,0.0630957,0.547649,0.5,0.6,0.247821,0.2,0.3,0.000327492,24816.2,668.126,1240.81,0.01,0.95,10,10000,0.938,0.497,68,55,0.0246681,0,0.808824
2619,10000,4.78123,4.21697,5.62342,0.0523817,0.0398107,0.0630957,0.543486,0.5,0.6,0.350609,0.3,0.4,0.000327492,37954.2,819.035,1897.71,0.01,0.95,10,10000,0.938,0.497,104,85,0.019843,0,0.817308
2620,10000,4.76546,4.21697,5.62342,0.0527487,0.0398107,0.0630957,0.548237,0.5,0.6,0.446874,0.4,0.5,0.000327492,34669.7,779.77,1733.48,0.01,0.95,10,10000,0.938,0.497,95,78,0.0207143,0,0.821053
2621,10000,4.81906,4.21697,5.62342,0.0514714,0.0398107,0.0630957,0.543829,0.5,0.6,0.550409,0.5,0.6,0.000327492,28465.6,653.567,1423.28,0.01,0.95,10,10000,0.938,0.497,78,70,0.0218659,0,0.897436
2622,10000,4.74605,4.21697,5.62342,0.0498724,0.0398107,0.0630957,0.545284,0.5,0.6,0.645191,0.6,0.7,0.000327492,25546.1,761.228,1277.3,0.01,0.95,10,10000,0.938,0.497,70,49,0.0261348,0,0.7
2623,10000,4.87153,4.21697,5.62342,0.0525505,0.0398107,0.0630957,0.553602,0.5,0.6,0.749983,0.7,0.8,0.000327492,24816.2,688.967,1240.81,0.01,0.95,10,10000,0.938,0.497,68,53,0.0251292,0,0.779412
2624,10000,4.81688,4.21697,5.62342,0.0513538,0.0398107,0.0630957,0.539996,0.5,0.6,0.850459,0.8,0.9,0.000327492,18612.1,505.713,930.607,0.01,0.95,10,10000,0.938,0.497,51,48,0.0264056,0,0.941176
2625,10000,4.77025,4.21697,5.62342,0.0478645,0.0398107,0.0630957,0.546251,0.5,0.6,0.949135,0.9,1,0.000327492,10583.4,398.869,529.169,0.01,0.95,10,10000,0.938,0.497,29,26,0.0358782,0,0.896552
2626,10000,4.8482,4.21697,5.62342,0.0501831,0.0398107,0.0630957,0.550355,0.5,0.6,1.21176,1,1.5,0.00163746,6496,154.643,324.8,0.01,0.95,10,10000,0.938,0.497,89,71,0.0217114,0,0.797753
2627,10000,4.5812,4.21697,5.62342,0.0493877,0.0398107,0.0630957,0.631922,0.6,0.7,0.0593441,0,0.1,0.000327492,2919.55,214.121,145.978,0.01,0.95,10,10000,0.938,0.497,8,7,0.0691461,0,0.875
2628,10000,4.8964,4.21697,5.62342,0.054702,0.0398107,0.0630957,0.648551,0.6,0.7,0.137718,0.1,0.2,0.000327492,6933.93,360.361,346.697,0.01,0.95,10,10000,0.938,0.497,19,15,0.0472358,0,0.789474
2629,10000,4.78186,4.21697,5.62342,0.0505711,0.0398107,0.0630957,0.644385,0.6,0.7,0.256752,0.2,0.3,0.000327492,19707,652.577,985.349,0.01,0.95,10,10000,0.938,0.497,54,39,0.0292944,0,0.722222
2630,10000,4.74115,4.21697,5.62342,0.0538919,0.0398107,0.0630957,0.651251,0.6,0.7,0.348863,0.3,0.4,0.000327492,17152.4,543.552,857.618,0.01,0.95,10,10000,0.938,0.497,47,39,0.0292944,0,0.829787
2631,10000,4.71282,4.21697,5.62342,0.0518027,0.0398107,0.0630957,0.643766,0.6,0.7,0.445721,0.4,0.5,0.000327492,19707,627.17,985.349,0.01,0.95,10,10000,0.938,0.497,54,41,0.028571,0,0.759259
2632,10000,4.82118,4.21697,5.62342,0.0509255,0.0398107,0.0630957,0.644558,0.6,0.7,0.552612,0.5,0.6,0.000327492,19707,603.201,985.349,0.01,0.95,10,10000,0.938,0.497,54,43,0.0278986,0,0.796296
2633,10000,4.71853,4.21697,5.62342,0.0519865,0.0398107,0.0630957,0.641322,0.6,0.7,0.651161,0.6,0.7,0.000327492,16057.5,463.472,802.877,0.01,0.95,10,10000,0.938,0.497,44,42,0.0282288,0,0.954545
2634,10000,4.763,4.21697,5.62342,0.0493947,0.0398107,0.0630957,0.650683,0.6,0.7,0.752721,0.7,0.8,0.000327492,12773,513.827,638.652,0.01,0.95,10,10000,0.938,0.497,35,26,0.0358782,0,0.742857
2635,10000,4.68225,4.21697,5.62342,0.051916,0.0398107,0.0630957,0.656659,0.6,0.7,0.853923,0.8,0.9,0.000327492,7298.88,456.085,364.944,0.01,0.95,10,10000,0.938,0.497,20,12,0.0528112,0,0.6
2636,10000,4.69085,4.21697,5.62342,0.0512139,0.0398107,0.0630957,0.640942,0.6,0.7,0.955646,0.9,1,0.000327492,8758.65,341,437.933,0.01,0.95,10,10000,0.938,0.497,24,23,0.0381463,0,0.958333
2637,10000,4.79215,4.21697,5.62342,0.0504913,0.0398107,0.0630957,0.64213,0.6,0.7,1.16868,1,1.5,0.00163746,4014.38,119.016,200.719,0.01,0.95,10,10000,0.938,0.497,55,45,0.0272716,0,0.818182
2638,10000,4.82451,4.21697,5.62342,0.049554,0.0398107,0.0630957,0.762331,0.7,0.8,0.164931,0.1,0.2,0.000327492,5474.16,316.69,273.708,0.01,0.95,10,10000,0.938,0.497,15,12,0.0528112,0,0.8
2639,10000,4.80935,4.21697,5.62342,0.0528918,0.0398107,0.0630957,0.742985,0.7,0.8,0.262835,0.2,0.3,0.000327492,6568.99,355.08,328.45,0.01,0.95,10,10000,0.938,0.497,18,14,0.0488937,0,0.777778
2640,10000,4.6931,4.21697,5.62342,0.0511499,0.0398107,0.0630957,0.749057,0.7,0.8,0.345092,0.3,0.4,0.000327492,8758.65,441.677,437.933,0.01,0.95,10,10000,0.938,0.497,24,17,0.0443703,0,0.708333
2641,10000,4.66964,4.21697,5.62342,0.0534444,0.0398107,0.0630957,0.74258,0.7,0.8,0.452683,0.4,0.5,0.000327492,11313.3,383.918,565.663,0.01,0.95,10,10000,0.938,0.497,31,30,0.0334007,0,0.967742
2642,10000,4.83789,4.21697,5.62342,0.0501065,0.0398107,0.0630957,0.738148,0.7,0.8,0.550166,0.5,0.6,0.000327492,10218.4,393.398,510.921,0.01,0.95,10,10000,0.938,0.497,28,25,0.0365887,0,0.892857
2643,10000,4.71665,4.21697,5.62342,0.0546628,0.0398107,0.0630957,0.754809,0.7,0.8,0.650974,0.6,0.7,0.000327492,9123.6,486.623,456.18,0.01,0.95,10,10000,0.938,0.497,25,16,0.0457358,0,0.64
2644,10000,4.66617,4.21697,5.62342,0.0496665,0.0398107,0.0630957,0.742686,0.7,0.8,0.744452,0.7,0.8,0.000327492,6568.99,400.584,328.45,0.01,0.95,10,10000,0.938,0.497,18,12,0.0528112,0,0.666667
2645,10000,4.5755,4.21697,5.62342,0.0504213,0.0398107,0.0630957,0.75195,0.7,0.8,0.843257,0.8,0.9,0.000327492,4379.33,298.578,218.966,0.01,0.95,10,10000,0.938,0.497,12,9,0.0609811,0,0.75
2646,10000,4.77331,4.21697,5.62342,0.0506022,0.0398107,0.0630957,0.755088,0.7,0.8,0.960903,0.9,1,0.000327492,4379.33,273.651,218.966,0.01,0.95,10,10000,0.938,0.497,12,10,0.0578518,0,0.833333
2647,10000,4.85282,4.21697,5.62342,0.0489666,0.0398107,0.0630957,0.74124,0.7,0.8,1.14532,1,1.5,0.00163746,2335.64,116.246,116.782,0.01,0.95,10,10000,0.938,0.497,32,19,0.0419701,0,0.59375
2648,10000,4.44309,4.21697,5.62342,0.0615146,0.0398107,0.0630957,0.820381,0.8,0.9,0.0461303,0,0.1,0.000327492,729.888,163.538,36.4944,0.01,0.95,10,10000,0.938,0.497,2,1,0.182943,0,0.5
2649,10000,4.4447,4.21697,5.62342,0.0526286,0.0398107,0.0630957,0.850039,0.8,0.9,0.159712,0.1,0.2,0.000327492,3284.5,283.256,164.225,0.01,0.95,10,10000,0.938,0.497,9,6,0.0746863,0,0.666667
2650,10000,4.52431,4.21697,5.62342,0.0527351,0.0398107,0.0630957,0.843798,0.8,0.9,0.261401,0.2,0.3,0.000327492,2189.66,193.501,109.483,0.01,0.95,10,10000,0.938,0.497,6,5,0.0818148,0,0.833333
2651,10000,4.7327,4.21697,5.62342,0.0478474,0.0398107,0.0630957,0.840989,0.8,0.9,0.340522,0.3,0.4,0.000327492,4014.38,221.431,200.719,0.01,0.95,10,10000,0.938,0.497,11,11,0.0551595,0,1
2652,10000,4.74423,4.21697,5.62342,0.0520419,0.0398107,0.0630957,0.854757,0.8,0.9,0.455281,0.4,0.5,0.000327492,5109.21,362.963,255.461,0.01,0.95,10,10000,0.938,0.497,14,9,0.0609811,0,0.642857
2653,10000,4.65356,4.21697,5.62342,0.0504763,0.0398107,0.0630957,0.823728,0.8,0.9,0.543141,0.5,0.6,0.000327492,4744.27,396.59,237.214,0.01,0.95,10,10000,0.938,0.497,13,7,0.0691461,0,0.538462
2654,10000,4.84116,4.21697,5.62342,0.0452106,0.0398107,0.0630957,0.8408,0.8,0.9,0.653759,0.6,0.7,0.000327492,3284.5,374.712,164.225,0.01,0.95,10,10000,0.938,0.497,9,4,0.0914717,0,0.444444
2655,10000,4.82321,4.21697,5.62342,0.0515007,0.0398107,0.0630957,0.840336,0.8,0.9,0.752615,0.7,0.8,0.000327492,1824.72,-nan,91.236,0.01,0.95,10,10000,0.938,0.497,5,6,0.0746863,0,1.2
2656,10000,4.67075,4.21697,5.62342,0.0521394,0.0398107,0.0630957,0.835032,0.8,0.9,0.840858,0.8,0.9,0.000327492,3284.5,251.08,164.225,0.01,0.95,10,10000,0.938,0.497,9,7,0.0691461,0,0.777778
2657,10000,4.42661,4.21697,5.62342,0.0484126,0.0398107,0.0630957,0.839355,0.8,0.9,0.935681,0.9,1,0.000327492,2919.55,280.091,145.978,0.01,0.95,10,10000,0.938,0.497,8,5,0.0818148,0,0.625
2658,10000,5.00523,4.21697,5.62342,0.0522363,0.0398107,0.0630957,0.842912,0.8,0.9,1.12715,1,1.5,0.00163746,875.865,54.7303,43.7933,0.01,0.95,10,10000,0.938,0.497,12,10,0.0578518,0,0.833333
2659,10000,4.72129,4.21697,5.62342,0.054997,0.0398107,0.0630957,0.931641,0.9,1,0.156095,0.1,0.2,0.000327492,729.888,94.4187,36.4944,0.01,0.95,10,10000,0.938,0.497,2,2,0.129361,0,1
2660,10000,4.72515,4.21697,5.62342,0.0520524,0.0398107,0.0630957,0.940637,0.9,1,0.245117,0.2,0.3,0.000327492,1824.72,228.043,91.236,0.01,0.95,10,10000,0.938,0.497,5,3,0.105622,0,0.6
2661,10000,4.68541,4.21697,5.62342,0.0499852,0.0398107,0.0630957,0.924478,0.9,1,0.36014,0.3,0.4,0.000327492,1824.72,228.043,91.236,0.01,0.95,10,10000,0.938,0.497,5,3,0.105622,0,0.6
2662,10000,4.6414,4.21697,5.62342,0.0529052,0.0398107,0.0630957,0.901869,0.9,1,0.434567,0.4,0.5,0.000327492,364.944,66.7641,18.2472,0.01,0.95,10,10000,0.938,0.497,1,1,0.182943,0,1
2663,10000,4.76449,4.21697,5.62342,0.0542967,0.0398107,0.0630957,0.941518,0.9,1,0.54336,0.5,0.6,0.000327492,1459.78,172.384,72.9888,0.01,0.95,10,10000,0.938,0.497,4,3,0.105622,0,0.75
2664,10000,4.42946,4.21697,5.62342,0.0519472,0.0398107,0.0630957,0.923703,0.9,1,0.65389,0.6,0.7,0.000327492,1094.83,-nan,54.7416,0.01,0.95,10,10000,0.938,0.497,3,4,0.0914717,0,1.33333
2665,10000,4.6794,4.21697,5.62342,0.0465354,0.0398107,0.0630957,0.930318,0.9,1,0.796483,0.7,0.8,0.000327492,0,0,0,0.01,0.95,10,10000,0.938,0.497,0,1,0.182943,0,0
2666,10000,4.84544,4.21697,5.62342,0.0526414,0.0398107,0.0630957,0.950098,0.9,1,0.868831,0.8,0.9,0.000327492,1094.83,163.538,54.7416,0.01,0.95,10,10000,0.938,0.497,3,2,0.129361,0,0.666667
2667,10000,4.90999,4.21697,5.62342,0.078917,0.0630957,0.1,0.0777284,0.05,0.1,0.0658333,0,0.1,0.00025952,101777,1359,5088.83,0.01,0.95,10,10000,0.938,0.497,221,203,0.0128401,0,0.918552
2668,10000,4.90665,4.21697,5.62342,0.0782002,0.0630957,0.1,0.0766949,0.05,0.1,0.153024,0.1,0.2,0.00025952,304409,2530.63,15220.4,0.01,0.95,10,10000,0.938,0.497,661,559,0.00773768,0,0.845688
2669,10000,4.90822,4.21697,5.62342,0.0787091,0.0630957,0.1,0.0758766,0.05,0.1,0.249392,0.2,0.3,0.00025952,341251,2605.39,17062.5,0.01,0.95,10,10000,0.938,0.497,741,647,0.00719225,0,0.873144
2670,10000,4.87826,4.21697,5.62342,0.0775868,0.0630957,0.1,0.0755216,0.05,0.1,0.349046,0.3,0.4,0.00025952,338027,2628.86,16901.4,0.01,0.95,10,10000,0.938,0.497,734,631,0.00728286,0,0.859673
2671,10000,4.88824,4.21697,5.62342,0.0784741,0.0630957,0.1,0.0756226,0.05,0.1,0.448382,0.4,0.5,0.00025952,297501,2354.07,14875,0.01,0.95,10,10000,0.938,0.497,646,585,0.00756378,0,0.905573
2672,10000,4.89656,4.21697,5.62342,0.0779501,0.0630957,0.1,0.0758158,0.05,0.1,0.547807,0.5,0.6,0.00025952,268948,2378.18,13447.4,0.01,0.95,10,10000,0.938,0.497,584,494,0.00823101,0,0.84589
2673,10000,4.89714,4.21697,5.62342,0.0784798,0.0630957,0.1,0.0762383,0.05,0.1,0.647588,0.6,0.7,0.00025952,173158,1867.51,8657.91,0.01,0.95,10,10000,0.938,0.497,376,326,0.0101323,0,0.867021
2674,10000,4.90648,4.21697,5.62342,0.0786781,0.0630957,0.1,0.0758022,0.05,0.1,0.746808,0.7,0.8,0.00025952,128027,1703.79,6401.33,0.01,0.95,10,10000,0.938,0.497,278,225,0.0121962,0,0.809353
2675,10000,4.90098,4.21697,5.62342,0.0773148,0.0630957,0.1,0.0784699,0.05,0.1,0.84415,0.8,0.9,0.00025952,86579.1,1379.37,4328.96,0.01,0.95,10,10000,0.938,0.497,188,155,0.0146944,0,0.824468
2676,10000,4.92708,4.21697,5.62342,0.0757398,0.0630957,0.1,0.0790382,0.05,0.1,0.950969,0.9,1,0.00025952,57105.4,1243.05,2855.27,0.01,0.95,10,10000,0.938,0.497,124,90,0.0192839,0,0.725806
2677,10000,5.00093,4.21697,5.62342,0.0763434,0.0630957,0.1,0.0781255,0.05,0.1,1.14621,1,1.5,0.0012976,13171.1,210.137,658.554,0.01,0.95,10,10000,0.938,0.497,143,137,0.0156299,0,0.958042
2678,10000,4.82426,4.21697,5.62342,0.0809679,0.0630957,0.1,0.124476,0.1,0.15,0.0658008,0,0.1,0.00025952,95789.7,1483.7,4789.48,0.01,0.95,10,10000,0.938,0.497,208,167,0.0141566,0,0.802885
2679,10000,4.81908,4.21697,5.62342,0.0792293,0.0630957,0.1,0.123119,0.1,0.15,0.154018,0.1,0.2,0.00025952,254211,2195.57,12710.6,0.01,0.95,10,10000,0.938,0.497,552,495,0.00822269,0,0.896739
2680,10000,4.80389,4.21697,5.62342,0.0800384,0.0630957,0.1,0.122397,0.1,0.15,0.249694,0.2,0.3,0.00025952,315461,2464.91,15773.1,0.01,0.95,10,10000,0.938,0.497,685,609,0.00741324,0,0.889051
2681,10000,4.8375,4.21697,5.62342,0.0798923,0.0630957,0.1,0.122545,0.1,0.15,0.350253,0.3,0.4,0.00025952,305790,2341.11,15289.5,0.01,0.95,10,10000,0.938,0.497,664,614,0.00738299,0,0.924699
2682,10000,4.85417,4.21697,5.62342,0.0801905,0.0630957,0.1,0.124447,0.1,0.15,0.450368,0.4,0.5,0.00025952,268487,2311.16,13424.4,0.01,0.95,10,10000,0.938,0.497,583,509,0.00810882,0,0.87307
2683,10000,4.85385,4.21697,5.62342,0.0797568,0.0630957,0.1,0.125533,0.1,0.15,0.546988,0.5,0.6,0.00025952,210000,2044.54,10500,0.01,0.95,10,10000,0.938,0.497,456,398,0.00917012,0,0.872807
2684,10000,4.85292,4.21697,5.62342,0.0809001,0.0630957,0.1,0.122721,0.1,0.15,0.649184,0.6,0.7,0.00025952,152895,1660.44,7644.75,0.01,0.95,10,10000,0.938,0.497,332,306,0.0104582,0,0.921687
2685,10000,4.85265,4.21697,5.62342,0.0791883,0.0630957,0.1,0.124012,0.1,0.15,0.748643,0.7,0.8,0.00025952,110527,1544.34,5526.33,0.01,0.95,10,10000,0.938,0.497,240,200,0.0129361,0,0.833333
2686,10000,4.81167,4.21697,5.62342,0.0796957,0.0630957,0.1,0.125296,0.1,0.15,0.847683,0.8,0.9,0.00025952,85658.1,1219.11,4282.9,0.01,0.95,10,10000,0.938,0.497,186,175,0.0138292,0,0.94086
2687,10000,4.89773,4.21697,5.62342,0.0789565,0.0630957,0.1,0.12537,0.1,0.15,0.948078,0.9,1,0.00025952,55723.8,1015.21,2786.19,0.01,0.95,10,10000,0.938,0.497,121,110,0.017443,0,0.909091
2688,10000,4.87731,4.21697,5.62342,0.0794824,0.0630957,0.1,0.126545,0.1,0.15,1.17159,1,1.5,0.0012976,19250,255.547,962.502,0.01,0.95,10,10000,0.938,0.497,209,199,0.0129685,0,0.952153
2689,10000,4.84504,4.21697,5.62342,0.0790379,0.0630957,0.1,0.172086,0.15,0.2,0.0670794,0,0.1,0.00025952,64473.8,1048.02,3223.69,0.01,0.95,10,10000,0.938,0.497,140,133,0.0158632,0,0.95
2690,10000,4.84411,4.21697,5.62342,0.0801443,0.0630957,0.1,0.172866,0.15,0.2,0.156341,0.1,0.2,0.00025952,174540,1828.34,8726.99,0.01,0.95,10,10000,0.938,0.497,379,338,0.00995081,0,0.891821
2691,10000,4.79245,4.21697,5.62342,0.0806509,0.0630957,0.1,0.173009,0.15,0.2,0.251085,0.2,0.3,0.00025952,215987,2035.04,10799.4,0.01,0.95,10,10000,0.938,0.497,469,418,0.00894805,0,0.891258
2692,10000,4.78623,4.21697,5.62342,0.0795931,0.0630957,0.1,0.172737,0.15,0.2,0.347852,0.3,0.4,0.00025952,232106,2118.92,11605.3,0.01,0.95,10,10000,0.938,0.497,504,447,0.00865293,0,0.886905
2693,10000,4.81036,4.21697,5.62342,0.0798008,0.0630957,0.1,0.173217,0.15,0.2,0.450878,0.4,0.5,0.00025952,208158,1979.35,10407.9,0.01,0.95,10,10000,0.938,0.497,452,407,0.00906817,0,0.900442
2694,10000,4.8882,4.21697,5.62342,0.079998,0.0630957,0.1,0.174248,0.15,0.2,0.548886,0.5,0.6,0.00025952,167171,1875.27,8358.57,0.01,0.95,10,10000,0.938,0.497,363,307,0.0104411,0,0.84573
2695,10000,4.83131,4.21697,5.62342,0.0806368,0.0630957,0.1,0.174019,0.15,0.2,0.646925,0.6,0.7,0.00025952,120658,1535.86,6032.91,0.01,0.95,10,10000,0.938,0.497,262,231,0.0120368,0,0.881679
2696,10000,4.86682,4.21697,5.62342,0.0802291,0.0630957,0.1,0.173548,0.15,0.2,0.747409,0.7,0.8,0.00025952,96250.2,1290.06,4812.51,0.01,0.95,10,10000,0.938,0.497,209,197,0.0130342,0,0.942584
2697,10000,4.80657,4.21697,5.62342,0.0783987,0.0630957,0.1,0.175073,0.15,0.2,0.844045,0.8,0.9,0.00025952,66776.5,1157.42,3338.82,0.01,0.95,10,10000,0.938,0.497,145,126,0.0162979,0,0.868966
2698,10000,4.90512,4.21697,5.62342,0.0792809,0.0630957,0.1,0.172202,0.15,0.2,0.945516,0.9,1,0.00025952,55723.8,1006.79,2786.19,0.01,0.95,10,10000,0.938,0.497,121,111,0.0173642,0,0.917355
2699,10000,4.90074,4.21697,5.62342,0.0803312,0.0630957,0.1,0.174388,0.15,0.2,1.19739,1,1.5,0.0012976,17684.2,260.582,884.212,0.01,0.95,10,10000,0.938,0.497,192,171,0.01399,0,0.890625
2700,10000,4.75287,4.21697,5.62342,0.0789787,0.0630957,0.1,0.221654,0.2,0.25,0.0639996,0,0.1,0.00025952,35460.6,865.079,1773.03,0.01,0.95,10,10000,0.938,0.497,77,65,0.0226913,0,0.844156
2701,10000,4.8503,4.21697,5.62342,0.0799718,0.0630957,0.1,0.222711,0.2,0.25,0.152669,0.1,0.2,0.00025952,109605,1456.61,5480.27,0.01,0.95,10,10000,0.938,0.497,238,211,0.0125943,0,0.886555
2702,10000,4.83817,4.21697,5.62342,0.0797679,0.0630957,0.1,0.224322,0.2,0.25,0.252164,0.2,0.3,0.00025952,165329,1740.66,8266.46,0.01,0.95,10,10000,0.938,0.497,359,328,0.0101014,0,0.913649
2703,10000,4.82962,4.21697,5.62342,0.0799559,0.0630957,0.1,0.222992,0.2,0.25,0.348994,0.3,0.4,0.00025952,168092,1709.73,8404.62,0.01,0.95,10,10000,0.938,0.497,365,343,0.00987801,0,0.939726
2704,10000,4.79881,4.21697,5.62342,0.0803722,0.0630957,0.1,0.223206,0.2,0.25,0.447096,0.4,0.5,0.00025952,147369,1708.91,7368.44,0.01,0.95,10,10000,0.938,0.497,320,280,0.010933,0,0.875
2705,10000,4.79663,4.21697,5.62342,0.0807575,0.0630957,0.1,0.221978,0.2,0.25,0.549291,0.5,0.6,0.00025952,122500,1448.41,6125.01,0.01,0.95,10,10000,0.938,0.497,266,252,0.0115244,0,0.947368
2706,10000,4.83005,4.21697,5.62342,0.079885,0.0630957,0.1,0.222958,0.2,0.25,0.647749,0.6,0.7,0.00025952,91644.9,1321.3,4582.25,0.01,0.95,10,10000,0.938,0.497,199,178,0.0137122,0,0.894472
2707,10000,4.80371,4.21697,5.62342,0.0802451,0.0630957,0.1,0.225125,0.2,0.25,0.744822,0.7,0.8,0.00025952,78289.6,1165.13,3914.48,0.01,0.95,10,10000,0.938,0.497,170,160,0.0144629,0,0.941176
2708,10000,4.84187,4.21697,5.62342,0.0790949,0.0630957,0.1,0.22443,0.2,0.25,0.845309,0.8,0.9,0.00025952,57105.4,1059.44,2855.27,0.01,0.95,10,10000,0.938,0.497,124,109,0.0175228,0,0.879032
2709,10000,4.83787,4.21697,5.62342,0.0797574,0.0630957,0.1,0.223909,0.2,0.25,0.948479,0.9,1,0.00025952,32236.9,825.919,1611.85,0.01,0.95,10,10000,0.938,0.497,70,59,0.0238172,0,0.842857
2710,10000,4.84697,4.21697,5.62342,0.0797258,0.0630957,0.1,0.22532,0.2,0.25,1.18573,1,1.5,0.0012976,16579,280.106,828.949,0.01,0.95,10,10000,0.938,0.497,180,142,0.0153523,0,0.788889
2711,10000,4.75518,4.21697,5.62342,0.079193,0.0630957,0.1,0.271455,0.25,0.3,0.0611719,0,0.1,0.00025952,22565.8,601.914,1128.29,0.01,0.95,10,10000,0.938,0.497,49,48,0.0264056,0,0.979592
2712,10000,4.78839,4.21697,5.62342,0.0786511,0.0630957,0.1,0.272204,0.25,0.3,0.153869,0.1,0.2,0.00025952,71842.3,1072.72,3592.11,0.01,0.95,10,10000,0.938,0.497,156,153,0.0147901,0,0.980769
2713,10000,4.83032,4.21697,5.62342,0.081179,0.0630957,0.1,0.272787,0.25,0.3,0.253435,0.2,0.3,0.00025952,99473.9,1321.26,4973.69,0.01,0.95,10,10000,0.938,0.497,216,202,0.0128719,0,0.935185
2714,10000,4.7969,4.21697,5.62342,0.0810278,0.0630957,0.1,0.273891,0.25,0.3,0.350011,0.3,0.4,0.00025952,129869,1529.84,6493.43,0.01,0.95,10,10000,0.938,0.497,282,260,0.0113457,0,0.921986
2715,10000,4.83636,4.21697,5.62342,0.0802867,0.0630957,0.1,0.273656,0.25,0.3,0.448152,0.4,0.5,0.00025952,112829,1402.1,5641.46,0.01,0.95,10,10000,0.938,0.497,245,230,0.0120629,0,0.938776
2716,10000,4.77537,4.21697,5.62342,0.0801683,0.0630957,0.1,0.274712,0.25,0.3,0.544634,0.5,0.6,0.00025952,87960.7,1273.05,4398.04,0.01,0.95,10,10000,0.938,0.497,191,174,0.0138689,0,0.910995
2717,10000,4.80291,4.21697,5.62342,0.0802434,0.0630957,0.1,0.274589,0.25,0.3,0.64914,0.6,0.7,0.00025952,75526.5,1234.83,3776.32,0.01,0.95,10,10000,0.938,0.497,164,142,0.0153523,0,0.865854
2718,10000,4.91242,4.21697,5.62342,0.0803044,0.0630957,0.1,0.273011,0.25,0.3,0.745314,0.7,0.8,0.00025952,57105.4,1150.96,2855.27,0.01,0.95,10,10000,0.938,0.497,124,99,0.0183865,0,0.798387
2719,10000,4.84924,4.21697,5.62342,0.0802387,0.0630957,0.1,0.273065,0.25,0.3,0.844887,0.8,0.9,0.00025952,47894.8,901.539,2394.74,0.01,0.95,10,10000,0.938,0.497,104,99,0.0183865,0,0.951923
2720,10000,4.82191,4.21697,5.62342,0.0785686,0.0630957,0.1,0.271687,0.25,0.3,0.947632,0.9,1,0.00025952,28552.7,767.82,1427.63,0.01,0.95,10,10000,0.938,0.497,62,53,0.0251292,0,0.854839
2721,10000,4.78006,4.21697,5.62342,0.0820219,0.0630957,0.1,0.272798,0.25,0.3,1.19612,1,1.5,0.0012976,13539.5,249.503,676.975,0.01,0.95,10,10000,0.938,0.497,147,118,0.0168413,0,0.802721
2722,10000,4.8393,4.21697,5.62342,0.0810273,0.0630957,0.1,0.343454,0.3,0.4,0.0661378,0,0.1,0.00051904,14736.9,353.187,736.844,0.01,0.95,10,10000,0.938,0.497,64,61,0.0234235,0,0.953125
2723,10000,4.83927,4.21697,5.62342,0.0800749,0.0630957,0.1,0.347918,0.3,0.4,0.153096,0.1,0.2,0.00051904,46283,659.929,2314.15,0.01,0.95,10,10000,0.938,0.497,201,181,0.0135981,0,0.900498
2724,10000,4.8304,4.21697,5.62342,0.0800519,0.0630957,0.1,0.344211,0.3,0.4,0.250844,0.2,0.3,0.00051904,63552.8,733.614,3177.64,0.01,0.95,10,10000,0.938,0.497,276,263,0.0112808,0,0.952899
2725,10000,4.82392,4.21697,5.62342,0.0807108,0.0630957,0.1,0.341572,0.3,0.4,0.351629,0.3,0.4,0.00051904,76677.8,833.786,3833.89,0.01,0.95,10,10000,0.938,0.497,333,306,0.0104582,0,0.918919
2726,10000,4.82829,4.21697,5.62342,0.0792675,0.0630957,0.1,0.343468,0.3,0.4,0.449921,0.4,0.5,0.00051904,76677.8,859.447,3833.89,0.01,0.95,10,10000,0.938,0.497,333,296,0.0106334,0,0.888889
2727,10000,4.7872,4.21697,5.62342,0.0798119,0.0630957,0.1,0.346402,0.3,0.4,0.549167,0.5,0.6,0.00051904,56644.9,719.737,2832.24,0.01,0.95,10,10000,0.938,0.497,246,225,0.0121962,0,0.914634
2728,10000,4.84701,4.21697,5.62342,0.0816437,0.0630957,0.1,0.347547,0.3,0.4,0.652325,0.6,0.7,0.00051904,49276.4,642.724,2463.82,0.01,0.95,10,10000,0.938,0.497,214,205,0.0127773,0,0.957944
2729,10000,4.81742,4.21697,5.62342,0.0801075,0.0630957,0.1,0.346072,0.3,0.4,0.749909,0.7,0.8,0.00051904,48125.1,710.62,2406.26,0.01,0.95,10,10000,0.938,0.497,209,177,0.0137509,0,0.84689
2730,10000,4.83471,4.21697,5.62342,0.0812983,0.0630957,0.1,0.345593,0.3,0.4,0.852372,0.8,0.9,0.00051904,26480.3,558.313,1324.02,0.01,0.95,10,10000,0.938,0.497,115,91,0.0191777,0,0.791304
2731,10000,4.83883,4.21697,5.62342,0.0811474,0.0630957,0.1,0.345728,0.3,0.4,0.947802,0.9,1,0.00051904,22105.3,483.166,1105.27,0.01,0.95,10,10000,0.938,0.497,96,81,0.020327,0,0.84375
2732,10000,4.83846,4.21697,5.62342,0.0793137,0.0630957,0.1,0.345896,0.3,0.4,1.19826,1,1.5,0.0025952,9210.55,142.193,460.527,0.01,0.95,10,10000,0.938,0.497,200,165,0.0142421,0,0.825
2733,10000,4.78639,4.21697,5.62342,0.0809495,0.0630957,0.1,0.451399,0.4,0.5,0.0628588,0,0.1,0.00051904,7598.7,265.088,379.935,0.01,0.95,10,10000,0.938,0.497,33,30,0.0334007,0,0.909091
2734,10000,4.88351,4.21697,5.62342,0.0805145,0.0630957,0.1,0.441991,0.4,0.5,0.150452,0.1,0.2,0.00051904,24638.2,497.033,1231.91,0.01,0.95,10,10000,0.938,0.497,107,93,0.0189703,0,0.869159
2735,10000,4.77214,4.21697,5.62342,0.0801025,0.0630957,0.1,0.447336,0.4,0.5,0.249568,0.2,0.3,0.00051904,37763.2,566.456,1888.16,0.01,0.95,10,10000,0.938,0.497,164,156,0.0146472,0,0.95122
2736,10000,4.80271,4.21697,5.62342,0.0781695,0.0630957,0.1,0.444597,0.4,0.5,0.349753,0.3,0.4,0.00051904,38223.8,566.136,1911.19,0.01,0.95,10,10000,0.938,0.497,166,159,0.0145084,0,0.957831
2737,10000,4.81318,4.21697,5.62342,0.0808651,0.0630957,0.1,0.443464,0.4,0.5,0.447946,0.4,0.5,0.00051904,41447.5,661.132,2072.37,0.01,0.95,10,10000,0.938,0.497,180,152,0.0148387,0,0.844444
2738,10000,4.78379,4.21697,5.62342,0.0798969,0.0630957,0.1,0.446094,0.4,0.5,0.549841,0.5,0.6,0.00051904,40756.7,576.501,2037.83,0.01,0.95,10,10000,0.938,0.497,177,172,0.0139493,0,0.971751
2739,10000,4.85852,4.21697,5.62342,0.0768947,0.0630957,0.1,0.446676,0.4,0.5,0.646746,0.6,0.7,0.00051904,27861.9,475.012,1393.1,0.01,0.95,10,10000,0.938,0.497,121,118,0.0168413,0,0.975207
2740,10000,4.79591,4.21697,5.62342,0.081367,0.0630957,0.1,0.447743,0.4,0.5,0.746418,0.7,0.8,0.00051904,22796.1,503.744,1139.81,0.01,0.95,10,10000,0.938,0.497,99,81,0.020327,0,0.818182
2741,10000,4.78805,4.21697,5.62342,0.0805699,0.0630957,0.1,0.45186,0.4,0.5,0.849658,0.8,0.9,0.00051904,16809.2,-nan,840.462,0.01,0.95,10,10000,0.938,0.497,73,79,0.0205827,0,1.08219
2742,10000,4.78012,4.21697,5.62342,0.0830547,0.0630957,0.1,0.4521,0.4,0.5,0.946771,0.9,1,0.00051904,11743.4,345.394,587.172,0.01,0.95,10,10000,0.938,0.497,51,44,0.0275798,0,0.862745
2743,10000,4.86288,4.21697,5.62342,0.0789277,0.0630957,0.1,0.449036,0.4,0.5,1.17935,1,1.5,0.0025952,5019.75,92.9428,250.987,0.01,0.95,10,10000,0.938,0.497,109,103,0.0180259,0,0.944954
2744,10000,4.71724,4.21697,5.62342,0.0857434,0.0630957,0.1,0.543693,0.5,0.6,0.0855645,0,0.1,0.00051904,4605.27,271.498,230.264,0.01,0.95,10,10000,0.938,0.497,20,13,0.0507394,0,0.65
2745,10000,4.79896,4.21697,5.62342,0.0800394,0.0630957,0.1,0.551507,0.5,0.6,0.150423,0.1,0.2,0.00051904,16579,-nan,828.949,0.01,0.95,10,10000,0.938,0.497,72,77,0.0208483,0,1.06944
2746,10000,4.75891,4.21697,5.62342,0.0788356,0.0630957,0.1,0.542751,0.5,0.6,0.248829,0.2,0.3,0.00051904,18651.4,418.618,932.568,0.01,0.95,10,10000,0.938,0.497,81,73,0.0214119,0,0.901235
2747,10000,4.75494,4.21697,5.62342,0.0787616,0.0630957,0.1,0.546432,0.5,0.6,0.350535,0.3,0.4,0.00051904,22335.6,474.772,1116.78,0.01,0.95,10,10000,0.938,0.497,97,84,0.0199608,0,0.865979
2748,10000,4.79877,4.21697,5.62342,0.0791758,0.0630957,0.1,0.543673,0.5,0.6,0.449416,0.4,0.5,0.00051904,21875,428.253,1093.75,0.01,0.95,10,10000,0.938,0.497,95,91,0.0191777,0,0.957895
2749,10000,4.80021,4.21697,5.62342,0.0808032,0.0630957,0.1,0.542556,0.5,0.6,0.546444,0.5,0.6,0.00051904,16579,-nan,828.949,0.01,0.95,10,10000,0.938,0.497,72,74,0.0212667,0,1.02778
2750,10000,4.82933,4.21697,5.62342,0.0795585,0.0630957,0.1,0.546245,0.5,0.6,0.648396,0.6,0.7,0.00051904,18881.6,425.901,944.081,0.01,0.95,10,10000,0.938,0.497,82,73,0.0214119,0,0.890244
2751,10000,4.75358,4.21697,5.62342,0.0807711,0.0630957,0.1,0.537681,0.5,0.6,0.747858,0.7,0.8,0.00051904,12434.2,309.556,621.712,0.01,0.95,10,10000,0.938,0.497,54,54,0.0248954,0,1
2752,10000,4.83959,4.21697,5.62342,0.0794076,0.0630957,0.1,0.537823,0.5,0.6,0.84528,0.8,0.9,0.00051904,11973.7,315.686,598.685,0.01,0.95,10,10000,0.938,0.497,52,50,0.0258721,0,0.961538
2753,10000,4.90011,4.21697,5.62342,0.0789912,0.0630957,0.1,0.552565,0.5,0.6,0.94595,0.9,1,0.00051904,8519.75,293.557,425.988,0.01,0.95,10,10000,0.938,0.497,37,32,0.0323401,0,0.864865
2754,10000,4.82792,4.21697,5.62342,0.0789224,0.0630957,0.1,0.551001,0.5,0.6,1.17939,1,1.5,0.0025952,3730.27,85.8432,186.514,0.01,0.95,10,10000,0.938,0.497,81,71,0.0217114,0,0.876543
2755,10000,4.92316,4.21697,5.62342,0.0781433,0.0630957,0.1,0.62351,0.6,0.7,0.0685485,0,0.1,0.00051904,2532.9,153.048,126.645,0.01,0.95,10,10000,0.938,0.497,11,10,0.0578518,0,0.909091
2756,10000,4.67851,4.21697,5.62342,0.0793507,0.0630957,0.1,0.644,0.6,0.7,0.150432,0.1,0.2,0.00051904,8519.75,301.784,425.988,0.01,0.95,10,10000,0.938,0.497,37,31,0.0328576,0,0.837838
2757,10000,4.8814,4.21697,5.62342,0.0793596,0.0630957,0.1,0.645103,0.6,0.7,0.246228,0.2,0.3,0.00051904,10592.1,291.987,529.606,0.01,0.95,10,10000,0.938,0.497,46,45,0.0272716,0,0.978261
2758,10000,4.77063,4.21697,5.62342,0.0788655,0.0630957,0.1,0.654475,0.6,0.7,0.353718,0.3,0.4,0.00051904,14506.6,373.824,725.33,0.01,0.95,10,10000,0.938,0.497,63,56,0.0244468,0,0.888889
2759,10000,4.80691,4.21697,5.62342,0.0817887,0.0630957,0.1,0.636611,0.6,0.7,0.453046,0.4,0.5,0.00051904,11513.2,316.312,575.659,0.01,0.95,10,10000,0.938,0.497,50,47,0.026685,0,0.94
2760,10000,4.71441,4.21697,5.62342,0.0813292,0.0630957,0.1,0.644168,0.6,0.7,0.552592,0.5,0.6,0.00051904,12894.8,357.444,644.738,0.01,0.95,10,10000,0.938,0.497,56,49,0.0261348,0,0.875
2761,10000,4.83521,4.21697,5.62342,0.0820367,0.0630957,0.1,0.642285,0.6,0.7,0.648231,0.6,0.7,0.00051904,11973.7,354.726,598.685,0.01,0.95,10,10000,0.938,0.497,52,44,0.0275798,0,0.846154
2762,10000,4.92025,4.21697,5.62342,0.0811441,0.0630957,0.1,0.64902,0.6,0.7,0.748186,0.7,0.8,0.00051904,8519.75,-nan,425.988,0.01,0.95,10,10000,0.938,0.497,37,40,0.0289259,0,1.08108
2763,10000,4.7068,4.21697,5.62342,0.0785162,0.0630957,0.1,0.649781,0.6,0.7,0.841513,0.8,0.9,0.00051904,9440.81,328.681,472.04,0.01,0.95,10,10000,0.938,0.497,41,33,0.0318464,0,0.804878
2764,10000,4.79921,4.21697,5.62342,0.0758618,0.0630957,0.1,0.636078,0.6,0.7,0.952007,0.9,1,0.00051904,6217.12,285.396,310.856,0.01,0.95,10,10000,0.938,0.497,27,20,0.0409074,0,0.740741
2765,10000,4.8597,4.21697,5.62342,0.0835046,0.0630957,0.1,0.642367,0.6,0.7,1.16331,1,1.5,0.0025952,1703.95,54.0968,85.1975,0.01,0.95,10,10000,0.938,0.497,37,35,0.0309231,0,0.945946
2766,10000,4.79783,4.21697,5.62342,0.0801872,0.0630957,0.1,0.752429,0.7,0.8,0.0675351,0,0.1,0.00051904,2072.37,126.376,103.619,0.01,0.95,10,10000,0.938,0.497,9,9,0.0609811,0,1
2767,10000,4.65979,4.21697,5.62342,0.083336,0.0630957,0.1,0.744851,0.7,0.8,0.147967,0.1,0.2,0.00051904,5065.8,-nan,253.29,0.01,0.95,10,10000,0.938,0.497,22,23,0.0381463,0,1.04545
2768,10000,4.66708,4.21697,5.62342,0.084686,0.0630957,0.1,0.747326,0.7,0.8,0.260487,0.2,0.3,0.00051904,5986.85,295.211,299.343,0.01,0.95,10,10000,0.938,0.497,26,18,0.0431202,0,0.692308
2769,10000,4.82866,4.21697,5.62342,0.0808086,0.0630957,0.1,0.751056,0.7,0.8,0.349221,0.3,0.4,0.00051904,8059.23,249.216,402.961,0.01,0.95,10,10000,0.938,0.497,35,35,0.0309231,0,1
2770,10000,4.73618,4.21697,5.62342,0.0816818,0.0630957,0.1,0.743727,0.7,0.8,0.456907,0.4,0.5,0.00051904,6907.91,246.66,345.395,0.01,0.95,10,10000,0.938,0.497,30,28,0.0345731,0,0.933333
2771,10000,4.73661,4.21697,5.62342,0.0809955,0.0630957,0.1,0.74547,0.7,0.8,0.55278,0.5,0.6,0.00051904,6447.38,248.217,322.369,0.01,0.95,10,10000,0.938,0.497,28,25,0.0365887,0,0.892857
2772,10000,4.78113,4.21697,5.62342,0.0797721,0.0630957,0.1,0.747807,0.7,0.8,0.652793,0.6,0.7,0.00051904,6907.91,-nan,345.395,0.01,0.95,10,10000,0.938,0.497,30,32,0.0323401,0,1.06667
2773,10000,4.63624,4.21697,5.62342,0.0788639,0.0630957,0.1,0.75299,0.7,0.8,0.754224,0.7,0.8,0.00051904,2763.16,-nan,138.158,0.01,0.95,10,10000,0.938,0.497,12,14,0.0488937,0,1.16667
2774,10000,4.62189,4.21697,5.62342,0.0823144,0.0630957,0.1,0.747823,0.7,0.8,0.85036,0.8,0.9,0.00051904,4605.27,188.39,230.264,0.01,0.95,10,10000,0.938,0.497,20,20,0.0409074,0,1
2775,10000,4.56337,4.21697,5.62342,0.0799665,0.0630957,0.1,0.727357,0.7,0.8,0.95811,0.9,1,0.00051904,2072.37,158.42,103.619,0.01,0.95,10,10000,0.938,0.497,9,7,0.0691461,0,0.777778
2776,10000,4.7914,4.21697,5.62342,0.0814325,0.0630957,0.1,0.739461,0.7,0.8,1.15324,1,1.5,0.0025952,1289.48,51.4779,64.4738,0.01,0.95,10,10000,0.938,0.497,28,24,0.0373432,0,0.857143
2777,10000,4.81757,4.21697,5.62342,0.0868898,0.0630957,0.1,0.86234,0.8,0.9,0.07567,0,0.1,0.00051904,690.791,-nan,34.5395,0.01,0.95,10,10000,0.938,0.497,3,6,0.0746863,0,2
2778,10000,5.05954,4.21697,5.62342,0.0837272,0.0630957,0.1,0.85146,0.8,0.9,0.142497,0.1,0.2,0.00051904,1842.11,-nan,92.1055,0.01,0.95,10,10000,0.938,0.497,8,10,0.0578518,0,1.25
2779,10000,4.7177,4.21697,5.62342,0.0808068,0.0630957,0.1,0.844248,0.8,0.9,0.248608,0.2,0.3,0.00051904,3453.95,-nan,172.698,0.01,0.95,10,10000,0.938,0.497,15,16,0.0457358,0,1.06667
2780,10000,4.67749,4.21697,5.62342,0.0822553,0.0630957,0.1,0.8447,0.8,0.9,0.358243,0.3,0.4,0.00051904,5065.8,206.78,253.29,0.01,0.95,10,10000,0.938,0.497,22,21,0.0399215,0,0.954545
2781,10000,4.78723,4.21697,5.62342,0.0844253,0.0630957,0.1,0.83762,0.8,0.9,0.444745,0.4,0.5,0.00051904,3914.48,207.595,195.724,0.01,0.95,10,10000,0.938,0.497,17,14,0.0488937,0,0.823529
2782,10000,4.69229,4.21697,5.62342,0.0811852,0.0630957,0.1,0.835796,0.8,0.9,0.561607,0.5,0.6,0.00051904,1842.11,119.148,92.1055,0.01,0.95,10,10000,0.938,0.497,8,8,0.0646803,0,1
2783,10000,4.72267,4.21697,5.62342,0.0767777,0.0630957,0.1,0.835419,0.8,0.9,0.656018,0.6,0.7,0.00051904,2072.37,126.376,103.619,0.01,0.95,10,10000,0.938,0.497,9,9,0.0609811,0,1
2784,10000,4.88054,4.21697,5.62342,0.0849294,0.0630957,0.1,0.834129,0.8,0.9,0.756413,0.7,0.8,0.00051904,1842.11,153.82,92.1055,0.01,0.95,10,10000,0.938,0.497,8,6,0.0746863,0,0.75
2785,10000,4.77653,4.21697,5.62342,0.0832743,0.0630957,0.1,0.843966,0.8,0.9,0.828526,0.8,0.9,0.00051904,1611.85,111.453,80.5923,0.01,0.95,10,10000,0.938,0.497,7,7,0.0691461,0,1
2786,10000,4.79004,4.21697,5.62342,0.0776568,0.0630957,0.1,0.831174,0.8,0.9,0.931261,0.9,1,0.00051904,1151.32,94.1948,57.5659,0.01,0.95,10,10000,0.938,0.497,5,5,0.0818148,0,1
2787,10000,4.92598,4.21697,5.62342,0.0853319,0.0630957,0.1,0.836939,0.8,0.9,1.1171,1,1.5,0.0025952,230.264,-nan,11.5132,0.01,0.95,10,10000,0.938,0.497,5,9,0.0609811,0,1.8
2788,10000,4.94528,4.21697,5.62342,0.0746108,0.0630957,0.1,0.926038,0.9,1,0.22853,0.2,0.3,0.00051904,921.055,145.926,46.0527,0.01,0.95,10,10000,0.938,0.497,4,2,0.129361,0,0.5
2789,10000,4.86636,4.21697,5.62342,0.0776339,0.0630957,0.1,0.913444,0.9,1,0.352648,0.3,0.4,0.00051904,690.791,-nan,34.5395,0.01,0.95,10,10000,0.938,0.497,3,4,0.0914717,0,1.33333
2790,10000,4.72404,4.21697,5.62342,0.0736483,0.0630957,0.1,0.936284,0.9,1,0.455418,0.4,0.5,0.00051904,690.791,72.963,34.5395,0.01,0.95,10,10000,0.938,0.497,3,3,0.105622,0,1
2791,10000,4.90599,4.21697,5.62342,0.0955255,0.0630957,0.1,0.938554,0.9,1,0.564535,0.5,0.6,0.00051904,230.264,-nan,11.5132,0.01,0.95,10,10000,0.938,0.497,1,3,0.105622,0,3
2792,10000,4.84937,4.21697,5.62342,0.0818571,0.0630957,0.1,0.920274,0.9,1,0.646276,0.6,0.7,0.00051904,460.527,-nan,23.0264,0.01,0.95,10,10000,0.938,0.497,2,3,0.105622,0,1.5
2793,10000,4.39996,4.21697,5.62342,0.0869379,0.0630957,0.1,0.952713,0.9,1,0.767072,0.7,0.8,0.00051904,460.527,103.185,23.0264,0.01,0.95,10,10000,0.938,0.497,2,1,0.182943,0,0.5
2794,10000,4.77893,4.21697,5.62342,0.0865887,0.0630957,0.1,0.931739,0.9,1,0.859542,0.8,0.9,0.00051904,690.791,72.963,34.5395,0.01,0.95,10,10000,0.938,0.497,3,3,0.105622,0,1
2795,10000,5.02692,4.21697,5.62342,0.134287,0.1,0.251189,0.0833973,0.05,0.1,0.068384,0,0.1,0.0010632,13714.2,279.629,685.712,0.01,0.95,10,10000,0.938,0.497,122,97,0.0185751,0,0.795082
2796,10000,5.03158,4.21697,5.62342,0.131708,0.1,0.251189,0.0794941,0.05,0.1,0.156766,0.1,0.2,0.0010632,36983.5,452.824,1849.18,0.01,0.95,10,10000,0.938,0.497,329,266,0.011217,0,0.808511
2797,10000,5.03395,4.21697,5.62342,0.1289,0.1,0.251189,0.0803061,0.05,0.1,0.249351,0.2,0.3,0.0010632,52046.7,591.893,2602.33,0.01,0.95,10,10000,0.938,0.497,463,332,0.0100403,0,0.717063
2798,10000,5.00649,4.21697,5.62342,0.130053,0.1,0.251189,0.0804388,0.05,0.1,0.349487,0.3,0.4,0.0010632,47550.2,540.911,2377.51,0.01,0.95,10,10000,0.938,0.497,423,321,0.0102109,0,0.758865
2799,10000,4.98654,4.21697,5.62342,0.12872,0.1,0.251189,0.0807228,0.05,0.1,0.448932,0.4,0.5,0.0010632,38444.9,487.177,1922.24,0.01,0.95,10,10000,0.938,0.497,342,259,0.0113675,0,0.75731
2800,10000,4.98569,4.21697,5.62342,0.1273,0.1,0.251189,0.0796246,0.05,0.1,0.548423,0.5,0.6,0.0010632,29901.6,408.862,1495.08,0.01,0.95,10,10000,0.938,0.497,266,214,0.0125058,0,0.804511
2801,10000,5.04009,4.21697,5.62342,0.12727,0.1,0.251189,0.0812352,0.05,0.1,0.648225,0.6,0.7,0.0010632,23606.5,414.773,1180.32,0.01,0.95,10,10000,0.938,0.497,210,143,0.0152985,0,0.680952
2802,10000,4.98865,4.21697,5.62342,0.122623,0.1,0.251189,0.0784349,0.05,0.1,0.750575,0.7,0.8,0.0010632,15625.2,350.424,781.262,0.01,0.95,10,10000,0.938,0.497,139,90,0.0192839,0,0.647482
2803,10000,4.96723,4.21697,5.62342,0.126532,0.1,0.251189,0.0807311,0.05,0.1,0.838333,0.8,0.9,0.0010632,8430.89,251.869,421.544,0.01,0.95,10,10000,0.938,0.497,75,50,0.0258721,0,0.666667
2804,10000,5.17063,4.21697,5.62342,0.128226,0.1,0.251189,0.0857599,0.05,0.1,0.946605,0.9,1,0.0010632,4946.12,163.948,247.306,0.01,0.95,10,10000,0.938,0.497,44,36,0.0304906,0,0.818182
2805,10000,5.0516,4.21697,5.62342,0.118966,0.1,0.251189,0.0816669,0.05,0.1,1.17113,1,1.5,0.00531599,944.26,33.1369,47.213,0.01,0.95,10,10000,0.938,0.497,42,33,0.0318464,0,0.785714
2806,10000,4.89955,4.21697,5.62342,0.141038,0.1,0.251189,0.125625,0.1,0.15,0.064133,0,0.1,0.0010632,24056.1,333.535,1202.81,0.01,0.95,10,10000,0.938,0.497,214,192,0.0132028,0,0.897196
2807,10000,4.90681,4.21697,5.62342,0.144049,0.1,0.251189,0.124166,0.1,0.15,0.154525,0.1,0.2,0.0010632,61826.5,522.55,3091.33,0.01,0.95,10,10000,0.938,0.497,550,506,0.00813283,0,0.92
2808,10000,4.90998,4.21697,5.62342,0.144225,0.1,0.251189,0.125606,0.1,0.15,0.249645,0.2,0.3,0.0010632,79025.5,606.899,3951.28,0.01,0.95,10,10000,0.938,0.497,703,628,0.00730024,0,0.893314
2809,10000,4.93094,4.21697,5.62342,0.141187,0.1,0.251189,0.125251,0.1,0.15,0.34858,0.3,0.4,0.0010632,76552.5,581.048,3827.62,0.01,0.95,10,10000,0.938,0.497,681,627,0.00730606,0,0.920705
2810,10000,4.94164,4.21697,5.62342,0.142977,0.1,0.251189,0.125683,0.1,0.15,0.446138,0.4,0.5,0.0010632,57217.6,526.484,2860.88,0.01,0.95,10,10000,0.938,0.497,509,445,0.00867235,0,0.874263
2811,10000,4.97671,4.21697,5.62342,0.13965,0.1,0.251189,0.126403,0.1,0.15,0.550198,0.5,0.6,0.0010632,45189.6,466.061,2259.48,0.01,0.95,10,10000,0.938,0.497,402,353,0.00973709,0,0.878109
2812,10000,4.90331,4.21697,5.62342,0.136638,0.1,0.251189,0.126962,0.1,0.15,0.648836,0.6,0.7,0.0010632,33723.6,431.738,1686.18,0.01,0.95,10,10000,0.938,0.497,300,243,0.0117358,0,0.81
2813,10000,4.94727,4.21697,5.62342,0.135598,0.1,0.251189,0.126467,0.1,0.15,0.746524,0.7,0.8,0.0010632,25967.1,377.339,1298.36,0.01,0.95,10,10000,0.938,0.497,231,188,0.0133425,0,0.813853
2814,10000,4.96132,4.21697,5.62342,0.139345,0.1,0.251189,0.126477,0.1,0.15,0.847138,0.8,0.9,0.0010632,17873.5,309.822,893.674,0.01,0.95,10,10000,0.938,0.497,159,131,0.0159838,0,0.823899
2815,10000,4.97053,4.21697,5.62342,0.131117,0.1,0.251189,0.125955,0.1,0.15,0.941353,0.9,1,0.0010632,8992.95,213.951,449.647,0.01,0.95,10,10000,0.938,0.497,80,68,0.0221851,0,0.85
2816,10000,4.96404,4.21697,5.62342,0.133007,0.1,0.251189,0.127333,0.1,0.15,1.16872,1,1.5,0.00531599,3192.5,59.8515,159.625,0.01,0.95,10,10000,0.938,0.497,142,114,0.0171342,0,0.802817
2817,10000,4.80718,4.21697,5.62342,0.145858,0.1,0.251189,0.175551,0.15,0.2,0.0656141,0,0.1,0.0010632,21470.7,309.109,1073.53,0.01,0.95,10,10000,0.938,0.497,191,175,0.0138292,0,0.91623
2818,10000,4.8951,4.21697,5.62342,0.147044,0.1,0.251189,0.175139,0.15,0.2,0.15302,0.1,0.2,0.0010632,52721.2,501.05,2636.06,0.01,0.95,10,10000,0.938,0.497,469,414,0.00899118,0,0.882729
2819,10000,4.85875,4.21697,5.62342,0.147049,0.1,0.251189,0.173652,0.15,0.2,0.252009,0.2,0.3,0.0010632,66885.1,524.938,3344.25,0.01,0.95,10,10000,0.938,0.497,595,568,0.00767613,0,0.954622
2820,10000,4.88141,4.21697,5.62342,0.143577,0.1,0.251189,0.17319,0.15,0.2,0.350153,0.3,0.4,0.0010632,70257.4,565.183,3512.87,0.01,0.95,10,10000,0.938,0.497,625,566,0.00768968,0,0.9056
2821,10000,4.92185,4.21697,5.62342,0.148445,0.1,0.251189,0.17474,0.15,0.2,0.447376,0.4,0.5,0.0010632,61264.5,546.283,3063.22,0.01,0.95,10,10000,0.938,0.497,545,475,0.00839402,0,0.87156
2822,10000,4.91162,4.21697,5.62342,0.148741,0.1,0.251189,0.174753,0.15,0.2,0.546282,0.5,0.6,0.0010632,47887.5,471.934,2394.37,0.01,0.95,10,10000,0.938,0.497,426,381,0.00937247,0,0.894366
2823,10000,4.92144,4.21697,5.62342,0.145743,0.1,0.251189,0.173987,0.15,0.2,0.646781,0.6,0.7,0.0010632,30238.8,355.327,1511.94,0.01,0.95,10,10000,0.938,0.497,269,255,0.0114564,0,0.947955
2824,10000,4.9351,4.21697,5.62342,0.145718,0.1,0.251189,0.175657,0.15,0.2,0.745896,0.7,0.8,0.0010632,24618.2,342.89,1230.91,0.01,0.95,10,10000,0.938,0.497,219,193,0.0131686,0,0.881279
2825,10000,4.9104,4.21697,5.62342,0.139856,0.1,0.251189,0.174941,0.15,0.2,0.84689,0.8,0.9,0.0010632,17648.7,329.855,882.433,0.01,0.95,10,10000,0.938,0.497,157,119,0.0167704,0,0.757962
2826,10000,4.83738,4.21697,5.62342,0.141791,0.1,0.251189,0.172964,0.15,0.2,0.944321,0.9,1,0.0010632,11016.4,273.136,550.818,0.01,0.95,10,10000,0.938,0.497,98,70,0.0218659,0,0.714286
2827,10000,4.92904,4.21697,5.62342,0.142169,0.1,0.251189,0.174542,0.15,0.2,1.15575,1,1.5,0.00531599,4136.76,61.8834,206.838,0.01,0.95,10,10000,0.938,0.497,184,165,0.0142421,0,0.896739
2828,10000,4.87907,4.21697,5.62342,0.153191,0.1,0.251189,0.222792,0.2,0.25,0.0669192,0,0.1,0.0010632,15400.4,274.714,770.021,0.01,0.95,10,10000,0.938,0.497,137,119,0.0167704,0,0.868613
2829,10000,4.8852,4.21697,5.62342,0.149329,0.1,0.251189,0.223605,0.2,0.25,0.153238,0.1,0.2,0.0010632,41367.6,426.922,2068.38,0.01,0.95,10,10000,0.938,0.497,368,339,0.00993612,0,0.921196
2830,10000,4.86695,4.21697,5.62342,0.146044,0.1,0.251189,0.224744,0.2,0.25,0.252249,0.2,0.3,0.0010632,50810.2,475.659,2540.51,0.01,0.95,10,10000,0.938,0.497,452,414,0.00899118,0,0.915929
2831,10000,4.87192,4.21697,5.62342,0.14834,0.1,0.251189,0.224815,0.2,0.25,0.349841,0.3,0.4,0.0010632,49236.4,455.702,2461.82,0.01,0.95,10,10000,0.938,0.497,438,413,0.00900206,0,0.942922
2832,10000,4.85018,4.21697,5.62342,0.147599,0.1,0.251189,0.225247,0.2,0.25,0.446945,0.4,0.5,0.0010632,49686,473.424,2484.3,0.01,0.95,10,10000,0.938,0.497,442,402,0.00912439,0,0.909502
2833,10000,4.85633,4.21697,5.62342,0.150938,0.1,0.251189,0.224709,0.2,0.25,0.550671,0.5,0.6,0.0010632,42379.3,433.602,2118.96,0.01,0.95,10,10000,0.938,0.497,377,346,0.0098351,0,0.917772
2834,10000,4.89989,4.21697,5.62342,0.148908,0.1,0.251189,0.224242,0.2,0.25,0.646537,0.6,0.7,0.0010632,29227.1,359.559,1461.35,0.01,0.95,10,10000,0.938,0.497,260,239,0.0118336,0,0.919231
2835,10000,4.8961,4.21697,5.62342,0.147495,0.1,0.251189,0.224411,0.2,0.25,0.747327,0.7,0.8,0.0010632,22032.7,339.471,1101.64,0.01,0.95,10,10000,0.938,0.497,196,164,0.0142855,0,0.836735
2836,10000,4.88106,4.21697,5.62342,0.146218,0.1,0.251189,0.224964,0.2,0.25,0.849899,0.8,0.9,0.0010632,14051.5,239.312,702.574,0.01,0.95,10,10000,0.938,0.497,125,120,0.0167004,0,0.96
2837,10000,4.966,4.21697,5.62342,0.141952,0.1,0.251189,0.223778,0.2,0.25,0.950228,0.9,1,0.0010632,11128.8,221.88,556.439,0.01,0.95,10,10000,0.938,0.497,99,91,0.0191777,0,0.919192
2838,10000,4.93135,4.21697,5.62342,0.142513,0.1,0.251189,0.223216,0.2,0.25,1.18052,1,1.5,0.00531599,4204.2,61.946,210.21,0.01,0.95,10,10000,0.938,0.497,187,169,0.0140726,0,0.903743
2839,10000,4.90299,4.21697,5.62342,0.150791,0.1,0.251189,0.273731,0.25,0.3,0.0670894,0,0.1,0.0010632,10566.7,-nan,528.336,0.01,0.95,10,10000,0.938,0.497,94,96,0.0186716,0,1.02128
2840,10000,4.83186,4.21697,5.62342,0.149244,0.1,0.251189,0.274501,0.25,0.3,0.149619,0.1,0.2,0.0010632,30800.9,344.159,1540.04,0.01,0.95,10,10000,0.938,0.497,274,271,0.011113,0,0.989051
2841,10000,4.85079,4.21697,5.62342,0.151576,0.1,0.251189,0.273486,0.25,0.3,0.251138,0.2,0.3,0.0010632,37545.6,403.89,1877.28,0.01,0.95,10,10000,0.938,0.497,334,310,0.0103905,0,0.928144
2842,10000,4.87642,4.21697,5.62342,0.148545,0.1,0.251189,0.274806,0.25,0.3,0.350661,0.3,0.4,0.0010632,42941.3,442.953,2147.07,0.01,0.95,10,10000,0.938,0.497,382,345,0.00984934,0,0.903141
2843,10000,4.82781,4.21697,5.62342,0.145439,0.1,0.251189,0.273575,0.25,0.3,0.448533,0.4,0.5,0.0010632,37882.8,387.744,1894.14,0.01,0.95,10,10000,0.938,0.497,337,328,0.0101014,0,0.973294
2844,10000,4.86148,4.21697,5.62342,0.150062,0.1,0.251189,0.274686,0.25,0.3,0.54928,0.5,0.6,0.0010632,31700.1,382.889,1585.01,0.01,0.95,10,10000,0.938,0.497,282,253,0.0115016,0,0.897163
2845,10000,4.89538,4.21697,5.62342,0.145916,0.1,0.251189,0.27521,0.25,0.3,0.648671,0.6,0.7,0.0010632,25967.1,351.503,1298.36,0.01,0.95,10,10000,0.938,0.497,231,204,0.0128086,0,0.883117
2846,10000,4.87656,4.21697,5.62342,0.148654,0.1,0.251189,0.271774,0.25,0.3,0.746821,0.7,0.8,0.0010632,14838.4,-nan,741.918,0.01,0.95,10,10000,0.938,0.497,132,134,0.0158039,0,1.01515
2847,10000,4.9307,4.21697,5.62342,0.149607,0.1,0.251189,0.274699,0.25,0.3,0.846595,0.8,0.9,0.0010632,12477.7,262.395,623.886,0.01,0.95,10,10000,0.938,0.497,111,90,0.0192839,0,0.810811
2848,10000,4.86936,4.21697,5.62342,0.146473,0.1,0.251189,0.276185,0.25,0.3,0.948105,0.9,1,0.0010632,8318.48,233.406,415.924,0.01,0.95,10,10000,0.938,0.497,74,54,0.0248954,0,0.72973
2849,10000,4.87669,4.21697,5.62342,0.143576,0.1,0.251189,0.276457,0.25,0.3,1.17865,1,1.5,0.00531599,4024.34,60.5279,201.217,0.01,0.95,10,10000,0.938,0.497,179,162,0.0143734,0,0.905028
2850,10000,4.81416,4.21697,5.62342,0.147773,0.1,0.251189,0.345398,0.3,0.4,0.0672002,0,0.1,0.0021264,6463.68,117.197,323.184,0.01,0.95,10,10000,0.938,0.497,115,108,0.0176037,0,0.93913
2851,10000,4.86666,4.21697,5.62342,0.151346,0.1,0.251189,0.343986,0.3,0.4,0.155616,0.1,0.2,0.0021264,18885.2,204.288,944.26,0.01,0.95,10,10000,0.938,0.497,336,309,0.0104073,0,0.919643
2852,10000,4.81505,4.21697,5.62342,0.147412,0.1,0.251189,0.345392,0.3,0.4,0.25067,0.2,0.3,0.0021264,27540.9,249.058,1377.05,0.01,0.95,10,10000,0.938,0.497,490,446,0.00866262,0,0.910204
2853,10000,4.85092,4.21697,5.62342,0.150786,0.1,0.251189,0.347791,0.3,0.4,0.35038,0.3,0.4,0.0021264,26810.2,238.668,1340.51,0.01,0.95,10,10000,0.938,0.497,477,448,0.00864326,0,0.939203
2854,10000,4.89298,4.21697,5.62342,0.151904,0.1,0.251189,0.347799,0.3,0.4,0.450326,0.4,0.5,0.0021264,28440.2,248.385,1422.01,0.01,0.95,10,10000,0.938,0.497,506,470,0.00843855,0,0.928854
2855,10000,4.86361,4.21697,5.62342,0.150301,0.1,0.251189,0.347118,0.3,0.4,0.548008,0.5,0.6,0.0021264,22707.2,231.715,1135.36,0.01,0.95,10,10000,0.938,0.497,404,358,0.00966886,0,0.886139
2856,10000,4.85872,4.21697,5.62342,0.150697,0.1,0.251189,0.34435,0.3,0.4,0.648663,0.6,0.7,0.0021264,15850.1,190.76,792.504,0.01,0.95,10,10000,0.938,0.497,282,254,0.0114789,0,0.900709
2857,10000,4.86854,4.21697,5.62342,0.15335,0.1,0.251189,0.348681,0.3,0.4,0.747133,0.7,0.8,0.0021264,11915.7,164.574,595.783,0.01,0.95,10,10000,0.938,0.497,212,192,0.0132028,0,0.90566
2858,10000,4.90069,4.21697,5.62342,0.148186,0.1,0.251189,0.345646,0.3,0.4,0.844924,0.8,0.9,0.0021264,10341.9,152.184,517.095,0.01,0.95,10,10000,0.938,0.497,184,168,0.0141144,0,0.913043
2859,10000,4.94543,4.21697,5.62342,0.14602,0.1,0.251189,0.34618,0.3,0.4,0.942931,0.9,1,0.0021264,6688.51,112.169,334.425,0.01,0.95,10,10000,0.938,0.497,119,119,0.0167704,0,1
2860,10000,4.87396,4.21697,5.62342,0.145425,0.1,0.251189,0.345459,0.3,0.4,1.20746,1,1.5,0.010632,2596.71,33.942,129.836,0.01,0.95,10,10000,0.938,0.497,231,212,0.0125646,0,0.917749
2861,10000,4.81039,4.21697,5.62342,0.154539,0.1,0.251189,0.446334,0.4,0.5,0.0641514,0,0.1,0.0021264,3934.42,91.0944,196.721,0.01,0.95,10,10000,0.938,0.497,70,66,0.0225188,0,0.942857
2862,10000,4.88352,4.21697,5.62342,0.151866,0.1,0.251189,0.448254,0.4,0.5,0.15743,0.1,0.2,0.0021264,9442.6,-nan,472.13,0.01,0.95,10,10000,0.938,0.497,168,174,0.0138689,0,1.03571
2863,10000,4.88714,4.21697,5.62342,0.153765,0.1,0.251189,0.444558,0.4,0.5,0.249829,0.2,0.3,0.0021264,16187.3,189.039,809.365,0.01,0.95,10,10000,0.938,0.497,288,265,0.0112381,0,0.920139
2864,10000,4.84803,4.21697,5.62342,0.152512,0.1,0.251189,0.44535,0.4,0.5,0.351297,0.3,0.4,0.0021264,18323.1,195.603,916.157,0.01,0.95,10,10000,0.938,0.497,326,309,0.0104073,0,0.947853
2865,10000,4.83251,4.21697,5.62342,0.15283,0.1,0.251189,0.444156,0.4,0.5,0.449826,0.4,0.5,0.0021264,15625.2,172.061,781.262,0.01,0.95,10,10000,0.938,0.497,278,277,0.010992,0,0.996403
2866,10000,4.86095,4.21697,5.62342,0.152937,0.1,0.251189,0.446149,0.4,0.5,0.549755,0.5,0.6,0.0021264,13152.2,172.102,657.609,0.01,0.95,10,10000,0.938,0.497,234,213,0.0125351,0,0.910256
2867,10000,4.85548,4.21697,5.62342,0.152127,0.1,0.251189,0.448831,0.4,0.5,0.646614,0.6,0.7,0.0021264,10791.5,145.478,539.577,0.01,0.95,10,10000,0.938,0.497,192,188,0.0133425,0,0.979167
2868,10000,4.88739,4.21697,5.62342,0.149931,0.1,0.251189,0.446623,0.4,0.5,0.74951,0.7,0.8,0.0021264,7644.01,-nan,382.2,0.01,0.95,10,10000,0.938,0.497,136,140,0.0154615,0,1.02941
2869,10000,4.8546,4.21697,5.62342,0.148642,0.1,0.251189,0.455249,0.4,0.5,0.84996,0.8,0.9,0.0021264,6519.89,121.797,325.994,0.01,0.95,10,10000,0.938,0.497,116,105,0.0178534,0,0.905172
2870,10000,4.907,4.21697,5.62342,0.144069,0.1,0.251189,0.451918,0.4,0.5,0.954563,0.9,1,0.0021264,4777.5,-nan,238.875,0.01,0.95,10,10000,0.938,0.497,85,91,0.0191777,0,1.07059
2871,10000,4.85047,4.21697,5.62342,0.146397,0.1,0.251189,0.449614,0.4,0.5,1.1829,1,1.5,0.010632,1955.97,30.2703,97.7983,0.01,0.95,10,10000,0.938,0.497,174,155,0.0146944,0,0.890805
2872,10000,4.93625,4.21697,5.62342,0.159858,0.1,0.251189,0.54068,0.5,0.6,0.0693006,0,0.1,0.0021264,2360.65,68.2442,118.032,0.01,0.95,10,10000,0.938,0.497,42,41,0.028571,0,0.97619
2873,10000,4.78882,4.21697,5.62342,0.152094,0.1,0.251189,0.547264,0.5,0.6,0.156728,0.1,0.2,0.0021264,6744.71,137.954,337.236,0.01,0.95,10,10000,0.938,0.497,120,96,0.0186716,0,0.8
2874,10000,4.85219,4.21697,5.62342,0.156379,0.1,0.251189,0.54683,0.5,0.6,0.250967,0.2,0.3,0.0021264,7194.36,-nan,359.718,0.01,0.95,10,10000,0.938,0.497,128,132,0.0159232,0,1.03125
2875,10000,4.87538,4.21697,5.62342,0.151344,0.1,0.251189,0.546228,0.5,0.6,0.352531,0.3,0.4,0.0021264,11971.9,155.084,598.593,0.01,0.95,10,10000,0.938,0.497,213,206,0.0127463,0,0.967136
2876,10000,4.83892,4.21697,5.62342,0.15343,0.1,0.251189,0.546214,0.5,0.6,0.45417,0.4,0.5,0.0021264,10622.9,156.364,531.146,0.01,0.95,10,10000,0.938,0.497,189,170,0.0140311,0,0.899471
2877,10000,4.89556,4.21697,5.62342,0.153508,0.1,0.251189,0.550537,0.5,0.6,0.549367,0.5,0.6,0.0021264,7925.04,135.858,396.252,0.01,0.95,10,10000,0.938,0.497,141,126,0.0162979,0,0.893617
2878,10000,4.94312,4.21697,5.62342,0.150926,0.1,0.251189,0.54564,0.5,0.6,0.651375,0.6,0.7,0.0021264,7419.18,140.876,370.959,0.01,0.95,10,10000,0.938,0.497,132,109,0.0175228,0,0.825758
2879,10000,4.77231,4.21697,5.62342,0.147035,0.1,0.251189,0.545508,0.5,0.6,0.739507,0.7,0.8,0.0021264,5395.77,109.524,269.788,0.01,0.95,10,10000,0.938,0.497,96,88,0.0195018,0,0.916667
2880,10000,4.91674,4.21697,5.62342,0.150774,0.1,0.251189,0.547809,0.5,0.6,0.849891,0.8,0.9,0.0021264,4777.5,107.976,238.875,0.01,0.95,10,10000,0.938,0.497,85,74,0.0212667,0,0.870588
2881,10000,4.88954,4.21697,5.62342,0.151879,0.1,0.251189,0.551066,0.5,0.6,0.950259,0.9,1,0.0021264,3934.42,102.292,196.721,0.01,0.95,10,10000,0.938,0.497,70,58,0.0240216,0,0.828571
2882,10000,4.87334,4.21697,5.62342,0.151044,0.1,0.251189,0.547069,0.5,0.6,1.19828,1,1.5,0.010632,1472.6,27.6688,73.6298,0.01,0.95,10,10000,0.938,0.497,131,110,0.017443,0,0.839695
2883,10000,4.915,4.21697,5.62342,0.160397,0.1,0.251189,0.63585,0.6,0.7,0.0748595,0,0.1,0.0021264,1236.53,57.9643,61.8265,0.01,0.95,10,10000,0.938,0.497,22,18,0.0431202,0,0.818182
2884,10000,4.883,4.21697,5.62342,0.155,0.1,0.251189,0.645392,0.6,0.7,0.152683,0.1,0.2,0.0021264,3878.21,97.3857,193.91,0.01,0.95,10,10000,0.938,0.497,69,60,0.0236179,0,0.869565
2885,10000,4.83889,4.21697,5.62342,0.161476,0.1,0.251189,0.646098,0.6,0.7,0.255395,0.2,0.3,0.0021264,6576.09,-nan,328.805,0.01,0.95,10,10000,0.938,0.497,117,123,0.0164955,0,1.05128
2886,10000,4.7956,4.21697,5.62342,0.15431,0.1,0.251189,0.645827,0.6,0.7,0.349818,0.3,0.4,0.0021264,6351.27,131.916,317.564,0.01,0.95,10,10000,0.938,0.497,113,92,0.0190732,0,0.814159
2887,10000,4.89719,4.21697,5.62342,0.144907,0.1,0.251189,0.645081,0.6,0.7,0.450411,0.4,0.5,0.0021264,6519.89,121.797,325.994,0.01,0.95,10,10000,0.938,0.497,116,105,0.0178534,0,0.905172
2888,10000,4.76642,4.21697,5.62342,0.149421,0.1,0.251189,0.648008,0.6,0.7,0.554778,0.5,0.6,0.0021264,5733.01,129.29,286.65,0.01,0.95,10,10000,0.938,0.497,102,80,0.0204537,0,0.784314
2889,10000,4.89562,4.21697,5.62342,0.145888,0.1,0.251189,0.64353,0.6,0.7,0.64384,0.6,0.7,0.0021264,5395.77,101.803,269.788,0.01,0.95,10,10000,0.938,0.497,96,95,0.0187696,0,0.989583
2890,10000,4.83034,4.21697,5.62342,0.1509,0.1,0.251189,0.643934,0.6,0.7,0.742687,0.7,0.8,0.0021264,3822,94.0197,191.1,0.01,0.95,10,10000,0.938,0.497,68,61,0.0234235,0,0.897059
2891,10000,4.85792,4.21697,5.62342,0.146239,0.1,0.251189,0.648684,0.6,0.7,0.844244,0.8,0.9,0.0021264,3259.94,98.3639,162.997,0.01,0.95,10,10000,0.938,0.497,58,45,0.0272716,0,0.775862
2892,10000,4.9349,4.21697,5.62342,0.145713,0.1,0.251189,0.642478,0.6,0.7,0.941936,0.9,1,0.0021264,1686.18,-nan,84.3089,0.01,0.95,10,10000,0.938,0.497,30,34,0.0313745,0,1.13333
2893,10000,4.85117,4.21697,5.62342,0.152842,0.1,0.251189,0.646253,0.6,0.7,1.19801,1,1.5,0.010632,708.195,18.5459,35.4097,0.01,0.95,10,10000,0.938,0.497,63,55,0.0246681,0,0.873016
2894,10000,4.81792,4.21697,5.62342,0.15412,0.1,0.251189,0.750136,0.7,0.8,0.063101,0,0.1,0.0021264,730.677,46.8954,36.5339,0.01,0.95,10,10000,0.938,0.497,13,10,0.0578518,0,0.769231
2895,10000,4.78201,4.21697,5.62342,0.158236,0.1,0.251189,0.742479,0.7,0.8,0.143908,0.1,0.2,0.0021264,2473.06,73.0268,123.653,0.01,0.95,10,10000,0.938,0.497,44,41,0.028571,0,0.931818
2896,10000,4.85853,4.21697,5.62342,0.16015,0.1,0.251189,0.747426,0.7,0.8,0.252171,0.2,0.3,0.0021264,2922.71,74.1482,146.135,0.01,0.95,10,10000,0.938,0.497,52,52,0.0253697,0,1
2897,10000,4.86188,4.21697,5.62342,0.15276,0.1,0.251189,0.744493,0.7,0.8,0.351663,0.3,0.4,0.0021264,4046.83,104.725,202.341,0.01,0.95,10,10000,0.938,0.497,72,59,0.0238172,0,0.819444
2898,10000,4.82161,4.21697,5.62342,0.148179,0.1,0.251189,0.744325,0.7,0.8,0.441788,0.4,0.5,0.0021264,3428.56,103.227,171.428,0.01,0.95,10,10000,0.938,0.497,61,46,0.0269735,0,0.754098
2899,10000,4.9149,4.21697,5.62342,0.15866,0.1,0.251189,0.74531,0.7,0.8,0.551919,0.5,0.6,0.0021264,3147.53,85.6848,157.377,0.01,0.95,10,10000,0.938,0.497,56,50,0.0258721,0,0.892857
2900,10000,4.90409,4.21697,5.62342,0.16139,0.1,0.251189,0.743254,0.7,0.8,0.646536,0.6,0.7,0.0021264,3316.15,80.3316,165.807,0.01,0.95,10,10000,0.938,0.497,59,58,0.0240216,0,0.983051
2901,10000,4.98071,4.21697,5.62342,0.147154,0.1,0.251189,0.749313,0.7,0.8,0.752712,0.7,0.8,0.0021264,2978.91,-nan,148.946,0.01,0.95,10,10000,0.938,0.497,53,55,0.0246681,0,1.03774
2902,10000,4.78985,4.21697,5.62342,0.157826,0.1,0.251189,0.757009,0.7,0.8,0.838263,0.8,0.9,0.0021264,1742.38,67.3666,87.1192,0.01,0.95,10,10000,0.938,0.497,31,26,0.0358782,0,0.83871
2903,10000,4.88116,4.21697,5.62342,0.150369,0.1,0.251189,0.742732,0.7,0.8,0.93539,0.9,1,0.0021264,1124.12,50.8381,56.2059,0.01,0.95,10,10000,0.938,0.497,20,18,0.0431202,0,0.9
2904,10000,4.91334,4.21697,5.62342,0.142299,0.1,0.251189,0.744753,0.7,0.8,1.15959,1,1.5,0.010632,438.406,-nan,21.9203,0.01,0.95,10,10000,0.938,0.497,39,40,0.0289259,0,1.02564
2905,10000,4.71422,4.21697,5.62342,0.202982,0.1,0.251189,0.826722,0.8,0.9,0.0685811,0,0.1,0.0021264,281.03,45.9848,14.0515,0.01,0.95,10,10000,0.938,0.497,5,2,0.129361,0,0.4
2906,10000,4.78064,4.21697,5.62342,0.168846,0.1,0.251189,0.83961,0.8,0.9,0.157851,0.1,0.2,0.0021264,1967.21,89.855,98.3604,0.01,0.95,10,10000,0.938,0.497,35,22,0.0390037,0,0.628571
2907,10000,4.88347,4.21697,5.62342,0.152423,0.1,0.251189,0.838726,0.8,0.9,0.244264,0.2,0.3,0.0021264,1854.8,64.7063,92.7398,0.01,0.95,10,10000,0.938,0.497,33,30,0.0334007,0,0.909091
2908,10000,4.79849,4.21697,5.62342,0.150994,0.1,0.251189,0.831966,0.8,0.9,0.349891,0.3,0.4,0.0021264,2585.47,77.7805,129.274,0.01,0.95,10,10000,0.938,0.497,46,41,0.028571,0,0.891304
2909,10000,4.97052,4.21697,5.62342,0.15505,0.1,0.251189,0.848529,0.8,0.9,0.455958,0.4,0.5,0.0021264,2079.62,62.546,103.981,0.01,0.95,10,10000,0.938,0.497,37,37,0.0300757,0,1
2910,10000,4.90995,4.21697,5.62342,0.154035,0.1,0.251189,0.840327,0.8,0.9,0.546657,0.5,0.6,0.0021264,1573.77,-nan,78.6883,0.01,0.95,10,10000,0.938,0.497,28,31,0.0328576,0,1.10714
2911,10000,4.76333,4.21697,5.62342,0.147918,0.1,0.251189,0.844274,0.8,0.9,0.652985,0.6,0.7,0.0021264,1573.77,-nan,78.6883,0.01,0.95,10,10000,0.938,0.497,28,30,0.0334007,0,1.07143
2912,10000,4.83281,4.21697,5.62342,0.13823,0.1,0.251189,0.84162,0.8,0.9,0.758147,0.7,0.8,0.0021264,1124.12,-nan,56.2059,0.01,0.95,10,10000,0.938,0.497,20,22,0.0390037,0,1.1
2913,10000,4.944,4.21697,5.62342,0.158761,0.1,0.251189,0.841749,0.8,0.9,0.869595,0.8,0.9,0.0021264,1067.91,80.4551,53.3956,0.01,0.95,10,10000,0.938,0.497,19,9,0.0609811,0,0.473684
2914,10000,4.83167,4.21697,5.62342,0.139861,0.1,0.251189,0.861295,0.8,0.9,0.964674,0.9,1,0.0021264,730.677,50.9535,36.5339,0.01,0.95,10,10000,0.938,0.497,13,9,0.0609811,0,0.692308
2915,10000,4.75075,4.21697,5.62342,0.142781,0.1,0.251189,0.837532,0.8,0.9,1.11347,1,1.5,0.010632,157.377,9.56579,7.86883,0.01,0.95,10,10000,0.938,0.497,14,11,0.0551595,0,0.785714
2916,10000,4.88775,4.21697,5.62342,0.155239,0.1,0.251189,0.927671,0.9,1,0.0711824,0,0.1,0.0021264,168.618,-nan,8.43089,0.01,0.95,10,10000,0.938,0.497,3,4,0.0914717,0,1.33333
2917,10000,4.96151,4.21697,5.62342,0.185481,0.1,0.251189,0.946788,0.9,1,0.178134,0.1,0.2,0.0021264,56.2059,-nan,2.8103,0.01,0.95,10,10000,0.938,0.497,1,6,0.0746863,0,6
2918,10000,4.99951,4.21697,5.62342,0.188785,0.1,0.251189,0.929938,0.9,1,0.236363,0.2,0.3,0.0021264,168.618,-nan,8.43089,0.01,0.95,10,10000,0.938,0.497,3,8,0.0646803,0,2.66667
2919,10000,4.72544,4.21697,5.62342,0.127174,0.1,0.251189,0.934647,0.9,1,0.333824,0.3,0.4,0.0021264,337.236,25.1869,16.8618,0.01,0.95,10,10000,0.938,0.497,6,6,0.0746863,0,1
2920,10000,5.03955,4.21697,5.62342,0.155661,0.1,0.251189,0.933039,0.9,1,0.446902,0.4,0.5,0.0021264,562.059,32.5161,28.103,0.01,0.95,10,10000,0.938,0.497,10,10,0.0578518,0,1
2921,10000,4.77764,4.21697,5.62342,0.17786,0.1,0.251189,0.940502,0.9,1,0.551518,0.5,0.6,0.0021264,393.442,27.2049,19.6721,0.01,0.95,10,10000,0.938,0.497,7,7,0.0691461,0,1
2922,10000,4.90214,4.21697,5.62342,0.140343,0.1,0.251189,0.933281,0.9,1,0.656314,0.6,0.7,0.0021264,337.236,-nan,16.8618,0.01,0.95,10,10000,0.938,0.497,6,11,0.0551595,0,1.83333
2923,10000,4.96526,4.21697,5.62342,0.139443,0.1,0.251189,0.934946,0.9,1,0.742863,0.7,0.8,0.0021264,337.236,29.8015,16.8618,0.01,0.95,10,10000,0.938,0.497,6,5,0.0818148,0,0.833333
2924,10000,4.66722,4.21697,5.62342,0.167446,0.1,0.251189,0.932697,0.9,1,0.835962,0.8,0.9,0.0021264,168.618,-nan,8.43089,0.01,0.95,10,10000,0.938,0.497,3,4,0.0914717,0,1.33333
2925,10000,4.70309,4.21697,5.62342,0.162739,0.1,0.251189,0.929185,0.9,1,0.949974,0.9,1,0.0021264,224.824,-nan,11.2412,0.01,0.95,10,10000,0.938,0.497,4,7,0.0691461,0,1.75
2926,10000,4.83153,4.21697,5.62342,0.147524,0.1,0.251189,0.929422,0.9,1,1.09532,1,1.5,0.010632,33.7236,-nan,1.68618,0.01,0.95,10,10000,0.938,0.497,3,9,0.0609811,0,3
2927,10000,5.5311,4.21697,5.62342,0.27193,0.251189,0.630957,0.0951286,0.05,0.1,0.110839,0.1,0.2,0.00267062,44.7522,-nan,2.23761,0.01,0.95,10,10000,0.938,0.497,1,2,0.129361,0,2
2928,10000,5.49471,4.21697,5.62342,0.263821,0.251189,0.630957,0.09818,0.05,0.1,0.464506,0.4,0.5,0.00267062,0,0,0,0.01,0.95,10,10000,0.938,0.497,0,2,0.129361,0,0
2929,10000,5.46045,4.21697,5.62342,0.275739,0.251189,0.630957,0.129864,0.1,0.15,0.0258064,0,0.1,0.00267062,89.5043,11.5783,4.47522,0.01,0.95,10,10000,0.938,0.497,2,2,0.129361,0,1
2930,10000,5.45347,4.21697,5.62342,0.271568,0.251189,0.630957,0.122372,0.1,0.15,0.153143,0.1,0.2,0.00267062,447.522,39.5475,22.3761,0.01,0.95,10,10000,0.938,0.497,10,6,0.0746863,0,0.6
2931,10000,5.46138,4.21697,5.62342,0.272515,0.251189,0.630957,0.131771,0.1,0.15,0.241693,0.2,0.3,0.00267062,358.017,29.8951,17.9009,0.01,0.95,10,10000,0.938,0.497,8,6,0.0746863,0,0.75
2932,10000,5.3808,4.21697,5.62342,0.263254,0.251189,0.630957,0.133433,0.1,0.15,0.348475,0.3,0.4,0.00267062,402.769,24.5613,20.1385,0.01,0.95,10,10000,0.938,0.497,9,9,0.0609811,0,1
2933,10000,5.42927,4.21697,5.62342,0.273161,0.251189,0.630957,0.127197,0.1,0.15,0.453488,0.4,0.5,0.00267062,671.282,57.4766,33.5641,0.01,0.95,10,10000,0.938,0.497,15,7,0.0691461,0,0.466667
2934,10000,5.32317,4.21697,5.62342,0.260365,0.251189,0.630957,0.125271,0.1,0.15,0.523265,0.5,0.6,0.00267062,134.256,-nan,6.71282,0.01,0.95,10,10000,0.938,0.497,3,4,0.0914717,0,1.33333
2935,10000,5.50144,4.21697,5.62342,0.26794,0.251189,0.630957,0.133297,0.1,0.15,0.625903,0.6,0.7,0.00267062,89.5043,11.5783,4.47522,0.01,0.95,10,10000,0.938,0.497,2,2,0.129361,0,1
2936,10000,5.47824,4.21697,5.62342,0.261648,0.251189,0.630957,0.130617,0.1,0.15,0.729254,0.7,0.8,0.00267062,44.7522,8.18711,2.23761,0.01,0.95,10,10000,0.938,0.497,1,1,0.182943,0,1
2937,10000,5.60575,4.21697,5.62342,0.295975,0.251189,0.630957,0.125983,0.1,0.15,1.41857,1,1.5,0.0133531,0,0,0,0.01,0.95,10,10000,0.938,0.497,0,1,0.182943,0,0
2938,10000,5.33298,4.21697,5.62342,0.276118,0.251189,0.630957,0.173603,0.15,0.2,0.0741637,0,0.1,0.00267062,89.5043,11.5783,4.47522,0.01,0.95,10,10000,0.938,0.497,2,2,0.129361,0,1
2939,10000,5.40901,4.21697,5.62342,0.266584,0.251189,0.630957,0.17777,0.15,0.2,0.161863,0.1,0.2,0.00267062,581.778,31.8842,29.0889,0.01,0.95,10,10000,0.938,0.497,13,12,0.0528112,0,0.923077
2940,10000,5.4465,4.21697,5.62342,0.28119,0.251189,0.630957,0.175031,0.15,0.2,0.255947,0.2,0.3,0.00267062,805.539,56.0085,40.2769,0.01,0.95,10,10000,0.938,0.497,18,10,0.0578518,0,0.555556
2941,10000,5.42366,4.21697,5.62342,0.268835,0.251189,0.630957,0.172903,0.15,0.2,0.342944,0.3,0.4,0.00267062,716.035,-nan,35.8017,0.01,0.95,10,10000,0.938,0.497,16,21,0.0399215,0,1.3125
2942,10000,5.41999,4.21697,5.62342,0.258117,0.251189,0.630957,0.181999,0.15,0.2,0.447291,0.4,0.5,0.00267062,671.282,41.6732,33.5641,0.01,0.95,10,10000,0.938,0.497,15,11,0.0551595,0,0.733333
2943,10000,5.41258,4.21697,5.62342,0.266167,0.251189,0.630957,0.176686,0.15,0.2,0.542603,0.5,0.6,0.00267062,402.769,27.4604,20.1385,0.01,0.95,10,10000,0.938,0.497,9,8,0.0646803,0,0.888889
2944,10000,5.42286,4.21697,5.62342,0.274301,0.251189,0.630957,0.176887,0.15,0.2,0.638934,0.6,0.7,0.00267062,134.256,-nan,6.71282,0.01,0.95,10,10000,0.938,0.497,3,6,0.0746863,0,2
2945,10000,5.32226,4.21697,5.62342,0.268333,0.251189,0.630957,0.186082,0.15,0.2,0.744207,0.7,0.8,0.00267062,179.009,16.3742,8.95043,0.01,0.95,10,10000,0.938,0.497,4,4,0.0914717,0,1
2946,10000,5.45348,4.21697,5.62342,0.261859,0.251189,0.630957,0.186071,0.15,0.2,0.850452,0.8,0.9,0.00267062,268.513,34.735,13.4256,0.01,0.95,10,10000,0.938,0.497,6,3,0.105622,0,0.5
2947,10000,5.41508,4.21697,5.62342,0.27236,0.251189,0.630957,0.166511,0.15,0.2,0.916865,0.9,1,0.00267062,268.513,34.735,13.4256,0.01,0.95,10,10000,0.938,0.497,6,3,0.105622,0,0.5
2948,10000,5.58064,4.21697,5.62342,0.271874,0.251189,0.630957,0.170683,0.15,0.2,1.41498,1,1.5,0.0133531,53.7026,13.3025,2.68513,0.01,0.95,10,10000,0.938,0.497,6,1,0.182943,0,0.166667
2949,10000,5.43472,4.21697,5.62342,0.279004,0.251189,0.630957,0.217095,0.2,0.25,0.0666587,0,0.1,0.00267062,179.009,28.361,8.95043,0.01,0.95,10,10000,0.938,0.497,4,2,0.129361,0,0.5
2950,10000,5.35225,4.21697,5.62342,0.269551,0.251189,0.630957,0.223695,0.2,0.25,0.155649,0.1,0.2,0.00267062,581.778,-nan,29.0889,0.01,0.95,10,10000,0.938,0.497,13,16,0.0457358,0,1.23077
2951,10000,5.3606,4.21697,5.62342,0.261162,0.251189,0.630957,0.21942,0.2,0.25,0.248253,0.2,0.3,0.00267062,402.769,24.5613,20.1385,0.01,0.95,10,10000,0.938,0.497,9,9,0.0609811,0,1
2952,10000,5.37515,4.21697,5.62342,0.272281,0.251189,0.630957,0.217626,0.2,0.25,0.361316,0.3,0.4,0.00267062,492.274,39.7488,24.6137,0.01,0.95,10,10000,0.938,0.497,11,7,0.0691461,0,0.636364
2953,10000,5.42743,4.21697,5.62342,0.266297,0.251189,0.630957,0.21273,0.2,0.25,0.45548,0.4,0.5,0.00267062,402.769,30.7893,20.1385,0.01,0.95,10,10000,0.938,0.497,9,7,0.0691461,0,0.777778
2954,10000,5.49628,4.21697,5.62342,0.264606,0.251189,0.630957,0.22089,0.2,0.25,0.549754,0.5,0.6,0.00267062,581.778,40.5701,29.0889,0.01,0.95,10,10000,0.938,0.497,13,9,0.0609811,0,0.692308
2955,10000,5.42357,4.21697,5.62342,0.273932,0.251189,0.630957,0.231132,0.2,0.25,0.660043,0.6,0.7,0.00267062,358.017,23.1566,17.9009,0.01,0.95,10,10000,0.938,0.497,8,8,0.0646803,0,1
2956,10000,5.28976,4.21697,5.62342,0.268927,0.251189,0.630957,0.228452,0.2,0.25,0.724387,0.7,0.8,0.00267062,89.5043,11.5783,4.47522,0.01,0.95,10,10000,0.938,0.497,2,2,0.129361,0,1
2957,10000,5.60892,4.21697,5.62342,0.269281,0.251189,0.630957,0.211758,0.2,0.25,0.883714,0.8,0.9,0.00267062,44.7522,8.18711,2.23761,0.01,0.95,10,10000,0.938,0.497,1,1,0.182943,0,1
2958,10000,5.35245,4.21697,5.62342,0.273461,0.251189,0.630957,0.231239,0.2,0.25,0.933357,0.9,1,0.00267062,134.256,14.1805,6.71282,0.01,0.95,10,10000,0.938,0.497,3,3,0.105622,0,1
2959,10000,5.36235,4.21697,5.62342,0.262182,0.251189,0.630957,0.2127,0.2,0.25,1.30239,1,1.5,0.0133531,44.7522,4.48427,2.23761,0.01,0.95,10,10000,0.938,0.497,5,4,0.0914717,0,0.8
2960,10000,5.36598,4.21697,5.62342,0.274194,0.251189,0.630957,0.261769,0.25,0.3,0.0603817,0,0.1,0.00267062,313.265,34.2491,15.6633,0.01,0.95,10,10000,0.938,0.497,7,4,0.0914717,0,0.571429
2961,10000,5.44729,4.21697,5.62342,0.273183,0.251189,0.630957,0.269264,0.25,0.3,0.132648,0.1,0.2,0.00267062,223.761,22.4213,11.188,0.01,0.95,10,10000,0.938,0.497,5,4,0.0914717,0,0.8
2962,10000,5.38902,4.21697,5.62342,0.271011,0.251189,0.630957,0.270324,0.25,0.3,0.259645,0.2,0.3,0.00267062,402.769,-nan,20.1385,0.01,0.95,10,10000,0.938,0.497,9,10,0.0578518,0,1.11111
2963,10000,5.40599,4.21697,5.62342,0.266349,0.251189,0.630957,0.269933,0.25,0.3,0.346332,0.3,0.4,0.00267062,537.026,49.1227,26.8513,0.01,0.95,10,10000,0.938,0.497,12,6,0.0746863,0,0.5
2964,10000,5.4461,4.21697,5.62342,0.26276,0.251189,0.630957,0.269568,0.25,0.3,0.457593,0.4,0.5,0.00267062,313.265,-nan,15.6633,0.01,0.95,10,10000,0.938,0.497,7,8,0.0646803,0,1.14286
2965,10000,5.39633,4.21697,5.62342,0.268815,0.251189,0.630957,0.268036,0.25,0.3,0.54572,0.5,0.6,0.00267062,358.017,-nan,17.9009,0.01,0.95,10,10000,0.938,0.497,8,9,0.0609811,0,1.125
2966,10000,5.36961,4.21697,5.62342,0.266469,0.251189,0.630957,0.275416,0.25,0.3,0.648078,0.6,0.7,0.00267062,313.265,29.0614,15.6633,0.01,0.95,10,10000,0.938,0.497,7,5,0.0818148,0,0.714286
2967,10000,5.38613,4.21697,5.62342,0.264557,0.251189,0.630957,0.265234,0.25,0.3,0.737441,0.7,0.8,0.00267062,358.017,48.2044,17.9009,0.01,0.95,10,10000,0.938,0.497,8,3,0.105622,0,0.375
2968,10000,5.3392,4.21697,5.62342,0.269646,0.251189,0.630957,0.281379,0.25,0.3,0.828708,0.8,0.9,0.00267062,44.7522,-nan,2.23761,0.01,0.95,10,10000,0.938,0.497,1,4,0.0914717,0,4
2969,10000,5.38981,4.21697,5.62342,0.274886,0.251189,0.630957,0.277309,0.25,0.3,0.940447,0.9,1,0.00267062,134.256,-nan,6.71282,0.01,0.95,10,10000,0.938,0.497,3,4,0.0914717,0,1.33333
2970,10000,5.37396,4.21697,5.62342,0.266991,0.251189,0.630957,0.272419,0.25,0.3,1.32326,1,1.5,0.0133531,53.7026,4.01085,2.68513,0.01,0.95,10,10000,0.938,0.497,6,6,0.0746863,0,1
2971,10000,5.54265,4.21697,5.62342,0.296591,0.251189,0.630957,0.335078,0.3,0.4,0.067846,0,0.1,0.00534125,67.1282,7.09025,3.35641,0.01,0.95,10,10000,0.938,0.497,3,3,0.105622,0,1
2972,10000,5.52273,4.21697,5.62342,0.269561,0.251189,0.630957,0.352359,0.3,0.4,0.138564,0.1,0.2,0.00534125,134.256,10.0271,6.71282,0.01,0.95,10,10000,0.938,0.497,6,6,0.0746863,0,1
2973,10000,5.43477,4.21697,5.62342,0.270809,0.251189,0.630957,0.349653,0.3,0.4,0.251339,0.2,0.3,0.00534125,335.641,19.4174,16.7821,0.01,0.95,10,10000,0.938,0.497,15,12,0.0528112,0,0.8
2974,10000,5.43407,4.21697,5.62342,0.274025,0.251189,0.630957,0.343819,0.3,0.4,0.347465,0.3,0.4,0.00534125,358.017,-nan,17.9009,0.01,0.95,10,10000,0.938,0.497,16,19,0.0419701,0,1.1875
2975,10000,5.35199,4.21697,5.62342,0.269601,0.251189,0.630957,0.340466,0.3,0.4,0.44901,0.4,0.5,0.00534125,268.513,16.7786,13.4256,0.01,0.95,10,10000,0.938,0.497,12,10,0.0578518,0,0.833333
2976,10000,5.39889,4.21697,5.62342,0.267778,0.251189,0.630957,0.346371,0.3,0.4,0.543398,0.5,0.6,0.00534125,313.265,-nan,15.6633,0.01,0.95,10,10000,0.938,0.497,14,15,0.0472358,0,1.07143
2977,10000,5.35223,4.21697,5.62342,0.263193,0.251189,0.630957,0.341786,0.3,0.4,0.649134,0.6,0.7,0.00534125,134.256,-nan,6.71282,0.01,0.95,10,10000,0.938,0.497,6,7,0.0691461,0,1.16667
2978,10000,5.37093,4.21697,5.62342,0.251262,0.251189,0.630957,0.319293,0.3,0.4,0.78135,0.7,0.8,0.00534125,134.256,33.2562,6.71282,0.01,0.95,10,10000,0.938,0.497,6,1,0.182943,0,0.166667
2979,10000,5.37472,4.21697,5.62342,0.266883,0.251189,0.630957,0.35676,0.3,0.4,0.856652,0.8,0.9,0.00534125,111.88,9.15347,5.59402,0.01,0.95,10,10000,0.938,0.497,5,5,0.0818148,0,1
2980,10000,5.39158,4.21697,5.62342,0.25562,0.251189,0.630957,0.356573,0.3,0.4,0.955793,0.9,1,0.00534125,67.1282,-nan,3.35641,0.01,0.95,10,10000,0.938,0.497,3,4,0.0914717,0,1.33333
2981,10000,5.39708,4.21697,5.62342,0.264772,0.251189,0.630957,0.330159,0.3,0.4,1.27948,1,1.5,0.0267062,22.3761,1.83069,1.1188,0.01,0.95,10,10000,0.938,0.497,5,5,0.0818148,0,1
2982,10000,5.41991,4.21697,5.62342,0.263601,0.251189,0.630957,0.406122,0.4,0.5,0.0256202,0,0.1,0.00534125,111.88,18.3069,5.59402,0.01,0.95,10,10000,0.938,0.497,5,2,0.129361,0,0.4
2983,10000,5.35202,4.21697,5.62342,0.267598,0.251189,0.630957,0.446258,0.4,0.5,0.176765,0.1,0.2,0.00534125,268.513,18.3069,13.4256,0.01,0.95,10,10000,0.938,0.497,12,9,0.0609811,0,0.75
2984,10000,5.4479,4.21697,5.62342,0.266948,0.251189,0.630957,0.450777,0.4,0.5,0.241656,0.2,0.3,0.00534125,246.137,-nan,12.3068,0.01,0.95,10,10000,0.938,0.497,11,12,0.0528112,0,1.09091
2985,10000,5.38299,4.21697,5.62342,0.268305,0.251189,0.630957,0.45468,0.4,0.5,0.357591,0.3,0.4,0.00534125,201.385,12.2807,10.0692,0.01,0.95,10,10000,0.938,0.497,9,9,0.0609811,0,1
2986,10000,5.4915,4.21697,5.62342,0.281125,0.251189,0.630957,0.459472,0.4,0.5,0.440281,0.4,0.5,0.00534125,179.009,13.1286,8.95043,0.01,0.95,10,10000,0.938,0.497,8,7,0.0691461,0,0.875
2987,10000,5.40842,4.21697,5.62342,0.264,0.251189,0.630957,0.46516,0.4,0.5,0.577104,0.5,0.6,0.00534125,201.385,22.975,10.0692,0.01,0.95,10,10000,0.938,0.497,9,4,0.0914717,0,0.444444
2988,10000,5.48846,4.21697,5.62342,0.27282,0.251189,0.630957,0.41712,0.4,0.5,0.684282,0.6,0.7,0.00534125,134.256,33.2562,6.71282,0.01,0.95,10,10000,0.938,0.497,6,1,0.182943,0,0.166667
2989,10000,5.24529,4.21697,5.62342,0.260645,0.251189,0.630957,0.442768,0.4,0.5,0.752436,0.7,0.8,0.00534125,111.88,-nan,5.59402,0.01,0.95,10,10000,0.938,0.497,5,8,0.0646803,0,1.6
2990,10000,5.45166,4.21697,5.62342,0.277828,0.251189,0.630957,0.453086,0.4,0.5,0.863098,0.8,0.9,0.00534125,111.88,9.15347,5.59402,0.01,0.95,10,10000,0.938,0.497,5,5,0.0818148,0,1
2991,10000,5.42028,4.21697,5.62342,0.260488,0.251189,0.630957,0.427157,0.4,0.5,0.943732,0.9,1,0.00534125,89.5043,14.1805,4.47522,0.01,0.95,10,10000,0.938,0.497,4,2,0.129361,0,0.5
2992,10000,5.35664,4.21697,5.62342,0.260287,0.251189,0.630957,0.462706,0.4,0.5,1.13189,1,1.5,0.0267062,17.9009,2.1139,0.895043,0.01,0.95,10,10000,0.938,0.497,4,3,0.105622,0,0.75
2993,10000,5.39971,4.21697,5.62342,0.269358,0.251189,0.630957,0.538684,0.5,0.6,0.0727096,0,0.1,0.00534125,22.3761,-nan,1.1188,0.01,0.95,10,10000,0.938,0.497,1,2,0.129361,0,2
2994,10000,5.37562,4.21697,5.62342,0.275968,0.251189,0.630957,0.53904,0.5,0.6,0.146651,0.1,0.2,0.00534125,44.7522,-nan,2.23761,0.01,0.95,10,10000,0.938,0.497,2,7,0.0691461,0,3.5
2995,10000,5.40581,4.21697,5.62342,0.265268,0.251189,0.630957,0.548509,0.5,0.6,0.258968,0.2,0.3,0.00534125,111.88,-nan,5.59402,0.01,0.95,10,10000,0.938,0.497,5,6,0.0746863,0,1.2
2996,10000,5.4347,4.21697,5.62342,0.270783,0.251189,0.630957,0.557655,0.5,0.6,0.36959,0.3,0.4,0.00534125,156.633,10.8305,7.83163,0.01,0.95,10,10000,0.938,0.497,7,7,0.0691461,0,1
2997,10000,5.33093,4.21697,5.62342,0.265485,0.251189,0.630957,0.534964,0.5,0.6,0.464134,0.4,0.5,0.00534125,134.256,11.8643,6.71282,0.01,0.95,10,10000,0.938,0.497,6,5,0.0818148,0,0.833333
2998,10000,5.44823,4.21697,5.62342,0.255126,0.251189,0.630957,0.546012,0.5,0.6,0.572601,0.5,0.6,0.00534125,201.385,27.4604,10.0692,0.01,0.95,10,10000,0.938,0.497,9,3,0.105622,0,0.333333
2999,10000,5.32556,4.21697,5.62342,0.262372,0.251189,0.630957,0.537294,0.5,0.6,0.641379,0.6,0.7,0.00534125,44.7522,-nan,2.23761,0.01,0.95,10,10000,0.938,0.497,2,3,0.105622,0,1.5
3000,10000,5.4408,4.21697,5.62342,0.287983,0.251189,0.630957,0.543251,0.5,0.6,0.730988,0.7,0.8,0.00534125,67.1282,7.09025,3.35641,0.01,0.95,10,10000,0.938,0.497,3,3,0.105622,0,1
3001,10000,5.33656,4.21697,5.62342,0.26994,0.251189,0.630957,0.576189,0.5,0.6,0.827953,0.8,0.9,0.00534125,22.3761,-nan,1.1188,0.01,0.95,10,10000,0.938,0.497,1,2,0.129361,0,2
3002,10000,5.15984,4.21697,5.62342,0.263851,0.251189,0.630957,0.624782,0.6,0.7,0.152605,0.1,0.2,0.00534125,89.5043,21.6611,4.47522,0.01,0.95,10,10000,0.938,0.497,4,1,0.182943,0,0.25
3003,10000,5.58938,4.21697,5.62342,0.272194,0.251189,0.630957,0.688405,0.6,0.7,0.223421,0.2,0.3,0.00534125,44.7522,10.0271,2.23761,0.01,0.95,10,10000,0.938,0.497,2,1,0.182943,0,0.5
3004,10000,5.573,4.21697,5.62342,0.278001,0.251189,0.630957,0.639376,0.6,0.7,0.338114,0.3,0.4,0.00534125,223.761,25.8899,11.188,0.01,0.95,10,10000,0.938,0.497,10,4,0.0914717,0,0.4
3005,10000,5.36093,4.21697,5.62342,0.254785,0.251189,0.630957,0.652656,0.6,0.7,0.557576,0.5,0.6,0.00534125,44.7522,5.78916,2.23761,0.01,0.95,10,10000,0.938,0.497,2,2,0.129361,0,1
3006,10000,5.44953,4.21697,5.62342,0.270298,0.251189,0.630957,0.627012,0.6,0.7,0.674199,0.6,0.7,0.00534125,44.7522,-nan,2.23761,0.01,0.95,10,10000,0.938,0.497,2,4,0.0914717,0,2
3007,10000,5.47501,4.21697,5.62342,0.274767,0.251189,0.630957,0.647294,0.6,0.7,0.714215,0.7,0.8,0.00534125,67.1282,10.0271,3.35641,0.01,0.95,10,10000,0.938,0.497,3,2,0.129361,0,0.666667
3008,10000,5.32987,4.21697,5.62342,0.259698,0.251189,0.630957,0.653236,0.6,0.7,0.956944,0.9,1,0.00534125,0,0,0,0.01,0.95,10,10000,0.938,0.497,0,3,0.105622,0,0
3009,10000,5.60891,4.21697,5.62342,0.307642,0.251189,0.630957,0.642686,0.6,0.7,1.12627,1,1.5,0.0267062,0,0,0,0.01,0.95,10,10000,0.938,0.497,0,1,0.182943,0,0
3010,10000,5.43646,4.21697,5.62342,0.260417,0.251189,0.630957,0.737287,0.7,0.8,0.16784,0.1,0.2,0.00534125,44.7522,-nan,2.23761,0.01,0.95,10,10000,0.938,0.497,2,3,0.105622,0,1.5
3011,10000,5.06364,4.21697,5.62342,0.255989,0.251189,0.630957,0.752422,0.7,0.8,0.272109,0.2,0.3,0.00534125,22.3761,4.09356,1.1188,0.01,0.95,10,10000,0.938,0.497,1,1,0.182943,0,1
3012,10000,5.29946,4.21697,5.62342,0.266413,0.251189,0.630957,0.710552,0.7,0.8,0.322858,0.3,0.4,0.00534125,111.88,27.4604,5.59402,0.01,0.95,10,10000,0.938,0.497,5,1,0.182943,0,0.2
3013,10000,5.28148,4.21697,5.62342,0.26585,0.251189,0.630957,0.702765,0.7,0.8,0.449895,0.4,0.5,0.00534125,22.3761,4.09356,1.1188,0.01,0.95,10,10000,0.938,0.497,1,1,0.182943,0,1
3014,10000,5.41372,4.21697,5.62342,0.275252,0.251189,0.630957,0.727151,0.7,0.8,0.578247,0.5,0.6,0.00534125,44.7522,-nan,2.23761,0.01,0.95,10,10000,0.938,0.497,2,3,0.105622,0,1.5
3015,10000,5.32527,4.21697,5.62342,0.267584,0.251189,0.630957,0.727657,0.7,0.8,0.784393,0.7,0.8,0.00534125,44.7522,10.0271,2.23761,0.01,0.95,10,10000,0.938,0.497,2,1,0.182943,0,0.5
3016,10000,5.35355,4.21697,5.62342,0.274956,0.251189,0.630957,0.757775,0.7,0.8,0.968586,0.9,1,0.00534125,22.3761,4.09356,1.1188,0.01,0.95,10,10000,0.938,0.497,1,1,0.182943,0,1
3017,10000,5.32181,4.21697,5.62342,0.264244,0.251189,0.630957,0.713906,0.7,0.8,1.12831,1,1.5,0.0267062,17.9009,4.33221,0.895043,0.01,0.95,10,10000,0.938,0.497,4,1,0.182943,0,0.25
3018,10000,5.09882,4.21697,5.62342,0.253684,0.251189,0.630957,0.805322,0.8,0.9,0.110541,0.1,0.2,0.00534125,0,0,0,0.01,0.95,10,10000,0.938,0.497,0,1,0.182943,0,0
3019,10000,5.54921,4.21697,5.62342,0.303345,0.251189,0.630957,0.842656,0.8,0.9,0.285232,0.2,0.3,0.00534125,44.7522,10.0271,2.23761,0.01,0.95,10,10000,0.938,0.497,2,1,0.182943,0,0.5
3020,10000,5.24529,4.21697,5.62342,0.274971,0.251189,0.630957,0.843732,0.8,0.9,0.453356,0.4,0.5,0.00534125,22.3761,4.09356,1.1188,0.01,0.95,10,10000,0.938,0.497,1,1,0.182943,0,1
3021,10000,5.24044,4.21697,5.62342,0.251928,0.251189,0.630957,0.819162,0.8,0.9,0.663893,0.6,0.7,0.00534125,0,0,0,0.01,0.95,10,10000,0.938,0.497,0,1,0.182943,0,0
3022,10000,5.24081,4.21697,5.62342,0.259565,0.251189,0.630957,0.924342,0.9,1,0.377007,0.3,0.4,0.00534125,44.7522,10.0271,2.23761,0.01,0.95,10,10000,0.938,0.497,2,1,0.182943,0,0.5
3023,10000,5.56277,4.21697,5.62342,0.298769,0.251189,0.630957,0.979725,0.9,1,0.911112,0.9,1,0.00534125,0,0,0,0.01,0.95,10,10000,0.938,0.497,0,1,0.182943,0,0
3024,10000,5.75538,5.62342,7.49894,0.00362146,0.00251189,0.00398107,0.0879545,0.05,0.1,0.173321,0.1,0.2,1.37774e-05,329642,36864.8,16482.1,0.01,0.95,10,10000,0.938,0.497,38,5,0.0818148,0,0.131579
3025,10000,5.81302,5.62342,7.49894,0.00382615,0.00251189,0.00398107,0.0840166,0.05,0.1,0.240967,0.2,0.3,1.37774e-05,459764,33953.1,22988.2,0.01,0.95,10,10000,0.938,0.497,53,11,0.0551595,0,0.207547
3026,10000,5.80457,5.62342,7.49894,0.00379093,0.00251189,0.00398107,0.0745059,0.05,0.1,0.355336,0.3,0.4,1.37774e-05,555186,27868.1,27759.3,0.01,0.95,10,10000,0.938,0.497,64,22,0.0390037,0,0.34375
3027,10000,5.76851,5.62342,7.49894,0.00371727,0.00251189,0.00398107,0.0783376,0.05,0.1,0.462492,0.4,0.5,1.37774e-05,459764,18826.1,22988.2,0.01,0.95,10,10000,0.938,0.497,53,29,0.0339717,0,0.54717
3028,10000,5.78195,5.62342,7.49894,0.00378385,0.00251189,0.00398107,0.0788674,0.05,0.1,0.549542,0.5,0.6,1.37774e-05,433739,19969.2,21687,0.01,0.95,10,10000,0.938,0.497,50,24,0.0373432,0,0.48
3029,10000,5.80235,5.62342,7.49894,0.00369983,0.00251189,0.00398107,0.0747251,0.05,0.1,0.651264,0.6,0.7,1.37774e-05,260244,10284.9,13012.2,0.01,0.95,10,10000,0.938,0.497,30,25,0.0365887,0,0.833333
3030,10000,5.83992,5.62342,7.49894,0.00374418,0.00251189,0.00398107,0.0749211,0.05,0.1,0.736715,0.7,0.8,1.37774e-05,225544,11121.6,11277.2,0.01,0.95,10,10000,0.938,0.497,26,18,0.0431202,0,0.692308
3031,10000,5.74147,5.62342,7.49894,0.00362664,0.00251189,0.00398107,0.0730909,0.05,0.1,0.849244,0.8,0.9,1.37774e-05,147471,7820.8,7373.57,0.01,0.95,10,10000,0.938,0.497,17,14,0.0488937,0,0.823529
3032,10000,5.78137,5.62342,7.49894,0.00374505,0.00251189,0.00398107,0.0745799,0.05,0.1,0.952506,0.9,1,1.37774e-05,147471,8316.45,7373.57,0.01,0.95,10,10000,0.938,0.497,17,13,0.0507394,0,0.764706
3033,10000,5.82928,5.62342,7.49894,0.00372319,0.00251189,0.00398107,0.0758913,0.05,0.1,1.20958,1,1.5,6.88871e-05,53783.7,1947.36,2689.18,0.01,0.95,10,10000,0.938,0.497,31,28,0.0345731,0,0.903226
3034,10000,5.72891,5.62342,7.49894,0.00380817,0.00251189,0.00398107,0.127218,0.1,0.15,0.175648,0.1,0.2,1.37774e-05,190845,23538.9,9542.26,0.01,0.95,10,10000,0.938,0.497,22,4,0.0914717,0,0.181818
3035,10000,5.82058,5.62342,7.49894,0.00381346,0.00251189,0.00398107,0.119786,0.1,0.15,0.244501,0.2,0.3,1.37774e-05,451089,30277.9,22554.4,0.01,0.95,10,10000,0.938,0.497,52,13,0.0507394,0,0.25
3036,10000,5.79121,5.62342,7.49894,0.00375886,0.00251189,0.00398107,0.121582,0.1,0.15,0.35772,0.3,0.4,1.37774e-05,355666,19161.1,17783.3,0.01,0.95,10,10000,0.938,0.497,41,18,0.0431202,0,0.439024
3037,10000,5.74125,5.62342,7.49894,0.00372405,0.00251189,0.00398107,0.121806,0.1,0.15,0.449254,0.4,0.5,1.37774e-05,294943,14860.6,14747.1,0.01,0.95,10,10000,0.938,0.497,34,19,0.0419701,0,0.558824
3038,10000,5.81736,5.62342,7.49894,0.00375877,0.00251189,0.00398107,0.121384,0.1,0.15,0.552788,0.5,0.6,1.37774e-05,286268,13826,14313.4,0.01,0.95,10,10000,0.938,0.497,33,20,0.0409074,0,0.606061
3039,10000,5.81136,5.62342,7.49894,0.00371769,0.00251189,0.00398107,0.125997,0.1,0.15,0.653268,0.6,0.7,1.37774e-05,182170,9757.11,9108.52,0.01,0.95,10,10000,0.938,0.497,21,15,0.0472358,0,0.714286
3040,10000,5.78234,5.62342,7.49894,0.00372649,0.00251189,0.00398107,0.122541,0.1,0.15,0.745955,0.7,0.8,1.37774e-05,130122,7028.68,6506.09,0.01,0.95,10,10000,0.938,0.497,15,13,0.0507394,0,0.866667
3041,10000,5.79709,5.62342,7.49894,0.00373368,0.00251189,0.00398107,0.125853,0.1,0.15,0.841069,0.8,0.9,1.37774e-05,156146,7966.65,7807.31,0.01,0.95,10,10000,0.938,0.497,18,15,0.0472358,0,0.833333
3042,10000,5.74558,5.62342,7.49894,0.00373624,0.00251189,0.00398107,0.123376,0.1,0.15,0.952387,0.9,1,1.37774e-05,112772,7864.12,5638.61,0.01,0.95,10,10000,0.938,0.497,13,9,0.0609811,0,0.692308
3043,10000,5.79023,5.62342,7.49894,0.00371342,0.00251189,0.00398107,0.128925,0.1,0.15,1.22869,1,1.5,6.88871e-05,29494.3,1771.95,1474.71,0.01,0.95,10,10000,0.938,0.497,17,12,0.0528112,0,0.705882
3044,10000,5.85815,5.62342,7.49894,0.00390668,0.00251189,0.00398107,0.171848,0.15,0.2,0.164688,0.1,0.2,1.37774e-05,104097,14545,5204.87,0.01,0.95,10,10000,0.938,0.497,12,3,0.105622,0,0.25
3045,10000,5.76349,5.62342,7.49894,0.00369149,0.00251189,0.00398107,0.187701,0.15,0.2,0.247681,0.2,0.3,1.37774e-05,242894,62278.2,12144.7,0.01,0.95,10,10000,0.938,0.497,28,1,0.182943,0,0.0357143
3046,10000,5.77919,5.62342,7.49894,0.00391553,0.00251189,0.00398107,0.178777,0.15,0.2,0.350205,0.3,0.4,1.37774e-05,190845,17113.5,9542.26,0.01,0.95,10,10000,0.938,0.497,22,7,0.0691461,0,0.318182
3047,10000,5.79664,5.62342,7.49894,0.0037522,0.00251189,0.00398107,0.174235,0.15,0.2,0.453663,0.4,0.5,1.37774e-05,234219,12708.4,11711,0.01,0.95,10,10000,0.938,0.497,27,16,0.0457358,0,0.592593
3048,10000,5.78686,5.62342,7.49894,0.00383415,0.00251189,0.00398107,0.162445,0.15,0.2,0.520382,0.5,0.6,1.37774e-05,104097,9521.97,5204.87,0.01,0.95,10,10000,0.938,0.497,12,6,0.0746863,0,0.5
3049,10000,5.7082,5.62342,7.49894,0.00363568,0.00251189,0.00398107,0.174314,0.15,0.2,0.647048,0.6,0.7,1.37774e-05,121447,12735.6,6072.35,0.01,0.95,10,10000,0.938,0.497,14,5,0.0818148,0,0.357143
3050,10000,5.85477,5.62342,7.49894,0.00376667,0.00251189,0.00398107,0.16481,0.15,0.2,0.761856,0.7,0.8,1.37774e-05,112772,8582.99,5638.61,0.01,0.95,10,10000,0.938,0.497,13,8,0.0646803,0,0.615385
3051,10000,5.79895,5.62342,7.49894,0.0036917,0.00251189,0.00398107,0.170184,0.15,0.2,0.841519,0.8,0.9,1.37774e-05,121447,8627.7,6072.35,0.01,0.95,10,10000,0.938,0.497,14,9,0.0609811,0,0.642857
3052,10000,5.83519,5.62342,7.49894,0.00375131,0.00251189,0.00398107,0.175443,0.15,0.2,0.942204,0.9,1,1.37774e-05,78073.1,8906.99,3903.65,0.01,0.95,10,10000,0.938,0.497,9,4,0.0914717,0,0.444444
3053,10000,5.75936,5.62342,7.49894,0.00376098,0.00251189,0.00398107,0.174983,0.15,0.2,1.16005,1,1.5,6.88871e-05,29494.3,1564.16,1474.71,0.01,0.95,10,10000,0.938,0.497,17,14,0.0488937,0,0.823529
3054,10000,5.98693,5.62342,7.49894,0.00379597,0.00251189,0.00398107,0.219941,0.2,0.25,0.0865125,0,0.1,1.37774e-05,43373.9,7097.26,2168.7,0.01,0.95,10,10000,0.938,0.497,5,2,0.129361,0,0.4
3055,10000,5.91938,5.62342,7.49894,0.00378904,0.00251189,0.00398107,0.23948,0.2,0.25,0.145264,0.1,0.2,1.37774e-05,78073.1,10645.9,3903.65,0.01,0.95,10,10000,0.938,0.497,9,3,0.105622,0,0.333333
3056,10000,5.76817,5.62342,7.49894,0.0036331,0.00251189,0.00398107,0.224331,0.2,0.25,0.2603,0.2,0.3,1.37774e-05,121447,9388.79,6072.35,0.01,0.95,10,10000,0.938,0.497,14,8,0.0646803,0,0.571429
3057,10000,5.73759,5.62342,7.49894,0.00366316,0.00251189,0.00398107,0.2222,0.2,0.25,0.348344,0.3,0.4,1.37774e-05,164821,13395.8,8241.05,0.01,0.95,10,10000,0.938,0.497,19,8,0.0646803,0,0.421053
3058,10000,5.80678,5.62342,7.49894,0.0037827,0.00251189,0.00398107,0.228595,0.2,0.25,0.463067,0.4,0.5,1.37774e-05,156146,8955.79,7807.31,0.01,0.95,10,10000,0.938,0.497,18,13,0.0507394,0,0.722222
3059,10000,5.75023,5.62342,7.49894,0.00368628,0.00251189,0.00398107,0.230196,0.2,0.25,0.555633,0.5,0.6,1.37774e-05,69398.3,5794.89,3469.91,0.01,0.95,10,10000,0.938,0.497,8,6,0.0746863,0,0.75
3060,10000,5.75198,5.62342,7.49894,0.00369969,0.00251189,0.00398107,0.22653,0.2,0.25,0.650796,0.6,0.7,1.37774e-05,104097,5976.42,5204.87,0.01,0.95,10,10000,0.938,0.497,12,11,0.0551595,0,0.916667
3061,10000,5.85621,5.62342,7.49894,0.00381114,0.00251189,0.00398107,0.237635,0.2,0.25,0.708449,0.7,0.8,1.37774e-05,43373.9,4346.16,2168.7,0.01,0.95,10,10000,0.938,0.497,5,4,0.0914717,0,0.8
3062,10000,5.80007,5.62342,7.49894,0.0037109,0.00251189,0.00398107,0.225451,0.2,0.25,0.861458,0.8,0.9,1.37774e-05,52048.7,5497.51,2602.44,0.01,0.95,10,10000,0.938,0.497,6,4,0.0914717,0,0.666667
3063,10000,5.78596,5.62342,7.49894,0.00362224,0.00251189,0.00398107,0.216471,0.2,0.25,0.908267,0.9,1,1.37774e-05,26024.4,3887.33,1301.22,0.01,0.95,10,10000,0.938,0.497,3,2,0.129361,0,0.666667
3064,10000,5.77003,5.62342,7.49894,0.00379695,0.00251189,0.00398107,0.221491,0.2,0.25,1.17991,1,1.5,6.88871e-05,15614.6,1064.59,780.731,0.01,0.95,10,10000,0.938,0.497,9,8,0.0646803,0,0.888889
3065,10000,6.02209,5.62342,7.49894,0.00391915,0.00251189,0.00398107,0.268514,0.25,0.3,0.0512778,0,0.1,1.37774e-05,17349.6,2244.35,867.479,0.01,0.95,10,10000,0.938,0.497,2,2,0.129361,0,1
3066,10000,5.83519,5.62342,7.49894,0.0038224,0.00251189,0.00398107,0.273813,0.25,0.3,0.138458,0.1,0.2,1.37774e-05,60723.5,8040.08,3036.17,0.01,0.95,10,10000,0.938,0.497,7,3,0.105622,0,0.428571
3067,10000,5.78463,5.62342,7.49894,0.0036356,0.00251189,0.00398107,0.275458,0.25,0.3,0.2225,0.2,0.3,1.37774e-05,52048.7,4599.55,2602.44,0.01,0.95,10,10000,0.938,0.497,6,5,0.0818148,0,0.833333
3068,10000,5.84466,5.62342,7.49894,0.00377895,0.00251189,0.00398107,0.275708,0.25,0.3,0.355802,0.3,0.4,1.37774e-05,104097,8567.25,5204.87,0.01,0.95,10,10000,0.938,0.497,12,7,0.0691461,0,0.583333
3069,10000,5.75107,5.62342,7.49894,0.00364387,0.00251189,0.00398107,0.257988,0.25,0.3,0.441205,0.4,0.5,1.37774e-05,52048.7,5497.51,2602.44,0.01,0.95,10,10000,0.938,0.497,6,4,0.0914717,0,0.666667
3070,10000,5.82795,5.62342,7.49894,0.003808,0.00251189,0.00398107,0.285822,0.25,0.3,0.536226,0.5,0.6,1.37774e-05,60723.5,4848.35,3036.17,0.01,0.95,10,10000,0.938,0.497,7,6,0.0746863,0,0.857143
3071,10000,5.77373,5.62342,7.49894,0.0036511,0.00251189,0.00398107,0.286104,0.25,0.3,0.645919,0.6,0.7,1.37774e-05,69398.3,7774.65,3469.91,0.01,0.95,10,10000,0.938,0.497,8,4,0.0914717,0,0.5
3072,10000,5.78525,5.62342,7.49894,0.00365198,0.00251189,0.00398107,0.270583,0.25,0.3,0.727955,0.7,0.8,1.37774e-05,78073.1,5322.94,3903.65,0.01,0.95,10,10000,0.938,0.497,9,8,0.0646803,0,0.888889
3073,10000,5.81567,5.62342,7.49894,0.00368431,0.00251189,0.00398107,0.273816,0.25,0.3,0.850928,0.8,0.9,1.37774e-05,104097,5976.42,5204.87,0.01,0.95,10,10000,0.938,0.497,12,11,0.0551595,0,0.916667
3074,10000,5.85391,5.62342,7.49894,0.00371781,0.00251189,0.00398107,0.265355,0.25,0.3,0.940623,0.9,1,1.37774e-05,43373.9,5420.62,2168.7,0.01,0.95,10,10000,0.938,0.497,5,3,0.105622,0,0.6
3075,10000,5.75052,5.62342,7.49894,0.00370677,0.00251189,0.00398107,0.275791,0.25,0.3,1.12886,1,1.5,6.88871e-05,20819.5,1554.93,1040.97,0.01,0.95,10,10000,0.938,0.497,12,8,0.0646803,0,0.666667
3076,10000,5.76412,5.62342,7.49894,0.00373229,0.00251189,0.00398107,0.35526,0.3,0.4,0.139294,0.1,0.2,2.75548e-05,60723.5,3983.33,3036.17,0.01,0.95,10,10000,0.938,0.497,14,10,0.0578518,0,0.714286
3077,10000,5.78151,5.62342,7.49894,0.00371815,0.00251189,0.00398107,0.343045,0.3,0.4,0.243329,0.2,0.3,2.75548e-05,43373.9,2509.26,2168.7,0.01,0.95,10,10000,0.938,0.497,10,10,0.0578518,0,1
3078,10000,5.8078,5.62342,7.49894,0.00380272,0.00251189,0.00398107,0.354116,0.3,0.4,0.364147,0.3,0.4,2.75548e-05,78073.1,4760.98,3903.65,0.01,0.95,10,10000,0.938,0.497,18,12,0.0528112,0,0.666667
3079,10000,5.76326,5.62342,7.49894,0.00366975,0.00251189,0.00398107,0.345403,0.3,0.4,0.461409,0.4,0.5,2.75548e-05,39036.5,2661.47,1951.83,0.01,0.95,10,10000,0.938,0.497,9,8,0.0646803,0,0.888889
3080,10000,5.74176,5.62342,7.49894,0.00370285,0.00251189,0.00398107,0.354832,0.3,0.4,0.553984,0.5,0.6,2.75548e-05,43373.9,3073.2,2168.7,0.01,0.95,10,10000,0.938,0.497,10,8,0.0646803,0,0.8
3081,10000,5.81568,5.62342,7.49894,0.00383787,0.00251189,0.00398107,0.33815,0.3,0.4,0.647412,0.6,0.7,2.75548e-05,52048.7,3252.37,2602.44,0.01,0.95,10,10000,0.938,0.497,12,10,0.0578518,0,0.833333
3082,10000,5.79641,5.62342,7.49894,0.00372128,0.00251189,0.00398107,0.344444,0.3,0.4,0.749449,0.7,0.8,2.75548e-05,34699.1,3328.91,1734.96,0.01,0.95,10,10000,0.938,0.497,8,5,0.0818148,0,0.625
3083,10000,5.98497,5.62342,7.49894,0.0038569,0.00251189,0.00398107,0.373455,0.3,0.4,0.859104,0.8,0.9,2.75548e-05,21687,2173.08,1084.35,0.01,0.95,10,10000,0.938,0.497,5,4,0.0914717,0,0.8
3084,10000,5.76204,5.62342,7.49894,0.00379179,0.00251189,0.00398107,0.359784,0.3,0.4,0.943107,0.9,1,2.75548e-05,21687,2173.08,1084.35,0.01,0.95,10,10000,0.938,0.497,5,4,0.0914717,0,0.8
3085,10000,5.80098,5.62342,7.49894,0.00377406,0.00251189,0.00398107,0.335912,0.3,0.4,1.22128,1,1.5,0.000137774,5204.87,-nan,260.244,0.01,0.95,10,10000,0.938,0.497,6,7,0.0691461,0,1.16667
3086,10000,5.7219,5.62342,7.49894,0.00381558,0.00251189,0.00398107,0.422926,0.4,0.5,0.0354478,0,0.1,2.75548e-05,4337.39,793.497,216.87,0.01,0.95,10,10000,0.938,0.497,1,1,0.182943,0,1
3087,10000,5.80999,5.62342,7.49894,0.0036878,0.00251189,0.00398107,0.454127,0.4,0.5,0.148499,0.1,0.2,2.75548e-05,13012.2,-nan,650.609,0.01,0.95,10,10000,0.938,0.497,3,6,0.0746863,0,2
3088,10000,5.87307,5.62342,7.49894,0.00382912,0.00251189,0.00398107,0.453124,0.4,0.5,0.253703,0.2,0.3,2.75548e-05,13012.2,1943.66,650.609,0.01,0.95,10,10000,0.938,0.497,3,2,0.129361,0,0.666667
3089,10000,5.78685,5.62342,7.49894,0.00374982,0.00251189,0.00398107,0.439033,0.4,0.5,0.357408,0.3,0.4,2.75548e-05,26024.4,2299.77,1301.22,0.01,0.95,10,10000,0.938,0.497,6,5,0.0818148,0,0.833333
3090,10000,5.78971,5.62342,7.49894,0.00374129,0.00251189,0.00398107,0.448988,0.4,0.5,0.452287,0.4,0.5,2.75548e-05,8674.79,1122.17,433.739,0.01,0.95,10,10000,0.938,0.497,2,2,0.129361,0,1
3091,10000,5.83791,5.62342,7.49894,0.0037874,0.00251189,0.00398107,0.44958,0.4,0.5,0.547635,0.5,0.6,2.75548e-05,39036.5,2661.47,1951.83,0.01,0.95,10,10000,0.938,0.497,9,8,0.0646803,0,0.888889
3092,10000,5.86485,5.62342,7.49894,0.00382822,0.00251189,0.00398107,0.452986,0.4,0.5,0.664236,0.6,0.7,2.75548e-05,17349.6,2048.8,867.479,0.01,0.95,10,10000,0.938,0.497,4,3,0.105622,0,0.75
3093,10000,5.77678,5.62342,7.49894,0.00374996,0.00251189,0.00398107,0.435352,0.4,0.5,0.739904,0.7,0.8,2.75548e-05,26024.4,3366.52,1301.22,0.01,0.95,10,10000,0.938,0.497,6,3,0.105622,0,0.5
3094,10000,5.70937,5.62342,7.49894,0.00376877,0.00251189,0.00398107,0.45878,0.4,0.5,0.837905,0.8,0.9,2.75548e-05,17349.6,2748.76,867.479,0.01,0.95,10,10000,0.938,0.497,4,2,0.129361,0,0.5
3095,10000,5.74569,5.62342,7.49894,0.00392415,0.00251189,0.00398107,0.457378,0.4,0.5,0.99364,0.9,1,2.75548e-05,8674.79,1943.66,433.739,0.01,0.95,10,10000,0.938,0.497,2,1,0.182943,0,0.5
3096,10000,5.79491,5.62342,7.49894,0.00381309,0.00251189,0.00398107,0.43189,0.4,0.5,1.22211,1,1.5,0.000137774,6939.83,579.489,346.991,0.01,0.95,10,10000,0.938,0.497,8,6,0.0746863,0,0.75
3097,10000,5.68732,5.62342,7.49894,0.00356689,0.00251189,0.00398107,0.532931,0.5,0.6,0.156605,0.1,0.2,2.75548e-05,13012.2,3073.2,650.609,0.01,0.95,10,10000,0.938,0.497,3,1,0.182943,0,0.333333
3098,10000,5.68075,5.62342,7.49894,0.00396233,0.00251189,0.00398107,0.555745,0.5,0.6,0.254836,0.2,0.3,2.75548e-05,13012.2,3073.2,650.609,0.01,0.95,10,10000,0.938,0.497,3,1,0.182943,0,0.333333
3099,10000,5.69963,5.62342,7.49894,0.003695,0.00251189,0.00398107,0.561027,0.5,0.6,0.37446,0.3,0.4,2.75548e-05,21687,5322.94,1084.35,0.01,0.95,10,10000,0.938,0.497,5,1,0.182943,0,0.2
3100,10000,5.70153,5.62342,7.49894,0.00383182,0.00251189,0.00398107,0.532,0.5,0.6,0.459814,0.4,0.5,2.75548e-05,8674.79,1122.17,433.739,0.01,0.95,10,10000,0.938,0.497,2,2,0.129361,0,1
3101,10000,5.6446,5.62342,7.49894,0.00375674,0.00251189,0.00398107,0.506673,0.5,0.6,0.523486,0.5,0.6,2.75548e-05,8674.79,1943.66,433.739,0.01,0.95,10,10000,0.938,0.497,2,1,0.182943,0,0.5
3102,10000,5.80208,5.62342,7.49894,0.00381159,0.00251189,0.00398107,0.543533,0.5,0.6,0.625587,0.6,0.7,2.75548e-05,21687,2173.08,1084.35,0.01,0.95,10,10000,0.938,0.497,5,4,0.0914717,0,0.8
3103,10000,5.65969,5.62342,7.49894,0.00337777,0.00251189,0.00398107,0.576676,0.5,0.6,0.814756,0.8,0.9,2.75548e-05,8674.79,1943.66,433.739,0.01,0.95,10,10000,0.938,0.497,2,1,0.182943,0,0.5
3104,10000,5.72997,5.62342,7.49894,0.00373491,0.00251189,0.00398107,0.539292,0.5,0.6,0.961034,0.9,1,2.75548e-05,17349.6,2048.8,867.479,0.01,0.95,10,10000,0.938,0.497,4,3,0.105622,0,0.75
3105,10000,5.77066,5.62342,7.49894,0.00379528,0.00251189,0.00398107,0.540654,0.5,0.6,1.18893,1,1.5,0.000137774,3469.91,-nan,173.496,0.01,0.95,10,10000,0.938,0.497,4,5,0.0818148,0,1.25
3106,10000,5.62688,5.62342,7.49894,0.00370912,0.00251189,0.00398107,0.604037,0.6,0.7,0.348384,0.3,0.4,2.75548e-05,0,0,0,0.01,0.95,10,10000,0.938,0.497,0,1,0.182943,0,0
3107,10000,5.96828,5.62342,7.49894,0.00382648,0.00251189,0.00398107,0.614788,0.6,0.7,0.456754,0.4,0.5,2.75548e-05,13012.2,3073.2,650.609,0.01,0.95,10,10000,0.938,0.497,3,1,0.182943,0,0.333333
3108,10000,6.02984,5.62342,7.49894,0.003933,0.00251189,0.00398107,0.648509,0.6,0.7,0.530847,0.5,0.6,2.75548e-05,4337.39,793.497,216.87,0.01,0.95,10,10000,0.938,0.497,1,1,0.182943,0,1
3109,10000,5.68219,5.62342,7.49894,0.00356218,0.00251189,0.00398107,0.642308,0.6,0.7,0.792449,0.7,0.8,2.75548e-05,8674.79,1943.66,433.739,0.01,0.95,10,10000,0.938,0.497,2,1,0.182943,0,0.5
3110,10000,6.00455,5.62342,7.49894,0.0038531,0.00251189,0.00398107,0.642589,0.6,0.7,0.827079,0.8,0.9,2.75548e-05,4337.39,793.497,216.87,0.01,0.95,10,10000,0.938,0.497,1,1,0.182943,0,1
3111,10000,5.66641,5.62342,7.49894,0.00369626,0.00251189,0.00398107,0.745467,0.7,0.8,0.466162,0.4,0.5,2.75548e-05,8674.79,-nan,433.739,0.01,0.95,10,10000,0.938,0.497,2,3,0.105622,0,1.5
3112,10000,5.75058,5.62342,7.49894,0.00376634,0.00251189,0.00398107,0.792527,0.7,0.8,0.513942,0.5,0.6,2.75548e-05,4337.39,793.497,216.87,0.01,0.95,10,10000,0.938,0.497,1,1,0.182943,0,1
3113,10000,5.70954,5.62342,7.49894,0.00350198,0.00251189,0.00398107,0.742472,0.7,0.8,0.678257,0.6,0.7,2.75548e-05,4337.39,-nan,216.87,0.01,0.95,10,10000,0.938,0.497,1,2,0.129361,0,2
3114,10000,5.79162,5.62342,7.49894,0.00370601,0.00251189,0.00398107,0.766858,0.7,0.8,0.743116,0.7,0.8,2.75548e-05,8674.79,1943.66,433.739,0.01,0.95,10,10000,0.938,0.497,2,1,0.182943,0,0.5
3115,10000,5.77693,5.62342,7.49894,0.00393934,0.00251189,0.00398107,0.700858,0.7,0.8,0.900658,0.9,1,2.75548e-05,0,0,0,0.01,0.95,10,10000,0.938,0.497,0,1,0.182943,0,0
3116,10000,5.85313,5.62342,7.49894,0.00386357,0.00251189,0.00398107,0.887112,0.8,0.9,0.336387,0.3,0.4,2.75548e-05,4337.39,793.497,216.87,0.01,0.95,10,10000,0.938,0.497,1,1,0.182943,0,1
3117,10000,5.79531,5.62342,7.49894,0.00396069,0.00251189,0.00398107,0.862808,0.8,0.9,0.890976,0.8,0.9,2.75548e-05,4337.39,793.497,216.87,0.01,0.95,10,10000,0.938,0.497,1,1,0.182943,0,1
3118,10000,5.71658,5.62342,7.49894,0.00389952,0.00251189,0.00398107,0.987261,0.9,1,0.590698,0.5,0.6,2.75548e-05,4337.39,793.497,216.87,0.01,0.95,10,10000,0.938,0.497,1,1,0.182943,0,1
3119,10000,6.27521,5.62342,7.49894,0.0049999,0.00398107,0.00630957,0.0891519,0.05,0.1,0.067258,0,0.1,2.18358e-05,963319,46088.3,48166,0.01,0.95,10,10000,0.938,0.497,176,27,0.0352075,0,0.153409
3120,10000,6.33738,5.62342,7.49894,0.0052309,0.00398107,0.00630957,0.0838897,0.05,0.1,0.152783,0.1,0.2,2.18358e-05,2.44661e+06,82685.2,122331,0.01,0.95,10,10000,0.938,0.497,447,55,0.0246681,0,0.123043
3121,10000,6.36605,5.62342,7.49894,0.00528064,0.00398107,0.00630957,0.0826692,0.05,0.1,0.252138,0.2,0.3,2.18358e-05,3.22931e+06,75479.3,161465,0.01,0.95,10,10000,0.938,0.497,590,111,0.0173642,0,0.188136
3122,10000,6.30402,5.62342,7.49894,0.00519629,0.00398107,0.00630957,0.0797584,0.05,0.1,0.355755,0.3,0.4,2.18358e-05,3.44277e+06,58992.4,172139,0.01,0.95,10,10000,0.938,0.497,629,193,0.0131686,0,0.306836
3123,10000,6.23298,5.62342,7.49894,0.00511697,0.00398107,0.00630957,0.080979,0.05,0.1,0.449945,0.4,0.5,2.18358e-05,2.73123e+06,51000.5,136561,0.01,0.95,10,10000,0.938,0.497,499,161,0.014418,0,0.322645
3124,10000,6.31508,5.62342,7.49894,0.00522488,0.00398107,0.00630957,0.0754067,0.05,0.1,0.548652,0.5,0.6,2.18358e-05,2.25504e+06,37254.5,112752,0.01,0.95,10,10000,0.938,0.497,412,189,0.0133072,0,0.458738
3125,10000,6.30056,5.62342,7.49894,0.00521485,0.00398107,0.00630957,0.0735736,0.05,0.1,0.652097,0.6,0.7,2.18358e-05,2.058e+06,28799.1,102900,0.01,0.95,10,10000,0.938,0.497,376,235,0.0119339,0,0.625
3126,10000,6.24281,5.62342,7.49894,0.00513763,0.00398107,0.00630957,0.0728746,0.05,0.1,0.752308,0.7,0.8,2.18358e-05,1.47235e+06,22226.1,73617.3,0.01,0.95,10,10000,0.938,0.497,269,190,0.0132721,0,0.70632
3127,10000,6.26145,5.62342,7.49894,0.0052488,0.00398107,0.00630957,0.0750203,0.05,0.1,0.848765,0.8,0.9,2.18358e-05,996160,15686.2,49808,0.01,0.95,10,10000,0.938,0.497,182,155,0.0146944,0,0.851648
3128,10000,6.22308,5.62342,7.49894,0.00519029,0.00398107,0.00630957,0.0707825,0.05,0.1,0.946005,0.9,1,2.18358e-05,634915,12836.2,31745.7,0.01,0.95,10,10000,0.938,0.497,116,96,0.0186716,0,0.827586
3129,10000,6.32004,5.62342,7.49894,0.0051911,0.00398107,0.00630957,0.0742923,0.05,0.1,1.19364,1,1.5,0.000109179,330594,3768.72,16529.7,0.01,0.95,10,10000,0.938,0.497,302,278,0.0109722,0,0.92053
3130,10000,6.08277,5.62342,7.49894,0.00511706,0.00398107,0.00630957,0.12183,0.1,0.15,0.0623226,0,0.1,2.18358e-05,618495,19470.9,30924.7,0.01,0.95,10,10000,0.938,0.497,113,52,0.0253697,0,0.460177
3131,10000,6.21872,5.62342,7.49894,0.00542407,0.00398107,0.00630957,0.124568,0.1,0.15,0.155794,0.1,0.2,2.18358e-05,1.51613e+06,27475.7,75806.6,0.01,0.95,10,10000,0.938,0.497,277,149,0.0149873,0,0.537906
3132,10000,6.15959,5.62342,7.49894,0.00524565,0.00398107,0.00630957,0.123558,0.1,0.15,0.250948,0.2,0.3,2.18358e-05,2.04705e+06,32610.3,102353,0.01,0.95,10,10000,0.938,0.497,374,195,0.0131008,0,0.52139
3133,10000,6.218,5.62342,7.49894,0.00520915,0.00398107,0.00630957,0.123857,0.1,0.15,0.349522,0.3,0.4,2.18358e-05,2.03063e+06,29613.1,101532,0.01,0.95,10,10000,0.938,0.497,371,221,0.0123061,0,0.595687
3134,10000,6.21494,5.62342,7.49894,0.0052627,0.00398107,0.00630957,0.122469,0.1,0.15,0.447893,0.4,0.5,2.18358e-05,1.86643e+06,27437.7,93321.5,0.01,0.95,10,10000,0.938,0.497,341,213,0.0125351,0,0.624633
3135,10000,6.23029,5.62342,7.49894,0.00526658,0.00398107,0.00630957,0.122499,0.1,0.15,0.550316,0.5,0.6,2.18358e-05,1.47782e+06,23172,73891,0.01,0.95,10,10000,0.938,0.497,270,181,0.0135981,0,0.67037
3136,10000,6.30507,5.62342,7.49894,0.00521809,0.00398107,0.00630957,0.124049,0.1,0.15,0.648784,0.6,0.7,2.18358e-05,1.20962e+06,19570,60481.1,0.01,0.95,10,10000,0.938,0.497,221,162,0.0143734,0,0.733032
3137,10000,6.25944,5.62342,7.49894,0.00530519,0.00398107,0.00630957,0.121958,0.1,0.15,0.749049,0.7,0.8,2.18358e-05,952372,15445,47618.6,0.01,0.95,10,10000,0.938,0.497,174,147,0.0150889,0,0.844828
3138,10000,6.23343,5.62342,7.49894,0.00525169,0.00398107,0.00630957,0.12034,0.1,0.15,0.849401,0.8,0.9,2.18358e-05,673229,13195,33661.4,0.01,0.95,10,10000,0.938,0.497,123,102,0.0181141,0,0.829268
3139,10000,6.25745,5.62342,7.49894,0.00519248,0.00398107,0.00630957,0.122911,0.1,0.15,0.947125,0.9,1,2.18358e-05,563761,12496.7,28188,0.01,0.95,10,10000,0.938,0.497,103,82,0.0202027,0,0.796117
3140,10000,6.22179,5.62342,7.49894,0.0051344,0.00398107,0.00630957,0.122657,0.1,0.15,1.20217,1,1.5,0.000109179,274765,3606.72,13738.2,0.01,0.95,10,10000,0.938,0.497,251,219,0.0123622,0,0.87251
3141,10000,6.10682,5.62342,7.49894,0.00543273,0.00398107,0.00630957,0.174817,0.15,0.2,0.065138,0,0.1,2.18358e-05,344824,12815.4,17241.2,0.01,0.95,10,10000,0.938,0.497,63,35,0.0309231,0,0.555556
3142,10000,6.18021,5.62342,7.49894,0.00543199,0.00398107,0.00630957,0.173185,0.15,0.2,0.149569,0.1,0.2,2.18358e-05,963319,20941.5,48166,0.01,0.95,10,10000,0.938,0.497,176,101,0.0182035,0,0.573864
3143,10000,6.20008,5.62342,7.49894,0.00538729,0.00398107,0.00630957,0.1741,0.15,0.2,0.249423,0.2,0.3,2.18358e-05,1.28625e+06,24306.7,64312.5,0.01,0.95,10,10000,0.938,0.497,235,134,0.0158039,0,0.570213
3144,10000,6.19981,5.62342,7.49894,0.00525457,0.00398107,0.00630957,0.171705,0.15,0.2,0.351496,0.3,0.4,2.18358e-05,1.57634e+06,25935.8,78817,0.01,0.95,10,10000,0.938,0.497,288,173,0.0139089,0,0.600694
3145,10000,6.15133,5.62342,7.49894,0.00520024,0.00398107,0.00630957,0.173749,0.15,0.2,0.45154,0.4,0.5,2.18358e-05,1.33551e+06,25035.9,66775.5,0.01,0.95,10,10000,0.938,0.497,244,137,0.0156299,0,0.561475
3146,10000,6.25828,5.62342,7.49894,0.00538031,0.00398107,0.00630957,0.172289,0.15,0.2,0.544575,0.5,0.6,2.18358e-05,1.10563e+06,21017.8,55281.4,0.01,0.95,10,10000,0.938,0.497,202,127,0.0162336,0,0.628713
3147,10000,6.26999,5.62342,7.49894,0.00534714,0.00398107,0.00630957,0.171113,0.15,0.2,0.647932,0.6,0.7,2.18358e-05,1.01258e+06,20804.1,50629,0.01,0.95,10,10000,0.938,0.497,185,111,0.0173642,0,0.6
3148,10000,6.22647,5.62342,7.49894,0.0052806,0.00398107,0.00630957,0.174371,0.15,0.2,0.751878,0.7,0.8,2.18358e-05,727963,15750,36398.1,0.01,0.95,10,10000,0.938,0.497,133,93,0.0189703,0,0.699248
3149,10000,6.22224,5.62342,7.49894,0.00510971,0.00398107,0.00630957,0.174674,0.15,0.2,0.852532,0.8,0.9,2.18358e-05,448819,12423.3,22441,0.01,0.95,10,10000,0.938,0.497,82,57,0.0242314,0,0.695122
3150,10000,6.30792,5.62342,7.49894,0.0054064,0.00398107,0.00630957,0.172101,0.15,0.2,0.955993,0.9,1,2.18358e-05,492606,11908.1,24630.3,0.01,0.95,10,10000,0.938,0.497,90,70,0.0218659,0,0.777778
3151,10000,6.28707,5.62342,7.49894,0.00527268,0.00398107,0.00630957,0.170573,0.15,0.2,1.1901,1,1.5,0.000109179,166391,2954.59,8319.57,0.01,0.95,10,10000,0.938,0.497,152,125,0.016363,0,0.822368
3152,10000,6.27022,5.62342,7.49894,0.0054202,0.00398107,0.00630957,0.233126,0.2,0.25,0.065429,0,0.1,2.18358e-05,246303,10538.6,12315.2,0.01,0.95,10,10000,0.938,0.497,45,26,0.0358782,0,0.577778
3153,10000,6.21287,5.62342,7.49894,0.00544266,0.00398107,0.00630957,0.222012,0.2,0.25,0.153275,0.1,0.2,2.18358e-05,476186,12873.9,23809.3,0.01,0.95,10,10000,0.938,0.497,87,60,0.0236179,0,0.689655
3154,10000,6.20387,5.62342,7.49894,0.0053494,0.00398107,0.00630957,0.221079,0.2,0.25,0.251217,0.2,0.3,2.18358e-05,755330,18411.8,37766.5,0.01,0.95,10,10000,0.938,0.497,138,80,0.0204537,0,0.57971
3155,10000,6.22211,5.62342,7.49894,0.00530903,0.00398107,0.00630957,0.221564,0.2,0.25,0.344576,0.3,0.4,2.18358e-05,979739,18632.7,48987,0.01,0.95,10,10000,0.938,0.497,179,122,0.0165629,0,0.681564
3156,10000,6.16851,5.62342,7.49894,0.00516819,0.00398107,0.00630957,0.221916,0.2,0.25,0.451944,0.4,0.5,2.18358e-05,837431,18180.6,41871.5,0.01,0.95,10,10000,0.938,0.497,153,97,0.0185751,0,0.633987
3157,10000,6.29742,5.62342,7.49894,0.00531341,0.00398107,0.00630957,0.221491,0.2,0.25,0.547097,0.5,0.6,2.18358e-05,695122,17599.3,34756.1,0.01,0.95,10,10000,0.938,0.497,127,74,0.0212667,0,0.582677
3158,10000,6.15089,5.62342,7.49894,0.00503492,0.00398107,0.00630957,0.222764,0.2,0.25,0.644944,0.6,0.7,2.18358e-05,498080,12367.8,24904,0.01,0.95,10,10000,0.938,0.497,91,68,0.0221851,0,0.747253
3159,10000,6.25165,5.62342,7.49894,0.00516989,0.00398107,0.00630957,0.22115,0.2,0.25,0.748463,0.7,0.8,2.18358e-05,487133,13587.7,24356.6,0.01,0.95,10,10000,0.938,0.497,89,58,0.0240216,0,0.651685
3160,10000,6.14186,5.62342,7.49894,0.00507046,0.00398107,0.00630957,0.221911,0.2,0.25,0.857887,0.8,0.9,2.18358e-05,268197,10552.8,13409.8,0.01,0.95,10,10000,0.938,0.497,49,30,0.0334007,0,0.612245
3161,10000,6.30651,5.62342,7.49894,0.00512168,0.00398107,0.00630957,0.224767,0.2,0.25,0.948846,0.9,1,2.18358e-05,328404,10379.1,16420.2,0.01,0.95,10,10000,0.938,0.497,60,43,0.0278986,0,0.716667
3162,10000,6.22408,5.62342,7.49894,0.00525983,0.00398107,0.00630957,0.224882,0.2,0.25,1.20305,1,1.5,0.000109179,135740,3144.26,6787.02,0.01,0.95,10,10000,0.938,0.497,124,83,0.0200806,0,0.669355
3163,10000,6.26657,5.62342,7.49894,0.00522213,0.00398107,0.00630957,0.27646,0.25,0.3,0.0742037,0,0.1,2.18358e-05,142309,6203.43,7115.43,0.01,0.95,10,10000,0.938,0.497,26,21,0.0399215,0,0.807692
3164,10000,6.17279,5.62342,7.49894,0.00522784,0.00398107,0.00630957,0.273084,0.25,0.3,0.148706,0.1,0.2,2.18358e-05,295564,10192.9,14778.2,0.01,0.95,10,10000,0.938,0.497,54,37,0.0300757,0,0.685185
3165,10000,6.15885,5.62342,7.49894,0.00519369,0.00398107,0.00630957,0.272424,0.25,0.3,0.253289,0.2,0.3,2.18358e-05,476186,12094.6,23809.3,0.01,0.95,10,10000,0.938,0.497,87,65,0.0226913,0,0.747126
3166,10000,6.23558,5.62342,7.49894,0.00522996,0.00398107,0.00630957,0.274398,0.25,0.3,0.351844,0.3,0.4,2.18358e-05,695122,15771.8,34756.1,0.01,0.95,10,10000,0.938,0.497,127,86,0.0197273,0,0.677165
3167,10000,6.2225,5.62342,7.49894,0.0052804,0.00398107,0.00630957,0.275138,0.25,0.3,0.448005,0.4,0.5,2.18358e-05,651335,13169.6,32566.8,0.01,0.95,10,10000,0.938,0.497,119,97,0.0185751,0,0.815126
3168,10000,6.24984,5.62342,7.49894,0.00528006,0.00398107,0.00630957,0.275074,0.25,0.3,0.550146,0.5,0.6,2.18358e-05,536394,11327.6,26819.7,0.01,0.95,10,10000,0.938,0.497,98,85,0.019843,0,0.867347
3169,10000,6.22989,5.62342,7.49894,0.00499624,0.00398107,0.00630957,0.272988,0.25,0.3,0.649681,0.6,0.7,2.18358e-05,350298,9684.33,17514.9,0.01,0.95,10,10000,0.938,0.497,64,52,0.0253697,0,0.8125
3170,10000,6.39501,5.62342,7.49894,0.00529695,0.00398107,0.00630957,0.27535,0.25,0.3,0.746599,0.7,0.8,2.18358e-05,333878,9710.34,16693.9,0.01,0.95,10,10000,0.938,0.497,61,48,0.0264056,0,0.786885
3171,10000,6.25245,5.62342,7.49894,0.00520513,0.00398107,0.00630957,0.273153,0.25,0.3,0.84865,0.8,0.9,2.18358e-05,246303,8620.55,12315.2,0.01,0.95,10,10000,0.938,0.497,45,34,0.0313745,0,0.755556
3172,10000,6.15246,5.62342,7.49894,0.00510325,0.00398107,0.00630957,0.269042,0.25,0.3,0.950758,0.9,1,2.18358e-05,229883,8936.78,11494.1,0.01,0.95,10,10000,0.938,0.497,42,29,0.0339717,0,0.690476
3173,10000,6.23307,5.62342,7.49894,0.00519361,0.00398107,0.00630957,0.274139,0.25,0.3,1.20138,1,1.5,0.000109179,108373,2664.98,5418.67,0.01,0.95,10,10000,0.938,0.497,99,71,0.0217114,0,0.717172
3174,10000,6.16752,5.62342,7.49894,0.00529695,0.00398107,0.00630957,0.348268,0.3,0.4,0.0667766,0,0.1,4.36716e-05,79364.4,3578.78,3968.22,0.01,0.95,10,10000,0.938,0.497,29,21,0.0399215,0,0.724138
3175,10000,6.26357,5.62342,7.49894,0.00531914,0.00398107,0.00630957,0.341723,0.3,0.4,0.157165,0.1,0.2,4.36716e-05,147782,4353.17,7389.1,0.01,0.95,10,10000,0.938,0.497,54,45,0.0272716,0,0.833333
3176,10000,6.23493,5.62342,7.49894,0.00512442,0.00398107,0.00630957,0.33995,0.3,0.4,0.24229,0.2,0.3,4.36716e-05,229883,4870.41,11494.1,0.01,0.95,10,10000,0.938,0.497,84,79,0.0205827,0,0.940476
3177,10000,6.20226,5.62342,7.49894,0.00525867,0.00398107,0.00630957,0.340945,0.3,0.4,0.347922,0.3,0.4,4.36716e-05,298301,6353.13,14915,0.01,0.95,10,10000,0.938,0.497,109,88,0.0195018,0,0.807339
3178,10000,6.21746,5.62342,7.49894,0.00522368,0.00398107,0.00630957,0.346875,0.3,0.4,0.447761,0.4,0.5,4.36716e-05,273670,6068.41,13683.5,0.01,0.95,10,10000,0.938,0.497,100,81,0.020327,0,0.81
3179,10000,6.30928,5.62342,7.49894,0.00524585,0.00398107,0.00630957,0.344589,0.3,0.4,0.547343,0.5,0.6,4.36716e-05,276407,5447.24,13820.3,0.01,0.95,10,10000,0.938,0.497,101,93,0.0189703,0,0.920792
3180,10000,6.25615,5.62342,7.49894,0.00514993,0.00398107,0.00630957,0.350667,0.3,0.4,0.649613,0.6,0.7,4.36716e-05,268197,5783.06,13409.8,0.01,0.95,10,10000,0.938,0.497,98,83,0.0200806,0,0.846939
3181,10000,6.23127,5.62342,7.49894,0.0051673,0.00398107,0.00630957,0.342904,0.3,0.4,0.749842,0.7,0.8,4.36716e-05,229883,5776.25,11494.1,0.01,0.95,10,10000,0.938,0.497,84,65,0.0226913,0,0.77381
3182,10000,6.25035,5.62342,7.49894,0.00506913,0.00398107,0.00630957,0.346623,0.3,0.4,0.843648,0.8,0.9,4.36716e-05,186096,4646.54,9304.79,0.01,0.95,10,10000,0.938,0.497,68,60,0.0236179,0,0.882353
3183,10000,6.33533,5.62342,7.49894,0.00523395,0.00398107,0.00630957,0.349283,0.3,0.4,0.947752,0.9,1,4.36716e-05,131362,4193.44,6568.08,0.01,0.95,10,10000,0.938,0.497,48,39,0.0292944,0,0.8125
3184,10000,6.29014,5.62342,7.49894,0.00532569,0.00398107,0.00630957,0.344768,0.3,0.4,1.20357,1,1.5,0.000218358,72248.9,1319.64,3612.45,0.01,0.95,10,10000,0.938,0.497,132,114,0.0171342,0,0.863636
3185,10000,6.09737,5.62342,7.49894,0.00496404,0.00398107,0.00630957,0.445728,0.4,0.5,0.0622173,0,0.1,4.36716e-05,51997.3,2702.34,2599.87,0.01,0.95,10,10000,0.938,0.497,19,15,0.0472358,0,0.789474
3186,10000,6.1908,5.62342,7.49894,0.00494479,0.00398107,0.00630957,0.451971,0.4,0.5,0.156614,0.1,0.2,4.36716e-05,79364.4,3448.92,3968.22,0.01,0.95,10,10000,0.938,0.497,29,22,0.0390037,0,0.758621
3187,10000,6.14806,5.62342,7.49894,0.00511463,0.00398107,0.00630957,0.445397,0.4,0.5,0.260745,0.2,0.3,4.36716e-05,95784.6,3322.23,4789.23,0.01,0.95,10,10000,0.938,0.497,35,31,0.0328576,0,0.885714
3188,10000,6.09519,5.62342,7.49894,0.00528673,0.00398107,0.00630957,0.438315,0.4,0.5,0.347538,0.3,0.4,4.36716e-05,106731,3291.3,5336.57,0.01,0.95,10,10000,0.938,0.497,39,37,0.0300757,0,0.948718
3189,10000,6.15821,5.62342,7.49894,0.00499272,0.00398107,0.00630957,0.4431,0.4,0.5,0.450296,0.4,0.5,4.36716e-05,117678,3963.05,5883.91,0.01,0.95,10,10000,0.938,0.497,43,35,0.0309231,0,0.813953
3190,10000,6.19822,5.62342,7.49894,0.00524784,0.00398107,0.00630957,0.443475,0.4,0.5,0.550222,0.5,0.6,4.36716e-05,180622,4888.4,9031.12,0.01,0.95,10,10000,0.938,0.497,66,54,0.0248954,0,0.818182
3191,10000,6.11539,5.62342,7.49894,0.00523003,0.00398107,0.00630957,0.450007,0.4,0.5,0.650387,0.6,0.7,4.36716e-05,131362,4285.36,6568.08,0.01,0.95,10,10000,0.938,0.497,48,38,0.0296773,0,0.791667
3192,10000,6.24949,5.62342,7.49894,0.0053367,0.00398107,0.00630957,0.449577,0.4,0.5,0.744547,0.7,0.8,4.36716e-05,90311.2,3683.18,4515.56,0.01,0.95,10,10000,0.938,0.497,33,25,0.0365887,0,0.757576
3193,10000,6.18433,5.62342,7.49894,0.00504266,0.00398107,0.00630957,0.45474,0.4,0.5,0.851962,0.8,0.9,4.36716e-05,87574.5,3656.32,4378.72,0.01,0.95,10,10000,0.938,0.497,32,24,0.0373432,0,0.75
3194,10000,6.23926,5.62342,7.49894,0.00520192,0.00398107,0.00630957,0.44597,0.4,0.5,0.943236,0.9,1,4.36716e-05,79364.4,3097.63,3968.22,0.01,0.95,10,10000,0.938,0.497,29,25,0.0365887,0,0.862069
3195,10000,6.21683,5.62342,7.49894,0.00534952,0.00398107,0.00630957,0.449324,0.4,0.5,1.18395,1,1.5,0.000218358,33935.1,927.758,1696.76,0.01,0.95,10,10000,0.938,0.497,62,52,0.0253697,0,0.83871
3196,10000,6.45955,5.62342,7.49894,0.00536897,0.00398107,0.00630957,0.541651,0.5,0.6,0.0609993,0,0.1,4.36716e-05,21893.6,1828.16,1094.68,0.01,0.95,10,10000,0.938,0.497,8,6,0.0746863,0,0.75
3197,10000,6.23223,5.62342,7.49894,0.00537635,0.00398107,0.00630957,0.534071,0.5,0.6,0.149136,0.1,0.2,4.36716e-05,32840.4,2452.73,1642.02,0.01,0.95,10,10000,0.938,0.497,12,8,0.0646803,0,0.666667
3198,10000,6.23463,5.62342,7.49894,0.00531069,0.00398107,0.00630957,0.541716,0.5,0.6,0.252522,0.2,0.3,4.36716e-05,41050.5,3514.83,2052.53,0.01,0.95,10,10000,0.938,0.497,15,7,0.0691461,0,0.466667
3199,10000,6.30117,5.62342,7.49894,0.00539923,0.00398107,0.00630957,0.538816,0.5,0.6,0.345953,0.3,0.4,4.36716e-05,65680.8,3030.21,3284.04,0.01,0.95,10,10000,0.938,0.497,24,19,0.0419701,0,0.791667
3200,10000,6.10616,5.62342,7.49894,0.00531396,0.00398107,0.00630957,0.556607,0.5,0.6,0.444197,0.4,0.5,4.36716e-05,54734,2475.34,2736.7,0.01,0.95,10,10000,0.938,0.497,20,18,0.0431202,0,0.9
3201,10000,6.27127,5.62342,7.49894,0.00494516,0.00398107,0.00630957,0.542932,0.5,0.6,0.556022,0.5,0.6,4.36716e-05,46523.9,2623.65,2326.2,0.01,0.95,10,10000,0.938,0.497,17,13,0.0507394,0,0.764706
3202,10000,6.21254,5.62342,7.49894,0.00548731,0.00398107,0.00630957,0.545836,0.5,0.6,0.642205,0.6,0.7,4.36716e-05,79364.4,3448.92,3968.22,0.01,0.95,10,10000,0.938,0.497,29,22,0.0390037,0,0.758621
3203,10000,6.06389,5.62342,7.49894,0.00516795,0.00398107,0.00630957,0.555847,0.5,0.6,0.742153,0.7,0.8,4.36716e-05,46523.9,2467.29,2326.2,0.01,0.95,10,10000,0.938,0.497,17,14,0.0488937,0,0.823529
3204,10000,6.41757,5.62342,7.49894,0.00520132,0.00398107,0.00630957,0.542896,0.5,0.6,0.848911,0.8,0.9,4.36716e-05,24630.3,-nan,1231.52,0.01,0.95,10,10000,0.938,0.497,9,10,0.0578518,0,1.11111
3205,10000,6.20508,5.62342,7.49894,0.00487351,0.00398107,0.00630957,0.544199,0.5,0.6,0.955221,0.9,1,4.36716e-05,35577.1,2480.96,1778.86,0.01,0.95,10,10000,0.938,0.497,13,9,0.0609811,0,0.692308
3206,10000,6.27092,5.62342,7.49894,0.00529274,0.00398107,0.00630957,0.550454,0.5,0.6,1.2132,1,1.5,0.000218358,17514.9,603.015,875.745,0.01,0.95,10,10000,0.938,0.497,32,30,0.0334007,0,0.9375
3207,10000,6.37751,5.62342,7.49894,0.00555547,0.00398107,0.00630957,0.644901,0.6,0.7,0.151608,0.1,0.2,4.36716e-05,13683.5,1371.12,684.176,0.01,0.95,10,10000,0.938,0.497,5,4,0.0914717,0,0.8
3208,10000,6.03513,5.62342,7.49894,0.00489451,0.00398107,0.00630957,0.688877,0.6,0.7,0.295055,0.2,0.3,4.36716e-05,5473.4,708.042,273.67,0.01,0.95,10,10000,0.938,0.497,2,2,0.129361,0,1
3209,10000,6.45059,5.62342,7.49894,0.00507147,0.00398107,0.00630957,0.618926,0.6,0.7,0.357706,0.3,0.4,4.36716e-05,24630.3,2421.88,1231.52,0.01,0.95,10,10000,0.938,0.497,9,5,0.0818148,0,0.555556
3210,10000,6.02477,5.62342,7.49894,0.00498876,0.00398107,0.00630957,0.646477,0.6,0.7,0.427436,0.4,0.5,4.36716e-05,30103.7,2430.73,1505.19,0.01,0.95,10,10000,0.938,0.497,11,7,0.0691461,0,0.636364
3211,10000,6.4819,5.62342,7.49894,0.00557006,0.00398107,0.00630957,0.658334,0.6,0.7,0.545093,0.5,0.6,4.36716e-05,24630.3,2124.13,1231.52,0.01,0.95,10,10000,0.938,0.497,9,6,0.0746863,0,0.666667
3212,10000,6.25758,5.62342,7.49894,0.00528767,0.00398107,0.00630957,0.635154,0.6,0.7,0.653333,0.6,0.7,4.36716e-05,27367,1583.23,1368.35,0.01,0.95,10,10000,0.938,0.497,10,10,0.0578518,0,1
3213,10000,6.40348,5.62342,7.49894,0.00513291,0.00398107,0.00630957,0.645359,0.6,0.7,0.752433,0.7,0.8,4.36716e-05,35577.1,2707.74,1778.86,0.01,0.95,10,10000,0.938,0.497,13,8,0.0646803,0,0.615385
3214,10000,6.00623,5.62342,7.49894,0.00512866,0.00398107,0.00630957,0.639579,0.6,0.7,0.840668,0.8,0.9,4.36716e-05,27367,2418.43,1368.35,0.01,0.95,10,10000,0.938,0.497,10,6,0.0746863,0,0.6
3215,10000,6.19719,5.62342,7.49894,0.00489132,0.00398107,0.00630957,0.64012,0.6,0.7,0.965299,0.9,1,4.36716e-05,32840.4,3003.97,1642.02,0.01,0.95,10,10000,0.938,0.497,12,6,0.0746863,0,0.5
3216,10000,6.24229,5.62342,7.49894,0.00531169,0.00398107,0.00630957,0.641298,0.6,0.7,1.22567,1,1.5,0.000218358,10399.5,511.802,519.973,0.01,0.95,10,10000,0.938,0.497,19,16,0.0457358,0,0.842105
3217,10000,5.95389,5.62342,7.49894,0.00622224,0.00398107,0.00630957,0.762187,0.7,0.8,0.0493118,0,0.1,4.36716e-05,2736.7,500.662,136.835,0.01,0.95,10,10000,0.938,0.497,1,1,0.182943,0,1
3218,10000,6.44714,5.62342,7.49894,0.00522713,0.00398107,0.00630957,0.747717,0.7,0.8,0.162733,0.1,0.2,4.36716e-05,8210.11,867.171,410.505,0.01,0.95,10,10000,0.938,0.497,3,3,0.105622,0,1
3219,10000,6.19487,5.62342,7.49894,0.00545161,0.00398107,0.00630957,0.742389,0.7,0.8,0.253528,0.2,0.3,4.36716e-05,10946.8,1001.32,547.34,0.01,0.95,10,10000,0.938,0.497,4,4,0.0914717,0,1
3220,10000,6.07057,5.62342,7.49894,0.00502234,0.00398107,0.00630957,0.734484,0.7,0.8,0.345508,0.3,0.4,4.36716e-05,21893.6,1605.69,1094.68,0.01,0.95,10,10000,0.938,0.497,8,7,0.0691461,0,0.875
3221,10000,6.13875,5.62342,7.49894,0.00545033,0.00398107,0.00630957,0.738887,0.7,0.8,0.450811,0.4,0.5,4.36716e-05,16420.2,1226.37,821.011,0.01,0.95,10,10000,0.938,0.497,6,6,0.0746863,0,1
3222,10000,5.72529,5.62342,7.49894,0.00419496,0.00398107,0.00630957,0.79123,0.7,0.8,0.533323,0.5,0.6,4.36716e-05,10946.8,1734.34,547.34,0.01,0.95,10,10000,0.938,0.497,4,2,0.129361,0,0.5
3223,10000,6.4603,5.62342,7.49894,0.00493374,0.00398107,0.00630957,0.731479,0.7,0.8,0.643645,0.6,0.7,4.36716e-05,13683.5,1371.12,684.176,0.01,0.95,10,10000,0.938,0.497,5,4,0.0914717,0,0.8
3224,10000,5.96853,5.62342,7.49894,0.00561849,0.00398107,0.00630957,0.741766,0.7,0.8,0.770917,0.7,0.8,4.36716e-05,13683.5,1371.12,684.176,0.01,0.95,10,10000,0.938,0.497,5,4,0.0914717,0,0.8
3225,10000,6.09609,5.62342,7.49894,0.00514985,0.00398107,0.00630957,0.728763,0.7,0.8,0.823721,0.8,0.9,4.36716e-05,10946.8,1292.7,547.34,0.01,0.95,10,10000,0.938,0.497,4,3,0.105622,0,0.75
3226,10000,5.98987,5.62342,7.49894,0.00455701,0.00398107,0.00630957,0.72952,0.7,0.8,0.931767,0.9,1,4.36716e-05,5473.4,708.042,273.67,0.01,0.95,10,10000,0.938,0.497,2,2,0.129361,0,1
3227,10000,6.61094,5.62342,7.49894,0.00561898,0.00398107,0.00630957,0.733007,0.7,0.8,1.32141,1,1.5,0.000218358,4378.72,365.632,218.936,0.01,0.95,10,10000,0.938,0.497,8,6,0.0746863,0,0.75
3228,10000,6.64004,5.62342,7.49894,0.00569482,0.00398107,0.00630957,0.835992,0.8,0.9,0.150082,0.1,0.2,4.36716e-05,2736.7,-nan,136.835,0.01,0.95,10,10000,0.938,0.497,1,2,0.129361,0,2
3229,10000,6.24646,5.62342,7.49894,0.00458613,0.00398107,0.00630957,0.815819,0.8,0.9,0.254276,0.2,0.3,4.36716e-05,5473.4,-nan,273.67,0.01,0.95,10,10000,0.938,0.497,2,3,0.105622,0,1.5
3230,10000,5.81478,5.62342,7.49894,0.00615945,0.00398107,0.00630957,0.85255,0.8,0.9,0.325893,0.3,0.4,4.36716e-05,5473.4,1226.37,273.67,0.01,0.95,10,10000,0.938,0.497,2,1,0.182943,0,0.5
3231,10000,5.98476,5.62342,7.49894,0.00486428,0.00398107,0.00630957,0.856951,0.8,0.9,0.516089,0.5,0.6,4.36716e-05,8210.11,1226.37,410.505,0.01,0.95,10,10000,0.938,0.497,3,2,0.129361,0,0.666667
3232,10000,5.85942,5.62342,7.49894,0.00502569,0.00398107,0.00630957,0.853379,0.8,0.9,0.643656,0.6,0.7,4.36716e-05,10946.8,1292.7,547.34,0.01,0.95,10,10000,0.938,0.497,4,3,0.105622,0,0.75
3233,10000,7.01559,5.62342,7.49894,0.00581377,0.00398107,0.00630957,0.89984,0.8,0.9,0.730742,0.7,0.8,4.36716e-05,10946.8,2649.25,547.34,0.01,0.95,10,10000,0.938,0.497,4,1,0.182943,0,0.25
3234,10000,6.33079,5.62342,7.49894,0.00525918,0.00398107,0.00630957,0.825695,0.8,0.9,1.40862,1,1.5,0.000218358,2189.36,258.541,109.468,0.01,0.95,10,10000,0.938,0.497,4,3,0.105622,0,0.75
3235,10000,6.50781,5.62342,7.49894,0.00518195,0.00398107,0.00630957,0.931418,0.9,1,0.119851,0.1,0.2,4.36716e-05,2736.7,500.662,136.835,0.01,0.95,10,10000,0.938,0.497,1,1,0.182943,0,1
3236,10000,5.96599,5.62342,7.49894,0.00415206,0.00398107,0.00630957,0.956289,0.9,1,0.369273,0.3,0.4,4.36716e-05,5473.4,1226.37,273.67,0.01,0.95,10,10000,0.938,0.497,2,1,0.182943,0,0.5
3237,10000,5.85245,5.62342,7.49894,0.00565286,0.00398107,0.00630957,0.942362,0.9,1,0.497333,0.4,0.5,4.36716e-05,0,0,0,0.01,0.95,10,10000,0.938,0.497,0,1,0.182943,0,0
3238,10000,6.43072,5.62342,7.49894,0.00549149,0.00398107,0.00630957,0.917647,0.9,1,0.530373,0.5,0.6,4.36716e-05,8210.11,1226.37,410.505,0.01,0.95,10,10000,0.938,0.497,3,2,0.129361,0,0.666667
3239,10000,6.25192,5.62342,7.49894,0.00452076,0.00398107,0.00630957,0.925122,0.9,1,0.6325,0.6,0.7,4.36716e-05,2736.7,500.662,136.835,0.01,0.95,10,10000,0.938,0.497,1,1,0.182943,0,1
3240,10000,6.67711,5.62342,7.49894,0.00499744,0.00398107,0.00630957,0.945758,0.9,1,0.94005,0.9,1,4.36716e-05,2736.7,500.662,136.835,0.01,0.95,10,10000,0.938,0.497,1,1,0.182943,0,1
3241,10000,6.4847,5.62342,7.49894,0.00806177,0.00630957,0.01,0.075486,0.05,0.1,0.0616688,0,0.1,3.46075e-05,711417,33581,35570.8,0.01,0.95,10,10000,0.938,0.497,206,28,0.0345731,0,0.135922
3242,10000,6.44802,5.62342,7.49894,0.00794945,0.00630957,0.01,0.0756565,0.05,0.1,0.153623,0.1,0.2,3.46075e-05,2.14116e+06,68571.9,107058,0.01,0.95,10,10000,0.938,0.497,620,62,0.0232338,0,0.1
3243,10000,6.44563,5.62342,7.49894,0.00825434,0.00630957,0.01,0.0785653,0.05,0.1,0.25709,0.2,0.3,3.46075e-05,2.62119e+06,52957.1,131060,0.01,0.95,10,10000,0.938,0.497,759,148,0.0150379,0,0.194993
3244,10000,6.36912,5.62342,7.49894,0.00826785,0.00630957,0.01,0.0748887,0.05,0.1,0.351081,0.3,0.4,3.46075e-05,2.59011e+06,41080.4,129505,0.01,0.95,10,10000,0.938,0.497,750,226,0.0121692,0,0.301333
3245,10000,6.45272,5.62342,7.49894,0.00810571,0.00630957,0.01,0.0747372,0.05,0.1,0.447465,0.4,0.5,3.46075e-05,2.33801e+06,34376.2,116900,0.01,0.95,10,10000,0.938,0.497,677,252,0.0115244,0,0.37223
3246,10000,6.46643,5.62342,7.49894,0.00798312,0.00630957,0.01,0.0715545,0.05,0.1,0.54898,0.5,0.6,3.46075e-05,1.95812e+06,26846.4,97906.1,0.01,0.95,10,10000,0.938,0.497,567,271,0.011113,0,0.477954
3247,10000,6.37953,5.62342,7.49894,0.00795829,0.00630957,0.01,0.0726962,0.05,0.1,0.650086,0.6,0.7,3.46075e-05,1.58169e+06,21887.8,79084.7,0.01,0.95,10,10000,0.938,0.497,458,253,0.0115016,0,0.552402
3248,10000,6.42446,5.62342,7.49894,0.00801758,0.00630957,0.01,0.0737277,0.05,0.1,0.749688,0.7,0.8,3.46075e-05,1.26052e+06,18141.4,63026,0.01,0.95,10,10000,0.938,0.497,365,224,0.0122234,0,0.613699
3249,10000,6.41843,5.62342,7.49894,0.00780704,0.00630957,0.01,0.0712862,0.05,0.1,0.850255,0.8,0.9,3.46075e-05,801207,12198.1,40060.4,0.01,0.95,10,10000,0.938,0.497,232,178,0.0137122,0,0.767241
3250,10000,6.46663,5.62342,7.49894,0.00791524,0.00630957,0.01,0.0736411,0.05,0.1,0.951125,0.9,1,3.46075e-05,583638,10134,29181.9,0.01,0.95,10,10000,0.938,0.497,169,134,0.0158039,0,0.792899
3251,10000,6.45332,5.62342,7.49894,0.00804167,0.00630957,0.01,0.0735643,0.05,0.1,1.18669,1,1.5,0.000173037,279732,3051.24,13986.6,0.01,0.95,10,10000,0.938,0.497,405,332,0.0100403,0,0.819753
3252,10000,6.5227,5.62342,7.49894,0.00786198,0.00630957,0.01,0.126412,0.1,0.15,0.0652227,0,0.1,3.46075e-05,480034,11224.1,24001.7,0.01,0.95,10,10000,0.938,0.497,139,85,0.019843,0,0.611511
3253,10000,6.49547,5.62342,7.49894,0.00789474,0.00630957,0.01,0.125916,0.1,0.15,0.156985,0.1,0.2,3.46075e-05,1.24325e+06,19130.3,62162.6,0.01,0.95,10,10000,0.938,0.497,360,203,0.0128401,0,0.563889
3254,10000,6.4344,5.62342,7.49894,0.00799067,0.00630957,0.01,0.125595,0.1,0.15,0.25158,0.2,0.3,3.46075e-05,1.54716e+06,20914.8,77357.9,0.01,0.95,10,10000,0.938,0.497,448,260,0.0113457,0,0.580357
3255,10000,6.48083,5.62342,7.49894,0.00801952,0.00630957,0.01,0.125959,0.1,0.15,0.348544,0.3,0.4,3.46075e-05,1.782e+06,24415.9,89099.8,0.01,0.95,10,10000,0.938,0.497,516,265,0.0112381,0,0.513566
3256,10000,6.42549,5.62342,7.49894,0.00797245,0.00630957,0.01,0.125878,0.1,0.15,0.448382,0.4,0.5,3.46075e-05,1.40902e+06,21472,70451,0.01,0.95,10,10000,0.938,0.497,408,213,0.0125351,0,0.522059
3257,10000,6.5067,5.62342,7.49894,0.00794162,0.00630957,0.01,0.12474,0.1,0.15,0.549532,0.5,0.6,3.46075e-05,1.25016e+06,17729.7,62508,0.01,0.95,10,10000,0.938,0.497,362,228,0.0121157,0,0.629834
3258,10000,6.53152,5.62342,7.49894,0.00785396,0.00630957,0.01,0.123876,0.1,0.15,0.651091,0.6,0.7,3.46075e-05,1.02568e+06,16126,51284.2,0.01,0.95,10,10000,0.938,0.497,297,186,0.0134141,0,0.626263
3259,10000,6.50805,5.62342,7.49894,0.00793114,0.00630957,0.01,0.12305,0.1,0.15,0.74841,0.7,0.8,3.46075e-05,742498,12656.9,37124.9,0.01,0.95,10,10000,0.938,0.497,215,150,0.0149373,0,0.697674
3260,10000,6.47626,5.62342,7.49894,0.00790208,0.00630957,0.01,0.124395,0.1,0.15,0.850634,0.8,0.9,3.46075e-05,600905,10405.1,30045.3,0.01,0.95,10,10000,0.938,0.497,174,136,0.0156873,0,0.781609
3261,10000,6.48692,5.62342,7.49894,0.00809449,0.00630957,0.01,0.1221,0.1,0.15,0.950848,0.9,1,3.46075e-05,480034,9345.31,24001.7,0.01,0.95,10,10000,0.938,0.497,139,108,0.0176037,0,0.776978
3262,10000,6.41585,5.62342,7.49894,0.00792788,0.00630957,0.01,0.122489,0.1,0.15,1.19759,1,1.5,0.000173037,186488,2438.06,9324.39,0.01,0.95,10,10000,0.938,0.497,270,227,0.0121424,0,0.840741
3263,10000,6.46069,5.62342,7.49894,0.00796267,0.00630957,0.01,0.172525,0.15,0.2,0.0695344,0,0.1,3.46075e-05,252104,6195.89,12605.2,0.01,0.95,10,10000,0.938,0.497,73,63,0.0230487,0,0.863014
3264,10000,6.43877,5.62342,7.49894,0.00802062,0.00630957,0.01,0.174343,0.15,0.2,0.151391,0.1,0.2,3.46075e-05,839195,12134.8,41959.8,0.01,0.95,10,10000,0.938,0.497,243,193,0.0131686,0,0.794239
3265,10000,6.44859,5.62342,7.49894,0.00798132,0.00630957,0.01,0.172511,0.15,0.2,0.24938,0.2,0.3,3.46075e-05,1.15692e+06,14893.1,57845.8,0.01,0.95,10,10000,0.938,0.497,335,252,0.0115244,0,0.752239
3266,10000,6.38123,5.62342,7.49894,0.00799802,0.00630957,0.01,0.175473,0.15,0.2,0.348894,0.3,0.4,3.46075e-05,925532,12021.2,46276.6,0.01,0.95,10,10000,0.938,0.497,268,228,0.0121157,0,0.850746
3267,10000,6.44645,5.62342,7.49894,0.00815371,0.00630957,0.01,0.174385,0.15,0.2,0.447638,0.4,0.5,3.46075e-05,1.08785e+06,15148.6,54392.3,0.01,0.95,10,10000,0.938,0.497,315,223,0.0122508,0,0.707937
3268,10000,6.39614,5.62342,7.49894,0.00799026,0.00630957,0.01,0.175414,0.15,0.2,0.552345,0.5,0.6,3.46075e-05,925532,13246.9,46276.6,0.01,0.95,10,10000,0.938,0.497,268,203,0.0128401,0,0.757463
3269,10000,6.36597,5.62342,7.49894,0.00808115,0.00630957,0.01,0.172998,0.15,0.2,0.650857,0.6,0.7,3.46075e-05,808114,12280.2,40405.7,0.01,0.95,10,10000,0.938,0.497,234,179,0.0136738,0,0.764957
3270,10000,6.47713,5.62342,7.49894,0.00786527,0.00630957,0.01,0.172283,0.15,0.2,0.745477,0.7,0.8,3.46075e-05,545650,10867.7,27282.5,0.01,0.95,10,10000,0.938,0.497,158,110,0.017443,0,0.696203
3271,10000,6.3519,5.62342,7.49894,0.00788643,0.00630957,0.01,0.174159,0.15,0.2,0.846609,0.8,0.9,3.46075e-05,424778,9643.39,21238.9,0.01,0.95,10,10000,0.938,0.497,123,85,0.019843,0,0.691057
3272,10000,6.47789,5.62342,7.49894,0.00812643,0.00630957,0.01,0.170315,0.15,0.2,0.944949,0.9,1,3.46075e-05,341894,7476.76,17094.7,0.01,0.95,10,10000,0.938,0.497,99,82,0.0202027,0,0.828283
3273,10000,6.43084,5.62342,7.49894,0.0080334,0.00630957,0.01,0.172661,0.15,0.2,1.20147,1,1.5,0.000173037,129160,2135.24,6458.01,0.01,0.95,10,10000,0.938,0.497,187,148,0.0150379,0,0.791444
3274,10000,6.3457,5.62342,7.49894,0.00835722,0.00630957,0.01,0.22276,0.2,0.25,0.0587104,0,0.1,3.46075e-05,186488,5599.3,9324.39,0.01,0.95,10,10000,0.938,0.497,54,44,0.0275798,0,0.814815
3275,10000,6.36857,5.62342,7.49894,0.0079159,0.00630957,0.01,0.223584,0.2,0.25,0.157364,0.1,0.2,3.46075e-05,528382,9340.5,26419.1,0.01,0.95,10,10000,0.938,0.497,153,126,0.0162979,0,0.823529
3276,10000,6.30323,5.62342,7.49894,0.00808908,0.00630957,0.01,0.221979,0.2,0.25,0.249818,0.2,0.3,3.46075e-05,649254,10231.2,32462.7,0.01,0.95,10,10000,0.938,0.497,188,157,0.0146005,0,0.835106
3277,10000,6.36182,5.62342,7.49894,0.0080082,0.00630957,0.01,0.223514,0.2,0.25,0.349923,0.3,0.4,3.46075e-05,728684,10589.7,36434.2,0.01,0.95,10,10000,0.938,0.497,211,181,0.0135981,0,0.85782
3278,10000,6.39644,5.62342,7.49894,0.00808694,0.00630957,0.01,0.222503,0.2,0.25,0.45653,0.4,0.5,3.46075e-05,687242,11100.6,34362.1,0.01,0.95,10,10000,0.938,0.497,199,156,0.0146472,0,0.78392
3279,10000,6.3392,5.62342,7.49894,0.00804212,0.00630957,0.01,0.222886,0.2,0.25,0.551831,0.5,0.6,3.46075e-05,635440,10936.7,31772,0.01,0.95,10,10000,0.938,0.497,184,140,0.0154615,0,0.76087
3280,10000,6.33368,5.62342,7.49894,0.00795618,0.00630957,0.01,0.221955,0.2,0.25,0.648794,0.6,0.7,3.46075e-05,452406,9354.45,22620.3,0.01,0.95,10,10000,0.938,0.497,131,98,0.0184801,0,0.748092
3281,10000,6.43369,5.62342,7.49894,0.00813684,0.00630957,0.01,0.224188,0.2,0.25,0.751291,0.7,0.8,3.46075e-05,424778,9557.34,21238.9,0.01,0.95,10,10000,0.938,0.497,123,86,0.0197273,0,0.699187
3282,10000,6.53662,5.62342,7.49894,0.00809641,0.00630957,0.01,0.221544,0.2,0.25,0.846212,0.8,0.9,3.46075e-05,283185,7838.54,14159.3,0.01,0.95,10,10000,0.938,0.497,82,57,0.0242314,0,0.695122
3283,10000,6.41508,5.62342,7.49894,0.00807805,0.00630957,0.01,0.227308,0.2,0.25,0.951566,0.9,1,3.46075e-05,221023,6312.85,11051.1,0.01,0.95,10,10000,0.938,0.497,64,50,0.0258721,0,0.78125
3284,10000,6.37171,5.62342,7.49894,0.00807296,0.00630957,0.01,0.222277,0.2,0.25,1.195,1,1.5,0.000173037,116037,2285.51,5801.84,0.01,0.95,10,10000,0.938,0.497,168,114,0.0171342,0,0.678571
3285,10000,6.40688,5.62342,7.49894,0.00810063,0.00630957,0.01,0.27588,0.25,0.3,0.0665078,0,0.1,3.46075e-05,120872,4192.36,6043.59,0.01,0.95,10,10000,0.938,0.497,35,31,0.0328576,0,0.885714
3286,10000,6.38546,5.62342,7.49894,0.00830827,0.00630957,0.01,0.272979,0.25,0.3,0.147494,0.1,0.2,3.46075e-05,310813,7091.84,15540.7,0.01,0.95,10,10000,0.938,0.497,90,75,0.0211245,0,0.833333
3287,10000,6.42904,5.62342,7.49894,0.00811034,0.00630957,0.01,0.272469,0.25,0.3,0.254023,0.2,0.3,3.46075e-05,331534,7483.66,16576.7,0.01,0.95,10,10000,0.938,0.497,96,78,0.0207143,0,0.8125
3288,10000,6.36562,5.62342,7.49894,0.00800548,0.00630957,0.01,0.272336,0.25,0.3,0.349762,0.3,0.4,3.46075e-05,507661,9031.87,25383.1,0.01,0.95,10,10000,0.938,0.497,147,123,0.0164955,0,0.836735
3289,10000,6.4617,5.62342,7.49894,0.00793984,0.00630957,0.01,0.273864,0.25,0.3,0.451316,0.4,0.5,3.46075e-05,376429,7647.16,18821.5,0.01,0.95,10,10000,0.938,0.497,109,93,0.0189703,0,0.853211
3290,10000,6.42842,5.62342,7.49894,0.00826728,0.00630957,0.01,0.272424,0.25,0.3,0.545003,0.5,0.6,3.46075e-05,469673,8109.3,23483.7,0.01,0.95,10,10000,0.938,0.497,136,123,0.0164955,0,0.904412
3291,10000,6.42908,5.62342,7.49894,0.00808234,0.00630957,0.01,0.275554,0.25,0.3,0.647076,0.6,0.7,3.46075e-05,407510,8144.06,20375.5,0.01,0.95,10,10000,0.938,0.497,118,98,0.0184801,0,0.830508
3292,10000,6.39094,5.62342,7.49894,0.00812153,0.00630957,0.01,0.272861,0.25,0.3,0.743746,0.7,0.8,3.46075e-05,262464,6820.22,13123.2,0.01,0.95,10,10000,0.938,0.497,76,60,0.0236179,0,0.789474
3293,10000,6.34218,5.62342,7.49894,0.00789042,0.00630957,0.01,0.276841,0.25,0.3,0.844624,0.8,0.9,3.46075e-05,234837,6420.04,11741.8,0.01,0.95,10,10000,0.938,0.497,68,54,0.0248954,0,0.794118
3294,10000,6.46244,5.62342,7.49894,0.00799554,0.00630957,0.01,0.274021,0.25,0.3,0.946348,0.9,1,3.46075e-05,234837,6519.72,11741.8,0.01,0.95,10,10000,0.938,0.497,68,53,0.0251292,0,0.779412
3295,10000,6.52694,5.62342,7.49894,0.00810497,0.00630957,0.01,0.275173,0.25,0.3,1.20507,1,1.5,0.000173037,96006.7,2018.99,4800.34,0.01,0.95,10,10000,0.938,0.497,139,98,0.0184801,0,0.705036
3296,10000,6.74562,5.62342,7.49894,0.00756751,0.00630957,0.01,0.340446,0.3,0.4,0.0627017,0,0.1,6.92149e-05,43168.5,1711.32,2158.42,0.01,0.95,10,10000,0.938,0.497,25,23,0.0381463,0,0.92
3297,10000,6.39827,5.62342,7.49894,0.00805579,0.00630957,0.01,0.344862,0.3,0.4,0.155891,0.1,0.2,6.92149e-05,134686,3092.37,6734.28,0.01,0.95,10,10000,0.938,0.497,78,70,0.0218659,0,0.897436
3298,10000,6.32868,5.62342,7.49894,0.00802924,0.00630957,0.01,0.340497,0.3,0.4,0.249002,0.2,0.3,6.92149e-05,198575,3794.87,9928.75,0.01,0.95,10,10000,0.938,0.497,115,102,0.0181141,0,0.886957
3299,10000,6.35944,5.62342,7.49894,0.00817414,0.00630957,0.01,0.342732,0.3,0.4,0.351478,0.3,0.4,6.92149e-05,243470,4203.86,12173.5,0.01,0.95,10,10000,0.938,0.497,141,125,0.016363,0,0.886525
3300,10000,6.385,5.62342,7.49894,0.00808032,0.00630957,0.01,0.339885,0.3,0.4,0.453573,0.4,0.5,6.92149e-05,246924,4287.16,12346.2,0.01,0.95,10,10000,0.938,0.497,143,125,0.016363,0,0.874126
3301,10000,6.35837,5.62342,7.49894,0.00801391,0.00630957,0.01,0.344997,0.3,0.4,0.54866,0.5,0.6,6.92149e-05,224476,4239.26,11223.8,0.01,0.95,10,10000,0.938,0.497,130,109,0.0175228,0,0.838462
3302,10000,6.32651,5.62342,7.49894,0.0079334,0.00630957,0.01,0.347759,0.3,0.4,0.650848,0.6,0.7,6.92149e-05,215842,4289.74,10792.1,0.01,0.95,10,10000,0.938,0.497,125,101,0.0182035,0,0.808
3303,10000,6.3916,5.62342,7.49894,0.00827274,0.00630957,0.01,0.342763,0.3,0.4,0.740112,0.7,0.8,6.92149e-05,181308,3737.73,9065.38,0.01,0.95,10,10000,0.938,0.497,105,90,0.0192839,0,0.857143
3304,10000,6.34362,5.62342,7.49894,0.00804721,0.00630957,0.01,0.34571,0.3,0.4,0.844051,0.8,0.9,6.92149e-05,155407,3670.37,7770.33,0.01,0.95,10,10000,0.938,0.497,90,72,0.0215601,0,0.8
3305,10000,6.29642,5.62342,7.49894,0.00822655,0.00630957,0.01,0.345229,0.3,0.4,0.947872,0.9,1,6.92149e-05,124325,3263.96,6216.26,0.01,0.95,10,10000,0.938,0.497,72,58,0.0240216,0,0.805556
3306,10000,6.37882,5.62342,7.49894,0.00799304,0.00630957,0.01,0.345194,0.3,0.4,1.21035,1,1.5,0.000346075,52492.9,957.918,2624.64,0.01,0.95,10,10000,0.938,0.497,152,121,0.0166312,0,0.796053
3307,10000,6.44607,5.62342,7.49894,0.0082939,0.00630957,0.01,0.447922,0.4,0.5,0.0696959,0,0.1,6.92149e-05,29354.6,1556.75,1467.73,0.01,0.95,10,10000,0.938,0.497,17,14,0.0488937,0,0.823529
3308,10000,6.31897,5.62342,7.49894,0.00817325,0.00630957,0.01,0.44322,0.4,0.5,0.153957,0.1,0.2,6.92149e-05,67342.8,2244.21,3367.14,0.01,0.95,10,10000,0.938,0.497,39,34,0.0313745,0,0.871795
3309,10000,6.50024,5.62342,7.49894,0.00824721,0.00630957,0.01,0.446675,0.4,0.5,0.255742,0.2,0.3,6.92149e-05,82883.5,2534.86,4144.17,0.01,0.95,10,10000,0.938,0.497,48,41,0.028571,0,0.854167
3310,10000,6.52277,5.62342,7.49894,0.00806081,0.00630957,0.01,0.442252,0.4,0.5,0.353846,0.3,0.4,6.92149e-05,108785,3250.71,5439.23,0.01,0.95,10,10000,0.938,0.497,63,47,0.026685,0,0.746032
3311,10000,6.32427,5.62342,7.49894,0.00808571,0.00630957,0.01,0.440732,0.4,0.5,0.449726,0.4,0.5,6.92149e-05,96697.4,2729.65,4834.87,0.01,0.95,10,10000,0.938,0.497,56,48,0.0264056,0,0.857143
3312,10000,6.30286,5.62342,7.49894,0.00806181,0.00630957,0.01,0.446684,0.4,0.5,0.547557,0.5,0.6,6.92149e-05,100151,3077.5,5007.54,0.01,0.95,10,10000,0.938,0.497,58,44,0.0275798,0,0.758621
3313,10000,6.56638,5.62342,7.49894,0.00801247,0.00630957,0.01,0.440477,0.4,0.5,0.64426,0.6,0.7,6.92149e-05,86337,2571.77,4316.85,0.01,0.95,10,10000,0.938,0.497,50,43,0.0278986,0,0.86
3314,10000,6.46225,5.62342,7.49894,0.00812723,0.00630957,0.01,0.444906,0.4,0.5,0.740539,0.7,0.8,6.92149e-05,84610.2,2607.28,4230.51,0.01,0.95,10,10000,0.938,0.497,49,41,0.028571,0,0.836735
3315,10000,6.48922,5.62342,7.49894,0.00809606,0.00630957,0.01,0.451032,0.4,0.5,0.855144,0.8,0.9,6.92149e-05,75976.5,2460.11,3798.83,0.01,0.95,10,10000,0.938,0.497,44,37,0.0300757,0,0.840909
3316,10000,6.40676,5.62342,7.49894,0.00803432,0.00630957,0.01,0.441882,0.4,0.5,0.943776,0.9,1,6.92149e-05,56982.4,2481.25,2849.12,0.01,0.95,10,10000,0.938,0.497,33,23,0.0381463,0,0.69697
3317,10000,6.34704,5.62342,7.49894,0.0081464,0.00630957,0.01,0.449369,0.4,0.5,1.17827,1,1.5,0.000346075,35916.2,730.571,1795.81,0.01,0.95,10,10000,0.938,0.497,104,91,0.0191777,0,0.875
3318,10000,6.60113,5.62342,7.49894,0.00855342,0.00630957,0.01,0.538417,0.5,0.6,0.077659,0,0.1,6.92149e-05,8633.7,-nan,431.685,0.01,0.95,10,10000,0.938,0.497,5,6,0.0746863,0,1.2
3319,10000,6.21157,5.62342,7.49894,0.00810903,0.00630957,0.01,0.541283,0.5,0.6,0.168876,0.1,0.2,6.92149e-05,27627.8,1527.6,1381.39,0.01,0.95,10,10000,0.938,0.497,16,13,0.0507394,0,0.8125
3320,10000,6.57564,5.62342,7.49894,0.00751174,0.00630957,0.01,0.558329,0.5,0.6,0.248111,0.2,0.3,6.92149e-05,46622,2057.66,2331.1,0.01,0.95,10,10000,0.938,0.497,27,21,0.0399215,0,0.777778
3321,10000,6.32352,5.62342,7.49894,0.00820967,0.00630957,0.01,0.544235,0.5,0.6,0.355608,0.3,0.4,6.92149e-05,53528.9,2002.52,2676.45,0.01,0.95,10,10000,0.938,0.497,31,27,0.0352075,0,0.870968
3322,10000,6.41337,5.62342,7.49894,0.00782746,0.00630957,0.01,0.538594,0.5,0.6,0.450455,0.4,0.5,6.92149e-05,70796.3,2343.96,3539.82,0.01,0.95,10,10000,0.938,0.497,41,35,0.0309231,0,0.853659
3323,10000,6.1928,5.62342,7.49894,0.00798194,0.00630957,0.01,0.542445,0.5,0.6,0.552493,0.5,0.6,6.92149e-05,58709.1,2136.07,2935.46,0.01,0.95,10,10000,0.938,0.497,34,29,0.0339717,0,0.852941
3324,10000,6.31537,5.62342,7.49894,0.00791198,0.00630957,0.01,0.549193,0.5,0.6,0.649199,0.6,0.7,6.92149e-05,58709.1,2136.07,2935.46,0.01,0.95,10,10000,0.938,0.497,34,29,0.0339717,0,0.852941
3325,10000,6.44877,5.62342,7.49894,0.00796906,0.00630957,0.01,0.554877,0.5,0.6,0.751601,0.7,0.8,6.92149e-05,43168.5,2200.62,2158.42,0.01,0.95,10,10000,0.938,0.497,25,17,0.0443703,0,0.68
3326,10000,6.32799,5.62342,7.49894,0.00797328,0.00630957,0.01,0.553265,0.5,0.6,0.839114,0.8,0.9,6.92149e-05,39715,1727.35,1985.75,0.01,0.95,10,10000,0.938,0.497,23,20,0.0409074,0,0.869565
3327,10000,6.46322,5.62342,7.49894,0.00775711,0.00630957,0.01,0.554932,0.5,0.6,0.955077,0.9,1,6.92149e-05,31081.3,1680.07,1554.07,0.01,0.95,10,10000,0.938,0.497,18,14,0.0488937,0,0.777778
3328,10000,6.46532,5.62342,7.49894,0.00785198,0.00630957,0.01,0.542652,0.5,0.6,1.20994,1,1.5,0.000346075,13813.9,441.752,690.696,0.01,0.95,10,10000,0.938,0.497,40,36,0.0304906,0,0.9
3329,10000,5.70609,5.62342,7.49894,0.00836734,0.00630957,0.01,0.61325,0.6,0.7,0.0631102,0,0.1,6.92149e-05,3453.48,446.744,172.674,0.01,0.95,10,10000,0.938,0.497,2,2,0.129361,0,1
3330,10000,6.21414,5.62342,7.49894,0.00853935,0.00630957,0.01,0.648949,0.6,0.7,0.155478,0.1,0.2,6.92149e-05,10360.4,915.552,518.022,0.01,0.95,10,10000,0.938,0.497,6,5,0.0818148,0,0.833333
3331,10000,6.34454,5.62342,7.49894,0.00742235,0.00630957,0.01,0.643356,0.6,0.7,0.250966,0.2,0.3,6.92149e-05,12087.2,1121.32,604.359,0.01,0.95,10,10000,0.938,0.497,7,5,0.0818148,0,0.714286
3332,10000,6.3087,5.62342,7.49894,0.00784921,0.00630957,0.01,0.646277,0.6,0.7,0.35908,0.3,0.4,6.92149e-05,32808,1376.96,1640.4,0.01,0.95,10,10000,0.938,0.497,19,19,0.0419701,0,1
3333,10000,6.43517,5.62342,7.49894,0.00820926,0.00630957,0.01,0.631418,0.6,0.7,0.454441,0.4,0.5,6.92149e-05,32808,1705.06,1640.4,0.01,0.95,10,10000,0.938,0.497,19,15,0.0472358,0,0.789474
3334,10000,6.47046,5.62342,7.49894,0.00826937,0.00630957,0.01,0.649065,0.6,0.7,0.566296,0.5,0.6,6.92149e-05,18994.1,1147.71,949.707,0.01,0.95,10,10000,0.938,0.497,11,10,0.0578518,0,0.909091
3335,10000,6.21068,5.62342,7.49894,0.00795085,0.00630957,0.01,0.634518,0.6,0.7,0.645539,0.6,0.7,6.92149e-05,22447.6,1330.04,1122.38,0.01,0.95,10,10000,0.938,0.497,13,11,0.0551595,0,0.846154
3336,10000,6.36218,5.62342,7.49894,0.00856667,0.00630957,0.01,0.640034,0.6,0.7,0.747445,0.7,0.8,6.92149e-05,24174.4,1717.37,1208.72,0.01,0.95,10,10000,0.938,0.497,14,9,0.0609811,0,0.642857
3337,10000,6.27444,5.62342,7.49894,0.00731265,0.00630957,0.01,0.656628,0.6,0.7,0.851013,0.8,0.9,6.92149e-05,17267.4,1525.92,863.37,0.01,0.95,10,10000,0.938,0.497,10,6,0.0746863,0,0.6
3338,10000,6.25105,5.62342,7.49894,0.00811602,0.00630957,0.01,0.651457,0.6,0.7,0.95173,0.9,1,6.92149e-05,15540.7,1059.55,777.033,0.01,0.95,10,10000,0.938,0.497,9,8,0.0646803,0,0.888889
3339,10000,6.43519,5.62342,7.49894,0.00823742,0.00630957,0.01,0.64377,0.6,0.7,1.22558,1,1.5,0.000346075,10360.4,382.569,518.022,0.01,0.95,10,10000,0.938,0.497,30,27,0.0352075,0,0.9
3340,10000,6.26199,5.62342,7.49894,0.00893479,0.00630957,0.01,0.771949,0.7,0.8,0.0816637,0,0.1,6.92149e-05,5180.22,773.783,259.011,0.01,0.95,10,10000,0.938,0.497,3,2,0.129361,0,0.666667
3341,10000,6.1798,5.62342,7.49894,0.00843759,0.00630957,0.01,0.759419,0.7,0.8,0.185454,0.1,0.2,6.92149e-05,5180.22,547.147,259.011,0.01,0.95,10,10000,0.938,0.497,3,3,0.105622,0,1
3342,10000,6.50397,5.62342,7.49894,0.00885841,0.00630957,0.01,0.724691,0.7,0.8,0.21552,0.2,0.3,6.92149e-05,5180.22,773.783,259.011,0.01,0.95,10,10000,0.938,0.497,3,2,0.129361,0,0.666667
3343,10000,6.31339,5.62342,7.49894,0.00769112,0.00630957,0.01,0.717148,0.7,0.8,0.339948,0.3,0.4,6.92149e-05,12087.2,1121.32,604.359,0.01,0.95,10,10000,0.938,0.497,7,5,0.0818148,0,0.714286
3344,10000,6.0973,5.62342,7.49894,0.00768961,0.00630957,0.01,0.743388,0.7,0.8,0.445238,0.4,0.5,6.92149e-05,10360.4,915.552,518.022,0.01,0.95,10,10000,0.938,0.497,6,5,0.0818148,0,0.833333
3345,10000,6.0945,5.62342,7.49894,0.00811807,0.00630957,0.01,0.748111,0.7,0.8,0.525924,0.5,0.6,6.92149e-05,8633.7,706.364,431.685,0.01,0.95,10,10000,0.938,0.497,5,5,0.0818148,0,1
3346,10000,6.57385,5.62342,7.49894,0.00783031,0.00630957,0.01,0.752905,0.7,0.8,0.649834,0.6,0.7,6.92149e-05,13813.9,893.488,690.696,0.01,0.95,10,10000,0.938,0.497,8,8,0.0646803,0,1
3347,10000,6.46389,5.62342,7.49894,0.00794136,0.00630957,0.01,0.746338,0.7,0.8,0.746433,0.7,0.8,6.92149e-05,22447.6,1330.04,1122.38,0.01,0.95,10,10000,0.938,0.497,13,11,0.0551595,0,0.846154
3348,10000,6.268,5.62342,7.49894,0.00756706,0.00630957,0.01,0.749058,0.7,0.8,0.847243,0.8,0.9,6.92149e-05,8633.7,865.116,431.685,0.01,0.95,10,10000,0.938,0.497,5,4,0.0914717,0,0.8
3349,10000,6.60609,5.62342,7.49894,0.00804109,0.00630957,0.01,0.718714,0.7,0.8,0.961947,0.9,1,6.92149e-05,8633.7,865.116,431.685,0.01,0.95,10,10000,0.938,0.497,5,4,0.0914717,0,0.8
3350,10000,6.17717,5.62342,7.49894,0.00820006,0.00630957,0.01,0.750267,0.7,0.8,1.19945,1,1.5,0.000346075,7943,377.903,397.15,0.01,0.95,10,10000,0.938,0.497,23,18,0.0431202,0,0.782609
3351,10000,6.688,5.62342,7.49894,0.00875141,0.00630957,0.01,0.835968,0.8,0.9,0.0742676,0,0.1,6.92149e-05,6906.96,1094.29,345.348,0.01,0.95,10,10000,0.938,0.497,4,2,0.129361,0,0.5
3352,10000,5.7403,5.62342,7.49894,0.0091745,0.00630957,0.01,0.846152,0.8,0.9,0.158147,0.1,0.2,6.92149e-05,3453.48,446.744,172.674,0.01,0.95,10,10000,0.938,0.497,2,2,0.129361,0,1
3353,10000,6.06777,5.62342,7.49894,0.00840805,0.00630957,0.01,0.846415,0.8,0.9,0.26289,0.2,0.3,6.92149e-05,8633.7,865.116,431.685,0.01,0.95,10,10000,0.938,0.497,5,4,0.0914717,0,0.8
3354,10000,6.14546,5.62342,7.49894,0.00756867,0.00630957,0.01,0.847249,0.8,0.9,0.341084,0.3,0.4,6.92149e-05,5180.22,773.783,259.011,0.01,0.95,10,10000,0.938,0.497,3,2,0.129361,0,0.666667
3355,10000,6.26053,5.62342,7.49894,0.00874268,0.00630957,0.01,0.829694,0.8,0.9,0.540922,0.5,0.6,6.92149e-05,5180.22,547.147,259.011,0.01,0.95,10,10000,0.938,0.497,3,3,0.105622,0,1
3356,10000,6.35578,5.62342,7.49894,0.00772543,0.00630957,0.01,0.837683,0.8,0.9,0.611861,0.6,0.7,6.92149e-05,5180.22,547.147,259.011,0.01,0.95,10,10000,0.938,0.497,3,3,0.105622,0,1
3357,10000,6.35396,5.62342,7.49894,0.00827792,0.00630957,0.01,0.88697,0.8,0.9,0.76734,0.7,0.8,6.92149e-05,3453.48,446.744,172.674,0.01,0.95,10,10000,0.938,0.497,2,2,0.129361,0,1
3358,10000,6.81873,5.62342,7.49894,0.00801693,0.00630957,0.01,0.873461,0.8,0.9,0.863061,0.8,0.9,6.92149e-05,1726.74,-nan,86.337,0.01,0.95,10,10000,0.938,0.497,1,2,0.129361,0,2
3359,10000,6.30794,5.62342,7.49894,0.00780071,0.00630957,0.01,0.838114,0.8,0.9,1.28686,1,1.5,0.000346075,3453.48,244.692,172.674,0.01,0.95,10,10000,0.938,0.497,10,8,0.0646803,0,0.8
3360,10000,5.89867,5.62342,7.49894,0.00930717,0.00630957,0.01,0.939253,0.9,1,0.342374,0.3,0.4,6.92149e-05,6906.96,815.639,345.348,0.01,0.95,10,10000,0.938,0.497,4,3,0.105622,0,0.75
3361,10000,6.42939,5.62342,7.49894,0.00855133,0.00630957,0.01,0.971046,0.9,1,0.425876,0.4,0.5,6.92149e-05,5180.22,773.783,259.011,0.01,0.95,10,10000,0.938,0.497,3,2,0.129361,0,0.666667
3362,10000,6.25343,5.62342,7.49894,0.00832667,0.00630957,0.01,0.943662,0.9,1,0.546453,0.5,0.6,6.92149e-05,6906.96,631.791,345.348,0.01,0.95,10,10000,0.938,0.497,4,4,0.0914717,0,1
3363,10000,5.70948,5.62342,7.49894,0.00687439,0.00630957,0.01,0.956388,0.9,1,0.617288,0.6,0.7,6.92149e-05,1726.74,315.896,86.337,0.01,0.95,10,10000,0.938,0.497,1,1,0.182943,0,1
3364,10000,6.03775,5.62342,7.49894,0.00855863,0.00630957,0.01,0.955522,0.9,1,1.29071,1,1.5,0.000346075,1726.74,215.798,86.337,0.01,0.95,10,10000,0.938,0.497,5,3,0.105622,0,0.6
3365,10000,6.35987,5.62342,7.49894,0.0126902,0.01,0.0158489,0.0719374,0.05,0.1,0.0664425,0,0.1,5.48488e-05,562185,22393,28109.3,0.01,0.95,10,10000,0.938,0.497,258,39,0.0292944,0,0.151163
3366,10000,6.25202,5.62342,7.49894,0.0132488,0.01,0.0158489,0.0786185,0.05,0.1,0.15516,0.1,0.2,5.48488e-05,1.30741e+06,26235.9,65370.4,0.01,0.95,10,10000,0.938,0.497,600,146,0.0151405,0,0.243333
3367,10000,6.2942,5.62342,7.49894,0.012816,0.01,0.0158489,0.0739908,0.05,0.1,0.253284,0.2,0.3,5.48488e-05,1.62118e+06,24611.9,81059.2,0.01,0.95,10,10000,0.938,0.497,744,243,0.0117358,0,0.326613
3368,10000,6.3204,5.62342,7.49894,0.012826,0.01,0.0158489,0.0732844,0.05,0.1,0.34999,0.3,0.4,5.48488e-05,1.70617e+06,22498.1,85308.3,0.01,0.95,10,10000,0.938,0.497,783,309,0.0104073,0,0.394636
3369,10000,6.37798,5.62342,7.49894,0.0126988,0.01,0.0158489,0.0737702,0.05,0.1,0.448052,0.4,0.5,5.48488e-05,1.46212e+06,17317.4,73105.8,0.01,0.95,10,10000,0.938,0.497,671,352,0.00975092,0,0.52459
3370,10000,6.37684,5.62342,7.49894,0.0126736,0.01,0.0158489,0.0715655,0.05,0.1,0.548283,0.5,0.6,5.48488e-05,1.23114e+06,15868.8,61557.1,0.01,0.95,10,10000,0.938,0.497,565,297,0.0106155,0,0.525664
3371,10000,6.42172,5.62342,7.49894,0.0126646,0.01,0.0158489,0.0743967,0.05,0.1,0.64989,0.6,0.7,5.48488e-05,960944,12983.4,48047.2,0.01,0.95,10,10000,0.938,0.497,441,259,0.0113675,0,0.587302
3372,10000,6.37491,5.62342,7.49894,0.0126882,0.01,0.0158489,0.0708636,0.05,0.1,0.748498,0.7,0.8,5.48488e-05,736506,10239.3,36825.3,0.01,0.95,10,10000,0.938,0.497,338,229,0.0120892,0,0.677515
3373,10000,6.35827,5.62342,7.49894,0.0128229,0.01,0.0158489,0.073678,0.05,0.1,0.847797,0.8,0.9,5.48488e-05,551290,8720.3,27564.5,0.01,0.95,10,10000,0.938,0.497,253,175,0.0138292,0,0.6917
3374,10000,6.47406,5.62342,7.49894,0.0128707,0.01,0.0158489,0.0697068,0.05,0.1,0.952766,0.9,1,5.48488e-05,333389,5814.7,16669.4,0.01,0.95,10,10000,0.938,0.497,153,128,0.0161701,0,0.836601
3375,10000,6.42866,5.62342,7.49894,0.0127366,0.01,0.0158489,0.0751601,0.05,0.1,1.18401,1,1.5,0.000274244,158196,1815.26,7909.81,0.01,0.95,10,10000,0.938,0.497,363,299,0.0105799,0,0.823691
3376,10000,6.37831,5.62342,7.49894,0.0128762,0.01,0.0158489,0.12631,0.1,0.15,0.06366,0,0.1,5.48488e-05,329031,8023.6,16451.5,0.01,0.95,10,10000,0.938,0.497,151,82,0.0202027,0,0.543046
3377,10000,6.46829,5.62342,7.49894,0.0127873,0.01,0.0158489,0.125549,0.1,0.15,0.152221,0.1,0.2,5.48488e-05,790981,12445.8,39549.1,0.01,0.95,10,10000,0.938,0.497,363,197,0.0130342,0,0.5427
3378,10000,6.37951,5.62342,7.49894,0.0128534,0.01,0.0158489,0.124046,0.1,0.15,0.251158,0.2,0.3,5.48488e-05,1.059e+06,13410.9,52950,0.01,0.95,10,10000,0.938,0.497,486,292,0.010706,0,0.600823
3379,10000,6.35681,5.62342,7.49894,0.0129678,0.01,0.0158489,0.122678,0.1,0.15,0.352643,0.3,0.4,5.48488e-05,1.0481e+06,13960.6,52405.2,0.01,0.95,10,10000,0.938,0.497,481,271,0.011113,0,0.56341
3380,10000,6.38603,5.62342,7.49894,0.0127,0.01,0.0158489,0.123281,0.1,0.15,0.450129,0.4,0.5,5.48488e-05,980555,13412.4,49027.8,0.01,0.95,10,10000,0.938,0.497,450,256,0.011434,0,0.568889
3381,10000,6.51241,5.62342,7.49894,0.0127073,0.01,0.0158489,0.124295,0.1,0.15,0.551041,0.5,0.6,5.48488e-05,786623,11906.4,39331.2,0.01,0.95,10,10000,0.938,0.497,361,208,0.0126848,0,0.576177
3382,10000,6.45513,5.62342,7.49894,0.0128187,0.01,0.0158489,0.122437,0.1,0.15,0.649188,0.6,0.7,5.48488e-05,621018,10410.2,31050.9,0.01,0.95,10,10000,0.938,0.497,285,168,0.0141144,0,0.589474
3383,10000,6.43462,5.62342,7.49894,0.0125562,0.01,0.0158489,0.123563,0.1,0.15,0.745683,0.7,0.8,5.48488e-05,503352,9188.53,25167.6,0.01,0.95,10,10000,0.938,0.497,231,140,0.0154615,0,0.606061
3384,10000,6.43778,5.62342,7.49894,0.0130378,0.01,0.0158489,0.123246,0.1,0.15,0.851854,0.8,0.9,5.48488e-05,313778,7392.58,15688.9,0.01,0.95,10,10000,0.938,0.497,144,85,0.019843,0,0.590278
3385,10000,6.40608,5.62342,7.49894,0.0125197,0.01,0.0158489,0.12555,0.1,0.15,0.945085,0.9,1,5.48488e-05,239691,5641.17,11984.6,0.01,0.95,10,10000,0.938,0.497,110,78,0.0207143,0,0.709091
3386,10000,6.41194,5.62342,7.49894,0.0126629,0.01,0.0158489,0.125262,0.1,0.15,1.20906,1,1.5,0.000274244,129869,1742.33,6493.45,0.01,0.95,10,10000,0.938,0.497,298,229,0.0120892,0,0.768456
3387,10000,6.38358,5.62342,7.49894,0.0132463,0.01,0.0158489,0.174535,0.15,0.2,0.0684882,0,0.1,5.48488e-05,189574,4756.37,9478.7,0.01,0.95,10,10000,0.938,0.497,87,66,0.0225188,0,0.758621
3388,10000,6.41433,5.62342,7.49894,0.0127812,0.01,0.0158489,0.172138,0.15,0.2,0.15316,0.1,0.2,5.48488e-05,516426,7636.43,25821.3,0.01,0.95,10,10000,0.938,0.497,237,186,0.0134141,0,0.78481
3389,10000,6.4542,5.62342,7.49894,0.0126498,0.01,0.0158489,0.173394,0.15,0.2,0.248378,0.2,0.3,5.48488e-05,662420,8606.6,33121,0.01,0.95,10,10000,0.938,0.497,304,240,0.0118089,0,0.789474
3390,10000,6.43984,5.62342,7.49894,0.012632,0.01,0.0158489,0.173658,0.15,0.2,0.349043,0.3,0.4,5.48488e-05,823666,9688.61,41183.3,0.01,0.95,10,10000,0.938,0.497,378,295,0.0106514,0,0.780423
3391,10000,6.4271,5.62342,7.49894,0.0126913,0.01,0.0158489,0.175659,0.15,0.2,0.450812,0.4,0.5,5.48488e-05,714716,9053.48,35735.8,0.01,0.95,10,10000,0.938,0.497,328,255,0.0114564,0,0.777439
3392,10000,6.43779,5.62342,7.49894,0.0127917,0.01,0.0158489,0.174159,0.15,0.2,0.551769,0.5,0.6,5.48488e-05,512068,8117.95,25603.4,0.01,0.95,10,10000,0.938,0.497,235,170,0.0140311,0,0.723404
3393,10000,6.43139,5.62342,7.49894,0.0129916,0.01,0.0158489,0.174501,0.15,0.2,0.649451,0.6,0.7,5.48488e-05,431444,7300.45,21572.2,0.01,0.95,10,10000,0.938,0.497,198,147,0.0150889,0,0.742424
3394,10000,6.41309,5.62342,7.49894,0.0127611,0.01,0.0158489,0.173918,0.15,0.2,0.746678,0.7,0.8,5.48488e-05,337747,6787.44,16887.3,0.01,0.95,10,10000,0.938,0.497,155,108,0.0176037,0,0.696774
3395,10000,6.44807,5.62342,7.49894,0.0124978,0.01,0.0158489,0.174213,0.15,0.2,0.847531,0.8,0.9,5.48488e-05,254944,5870.62,12747.2,0.01,0.95,10,10000,0.938,0.497,117,82,0.0202027,0,0.700855
3396,10000,6.52739,5.62342,7.49894,0.0126597,0.01,0.0158489,0.17408,0.15,0.2,0.945708,0.9,1,5.48488e-05,185216,4976.3,9260.8,0.01,0.95,10,10000,0.938,0.497,85,60,0.0236179,0,0.705882
3397,10000,6.47273,5.62342,7.49894,0.0124192,0.01,0.0158489,0.173247,0.15,0.2,1.20804,1,1.5,0.000274244,95440.7,1594.25,4772.04,0.01,0.95,10,10000,0.938,0.497,219,155,0.0146944,0,0.707763
3398,10000,6.28353,5.62342,7.49894,0.0129276,0.01,0.0158489,0.221835,0.2,0.25,0.0627395,0,0.1,5.48488e-05,98055.5,3128.18,4902.78,0.01,0.95,10,10000,0.938,0.497,45,38,0.0296773,0,0.844444
3399,10000,6.39447,5.62342,7.49894,0.0125759,0.01,0.0158489,0.222027,0.2,0.25,0.154715,0.1,0.2,5.48488e-05,298525,5169.79,14926.2,0.01,0.95,10,10000,0.938,0.497,137,123,0.0164955,0,0.89781
3400,10000,6.39231,5.62342,7.49894,0.0124624,0.01,0.0158489,0.226047,0.2,0.25,0.253742,0.2,0.3,5.48488e-05,418370,6164.8,20918.5,0.01,0.95,10,10000,0.938,0.497,192,171,0.01399,0,0.890625
3401,10000,6.36123,5.62342,7.49894,0.0126718,0.01,0.0158489,0.223242,0.2,0.25,0.347608,0.3,0.4,5.48488e-05,520784,6991.63,26039.2,0.01,0.95,10,10000,0.938,0.497,239,209,0.0126545,0,0.874477
3402,10000,6.3828,5.62342,7.49894,0.0129289,0.01,0.0158489,0.223858,0.2,0.25,0.44943,0.4,0.5,5.48488e-05,466308,6651.73,23315.4,0.01,0.95,10,10000,0.938,0.497,214,186,0.0134141,0,0.869159
3403,10000,6.41843,5.62342,7.49894,0.0127801,0.01,0.0158489,0.223831,0.2,0.25,0.548257,0.5,0.6,5.48488e-05,357358,5664.73,17867.9,0.01,0.95,10,10000,0.938,0.497,164,147,0.0150889,0,0.896341
3404,10000,6.53225,5.62342,7.49894,0.0129646,0.01,0.0158489,0.224571,0.2,0.25,0.646949,0.6,0.7,5.48488e-05,335568,5905.74,16778.4,0.01,0.95,10,10000,0.938,0.497,154,127,0.0162336,0,0.824675
3405,10000,6.32243,5.62342,7.49894,0.0126946,0.01,0.0158489,0.222188,0.2,0.25,0.745115,0.7,0.8,5.48488e-05,259302,5242.92,12965.1,0.01,0.95,10,10000,0.938,0.497,119,97,0.0185751,0,0.815126
3406,10000,6.37154,5.62342,7.49894,0.0123221,0.01,0.0158489,0.223975,0.2,0.25,0.847928,0.8,0.9,5.48488e-05,163426,4170.01,8171.29,0.01,0.95,10,10000,0.938,0.497,75,61,0.0234235,0,0.813333
3407,10000,6.53311,5.62342,7.49894,0.0121705,0.01,0.0158489,0.227671,0.2,0.25,0.95375,0.9,1,5.48488e-05,126383,3613.47,6319.13,0.01,0.95,10,10000,0.938,0.497,58,48,0.0264056,0,0.827586
3408,10000,6.51542,5.62342,7.49894,0.0126654,0.01,0.0158489,0.223405,0.2,0.25,1.2252,1,1.5,0.000274244,76265.4,1339.06,3813.27,0.01,0.95,10,10000,0.938,0.497,175,134,0.0158039,0,0.765714
3409,10000,6.28615,5.62342,7.49894,0.0125652,0.01,0.0158489,0.275635,0.25,0.3,0.0615563,0,0.1,5.48488e-05,65370.4,2769.32,3268.52,0.01,0.95,10,10000,0.938,0.497,30,23,0.0381463,0,0.766667
3410,10000,6.36192,5.62342,7.49894,0.0127202,0.01,0.0158489,0.272002,0.25,0.3,0.155863,0.1,0.2,5.48488e-05,198290,4542.12,9914.5,0.01,0.95,10,10000,0.938,0.497,91,75,0.0211245,0,0.824176
3411,10000,6.31389,5.62342,7.49894,0.012699,0.01,0.0158489,0.272719,0.25,0.3,0.246402,0.2,0.3,5.48488e-05,239691,4622.19,11984.6,0.01,0.95,10,10000,0.938,0.497,110,99,0.0183865,0,0.9
3412,10000,6.42626,5.62342,7.49894,0.0130638,0.01,0.0158489,0.275264,0.25,0.3,0.347634,0.3,0.4,5.48488e-05,287630,5213.24,14381.5,0.01,0.95,10,10000,0.938,0.497,132,115,0.0170596,0,0.871212
3413,10000,6.33733,5.62342,7.49894,0.0127824,0.01,0.0158489,0.275091,0.25,0.3,0.448752,0.4,0.5,5.48488e-05,296346,5310.86,14817.3,0.01,0.95,10,10000,0.938,0.497,136,118,0.0168413,0,0.867647
3414,10000,6.31095,5.62342,7.49894,0.0128525,0.01,0.0158489,0.274058,0.25,0.3,0.546829,0.5,0.6,5.48488e-05,270197,5223.38,13509.9,0.01,0.95,10,10000,0.938,0.497,124,104,0.0179391,0,0.83871
3415,10000,6.44942,5.62342,7.49894,0.0128808,0.01,0.0158489,0.27646,0.25,0.3,0.651041,0.6,0.7,5.48488e-05,202648,4573.89,10132.4,0.01,0.95,10,10000,0.938,0.497,93,77,0.0208483,0,0.827957
3416,10000,6.35415,5.62342,7.49894,0.0126179,0.01,0.0158489,0.274202,0.25,0.3,0.745448,0.7,0.8,5.48488e-05,189574,4125,9478.7,0.01,0.95,10,10000,0.938,0.497,87,78,0.0207143,0,0.896552
3417,10000,6.26701,5.62342,7.49894,0.0128809,0.01,0.0158489,0.275438,0.25,0.3,0.848677,0.8,0.9,5.48488e-05,152531,3965.69,7626.54,0.01,0.95,10,10000,0.938,0.497,70,58,0.0240216,0,0.828571
3418,10000,6.39781,5.62342,7.49894,0.0128276,0.01,0.0158489,0.273596,0.25,0.3,0.934239,0.9,1,5.48488e-05,104593,3267.84,5229.63,0.01,0.95,10,10000,0.938,0.497,48,40,0.0289259,0,0.833333
3419,10000,6.45907,5.62342,7.49894,0.0127504,0.01,0.0158489,0.272164,0.25,0.3,1.16086,1,1.5,0.000274244,57961.7,1086.52,2898.09,0.01,0.95,10,10000,0.938,0.497,133,111,0.0173642,0,0.834586
3420,10000,6.27868,5.62342,7.49894,0.0124349,0.01,0.0158489,0.340288,0.3,0.4,0.067139,0,0.1,0.000109698,40311.7,1279.81,2015.59,0.01,0.95,10,10000,0.938,0.497,37,35,0.0309231,0,0.945946
3421,10000,6.37634,5.62342,7.49894,0.0128465,0.01,0.0158489,0.345272,0.3,0.4,0.154037,0.1,0.2,0.000109698,107861,2172.47,5393.05,0.01,0.95,10,10000,0.938,0.497,99,90,0.0192839,0,0.909091
3422,10000,6.29496,5.62342,7.49894,0.0124518,0.01,0.0158489,0.345591,0.3,0.4,0.252617,0.2,0.3,0.000109698,148173,2465.43,7408.64,0.01,0.95,10,10000,0.938,0.497,136,128,0.0161701,0,0.941176
3423,10000,6.28567,5.62342,7.49894,0.0126368,0.01,0.0158489,0.339113,0.3,0.4,0.351987,0.3,0.4,0.000109698,167784,2818.57,8389.19,0.01,0.95,10,10000,0.938,0.497,154,134,0.0158039,0,0.87013
3424,10000,6.28108,5.62342,7.49894,0.0127118,0.01,0.0158489,0.344147,0.3,0.4,0.444134,0.4,0.5,0.000109698,178679,2995.06,8933.95,0.01,0.95,10,10000,0.938,0.497,164,138,0.0155732,0,0.841463
3425,10000,6.42511,5.62342,7.49894,0.0125479,0.01,0.0158489,0.347112,0.3,0.4,0.548802,0.5,0.6,0.000109698,179768,2874.22,8988.42,0.01,0.95,10,10000,0.938,0.497,165,146,0.0151405,0,0.884848
3426,10000,6.37102,5.62342,7.49894,0.0129875,0.01,0.0158489,0.344175,0.3,0.4,0.649729,0.6,0.7,0.000109698,123114,2357.11,6155.71,0.01,0.95,10,10000,0.938,0.497,113,101,0.0182035,0,0.893805
3427,10000,6.29212,5.62342,7.49894,0.0126615,0.01,0.0158489,0.343036,0.3,0.4,0.748241,0.7,0.8,0.000109698,125293,2415.62,6264.66,0.01,0.95,10,10000,0.938,0.497,115,101,0.0182035,0,0.878261
3428,10000,6.49232,5.62342,7.49894,0.0125616,0.01,0.0158489,0.33752,0.3,0.4,0.851828,0.8,0.9,0.000109698,90429,1905.6,4521.45,0.01,0.95,10,10000,0.938,0.497,83,79,0.0205827,0,0.951807
3429,10000,6.31123,5.62342,7.49894,0.0129554,0.01,0.0158489,0.346035,0.3,0.4,0.950172,0.9,1,0.000109698,86071,2012.01,4303.55,0.01,0.95,10,10000,0.938,0.497,79,69,0.0220238,0,0.873418
3430,10000,6.41644,5.62342,7.49894,0.0127764,0.01,0.0158489,0.342722,0.3,0.4,1.21355,1,1.5,0.000548488,39875.9,622.193,1993.8,0.01,0.95,10,10000,0.938,0.497,183,157,0.0146005,0,0.857923
3431,10000,6.30002,5.62342,7.49894,0.0130358,0.01,0.0158489,0.455615,0.4,0.5,0.071406,0,0.1,0.000109698,29416.7,1202.39,1470.83,0.01,0.95,10,10000,0.938,0.497,27,23,0.0381463,0,0.851852
3432,10000,6.44643,5.62342,7.49894,0.0129772,0.01,0.0158489,0.446246,0.4,0.5,0.160791,0.1,0.2,0.000109698,41401.2,1402.54,2070.06,0.01,0.95,10,10000,0.938,0.497,38,33,0.0318464,0,0.868421
3433,10000,6.28465,5.62342,7.49894,0.0128842,0.01,0.0158489,0.441686,0.4,0.5,0.256709,0.2,0.3,0.000109698,53385.8,1680.07,2669.29,0.01,0.95,10,10000,0.938,0.497,49,40,0.0289259,0,0.816327
3434,10000,6.4071,5.62342,7.49894,0.0125304,0.01,0.0158489,0.442246,0.4,0.5,0.347685,0.3,0.4,0.000109698,80623.4,1991.6,4031.17,0.01,0.95,10,10000,0.938,0.497,74,63,0.0230487,0,0.851351
3435,10000,6.34491,5.62342,7.49894,0.0127144,0.01,0.0158489,0.438359,0.4,0.5,0.441371,0.4,0.5,0.000109698,69728.4,1808.04,3486.42,0.01,0.95,10,10000,0.938,0.497,64,56,0.0244468,0,0.875
3436,10000,6.35473,5.62342,7.49894,0.0125376,0.01,0.0158489,0.445552,0.4,0.5,0.548927,0.5,0.6,0.000109698,78444.4,1917.72,3922.22,0.01,0.95,10,10000,0.938,0.497,72,63,0.0230487,0,0.875
3437,10000,6.29052,5.62342,7.49894,0.012718,0.01,0.0158489,0.450123,0.4,0.5,0.648307,0.6,0.7,0.000109698,64280.8,1754.79,3214.04,0.01,0.95,10,10000,0.938,0.497,59,51,0.0256172,0,0.864407
3438,10000,6.50583,5.62342,7.49894,0.0123363,0.01,0.0158489,0.44619,0.4,0.5,0.744462,0.7,0.8,0.000109698,65370.4,1706.86,3268.52,0.01,0.95,10,10000,0.938,0.497,60,54,0.0248954,0,0.9
3439,10000,6.42661,5.62342,7.49894,0.0127142,0.01,0.0158489,0.439501,0.4,0.5,0.846565,0.8,0.9,0.000109698,43580.2,1358.97,2179.01,0.01,0.95,10,10000,0.938,0.497,40,37,0.0300757,0,0.925
3440,10000,6.32474,5.62342,7.49894,0.0128029,0.01,0.0158489,0.443922,0.4,0.5,0.945895,0.9,1,0.000109698,51206.8,1553.61,2560.34,0.01,0.95,10,10000,0.938,0.497,47,41,0.028571,0,0.87234
3441,10000,6.41057,5.62342,7.49894,0.0125935,0.01,0.0158489,0.446559,0.4,0.5,1.20334,1,1.5,0.000548488,20046.9,421.786,1002.35,0.01,0.95,10,10000,0.938,0.497,92,83,0.0200806,0,0.902174
3442,10000,6.41397,5.62342,7.49894,0.0129936,0.01,0.0158489,0.531486,0.5,0.6,0.0496822,0,0.1,0.000109698,9805.55,668.533,490.278,0.01,0.95,10,10000,0.938,0.497,9,8,0.0646803,0,0.888889
3443,10000,6.49949,5.62342,7.49894,0.0133292,0.01,0.0158489,0.54038,0.5,0.6,0.148604,0.1,0.2,0.000109698,17432.1,904.021,871.605,0.01,0.95,10,10000,0.938,0.497,16,14,0.0488937,0,0.875
3444,10000,6.3817,5.62342,7.49894,0.0125245,0.01,0.0158489,0.557023,0.5,0.6,0.242304,0.2,0.3,0.000109698,27237.6,-nan,1361.88,0.01,0.95,10,10000,0.938,0.497,25,26,0.0358782,0,1.04
3445,10000,6.37592,5.62342,7.49894,0.0129464,0.01,0.0158489,0.544743,0.5,0.6,0.35574,0.3,0.4,0.000109698,30506.2,-nan,1525.31,0.01,0.95,10,10000,0.938,0.497,28,29,0.0339717,0,1.03571
3446,10000,6.42537,5.62342,7.49894,0.012164,0.01,0.0158489,0.544932,0.5,0.6,0.450788,0.4,0.5,0.000109698,42490.7,1453.54,2124.54,0.01,0.95,10,10000,0.938,0.497,39,33,0.0318464,0,0.846154
3447,10000,6.25521,5.62342,7.49894,0.0121055,0.01,0.0158489,0.548722,0.5,0.6,0.554422,0.5,0.6,0.000109698,30506.2,1217.85,1525.31,0.01,0.95,10,10000,0.938,0.497,28,24,0.0373432,0,0.857143
3448,10000,6.35314,5.62342,7.49894,0.0124763,0.01,0.0158489,0.543915,0.5,0.6,0.646722,0.6,0.7,0.000109698,28327.2,1285.56,1416.36,0.01,0.95,10,10000,0.938,0.497,26,20,0.0409074,0,0.769231
3449,10000,6.33419,5.62342,7.49894,0.012376,0.01,0.0158489,0.550383,0.5,0.6,0.752845,0.7,0.8,0.000109698,25058.6,1192.21,1252.93,0.01,0.95,10,10000,0.938,0.497,23,18,0.0431202,0,0.782609
3450,10000,6.29379,5.62342,7.49894,0.0131503,0.01,0.0158489,0.553549,0.5,0.6,0.843355,0.8,0.9,0.000109698,18521.6,871.66,926.08,0.01,0.95,10,10000,0.938,0.497,17,16,0.0457358,0,0.941176
3451,10000,6.4002,5.62342,7.49894,0.0121531,0.01,0.0158489,0.540932,0.5,0.6,0.949982,0.9,1,0.000109698,19611.1,893.995,980.555,0.01,0.95,10,10000,0.938,0.497,18,17,0.0443703,0,0.944444
3452,10000,6.30128,5.62342,7.49894,0.0128179,0.01,0.0158489,0.551463,0.5,0.6,1.23242,1,1.5,0.000548488,13509.9,388.333,675.494,0.01,0.95,10,10000,0.938,0.497,62,49,0.0261348,0,0.790323
3453,10000,6.30436,5.62342,7.49894,0.0138971,0.01,0.0158489,0.645816,0.6,0.7,0.0736447,0,0.1,0.000109698,10895.1,-nan,544.753,0.01,0.95,10,10000,0.938,0.497,10,11,0.0551595,0,1.1
3454,10000,5.921,5.62342,7.49894,0.0130745,0.01,0.0158489,0.638174,0.6,0.7,0.163775,0.1,0.2,0.000109698,7626.54,707.508,381.327,0.01,0.95,10,10000,0.938,0.497,7,5,0.0818148,0,0.714286
3455,10000,6.48614,5.62342,7.49894,0.0118118,0.01,0.0158489,0.650802,0.6,0.7,0.255516,0.2,0.3,0.000109698,8716.05,639.239,435.802,0.01,0.95,10,10000,0.938,0.497,8,7,0.0691461,0,0.875
3456,10000,6.55156,5.62342,7.49894,0.0132931,0.01,0.0158489,0.656513,0.6,0.7,0.347823,0.3,0.4,0.000109698,13074.1,690.457,653.704,0.01,0.95,10,10000,0.938,0.497,12,12,0.0528112,0,1
3457,10000,6.01163,5.62342,7.49894,0.0128796,0.01,0.0158489,0.64076,0.6,0.7,0.452276,0.4,0.5,0.000109698,20700.6,965.625,1035.03,0.01,0.95,10,10000,0.938,0.497,19,17,0.0443703,0,0.894737
3458,10000,6.36523,5.62342,7.49894,0.0119841,0.01,0.0158489,0.630593,0.6,0.7,0.567578,0.5,0.6,0.000109698,9805.55,749.575,490.278,0.01,0.95,10,10000,0.938,0.497,9,7,0.0691461,0,0.777778
3459,10000,6.23689,5.62342,7.49894,0.0124745,0.01,0.0158489,0.667293,0.6,0.7,0.64755,0.6,0.7,0.000109698,11984.6,724.158,599.228,0.01,0.95,10,10000,0.938,0.497,11,10,0.0578518,0,0.909091
3460,10000,6.41265,5.62342,7.49894,0.0125787,0.01,0.0158489,0.640776,0.6,0.7,0.765179,0.7,0.8,0.000109698,14163.6,718.651,708.179,0.01,0.95,10,10000,0.938,0.497,13,13,0.0507394,0,1
3461,10000,6.16619,5.62342,7.49894,0.0128909,0.01,0.0158489,0.642459,0.6,0.7,0.850047,0.8,0.9,0.000109698,18521.6,1188.33,926.08,0.01,0.95,10,10000,0.938,0.497,17,11,0.0551595,0,0.647059
3462,10000,6.25057,5.62342,7.49894,0.012827,0.01,0.0158489,0.650133,0.6,0.7,0.962174,0.9,1,0.000109698,15253.1,745.779,762.654,0.01,0.95,10,10000,0.938,0.497,14,14,0.0488937,0,1
3463,10000,6.31376,5.62342,7.49894,0.0122643,0.01,0.0158489,0.643869,0.6,0.7,1.2058,1,1.5,0.000548488,6101.23,243.57,305.062,0.01,0.95,10,10000,0.938,0.497,28,24,0.0373432,0,0.857143
3464,10000,7.39516,5.62342,7.49894,0.0104755,0.01,0.0158489,0.753851,0.7,0.8,0.0739134,0,0.1,0.000109698,1089.51,199.318,54.4753,0.01,0.95,10,10000,0.938,0.497,1,1,0.182943,0,1
3465,10000,6.03379,5.62342,7.49894,0.0112892,0.01,0.0158489,0.733583,0.7,0.8,0.185709,0.1,0.2,0.000109698,3268.52,771.955,163.426,0.01,0.95,10,10000,0.938,0.497,3,1,0.182943,0,0.333333
3466,10000,6.18971,5.62342,7.49894,0.0129521,0.01,0.0158489,0.764239,0.7,0.8,0.261473,0.2,0.3,0.000109698,8716.05,727.806,435.802,0.01,0.95,10,10000,0.938,0.497,8,6,0.0746863,0,0.75
3467,10000,6.30035,5.62342,7.49894,0.0129129,0.01,0.0158489,0.761765,0.7,0.8,0.344296,0.3,0.4,0.000109698,8716.05,639.239,435.802,0.01,0.95,10,10000,0.938,0.497,8,7,0.0691461,0,0.875
3468,10000,6.1869,5.62342,7.49894,0.0125814,0.01,0.0158489,0.736275,0.7,0.8,0.42992,0.4,0.5,0.000109698,8716.05,836.185,435.802,0.01,0.95,10,10000,0.938,0.497,8,5,0.0818148,0,0.625
3469,10000,6.33243,5.62342,7.49894,0.0125227,0.01,0.0158489,0.759495,0.7,0.8,0.542515,0.5,0.6,0.000109698,6537.04,690.457,326.852,0.01,0.95,10,10000,0.938,0.497,6,4,0.0914717,0,0.666667
3470,10000,6.28023,5.62342,7.49894,0.0142441,0.01,0.0158489,0.754794,0.7,0.8,0.643339,0.6,0.7,0.000109698,4358.02,398.636,217.901,0.01,0.95,10,10000,0.938,0.497,4,4,0.0914717,0,1
3471,10000,6.20565,5.62342,7.49894,0.0130273,0.01,0.0158489,0.739573,0.7,0.8,0.758168,0.7,0.8,0.000109698,7626.54,608.926,381.327,0.01,0.95,10,10000,0.938,0.497,7,6,0.0746863,0,0.857143
3472,10000,6.28693,5.62342,7.49894,0.0125279,0.01,0.0158489,0.727402,0.7,0.8,0.85843,0.8,0.9,0.000109698,6537.04,577.678,326.852,0.01,0.95,10,10000,0.938,0.497,6,5,0.0818148,0,0.833333
3473,10000,5.91761,5.62342,7.49894,0.0125263,0.01,0.0158489,0.718754,0.7,0.8,0.943748,0.9,1,0.000109698,2179.01,281.878,108.951,0.01,0.95,10,10000,0.938,0.497,2,2,0.129361,0,1
3474,10000,6.59796,5.62342,7.49894,0.0129054,0.01,0.0158489,0.741802,0.7,0.8,1.33919,1,1.5,0.000548488,1961.11,169.127,98.0555,0.01,0.95,10,10000,0.938,0.497,9,6,0.0746863,0,0.666667
3475,10000,6.24441,5.62342,7.49894,0.0124146,0.01,0.0158489,0.840264,0.8,0.9,0.0534631,0,0.1,0.000109698,1089.51,199.318,54.4753,0.01,0.95,10,10000,0.938,0.497,1,1,0.182943,0,1
3476,10000,6.78642,5.62342,7.49894,0.0109133,0.01,0.0158489,0.861174,0.8,0.9,0.261488,0.2,0.3,0.000109698,4358.02,398.636,217.901,0.01,0.95,10,10000,0.938,0.497,4,4,0.0914717,0,1
3477,10000,5.78891,5.62342,7.49894,0.0132695,0.01,0.0158489,0.847887,0.8,0.9,0.344029,0.3,0.4,0.000109698,2179.01,281.878,108.951,0.01,0.95,10,10000,0.938,0.497,2,2,0.129361,0,1
3478,10000,6.45237,5.62342,7.49894,0.0127467,0.01,0.0158489,0.853735,0.8,0.9,0.445965,0.4,0.5,0.000109698,5447.53,-nan,272.376,0.01,0.95,10,10000,0.938,0.497,5,6,0.0746863,0,1.2
3479,10000,6.42295,5.62342,7.49894,0.0123671,0.01,0.0158489,0.873951,0.8,0.9,0.54881,0.5,0.6,0.000109698,7626.54,608.926,381.327,0.01,0.95,10,10000,0.938,0.497,7,6,0.0746863,0,0.857143
3480,10000,6.36279,5.62342,7.49894,0.0129125,0.01,0.0158489,0.85065,0.8,0.9,0.686299,0.6,0.7,0.000109698,2179.01,281.878,108.951,0.01,0.95,10,10000,0.938,0.497,2,2,0.129361,0,1
3481,10000,6.79331,5.62342,7.49894,0.0117218,0.01,0.0158489,0.866187,0.8,0.9,0.77365,0.7,0.8,0.000109698,3268.52,488.227,163.426,0.01,0.95,10,10000,0.938,0.497,3,2,0.129361,0,0.666667
3482,10000,6.97748,5.62342,7.49894,0.0140215,0.01,0.0158489,0.838575,0.8,0.9,0.847665,0.8,0.9,0.000109698,2179.01,281.878,108.951,0.01,0.95,10,10000,0.938,0.497,2,2,0.129361,0,1
3483,10000,5.69664,5.62342,7.49894,0.0147962,0.01,0.0158489,0.80387,0.8,0.9,0.998929,0.9,1,0.000109698,1089.51,199.318,54.4753,0.01,0.95,10,10000,0.938,0.497,1,1,0.182943,0,1
3484,10000,6.3667,5.62342,7.49894,0.0134753,0.01,0.0158489,0.836121,0.8,0.9,1.27485,1,1.5,0.000548488,2179.01,171.79,108.951,0.01,0.95,10,10000,0.938,0.497,10,7,0.0691461,0,0.7
3485,10000,6.25126,5.62342,7.49894,0.0151874,0.01,0.0158489,0.923703,0.9,1,0.164575,0.1,0.2,0.000109698,2179.01,281.878,108.951,0.01,0.95,10,10000,0.938,0.497,2,2,0.129361,0,1
3486,10000,7.28113,5.62342,7.49894,0.0147825,0.01,0.0158489,0.937053,0.9,1,0.347296,0.3,0.4,0.000109698,1089.51,199.318,54.4753,0.01,0.95,10,10000,0.938,0.497,1,1,0.182943,0,1
3487,10000,5.66305,5.62342,7.49894,0.0140051,0.01,0.0158489,0.944362,0.9,1,0.492762,0.4,0.5,0.000109698,2179.01,281.878,108.951,0.01,0.95,10,10000,0.938,0.497,2,2,0.129361,0,1
3488,10000,6.61084,5.62342,7.49894,0.0101215,0.01,0.0158489,0.927052,0.9,1,0.526453,0.5,0.6,0.000109698,2179.01,488.227,108.951,0.01,0.95,10,10000,0.938,0.497,2,1,0.182943,0,0.5
3489,10000,5.94146,5.62342,7.49894,0.012495,0.01,0.0158489,0.907894,0.9,1,0.657406,0.6,0.7,0.000109698,1089.51,199.318,54.4753,0.01,0.95,10,10000,0.938,0.497,1,1,0.182943,0,1
3490,10000,5.67141,5.62342,7.49894,0.0122248,0.01,0.0158489,0.978194,0.9,1,0.718096,0.7,0.8,0.000109698,1089.51,199.318,54.4753,0.01,0.95,10,10000,0.938,0.497,1,1,0.182943,0,1
3491,10000,6.96467,5.62342,7.49894,0.0138553,0.01,0.0158489,0.913799,0.9,1,0.849775,0.8,0.9,0.000109698,1089.51,199.318,54.4753,0.01,0.95,10,10000,0.938,0.497,1,1,0.182943,0,1
3492,10000,6.55761,5.62342,7.49894,0.0124668,0.01,0.0158489,0.939005,0.9,1,1.24569,1,1.5,0.000548488,435.802,56.3756,21.7901,0.01,0.95,10,10000,0.938,0.497,2,2,0.129361,0,1
3493,10000,6.33091,5.62342,7.49894,0.0205235,0.0158489,0.0251189,0.0762857,0.05,0.1,0.0638942,0,0.1,8.69306e-05,309340,7058.23,15467,0.01,0.95,10,10000,0.938,0.497,225,100,0.0182943,0,0.444444
3494,10000,6.31481,5.62342,7.49894,0.0205365,0.0158489,0.0251189,0.0750411,0.05,0.1,0.154875,0.1,0.2,8.69306e-05,765789,10598.8,38289.5,0.01,0.95,10,10000,0.938,0.497,557,266,0.011217,0,0.477558
3495,10000,6.42774,5.62342,7.49894,0.0200199,0.0158489,0.0251189,0.0752451,0.05,0.1,0.25214,0.2,0.3,8.69306e-05,1.00914e+06,12317.5,50456.8,0.01,0.95,10,10000,0.938,0.497,734,344,0.00986365,0,0.468665
3496,10000,6.44024,5.62342,7.49894,0.0201087,0.0158489,0.0251189,0.0744588,0.05,0.1,0.349869,0.3,0.4,8.69306e-05,1.04626e+06,12243,52312.9,0.01,0.95,10,10000,0.938,0.497,761,370,0.00951077,0,0.486202
3497,10000,6.42777,5.62342,7.49894,0.0200324,0.0158489,0.0251189,0.0731393,0.05,0.1,0.448494,0.4,0.5,8.69306e-05,893650,11129.6,44682.5,0.01,0.95,10,10000,0.938,0.497,650,324,0.0101635,0,0.498462
3498,10000,6.40131,5.62342,7.49894,0.0199555,0.0158489,0.0251189,0.0737735,0.05,0.1,0.548789,0.5,0.6,8.69306e-05,768539,9955.58,38426.9,0.01,0.95,10,10000,0.938,0.497,559,294,0.0106695,0,0.525939
3499,10000,6.43191,5.62342,7.49894,0.0202016,0.0158489,0.0251189,0.0724971,0.05,0.1,0.646911,0.6,0.7,8.69306e-05,578810,7657.26,28940.5,0.01,0.95,10,10000,0.938,0.497,421,263,0.0112808,0,0.624703
3500,10000,6.41146,5.62342,7.49894,0.0200529,0.0158489,0.0251189,0.0744496,0.05,0.1,0.748837,0.7,0.8,8.69306e-05,416578,6100.82,20828.9,0.01,0.95,10,10000,0.938,0.497,303,206,0.0127463,0,0.679868
3501,10000,6.38949,5.62342,7.49894,0.0200737,0.0158489,0.0251189,0.0716292,0.05,0.1,0.850058,0.8,0.9,8.69306e-05,334088,5203.53,16704.4,0.01,0.95,10,10000,0.938,0.497,243,176,0.0137899,0,0.72428
3502,10000,6.36143,5.62342,7.49894,0.0198865,0.0158489,0.0251189,0.0752933,0.05,0.1,0.942877,0.9,1,8.69306e-05,215851,3980.22,10792.5,0.01,0.95,10,10000,0.938,0.497,157,121,0.0166312,0,0.770701
3503,10000,6.44148,5.62342,7.49894,0.0201086,0.0158489,0.0251189,0.0745178,0.05,0.1,1.17774,1,1.5,0.000434653,89640,1115.23,4482,0.01,0.95,10,10000,0.938,0.497,326,260,0.0113457,0,0.797546
3504,10000,6.32102,5.62342,7.49894,0.0200706,0.0158489,0.0251189,0.12252,0.1,0.15,0.0649777,0,0.1,8.69306e-05,221350,4086.19,11067.5,0.01,0.95,10,10000,0.938,0.497,161,122,0.0165629,0,0.757764
3505,10000,6.40673,5.62342,7.49894,0.0199677,0.0158489,0.0251189,0.125326,0.1,0.15,0.154753,0.1,0.2,8.69306e-05,507318,6143.87,25365.9,0.01,0.95,10,10000,0.938,0.497,369,282,0.0108941,0,0.764228
3506,10000,6.42331,5.62342,7.49894,0.0203706,0.0158489,0.0251189,0.124781,0.1,0.15,0.246992,0.2,0.3,8.69306e-05,690173,8145.46,34508.6,0.01,0.95,10,10000,0.938,0.497,502,325,0.0101479,0,0.64741
3507,10000,6.34922,5.62342,7.49894,0.0200973,0.0158489,0.0251189,0.124305,0.1,0.15,0.350634,0.3,0.4,8.69306e-05,642053,7979.83,32102.7,0.01,0.95,10,10000,0.938,0.497,467,296,0.0106334,0,0.633833
3508,10000,6.41128,5.62342,7.49894,0.0204547,0.0158489,0.0251189,0.124502,0.1,0.15,0.44991,0.4,0.5,8.69306e-05,644803,8122,32240.1,0.01,0.95,10,10000,0.938,0.497,469,291,0.0107243,0,0.620469
3509,10000,6.36054,5.62342,7.49894,0.0198374,0.0158489,0.0251189,0.124931,0.1,0.15,0.546351,0.5,0.6,8.69306e-05,482571,7044.75,24128.5,0.01,0.95,10,10000,0.938,0.497,351,217,0.012419,0,0.618234
3510,10000,6.37553,5.62342,7.49894,0.0199258,0.0158489,0.0251189,0.123383,0.1,0.15,0.646729,0.6,0.7,8.69306e-05,411079,6348.73,20553.9,0.01,0.95,10,10000,0.938,0.497,299,191,0.0132373,0,0.638796
3511,10000,6.36054,5.62342,7.49894,0.0199938,0.0158489,0.0251189,0.124691,0.1,0.15,0.746997,0.7,0.8,8.69306e-05,302466,5518.82,15123.3,0.01,0.95,10,10000,0.938,0.497,220,138,0.0155732,0,0.627273
3512,10000,6.43155,5.62342,7.49894,0.0201481,0.0158489,0.0251189,0.12472,0.1,0.15,0.848261,0.8,0.9,8.69306e-05,191104,4182.37,9555.18,0.01,0.95,10,10000,0.938,0.497,139,93,0.0189703,0,0.669065
3513,10000,6.3625,5.62342,7.49894,0.0198985,0.0158489,0.0251189,0.123983,0.1,0.15,0.954983,0.9,1,8.69306e-05,156732,4034.62,7836.62,0.01,0.95,10,10000,0.938,0.497,114,70,0.0218659,0,0.614035
3514,10000,6.34777,5.62342,7.49894,0.0200116,0.0158489,0.0251189,0.124098,0.1,0.15,1.21593,1,1.5,0.000434653,66542.5,1026.03,3327.13,0.01,0.95,10,10000,0.938,0.497,242,178,0.0137122,0,0.735537
3515,10000,6.41275,5.62342,7.49894,0.0202768,0.0158489,0.0251189,0.175758,0.15,0.2,0.063345,0,0.1,8.69306e-05,108613,2292.88,5430.64,0.01,0.95,10,10000,0.938,0.497,79,77,0.0208483,0,0.974684
3516,10000,6.46488,5.62342,7.49894,0.01996,0.0158489,0.0251189,0.173907,0.15,0.2,0.152242,0.1,0.2,8.69306e-05,340962,4660.81,17048.1,0.01,0.95,10,10000,0.938,0.497,248,208,0.0126848,0,0.83871
3517,10000,6.38003,5.62342,7.49894,0.019916,0.0158489,0.0251189,0.17196,0.15,0.2,0.248411,0.2,0.3,8.69306e-05,435826,5336.07,21791.3,0.01,0.95,10,10000,0.938,0.497,317,262,0.0113023,0,0.826498
3518,10000,6.42307,5.62342,7.49894,0.0202301,0.0158489,0.0251189,0.171849,0.15,0.2,0.347133,0.3,0.4,8.69306e-05,461948,5731.5,23097.4,0.01,0.95,10,10000,0.938,0.497,336,264,0.0112594,0,0.785714
3519,10000,6.39175,5.62342,7.49894,0.0199846,0.0158489,0.0251189,0.173945,0.15,0.2,0.446941,0.4,0.5,8.69306e-05,398705,5622.29,19935.3,0.01,0.95,10,10000,0.938,0.497,290,213,0.0125351,0,0.734483
3520,10000,6.388,5.62342,7.49894,0.0201299,0.0158489,0.0251189,0.173106,0.15,0.2,0.549763,0.5,0.6,8.69306e-05,357460,5214.37,17873,0.01,0.95,10,10000,0.938,0.497,260,196,0.0130674,0,0.753846
3521,10000,6.44457,5.62342,7.49894,0.0205207,0.0158489,0.0251189,0.174778,0.15,0.2,0.646452,0.6,0.7,8.69306e-05,279094,5192.18,13954.7,0.01,0.95,10,10000,0.938,0.497,203,131,0.0159838,0,0.64532
3522,10000,6.42714,5.62342,7.49894,0.0203301,0.0158489,0.0251189,0.172424,0.15,0.2,0.748776,0.7,0.8,8.69306e-05,240598,5048.14,12029.9,0.01,0.95,10,10000,0.938,0.497,175,106,0.017769,0,0.605714
3523,10000,6.44747,5.62342,7.49894,0.0196833,0.0158489,0.0251189,0.171262,0.15,0.2,0.8448,0.8,0.9,8.69306e-05,151233,3743.38,7561.65,0.01,0.95,10,10000,0.938,0.497,110,73,0.0214119,0,0.663636
3524,10000,6.36052,5.62342,7.49894,0.0200962,0.0158489,0.0251189,0.170558,0.15,0.2,0.947009,0.9,1,8.69306e-05,130610,3792.2,6530.52,0.01,0.95,10,10000,0.938,0.497,95,56,0.0244468,0,0.589474
3525,10000,6.46,5.62342,7.49894,0.0200729,0.0158489,0.0251189,0.174261,0.15,0.2,1.18924,1,1.5,0.000434653,51419.2,976.744,2570.96,0.01,0.95,10,10000,0.938,0.497,187,124,0.0164288,0,0.663102
3526,10000,6.27555,5.62342,7.49894,0.0206793,0.0158489,0.0251189,0.218686,0.2,0.25,0.0633437,0,0.1,8.69306e-05,67367.4,2165.52,3368.37,0.01,0.95,10,10000,0.938,0.497,49,39,0.0292944,0,0.795918
3527,10000,6.35919,5.62342,7.49894,0.0198089,0.0158489,0.0251189,0.22249,0.2,0.25,0.149627,0.1,0.2,8.69306e-05,200728,3416.22,10036.4,0.01,0.95,10,10000,0.938,0.497,146,129,0.0161073,0,0.883562
3528,10000,6.40841,5.62342,7.49894,0.0204352,0.0158489,0.0251189,0.223437,0.2,0.25,0.24972,0.2,0.3,8.69306e-05,317589,4299.04,15879.5,0.01,0.95,10,10000,0.938,0.497,231,204,0.0128086,0,0.883117
3529,10000,6.32869,5.62342,7.49894,0.0203579,0.0158489,0.0251189,0.224258,0.2,0.25,0.350822,0.3,0.4,8.69306e-05,298342,4339.22,14917.1,0.01,0.95,10,10000,0.938,0.497,217,183,0.0135236,0,0.843318
3530,10000,6.38381,5.62342,7.49894,0.0199251,0.0158489,0.0251189,0.22466,0.2,0.25,0.450208,0.4,0.5,8.69306e-05,294217,4237.05,14710.9,0.01,0.95,10,10000,0.938,0.497,214,184,0.0134868,0,0.859813
3531,10000,6.4076,5.62342,7.49894,0.0203132,0.0158489,0.0251189,0.224295,0.2,0.25,0.548582,0.5,0.6,8.69306e-05,255721,4014.18,12786.1,0.01,0.95,10,10000,0.938,0.497,186,157,0.0146005,0,0.844086
3532,10000,6.43491,5.62342,7.49894,0.0199944,0.0158489,0.0251189,0.22218,0.2,0.25,0.65201,0.6,0.7,8.69306e-05,211726,3827.93,10586.3,0.01,0.95,10,10000,0.938,0.497,154,123,0.0164955,0,0.798701
3533,10000,6.57732,5.62342,7.49894,0.0201288,0.0158489,0.0251189,0.221893,0.2,0.25,0.740065,0.7,0.8,8.69306e-05,141609,3203.54,7080.46,0.01,0.95,10,10000,0.938,0.497,103,80,0.0204537,0,0.776699
3534,10000,6.42806,5.62342,7.49894,0.0202912,0.0158489,0.0251189,0.225777,0.2,0.25,0.849629,0.8,0.9,8.69306e-05,109988,3108.34,5499.38,0.01,0.95,10,10000,0.938,0.497,80,55,0.0246681,0,0.6875
3535,10000,6.27304,5.62342,7.49894,0.0201735,0.0158489,0.0251189,0.225338,0.2,0.25,0.947319,0.9,1,8.69306e-05,89365,2294.83,4468.25,0.01,0.95,10,10000,0.938,0.497,65,57,0.0242314,0,0.876923
3536,10000,6.39576,5.62342,7.49894,0.0199301,0.0158489,0.0251189,0.221734,0.2,0.25,1.20491,1,1.5,0.000434653,48119.6,945.146,2405.98,0.01,0.95,10,10000,0.938,0.497,175,116,0.0169859,0,0.662857
3537,10000,6.23183,5.62342,7.49894,0.0204197,0.0158489,0.0251189,0.274544,0.25,0.3,0.0668156,0,0.1,8.69306e-05,50869.3,1659.44,2543.46,0.01,0.95,10,10000,0.938,0.497,37,34,0.0313745,0,0.918919
3538,10000,6.36695,5.62342,7.49894,0.0204546,0.0158489,0.0251189,0.271791,0.25,0.3,0.15887,0.1,0.2,8.69306e-05,133360,2805.18,6668,0.01,0.95,10,10000,0.938,0.497,97,85,0.019843,0,0.876289
3539,10000,6.38481,5.62342,7.49894,0.0202188,0.0158489,0.0251189,0.272648,0.25,0.3,0.252196,0.2,0.3,8.69306e-05,173231,3057.01,8661.53,0.01,0.95,10,10000,0.938,0.497,126,116,0.0169859,0,0.920635
3540,10000,6.39149,5.62342,7.49894,0.0202313,0.0158489,0.0251189,0.272559,0.25,0.3,0.347578,0.3,0.4,8.69306e-05,185604,3218.76,9280.21,0.01,0.95,10,10000,0.938,0.497,135,122,0.0165629,0,0.903704
3541,10000,6.32453,5.62342,7.49894,0.020747,0.0158489,0.0251189,0.271447,0.25,0.3,0.45105,0.4,0.5,8.69306e-05,193853,3470.14,9692.66,0.01,0.95,10,10000,0.938,0.497,141,120,0.0167004,0,0.851064
3542,10000,6.40032,5.62342,7.49894,0.0199553,0.0158489,0.0251189,0.277129,0.25,0.3,0.548079,0.5,0.6,8.69306e-05,171856,3331.85,8592.79,0.01,0.95,10,10000,0.938,0.497,125,104,0.0179391,0,0.832
3543,10000,6.41184,5.62342,7.49894,0.0200261,0.0158489,0.0251189,0.273913,0.25,0.3,0.651454,0.6,0.7,8.69306e-05,166356,3160.31,8317.82,0.01,0.95,10,10000,0.938,0.497,121,105,0.0178534,0,0.867769
3544,10000,6.30431,5.62342,7.49894,0.0198661,0.0158489,0.0251189,0.274284,0.25,0.3,0.744086,0.7,0.8,8.69306e-05,111363,2765.3,5568.13,0.01,0.95,10,10000,0.938,0.497,81,65,0.0226913,0,0.802469
3545,10000,6.4801,5.62342,7.49894,0.020268,0.0158489,0.0251189,0.275324,0.25,0.3,0.846107,0.8,0.9,8.69306e-05,90739.8,2455.8,4536.99,0.01,0.95,10,10000,0.938,0.497,66,54,0.0248954,0,0.818182
3546,10000,6.31491,5.62342,7.49894,0.0205762,0.0158489,0.0251189,0.273199,0.25,0.3,0.945574,0.9,1,8.69306e-05,54993.8,1999.94,2749.69,0.01,0.95,10,10000,0.938,0.497,40,31,0.0328576,0,0.775
3547,10000,6.41583,5.62342,7.49894,0.0203005,0.0158489,0.0251189,0.274552,0.25,0.3,1.19619,1,1.5,0.000434653,31621.5,672.81,1581.07,0.01,0.95,10,10000,0.938,0.497,115,90,0.0192839,0,0.782609
3548,10000,6.38692,5.62342,7.49894,0.0202482,0.0158489,0.0251189,0.344656,0.3,0.4,0.0672588,0,0.1,0.000173861,26809.5,848.294,1340.47,0.01,0.95,10,10000,0.938,0.497,39,36,0.0304906,0,0.923077
3549,10000,6.36473,5.62342,7.49894,0.0203158,0.0158489,0.0251189,0.338615,0.3,0.4,0.156035,0.1,0.2,0.000173861,65992.6,1325.56,3299.63,0.01,0.95,10,10000,0.938,0.497,96,89,0.019392,0,0.927083
3550,10000,6.40094,5.62342,7.49894,0.0201264,0.0158489,0.0251189,0.345252,0.3,0.4,0.249199,0.2,0.3,0.000173861,83865.6,1584.92,4193.28,0.01,0.95,10,10000,0.938,0.497,122,106,0.017769,0,0.868852
3551,10000,6.37757,5.62342,7.49894,0.0200022,0.0158489,0.0251189,0.343153,0.3,0.4,0.350074,0.3,0.4,0.000173861,116862,1959.82,5843.1,0.01,0.95,10,10000,0.938,0.497,170,140,0.0154615,0,0.823529
3552,10000,6.37651,5.62342,7.49894,0.0200697,0.0158489,0.0251189,0.347771,0.3,0.4,0.453387,0.4,0.5,0.000173861,119612,1777.52,5980.58,0.01,0.95,10,10000,0.938,0.497,174,162,0.0143734,0,0.931034
3553,10000,6.31746,5.62342,7.49894,0.0205206,0.0158489,0.0251189,0.344909,0.3,0.4,0.548673,0.5,0.6,0.000173861,110675,1866.12,5533.75,0.01,0.95,10,10000,0.938,0.497,161,136,0.0156873,0,0.84472
3554,10000,6.3749,5.62342,7.49894,0.0200546,0.0158489,0.0251189,0.343934,0.3,0.4,0.647562,0.6,0.7,0.000173861,83865.6,1598.21,4193.28,0.01,0.95,10,10000,0.938,0.497,122,105,0.0178534,0,0.860656
3555,10000,6.3864,5.62342,7.49894,0.0196269,0.0158489,0.0251189,0.342887,0.3,0.4,0.742513,0.7,0.8,0.000173861,71492,1512.48,3574.6,0.01,0.95,10,10000,0.938,0.497,104,87,0.0196136,0,0.836538
3556,10000,6.41253,5.62342,7.49894,0.0198948,0.0158489,0.0251189,0.343347,0.3,0.4,0.844181,0.8,0.9,0.000173861,56368.7,1271.47,2818.43,0.01,0.95,10,10000,0.938,0.497,82,73,0.0214119,0,0.890244
3557,10000,6.34624,5.62342,7.49894,0.0191597,0.0158489,0.0251189,0.343233,0.3,0.4,0.947856,0.9,1,0.000173861,39183.1,1113.34,1959.16,0.01,0.95,10,10000,0.938,0.497,57,48,0.0264056,0,0.842105
3558,10000,6.44958,5.62342,7.49894,0.0199581,0.0158489,0.0251189,0.345574,0.3,0.4,1.19947,1,1.5,0.000869306,23647.3,393.429,1182.37,0.01,0.95,10,10000,0.938,0.497,172,142,0.0153523,0,0.825581
3559,10000,6.42088,5.62342,7.49894,0.021468,0.0158489,0.0251189,0.449386,0.4,0.5,0.0680241,0,0.1,0.000173861,10311.3,487.064,515.567,0.01,0.95,10,10000,0.938,0.497,15,15,0.0472358,0,1
3560,10000,6.38697,5.62342,7.49894,0.0200472,0.0158489,0.0251189,0.439832,0.4,0.5,0.158785,0.1,0.2,0.000173861,25434.6,926.419,1271.73,0.01,0.95,10,10000,0.938,0.497,37,30,0.0334007,0,0.810811
3561,10000,6.37137,5.62342,7.49894,0.0201483,0.0158489,0.0251189,0.43764,0.4,0.5,0.249745,0.2,0.3,0.000173861,39870.5,1044.21,1993.53,0.01,0.95,10,10000,0.938,0.497,58,53,0.0251292,0,0.913793
3562,10000,6.29469,5.62342,7.49894,0.0198447,0.0158489,0.0251189,0.435447,0.4,0.5,0.34826,0.3,0.4,0.000173861,59118.4,1358.15,2955.92,0.01,0.95,10,10000,0.938,0.497,86,73,0.0214119,0,0.848837
3563,10000,6.31033,5.62342,7.49894,0.0198515,0.0158489,0.0251189,0.444804,0.4,0.5,0.44807,0.4,0.5,0.000173861,58431,1304.91,2921.55,0.01,0.95,10,10000,0.938,0.497,85,75,0.0211245,0,0.882353
3564,10000,6.46554,5.62342,7.49894,0.0198772,0.0158489,0.0251189,0.442179,0.4,0.5,0.551509,0.5,0.6,0.000173861,53619,1231.09,2680.95,0.01,0.95,10,10000,0.938,0.497,78,70,0.0218659,0,0.897436
3565,10000,6.40662,5.62342,7.49894,0.0208725,0.0158489,0.0251189,0.44255,0.4,0.5,0.648162,0.6,0.7,0.000173861,48119.6,1163.23,2405.98,0.01,0.95,10,10000,0.938,0.497,70,63,0.0230487,0,0.9
3566,10000,6.35242,5.62342,7.49894,0.0197078,0.0158489,0.0251189,0.439483,0.4,0.5,0.749073,0.7,0.8,0.000173861,31621.5,951.29,1581.07,0.01,0.95,10,10000,0.938,0.497,46,41,0.028571,0,0.891304
3567,10000,6.35212,5.62342,7.49894,0.0207246,0.0158489,0.0251189,0.444208,0.4,0.5,0.840892,0.8,0.9,0.000173861,32996.3,1176.57,1649.82,0.01,0.95,10,10000,0.938,0.497,48,34,0.0313745,0,0.708333
3568,10000,6.36432,5.62342,7.49894,0.0203171,0.0158489,0.0251189,0.433401,0.4,0.5,0.938116,0.9,1,0.000173861,26122.1,817.168,1306.1,0.01,0.95,10,10000,0.938,0.497,38,36,0.0304906,0,0.947368
3569,10000,6.32655,5.62342,7.49894,0.0200436,0.0158489,0.0251189,0.443579,0.4,0.5,1.24122,1,1.5,0.000869306,10311.3,263.106,515.567,0.01,0.95,10,10000,0.938,0.497,75,61,0.0234235,0,0.813333
3570,10000,5.99082,5.62342,7.49894,0.0229449,0.0158489,0.0251189,0.557252,0.5,0.6,0.0589303,0,0.1,0.000173861,4124.54,364.486,206.227,0.01,0.95,10,10000,0.938,0.497,6,5,0.0818148,0,0.833333
3571,10000,6.28305,5.62342,7.49894,0.0198178,0.0158489,0.0251189,0.553036,0.5,0.6,0.161734,0.1,0.2,0.000173861,12373.6,668.843,618.681,0.01,0.95,10,10000,0.938,0.497,18,14,0.0488937,0,0.777778
3572,10000,6.41966,5.62342,7.49894,0.020086,0.0158489,0.0251189,0.54099,0.5,0.6,0.251171,0.2,0.3,0.000173861,22685,816.018,1134.25,0.01,0.95,10,10000,0.938,0.497,33,29,0.0339717,0,0.878788
3573,10000,6.44492,5.62342,7.49894,0.0202369,0.0158489,0.0251189,0.558063,0.5,0.6,0.356964,0.3,0.4,0.000173861,26122.1,934.024,1306.1,0.01,0.95,10,10000,0.938,0.497,38,31,0.0328576,0,0.815789
3574,10000,6.35396,5.62342,7.49894,0.0200083,0.0158489,0.0251189,0.542061,0.5,0.6,0.445552,0.4,0.5,0.000173861,20622.7,787.688,1031.13,0.01,0.95,10,10000,0.938,0.497,30,26,0.0358782,0,0.866667
3575,10000,6.32851,5.62342,7.49894,0.0207238,0.0158489,0.0251189,0.542657,0.5,0.6,0.554741,0.5,0.6,0.000173861,30934,964.717,1546.7,0.01,0.95,10,10000,0.938,0.497,45,39,0.0292944,0,0.866667
3576,10000,6.2203,5.62342,7.49894,0.0197813,0.0158489,0.0251189,0.540575,0.5,0.6,0.64178,0.6,0.7,0.000173861,14435.9,665.457,721.794,0.01,0.95,10,10000,0.938,0.497,21,18,0.0431202,0,0.857143
3577,10000,6.43029,5.62342,7.49894,0.0200282,0.0158489,0.0251189,0.540402,0.5,0.6,0.744787,0.7,0.8,0.000173861,21997.5,860.044,1099.88,0.01,0.95,10,10000,0.938,0.497,32,26,0.0358782,0,0.8125
3578,10000,6.33615,5.62342,7.49894,0.019785,0.0158489,0.0251189,0.551094,0.5,0.6,0.850407,0.8,0.9,0.000173861,18560.4,730.597,928.021,0.01,0.95,10,10000,0.938,0.497,27,24,0.0373432,0,0.888889
3579,10000,6.38326,5.62342,7.49894,0.021488,0.0158489,0.0251189,0.54224,0.5,0.6,0.941765,0.9,1,0.000173861,8936.5,-nan,446.825,0.01,0.95,10,10000,0.938,0.497,13,15,0.0472358,0,1.15385
3580,10000,6.30135,5.62342,7.49894,0.0196676,0.0158489,0.0251189,0.550063,0.5,0.6,1.18488,1,1.5,0.000869306,6736.74,212.008,336.837,0.01,0.95,10,10000,0.938,0.497,49,40,0.0289259,0,0.816327
3581,10000,6.70105,5.62342,7.49894,0.0207866,0.0158489,0.0251189,0.637531,0.6,0.7,0.0456519,0,0.1,0.000173861,2749.69,251.519,137.485,0.01,0.95,10,10000,0.938,0.497,4,4,0.0914717,0,1
3582,10000,6.47069,5.62342,7.49894,0.0207673,0.0158489,0.0251189,0.654511,0.6,0.7,0.159769,0.1,0.2,0.000173861,7561.65,456.907,378.083,0.01,0.95,10,10000,0.938,0.497,11,10,0.0578518,0,0.909091
3583,10000,6.32897,5.62342,7.49894,0.0212595,0.0158489,0.0251189,0.659467,0.6,0.7,0.247132,0.2,0.3,0.000173861,7561.65,551.768,378.083,0.01,0.95,10,10000,0.938,0.497,11,8,0.0646803,0,0.727273
3584,10000,6.52086,5.62342,7.49894,0.0205456,0.0158489,0.0251189,0.642896,0.6,0.7,0.3542,0.3,0.4,0.000173861,9623.92,470.549,481.196,0.01,0.95,10,10000,0.938,0.497,14,14,0.0488937,0,1
3585,10000,6.27299,5.62342,7.49894,0.0199199,0.0158489,0.0251189,0.651948,0.6,0.7,0.457915,0.4,0.5,0.000173861,18560.4,886.911,928.021,0.01,0.95,10,10000,0.938,0.497,27,19,0.0419701,0,0.703704
3586,10000,6.12842,5.62342,7.49894,0.019428,0.0158489,0.0251189,0.643316,0.6,0.7,0.553459,0.5,0.6,0.000173861,12373.6,533.552,618.681,0.01,0.95,10,10000,0.938,0.497,18,18,0.0431202,0,1
3587,10000,6.17817,5.62342,7.49894,0.0195214,0.0158489,0.0251189,0.647775,0.6,0.7,0.644587,0.6,0.7,0.000173861,8936.5,573.552,446.825,0.01,0.95,10,10000,0.938,0.497,13,10,0.0578518,0,0.769231
3588,10000,6.61976,5.62342,7.49894,0.0198646,0.0158489,0.0251189,0.657855,0.6,0.7,0.766084,0.7,0.8,0.000173861,9623.92,-nan,481.196,0.01,0.95,10,10000,0.938,0.497,14,15,0.0472358,0,1.07143
3589,10000,6.12409,5.62342,7.49894,0.0192387,0.0158489,0.0251189,0.663167,0.6,0.7,0.865303,0.8,0.9,0.000173861,9623.92,815.015,481.196,0.01,0.95,10,10000,0.938,0.497,14,7,0.0691461,0,0.5
3590,10000,6.71149,5.62342,7.49894,0.0197886,0.0158489,0.0251189,0.65311,0.6,0.7,0.930321,0.9,1,0.000173861,7561.65,551.768,378.083,0.01,0.95,10,10000,0.938,0.497,11,8,0.0646803,0,0.727273
3591,10000,6.43417,5.62342,7.49894,0.0187419,0.0158489,0.0251189,0.633633,0.6,0.7,1.23116,1,1.5,0.000869306,4124.54,168.724,206.227,0.01,0.95,10,10000,0.938,0.497,30,24,0.0373432,0,0.8
3592,10000,5.90205,5.62342,7.49894,0.0225269,0.0158489,0.0251189,0.765911,0.7,0.8,0.0595662,0,0.1,0.000173861,687.423,125.759,34.3711,0.01,0.95,10,10000,0.938,0.497,1,1,0.182943,0,1
3593,10000,6.06467,5.62342,7.49894,0.0229978,0.0158489,0.0251189,0.706941,0.7,0.8,0.156783,0.1,0.2,0.000173861,3437.11,562.414,171.856,0.01,0.95,10,10000,0.938,0.497,5,2,0.129361,0,0.4
3594,10000,6.27713,5.62342,7.49894,0.0203103,0.0158489,0.0251189,0.753959,0.7,0.8,0.239443,0.2,0.3,0.000173861,6186.81,377.278,309.34,0.01,0.95,10,10000,0.938,0.497,9,9,0.0609811,0,1
3595,10000,6.31738,5.62342,7.49894,0.0200166,0.0158489,0.0251189,0.742422,0.7,0.8,0.349504,0.3,0.4,0.000173861,7561.65,551.768,378.083,0.01,0.95,10,10000,0.938,0.497,11,8,0.0646803,0,0.727273
3596,10000,6.13794,5.62342,7.49894,0.0198027,0.0158489,0.0251189,0.747954,0.7,0.8,0.436539,0.4,0.5,0.000173861,4124.54,-nan,206.227,0.01,0.95,10,10000,0.938,0.497,6,7,0.0691461,0,1.16667
3597,10000,6.30292,5.62342,7.49894,0.0192479,0.0158489,0.0251189,0.727757,0.7,0.8,0.542035,0.5,0.6,0.000173861,6186.81,421.81,309.34,0.01,0.95,10,10000,0.938,0.497,9,8,0.0646803,0,0.888889
3598,10000,6.27526,5.62342,7.49894,0.0218328,0.0158489,0.0251189,0.745447,0.7,0.8,0.650861,0.6,0.7,0.000173861,8936.5,529.495,446.825,0.01,0.95,10,10000,0.938,0.497,13,11,0.0551595,0,0.846154
3599,10000,6.08424,5.62342,7.49894,0.0228814,0.0158489,0.0251189,0.743819,0.7,0.8,0.755246,0.7,0.8,0.000173861,2749.69,435.644,137.485,0.01,0.95,10,10000,0.938,0.497,4,2,0.129361,0,0.5
3600,10000,6.4147,5.62342,7.49894,0.021104,0.0158489,0.0251189,0.731361,0.7,0.8,0.8442,0.8,0.9,0.000173861,7561.65,551.768,378.083,0.01,0.95,10,10000,0.938,0.497,11,8,0.0646803,0,0.727273
3601,10000,6.43799,5.62342,7.49894,0.0208264,0.0158489,0.0251189,0.742702,0.7,0.8,0.918785,0.9,1,0.000173861,2749.69,324.71,137.485,0.01,0.95,10,10000,0.938,0.497,4,3,0.105622,0,0.75
3602,10000,6.10107,5.62342,7.49894,0.0197271,0.0158489,0.0251189,0.743813,0.7,0.8,1.22106,1,1.5,0.000869306,2474.72,106.71,123.736,0.01,0.95,10,10000,0.938,0.497,18,18,0.0431202,0,1
3603,10000,6.62483,5.62342,7.49894,0.0187036,0.0158489,0.0251189,0.887718,0.8,0.9,0.0657655,0,0.1,0.000173861,1374.85,177.851,68.7423,0.01,0.95,10,10000,0.938,0.497,2,2,0.129361,0,1
3604,10000,6.87156,5.62342,7.49894,0.0211637,0.0158489,0.0251189,0.800204,0.8,0.9,0.172047,0.1,0.2,0.000173861,0,0,0,0.01,0.95,10,10000,0.938,0.497,0,1,0.182943,0,0
3605,10000,6.74063,5.62342,7.49894,0.0183041,0.0158489,0.0251189,0.832662,0.8,0.9,0.256832,0.2,0.3,0.000173861,2749.69,324.71,137.485,0.01,0.95,10,10000,0.938,0.497,4,3,0.105622,0,0.75
3606,10000,6.29896,5.62342,7.49894,0.019767,0.0158489,0.0251189,0.82489,0.8,0.9,0.357136,0.3,0.4,0.000173861,2062.27,217.822,103.113,0.01,0.95,10,10000,0.938,0.497,3,3,0.105622,0,1
3607,10000,6.26757,5.62342,7.49894,0.0194416,0.0158489,0.0251189,0.865678,0.8,0.9,0.424018,0.4,0.5,0.000173861,5499.38,740.452,274.969,0.01,0.95,10,10000,0.938,0.497,8,3,0.105622,0,0.375
3608,10000,6.27244,5.62342,7.49894,0.0192554,0.0158489,0.0251189,0.841556,0.8,0.9,0.550419,0.5,0.6,0.000173861,2749.69,324.71,137.485,0.01,0.95,10,10000,0.938,0.497,4,3,0.105622,0,0.75
3609,10000,6.45996,5.62342,7.49894,0.0200809,0.0158489,0.0251189,0.871754,0.8,0.9,0.65052,0.6,0.7,0.000173861,2062.27,217.822,103.113,0.01,0.95,10,10000,0.938,0.497,3,3,0.105622,0,1
3610,10000,6.31619,5.62342,7.49894,0.0208672,0.0158489,0.0251189,0.862477,0.8,0.9,0.745405,0.7,0.8,0.000173861,2749.69,251.519,137.485,0.01,0.95,10,10000,0.938,0.497,4,4,0.0914717,0,1
3611,10000,6.12793,5.62342,7.49894,0.0214443,0.0158489,0.0251189,0.847872,0.8,0.9,0.849814,0.8,0.9,0.000173861,4124.54,364.486,206.227,0.01,0.95,10,10000,0.938,0.497,6,5,0.0818148,0,0.833333
3612,10000,6.17474,5.62342,7.49894,0.019089,0.0158489,0.0251189,0.805537,0.8,0.9,0.904319,0.9,1,0.000173861,2062.27,308.047,103.113,0.01,0.95,10,10000,0.938,0.497,3,2,0.129361,0,0.666667
3613,10000,6.46624,5.62342,7.49894,0.0180593,0.0158489,0.0251189,0.82783,0.8,0.9,1.29815,1,1.5,0.000869306,549.938,87.1287,27.4969,0.01,0.95,10,10000,0.938,0.497,4,2,0.129361,0,0.5
3614,10000,7.15154,5.62342,7.49894,0.0159231,0.0158489,0.0251189,0.916872,0.9,1,0.0758728,0,0.1,0.000173861,1374.85,308.047,68.7423,0.01,0.95,10,10000,0.938,0.497,2,1,0.182943,0,0.5
3615,10000,6.80255,5.62342,7.49894,0.0198537,0.0158489,0.0251189,0.955501,0.9,1,0.251519,0.2,0.3,0.000173861,1374.85,177.851,68.7423,0.01,0.95,10,10000,0.938,0.497,2,2,0.129361,0,1
3616,10000,5.71467,5.62342,7.49894,0.0189528,0.0158489,0.0251189,0.952968,0.9,1,0.371173,0.3,0.4,0.000173861,1374.85,308.047,68.7423,0.01,0.95,10,10000,0.938,0.497,2,1,0.182943,0,0.5
3617,10000,6.12791,5.62342,7.49894,0.0206428,0.0158489,0.0251189,0.900871,0.9,1,0.419799,0.4,0.5,0.000173861,0,0,0,0.01,0.95,10,10000,0.938,0.497,0,1,0.182943,0,0
3618,10000,5.6847,5.62342,7.49894,0.0232203,0.0158489,0.0251189,0.964413,0.9,1,0.529858,0.5,0.6,0.000173861,687.423,125.759,34.3711,0.01,0.95,10,10000,0.938,0.497,1,1,0.182943,0,1
3619,10000,5.95016,5.62342,7.49894,0.0232899,0.0158489,0.0251189,0.91341,0.9,1,0.634225,0.6,0.7,0.000173861,1374.85,177.851,68.7423,0.01,0.95,10,10000,0.938,0.497,2,2,0.129361,0,1
3620,10000,5.96966,5.62342,7.49894,0.0239466,0.0158489,0.0251189,0.905572,0.9,1,0.870339,0.8,0.9,0.000173861,687.423,125.759,34.3711,0.01,0.95,10,10000,0.938,0.497,1,1,0.182943,0,1
3621,10000,6.12575,5.62342,7.49894,0.0245181,0.0158489,0.0251189,0.929746,0.9,1,0.901118,0.9,1,0.000173861,1374.85,308.047,68.7423,0.01,0.95,10,10000,0.938,0.497,2,1,0.182943,0,0.5
3622,10000,6.38286,5.62342,7.49894,0.0318361,0.0251189,0.0398107,0.07117,0.05,0.1,0.069394,0,0.1,0.000137774,218605,4102.77,10930.2,0.01,0.95,10,10000,0.938,0.497,252,138,0.0155732,0,0.547619
3623,10000,6.33179,5.62342,7.49894,0.0318396,0.0251189,0.0398107,0.071289,0.05,0.1,0.150966,0.1,0.2,0.000137774,507475,6323.84,25373.7,0.01,0.95,10,10000,0.938,0.497,585,315,0.0103077,0,0.538462
3624,10000,6.37859,5.62342,7.49894,0.0323678,0.0251189,0.0398107,0.0705907,0.05,0.1,0.25038,0.2,0.3,0.000137774,628922,6947.22,31446.1,0.01,0.95,10,10000,0.938,0.497,725,398,0.00917012,0,0.548966
3625,10000,6.35454,5.62342,7.49894,0.0324344,0.0251189,0.0398107,0.0719137,0.05,0.1,0.349998,0.3,0.4,0.000137774,615910,6764.43,30795.5,0.01,0.95,10,10000,0.938,0.497,710,399,0.00915863,0,0.561972
3626,10000,6.3654,5.62342,7.49894,0.032421,0.0251189,0.0398107,0.0715369,0.05,0.1,0.453361,0.4,0.5,0.000137774,542174,6438.73,27108.7,0.01,0.95,10,10000,0.938,0.497,625,344,0.00986365,0,0.5504
3627,10000,6.33223,5.62342,7.49894,0.0322636,0.0251189,0.0398107,0.0720972,0.05,0.1,0.54828,0.5,0.6,0.000137774,436342,5117.26,21817.1,0.01,0.95,10,10000,0.938,0.497,503,328,0.0101014,0,0.652087
3628,10000,6.4095,5.62342,7.49894,0.0323039,0.0251189,0.0398107,0.0720982,0.05,0.1,0.648962,0.6,0.7,0.000137774,375618,4606.21,18780.9,0.01,0.95,10,10000,0.938,0.497,433,294,0.0106695,0,0.678984
3629,10000,6.41277,5.62342,7.49894,0.033058,0.0251189,0.0398107,0.070719,0.05,0.1,0.747187,0.7,0.8,0.000137774,258509,3854.93,12925.4,0.01,0.95,10,10000,0.938,0.497,298,200,0.0129361,0,0.671141
3630,10000,6.38945,5.62342,7.49894,0.0316962,0.0251189,0.0398107,0.0726955,0.05,0.1,0.845814,0.8,0.9,0.000137774,175231,3114.34,8761.53,0.01,0.95,10,10000,0.938,0.497,202,139,0.0155171,0,0.688119
3631,10000,6.49681,5.62342,7.49894,0.0311336,0.0251189,0.0398107,0.0749941,0.05,0.1,0.947577,0.9,1,0.000137774,111905,2074.28,5595.24,0.01,0.95,10,10000,0.938,0.497,129,111,0.0173642,0,0.860465
3632,10000,6.42018,5.62342,7.49894,0.0317801,0.0251189,0.0398107,0.0747234,0.05,0.1,1.1944,1,1.5,0.000688871,45976.4,627.863,2298.82,0.01,0.95,10,10000,0.938,0.497,265,214,0.0125058,0,0.807547
3633,10000,6.53528,5.62342,7.49894,0.0314344,0.0251189,0.0398107,0.123348,0.1,0.15,0.0663667,0,0.1,0.000137774,129254,2461.08,6462.72,0.01,0.95,10,10000,0.938,0.497,149,114,0.0171342,0,0.765101
3634,10000,6.45168,5.62342,7.49894,0.0319804,0.0251189,0.0398107,0.124213,0.1,0.15,0.151826,0.1,0.2,0.000137774,287135,3754.64,14356.8,0.01,0.95,10,10000,0.938,0.497,331,246,0.011664,0,0.743202
3635,10000,6.41611,5.62342,7.49894,0.0318913,0.0251189,0.0398107,0.124224,0.1,0.15,0.251442,0.2,0.3,0.000137774,383426,4620.12,19171.3,0.01,0.95,10,10000,0.938,0.497,442,303,0.0105098,0,0.68552
3636,10000,6.42208,5.62342,7.49894,0.0318656,0.0251189,0.0398107,0.124456,0.1,0.15,0.349175,0.3,0.4,0.000137774,414655,4713.2,20732.7,0.01,0.95,10,10000,0.938,0.497,478,336,0.00998038,0,0.702929
3637,10000,6.43413,5.62342,7.49894,0.0317581,0.0251189,0.0398107,0.123478,0.1,0.15,0.446894,0.4,0.5,0.000137774,357401,4691.55,17870.1,0.01,0.95,10,10000,0.938,0.497,412,264,0.0112594,0,0.640777
3638,10000,6.48276,5.62342,7.49894,0.0319128,0.0251189,0.0398107,0.123915,0.1,0.15,0.550834,0.5,0.6,0.000137774,284533,4074,14226.6,0.01,0.95,10,10000,0.938,0.497,328,218,0.0123905,0,0.664634
3639,10000,6.32263,5.62342,7.49894,0.0315735,0.0251189,0.0398107,0.124553,0.1,0.15,0.651339,0.6,0.7,0.000137774,248099,3775.72,12404.9,0.01,0.95,10,10000,0.938,0.497,286,192,0.0132028,0,0.671329
3640,10000,6.36533,5.62342,7.49894,0.031843,0.0251189,0.0398107,0.124668,0.1,0.15,0.742366,0.7,0.8,0.000137774,165688,3035.94,8284.42,0.01,0.95,10,10000,0.938,0.497,191,131,0.0159838,0,0.685864
3641,10000,6.41499,5.62342,7.49894,0.0328695,0.0251189,0.0398107,0.123952,0.1,0.15,0.848791,0.8,0.9,0.000137774,106700,2422.32,5334.99,0.01,0.95,10,10000,0.938,0.497,123,85,0.019843,0,0.691057
3642,10000,6.53219,5.62342,7.49894,0.0313841,0.0251189,0.0398107,0.125439,0.1,0.15,0.950334,0.9,1,0.000137774,90217.8,2224.31,4510.89,0.01,0.95,10,10000,0.938,0.497,104,72,0.0215601,0,0.692308
3643,10000,6.43979,5.62342,7.49894,0.0319203,0.0251189,0.0398107,0.124156,0.1,0.15,1.19217,1,1.5,0.000688871,37475.1,584.763,1873.75,0.01,0.95,10,10000,0.938,0.497,216,168,0.0141144,0,0.777778
3644,10000,6.5303,5.62342,7.49894,0.0313537,0.0251189,0.0398107,0.171009,0.15,0.2,0.0672261,0,0.1,0.000137774,69398.3,1784.59,3469.91,0.01,0.95,10,10000,0.938,0.497,80,62,0.0232338,0,0.775
3645,10000,6.39494,5.62342,7.49894,0.0321041,0.0251189,0.0398107,0.173263,0.15,0.2,0.155183,0.1,0.2,0.000137774,192580,2850.3,9629.01,0.01,0.95,10,10000,0.938,0.497,222,181,0.0135981,0,0.815315
3646,10000,6.39056,5.62342,7.49894,0.0318798,0.0251189,0.0398107,0.174476,0.15,0.2,0.251723,0.2,0.3,0.000137774,255039,3468.77,12751.9,0.01,0.95,10,10000,0.938,0.497,294,224,0.0122234,0,0.761905
3647,10000,6.31806,5.62342,7.49894,0.0320128,0.0251189,0.0398107,0.172733,0.15,0.2,0.350091,0.3,0.4,0.000137774,258509,3371.76,12925.4,0.01,0.95,10,10000,0.938,0.497,298,237,0.0118835,0,0.795302
3648,10000,6.40601,5.62342,7.49894,0.0313492,0.0251189,0.0398107,0.170673,0.15,0.2,0.449021,0.4,0.5,0.000137774,250701,3236.14,12535.1,0.01,0.95,10,10000,0.938,0.497,289,237,0.0118835,0,0.820069
3649,10000,6.45947,5.62342,7.49894,0.0316551,0.0251189,0.0398107,0.174481,0.15,0.2,0.550318,0.5,0.6,0.000137774,230749,3321.48,11537.5,0.01,0.95,10,10000,0.938,0.497,266,201,0.0129038,0,0.755639
3650,10000,6.45917,5.62342,7.49894,0.0315091,0.0251189,0.0398107,0.172081,0.15,0.2,0.650912,0.6,0.7,0.000137774,163086,3046.86,8154.3,0.01,0.95,10,10000,0.938,0.497,188,127,0.0162336,0,0.675532
3651,10000,6.43065,5.62342,7.49894,0.0317609,0.0251189,0.0398107,0.173867,0.15,0.2,0.745619,0.7,0.8,0.000137774,130122,2922.53,6506.09,0.01,0.95,10,10000,0.938,0.497,150,92,0.0190732,0,0.613333
3652,10000,6.38803,5.62342,7.49894,0.032217,0.0251189,0.0398107,0.171879,0.15,0.2,0.843681,0.8,0.9,0.000137774,101495,2427.64,5074.75,0.01,0.95,10,10000,0.938,0.497,117,78,0.0207143,0,0.666667
3653,10000,6.40461,5.62342,7.49894,0.0312461,0.0251189,0.0398107,0.171593,0.15,0.2,0.941217,0.9,1,0.000137774,71133.2,1942.77,3556.66,0.01,0.95,10,10000,0.938,0.497,82,58,0.0240216,0,0.707317
3654,10000,6.40843,5.62342,7.49894,0.0314866,0.0251189,0.0398107,0.172303,0.15,0.2,1.18821,1,1.5,0.000688871,34178.7,600.056,1708.93,0.01,0.95,10,10000,0.938,0.497,197,140,0.0154615,0,0.71066
3655,10000,6.37199,5.62342,7.49894,0.0318602,0.0251189,0.0398107,0.223535,0.2,0.25,0.0690415,0,0.1,0.000137774,44241.4,1354.6,2212.07,0.01,0.95,10,10000,0.938,0.497,51,42,0.0282288,0,0.823529
3656,10000,6.32582,5.62342,7.49894,0.0313784,0.0251189,0.0398107,0.224156,0.2,0.25,0.155201,0.1,0.2,0.000137774,130122,2413.88,6506.09,0.01,0.95,10,10000,0.938,0.497,150,118,0.0168413,0,0.786667
3657,10000,6.36565,5.62342,7.49894,0.032015,0.0251189,0.0398107,0.22492,0.2,0.25,0.249591,0.2,0.3,0.000137774,179568,2819.09,8978.4,0.01,0.95,10,10000,0.938,0.497,207,164,0.0142855,0,0.792271
3658,10000,6.40999,5.62342,7.49894,0.0320896,0.0251189,0.0398107,0.222229,0.2,0.25,0.350439,0.3,0.4,0.000137774,187375,2881.54,9368.77,0.01,0.95,10,10000,0.938,0.497,216,171,0.01399,0,0.791667
3659,10000,6.48486,5.62342,7.49894,0.031523,0.0251189,0.0398107,0.223848,0.2,0.25,0.454247,0.4,0.5,0.000137774,188243,2830.47,9412.14,0.01,0.95,10,10000,0.938,0.497,217,176,0.0137899,0,0.81106
3660,10000,6.43806,5.62342,7.49894,0.0318874,0.0251189,0.0398107,0.224763,0.2,0.25,0.544416,0.5,0.6,0.000137774,127519,2206.43,6375.97,0.01,0.95,10,10000,0.938,0.497,147,127,0.0162336,0,0.863946
3661,10000,6.42249,5.62342,7.49894,0.0320787,0.0251189,0.0398107,0.225571,0.2,0.25,0.646499,0.6,0.7,0.000137774,125784,2307.19,6289.22,0.01,0.95,10,10000,0.938,0.497,145,118,0.0168413,0,0.813793
3662,10000,6.49602,5.62342,7.49894,0.0313366,0.0251189,0.0398107,0.223603,0.2,0.25,0.743487,0.7,0.8,0.000137774,91952.7,2077.89,4597.64,0.01,0.95,10,10000,0.938,0.497,106,81,0.020327,0,0.764151
3663,10000,6.41123,5.62342,7.49894,0.0323625,0.0251189,0.0398107,0.223602,0.2,0.25,0.851693,0.8,0.9,0.000137774,73735.7,1981.1,3686.78,0.01,0.95,10,10000,0.938,0.497,85,60,0.0236179,0,0.705882
3664,10000,6.43407,5.62342,7.49894,0.0310642,0.0251189,0.0398107,0.221957,0.2,0.25,0.948932,0.9,1,0.000137774,45108.9,1508.19,2255.44,0.01,0.95,10,10000,0.938,0.497,52,38,0.0296773,0,0.730769
3665,10000,6.41374,5.62342,7.49894,0.0318336,0.0251189,0.0398107,0.224888,0.2,0.25,1.19207,1,1.5,0.000688871,24289.4,626.595,1214.47,0.01,0.95,10,10000,0.938,0.497,140,74,0.0212667,0,0.528571
3666,10000,6.4049,5.62342,7.49894,0.0327291,0.0251189,0.0398107,0.271869,0.25,0.3,0.067508,0,0.1,0.000137774,21687,1156.71,1084.35,0.01,0.95,10,10000,0.938,0.497,25,16,0.0457358,0,0.64
3667,10000,6.29781,5.62342,7.49894,0.0329744,0.0251189,0.0398107,0.270192,0.25,0.3,0.158958,0.1,0.2,0.000137774,75470.6,1700.68,3773.53,0.01,0.95,10,10000,0.938,0.497,87,75,0.0211245,0,0.862069
3668,10000,6.35376,5.62342,7.49894,0.0317224,0.0251189,0.0398107,0.273054,0.25,0.3,0.25381,0.2,0.3,0.000137774,129254,2202.17,6462.72,0.01,0.95,10,10000,0.938,0.497,149,130,0.0160452,0,0.872483
3669,10000,6.44109,5.62342,7.49894,0.0324707,0.0251189,0.0398107,0.27342,0.25,0.3,0.35563,0.3,0.4,0.000137774,111037,2052.12,5551.86,0.01,0.95,10,10000,0.938,0.497,128,111,0.0173642,0,0.867188
3670,10000,6.44388,5.62342,7.49894,0.0320672,0.0251189,0.0398107,0.274249,0.25,0.3,0.446484,0.4,0.5,0.000137774,122314,2221.6,6115.72,0.01,0.95,10,10000,0.938,0.497,141,118,0.0168413,0,0.836879
3671,10000,6.35403,5.62342,7.49894,0.0317128,0.0251189,0.0398107,0.272637,0.25,0.3,0.547044,0.5,0.6,0.000137774,111905,2247.29,5595.24,0.01,0.95,10,10000,0.938,0.497,129,101,0.0182035,0,0.782946
3672,10000,6.34731,5.62342,7.49894,0.0317518,0.0251189,0.0398107,0.272728,0.25,0.3,0.647653,0.6,0.7,0.000137774,82410.5,1894.45,4120.52,0.01,0.95,10,10000,0.938,0.497,95,76,0.020985,0,0.8
3673,10000,6.37793,5.62342,7.49894,0.0312554,0.0251189,0.0398107,0.274318,0.25,0.3,0.751571,0.7,0.8,0.000137774,71133.2,1773.55,3556.66,0.01,0.95,10,10000,0.938,0.497,82,65,0.0226913,0,0.792683
3674,10000,6.42596,5.62342,7.49894,0.0327134,0.0251189,0.0398107,0.275828,0.25,0.3,0.836902,0.8,0.9,0.000137774,56386.1,1592.43,2819.31,0.01,0.95,10,10000,0.938,0.497,65,51,0.0256172,0,0.784615
3675,10000,6.44472,5.62342,7.49894,0.0313201,0.0251189,0.0398107,0.274389,0.25,0.3,0.945264,0.9,1,0.000137774,37301.6,1286.98,1865.08,0.01,0.95,10,10000,0.938,0.497,43,34,0.0313745,0,0.790698
3676,10000,6.46387,5.62342,7.49894,0.0320943,0.0251189,0.0398107,0.27229,0.25,0.3,1.20348,1,1.5,0.000688871,20299,499.881,1014.95,0.01,0.95,10,10000,0.938,0.497,117,75,0.0211245,0,0.641026
3677,10000,6.46399,5.62342,7.49894,0.031925,0.0251189,0.0398107,0.341198,0.3,0.4,0.0576155,0,0.1,0.000275548,16048.4,655.813,802.418,0.01,0.95,10,10000,0.938,0.497,37,26,0.0358782,0,0.702703
3678,10000,6.44492,5.62342,7.49894,0.0325144,0.0251189,0.0398107,0.340117,0.3,0.4,0.15182,0.1,0.2,0.000275548,36867.8,895.985,1843.39,0.01,0.95,10,10000,0.938,0.497,85,68,0.0221851,0,0.8
3679,10000,6.40102,5.62342,7.49894,0.0318697,0.0251189,0.0398107,0.342724,0.3,0.4,0.256084,0.2,0.3,0.000275548,56386.1,1073.31,2819.31,0.01,0.95,10,10000,0.938,0.497,130,108,0.0176037,0,0.830769
3680,10000,6.39171,5.62342,7.49894,0.0319237,0.0251189,0.0398107,0.34531,0.3,0.4,0.350731,0.3,0.4,0.000275548,74169.4,1333.33,3708.47,0.01,0.95,10,10000,0.938,0.497,171,129,0.0161073,0,0.754386
3681,10000,6.38801,5.62342,7.49894,0.0316411,0.0251189,0.0398107,0.346041,0.3,0.4,0.449226,0.4,0.5,0.000275548,69832,1177.46,3491.6,0.01,0.95,10,10000,0.938,0.497,161,136,0.0156873,0,0.84472
3682,10000,6.42598,5.62342,7.49894,0.0318714,0.0251189,0.0398107,0.346113,0.3,0.4,0.551228,0.5,0.6,0.000275548,56386.1,1135.15,2819.31,0.01,0.95,10,10000,0.938,0.497,130,101,0.0182035,0,0.776923
3683,10000,6.3797,5.62342,7.49894,0.0318125,0.0251189,0.0398107,0.343568,0.3,0.4,0.65204,0.6,0.7,0.000275548,57687.3,1032.69,2884.37,0.01,0.95,10,10000,0.938,0.497,133,117,0.0169131,0,0.879699
3684,10000,6.42905,5.62342,7.49894,0.0314564,0.0251189,0.0398107,0.343739,0.3,0.4,0.74813,0.7,0.8,0.000275548,36434.1,915.476,1821.7,0.01,0.95,10,10000,0.938,0.497,84,65,0.0226913,0,0.77381
3685,10000,6.24216,5.62342,7.49894,0.0304772,0.0251189,0.0398107,0.342723,0.3,0.4,0.847151,0.8,0.9,0.000275548,40337.8,1031.82,2016.89,0.01,0.95,10,10000,0.938,0.497,93,66,0.0225188,0,0.709677
3686,10000,6.44835,5.62342,7.49894,0.0310352,0.0251189,0.0398107,0.349406,0.3,0.4,0.945469,0.9,1,0.000275548,26458.1,661.804,1322.9,0.01,0.95,10,10000,0.938,0.497,61,57,0.0242314,0,0.934426
3687,10000,6.48107,5.62342,7.49894,0.0322974,0.0251189,0.0398107,0.340462,0.3,0.4,1.20138,1,1.5,0.00137774,13359.2,256.912,667.958,0.01,0.95,10,10000,0.938,0.497,154,114,0.0171342,0,0.74026
3688,10000,6.5297,5.62342,7.49894,0.0346437,0.0251189,0.0398107,0.440625,0.4,0.5,0.0600599,0,0.1,0.000275548,6506.09,351.434,325.304,0.01,0.95,10,10000,0.938,0.497,15,13,0.0507394,0,0.866667
3689,10000,6.4643,5.62342,7.49894,0.0310119,0.0251189,0.0398107,0.443945,0.4,0.5,0.161605,0.1,0.2,0.000275548,19084.5,563.545,954.226,0.01,0.95,10,10000,0.938,0.497,44,41,0.028571,0,0.931818
3690,10000,6.33889,5.62342,7.49894,0.0306306,0.0251189,0.0398107,0.445361,0.4,0.5,0.242978,0.2,0.3,0.000275548,28626.8,799.578,1431.34,0.01,0.95,10,10000,0.938,0.497,66,52,0.0253697,0,0.787879
3691,10000,6.4339,5.62342,7.49894,0.0319109,0.0251189,0.0398107,0.441026,0.4,0.5,0.342064,0.3,0.4,0.000275548,29494.3,725.547,1474.71,0.01,0.95,10,10000,0.938,0.497,68,61,0.0234235,0,0.897059
3692,10000,6.43857,5.62342,7.49894,0.0318875,0.0251189,0.0398107,0.445136,0.4,0.5,0.454063,0.4,0.5,0.000275548,32530.4,916.252,1626.52,0.01,0.95,10,10000,0.938,0.497,75,54,0.0248954,0,0.72
3693,10000,6.40791,5.62342,7.49894,0.0310389,0.0251189,0.0398107,0.445821,0.4,0.5,0.543466,0.5,0.6,0.000275548,26891.8,760.103,1344.59,0.01,0.95,10,10000,0.938,0.497,62,50,0.0258721,0,0.806452
3694,10000,6.38746,5.62342,7.49894,0.0318048,0.0251189,0.0398107,0.441115,0.4,0.5,0.650846,0.6,0.7,0.000275548,25590.6,749.121,1279.53,0.01,0.95,10,10000,0.938,0.497,59,47,0.026685,0,0.79661
3695,10000,6.35072,5.62342,7.49894,0.0315234,0.0251189,0.0398107,0.454568,0.4,0.5,0.746562,0.7,0.8,0.000275548,24723.1,799.378,1236.16,0.01,0.95,10,10000,0.938,0.497,57,41,0.028571,0,0.719298
3696,10000,6.50584,5.62342,7.49894,0.0319316,0.0251189,0.0398107,0.443381,0.4,0.5,0.84464,0.8,0.9,0.000275548,21253.2,697.955,1062.66,0.01,0.95,10,10000,0.938,0.497,49,38,0.0296773,0,0.77551
3697,10000,6.27225,5.62342,7.49894,0.0321652,0.0251189,0.0398107,0.430345,0.4,0.5,0.951143,0.9,1,0.000275548,18217,863.286,910.852,0.01,0.95,10,10000,0.938,0.497,42,22,0.0390037,0,0.52381
3698,10000,6.37793,5.62342,7.49894,0.0323693,0.0251189,0.0398107,0.445859,0.4,0.5,1.19095,1,1.5,0.00137774,5812.11,160.59,290.605,0.01,0.95,10,10000,0.938,0.497,67,53,0.0251292,0,0.791045
3699,10000,6.1074,5.62342,7.49894,0.0358964,0.0251189,0.0398107,0.569661,0.5,0.6,0.0806434,0,0.1,0.000275548,3903.65,336.652,195.183,0.01,0.95,10,10000,0.938,0.497,9,6,0.0746863,0,0.666667
3700,10000,6.25692,5.62342,7.49894,0.0346268,0.0251189,0.0398107,0.546668,0.5,0.6,0.14169,0.1,0.2,0.000275548,6506.09,403.898,325.304,0.01,0.95,10,10000,0.938,0.497,15,11,0.0551595,0,0.733333
3701,10000,6.37289,5.62342,7.49894,0.0317326,0.0251189,0.0398107,0.545313,0.5,0.6,0.249433,0.2,0.3,0.000275548,11277.2,454.326,563.861,0.01,0.95,10,10000,0.938,0.497,26,23,0.0381463,0,0.884615
3702,10000,6.27817,5.62342,7.49894,0.0313576,0.0251189,0.0398107,0.54219,0.5,0.6,0.339987,0.3,0.4,0.000275548,17349.6,683.909,867.479,0.01,0.95,10,10000,0.938,0.497,40,28,0.0345731,0,0.7
3703,10000,6.40105,5.62342,7.49894,0.0308887,0.0251189,0.0398107,0.539352,0.5,0.6,0.449296,0.4,0.5,0.000275548,17349.6,614.64,867.479,0.01,0.95,10,10000,0.938,0.497,40,32,0.0323401,0,0.8
3704,10000,6.50194,5.62342,7.49894,0.0303648,0.0251189,0.0398107,0.541053,0.5,0.6,0.542024,0.5,0.6,0.000275548,16048.4,696.668,802.418,0.01,0.95,10,10000,0.938,0.497,37,24,0.0373432,0,0.648649
3705,10000,6.35773,5.62342,7.49894,0.0303417,0.0251189,0.0398107,0.539817,0.5,0.6,0.645814,0.6,0.7,0.000275548,13879.7,579.489,693.983,0.01,0.95,10,10000,0.938,0.497,32,24,0.0373432,0,0.75
3706,10000,6.66052,5.62342,7.49894,0.0303845,0.0251189,0.0398107,0.543916,0.5,0.6,0.752028,0.7,0.8,0.000275548,9542.26,469.045,477.113,0.01,0.95,10,10000,0.938,0.497,22,17,0.0443703,0,0.772727
3707,10000,6.38501,5.62342,7.49894,0.0315762,0.0251189,0.0398107,0.54131,0.5,0.6,0.83625,0.8,0.9,0.000275548,9542.26,492.352,477.113,0.01,0.95,10,10000,0.938,0.497,22,16,0.0457358,0,0.727273
3708,10000,6.34067,5.62342,7.49894,0.0320349,0.0251189,0.0398107,0.545194,0.5,0.6,0.94259,0.9,1,0.000275548,11711,460.98,585.548,0.01,0.95,10,10000,0.938,0.497,27,24,0.0373432,0,0.888889
3709,10000,6.49285,5.62342,7.49894,0.0322748,0.0251189,0.0398107,0.53952,0.5,0.6,1.16161,1,1.5,0.00137774,4163.9,155.493,208.195,0.01,0.95,10,10000,0.938,0.497,48,32,0.0323401,0,0.666667
3710,10000,6.68784,5.62342,7.49894,0.0369637,0.0251189,0.0398107,0.66203,0.6,0.7,0.0715001,0,0.1,0.000275548,1301.22,137.438,65.0609,0.01,0.95,10,10000,0.938,0.497,3,3,0.105622,0,1
3711,10000,6.79915,5.62342,7.49894,0.0322766,0.0251189,0.0398107,0.633743,0.6,0.7,0.161658,0.1,0.2,0.000275548,2602.44,336.652,130.122,0.01,0.95,10,10000,0.938,0.497,6,3,0.105622,0,0.5
3712,10000,6.24236,5.62342,7.49894,0.0334006,0.0251189,0.0398107,0.652549,0.6,0.7,0.228856,0.2,0.3,0.000275548,6506.09,469.439,325.304,0.01,0.95,10,10000,0.938,0.497,15,9,0.0609811,0,0.6
3713,10000,6.19071,5.62342,7.49894,0.0305323,0.0251189,0.0398107,0.645017,0.6,0.7,0.357005,0.3,0.4,0.000275548,6506.09,351.434,325.304,0.01,0.95,10,10000,0.938,0.497,15,13,0.0507394,0,0.866667
3714,10000,6.22232,5.62342,7.49894,0.0325241,0.0251189,0.0398107,0.646636,0.6,0.7,0.452934,0.4,0.5,0.000275548,8674.79,614.64,433.739,0.01,0.95,10,10000,0.938,0.497,20,10,0.0578518,0,0.5
3715,10000,6.36004,5.62342,7.49894,0.0313499,0.0251189,0.0398107,0.645909,0.6,0.7,0.55094,0.5,0.6,0.000275548,6506.09,434.616,325.304,0.01,0.95,10,10000,0.938,0.497,15,10,0.0578518,0,0.666667
3716,10000,6.33715,5.62342,7.49894,0.0304458,0.0251189,0.0398107,0.655603,0.6,0.7,0.661633,0.6,0.7,0.000275548,7807.31,629.819,390.365,0.01,0.95,10,10000,0.938,0.497,18,8,0.0646803,0,0.444444
3717,10000,6.80694,5.62342,7.49894,0.0285256,0.0251189,0.0398107,0.653926,0.6,0.7,0.747319,0.7,0.8,0.000275548,8241.05,888.575,412.052,0.01,0.95,10,10000,0.938,0.497,19,5,0.0818148,0,0.263158
3718,10000,6.52019,5.62342,7.49894,0.032648,0.0251189,0.0398107,0.652007,0.6,0.7,0.854397,0.8,0.9,0.000275548,6939.83,438.55,346.991,0.01,0.95,10,10000,0.938,0.497,16,11,0.0551595,0,0.6875
3719,10000,6.5165,5.62342,7.49894,0.0325859,0.0251189,0.0398107,0.659163,0.6,0.7,0.926477,0.9,1,0.000275548,5204.87,476.098,260.244,0.01,0.95,10,10000,0.938,0.497,12,6,0.0746863,0,0.5
3720,10000,6.49759,5.62342,7.49894,0.0338409,0.0251189,0.0398107,0.648378,0.6,0.7,1.23384,1,1.5,0.00137774,1821.7,130.095,91.0852,0.01,0.95,10,10000,0.938,0.497,21,10,0.0578518,0,0.47619
3721,10000,6.29886,5.62342,7.49894,0.0330127,0.0251189,0.0398107,0.747095,0.7,0.8,0.0626655,0,0.1,0.000275548,1734.96,158.699,86.7479,0.01,0.95,10,10000,0.938,0.497,4,4,0.0914717,0,1
3722,10000,6.30829,5.62342,7.49894,0.0327152,0.0251189,0.0398107,0.735356,0.7,0.8,0.161312,0.1,0.2,0.000275548,2602.44,229.977,130.122,0.01,0.95,10,10000,0.938,0.497,6,5,0.0818148,0,0.833333
3723,10000,6.26179,5.62342,7.49894,0.0317508,0.0251189,0.0398107,0.7523,0.7,0.8,0.240065,0.2,0.3,0.000275548,8241.05,620.869,412.052,0.01,0.95,10,10000,0.938,0.497,19,9,0.0609811,0,0.473684
3724,10000,6.15243,5.62342,7.49894,0.0340523,0.0251189,0.0398107,0.759458,0.7,0.8,0.368547,0.3,0.4,0.000275548,2602.44,336.652,130.122,0.01,0.95,10,10000,0.938,0.497,6,3,0.105622,0,0.5
3725,10000,6.44181,5.62342,7.49894,0.0312801,0.0251189,0.0398107,0.748614,0.7,0.8,0.453202,0.4,0.5,0.000275548,3036.17,242.417,151.809,0.01,0.95,10,10000,0.938,0.497,7,6,0.0746863,0,0.857143
3726,10000,6.53837,5.62342,7.49894,0.0310076,0.0251189,0.0398107,0.733674,0.7,0.8,0.550619,0.5,0.6,0.000275548,5204.87,325.237,260.244,0.01,0.95,10,10000,0.938,0.497,12,10,0.0578518,0,0.833333
3727,10000,7.24336,5.62342,7.49894,0.0362057,0.0251189,0.0398107,0.717955,0.7,0.8,0.629753,0.6,0.7,0.000275548,3903.65,981.502,195.183,0.01,0.95,10,10000,0.938,0.497,9,1,0.182943,0,0.111111
3728,10000,5.76541,5.62342,7.49894,0.038474,0.0251189,0.0398107,0.740636,0.7,0.8,0.743833,0.7,0.8,0.000275548,433.739,-nan,21.687,0.01,0.95,10,10000,0.938,0.497,1,2,0.129361,0,2
3729,10000,6.0544,5.62342,7.49894,0.0311178,0.0251189,0.0398107,0.747475,0.7,0.8,0.837081,0.8,0.9,0.000275548,2602.44,336.652,130.122,0.01,0.95,10,10000,0.938,0.497,6,3,0.105622,0,0.5
3730,10000,6.4681,5.62342,7.49894,0.0277646,0.0251189,0.0398107,0.768179,0.7,0.8,0.96334,0.9,1,0.000275548,2168.7,354.863,108.435,0.01,0.95,10,10000,0.938,0.497,5,2,0.129361,0,0.4
3731,10000,6.19882,5.62342,7.49894,0.0322094,0.0251189,0.0398107,0.756652,0.7,0.8,1.17473,1,1.5,0.00137774,867.479,86.9233,43.3739,0.01,0.95,10,10000,0.938,0.497,10,5,0.0818148,0,0.5
3732,10000,6.36234,5.62342,7.49894,0.0293146,0.0251189,0.0398107,0.834516,0.8,0.9,0.0841913,0,0.1,0.000275548,433.739,79.3497,21.687,0.01,0.95,10,10000,0.938,0.497,1,1,0.182943,0,1
3733,10000,5.89767,5.62342,7.49894,0.0264163,0.0251189,0.0398107,0.878387,0.8,0.9,0.161172,0.1,0.2,0.000275548,1734.96,419.879,86.7479,0.01,0.95,10,10000,0.938,0.497,4,1,0.182943,0,0.25
3734,10000,6.16847,5.62342,7.49894,0.0340775,0.0251189,0.0398107,0.839397,0.8,0.9,0.251897,0.2,0.3,0.000275548,3036.17,331.944,151.809,0.01,0.95,10,10000,0.938,0.497,7,4,0.0914717,0,0.571429
3735,10000,6.69315,5.62342,7.49894,0.0311534,0.0251189,0.0398107,0.837518,0.8,0.9,0.355775,0.3,0.4,0.000275548,3036.17,242.417,151.809,0.01,0.95,10,10000,0.938,0.497,7,6,0.0746863,0,0.857143
3736,10000,7.32964,5.62342,7.49894,0.0313175,0.0251189,0.0398107,0.804938,0.8,0.9,0.428454,0.4,0.5,0.000275548,867.479,194.366,43.3739,0.01,0.95,10,10000,0.938,0.497,2,1,0.182943,0,0.5
3737,10000,6.22488,5.62342,7.49894,0.0325368,0.0251189,0.0398107,0.812215,0.8,0.9,0.638402,0.6,0.7,0.000275548,2602.44,434.616,130.122,0.01,0.95,10,10000,0.938,0.497,6,2,0.129361,0,0.333333
3738,10000,6.52285,5.62342,7.49894,0.0296197,0.0251189,0.0398107,0.845569,0.8,0.9,0.768316,0.7,0.8,0.000275548,1734.96,274.876,86.7479,0.01,0.95,10,10000,0.938,0.497,4,2,0.129361,0,0.5
3739,10000,6.26242,5.62342,7.49894,0.0323109,0.0251189,0.0398107,0.844911,0.8,0.9,0.823259,0.8,0.9,0.000275548,2602.44,274.876,130.122,0.01,0.95,10,10000,0.938,0.497,6,4,0.0914717,0,0.666667
3740,10000,6.23204,5.62342,7.49894,0.0263869,0.0251189,0.0398107,0.840468,0.8,0.9,1.24783,1,1.5,0.00137774,346.991,40.976,17.3496,0.01,0.95,10,10000,0.938,0.497,4,3,0.105622,0,0.75
3741,10000,6.46557,5.62342,7.49894,0.0276968,0.0251189,0.0398107,0.973138,0.9,1,0.46573,0.4,0.5,0.000275548,1301.22,194.366,65.0609,0.01,0.95,10,10000,0.938,0.497,3,2,0.129361,0,0.666667
3742,10000,6.62745,5.62342,7.49894,0.0354805,0.0251189,0.0398107,0.914567,0.9,1,0.580058,0.5,0.6,0.000275548,0,0,0,0.01,0.95,10,10000,0.938,0.497,0,1,0.182943,0,0
3743,10000,7.32917,5.62342,7.49894,0.0292275,0.0251189,0.0398107,0.965146,0.9,1,1.10478,1,1.5,0.00137774,260.244,61.464,13.0122,0.01,0.95,10,10000,0.938,0.497,3,1,0.182943,0,0.333333
3744,10000,6.36433,5.62342,7.49894,0.0518105,0.0398107,0.0630957,0.0705453,0.05,0.1,0.0675907,0,0.1,0.000218358,102900,1723.22,5145,0.01,0.95,10,10000,0.938,0.497,188,146,0.0151405,0,0.776596
3745,10000,6.35381,5.62342,7.49894,0.0514161,0.0398107,0.0630957,0.071552,0.05,0.1,0.15384,0.1,0.2,0.000218358,266007,2743.38,13300.4,0.01,0.95,10,10000,0.938,0.497,486,382,0.0093602,0,0.786008
3746,10000,6.3761,5.62342,7.49894,0.0511522,0.0398107,0.0630957,0.0720052,0.05,0.1,0.248976,0.2,0.3,0.000218358,351393,3060.44,17569.6,0.01,0.95,10,10000,0.938,0.497,642,523,0.00799956,0,0.814642
3747,10000,6.42393,5.62342,7.49894,0.0501073,0.0398107,0.0630957,0.0713065,0.05,0.1,0.350106,0.3,0.4,0.000218358,345919,3169.05,17296,0.01,0.95,10,10000,0.938,0.497,632,489,0.00827299,0,0.773734
3748,10000,6.33067,5.62342,7.49894,0.0506246,0.0398107,0.0630957,0.0716041,0.05,0.1,0.4483,0.4,0.5,0.000218358,338256,2920.94,16912.8,0.01,0.95,10,10000,0.938,0.497,618,520,0.0080226,0,0.841424
3749,10000,6.3585,5.62342,7.49894,0.0507104,0.0398107,0.0630957,0.0707184,0.05,0.1,0.547701,0.5,0.6,0.000218358,267649,2713.06,13382.5,0.01,0.95,10,10000,0.938,0.497,489,391,0.00925185,0,0.799591
3750,10000,6.43294,5.62342,7.49894,0.050781,0.0398107,0.0630957,0.0711288,0.05,0.1,0.649811,0.6,0.7,0.000218358,204158,2165.4,10207.9,0.01,0.95,10,10000,0.938,0.497,373,331,0.0100555,0,0.887399
3751,10000,6.41226,5.62342,7.49894,0.050788,0.0398107,0.0630957,0.071363,0.05,0.1,0.745024,0.7,0.8,0.000218358,151066,1953.71,7553.3,0.01,0.95,10,10000,0.938,0.497,276,232,0.0120108,0,0.84058
3752,10000,6.45538,5.62342,7.49894,0.0509113,0.0398107,0.0630957,0.0724849,0.05,0.1,0.846926,0.8,0.9,0.000218358,108921,1696.06,5446.04,0.01,0.95,10,10000,0.938,0.497,199,163,0.0143292,0,0.819095
3753,10000,6.3753,5.62342,7.49894,0.050254,0.0398107,0.0630957,0.0704878,0.05,0.1,0.945052,0.9,1,0.000218358,64586.2,1302.08,3229.31,0.01,0.95,10,10000,0.938,0.497,118,97,0.0185751,0,0.822034
3754,10000,6.45736,5.62342,7.49894,0.0502723,0.0398107,0.0630957,0.0733894,0.05,0.1,1.18678,1,1.5,0.00109179,28571.2,356.165,1428.56,0.01,0.95,10,10000,0.938,0.497,261,236,0.0119086,0,0.904215
3755,10000,6.41459,5.62342,7.49894,0.0512129,0.0398107,0.0630957,0.12545,0.1,0.15,0.0670786,0,0.1,0.000218358,65680.8,1744.51,3284.04,0.01,0.95,10,10000,0.938,0.497,120,68,0.0221851,0,0.566667
3756,10000,6.39756,5.62342,7.49894,0.0508422,0.0398107,0.0630957,0.125752,0.1,0.15,0.154984,0.1,0.2,0.000218358,161465,2748.62,8073.27,0.01,0.95,10,10000,0.938,0.497,295,166,0.0141992,0,0.562712
3757,10000,6.43055,5.62342,7.49894,0.050263,0.0398107,0.0630957,0.125025,0.1,0.15,0.249077,0.2,0.3,0.000218358,212915,2803.76,10645.8,0.01,0.95,10,10000,0.938,0.497,389,258,0.0113896,0,0.663239
3758,10000,6.42221,5.62342,7.49894,0.0512436,0.0398107,0.0630957,0.123355,0.1,0.15,0.350439,0.3,0.4,0.000218358,235356,2980.54,11767.8,0.01,0.95,10,10000,0.938,0.497,430,281,0.0109135,0,0.653488
3759,10000,6.43861,5.62342,7.49894,0.0506596,0.0398107,0.0630957,0.123424,0.1,0.15,0.447808,0.4,0.5,0.000218358,193759,2526.51,9687.93,0.01,0.95,10,10000,0.938,0.497,354,253,0.0115016,0,0.714689
3760,10000,6.3528,5.62342,7.49894,0.0503635,0.0398107,0.0630957,0.124867,0.1,0.15,0.547498,0.5,0.6,0.000218358,166939,2336.63,8346.94,0.01,0.95,10,10000,0.938,0.497,305,219,0.0123622,0,0.718033
3761,10000,6.45048,5.62342,7.49894,0.0507486,0.0398107,0.0630957,0.122989,0.1,0.15,0.643583,0.6,0.7,0.000218358,121510,2078.24,6075.48,0.01,0.95,10,10000,0.938,0.497,222,151,0.0148877,0,0.68018
3762,10000,6.40992,5.62342,7.49894,0.0503333,0.0398107,0.0630957,0.123849,0.1,0.15,0.744414,0.7,0.8,0.000218358,94689.9,1929.11,4734.49,0.01,0.95,10,10000,0.938,0.497,173,110,0.017443,0,0.635838
3763,10000,6.39242,5.62342,7.49894,0.0503812,0.0398107,0.0630957,0.125431,0.1,0.15,0.840878,0.8,0.9,0.000218358,78269.7,1548.73,3913.48,0.01,0.95,10,10000,0.938,0.497,143,107,0.0176858,0,0.748252
3764,10000,6.45407,5.62342,7.49894,0.0497095,0.0398107,0.0630957,0.122668,0.1,0.15,0.942974,0.9,1,0.000218358,47071.3,1221.42,2353.56,0.01,0.95,10,10000,0.938,0.497,86,63,0.0230487,0,0.732558
3765,10000,6.47616,5.62342,7.49894,0.0502377,0.0398107,0.0630957,0.124355,0.1,0.15,1.18955,1,1.5,0.00109179,24849.3,380.978,1242.46,0.01,0.95,10,10000,0.938,0.497,227,175,0.0138292,0,0.770925
3766,10000,6.46477,5.62342,7.49894,0.0504898,0.0398107,0.0630957,0.172813,0.15,0.2,0.0647126,0,0.1,0.000218358,43787.2,1111.31,2189.36,0.01,0.95,10,10000,0.938,0.497,80,63,0.0230487,0,0.7875
3767,10000,6.40668,5.62342,7.49894,0.0497061,0.0398107,0.0630957,0.171458,0.15,0.2,0.154717,0.1,0.2,0.000218358,108373,1747.63,5418.67,0.01,0.95,10,10000,0.938,0.497,198,156,0.0146472,0,0.787879
3768,10000,6.44461,5.62342,7.49894,0.0506985,0.0398107,0.0630957,0.172119,0.15,0.2,0.2504,0.2,0.3,0.000218358,147782,2162.4,7389.1,0.01,0.95,10,10000,0.938,0.497,270,198,0.0130012,0,0.733333
3769,10000,6.43071,5.62342,7.49894,0.0502441,0.0398107,0.0630957,0.173504,0.15,0.2,0.346469,0.3,0.4,0.000218358,150519,2294.9,7525.93,0.01,0.95,10,10000,0.938,0.497,275,189,0.0133072,0,0.687273
3770,10000,6.42762,5.62342,7.49894,0.050739,0.0398107,0.0630957,0.17318,0.15,0.2,0.444961,0.4,0.5,0.000218358,151613,2038.01,7580.66,0.01,0.95,10,10000,0.938,0.497,277,222,0.0122784,0,0.801444
3771,10000,6.49596,5.62342,7.49894,0.05037,0.0398107,0.0630957,0.174695,0.15,0.2,0.548641,0.5,0.6,0.000218358,132456,1840.48,6622.82,0.01,0.95,10,10000,0.938,0.497,242,202,0.0128719,0,0.834711
3772,10000,6.47362,5.62342,7.49894,0.0498594,0.0398107,0.0630957,0.173174,0.15,0.2,0.647428,0.6,0.7,0.000218358,103995,1718.56,5199.73,0.01,0.95,10,10000,0.938,0.497,190,149,0.0149873,0,0.784211
3773,10000,6.34423,5.62342,7.49894,0.0517471,0.0398107,0.0630957,0.174434,0.15,0.2,0.743498,0.7,0.8,0.000218358,70606.9,1417.94,3530.35,0.01,0.95,10,10000,0.938,0.497,129,101,0.0182035,0,0.782946
3774,10000,6.41127,5.62342,7.49894,0.0501051,0.0398107,0.0630957,0.17373,0.15,0.2,0.8461,0.8,0.9,0.000218358,58565.4,1395.72,2928.27,0.01,0.95,10,10000,0.938,0.497,107,76,0.020985,0,0.71028
3775,10000,6.26992,5.62342,7.49894,0.0506107,0.0398107,0.0630957,0.172122,0.15,0.2,0.946605,0.9,1,0.000218358,44881.9,1312.21,2244.1,0.01,0.95,10,10000,0.938,0.497,82,53,0.0251292,0,0.646341
3776,10000,6.43084,5.62342,7.49894,0.0510288,0.0398107,0.0630957,0.175233,0.15,0.2,1.20329,1,1.5,0.00109179,20798.9,365.552,1039.95,0.01,0.95,10,10000,0.938,0.497,190,138,0.0155732,0,0.726316
3777,10000,6.30532,5.62342,7.49894,0.0492215,0.0398107,0.0630957,0.217556,0.2,0.25,0.071484,0,0.1,0.000218358,22441,890.398,1122.05,0.01,0.95,10,10000,0.938,0.497,41,28,0.0345731,0,0.682927
3778,10000,6.41276,5.62342,7.49894,0.0503686,0.0398107,0.0630957,0.221922,0.2,0.25,0.153815,0.1,0.2,0.000218358,70606.9,1329.69,3530.35,0.01,0.95,10,10000,0.938,0.497,129,109,0.0175228,0,0.844961
3779,10000,6.42162,5.62342,7.49894,0.0504499,0.0398107,0.0630957,0.22264,0.2,0.25,0.250587,0.2,0.3,0.000218358,108921,1652.76,5446.04,0.01,0.95,10,10000,0.938,0.497,199,168,0.0141144,0,0.844221
3780,10000,6.44664,5.62342,7.49894,0.0497775,0.0398107,0.0630957,0.22482,0.2,0.25,0.351548,0.3,0.4,0.000218358,105089,1668.35,5254.47,0.01,0.95,10,10000,0.938,0.497,192,157,0.0146005,0,0.817708
3781,10000,6.34875,5.62342,7.49894,0.0511479,0.0398107,0.0630957,0.225292,0.2,0.25,0.447075,0.4,0.5,0.000218358,95784.6,1593.71,4789.23,0.01,0.95,10,10000,0.938,0.497,175,143,0.0152985,0,0.817143
3782,10000,6.4768,5.62342,7.49894,0.0504211,0.0398107,0.0630957,0.223554,0.2,0.25,0.548157,0.5,0.6,0.000218358,97973.9,1742.47,4898.7,0.01,0.95,10,10000,0.938,0.497,179,133,0.0158632,0,0.743017
3783,10000,6.35052,5.62342,7.49894,0.0512244,0.0398107,0.0630957,0.220623,0.2,0.25,0.651652,0.6,0.7,0.000218358,76080.3,1384.85,3804.02,0.01,0.95,10,10000,0.938,0.497,139,117,0.0169131,0,0.841727
3784,10000,6.35987,5.62342,7.49894,0.0503759,0.0398107,0.0630957,0.222756,0.2,0.25,0.74444,0.7,0.8,0.000218358,54186.7,1113.9,2709.34,0.01,0.95,10,10000,0.938,0.497,99,88,0.0195018,0,0.888889
3785,10000,6.28745,5.62342,7.49894,0.0523345,0.0398107,0.0630957,0.21873,0.2,0.25,0.842871,0.8,0.9,0.000218358,39408.5,977.128,1970.43,0.01,0.95,10,10000,0.938,0.497,72,62,0.0232338,0,0.861111
3786,10000,6.48938,5.62342,7.49894,0.0515178,0.0398107,0.0630957,0.226695,0.2,0.25,0.946495,0.9,1,0.000218358,32293.1,837.324,1614.65,0.01,0.95,10,10000,0.938,0.497,59,54,0.0248954,0,0.915254
3787,10000,6.42115,5.62342,7.49894,0.0506056,0.0398107,0.0630957,0.223995,0.2,0.25,1.18226,1,1.5,0.00109179,14011.9,280.682,700.596,0.01,0.95,10,10000,0.938,0.497,128,101,0.0182035,0,0.789062
3788,10000,6.45814,5.62342,7.49894,0.0502226,0.0398107,0.0630957,0.272761,0.25,0.3,0.0708989,0,0.1,0.000218358,18062.2,691.324,903.112,0.01,0.95,10,10000,0.938,0.497,33,27,0.0352075,0,0.818182
3789,10000,6.47996,5.62342,7.49894,0.0516359,0.0398107,0.0630957,0.270145,0.25,0.3,0.150668,0.1,0.2,0.000218358,49808,1236.78,2490.4,0.01,0.95,10,10000,0.938,0.497,91,68,0.0221851,0,0.747253
3790,10000,6.42185,5.62342,7.49894,0.0494159,0.0398107,0.0630957,0.274911,0.25,0.3,0.252117,0.2,0.3,0.000218358,70606.9,1288.29,3530.35,0.01,0.95,10,10000,0.938,0.497,129,113,0.0172099,0,0.875969
3791,10000,6.34267,5.62342,7.49894,0.0513016,0.0398107,0.0630957,0.273029,0.25,0.3,0.345468,0.3,0.4,0.000218358,64038.8,1287.19,3201.94,0.01,0.95,10,10000,0.938,0.497,117,97,0.0185751,0,0.82906
3792,10000,6.46331,5.62342,7.49894,0.0505333,0.0398107,0.0630957,0.274415,0.25,0.3,0.451408,0.4,0.5,0.000218358,64038.8,1287.19,3201.94,0.01,0.95,10,10000,0.938,0.497,117,97,0.0185751,0,0.82906
3793,10000,6.44772,5.62342,7.49894,0.0503543,0.0398107,0.0630957,0.272611,0.25,0.3,0.546463,0.5,0.6,0.000218358,53092,1255.84,2654.6,0.01,0.95,10,10000,0.938,0.497,97,74,0.0212667,0,0.762887
3794,10000,6.344,5.62342,7.49894,0.0499586,0.0398107,0.0630957,0.275473,0.25,0.3,0.650874,0.6,0.7,0.000218358,52544.7,1324.85,2627.23,0.01,0.95,10,10000,0.938,0.497,96,68,0.0221851,0,0.708333
3795,10000,6.32737,5.62342,7.49894,0.0502256,0.0398107,0.0630957,0.270728,0.25,0.3,0.746398,0.7,0.8,0.000218358,46523.9,1116.91,2326.2,0.01,0.95,10,10000,0.938,0.497,85,69,0.0220238,0,0.811765
3796,10000,6.4614,5.62342,7.49894,0.0505116,0.0398107,0.0630957,0.27116,0.25,0.3,0.851675,0.8,0.9,0.000218358,35029.8,952.921,1751.49,0.01,0.95,10,10000,0.938,0.497,64,53,0.0251292,0,0.828125
3797,10000,6.26003,5.62342,7.49894,0.049798,0.0398107,0.0630957,0.276782,0.25,0.3,0.94729,0.9,1,0.000218358,23535.6,792.61,1176.78,0.01,0.95,10,10000,0.938,0.497,43,35,0.0309231,0,0.813953
3798,10000,6.40465,5.62342,7.49894,0.0499647,0.0398107,0.0630957,0.270126,0.25,0.3,1.19162,1,1.5,0.00109179,8100.64,230.645,405.032,0.01,0.95,10,10000,0.938,0.497,74,53,0.0251292,0,0.716216
3799,10000,6.32495,5.62342,7.49894,0.0509525,0.0398107,0.0630957,0.346511,0.3,0.4,0.0572421,0,0.1,0.000436716,10673.1,442.172,533.657,0.01,0.95,10,10000,0.938,0.497,39,26,0.0358782,0,0.666667
3800,10000,6.34443,5.62342,7.49894,0.0499679,0.0398107,0.0630957,0.343014,0.3,0.4,0.156138,0.1,0.2,0.000436716,25725,576.444,1286.25,0.01,0.95,10,10000,0.938,0.497,94,78,0.0207143,0,0.829787
3801,10000,6.37454,5.62342,7.49894,0.0501479,0.0398107,0.0630957,0.349109,0.3,0.4,0.253776,0.2,0.3,0.000436716,41597.9,813.923,2079.89,0.01,0.95,10,10000,0.938,0.497,152,111,0.0173642,0,0.730263
3802,10000,6.38885,5.62342,7.49894,0.0513358,0.0398107,0.0630957,0.345604,0.3,0.4,0.351141,0.3,0.4,0.000436716,39955.8,783.85,1997.79,0.01,0.95,10,10000,0.938,0.497,146,109,0.0175228,0,0.746575
3803,10000,6.34542,5.62342,7.49894,0.0503315,0.0398107,0.0630957,0.345571,0.3,0.4,0.45023,0.4,0.5,0.000436716,46523.9,794.614,2326.2,0.01,0.95,10,10000,0.938,0.497,170,137,0.0156299,0,0.805882
3804,10000,6.33697,5.62342,7.49894,0.0509159,0.0398107,0.0630957,0.34501,0.3,0.4,0.549142,0.5,0.6,0.000436716,37766.5,774.18,1888.32,0.01,0.95,10,10000,0.938,0.497,138,101,0.0182035,0,0.731884
3805,10000,6.36958,5.62342,7.49894,0.0507272,0.0398107,0.0630957,0.345436,0.3,0.4,0.651484,0.6,0.7,0.000436716,30924.7,608.241,1546.24,0.01,0.95,10,10000,0.938,0.497,113,98,0.0184801,0,0.867257
3806,10000,6.33377,5.62342,7.49894,0.0506053,0.0398107,0.0630957,0.344227,0.3,0.4,0.748766,0.7,0.8,0.000436716,26272.3,640.388,1313.62,0.01,0.95,10,10000,0.938,0.497,96,71,0.0217114,0,0.739583
3807,10000,6.4118,5.62342,7.49894,0.0519492,0.0398107,0.0630957,0.347285,0.3,0.4,0.846866,0.8,0.9,0.000436716,18062.2,538.066,903.112,0.01,0.95,10,10000,0.938,0.497,66,48,0.0264056,0,0.727273
3808,10000,6.25516,5.62342,7.49894,0.051639,0.0398107,0.0630957,0.346874,0.3,0.4,0.945595,0.9,1,0.000436716,15325.5,432.621,766.277,0.01,0.95,10,10000,0.938,0.497,56,48,0.0264056,0,0.857143
3809,10000,6.36017,5.62342,7.49894,0.0495246,0.0398107,0.0630957,0.345548,0.3,0.4,1.21277,1,1.5,0.00218358,6458.62,131.354,322.931,0.01,0.95,10,10000,0.938,0.497,118,96,0.0186716,0,0.813559
3810,10000,6.43684,5.62342,7.49894,0.0498245,0.0398107,0.0630957,0.445665,0.4,0.5,0.0660658,0,0.1,0.000436716,5747.07,278.227,287.354,0.01,0.95,10,10000,0.938,0.497,21,17,0.0443703,0,0.809524
3811,10000,6.37083,5.62342,7.49894,0.0494279,0.0398107,0.0630957,0.446518,0.4,0.5,0.156453,0.1,0.2,0.000436716,10399.5,392.904,519.973,0.01,0.95,10,10000,0.938,0.497,38,29,0.0339717,0,0.763158
3812,10000,6.28035,5.62342,7.49894,0.0504156,0.0398107,0.0630957,0.447503,0.4,0.5,0.251047,0.2,0.3,0.000436716,18062.2,556.143,903.112,0.01,0.95,10,10000,0.938,0.497,66,46,0.0269735,0,0.69697
3813,10000,6.37509,5.62342,7.49894,0.0514397,0.0398107,0.0630957,0.443186,0.4,0.5,0.35189,0.3,0.4,0.000436716,18609.6,486.043,930.479,0.01,0.95,10,10000,0.938,0.497,68,57,0.0242314,0,0.838235
3814,10000,6.39708,5.62342,7.49894,0.0504787,0.0398107,0.0630957,0.445119,0.4,0.5,0.452864,0.4,0.5,0.000436716,23262,601.555,1163.1,0.01,0.95,10,10000,0.938,0.497,85,63,0.0230487,0,0.741176
3815,10000,6.22528,5.62342,7.49894,0.0503283,0.0398107,0.0630957,0.443385,0.4,0.5,0.54857,0.5,0.6,0.000436716,18062.2,504.498,903.112,0.01,0.95,10,10000,0.938,0.497,66,52,0.0253697,0,0.787879
3816,10000,6.3919,5.62342,7.49894,0.0520608,0.0398107,0.0630957,0.443766,0.4,0.5,0.646931,0.6,0.7,0.000436716,17241.2,552.102,862.061,0.01,0.95,10,10000,0.938,0.497,63,43,0.0278986,0,0.68254
3817,10000,6.4782,5.62342,7.49894,0.0528117,0.0398107,0.0630957,0.442246,0.4,0.5,0.746132,0.7,0.8,0.000436716,13957.2,473.898,697.859,0.01,0.95,10,10000,0.938,0.497,51,37,0.0300757,0,0.72549
3818,10000,6.43445,5.62342,7.49894,0.0518873,0.0398107,0.0630957,0.445677,0.4,0.5,0.843802,0.8,0.9,0.000436716,8483.78,317.378,424.189,0.01,0.95,10,10000,0.938,0.497,31,27,0.0352075,0,0.870968
3819,10000,6.31978,5.62342,7.49894,0.0513102,0.0398107,0.0630957,0.448813,0.4,0.5,0.950383,0.9,1,0.000436716,9852.13,424.825,492.606,0.01,0.95,10,10000,0.938,0.497,36,24,0.0373432,0,0.666667
3820,10000,6.48254,5.62342,7.49894,0.0506117,0.0398107,0.0630957,0.444877,0.4,0.5,1.19094,1,1.5,0.00218358,4597.66,115.525,229.883,0.01,0.95,10,10000,0.938,0.497,84,65,0.0226913,0,0.77381
3821,10000,6.58105,5.62342,7.49894,0.0478661,0.0398107,0.0630957,0.54635,0.5,0.6,0.0712642,0,0.1,0.000436716,2463.03,150.198,123.152,0.01,0.95,10,10000,0.938,0.497,9,9,0.0609811,0,1
3822,10000,6.55318,5.62342,7.49894,0.0503333,0.0398107,0.0630957,0.549226,0.5,0.6,0.147582,0.1,0.2,0.000436716,6020.74,383.478,301.037,0.01,0.95,10,10000,0.938,0.497,22,12,0.0528112,0,0.545455
3823,10000,6.24313,5.62342,7.49894,0.0518306,0.0398107,0.0630957,0.543581,0.5,0.6,0.252554,0.2,0.3,0.000436716,10673.1,468.995,533.657,0.01,0.95,10,10000,0.938,0.497,39,24,0.0373432,0,0.615385
3824,10000,6.14499,5.62342,7.49894,0.0497854,0.0398107,0.0630957,0.542069,0.5,0.6,0.341254,0.3,0.4,0.000436716,8210.11,474.969,410.505,0.01,0.95,10,10000,0.938,0.497,30,15,0.0472358,0,0.5
3825,10000,6.15198,5.62342,7.49894,0.0504168,0.0398107,0.0630957,0.539946,0.5,0.6,0.437471,0.4,0.5,0.000436716,10125.8,500.411,506.29,0.01,0.95,10,10000,0.938,0.497,37,20,0.0409074,0,0.540541
3826,10000,6.3107,5.62342,7.49894,0.0525866,0.0398107,0.0630957,0.544084,0.5,0.6,0.543692,0.5,0.6,0.000436716,10673.1,442.172,533.657,0.01,0.95,10,10000,0.938,0.497,39,26,0.0358782,0,0.666667
3827,10000,6.38964,5.62342,7.49894,0.0507435,0.0398107,0.0630957,0.541612,0.5,0.6,0.651036,0.6,0.7,0.000436716,11220.5,390.64,561.024,0.01,0.95,10,10000,0.938,0.497,41,33,0.0318464,0,0.804878
3828,10000,6.30917,5.62342,7.49894,0.0535799,0.0398107,0.0630957,0.534904,0.5,0.6,0.758574,0.7,0.8,0.000436716,8483.78,362.989,424.189,0.01,0.95,10,10000,0.938,0.497,31,23,0.0381463,0,0.741935
3829,10000,6.40966,5.62342,7.49894,0.0500285,0.0398107,0.0630957,0.536892,0.5,0.6,0.847501,0.8,0.9,0.000436716,6568.08,266.64,328.404,0.01,0.95,10,10000,0.938,0.497,24,22,0.0390037,0,0.916667
3830,10000,6.37609,5.62342,7.49894,0.049233,0.0398107,0.0630957,0.548697,0.5,0.6,0.9512,0.9,1,0.000436716,6020.74,383.478,301.037,0.01,0.95,10,10000,0.938,0.497,22,12,0.0528112,0,0.545455
3831,10000,6.33953,5.62342,7.49894,0.0516816,0.0398107,0.0630957,0.553817,0.5,0.6,1.19986,1,1.5,0.00218358,2298.83,84.8508,114.941,0.01,0.95,10,10000,0.938,0.497,42,31,0.0328576,0,0.738095
3832,10000,6.35104,5.62342,7.49894,0.0498548,0.0398107,0.0630957,0.644579,0.6,0.7,0.045406,0,0.1,0.000436716,2463.03,280.996,123.152,0.01,0.95,10,10000,0.938,0.497,9,4,0.0914717,0,0.444444
3833,10000,6.37825,5.62342,7.49894,0.0526775,0.0398107,0.0630957,0.629614,0.6,0.7,0.168717,0.1,0.2,0.000436716,2736.7,215.758,136.835,0.01,0.95,10,10000,0.938,0.497,10,7,0.0691461,0,0.7
3834,10000,6.38507,5.62342,7.49894,0.0518371,0.0398107,0.0630957,0.644768,0.6,0.7,0.246813,0.2,0.3,0.000436716,6841.76,364.917,342.088,0.01,0.95,10,10000,0.938,0.497,25,16,0.0457358,0,0.64
3835,10000,6.32589,5.62342,7.49894,0.0488046,0.0398107,0.0630957,0.641175,0.6,0.7,0.343762,0.3,0.4,0.000436716,4378.72,227.079,218.936,0.01,0.95,10,10000,0.938,0.497,16,14,0.0488937,0,0.875
3836,10000,6.45542,5.62342,7.49894,0.0530133,0.0398107,0.0630957,0.651069,0.6,0.7,0.459297,0.4,0.5,0.000436716,6020.74,406.739,301.037,0.01,0.95,10,10000,0.938,0.497,22,11,0.0551595,0,0.5
3837,10000,6.29785,5.62342,7.49894,0.050131,0.0398107,0.0630957,0.627689,0.6,0.7,0.555264,0.5,0.6,0.000436716,6568.08,346.869,328.404,0.01,0.95,10,10000,0.938,0.497,24,16,0.0457358,0,0.666667
3838,10000,6.19693,5.62342,7.49894,0.0569752,0.0398107,0.0630957,0.644655,0.6,0.7,0.624242,0.6,0.7,0.000436716,4926.06,432.345,246.303,0.01,0.95,10,10000,0.938,0.497,18,7,0.0691461,0,0.388889
3839,10000,6.30255,5.62342,7.49894,0.0521411,0.0398107,0.0630957,0.64128,0.6,0.7,0.743132,0.7,0.8,0.000436716,4652.39,279.505,232.62,0.01,0.95,10,10000,0.938,0.497,17,12,0.0528112,0,0.705882
3840,10000,6.2144,5.62342,7.49894,0.0495263,0.0398107,0.0630957,0.65254,0.6,0.7,0.837714,0.8,0.9,0.000436716,4378.72,297.04,218.936,0.01,0.95,10,10000,0.938,0.497,16,10,0.0578518,0,0.625
3841,10000,6.31374,5.62342,7.49894,0.0494051,0.0398107,0.0630957,0.64769,0.6,0.7,0.950749,0.9,1,0.000436716,2736.7,175.033,136.835,0.01,0.95,10,10000,0.938,0.497,10,9,0.0609811,0,0.9
3842,10000,6.48029,5.62342,7.49894,0.0507228,0.0398107,0.0630957,0.64417,0.6,0.7,1.2128,1,1.5,0.00218358,1477.82,92.4009,73.891,0.01,0.95,10,10000,0.938,0.497,27,13,0.0507394,0,0.481481
3843,10000,6.42783,5.62342,7.49894,0.0548325,0.0398107,0.0630957,0.761143,0.7,0.8,0.150603,0.1,0.2,0.000436716,547.34,70.8042,27.367,0.01,0.95,10,10000,0.938,0.497,2,2,0.129361,0,1
3844,10000,6.14537,5.62342,7.49894,0.0518804,0.0398107,0.0630957,0.736238,0.7,0.8,0.236081,0.2,0.3,0.000436716,3284.04,387.811,164.202,0.01,0.95,10,10000,0.938,0.497,12,4,0.0914717,0,0.333333
3845,10000,6.03027,5.62342,7.49894,0.0507654,0.0398107,0.0630957,0.730249,0.7,0.8,0.349595,0.3,0.4,0.000436716,3284.04,387.811,164.202,0.01,0.95,10,10000,0.938,0.497,12,4,0.0914717,0,0.333333
3846,10000,6.40936,5.62342,7.49894,0.051771,0.0398107,0.0630957,0.714128,0.7,0.8,0.440291,0.4,0.5,0.000436716,2736.7,274.224,136.835,0.01,0.95,10,10000,0.938,0.497,10,5,0.0818148,0,0.5
3847,10000,6.72249,5.62342,7.49894,0.0511824,0.0398107,0.0630957,0.759036,0.7,0.8,0.559747,0.5,0.6,0.000436716,2463.03,280.996,123.152,0.01,0.95,10,10000,0.938,0.497,9,4,0.0914717,0,0.444444
3848,10000,6.21636,5.62342,7.49894,0.0475375,0.0398107,0.0630957,0.745524,0.7,0.8,0.631655,0.6,0.7,0.000436716,6020.74,463.093,301.037,0.01,0.95,10,10000,0.938,0.497,22,9,0.0609811,0,0.409091
3849,10000,6.165,5.62342,7.49894,0.0512455,0.0398107,0.0630957,0.75644,0.7,0.8,0.752073,0.7,0.8,0.000436716,4926.06,320.224,246.303,0.01,0.95,10,10000,0.938,0.497,18,11,0.0551595,0,0.611111
3850,10000,6.11312,5.62342,7.49894,0.0487634,0.0398107,0.0630957,0.774461,0.7,0.8,0.813897,0.8,0.9,0.000436716,1368.35,111.951,68.4176,0.01,0.95,10,10000,0.938,0.497,5,5,0.0818148,0,1
3851,10000,6.22528,5.62342,7.49894,0.0503922,0.0398107,0.0630957,0.760028,0.7,0.8,0.951882,0.9,1,0.000436716,3010.37,306.182,150.519,0.01,0.95,10,10000,0.938,0.497,11,5,0.0818148,0,0.454545
3852,10000,6.11058,5.62342,7.49894,0.0534316,0.0398107,0.0630957,0.731202,0.7,0.8,1.1588,1,1.5,0.00218358,1039.95,60.527,51.9973,0.01,0.95,10,10000,0.938,0.497,19,13,0.0507394,0,0.684211
3853,10000,6.82262,5.62342,7.49894,0.0460068,0.0398107,0.0630957,0.803213,0.8,0.9,0.116821,0.1,0.2,0.000436716,821.011,193.905,41.0505,0.01,0.95,10,10000,0.938,0.497,3,1,0.182943,0,0.333333
3854,10000,6.36886,5.62342,7.49894,0.0485794,0.0398107,0.0630957,0.825729,0.8,0.9,0.292528,0.2,0.3,0.000436716,1368.35,335.854,68.4176,0.01,0.95,10,10000,0.938,0.497,5,1,0.182943,0,0.2
3855,10000,5.71223,5.62342,7.49894,0.0457974,0.0398107,0.0630957,0.836876,0.8,0.9,0.306507,0.3,0.4,0.000436716,1642.02,406.739,82.1011,0.01,0.95,10,10000,0.938,0.497,6,1,0.182943,0,0.166667
3856,10000,5.71916,5.62342,7.49894,0.0520315,0.0398107,0.0630957,0.844848,0.8,0.9,0.406977,0.4,0.5,0.000436716,1642.02,406.739,82.1011,0.01,0.95,10,10000,0.938,0.497,6,1,0.182943,0,0.166667
3857,10000,6.13407,5.62342,7.49894,0.0596692,0.0398107,0.0630957,0.810582,0.8,0.9,0.516728,0.5,0.6,0.000436716,1094.68,173.434,54.734,0.01,0.95,10,10000,0.938,0.497,4,2,0.129361,0,0.5
3858,10000,6.52179,5.62342,7.49894,0.0599333,0.0398107,0.0630957,0.823825,0.8,0.9,0.760246,0.7,0.8,0.000436716,2189.36,374.661,109.468,0.01,0.95,10,10000,0.938,0.497,8,2,0.129361,0,0.25
3859,10000,6.77341,5.62342,7.49894,0.0473973,0.0398107,0.0630957,0.827367,0.8,0.9,0.839651,0.8,0.9,0.000436716,1642.02,212.413,82.1011,0.01,0.95,10,10000,0.938,0.497,6,3,0.105622,0,0.5
3860,10000,5.92803,5.62342,7.49894,0.0568422,0.0398107,0.0630957,0.879695,0.8,0.9,0.923708,0.9,1,0.000436716,273.67,50.0662,13.6835,0.01,0.95,10,10000,0.938,0.497,1,1,0.182943,0,1
3861,10000,6.38161,5.62342,7.49894,0.0452531,0.0398107,0.0630957,0.856117,0.8,0.9,1.09192,1,1.5,0.00218358,492.606,67.1708,24.6303,0.01,0.95,10,10000,0.938,0.497,9,3,0.105622,0,0.333333
3862,10000,5.62598,5.62342,7.49894,0.0564337,0.0398107,0.0630957,0.970322,0.9,1,0.503188,0.5,0.6,0.000436716,273.67,50.0662,13.6835,0.01,0.95,10,10000,0.938,0.497,1,1,0.182943,0,1
3863,10000,6.60976,5.62342,7.49894,0.0567357,0.0398107,0.0630957,0.929206,0.9,1,0.822445,0.8,0.9,0.000436716,273.67,50.0662,13.6835,0.01,0.95,10,10000,0.938,0.497,1,1,0.182943,0,1
3864,10000,7.30696,5.62342,7.49894,0.0530098,0.0398107,0.0630957,0.928692,0.9,1,0.996522,0.9,1,0.000436716,0,0,0,0.01,0.95,10,10000,0.938,0.497,0,1,0.182943,0,0
3865,10000,5.92056,5.62342,7.49894,0.0506987,0.0398107,0.0630957,0.902441,0.9,1,1.37625,1,1.5,0.00218358,273.67,67.1708,13.6835,0.01,0.95,10,10000,0.938,0.497,5,1,0.182943,0,0.2
3866,10000,6.44315,5.62342,7.49894,0.0810643,0.0630957,0.1,0.0736547,0.05,0.1,0.0667249,0,0.1,0.000346075,64580.1,931.256,3229,0.01,0.95,10,10000,0.938,0.497,187,173,0.0139089,0,0.925134
3867,10000,6.45435,5.62342,7.49894,0.0788328,0.0630957,0.1,0.0732014,0.05,0.1,0.151962,0.1,0.2,0.000346075,150226,1465.26,7511.32,0.01,0.95,10,10000,0.938,0.497,435,389,0.0092756,0,0.894253
3868,10000,6.46092,5.62342,7.49894,0.0805486,0.0630957,0.1,0.0737143,0.05,0.1,0.250612,0.2,0.3,0.000346075,200302,1732.86,10015.1,0.01,0.95,10,10000,0.938,0.497,580,505,0.00814087,0,0.87069
3869,10000,6.43562,5.62342,7.49894,0.0798183,0.0630957,0.1,0.0732743,0.05,0.1,0.34785,0.3,0.4,0.000346075,206863,1718.44,10343.2,0.01,0.95,10,10000,0.938,0.497,599,536,0.00790195,0,0.894825
3870,10000,6.47086,5.62342,7.49894,0.0792875,0.0630957,0.1,0.0731029,0.05,0.1,0.447309,0.4,0.5,0.000346075,178200,1691.34,8909.98,0.01,0.95,10,10000,0.938,0.497,516,432,0.00880187,0,0.837209
3871,10000,6.43668,5.62342,7.49894,0.0799897,0.0630957,0.1,0.0731623,0.05,0.1,0.54745,0.5,0.6,0.000346075,135031,1420.71,6751.55,0.01,0.95,10,10000,0.938,0.497,391,341,0.00990694,0,0.872123
3872,10000,6.43939,5.62342,7.49894,0.0791697,0.0630957,0.1,0.0732436,0.05,0.1,0.647084,0.6,0.7,0.000346075,104295,1204.92,5214.75,0.01,0.95,10,10000,0.938,0.497,302,274,0.011052,0,0.907285
3873,10000,6.46125,5.62342,7.49894,0.0791388,0.0630957,0.1,0.0740447,0.05,0.1,0.74861,0.7,0.8,0.000346075,77703.3,1008.61,3885.16,0.01,0.95,10,10000,0.938,0.497,225,211,0.0125943,0,0.937778
3874,10000,6.42339,5.62342,7.49894,0.0798482,0.0630957,0.1,0.073618,0.05,0.1,0.848322,0.8,0.9,0.000346075,56291.7,912.483,2814.59,0.01,0.95,10,10000,0.938,0.497,163,143,0.0152985,0,0.877301
3875,10000,6.35612,5.62342,7.49894,0.0764939,0.0630957,0.1,0.0738487,0.05,0.1,0.948202,0.9,1,0.000346075,39024.3,774.501,1951.22,0.01,0.95,10,10000,0.938,0.497,113,97,0.0185751,0,0.858407
3876,10000,6.56406,5.62342,7.49894,0.0798621,0.0630957,0.1,0.0752878,0.05,0.1,1.16141,1,1.5,0.00173037,12916,184.26,645.801,0.01,0.95,10,10000,0.938,0.497,187,175,0.0138292,0,0.935829
3877,10000,6.35912,5.62342,7.49894,0.080749,0.0630957,0.1,0.122755,0.1,0.15,0.0650725,0,0.1,0.000346075,40405.7,770.697,2020.29,0.01,0.95,10,10000,0.938,0.497,117,103,0.0180259,0,0.880342
3878,10000,6.40193,5.62342,7.49894,0.0811917,0.0630957,0.1,0.12319,0.1,0.15,0.154035,0.1,0.2,0.000346075,93589.3,1149.4,4679.46,0.01,0.95,10,10000,0.938,0.497,271,244,0.0117118,0,0.900369
3879,10000,6.35478,5.62342,7.49894,0.0806744,0.0630957,0.1,0.123345,0.1,0.15,0.252059,0.2,0.3,0.000346075,130887,1435.1,6544.34,0.01,0.95,10,10000,0.938,0.497,379,321,0.0102109,0,0.846966
3880,10000,6.38913,5.62342,7.49894,0.0796775,0.0630957,0.1,0.122393,0.1,0.15,0.350732,0.3,0.4,0.000346075,123289,1386.32,6164.46,0.01,0.95,10,10000,0.938,0.497,357,304,0.0104925,0,0.851541
3881,10000,6.33269,5.62342,7.49894,0.0801573,0.0630957,0.1,0.123439,0.1,0.15,0.448638,0.4,0.5,0.000346075,110857,1311.82,5542.83,0.01,0.95,10,10000,0.938,0.497,321,274,0.011052,0,0.853583
3882,10000,6.34499,5.62342,7.49894,0.0801723,0.0630957,0.1,0.123906,0.1,0.15,0.548949,0.5,0.6,0.000346075,102223,1215.74,5111.15,0.01,0.95,10,10000,0.938,0.497,296,263,0.0112808,0,0.888514
3883,10000,6.44923,5.62342,7.49894,0.07947,0.0630957,0.1,0.124713,0.1,0.15,0.645656,0.6,0.7,0.000346075,73904.4,1054.22,3695.22,0.01,0.95,10,10000,0.938,0.497,214,186,0.0134141,0,0.869159
3884,10000,6.44331,5.62342,7.49894,0.0793671,0.0630957,0.1,0.121876,0.1,0.15,0.746687,0.7,0.8,0.000346075,60435.9,1005.56,3021.79,0.01,0.95,10,10000,0.938,0.497,175,143,0.0152985,0,0.817143
3885,10000,6.46178,5.62342,7.49894,0.0816695,0.0630957,0.1,0.124396,0.1,0.15,0.845026,0.8,0.9,0.000346075,43513.8,786.551,2175.69,0.01,0.95,10,10000,0.938,0.497,126,113,0.0172099,0,0.896825
3886,10000,6.47188,5.62342,7.49894,0.0801455,0.0630957,0.1,0.124954,0.1,0.15,0.950093,0.9,1,0.000346075,26937.1,677.941,1346.86,0.01,0.95,10,10000,0.938,0.497,78,63,0.0230487,0,0.807692
3887,10000,6.42678,5.62342,7.49894,0.0787632,0.0630957,0.1,0.123062,0.1,0.15,1.19646,1,1.5,0.00173037,12777.9,206.977,638.894,0.01,0.95,10,10000,0.938,0.497,185,151,0.0148877,0,0.816216
3888,10000,6.35223,5.62342,7.49894,0.079092,0.0630957,0.1,0.174819,0.15,0.2,0.0685148,0,0.1,0.000346075,26591.8,568.986,1329.59,0.01,0.95,10,10000,0.938,0.497,77,75,0.0211245,0,0.974026
3889,10000,6.42948,5.62342,7.49894,0.0801755,0.0630957,0.1,0.174701,0.15,0.2,0.156096,0.1,0.2,0.000346075,70451,1020.66,3522.55,0.01,0.95,10,10000,0.938,0.497,204,179,0.0136738,0,0.877451
3890,10000,6.43842,5.62342,7.49894,0.0801203,0.0630957,0.1,0.173764,0.15,0.2,0.246524,0.2,0.3,0.000346075,80466.1,1055.6,4023.3,0.01,0.95,10,10000,0.938,0.497,233,212,0.0125646,0,0.909871
3891,10000,6.38629,5.62342,7.49894,0.0810053,0.0630957,0.1,0.173357,0.15,0.2,0.348954,0.3,0.4,0.000346075,94280,1183.11,4714,0.01,0.95,10,10000,0.938,0.497,273,239,0.0118336,0,0.875458
3892,10000,6.41918,5.62342,7.49894,0.0805896,0.0630957,0.1,0.17358,0.15,0.2,0.446238,0.4,0.5,0.000346075,75976.5,1095.08,3798.83,0.01,0.95,10,10000,0.938,0.497,220,186,0.0134141,0,0.845455
3893,10000,6.45004,5.62342,7.49894,0.0814652,0.0630957,0.1,0.172516,0.15,0.2,0.546428,0.5,0.6,0.000346075,62853.3,1023.85,3142.67,0.01,0.95,10,10000,0.938,0.497,182,149,0.0149873,0,0.818681
3894,10000,6.39249,5.62342,7.49894,0.0797432,0.0630957,0.1,0.171676,0.15,0.2,0.648477,0.6,0.7,0.000346075,54910.3,915.696,2745.52,0.01,0.95,10,10000,0.938,0.497,159,137,0.0156299,0,0.861635
3895,10000,6.35115,5.62342,7.49894,0.0815401,0.0630957,0.1,0.175884,0.15,0.2,0.740775,0.7,0.8,0.000346075,45585.9,929.571,2279.3,0.01,0.95,10,10000,0.938,0.497,132,100,0.0182943,0,0.757576
3896,10000,6.37702,5.62342,7.49894,0.0802354,0.0630957,0.1,0.174441,0.15,0.2,0.849997,0.8,0.9,0.000346075,30390.6,738.044,1519.53,0.01,0.95,10,10000,0.938,0.497,88,69,0.0220238,0,0.784091
3897,10000,6.42843,5.62342,7.49894,0.0779999,0.0630957,0.1,0.17444,0.15,0.2,0.948397,0.9,1,0.000346075,26591.8,693.916,1329.59,0.01,0.95,10,10000,0.938,0.497,77,60,0.0236179,0,0.779221
3898,10000,6.36831,5.62342,7.49894,0.078755,0.0630957,0.1,0.173048,0.15,0.2,1.17015,1,1.5,0.00173037,10705.8,200.668,535.289,0.01,0.95,10,10000,0.938,0.497,155,118,0.0168413,0,0.76129
3899,10000,6.33391,5.62342,7.49894,0.0765851,0.0630957,0.1,0.2211,0.2,0.25,0.0627424,0,0.1,0.000346075,14504.6,472.789,725.231,0.01,0.95,10,10000,0.938,0.497,42,36,0.0304906,0,0.857143
3900,10000,6.42702,5.62342,7.49894,0.0823652,0.0630957,0.1,0.221374,0.2,0.25,0.156813,0.1,0.2,0.000346075,41787.1,787.196,2089.35,0.01,0.95,10,10000,0.938,0.497,121,106,0.017769,0,0.876033
3901,10000,6.36872,5.62342,7.49894,0.0791942,0.0630957,0.1,0.223746,0.2,0.25,0.250023,0.2,0.3,0.000346075,60435.9,926.662,3021.79,0.01,0.95,10,10000,0.938,0.497,175,157,0.0146005,0,0.897143
3902,10000,6.40755,5.62342,7.49894,0.0782836,0.0630957,0.1,0.224973,0.2,0.25,0.349588,0.3,0.4,0.000346075,62508,949.725,3125.4,0.01,0.95,10,10000,0.938,0.497,181,161,0.014418,0,0.889503
3903,10000,6.39526,5.62342,7.49894,0.0805952,0.0630957,0.1,0.224184,0.2,0.25,0.448645,0.4,0.5,0.000346075,62162.6,953.036,3108.13,0.01,0.95,10,10000,0.938,0.497,180,159,0.0145084,0,0.883333
3904,10000,6.45206,5.62342,7.49894,0.0801942,0.0630957,0.1,0.224715,0.2,0.25,0.553535,0.5,0.6,0.000346075,41441.7,847.637,2072.09,0.01,0.95,10,10000,0.938,0.497,120,96,0.0186716,0,0.8
3905,10000,6.46808,5.62342,7.49894,0.0797148,0.0630957,0.1,0.224855,0.2,0.25,0.646777,0.6,0.7,0.000346075,37642.9,757.589,1882.15,0.01,0.95,10,10000,0.938,0.497,109,94,0.0188692,0,0.862385
3906,10000,6.38046,5.62342,7.49894,0.0798356,0.0630957,0.1,0.221102,0.2,0.25,0.752835,0.7,0.8,0.000346075,29009.2,676.815,1450.46,0.01,0.95,10,10000,0.938,0.497,84,71,0.0217114,0,0.845238
3907,10000,6.41901,5.62342,7.49894,0.0800271,0.0630957,0.1,0.221254,0.2,0.25,0.843217,0.8,0.9,0.000346075,26246.4,672.723,1312.32,0.01,0.95,10,10000,0.938,0.497,76,61,0.0234235,0,0.802632
3908,10000,6.38454,5.62342,7.49894,0.0797888,0.0630957,0.1,0.225705,0.2,0.25,0.953831,0.9,1,0.000346075,17958.1,521.669,897.904,0.01,0.95,10,10000,0.938,0.497,52,45,0.0272716,0,0.865385
3909,10000,6.38206,5.62342,7.49894,0.0790111,0.0630957,0.1,0.224641,0.2,0.25,1.1946,1,1.5,0.00173037,8564.63,172.62,428.231,0.01,0.95,10,10000,0.938,0.497,124,99,0.0183865,0,0.798387
3910,10000,6.57333,5.62342,7.49894,0.0801549,0.0630957,0.1,0.274743,0.25,0.3,0.0661982,0,0.1,0.000346075,9324.39,395.931,466.22,0.01,0.95,10,10000,0.938,0.497,27,22,0.0390037,0,0.814815
3911,10000,6.43261,5.62342,7.49894,0.0825869,0.0630957,0.1,0.272539,0.25,0.3,0.160355,0.1,0.2,0.000346075,27282.5,637.76,1364.12,0.01,0.95,10,10000,0.938,0.497,79,69,0.0220238,0,0.873418
3912,10000,6.46448,5.62342,7.49894,0.0816592,0.0630957,0.1,0.271304,0.25,0.3,0.247586,0.2,0.3,0.000346075,37297.6,694.125,1864.88,0.01,0.95,10,10000,0.938,0.497,108,102,0.0181141,0,0.944444
3913,10000,6.37505,5.62342,7.49894,0.082596,0.0630957,0.1,0.274152,0.25,0.3,0.351395,0.3,0.4,0.000346075,49384.7,804.657,2469.24,0.01,0.95,10,10000,0.938,0.497,143,134,0.0158039,0,0.937063
3914,10000,6.47937,5.62342,7.49894,0.0806703,0.0630957,0.1,0.273315,0.25,0.3,0.450747,0.4,0.5,0.000346075,49384.7,934.814,2469.24,0.01,0.95,10,10000,0.938,0.497,143,113,0.0172099,0,0.79021
3915,10000,6.41314,5.62342,7.49894,0.0800817,0.0630957,0.1,0.273235,0.25,0.3,0.547639,0.5,0.6,0.000346075,41787.1,807.337,2089.35,0.01,0.95,10,10000,0.938,0.497,121,103,0.0180259,0,0.85124
3916,10000,6.40714,5.62342,7.49894,0.078071,0.0630957,0.1,0.272812,0.25,0.3,0.640235,0.6,0.7,0.000346075,26591.8,648.72,1329.59,0.01,0.95,10,10000,0.938,0.497,77,65,0.0226913,0,0.844156
3917,10000,6.41057,5.62342,7.49894,0.0812505,0.0630957,0.1,0.272318,0.25,0.3,0.748649,0.7,0.8,0.000346075,23829,556.164,1191.45,0.01,0.95,10,10000,0.938,0.497,69,65,0.0226913,0,0.942029
3918,10000,6.2697,5.62342,7.49894,0.0789136,0.0630957,0.1,0.274078,0.25,0.3,0.851236,0.8,0.9,0.000346075,15540.7,473.843,777.033,0.01,0.95,10,10000,0.938,0.497,45,40,0.0289259,0,0.888889
3919,10000,6.12584,5.62342,7.49894,0.0810691,0.0630957,0.1,0.273124,0.25,0.3,0.942265,0.9,1,0.000346075,7943,395.742,397.15,0.01,0.95,10,10000,0.938,0.497,23,17,0.0443703,0,0.73913
3920,10000,6.40713,5.62342,7.49894,0.0789798,0.0630957,0.1,0.274703,0.25,0.3,1.18744,1,1.5,0.00173037,5525.57,124.946,276.278,0.01,0.95,10,10000,0.938,0.497,80,72,0.0215601,0,0.9
3921,10000,6.3367,5.62342,7.49894,0.0803213,0.0630957,0.1,0.348365,0.3,0.4,0.0670911,0,0.1,0.000692149,8115.67,251.628,405.784,0.01,0.95,10,10000,0.938,0.497,47,40,0.0289259,0,0.851064
3922,10000,6.36504,5.62342,7.49894,0.0804854,0.0630957,0.1,0.337759,0.3,0.4,0.154521,0.1,0.2,0.000692149,18648.8,370.498,932.439,0.01,0.95,10,10000,0.938,0.497,108,95,0.0187696,0,0.87963
3923,10000,6.2977,5.62342,7.49894,0.0796324,0.0630957,0.1,0.348511,0.3,0.4,0.252474,0.2,0.3,0.000692149,22965.6,392.812,1148.28,0.01,0.95,10,10000,0.938,0.497,133,123,0.0164955,0,0.924812
3924,10000,6.32672,5.62342,7.49894,0.0790559,0.0630957,0.1,0.345498,0.3,0.4,0.348114,0.3,0.4,0.000692149,28318.5,460.133,1415.93,0.01,0.95,10,10000,0.938,0.497,164,143,0.0152985,0,0.871951
3925,10000,6.41414,5.62342,7.49894,0.0796381,0.0630957,0.1,0.346531,0.3,0.4,0.45151,0.4,0.5,0.000692149,26073.8,398.602,1303.69,0.01,0.95,10,10000,0.938,0.497,151,147,0.0150889,0,0.97351
3926,10000,6.37217,5.62342,7.49894,0.0815884,0.0630957,0.1,0.345642,0.3,0.4,0.548622,0.5,0.6,0.000692149,22102.3,389.55,1105.11,0.01,0.95,10,10000,0.938,0.497,128,117,0.0169131,0,0.914062
3927,10000,6.4025,5.62342,7.49894,0.0801171,0.0630957,0.1,0.349123,0.3,0.4,0.649878,0.6,0.7,0.000692149,18821.5,378.795,941.073,0.01,0.95,10,10000,0.938,0.497,109,94,0.0188692,0,0.862385
3928,10000,6.31061,5.62342,7.49894,0.0802854,0.0630957,0.1,0.344679,0.3,0.4,0.749283,0.7,0.8,0.000692149,16749.4,317.603,837.469,0.01,0.95,10,10000,0.938,0.497,97,95,0.0187696,0,0.979381
3929,10000,6.28167,5.62342,7.49894,0.0801078,0.0630957,0.1,0.352929,0.3,0.4,0.852842,0.8,0.9,0.000692149,12087.2,292.192,604.359,0.01,0.95,10,10000,0.938,0.497,70,63,0.0230487,0,0.9
3930,10000,6.43151,5.62342,7.49894,0.081051,0.0630957,0.1,0.350769,0.3,0.4,0.9476,0.9,1,0.000692149,8633.7,267.955,431.685,0.01,0.95,10,10000,0.938,0.497,50,41,0.028571,0,0.82
3931,10000,6.46067,5.62342,7.49894,0.0799747,0.0630957,0.1,0.343275,0.3,0.4,1.2044,1,1.5,0.00346075,3798.83,74.6168,189.941,0.01,0.95,10,10000,0.938,0.497,110,97,0.0185751,0,0.881818
3932,10000,6.61215,5.62342,7.49894,0.0815802,0.0630957,0.1,0.460884,0.4,0.5,0.0706611,0,0.1,0.000692149,2072.09,109.429,103.604,0.01,0.95,10,10000,0.938,0.497,12,12,0.0528112,0,1
3933,10000,6.36289,5.62342,7.49894,0.0794725,0.0630957,0.1,0.443287,0.4,0.5,0.15267,0.1,0.2,0.000692149,7943,-nan,397.15,0.01,0.95,10,10000,0.938,0.497,46,48,0.0264056,0,1.04348
3934,10000,6.35457,5.62342,7.49894,0.0784279,0.0630957,0.1,0.450102,0.4,0.5,0.252783,0.2,0.3,0.000692149,12777.9,307.073,638.894,0.01,0.95,10,10000,0.938,0.497,74,65,0.0226913,0,0.878378
3935,10000,6.27722,5.62342,7.49894,0.0814441,0.0630957,0.1,0.441901,0.4,0.5,0.347284,0.3,0.4,0.000692149,13641.2,335.847,682.062,0.01,0.95,10,10000,0.938,0.497,79,65,0.0226913,0,0.822785
3936,10000,6.46582,5.62342,7.49894,0.0808048,0.0630957,0.1,0.448142,0.4,0.5,0.449612,0.4,0.5,0.000692149,14677.3,370.161,733.864,0.01,0.95,10,10000,0.938,0.497,85,65,0.0226913,0,0.764706
3937,10000,6.29292,5.62342,7.49894,0.0823401,0.0630957,0.1,0.445271,0.4,0.5,0.55116,0.5,0.6,0.000692149,12259.8,281.622,612.992,0.01,0.95,10,10000,0.938,0.497,71,67,0.0223501,0,0.943662
3938,10000,6.47149,5.62342,7.49894,0.0827832,0.0630957,0.1,0.443229,0.4,0.5,0.645409,0.6,0.7,0.000692149,11396.5,303.654,569.824,0.01,0.95,10,10000,0.938,0.497,66,55,0.0246681,0,0.833333
3939,10000,6.45039,5.62342,7.49894,0.0801976,0.0630957,0.1,0.448271,0.4,0.5,0.746799,0.7,0.8,0.000692149,7424.98,207.147,371.249,0.01,0.95,10,10000,0.938,0.497,43,43,0.0278986,0,1
3940,10000,6.53465,5.62342,7.49894,0.0816716,0.0630957,0.1,0.451429,0.4,0.5,0.843485,0.8,0.9,0.000692149,6388.94,208.418,319.447,0.01,0.95,10,10000,0.938,0.497,37,34,0.0313745,0,0.918919
3941,10000,6.30062,5.62342,7.49894,0.078161,0.0630957,0.1,0.448305,0.4,0.5,0.945448,0.9,1,0.000692149,4316.85,157.948,215.842,0.01,0.95,10,10000,0.938,0.497,25,25,0.0365887,0,1
3942,10000,6.38293,5.62342,7.49894,0.0793383,0.0630957,0.1,0.446958,0.4,0.5,1.2014,1,1.5,0.00346075,2521.04,59.4303,126.052,0.01,0.95,10,10000,0.938,0.497,73,66,0.0225188,0,0.90411
3943,10000,6.42495,5.62342,7.49894,0.0801535,0.0630957,0.1,0.545313,0.5,0.6,0.0654252,0,0.1,0.000692149,2417.44,136.482,120.872,0.01,0.95,10,10000,0.938,0.497,14,12,0.0528112,0,0.857143
3944,10000,6.29453,5.62342,7.49894,0.0813612,0.0630957,0.1,0.542967,0.5,0.6,0.158193,0.1,0.2,0.000692149,4834.87,186.137,241.744,0.01,0.95,10,10000,0.938,0.497,28,25,0.0365887,0,0.892857
3945,10000,6.2751,5.62342,7.49894,0.0816376,0.0630957,0.1,0.542786,0.5,0.6,0.253311,0.2,0.3,0.000692149,7597.65,257.854,379.883,0.01,0.95,10,10000,0.938,0.497,44,35,0.0309231,0,0.795455
3946,10000,6.47151,5.62342,7.49894,0.081512,0.0630957,0.1,0.539672,0.5,0.6,0.352769,0.3,0.4,0.000692149,9151.72,-nan,457.586,0.01,0.95,10,10000,0.938,0.497,53,55,0.0246681,0,1.03774
3947,10000,6.38386,5.62342,7.49894,0.0804049,0.0630957,0.1,0.553793,0.5,0.6,0.451354,0.4,0.5,0.000692149,8979.04,-nan,448.952,0.01,0.95,10,10000,0.938,0.497,52,53,0.0251292,0,1.01923
3948,10000,6.37513,5.62342,7.49894,0.0801549,0.0630957,0.1,0.538683,0.5,0.6,0.555652,0.5,0.6,0.000692149,5698.24,211.404,284.912,0.01,0.95,10,10000,0.938,0.497,33,28,0.0345731,0,0.848485
3949,10000,6.31167,5.62342,7.49894,0.0776371,0.0630957,0.1,0.549359,0.5,0.6,0.64306,0.6,0.7,0.000692149,6734.28,236.526,336.714,0.01,0.95,10,10000,0.938,0.497,39,32,0.0323401,0,0.820513
3950,10000,6.54075,5.62342,7.49894,0.0809974,0.0630957,0.1,0.549065,0.5,0.6,0.742742,0.7,0.8,0.000692149,5525.57,202.624,276.278,0.01,0.95,10,10000,0.938,0.497,32,28,0.0345731,0,0.875
3951,10000,6.20802,5.62342,7.49894,0.0848134,0.0630957,0.1,0.546079,0.5,0.6,0.83189,0.8,0.9,0.000692149,3626.15,175.549,181.308,0.01,0.95,10,10000,0.938,0.497,21,17,0.0443703,0,0.809524
3952,10000,6.59319,5.62342,7.49894,0.08043,0.0630957,0.1,0.548919,0.5,0.6,0.944634,0.9,1,0.000692149,4144.17,168.238,207.209,0.01,0.95,10,10000,0.938,0.497,24,22,0.0390037,0,0.916667
3953,10000,6.32894,5.62342,7.49894,0.0830893,0.0630957,0.1,0.552478,0.5,0.6,1.18509,1,1.5,0.00346075,1519.53,45.9082,75.9765,0.01,0.95,10,10000,0.938,0.497,44,40,0.0289259,0,0.909091
3954,10000,6.23172,5.62342,7.49894,0.0806774,0.0630957,0.1,0.638046,0.6,0.7,0.0663124,0,0.1,0.000692149,690.696,-nan,34.5348,0.01,0.95,10,10000,0.938,0.497,4,5,0.0818148,0,1.25
3955,10000,6.19029,5.62342,7.49894,0.0825063,0.0630957,0.1,0.649862,0.6,0.7,0.160029,0.1,0.2,0.000692149,2762.78,187.42,138.139,0.01,0.95,10,10000,0.938,0.497,16,10,0.0578518,0,0.625
3956,10000,6.38906,5.62342,7.49894,0.0787367,0.0630957,0.1,0.656328,0.6,0.7,0.26333,0.2,0.3,0.000692149,4662.2,183.519,233.11,0.01,0.95,10,10000,0.938,0.497,27,24,0.0373432,0,0.888889
3957,10000,6.47714,5.62342,7.49894,0.0794261,0.0630957,0.1,0.655623,0.6,0.7,0.362669,0.3,0.4,0.000692149,4662.2,164.144,233.11,0.01,0.95,10,10000,0.938,0.497,27,27,0.0352075,0,1
3958,10000,6.45343,5.62342,7.49894,0.080093,0.0630957,0.1,0.640557,0.6,0.7,0.447426,0.4,0.5,0.000692149,5525.57,216.035,276.278,0.01,0.95,10,10000,0.938,0.497,32,26,0.0358782,0,0.8125
3959,10000,6.27982,5.62342,7.49894,0.0774509,0.0630957,0.1,0.637761,0.6,0.7,0.549962,0.5,0.6,0.000692149,3971.5,158.235,198.575,0.01,0.95,10,10000,0.938,0.497,23,22,0.0390037,0,0.956522
3960,10000,6.11651,5.62342,7.49894,0.0804705,0.0630957,0.1,0.654177,0.6,0.7,0.648249,0.6,0.7,0.000692149,4144.17,175.477,207.209,0.01,0.95,10,10000,0.938,0.497,24,21,0.0399215,0,0.875
3961,10000,6.29971,5.62342,7.49894,0.0768226,0.0630957,0.1,0.632062,0.6,0.7,0.74792,0.7,0.8,0.000692149,2762.78,126.358,138.139,0.01,0.95,10,10000,0.938,0.497,16,16,0.0457358,0,1
3962,10000,6.33757,5.62342,7.49894,0.080523,0.0630957,0.1,0.649207,0.6,0.7,0.85872,0.8,0.9,0.000692149,2244.76,156.538,112.238,0.01,0.95,10,10000,0.938,0.497,13,9,0.0609811,0,0.692308
3963,10000,6.26259,5.62342,7.49894,0.0772029,0.0630957,0.1,0.648306,0.6,0.7,0.956092,0.9,1,0.000692149,2762.78,152.76,138.139,0.01,0.95,10,10000,0.938,0.497,16,13,0.0507394,0,0.8125
3964,10000,6.38698,5.62342,7.49894,0.0793148,0.0630957,0.1,0.645658,0.6,0.7,1.19581,1,1.5,0.00346075,897.904,44.2755,44.8952,0.01,0.95,10,10000,0.938,0.497,26,18,0.0431202,0,0.692308
3965,10000,6.35414,5.62342,7.49894,0.0869075,0.0630957,0.1,0.740958,0.7,0.8,0.157419,0.1,0.2,0.000692149,1036.04,-nan,51.8022,0.01,0.95,10,10000,0.938,0.497,6,8,0.0646803,0,1.33333
3966,10000,6.36322,5.62342,7.49894,0.0795415,0.0630957,0.1,0.742484,0.7,0.8,0.254295,0.2,0.3,0.000692149,1899.41,104.771,94.9707,0.01,0.95,10,10000,0.938,0.497,11,11,0.0551595,0,1
3967,10000,6.37109,5.62342,7.49894,0.0832694,0.0630957,0.1,0.764246,0.7,0.8,0.33699,0.3,0.4,0.000692149,2072.09,-nan,103.604,0.01,0.95,10,10000,0.938,0.497,12,13,0.0507394,0,1.08333
3968,10000,6.35767,5.62342,7.49894,0.0849781,0.0630957,0.1,0.752874,0.7,0.8,0.462428,0.4,0.5,0.000692149,2072.09,-nan,103.604,0.01,0.95,10,10000,0.938,0.497,12,14,0.0488937,0,1.16667
3969,10000,6.28402,5.62342,7.49894,0.0818036,0.0630957,0.1,0.763174,0.7,0.8,0.549556,0.5,0.6,0.000692149,3453.48,182.382,172.674,0.01,0.95,10,10000,0.938,0.497,20,15,0.0472358,0,0.75
3970,10000,6.21982,5.62342,7.49894,0.0815361,0.0630957,0.1,0.738292,0.7,0.8,0.659181,0.6,0.7,0.000692149,1381.39,115.349,69.0696,0.01,0.95,10,10000,0.938,0.497,8,6,0.0746863,0,0.75
3971,10000,6.4396,5.62342,7.49894,0.0845881,0.0630957,0.1,0.742037,0.7,0.8,0.757514,0.7,0.8,0.000692149,2072.09,-nan,103.604,0.01,0.95,10,10000,0.938,0.497,12,13,0.0507394,0,1.08333
3972,10000,6.60461,5.62342,7.49894,0.082637,0.0630957,0.1,0.738179,0.7,0.8,0.835578,0.8,0.9,0.000692149,1381.39,-nan,69.0696,0.01,0.95,10,10000,0.938,0.497,8,10,0.0578518,0,1.25
3973,10000,6.25253,5.62342,7.49894,0.0767875,0.0630957,0.1,0.737642,0.7,0.8,0.973595,0.9,1,0.000692149,345.348,-nan,17.2674,0.01,0.95,10,10000,0.938,0.497,2,4,0.0914717,0,2
3974,10000,6.22269,5.62342,7.49894,0.0824512,0.0630957,0.1,0.748274,0.7,0.8,1.25317,1,1.5,0.00346075,483.487,37.3773,24.1744,0.01,0.95,10,10000,0.938,0.497,14,8,0.0646803,0,0.571429
3975,10000,6.28664,5.62342,7.49894,0.0800687,0.0630957,0.1,0.847617,0.8,0.9,0.0672795,0,0.1,0.000692149,345.348,-nan,17.2674,0.01,0.95,10,10000,0.938,0.497,2,3,0.105622,0,1.5
3976,10000,5.90998,5.62342,7.49894,0.0874933,0.0630957,0.1,0.856476,0.8,0.9,0.136063,0.1,0.2,0.000692149,345.348,77.3783,17.2674,0.01,0.95,10,10000,0.938,0.497,2,1,0.182943,0,0.5
3977,10000,6.51818,5.62342,7.49894,0.0834693,0.0630957,0.1,0.843177,0.8,0.9,0.252282,0.2,0.3,0.000692149,1554.07,-nan,77.7033,0.01,0.95,10,10000,0.938,0.497,9,10,0.0578518,0,1.11111
3978,10000,6.78864,5.62342,7.49894,0.0820212,0.0630957,0.1,0.838426,0.8,0.9,0.347457,0.3,0.4,0.000692149,863.37,86.5116,43.1685,0.01,0.95,10,10000,0.938,0.497,5,4,0.0914717,0,0.8
3979,10000,6.74104,5.62342,7.49894,0.0892105,0.0630957,0.1,0.818808,0.8,0.9,0.466739,0.4,0.5,0.000692149,1208.72,96.5077,60.4359,0.01,0.95,10,10000,0.938,0.497,7,6,0.0746863,0,0.857143
3980,10000,6.45768,5.62342,7.49894,0.0810297,0.0630957,0.1,0.838667,0.8,0.9,0.53292,0.5,0.6,0.000692149,2417.44,146.939,120.872,0.01,0.95,10,10000,0.938,0.497,14,11,0.0551595,0,0.785714
3981,10000,6.38641,5.62342,7.49894,0.078277,0.0630957,0.1,0.878577,0.8,0.9,0.653977,0.6,0.7,0.000692149,1036.04,134.023,51.8022,0.01,0.95,10,10000,0.938,0.497,6,3,0.105622,0,0.5
3982,10000,6.66147,5.62342,7.49894,0.0694614,0.0630957,0.1,0.867764,0.8,0.9,0.772017,0.7,0.8,0.000692149,345.348,77.3783,17.2674,0.01,0.95,10,10000,0.938,0.497,2,1,0.182943,0,0.5
3983,10000,6.65004,5.62342,7.49894,0.075777,0.0630957,0.1,0.835371,0.8,0.9,0.86365,0.8,0.9,0.000692149,863.37,107.899,43.1685,0.01,0.95,10,10000,0.938,0.497,5,3,0.105622,0,0.6
3984,10000,6.50247,5.62342,7.49894,0.0844956,0.0630957,0.1,0.82833,0.8,0.9,0.96382,0.9,1,0.000692149,518.022,-nan,25.9011,0.01,0.95,10,10000,0.938,0.497,3,4,0.0914717,0,1.33333
3985,10000,6.46152,5.62342,7.49894,0.0743473,0.0630957,0.1,0.831456,0.8,0.9,1.16489,1,1.5,0.00346075,310.813,18.9537,15.5407,0.01,0.95,10,10000,0.938,0.497,9,9,0.0609811,0,1
3986,10000,5.82168,5.62342,7.49894,0.0851351,0.0630957,0.1,0.920903,0.9,1,0.390325,0.3,0.4,0.000692149,345.348,44.6744,17.2674,0.01,0.95,10,10000,0.938,0.497,2,2,0.129361,0,1
3987,10000,6.41826,5.62342,7.49894,0.08061,0.0630957,0.1,0.938092,0.9,1,0.460638,0.4,0.5,0.000692149,1036.04,91.5552,51.8022,0.01,0.95,10,10000,0.938,0.497,6,5,0.0818148,0,0.833333
3988,10000,6.03728,5.62342,7.49894,0.0773332,0.0630957,0.1,0.923397,0.9,1,0.653719,0.6,0.7,0.000692149,690.696,-nan,34.5348,0.01,0.95,10,10000,0.938,0.497,4,5,0.0818148,0,1.25
3989,10000,6.30902,5.62342,7.49894,0.0883103,0.0630957,0.1,0.906757,0.9,1,0.844611,0.8,0.9,0.000692149,345.348,-nan,17.2674,0.01,0.95,10,10000,0.938,0.497,2,3,0.105622,0,1.5
3990,10000,5.9211,5.62342,7.49894,0.0880678,0.0630957,0.1,0.999794,0.9,1,0.920983,0.9,1,0.000692149,172.674,31.5896,8.6337,0.01,0.95,10,10000,0.938,0.497,1,1,0.182943,0,1
3991,10000,6.54261,5.62342,7.49894,0.148443,0.1,0.251189,0.0741886,0.05,0.1,0.0695224,0,0.1,0.00141779,14667.7,225.68,733.386,0.01,0.95,10,10000,0.938,0.497,174,156,0.0146472,0,0.896552
3992,10000,6.49245,5.62342,7.49894,0.146191,0.1,0.251189,0.0766258,0.05,0.1,0.151701,0.1,0.2,0.00141779,44256.1,395.57,2212.8,0.01,0.95,10,10000,0.938,0.497,525,466,0.00847469,0,0.887619
3993,10000,6.53619,5.62342,7.49894,0.146017,0.1,0.251189,0.0765256,0.05,0.1,0.250311,0.2,0.3,0.00141779,56479.2,439.981,2823.96,0.01,0.95,10,10000,0.938,0.497,670,605,0.00743771,0,0.902985
3994,10000,6.55054,5.62342,7.49894,0.142609,0.1,0.251189,0.0749613,0.05,0.1,0.347139,0.3,0.4,0.00141779,54371.7,443.665,2718.59,0.01,0.95,10,10000,0.938,0.497,645,565,0.00769649,0,0.875969
3995,10000,6.48933,5.62342,7.49894,0.142022,0.1,0.251189,0.0768775,0.05,0.1,0.44926,0.4,0.5,0.00141779,43328.8,390.047,2166.44,0.01,0.95,10,10000,0.938,0.497,514,458,0.00854838,0,0.891051
3996,10000,6.58629,5.62342,7.49894,0.145371,0.1,0.251189,0.0762299,0.05,0.1,0.549094,0.5,0.6,0.00141779,33803.2,347.408,1690.16,0.01,0.95,10,10000,0.938,0.497,401,354,0.00972333,0,0.882793
3997,10000,6.532,5.62342,7.49894,0.144665,0.1,0.251189,0.0775928,0.05,0.1,0.646116,0.6,0.7,0.00141779,25795,298.634,1289.75,0.01,0.95,10,10000,0.938,0.497,306,275,0.0110319,0,0.898693
3998,10000,6.6257,5.62342,7.49894,0.13764,0.1,0.251189,0.0773758,0.05,0.1,0.74861,0.7,0.8,0.00141779,17955.3,266.952,897.766,0.01,0.95,10,10000,0.938,0.497,213,177,0.0137509,0,0.830986
3999,10000,6.48501,5.62342,7.49894,0.142106,0.1,0.251189,0.0790166,0.05,0.1,0.848349,0.8,0.9,0.00141779,12897.5,223.444,644.874,0.01,0.95,10,10000,0.938,0.497,153,129,0.0161073,0,0.843137
4000,10000,6.66315,5.62342,7.49894,0.141373,0.1,0.251189,0.0754499,0.05,0.1,0.947597,0.9,1,0.00141779,9019.81,204.412,450.99,0.01,0.95,10,10000,0.938,0.497,107,81,0.020327,0,0.757009
4001,10000,6.65605,5.62342,7.49894,0.143363,0.1,0.251189,0.0803082,0.05,0.1,1.1598,1,1.5,0.00708897,2174.87,43.6761,108.743,0.01,0.95,10,10000,0.938,0.497,129,101,0.0182035,0,0.782946
4002,10000,6.51372,5.62342,7.49894,0.154904,0.1,0.251189,0.123779,0.1,0.15,0.0667132,0,0.1,0.00141779,13909.1,210.487,695.453,0.01,0.95,10,10000,0.938,0.497,165,155,0.0146944,0,0.939394
4003,10000,6.41753,5.62342,7.49894,0.154361,0.1,0.251189,0.124344,0.1,0.15,0.152084,0.1,0.2,0.00141779,38861,368.398,1943.05,0.01,0.95,10,10000,0.938,0.497,461,412,0.00901297,0,0.893709
4004,10000,6.4115,5.62342,7.49894,0.156576,0.1,0.251189,0.123428,0.1,0.15,0.251458,0.2,0.3,0.00141779,47880.9,398.615,2394.04,0.01,0.95,10,10000,0.938,0.497,568,522,0.00800721,0,0.919014
4005,10000,6.43228,5.62342,7.49894,0.159044,0.1,0.251189,0.124903,0.1,0.15,0.349822,0.3,0.4,0.00141779,48808.1,425.694,2440.41,0.01,0.95,10,10000,0.938,0.497,579,500,0.00818148,0,0.863558
4006,10000,6.4903,5.62342,7.49894,0.156682,0.1,0.251189,0.1242,0.1,0.15,0.448782,0.4,0.5,0.00141779,41305.7,359.993,2065.28,0.01,0.95,10,10000,0.938,0.497,490,464,0.00849293,0,0.946939
4007,10000,6.46412,5.62342,7.49894,0.153205,0.1,0.251189,0.124293,0.1,0.15,0.544588,0.5,0.6,0.00141779,34056.1,349.273,1702.81,0.01,0.95,10,10000,0.938,0.497,404,356,0.00969598,0,0.881188
4008,10000,6.49699,5.62342,7.49894,0.15576,0.1,0.251189,0.124089,0.1,0.15,0.646778,0.6,0.7,0.00141779,24699.1,290.532,1234.96,0.01,0.95,10,10000,0.938,0.497,293,265,0.0112381,0,0.904437
4009,10000,6.46467,5.62342,7.49894,0.152437,0.1,0.251189,0.123517,0.1,0.15,0.751612,0.7,0.8,0.00141779,17028.1,251.997,851.403,0.01,0.95,10,10000,0.938,0.497,202,174,0.0138689,0,0.861386
4010,10000,6.54596,5.62342,7.49894,0.148504,0.1,0.251189,0.124389,0.1,0.15,0.843901,0.8,0.9,0.00141779,14752,252.859,737.601,0.01,0.95,10,10000,0.938,0.497,175,138,0.0155732,0,0.788571
4011,10000,6.47451,5.62342,7.49894,0.150872,0.1,0.251189,0.12295,0.1,0.15,0.947455,0.9,1,0.00141779,8429.73,157.332,421.486,0.01,0.95,10,10000,0.938,0.497,100,98,0.0184801,0,0.98
4012,10000,6.50079,5.62342,7.49894,0.148017,0.1,0.251189,0.126182,0.1,0.15,1.17651,1,1.5,0.00708897,3725.94,49.9789,186.297,0.01,0.95,10,10000,0.938,0.497,221,202,0.0128719,0,0.914027
4013,10000,6.40549,5.62342,7.49894,0.16021,0.1,0.251189,0.172502,0.15,0.2,0.0649449,0,0.1,0.00141779,9694.19,177.313,484.709,0.01,0.95,10,10000,0.938,0.497,115,107,0.0176858,0,0.930435
4014,10000,6.41712,5.62342,7.49894,0.161997,0.1,0.251189,0.173665,0.15,0.2,0.155095,0.1,0.2,0.00141779,25120.6,280.917,1256.03,0.01,0.95,10,10000,0.938,0.497,298,282,0.0108941,0,0.946309
4015,10000,6.45273,5.62342,7.49894,0.159867,0.1,0.251189,0.174067,0.15,0.2,0.250208,0.2,0.3,0.00141779,35404.9,337.064,1770.24,0.01,0.95,10,10000,0.938,0.497,420,393,0.00922827,0,0.935714
4016,10000,6.4567,5.62342,7.49894,0.160071,0.1,0.251189,0.172934,0.15,0.2,0.349314,0.3,0.4,0.00141779,36332.1,347.308,1816.61,0.01,0.95,10,10000,0.938,0.497,431,396,0.00919325,0,0.918794
4017,10000,6.421,5.62342,7.49894,0.158781,0.1,0.251189,0.173651,0.15,0.2,0.449522,0.4,0.5,0.00141779,32201.6,320.984,1610.08,0.01,0.95,10,10000,0.938,0.497,382,358,0.00966886,0,0.937173
4018,10000,6.47666,5.62342,7.49894,0.155876,0.1,0.251189,0.174538,0.15,0.2,0.548116,0.5,0.6,0.00141779,27396.6,288.479,1369.83,0.01,0.95,10,10000,0.938,0.497,325,313,0.0103406,0,0.963077
4019,10000,6.4128,5.62342,7.49894,0.155831,0.1,0.251189,0.174673,0.15,0.2,0.647947,0.6,0.7,0.00141779,20905.7,270.911,1045.29,0.01,0.95,10,10000,0.938,0.497,248,221,0.0123061,0,0.891129
4020,10000,6.44049,5.62342,7.49894,0.160463,0.1,0.251189,0.171599,0.15,0.2,0.744657,0.7,0.8,0.00141779,12560.3,197.307,628.015,0.01,0.95,10,10000,0.938,0.497,149,142,0.0153523,0,0.95302
4021,10000,6.49873,5.62342,7.49894,0.158193,0.1,0.251189,0.174296,0.15,0.2,0.848671,0.8,0.9,0.00141779,12476,212.004,623.8,0.01,0.95,10,10000,0.938,0.497,148,130,0.0160452,0,0.878378
4022,10000,6.37632,5.62342,7.49894,0.149804,0.1,0.251189,0.175216,0.15,0.2,0.950115,0.9,1,0.00141779,7165.27,160.019,358.263,0.01,0.95,10,10000,0.938,0.497,85,75,0.0211245,0,0.882353
4023,10000,6.46546,5.62342,7.49894,0.154144,0.1,0.251189,0.172668,0.15,0.2,1.18445,1,1.5,0.00708897,3000.98,49.3519,150.049,0.01,0.95,10,10000,0.938,0.497,178,146,0.0151405,0,0.820225
4024,10000,6.36308,5.62342,7.49894,0.163125,0.1,0.251189,0.2237,0.2,0.25,0.0687455,0,0.1,0.00141779,5985.11,129.945,299.255,0.01,0.95,10,10000,0.938,0.497,71,71,0.0217114,0,1
4025,10000,6.4395,5.62342,7.49894,0.161617,0.1,0.251189,0.224899,0.2,0.25,0.15407,0.1,0.2,0.00141779,17702.4,250.664,885.121,0.01,0.95,10,10000,0.938,0.497,210,186,0.0134141,0,0.885714
4026,10000,6.40986,5.62342,7.49894,0.156717,0.1,0.251189,0.221074,0.2,0.25,0.249081,0.2,0.3,0.00141779,23687.5,286.724,1184.38,0.01,0.95,10,10000,0.938,0.497,281,252,0.0115244,0,0.896797
4027,10000,6.44289,5.62342,7.49894,0.163336,0.1,0.251189,0.223896,0.2,0.25,0.350731,0.3,0.4,0.00141779,25289.2,289.407,1264.46,0.01,0.95,10,10000,0.938,0.497,300,276,0.0110119,0,0.92
4028,10000,6.41157,5.62342,7.49894,0.159925,0.1,0.251189,0.222787,0.2,0.25,0.45091,0.4,0.5,0.00141779,23856.1,-nan,1192.81,0.01,0.95,10,10000,0.938,0.497,283,285,0.0108366,0,1.00707
4029,10000,6.4679,5.62342,7.49894,0.156957,0.1,0.251189,0.224095,0.2,0.25,0.548214,0.5,0.6,0.00141779,21074.3,269.572,1053.72,0.01,0.95,10,10000,0.938,0.497,250,225,0.0121962,0,0.9
4030,10000,6.47801,5.62342,7.49894,0.156413,0.1,0.251189,0.2237,0.2,0.25,0.644423,0.6,0.7,0.00141779,16016.5,233.762,800.824,0.01,0.95,10,10000,0.938,0.497,190,172,0.0139493,0,0.905263
4031,10000,6.49199,5.62342,7.49894,0.157065,0.1,0.251189,0.222355,0.2,0.25,0.748195,0.7,0.8,0.00141779,10621.5,193.54,531.073,0.01,0.95,10,10000,0.938,0.497,126,112,0.0172865,0,0.888889
4032,10000,6.46936,5.62342,7.49894,0.152965,0.1,0.251189,0.225276,0.2,0.25,0.84607,0.8,0.9,0.00141779,8092.54,157.533,404.627,0.01,0.95,10,10000,0.938,0.497,96,92,0.0190732,0,0.958333
4033,10000,6.38598,5.62342,7.49894,0.156881,0.1,0.251189,0.220889,0.2,0.25,0.941087,0.9,1,0.00141779,4973.54,128.958,248.677,0.01,0.95,10,10000,0.938,0.497,59,54,0.0248954,0,0.915254
4034,10000,6.40431,5.62342,7.49894,0.152031,0.1,0.251189,0.223414,0.2,0.25,1.18657,1,1.5,0.00708897,2545.78,41.0426,127.289,0.01,0.95,10,10000,0.938,0.497,151,139,0.0155171,0,0.92053
4035,10000,6.29427,5.62342,7.49894,0.148954,0.1,0.251189,0.272757,0.25,0.3,0.0660341,0,0.1,0.00141779,3119,107.468,155.95,0.01,0.95,10,10000,0.938,0.497,37,32,0.0323401,0,0.864865
4036,10000,6.35111,5.62342,7.49894,0.167085,0.1,0.251189,0.27475,0.25,0.3,0.152283,0.1,0.2,0.00141779,9947.08,174.777,497.354,0.01,0.95,10,10000,0.938,0.497,118,113,0.0172099,0,0.957627
4037,10000,6.40827,5.62342,7.49894,0.154999,0.1,0.251189,0.27281,0.25,0.3,0.249589,0.2,0.3,0.00141779,16859.5,235.114,842.973,0.01,0.95,10,10000,0.938,0.497,200,185,0.0134503,0,0.925
4038,10000,6.39401,5.62342,7.49894,0.157344,0.1,0.251189,0.274241,0.25,0.3,0.347924,0.3,0.4,0.00141779,19725.6,260.354,986.278,0.01,0.95,10,10000,0.938,0.497,234,211,0.0125943,0,0.901709
4039,10000,6.34973,5.62342,7.49894,0.162039,0.1,0.251189,0.274275,0.25,0.3,0.447422,0.4,0.5,0.00141779,18461.1,263.174,923.055,0.01,0.95,10,10000,0.938,0.497,219,188,0.0133425,0,0.858447
4040,10000,6.45666,5.62342,7.49894,0.163084,0.1,0.251189,0.274772,0.25,0.3,0.550566,0.5,0.6,0.00141779,13487.6,198.762,674.378,0.01,0.95,10,10000,0.938,0.497,160,157,0.0146005,0,0.98125
4041,10000,6.47553,5.62342,7.49894,0.161707,0.1,0.251189,0.275357,0.25,0.3,0.654738,0.6,0.7,0.00141779,11042.9,-nan,552.147,0.01,0.95,10,10000,0.938,0.497,131,135,0.0157453,0,1.03053
4042,10000,6.44305,5.62342,7.49894,0.150421,0.1,0.251189,0.274487,0.25,0.3,0.74854,0.7,0.8,0.00141779,10790.1,191.677,539.503,0.01,0.95,10,10000,0.938,0.497,128,116,0.0169859,0,0.90625
4043,10000,6.38685,5.62342,7.49894,0.160993,0.1,0.251189,0.273004,0.25,0.3,0.845339,0.8,0.9,0.00141779,6490.89,137.093,324.545,0.01,0.95,10,10000,0.938,0.497,77,76,0.020985,0,0.987013
4044,10000,6.37077,5.62342,7.49894,0.150779,0.1,0.251189,0.276684,0.25,0.3,0.949402,0.9,1,0.00141779,4046.27,126.42,202.313,0.01,0.95,10,10000,0.938,0.497,48,40,0.0289259,0,0.833333
4045,10000,6.47387,5.62342,7.49894,0.162021,0.1,0.251189,0.276285,0.25,0.3,1.19692,1,1.5,0.00708897,1719.66,35.4091,85.9832,0.01,0.95,10,10000,0.938,0.497,102,89,0.019392,0,0.872549
4046,10000,6.31535,5.62342,7.49894,0.163276,0.1,0.251189,0.345751,0.3,0.4,0.0671912,0,0.1,0.00283559,2908.26,64.0508,145.413,0.01,0.95,10,10000,0.938,0.497,69,69,0.0220238,0,1
4047,10000,6.43267,5.62342,7.49894,0.157368,0.1,0.251189,0.343362,0.3,0.4,0.156521,0.1,0.2,0.00283559,7123.12,109.57,356.156,0.01,0.95,10,10000,0.938,0.497,169,154,0.014742,0,0.911243
4048,10000,6.36515,5.62342,7.49894,0.162119,0.1,0.251189,0.34533,0.3,0.4,0.251107,0.2,0.3,0.00283559,11211.5,129.6,560.577,0.01,0.95,10,10000,0.938,0.497,266,258,0.0113896,0,0.969925
4049,10000,6.45342,5.62342,7.49894,0.160957,0.1,0.251189,0.345425,0.3,0.4,0.352436,0.3,0.4,0.00283559,12054.5,137.913,602.726,0.01,0.95,10,10000,0.938,0.497,286,270,0.0111336,0,0.944056
4050,10000,6.36671,5.62342,7.49894,0.161448,0.1,0.251189,0.346267,0.3,0.4,0.443527,0.4,0.5,0.00283559,11717.3,131.844,585.866,0.01,0.95,10,10000,0.938,0.497,278,271,0.011113,0,0.97482
4051,10000,6.40645,5.62342,7.49894,0.159359,0.1,0.251189,0.345244,0.3,0.4,0.549391,0.5,0.6,0.00283559,10368.6,133.923,518.428,0.01,0.95,10,10000,0.938,0.497,246,221,0.0123061,0,0.898374
4052,10000,6.48086,5.62342,7.49894,0.160506,0.1,0.251189,0.347918,0.3,0.4,0.647763,0.6,0.7,0.00283559,8935.51,120.517,446.776,0.01,0.95,10,10000,0.938,0.497,212,197,0.0130342,0,0.929245
4053,10000,6.39976,5.62342,7.49894,0.164002,0.1,0.251189,0.349029,0.3,0.4,0.749211,0.7,0.8,0.00283559,6238,97.6894,311.9,0.01,0.95,10,10000,0.938,0.497,148,142,0.0153523,0,0.959459
4054,10000,6.48789,5.62342,7.49894,0.162147,0.1,0.251189,0.348778,0.3,0.4,0.848585,0.8,0.9,0.00283559,5142.13,92.4609,257.107,0.01,0.95,10,10000,0.938,0.497,122,112,0.0172865,0,0.918033
4055,10000,6.47843,5.62342,7.49894,0.16432,0.1,0.251189,0.347195,0.3,0.4,0.953928,0.9,1,0.00283559,2613.22,-nan,130.661,0.01,0.95,10,10000,0.938,0.497,62,66,0.0225188,0,1.06452
4056,10000,6.45049,5.62342,7.49894,0.156468,0.1,0.251189,0.348965,0.3,0.4,1.19547,1,1.5,0.0141779,1500.49,24.1117,75.0246,0.01,0.95,10,10000,0.938,0.497,178,150,0.0149373,0,0.842697
4057,10000,6.29291,5.62342,7.49894,0.161131,0.1,0.251189,0.439669,0.4,0.5,0.0653578,0,0.1,0.00283559,2023.13,59.3095,101.157,0.01,0.95,10,10000,0.938,0.497,48,43,0.0278986,0,0.895833
4058,10000,6.39674,5.62342,7.49894,0.16391,0.1,0.251189,0.44348,0.4,0.5,0.154605,0.1,0.2,0.00283559,3961.97,74.7591,198.099,0.01,0.95,10,10000,0.938,0.497,94,94,0.0188692,0,1
4059,10000,6.34616,5.62342,7.49894,0.165488,0.1,0.251189,0.449154,0.4,0.5,0.252088,0.2,0.3,0.00283559,6448.74,97.9045,322.437,0.01,0.95,10,10000,0.938,0.497,153,149,0.0149873,0,0.973856
4060,10000,6.3312,5.62342,7.49894,0.161473,0.1,0.251189,0.444368,0.4,0.5,0.353428,0.3,0.4,0.00283559,6406.59,100.208,320.33,0.01,0.95,10,10000,0.938,0.497,152,144,0.0152453,0,0.947368
4061,10000,6.42286,5.62342,7.49894,0.163569,0.1,0.251189,0.443757,0.4,0.5,0.452329,0.4,0.5,0.00283559,7628.9,111.477,381.445,0.01,0.95,10,10000,0.938,0.497,181,168,0.0141144,0,0.928177
4062,10000,6.40486,5.62342,7.49894,0.159346,0.1,0.251189,0.444176,0.4,0.5,0.549639,0.5,0.6,0.00283559,5942.96,94.8674,297.148,0.01,0.95,10,10000,0.938,0.497,141,136,0.0156873,0,0.964539
4063,10000,6.42046,5.62342,7.49894,0.167439,0.1,0.251189,0.449885,0.4,0.5,0.650985,0.6,0.7,0.00283559,4847.09,-nan,242.355,0.01,0.95,10,10000,0.938,0.497,115,118,0.0168413,0,1.02609
4064,10000,6.22615,5.62342,7.49894,0.154445,0.1,0.251189,0.446825,0.4,0.5,0.747653,0.7,0.8,0.00283559,4130.57,82.8409,206.528,0.01,0.95,10,10000,0.938,0.497,98,90,0.0192839,0,0.918367
4065,10000,6.42043,5.62342,7.49894,0.15405,0.1,0.251189,0.447792,0.4,0.5,0.848494,0.8,0.9,0.00283559,3119,72.9325,155.95,0.01,0.95,10,10000,0.938,0.497,74,67,0.0223501,0,0.905405
4066,10000,6.48573,5.62342,7.49894,0.168215,0.1,0.251189,0.448082,0.4,0.5,0.939694,0.9,1,0.00283559,1685.95,48.7675,84.2973,0.01,0.95,10,10000,0.938,0.497,40,40,0.0289259,0,1
4067,10000,6.42982,5.62342,7.49894,0.15738,0.1,0.251189,0.445209,0.4,0.5,1.19189,1,1.5,0.0141779,994.708,17.7773,49.7354,0.01,0.95,10,10000,0.938,0.497,118,111,0.0173642,0,0.940678
4068,10000,6.3294,5.62342,7.49894,0.160952,0.1,0.251189,0.532915,0.5,0.6,0.0573652,0,0.1,0.00283559,421.486,29.8639,21.0743,0.01,0.95,10,10000,0.938,0.497,10,8,0.0646803,0,0.8
4069,10000,6.32236,5.62342,7.49894,0.160015,0.1,0.251189,0.54376,0.5,0.6,0.155806,0.1,0.2,0.00283559,2992.55,70.7161,149.628,0.01,0.95,10,10000,0.938,0.497,71,65,0.0226913,0,0.915493
4070,10000,6.37926,5.62342,7.49894,0.169731,0.1,0.251189,0.545717,0.5,0.6,0.248689,0.2,0.3,0.00283559,3329.74,72.0978,166.487,0.01,0.95,10,10000,0.938,0.497,79,75,0.0211245,0,0.949367
4071,10000,6.37537,5.62342,7.49894,0.16282,0.1,0.251189,0.549514,0.5,0.6,0.348979,0.3,0.4,0.00283559,4214.86,-nan,210.743,0.01,0.95,10,10000,0.938,0.497,100,113,0.0172099,0,1.13
4072,10000,6.44517,5.62342,7.49894,0.153776,0.1,0.251189,0.544666,0.5,0.6,0.446798,0.4,0.5,0.00283559,4214.86,87.8779,210.743,0.01,0.95,10,10000,0.938,0.497,100,87,0.0196136,0,0.87
4073,10000,6.44428,5.62342,7.49894,0.166972,0.1,0.251189,0.549999,0.5,0.6,0.55005,0.5,0.6,0.00283559,3961.97,-nan,198.099,0.01,0.95,10,10000,0.938,0.497,94,96,0.0186716,0,1.02128
4074,10000,6.49189,5.62342,7.49894,0.168079,0.1,0.251189,0.541638,0.5,0.6,0.645118,0.6,0.7,0.00283559,3498.34,76.4458,174.917,0.01,0.95,10,10000,0.938,0.497,83,76,0.020985,0,0.915663
4075,10000,6.50474,5.62342,7.49894,0.157847,0.1,0.251189,0.55643,0.5,0.6,0.753166,0.7,0.8,0.00283559,2191.73,-nan,109.586,0.01,0.95,10,10000,0.938,0.497,52,55,0.0246681,0,1.05769
4076,10000,6.46655,5.62342,7.49894,0.166973,0.1,0.251189,0.539045,0.5,0.6,0.847166,0.8,0.9,0.00283559,1770.24,56.3213,88.5121,0.01,0.95,10,10000,0.938,0.497,42,37,0.0300757,0,0.880952
4077,10000,6.4406,5.62342,7.49894,0.158332,0.1,0.251189,0.548326,0.5,0.6,0.946822,0.9,1,0.00283559,1517.35,47.5684,75.8676,0.01,0.95,10,10000,0.938,0.497,36,35,0.0309231,0,0.972222
4078,10000,6.40101,5.62342,7.49894,0.154477,0.1,0.251189,0.545063,0.5,0.6,1.19722,1,1.5,0.0141779,665.949,-nan,33.2974,0.01,0.95,10,10000,0.938,0.497,79,81,0.020327,0,1.02532
4079,10000,6.32348,5.62342,7.49894,0.174655,0.1,0.251189,0.648831,0.6,0.7,0.0698857,0,0.1,0.00283559,463.635,30.736,23.1818,0.01,0.95,10,10000,0.938,0.497,11,9,0.0609811,0,0.818182
4080,10000,6.26779,5.62342,7.49894,0.166333,0.1,0.251189,0.647379,0.6,0.7,0.155995,0.1,0.2,0.00283559,1770.24,59.1274,88.5121,0.01,0.95,10,10000,0.938,0.497,42,35,0.0309231,0,0.833333
4081,10000,6.46233,5.62342,7.49894,0.178556,0.1,0.251189,0.64848,0.6,0.7,0.258488,0.2,0.3,0.00283559,1896.69,51.7257,94.8344,0.01,0.95,10,10000,0.938,0.497,45,45,0.0272716,0,1
4082,10000,6.27224,5.62342,7.49894,0.157558,0.1,0.251189,0.648111,0.6,0.7,0.355223,0.3,0.4,0.00283559,3287.59,80.5771,164.38,0.01,0.95,10,10000,0.938,0.497,78,65,0.0226913,0,0.833333
4083,10000,6.29881,5.62342,7.49894,0.168815,0.1,0.251189,0.647194,0.6,0.7,0.45353,0.4,0.5,0.00283559,2528.92,60.7316,126.446,0.01,0.95,10,10000,0.938,0.497,60,59,0.0238172,0,0.983333
4084,10000,6.35944,5.62342,7.49894,0.159635,0.1,0.251189,0.6417,0.6,0.7,0.544004,0.5,0.6,0.00283559,2402.47,-nan,120.124,0.01,0.95,10,10000,0.938,0.497,57,60,0.0236179,0,1.05263
4085,10000,6.32593,5.62342,7.49894,0.174775,0.1,0.251189,0.64993,0.6,0.7,0.64555,0.6,0.7,0.00283559,2107.43,71.1467,105.372,0.01,0.95,10,10000,0.938,0.497,50,37,0.0300757,0,0.74
4086,10000,6.44645,5.62342,7.49894,0.151989,0.1,0.251189,0.644256,0.6,0.7,0.74816,0.7,0.8,0.00283559,1770.24,56.3213,88.5121,0.01,0.95,10,10000,0.938,0.497,42,37,0.0300757,0,0.880952
4087,10000,6.50894,5.62342,7.49894,0.167543,0.1,0.251189,0.65072,0.6,0.7,0.845941,0.8,0.9,0.00283559,1095.86,-nan,54.7932,0.01,0.95,10,10000,0.938,0.497,26,29,0.0339717,0,1.11538
4088,10000,6.45426,5.62342,7.49894,0.156999,0.1,0.251189,0.644868,0.6,0.7,0.94384,0.9,1,0.00283559,1053.72,43.4949,52.6858,0.01,0.95,10,10000,0.938,0.497,25,22,0.0390037,0,0.88
4089,10000,6.33023,5.62342,7.49894,0.157013,0.1,0.251189,0.643987,0.6,0.7,1.20903,1,1.5,0.0141779,354.049,13.7638,17.7024,0.01,0.95,10,10000,0.938,0.497,42,29,0.0339717,0,0.690476
4090,10000,6.33604,5.62342,7.49894,0.155379,0.1,0.251189,0.771888,0.7,0.8,0.0580229,0,0.1,0.00283559,126.446,-nan,6.3223,0.01,0.95,10,10000,0.938,0.497,3,5,0.0818148,0,1.66667
4091,10000,6.26843,5.62342,7.49894,0.17885,0.1,0.251189,0.737216,0.7,0.8,0.149563,0.1,0.2,0.00283559,969.419,44.0828,48.4709,0.01,0.95,10,10000,0.938,0.497,23,19,0.0419701,0,0.826087
4092,10000,6.46786,5.62342,7.49894,0.152766,0.1,0.251189,0.747704,0.7,0.8,0.251737,0.2,0.3,0.00283559,1306.61,-nan,65.3304,0.01,0.95,10,10000,0.938,0.497,31,32,0.0323401,0,1.03226
4093,10000,6.28403,5.62342,7.49894,0.151355,0.1,0.251189,0.745617,0.7,0.8,0.346547,0.3,0.4,0.00283559,1643.8,64.3485,82.1898,0.01,0.95,10,10000,0.938,0.497,39,28,0.0345731,0,0.717949
4094,10000,6.39495,5.62342,7.49894,0.16186,0.1,0.251189,0.749178,0.7,0.8,0.45126,0.4,0.5,0.00283559,1854.54,61.472,92.727,0.01,0.95,10,10000,0.938,0.497,44,36,0.0304906,0,0.818182
4095,10000,6.37207,5.62342,7.49894,0.170812,0.1,0.251189,0.741495,0.7,0.8,0.545714,0.5,0.6,0.00283559,1390.91,-nan,69.5453,0.01,0.95,10,10000,0.938,0.497,33,37,0.0300757,0,1.12121
4096,10000,6.43305,5.62342,7.49894,0.162034,0.1,0.251189,0.738199,0.7,0.8,0.650097,0.6,0.7,0.00283559,1264.46,-nan,63.223,0.01,0.95,10,10000,0.938,0.497,30,31,0.0328576,0,1.03333
4097,10000,6.24487,5.62342,7.49894,0.165697,0.1,0.251189,0.746041,0.7,0.8,0.74957,0.7,0.8,0.00283559,1011.57,41.0659,50.5784,0.01,0.95,10,10000,0.938,0.497,24,22,0.0390037,0,0.916667
4098,10000,6.36527,5.62342,7.49894,0.153265,0.1,0.251189,0.741952,0.7,0.8,0.85132,0.8,0.9,0.00283559,1095.86,45.9131,54.7932,0.01,0.95,10,10000,0.938,0.497,26,22,0.0390037,0,0.846154
4099,10000,6.36015,5.62342,7.49894,0.147875,0.1,0.251189,0.750908,0.7,0.8,0.945202,0.9,1,0.00283559,547.932,38.2098,27.3966,0.01,0.95,10,10000,0.938,0.497,13,9,0.0609811,0,0.692308
4100,10000,6.42876,5.62342,7.49894,0.165554,0.1,0.251189,0.746644,0.7,0.8,1.15879,1,1.5,0.0141779,177.024,7.41201,8.85121,0.01,0.95,10,10000,0.938,0.497,21,20,0.0409074,0,0.952381
4101,10000,6.42624,5.62342,7.49894,0.164412,0.1,0.251189,0.844283,0.8,0.9,0.0705248,0,0.1,0.00283559,126.446,18.8876,6.3223,0.01,0.95,10,10000,0.938,0.497,3,2,0.129361,0,0.666667
4102,10000,6.31956,5.62342,7.49894,0.146622,0.1,0.251189,0.837378,0.8,0.9,0.140077,0.1,0.2,0.00283559,674.378,37.2877,33.7189,0.01,0.95,10,10000,0.938,0.497,16,13,0.0507394,0,0.8125
4103,10000,6.52212,5.62342,7.49894,0.16385,0.1,0.251189,0.847915,0.8,0.9,0.250017,0.2,0.3,0.00283559,885.121,40.8018,44.2561,0.01,0.95,10,10000,0.938,0.497,21,18,0.0431202,0,0.857143
4104,10000,6.57557,5.62342,7.49894,0.15013,0.1,0.251189,0.837395,0.8,0.9,0.35805,0.3,0.4,0.00283559,590.081,28.8512,29.504,0.01,0.95,10,10000,0.938,0.497,14,14,0.0488937,0,1
4105,10000,6.51321,5.62342,7.49894,0.174568,0.1,0.251189,0.843496,0.8,0.9,0.448317,0.4,0.5,0.00283559,1095.86,-nan,54.7932,0.01,0.95,10,10000,0.938,0.497,26,27,0.0352075,0,1.03846
4106,10000,6.40733,5.62342,7.49894,0.152292,0.1,0.251189,0.851016,0.8,0.9,0.548576,0.5,0.6,0.00283559,674.378,-nan,33.7189,0.01,0.95,10,10000,0.938,0.497,16,20,0.0409074,0,1.25
4107,10000,6.47565,5.62342,7.49894,0.165331,0.1,0.251189,0.846341,0.8,0.9,0.637365,0.6,0.7,0.00283559,758.676,43.514,37.9338,0.01,0.95,10,10000,0.938,0.497,18,13,0.0507394,0,0.722222
4108,10000,6.28481,5.62342,7.49894,0.170509,0.1,0.251189,0.840818,0.8,0.9,0.755608,0.7,0.8,0.00283559,547.932,-nan,27.3966,0.01,0.95,10,10000,0.938,0.497,13,14,0.0488937,0,1.07692
4109,10000,6.31107,5.62342,7.49894,0.174971,0.1,0.251189,0.839428,0.8,0.9,0.851828,0.8,0.9,0.00283559,295.04,27.3707,14.752,0.01,0.95,10,10000,0.938,0.497,7,5,0.0818148,0,0.714286
4110,10000,6.53502,5.62342,7.49894,0.157892,0.1,0.251189,0.85877,0.8,0.9,0.955683,0.9,1,0.00283559,126.446,-nan,6.3223,0.01,0.95,10,10000,0.938,0.497,3,7,0.0691461,0,2.33333
4111,10000,6.72077,5.62342,7.49894,0.141328,0.1,0.251189,0.843159,0.8,0.9,1.17489,1,1.5,0.0141779,101.157,6.32099,5.05784,0.01,0.95,10,10000,0.938,0.497,12,10,0.0578518,0,0.833333
4112,10000,6.0173,5.62342,7.49894,0.198975,0.1,0.251189,0.941887,0.9,1,0.0774742,0,0.1,0.00283559,126.446,13.3555,6.3223,0.01,0.95,10,10000,0.938,0.497,3,3,0.105622,0,1
4113,10000,6.2273,5.62342,7.49894,0.172533,0.1,0.251189,0.957743,0.9,1,0.167116,0.1,0.2,0.00283559,126.446,-nan,6.3223,0.01,0.95,10,10000,0.938,0.497,3,7,0.0691461,0,2.33333
4114,10000,6.66992,5.62342,7.49894,0.118136,0.1,0.251189,0.942834,0.9,1,0.268925,0.2,0.3,0.00283559,210.743,26.3374,10.5372,0.01,0.95,10,10000,0.938,0.497,5,3,0.105622,0,0.6
4115,10000,6.39177,5.62342,7.49894,0.13102,0.1,0.251189,0.938196,0.9,1,0.324129,0.3,0.4,0.00283559,252.892,18.8876,12.6446,0.01,0.95,10,10000,0.938,0.497,6,6,0.0746863,0,1
4116,10000,6.77483,5.62342,7.49894,0.197668,0.1,0.251189,0.948934,0.9,1,0.457687,0.4,0.5,0.00283559,168.595,19.9092,8.42973,0.01,0.95,10,10000,0.938,0.497,4,3,0.105622,0,0.75
4117,10000,6.02209,5.62342,7.49894,0.17139,0.1,0.251189,0.919428,0.9,1,0.554258,0.5,0.6,0.00283559,295.04,49.9718,14.752,0.01,0.95,10,10000,0.938,0.497,7,2,0.129361,0,0.285714
4118,10000,7.01579,5.62342,7.49894,0.15108,0.1,0.251189,0.914835,0.9,1,0.605444,0.6,0.7,0.00283559,84.2973,18.8876,4.21486,0.01,0.95,10,10000,0.938,0.497,2,1,0.182943,0,0.5
4119,10000,5.99583,5.62342,7.49894,0.147452,0.1,0.251189,0.938818,0.9,1,0.755242,0.7,0.8,0.00283559,126.446,-nan,6.3223,0.01,0.95,10,10000,0.938,0.497,3,4,0.0914717,0,1.33333
4120,10000,6.91585,5.62342,7.49894,0.202621,0.1,0.251189,0.932262,0.9,1,0.807439,0.8,0.9,0.00283559,42.1486,7.71082,2.10743,0.01,0.95,10,10000,0.938,0.497,1,1,0.182943,0,1
4121,10000,6.55428,5.62342,7.49894,0.150454,0.1,0.251189,0.918607,0.9,1,0.939982,0.9,1,0.00283559,42.1486,-nan,2.10743,0.01,0.95,10,10000,0.938,0.497,1,3,0.105622,0,3
4122,10000,6.3562,5.62342,7.49894,0.104106,0.1,0.251189,0.925707,0.9,1,1.02353,1,1.5,0.0141779,16.8595,3.77751,0.842973,0.01,0.95,10,10000,0.938,0.497,2,1,0.182943,0,0.5
4123,10000,6.64162,5.62342,7.49894,0.294689,0.251189,0.630957,0.0833223,0.05,0.1,0.064569,0,0.1,0.00356132,536.952,-nan,26.8476,0.01,0.95,10,10000,0.938,0.497,16,17,0.0443703,0,1.0625
4124,10000,6.77869,5.62342,7.49894,0.285375,0.251189,0.630957,0.0843374,0.05,0.1,0.153356,0.1,0.2,0.00356132,1342.38,47.5563,67.119,0.01,0.95,10,10000,0.938,0.497,40,32,0.0323401,0,0.8
4125,10000,6.74895,5.62342,7.49894,0.287835,0.251189,0.630957,0.0867844,0.05,0.1,0.248066,0.2,0.3,0.00356132,2013.57,66.013,100.678,0.01,0.95,10,10000,0.938,0.497,60,41,0.028571,0,0.683333
4126,10000,6.76714,5.62342,7.49894,0.301322,0.251189,0.630957,0.0848307,0.05,0.1,0.349911,0.3,0.4,0.00356132,1040.34,-nan,52.0172,0.01,0.95,10,10000,0.938,0.497,31,33,0.0318464,0,1.06452
4127,10000,6.7573,5.62342,7.49894,0.282946,0.251189,0.630957,0.0846812,0.05,0.1,0.442625,0.4,0.5,0.00356132,1141.02,59.6651,57.0511,0.01,0.95,10,10000,0.938,0.497,34,18,0.0431202,0,0.529412
4128,10000,7.03624,5.62342,7.49894,0.291656,0.251189,0.630957,0.0828706,0.05,0.1,0.548997,0.5,0.6,0.00356132,570.511,34.275,28.5256,0.01,0.95,10,10000,0.938,0.497,17,12,0.0528112,0,0.705882
4129,10000,6.64963,5.62342,7.49894,0.293821,0.251189,0.630957,0.0839206,0.05,0.1,0.65763,0.6,0.7,0.00356132,302.035,18.4185,15.1018,0.01,0.95,10,10000,0.938,0.497,9,9,0.0609811,0,1
4130,10000,6.75266,5.62342,7.49894,0.283559,0.251189,0.630957,0.0855094,0.05,0.1,0.744271,0.7,0.8,0.00356132,369.154,29.8075,18.4577,0.01,0.95,10,10000,0.938,0.497,11,7,0.0691461,0,0.636364
4131,10000,7.3318,5.62342,7.49894,0.291042,0.251189,0.630957,0.0805357,0.05,0.1,0.857926,0.8,0.9,0.00356132,201.357,21.2678,10.0678,0.01,0.95,10,10000,0.938,0.497,6,4,0.0914717,0,0.666667
4132,10000,7.32202,5.62342,7.49894,0.288015,0.251189,0.630957,0.0923743,0.05,0.1,0.944663,0.9,1,0.00356132,134.238,15.8521,6.7119,0.01,0.95,10,10000,0.938,0.497,4,3,0.105622,0,0.75
4133,10000,6.92131,5.62342,7.49894,0.307832,0.251189,0.630957,0.0929629,0.05,0.1,1.07933,1,1.5,0.0178066,26.8476,2.4558,1.34238,0.01,0.95,10,10000,0.938,0.497,4,4,0.0914717,0,1
4134,10000,6.78917,5.62342,7.49894,0.310479,0.251189,0.630957,0.125096,0.1,0.15,0.0682623,0,0.1,0.00356132,1107.46,35.2687,55.3732,0.01,0.95,10,10000,0.938,0.497,33,33,0.0318464,0,1
4135,10000,6.6746,5.62342,7.49894,0.305028,0.251189,0.630957,0.128353,0.1,0.15,0.154701,0.1,0.2,0.00356132,2584.08,61.3903,129.204,0.01,0.95,10,10000,0.938,0.497,77,67,0.0223501,0,0.87013
4136,10000,6.67388,5.62342,7.49894,0.31971,0.251189,0.630957,0.124501,0.1,0.15,0.25295,0.2,0.3,0.00356132,3188.15,69.4168,159.408,0.01,0.95,10,10000,0.938,0.497,95,81,0.020327,0,0.852632
4137,10000,6.6217,5.62342,7.49894,0.31241,0.251189,0.630957,0.1233,0.1,0.15,0.350899,0.3,0.4,0.00356132,3154.59,70.6879,157.73,0.01,0.95,10,10000,0.938,0.497,94,78,0.0207143,0,0.829787
4138,10000,6.76619,5.62342,7.49894,0.312163,0.251189,0.630957,0.125799,0.1,0.15,0.448618,0.4,0.5,0.00356132,2785.44,71.5187,139.272,0.01,0.95,10,10000,0.938,0.497,83,63,0.0230487,0,0.759036
4139,10000,6.53536,5.62342,7.49894,0.296762,0.251189,0.630957,0.127474,0.1,0.15,0.547227,0.5,0.6,0.00356132,1342.38,-nan,67.119,0.01,0.95,10,10000,0.938,0.497,40,45,0.0272716,0,1.125
4140,10000,6.85392,5.62342,7.49894,0.30597,0.251189,0.630957,0.130688,0.1,0.15,0.657188,0.6,0.7,0.00356132,1308.82,52.6948,65.441,0.01,0.95,10,10000,0.938,0.497,39,27,0.0352075,0,0.692308
4141,10000,6.41307,5.62342,7.49894,0.29897,0.251189,0.630957,0.125804,0.1,0.15,0.748947,0.7,0.8,0.00356132,872.547,38.0356,43.6273,0.01,0.95,10,10000,0.938,0.497,26,21,0.0399215,0,0.807692
4142,10000,6.65866,5.62342,7.49894,0.310943,0.251189,0.630957,0.128796,0.1,0.15,0.851019,0.8,0.9,0.00356132,469.833,22.9719,23.4916,0.01,0.95,10,10000,0.938,0.497,14,14,0.0488937,0,1
4143,10000,6.73426,5.62342,7.49894,0.324027,0.251189,0.630957,0.129896,0.1,0.15,0.951061,0.9,1,0.00356132,570.511,26.8493,28.5256,0.01,0.95,10,10000,0.938,0.497,17,16,0.0457358,0,0.941176
4144,10000,6.51265,5.62342,7.49894,0.275387,0.251189,0.630957,0.124879,0.1,0.15,1.16122,1,1.5,0.0178066,134.238,7.48341,6.7119,0.01,0.95,10,10000,0.938,0.497,20,14,0.0488937,0,0.7
4145,10000,6.76172,5.62342,7.49894,0.30677,0.251189,0.630957,0.174559,0.15,0.2,0.0665657,0,0.1,0.00356132,738.309,34.6094,36.9154,0.01,0.95,10,10000,0.938,0.497,22,18,0.0431202,0,0.818182
4146,10000,6.59457,5.62342,7.49894,0.307956,0.251189,0.630957,0.172859,0.15,0.2,0.150383,0.1,0.2,0.00356132,2349.16,66.8222,117.458,0.01,0.95,10,10000,0.938,0.497,70,52,0.0253697,0,0.742857
4147,10000,6.67788,5.62342,7.49894,0.315438,0.251189,0.630957,0.172765,0.15,0.2,0.245664,0.2,0.3,0.00356132,2852.56,61.4735,142.628,0.01,0.95,10,10000,0.938,0.497,85,78,0.0207143,0,0.917647
4148,10000,6.62193,5.62342,7.49894,0.3045,0.251189,0.630957,0.173383,0.15,0.2,0.352882,0.3,0.4,0.00356132,2751.88,61.3119,137.594,0.01,0.95,10,10000,0.938,0.497,82,74,0.0212667,0,0.902439
4149,10000,6.60262,5.62342,7.49894,0.311218,0.251189,0.630957,0.173099,0.15,0.2,0.450277,0.4,0.5,0.00356132,2651.2,58.8835,132.56,0.01,0.95,10,10000,0.938,0.497,79,73,0.0214119,0,0.924051
4150,10000,6.51772,5.62342,7.49894,0.328234,0.251189,0.630957,0.17707,0.15,0.2,0.547624,0.5,0.6,0.00356132,2248.49,54.9751,112.424,0.01,0.95,10,10000,0.938,0.497,67,61,0.0234235,0,0.910448
4151,10000,6.73645,5.62342,7.49894,0.310545,0.251189,0.630957,0.179474,0.15,0.2,0.656884,0.6,0.7,0.00356132,1308.82,43.6165,65.441,0.01,0.95,10,10000,0.938,0.497,39,34,0.0313745,0,0.871795
4152,10000,6.56657,5.62342,7.49894,0.311979,0.251189,0.630957,0.170833,0.15,0.2,0.742738,0.7,0.8,0.00356132,973.225,33.0622,48.6613,0.01,0.95,10,10000,0.938,0.497,29,29,0.0339717,0,1
4153,10000,6.77984,5.62342,7.49894,0.324354,0.251189,0.630957,0.172051,0.15,0.2,0.856447,0.8,0.9,0.00356132,771.868,42.3283,38.5934,0.01,0.95,10,10000,0.938,0.497,23,15,0.0472358,0,0.652174
4154,10000,6.77576,5.62342,7.49894,0.312561,0.251189,0.630957,0.173038,0.15,0.2,0.948939,0.9,1,0.00356132,637.63,33.1381,31.8815,0.01,0.95,10,10000,0.938,0.497,19,15,0.0472358,0,0.789474
4155,10000,6.61434,5.62342,7.49894,0.310484,0.251189,0.630957,0.173767,0.15,0.2,1.12272,1,1.5,0.0178066,167.797,7.51931,8.38987,0.01,0.95,10,10000,0.938,0.497,25,20,0.0409074,0,0.8
4156,10000,6.67587,5.62342,7.49894,0.298673,0.251189,0.630957,0.218938,0.2,0.25,0.0702079,0,0.1,0.00356132,469.833,-nan,23.4916,0.01,0.95,10,10000,0.938,0.497,14,21,0.0399215,0,1.5
4157,10000,6.58724,5.62342,7.49894,0.302605,0.251189,0.630957,0.221991,0.2,0.25,0.158157,0.1,0.2,0.00356132,1543.74,44.4503,77.1868,0.01,0.95,10,10000,0.938,0.497,46,43,0.0278986,0,0.934783
4158,10000,6.53095,5.62342,7.49894,0.319144,0.251189,0.630957,0.22215,0.2,0.25,0.251409,0.2,0.3,0.00356132,2416.28,55.0745,120.814,0.01,0.95,10,10000,0.938,0.497,72,68,0.0221851,0,0.944444
4159,10000,6.57114,5.62342,7.49894,0.317186,0.251189,0.630957,0.223861,0.2,0.25,0.348611,0.3,0.4,0.00356132,2416.28,58.2443,120.814,0.01,0.95,10,10000,0.938,0.497,72,64,0.0228679,0,0.888889
4160,10000,6.57173,5.62342,7.49894,0.30006,0.251189,0.630957,0.225844,0.2,0.25,0.448037,0.4,0.5,0.00356132,2214.93,52.1985,110.746,0.01,0.95,10,10000,0.938,0.497,66,63,0.0230487,0,0.954545
4161,10000,6.53586,5.62342,7.49894,0.314683,0.251189,0.630957,0.224754,0.2,0.25,0.553044,0.5,0.6,0.00356132,1879.33,59.3131,93.9666,0.01,0.95,10,10000,0.938,0.497,56,42,0.0282288,0,0.75
4162,10000,6.60047,5.62342,7.49894,0.319691,0.251189,0.630957,0.220983,0.2,0.25,0.652397,0.6,0.7,0.00356132,1543.74,57.018,77.1868,0.01,0.95,10,10000,0.938,0.497,46,32,0.0323401,0,0.695652
4163,10000,6.55529,5.62342,7.49894,0.305946,0.251189,0.630957,0.22413,0.2,0.25,0.746329,0.7,0.8,0.00356132,1174.58,36.3217,58.7291,0.01,0.95,10,10000,0.938,0.497,35,35,0.0309231,0,1
4164,10000,6.66642,5.62342,7.49894,0.308915,0.251189,0.630957,0.22605,0.2,0.25,0.849875,0.8,0.9,0.00356132,704.749,30.9549,35.2375,0.01,0.95,10,10000,0.938,0.497,21,19,0.0419701,0,0.904762
4165,10000,6.78469,5.62342,7.49894,0.306471,0.251189,0.630957,0.22892,0.2,0.25,0.946553,0.9,1,0.00356132,503.392,39.4316,25.1696,0.01,0.95,10,10000,0.938,0.497,15,8,0.0646803,0,0.533333
4166,10000,6.51316,5.62342,7.49894,0.324061,0.251189,0.630957,0.228041,0.2,0.25,1.24691,1,1.5,0.0178066,154.374,8.06356,7.71868,0.01,0.95,10,10000,0.938,0.497,23,16,0.0457358,0,0.695652
4167,10000,6.34029,5.62342,7.49894,0.285758,0.251189,0.630957,0.268308,0.25,0.3,0.0648618,0,0.1,0.00356132,604.071,30.82,30.2035,0.01,0.95,10,10000,0.938,0.497,18,15,0.0472358,0,0.833333
4168,10000,6.4201,5.62342,7.49894,0.311212,0.251189,0.630957,0.271272,0.25,0.3,0.152788,0.1,0.2,0.00356132,1443.06,44.196,72.1529,0.01,0.95,10,10000,0.938,0.497,43,39,0.0292944,0,0.906977
4169,10000,6.42128,5.62342,7.49894,0.302973,0.251189,0.630957,0.274946,0.25,0.3,0.250905,0.2,0.3,0.00356132,1912.89,56.3566,95.6446,0.01,0.95,10,10000,0.938,0.497,57,46,0.0269735,0,0.807018
4170,10000,6.67175,5.62342,7.49894,0.31819,0.251189,0.630957,0.274404,0.25,0.3,0.34775,0.3,0.4,0.00356132,1980.01,-nan,99.0005,0.01,0.95,10,10000,0.938,0.497,59,64,0.0228679,0,1.08475
4171,10000,6.52826,5.62342,7.49894,0.311197,0.251189,0.630957,0.274736,0.25,0.3,0.452979,0.4,0.5,0.00356132,2214.93,63.8743,110.746,0.01,0.95,10,10000,0.938,0.497,66,50,0.0258721,0,0.757576
4172,10000,6.60402,5.62342,7.49894,0.308057,0.251189,0.630957,0.275185,0.25,0.3,0.55143,0.5,0.6,0.00356132,1342.38,-nan,67.119,0.01,0.95,10,10000,0.938,0.497,40,44,0.0275798,0,1.1
4173,10000,6.60912,5.62342,7.49894,0.307932,0.251189,0.630957,0.271929,0.25,0.3,0.63949,0.6,0.7,0.00356132,671.19,-nan,33.5595,0.01,0.95,10,10000,0.938,0.497,20,29,0.0339717,0,1.45
4174,10000,6.65073,5.62342,7.49894,0.3132,0.251189,0.630957,0.267326,0.25,0.3,0.745813,0.7,0.8,0.00356132,536.952,31.7042,26.8476,0.01,0.95,10,10000,0.938,0.497,16,12,0.0528112,0,0.75
4175,10000,6.55079,5.62342,7.49894,0.299843,0.251189,0.630957,0.277101,0.25,0.3,0.857681,0.8,0.9,0.00356132,436.273,-nan,21.8137,0.01,0.95,10,10000,0.938,0.497,13,17,0.0443703,0,1.30769
4176,10000,6.41454,5.62342,7.49894,0.320788,0.251189,0.630957,0.272455,0.25,0.3,0.941348,0.9,1,0.00356132,436.273,22.1362,21.8137,0.01,0.95,10,10000,0.938,0.497,13,13,0.0507394,0,1
4177,10000,6.60501,5.62342,7.49894,0.297394,0.251189,0.630957,0.270053,0.25,0.3,1.19452,1,1.5,0.0178066,147.662,7.6189,7.38309,0.01,0.95,10,10000,0.938,0.497,22,16,0.0457358,0,0.727273
4178,10000,6.66972,5.62342,7.49894,0.317058,0.251189,0.630957,0.347122,0.3,0.4,0.0692728,0,0.1,0.00712264,419.494,15.3487,20.9747,0.01,0.95,10,10000,0.938,0.497,25,25,0.0365887,0,1
4179,10000,6.6207,5.62342,7.49894,0.311585,0.251189,0.630957,0.343484,0.3,0.4,0.156338,0.1,0.2,0.00712264,1107.46,26.9053,55.3732,0.01,0.95,10,10000,0.938,0.497,66,61,0.0234235,0,0.924242
4180,10000,6.57308,5.62342,7.49894,0.323133,0.251189,0.630957,0.349477,0.3,0.4,0.254448,0.2,0.3,0.00712264,1375.94,29.1884,68.797,0.01,0.95,10,10000,0.938,0.497,82,78,0.0207143,0,0.95122
4181,10000,6.53351,5.62342,7.49894,0.309207,0.251189,0.630957,0.347436,0.3,0.4,0.344969,0.3,0.4,0.00712264,1862.55,41.8535,93.1276,0.01,0.95,10,10000,0.938,0.497,111,83,0.0200806,0,0.747748
4182,10000,6.49609,5.62342,7.49894,0.3091,0.251189,0.630957,0.34323,0.3,0.4,0.446995,0.4,0.5,0.00712264,1560.52,32.2697,78.0258,0.01,0.95,10,10000,0.938,0.497,93,85,0.019843,0,0.913978
4183,10000,6.61192,5.62342,7.49894,0.309246,0.251189,0.630957,0.344056,0.3,0.4,0.554864,0.5,0.6,0.00712264,1325.6,36.8232,66.28,0.01,0.95,10,10000,0.938,0.497,79,56,0.0244468,0,0.708861
4184,10000,6.5009,5.62342,7.49894,0.308021,0.251189,0.630957,0.35473,0.3,0.4,0.641372,0.6,0.7,0.00712264,822.208,27.5908,41.1104,0.01,0.95,10,10000,0.938,0.497,49,37,0.0300757,0,0.755102
4185,10000,6.61208,5.62342,7.49894,0.296081,0.251189,0.630957,0.349798,0.3,0.4,0.743701,0.7,0.8,0.00712264,536.952,25.7566,26.8476,0.01,0.95,10,10000,0.938,0.497,32,20,0.0409074,0,0.625
4186,10000,6.59565,5.62342,7.49894,0.302112,0.251189,0.630957,0.342189,0.3,0.4,0.842334,0.8,0.9,0.00712264,553.732,26.7438,27.6866,0.01,0.95,10,10000,0.938,0.497,33,20,0.0409074,0,0.606061
4187,10000,6.67905,5.62342,7.49894,0.312375,0.251189,0.630957,0.356827,0.3,0.4,0.943923,0.9,1,0.00712264,352.375,17.0591,17.6187,0.01,0.95,10,10000,0.938,0.497,21,17,0.0443703,0,0.809524
4188,10000,6.37425,5.62342,7.49894,0.297278,0.251189,0.630957,0.345831,0.3,0.4,1.19638,1,1.5,0.0356132,100.678,4.2651,5.03392,0.01,0.95,10,10000,0.938,0.497,30,23,0.0381463,0,0.766667
4189,10000,6.35312,5.62342,7.49894,0.285308,0.251189,0.630957,0.44192,0.4,0.5,0.0767395,0,0.1,0.00712264,201.357,12.5822,10.0678,0.01,0.95,10,10000,0.938,0.497,12,10,0.0578518,0,0.833333
4190,10000,6.52323,5.62342,7.49894,0.309075,0.251189,0.630957,0.435278,0.4,0.5,0.154861,0.1,0.2,0.00712264,771.868,21.2777,38.5934,0.01,0.95,10,10000,0.938,0.497,46,45,0.0272716,0,0.978261
4191,10000,6.57698,5.62342,7.49894,0.310039,0.251189,0.630957,0.439814,0.4,0.5,0.256471,0.2,0.3,0.00712264,687.97,20.1414,34.3985,0.01,0.95,10,10000,0.938,0.497,41,40,0.0289259,0,0.97561
4192,10000,6.53663,5.62342,7.49894,0.320923,0.251189,0.630957,0.448952,0.4,0.5,0.355287,0.3,0.4,0.00712264,687.97,-nan,34.3985,0.01,0.95,10,10000,0.938,0.497,41,50,0.0258721,0,1.21951
4193,10000,6.61651,5.62342,7.49894,0.327707,0.251189,0.630957,0.441587,0.4,0.5,0.438471,0.4,0.5,0.00712264,671.19,-nan,33.5595,0.01,0.95,10,10000,0.938,0.497,40,41,0.028571,0,1.025
4194,10000,6.60385,5.62342,7.49894,0.317524,0.251189,0.630957,0.448768,0.4,0.5,0.549479,0.5,0.6,0.00712264,788.648,22.9193,39.4324,0.01,0.95,10,10000,0.938,0.497,47,43,0.0278986,0,0.914894
4195,10000,6.43964,5.62342,7.49894,0.295293,0.251189,0.630957,0.439529,0.4,0.5,0.641437,0.6,0.7,0.00712264,503.392,19.2272,25.1696,0.01,0.95,10,10000,0.938,0.497,30,26,0.0358782,0,0.866667
4196,10000,6.6657,5.62342,7.49894,0.304841,0.251189,0.630957,0.440031,0.4,0.5,0.736156,0.7,0.8,0.00712264,402.714,-nan,20.1357,0.01,0.95,10,10000,0.938,0.497,24,25,0.0365887,0,1.04167
4197,10000,6.43726,5.62342,7.49894,0.330669,0.251189,0.630957,0.441604,0.4,0.5,0.846198,0.8,0.9,0.00712264,352.375,19.8942,17.6187,0.01,0.95,10,10000,0.938,0.497,21,14,0.0488937,0,0.666667
4198,10000,6.68437,5.62342,7.49894,0.310391,0.251189,0.630957,0.447337,0.4,0.5,0.939737,0.9,1,0.00712264,117.458,-nan,5.87291,0.01,0.95,10,10000,0.938,0.497,7,8,0.0646803,0,1.14286
4199,10000,6.65308,5.62342,7.49894,0.310171,0.251189,0.630957,0.439924,0.4,0.5,1.15471,1,1.5,0.0356132,70.4749,-nan,3.52375,0.01,0.95,10,10000,0.938,0.497,21,25,0.0365887,0,1.19048
4200,10000,6.57642,5.62342,7.49894,0.302031,0.251189,0.630957,0.541354,0.5,0.6,0.0549141,0,0.1,0.00712264,167.797,10.7319,8.38987,0.01,0.95,10,10000,0.938,0.497,10,9,0.0609811,0,0.9
4201,10000,6.42558,5.62342,7.49894,0.277136,0.251189,0.630957,0.542627,0.5,0.6,0.148571,0.1,0.2,0.00712264,385.934,23.4559,19.2967,0.01,0.95,10,10000,0.938,0.497,23,13,0.0507394,0,0.565217
4202,10000,6.59023,5.62342,7.49894,0.31811,0.251189,0.630957,0.557135,0.5,0.6,0.252068,0.2,0.3,0.00712264,453.053,16.553,22.6527,0.01,0.95,10,10000,0.938,0.497,27,26,0.0358782,0,0.962963
4203,10000,6.23668,5.62342,7.49894,0.287738,0.251189,0.630957,0.540912,0.5,0.6,0.341803,0.3,0.4,0.00712264,553.732,26.7438,27.6866,0.01,0.95,10,10000,0.938,0.497,33,20,0.0409074,0,0.606061
4204,10000,6.43338,5.62342,7.49894,0.311195,0.251189,0.630957,0.547991,0.5,0.6,0.447456,0.4,0.5,0.00712264,738.309,26.2877,36.9154,0.01,0.95,10,10000,0.938,0.497,44,33,0.0318464,0,0.75
4205,10000,6.3864,5.62342,7.49894,0.309719,0.251189,0.630957,0.543626,0.5,0.6,0.544156,0.5,0.6,0.00712264,604.071,41.1849,30.2035,0.01,0.95,10,10000,0.938,0.497,36,12,0.0528112,0,0.333333
4206,10000,6.4777,5.62342,7.49894,0.300863,0.251189,0.630957,0.550484,0.5,0.6,0.64051,0.6,0.7,0.00712264,352.375,17.0591,17.6187,0.01,0.95,10,10000,0.938,0.497,21,17,0.0443703,0,0.809524
4207,10000,6.30525,5.62342,7.49894,0.305675,0.251189,0.630957,0.528034,0.5,0.6,0.742782,0.7,0.8,0.00712264,285.256,15.1279,14.2628,0.01,0.95,10,10000,0.938,0.497,17,14,0.0488937,0,0.823529
4208,10000,6.5925,5.62342,7.49894,0.303774,0.251189,0.630957,0.551506,0.5,0.6,0.854592,0.8,0.9,0.00712264,234.916,-nan,11.7458,0.01,0.95,10,10000,0.938,0.497,14,17,0.0443703,0,1.21429
4209,10000,6.49871,5.62342,7.49894,0.302381,0.251189,0.630957,0.549823,0.5,0.6,0.941651,0.9,1,0.00712264,234.916,21.9939,11.7458,0.01,0.95,10,10000,0.938,0.497,14,6,0.0746863,0,0.428571
4210,10000,6.39496,5.62342,7.49894,0.288172,0.251189,0.630957,0.548958,0.5,0.6,1.22392,1,1.5,0.0356132,77.1868,4.23283,3.85934,0.01,0.95,10,10000,0.938,0.497,23,15,0.0472358,0,0.652174
4211,10000,6.88873,5.62342,7.49894,0.333793,0.251189,0.630957,0.634015,0.6,0.7,0.0818552,0,0.1,0.00712264,100.678,10.6339,5.03392,0.01,0.95,10,10000,0.938,0.497,6,4,0.0914717,0,0.666667
4212,10000,6.53963,5.62342,7.49894,0.31461,0.251189,0.630957,0.643324,0.6,0.7,0.155929,0.1,0.2,0.00712264,201.357,-nan,10.0678,0.01,0.95,10,10000,0.938,0.497,12,16,0.0457358,0,1.33333
4213,10000,6.52495,5.62342,7.49894,0.28529,0.251189,0.630957,0.658426,0.6,0.7,0.256544,0.2,0.3,0.00712264,302.035,16.3262,15.1018,0.01,0.95,10,10000,0.938,0.497,18,14,0.0488937,0,0.777778
4214,10000,6.79774,5.62342,7.49894,0.308296,0.251189,0.630957,0.653165,0.6,0.7,0.356868,0.3,0.4,0.00712264,302.035,16.3262,15.1018,0.01,0.95,10,10000,0.938,0.497,18,14,0.0488937,0,0.777778
4215,10000,6.38167,5.62342,7.49894,0.303025,0.251189,0.630957,0.628461,0.6,0.7,0.458655,0.4,0.5,0.00712264,486.613,29.3065,24.3306,0.01,0.95,10,10000,0.938,0.497,29,14,0.0488937,0,0.482759
4216,10000,6.57596,5.62342,7.49894,0.310646,0.251189,0.630957,0.638422,0.6,0.7,0.544935,0.5,0.6,0.00712264,453.053,23.5321,22.6527,0.01,0.95,10,10000,0.938,0.497,27,17,0.0443703,0,0.62963
4217,10000,6.5142,5.62342,7.49894,0.304954,0.251189,0.630957,0.659416,0.6,0.7,0.63929,0.6,0.7,0.00712264,218.137,11.0681,10.9068,0.01,0.95,10,10000,0.938,0.497,13,13,0.0507394,0,1
4218,10000,6.55443,5.62342,7.49894,0.278893,0.251189,0.630957,0.647113,0.6,0.7,0.738782,0.7,0.8,0.00712264,83.8987,6.86416,4.19494,0.01,0.95,10,10000,0.938,0.497,5,5,0.0818148,0,1
4219,10000,6.51131,5.62342,7.49894,0.310106,0.251189,0.630957,0.654283,0.6,0.7,0.836282,0.8,0.9,0.00712264,117.458,12.8417,5.87291,0.01,0.95,10,10000,0.938,0.497,7,4,0.0914717,0,0.571429
4220,10000,6.5266,5.62342,7.49894,0.339772,0.251189,0.630957,0.644859,0.6,0.7,0.932533,0.9,1,0.00712264,83.8987,13.7283,4.19494,0.01,0.95,10,10000,0.938,0.497,5,2,0.129361,0,0.4
4221,10000,6.58394,5.62342,7.49894,0.310868,0.251189,0.630957,0.64746,0.6,0.7,1.20312,1,1.5,0.0356132,63.763,-nan,3.18815,0.01,0.95,10,10000,0.938,0.497,19,21,0.0399215,0,1.10526
4222,10000,6.25503,5.62342,7.49894,0.289882,0.251189,0.630957,0.753749,0.7,0.8,0.139917,0.1,0.2,0.00712264,285.256,27.342,14.2628,0.01,0.95,10,10000,0.938,0.497,17,6,0.0746863,0,0.352941
4223,10000,6.2808,5.62342,7.49894,0.264853,0.251189,0.630957,0.711325,0.7,0.8,0.29984,0.2,0.3,0.00712264,201.357,50.9984,10.0678,0.01,0.95,10,10000,0.938,0.497,12,1,0.182943,0,0.0833333
4224,10000,6.7045,5.62342,7.49894,0.277532,0.251189,0.630957,0.747298,0.7,0.8,0.358714,0.3,0.4,0.00712264,302.035,22.5579,15.1018,0.01,0.95,10,10000,0.938,0.497,18,9,0.0609811,0,0.5
4225,10000,6.4126,5.62342,7.49894,0.315483,0.251189,0.630957,0.752213,0.7,0.8,0.458021,0.4,0.5,0.00712264,268.476,28.5338,13.4238,0.01,0.95,10,10000,0.938,0.497,16,5,0.0818148,0,0.3125
4226,10000,6.77826,5.62342,7.49894,0.283217,0.251189,0.630957,0.748446,0.7,0.8,0.558028,0.5,0.6,0.00712264,302.035,29.1221,15.1018,0.01,0.95,10,10000,0.938,0.497,18,6,0.0746863,0,0.333333
4227,10000,6.18019,5.62342,7.49894,0.288156,0.251189,0.630957,0.752146,0.7,0.8,0.655434,0.6,0.7,0.00712264,184.577,14.9037,9.22886,0.01,0.95,10,10000,0.938,0.497,11,7,0.0691461,0,0.636364
4228,10000,6.49935,5.62342,7.49894,0.274304,0.251189,0.630957,0.729593,0.7,0.8,0.738831,0.7,0.8,0.00712264,117.458,8.12178,5.87291,0.01,0.95,10,10000,0.938,0.497,7,7,0.0691461,0,1
4229,10000,6.33336,5.62342,7.49894,0.298637,0.251189,0.630957,0.727926,0.7,0.8,0.841297,0.8,0.9,0.00712264,184.577,18.7732,9.22886,0.01,0.95,10,10000,0.938,0.497,11,5,0.0818148,0,0.454545
4230,10000,7.40823,5.62342,7.49894,0.290555,0.251189,0.630957,0.796887,0.7,0.8,0.929709,0.9,1,0.00712264,83.8987,20.5925,4.19494,0.01,0.95,10,10000,0.938,0.497,5,1,0.182943,0,0.2
4231,10000,6.54583,5.62342,7.49894,0.309847,0.251189,0.630957,0.744095,0.7,0.8,1.21701,1,1.5,0.0356132,36.9154,6.43915,1.84577,0.01,0.95,10,10000,0.938,0.497,11,2,0.129361,0,0.181818
4232,10000,6.54286,5.62342,7.49894,0.291585,0.251189,0.630957,0.826831,0.8,0.9,0.148345,0.1,0.2,0.00712264,117.458,29.2835,5.87291,0.01,0.95,10,10000,0.938,0.497,7,1,0.182943,0,0.142857
4233,10000,6.9372,5.62342,7.49894,0.268545,0.251189,0.630957,0.838952,0.8,0.9,0.228685,0.2,0.3,0.00712264,33.5595,4.34127,1.67797,0.01,0.95,10,10000,0.938,0.497,2,2,0.129361,0,1
4234,10000,5.72268,5.62342,7.49894,0.28137,0.251189,0.630957,0.815441,0.8,0.9,0.340746,0.3,0.4,0.00712264,134.238,33.6274,6.7119,0.01,0.95,10,10000,0.938,0.497,8,1,0.182943,0,0.125
4235,10000,6.37352,5.62342,7.49894,0.280657,0.251189,0.630957,0.869851,0.8,0.9,0.473038,0.4,0.5,0.00712264,134.238,18.0742,6.7119,0.01,0.95,10,10000,0.938,0.497,8,3,0.105622,0,0.375
4236,10000,7.43465,5.62342,7.49894,0.257951,0.251189,0.630957,0.87931,0.8,0.9,0.574278,0.5,0.6,0.00712264,50.3392,11.8891,2.51696,0.01,0.95,10,10000,0.938,0.497,3,1,0.182943,0,0.333333
4237,10000,6.45442,5.62342,7.49894,0.304016,0.251189,0.630957,0.850256,0.8,0.9,0.631126,0.6,0.7,0.00712264,100.678,13.0238,5.03392,0.01,0.95,10,10000,0.938,0.497,6,3,0.105622,0,0.5
4238,10000,6.21466,5.62342,7.49894,0.298112,0.251189,0.630957,0.871716,0.8,0.9,0.746531,0.7,0.8,0.00712264,50.3392,11.8891,2.51696,0.01,0.95,10,10000,0.938,0.497,3,1,0.182943,0,0.333333
4239,10000,6.49154,5.62342,7.49894,0.282878,0.251189,0.630957,0.833236,0.8,0.9,0.88997,0.8,0.9,0.00712264,50.3392,7.51931,2.51696,0.01,0.95,10,10000,0.938,0.497,3,2,0.129361,0,0.666667
4240,10000,5.99307,5.62342,7.49894,0.27292,0.251189,0.630957,0.83829,0.8,0.9,0.947925,0.9,1,0.00712264,50.3392,7.51931,2.51696,0.01,0.95,10,10000,0.938,0.497,3,2,0.129361,0,0.666667
4241,10000,6.62693,5.62342,7.49894,0.32146,0.251189,0.630957,0.860703,0.8,0.9,1.11002,1,1.5,0.0356132,10.0678,-nan,0.503392,0.01,0.95,10,10000,0.938,0.497,3,4,0.0914717,0,1.33333
4242,10000,5.64774,5.62342,7.49894,0.280624,0.251189,0.630957,0.9516,0.9,1,1.11955,1,1.5,0.0356132,0,0,0,0.01,0.95,10,10000,0.938,0.497,0,1,0.182943,0,0
4243,10000,7.55186,7.49894,10,0.00606608,0.00398107,0.00630957,0.0790978,0.05,0.1,0.25643,0.2,0.3,2.91186e-05,8208.92,-nan,410.446,0.01,0.95,10,10000,0.938,0.497,2,3,0.105622,0,1.5
4244,10000,7.60524,7.49894,10,0.00618478,0.00398107,0.00630957,0.0826822,0.05,0.1,0.346076,0.3,0.4,2.91186e-05,32835.7,3150.14,1641.78,0.01,0.95,10,10000,0.938,0.497,8,5,0.0818148,0,0.625
4245,10000,7.53033,7.49894,10,0.00614157,0.00398107,0.00630957,0.0866665,0.05,0.1,0.452126,0.4,0.5,2.91186e-05,24626.8,3185.73,1231.34,0.01,0.95,10,10000,0.938,0.497,6,3,0.105622,0,0.5
4246,10000,7.60428,7.49894,10,0.00620802,0.00398107,0.00630957,0.0753281,0.05,0.1,0.561415,0.5,0.6,2.91186e-05,16417.8,1938.77,820.892,0.01,0.95,10,10000,0.938,0.497,4,3,0.105622,0,0.75
4247,10000,7.55512,7.49894,10,0.00618341,0.00398107,0.00630957,0.0745779,0.05,0.1,0.842945,0.8,0.9,2.91186e-05,8208.92,1839.28,410.446,0.01,0.95,10,10000,0.938,0.497,2,1,0.182943,0,0.5
4248,10000,7.59448,7.49894,10,0.00619447,0.00398107,0.00630957,0.0700581,0.05,0.1,0.960386,0.9,1,2.91186e-05,4104.46,750.884,205.223,0.01,0.95,10,10000,0.938,0.497,1,1,0.182943,0,1
4249,10000,7.58663,7.49894,10,0.00614107,0.00398107,0.00630957,0.0873641,0.05,0.1,1.30527,1,1.5,0.000145593,2462.68,260.114,123.134,0.01,0.95,10,10000,0.938,0.497,3,3,0.105622,0,1
4250,10000,7.52909,7.49894,10,0.00597612,0.00398107,0.00630957,0.121203,0.1,0.15,0.233908,0.2,0.3,2.91186e-05,12313.4,1839.28,615.669,0.01,0.95,10,10000,0.938,0.497,3,2,0.129361,0,0.666667
4251,10000,7.62656,7.49894,10,0.00627185,0.00398107,0.00630957,0.102996,0.1,0.15,0.304212,0.3,0.4,2.91186e-05,4104.46,750.884,205.223,0.01,0.95,10,10000,0.938,0.497,1,1,0.182943,0,1
4252,10000,7.54949,7.49894,10,0.0060675,0.00398107,0.00630957,0.113739,0.1,0.15,0.493978,0.4,0.5,2.91186e-05,8208.92,1839.28,410.446,0.01,0.95,10,10000,0.938,0.497,2,1,0.182943,0,0.5
4253,10000,7.574,7.49894,10,0.00621633,0.00398107,0.00630957,0.121813,0.1,0.15,0.554364,0.5,0.6,2.91186e-05,8208.92,1061.91,410.446,0.01,0.95,10,10000,0.938,0.497,2,2,0.129361,0,1
4254,10000,7.57042,7.49894,10,0.00628413,0.00398107,0.00630957,0.136732,0.1,0.15,0.726358,0.7,0.8,2.91186e-05,4104.46,750.884,205.223,0.01,0.95,10,10000,0.938,0.497,1,1,0.182943,0,1
4255,10000,7.64816,7.49894,10,0.00622846,0.00398107,0.00630957,0.109279,0.1,0.15,0.838411,0.8,0.9,2.91186e-05,8208.92,1839.28,410.446,0.01,0.95,10,10000,0.938,0.497,2,1,0.182943,0,0.5
4256,10000,7.57849,7.49894,10,0.0062189,0.00398107,0.00630957,0.106878,0.1,0.15,0.933641,0.9,1,2.91186e-05,0,0,0,0.01,0.95,10,10000,0.938,0.497,0,1,0.182943,0,0
4257,10000,7.72303,7.49894,10,0.0062824,0.00398107,0.00630957,0.116727,0.1,0.15,1.48868,1,1.5,0.000145593,3283.57,794.661,164.178,0.01,0.95,10,10000,0.938,0.497,4,1,0.182943,0,0.25
4258,10000,7.61988,7.49894,10,0.00618729,0.00398107,0.00630957,0.163896,0.15,0.2,0.446992,0.4,0.5,2.91186e-05,4104.46,750.884,205.223,0.01,0.95,10,10000,0.938,0.497,1,1,0.182943,0,1
4259,10000,7.68136,7.49894,10,0.00630774,0.00398107,0.00630957,0.178522,0.15,0.2,0.676574,0.6,0.7,2.91186e-05,4104.46,750.884,205.223,0.01,0.95,10,10000,0.938,0.497,1,1,0.182943,0,1
4260,10000,7.63929,7.49894,10,0.00615177,0.00398107,0.00630957,0.158601,0.15,0.2,0.894654,0.8,0.9,2.91186e-05,4104.46,750.884,205.223,0.01,0.95,10,10000,0.938,0.497,1,1,0.182943,0,1
4261,10000,7.54854,7.49894,10,0.00621648,0.00398107,0.00630957,0.173503,0.15,0.2,1.24038,1,1.5,0.000145593,1641.78,212.382,82.0892,0.01,0.95,10,10000,0.938,0.497,2,2,0.129361,0,1
4262,10000,7.55229,7.49894,10,0.00629905,0.00398107,0.00630957,0.240906,0.2,0.25,0.176708,0.1,0.2,2.91186e-05,4104.46,750.884,205.223,0.01,0.95,10,10000,0.938,0.497,1,1,0.182943,0,1
4263,10000,7.62918,7.49894,10,0.0062492,0.00398107,0.00630957,0.240622,0.2,0.25,0.262941,0.2,0.3,2.91186e-05,12313.4,1300.57,615.669,0.01,0.95,10,10000,0.938,0.497,3,3,0.105622,0,1
4264,10000,7.58691,7.49894,10,0.00607278,0.00398107,0.00630957,0.229988,0.2,0.25,0.352664,0.3,0.4,2.91186e-05,8208.92,1061.91,410.446,0.01,0.95,10,10000,0.938,0.497,2,2,0.129361,0,1
4265,10000,7.61255,7.49894,10,0.00626509,0.00398107,0.00630957,0.24355,0.2,0.25,0.534994,0.5,0.6,2.91186e-05,4104.46,-nan,205.223,0.01,0.95,10,10000,0.938,0.497,1,2,0.129361,0,2
4266,10000,7.54889,7.49894,10,0.00604096,0.00398107,0.00630957,0.220636,0.2,0.25,0.672325,0.6,0.7,2.91186e-05,12313.4,1839.28,615.669,0.01,0.95,10,10000,0.938,0.497,3,2,0.129361,0,0.666667
4267,10000,7.58029,7.49894,10,0.00626858,0.00398107,0.00630957,0.228666,0.2,0.25,0.77392,0.7,0.8,2.91186e-05,8208.92,1839.28,410.446,0.01,0.95,10,10000,0.938,0.497,2,1,0.182943,0,0.5
4268,10000,7.5517,7.49894,10,0.00600491,0.00398107,0.00630957,0.203968,0.2,0.25,1.2631,1,1.5,0.000145593,820.892,150.177,41.0446,0.01,0.95,10,10000,0.938,0.497,1,1,0.182943,0,1
4269,10000,7.5204,7.49894,10,0.00600762,0.00398107,0.00630957,0.258975,0.25,0.3,0.32205,0.3,0.4,2.91186e-05,12313.4,2908.16,615.669,0.01,0.95,10,10000,0.938,0.497,3,1,0.182943,0,0.333333
4270,10000,7.56846,7.49894,10,0.00613893,0.00398107,0.00630957,0.253919,0.25,0.3,0.66981,0.6,0.7,2.91186e-05,4104.46,750.884,205.223,0.01,0.95,10,10000,0.938,0.497,1,1,0.182943,0,1
4271,10000,7.6376,7.49894,10,0.00625294,0.00398107,0.00630957,0.393227,0.3,0.4,0.507516,0.5,0.6,5.82372e-05,4104.46,919.641,205.223,0.01,0.95,10,10000,0.938,0.497,2,1,0.182943,0,0.5
4272,10000,7.61281,7.49894,10,0.00618141,0.00398107,0.00630957,0.330442,0.3,0.4,0.771061,0.7,0.8,5.82372e-05,2052.23,375.442,102.612,0.01,0.95,10,10000,0.938,0.497,1,1,0.182943,0,1
4273,10000,7.55542,7.49894,10,0.00619939,0.00398107,0.00630957,0.352878,0.3,0.4,0.852676,0.8,0.9,5.82372e-05,2052.23,375.442,102.612,0.01,0.95,10,10000,0.938,0.497,1,1,0.182943,0,1
4274,10000,7.59528,7.49894,10,0.00612213,0.00398107,0.00630957,0.46849,0.4,0.5,0.357378,0.3,0.4,5.82372e-05,2052.23,375.442,102.612,0.01,0.95,10,10000,0.938,0.497,1,1,0.182943,0,1
4275,10000,7.58907,7.49894,10,0.00612486,0.00398107,0.00630957,0.474142,0.4,0.5,0.738372,0.7,0.8,5.82372e-05,4104.46,530.955,205.223,0.01,0.95,10,10000,0.938,0.497,2,2,0.129361,0,1
4276,10000,7.54878,7.49894,10,0.00624527,0.00398107,0.00630957,0.416259,0.4,0.5,1.03466,1,1.5,0.000291186,410.446,75.0884,20.5223,0.01,0.95,10,10000,0.938,0.497,1,1,0.182943,0,1
4277,10000,7.55196,7.49894,10,0.00621065,0.00398107,0.00630957,0.504699,0.5,0.6,0.636387,0.6,0.7,5.82372e-05,0,0,0,0.01,0.95,10,10000,0.938,0.497,0,1,0.182943,0,0
4278,10000,7.84163,7.49894,10,0.00853404,0.00630957,0.01,0.0880828,0.05,0.1,0.0700999,0,0.1,4.61499e-05,142435,16101.4,7121.77,0.01,0.95,10,10000,0.938,0.497,55,5,0.0818148,0,0.0909091
4279,10000,8.12996,7.49894,10,0.00840284,0.00630957,0.01,0.0854889,0.05,0.1,0.161637,0.1,0.2,4.61499e-05,473922,26657.6,23696.1,0.01,0.95,10,10000,0.938,0.497,183,20,0.0409074,0,0.10929
4280,10000,8.09443,7.49894,10,0.00839989,0.00630957,0.01,0.0820245,0.05,0.1,0.253523,0.2,0.3,4.61499e-05,626716,21714,31335.8,0.01,0.95,10,10000,0.938,0.497,242,50,0.0258721,0,0.206612
4281,10000,8.20408,7.49894,10,0.00857989,0.00630957,0.01,0.0794883,0.05,0.1,0.352488,0.3,0.4,4.61499e-05,629306,17709.6,31465.3,0.01,0.95,10,10000,0.938,0.497,243,72,0.0215601,0,0.296296
4282,10000,8.12282,7.49894,10,0.00844571,0.00630957,0.01,0.0777438,0.05,0.1,0.451351,0.4,0.5,4.61499e-05,523127,12668,26156.3,0.01,0.95,10,10000,0.938,0.497,202,89,0.019392,0,0.440594
4283,10000,8.15651,7.49894,10,0.00831986,0.00630957,0.01,0.076554,0.05,0.1,0.549357,0.5,0.6,4.61499e-05,486870,11251.5,24343.5,0.01,0.95,10,10000,0.938,0.497,188,94,0.0188692,0,0.5
4284,10000,8.19099,7.49894,10,0.00844855,0.00630957,0.01,0.0747817,0.05,0.1,0.649373,0.6,0.7,4.61499e-05,375512,8369.41,18775.6,0.01,0.95,10,10000,0.938,0.497,145,92,0.0190732,0,0.634483
4285,10000,8.17848,7.49894,10,0.0083651,0.00630957,0.01,0.0738916,0.05,0.1,0.748664,0.7,0.8,4.61499e-05,284871,6202.57,14243.5,0.01,0.95,10,10000,0.938,0.497,110,86,0.0197273,0,0.781818
4286,10000,8.08396,7.49894,10,0.00824377,0.00630957,0.01,0.0722382,0.05,0.1,0.847733,0.8,0.9,4.61499e-05,235666,5651,11783.3,0.01,0.95,10,10000,0.938,0.497,91,71,0.0217114,0,0.78022
4287,10000,8.17048,7.49894,10,0.00834675,0.00630957,0.01,0.0716429,0.05,0.1,0.942559,0.9,1,4.61499e-05,176102,4669.58,8805.1,0.01,0.95,10,10000,0.938,0.497,68,56,0.0244468,0,0.823529
4288,10000,8.09974,7.49894,10,0.00844137,0.00630957,0.01,0.0731342,0.05,0.1,1.1983,1,1.5,0.00023075,75620.3,1260.53,3781.01,0.01,0.95,10,10000,0.938,0.497,146,132,0.0159232,0,0.90411
4289,10000,8.19567,7.49894,10,0.00870279,0.00630957,0.01,0.122636,0.1,0.15,0.0642514,0,0.1,4.61499e-05,121718,4862.71,6085.88,0.01,0.95,10,10000,0.938,0.497,47,29,0.0339717,0,0.617021
4290,10000,8.11636,7.49894,10,0.00858744,0.00630957,0.01,0.123317,0.1,0.15,0.158652,0.1,0.2,4.61499e-05,251204,6728.58,12560.2,0.01,0.95,10,10000,0.938,0.497,97,63,0.0230487,0,0.649485
4291,10000,8.05704,7.49894,10,0.00847558,0.00630957,0.01,0.124067,0.1,0.15,0.254082,0.2,0.3,4.61499e-05,367742,9510.65,18387.1,0.01,0.95,10,10000,0.938,0.497,142,74,0.0212667,0,0.521127
4292,10000,8.04902,7.49894,10,0.00849173,0.00630957,0.01,0.123601,0.1,0.15,0.349324,0.3,0.4,4.61499e-05,339255,8105.96,16962.8,0.01,0.95,10,10000,0.938,0.497,131,81,0.020327,0,0.618321
4293,10000,8.12718,7.49894,10,0.00850957,0.00630957,0.01,0.123784,0.1,0.15,0.453468,0.4,0.5,4.61499e-05,323717,7513.57,16185.8,0.01,0.95,10,10000,0.938,0.497,125,83,0.0200806,0,0.664
4294,10000,8.21389,7.49894,10,0.00844627,0.00630957,0.01,0.121724,0.1,0.15,0.553197,0.5,0.6,4.61499e-05,308179,7062.73,15408.9,0.01,0.95,10,10000,0.938,0.497,119,83,0.0200806,0,0.697479
4295,10000,8.25858,7.49894,10,0.00835118,0.00630957,0.01,0.120845,0.1,0.15,0.649244,0.6,0.7,4.61499e-05,191640,5537.6,9582.02,0.01,0.95,10,10000,0.938,0.497,74,52,0.0253697,0,0.702703
4296,10000,8.15337,7.49894,10,0.00848227,0.00630957,0.01,0.12366,0.1,0.15,0.752785,0.7,0.8,4.61499e-05,194230,5392.41,9711.51,0.01,0.95,10,10000,0.938,0.497,75,55,0.0246681,0,0.733333
4297,10000,8.05016,7.49894,10,0.00848588,0.00630957,0.01,0.120924,0.1,0.15,0.846293,0.8,0.9,4.61499e-05,145025,4020.11,7251.26,0.01,0.95,10,10000,0.938,0.497,56,49,0.0261348,0,0.875
4298,10000,8.16161,7.49894,10,0.00839554,0.00630957,0.01,0.123987,0.1,0.15,0.951786,0.9,1,4.61499e-05,101000,3365.82,5049.98,0.01,0.95,10,10000,0.938,0.497,39,34,0.0313745,0,0.871795
4299,10000,8.28826,7.49894,10,0.00842551,0.00630957,0.01,0.122352,0.1,0.15,1.18605,1,1.5,0.00023075,46615.2,1113.8,2330.76,0.01,0.95,10,10000,0.938,0.497,90,71,0.0217114,0,0.788889
4300,10000,7.99831,7.49894,10,0.00885655,0.00630957,0.01,0.177612,0.15,0.2,0.0669986,0,0.1,4.61499e-05,51794.7,3053.5,2589.74,0.01,0.95,10,10000,0.938,0.497,20,13,0.0507394,0,0.65
4301,10000,8.17424,7.49894,10,0.0087687,0.00630957,0.01,0.173636,0.15,0.2,0.155239,0.1,0.2,4.61499e-05,168333,6292.98,8416.64,0.01,0.95,10,10000,0.938,0.497,65,35,0.0309231,0,0.538462
4302,10000,8.01242,7.49894,10,0.00848142,0.00630957,0.01,0.176236,0.15,0.2,0.248823,0.2,0.3,4.61499e-05,204589,5843.94,10229.5,0.01,0.95,10,10000,0.938,0.497,79,54,0.0248954,0,0.683544
4303,10000,8.02103,7.49894,10,0.00845736,0.00630957,0.01,0.175218,0.15,0.2,0.351517,0.3,0.4,4.61499e-05,238256,6783.14,11912.8,0.01,0.95,10,10000,0.938,0.497,92,57,0.0242314,0,0.619565
4304,10000,8.15759,7.49894,10,0.00862885,0.00630957,0.01,0.172814,0.15,0.2,0.448259,0.4,0.5,4.61499e-05,207179,6570.64,10358.9,0.01,0.95,10,10000,0.938,0.497,80,47,0.026685,0,0.5875
4305,10000,8.16935,7.49894,10,0.00861989,0.00630957,0.01,0.171121,0.15,0.2,0.550957,0.5,0.6,4.61499e-05,191640,6368.67,9582.02,0.01,0.95,10,10000,0.938,0.497,74,43,0.0278986,0,0.581081
4306,10000,8.02045,7.49894,10,0.00861162,0.00630957,0.01,0.172999,0.15,0.2,0.644587,0.6,0.7,4.61499e-05,147615,4865.14,7380.75,0.01,0.95,10,10000,0.938,0.497,57,40,0.0289259,0,0.701754
4307,10000,7.91814,7.49894,10,0.00838283,0.00630957,0.01,0.170459,0.15,0.2,0.742874,0.7,0.8,4.61499e-05,126897,4762.85,6344.85,0.01,0.95,10,10000,0.938,0.497,49,32,0.0323401,0,0.653061
4308,10000,7.97987,7.49894,10,0.0083924,0.00630957,0.01,0.174555,0.15,0.2,0.844478,0.8,0.9,4.61499e-05,95820.2,4034.61,4791.01,0.01,0.95,10,10000,0.938,0.497,37,25,0.0365887,0,0.675676
4309,10000,8.25537,7.49894,10,0.00858095,0.00630957,0.01,0.177869,0.15,0.2,0.954208,0.9,1,4.61499e-05,64743.4,3158.5,3237.17,0.01,0.95,10,10000,0.938,0.497,25,18,0.0431202,0,0.72
4310,10000,8.02477,7.49894,10,0.00839797,0.00630957,0.01,0.170187,0.15,0.2,1.19458,1,1.5,0.00023075,39364,968.635,1968.2,0.01,0.95,10,10000,0.938,0.497,76,64,0.0228679,0,0.842105
4311,10000,7.81751,7.49894,10,0.00891359,0.00630957,0.01,0.229138,0.2,0.25,0.0607935,0,0.1,4.61499e-05,15538.4,2010.06,776.921,0.01,0.95,10,10000,0.938,0.497,6,3,0.105622,0,0.5
4312,10000,8.11402,7.49894,10,0.00879649,0.00630957,0.01,0.224689,0.2,0.25,0.153619,0.1,0.2,4.61499e-05,98410,4050.07,4920.5,0.01,0.95,10,10000,0.938,0.497,38,26,0.0358782,0,0.684211
4313,10000,8.08103,7.49894,10,0.00868887,0.00630957,0.01,0.225516,0.2,0.25,0.255089,0.2,0.3,4.61499e-05,163153,4875.36,8157.67,0.01,0.95,10,10000,0.938,0.497,63,47,0.026685,0,0.746032
4314,10000,8.13755,7.49894,10,0.00843599,0.00630957,0.01,0.22632,0.2,0.25,0.355904,0.3,0.4,4.61499e-05,189051,4846.27,9452.53,0.01,0.95,10,10000,0.938,0.497,73,60,0.0236179,0,0.821918
4315,10000,8.07324,7.49894,10,0.00868627,0.00630957,0.01,0.224971,0.2,0.25,0.442182,0.4,0.5,4.61499e-05,111359,4471.38,5567.93,0.01,0.95,10,10000,0.938,0.497,43,28,0.0345731,0,0.651163
4316,10000,8.11569,7.49894,10,0.00846139,0.00630957,0.01,0.222701,0.2,0.25,0.553022,0.5,0.6,4.61499e-05,108769,3914.02,5438.44,0.01,0.95,10,10000,0.938,0.497,42,32,0.0323401,0,0.761905
4317,10000,8.24953,7.49894,10,0.00866168,0.00630957,0.01,0.223573,0.2,0.25,0.645776,0.6,0.7,4.61499e-05,108769,4014.71,5438.44,0.01,0.95,10,10000,0.938,0.497,42,31,0.0328576,0,0.738095
4318,10000,8.16953,7.49894,10,0.00862095,0.00630957,0.01,0.22644,0.2,0.25,0.741056,0.7,0.8,4.61499e-05,113948,4369.7,5697.42,0.01,0.95,10,10000,0.938,0.497,44,30,0.0334007,0,0.681818
4319,10000,8.13418,7.49894,10,0.00839209,0.00630957,0.01,0.232627,0.2,0.25,0.853202,0.8,0.9,4.61499e-05,64743.4,3996.42,3237.17,0.01,0.95,10,10000,0.938,0.497,25,13,0.0507394,0,0.52
4320,10000,8.27128,7.49894,10,0.0091074,0.00630957,0.01,0.225091,0.2,0.25,0.962838,0.9,1,4.61499e-05,36256.3,2046.94,1812.81,0.01,0.95,10,10000,0.938,0.497,14,12,0.0528112,0,0.857143
4321,10000,8.22603,7.49894,10,0.00853809,0.00630957,0.01,0.224063,0.2,0.25,1.22831,1,1.5,0.00023075,37292.2,1102.42,1864.61,0.01,0.95,10,10000,0.938,0.497,72,50,0.0258721,0,0.694444
4322,10000,8.20469,7.49894,10,0.00841849,0.00630957,0.01,0.280704,0.25,0.3,0.0667478,0,0.1,4.61499e-05,23307.6,1781.73,1165.38,0.01,0.95,10,10000,0.938,0.497,9,7,0.0691461,0,0.777778
4323,10000,8.12456,7.49894,10,0.00808124,0.00630957,0.01,0.272746,0.25,0.3,0.146645,0.1,0.2,4.61499e-05,41435.8,2618.46,2071.79,0.01,0.95,10,10000,0.938,0.497,16,11,0.0551595,0,0.6875
4324,10000,8.09671,7.49894,10,0.0084629,0.00630957,0.01,0.270695,0.25,0.3,0.252823,0.2,0.3,4.61499e-05,69922.9,2752.38,3496.14,0.01,0.95,10,10000,0.938,0.497,27,24,0.0373432,0,0.888889
4325,10000,8.26164,7.49894,10,0.00886925,0.00630957,0.01,0.275312,0.25,0.3,0.34141,0.3,0.4,4.61499e-05,80281.8,3319.24,4014.09,0.01,0.95,10,10000,0.938,0.497,31,24,0.0373432,0,0.774194
4326,10000,8.17904,7.49894,10,0.00893092,0.00630957,0.01,0.275964,0.25,0.3,0.453586,0.4,0.5,4.61499e-05,119128,4100.67,5956.39,0.01,0.95,10,10000,0.938,0.497,46,35,0.0309231,0,0.76087
4327,10000,8.17164,7.49894,10,0.00840692,0.00630957,0.01,0.275073,0.25,0.3,0.541362,0.5,0.6,4.61499e-05,82871.5,3347.41,4143.58,0.01,0.95,10,10000,0.938,0.497,32,25,0.0365887,0,0.78125
4328,10000,8.04435,7.49894,10,0.00869366,0.00630957,0.01,0.271518,0.25,0.3,0.655721,0.6,0.7,4.61499e-05,69922.9,3481.52,3496.14,0.01,0.95,10,10000,0.938,0.497,27,18,0.0431202,0,0.666667
4329,10000,8.25992,7.49894,10,0.0088392,0.00630957,0.01,0.273191,0.25,0.3,0.744722,0.7,0.8,4.61499e-05,59563.9,2590.64,2978.2,0.01,0.95,10,10000,0.938,0.497,23,20,0.0409074,0,0.869565
4330,10000,8.14848,7.49894,10,0.0079992,0.00630957,0.01,0.282865,0.25,0.3,0.847072,0.8,0.9,4.61499e-05,49205,2703.9,2460.25,0.01,0.95,10,10000,0.938,0.497,19,14,0.0488937,0,0.736842
4331,10000,8.03975,7.49894,10,0.00796976,0.00630957,0.01,0.269937,0.25,0.3,0.943329,0.9,1,4.61499e-05,25897.4,1834.92,1294.87,0.01,0.95,10,10000,0.938,0.497,10,8,0.0646803,0,0.8
4332,10000,8.42505,7.49894,10,0.00877934,0.00630957,0.01,0.27173,0.25,0.3,1.25813,1,1.5,0.00023075,22789.7,792.111,1139.48,0.01,0.95,10,10000,0.938,0.497,44,34,0.0313745,0,0.772727
4333,10000,8.40581,7.49894,10,0.00854704,0.00630957,0.01,0.328578,0.3,0.4,0.0612277,0,0.1,9.22999e-05,10358.9,864.991,517.947,0.01,0.95,10,10000,0.938,0.497,8,6,0.0746863,0,0.75
4334,10000,8.13907,7.49894,10,0.00873714,0.00630957,0.01,0.342209,0.3,0.4,0.146578,0.1,0.2,9.22999e-05,37551.2,1465.64,1877.56,0.01,0.95,10,10000,0.938,0.497,29,25,0.0365887,0,0.862069
4335,10000,8.03075,7.49894,10,0.00832809,0.00630957,0.01,0.342717,0.3,0.4,0.243072,0.2,0.3,9.22999e-05,49205,1666.91,2460.25,0.01,0.95,10,10000,0.938,0.497,38,33,0.0318464,0,0.868421
4336,10000,8.26655,7.49894,10,0.00854741,0.00630957,0.01,0.343621,0.3,0.4,0.356512,0.3,0.4,9.22999e-05,50499.8,1557.28,2524.99,0.01,0.95,10,10000,0.938,0.497,39,37,0.0300757,0,0.948718
4337,10000,8.10598,7.49894,10,0.00836554,0.00630957,0.01,0.342188,0.3,0.4,0.452075,0.4,0.5,9.22999e-05,51794.7,1742.66,2589.74,0.01,0.95,10,10000,0.938,0.497,40,34,0.0313745,0,0.85
4338,10000,8.04676,7.49894,10,0.0085488,0.00630957,0.01,0.340644,0.3,0.4,0.556779,0.5,0.6,9.22999e-05,45320.4,1823.12,2266.02,0.01,0.95,10,10000,0.938,0.497,35,26,0.0358782,0,0.742857
4339,10000,8.13407,7.49894,10,0.00851,0.00630957,0.01,0.339463,0.3,0.4,0.648631,0.6,0.7,9.22999e-05,47910.1,1521.04,2395.51,0.01,0.95,10,10000,0.938,0.497,37,35,0.0309231,0,0.945946
4340,10000,8.00321,7.49894,10,0.00823275,0.00630957,0.01,0.3443,0.3,0.4,0.747999,0.7,0.8,9.22999e-05,54384.4,2007.35,2719.22,0.01,0.95,10,10000,0.938,0.497,42,31,0.0328576,0,0.738095
4341,10000,7.98292,7.49894,10,0.00830197,0.00630957,0.01,0.332692,0.3,0.4,0.851754,0.8,0.9,9.22999e-05,28487.1,1335.38,1424.35,0.01,0.95,10,10000,0.938,0.497,22,18,0.0431202,0,0.818182
4342,10000,8.06708,7.49894,10,0.00831122,0.00630957,0.01,0.356745,0.3,0.4,0.955225,0.9,1,9.22999e-05,22012.8,1322.47,1100.64,0.01,0.95,10,10000,0.938,0.497,17,12,0.0528112,0,0.705882
4343,10000,8.21621,7.49894,10,0.00835411,0.00630957,0.01,0.346741,0.3,0.4,1.2177,1,1.5,0.000461499,14761.5,442.923,738.075,0.01,0.95,10,10000,0.938,0.497,57,45,0.0272716,0,0.789474
4344,10000,8.16588,7.49894,10,0.00805449,0.00630957,0.01,0.443815,0.4,0.5,0.159074,0.1,0.2,9.22999e-05,18128.1,886.352,906.407,0.01,0.95,10,10000,0.938,0.497,14,14,0.0488937,0,1
4345,10000,8.41135,7.49894,10,0.00915843,0.00630957,0.01,0.4321,0.4,0.5,0.251035,0.2,0.3,9.22999e-05,18128.1,-nan,906.407,0.01,0.95,10,10000,0.938,0.497,14,15,0.0472358,0,1.07143
4346,10000,8.04618,7.49894,10,0.00858146,0.00630957,0.01,0.44895,0.4,0.5,0.338424,0.3,0.4,9.22999e-05,22012.8,976.712,1100.64,0.01,0.95,10,10000,0.938,0.497,17,17,0.0443703,0,1
4347,10000,8.35627,7.49894,10,0.00805751,0.00630957,0.01,0.430275,0.4,0.5,0.453108,0.4,0.5,9.22999e-05,15538.4,-nan,776.921,0.01,0.95,10,10000,0.938,0.497,12,13,0.0507394,0,1.08333
4348,10000,8.11708,7.49894,10,0.00863149,0.00630957,0.01,0.437654,0.4,0.5,0.543073,0.5,0.6,9.22999e-05,25897.4,1443.71,1294.87,0.01,0.95,10,10000,0.938,0.497,20,14,0.0488937,0,0.7
4349,10000,7.95334,7.49894,10,0.00866774,0.00630957,0.01,0.433184,0.4,0.5,0.654097,0.6,0.7,9.22999e-05,15538.4,892.089,776.921,0.01,0.95,10,10000,0.938,0.497,12,11,0.0551595,0,0.916667
4350,10000,8.30604,7.49894,10,0.00849483,0.00630957,0.01,0.444425,0.4,0.5,0.749688,0.7,0.8,9.22999e-05,23307.6,1421.33,1165.38,0.01,0.95,10,10000,0.938,0.497,18,12,0.0528112,0,0.666667
4351,10000,7.99548,7.49894,10,0.00801903,0.00630957,0.01,0.44343,0.4,0.5,0.83453,0.8,0.9,9.22999e-05,18128.1,1023.47,906.407,0.01,0.95,10,10000,0.938,0.497,14,12,0.0528112,0,0.857143
4352,10000,8.27223,7.49894,10,0.00848505,0.00630957,0.01,0.44818,0.4,0.5,0.947635,0.9,1,9.22999e-05,22012.8,1099.25,1100.64,0.01,0.95,10,10000,0.938,0.497,17,15,0.0472358,0,0.882353
4353,10000,8.23225,7.49894,10,0.00828654,0.00630957,0.01,0.452273,0.4,0.5,1.15855,1,1.5,0.000461499,6992.29,334.127,349.614,0.01,0.95,10,10000,0.938,0.497,27,19,0.0419701,0,0.703704
4354,10000,8.86716,7.49894,10,0.00847774,0.00630957,0.01,0.534467,0.5,0.6,0.0521229,0,0.1,9.22999e-05,1294.87,236.888,64.7434,0.01,0.95,10,10000,0.938,0.497,1,1,0.182943,0,1
4355,10000,8.0281,7.49894,10,0.00801915,0.00630957,0.01,0.570862,0.5,0.6,0.145242,0.1,0.2,9.22999e-05,7769.21,820.602,388.46,0.01,0.95,10,10000,0.938,0.497,6,4,0.0914717,0,0.666667
4356,10000,7.84319,7.49894,10,0.00803309,0.00630957,0.01,0.547851,0.5,0.6,0.250402,0.2,0.3,9.22999e-05,7769.21,580.254,388.46,0.01,0.95,10,10000,0.938,0.497,6,6,0.0746863,0,1
4357,10000,7.91365,7.49894,10,0.00803807,0.00630957,0.01,0.565111,0.5,0.6,0.333972,0.3,0.4,9.22999e-05,6474.34,529.697,323.717,0.01,0.95,10,10000,0.938,0.497,5,5,0.0818148,0,1
4358,10000,8.61796,7.49894,10,0.00888172,0.00630957,0.01,0.525073,0.5,0.6,0.465777,0.4,0.5,9.22999e-05,6474.34,809.125,323.717,0.01,0.95,10,10000,0.938,0.497,5,3,0.105622,0,0.6
4359,10000,8.0217,7.49894,10,0.00852234,0.00630957,0.01,0.549748,0.5,0.6,0.559466,0.5,0.6,9.22999e-05,7769.21,580.254,388.46,0.01,0.95,10,10000,0.938,0.497,6,6,0.0746863,0,1
4360,10000,7.9759,7.49894,10,0.00777456,0.00630957,0.01,0.525142,0.5,0.6,0.663909,0.6,0.7,9.22999e-05,3884.6,410.301,194.23,0.01,0.95,10,10000,0.938,0.497,3,3,0.105622,0,1
4361,10000,8.42605,7.49894,10,0.0083716,0.00630957,0.01,0.547243,0.5,0.6,0.743502,0.7,0.8,9.22999e-05,7769.21,580.254,388.46,0.01,0.95,10,10000,0.938,0.497,6,6,0.0746863,0,1
4362,10000,7.7972,7.49894,10,0.00674554,0.00630957,0.01,0.585048,0.5,0.6,0.849208,0.8,0.9,9.22999e-05,2589.74,580.254,129.487,0.01,0.95,10,10000,0.938,0.497,2,1,0.182943,0,0.5
4363,10000,8.33514,7.49894,10,0.00946874,0.00630957,0.01,0.53286,0.5,0.6,0.909572,0.9,1,9.22999e-05,5179.47,820.602,258.974,0.01,0.95,10,10000,0.938,0.497,4,2,0.129361,0,0.5
4364,10000,8.12383,7.49894,10,0.00886346,0.00630957,0.01,0.531778,0.5,0.6,1.26497,1,1.5,0.000461499,3625.63,220.376,181.281,0.01,0.95,10,10000,0.938,0.497,14,11,0.0551595,0,0.785714
4365,10000,7.93232,7.49894,10,0.00687629,0.00630957,0.01,0.648564,0.6,0.7,0.378308,0.3,0.4,9.22999e-05,3884.6,580.254,194.23,0.01,0.95,10,10000,0.938,0.497,3,2,0.129361,0,0.666667
4366,10000,8.1924,7.49894,10,0.00891486,0.00630957,0.01,0.624319,0.6,0.7,0.447977,0.4,0.5,9.22999e-05,9064.07,840.867,453.204,0.01,0.95,10,10000,0.938,0.497,7,5,0.0818148,0,0.714286
4367,10000,7.88632,7.49894,10,0.00680024,0.00630957,0.01,0.655156,0.6,0.7,0.574839,0.5,0.6,9.22999e-05,1294.87,236.888,64.7434,0.01,0.95,10,10000,0.938,0.497,1,1,0.182943,0,1
4368,10000,8.20886,7.49894,10,0.00881807,0.00630957,0.01,0.625367,0.6,0.7,0.631448,0.6,0.7,9.22999e-05,5179.47,611.641,258.974,0.01,0.95,10,10000,0.938,0.497,4,3,0.105622,0,0.75
4369,10000,7.74485,7.49894,10,0.00687225,0.00630957,0.01,0.625012,0.6,0.7,0.713156,0.7,0.8,9.22999e-05,1294.87,236.888,64.7434,0.01,0.95,10,10000,0.938,0.497,1,1,0.182943,0,1
4370,10000,7.70812,7.49894,10,0.00806232,0.00630957,0.01,0.611125,0.6,0.7,0.83915,0.8,0.9,9.22999e-05,2589.74,335.01,129.487,0.01,0.95,10,10000,0.938,0.497,2,2,0.129361,0,1
4371,10000,7.77683,7.49894,10,0.00691655,0.00630957,0.01,0.639898,0.6,0.7,0.977394,0.9,1,9.22999e-05,2589.74,335.01,129.487,0.01,0.95,10,10000,0.938,0.497,2,2,0.129361,0,1
4372,10000,8.06189,7.49894,10,0.00822989,0.00630957,0.01,0.64847,0.6,0.7,1.186,1,1.5,0.000461499,2330.76,178.173,116.538,0.01,0.95,10,10000,0.938,0.497,9,7,0.0691461,0,0.777778
4373,10000,7.6596,7.49894,10,0.00633205,0.00630957,0.01,0.736173,0.7,0.8,0.217969,0.2,0.3,9.22999e-05,1294.87,236.888,64.7434,0.01,0.95,10,10000,0.938,0.497,1,1,0.182943,0,1
4374,10000,7.73558,7.49894,10,0.00842844,0.00630957,0.01,0.729206,0.7,0.8,0.353205,0.3,0.4,9.22999e-05,3884.6,580.254,194.23,0.01,0.95,10,10000,0.938,0.497,3,2,0.129361,0,0.666667
4375,10000,7.95586,7.49894,10,0.00816452,0.00630957,0.01,0.765914,0.7,0.8,0.523263,0.5,0.6,9.22999e-05,5179.47,820.602,258.974,0.01,0.95,10,10000,0.938,0.497,4,2,0.129361,0,0.5
4376,10000,8.46468,7.49894,10,0.00806081,0.00630957,0.01,0.715178,0.7,0.8,0.947193,0.9,1,9.22999e-05,0,0,0,0.01,0.95,10,10000,0.938,0.497,0,1,0.182943,0,0
4377,10000,7.63479,7.49894,10,0.00804164,0.00630957,0.01,0.711591,0.7,0.8,1.09774,1,1.5,0.000461499,776.921,183.492,38.846,0.01,0.95,10,10000,0.938,0.497,3,1,0.182943,0,0.333333
4378,10000,8.86078,7.49894,10,0.00882987,0.00630957,0.01,0.89289,0.8,0.9,0.246881,0.2,0.3,9.22999e-05,1294.87,236.888,64.7434,0.01,0.95,10,10000,0.938,0.497,1,1,0.182943,0,1
4379,10000,7.93591,7.49894,10,0.00935213,0.00630957,0.01,0.850196,0.8,0.9,0.365607,0.3,0.4,9.22999e-05,3884.6,580.254,194.23,0.01,0.95,10,10000,0.938,0.497,3,2,0.129361,0,0.666667
4380,10000,7.73818,7.49894,10,0.00690181,0.00630957,0.01,0.851246,0.8,0.9,0.47534,0.4,0.5,9.22999e-05,2589.74,335.01,129.487,0.01,0.95,10,10000,0.938,0.497,2,2,0.129361,0,1
4381,10000,8.21239,7.49894,10,0.00763975,0.00630957,0.01,0.827783,0.8,0.9,0.559683,0.5,0.6,9.22999e-05,2589.74,335.01,129.487,0.01,0.95,10,10000,0.938,0.497,2,2,0.129361,0,1
4382,10000,8.50625,7.49894,10,0.00786125,0.00630957,0.01,0.944532,0.9,1,1.01709,1,1.5,0.000461499,0,0,0,0.01,0.95,10,10000,0.938,0.497,0,1,0.182943,0,0
4383,10000,8.38321,7.49894,10,0.0120955,0.01,0.0158489,0.0814974,0.05,0.1,0.0648124,0,0.1,7.31423e-05,178109,9558.98,8905.43,0.01,0.95,10,10000,0.938,0.497,109,21,0.0399215,0,0.192661
4384,10000,8.65344,7.49894,10,0.0127918,0.01,0.0158489,0.0804018,0.05,0.1,0.158285,0.1,0.2,7.31423e-05,527789,16201.2,26389.5,0.01,0.95,10,10000,0.938,0.497,323,64,0.0228679,0,0.198142
4385,10000,8.58099,7.49894,10,0.0128993,0.01,0.0158489,0.0753504,0.05,0.1,0.253768,0.2,0.3,7.31423e-05,620929,14317.9,31046.4,0.01,0.95,10,10000,0.938,0.497,380,108,0.0176037,0,0.284211
4386,10000,8.52885,7.49894,10,0.012878,0.01,0.0158489,0.0753257,0.05,0.1,0.354135,0.3,0.4,7.31423e-05,660145,13181.7,33007.3,0.01,0.95,10,10000,0.938,0.497,404,139,0.0155171,0,0.344059
4387,10000,8.54692,7.49894,10,0.0128147,0.01,0.0158489,0.0733086,0.05,0.1,0.453891,0.4,0.5,7.31423e-05,625831,11568.5,31291.5,0.01,0.95,10,10000,0.938,0.497,383,156,0.0146472,0,0.407311
4388,10000,8.43669,7.49894,10,0.0126645,0.01,0.0158489,0.0731713,0.05,0.1,0.547717,0.5,0.6,7.31423e-05,500011,8571.35,25000.6,0.01,0.95,10,10000,0.938,0.497,306,166,0.0141992,0,0.542484
4389,10000,8.58,7.49894,10,0.0126111,0.01,0.0158489,0.071381,0.05,0.1,0.650245,0.6,0.7,7.31423e-05,374191,6924.44,18709.6,0.01,0.95,10,10000,0.938,0.497,229,137,0.0156299,0,0.598253
4390,10000,8.63465,7.49894,10,0.0125743,0.01,0.0158489,0.0752795,0.05,0.1,0.745598,0.7,0.8,7.31423e-05,297392,6128.17,14869.6,0.01,0.95,10,10000,0.938,0.497,182,110,0.017443,0,0.604396
4391,10000,8.5412,7.49894,10,0.0123416,0.01,0.0158489,0.0720752,0.05,0.1,0.846738,0.8,0.9,7.31423e-05,232031,4794.95,11601.6,0.01,0.95,10,10000,0.938,0.497,142,101,0.0182035,0,0.711268
4392,10000,8.45226,7.49894,10,0.0125631,0.01,0.0158489,0.0747465,0.05,0.1,0.948936,0.9,1,7.31423e-05,148696,3607.08,7434.81,0.01,0.95,10,10000,0.938,0.497,91,70,0.0218659,0,0.769231
4393,10000,8.57401,7.49894,10,0.0127373,0.01,0.0158489,0.0731925,0.05,0.1,1.19118,1,1.5,0.000365711,91832.1,1195.28,4591.6,0.01,0.95,10,10000,0.938,0.497,281,232,0.0120108,0,0.825623
4394,10000,8.40984,7.49894,10,0.0127564,0.01,0.0158489,0.124174,0.1,0.15,0.0654157,0,0.1,7.31423e-05,109480,2843.94,5473.98,0.01,0.95,10,10000,0.938,0.497,67,57,0.0242314,0,0.850746
4395,10000,8.46362,7.49894,10,0.0126648,0.01,0.0158489,0.123879,0.1,0.15,0.154927,0.1,0.2,7.31423e-05,323537,5445.06,16176.8,0.01,0.95,10,10000,0.938,0.497,198,148,0.0150379,0,0.747475
4396,10000,8.53858,7.49894,10,0.012747,0.01,0.0158489,0.123977,0.1,0.15,0.251139,0.2,0.3,7.31423e-05,387263,6239.65,19363.2,0.01,0.95,10,10000,0.938,0.497,237,167,0.0141566,0,0.704641
4397,10000,8.50358,7.49894,10,0.0128224,0.01,0.0158489,0.123904,0.1,0.15,0.349682,0.3,0.4,7.31423e-05,385629,6663.22,19281.5,0.01,0.95,10,10000,0.938,0.497,236,152,0.0148387,0,0.644068
4398,10000,8.65753,7.49894,10,0.0127136,0.01,0.0158489,0.125099,0.1,0.15,0.449853,0.4,0.5,7.31423e-05,366021,5887.57,18301.1,0.01,0.95,10,10000,0.938,0.497,224,164,0.0142855,0,0.732143
4399,10000,8.61484,7.49894,10,0.0127648,0.01,0.0158489,0.124986,0.1,0.15,0.547949,0.5,0.6,7.31423e-05,333341,6208.61,16667,0.01,0.95,10,10000,0.938,0.497,204,131,0.0159838,0,0.642157
4400,10000,8.63948,7.49894,10,0.0124539,0.01,0.0158489,0.125279,0.1,0.15,0.64528,0.6,0.7,7.31423e-05,258176,5522.43,12908.8,0.01,0.95,10,10000,0.938,0.497,158,100,0.0182943,0,0.632911
4401,10000,8.56471,7.49894,10,0.0126259,0.01,0.0158489,0.123027,0.1,0.15,0.748344,0.7,0.8,7.31423e-05,169938,3817.25,8496.92,0.01,0.95,10,10000,0.938,0.497,104,81,0.020327,0,0.778846
4402,10000,8.64441,7.49894,10,0.0126653,0.01,0.0158489,0.124075,0.1,0.15,0.846202,0.8,0.9,7.31423e-05,147062,3727.15,7353.1,0.01,0.95,10,10000,0.938,0.497,90,66,0.0225188,0,0.733333
4403,10000,8.6631,7.49894,10,0.0127442,0.01,0.0158489,0.122348,0.1,0.15,0.949386,0.9,1,7.31423e-05,112748,3004.78,5637.38,0.01,0.95,10,10000,0.938,0.497,69,56,0.0244468,0,0.811594
4404,10000,8.62675,7.49894,10,0.0123715,0.01,0.0158489,0.122596,0.1,0.15,1.20956,1,1.5,0.000365711,52615.5,946.151,2630.78,0.01,0.95,10,10000,0.938,0.497,161,126,0.0162979,0,0.782609
4405,10000,8.37526,7.49894,10,0.0126096,0.01,0.0158489,0.175988,0.15,0.2,0.0637617,0,0.1,7.31423e-05,70263,2255.83,3513.15,0.01,0.95,10,10000,0.938,0.497,43,37,0.0300757,0,0.860465
4406,10000,8.50374,7.49894,10,0.0127529,0.01,0.0158489,0.174756,0.15,0.2,0.152543,0.1,0.2,7.31423e-05,186279,3916.22,9313.93,0.01,0.95,10,10000,0.938,0.497,114,91,0.0191777,0,0.798246
4407,10000,8.51348,7.49894,10,0.0129813,0.01,0.0158489,0.175291,0.15,0.2,0.247816,0.2,0.3,7.31423e-05,261444,4631.06,13072.2,0.01,0.95,10,10000,0.938,0.497,160,128,0.0161701,0,0.8
4408,10000,8.50361,7.49894,10,0.0127551,0.01,0.0158489,0.173118,0.15,0.2,0.350632,0.3,0.4,7.31423e-05,246737,4140.77,12336.9,0.01,0.95,10,10000,0.938,0.497,151,133,0.0158632,0,0.880795
4409,10000,8.40102,7.49894,10,0.0127107,0.01,0.0158489,0.174899,0.15,0.2,0.452669,0.4,0.5,7.31423e-05,246737,4371.14,12336.9,0.01,0.95,10,10000,0.938,0.497,151,125,0.016363,0,0.827815
4410,10000,8.43085,7.49894,10,0.0127202,0.01,0.0158489,0.171076,0.15,0.2,0.547811,0.5,0.6,7.31423e-05,228763,4397.11,11438.2,0.01,0.95,10,10000,0.938,0.497,140,110,0.017443,0,0.785714
4411,10000,8.48369,7.49894,10,0.0128155,0.01,0.0158489,0.172902,0.15,0.2,0.648673,0.6,0.7,7.31423e-05,168304,4009.58,8415.22,0.01,0.95,10,10000,0.938,0.497,103,75,0.0211245,0,0.728155
4412,10000,8.52248,7.49894,10,0.0128781,0.01,0.0158489,0.174003,0.15,0.2,0.746874,0.7,0.8,7.31423e-05,130722,3594.19,6536.09,0.01,0.95,10,10000,0.938,0.497,80,57,0.0242314,0,0.7125
4413,10000,8.49699,7.49894,10,0.0131837,0.01,0.0158489,0.1725,0.15,0.2,0.84328,0.8,0.9,7.31423e-05,112748,3243.2,5637.38,0.01,0.95,10,10000,0.938,0.497,69,51,0.0256172,0,0.73913
4414,10000,8.38467,7.49894,10,0.0126051,0.01,0.0158489,0.177522,0.15,0.2,0.950652,0.9,1,7.31423e-05,91505.3,2780.97,4575.26,0.01,0.95,10,10000,0.938,0.497,56,44,0.0275798,0,0.785714
4415,10000,8.57554,7.49894,10,0.0125884,0.01,0.0158489,0.17238,0.15,0.2,1.2263,1,1.5,0.000365711,37909.3,759.652,1895.47,0.01,0.95,10,10000,0.938,0.497,116,97,0.0185751,0,0.836207
4416,10000,8.63458,7.49894,10,0.0126154,0.01,0.0158489,0.220587,0.2,0.25,0.0554146,0,0.1,7.31423e-05,32680.5,1821.85,1634.02,0.01,0.95,10,10000,0.938,0.497,20,14,0.0488937,0,0.7
4417,10000,8.53179,7.49894,10,0.0128925,0.01,0.0158489,0.223667,0.2,0.25,0.153119,0.1,0.2,7.31423e-05,116016,3121.47,5800.78,0.01,0.95,10,10000,0.938,0.497,71,56,0.0244468,0,0.788732
4418,10000,8.50147,7.49894,10,0.0127764,0.01,0.0158489,0.2269,0.2,0.25,0.247765,0.2,0.3,7.31423e-05,145428,3343.26,7271.4,0.01,0.95,10,10000,0.938,0.497,89,74,0.0212667,0,0.831461
4419,10000,8.46116,7.49894,10,0.0127283,0.01,0.0158489,0.224822,0.2,0.25,0.353076,0.3,0.4,7.31423e-05,197717,3787.83,9885.84,0.01,0.95,10,10000,0.938,0.497,121,104,0.0179391,0,0.859504
4420,10000,8.46631,7.49894,10,0.0128325,0.01,0.0158489,0.223238,0.2,0.25,0.450127,0.4,0.5,7.31423e-05,165036,3709.97,8251.82,0.01,0.95,10,10000,0.938,0.497,101,80,0.0204537,0,0.792079
4421,10000,8.49327,7.49894,10,0.0124923,0.01,0.0158489,0.223315,0.2,0.25,0.543064,0.5,0.6,7.31423e-05,179743,3876.48,8987.13,0.01,0.95,10,10000,0.938,0.497,110,87,0.0196136,0,0.790909
4422,10000,8.48033,7.49894,10,0.0125795,0.01,0.0158489,0.223825,0.2,0.25,0.642623,0.6,0.7,7.31423e-05,137258,3448.87,6862.9,0.01,0.95,10,10000,0.938,0.497,84,65,0.0226913,0,0.77381
4423,10000,8.51775,7.49894,10,0.0129256,0.01,0.0158489,0.222627,0.2,0.25,0.748846,0.7,0.8,7.31423e-05,109480,3275.22,5473.98,0.01,0.95,10,10000,0.938,0.497,67,48,0.0264056,0,0.716418
4424,10000,8.37554,7.49894,10,0.0129053,0.01,0.0158489,0.224429,0.2,0.25,0.847834,0.8,0.9,7.31423e-05,86603.2,2740.17,4330.16,0.01,0.95,10,10000,0.938,0.497,53,41,0.028571,0,0.773585
4425,10000,8.85167,7.49894,10,0.0128291,0.01,0.0158489,0.221114,0.2,0.25,0.943464,0.9,1,7.31423e-05,58824.8,2184.04,2941.24,0.01,0.95,10,10000,0.938,0.497,36,29,0.0339717,0,0.805556
4426,10000,8.56133,7.49894,10,0.0128116,0.01,0.0158489,0.218314,0.2,0.25,1.18153,1,1.5,0.000365711,33660.9,801.915,1683.04,0.01,0.95,10,10000,0.938,0.497,103,75,0.0211245,0,0.728155
4427,10000,8.75007,7.49894,10,0.0125581,0.01,0.0158489,0.269214,0.25,0.3,0.0632408,0,0.1,7.31423e-05,22876.3,1291.54,1143.82,0.01,0.95,10,10000,0.938,0.497,14,12,0.0528112,0,0.857143
4428,10000,8.41764,7.49894,10,0.0126763,0.01,0.0158489,0.275272,0.25,0.3,0.149367,0.1,0.2,7.31423e-05,80067.1,2629.4,4003.36,0.01,0.95,10,10000,0.938,0.497,49,38,0.0296773,0,0.77551
4429,10000,8.6536,7.49894,10,0.0132079,0.01,0.0158489,0.270031,0.25,0.3,0.248325,0.2,0.3,7.31423e-05,84969.2,2619.07,4248.46,0.01,0.95,10,10000,0.938,0.497,52,42,0.0282288,0,0.807692
4430,10000,8.39773,7.49894,10,0.0126423,0.01,0.0158489,0.270712,0.25,0.3,0.346571,0.3,0.4,7.31423e-05,129088,3262.72,6454.39,0.01,0.95,10,10000,0.938,0.497,79,63,0.0230487,0,0.797468
4431,10000,8.56493,7.49894,10,0.01296,0.01,0.0158489,0.27849,0.25,0.3,0.447555,0.4,0.5,7.31423e-05,80067.1,2135.69,4003.36,0.01,0.95,10,10000,0.938,0.497,49,48,0.0264056,0,0.979592
4432,10000,8.61232,7.49894,10,0.0128613,0.01,0.0158489,0.274409,0.25,0.3,0.555589,0.5,0.6,7.31423e-05,71897,2559.92,3594.85,0.01,0.95,10,10000,0.938,0.497,44,33,0.0318464,0,0.75
4433,10000,8.69108,7.49894,10,0.012595,0.01,0.0158489,0.275214,0.25,0.3,0.653474,0.6,0.7,7.31423e-05,88237.2,2700.81,4411.86,0.01,0.95,10,10000,0.938,0.497,54,43,0.0278986,0,0.796296
4434,10000,8.55082,7.49894,10,0.012671,0.01,0.0158489,0.271662,0.25,0.3,0.752043,0.7,0.8,7.31423e-05,73531,2050.38,3676.55,0.01,0.95,10,10000,0.938,0.497,45,44,0.0275798,0,0.977778
4435,10000,8.39617,7.49894,10,0.0130674,0.01,0.0158489,0.273715,0.25,0.3,0.854196,0.8,0.9,7.31423e-05,39216.6,1660.55,1960.83,0.01,0.95,10,10000,0.938,0.497,24,21,0.0399215,0,0.875
4436,10000,8.57825,7.49894,10,0.0130852,0.01,0.0158489,0.27698,0.25,0.3,0.944023,0.9,1,7.31423e-05,52288.7,1800.23,2614.44,0.01,0.95,10,10000,0.938,0.497,32,30,0.0334007,0,0.9375
4437,10000,8.69561,7.49894,10,0.0130123,0.01,0.0158489,0.276442,0.25,0.3,1.19462,1,1.5,0.000365711,23203.1,606.261,1160.16,0.01,0.95,10,10000,0.938,0.497,71,58,0.0240216,0,0.816901
4438,10000,8.64698,7.49894,10,0.0124792,0.01,0.0158489,0.330276,0.3,0.4,0.0582176,0,0.1,0.000146285,8170.12,721.994,408.506,0.01,0.95,10,10000,0.938,0.497,10,6,0.0746863,0,0.6
4439,10000,8.30055,7.49894,10,0.0122372,0.01,0.0158489,0.338971,0.3,0.4,0.147823,0.1,0.2,0.000146285,27778.4,-nan,1388.92,0.01,0.95,10,10000,0.938,0.497,34,36,0.0304906,0,1.05882
4440,10000,8.60223,7.49894,10,0.0125493,0.01,0.0158489,0.343953,0.3,0.4,0.249265,0.2,0.3,0.000146285,44935.6,1236.78,2246.78,0.01,0.95,10,10000,0.938,0.497,55,49,0.0261348,0,0.890909
4441,10000,8.66792,7.49894,10,0.0130065,0.01,0.0158489,0.346653,0.3,0.4,0.357557,0.3,0.4,0.000146285,55556.8,1408.05,2777.84,0.01,0.95,10,10000,0.938,0.497,68,59,0.0238172,0,0.867647
4442,10000,8.37958,7.49894,10,0.0127326,0.01,0.0158489,0.337592,0.3,0.4,0.451146,0.4,0.5,0.000146285,55556.8,1451.03,2777.84,0.01,0.95,10,10000,0.938,0.497,68,57,0.0242314,0,0.838235
4443,10000,8.40558,7.49894,10,0.0131747,0.01,0.0158489,0.344444,0.3,0.4,0.549978,0.5,0.6,0.000146285,49020.7,1279.96,2451.03,0.01,0.95,10,10000,0.938,0.497,60,54,0.0248954,0,0.9
4444,10000,8.43658,7.49894,10,0.0129984,0.01,0.0158489,0.340166,0.3,0.4,0.648602,0.6,0.7,0.000146285,49837.7,1331.98,2491.89,0.01,0.95,10,10000,0.938,0.497,61,53,0.0251292,0,0.868852
4445,10000,8.75852,7.49894,10,0.0128665,0.01,0.0158489,0.343463,0.3,0.4,0.750598,0.7,0.8,0.000146285,49020.7,1279.96,2451.03,0.01,0.95,10,10000,0.938,0.497,60,54,0.0248954,0,0.9
4446,10000,8.53028,7.49894,10,0.0122044,0.01,0.0158489,0.343524,0.3,0.4,0.840192,0.8,0.9,0.000146285,26961.4,1000.26,1348.07,0.01,0.95,10,10000,0.938,0.497,33,28,0.0345731,0,0.848485
4447,10000,8.59133,7.49894,10,0.0128601,0.01,0.0158489,0.347198,0.3,0.4,0.952951,0.9,1,0.000146285,26144.4,928.87,1307.22,0.01,0.95,10,10000,0.938,0.497,32,29,0.0339717,0,0.90625
4448,10000,8.51319,7.49894,10,0.0126981,0.01,0.0158489,0.341268,0.3,0.4,1.19562,1,1.5,0.000731423,13399,317.628,669.949,0.01,0.95,10,10000,0.938,0.497,82,69,0.0220238,0,0.841463
4449,10000,7.72635,7.49894,10,0.0131542,0.01,0.0158489,0.462136,0.4,0.5,0.0857453,0,0.1,0.000146285,1634.02,211.378,81.7012,0.01,0.95,10,10000,0.938,0.497,2,2,0.129361,0,1
4450,10000,8.46368,7.49894,10,0.012763,0.01,0.0158489,0.437129,0.4,0.5,0.153485,0.1,0.2,0.000146285,17974.3,883.515,898.713,0.01,0.95,10,10000,0.938,0.497,22,17,0.0443703,0,0.772727
4451,10000,8.17405,7.49894,10,0.0128186,0.01,0.0158489,0.441521,0.4,0.5,0.25816,0.2,0.3,0.000146285,21242.3,855.789,1062.12,0.01,0.95,10,10000,0.938,0.497,26,23,0.0381463,0,0.884615
4452,10000,8.46233,7.49894,10,0.0128539,0.01,0.0158489,0.440933,0.4,0.5,0.364082,0.3,0.4,0.000146285,25327.4,887.736,1266.37,0.01,0.95,10,10000,0.938,0.497,31,29,0.0339717,0,0.935484
4453,10000,8.59867,7.49894,10,0.0125802,0.01,0.0158489,0.444687,0.4,0.5,0.45072,0.4,0.5,0.000146285,23693.3,958.027,1184.67,0.01,0.95,10,10000,0.938,0.497,29,24,0.0373432,0,0.827586
4454,10000,8.66214,7.49894,10,0.0128271,0.01,0.0158489,0.435872,0.4,0.5,0.544471,0.5,0.6,0.000146285,29412.4,1308.97,1470.62,0.01,0.95,10,10000,0.938,0.497,36,23,0.0381463,0,0.638889
4455,10000,8.52296,7.49894,10,0.0126975,0.01,0.0158489,0.434989,0.4,0.5,0.651593,0.6,0.7,0.000146285,27778.4,1073.98,1388.92,0.01,0.95,10,10000,0.938,0.497,34,27,0.0352075,0,0.794118
4456,10000,8.39044,7.49894,10,0.0127291,0.01,0.0158489,0.441422,0.4,0.5,0.742243,0.7,0.8,0.000146285,16340.2,702.737,817.012,0.01,0.95,10,10000,0.938,0.497,20,19,0.0419701,0,0.95
4457,10000,8.29458,7.49894,10,0.0118359,0.01,0.0158489,0.443404,0.4,0.5,0.842212,0.8,0.9,0.000146285,22059.3,901.662,1102.97,0.01,0.95,10,10000,0.938,0.497,27,23,0.0381463,0,0.851852
4458,10000,8.85294,7.49894,10,0.0118461,0.01,0.0158489,0.436875,0.4,0.5,0.952571,0.9,1,0.000146285,6536.09,422.756,326.805,0.01,0.95,10,10000,0.938,0.497,8,8,0.0646803,0,1
4459,10000,8.57578,7.49894,10,0.0124637,0.01,0.0158489,0.44304,0.4,0.5,1.18279,1,1.5,0.000731423,7843.31,261.53,392.166,0.01,0.95,10,10000,0.938,0.497,48,37,0.0300757,0,0.770833
4460,10000,8.89732,7.49894,10,0.0135315,0.01,0.0158489,0.542567,0.5,0.6,0.155104,0.1,0.2,0.000146285,8987.13,-nan,449.356,0.01,0.95,10,10000,0.938,0.497,11,13,0.0507394,0,1.18182
4461,10000,7.87391,7.49894,10,0.012993,0.01,0.0158489,0.521113,0.5,0.6,0.259054,0.2,0.3,0.000146285,8170.12,644.121,408.506,0.01,0.95,10,10000,0.938,0.497,10,7,0.0691461,0,0.7
4462,10000,8.58082,7.49894,10,0.0119978,0.01,0.0158489,0.533713,0.5,0.6,0.342495,0.3,0.4,0.000146285,16340.2,862.947,817.012,0.01,0.95,10,10000,0.938,0.497,20,15,0.0472358,0,0.75
4463,10000,8.18446,7.49894,10,0.0128593,0.01,0.0158489,0.535788,0.5,0.6,0.446034,0.4,0.5,0.000146285,10621.2,629.312,531.058,0.01,0.95,10,10000,0.938,0.497,13,11,0.0551595,0,0.846154
4464,10000,8.45277,7.49894,10,0.012995,0.01,0.0158489,0.544944,0.5,0.6,0.539813,0.5,0.6,0.000146285,12255.2,884.258,612.759,0.01,0.95,10,10000,0.938,0.497,15,9,0.0609811,0,0.6
4465,10000,8.57902,7.49894,10,0.0127452,0.01,0.0158489,0.550374,0.5,0.6,0.66063,0.6,0.7,0.000146285,12255.2,-nan,612.759,0.01,0.95,10,10000,0.938,0.497,15,16,0.0457358,0,1.06667
4466,10000,8.41834,7.49894,10,0.0130346,0.01,0.0158489,0.539128,0.5,0.6,0.756095,0.7,0.8,0.000146285,8170.12,522.541,408.506,0.01,0.95,10,10000,0.938,0.497,10,9,0.0609811,0,0.9
4467,10000,8.594,7.49894,10,0.012374,0.01,0.0158489,0.558458,0.5,0.6,0.854707,0.8,0.9,0.000146285,5719.08,530.555,285.954,0.01,0.95,10,10000,0.938,0.497,7,5,0.0818148,0,0.714286
4468,10000,8.31341,7.49894,10,0.0124163,0.01,0.0158489,0.553683,0.5,0.6,0.945508,0.9,1,0.000146285,4085.06,-nan,204.253,0.01,0.95,10,10000,0.938,0.497,5,7,0.0691461,0,1.4
4469,10000,8.75934,7.49894,10,0.0129277,0.01,0.0158489,0.542882,0.5,0.6,1.14853,1,1.5,0.000731423,3921.66,166.055,196.083,0.01,0.95,10,10000,0.938,0.497,24,21,0.0399215,0,0.875
4470,10000,9.23124,7.49894,10,0.0121823,0.01,0.0158489,0.633774,0.6,0.7,0.0649242,0,0.1,0.000146285,817.012,149.467,40.8506,0.01,0.95,10,10000,0.938,0.497,1,1,0.182943,0,1
4471,10000,8.52442,7.49894,10,0.0130287,0.01,0.0158489,0.643049,0.6,0.7,0.156666,0.1,0.2,0.000146285,3268.05,385.922,163.402,0.01,0.95,10,10000,0.938,0.497,4,3,0.105622,0,0.75
4472,10000,8.76227,7.49894,10,0.0126895,0.01,0.0158489,0.617934,0.6,0.7,0.248326,0.2,0.3,0.000146285,4085.06,334.218,204.253,0.01,0.95,10,10000,0.938,0.497,5,5,0.0818148,0,1
4473,10000,8.72319,7.49894,10,0.0125475,0.01,0.0158489,0.64623,0.6,0.7,0.345046,0.3,0.4,0.000146285,4902.07,433.196,245.103,0.01,0.95,10,10000,0.938,0.497,6,5,0.0818148,0,0.833333
4474,10000,8.12162,7.49894,10,0.0138015,0.01,0.0158489,0.637569,0.6,0.7,0.407011,0.4,0.5,0.000146285,1634.02,211.378,81.7012,0.01,0.95,10,10000,0.938,0.497,2,2,0.129361,0,1
4475,10000,8.74218,7.49894,10,0.0138751,0.01,0.0158489,0.638726,0.6,0.7,0.549057,0.5,0.6,0.000146285,5719.08,456.629,285.954,0.01,0.95,10,10000,0.938,0.497,7,6,0.0746863,0,0.857143
4476,10000,7.87512,7.49894,10,0.0136231,0.01,0.0158489,0.647545,0.6,0.7,0.626733,0.6,0.7,0.000146285,4902.07,366.118,245.103,0.01,0.95,10,10000,0.938,0.497,6,6,0.0746863,0,1
4477,10000,8.9735,7.49894,10,0.0116754,0.01,0.0158489,0.66713,0.6,0.7,0.761785,0.7,0.8,0.000146285,4085.06,510.527,204.253,0.01,0.95,10,10000,0.938,0.497,5,3,0.105622,0,0.6
4478,10000,8.29929,7.49894,10,0.0143513,0.01,0.0158489,0.621529,0.6,0.7,0.829749,0.8,0.9,0.000146285,2451.03,258.884,122.552,0.01,0.95,10,10000,0.938,0.497,3,3,0.105622,0,1
4479,10000,9.25488,7.49894,10,0.0110253,0.01,0.0158489,0.646685,0.6,0.7,0.94825,0.9,1,0.000146285,5719.08,625.265,285.954,0.01,0.95,10,10000,0.938,0.497,7,4,0.0914717,0,0.571429
4480,10000,8.21507,7.49894,10,0.0110418,0.01,0.0158489,0.639095,0.6,0.7,1.15338,1,1.5,0.000731423,1960.83,146.447,98.0414,0.01,0.95,10,10000,0.938,0.497,12,8,0.0646803,0,0.666667
4481,10000,7.72481,7.49894,10,0.0128997,0.01,0.0158489,0.755026,0.7,0.8,0.157106,0.1,0.2,0.000146285,817.012,149.467,40.8506,0.01,0.95,10,10000,0.938,0.497,1,1,0.182943,0,1
4482,10000,8.36977,7.49894,10,0.0121445,0.01,0.0158489,0.740772,0.7,0.8,0.247997,0.2,0.3,0.000146285,3268.05,385.922,163.402,0.01,0.95,10,10000,0.938,0.497,4,3,0.105622,0,0.75
4483,10000,7.59216,7.49894,10,0.0127102,0.01,0.0158489,0.712503,0.7,0.8,0.399225,0.3,0.4,0.000146285,817.012,149.467,40.8506,0.01,0.95,10,10000,0.938,0.497,1,1,0.182943,0,1
4484,10000,8.53199,7.49894,10,0.0117948,0.01,0.0158489,0.740193,0.7,0.8,0.426292,0.4,0.5,0.000146285,817.012,149.467,40.8506,0.01,0.95,10,10000,0.938,0.497,1,1,0.182943,0,1
4485,10000,8.78563,7.49894,10,0.0134748,0.01,0.0158489,0.727791,0.7,0.8,0.57095,0.5,0.6,0.000146285,3268.05,298.934,163.402,0.01,0.95,10,10000,0.938,0.497,4,4,0.0914717,0,1
4486,10000,8.04014,7.49894,10,0.0140522,0.01,0.0158489,0.75489,0.7,0.8,0.635571,0.6,0.7,0.000146285,817.012,149.467,40.8506,0.01,0.95,10,10000,0.938,0.497,1,1,0.182943,0,1
4487,10000,8.09261,7.49894,10,0.0143977,0.01,0.0158489,0.735451,0.7,0.8,0.858521,0.8,0.9,0.000146285,3268.05,385.922,163.402,0.01,0.95,10,10000,0.938,0.497,4,3,0.105622,0,0.75
4488,10000,8.93582,7.49894,10,0.0143332,0.01,0.0158489,0.759765,0.7,0.8,0.937335,0.9,1,0.000146285,2451.03,366.118,122.552,0.01,0.95,10,10000,0.938,0.497,3,2,0.129361,0,0.666667
4489,10000,8.25104,7.49894,10,0.0124692,0.01,0.0158489,0.734597,0.7,0.8,1.27025,1,1.5,0.000731423,817.012,66.8436,40.8506,0.01,0.95,10,10000,0.938,0.497,5,5,0.0818148,0,1
4490,10000,7.60365,7.49894,10,0.0101608,0.01,0.0158489,0.858987,0.8,0.9,0.15818,0.1,0.2,0.000146285,817.012,149.467,40.8506,0.01,0.95,10,10000,0.938,0.497,1,1,0.182943,0,1
4491,10000,8.2942,7.49894,10,0.0147685,0.01,0.0158489,0.885264,0.8,0.9,0.285138,0.2,0.3,0.000146285,1634.02,366.118,81.7012,0.01,0.95,10,10000,0.938,0.497,2,1,0.182943,0,0.5
4492,10000,7.81956,7.49894,10,0.012421,0.01,0.0158489,0.874774,0.8,0.9,0.389917,0.3,0.4,0.000146285,817.012,149.467,40.8506,0.01,0.95,10,10000,0.938,0.497,1,1,0.182943,0,1
4493,10000,8.23485,7.49894,10,0.0120499,0.01,0.0158489,0.861326,0.8,0.9,0.637452,0.6,0.7,0.000146285,1634.02,366.118,81.7012,0.01,0.95,10,10000,0.938,0.497,2,1,0.182943,0,0.5
4494,10000,9.05348,7.49894,10,0.0138537,0.01,0.0158489,0.826524,0.8,0.9,0.73369,0.7,0.8,0.000146285,3268.05,517.768,163.402,0.01,0.95,10,10000,0.938,0.497,4,2,0.129361,0,0.5
4495,10000,7.82941,7.49894,10,0.0124995,0.01,0.0158489,0.829997,0.8,0.9,1.35301,1,1.5,0.000731423,326.805,73.2235,16.3402,0.01,0.95,10,10000,0.938,0.497,2,1,0.182943,0,0.5
4496,10000,8.67434,7.49894,10,0.0149519,0.01,0.0158489,0.942247,0.9,1,0.337906,0.3,0.4,0.000146285,1634.02,211.378,81.7012,0.01,0.95,10,10000,0.938,0.497,2,2,0.129361,0,1
4497,10000,7.53856,7.49894,10,0.0112363,0.01,0.0158489,0.926176,0.9,1,0.605288,0.6,0.7,0.000146285,817.012,149.467,40.8506,0.01,0.95,10,10000,0.938,0.497,1,1,0.182943,0,1
4498,10000,9.61665,7.49894,10,0.0132341,0.01,0.0158489,0.906371,0.9,1,0.702934,0.7,0.8,0.000146285,817.012,149.467,40.8506,0.01,0.95,10,10000,0.938,0.497,1,1,0.182943,0,1
4499,10000,8.54953,7.49894,10,0.0207186,0.0158489,0.0251189,0.0828897,0.05,0.1,0.0716943,0,0.1,0.000115924,118563,5031.25,5928.17,0.01,0.95,10,10000,0.938,0.497,115,32,0.0323401,0,0.278261
4500,10000,8.55053,7.49894,10,0.0204244,0.0158489,0.0251189,0.0744982,0.05,0.1,0.157214,0.1,0.2,0.000115924,303110,6386.68,15155.5,0.01,0.95,10,10000,0.938,0.497,294,120,0.0167004,0,0.408163
4501,10000,8.53471,7.49894,10,0.0205357,0.0158489,0.0251189,0.0741456,0.05,0.1,0.255573,0.2,0.3,0.000115924,409301,6794.54,20465.1,0.01,0.95,10,10000,0.938,0.497,397,186,0.0134141,0,0.468514
4502,10000,8.55837,7.49894,10,0.020495,0.0158489,0.0251189,0.0745556,0.05,0.1,0.351087,0.3,0.4,0.000115924,408270,6457.48,20413.5,0.01,0.95,10,10000,0.938,0.497,396,200,0.0129361,0,0.505051
4503,10000,8.57884,7.49894,10,0.0201739,0.0158489,0.0251189,0.0729654,0.05,0.1,0.44813,0.4,0.5,0.000115924,361876,6425.75,18093.8,0.01,0.95,10,10000,0.938,0.497,351,163,0.0143292,0,0.464387
4504,10000,8.54655,7.49894,10,0.0199049,0.0158489,0.0251189,0.0717628,0.05,0.1,0.548558,0.5,0.6,0.000115924,319606,5424.94,15980.3,0.01,0.95,10,10000,0.938,0.497,310,169,0.0140726,0,0.545161
4505,10000,8.63772,7.49894,10,0.0201923,0.0158489,0.0251189,0.071748,0.05,0.1,0.64785,0.6,0.7,0.000115924,254653,4489.02,12732.7,0.01,0.95,10,10000,0.938,0.497,247,150,0.0149373,0,0.607287
4506,10000,8.50574,7.49894,10,0.0199813,0.0158489,0.0251189,0.0738057,0.05,0.1,0.746631,0.7,0.8,0.000115924,205166,4148.5,10258.3,0.01,0.95,10,10000,0.938,0.497,199,116,0.0169859,0,0.582915
4507,10000,8.69206,7.49894,10,0.0200206,0.0158489,0.0251189,0.0729592,0.05,0.1,0.846479,0.8,0.9,0.000115924,155679,3318.86,7783.94,0.01,0.95,10,10000,0.938,0.497,151,99,0.0183865,0,0.655629
4508,10000,8.65424,7.49894,10,0.0202957,0.0158489,0.0251189,0.071201,0.05,0.1,0.952337,0.9,1,0.000115924,102068,2594.8,5103.38,0.01,0.95,10,10000,0.938,0.497,99,68,0.0221851,0,0.686869
4509,10000,8.70691,7.49894,10,0.0197837,0.0158489,0.0251189,0.0743412,0.05,0.1,1.19124,1,1.5,0.000579621,47837.7,708.783,2391.89,0.01,0.95,10,10000,0.938,0.497,232,184,0.0134868,0,0.793103
4510,10000,8.45079,7.49894,10,0.0196267,0.0158489,0.0251189,0.1235,0.1,0.15,0.064042,0,0.1,0.000115924,77323.9,2086.43,3866.2,0.01,0.95,10,10000,0.938,0.497,75,57,0.0242314,0,0.76
4511,10000,8.54123,7.49894,10,0.0204239,0.0158489,0.0251189,0.126488,0.1,0.15,0.153952,0.1,0.2,0.000115924,194856,3419.53,9742.82,0.01,0.95,10,10000,0.938,0.497,189,138,0.0155732,0,0.730159
4512,10000,8.61905,7.49894,10,0.0199853,0.0158489,0.0251189,0.124726,0.1,0.15,0.252014,0.2,0.3,0.000115924,226817,3646.92,11340.8,0.01,0.95,10,10000,0.938,0.497,220,163,0.0143292,0,0.740909
4513,10000,8.62342,7.49894,10,0.0197648,0.0158489,0.0251189,0.126219,0.1,0.15,0.348076,0.3,0.4,0.000115924,261870,3921.77,13093.5,0.01,0.95,10,10000,0.938,0.497,254,188,0.0133425,0,0.740157
4514,10000,8.53289,7.49894,10,0.0204718,0.0158489,0.0251189,0.122858,0.1,0.15,0.451009,0.4,0.5,0.000115924,258777,4409.17,12938.9,0.01,0.95,10,10000,0.938,0.497,251,158,0.0145542,0,0.629482
4515,10000,8.59211,7.49894,10,0.020026,0.0158489,0.0251189,0.125622,0.1,0.15,0.547665,0.5,0.6,0.000115924,185577,3601.15,9278.87,0.01,0.95,10,10000,0.938,0.497,180,119,0.0167704,0,0.661111
4516,10000,8.56241,7.49894,10,0.0202009,0.0158489,0.0251189,0.127983,0.1,0.15,0.645667,0.6,0.7,0.000115924,163927,3460.95,8196.34,0.01,0.95,10,10000,0.938,0.497,159,102,0.0181141,0,0.641509
4517,10000,8.49386,7.49894,10,0.0201008,0.0158489,0.0251189,0.127257,0.1,0.15,0.743268,0.7,0.8,0.000115924,117532,3089.07,5876.62,0.01,0.95,10,10000,0.938,0.497,114,68,0.0221851,0,0.596491
4518,10000,8.60456,7.49894,10,0.0195506,0.0158489,0.0251189,0.125645,0.1,0.15,0.85015,0.8,0.9,0.000115924,83509.8,2540.6,4175.49,0.01,0.95,10,10000,0.938,0.497,81,50,0.0258721,0,0.617284
4519,10000,8.65611,7.49894,10,0.0200507,0.0158489,0.0251189,0.124621,0.1,0.15,0.951517,0.9,1,0.000115924,65983.1,2322.14,3299.15,0.01,0.95,10,10000,0.938,0.497,64,38,0.0296773,0,0.59375
4520,10000,8.54692,7.49894,10,0.0203055,0.0158489,0.0251189,0.123885,0.1,0.15,1.17886,1,1.5,0.000579621,32373,652.786,1618.65,0.01,0.95,10,10000,0.938,0.497,157,108,0.0176037,0,0.687898
4521,10000,8.575,7.49894,10,0.0194661,0.0158489,0.0251189,0.172473,0.15,0.2,0.0668864,0,0.1,0.000115924,53611.3,1527.24,2680.56,0.01,0.95,10,10000,0.938,0.497,52,46,0.0269735,0,0.884615
4522,10000,8.46755,7.49894,10,0.019635,0.0158489,0.0251189,0.173552,0.15,0.2,0.155022,0.1,0.2,0.000115924,113408,2333.33,5670.42,0.01,0.95,10,10000,0.938,0.497,110,92,0.0190732,0,0.836364
4523,10000,8.56265,7.49894,10,0.0197978,0.0158489,0.0251189,0.173294,0.15,0.2,0.251709,0.2,0.3,0.000115924,163927,2469.81,8196.34,0.01,0.95,10,10000,0.938,0.497,159,153,0.0147901,0,0.962264
4524,10000,8.61633,7.49894,10,0.0201249,0.0158489,0.0251189,0.173824,0.15,0.2,0.344441,0.3,0.4,0.000115924,159803,2818.77,7990.14,0.01,0.95,10,10000,0.938,0.497,155,127,0.0162336,0,0.819355
4525,10000,8.54717,7.49894,10,0.0203152,0.0158489,0.0251189,0.175713,0.15,0.2,0.449471,0.4,0.5,0.000115924,172175,2715.94,8608.73,0.01,0.95,10,10000,0.938,0.497,167,149,0.0149873,0,0.892216
4526,10000,8.50726,7.49894,10,0.0193986,0.0158489,0.0251189,0.173223,0.15,0.2,0.54922,0.5,0.6,0.000115924,139183,2747.16,6959.15,0.01,0.95,10,10000,0.938,0.497,135,105,0.0178534,0,0.777778
4527,10000,8.48563,7.49894,10,0.0195348,0.0158489,0.0251189,0.173667,0.15,0.2,0.6485,0.6,0.7,0.000115924,114439,2547.01,5721.97,0.01,0.95,10,10000,0.938,0.497,111,84,0.0199608,0,0.756757
4528,10000,8.54848,7.49894,10,0.0206197,0.0158489,0.0251189,0.174088,0.15,0.2,0.748445,0.7,0.8,0.000115924,70107,1976.8,3505.35,0.01,0.95,10,10000,0.938,0.497,68,52,0.0253697,0,0.764706
4529,10000,8.67247,7.49894,10,0.0201776,0.0158489,0.0251189,0.173886,0.15,0.2,0.846309,0.8,0.9,0.000115924,68045.1,1931.07,3402.25,0.01,0.95,10,10000,0.938,0.497,66,51,0.0256172,0,0.772727
4530,10000,8.77523,7.49894,10,0.01977,0.0158489,0.0251189,0.172272,0.15,0.2,0.948411,0.9,1,0.000115924,48456.3,1641.27,2422.82,0.01,0.95,10,10000,0.938,0.497,47,36,0.0304906,0,0.765957
4531,10000,8.50859,7.49894,10,0.0200547,0.0158489,0.0251189,0.173145,0.15,0.2,1.20861,1,1.5,0.000579621,27218,550.579,1360.9,0.01,0.95,10,10000,0.938,0.497,132,101,0.0182035,0,0.765152
4532,10000,8.6017,7.49894,10,0.0202697,0.0158489,0.0251189,0.225155,0.2,0.25,0.072856,0,0.1,0.000115924,29898.6,1166.96,1494.93,0.01,0.95,10,10000,0.938,0.497,29,25,0.0365887,0,0.862069
4533,10000,8.62008,7.49894,10,0.0206219,0.0158489,0.0251189,0.221605,0.2,0.25,0.160397,0.1,0.2,0.000115924,77323.9,1818.03,3866.2,0.01,0.95,10,10000,0.938,0.497,75,67,0.0223501,0,0.893333
4534,10000,8.67372,7.49894,10,0.0205001,0.0158489,0.0251189,0.225155,0.2,0.25,0.257112,0.2,0.3,0.000115924,98974.6,2095.45,4948.73,0.01,0.95,10,10000,0.938,0.497,96,84,0.0199608,0,0.875
4535,10000,8.56542,7.49894,10,0.0205915,0.0158489,0.0251189,0.221429,0.2,0.25,0.352152,0.3,0.4,0.000115924,122687,2355.54,6134.37,0.01,0.95,10,10000,0.938,0.497,119,103,0.0180259,0,0.865546
4536,10000,8.56629,7.49894,10,0.0202657,0.0158489,0.0251189,0.221347,0.2,0.25,0.446086,0.4,0.5,0.000115924,80416.9,1970.97,4020.84,0.01,0.95,10,10000,0.938,0.497,78,65,0.0226913,0,0.833333
4537,10000,8.73284,7.49894,10,0.0196492,0.0158489,0.0251189,0.222849,0.2,0.25,0.54538,0.5,0.6,0.000115924,85571.8,1963.39,4278.59,0.01,0.95,10,10000,0.938,0.497,83,72,0.0215601,0,0.86747
4538,10000,8.45116,7.49894,10,0.0202946,0.0158489,0.0251189,0.223265,0.2,0.25,0.658388,0.6,0.7,0.000115924,60828.2,1577.21,3041.41,0.01,0.95,10,10000,0.938,0.497,59,54,0.0248954,0,0.915254
4539,10000,8.48414,7.49894,10,0.0201846,0.0158489,0.0251189,0.220324,0.2,0.25,0.750396,0.7,0.8,0.000115924,52580.3,1400.86,2629.01,0.01,0.95,10,10000,0.938,0.497,51,49,0.0261348,0,0.960784
4540,10000,8.64886,7.49894,10,0.020812,0.0158489,0.0251189,0.222777,0.2,0.25,0.840801,0.8,0.9,0.000115924,37115.5,1131.67,1855.77,0.01,0.95,10,10000,0.938,0.497,36,36,0.0304906,0,1
4541,10000,8.79026,7.49894,10,0.0206612,0.0158489,0.0251189,0.224415,0.2,0.25,0.943755,0.9,1,0.000115924,46394.4,1549.61,2319.72,0.01,0.95,10,10000,0.938,0.497,45,36,0.0304906,0,0.8
4542,10000,8.59373,7.49894,10,0.0201197,0.0158489,0.0251189,0.224052,0.2,0.25,1.2186,1,1.5,0.000579621,22063.1,471.448,1103.15,0.01,0.95,10,10000,0.938,0.497,107,87,0.0196136,0,0.813084
4543,10000,8.62581,7.49894,10,0.0216083,0.0158489,0.0251189,0.275754,0.25,0.3,0.0602019,0,0.1,0.000115924,11340.8,751.824,567.042,0.01,0.95,10,10000,0.938,0.497,11,9,0.0609811,0,0.818182
4544,10000,8.64213,7.49894,10,0.0203727,0.0158489,0.0251189,0.271915,0.25,0.3,0.145863,0.1,0.2,0.000115924,58766.2,1582.68,2938.31,0.01,0.95,10,10000,0.938,0.497,57,51,0.0256172,0,0.894737
4545,10000,8.45182,7.49894,10,0.0200724,0.0158489,0.0251189,0.271971,0.25,0.3,0.250906,0.2,0.3,0.000115924,62890.1,1829.07,3144.51,0.01,0.95,10,10000,0.938,0.497,61,48,0.0264056,0,0.786885
4546,10000,8.56913,7.49894,10,0.0202724,0.0158489,0.0251189,0.2718,0.25,0.3,0.353251,0.3,0.4,0.000115924,67014.1,1748.03,3350.7,0.01,0.95,10,10000,0.938,0.497,65,56,0.0244468,0,0.861538
4547,10000,8.41708,7.49894,10,0.0197173,0.0158489,0.0251189,0.272116,0.25,0.3,0.443345,0.4,0.5,0.000115924,60828.2,1550.54,3041.41,0.01,0.95,10,10000,0.938,0.497,59,55,0.0246681,0,0.932203
4548,10000,8.39762,7.49894,10,0.0198803,0.0158489,0.0251189,0.274521,0.25,0.3,0.546083,0.5,0.6,0.000115924,59797.2,1679.67,2989.86,0.01,0.95,10,10000,0.938,0.497,58,49,0.0261348,0,0.844828
4549,10000,8.75281,7.49894,10,0.0202917,0.0158489,0.0251189,0.274113,0.25,0.3,0.641174,0.6,0.7,0.000115924,52580.3,1515.95,2629.01,0.01,0.95,10,10000,0.938,0.497,51,45,0.0272716,0,0.882353
4550,10000,8.4795,7.49894,10,0.0203567,0.0158489,0.0251189,0.27316,0.25,0.3,0.752317,0.7,0.8,0.000115924,30929.6,1142.1,1546.48,0.01,0.95,10,10000,0.938,0.497,30,27,0.0352075,0,0.9
4551,10000,8.68025,7.49894,10,0.0207656,0.0158489,0.0251189,0.275151,0.25,0.3,0.861757,0.8,0.9,0.000115924,34022.5,1343.91,1701.13,0.01,0.95,10,10000,0.938,0.497,33,26,0.0358782,0,0.787879
4552,10000,8.47697,7.49894,10,0.019684,0.0158489,0.0251189,0.273631,0.25,0.3,0.952578,0.9,1,0.000115924,22681.7,925.838,1134.08,0.01,0.95,10,10000,0.938,0.497,22,21,0.0399215,0,0.954545
4553,10000,8.61648,7.49894,10,0.0197301,0.0158489,0.0251189,0.272855,0.25,0.3,1.2176,1,1.5,0.000579621,14640,388.151,732,0.01,0.95,10,10000,0.938,0.497,71,57,0.0242314,0,0.802817
4554,10000,8.37589,7.49894,10,0.0197897,0.0158489,0.0251189,0.337227,0.3,0.4,0.0669321,0,0.1,0.000231848,7216.9,379.033,360.845,0.01,0.95,10,10000,0.938,0.497,14,13,0.0507394,0,0.928571
4555,10000,8.52156,7.49894,10,0.0198321,0.0158489,0.0251189,0.336714,0.3,0.4,0.157395,0.1,0.2,0.000231848,34538,897.191,1726.9,0.01,0.95,10,10000,0.938,0.497,67,57,0.0242314,0,0.850746
4556,10000,8.4079,7.49894,10,0.0198469,0.0158489,0.0251189,0.346064,0.3,0.4,0.242464,0.2,0.3,0.000231848,28867.6,800.213,1443.38,0.01,0.95,10,10000,0.938,0.497,56,49,0.0261348,0,0.875
4557,10000,8.56508,7.49894,10,0.0196718,0.0158489,0.0251189,0.34864,0.3,0.4,0.353789,0.3,0.4,0.000231848,36084.5,884.993,1804.23,0.01,0.95,10,10000,0.938,0.497,70,62,0.0232338,0,0.885714
4558,10000,8.59253,7.49894,10,0.019552,0.0158489,0.0251189,0.344736,0.3,0.4,0.449281,0.4,0.5,0.000231848,35569,880.125,1778.45,0.01,0.95,10,10000,0.938,0.497,69,61,0.0234235,0,0.884058
4559,10000,8.54092,7.49894,10,0.0199582,0.0158489,0.0251189,0.35403,0.3,0.4,0.549903,0.5,0.6,0.000231848,36084.5,966.349,1804.23,0.01,0.95,10,10000,0.938,0.497,70,56,0.0244468,0,0.8
4560,10000,8.42347,7.49894,10,0.0205525,0.0158489,0.0251189,0.346773,0.3,0.4,0.647013,0.6,0.7,0.000231848,30414.1,859.591,1520.7,0.01,0.95,10,10000,0.938,0.497,59,49,0.0261348,0,0.830508
4561,10000,8.65647,7.49894,10,0.0198658,0.0158489,0.0251189,0.352304,0.3,0.4,0.751949,0.7,0.8,0.000231848,25774.6,783.635,1288.73,0.01,0.95,10,10000,0.938,0.497,50,42,0.0282288,0,0.84
4562,10000,8.72912,7.49894,10,0.0199528,0.0158489,0.0251189,0.340368,0.3,0.4,0.851841,0.8,0.9,0.000231848,19073.2,605.534,953.662,0.01,0.95,10,10000,0.938,0.497,37,35,0.0309231,0,0.945946
4563,10000,8.52385,7.49894,10,0.020469,0.0158489,0.0251189,0.345178,0.3,0.4,0.946804,0.9,1,0.000231848,16495.8,666.311,824.789,0.01,0.95,10,10000,0.938,0.497,32,25,0.0365887,0,0.78125
4564,10000,8.59924,7.49894,10,0.0198619,0.0158489,0.0251189,0.342848,0.3,0.4,1.21947,1,1.5,0.00115924,8660.28,207.063,433.014,0.01,0.95,10,10000,0.938,0.497,84,69,0.0220238,0,0.821429
4565,10000,8.89179,7.49894,10,0.0182897,0.0158489,0.0251189,0.462113,0.4,0.5,0.0551436,0,0.1,0.000231848,2577.46,258.268,128.873,0.01,0.95,10,10000,0.938,0.497,5,4,0.0914717,0,0.8
4566,10000,8.65553,7.49894,10,0.0202336,0.0158489,0.0251189,0.438283,0.4,0.5,0.148941,0.1,0.2,0.000231848,11340.8,507.392,567.042,0.01,0.95,10,10000,0.938,0.497,22,19,0.0419701,0,0.863636
4567,10000,8.73026,7.49894,10,0.0204796,0.0158489,0.0251189,0.43615,0.4,0.5,0.255901,0.2,0.3,0.000231848,13402.8,561.533,670.141,0.01,0.95,10,10000,0.938,0.497,26,22,0.0390037,0,0.846154
4568,10000,8.523,7.49894,10,0.0208424,0.0158489,0.0251189,0.438818,0.4,0.5,0.350914,0.3,0.4,0.000231848,15980.3,542.294,799.014,0.01,0.95,10,10000,0.938,0.497,31,30,0.0334007,0,0.967742
4569,10000,8.61649,7.49894,10,0.0204272,0.0158489,0.0251189,0.445209,0.4,0.5,0.458727,0.4,0.5,0.000231848,15980.3,638.78,799.014,0.01,0.95,10,10000,0.938,0.497,31,25,0.0365887,0,0.806452
4570,10000,8.57035,7.49894,10,0.0202758,0.0158489,0.0251189,0.445882,0.4,0.5,0.546651,0.5,0.6,0.000231848,15980.3,683.736,799.014,0.01,0.95,10,10000,0.938,0.497,31,23,0.0381463,0,0.741935
4571,10000,8.53076,7.49894,10,0.0206859,0.0158489,0.0251189,0.434896,0.4,0.5,0.64065,0.6,0.7,0.000231848,12371.8,523.862,618.591,0.01,0.95,10,10000,0.938,0.497,24,21,0.0399215,0,0.875
4572,10000,8.49845,7.49894,10,0.0191747,0.0158489,0.0251189,0.439985,0.4,0.5,0.751729,0.7,0.8,0.000231848,12887.3,510.89,644.366,0.01,0.95,10,10000,0.938,0.497,25,23,0.0381463,0,0.92
4573,10000,8.60653,7.49894,10,0.02048,0.0158489,0.0251189,0.447519,0.4,0.5,0.837749,0.8,0.9,0.000231848,7216.9,352.861,360.845,0.01,0.95,10,10000,0.938,0.497,14,14,0.0488937,0,1
4574,10000,8.35071,7.49894,10,0.0208393,0.0158489,0.0251189,0.43802,0.4,0.5,0.9441,0.9,1,0.000231848,14949.3,604.466,747.465,0.01,0.95,10,10000,0.938,0.497,29,24,0.0373432,0,0.827586
4575,10000,8.65348,7.49894,10,0.0202316,0.0158489,0.0251189,0.445298,0.4,0.5,1.23922,1,1.5,0.00115924,4639.44,166.286,231.972,0.01,0.95,10,10000,0.938,0.497,45,33,0.0318464,0,0.733333
4576,10000,8.44407,7.49894,10,0.0213404,0.0158489,0.0251189,0.535941,0.5,0.6,0.0563524,0,0.1,0.000231848,2577.46,258.268,128.873,0.01,0.95,10,10000,0.938,0.497,5,4,0.0914717,0,0.8
4577,10000,8.81031,7.49894,10,0.0209055,0.0158489,0.0251189,0.532255,0.5,0.6,0.16532,0.1,0.2,0.000231848,4123.94,344.357,206.197,0.01,0.95,10,10000,0.938,0.497,8,6,0.0746863,0,0.75
4578,10000,8.30757,7.49894,10,0.0213658,0.0158489,0.0251189,0.544815,0.5,0.6,0.256781,0.2,0.3,0.000231848,7732.39,447.333,386.62,0.01,0.95,10,10000,0.938,0.497,15,12,0.0528112,0,0.8
4579,10000,8.60912,7.49894,10,0.0188966,0.0158489,0.0251189,0.533977,0.5,0.6,0.344725,0.3,0.4,0.000231848,11340.8,531.62,567.042,0.01,0.95,10,10000,0.938,0.497,22,18,0.0431202,0,0.818182
4580,10000,8.35276,7.49894,10,0.0192036,0.0158489,0.0251189,0.544567,0.5,0.6,0.449631,0.4,0.5,0.000231848,7732.39,390.464,386.62,0.01,0.95,10,10000,0.938,0.497,15,14,0.0488937,0,0.933333
4581,10000,8.20558,7.49894,10,0.0191845,0.0158489,0.0251189,0.540936,0.5,0.6,0.544179,0.5,0.6,0.000231848,6701.41,510.038,335.07,0.01,0.95,10,10000,0.938,0.497,13,8,0.0646803,0,0.615385
4582,10000,8.7575,7.49894,10,0.0193392,0.0158489,0.0251189,0.551763,0.5,0.6,0.646865,0.6,0.7,0.000231848,7216.9,407.449,360.845,0.01,0.95,10,10000,0.938,0.497,14,12,0.0528112,0,0.857143
4583,10000,8.40755,7.49894,10,0.0203764,0.0158489,0.0251189,0.544037,0.5,0.6,0.745411,0.7,0.8,0.000231848,6185.91,326.686,309.296,0.01,0.95,10,10000,0.938,0.497,12,12,0.0528112,0,1
4584,10000,8.63608,7.49894,10,0.0192566,0.0158489,0.0251189,0.545195,0.5,0.6,0.853331,0.8,0.9,0.000231848,5670.42,342.631,283.521,0.01,0.95,10,10000,0.938,0.497,11,10,0.0578518,0,0.909091
4585,10000,8.21685,7.49894,10,0.0193575,0.0158489,0.0251189,0.562814,0.5,0.6,0.962233,0.9,1,0.000231848,3092.96,326.686,154.648,0.01,0.95,10,10000,0.938,0.497,6,4,0.0914717,0,0.666667
4586,10000,8.48737,7.49894,10,0.0206034,0.0158489,0.0251189,0.544512,0.5,0.6,1.2112,1,1.5,0.00115924,2577.46,110.823,128.873,0.01,0.95,10,10000,0.938,0.497,25,21,0.0399215,0,0.84
4587,10000,8.94901,7.49894,10,0.0182823,0.0158489,0.0251189,0.690933,0.6,0.7,0.087802,0,0.1,0.000231848,515.493,94.306,25.7746,0.01,0.95,10,10000,0.938,0.497,1,1,0.182943,0,1
4588,10000,8.5849,7.49894,10,0.0196129,0.0158489,0.0251189,0.675181,0.6,0.7,0.174062,0.1,0.2,0.000231848,1546.48,163.343,77.3239,0.01,0.95,10,10000,0.938,0.497,3,3,0.105622,0,1
4589,10000,8.27497,7.49894,10,0.0232523,0.0158489,0.0251189,0.660232,0.6,0.7,0.264542,0.2,0.3,0.000231848,2577.46,258.268,128.873,0.01,0.95,10,10000,0.938,0.497,5,4,0.0914717,0,0.8
4590,10000,8.41416,7.49894,10,0.0205307,0.0158489,0.0251189,0.647497,0.6,0.7,0.354299,0.3,0.4,0.000231848,2577.46,258.268,128.873,0.01,0.95,10,10000,0.938,0.497,5,4,0.0914717,0,0.8
4591,10000,8.45173,7.49894,10,0.0208116,0.0158489,0.0251189,0.632612,0.6,0.7,0.468094,0.4,0.5,0.000231848,5154.93,365.246,257.746,0.01,0.95,10,10000,0.938,0.497,10,8,0.0646803,0,0.8
4592,10000,8.06875,7.49894,10,0.019722,0.0158489,0.0251189,0.643835,0.6,0.7,0.566677,0.5,0.6,0.000231848,4123.94,344.357,206.197,0.01,0.95,10,10000,0.938,0.497,8,6,0.0746863,0,0.75
4593,10000,8.59699,7.49894,10,0.0208769,0.0158489,0.0251189,0.624182,0.6,0.7,0.614865,0.6,0.7,0.000231848,2061.97,243.497,103.099,0.01,0.95,10,10000,0.938,0.497,4,3,0.105622,0,0.75
4594,10000,9.43384,7.49894,10,0.0187727,0.0158489,0.0251189,0.655001,0.6,0.7,0.732723,0.7,0.8,0.000231848,2577.46,-nan,128.873,0.01,0.95,10,10000,0.938,0.497,5,6,0.0746863,0,1.2
4595,10000,8.84085,7.49894,10,0.0210974,0.0158489,0.0251189,0.647672,0.6,0.7,0.853455,0.8,0.9,0.000231848,4123.94,266.738,206.197,0.01,0.95,10,10000,0.938,0.497,8,8,0.0646803,0,1
4596,10000,8.36471,7.49894,10,0.0199771,0.0158489,0.0251189,0.640536,0.6,0.7,0.973232,0.9,1,0.000231848,2061.97,-nan,103.099,0.01,0.95,10,10000,0.938,0.497,4,5,0.0818148,0,1.25
4597,10000,8.76338,7.49894,10,0.0189082,0.0158489,0.0251189,0.646877,0.6,0.7,1.20906,1,1.5,0.00115924,1855.77,84.5976,92.7887,0.01,0.95,10,10000,0.938,0.497,18,17,0.0443703,0,0.944444
4598,10000,7.88493,7.49894,10,0.023247,0.0158489,0.0251189,0.742235,0.7,0.8,0.157197,0.1,0.2,0.000231848,1030.99,133.369,51.5493,0.01,0.95,10,10000,0.938,0.497,2,2,0.129361,0,1
4599,10000,8.96487,7.49894,10,0.0204962,0.0158489,0.0251189,0.731986,0.7,0.8,0.231181,0.2,0.3,0.000231848,1030.99,231.002,51.5493,0.01,0.95,10,10000,0.938,0.497,2,1,0.182943,0,0.5
4600,10000,8.21995,7.49894,10,0.0172584,0.0158489,0.0251189,0.759166,0.7,0.8,0.396124,0.3,0.4,0.000231848,3092.96,400.107,154.648,0.01,0.95,10,10000,0.938,0.497,6,3,0.105622,0,0.5
4601,10000,8.34781,7.49894,10,0.0202565,0.0158489,0.0251189,0.73115,0.7,0.8,0.451247,0.4,0.5,0.000231848,2577.46,258.268,128.873,0.01,0.95,10,10000,0.938,0.497,5,4,0.0914717,0,0.8
4602,10000,7.83182,7.49894,10,0.0236797,0.0158489,0.0251189,0.756357,0.7,0.8,0.501422,0.5,0.6,0.000231848,0,0,0,0.01,0.95,10,10000,0.938,0.497,0,1,0.182943,0,0
4603,10000,8.3199,7.49894,10,0.0226185,0.0158489,0.0251189,0.766219,0.7,0.8,0.678267,0.6,0.7,0.000231848,2577.46,258.268,128.873,0.01,0.95,10,10000,0.938,0.497,5,4,0.0914717,0,0.8
4604,10000,8.72163,7.49894,10,0.0218243,0.0158489,0.0251189,0.769933,0.7,0.8,0.74872,0.7,0.8,0.000231848,1546.48,163.343,77.3239,0.01,0.95,10,10000,0.938,0.497,3,3,0.105622,0,1
4605,10000,7.6306,7.49894,10,0.0199499,0.0158489,0.0251189,0.751002,0.7,0.8,0.965303,0.9,1,0.000231848,1030.99,231.002,51.5493,0.01,0.95,10,10000,0.938,0.497,2,1,0.182943,0,0.5
4606,10000,9.1192,7.49894,10,0.0183126,0.0158489,0.0251189,0.766547,0.7,0.8,1.31779,1,1.5,0.00115924,515.493,126.525,25.7746,0.01,0.95,10,10000,0.938,0.497,5,1,0.182943,0,0.2
4607,10000,8.73972,7.49894,10,0.0205434,0.0158489,0.0251189,0.828123,0.8,0.9,0.338941,0.3,0.4,0.000231848,515.493,-nan,25.7746,0.01,0.95,10,10000,0.938,0.497,1,2,0.129361,0,2
4608,10000,8.64159,7.49894,10,0.0181558,0.0158489,0.0251189,0.891473,0.8,0.9,0.563127,0.5,0.6,0.000231848,1030.99,231.002,51.5493,0.01,0.95,10,10000,0.938,0.497,2,1,0.182943,0,0.5
4609,10000,9.07129,7.49894,10,0.0213084,0.0158489,0.0251189,0.844323,0.8,0.9,0.656742,0.6,0.7,0.000231848,515.493,-nan,25.7746,0.01,0.95,10,10000,0.938,0.497,1,2,0.129361,0,2
4610,10000,9.53976,7.49894,10,0.0246077,0.0158489,0.0251189,0.801783,0.8,0.9,0.722127,0.7,0.8,0.000231848,515.493,94.306,25.7746,0.01,0.95,10,10000,0.938,0.497,1,1,0.182943,0,1
4611,10000,9.13682,7.49894,10,0.0207862,0.0158489,0.0251189,0.834112,0.8,0.9,0.8837,0.8,0.9,0.000231848,1546.48,163.343,77.3239,0.01,0.95,10,10000,0.938,0.497,3,3,0.105622,0,1
4612,10000,8.52482,7.49894,10,0.0159644,0.0158489,0.0251189,0.84095,0.8,0.9,1.10366,1,1.5,0.00115924,103.099,18.8612,5.15493,0.01,0.95,10,10000,0.938,0.497,1,1,0.182943,0,1
4613,10000,8.47797,7.49894,10,0.0171311,0.0158489,0.0251189,0.96505,0.9,1,0.80545,0.8,0.9,0.000231848,1030.99,133.369,51.5493,0.01,0.95,10,10000,0.938,0.497,2,2,0.129361,0,1
4614,10000,8.54842,7.49894,10,0.0313028,0.0251189,0.0398107,0.0775311,0.05,0.1,0.0656532,0,0.1,0.000183725,75459.8,1930.13,3772.99,0.01,0.95,10,10000,0.938,0.497,116,71,0.0217114,0,0.612069
4615,10000,8.5655,7.49894,10,0.0317252,0.0251189,0.0398107,0.0764556,0.05,0.1,0.154869,0.1,0.2,0.000183725,179542,3150.02,8977.11,0.01,0.95,10,10000,0.938,0.497,276,156,0.0146472,0,0.565217
4616,10000,8.64087,7.49894,10,0.0319633,0.0251189,0.0398107,0.0737987,0.05,0.1,0.253602,0.2,0.3,0.000183725,233535,3679.84,11676.7,0.01,0.95,10,10000,0.938,0.497,359,196,0.0130674,0,0.545961
4617,10000,8.6828,7.49894,10,0.0312737,0.0251189,0.0398107,0.0756496,0.05,0.1,0.349486,0.3,0.4,0.000183725,223777,3666.68,11188.9,0.01,0.95,10,10000,0.938,0.497,344,183,0.0135236,0,0.531977
4618,10000,8.59393,7.49894,10,0.0313555,0.0251189,0.0398107,0.0734261,0.05,0.1,0.451414,0.4,0.5,0.000183725,215321,3350.65,10766,0.01,0.95,10,10000,0.938,0.497,331,195,0.0131008,0,0.589124
4619,10000,8.65003,7.49894,10,0.0318217,0.0251189,0.0398107,0.0736307,0.05,0.1,0.545016,0.5,0.6,0.000183725,187999,3284.21,9399.94,0.01,0.95,10,10000,0.938,0.497,289,159,0.0145084,0,0.550173
4620,10000,8.60835,7.49894,10,0.0314879,0.0251189,0.0398107,0.0714482,0.05,0.1,0.646341,0.6,0.7,0.000183725,148968,2742.38,7448.4,0.01,0.95,10,10000,0.938,0.497,229,138,0.0155732,0,0.60262
4621,10000,8.574,7.49894,10,0.0326799,0.0251189,0.0398107,0.0736094,0.05,0.1,0.749314,0.7,0.8,0.000183725,106034,2129.11,5301.7,0.01,0.95,10,10000,0.938,0.497,163,110,0.017443,0,0.674847
4622,10000,8.74083,7.49894,10,0.0319436,0.0251189,0.0398107,0.0699309,0.05,0.1,0.847784,0.8,0.9,0.000183725,76110.3,1950.44,3805.51,0.01,0.95,10,10000,0.938,0.497,117,71,0.0217114,0,0.606838
4623,10000,8.65799,7.49894,10,0.031115,0.0251189,0.0398107,0.0734317,0.05,0.1,0.953781,0.9,1,0.000183725,59196.9,1505.05,2959.84,0.01,0.95,10,10000,0.938,0.497,91,66,0.0225188,0,0.725275
4624,10000,8.62408,7.49894,10,0.0323722,0.0251189,0.0398107,0.0740398,0.05,0.1,1.18487,1,1.5,0.000918627,25370.1,409.251,1268.5,0.01,0.95,10,10000,0.938,0.497,195,155,0.0146944,0,0.794872
4625,10000,8.53334,7.49894,10,0.0312881,0.0251189,0.0398107,0.124431,0.1,0.15,0.0647146,0,0.1,0.000183725,39030.9,1129,1951.55,0.01,0.95,10,10000,0.938,0.497,60,48,0.0264056,0,0.8
4626,10000,8.57614,7.49894,10,0.0313666,0.0251189,0.0398107,0.124287,0.1,0.15,0.155491,0.1,0.2,0.000183725,117093,1955.49,5854.64,0.01,0.95,10,10000,0.938,0.497,180,144,0.0152453,0,0.8
4627,10000,8.57348,7.49894,10,0.031505,0.0251189,0.0398107,0.12441,0.1,0.15,0.251567,0.2,0.3,0.000183725,139210,2230.82,6960.51,0.01,0.95,10,10000,0.938,0.497,214,162,0.0143734,0,0.757009
4628,10000,8.65705,7.49894,10,0.0317407,0.0251189,0.0398107,0.125107,0.1,0.15,0.34624,0.3,0.4,0.000183725,153522,2307.77,7676.08,0.01,0.95,10,10000,0.938,0.497,236,182,0.0135607,0,0.771186
4629,10000,8.65991,7.49894,10,0.03246,0.0251189,0.0398107,0.124482,0.1,0.15,0.447626,0.4,0.5,0.000183725,143113,2417.58,7155.67,0.01,0.95,10,10000,0.938,0.497,220,153,0.0147901,0,0.695455
4630,10000,8.63992,7.49894,10,0.0322422,0.0251189,0.0398107,0.126125,0.1,0.15,0.5461,0.5,0.6,0.000183725,105383,2083.97,5269.17,0.01,0.95,10,10000,0.938,0.497,162,112,0.0172865,0,0.691358
4631,10000,8.59442,7.49894,10,0.0320091,0.0251189,0.0398107,0.124129,0.1,0.15,0.645925,0.6,0.7,0.000183725,96276.2,2105.92,4813.81,0.01,0.95,10,10000,0.938,0.497,148,95,0.0187696,0,0.641892
4632,10000,8.5934,7.49894,10,0.0314619,0.0251189,0.0398107,0.124256,0.1,0.15,0.750176,0.7,0.8,0.000183725,78712.3,1898.2,3935.62,0.01,0.95,10,10000,0.938,0.497,121,78,0.0207143,0,0.644628
4633,10000,8.59247,7.49894,10,0.0324631,0.0251189,0.0398107,0.124458,0.1,0.15,0.850138,0.8,0.9,0.000183725,63750.5,1634.72,3187.52,0.01,0.95,10,10000,0.938,0.497,98,67,0.0223501,0,0.683673
4634,10000,8.69876,7.49894,10,0.0310426,0.0251189,0.0398107,0.126078,0.1,0.15,0.948568,0.9,1,0.000183725,44235,1419.04,2211.75,0.01,0.95,10,10000,0.938,0.497,68,44,0.0275798,0,0.647059
4635,10000,8.67481,7.49894,10,0.0315759,0.0251189,0.0398107,0.125041,0.1,0.15,1.21906,1,1.5,0.000918627,23288.4,465.879,1164.42,0.01,0.95,10,10000,0.938,0.497,179,114,0.0171342,0,0.636872
4636,10000,8.7053,7.49894,10,0.0304943,0.0251189,0.0398107,0.177975,0.15,0.2,0.0591292,0,0.1,0.000183725,23418.5,821.176,1170.93,0.01,0.95,10,10000,0.938,0.497,36,31,0.0328576,0,0.861111
4637,10000,8.64049,7.49894,10,0.0316075,0.0251189,0.0398107,0.171654,0.15,0.2,0.149882,0.1,0.2,0.000183725,74809.2,1494.39,3740.46,0.01,0.95,10,10000,0.938,0.497,115,97,0.0185751,0,0.843478
4638,10000,8.60879,7.49894,10,0.0312833,0.0251189,0.0398107,0.173208,0.15,0.2,0.250228,0.2,0.3,0.000183725,94324.7,1730.14,4716.23,0.01,0.95,10,10000,0.938,0.497,145,118,0.0168413,0,0.813793
4639,10000,8.61664,7.49894,10,0.0317924,0.0251189,0.0398107,0.172133,0.15,0.2,0.351194,0.3,0.4,0.000183725,104082,1796.5,5204.12,0.01,0.95,10,10000,0.938,0.497,160,132,0.0159232,0,0.825
4640,10000,8.64039,7.49894,10,0.0322816,0.0251189,0.0398107,0.173007,0.15,0.2,0.448159,0.4,0.5,0.000183725,95625.7,1701.29,4781.29,0.01,0.95,10,10000,0.938,0.497,147,123,0.0164955,0,0.836735
4641,10000,8.70366,7.49894,10,0.0324049,0.0251189,0.0398107,0.178331,0.15,0.2,0.544706,0.5,0.6,0.000183725,71556.7,1431.74,3577.83,0.01,0.95,10,10000,0.938,0.497,110,95,0.0187696,0,0.863636
4642,10000,8.6832,7.49894,10,0.0319073,0.0251189,0.0398107,0.170454,0.15,0.2,0.648929,0.6,0.7,0.000183725,67003.1,1485.24,3350.15,0.01,0.95,10,10000,0.938,0.497,103,82,0.0202027,0,0.796117
4643,10000,8.76943,7.49894,10,0.0318556,0.0251189,0.0398107,0.175215,0.15,0.2,0.752556,0.7,0.8,0.000183725,39030.9,1211.52,1951.55,0.01,0.95,10,10000,0.938,0.497,60,44,0.0275798,0,0.733333
4644,10000,8.61822,7.49894,10,0.0317065,0.0251189,0.0398107,0.173946,0.15,0.2,0.841185,0.8,0.9,0.000183725,39030.9,1303.66,1951.55,0.01,0.95,10,10000,0.938,0.497,60,40,0.0289259,0,0.666667
4645,10000,8.746,7.49894,10,0.0325752,0.0251189,0.0398107,0.171743,0.15,0.2,0.944433,0.9,1,0.000183725,29923.7,962.184,1496.18,0.01,0.95,10,10000,0.938,0.497,46,38,0.0296773,0,0.826087
4646,10000,8.49776,7.49894,10,0.0313681,0.0251189,0.0398107,0.176536,0.15,0.2,1.22804,1,1.5,0.000918627,14311.3,323.842,715.567,0.01,0.95,10,10000,0.938,0.497,110,82,0.0202027,0,0.745455
4647,10000,8.36689,7.49894,10,0.03142,0.0251189,0.0398107,0.224994,0.2,0.25,0.0614474,0,0.1,0.000183725,13010.3,725.29,650.515,0.01,0.95,10,10000,0.938,0.497,20,14,0.0488937,0,0.7
4648,10000,8.58733,7.49894,10,0.0316761,0.0251189,0.0398107,0.217859,0.2,0.25,0.151539,0.1,0.2,0.000183725,38380.4,978.338,1919.02,0.01,0.95,10,10000,0.938,0.497,59,55,0.0246681,0,0.932203
4649,10000,8.63214,7.49894,10,0.031757,0.0251189,0.0398107,0.220771,0.2,0.25,0.254417,0.2,0.3,0.000183725,64401,1423.12,3220.05,0.01,0.95,10,10000,0.938,0.497,99,81,0.020327,0,0.818182
4650,10000,8.62863,7.49894,10,0.0319696,0.0251189,0.0398107,0.224502,0.2,0.25,0.346797,0.3,0.4,0.000183725,67653.6,1336.53,3382.68,0.01,0.95,10,10000,0.938,0.497,104,94,0.0188692,0,0.903846
4651,10000,8.49983,7.49894,10,0.0322003,0.0251189,0.0398107,0.224517,0.2,0.25,0.453805,0.4,0.5,0.000183725,63100,1246.98,3155,0.01,0.95,10,10000,0.938,0.497,97,91,0.0191777,0,0.938144
4652,10000,8.69167,7.49894,10,0.0314219,0.0251189,0.0398107,0.225033,0.2,0.25,0.551399,0.5,0.6,0.000183725,61798.9,1345.57,3089.95,0.01,0.95,10,10000,0.938,0.497,95,81,0.020327,0,0.852632
4653,10000,8.59317,7.49894,10,0.0319016,0.0251189,0.0398107,0.22508,0.2,0.25,0.649306,0.6,0.7,0.000183725,56594.8,1217.26,2829.74,0.01,0.95,10,10000,0.938,0.497,87,79,0.0205827,0,0.908046
4654,10000,8.71593,7.49894,10,0.0313193,0.0251189,0.0398107,0.226212,0.2,0.25,0.746426,0.7,0.8,0.000183725,38380.4,945.644,1919.02,0.01,0.95,10,10000,0.938,0.497,59,57,0.0242314,0,0.966102
4655,10000,8.67036,7.49894,10,0.0325518,0.0251189,0.0398107,0.225019,0.2,0.25,0.858696,0.8,0.9,0.000183725,34477.3,1028.45,1723.87,0.01,0.95,10,10000,0.938,0.497,53,44,0.0275798,0,0.830189
4656,10000,8.48538,7.49894,10,0.0324338,0.0251189,0.0398107,0.225927,0.2,0.25,0.94824,0.9,1,0.000183725,18214.4,727.147,910.721,0.01,0.95,10,10000,0.938,0.497,28,24,0.0373432,0,0.857143
4657,10000,8.69054,7.49894,10,0.0323758,0.0251189,0.0398107,0.22431,0.2,0.25,1.18047,1,1.5,0.000918627,9497.52,277.551,474.876,0.01,0.95,10,10000,0.938,0.497,73,51,0.0256172,0,0.69863
4658,10000,8.51792,7.49894,10,0.0315445,0.0251189,0.0398107,0.276021,0.25,0.3,0.068339,0,0.1,0.000183725,10408.2,476.03,520.412,0.01,0.95,10,10000,0.938,0.497,16,16,0.0457358,0,1
4659,10000,8.32844,7.49894,10,0.0308603,0.0251189,0.0398107,0.27781,0.25,0.3,0.154396,0.1,0.2,0.000183725,27972.1,898.06,1398.61,0.01,0.95,10,10000,0.938,0.497,43,37,0.0300757,0,0.860465
4660,10000,8.61509,7.49894,10,0.0322128,0.0251189,0.0398107,0.270634,0.25,0.3,0.255067,0.2,0.3,0.000183725,29273.2,872.743,1463.66,0.01,0.95,10,10000,0.938,0.497,45,41,0.028571,0,0.911111
4661,10000,8.70438,7.49894,10,0.0317132,0.0251189,0.0398107,0.275752,0.25,0.3,0.349276,0.3,0.4,0.000183725,35127.8,924.535,1756.39,0.01,0.95,10,10000,0.938,0.497,54,51,0.0256172,0,0.944444
4662,10000,8.68089,7.49894,10,0.0313235,0.0251189,0.0398107,0.273494,0.25,0.3,0.459529,0.4,0.5,0.000183725,37079.4,1053.57,1853.97,0.01,0.95,10,10000,0.938,0.497,57,48,0.0264056,0,0.842105
4663,10000,8.64678,7.49894,10,0.0316692,0.0251189,0.0398107,0.273065,0.25,0.3,0.553198,0.5,0.6,0.000183725,37729.9,1059.81,1886.49,0.01,0.95,10,10000,0.938,0.497,58,49,0.0261348,0,0.844828
4664,10000,8.66138,7.49894,10,0.0311153,0.0251189,0.0398107,0.27276,0.25,0.3,0.641885,0.6,0.7,0.000183725,39681.4,1096.69,1984.07,0.01,0.95,10,10000,0.938,0.497,61,51,0.0256172,0,0.836066
4665,10000,8.79133,7.49894,10,0.0308085,0.0251189,0.0398107,0.2764,0.25,0.3,0.744,0.7,0.8,0.000183725,27972.1,988.984,1398.61,0.01,0.95,10,10000,0.938,0.497,43,33,0.0318464,0,0.767442
4666,10000,8.57302,7.49894,10,0.0319085,0.0251189,0.0398107,0.267124,0.25,0.3,0.841819,0.8,0.9,0.000183725,16262.9,595.037,813.144,0.01,0.95,10,10000,0.938,0.497,25,25,0.0365887,0,1
4667,10000,8.82807,7.49894,10,0.0325977,0.0251189,0.0398107,0.272308,0.25,0.3,0.938359,0.9,1,0.000183725,13660.8,695.201,683.041,0.01,0.95,10,10000,0.938,0.497,21,16,0.0457358,0,0.761905
4668,10000,8.53187,7.49894,10,0.0310872,0.0251189,0.0398107,0.271093,0.25,0.3,1.17287,1,1.5,0.000918627,6895.46,209.738,344.773,0.01,0.95,10,10000,0.938,0.497,53,43,0.0278986,0,0.811321
4669,10000,8.67073,7.49894,10,0.0330051,0.0251189,0.0398107,0.335831,0.3,0.4,0.0737311,0,0.1,0.000367451,5204.12,307.276,260.206,0.01,0.95,10,10000,0.938,0.497,16,12,0.0528112,0,0.75
4670,10000,8.50019,7.49894,10,0.0320788,0.0251189,0.0398107,0.338172,0.3,0.4,0.155015,0.1,0.2,0.000367451,10408.2,449.415,520.412,0.01,0.95,10,10000,0.938,0.497,32,23,0.0381463,0,0.71875
4671,10000,8.46158,7.49894,10,0.0315748,0.0251189,0.0398107,0.345214,0.3,0.4,0.250187,0.2,0.3,0.000367451,21792.3,574.824,1089.61,0.01,0.95,10,10000,0.938,0.497,67,56,0.0244468,0,0.835821
4672,10000,8.65445,7.49894,10,0.0321905,0.0251189,0.0398107,0.338803,0.3,0.4,0.3512,0.3,0.4,0.000367451,26996.4,619.414,1349.82,0.01,0.95,10,10000,0.938,0.497,83,72,0.0215601,0,0.86747
4673,10000,8.60586,7.49894,10,0.0312135,0.0251189,0.0398107,0.348456,0.3,0.4,0.448703,0.4,0.5,0.000367451,23743.8,591.765,1187.19,0.01,0.95,10,10000,0.938,0.497,73,62,0.0232338,0,0.849315
4674,10000,8.548,7.49894,10,0.0310822,0.0251189,0.0398107,0.345825,0.3,0.4,0.548846,0.5,0.6,0.000367451,14311.3,463.399,715.567,0.01,0.95,10,10000,0.938,0.497,44,37,0.0300757,0,0.840909
4675,10000,8.5512,7.49894,10,0.0316637,0.0251189,0.0398107,0.341323,0.3,0.4,0.650714,0.6,0.7,0.000367451,25044.8,610.981,1252.24,0.01,0.95,10,10000,0.938,0.497,77,65,0.0226913,0,0.844156
4676,10000,8.73828,7.49894,10,0.0313084,0.0251189,0.0398107,0.343131,0.3,0.4,0.751461,0.7,0.8,0.000367451,17889.2,501.534,894.458,0.01,0.95,10,10000,0.938,0.497,55,48,0.0264056,0,0.872727
4677,10000,8.33238,7.49894,10,0.0316404,0.0251189,0.0398107,0.346812,0.3,0.4,0.843852,0.8,0.9,0.000367451,11709.3,399.163,585.464,0.01,0.95,10,10000,0.938,0.497,36,32,0.0323401,0,0.888889
4678,10000,8.38824,7.49894,10,0.0305777,0.0251189,0.0398107,0.33719,0.3,0.4,0.946083,0.9,1,0.000367451,10408.2,449.415,520.412,0.01,0.95,10,10000,0.938,0.497,32,23,0.0381463,0,0.71875
4679,10000,8.5686,7.49894,10,0.0310741,0.0251189,0.0398107,0.344644,0.3,0.4,1.196,1,1.5,0.00183725,4488.55,127.129,224.428,0.01,0.95,10,10000,0.938,0.497,69,52,0.0253697,0,0.753623
4680,10000,8.84683,7.49894,10,0.0353899,0.0251189,0.0398107,0.432612,0.4,0.5,0.0787578,0,0.1,0.000367451,1301.03,153.638,65.0515,0.01,0.95,10,10000,0.938,0.497,4,3,0.105622,0,0.75
4681,10000,8.59427,7.49894,10,0.0334617,0.0251189,0.0398107,0.435302,0.4,0.5,0.155246,0.1,0.2,0.000367451,9107.21,406.488,455.361,0.01,0.95,10,10000,0.938,0.497,28,21,0.0399215,0,0.75
4682,10000,8.3504,7.49894,10,0.0320948,0.0251189,0.0398107,0.446674,0.4,0.5,0.238264,0.2,0.3,0.000367451,12685,457.556,634.252,0.01,0.95,10,10000,0.938,0.497,39,31,0.0328576,0,0.794872
4683,10000,8.59843,7.49894,10,0.0313258,0.0251189,0.0398107,0.45149,0.4,0.5,0.353217,0.3,0.4,0.000367451,9432.47,395.288,471.623,0.01,0.95,10,10000,0.938,0.497,29,23,0.0381463,0,0.793103
4684,10000,8.70848,7.49894,10,0.0327285,0.0251189,0.0398107,0.448534,0.4,0.5,0.447031,0.4,0.5,0.000367451,10083,342.168,504.149,0.01,0.95,10,10000,0.938,0.497,31,30,0.0334007,0,0.967742
4685,10000,8.47446,7.49894,10,0.0328836,0.0251189,0.0398107,0.444625,0.4,0.5,0.566182,0.5,0.6,0.000367451,9757.73,428.337,487.886,0.01,0.95,10,10000,0.938,0.497,30,22,0.0390037,0,0.733333
4686,10000,8.42823,7.49894,10,0.0309116,0.0251189,0.0398107,0.442453,0.4,0.5,0.641828,0.6,0.7,0.000367451,10083,416.88,504.149,0.01,0.95,10,10000,0.938,0.497,31,24,0.0373432,0,0.774194
4687,10000,8.85532,7.49894,10,0.0330961,0.0251189,0.0398107,0.455896,0.4,0.5,0.741308,0.7,0.8,0.000367451,6505.15,383.503,325.258,0.01,0.95,10,10000,0.938,0.497,20,13,0.0507394,0,0.65
4688,10000,8.42032,7.49894,10,0.0323813,0.0251189,0.0398107,0.435898,0.4,0.5,0.858339,0.8,0.9,0.000367451,6179.89,339.596,308.995,0.01,0.95,10,10000,0.938,0.497,19,14,0.0488937,0,0.736842
4689,10000,8.56498,7.49894,10,0.0299646,0.0251189,0.0398107,0.448134,0.4,0.5,0.938546,0.9,1,0.000367451,3903.09,243.893,195.155,0.01,0.95,10,10000,0.938,0.497,12,10,0.0578518,0,0.833333
4690,10000,8.5566,7.49894,10,0.0305047,0.0251189,0.0398107,0.44948,0.4,0.5,1.25253,1,1.5,0.00183725,2732.16,95.8797,136.608,0.01,0.95,10,10000,0.938,0.497,42,33,0.0318464,0,0.785714
4691,10000,8.68146,7.49894,10,0.030647,0.0251189,0.0398107,0.547777,0.5,0.6,0.0494521,0,0.1,0.000367451,1626.29,162.958,81.3144,0.01,0.95,10,10000,0.938,0.497,5,4,0.0914717,0,0.8
4692,10000,8.75495,7.49894,10,0.0307779,0.0251189,0.0398107,0.562078,0.5,0.6,0.141066,0.1,0.2,0.000367451,4228.35,353.463,211.417,0.01,0.95,10,10000,0.938,0.497,13,7,0.0691461,0,0.538462
4693,10000,8.47285,7.49894,10,0.0310748,0.0251189,0.0398107,0.543652,0.5,0.6,0.258254,0.2,0.3,0.000367451,3577.83,237.187,178.892,0.01,0.95,10,10000,0.938,0.497,11,9,0.0609811,0,0.818182
4694,10000,8.77586,7.49894,10,0.0295064,0.0251189,0.0398107,0.534164,0.5,0.6,0.359599,0.3,0.4,0.000367451,3252.58,208.027,162.629,0.01,0.95,10,10000,0.938,0.497,10,9,0.0609811,0,0.9
4695,10000,8.45562,7.49894,10,0.0314106,0.0251189,0.0398107,0.537858,0.5,0.6,0.460751,0.4,0.5,0.000367451,6179.89,304.139,308.995,0.01,0.95,10,10000,0.938,0.497,19,16,0.0457358,0,0.842105
4696,10000,8.79349,7.49894,10,0.0320661,0.0251189,0.0398107,0.548375,0.5,0.6,0.555591,0.5,0.6,0.000367451,4553.61,323.492,227.68,0.01,0.95,10,10000,0.938,0.497,14,9,0.0609811,0,0.642857
4697,10000,8.62174,7.49894,10,0.0312432,0.0251189,0.0398107,0.549524,0.5,0.6,0.657538,0.6,0.7,0.000367451,4228.35,353.463,211.417,0.01,0.95,10,10000,0.938,0.497,13,7,0.0691461,0,0.538462
4698,10000,8.49959,7.49894,10,0.0303862,0.0251189,0.0398107,0.546662,0.5,0.6,0.759428,0.7,0.8,0.000367451,2602.06,249.632,130.103,0.01,0.95,10,10000,0.938,0.497,8,5,0.0818148,0,0.625
4699,10000,8.79109,7.49894,10,0.0301713,0.0251189,0.0398107,0.52471,0.5,0.6,0.85921,0.8,0.9,0.000367451,3577.83,288.893,178.892,0.01,0.95,10,10000,0.938,0.497,11,7,0.0691461,0,0.636364
4700,10000,8.23162,7.49894,10,0.0296755,0.0251189,0.0398107,0.527319,0.5,0.6,0.961359,0.9,1,0.000367451,2276.8,248.922,113.84,0.01,0.95,10,10000,0.938,0.497,7,4,0.0914717,0,0.571429
4701,10000,8.77604,7.49894,10,0.0300325,0.0251189,0.0398107,0.542708,0.5,0.6,1.24118,1,1.5,0.00183725,1691.34,95.3051,84.567,0.01,0.95,10,10000,0.938,0.497,26,15,0.0472358,0,0.576923
4702,10000,8.70348,7.49894,10,0.0323587,0.0251189,0.0398107,0.648452,0.6,0.7,0.155729,0.1,0.2,0.000367451,2602.06,190.836,130.103,0.01,0.95,10,10000,0.938,0.497,8,7,0.0691461,0,0.875
4703,10000,8.90295,7.49894,10,0.0332045,0.0251189,0.0398107,0.637025,0.6,0.7,0.258928,0.2,0.3,0.000367451,2602.06,217.277,130.103,0.01,0.95,10,10000,0.938,0.497,8,6,0.0746863,0,0.75
4704,10000,8.02364,7.49894,10,0.0335621,0.0251189,0.0398107,0.678593,0.6,0.7,0.338688,0.3,0.4,0.000367451,1626.29,162.958,81.3144,0.01,0.95,10,10000,0.938,0.497,5,4,0.0914717,0,0.8
4705,10000,8.19649,7.49894,10,0.0358586,0.0251189,0.0398107,0.641378,0.6,0.7,0.457775,0.4,0.5,0.000367451,1626.29,162.958,81.3144,0.01,0.95,10,10000,0.938,0.497,5,4,0.0914717,0,0.8
4706,10000,8.39181,7.49894,10,0.0312302,0.0251189,0.0398107,0.628351,0.6,0.7,0.577098,0.5,0.6,0.000367451,2927.32,252.453,146.366,0.01,0.95,10,10000,0.938,0.497,9,6,0.0746863,0,0.666667
4707,10000,8.35234,7.49894,10,0.0280945,0.0251189,0.0398107,0.64098,0.6,0.7,0.667964,0.6,0.7,0.000367451,2602.06,249.632,130.103,0.01,0.95,10,10000,0.938,0.497,8,5,0.0818148,0,0.625
4708,10000,8.80523,7.49894,10,0.0331233,0.0251189,0.0398107,0.624745,0.6,0.7,0.744604,0.7,0.8,0.000367451,2602.06,217.277,130.103,0.01,0.95,10,10000,0.938,0.497,8,6,0.0746863,0,0.75
4709,10000,8.83488,7.49894,10,0.0269318,0.0251189,0.0398107,0.634613,0.6,0.7,0.850299,0.8,0.9,0.000367451,650.515,84.151,32.5258,0.01,0.95,10,10000,0.938,0.497,2,2,0.129361,0,1
4710,10000,8.54601,7.49894,10,0.0325087,0.0251189,0.0398107,0.660299,0.6,0.7,0.932463,0.9,1,0.000367451,2927.32,199.582,146.366,0.01,0.95,10,10000,0.938,0.497,9,8,0.0646803,0,0.888889
4711,10000,8.57191,7.49894,10,0.0302732,0.0251189,0.0398107,0.648166,0.6,0.7,1.12123,1,1.5,0.00183725,845.67,70.6925,42.2835,0.01,0.95,10,10000,0.938,0.497,13,7,0.0691461,0,0.538462
4712,10000,8.85702,7.49894,10,0.0256441,0.0251189,0.0398107,0.707498,0.7,0.8,0.168514,0.1,0.2,0.000367451,650.515,145.754,32.5258,0.01,0.95,10,10000,0.938,0.497,2,1,0.182943,0,0.5
4713,10000,8.76129,7.49894,10,0.0316665,0.0251189,0.0398107,0.75706,0.7,0.8,0.241615,0.2,0.3,0.000367451,1626.29,203.244,81.3144,0.01,0.95,10,10000,0.938,0.497,5,3,0.105622,0,0.6
4714,10000,8.35892,7.49894,10,0.0311433,0.0251189,0.0398107,0.731422,0.7,0.8,0.329114,0.3,0.4,0.000367451,1301.03,153.638,65.0515,0.01,0.95,10,10000,0.938,0.497,4,3,0.105622,0,0.75
4715,10000,9.9053,7.49894,10,0.026711,0.0251189,0.0398107,0.765475,0.7,0.8,0.437069,0.4,0.5,0.000367451,975.773,230.457,48.7886,0.01,0.95,10,10000,0.938,0.497,3,1,0.182943,0,0.333333
4716,10000,7.61585,7.49894,10,0.0370376,0.0251189,0.0398107,0.738554,0.7,0.8,0.545251,0.5,0.6,0.000367451,1301.03,314.864,65.0515,0.01,0.95,10,10000,0.938,0.497,4,1,0.182943,0,0.25
4717,10000,8.31065,7.49894,10,0.033331,0.0251189,0.0398107,0.71517,0.7,0.8,0.629748,0.6,0.7,0.000367451,975.773,145.754,48.7886,0.01,0.95,10,10000,0.938,0.497,3,2,0.129361,0,0.666667
4718,10000,8.55024,7.49894,10,0.0311034,0.0251189,0.0398107,0.739225,0.7,0.8,0.76067,0.7,0.8,0.000367451,1626.29,203.244,81.3144,0.01,0.95,10,10000,0.938,0.497,5,3,0.105622,0,0.6
4719,10000,9.10755,7.49894,10,0.0318375,0.0251189,0.0398107,0.721657,0.7,0.8,0.93026,0.9,1,0.000367451,650.515,84.151,32.5258,0.01,0.95,10,10000,0.938,0.497,2,2,0.129361,0,1
4720,10000,8.87527,7.49894,10,0.0308167,0.0251189,0.0398107,0.736912,0.7,0.8,1.235,1,1.5,0.00183725,780.618,53.2217,39.0309,0.01,0.95,10,10000,0.938,0.497,12,9,0.0609811,0,0.75
4721,10000,9.29077,7.49894,10,0.0383322,0.0251189,0.0398107,0.844689,0.8,0.9,0.162598,0.1,0.2,0.000367451,325.258,59.5037,16.2629,0.01,0.95,10,10000,0.938,0.497,1,1,0.182943,0,1
4722,10000,9.6331,7.49894,10,0.0284829,0.0251189,0.0398107,0.876304,0.8,0.9,0.251742,0.2,0.3,0.000367451,325.258,59.5037,16.2629,0.01,0.95,10,10000,0.938,0.497,1,1,0.182943,0,1
4723,10000,9.96991,7.49894,10,0.0257472,0.0251189,0.0398107,0.881565,0.8,0.9,0.303639,0.3,0.4,0.000367451,1626.29,399.163,81.3144,0.01,0.95,10,10000,0.938,0.497,5,1,0.182943,0,0.2
4724,10000,8.31651,7.49894,10,0.0264365,0.0251189,0.0398107,0.846537,0.8,0.9,0.44924,0.4,0.5,0.000367451,325.258,59.5037,16.2629,0.01,0.95,10,10000,0.938,0.497,1,1,0.182943,0,1
4725,10000,8.30504,7.49894,10,0.0321979,0.0251189,0.0398107,0.844073,0.8,0.9,0.520359,0.5,0.6,0.000367451,650.515,84.151,32.5258,0.01,0.95,10,10000,0.938,0.497,2,2,0.129361,0,1
4726,10000,8.65638,7.49894,10,0.0346053,0.0251189,0.0398107,0.831191,0.8,0.9,0.757122,0.7,0.8,0.000367451,975.773,145.754,48.7886,0.01,0.95,10,10000,0.938,0.497,3,2,0.129361,0,0.666667
4727,10000,8.06661,7.49894,10,0.0269335,0.0251189,0.0398107,0.910049,0.9,1,0.284632,0.2,0.3,0.000367451,325.258,59.5037,16.2629,0.01,0.95,10,10000,0.938,0.497,1,1,0.182943,0,1
4728,10000,8.39914,7.49894,10,0.0300301,0.0251189,0.0398107,0.966549,0.9,1,0.486773,0.4,0.5,0.000367451,650.515,145.754,32.5258,0.01,0.95,10,10000,0.938,0.497,2,1,0.182943,0,0.5
4729,10000,8.75522,7.49894,10,0.0488476,0.0398107,0.0630957,0.0731658,0.05,0.1,0.0643753,0,0.1,0.000291186,43917.7,1230.11,2195.89,0.01,0.95,10,10000,0.938,0.497,107,61,0.0234235,0,0.570093
4730,10000,8.6964,7.49894,10,0.0495238,0.0398107,0.0630957,0.0735757,0.05,0.1,0.152017,0.1,0.2,0.000291186,99738.4,1786.24,4986.92,0.01,0.95,10,10000,0.938,0.497,243,146,0.0151405,0,0.600823
4731,10000,8.61856,7.49894,10,0.0502375,0.0398107,0.0630957,0.0741119,0.05,0.1,0.250471,0.2,0.3,0.000291186,131343,2224.52,6567.14,0.01,0.95,10,10000,0.938,0.497,320,171,0.01399,0,0.534375
4732,10000,8.60204,7.49894,10,0.0508217,0.0398107,0.0630957,0.0740394,0.05,0.1,0.352499,0.3,0.4,0.000291186,125186,1927.58,6259.3,0.01,0.95,10,10000,0.938,0.497,305,193,0.0131686,0,0.632787
4733,10000,8.51356,7.49894,10,0.0509986,0.0398107,0.0630957,0.0722418,0.05,0.1,0.450278,0.4,0.5,0.000291186,126007,2152.47,6300.35,0.01,0.95,10,10000,0.938,0.497,307,167,0.0141566,0,0.543974
4734,10000,8.63085,7.49894,10,0.0510171,0.0398107,0.0630957,0.0716234,0.05,0.1,0.547769,0.5,0.6,0.000291186,113283,1749.89,5664.16,0.01,0.95,10,10000,0.938,0.497,276,186,0.0134141,0,0.673913
4735,10000,8.67582,7.49894,10,0.0499926,0.0398107,0.0630957,0.0725146,0.05,0.1,0.64879,0.6,0.7,0.000291186,84551.9,1587.3,4227.6,0.01,0.95,10,10000,0.938,0.497,206,130,0.0160452,0,0.631068
4736,10000,8.54799,7.49894,10,0.0493043,0.0398107,0.0630957,0.0717272,0.05,0.1,0.751436,0.7,0.8,0.000291186,63619.1,1450.24,3180.96,0.01,0.95,10,10000,0.938,0.497,155,91,0.0191777,0,0.587097
4737,10000,8.67967,7.49894,10,0.0507562,0.0398107,0.0630957,0.0731461,0.05,0.1,0.846068,0.8,0.9,0.000291186,46790.9,1101.04,2339.54,0.01,0.95,10,10000,0.938,0.497,114,79,0.0205827,0,0.692982
4738,10000,8.60233,7.49894,10,0.0500072,0.0398107,0.0630957,0.073819,0.05,0.1,0.953061,0.9,1,0.000291186,30373,839.941,1518.65,0.01,0.95,10,10000,0.938,0.497,74,55,0.0246681,0,0.743243
4739,10000,8.73103,7.49894,10,0.0504041,0.0398107,0.0630957,0.0713685,0.05,0.1,1.19234,1,1.5,0.00145593,15104.4,255.526,755.221,0.01,0.95,10,10000,0.938,0.497,184,143,0.0152985,0,0.777174
4740,10000,8.64063,7.49894,10,0.0498655,0.0398107,0.0630957,0.124689,0.1,0.15,0.0679586,0,0.1,0.000291186,22574.5,682.024,1128.73,0.01,0.95,10,10000,0.938,0.497,55,44,0.0275798,0,0.8
4741,10000,8.73925,7.49894,10,0.0503082,0.0398107,0.0630957,0.121894,0.1,0.15,0.152012,0.1,0.2,0.000291186,59925.1,1041.4,2996.26,0.01,0.95,10,10000,0.938,0.497,146,126,0.0162979,0,0.863014
4742,10000,8.63545,7.49894,10,0.050058,0.0398107,0.0630957,0.123937,0.1,0.15,0.252219,0.2,0.3,0.000291186,91939.9,1352.37,4597,0.01,0.95,10,10000,0.938,0.497,224,183,0.0135236,0,0.816964
4743,10000,8.61341,7.49894,10,0.0491936,0.0398107,0.0630957,0.124602,0.1,0.15,0.352696,0.3,0.4,0.000291186,85372.8,1315.76,4268.64,0.01,0.95,10,10000,0.938,0.497,208,168,0.0141144,0,0.807692
4744,10000,8.72905,7.49894,10,0.0497455,0.0398107,0.0630957,0.123857,0.1,0.15,0.444531,0.4,0.5,0.000291186,77574.3,1301.28,3878.72,0.01,0.95,10,10000,0.938,0.497,189,146,0.0151405,0,0.772487
4745,10000,8.69967,7.49894,10,0.0506699,0.0398107,0.0630957,0.123034,0.1,0.15,0.546255,0.5,0.6,0.000291186,71828.1,1332.69,3591.4,0.01,0.95,10,10000,0.938,0.497,175,125,0.016363,0,0.714286
4746,10000,8.70857,7.49894,10,0.0521212,0.0398107,0.0630957,0.12413,0.1,0.15,0.648416,0.6,0.7,0.000291186,43507.3,1149.82,2175.36,0.01,0.95,10,10000,0.938,0.497,106,66,0.0225188,0,0.622642
4747,10000,8.58743,7.49894,10,0.0497561,0.0398107,0.0630957,0.121914,0.1,0.15,0.749074,0.7,0.8,0.000291186,37350.6,845.94,1867.53,0.01,0.95,10,10000,0.938,0.497,91,76,0.020985,0,0.835165
4748,10000,8.50638,7.49894,10,0.051152,0.0398107,0.0630957,0.126969,0.1,0.15,0.847228,0.8,0.9,0.000291186,30783.5,892.719,1539.17,0.01,0.95,10,10000,0.938,0.497,75,52,0.0253697,0,0.693333
4749,10000,8.70443,7.49894,10,0.0522917,0.0398107,0.0630957,0.12266,0.1,0.15,0.94862,0.9,1,0.000291186,22574.5,782.195,1128.73,0.01,0.95,10,10000,0.938,0.497,55,37,0.0300757,0,0.672727
4750,10000,8.58267,7.49894,10,0.05123,0.0398107,0.0630957,0.123019,0.1,0.15,1.21629,1,1.5,0.00145593,11574.6,244.348,578.729,0.01,0.95,10,10000,0.938,0.497,141,98,0.0184801,0,0.695035
4751,10000,8.4941,7.49894,10,0.0490197,0.0398107,0.0630957,0.173511,0.15,0.2,0.0661496,0,0.1,0.000291186,9440.26,449.138,472.013,0.01,0.95,10,10000,0.938,0.497,23,18,0.0431202,0,0.782609
4752,10000,8.64026,7.49894,10,0.051304,0.0398107,0.0630957,0.172209,0.15,0.2,0.1548,0.1,0.2,0.000291186,47201.3,902.042,2360.07,0.01,0.95,10,10000,0.938,0.497,115,102,0.0181141,0,0.886957
4753,10000,8.65784,7.49894,10,0.0498427,0.0398107,0.0630957,0.174764,0.15,0.2,0.254049,0.2,0.3,0.000291186,47201.3,886.32,2360.07,0.01,0.95,10,10000,0.938,0.497,115,104,0.0179391,0,0.904348
4754,10000,8.61089,7.49894,10,0.0506605,0.0398107,0.0630957,0.173787,0.15,0.2,0.348408,0.3,0.4,0.000291186,53768.4,1111.78,2688.42,0.01,0.95,10,10000,0.938,0.497,131,98,0.0184801,0,0.748092
4755,10000,8.55863,7.49894,10,0.0502703,0.0398107,0.0630957,0.172368,0.15,0.2,0.447807,0.4,0.5,0.000291186,47201.3,934.535,2360.07,0.01,0.95,10,10000,0.938,0.497,115,98,0.0184801,0,0.852174
4756,10000,8.77399,7.49894,10,0.0501183,0.0398107,0.0630957,0.171192,0.15,0.2,0.54648,0.5,0.6,0.000291186,35708.8,853.69,1785.44,0.01,0.95,10,10000,0.938,0.497,87,70,0.0218659,0,0.804598
4757,10000,8.59778,7.49894,10,0.0493787,0.0398107,0.0630957,0.173945,0.15,0.2,0.653277,0.6,0.7,0.000291186,38171.5,932.168,1908.57,0.01,0.95,10,10000,0.938,0.497,93,70,0.0218659,0,0.752688
4758,10000,8.78858,7.49894,10,0.0499123,0.0398107,0.0630957,0.175424,0.15,0.2,0.744316,0.7,0.8,0.000291186,30373,760.75,1518.65,0.01,0.95,10,10000,0.938,0.497,74,62,0.0232338,0,0.837838
4759,10000,8.74808,7.49894,10,0.0506087,0.0398107,0.0630957,0.171188,0.15,0.2,0.853692,0.8,0.9,0.000291186,16007.4,593.151,800.37,0.01,0.95,10,10000,0.938,0.497,39,30,0.0334007,0,0.769231
4760,10000,8.36424,7.49894,10,0.0525211,0.0398107,0.0630957,0.173708,0.15,0.2,0.945004,0.9,1,0.000291186,15597,641.894,779.848,0.01,0.95,10,10000,0.938,0.497,38,26,0.0358782,0,0.684211
4761,10000,8.69669,7.49894,10,0.0505395,0.0398107,0.0630957,0.17696,0.15,0.2,1.18904,1,1.5,0.00145593,7059.67,205.872,352.984,0.01,0.95,10,10000,0.938,0.497,86,54,0.0248954,0,0.627907
4762,10000,8.90073,7.49894,10,0.0466915,0.0398107,0.0630957,0.223327,0.2,0.25,0.0615329,0,0.1,0.000291186,5335.8,316.15,266.79,0.01,0.95,10,10000,0.938,0.497,13,11,0.0551595,0,0.846154
4763,10000,8.38121,7.49894,10,0.0501412,0.0398107,0.0630957,0.225645,0.2,0.25,0.15693,0.1,0.2,0.000291186,23805.9,680.645,1190.29,0.01,0.95,10,10000,0.938,0.497,58,48,0.0264056,0,0.827586
4764,10000,8.61874,7.49894,10,0.0502831,0.0398107,0.0630957,0.224196,0.2,0.25,0.244892,0.2,0.3,0.000291186,34887.9,890.934,1744.4,0.01,0.95,10,10000,0.938,0.497,85,64,0.0228679,0,0.752941
4765,10000,8.47888,7.49894,10,0.0496839,0.0398107,0.0630957,0.224403,0.2,0.25,0.348559,0.3,0.4,0.000291186,35708.8,795.314,1785.44,0.01,0.95,10,10000,0.938,0.497,87,76,0.020985,0,0.873563
4766,10000,8.55346,7.49894,10,0.0517491,0.0398107,0.0630957,0.223803,0.2,0.25,0.443908,0.4,0.5,0.000291186,32014.8,827.594,1600.74,0.01,0.95,10,10000,0.938,0.497,78,61,0.0234235,0,0.782051
4767,10000,8.5231,7.49894,10,0.0506849,0.0398107,0.0630957,0.226424,0.2,0.25,0.553941,0.5,0.6,0.000291186,29141.7,807.693,1457.08,0.01,0.95,10,10000,0.938,0.497,71,54,0.0248954,0,0.760563
4768,10000,8.78413,7.49894,10,0.0483736,0.0398107,0.0630957,0.222649,0.2,0.25,0.646566,0.6,0.7,0.000291186,19291,668.365,964.548,0.01,0.95,10,10000,0.938,0.497,47,35,0.0309231,0,0.744681
4769,10000,8.54806,7.49894,10,0.0509648,0.0398107,0.0630957,0.219599,0.2,0.25,0.75253,0.7,0.8,0.000291186,18059.6,558.297,902.981,0.01,0.95,10,10000,0.938,0.497,44,39,0.0292944,0,0.886364
4770,10000,8.65529,7.49894,10,0.0489087,0.0398107,0.0630957,0.224937,0.2,0.25,0.845987,0.8,0.9,0.000291186,12313.4,540.523,615.669,0.01,0.95,10,10000,0.938,0.497,30,22,0.0390037,0,0.733333
4771,10000,8.49092,7.49894,10,0.0498794,0.0398107,0.0630957,0.22571,0.2,0.25,0.961796,0.9,1,0.000291186,11492.5,577.308,574.625,0.01,0.95,10,10000,0.938,0.497,28,18,0.0431202,0,0.642857
4772,10000,8.65722,7.49894,10,0.0507606,0.0398107,0.0630957,0.22032,0.2,0.25,1.2078,1,1.5,0.00145593,5499.98,185.136,274.999,0.01,0.95,10,10000,0.938,0.497,67,41,0.028571,0,0.61194
4773,10000,8.50223,7.49894,10,0.0582389,0.0398107,0.0630957,0.257864,0.25,0.3,0.0695801,0,0.1,0.000291186,3694.02,421.433,184.701,0.01,0.95,10,10000,0.938,0.497,9,4,0.0914717,0,0.444444
4774,10000,8.55794,7.49894,10,0.0515132,0.0398107,0.0630957,0.275791,0.25,0.3,0.155082,0.1,0.2,0.000291186,21753.6,648.904,1087.68,0.01,0.95,10,10000,0.938,0.497,53,44,0.0275798,0,0.830189
4775,10000,8.54166,7.49894,10,0.0499175,0.0398107,0.0630957,0.273367,0.25,0.3,0.253519,0.2,0.3,0.000291186,23395.4,664.755,1169.77,0.01,0.95,10,10000,0.938,0.497,57,48,0.0264056,0,0.842105
4776,10000,8.81705,7.49894,10,0.0495485,0.0398107,0.0630957,0.275611,0.25,0.3,0.348248,0.3,0.4,0.000291186,20111.9,632.929,1005.59,0.01,0.95,10,10000,0.938,0.497,49,40,0.0289259,0,0.816327
4777,10000,8.50266,7.49894,10,0.0515856,0.0398107,0.0630957,0.272365,0.25,0.3,0.451779,0.4,0.5,0.000291186,26268.6,775.51,1313.43,0.01,0.95,10,10000,0.938,0.497,64,48,0.0264056,0,0.75
4778,10000,8.53549,7.49894,10,0.0483498,0.0398107,0.0630957,0.276543,0.25,0.3,0.550481,0.5,0.6,0.000291186,21343.2,596.298,1067.16,0.01,0.95,10,10000,0.938,0.497,52,47,0.026685,0,0.903846
4779,10000,8.55418,7.49894,10,0.0504579,0.0398107,0.0630957,0.273949,0.25,0.3,0.641319,0.6,0.7,0.000291186,24626.8,778.323,1231.34,0.01,0.95,10,10000,0.938,0.497,60,43,0.0278986,0,0.716667
4780,10000,8.58132,7.49894,10,0.0537808,0.0398107,0.0630957,0.272933,0.25,0.3,0.74455,0.7,0.8,0.000291186,12313.4,454.683,615.669,0.01,0.95,10,10000,0.938,0.497,30,27,0.0352075,0,0.9
4781,10000,8.88332,7.49894,10,0.0477574,0.0398107,0.0630957,0.274099,0.25,0.3,0.853208,0.8,0.9,0.000291186,16417.8,665.363,820.892,0.01,0.95,10,10000,0.938,0.497,40,27,0.0352075,0,0.675
4782,10000,8.54432,7.49894,10,0.0498718,0.0398107,0.0630957,0.272102,0.25,0.3,0.944413,0.9,1,0.000291186,9029.81,443.856,451.491,0.01,0.95,10,10000,0.938,0.497,22,17,0.0443703,0,0.772727
4783,10000,8.58864,7.49894,10,0.0487182,0.0398107,0.0630957,0.274716,0.25,0.3,1.21175,1,1.5,0.00145593,4514.91,128.945,225.745,0.01,0.95,10,10000,0.938,0.497,55,47,0.026685,0,0.854545
4784,10000,9.04927,7.49894,10,0.0499379,0.0398107,0.0630957,0.335372,0.3,0.4,0.0819051,0,0.1,0.000582372,2667.9,203.051,133.395,0.01,0.95,10,10000,0.938,0.497,13,8,0.0646803,0,0.615385
4785,10000,8.6988,7.49894,10,0.0484282,0.0398107,0.0630957,0.3407,0.3,0.4,0.158158,0.1,0.2,0.000582372,8208.92,276.193,410.446,0.01,0.95,10,10000,0.938,0.497,40,34,0.0313745,0,0.85
4786,10000,8.54008,7.49894,10,0.0492932,0.0398107,0.0630957,0.345753,0.3,0.4,0.250558,0.2,0.3,0.000582372,13955.2,338.234,697.758,0.01,0.95,10,10000,0.938,0.497,68,62,0.0232338,0,0.911765
4787,10000,8.61058,7.49894,10,0.0500913,0.0398107,0.0630957,0.343211,0.3,0.4,0.353499,0.3,0.4,0.000582372,12313.4,326.978,615.669,0.01,0.95,10,10000,0.938,0.497,60,53,0.0251292,0,0.883333
4788,10000,8.70496,7.49894,10,0.0495192,0.0398107,0.0630957,0.347283,0.3,0.4,0.451835,0.4,0.5,0.000582372,15186.5,438.826,759.325,0.01,0.95,10,10000,0.938,0.497,74,52,0.0253697,0,0.702703
4789,10000,8.51366,7.49894,10,0.0508021,0.0398107,0.0630957,0.347324,0.3,0.4,0.546594,0.5,0.6,0.000582372,12108.2,367.303,605.408,0.01,0.95,10,10000,0.938,0.497,59,45,0.0272716,0,0.762712
4790,10000,8.82178,7.49894,10,0.0499401,0.0398107,0.0630957,0.345889,0.3,0.4,0.653068,0.6,0.7,0.000582372,11082,359.72,554.102,0.01,0.95,10,10000,0.938,0.497,54,40,0.0289259,0,0.740741
4791,10000,8.85242,7.49894,10,0.0504739,0.0398107,0.0630957,0.347151,0.3,0.4,0.747547,0.7,0.8,0.000582372,11492.5,392.068,574.625,0.01,0.95,10,10000,0.938,0.497,56,38,0.0296773,0,0.678571
4792,10000,8.91782,7.49894,10,0.0489201,0.0398107,0.0630957,0.34981,0.3,0.4,0.859533,0.8,0.9,0.000582372,5951.47,268.369,297.573,0.01,0.95,10,10000,0.938,0.497,29,21,0.0399215,0,0.724138
4793,10000,8.69609,7.49894,10,0.049867,0.0398107,0.0630957,0.350241,0.3,0.4,0.947126,0.9,1,0.000582372,6361.91,354.44,318.096,0.01,0.95,10,10000,0.938,0.497,31,16,0.0457358,0,0.516129
4794,10000,8.68189,7.49894,10,0.0495972,0.0398107,0.0630957,0.346823,0.3,0.4,1.22393,1,1.5,0.00291186,2339.54,78.6156,116.977,0.01,0.95,10,10000,0.938,0.497,57,39,0.0292944,0,0.684211
4795,10000,8.36662,7.49894,10,0.0478156,0.0398107,0.0630957,0.436839,0.4,0.5,0.0606813,0,0.1,0.000582372,1641.78,137.092,82.0892,0.01,0.95,10,10000,0.938,0.497,8,6,0.0746863,0,0.75
4796,10000,8.50225,7.49894,10,0.0487365,0.0398107,0.0630957,0.441413,0.4,0.5,0.158141,0.1,0.2,0.000582372,4925.35,248.373,246.268,0.01,0.95,10,10000,0.938,0.497,24,17,0.0443703,0,0.708333
4797,10000,8.65442,7.49894,10,0.0519964,0.0398107,0.0630957,0.446647,0.4,0.5,0.25148,0.2,0.3,0.000582372,5951.47,342.319,297.573,0.01,0.95,10,10000,0.938,0.497,29,15,0.0472358,0,0.517241
4798,10000,8.77803,7.49894,10,0.0527377,0.0398107,0.0630957,0.433035,0.4,0.5,0.343365,0.3,0.4,0.000582372,7593.25,434.808,379.663,0.01,0.95,10,10000,0.938,0.497,37,16,0.0457358,0,0.432432
4799,10000,8.75692,7.49894,10,0.0499066,0.0398107,0.0630957,0.443151,0.4,0.5,0.445503,0.4,0.5,0.000582372,6567.14,274.184,328.357,0.01,0.95,10,10000,0.938,0.497,32,24,0.0373432,0,0.75
4800,10000,8.77884,7.49894,10,0.0471633,0.0398107,0.0630957,0.445565,0.4,0.5,0.550954,0.5,0.6,0.000582372,5335.8,263.107,266.79,0.01,0.95,10,10000,0.938,0.497,26,18,0.0431202,0,0.692308
4801,10000,8.6691,7.49894,10,0.0515638,0.0398107,0.0630957,0.452684,0.4,0.5,0.642019,0.6,0.7,0.000582372,5130.58,203.391,256.529,0.01,0.95,10,10000,0.938,0.497,25,23,0.0381463,0,0.92
4802,10000,8.44648,7.49894,10,0.0530414,0.0398107,0.0630957,0.450154,0.4,0.5,0.744058,0.7,0.8,0.000582372,4514.91,287.567,225.745,0.01,0.95,10,10000,0.938,0.497,22,12,0.0528112,0,0.545455
4803,10000,8.23628,7.49894,10,0.0481205,0.0398107,0.0630957,0.440622,0.4,0.5,0.853173,0.8,0.9,0.000582372,4925.35,318.573,246.268,0.01,0.95,10,10000,0.938,0.497,24,12,0.0528112,0,0.5
4804,10000,8.40029,7.49894,10,0.0466705,0.0398107,0.0630957,0.441318,0.4,0.5,0.939086,0.9,1,0.000582372,2873.12,243.314,143.656,0.01,0.95,10,10000,0.938,0.497,14,7,0.0691461,0,0.5
4805,10000,8.87209,7.49894,10,0.0516347,0.0398107,0.0630957,0.439244,0.4,0.5,1.15247,1,1.5,0.00291186,1354.47,63.1432,67.7236,0.01,0.95,10,10000,0.938,0.497,33,21,0.0399215,0,0.636364
4806,10000,8.80985,7.49894,10,0.0524926,0.0398107,0.0630957,0.563926,0.5,0.6,0.0350328,0,0.1,0.000582372,615.669,91.9641,30.7835,0.01,0.95,10,10000,0.938,0.497,3,2,0.129361,0,0.666667
4807,10000,8.15298,7.49894,10,0.0443334,0.0398107,0.0630957,0.554357,0.5,0.6,0.138791,0.1,0.2,0.000582372,2052.23,237.45,102.612,0.01,0.95,10,10000,0.938,0.497,10,4,0.0914717,0,0.4
4808,10000,8.72679,7.49894,10,0.0514559,0.0398107,0.0630957,0.553049,0.5,0.6,0.272975,0.2,0.3,0.000582372,3078.35,191.104,153.917,0.01,0.95,10,10000,0.938,0.497,15,11,0.0551595,0,0.733333
4809,10000,8.45973,7.49894,10,0.0473022,0.0398107,0.0630957,0.547483,0.5,0.6,0.346038,0.3,0.4,0.000582372,2667.9,247.146,133.395,0.01,0.95,10,10000,0.938,0.497,13,6,0.0746863,0,0.461538
4810,10000,8.44121,7.49894,10,0.0511604,0.0398107,0.0630957,0.541022,0.5,0.6,0.421499,0.4,0.5,0.000582372,2257.45,203.34,112.873,0.01,0.95,10,10000,0.938,0.497,11,6,0.0746863,0,0.545455
4811,10000,8.70614,7.49894,10,0.0545652,0.0398107,0.0630957,0.535222,0.5,0.6,0.568512,0.5,0.6,0.000582372,2462.68,202.679,123.134,0.01,0.95,10,10000,0.938,0.497,12,7,0.0691461,0,0.583333
4812,10000,8.77876,7.49894,10,0.0486438,0.0398107,0.0630957,0.546681,0.5,0.6,0.637382,0.6,0.7,0.000582372,3283.57,283.807,164.178,0.01,0.95,10,10000,0.938,0.497,16,7,0.0691461,0,0.4375
4813,10000,8.76612,7.49894,10,0.0511686,0.0398107,0.0630957,0.549926,0.5,0.6,0.74918,0.7,0.8,0.000582372,2667.9,203.051,133.395,0.01,0.95,10,10000,0.938,0.497,13,8,0.0646803,0,0.615385
4814,10000,8.28467,7.49894,10,0.0538133,0.0398107,0.0630957,0.516196,0.5,0.6,0.83608,0.8,0.9,0.000582372,1436.56,157.059,71.8281,0.01,0.95,10,10000,0.938,0.497,7,4,0.0914717,0,0.571429
4815,10000,8.14208,7.49894,10,0.0505854,0.0398107,0.0630957,0.535324,0.5,0.6,0.94224,0.9,1,0.000582372,2462.68,225.265,123.134,0.01,0.95,10,10000,0.938,0.497,12,6,0.0746863,0,0.5
4816,10000,8.46472,7.49894,10,0.0468359,0.0398107,0.0630957,0.549874,0.5,0.6,1.1996,1,1.5,0.00291186,1231.34,91.9641,61.5669,0.01,0.95,10,10000,0.938,0.497,30,10,0.0578518,0,0.333333
4817,10000,7.98411,7.49894,10,0.049064,0.0398107,0.0630957,0.622358,0.6,0.7,0.0891662,0,0.1,0.000582372,410.446,91.9641,20.5223,0.01,0.95,10,10000,0.938,0.497,2,1,0.182943,0,0.5
4818,10000,9.72364,7.49894,10,0.0586318,0.0398107,0.0630957,0.651596,0.6,0.7,0.128135,0.1,0.2,0.000582372,615.669,145.408,30.7835,0.01,0.95,10,10000,0.938,0.497,3,1,0.182943,0,0.333333
4819,10000,9.14015,7.49894,10,0.0506105,0.0398107,0.0630957,0.663699,0.6,0.7,0.270972,0.2,0.3,0.000582372,1026.12,128.238,51.3058,0.01,0.95,10,10000,0.938,0.497,5,3,0.105622,0,0.6
4820,10000,8.40722,7.49894,10,0.0552921,0.0398107,0.0630957,0.624185,0.6,0.7,0.363915,0.3,0.4,0.000582372,1436.56,190.207,71.8281,0.01,0.95,10,10000,0.938,0.497,7,3,0.105622,0,0.428571
4821,10000,8.61125,7.49894,10,0.0482558,0.0398107,0.0630957,0.637821,0.6,0.7,0.445776,0.4,0.5,0.000582372,3488.79,279.067,174.44,0.01,0.95,10,10000,0.938,0.497,17,8,0.0646803,0,0.470588
4822,10000,9.52319,7.49894,10,0.0542338,0.0398107,0.0630957,0.602929,0.6,0.7,0.53943,0.5,0.6,0.000582372,205.223,37.5442,10.2612,0.01,0.95,10,10000,0.938,0.497,1,1,0.182943,0,1
4823,10000,8.80446,7.49894,10,0.0458778,0.0398107,0.0630957,0.648715,0.6,0.7,0.659439,0.6,0.7,0.000582372,3078.35,290.816,153.917,0.01,0.95,10,10000,0.938,0.497,15,6,0.0746863,0,0.4
4824,10000,8.37919,7.49894,10,0.0502994,0.0398107,0.0630957,0.649693,0.6,0.7,0.748626,0.7,0.8,0.000582372,1847.01,210.716,92.3504,0.01,0.95,10,10000,0.938,0.497,9,4,0.0914717,0,0.444444
4825,10000,9.12963,7.49894,10,0.0456811,0.0398107,0.0630957,0.66813,0.6,0.7,0.837379,0.8,0.9,0.000582372,1436.56,243.314,71.8281,0.01,0.95,10,10000,0.938,0.497,7,2,0.129361,0,0.285714
4826,10000,8.69304,7.49894,10,0.0496249,0.0398107,0.0630957,0.659982,0.6,0.7,1.30334,1,1.5,0.00291186,574.625,68.8197,28.7312,0.01,0.95,10,10000,0.938,0.497,14,4,0.0914717,0,0.285714
4827,10000,7.78016,7.49894,10,0.0443515,0.0398107,0.0630957,0.710006,0.7,0.8,0.269737,0.2,0.3,0.000582372,820.892,198.665,41.0446,0.01,0.95,10,10000,0.938,0.497,4,1,0.182943,0,0.25
4828,10000,9.23853,7.49894,10,0.0506127,0.0398107,0.0630957,0.736638,0.7,0.8,0.349358,0.3,0.4,0.000582372,1026.12,167.903,51.3058,0.01,0.95,10,10000,0.938,0.497,5,2,0.129361,0,0.4
4829,10000,7.99268,7.49894,10,0.0534758,0.0398107,0.0630957,0.718591,0.7,0.8,0.543259,0.5,0.6,0.000582372,1026.12,167.903,51.3058,0.01,0.95,10,10000,0.938,0.497,5,2,0.129361,0,0.4
4830,10000,8.51898,7.49894,10,0.0522676,0.0398107,0.0630957,0.715237,0.7,0.8,0.669435,0.6,0.7,0.000582372,1026.12,251.854,51.3058,0.01,0.95,10,10000,0.938,0.497,5,1,0.182943,0,0.2
4831,10000,8.85991,7.49894,10,0.0491469,0.0398107,0.0630957,0.70969,0.7,0.8,0.811668,0.8,0.9,0.000582372,205.223,37.5442,10.2612,0.01,0.95,10,10000,0.938,0.497,1,1,0.182943,0,1
4832,10000,8.94194,7.49894,10,0.0469294,0.0398107,0.0630957,0.71166,0.7,0.8,0.959279,0.9,1,0.000582372,410.446,53.0955,20.5223,0.01,0.95,10,10000,0.938,0.497,2,2,0.129361,0,1
4833,10000,8.83702,7.49894,10,0.045593,0.0398107,0.0630957,0.726712,0.7,0.8,1.13491,1,1.5,0.00291186,369.402,36.3229,18.4701,0.01,0.95,10,10000,0.938,0.497,9,5,0.0818148,0,0.555556
4834,10000,9.15927,7.49894,10,0.0419255,0.0398107,0.0630957,0.855206,0.8,0.9,0.0726526,0,0.1,0.000582372,205.223,37.5442,10.2612,0.01,0.95,10,10000,0.938,0.497,1,1,0.182943,0,1
4835,10000,8.19529,7.49894,10,0.0407635,0.0398107,0.0630957,0.80993,0.8,0.9,0.135971,0.1,0.2,0.000582372,205.223,37.5442,10.2612,0.01,0.95,10,10000,0.938,0.497,1,1,0.182943,0,1
4836,10000,7.8722,7.49894,10,0.0451391,0.0398107,0.0630957,0.805727,0.8,0.9,0.237913,0.2,0.3,0.000582372,820.892,198.665,41.0446,0.01,0.95,10,10000,0.938,0.497,4,1,0.182943,0,0.25
4837,10000,8.86448,7.49894,10,0.0411968,0.0398107,0.0630957,0.831455,0.8,0.9,0.597952,0.5,0.6,0.000582372,205.223,37.5442,10.2612,0.01,0.95,10,10000,0.938,0.497,1,1,0.182943,0,1
4838,10000,8.66751,7.49894,10,0.0804477,0.0630957,0.1,0.0667459,0.05,0.1,0.0666516,0,0.1,0.000461499,20199.9,567.021,1010,0.01,0.95,10,10000,0.938,0.497,78,55,0.0246681,0,0.705128
4839,10000,8.56154,7.49894,10,0.0802018,0.0630957,0.1,0.0724939,0.05,0.1,0.155541,0.1,0.2,0.000461499,66297.2,939.069,3314.86,0.01,0.95,10,10000,0.938,0.497,256,202,0.0128719,0,0.789062
4840,10000,8.53476,7.49894,10,0.0811409,0.0630957,0.1,0.0715647,0.05,0.1,0.253186,0.2,0.3,0.000461499,84684.4,1092.63,4234.22,0.01,0.95,10,10000,0.938,0.497,327,249,0.0115936,0,0.761468
4841,10000,8.59411,7.49894,10,0.0809395,0.0630957,0.1,0.072527,0.05,0.1,0.350169,0.3,0.4,0.000461499,73548.5,960.853,3677.42,0.01,0.95,10,10000,0.938,0.497,284,232,0.0120108,0,0.816901
4842,10000,8.63108,7.49894,10,0.0810994,0.0630957,0.1,0.0728561,0.05,0.1,0.445389,0.4,0.5,0.000461499,72771.6,986.521,3638.58,0.01,0.95,10,10000,0.938,0.497,281,221,0.0123061,0,0.786477
4843,10000,8.58686,7.49894,10,0.0813842,0.0630957,0.1,0.0711541,0.05,0.1,0.545483,0.5,0.6,0.000461499,61894.7,882.362,3094.73,0.01,0.95,10,10000,0.938,0.497,239,195,0.0131008,0,0.8159
4844,10000,8.58119,7.49894,10,0.08066,0.0630957,0.1,0.072247,0.05,0.1,0.649187,0.6,0.7,0.000461499,46097.3,794.458,2304.86,0.01,0.95,10,10000,0.938,0.497,178,138,0.0155732,0,0.775281
4845,10000,8.61371,7.49894,10,0.0808469,0.0630957,0.1,0.0711358,0.05,0.1,0.742648,0.7,0.8,0.000461499,30040.9,618.268,1502.05,0.01,0.95,10,10000,0.938,0.497,116,94,0.0188692,0,0.810345
4846,10000,8.56131,7.49894,10,0.0787005,0.0630957,0.1,0.0729844,0.05,0.1,0.851826,0.8,0.9,0.000461499,25120.4,594.2,1256.02,0.01,0.95,10,10000,0.938,0.497,97,74,0.0212667,0,0.762887
4847,10000,8.615,7.49894,10,0.0801193,0.0630957,0.1,0.0726598,0.05,0.1,0.943294,0.9,1,0.000461499,22012.8,534.967,1100.64,0.01,0.95,10,10000,0.938,0.497,85,68,0.0221851,0,0.8
4848,10000,8.60629,7.49894,10,0.0801407,0.0630957,0.1,0.0716973,0.05,0.1,1.18065,1,1.5,0.0023075,7199.46,120.934,359.973,0.01,0.95,10,10000,0.938,0.497,139,128,0.0161701,0,0.920863
4849,10000,8.48711,7.49894,10,0.0829059,0.0630957,0.1,0.127223,0.1,0.15,0.0704526,0,0.1,0.000461499,15797.4,436.597,789.869,0.01,0.95,10,10000,0.938,0.497,61,51,0.0256172,0,0.836066
4850,10000,8.4762,7.49894,10,0.0808787,0.0630957,0.1,0.123001,0.1,0.15,0.15005,0.1,0.2,0.000461499,33148.6,653.287,1657.43,0.01,0.95,10,10000,0.938,0.497,128,103,0.0180259,0,0.804688
4851,10000,8.67132,7.49894,10,0.0802952,0.0630957,0.1,0.123521,0.1,0.15,0.250782,0.2,0.3,0.000461499,48687,801.809,2434.35,0.01,0.95,10,10000,0.938,0.497,188,149,0.0149873,0,0.792553
4852,10000,8.70443,7.49894,10,0.080092,0.0630957,0.1,0.122086,0.1,0.15,0.350305,0.3,0.4,0.000461499,51535.7,854.789,2576.79,0.01,0.95,10,10000,0.938,0.497,199,151,0.0148877,0,0.758794
4853,10000,8.5226,7.49894,10,0.0791337,0.0630957,0.1,0.12292,0.1,0.15,0.446957,0.4,0.5,0.000461499,43248.6,781.652,2162.43,0.01,0.95,10,10000,0.938,0.497,167,127,0.0162336,0,0.760479
4854,10000,8.63452,7.49894,10,0.080465,0.0630957,0.1,0.124883,0.1,0.15,0.545902,0.5,0.6,0.000461499,31335.8,631.732,1566.79,0.01,0.95,10,10000,0.938,0.497,121,98,0.0184801,0,0.809917
4855,10000,8.61726,7.49894,10,0.0809484,0.0630957,0.1,0.125369,0.1,0.15,0.646532,0.6,0.7,0.000461499,29005,692.779,1450.25,0.01,0.95,10,10000,0.938,0.497,112,77,0.0208483,0,0.6875
4856,10000,8.5449,7.49894,10,0.0784491,0.0630957,0.1,0.123526,0.1,0.15,0.745143,0.7,0.8,0.000461499,24861.5,586.183,1243.07,0.01,0.95,10,10000,0.938,0.497,96,74,0.0212667,0,0.770833
4857,10000,8.41382,7.49894,10,0.0794027,0.0630957,0.1,0.126508,0.1,0.15,0.843998,0.8,0.9,0.000461499,17092.3,500.939,854.613,0.01,0.95,10,10000,0.938,0.497,66,49,0.0261348,0,0.742424
4858,10000,8.45278,7.49894,10,0.0807401,0.0630957,0.1,0.124483,0.1,0.15,0.948537,0.9,1,0.000461499,13466.6,459.738,673.331,0.01,0.95,10,10000,0.938,0.497,52,37,0.0300757,0,0.711538
4859,10000,8.47356,7.49894,10,0.079874,0.0630957,0.1,0.122315,0.1,0.15,1.18604,1,1.5,0.0023075,5749.21,129.191,287.461,0.01,0.95,10,10000,0.938,0.497,111,83,0.0200806,0,0.747748
4860,10000,8.55171,7.49894,10,0.0806535,0.0630957,0.1,0.173017,0.15,0.2,0.0692435,0,0.1,0.000461499,10358.9,419.815,517.947,0.01,0.95,10,10000,0.938,0.497,40,27,0.0352075,0,0.675
4861,10000,8.49337,7.49894,10,0.0813698,0.0630957,0.1,0.171369,0.15,0.2,0.151628,0.1,0.2,0.000461499,18905.1,477.835,945.253,0.01,0.95,10,10000,0.938,0.497,73,61,0.0234235,0,0.835616
4862,10000,8.54017,7.49894,10,0.079441,0.0630957,0.1,0.174446,0.15,0.2,0.254196,0.2,0.3,0.000461499,25897.4,618.218,1294.87,0.01,0.95,10,10000,0.938,0.497,100,74,0.0212667,0,0.74
4863,10000,8.65576,7.49894,10,0.0795521,0.0630957,0.1,0.171849,0.15,0.2,0.348865,0.3,0.4,0.000461499,33148.6,642.793,1657.43,0.01,0.95,10,10000,0.938,0.497,128,105,0.0178534,0,0.820312
4864,10000,8.58899,7.49894,10,0.0792851,0.0630957,0.1,0.172665,0.15,0.2,0.44996,0.4,0.5,0.000461499,31335.8,580.504,1566.79,0.01,0.95,10,10000,0.938,0.497,121,108,0.0176037,0,0.892562
4865,10000,8.53325,7.49894,10,0.0790692,0.0630957,0.1,0.171301,0.15,0.2,0.544571,0.5,0.6,0.000461499,21235.8,543.212,1061.79,0.01,0.95,10,10000,0.938,0.497,82,63,0.0230487,0,0.768293
4866,10000,8.55208,7.49894,10,0.0802888,0.0630957,0.1,0.173815,0.15,0.2,0.650018,0.6,0.7,0.000461499,20976.9,482.732,1048.84,0.01,0.95,10,10000,0.938,0.497,81,71,0.0217114,0,0.876543
4867,10000,8.57443,7.49894,10,0.0789679,0.0630957,0.1,0.173268,0.15,0.2,0.745372,0.7,0.8,0.000461499,15020.5,414.546,751.023,0.01,0.95,10,10000,0.938,0.497,58,50,0.0258721,0,0.862069
4868,10000,8.54385,7.49894,10,0.0818891,0.0630957,0.1,0.175289,0.15,0.2,0.846321,0.8,0.9,0.000461499,10617.9,379.205,530.896,0.01,0.95,10,10000,0.938,0.497,41,32,0.0323401,0,0.780488
4869,10000,8.8225,7.49894,10,0.0788252,0.0630957,0.1,0.171172,0.15,0.2,0.953599,0.9,1,0.000461499,8287.15,357.829,414.358,0.01,0.95,10,10000,0.938,0.497,32,23,0.0381463,0,0.71875
4870,10000,8.57698,7.49894,10,0.0796242,0.0630957,0.1,0.174582,0.15,0.2,1.19317,1,1.5,0.0023075,4298.96,124.324,214.948,0.01,0.95,10,10000,0.938,0.497,83,54,0.0248954,0,0.650602
4871,10000,8.4955,7.49894,10,0.0813416,0.0630957,0.1,0.218754,0.2,0.25,0.0799332,0,0.1,0.000461499,5438.44,250.698,271.922,0.01,0.95,10,10000,0.938,0.497,21,18,0.0431202,0,0.857143
4872,10000,8.61658,7.49894,10,0.0819461,0.0630957,0.1,0.219399,0.2,0.25,0.153045,0.1,0.2,0.000461499,14502.5,416.94,725.126,0.01,0.95,10,10000,0.938,0.497,56,47,0.026685,0,0.839286
4873,10000,8.477,7.49894,10,0.0803638,0.0630957,0.1,0.222168,0.2,0.25,0.257997,0.2,0.3,0.000461499,16315.3,479.368,815.767,0.01,0.95,10,10000,0.938,0.497,63,48,0.0264056,0,0.761905
4874,10000,8.62093,7.49894,10,0.0800106,0.0630957,0.1,0.221616,0.2,0.25,0.351483,0.3,0.4,0.000461499,25379.4,615.502,1268.97,0.01,0.95,10,10000,0.938,0.497,98,72,0.0215601,0,0.734694
4875,10000,8.48614,7.49894,10,0.0806415,0.0630957,0.1,0.221392,0.2,0.25,0.44699,0.4,0.5,0.000461499,20458.9,503.698,1022.95,0.01,0.95,10,10000,0.938,0.497,79,65,0.0226913,0,0.822785
4876,10000,8.65845,7.49894,10,0.0797889,0.0630957,0.1,0.221171,0.2,0.25,0.551545,0.5,0.6,0.000461499,17092.3,455.416,854.613,0.01,0.95,10,10000,0.938,0.497,66,55,0.0246681,0,0.833333
4877,10000,8.52144,7.49894,10,0.0805738,0.0630957,0.1,0.224165,0.2,0.25,0.64774,0.6,0.7,0.000461499,12689.7,367.401,634.485,0.01,0.95,10,10000,0.938,0.497,49,44,0.0275798,0,0.897959
4878,10000,8.49146,7.49894,10,0.0811912,0.0630957,0.1,0.220996,0.2,0.25,0.748205,0.7,0.8,0.000461499,12430.7,388.38,621.537,0.01,0.95,10,10000,0.938,0.497,48,40,0.0289259,0,0.833333
4879,10000,8.3255,7.49894,10,0.0805724,0.0630957,0.1,0.22559,0.2,0.25,0.850689,0.8,0.9,0.000461499,8805.1,276.256,440.255,0.01,0.95,10,10000,0.938,0.497,34,34,0.0313745,0,1
4880,10000,8.5696,7.49894,10,0.0791023,0.0630957,0.1,0.226496,0.2,0.25,0.943787,0.9,1,0.000461499,6733.31,293.515,336.666,0.01,0.95,10,10000,0.938,0.497,26,21,0.0399215,0,0.807692
4881,10000,8.51298,7.49894,10,0.0798381,0.0630957,0.1,0.222884,0.2,0.25,1.19929,1,1.5,0.0023075,3988.19,101.285,199.41,0.01,0.95,10,10000,0.938,0.497,77,62,0.0232338,0,0.805195
4882,10000,8.71534,7.49894,10,0.081437,0.0630957,0.1,0.269035,0.25,0.3,0.0526871,0,0.1,0.000461499,4920.5,323.545,246.025,0.01,0.95,10,10000,0.938,0.497,19,11,0.0551595,0,0.578947
4883,10000,8.5349,7.49894,10,0.0841303,0.0630957,0.1,0.274515,0.25,0.3,0.154814,0.1,0.2,0.000461499,8028.18,300.334,401.409,0.01,0.95,10,10000,0.938,0.497,31,27,0.0352075,0,0.870968
4884,10000,8.30516,7.49894,10,0.082633,0.0630957,0.1,0.276304,0.25,0.3,0.244703,0.2,0.3,0.000461499,14502.5,457.71,725.126,0.01,0.95,10,10000,0.938,0.497,56,42,0.0282288,0,0.75
4885,10000,8.42074,7.49894,10,0.0792905,0.0630957,0.1,0.272287,0.25,0.3,0.349833,0.3,0.4,0.000461499,16833.3,425.58,841.664,0.01,0.95,10,10000,0.938,0.497,65,58,0.0240216,0,0.892308
4886,10000,8.55015,7.49894,10,0.0796406,0.0630957,0.1,0.273808,0.25,0.3,0.454133,0.4,0.5,0.000461499,16833.3,543.318,841.664,0.01,0.95,10,10000,0.938,0.497,65,43,0.0278986,0,0.661538
4887,10000,8.62377,7.49894,10,0.0815555,0.0630957,0.1,0.275612,0.25,0.3,0.548135,0.5,0.6,0.000461499,16056.4,424.737,802.818,0.01,0.95,10,10000,0.938,0.497,62,54,0.0248954,0,0.870968
4888,10000,8.73379,7.49894,10,0.0813961,0.0630957,0.1,0.269564,0.25,0.3,0.649674,0.6,0.7,0.000461499,9064.07,333.272,453.204,0.01,0.95,10,10000,0.938,0.497,35,29,0.0339717,0,0.828571
4889,10000,8.56598,7.49894,10,0.0776193,0.0630957,0.1,0.276324,0.25,0.3,0.743399,0.7,0.8,0.000461499,6474.34,256.661,323.717,0.01,0.95,10,10000,0.938,0.497,25,23,0.0381463,0,0.92
4890,10000,8.46822,7.49894,10,0.0850578,0.0630957,0.1,0.273641,0.25,0.3,0.872971,0.8,0.9,0.000461499,4402.55,282.465,220.128,0.01,0.95,10,10000,0.938,0.497,17,11,0.0551595,0,0.647059
4891,10000,8.72466,7.49894,10,0.0834841,0.0630957,0.1,0.273079,0.25,0.3,0.944274,0.9,1,0.000461499,6474.34,302.584,323.717,0.01,0.95,10,10000,0.938,0.497,25,19,0.0419701,0,0.76
4892,10000,8.50507,7.49894,10,0.0802787,0.0630957,0.1,0.27485,0.25,0.3,1.19422,1,1.5,0.0023075,2434.35,67.7864,121.718,0.01,0.95,10,10000,0.938,0.497,47,45,0.0272716,0,0.957447
4893,10000,8.45518,7.49894,10,0.0807884,0.0630957,0.1,0.33469,0.3,0.4,0.0651765,0,0.1,0.000922999,1812.81,110.188,90.6407,0.01,0.95,10,10000,0.938,0.497,14,11,0.0551595,0,0.785714
4894,10000,8.51031,7.49894,10,0.0827169,0.0630957,0.1,0.345575,0.3,0.4,0.155793,0.1,0.2,0.000922999,7251.26,280.289,362.563,0.01,0.95,10,10000,0.938,0.497,56,32,0.0323401,0,0.571429
4895,10000,8.67033,7.49894,10,0.07848,0.0630957,0.1,0.335573,0.3,0.4,0.253136,0.2,0.3,0.000922999,8675.61,255.382,433.781,0.01,0.95,10,10000,0.938,0.497,67,49,0.0261348,0,0.731343
4896,10000,8.39782,7.49894,10,0.081774,0.0630957,0.1,0.343078,0.3,0.4,0.34838,0.3,0.4,0.000922999,7121.77,241.823,356.089,0.01,0.95,10,10000,0.938,0.497,55,38,0.0296773,0,0.690909
4897,10000,8.5322,7.49894,10,0.0772895,0.0630957,0.1,0.351488,0.3,0.4,0.442755,0.4,0.5,0.000922999,11265.3,316.561,563.267,0.01,0.95,10,10000,0.938,0.497,87,57,0.0242314,0,0.655172
4898,10000,8.54333,7.49894,10,0.0835305,0.0630957,0.1,0.342818,0.3,0.4,0.547961,0.5,0.6,0.000922999,7121.77,211.142,356.089,0.01,0.95,10,10000,0.938,0.497,55,45,0.0272716,0,0.818182
4899,10000,8.43712,7.49894,10,0.079399,0.0630957,0.1,0.344579,0.3,0.4,0.650953,0.6,0.7,0.000922999,7380.75,229.813,369.037,0.01,0.95,10,10000,0.938,0.497,57,43,0.0278986,0,0.754386
4900,10000,8.70253,7.49894,10,0.08277,0.0630957,0.1,0.35087,0.3,0.4,0.747985,0.7,0.8,0.000922999,5179.47,209.908,258.974,0.01,0.95,10,10000,0.938,0.497,40,27,0.0352075,0,0.675
4901,10000,8.58134,7.49894,10,0.0786958,0.0630957,0.1,0.344753,0.3,0.4,0.847465,0.8,0.9,0.000922999,4532.04,157.191,226.602,0.01,0.95,10,10000,0.938,0.497,35,31,0.0328576,0,0.885714
4902,10000,8.54311,7.49894,10,0.0819803,0.0630957,0.1,0.334246,0.3,0.4,0.941339,0.9,1,0.000922999,3496.14,137.619,174.807,0.01,0.95,10,10000,0.938,0.497,27,24,0.0373432,0,0.888889
4903,10000,8.6029,7.49894,10,0.0821992,0.0630957,0.1,0.339568,0.3,0.4,1.19922,1,1.5,0.00461499,1605.64,46.1531,80.2818,0.01,0.95,10,10000,0.938,0.497,62,49,0.0261348,0,0.790323
4904,10000,8.21668,7.49894,10,0.0817871,0.0630957,0.1,0.43076,0.4,0.5,0.0637032,0,0.1,0.000922999,1553.84,127.882,77.6921,0.01,0.95,10,10000,0.938,0.497,12,7,0.0691461,0,0.583333
4905,10000,8.47294,7.49894,10,0.083897,0.0630957,0.1,0.439933,0.4,0.5,0.151425,0.1,0.2,0.000922999,2201.28,132.247,110.064,0.01,0.95,10,10000,0.938,0.497,17,12,0.0528112,0,0.705882
4906,10000,8.206,7.49894,10,0.0828692,0.0630957,0.1,0.458881,0.4,0.5,0.247833,0.2,0.3,0.000922999,3237.17,172.66,161.858,0.01,0.95,10,10000,0.938,0.497,25,16,0.0457358,0,0.64
4907,10000,8.47393,7.49894,10,0.0840239,0.0630957,0.1,0.447134,0.4,0.5,0.345501,0.3,0.4,0.000922999,4014.09,140.696,200.705,0.01,0.95,10,10000,0.938,0.497,31,29,0.0339717,0,0.935484
4908,10000,8.5323,7.49894,10,0.0831039,0.0630957,0.1,0.451606,0.4,0.5,0.453354,0.4,0.5,0.000922999,5956.39,249.285,297.82,0.01,0.95,10,10000,0.938,0.497,46,27,0.0352075,0,0.586957
4909,10000,8.47228,7.49894,10,0.0841224,0.0630957,0.1,0.448402,0.4,0.5,0.556386,0.5,0.6,0.000922999,5179.47,243.262,258.974,0.01,0.95,10,10000,0.938,0.497,40,22,0.0390037,0,0.55
4910,10000,8.62536,7.49894,10,0.0785366,0.0630957,0.1,0.435544,0.4,0.5,0.656634,0.6,0.7,0.000922999,3496.14,174.076,174.807,0.01,0.95,10,10000,0.938,0.497,27,18,0.0431202,0,0.666667
4911,10000,8.39802,7.49894,10,0.085021,0.0630957,0.1,0.442088,0.4,0.5,0.754535,0.7,0.8,0.000922999,3755.12,198.111,187.756,0.01,0.95,10,10000,0.938,0.497,29,17,0.0443703,0,0.586207
4912,10000,8.31132,7.49894,10,0.0781734,0.0630957,0.1,0.452007,0.4,0.5,0.853016,0.8,0.9,0.000922999,2460.25,114.764,123.012,0.01,0.95,10,10000,0.938,0.497,19,17,0.0443703,0,0.894737
4913,10000,8.69087,7.49894,10,0.0822163,0.0630957,0.1,0.442902,0.4,0.5,0.953039,0.9,1,0.000922999,2071.79,100.874,103.589,0.01,0.95,10,10000,0.938,0.497,16,15,0.0472358,0,0.9375
4914,10000,8.51728,7.49894,10,0.0810172,0.0630957,0.1,0.441647,0.4,0.5,1.20509,1,1.5,0.00461499,880.51,38.6415,44.0255,0.01,0.95,10,10000,0.938,0.497,34,23,0.0381463,0,0.676471
4915,10000,7.93896,7.49894,10,0.0878692,0.0630957,0.1,0.53956,0.5,0.6,0.0752291,0,0.1,0.000922999,776.921,68.6565,38.846,0.01,0.95,10,10000,0.938,0.497,6,5,0.0818148,0,0.833333
4916,10000,8.84217,7.49894,10,0.0773803,0.0630957,0.1,0.549581,0.5,0.6,0.164094,0.1,0.2,0.000922999,2071.79,151.476,103.589,0.01,0.95,10,10000,0.938,0.497,16,9,0.0609811,0,0.5625
4917,10000,8.31465,7.49894,10,0.0888624,0.0630957,0.1,0.546776,0.5,0.6,0.241447,0.2,0.3,0.000922999,1942.3,166.304,97.1151,0.01,0.95,10,10000,0.938,0.497,15,7,0.0691461,0,0.466667
4918,10000,8.28524,7.49894,10,0.0870912,0.0630957,0.1,0.539915,0.5,0.6,0.347504,0.3,0.4,0.000922999,2201.28,141.232,110.064,0.01,0.95,10,10000,0.938,0.497,17,11,0.0551595,0,0.647059
4919,10000,8.26374,7.49894,10,0.0851286,0.0630957,0.1,0.528028,0.5,0.6,0.458272,0.4,0.5,0.000922999,2719.22,194.19,135.961,0.01,0.95,10,10000,0.938,0.497,21,10,0.0578518,0,0.47619
4920,10000,8.2402,7.49894,10,0.0809159,0.0630957,0.1,0.542819,0.5,0.6,0.556941,0.5,0.6,0.000922999,3237.17,199.821,161.858,0.01,0.95,10,10000,0.938,0.497,25,13,0.0507394,0,0.52
4921,10000,8.49422,7.49894,10,0.086003,0.0630957,0.1,0.551965,0.5,0.6,0.651924,0.6,0.7,0.000922999,1165.38,79.4545,58.2691,0.01,0.95,10,10000,0.938,0.497,9,8,0.0646803,0,0.888889
4922,10000,8.68836,7.49894,10,0.0872378,0.0630957,0.1,0.550287,0.5,0.6,0.737313,0.7,0.8,0.000922999,1683.33,117.386,84.1664,0.01,0.95,10,10000,0.938,0.497,13,9,0.0609811,0,0.692308
4923,10000,8.02017,7.49894,10,0.0851388,0.0630957,0.1,0.546516,0.5,0.6,0.838619,0.8,0.9,0.000922999,776.921,68.6565,38.846,0.01,0.95,10,10000,0.938,0.497,6,5,0.0818148,0,0.833333
4924,10000,8.14748,7.49894,10,0.0809321,0.0630957,0.1,0.563197,0.5,0.6,0.954005,0.9,1,0.000922999,1294.87,91.7461,64.7434,0.01,0.95,10,10000,0.938,0.497,10,8,0.0646803,0,0.8
4925,10000,8.64539,7.49894,10,0.0810466,0.0630957,0.1,0.545938,0.5,0.6,1.21547,1,1.5,0.00461499,517.947,28.8742,25.8974,0.01,0.95,10,10000,0.938,0.497,20,14,0.0488937,0,0.7
4926,10000,7.6474,7.49894,10,0.063366,0.0630957,0.1,0.615186,0.6,0.7,0.0615739,0,0.1,0.000922999,517.947,125.349,25.8974,0.01,0.95,10,10000,0.938,0.497,4,1,0.182943,0,0.25
4927,10000,8.11802,7.49894,10,0.0810026,0.0630957,0.1,0.693147,0.6,0.7,0.197948,0.1,0.2,0.000922999,388.46,91.7461,19.423,0.01,0.95,10,10000,0.938,0.497,3,1,0.182943,0,0.333333
4928,10000,8.59526,7.49894,10,0.0919053,0.0630957,0.1,0.661776,0.6,0.7,0.250815,0.2,0.3,0.000922999,906.407,153.521,45.3204,0.01,0.95,10,10000,0.938,0.497,7,2,0.129361,0,0.285714
4929,10000,8.28908,7.49894,10,0.0875778,0.0630957,0.1,0.634434,0.6,0.7,0.334584,0.3,0.4,0.000922999,1942.3,166.304,97.1151,0.01,0.95,10,10000,0.938,0.497,15,7,0.0691461,0,0.466667
4930,10000,8.40489,7.49894,10,0.092678,0.0630957,0.1,0.635955,0.6,0.7,0.443857,0.4,0.5,0.000922999,1942.3,183.492,97.1151,0.01,0.95,10,10000,0.938,0.497,15,6,0.0746863,0,0.4
4931,10000,8.02899,7.49894,10,0.0819788,0.0630957,0.1,0.651099,0.6,0.7,0.572844,0.5,0.6,0.000922999,776.921,82.0602,38.846,0.01,0.95,10,10000,0.938,0.497,6,4,0.0914717,0,0.666667
4932,10000,7.77503,7.49894,10,0.0891373,0.0630957,0.1,0.653352,0.6,0.7,0.663605,0.6,0.7,0.000922999,1035.89,86.4991,51.7947,0.01,0.95,10,10000,0.938,0.497,8,6,0.0746863,0,0.75
4933,10000,7.84153,7.49894,10,0.0777534,0.0630957,0.1,0.612584,0.6,0.7,0.791564,0.7,0.8,0.000922999,776.921,129.749,38.846,0.01,0.95,10,10000,0.938,0.497,6,2,0.129361,0,0.333333
4934,10000,8.38507,7.49894,10,0.0971492,0.0630957,0.1,0.651296,0.6,0.7,0.843937,0.8,0.9,0.000922999,776.921,82.0602,38.846,0.01,0.95,10,10000,0.938,0.497,6,4,0.0914717,0,0.666667
4935,10000,9.1844,7.49894,10,0.0784407,0.0630957,0.1,0.643662,0.6,0.7,0.996679,0.9,1,0.000922999,517.947,125.349,25.8974,0.01,0.95,10,10000,0.938,0.497,4,1,0.182943,0,0.25
4936,10000,8.63588,7.49894,10,0.088905,0.0630957,0.1,0.655158,0.6,0.7,1.28409,1,1.5,0.00461499,284.871,33.333,14.2435,0.01,0.95,10,10000,0.938,0.497,11,4,0.0914717,0,0.363636
4937,10000,7.76917,7.49894,10,0.0852393,0.0630957,0.1,0.73703,0.7,0.8,0.129579,0.1,0.2,0.000922999,388.46,58.0254,19.423,0.01,0.95,10,10000,0.938,0.497,3,2,0.129361,0,0.666667
4938,10000,9.24771,7.49894,10,0.095422,0.0630957,0.1,0.712282,0.7,0.8,0.385298,0.3,0.4,0.000922999,517.947,125.349,25.8974,0.01,0.95,10,10000,0.938,0.497,4,1,0.182943,0,0.25
4939,10000,8.59338,7.49894,10,0.0904126,0.0630957,0.1,0.735025,0.7,0.8,0.456539,0.4,0.5,0.000922999,906.407,120.013,45.3204,0.01,0.95,10,10000,0.938,0.497,7,3,0.105622,0,0.428571
4940,10000,8.54308,7.49894,10,0.0816961,0.0630957,0.1,0.758202,0.7,0.8,0.56656,0.5,0.6,0.000922999,1035.89,177.27,51.7947,0.01,0.95,10,10000,0.938,0.497,8,2,0.129361,0,0.25
4941,10000,7.76928,7.49894,10,0.0799,0.0630957,0.1,0.712868,0.7,0.8,0.654204,0.6,0.7,0.000922999,1035.89,177.27,51.7947,0.01,0.95,10,10000,0.938,0.497,8,2,0.129361,0,0.25
4942,10000,7.5073,7.49894,10,0.0935306,0.0630957,0.1,0.796578,0.7,0.8,0.751297,0.7,0.8,0.000922999,388.46,91.7461,19.423,0.01,0.95,10,10000,0.938,0.497,3,1,0.182943,0,0.333333
4943,10000,8.07442,7.49894,10,0.0839505,0.0630957,0.1,0.727468,0.7,0.8,0.957347,0.9,1,0.000922999,517.947,47.3775,25.8974,0.01,0.95,10,10000,0.938,0.497,4,4,0.0914717,0,1
4944,10000,8.73709,7.49894,10,0.0840043,0.0630957,0.1,0.769521,0.7,0.8,1.28931,1,1.5,0.00461499,129.487,16.1825,6.47434,0.01,0.95,10,10000,0.938,0.497,5,3,0.105622,0,0.6
4945,10000,9.81877,7.49894,10,0.0949294,0.0630957,0.1,0.884872,0.8,0.9,0.195408,0.1,0.2,0.000922999,129.487,23.6888,6.47434,0.01,0.95,10,10000,0.938,0.497,1,1,0.182943,0,1
4946,10000,8.38779,7.49894,10,0.0886988,0.0630957,0.1,0.810037,0.8,0.9,0.231744,0.2,0.3,0.000922999,388.46,58.0254,19.423,0.01,0.95,10,10000,0.938,0.497,3,2,0.129361,0,0.666667
4947,10000,7.74264,7.49894,10,0.0914568,0.0630957,0.1,0.840682,0.8,0.9,0.470051,0.4,0.5,0.000922999,517.947,82.0602,25.8974,0.01,0.95,10,10000,0.938,0.497,4,2,0.129361,0,0.5
4948,10000,7.80958,7.49894,10,0.0909184,0.0630957,0.1,0.850754,0.8,0.9,0.577426,0.5,0.6,0.000922999,129.487,23.6888,6.47434,0.01,0.95,10,10000,0.938,0.497,1,1,0.182943,0,1
4949,10000,7.73384,7.49894,10,0.0990819,0.0630957,0.1,0.86697,0.8,0.9,0.711672,0.7,0.8,0.000922999,258.974,58.0254,12.9487,0.01,0.95,10,10000,0.938,0.497,2,1,0.182943,0,0.5
4950,10000,7.88077,7.49894,10,0.0829005,0.0630957,0.1,0.839456,0.8,0.9,1.03588,1,1.5,0.00461499,103.589,25.0698,5.17947,0.01,0.95,10,10000,0.938,0.497,4,1,0.182943,0,0.25
4951,10000,8.351,7.49894,10,0.0881685,0.0630957,0.1,0.951931,0.9,1,0.142393,0.1,0.2,0.000922999,129.487,23.6888,6.47434,0.01,0.95,10,10000,0.938,0.497,1,1,0.182943,0,1
4952,10000,7.8102,7.49894,10,0.0803383,0.0630957,0.1,0.97418,0.9,1,0.385482,0.3,0.4,0.000922999,258.974,58.0254,12.9487,0.01,0.95,10,10000,0.938,0.497,2,1,0.182943,0,0.5
4953,10000,8.16548,7.49894,10,0.085208,0.0630957,0.1,0.96167,0.9,1,0.609299,0.6,0.7,0.000922999,129.487,23.6888,6.47434,0.01,0.95,10,10000,0.938,0.497,1,1,0.182943,0,1
4954,10000,8.6936,7.49894,10,0.157017,0.1,0.251189,0.0711826,0.05,0.1,0.0671159,0,0.1,0.00189066,8154.59,143.069,407.729,0.01,0.95,10,10000,0.938,0.497,129,118,0.0168413,0,0.914729
4955,10000,8.63267,7.49894,10,0.159273,0.1,0.251189,0.0728538,0.05,0.1,0.153881,0.1,0.2,0.00189066,22061.6,248.115,1103.08,0.01,0.95,10,10000,0.938,0.497,349,301,0.0105447,0,0.862464
4956,10000,8.60677,7.49894,10,0.154007,0.1,0.251189,0.0732807,0.05,0.1,0.253726,0.2,0.3,0.00189066,29773.7,285.276,1488.69,0.01,0.95,10,10000,0.938,0.497,471,411,0.00902393,0,0.872611
4957,10000,8.60495,7.49894,10,0.156297,0.1,0.251189,0.0738913,0.05,0.1,0.348901,0.3,0.4,0.00189066,25791.2,266.857,1289.56,0.01,0.95,10,10000,0.938,0.497,408,354,0.00972333,0,0.867647
4958,10000,8.69169,7.49894,10,0.157597,0.1,0.251189,0.0745704,0.05,0.1,0.449133,0.4,0.5,0.00189066,23705.2,251.283,1185.26,0.01,0.95,10,10000,0.938,0.497,375,332,0.0100403,0,0.885333
4959,10000,8.69493,7.49894,10,0.154299,0.1,0.251189,0.0750425,0.05,0.1,0.550987,0.5,0.6,0.00189066,18521.7,210.512,926.083,0.01,0.95,10,10000,0.938,0.497,293,275,0.0110319,0,0.938567
4960,10000,8.67606,7.49894,10,0.152517,0.1,0.251189,0.0735764,0.05,0.1,0.64783,0.6,0.7,0.00189066,15550.6,214.615,777.53,0.01,0.95,10,10000,0.938,0.497,246,205,0.0127773,0,0.833333
4961,10000,8.71573,7.49894,10,0.153308,0.1,0.251189,0.0757678,0.05,0.1,0.749312,0.7,0.8,0.00189066,11188.9,170.386,559.443,0.01,0.95,10,10000,0.938,0.497,177,159,0.0145084,0,0.898305
4962,10000,8.75104,7.49894,10,0.149009,0.1,0.251189,0.0718003,0.05,0.1,0.844974,0.8,0.9,0.00189066,6890.31,125.253,344.515,0.01,0.95,10,10000,0.938,0.497,109,105,0.0178534,0,0.963303
4963,10000,8.65386,7.49894,10,0.15281,0.1,0.251189,0.0746733,0.05,0.1,0.945807,0.9,1,0.00189066,5309.96,122.388,265.498,0.01,0.95,10,10000,0.938,0.497,84,72,0.0215601,0,0.857143
4964,10000,8.80389,7.49894,10,0.147314,0.1,0.251189,0.0766259,0.05,0.1,1.17041,1,1.5,0.00945332,1883.77,32.5366,94.1886,0.01,0.95,10,10000,0.938,0.497,149,128,0.0161701,0,0.85906
4965,10000,8.70549,7.49894,10,0.165075,0.1,0.251189,0.122814,0.1,0.15,0.0602628,0,0.1,0.00189066,5499.6,116.925,274.98,0.01,0.95,10,10000,0.938,0.497,87,80,0.0204537,0,0.91954
4966,10000,8.59765,7.49894,10,0.156965,0.1,0.251189,0.122977,0.1,0.15,0.15432,0.1,0.2,0.00189066,14159.9,185.92,707.995,0.01,0.95,10,10000,0.938,0.497,224,208,0.0126848,0,0.928571
4967,10000,8.56746,7.49894,10,0.161181,0.1,0.251189,0.122177,0.1,0.15,0.246935,0.2,0.3,0.00189066,17573.4,207.229,878.672,0.01,0.95,10,10000,0.938,0.497,278,258,0.0113896,0,0.928058
4968,10000,8.63269,7.49894,10,0.160111,0.1,0.251189,0.124514,0.1,0.15,0.348535,0.3,0.4,0.00189066,17699.9,221.021,884.994,0.01,0.95,10,10000,0.938,0.497,280,243,0.0117358,0,0.867857
4969,10000,8.59748,7.49894,10,0.160821,0.1,0.251189,0.12445,0.1,0.15,0.448473,0.4,0.5,0.00189066,17383.8,212.407,869.19,0.01,0.95,10,10000,0.938,0.497,275,247,0.0116404,0,0.898182
4970,10000,8.59308,7.49894,10,0.161014,0.1,0.251189,0.122952,0.1,0.15,0.544896,0.5,0.6,0.00189066,14476,202.334,723.799,0.01,0.95,10,10000,0.938,0.497,229,196,0.0130674,0,0.855895
4971,10000,8.56189,7.49894,10,0.15451,0.1,0.251189,0.124731,0.1,0.15,0.64459,0.6,0.7,0.00189066,10556.7,163.531,527.836,0.01,0.95,10,10000,0.938,0.497,167,152,0.0148387,0,0.91018
4972,10000,8.60253,7.49894,10,0.162365,0.1,0.251189,0.12353,0.1,0.15,0.746791,0.7,0.8,0.00189066,7648.88,149.034,382.444,0.01,0.95,10,10000,0.938,0.497,121,102,0.0181141,0,0.842975
4973,10000,8.65779,7.49894,10,0.16053,0.1,0.251189,0.122597,0.1,0.15,0.841807,0.8,0.9,0.00189066,5626.03,119.39,281.302,0.01,0.95,10,10000,0.938,0.497,89,81,0.020327,0,0.910112
4974,10000,8.56454,7.49894,10,0.156523,0.1,0.251189,0.127847,0.1,0.15,0.944091,0.9,1,0.00189066,4993.89,127.903,249.695,0.01,0.95,10,10000,0.938,0.497,79,62,0.0232338,0,0.78481
4975,10000,8.56153,7.49894,10,0.158273,0.1,0.251189,0.125182,0.1,0.15,1.19823,1,1.5,0.00945332,2174.56,34.2936,108.728,0.01,0.95,10,10000,0.938,0.497,172,151,0.0148877,0,0.877907
4976,10000,8.79825,7.49894,10,0.16437,0.1,0.251189,0.172022,0.15,0.2,0.0615272,0,0.1,0.00189066,3350.33,92.5466,167.517,0.01,0.95,10,10000,0.938,0.497,53,48,0.0264056,0,0.90566
4977,10000,8.67178,7.49894,10,0.161534,0.1,0.251189,0.172456,0.15,0.2,0.156562,0.1,0.2,0.00189066,9608.5,163.847,480.425,0.01,0.95,10,10000,0.938,0.497,152,131,0.0159838,0,0.861842
4978,10000,8.60425,7.49894,10,0.156244,0.1,0.251189,0.171618,0.15,0.2,0.252867,0.2,0.3,0.00189066,11631.3,173.998,581.567,0.01,0.95,10,10000,0.938,0.497,184,165,0.0142421,0,0.896739
4979,10000,8.65226,7.49894,10,0.161765,0.1,0.251189,0.173104,0.15,0.2,0.349971,0.3,0.4,0.00189066,12516.3,172.908,625.817,0.01,0.95,10,10000,0.938,0.497,198,186,0.0134141,0,0.939394
4980,10000,8.63843,7.49894,10,0.159976,0.1,0.251189,0.173316,0.15,0.2,0.448679,0.4,0.5,0.00189066,12137.1,176.969,606.853,0.01,0.95,10,10000,0.938,0.497,192,173,0.0139089,0,0.901042
4981,10000,8.57982,7.49894,10,0.165214,0.1,0.251189,0.17379,0.15,0.2,0.549505,0.5,0.6,0.00189066,10683.1,173.447,534.157,0.01,0.95,10,10000,0.938,0.497,169,145,0.0151926,0,0.857988
4982,10000,8.52268,7.49894,10,0.165453,0.1,0.251189,0.171329,0.15,0.2,0.645663,0.6,0.7,0.00189066,8028.16,146.746,401.408,0.01,0.95,10,10000,0.938,0.497,127,112,0.0172865,0,0.88189
4983,10000,8.69968,7.49894,10,0.168464,0.1,0.251189,0.172364,0.15,0.2,0.749003,0.7,0.8,0.00189066,5183.54,111.314,259.177,0.01,0.95,10,10000,0.938,0.497,82,77,0.0208483,0,0.939024
4984,10000,8.65341,7.49894,10,0.156606,0.1,0.251189,0.173026,0.15,0.2,0.850262,0.8,0.9,0.00189066,3666.4,101.188,183.32,0.01,0.95,10,10000,0.938,0.497,58,50,0.0258721,0,0.862069
4985,10000,8.66338,7.49894,10,0.157291,0.1,0.251189,0.171243,0.15,0.2,0.941391,0.9,1,0.00189066,3160.69,104.452,158.035,0.01,0.95,10,10000,0.938,0.497,50,38,0.0296773,0,0.76
4986,10000,8.65292,7.49894,10,0.160104,0.1,0.251189,0.172713,0.15,0.2,1.20057,1,1.5,0.00945332,1618.27,30.8791,80.9137,0.01,0.95,10,10000,0.938,0.497,128,107,0.0176858,0,0.835938
4987,10000,8.57796,7.49894,10,0.167258,0.1,0.251189,0.223751,0.2,0.25,0.067435,0,0.1,0.00189066,1769.99,63.4198,88.4994,0.01,0.95,10,10000,0.938,0.497,28,27,0.0352075,0,0.964286
4988,10000,8.50942,7.49894,10,0.152886,0.1,0.251189,0.222563,0.2,0.25,0.156478,0.1,0.2,0.00189066,6258.17,131.313,312.909,0.01,0.95,10,10000,0.938,0.497,99,86,0.0197273,0,0.868687
4989,10000,8.57438,7.49894,10,0.160183,0.1,0.251189,0.225499,0.2,0.25,0.249895,0.2,0.3,0.00189066,7079.95,-nan,353.998,0.01,0.95,10,10000,0.938,0.497,112,118,0.0168413,0,1.05357
4990,10000,8.53638,7.49894,10,0.161049,0.1,0.251189,0.222773,0.2,0.25,0.350052,0.3,0.4,0.00189066,9734.93,160.335,486.747,0.01,0.95,10,10000,0.938,0.497,154,137,0.0156299,0,0.88961
4991,10000,8.53816,7.49894,10,0.167728,0.1,0.251189,0.223632,0.2,0.25,0.446612,0.4,0.5,0.00189066,7206.38,129.015,360.319,0.01,0.95,10,10000,0.938,0.497,114,109,0.0175228,0,0.95614
4992,10000,8.5618,7.49894,10,0.165258,0.1,0.251189,0.224,0.2,0.25,0.554301,0.5,0.6,0.00189066,5878.89,-nan,293.944,0.01,0.95,10,10000,0.938,0.497,93,94,0.0188692,0,1.01075
4993,10000,8.53448,7.49894,10,0.157617,0.1,0.251189,0.223977,0.2,0.25,0.650319,0.6,0.7,0.00189066,5815.67,117.125,290.784,0.01,0.95,10,10000,0.938,0.497,92,87,0.0196136,0,0.945652
4994,10000,8.61958,7.49894,10,0.165702,0.1,0.251189,0.224147,0.2,0.25,0.744296,0.7,0.8,0.00189066,4361.76,116.243,218.088,0.01,0.95,10,10000,0.938,0.497,69,56,0.0244468,0,0.811594
4995,10000,8.69559,7.49894,10,0.159241,0.1,0.251189,0.223737,0.2,0.25,0.853397,0.8,0.9,0.00189066,3919.26,100.343,195.963,0.01,0.95,10,10000,0.938,0.497,62,56,0.0244468,0,0.903226
4996,10000,8.54331,7.49894,10,0.152115,0.1,0.251189,0.218188,0.2,0.25,0.945837,0.9,1,0.00189066,2465.34,76.0243,123.267,0.01,0.95,10,10000,0.938,0.497,39,37,0.0300757,0,0.948718
4997,10000,8.62175,7.49894,10,0.153396,0.1,0.251189,0.223074,0.2,0.25,1.18089,1,1.5,0.00945332,1188.42,23.9046,59.421,0.01,0.95,10,10000,0.938,0.497,94,88,0.0195018,0,0.93617
4998,10000,8.52337,7.49894,10,0.167795,0.1,0.251189,0.273675,0.25,0.3,0.0653323,0,0.1,0.00189066,1643.56,63.6926,82.178,0.01,0.95,10,10000,0.938,0.497,26,24,0.0373432,0,0.923077
4999,10000,8.66579,7.49894,10,0.164889,0.1,0.251189,0.274704,0.25,0.3,0.152273,0.1,0.2,0.00189066,4298.54,95.3638,214.927,0.01,0.95,10,10000,0.938,0.497,68,68,0.0221851,0,1
5000,10000,8.52214,7.49894,10,0.161446,0.1,0.251189,0.27641,0.25,0.3,0.255622,0.2,0.3,0.00189066,5120.32,116.366,256.016,0.01,0.95,10,10000,0.938,0.497,81,72,0.0215601,0,0.888889
5001,10000,8.56404,7.49894,10,0.157041,0.1,0.251189,0.272733,0.25,0.3,0.348778,0.3,0.4,0.00189066,5815.67,112.136,290.784,0.01,0.95,10,10000,0.938,0.497,92,91,0.0191777,0,0.98913
5002,10000,8.61758,7.49894,10,0.16142,0.1,0.251189,0.271497,0.25,0.3,0.450244,0.4,0.5,0.00189066,6511.03,129.373,325.551,0.01,0.95,10,10000,0.938,0.497,103,93,0.0189703,0,0.902913
5003,10000,8.64494,7.49894,10,0.157009,0.1,0.251189,0.274497,0.25,0.3,0.546395,0.5,0.6,0.00189066,4172.11,109.449,208.606,0.01,0.95,10,10000,0.938,0.497,66,56,0.0244468,0,0.848485
5004,10000,8.75818,7.49894,10,0.158902,0.1,0.251189,0.271095,0.25,0.3,0.645399,0.6,0.7,0.00189066,4488.18,101.653,224.409,0.01,0.95,10,10000,0.938,0.497,71,68,0.0221851,0,0.957746
5005,10000,8.51972,7.49894,10,0.167233,0.1,0.251189,0.272864,0.25,0.3,0.749753,0.7,0.8,0.00189066,3539.98,94.6461,176.999,0.01,0.95,10,10000,0.938,0.497,56,51,0.0256172,0,0.910714
5006,10000,8.66109,7.49894,10,0.159895,0.1,0.251189,0.275157,0.25,0.3,0.844758,0.8,0.9,0.00189066,3034.26,-nan,151.713,0.01,0.95,10,10000,0.938,0.497,48,49,0.0261348,0,1.02083
5007,10000,8.84662,7.49894,10,0.169257,0.1,0.251189,0.27325,0.25,0.3,0.9426,0.9,1,0.00189066,1769.99,68.1426,88.4994,0.01,0.95,10,10000,0.938,0.497,28,25,0.0365887,0,0.892857
5008,10000,8.68754,7.49894,10,0.162247,0.1,0.251189,0.27647,0.25,0.3,1.19107,1,1.5,0.00945332,884.994,21.0875,44.2497,0.01,0.95,10,10000,0.938,0.497,70,64,0.0228679,0,0.914286
5009,10000,8.4812,7.49894,10,0.173006,0.1,0.251189,0.336351,0.3,0.4,0.0702259,0,0.1,0.00378133,1327.49,42.2349,66.3745,0.01,0.95,10,10000,0.938,0.497,42,37,0.0300757,0,0.880952
5010,10000,8.50359,7.49894,10,0.164568,0.1,0.251189,0.350475,0.3,0.4,0.157616,0.1,0.2,0.00378133,2654.98,57.6121,132.749,0.01,0.95,10,10000,0.938,0.497,84,77,0.0208483,0,0.916667
5011,10000,8.54121,7.49894,10,0.166368,0.1,0.251189,0.343678,0.3,0.4,0.256142,0.2,0.3,0.00378133,3982.47,67.5347,199.124,0.01,0.95,10,10000,0.938,0.497,126,121,0.0166312,0,0.960317
5012,10000,8.61747,7.49894,10,0.170721,0.1,0.251189,0.336511,0.3,0.4,0.352542,0.3,0.4,0.00378133,4014.08,66.7209,200.704,0.01,0.95,10,10000,0.938,0.497,127,124,0.0164288,0,0.976378
5013,10000,8.72578,7.49894,10,0.168154,0.1,0.251189,0.344696,0.3,0.4,0.448244,0.4,0.5,0.00378133,3445.15,67.4247,172.258,0.01,0.95,10,10000,0.938,0.497,109,97,0.0185751,0,0.889908
5014,10000,8.63843,7.49894,10,0.168241,0.1,0.251189,0.338554,0.3,0.4,0.553806,0.5,0.6,0.00378133,2907.84,63.236,145.392,0.01,0.95,10,10000,0.938,0.497,92,80,0.0204537,0,0.869565
5015,10000,8.6462,7.49894,10,0.161729,0.1,0.251189,0.353213,0.3,0.4,0.649386,0.6,0.7,0.00378133,3129.09,69.8735,156.454,0.01,0.95,10,10000,0.938,0.497,99,80,0.0204537,0,0.808081
5016,10000,8.40313,7.49894,10,0.161319,0.1,0.251189,0.350819,0.3,0.4,0.750071,0.7,0.8,0.00378133,2117.66,49.4989,105.883,0.01,0.95,10,10000,0.938,0.497,67,64,0.0228679,0,0.955224
5017,10000,8.56291,7.49894,10,0.154425,0.1,0.251189,0.342247,0.3,0.4,0.840198,0.8,0.9,0.00378133,1801.59,54.0573,90.0797,0.01,0.95,10,10000,0.938,0.497,57,45,0.0272716,0,0.789474
5018,10000,8.68014,7.49894,10,0.154248,0.1,0.251189,0.352437,0.3,0.4,0.945413,0.9,1,0.00378133,1359.1,44.6855,67.9549,0.01,0.95,10,10000,0.938,0.497,43,36,0.0304906,0,0.837209
5019,10000,8.55599,7.49894,10,0.156615,0.1,0.251189,0.349037,0.3,0.4,1.19932,1,1.5,0.0189066,480.425,11.5083,24.0213,0.01,0.95,10,10000,0.938,0.497,76,66,0.0225188,0,0.868421
5020,10000,8.61717,7.49894,10,0.155129,0.1,0.251189,0.439778,0.4,0.5,0.0606472,0,0.1,0.00378133,568.925,29.0268,28.4462,0.01,0.95,10,10000,0.938,0.497,18,15,0.0472358,0,0.833333
5021,10000,8.49986,7.49894,10,0.154946,0.1,0.251189,0.449466,0.4,0.5,0.160921,0.1,0.2,0.00378133,1485.53,47.0757,74.2763,0.01,0.95,10,10000,0.938,0.497,47,39,0.0292944,0,0.829787
5022,10000,8.58721,7.49894,10,0.158011,0.1,0.251189,0.450713,0.4,0.5,0.249749,0.2,0.3,0.00378133,2180.88,49.4442,109.044,0.01,0.95,10,10000,0.938,0.497,69,67,0.0223501,0,0.971014
5023,10000,8.59001,7.49894,10,0.160313,0.1,0.251189,0.439859,0.4,0.5,0.348536,0.3,0.4,0.00378133,2275.7,53.3385,113.785,0.01,0.95,10,10000,0.938,0.497,72,66,0.0225188,0,0.916667
5024,10000,8.6414,7.49894,10,0.159966,0.1,0.251189,0.443843,0.4,0.5,0.449029,0.4,0.5,0.00378133,2022.84,48.4799,101.142,0.01,0.95,10,10000,0.938,0.497,64,61,0.0234235,0,0.953125
5025,10000,8.5095,7.49894,10,0.167535,0.1,0.251189,0.437285,0.4,0.5,0.55561,0.5,0.6,0.00378133,1801.59,43.6552,90.0797,0.01,0.95,10,10000,0.938,0.497,57,57,0.0242314,0,1
5026,10000,8.53576,7.49894,10,0.153699,0.1,0.251189,0.445169,0.4,0.5,0.654268,0.6,0.7,0.00378133,1769.99,46.4801,88.4994,0.01,0.95,10,10000,0.938,0.497,56,52,0.0253697,0,0.928571
5027,10000,8.47394,7.49894,10,0.160158,0.1,0.251189,0.448454,0.4,0.5,0.749571,0.7,0.8,0.00378133,1643.56,45.0375,82.178,0.01,0.95,10,10000,0.938,0.497,52,48,0.0264056,0,0.923077
5028,10000,8.63226,7.49894,10,0.157796,0.1,0.251189,0.442516,0.4,0.5,0.857501,0.8,0.9,0.00378133,948.208,-nan,47.4104,0.01,0.95,10,10000,0.938,0.497,30,32,0.0323401,0,1.06667
5029,10000,8.52842,7.49894,10,0.165295,0.1,0.251189,0.466921,0.4,0.5,0.950586,0.9,1,0.00378133,726.959,39.8656,36.348,0.01,0.95,10,10000,0.938,0.497,23,15,0.0472358,0,0.652174
5030,10000,8.58839,7.49894,10,0.156163,0.1,0.251189,0.449452,0.4,0.5,1.21101,1,1.5,0.0189066,353.998,9.46461,17.6999,0.01,0.95,10,10000,0.938,0.497,56,51,0.0256172,0,0.910714
5031,10000,8.28004,7.49894,10,0.168315,0.1,0.251189,0.545484,0.5,0.6,0.0651334,0,0.1,0.00378133,379.283,-nan,18.9642,0.01,0.95,10,10000,0.938,0.497,12,13,0.0507394,0,1.08333
5032,10000,8.623,7.49894,10,0.179024,0.1,0.251189,0.550331,0.5,0.6,0.15187,0.1,0.2,0.00378133,695.352,31.1102,34.7676,0.01,0.95,10,10000,0.938,0.497,22,19,0.0419701,0,0.863636
5033,10000,8.50742,7.49894,10,0.165028,0.1,0.251189,0.543266,0.5,0.6,0.252231,0.2,0.3,0.00378133,853.387,-nan,42.6693,0.01,0.95,10,10000,0.938,0.497,27,29,0.0339717,0,1.07407
5034,10000,8.42225,7.49894,10,0.164659,0.1,0.251189,0.541159,0.5,0.6,0.34978,0.3,0.4,0.00378133,1169.46,36.136,58.4728,0.01,0.95,10,10000,0.938,0.497,37,36,0.0304906,0,0.972973
5035,10000,8.52259,7.49894,10,0.164765,0.1,0.251189,0.5501,0.5,0.6,0.455693,0.4,0.5,0.00378133,1264.28,36.5703,63.2138,0.01,0.95,10,10000,0.938,0.497,40,40,0.0289259,0,1
5036,10000,8.35564,7.49894,10,0.172478,0.1,0.251189,0.546658,0.5,0.6,0.54597,0.5,0.6,0.00378133,1264.28,-nan,63.2138,0.01,0.95,10,10000,0.938,0.497,40,41,0.028571,0,1.025
5037,10000,8.61735,7.49894,10,0.159548,0.1,0.251189,0.555998,0.5,0.6,0.650894,0.6,0.7,0.00378133,1169.46,42.5957,58.4728,0.01,0.95,10,10000,0.938,0.497,37,30,0.0334007,0,0.810811
5038,10000,8.4628,7.49894,10,0.174227,0.1,0.251189,0.559535,0.5,0.6,0.732399,0.7,0.8,0.00378133,758.566,33.5173,37.9283,0.01,0.95,10,10000,0.938,0.497,24,20,0.0409074,0,0.833333
5039,10000,8.37667,7.49894,10,0.161507,0.1,0.251189,0.548169,0.5,0.6,0.842579,0.8,0.9,0.00378133,537.318,26.8321,26.8659,0.01,0.95,10,10000,0.938,0.497,17,15,0.0472358,0,0.882353
5040,10000,8.9077,7.49894,10,0.152276,0.1,0.251189,0.530652,0.5,0.6,0.949461,0.9,1,0.00378133,316.069,22.3947,15.8035,0.01,0.95,10,10000,0.938,0.497,10,8,0.0646803,0,0.8
5041,10000,8.7897,7.49894,10,0.172006,0.1,0.251189,0.543476,0.5,0.6,1.19942,1,1.5,0.0189066,233.891,-nan,11.6946,0.01,0.95,10,10000,0.938,0.497,37,45,0.0272716,0,1.21622
5042,10000,8.08504,7.49894,10,0.182764,0.1,0.251189,0.638093,0.6,0.7,0.0528731,0,0.1,0.00378133,63.2138,8.17738,3.16069,0.01,0.95,10,10000,0.938,0.497,2,2,0.129361,0,1
5043,10000,8.50055,7.49894,10,0.177059,0.1,0.251189,0.649291,0.6,0.7,0.161969,0.1,0.2,0.00378133,632.138,28.5883,31.6069,0.01,0.95,10,10000,0.938,0.497,20,18,0.0431202,0,0.9
5044,10000,9.09381,7.49894,10,0.180693,0.1,0.251189,0.632102,0.6,0.7,0.262736,0.2,0.3,0.00378133,442.497,26.8962,22.1248,0.01,0.95,10,10000,0.938,0.497,14,11,0.0551595,0,0.785714
5045,10000,8.38387,7.49894,10,0.17872,0.1,0.251189,0.657738,0.6,0.7,0.362402,0.3,0.4,0.00378133,853.387,34.8817,42.6693,0.01,0.95,10,10000,0.938,0.497,27,23,0.0381463,0,0.851852
5046,10000,8.94912,7.49894,10,0.152819,0.1,0.251189,0.652579,0.6,0.7,0.452939,0.4,0.5,0.00378133,726.959,34.5864,36.348,0.01,0.95,10,10000,0.938,0.497,23,18,0.0431202,0,0.782609
5047,10000,8.63755,7.49894,10,0.163598,0.1,0.251189,0.633541,0.6,0.7,0.54477,0.5,0.6,0.00378133,600.532,26.5677,30.0266,0.01,0.95,10,10000,0.938,0.497,19,18,0.0431202,0,0.947368
5048,10000,8.73274,7.49894,10,0.163284,0.1,0.251189,0.638122,0.6,0.7,0.647523,0.6,0.7,0.00378133,726.959,-nan,36.348,0.01,0.95,10,10000,0.938,0.497,23,25,0.0365887,0,1.08696
5049,10000,8.71655,7.49894,10,0.175374,0.1,0.251189,0.640477,0.6,0.7,0.769577,0.7,0.8,0.00378133,379.283,28.3273,18.9642,0.01,0.95,10,10000,0.938,0.497,12,8,0.0646803,0,0.666667
5050,10000,8.3534,7.49894,10,0.170089,0.1,0.251189,0.640522,0.6,0.7,0.871999,0.8,0.9,0.00378133,347.676,21.0081,17.3838,0.01,0.95,10,10000,0.938,0.497,11,10,0.0578518,0,0.909091
5051,10000,8.37002,7.49894,10,0.178753,0.1,0.251189,0.632569,0.6,0.7,0.958817,0.9,1,0.00378133,316.069,18.2852,15.8035,0.01,0.95,10,10000,0.938,0.497,10,10,0.0578518,0,1
5052,10000,8.61802,7.49894,10,0.166098,0.1,0.251189,0.65219,0.6,0.7,1.19722,1,1.5,0.0189066,164.356,8.46107,8.2178,0.01,0.95,10,10000,0.938,0.497,26,17,0.0443703,0,0.653846
5053,10000,8.24811,7.49894,10,0.193168,0.1,0.251189,0.754963,0.7,0.8,0.0737535,0,0.1,0.00378133,126.428,14.9298,6.32138,0.01,0.95,10,10000,0.938,0.497,4,3,0.105622,0,0.75
5054,10000,8.31403,7.49894,10,0.197444,0.1,0.251189,0.726005,0.7,0.8,0.156004,0.1,0.2,0.00378133,126.428,-nan,6.32138,0.01,0.95,10,10000,0.938,0.497,4,5,0.0818148,0,1.25
5055,10000,8.55895,7.49894,10,0.168025,0.1,0.251189,0.749326,0.7,0.8,0.258458,0.2,0.3,0.00378133,221.248,20.525,11.0624,0.01,0.95,10,10000,0.938,0.497,7,5,0.0818148,0,0.714286
5056,10000,8.71422,7.49894,10,0.15492,0.1,0.251189,0.740869,0.7,0.8,0.336307,0.3,0.4,0.00378133,568.925,29.0268,28.4462,0.01,0.95,10,10000,0.938,0.497,18,15,0.0472358,0,0.833333
5057,10000,8.51575,7.49894,10,0.177277,0.1,0.251189,0.756681,0.7,0.8,0.458834,0.4,0.5,0.00378133,316.069,20.215,15.8035,0.01,0.95,10,10000,0.938,0.497,10,9,0.0609811,0,0.9
5058,10000,8.3442,7.49894,10,0.162193,0.1,0.251189,0.747906,0.7,0.8,0.555369,0.5,0.6,0.00378133,379.283,-nan,18.9642,0.01,0.95,10,10000,0.938,0.497,12,13,0.0507394,0,1.08333
5059,10000,8.65208,7.49894,10,0.153366,0.1,0.251189,0.745587,0.7,0.8,0.633891,0.6,0.7,0.00378133,221.248,15.2985,11.0624,0.01,0.95,10,10000,0.938,0.497,7,7,0.0691461,0,1
5060,10000,8.42332,7.49894,10,0.163053,0.1,0.251189,0.745086,0.7,0.8,0.736009,0.7,0.8,0.00378133,221.248,-nan,11.0624,0.01,0.95,10,10000,0.938,0.497,7,8,0.0646803,0,1.14286
5061,10000,8.98561,7.49894,10,0.164604,0.1,0.251189,0.731055,0.7,0.8,0.857719,0.8,0.9,0.00378133,221.248,17.6651,11.0624,0.01,0.95,10,10000,0.938,0.497,7,6,0.0746863,0,0.857143
5062,10000,8.61123,7.49894,10,0.191146,0.1,0.251189,0.742321,0.7,0.8,0.970546,0.9,1,0.00378133,126.428,11.5646,6.32138,0.01,0.95,10,10000,0.938,0.497,4,4,0.0914717,0,1
5063,10000,8.68394,7.49894,10,0.170845,0.1,0.251189,0.738054,0.7,0.8,1.26228,1,1.5,0.0189066,75.8566,-nan,3.79283,0.01,0.95,10,10000,0.938,0.497,12,13,0.0507394,0,1.08333
5064,10000,9.2739,7.49894,10,0.172691,0.1,0.251189,0.844172,0.8,0.9,0.153762,0.1,0.2,0.00378133,189.642,-nan,9.48208,0.01,0.95,10,10000,0.938,0.497,6,7,0.0691461,0,1.16667
5065,10000,9.14016,7.49894,10,0.148997,0.1,0.251189,0.81701,0.8,0.9,0.262938,0.2,0.3,0.00378133,94.8208,-nan,4.74104,0.01,0.95,10,10000,0.938,0.497,3,4,0.0914717,0,1.33333
5066,10000,8.28636,7.49894,10,0.181592,0.1,0.251189,0.836078,0.8,0.9,0.356118,0.3,0.4,0.00378133,284.462,17.3468,14.2231,0.01,0.95,10,10000,0.938,0.497,9,9,0.0609811,0,1
5067,10000,8.45279,7.49894,10,0.144347,0.1,0.251189,0.846322,0.8,0.9,0.463478,0.4,0.5,0.00378133,158.035,-nan,7.90173,0.01,0.95,10,10000,0.938,0.497,5,7,0.0691461,0,1.4
5068,10000,8.0984,7.49894,10,0.16819,0.1,0.251189,0.825776,0.8,0.9,0.533478,0.5,0.6,0.00378133,189.642,16.7586,9.48208,0.01,0.95,10,10000,0.938,0.497,6,5,0.0818148,0,0.833333
5069,10000,8.22138,7.49894,10,0.183876,0.1,0.251189,0.843811,0.8,0.9,0.662545,0.6,0.7,0.00378133,94.8208,22.3947,4.74104,0.01,0.95,10,10000,0.938,0.497,3,1,0.182943,0,0.333333
5070,10000,9.13061,7.49894,10,0.154843,0.1,0.251189,0.824746,0.8,0.9,0.76998,0.7,0.8,0.00378133,31.6069,-nan,1.58035,0.01,0.95,10,10000,0.938,0.497,1,2,0.129361,0,2
5071,10000,9.02834,7.49894,10,0.149442,0.1,0.251189,0.843119,0.8,0.9,0.866108,0.8,0.9,0.00378133,126.428,14.9298,6.32138,0.01,0.95,10,10000,0.938,0.497,4,3,0.105622,0,0.75
5072,10000,7.76559,7.49894,10,0.137448,0.1,0.251189,0.847496,0.8,0.9,0.907017,0.9,1,0.00378133,63.2138,8.17738,3.16069,0.01,0.95,10,10000,0.938,0.497,2,2,0.129361,0,1
5073,10000,8.70604,7.49894,10,0.129223,0.1,0.251189,0.826055,0.8,0.9,1.15978,1,1.5,0.0189066,31.6069,3.16708,1.58035,0.01,0.95,10,10000,0.938,0.497,5,4,0.0914717,0,0.8
5074,10000,8.76488,7.49894,10,0.183936,0.1,0.251189,0.943869,0.9,1,0.28418,0.2,0.3,0.00378133,31.6069,5.78228,1.58035,0.01,0.95,10,10000,0.938,0.497,1,1,0.182943,0,1
5075,10000,9.23411,7.49894,10,0.138745,0.1,0.251189,0.918155,0.9,1,0.343272,0.3,0.4,0.00378133,31.6069,-nan,1.58035,0.01,0.95,10,10000,0.938,0.497,1,2,0.129361,0,2
5076,10000,8.73623,7.49894,10,0.165025,0.1,0.251189,0.979441,0.9,1,0.439748,0.4,0.5,0.00378133,94.8208,14.1636,4.74104,0.01,0.95,10,10000,0.938,0.497,3,2,0.129361,0,0.666667
5077,10000,9.1447,7.49894,10,0.184976,0.1,0.251189,0.963147,0.9,1,0.539728,0.5,0.6,0.00378133,63.2138,14.1636,3.16069,0.01,0.95,10,10000,0.938,0.497,2,1,0.182943,0,0.5
5078,10000,8.55317,7.49894,10,0.170317,0.1,0.251189,0.929923,0.9,1,0.668483,0.6,0.7,0.00378133,63.2138,-nan,3.16069,0.01,0.95,10,10000,0.938,0.497,2,3,0.105622,0,1.5
5079,10000,9.33085,7.49894,10,0.214982,0.1,0.251189,0.941587,0.9,1,0.727079,0.7,0.8,0.00378133,31.6069,5.78228,1.58035,0.01,0.95,10,10000,0.938,0.497,1,1,0.182943,0,1
5080,10000,7.76178,7.49894,10,0.200132,0.1,0.251189,0.922531,0.9,1,0.929323,0.9,1,0.00378133,31.6069,5.78228,1.58035,0.01,0.95,10,10000,0.938,0.497,1,1,0.182943,0,1
5081,10000,8.85467,7.49894,10,0.217768,0.1,0.251189,0.906536,0.9,1,1.12839,1,1.5,0.0189066,0,0,0,0.01,0.95,10,10000,0.938,0.497,0,2,0.129361,0,0
5082,10000,9.13468,7.49894,10,0.342381,0.251189,0.630957,0.0738851,0.05,0.1,0.0688291,0,0.1,0.00474911,704.648,32.6848,35.2324,0.01,0.95,10,10000,0.938,0.497,28,20,0.0409074,0,0.714286
5083,10000,8.73629,7.49894,10,0.312797,0.251189,0.630957,0.0739869,0.05,0.1,0.155833,0.1,0.2,0.00474911,1761.62,46.4816,88.081,0.01,0.95,10,10000,0.938,0.497,70,57,0.0242314,0,0.814286
5084,10000,8.75649,7.49894,10,0.321451,0.251189,0.630957,0.0762723,0.05,0.1,0.249734,0.2,0.3,0.00474911,2592.1,52.0125,129.605,0.01,0.95,10,10000,0.938,0.497,103,92,0.0190732,0,0.893204
5085,10000,8.91108,7.49894,10,0.319293,0.251189,0.630957,0.0784312,0.05,0.1,0.351765,0.3,0.4,0.00474911,2113.94,44.787,105.697,0.01,0.95,10,10000,0.938,0.497,84,79,0.0205827,0,0.940476
5086,10000,8.84058,7.49894,10,0.312275,0.251189,0.630957,0.0788129,0.05,0.1,0.45054,0.4,0.5,0.00474911,2013.28,51.7718,100.664,0.01,0.95,10,10000,0.938,0.497,80,62,0.0232338,0,0.775
5087,10000,8.9079,7.49894,10,0.32117,0.251189,0.630957,0.077307,0.05,0.1,0.550173,0.5,0.6,0.00474911,1409.3,50.0588,70.4648,0.01,0.95,10,10000,0.938,0.497,56,36,0.0304906,0,0.642857
5088,10000,8.74464,7.49894,10,0.310474,0.251189,0.630957,0.0826728,0.05,0.1,0.654775,0.6,0.7,0.00474911,1031.81,43.2643,51.5903,0.01,0.95,10,10000,0.938,0.497,41,26,0.0358782,0,0.634146
5089,10000,8.93621,7.49894,10,0.30738,0.251189,0.630957,0.0770946,0.05,0.1,0.746034,0.7,0.8,0.00474911,704.648,29.1812,35.2324,0.01,0.95,10,10000,0.938,0.497,28,23,0.0381463,0,0.821429
5090,10000,8.77395,7.49894,10,0.30816,0.251189,0.630957,0.0848346,0.05,0.1,0.862623,0.8,0.9,0.00474911,452.988,25.9812,22.6494,0.01,0.95,10,10000,0.938,0.497,18,13,0.0507394,0,0.722222
5091,10000,8.90328,7.49894,10,0.319275,0.251189,0.630957,0.0803508,0.05,0.1,0.950171,0.9,1,0.00474911,226.494,17.3141,11.3247,0.01,0.95,10,10000,0.938,0.497,9,7,0.0691461,0,0.777778
5092,10000,9.0053,7.49894,10,0.302853,0.251189,0.630957,0.0807886,0.05,0.1,1.12311,1,1.5,0.0237456,65.4316,5.46966,3.27158,0.01,0.95,10,10000,0.938,0.497,13,7,0.0691461,0,0.538462
5093,10000,8.53712,7.49894,10,0.312761,0.251189,0.630957,0.121218,0.1,0.15,0.0592833,0,0.1,0.00474911,780.146,31.1848,39.0073,0.01,0.95,10,10000,0.938,0.497,31,25,0.0365887,0,0.806452
5094,10000,8.58577,7.49894,10,0.342263,0.251189,0.630957,0.118914,0.1,0.15,0.149289,0.1,0.2,0.00474911,1660.96,39.7426,83.0478,0.01,0.95,10,10000,0.938,0.497,66,62,0.0232338,0,0.939394
5095,10000,8.52109,7.49894,10,0.340595,0.251189,0.630957,0.123342,0.1,0.15,0.247177,0.2,0.3,0.00474911,2667.59,56.2669,133.38,0.01,0.95,10,10000,0.938,0.497,106,88,0.0195018,0,0.830189
5096,10000,8.6456,7.49894,10,0.331523,0.251189,0.630957,0.122408,0.1,0.15,0.350388,0.3,0.4,0.00474911,2541.77,47.6645,127.088,0.01,0.95,10,10000,0.938,0.497,101,98,0.0184801,0,0.970297
5097,10000,8.74712,7.49894,10,0.32708,0.251189,0.630957,0.125311,0.1,0.15,0.446715,0.4,0.5,0.00474911,2818.59,52.8097,140.93,0.01,0.95,10,10000,0.938,0.497,112,103,0.0180259,0,0.919643
5098,10000,8.70979,7.49894,10,0.34265,0.251189,0.630957,0.126076,0.1,0.15,0.544574,0.5,0.6,0.00474911,1560.29,37.4404,78.0146,0.01,0.95,10,10000,0.938,0.497,62,60,0.0236179,0,0.967742
5099,10000,8.92404,7.49894,10,0.324994,0.251189,0.630957,0.124787,0.1,0.15,0.650657,0.6,0.7,0.00474911,1409.3,39.0658,70.4648,0.01,0.95,10,10000,0.938,0.497,56,49,0.0261348,0,0.875
5100,10000,8.46595,7.49894,10,0.343148,0.251189,0.630957,0.128693,0.1,0.15,0.735597,0.7,0.8,0.00474911,679.482,-nan,33.9741,0.01,0.95,10,10000,0.938,0.497,27,28,0.0345731,0,1.03704
5101,10000,8.6557,7.49894,10,0.342773,0.251189,0.630957,0.125909,0.1,0.15,0.851421,0.8,0.9,0.00474911,528.486,-nan,26.4243,0.01,0.95,10,10000,0.938,0.497,21,24,0.0373432,0,1.14286
5102,10000,8.97642,7.49894,10,0.286057,0.251189,0.630957,0.115294,0.1,0.15,0.953422,0.9,1,0.00474911,377.49,29.5694,18.8745,0.01,0.95,10,10000,0.938,0.497,15,8,0.0646803,0,0.533333
5103,10000,8.87959,7.49894,10,0.335217,0.251189,0.630957,0.127851,0.1,0.15,1.19897,1,1.5,0.0237456,150.996,5.04338,7.5498,0.01,0.95,10,10000,0.938,0.497,30,30,0.0334007,0,1
5104,10000,8.31955,7.49894,10,0.337044,0.251189,0.630957,0.178048,0.15,0.2,0.0742884,0,0.1,0.00474911,578.818,26.3208,28.9409,0.01,0.95,10,10000,0.938,0.497,23,19,0.0419701,0,0.826087
5105,10000,8.69139,7.49894,10,0.331739,0.251189,0.630957,0.175181,0.15,0.2,0.154861,0.1,0.2,0.00474911,1484.79,-nan,74.2397,0.01,0.95,10,10000,0.938,0.497,59,64,0.0228679,0,1.08475
5106,10000,8.48432,7.49894,10,0.347484,0.251189,0.630957,0.175606,0.15,0.2,0.251531,0.2,0.3,0.00474911,1736.45,49.1816,86.8227,0.01,0.95,10,10000,0.938,0.497,69,52,0.0253697,0,0.753623
5107,10000,8.66018,7.49894,10,0.340586,0.251189,0.630957,0.174632,0.15,0.2,0.345663,0.3,0.4,0.00474911,1988.11,-nan,99.4057,0.01,0.95,10,10000,0.938,0.497,79,82,0.0202027,0,1.03797
5108,10000,8.59894,7.49894,10,0.337943,0.251189,0.630957,0.179867,0.15,0.2,0.449463,0.4,0.5,0.00474911,1786.79,45.3515,89.3393,0.01,0.95,10,10000,0.938,0.497,71,60,0.0236179,0,0.84507
5109,10000,8.73449,7.49894,10,0.344277,0.251189,0.630957,0.173433,0.15,0.2,0.546284,0.5,0.6,0.00474911,1660.96,44.9524,83.0478,0.01,0.95,10,10000,0.938,0.497,66,54,0.0248954,0,0.818182
5110,10000,8.55751,7.49894,10,0.325201,0.251189,0.630957,0.172244,0.15,0.2,0.649721,0.6,0.7,0.00474911,1157.64,31.9119,57.8818,0.01,0.95,10,10000,0.938,0.497,46,45,0.0272716,0,0.978261
5111,10000,8.73706,7.49894,10,0.337711,0.251189,0.630957,0.17116,0.15,0.2,0.748887,0.7,0.8,0.00474911,1107.3,37.5804,55.3652,0.01,0.95,10,10000,0.938,0.497,44,35,0.0309231,0,0.795455
5112,10000,8.68839,7.49894,10,0.33728,0.251189,0.630957,0.178698,0.15,0.2,0.845858,0.8,0.9,0.00474911,503.32,-nan,25.166,0.01,0.95,10,10000,0.938,0.497,20,22,0.0390037,0,1.1
5113,10000,8.40259,7.49894,10,0.304412,0.251189,0.630957,0.183311,0.15,0.2,0.964167,0.9,1,0.00474911,377.49,27.2373,18.8745,0.01,0.95,10,10000,0.938,0.497,15,9,0.0609811,0,0.6
5114,10000,8.81534,7.49894,10,0.329635,0.251189,0.630957,0.170371,0.15,0.2,1.21727,1,1.5,0.0237456,130.863,-nan,6.54316,0.01,0.95,10,10000,0.938,0.497,26,27,0.0352075,0,1.03846
5115,10000,8.46554,7.49894,10,0.32285,0.251189,0.630957,0.218968,0.2,0.25,0.0690919,0,0.1,0.00474911,402.656,20.8816,20.1328,0.01,0.95,10,10000,0.938,0.497,16,14,0.0488937,0,0.875
5116,10000,8.55119,7.49894,10,0.372731,0.251189,0.630957,0.218507,0.2,0.25,0.144569,0.1,0.2,0.00474911,931.142,35.8948,46.5571,0.01,0.95,10,10000,0.938,0.497,37,28,0.0345731,0,0.756757
5117,10000,8.47701,7.49894,10,0.339932,0.251189,0.630957,0.222589,0.2,0.25,0.257317,0.2,0.3,0.00474911,1207.97,33.9571,60.3984,0.01,0.95,10,10000,0.938,0.497,48,45,0.0272716,0,0.9375
5118,10000,8.69721,7.49894,10,0.363592,0.251189,0.630957,0.221101,0.2,0.25,0.349852,0.3,0.4,0.00474911,1585.46,40.856,79.2729,0.01,0.95,10,10000,0.938,0.497,63,56,0.0244468,0,0.888889
5119,10000,8.69966,7.49894,10,0.354574,0.251189,0.630957,0.223189,0.2,0.25,0.441718,0.4,0.5,0.00474911,1207.97,31.8971,60.3984,0.01,0.95,10,10000,0.938,0.497,48,48,0.0264056,0,1
5120,10000,8.83866,7.49894,10,0.337973,0.251189,0.630957,0.223366,0.2,0.25,0.548353,0.5,0.6,0.00474911,1384.13,42.6202,69.2065,0.01,0.95,10,10000,0.938,0.497,55,43,0.0278986,0,0.781818
5121,10000,8.51726,7.49894,10,0.346911,0.251189,0.630957,0.222353,0.2,0.25,0.642305,0.6,0.7,0.00474911,830.478,26.4477,41.5239,0.01,0.95,10,10000,0.938,0.497,33,33,0.0318464,0,1
5122,10000,8.6347,7.49894,10,0.323357,0.251189,0.630957,0.221737,0.2,0.25,0.742156,0.7,0.8,0.00474911,478.154,22.3045,23.9077,0.01,0.95,10,10000,0.938,0.497,19,17,0.0443703,0,0.894737
5123,10000,8.55225,7.49894,10,0.328476,0.251189,0.630957,0.22198,0.2,0.25,0.839246,0.8,0.9,0.00474911,553.652,31.611,27.6826,0.01,0.95,10,10000,0.938,0.497,22,14,0.0488937,0,0.636364
5124,10000,8.6424,7.49894,10,0.374268,0.251189,0.630957,0.215154,0.2,0.25,0.937145,0.9,1,0.00474911,201.328,14.7655,10.0664,0.01,0.95,10,10000,0.938,0.497,8,7,0.0691461,0,0.875
5125,10000,8.76331,7.49894,10,0.344784,0.251189,0.630957,0.218122,0.2,0.25,1.18566,1,1.5,0.0237456,95.6308,4.96999,4.78154,0.01,0.95,10,10000,0.938,0.497,19,15,0.0472358,0,0.789474
5126,10000,8.40997,7.49894,10,0.363864,0.251189,0.630957,0.271374,0.25,0.3,0.0582919,0,0.1,0.00474911,150.996,-nan,7.5498,0.01,0.95,10,10000,0.938,0.497,6,10,0.0578518,0,1.66667
5127,10000,8.39856,7.49894,10,0.332321,0.251189,0.630957,0.272645,0.25,0.3,0.154393,0.1,0.2,0.00474911,679.482,-nan,33.9741,0.01,0.95,10,10000,0.938,0.497,27,31,0.0328576,0,1.14815
5128,10000,8.65005,7.49894,10,0.350849,0.251189,0.630957,0.272002,0.25,0.3,0.250751,0.2,0.3,0.00474911,855.644,-nan,42.7822,0.01,0.95,10,10000,0.938,0.497,34,37,0.0300757,0,1.08824
5129,10000,8.87177,7.49894,10,0.363823,0.251189,0.630957,0.270552,0.25,0.3,0.350337,0.3,0.4,0.00474911,1006.64,-nan,50.332,0.01,0.95,10,10000,0.938,0.497,40,48,0.0264056,0,1.2
5130,10000,8.47806,7.49894,10,0.315745,0.251189,0.630957,0.275239,0.25,0.3,0.453745,0.4,0.5,0.00474911,1107.3,44.7048,55.3652,0.01,0.95,10,10000,0.938,0.497,44,28,0.0345731,0,0.636364
5131,10000,8.58609,7.49894,10,0.344283,0.251189,0.630957,0.274824,0.25,0.3,0.548012,0.5,0.6,0.00474911,830.478,28.1022,41.5239,0.01,0.95,10,10000,0.938,0.497,33,31,0.0328576,0,0.939394
5132,10000,8.73696,7.49894,10,0.313163,0.251189,0.630957,0.269373,0.25,0.3,0.650366,0.6,0.7,0.00474911,654.316,30.9384,32.7158,0.01,0.95,10,10000,0.938,0.497,26,19,0.0419701,0,0.730769
5133,10000,8.65482,7.49894,10,0.34317,0.251189,0.630957,0.275263,0.25,0.3,0.754843,0.7,0.8,0.00474911,452.988,20.65,22.6494,0.01,0.95,10,10000,0.938,0.497,18,17,0.0443703,0,0.944444
5134,10000,8.975,7.49894,10,0.351238,0.251189,0.630957,0.272518,0.25,0.3,0.853348,0.8,0.9,0.00474911,503.32,29.6726,25.166,0.01,0.95,10,10000,0.938,0.497,20,13,0.0507394,0,0.65
5135,10000,8.4754,7.49894,10,0.309047,0.251189,0.630957,0.27345,0.25,0.3,0.954804,0.9,1,0.00474911,100.664,-nan,5.0332,0.01,0.95,10,10000,0.938,0.497,4,12,0.0528112,0,3
5136,10000,8.7387,7.49894,10,0.337165,0.251189,0.630957,0.274713,0.25,0.3,1.19128,1,1.5,0.0237456,120.797,5.33741,6.03984,0.01,0.95,10,10000,0.938,0.497,24,20,0.0409074,0,0.833333
5137,10000,8.42396,7.49894,10,0.319673,0.251189,0.630957,0.340814,0.3,0.4,0.0647879,0,0.1,0.00949823,276.826,14.2834,13.8413,0.01,0.95,10,10000,0.938,0.497,22,16,0.0457358,0,0.727273
5138,10000,8.69217,7.49894,10,0.341201,0.251189,0.630957,0.350469,0.3,0.4,0.154772,0.1,0.2,0.00949823,578.818,19.0353,28.9409,0.01,0.95,10,10000,0.938,0.497,46,37,0.0300757,0,0.804348
5139,10000,8.66651,7.49894,10,0.331889,0.251189,0.630957,0.34603,0.3,0.4,0.255361,0.2,0.3,0.00949823,692.065,20.1369,34.6032,0.01,0.95,10,10000,0.938,0.497,55,46,0.0269735,0,0.836364
5140,10000,8.78127,7.49894,10,0.340039,0.251189,0.630957,0.344054,0.3,0.4,0.342596,0.3,0.4,0.00949823,855.644,26.9942,42.7822,0.01,0.95,10,10000,0.938,0.497,68,45,0.0272716,0,0.661765
5141,10000,8.48678,7.49894,10,0.347313,0.251189,0.630957,0.345797,0.3,0.4,0.452116,0.4,0.5,0.00949823,566.235,-nan,28.3117,0.01,0.95,10,10000,0.938,0.497,45,49,0.0261348,0,1.08889
5142,10000,8.76897,7.49894,10,0.349932,0.251189,0.630957,0.349169,0.3,0.4,0.552286,0.5,0.6,0.00949823,679.482,18.9127,33.9741,0.01,0.95,10,10000,0.938,0.497,54,48,0.0264056,0,0.888889
5143,10000,8.7258,7.49894,10,0.347617,0.251189,0.630957,0.351957,0.3,0.4,0.651209,0.6,0.7,0.00949823,465.571,14.0024,23.2785,0.01,0.95,10,10000,0.938,0.497,37,37,0.0300757,0,1
5144,10000,8.73278,7.49894,10,0.339542,0.251189,0.630957,0.349872,0.3,0.4,0.748589,0.7,0.8,0.00949823,339.741,11.9614,16.987,0.01,0.95,10,10000,0.938,0.497,27,27,0.0352075,0,1
5145,10000,8.85455,7.49894,10,0.340035,0.251189,0.630957,0.350245,0.3,0.4,0.849123,0.8,0.9,0.00949823,150.996,7.97428,7.5498,0.01,0.95,10,10000,0.938,0.497,12,12,0.0528112,0,1
5146,10000,8.67737,7.49894,10,0.345965,0.251189,0.630957,0.339265,0.3,0.4,0.957087,0.9,1,0.00949823,188.745,10.1953,9.43725,0.01,0.95,10,10000,0.938,0.497,15,13,0.0507394,0,0.866667
5147,10000,8.87517,7.49894,10,0.319516,0.251189,0.630957,0.339379,0.3,0.4,1.20511,1,1.5,0.0474911,60.3984,2.45195,3.01992,0.01,0.95,10,10000,0.938,0.497,24,22,0.0390037,0,0.916667
5148,10000,8.74006,7.49894,10,0.372074,0.251189,0.630957,0.432592,0.4,0.5,0.0760085,0,0.1,0.00949823,75.498,-nan,3.7749,0.01,0.95,10,10000,0.938,0.497,6,7,0.0691461,0,1.16667
5149,10000,8.615,7.49894,10,0.327046,0.251189,0.630957,0.44448,0.4,0.5,0.158311,0.1,0.2,0.00949823,377.49,15.4421,18.8745,0.01,0.95,10,10000,0.938,0.497,30,24,0.0373432,0,0.8
5150,10000,8.58342,7.49894,10,0.352954,0.251189,0.630957,0.445146,0.4,0.5,0.245436,0.2,0.3,0.00949823,427.822,15.5659,21.3911,0.01,0.95,10,10000,0.938,0.497,34,29,0.0339717,0,0.852941
5151,10000,8.37126,7.49894,10,0.334692,0.251189,0.630957,0.443685,0.4,0.5,0.343571,0.3,0.4,0.00949823,427.822,-nan,21.3911,0.01,0.95,10,10000,0.938,0.497,34,37,0.0300757,0,1.08824
5152,10000,8.73724,7.49894,10,0.326597,0.251189,0.630957,0.454907,0.4,0.5,0.447044,0.4,0.5,0.00949823,402.656,14.7655,20.1328,0.01,0.95,10,10000,0.938,0.497,32,28,0.0345731,0,0.875
5153,10000,8.49237,7.49894,10,0.343397,0.251189,0.630957,0.443612,0.4,0.5,0.54479,0.5,0.6,0.00949823,440.405,15.2752,22.0202,0.01,0.95,10,10000,0.938,0.497,35,31,0.0328576,0,0.885714
5154,10000,8.70343,7.49894,10,0.341128,0.251189,0.630957,0.445684,0.4,0.5,0.639879,0.6,0.7,0.00949823,213.911,12.8513,10.6955,0.01,0.95,10,10000,0.938,0.497,17,12,0.0528112,0,0.705882
5155,10000,8.7573,7.49894,10,0.373093,0.251189,0.630957,0.45266,0.4,0.5,0.75087,0.7,0.8,0.00949823,289.409,16.6907,14.4704,0.01,0.95,10,10000,0.938,0.497,23,14,0.0488937,0,0.608696
5156,10000,8.88422,7.49894,10,0.333312,0.251189,0.630957,0.462682,0.4,0.5,0.856905,0.8,0.9,0.00949823,213.911,11.3443,10.6955,0.01,0.95,10,10000,0.938,0.497,17,14,0.0488937,0,0.823529
5157,10000,8.48218,7.49894,10,0.304939,0.251189,0.630957,0.453343,0.4,0.5,0.94894,0.9,1,0.00949823,176.162,11.5558,8.8081,0.01,0.95,10,10000,0.938,0.497,14,10,0.0578518,0,0.714286
5158,10000,8.77444,7.49894,10,0.320725,0.251189,0.630957,0.463193,0.4,0.5,1.10931,1,1.5,0.0474911,40.2656,2.22636,2.01328,0.01,0.95,10,10000,0.938,0.497,16,13,0.0507394,0,0.8125
5159,10000,9.06211,7.49894,10,0.301206,0.251189,0.630957,0.556005,0.5,0.6,0.0675762,0,0.1,0.00949823,37.749,-nan,1.88745,0.01,0.95,10,10000,0.938,0.497,3,4,0.0914717,0,1.33333
5160,10000,8.30187,7.49894,10,0.339755,0.251189,0.630957,0.542892,0.5,0.6,0.15664,0.1,0.2,0.00949823,188.745,13.6187,9.43725,0.01,0.95,10,10000,0.938,0.497,15,9,0.0609811,0,0.6
5161,10000,8.87256,7.49894,10,0.332446,0.251189,0.630957,0.551542,0.5,0.6,0.241068,0.2,0.3,0.00949823,239.077,13.9148,11.9538,0.01,0.95,10,10000,0.938,0.497,19,13,0.0507394,0,0.684211
5162,10000,8.96375,7.49894,10,0.323171,0.251189,0.630957,0.549326,0.5,0.6,0.347021,0.3,0.4,0.00949823,213.911,13.7244,10.6955,0.01,0.95,10,10000,0.938,0.497,17,11,0.0551595,0,0.647059
5163,10000,8.86218,7.49894,10,0.346433,0.251189,0.630957,0.544764,0.5,0.6,0.439967,0.4,0.5,0.00949823,339.741,16.916,16.987,0.01,0.95,10,10000,0.938,0.497,27,18,0.0431202,0,0.666667
5164,10000,8.67654,7.49894,10,0.301449,0.251189,0.630957,0.549346,0.5,0.6,0.546625,0.5,0.6,0.00949823,339.741,19.2872,16.987,0.01,0.95,10,10000,0.938,0.497,27,15,0.0472358,0,0.555556
5165,10000,8.61836,7.49894,10,0.336201,0.251189,0.630957,0.543918,0.5,0.6,0.644536,0.6,0.7,0.00949823,188.745,11.7173,9.43725,0.01,0.95,10,10000,0.938,0.497,15,11,0.0551595,0,0.733333
5166,10000,8.60832,7.49894,10,0.2865,0.251189,0.630957,0.548192,0.5,0.6,0.768528,0.7,0.8,0.00949823,100.664,-nan,5.0332,0.01,0.95,10,10000,0.938,0.497,8,11,0.0551595,0,1.375
5167,10000,8.2781,7.49894,10,0.33263,0.251189,0.630957,0.535607,0.5,0.6,0.856354,0.8,0.9,0.00949823,176.162,11.5558,8.8081,0.01,0.95,10,10000,0.938,0.497,14,10,0.0578518,0,0.714286
5168,10000,8.62288,7.49894,10,0.280456,0.251189,0.630957,0.547158,0.5,0.6,0.967935,0.9,1,0.00949823,150.996,12.427,7.5498,0.01,0.95,10,10000,0.938,0.497,12,7,0.0691461,0,0.583333
5169,10000,8.3601,7.49894,10,0.309906,0.251189,0.630957,0.558228,0.5,0.6,1.2734,1,1.5,0.0474911,42.7822,2.94077,2.13911,0.01,0.95,10,10000,0.938,0.497,17,10,0.0578518,0,0.588235
5170,10000,9.35388,7.49894,10,0.342461,0.251189,0.630957,0.636692,0.6,0.7,0.0449626,0,0.1,0.00949823,62.915,10.2947,3.14575,0.01,0.95,10,10000,0.938,0.497,5,2,0.129361,0,0.4
5171,10000,8.24811,7.49894,10,0.292208,0.251189,0.630957,0.652077,0.6,0.7,0.148449,0.1,0.2,0.00949823,163.579,11.4071,8.17895,0.01,0.95,10,10000,0.938,0.497,13,9,0.0609811,0,0.692308
5172,10000,8.47165,7.49894,10,0.313932,0.251189,0.630957,0.644789,0.6,0.7,0.262296,0.2,0.3,0.00949823,176.162,12.5147,8.8081,0.01,0.95,10,10000,0.938,0.497,14,9,0.0609811,0,0.642857
5173,10000,8.32262,7.49894,10,0.30361,0.251189,0.630957,0.637772,0.6,0.7,0.348601,0.3,0.4,0.00949823,264.243,14.9185,13.2121,0.01,0.95,10,10000,0.938,0.497,21,14,0.0488937,0,0.666667
5174,10000,8.88553,7.49894,10,0.331787,0.251189,0.630957,0.616806,0.6,0.7,0.452772,0.4,0.5,0.00949823,188.745,26.7465,9.43725,0.01,0.95,10,10000,0.938,0.497,15,3,0.105622,0,0.2
5175,10000,8.80016,7.49894,10,0.299469,0.251189,0.630957,0.641312,0.6,0.7,0.545593,0.5,0.6,0.00949823,188.745,10.9192,9.43725,0.01,0.95,10,10000,0.938,0.497,15,12,0.0528112,0,0.8
5176,10000,8.52868,7.49894,10,0.329611,0.251189,0.630957,0.654063,0.6,0.7,0.622101,0.6,0.7,0.00949823,113.247,9.76646,5.66235,0.01,0.95,10,10000,0.938,0.497,9,6,0.0746863,0,0.666667
5177,10000,8.91065,7.49894,10,0.342668,0.251189,0.630957,0.640665,0.6,0.7,0.760949,0.7,0.8,0.00949823,75.498,9.76646,3.7749,0.01,0.95,10,10000,0.938,0.497,6,3,0.105622,0,0.5
5178,10000,8.96432,7.49894,10,0.319192,0.251189,0.630957,0.627392,0.6,0.7,0.828351,0.8,0.9,0.00949823,62.915,15.4421,3.14575,0.01,0.95,10,10000,0.938,0.497,5,1,0.182943,0,0.2
5179,10000,8.06895,7.49894,10,0.325777,0.251189,0.630957,0.635104,0.6,0.7,0.959467,0.9,1,0.00949823,113.247,15.4421,5.66235,0.01,0.95,10,10000,0.938,0.497,9,3,0.105622,0,0.333333
5180,10000,8.21408,7.49894,10,0.310436,0.251189,0.630957,0.641656,0.6,0.7,1.09514,1,1.5,0.0474911,47.8154,3.88618,2.39077,0.01,0.95,10,10000,0.938,0.497,19,8,0.0646803,0,0.421053
5181,10000,8.40873,7.49894,10,0.308775,0.251189,0.630957,0.785761,0.7,0.8,0.118101,0.1,0.2,0.00949823,62.915,15.4421,3.14575,0.01,0.95,10,10000,0.938,0.497,5,1,0.182943,0,0.2
5182,10000,9.09985,7.49894,10,0.281523,0.251189,0.630957,0.735747,0.7,0.8,0.279666,0.2,0.3,0.00949823,125.83,21.8385,6.2915,0.01,0.95,10,10000,0.938,0.497,10,2,0.129361,0,0.2
5183,10000,7.76832,7.49894,10,0.318126,0.251189,0.630957,0.75222,0.7,0.8,0.384963,0.3,0.4,0.00949823,50.332,7.97428,2.5166,0.01,0.95,10,10000,0.938,0.497,4,2,0.129361,0,0.5
5184,10000,8.59913,7.49894,10,0.278595,0.251189,0.630957,0.744303,0.7,0.8,0.429348,0.4,0.5,0.00949823,88.081,8.1712,4.40405,0.01,0.95,10,10000,0.938,0.497,7,5,0.0818148,0,0.714286
5185,10000,8.38265,7.49894,10,0.290917,0.251189,0.630957,0.732164,0.7,0.8,0.572093,0.5,0.6,0.00949823,62.915,5.14737,3.14575,0.01,0.95,10,10000,0.938,0.497,5,5,0.0818148,0,1
5186,10000,7.72394,7.49894,10,0.30494,0.251189,0.630957,0.703358,0.7,0.8,0.66053,0.6,0.7,0.00949823,138.413,16.1958,6.92065,0.01,0.95,10,10000,0.938,0.497,11,4,0.0914717,0,0.363636
5187,10000,8.92884,7.49894,10,0.267437,0.251189,0.630957,0.733326,0.7,0.8,0.861633,0.8,0.9,0.00949823,37.749,5.63867,1.88745,0.01,0.95,10,10000,0.938,0.497,3,2,0.129361,0,0.666667
5188,10000,8.91478,7.49894,10,0.310309,0.251189,0.630957,0.717718,0.7,0.8,0.934808,0.9,1,0.00949823,25.166,3.25549,1.2583,0.01,0.95,10,10000,0.938,0.497,2,2,0.129361,0,1
5189,10000,9.05788,7.49894,10,0.289765,0.251189,0.630957,0.741869,0.7,0.8,1.14155,1,1.5,0.0474911,22.6494,1.95329,1.13247,0.01,0.95,10,10000,0.938,0.497,9,6,0.0746863,0,0.666667
5190,10000,7.79585,7.49894,10,0.284217,0.251189,0.630957,0.830041,0.8,0.9,0.136976,0.1,0.2,0.00949823,12.583,2.30198,0.62915,0.01,0.95,10,10000,0.938,0.497,1,1,0.182943,0,1
5191,10000,9.31603,7.49894,10,0.290095,0.251189,0.630957,0.851644,0.8,0.9,0.31592,0.3,0.4,0.00949823,37.749,5.63867,1.88745,0.01,0.95,10,10000,0.938,0.497,3,2,0.129361,0,0.666667
5192,10000,7.86275,7.49894,10,0.257047,0.251189,0.630957,0.807492,0.8,0.9,0.452834,0.4,0.5,0.00949823,88.081,21.9595,4.40405,0.01,0.95,10,10000,0.938,0.497,7,1,0.182943,0,0.142857
5193,10000,8.51864,7.49894,10,0.25379,0.251189,0.630957,0.844768,0.8,0.9,0.55648,0.5,0.6,0.00949823,37.749,5.63867,1.88745,0.01,0.95,10,10000,0.938,0.497,3,2,0.129361,0,0.666667
5194,10000,8.2018,7.49894,10,0.290299,0.251189,0.630957,0.852962,0.8,0.9,0.684566,0.6,0.7,0.00949823,37.749,8.91551,1.88745,0.01,0.95,10,10000,0.938,0.497,3,1,0.182943,0,0.333333
5195,10000,7.8289,7.49894,10,0.265661,0.251189,0.630957,0.812577,0.8,0.9,0.758338,0.7,0.8,0.00949823,25.166,5.63867,1.2583,0.01,0.95,10,10000,0.938,0.497,2,1,0.182943,0,0.5
5196,10000,8.03268,7.49894,10,0.309004,0.251189,0.630957,0.829386,0.8,0.9,1.08642,1,1.5,0.0474911,5.0332,1.12773,0.25166,0.01,0.95,10,10000,0.938,0.497,2,1,0.182943,0,0.5
5197,10000,8.74209,7.49894,10,0.260797,0.251189,0.630957,0.919307,0.9,1,0.185502,0.1,0.2,0.00949823,50.332,12.1809,2.5166,0.01,0.95,10,10000,0.938,0.497,4,1,0.182943,0,0.25
5198,10000,7.72035,7.49894,10,0.261248,0.251189,0.630957,0.911075,0.9,1,0.569229,0.5,0.6,0.00949823,12.583,2.30198,0.62915,0.01,0.95,10,10000,0.938,0.497,1,1,0.182943,0,1
5199,10000,9.69833,7.49894,10,0.292157,0.251189,0.630957,0.922136,0.9,1,0.652668,0.6,0.7,0.00949823,0,0,0,0.01,0.95,10,10000,0.938,0.497,0,1,0.182943,0,0
5200,10000,9.35576,7.49894,10,0.313622,0.251189,0.630957,0.904792,0.9,1,1.04067,1,1.5,0.0474911,0,0,0,0.01,0.95,10,10000,0.938,0.497,0,1,0.182943,0,0
5201,10000,9.96004,7.49894,10,0.632731,0.630957,1,0.0794074,0.05,0.1,0.394271,0.3,0.4,0.00461499,0,0,0,0.01,0.95,10,10000,0.938,0.497,0,1,0.182943,0,0
5202,10000,9.35711,7.49894,10,0.634367,0.630957,1,0.114591,0.1,0.15,0.0676718,0,0.1,0.00461499,25.8974,4.73775,1.29487,0.01,0.95,10,10000,0.938,0.497,1,1,0.182943,0,1
5203,10000,9.20353,7.49894,10,0.701699,0.630957,1,0.145807,0.1,0.15,0.167832,0.1,0.2,0.00461499,25.8974,4.73775,1.29487,0.01,0.95,10,10000,0.938,0.497,1,1,0.182943,0,1
5204,10000,8.82106,7.49894,10,0.730149,0.630957,1,0.117767,0.1,0.15,0.228639,0.2,0.3,0.00461499,25.8974,4.73775,1.29487,0.01,0.95,10,10000,0.938,0.497,1,1,0.182943,0,1
5205,10000,8.02307,7.49894,10,0.643012,0.630957,1,0.114526,0.1,0.15,1.11585,1,1.5,0.023075,5.17947,0.94755,0.258974,0.01,0.95,10,10000,0.938,0.497,1,1,0.182943,0,1
5206,10000,9.48122,7.49894,10,0.691219,0.630957,1,0.165876,0.15,0.2,0.363292,0.3,0.4,0.00461499,0,0,0,0.01,0.95,10,10000,0.938,0.497,0,1,0.182943,0,0
5207,10000,9.2974,7.49894,10,0.691106,0.630957,1,0.237417,0.2,0.25,0.239839,0.2,0.3,0.00461499,25.8974,4.73775,1.29487,0.01,0.95,10,10000,0.938,0.497,1,1,0.182943,0,1
5208,10000,8.73081,7.49894,10,0.648088,0.630957,1,0.248814,0.2,0.25,0.760216,0.7,0.8,0.00461499,0,0,0,0.01,0.95,10,10000,0.938,0.497,0,1,0.182943,0,0
5209,10000,9.76244,7.49894,10,0.642364,0.630957,1,0.366861,0.3,0.4,0.284466,0.2,0.3,0.00922999,0,0,0,0.01,0.95,10,10000,0.938,0.497,0,1,0.182943,0,0
5210,10000,11.0573,10,13.3352,0.0135629,0.01,0.0158489,0.0837748,0.05,0.1,0.555874,0.5,0.6,9.75367e-05,1225.34,224.169,61.2672,0.01,0.95,10,10000,0.938,0.497,1,1,0.182943,0,1
5211,10000,11.1422,10,13.3352,0.014665,0.01,0.0158489,0.0643459,0.05,0.1,0.966838,0.9,1,9.75367e-05,1225.34,224.169,61.2672,0.01,0.95,10,10000,0.938,0.497,1,1,0.182943,0,1
5212,10000,12.3813,10,13.3352,0.0170516,0.0158489,0.0251189,0.150915,0.15,0.2,1.29252,1,1.5,0.000772936,154.626,28.2878,7.7313,0.01,0.95,10,10000,0.938,0.497,1,1,0.182943,0,1
