id, s[GeV^{2}], <Q>[GeV], Q_min[GeV], Q_max[GeV], <xB>, xB_min, xB_max, <z>, z_min, z_max, <pT>, pT_min, pT_max, Delta_bin[GeV^3], xSec_diff[pb/GeV^3], xSec_uncorr_error, xSec_corr_error, y_min, y_max, W2_min[GeV^2], W2_max[GeV^2],target_mass[GeV], product_mass[GeV], N_gen, N_reco, abs_stat_error, abs_sys_error, efficiency 
1,10000,1.27905,1,1.77828,0.000217618,0.0001,0.000398107,0.0859698,0.05,0.1,0.0690547,0,0.1,1.16005e-06,1.31659e+10,4.68329e+07,4.74704e+08,0.01,0.95,10,10000,0.938,0.139,10775,437,0.00254117,0,0.0405568
2,10000,1.25819,1,1.77828,0.000240266,0.0001,0.000398107,0.0821166,0.05,0.1,0.162788,0.1,0.2,1.16005e-06,3.62133e+10,5.20456e+07,1.30569e+09,0.01,0.95,10,10000,0.938,0.139,29637,2612,0.00103941,0,0.0881331
3,10000,1.19597,1,1.77828,0.000266618,0.0001,0.000398107,0.0735009,0.05,0.1,0.257212,0.2,0.3,1.16005e-06,4.22776e+10,2.92048e+07,1.52434e+09,0.01,0.95,10,10000,0.938,0.139,34600,10101,0.000528557,0,0.291936
4,10000,1.18853,1,1.77828,0.000272357,0.0001,0.000398107,0.0717509,0.05,0.1,0.350942,0.3,0.4,1.16005e-06,3.60765e+10,1.90569e+07,1.30076e+09,0.01,0.95,10,10000,0.938,0.139,29525,15066,0.000432788,0,0.510279
5,10000,1.18935,1,1.77828,0.000271673,0.0001,0.000398107,0.071005,0.05,0.1,0.449101,0.4,0.5,1.16005e-06,2.68524e+10,1.35192e+07,9.68176e+08,0.01,0.95,10,10000,0.938,0.139,21976,14779,0.00043697,0,0.672506
6,10000,1.19569,1,1.77828,0.000269692,0.0001,0.000398107,0.0711727,0.05,0.1,0.547342,0.5,0.6,1.16005e-06,1.90493e+10,1.01333e+07,6.86834e+08,0.01,0.95,10,10000,0.938,0.139,15590,12164,0.000481655,0,0.780244
7,10000,1.19957,1,1.77828,0.000268841,0.0001,0.000398107,0.071915,0.05,0.1,0.647679,0.6,0.7,1.16005e-06,1.3056e+10,8.10092e+06,4.70739e+08,0.01,0.95,10,10000,0.938,0.139,10685,8695,0.000569691,0,0.813758
8,10000,1.19882,1,1.77828,0.000265211,0.0001,0.000398107,0.0718757,0.05,0.1,0.746894,0.7,0.8,1.16005e-06,8.88073e+09,6.50298e+06,3.20199e+08,0.01,0.95,10,10000,0.938,0.139,7268,6105,0.000679878,0,0.839983
9,10000,1.20236,1,1.77828,0.000267121,0.0001,0.000398107,0.0720775,0.05,0.1,0.846506,0.8,0.9,1.16005e-06,5.85288e+09,5.22033e+06,2.11029e+08,0.01,0.95,10,10000,0.938,0.139,4790,4076,0.000832064,0,0.850939
10,10000,1.20947,1,1.77828,0.000268686,0.0001,0.000398107,0.0722397,0.05,0.1,0.947371,0.9,1,1.16005e-06,3.87707e+09,4.33346e+06,1.3979e+08,0.01,0.95,10,10000,0.938,0.139,3173,2639,0.00103408,0,0.831705
11,10000,1.20889,1,1.77828,0.000264284,0.0001,0.000398107,0.0728399,0.05,0.1,1.16837,1,1.5,5.80027e-06,1.36681e+09,1.20165e+06,4.92811e+07,0.01,0.95,10,10000,0.938,0.139,5593,4418,0.00079921,0,0.789916
12,10000,1.26553,1,1.77828,0.000244251,0.0001,0.000398107,0.12547,0.1,0.15,0.0670164,0,0.1,1.16005e-06,4.70307e+09,8.98365e+06,1.69572e+08,0.01,0.95,10,10000,0.938,0.139,3849,1288,0.00148019,0,0.334632
13,10000,1.23881,1,1.77828,0.000237296,0.0001,0.000398107,0.12517,0.1,0.15,0.157474,0.1,0.2,1.16005e-06,1.45699e+10,1.37493e+07,5.25324e+08,0.01,0.95,10,10000,0.938,0.139,11924,5007,0.000750732,0,0.419909
14,10000,1.2299,1,1.77828,0.000247185,0.0001,0.000398107,0.124203,0.1,0.15,0.251766,0.2,0.3,1.16005e-06,2.00085e+10,1.40318e+07,7.21418e+08,0.01,0.95,10,10000,0.938,0.139,16375,8498,0.000576256,0,0.518962
15,10000,1.21597,1,1.77828,0.000253806,0.0001,0.000398107,0.123526,0.1,0.15,0.349879,0.3,0.4,1.16005e-06,1.8447e+10,1.1734e+07,6.65114e+08,0.01,0.95,10,10000,0.938,0.139,15097,9541,0.000543847,0,0.63198
16,10000,1.20842,1,1.77828,0.000261677,0.0001,0.000398107,0.12336,0.1,0.15,0.447972,0.4,0.5,1.16005e-06,1.41911e+10,9.45023e+06,5.11667e+08,0.01,0.95,10,10000,0.938,0.139,11614,8222,0.000585848,0,0.707939
17,10000,1.19742,1,1.77828,0.000264948,0.0001,0.000398107,0.123221,0.1,0.15,0.547845,0.5,0.6,1.16005e-06,1.01552e+10,7.50705e+06,3.6615e+08,0.01,0.95,10,10000,0.938,0.139,8311,6370,0.000665586,0,0.766454
18,10000,1.20422,1,1.77828,0.00027077,0.0001,0.000398107,0.122792,0.1,0.15,0.647227,0.6,0.7,1.16005e-06,7.23484e+09,6.21051e+06,2.60856e+08,0.01,0.95,10,10000,0.938,0.139,5921,4651,0.000778934,0,0.785509
19,10000,1.19867,1,1.77828,0.000269669,0.0001,0.000398107,0.12255,0.1,0.15,0.747056,0.7,0.8,1.16005e-06,4.8216e+09,4.95031e+06,1.73845e+08,0.01,0.95,10,10000,0.938,0.139,3946,3190,0.000940543,0,0.808414
20,10000,1.19182,1,1.77828,0.000268461,0.0001,0.000398107,0.123085,0.1,0.15,0.846953,0.8,0.9,1.16005e-06,3.34311e+09,4.06138e+06,1.20537e+08,0.01,0.95,10,10000,0.938,0.139,2736,2251,0.00111966,0,0.822734
21,10000,1.19356,1,1.77828,0.000269324,0.0001,0.000398107,0.123644,0.1,0.15,0.946872,0.9,1,1.16005e-06,2.24707e+09,3.26697e+06,8.10191e+07,0.01,0.95,10,10000,0.938,0.139,1839,1547,0.00135061,0,0.841218
22,10000,1.21286,1,1.77828,0.000270668,0.0001,0.000398107,0.12353,0.1,0.15,1.17509,1,1.5,5.80027e-06,8.24535e+08,907541,2.9729e+07,0.01,0.95,10,10000,0.938,0.139,3374,2756,0.00101189,0,0.816835
23,10000,1.22352,1,1.77828,0.000259285,0.0001,0.000398107,0.17409,0.15,0.2,0.0664623,0,0.1,1.16005e-06,2.45845e+09,4.49849e+06,8.86408e+07,0.01,0.95,10,10000,0.938,0.139,2012,1188,0.00154122,0,0.590457
24,10000,1.20704,1,1.77828,0.000253972,0.0001,0.000398107,0.173362,0.15,0.2,0.156737,0.1,0.2,1.16005e-06,7.15053e+09,7.21748e+06,2.57816e+08,0.01,0.95,10,10000,0.938,0.139,5852,3760,0.000866323,0,0.642515
25,10000,1.21398,1,1.77828,0.000257047,0.0001,0.000398107,0.173499,0.15,0.2,0.252047,0.2,0.3,1.16005e-06,1.08333e+10,8.20781e+06,3.90601e+08,0.01,0.95,10,10000,0.938,0.139,8866,6325,0.00066795,0,0.7134
26,10000,1.21246,1,1.77828,0.000258875,0.0001,0.000398107,0.173783,0.15,0.2,0.350048,0.3,0.4,1.16005e-06,1.10191e+10,7.99027e+06,3.97298e+08,0.01,0.95,10,10000,0.938,0.139,9018,6729,0.000647588,0,0.746174
27,10000,1.2049,1,1.77828,0.000260891,0.0001,0.000398107,0.173667,0.15,0.2,0.447717,0.4,0.5,1.16005e-06,8.81964e+09,6.86085e+06,3.17997e+08,0.01,0.95,10,10000,0.938,0.139,7218,5666,0.000705725,0,0.784982
28,10000,1.20447,1,1.77828,0.000263021,0.0001,0.000398107,0.173592,0.15,0.2,0.547823,0.5,0.6,1.16005e-06,6.54203e+09,5.82848e+06,2.35876e+08,0.01,0.95,10,10000,0.938,0.139,5354,4273,0.000812657,0,0.798095
29,10000,1.1978,1,1.77828,0.000264677,0.0001,0.000398107,0.173076,0.15,0.2,0.645983,0.6,0.7,1.16005e-06,4.53323e+09,4.80432e+06,1.63448e+08,0.01,0.95,10,10000,0.938,0.139,3710,2996,0.000970517,0,0.807547
30,10000,1.20181,1,1.77828,0.000269751,0.0001,0.000398107,0.1731,0.15,0.2,0.74755,0.7,0.8,1.16005e-06,3.08529e+09,3.95542e+06,1.11242e+08,0.01,0.95,10,10000,0.938,0.139,2525,2044,0.00117499,0,0.809505
31,10000,1.19383,1,1.77828,0.000266932,0.0001,0.000398107,0.172745,0.15,0.2,0.8467,0.8,0.9,1.16005e-06,2.14809e+09,3.33203e+06,7.74506e+07,0.01,0.95,10,10000,0.938,0.139,1758,1407,0.00141621,0,0.800341
32,10000,1.20521,1,1.77828,0.000272908,0.0001,0.000398107,0.172674,0.15,0.2,0.947821,0.9,1,1.16005e-06,1.49927e+09,2.8147e+06,5.40568e+07,0.01,0.95,10,10000,0.938,0.139,1227,969,0.00170652,0,0.789731
33,10000,1.19981,1,1.77828,0.000272619,0.0001,0.000398107,0.172995,0.15,0.2,1.17982,1,1.5,5.80027e-06,5.53763e+08,767680,1.99662e+07,0.01,0.95,10,10000,0.938,0.139,2266,1782,0.0012584,0,0.786408
34,10000,1.20221,1,1.77828,0.000272726,0.0001,0.000398107,0.223561,0.2,0.25,0.0664541,0,0.1,1.16005e-06,1.51882e+09,2.91735e+06,5.47617e+07,0.01,0.95,10,10000,0.938,0.139,1243,947,0.00172623,0,0.761866
35,10000,1.19455,1,1.77828,0.000268369,0.0001,0.000398107,0.22363,0.2,0.25,0.15501,0.1,0.2,1.16005e-06,4.1129e+09,4.72963e+06,1.48293e+08,0.01,0.95,10,10000,0.938,0.139,3366,2612,0.00103941,0,0.775995
36,10000,1.19235,1,1.77828,0.000261492,0.0001,0.000398107,0.222854,0.2,0.25,0.253009,0.2,0.3,1.16005e-06,6.53103e+09,5.89786e+06,2.3548e+08,0.01,0.95,10,10000,0.938,0.139,5345,4201,0.000819592,0,0.785968
37,10000,1.19558,1,1.77828,0.000264052,0.0001,0.000398107,0.223565,0.2,0.25,0.349366,0.3,0.4,1.16005e-06,6.95747e+09,5.85333e+06,2.50855e+08,0.01,0.95,10,10000,0.938,0.139,5694,4690,0.000775689,0,0.823674
38,10000,1.19784,1,1.77828,0.000263648,0.0001,0.000398107,0.223189,0.2,0.25,0.447597,0.4,0.5,1.16005e-06,6.05938e+09,5.46545e+06,2.18474e+08,0.01,0.95,10,10000,0.938,0.139,4959,4082,0.000831453,0,0.82315
39,10000,1.19851,1,1.77828,0.000263345,0.0001,0.000398107,0.223569,0.2,0.25,0.547608,0.5,0.6,1.16005e-06,4.48802e+09,4.68186e+06,1.61818e+08,0.01,0.95,10,10000,0.938,0.139,3673,3040,0.000963468,0,0.827661
40,10000,1.20084,1,1.77828,0.000268676,0.0001,0.000398107,0.223879,0.2,0.25,0.647492,0.6,0.7,1.16005e-06,3.07551e+09,3.87288e+06,1.10889e+08,0.01,0.95,10,10000,0.938,0.139,2517,2085,0.00116338,0,0.828367
41,10000,1.20246,1,1.77828,0.000269335,0.0001,0.000398107,0.223788,0.2,0.25,0.745197,0.7,0.8,1.16005e-06,2.14931e+09,3.32077e+06,7.74946e+07,0.01,0.95,10,10000,0.938,0.139,1759,1414,0.0014127,0,0.803866
42,10000,1.20364,1,1.77828,0.000271111,0.0001,0.000398107,0.222787,0.2,0.25,0.846787,0.8,0.9,1.16005e-06,1.43328e+09,2.73096e+06,5.16778e+07,0.01,0.95,10,10000,0.938,0.139,1173,935,0.00173727,0,0.797101
43,10000,1.20049,1,1.77828,0.000272081,0.0001,0.000398107,0.222605,0.2,0.25,0.947938,0.9,1,1.16005e-06,9.97067e+08,2.32335e+06,3.59497e+07,0.01,0.95,10,10000,0.938,0.139,816,635,0.00210808,0,0.778186
44,10000,1.191,1,1.77828,0.000272487,0.0001,0.000398107,0.222577,0.2,0.25,1.18135,1,1.5,5.80027e-06,4.16911e+08,701191,1.50319e+07,0.01,0.95,10,10000,0.938,0.139,1706,1259,0.00149714,0,0.737984
45,10000,1.19685,1,1.77828,0.000277977,0.0001,0.000398107,0.273355,0.25,0.3,0.0668535,0,0.1,1.16005e-06,9.70185e+08,2.31592e+06,3.49805e+07,0.01,0.95,10,10000,0.938,0.139,794,610,0.00215084,0,0.768262
46,10000,1.19411,1,1.77828,0.000275981,0.0001,0.000398107,0.273084,0.25,0.3,0.154655,0.1,0.2,1.16005e-06,2.71627e+09,3.84732e+06,9.79366e+07,0.01,0.95,10,10000,0.938,0.139,2223,1723,0.00127977,0,0.775079
47,10000,1.18996,1,1.77828,0.000266888,0.0001,0.000398107,0.273591,0.25,0.3,0.251534,0.2,0.3,1.16005e-06,4.10312e+09,4.6202e+06,1.4794e+08,0.01,0.95,10,10000,0.938,0.139,3358,2677,0.00102671,0,0.797201
48,10000,1.19327,1,1.77828,0.000264621,0.0001,0.000398107,0.272892,0.25,0.3,0.351075,0.3,0.4,1.16005e-06,4.73729e+09,4.88486e+06,1.70805e+08,0.01,0.95,10,10000,0.938,0.139,3877,3151,0.000946346,0,0.812742
49,10000,1.19286,1,1.77828,0.000265667,0.0001,0.000398107,0.273295,0.25,0.3,0.448444,0.4,0.5,1.16005e-06,4.14956e+09,4.44864e+06,1.49614e+08,0.01,0.95,10,10000,0.938,0.139,3396,2850,0.000995065,0,0.839223
50,10000,1.20225,1,1.77828,0.000268266,0.0001,0.000398107,0.27399,0.25,0.3,0.547596,0.5,0.6,1.16005e-06,3.24535e+09,4.01119e+06,1.17013e+08,0.01,0.95,10,10000,0.938,0.139,2656,2179,0.00113801,0,0.820407
51,10000,1.18902,1,1.77828,0.000263852,0.0001,0.000398107,0.273454,0.25,0.3,0.646407,0.6,0.7,1.16005e-06,2.25928e+09,3.52508e+06,8.14597e+07,0.01,0.95,10,10000,0.938,0.139,1849,1425,0.00140723,0,0.770687
52,10000,1.19184,1,1.77828,0.000267806,0.0001,0.000398107,0.273446,0.25,0.3,0.746948,0.7,0.8,1.16005e-06,1.56891e+09,2.96076e+06,5.6568e+07,0.01,0.95,10,10000,0.938,0.139,1284,980,0.00169692,0,0.76324
53,10000,1.19478,1,1.77828,0.000269744,0.0001,0.000398107,0.27352,0.25,0.3,0.846059,0.8,0.9,1.16005e-06,1.08749e+09,2.42236e+06,3.92099e+07,0.01,0.95,10,10000,0.938,0.139,890,694,0.00201648,0,0.779775
54,10000,1.19945,1,1.77828,0.000274543,0.0001,0.000398107,0.274249,0.25,0.3,0.946203,0.9,1,1.16005e-06,7.08699e+08,2.08664e+06,2.55525e+07,0.01,0.95,10,10000,0.938,0.139,580,417,0.00260139,0,0.718966
55,10000,1.20535,1,1.77828,0.000276076,0.0001,0.000398107,0.274276,0.25,0.3,1.19729,1,1.5,5.80027e-06,2.97165e+08,626057,1.07144e+07,0.01,0.95,10,10000,0.938,0.139,1216,835,0.00183836,0,0.686678
56,10000,1.18572,1,1.77828,0.000277559,0.0001,0.000398107,0.344237,0.3,0.4,0.0660684,0,0.1,2.32011e-06,5.413e+08,1.23301e+06,1.95168e+07,0.01,0.95,10,10000,0.938,0.139,886,674,0.00204618,0,0.760722
57,10000,1.17784,1,1.77828,0.000278432,0.0001,0.000398107,0.343593,0.3,0.4,0.153924,0.1,0.2,2.32011e-06,1.55731e+09,2.01934e+06,5.61494e+07,0.01,0.95,10,10000,0.938,0.139,2549,2024,0.00118078,0,0.794037
58,10000,1.18645,1,1.77828,0.000276188,0.0001,0.000398107,0.343977,0.3,0.4,0.251694,0.2,0.3,2.32011e-06,2.17742e+09,2.40744e+06,7.85079e+07,0.01,0.95,10,10000,0.938,0.139,3564,2802,0.00100355,0,0.786195
59,10000,1.18481,1,1.77828,0.000268351,0.0001,0.000398107,0.342821,0.3,0.4,0.351099,0.3,0.4,2.32011e-06,2.61608e+09,2.66844e+06,9.4324e+07,0.01,0.95,10,10000,0.938,0.139,4282,3321,0.000921806,0,0.775572
60,10000,1.18925,1,1.77828,0.000268286,0.0001,0.000398107,0.343306,0.3,0.4,0.449079,0.4,0.5,2.32011e-06,2.54032e+09,2.61613e+06,9.15925e+07,0.01,0.95,10,10000,0.938,0.139,4158,3245,0.000932538,0,0.780423
61,10000,1.19007,1,1.77828,0.000268875,0.0001,0.000398107,0.344227,0.3,0.4,0.547057,0.5,0.6,2.32011e-06,2.08394e+09,2.37099e+06,7.51376e+07,0.01,0.95,10,10000,0.938,0.139,3411,2660,0.00102999,0,0.77983
62,10000,1.19405,1,1.77828,0.000267398,0.0001,0.000398107,0.344321,0.3,0.4,0.647227,0.6,0.7,2.32011e-06,1.46383e+09,1.99106e+06,5.27792e+07,0.01,0.95,10,10000,0.938,0.139,2396,1864,0.00123041,0,0.777963
63,10000,1.19445,1,1.77828,0.000272263,0.0001,0.000398107,0.343632,0.3,0.4,0.746817,0.7,0.8,2.32011e-06,1.03067e+09,1.75768e+06,3.71613e+07,0.01,0.95,10,10000,0.938,0.139,1687,1232,0.00151345,0,0.73029
64,10000,1.19168,1,1.77828,0.000270838,0.0001,0.000398107,0.345893,0.3,0.4,0.847446,0.8,0.9,2.32011e-06,6.95258e+08,1.42744e+06,2.50679e+07,0.01,0.95,10,10000,0.938,0.139,1138,843,0.00182962,0,0.740773
65,10000,1.20307,1,1.77828,0.000270149,0.0001,0.000398107,0.345419,0.3,0.4,0.948109,0.9,1,2.32011e-06,4.49047e+08,1.17525e+06,1.61906e+07,0.01,0.95,10,10000,0.938,0.139,735,528,0.00231184,0,0.718367
66,10000,1.19178,1,1.77828,0.000269885,0.0001,0.000398107,0.34446,0.3,0.4,1.18097,1,1.5,1.16005e-05,1.88661e+08,357397,6.80226e+06,0.01,0.95,10,10000,0.938,0.139,1544,1042,0.00164566,0,0.67487
67,10000,1.15176,1,1.77828,0.000273012,0.0001,0.000398107,0.446993,0.4,0.5,0.0676728,0,0.1,2.32011e-06,2.95699e+08,963815,1.06616e+07,0.01,0.95,10,10000,0.938,0.139,484,343,0.00286832,0,0.708678
68,10000,1.17296,1,1.77828,0.000282631,0.0001,0.000398107,0.442917,0.4,0.5,0.152846,0.1,0.2,2.32011e-06,7.75293e+08,1.5267e+06,2.79536e+07,0.01,0.95,10,10000,0.938,0.139,1269,925,0.00174664,0,0.72892
69,10000,1.1737,1,1.77828,0.000277179,0.0001,0.000398107,0.443361,0.4,0.5,0.252474,0.2,0.3,2.32011e-06,1.08565e+09,1.75541e+06,3.91438e+07,0.01,0.95,10,10000,0.938,0.139,1777,1343,0.00144956,0,0.755768
70,10000,1.17384,1,1.77828,0.000271954,0.0001,0.000398107,0.443568,0.4,0.5,0.35161,0.3,0.4,2.32011e-06,1.29826e+09,1.94093e+06,4.68096e+07,0.01,0.95,10,10000,0.938,0.139,2125,1584,0.00133474,0,0.745412
71,10000,1.17967,1,1.77828,0.000270291,0.0001,0.000398107,0.443868,0.4,0.5,0.449228,0.4,0.5,2.32011e-06,1.29826e+09,1.99989e+06,4.68096e+07,0.01,0.95,10,10000,0.938,0.139,2125,1525,0.00136031,0,0.717647
72,10000,1.18039,1,1.77828,0.00027151,0.0001,0.000398107,0.444587,0.4,0.5,0.548174,0.5,0.6,2.32011e-06,1.16996e+09,1.90097e+06,4.21837e+07,0.01,0.95,10,10000,0.938,0.139,1915,1372,0.00143416,0,0.716449
73,10000,1.18227,1,1.77828,0.00027263,0.0001,0.000398107,0.445057,0.4,0.5,0.647015,0.6,0.7,2.32011e-06,8.55327e+08,1.61038e+06,3.08392e+07,0.01,0.95,10,10000,0.938,0.139,1400,1015,0.0016674,0,0.725
74,10000,1.20835,1,1.77828,0.000274967,0.0001,0.000398107,0.444368,0.4,0.5,0.747174,0.7,0.8,2.32011e-06,6.03616e+08,1.40991e+06,2.17637e+07,0.01,0.95,10,10000,0.938,0.139,988,679,0.00203863,0,0.687247
75,10000,1.19766,1,1.77828,0.000272161,0.0001,0.000398107,0.445179,0.4,0.5,0.847835,0.8,0.9,2.32011e-06,4.36828e+08,1.16735e+06,1.575e+07,0.01,0.95,10,10000,0.938,0.139,715,509,0.00235459,0,0.711888
76,10000,1.20288,1,1.77828,0.000273406,0.0001,0.000398107,0.442503,0.4,0.5,0.945673,0.9,1,2.32011e-06,3.10361e+08,1.05704e+06,1.11902e+07,0.01,0.95,10,10000,0.938,0.139,508,329,0.00292871,0,0.647638
77,10000,1.1947,1,1.77828,0.00027907,0.0001,0.000398107,0.444647,0.4,0.5,1.17925,1,1.5,1.16005e-05,1.09237e+08,279020,3.93861e+06,0.01,0.95,10,10000,0.938,0.139,894,583,0.00220009,0,0.652125
78,10000,1.18056,1,1.77828,0.000289246,0.0001,0.000398107,0.543487,0.5,0.6,0.0663488,0,0.1,2.32011e-06,1.46627e+08,714394,5.28673e+06,0.01,0.95,10,10000,0.938,0.139,240,159,0.00421284,0,0.6625
79,10000,1.16274,1,1.77828,0.000281728,0.0001,0.000398107,0.543326,0.5,0.6,0.157364,0.1,0.2,2.32011e-06,4.03836e+08,1.12902e+06,1.45605e+07,0.01,0.95,10,10000,0.938,0.139,661,467,0.00245819,0,0.706505
80,10000,1.16897,1,1.77828,0.000285176,0.0001,0.000398107,0.543574,0.5,0.6,0.250869,0.2,0.3,2.32011e-06,5.71847e+08,1.41439e+06,2.06182e+07,0.01,0.95,10,10000,0.938,0.139,936,618,0.00213688,0,0.660256
81,10000,1.17127,1,1.77828,0.000281502,0.0001,0.000398107,0.544093,0.5,0.6,0.349889,0.3,0.4,2.32011e-06,6.22556e+08,1.47873e+06,2.24466e+07,0.01,0.95,10,10000,0.938,0.139,1019,671,0.00205075,0,0.658489
82,10000,1.17943,1,1.77828,0.000277593,0.0001,0.000398107,0.542157,0.5,0.6,0.449602,0.4,0.5,2.32011e-06,6.24999e+08,1.50427e+06,2.25347e+07,0.01,0.95,10,10000,0.938,0.139,1023,660,0.00206777,0,0.645161
83,10000,1.16802,1,1.77828,0.000270408,0.0001,0.000398107,0.542761,0.5,0.6,0.548167,0.5,0.6,2.32011e-06,5.84066e+08,1.46428e+06,2.10588e+07,0.01,0.95,10,10000,0.938,0.139,956,611,0.00214908,0,0.639121
84,10000,1.16997,1,1.77828,0.000270182,0.0001,0.000398107,0.545873,0.5,0.6,0.648566,0.6,0.7,2.32011e-06,4.967e+08,1.29612e+06,1.79088e+07,0.01,0.95,10,10000,0.938,0.139,813,549,0.00226719,0,0.675277
85,10000,1.17767,1,1.77828,0.000267539,0.0001,0.000398107,0.545721,0.5,0.6,0.747533,0.7,0.8,2.32011e-06,3.6718e+08,1.08965e+06,1.32388e+07,0.01,0.95,10,10000,0.938,0.139,601,418,0.00259828,0,0.695507
86,10000,1.18445,1,1.77828,0.000276867,0.0001,0.000398107,0.544046,0.5,0.6,0.84833,0.8,0.9,2.32011e-06,2.4499e+08,968530,8.83324e+06,0.01,0.95,10,10000,0.938,0.139,401,249,0.00336647,0,0.620948
87,10000,1.18012,1,1.77828,0.000275124,0.0001,0.000398107,0.541731,0.5,0.6,0.948327,0.9,1,2.32011e-06,1.57014e+08,777428,5.6612e+06,0.01,0.95,10,10000,0.938,0.139,257,159,0.00421284,0,0.618677
88,10000,1.19355,1,1.77828,0.000268961,0.0001,0.000398107,0.54552,0.5,0.6,1.17619,1,1.5,1.16005e-05,6.42717e+07,232439,2.31735e+06,0.01,0.95,10,10000,0.938,0.139,526,306,0.00303678,0,0.581749
89,10000,1.18929,1,1.77828,0.000286858,0.0001,0.000398107,0.646243,0.6,0.7,0.0630937,0,0.1,2.32011e-06,7.69794e+07,544115,2.77553e+06,0.01,0.95,10,10000,0.938,0.139,126,78,0.00601488,0,0.619048
90,10000,1.1854,1,1.77828,0.000283023,0.0001,0.000398107,0.643811,0.6,0.7,0.151655,0.1,0.2,2.32011e-06,2.01002e+08,836323,7.24722e+06,0.01,0.95,10,10000,0.938,0.139,329,218,0.00359787,0,0.662614
91,10000,1.16513,1,1.77828,0.000281988,0.0001,0.000398107,0.643804,0.6,0.7,0.252807,0.2,0.3,2.32011e-06,3.07918e+08,1.0832e+06,1.11021e+07,0.01,0.95,10,10000,0.938,0.139,504,314,0.00299784,0,0.623016
92,10000,1.16848,1,1.77828,0.000280171,0.0001,0.000398107,0.646001,0.6,0.7,0.351991,0.3,0.4,2.32011e-06,3.45796e+08,1.08189e+06,1.24679e+07,0.01,0.95,10,10000,0.938,0.139,566,382,0.00271796,0,0.674912
93,10000,1.17053,1,1.77828,0.00027888,0.0001,0.000398107,0.644106,0.6,0.7,0.44879,0.4,0.5,2.32011e-06,3.4152e+08,1.15585e+06,1.23137e+07,0.01,0.95,10,10000,0.938,0.139,559,342,0.00287251,0,0.611807
94,10000,1.17162,1,1.77828,0.000274144,0.0001,0.000398107,0.642503,0.6,0.7,0.548877,0.5,0.6,2.32011e-06,3.12805e+08,1.07456e+06,1.12784e+07,0.01,0.95,10,10000,0.938,0.139,512,326,0.00294215,0,0.636719
95,10000,1.17409,1,1.77828,0.000267777,0.0001,0.000398107,0.644756,0.6,0.7,0.647931,0.6,0.7,2.32011e-06,2.55376e+08,950296,9.20772e+06,0.01,0.95,10,10000,0.938,0.139,418,274,0.00320921,0,0.655502
96,10000,1.17602,1,1.77828,0.000268952,0.0001,0.000398107,0.644806,0.6,0.7,0.74598,0.7,0.8,2.32011e-06,2.36437e+08,997306,8.52485e+06,0.01,0.95,10,10000,0.938,0.139,387,225,0.00354146,0,0.581395
97,10000,1.17405,1,1.77828,0.000269162,0.0001,0.000398107,0.644398,0.6,0.7,0.848069,0.8,0.9,2.32011e-06,1.56403e+08,814362,5.63918e+06,0.01,0.95,10,10000,0.938,0.139,256,148,0.0043666,0,0.578125
98,10000,1.19319,1,1.77828,0.00029401,0.0001,0.000398107,0.64169,0.6,0.7,0.947877,0.9,1,2.32011e-06,1.07527e+08,642871,3.87693e+06,0.01,0.95,10,10000,0.938,0.139,176,109,0.00508816,0,0.619318
99,10000,1.19827,1,1.77828,0.000279632,0.0001,0.000398107,0.650752,0.6,0.7,1.17311,1,1.5,1.16005e-05,3.55572e+07,162850,1.28203e+06,0.01,0.95,10,10000,0.938,0.139,291,184,0.0039162,0,0.632302
100,10000,1.21452,1,1.77828,0.000293787,0.0001,0.000398107,0.744237,0.7,0.8,0.059885,0,0.1,2.32011e-06,3.29912e+07,351845,1.18951e+06,0.01,0.95,10,10000,0.938,0.139,54,34,0.00911034,0,0.62963
101,10000,1.13931,1,1.77828,0.000281627,0.0001,0.000398107,0.747696,0.7,0.8,0.150026,0.1,0.2,2.32011e-06,1.30132e+08,756376,4.69197e+06,0.01,0.95,10,10000,0.938,0.139,213,120,0.00484935,0,0.56338
102,10000,1.1655,1,1.77828,0.000280618,0.0001,0.000398107,0.745288,0.7,0.8,0.252075,0.2,0.3,2.32011e-06,1.79619e+08,883557,6.47624e+06,0.01,0.95,10,10000,0.938,0.139,294,167,0.0041107,0,0.568027
103,10000,1.1663,1,1.77828,0.000274141,0.0001,0.000398107,0.743663,0.7,0.8,0.348552,0.3,0.4,2.32011e-06,1.82673e+08,944631,6.58638e+06,0.01,0.95,10,10000,0.938,0.139,299,156,0.00425316,0,0.521739
104,10000,1.19336,1,1.77828,0.000286653,0.0001,0.000398107,0.746357,0.7,0.8,0.446864,0.4,0.5,2.32011e-06,1.97336e+08,917279,7.11505e+06,0.01,0.95,10,10000,0.938,0.139,323,186,0.00389509,0,0.575851
105,10000,1.1695,1,1.77828,0.000286301,0.0001,0.000398107,0.741627,0.7,0.8,0.546405,0.5,0.6,2.32011e-06,1.66789e+08,794103,6.01365e+06,0.01,0.95,10,10000,0.938,0.139,273,171,0.00406234,0,0.626374
106,10000,1.18127,1,1.77828,0.000270919,0.0001,0.000398107,0.747567,0.7,0.8,0.647923,0.6,0.7,2.32011e-06,1.31965e+08,703690,4.75805e+06,0.01,0.95,10,10000,0.938,0.139,216,136,0.00455517,0,0.62963
107,10000,1.16449,1,1.77828,0.000273465,0.0001,0.000398107,0.740101,0.7,0.8,0.749657,0.7,0.8,2.32011e-06,1.228e+08,718134,4.42763e+06,0.01,0.95,10,10000,0.938,0.139,201,117,0.00491113,0,0.58209
108,10000,1.15003,1,1.77828,0.000278596,0.0001,0.000398107,0.750915,0.7,0.8,0.849379,0.8,0.9,2.32011e-06,9.65297e+07,731281,3.48043e+06,0.01,0.95,10,10000,0.938,0.139,158,75,0.00613399,0,0.474684
109,10000,1.16703,1,1.77828,0.000270828,0.0001,0.000398107,0.748361,0.7,0.8,0.949271,0.9,1,2.32011e-06,6.84261e+07,525774,2.46714e+06,0.01,0.95,10,10000,0.938,0.139,112,67,0.00648988,0,0.598214
110,10000,1.1742,1,1.77828,0.000284387,0.0001,0.000398107,0.750037,0.7,0.8,1.21073,1,1.5,1.16005e-05,2.50489e+07,151595,903149,0.01,0.95,10,10000,0.938,0.139,205,112,0.00501955,0,0.546341
111,10000,1.15226,1,1.77828,0.000276597,0.0001,0.000398107,0.83084,0.8,0.9,0.0741236,0,0.1,2.32011e-06,2.07722e+07,293172,748953,0.01,0.95,10,10000,0.938,0.139,34,20,0.0118784,0,0.588235
112,10000,1.15489,1,1.77828,0.000280408,0.0001,0.000398107,0.842428,0.8,0.9,0.151772,0.1,0.2,2.32011e-06,6.72042e+07,575613,2.42308e+06,0.01,0.95,10,10000,0.938,0.139,110,57,0.00703617,0,0.518182
113,10000,1.18595,1,1.77828,0.000296747,0.0001,0.000398107,0.842566,0.8,0.9,0.248243,0.2,0.3,2.32011e-06,8.91984e+07,601966,3.21609e+06,0.01,0.95,10,10000,0.938,0.139,146,87,0.00569527,0,0.59589
114,10000,1.17222,1,1.77828,0.000283967,0.0001,0.000398107,0.838993,0.8,0.9,0.355251,0.3,0.4,2.32011e-06,9.59188e+07,641550,3.4584e+06,0.01,0.95,10,10000,0.938,0.139,157,90,0.00559954,0,0.573248
115,10000,1.15159,1,1.77828,0.000284483,0.0001,0.000398107,0.844193,0.8,0.9,0.451057,0.4,0.5,2.32011e-06,9.2864e+07,647547,3.34826e+06,0.01,0.95,10,10000,0.938,0.139,152,84,0.00579608,0,0.552632
116,10000,1.18465,1,1.77828,0.000280409,0.0001,0.000398107,0.84549,0.8,0.9,0.54608,0.5,0.6,2.32011e-06,9.89735e+07,759258,3.56854e+06,0.01,0.95,10,10000,0.938,0.139,162,74,0.0061753,0,0.45679
117,10000,1.14086,1,1.77828,0.000260693,0.0001,0.000398107,0.846458,0.8,0.9,0.649691,0.6,0.7,2.32011e-06,7.57575e+07,538569,2.73148e+06,0.01,0.95,10,10000,0.938,0.139,124,77,0.00605381,0,0.620968
118,10000,1.13847,1,1.77828,0.0002899,0.0001,0.000398107,0.842367,0.8,0.9,0.740886,0.7,0.8,2.32011e-06,5.804e+07,529321,2.09266e+06,0.01,0.95,10,10000,0.938,0.139,95,50,0.00751258,0,0.526316
119,10000,1.14542,1,1.77828,0.000276413,0.0001,0.000398107,0.844921,0.8,0.9,0.844237,0.8,0.9,2.32011e-06,4.7043e+07,465059,1.69616e+06,0.01,0.95,10,10000,0.938,0.139,77,42,0.00819689,0,0.545455
120,10000,1.1785,1,1.77828,0.000276034,0.0001,0.000398107,0.841807,0.8,0.9,0.953247,0.9,1,2.32011e-06,3.42131e+07,338919,1.23357e+06,0.01,0.95,10,10000,0.938,0.139,56,38,0.00861752,0,0.678571
121,10000,1.16017,1,1.77828,0.000287901,0.0001,0.000398107,0.840271,0.8,0.9,1.1809,1,1.5,1.16005e-05,1.64956e+07,109381,594757,0.01,0.95,10,10000,0.938,0.139,135,87,0.00569527,0,0.644444
122,10000,1.15852,1,1.77828,0.000272362,0.0001,0.000398107,0.92201,0.9,1,0.0729809,0,0.1,2.32011e-06,9.77516e+06,207530,352448,0.01,0.95,10,10000,0.938,0.139,16,9,0.0177073,0,0.5625
123,10000,1.17659,1,1.77828,0.000263445,0.0001,0.000398107,0.943342,0.9,1,0.146011,0.1,0.2,2.32011e-06,3.17693e+07,427286,1.14546e+06,0.01,0.95,10,10000,0.938,0.139,52,24,0.0108435,0,0.461538
124,10000,1.17111,1,1.77828,0.000297288,0.0001,0.000398107,0.946257,0.9,1,0.24795,0.2,0.3,2.32011e-06,5.37634e+07,561382,1.93847e+06,0.01,0.95,10,10000,0.938,0.139,88,40,0.00839932,0,0.454545
125,10000,1.16424,1,1.77828,0.000286863,0.0001,0.000398107,0.944796,0.9,1,0.345728,0.3,0.4,2.32011e-06,6.72042e+07,568876,2.42308e+06,0.01,0.95,10,10000,0.938,0.139,110,58,0.00697525,0,0.527273
126,10000,1.12118,1,1.77828,0.000270523,0.0001,0.000398107,0.944206,0.9,1,0.448895,0.4,0.5,2.32011e-06,5.31524e+07,528371,1.91644e+06,0.01,0.95,10,10000,0.938,0.139,87,43,0.00810102,0,0.494253
127,10000,1.13297,1,1.77828,0.000287556,0.0001,0.000398107,0.940843,0.9,1,0.551474,0.5,0.6,2.32011e-06,3.5435e+07,376011,1.27763e+06,0.01,0.95,10,10000,0.938,0.139,58,35,0.00897925,0,0.603448
128,10000,1.14326,1,1.77828,0.000264793,0.0001,0.000398107,0.943422,0.9,1,0.64996,0.6,0.7,2.32011e-06,3.97116e+07,399690,1.43182e+06,0.01,0.95,10,10000,0.938,0.139,65,39,0.00850632,0,0.6
129,10000,1.22109,1,1.77828,0.000306048,0.0001,0.000398107,0.937052,0.9,1,0.748442,0.7,0.8,2.32011e-06,2.74926e+07,435426,991261,0.01,0.95,10,10000,0.938,0.139,45,18,0.012521,0,0.4
130,10000,1.11474,1,1.77828,0.000283252,0.0001,0.000398107,0.954376,0.9,1,0.853526,0.8,0.9,2.32011e-06,2.07722e+07,293172,748953,0.01,0.95,10,10000,0.938,0.139,34,20,0.0118784,0,0.588235
131,10000,1.15664,1,1.77828,0.000293174,0.0001,0.000398107,0.946188,0.9,1,0.937992,0.9,1,2.32011e-06,1.34408e+07,211662,484617,0.01,0.95,10,10000,0.938,0.139,22,15,0.013716,0,0.681818
132,10000,1.15608,1,1.77828,0.000293382,0.0001,0.000398107,0.948924,0.9,1,1.22852,1,1.5,1.16005e-05,1.00195e+07,90046.3,361260,0.01,0.95,10,10000,0.938,0.139,82,49,0.00758885,0,0.597561
133,10000,1.67067,1,1.77828,0.000450459,0.000398107,0.000630957,0.0879664,0.05,0.1,0.0684289,0,0.1,9.06113e-07,1.15495e+10,1.48632e+08,4.16423e+08,0.01,0.95,10,10000,0.938,0.139,7383,34,0.00911034,0,0.00460517
134,10000,1.31441,1,1.77828,0.000507536,0.000398107,0.000630957,0.0776529,0.05,0.1,0.176718,0.1,0.2,9.06113e-07,3.032e+10,6.87993e+07,1.0932e+09,0.01,0.95,10,10000,0.938,0.139,19382,1066,0.00162703,0,0.0549995
135,10000,1.28179,1,1.77828,0.000508145,0.000398107,0.000630957,0.0718568,0.05,0.1,0.258477,0.2,0.3,9.06113e-07,3.55777e+10,3.067e+07,1.28277e+09,0.01,0.95,10,10000,0.938,0.139,22743,6508,0.000658492,0,0.286154
136,10000,1.27356,1,1.77828,0.000507572,0.000398107,0.000630957,0.0713365,0.05,0.1,0.351288,0.3,0.4,9.06113e-07,3.02308e+10,1.82666e+07,1.08999e+09,0.01,0.95,10,10000,0.938,0.139,19325,11042,0.000505534,0,0.571384
137,10000,1.27772,1,1.77828,0.000507108,0.000398107,0.000630957,0.0717489,0.05,0.1,0.448756,0.4,0.5,9.06113e-07,2.2758e+10,1.33409e+07,8.2055e+08,0.01,0.95,10,10000,0.938,0.139,14548,10498,0.000518466,0,0.721611
138,10000,1.28109,1,1.77828,0.000506362,0.000398107,0.000630957,0.0717715,0.05,0.1,0.547454,0.5,0.6,9.06113e-07,1.62284e+10,1.04851e+07,5.85124e+08,0.01,0.95,10,10000,0.938,0.139,10374,8186,0.000587135,0,0.789088
139,10000,1.28044,1,1.77828,0.000507428,0.000398107,0.000630957,0.072347,0.05,0.1,0.646748,0.6,0.7,9.06113e-07,1.0966e+10,8.45461e+06,3.95384e+08,0.01,0.95,10,10000,0.938,0.139,7010,5661,0.000706037,0,0.807561
140,10000,1.28473,1,1.77828,0.00050622,0.000398107,0.000630957,0.0720766,0.05,0.1,0.746536,0.7,0.8,9.06113e-07,7.56982e+09,6.95526e+06,2.72934e+08,0.01,0.95,10,10000,0.938,0.139,4839,3954,0.000844803,0,0.817111
141,10000,1.29075,1,1.77828,0.000507795,0.000398107,0.000630957,0.0724741,0.05,0.1,0.846837,0.8,0.9,9.06113e-07,5.06063e+09,5.76647e+06,1.82463e+08,0.01,0.95,10,10000,0.938,0.139,3235,2600,0.00104181,0,0.803709
142,10000,1.29519,1,1.77828,0.00050613,0.000398107,0.000630957,0.072349,0.05,0.1,0.946378,0.9,1,9.06113e-07,3.38992e+09,4.91696e+06,1.22225e+08,0.01,0.95,10,10000,0.938,0.139,2167,1657,0.00130501,0,0.764652
143,10000,1.29975,1,1.77828,0.00050541,0.000398107,0.000630957,0.0726753,0.05,0.1,1.16922,1,1.5,4.53056e-06,1.13884e+09,1.35869e+06,4.10613e+07,0.01,0.95,10,10000,0.938,0.139,3640,2567,0.00104848,0,0.70522
144,10000,1.56383,1,1.77828,0.000482423,0.000398107,0.000630957,0.130629,0.1,0.15,0.0696056,0,0.1,9.06113e-07,4.56004e+09,2.30965e+07,1.64415e+08,0.01,0.95,10,10000,0.938,0.139,2915,212,0.00364843,0,0.0727273
145,10000,1.37405,1,1.77828,0.000503644,0.000398107,0.000630957,0.12539,0.1,0.15,0.162559,0.1,0.2,9.06113e-07,1.25413e+10,2.38423e+07,4.52182e+08,0.01,0.95,10,10000,0.938,0.139,8017,1423,0.00140822,0,0.177498
146,10000,1.2945,1,1.77828,0.000503673,0.000398107,0.000630957,0.122975,0.1,0.15,0.254452,0.2,0.3,9.06113e-07,1.66852e+10,1.88741e+07,6.01594e+08,0.01,0.95,10,10000,0.938,0.139,10666,3655,0.000878679,0,0.342678
147,10000,1.27608,1,1.77828,0.00050645,0.000398107,0.000630957,0.122558,0.1,0.15,0.351945,0.3,0.4,9.06113e-07,1.54713e+10,1.35274e+07,5.57825e+08,0.01,0.95,10,10000,0.938,0.139,9890,5376,0.00072451,0,0.543579
148,10000,1.26933,1,1.77828,0.000506892,0.000398107,0.000630957,0.122402,0.1,0.15,0.449082,0.4,0.5,9.06113e-07,1.20751e+10,1.00529e+07,4.35374e+08,0.01,0.95,10,10000,0.938,0.139,7719,5331,0.000727561,0,0.690634
149,10000,1.27111,1,1.77828,0.000507864,0.000398107,0.000630957,0.123221,0.1,0.15,0.548262,0.5,0.6,9.06113e-07,8.64921e+09,7.74939e+06,3.11852e+08,0.01,0.95,10,10000,0.938,0.139,5529,4298,0.000810291,0,0.777356
150,10000,1.27091,1,1.77828,0.000505864,0.000398107,0.000630957,0.123057,0.1,0.15,0.647377,0.6,0.7,9.06113e-07,6.07588e+09,6.23732e+06,2.19069e+08,0.01,0.95,10,10000,0.938,0.139,3884,3170,0.000943505,0,0.816169
151,10000,1.2736,1,1.77828,0.000507872,0.000398107,0.000630957,0.123002,0.1,0.15,0.746776,0.7,0.8,9.06113e-07,4.24248e+09,5.09727e+06,1.52965e+08,0.01,0.95,10,10000,0.938,0.139,2712,2272,0.00111447,0,0.837758
152,10000,1.28144,1,1.77828,0.000507648,0.000398107,0.000630957,0.122992,0.1,0.15,0.846819,0.8,0.9,9.06113e-07,2.82675e+09,4.10178e+06,1.0192e+08,0.01,0.95,10,10000,0.938,0.139,1807,1539,0.00135411,0,0.851688
153,10000,1.2777,1,1.77828,0.000506119,0.000398107,0.000630957,0.123083,0.1,0.15,0.948019,0.9,1,9.06113e-07,1.89285e+09,3.38371e+06,6.82475e+07,0.01,0.95,10,10000,0.938,0.139,1210,1021,0.0016625,0,0.843802
154,10000,1.30566,1,1.77828,0.000504528,0.000398107,0.000630957,0.124042,0.1,0.15,1.17117,1,1.5,4.53056e-06,7.22723e+08,996657,2.60581e+07,0.01,0.95,10,10000,0.938,0.139,2310,1807,0.00124967,0,0.782251
155,10000,1.46657,1,1.77828,0.000489901,0.000398107,0.000630957,0.176906,0.15,0.2,0.0682219,0,0.1,9.06113e-07,2.33086e+09,8.29084e+06,8.40404e+07,0.01,0.95,10,10000,0.938,0.139,1490,388,0.00269686,0,0.260403
156,10000,1.41274,1,1.77828,0.000499695,0.000398107,0.000630957,0.174763,0.15,0.2,0.157665,0.1,0.2,9.06113e-07,6.45601e+09,1.17969e+07,2.32775e+08,0.01,0.95,10,10000,0.938,0.139,4127,1403,0.00141822,0,0.339956
157,10000,1.35769,1,1.77828,0.000505021,0.000398107,0.000630957,0.173363,0.15,0.2,0.254068,0.2,0.3,9.06113e-07,9.28277e+09,1.21821e+07,3.34695e+08,0.01,0.95,10,10000,0.938,0.139,5934,2568,0.00104828,0,0.43276
158,10000,1.32267,1,1.77828,0.000504893,0.000398107,0.000630957,0.173303,0.15,0.2,0.351043,0.3,0.4,9.06113e-07,9.15918e+09,1.02591e+07,3.30239e+08,0.01,0.95,10,10000,0.938,0.139,5855,3250,0.000931821,0,0.555081
159,10000,1.30092,1,1.77828,0.000507975,0.000398107,0.000630957,0.17307,0.15,0.2,0.448654,0.4,0.5,9.06113e-07,7.63552e+09,8.16348e+06,2.75303e+08,0.01,0.95,10,10000,0.938,0.139,4881,3279,0.000927691,0,0.671789
160,10000,1.28425,1,1.77828,0.000508378,0.000398107,0.000630957,0.173264,0.15,0.2,0.54819,0.5,0.6,9.06113e-07,5.73798e+09,6.5335e+06,2.06886e+08,0.01,0.95,10,10000,0.938,0.139,3668,2732,0.00101633,0,0.74482
161,10000,1.27808,1,1.77828,0.000509699,0.000398107,0.000630957,0.173297,0.15,0.2,0.648064,0.6,0.7,9.06113e-07,3.79351e+09,4.98833e+06,1.36777e+08,0.01,0.95,10,10000,0.938,0.139,2425,1951,0.00120267,0,0.804536
162,10000,1.27558,1,1.77828,0.000506337,0.000398107,0.000630957,0.173209,0.15,0.2,0.746366,0.7,0.8,9.06113e-07,2.69379e+09,4.10224e+06,9.71258e+07,0.01,0.95,10,10000,0.938,0.139,1722,1426,0.00140674,0,0.828107
163,10000,1.28623,1,1.77828,0.000506229,0.000398107,0.000630957,0.173646,0.15,0.2,0.846105,0.8,0.9,9.06113e-07,1.77709e+09,3.23624e+06,6.40737e+07,0.01,0.95,10,10000,0.938,0.139,1136,973,0.00170301,0,0.856514
164,10000,1.28124,1,1.77828,0.000507013,0.000398107,0.000630957,0.173492,0.15,0.2,0.946169,0.9,1,9.06113e-07,1.28119e+09,2.77712e+06,4.6194e+07,0.01,0.95,10,10000,0.938,0.139,819,693,0.00201794,0,0.846154
165,10000,1.28857,1,1.77828,0.00050674,0.000398107,0.000630957,0.173351,0.15,0.2,1.17349,1,1.5,4.53056e-06,4.84631e+08,777492,1.74736e+07,0.01,0.95,10,10000,0.938,0.139,1549,1284,0.00148249,0,0.828922
166,10000,1.38209,1,1.77828,0.00049303,0.000398107,0.000630957,0.223893,0.2,0.25,0.0676232,0,0.1,9.06113e-07,1.34064e+09,4.2169e+06,4.83373e+07,0.01,0.95,10,10000,0.938,0.139,857,428,0.00256775,0,0.499417
167,10000,1.36213,1,1.77828,0.000496588,0.000398107,0.000630957,0.225164,0.2,0.25,0.154662,0.1,0.2,9.06113e-07,3.8952e+09,7.11752e+06,1.40443e+08,0.01,0.95,10,10000,0.938,0.139,2490,1262,0.00149535,0,0.506827
168,10000,1.34852,1,1.77828,0.000503488,0.000398107,0.000630957,0.223215,0.2,0.25,0.252126,0.2,0.3,9.06113e-07,5.42824e+09,8.02506e+06,1.95718e+08,0.01,0.95,10,10000,0.938,0.139,3470,1882,0.00122452,0,0.542363
169,10000,1.32937,1,1.77828,0.000503235,0.000398107,0.000630957,0.223715,0.2,0.25,0.34984,0.3,0.4,9.06113e-07,5.93978e+09,7.64694e+06,2.14162e+08,0.01,0.95,10,10000,0.938,0.139,3797,2351,0.00109559,0,0.619173
170,10000,1.31909,1,1.77828,0.000506985,0.000398107,0.000630957,0.224223,0.2,0.25,0.448133,0.4,0.5,9.06113e-07,5.20767e+09,6.54119e+06,1.87765e+08,0.01,0.95,10,10000,0.938,0.139,3329,2327,0.00110122,0,0.699009
171,10000,1.30066,1,1.77828,0.000506456,0.000398107,0.000630957,0.223626,0.2,0.25,0.547678,0.5,0.6,9.06113e-07,3.70435e+09,5.28946e+06,1.33562e+08,0.01,0.95,10,10000,0.938,0.139,2368,1747,0.00127095,0,0.737753
172,10000,1.28506,1,1.77828,0.000503807,0.000398107,0.000630957,0.223831,0.2,0.25,0.645808,0.6,0.7,9.06113e-07,2.57177e+09,4.11936e+06,9.27264e+07,0.01,0.95,10,10000,0.938,0.139,1644,1318,0.00146324,0,0.801703
173,10000,1.27245,1,1.77828,0.000505174,0.000398107,0.000630957,0.223163,0.2,0.25,0.74789,0.7,0.8,9.06113e-07,1.90223e+09,3.51226e+06,6.8586e+07,0.01,0.95,10,10000,0.938,0.139,1216,985,0.00169261,0,0.810033
174,10000,1.26379,1,1.77828,0.000505523,0.000398107,0.000630957,0.223783,0.2,0.25,0.848166,0.8,0.9,9.06113e-07,1.32343e+09,2.96686e+06,4.77169e+07,0.01,0.95,10,10000,0.938,0.139,846,675,0.00204466,0,0.797872
175,10000,1.26671,1,1.77828,0.000498112,0.000398107,0.000630957,0.222222,0.2,0.25,0.947066,0.9,1,9.06113e-07,8.93236e+08,2.34041e+06,3.22061e+07,0.01,0.95,10,10000,0.938,0.139,571,478,0.00242974,0,0.837128
176,10000,1.26334,1,1.77828,0.000508677,0.000398107,0.000630957,0.224151,0.2,0.25,1.1858,1,1.5,4.53056e-06,3.47282e+08,661287,1.25214e+07,0.01,0.95,10,10000,0.938,0.139,1110,915,0.00175616,0,0.824324
177,10000,1.30869,1,1.77828,0.000507848,0.000398107,0.000630957,0.274265,0.25,0.3,0.0681236,0,0.1,9.06113e-07,9.33908e+08,2.88779e+06,3.36725e+07,0.01,0.95,10,10000,0.938,0.139,597,395,0.00267286,0,0.661642
178,10000,1.32771,1,1.77828,0.000500743,0.000398107,0.000630957,0.274073,0.25,0.3,0.154505,0.1,0.2,9.06113e-07,2.66876e+09,4.87122e+06,9.62234e+07,0.01,0.95,10,10000,0.938,0.139,1706,1132,0.00157889,0,0.66354
179,10000,1.31205,1,1.77828,0.000503221,0.000398107,0.000630957,0.27394,0.25,0.3,0.251595,0.2,0.3,9.06113e-07,3.46344e+09,5.53822e+06,1.24876e+08,0.01,0.95,10,10000,0.938,0.139,2214,1473,0.00138412,0,0.665312
180,10000,1.29879,1,1.77828,0.000502469,0.000398107,0.000630957,0.273654,0.25,0.3,0.350247,0.3,0.4,9.06113e-07,3.84827e+09,5.47909e+06,1.38751e+08,0.01,0.95,10,10000,0.938,0.139,2460,1778,0.00125982,0,0.722764
181,10000,1.29192,1,1.77828,0.000502335,0.000398107,0.000630957,0.273536,0.25,0.3,0.448011,0.4,0.5,9.06113e-07,3.50411e+09,5.14098e+06,1.26343e+08,0.01,0.95,10,10000,0.938,0.139,2240,1654,0.00130619,0,0.738393
182,10000,1.29349,1,1.77828,0.000502282,0.000398107,0.000630957,0.275265,0.25,0.3,0.547151,0.5,0.6,9.06113e-07,2.70786e+09,4.43137e+06,9.76335e+07,0.01,0.95,10,10000,0.938,0.139,1731,1310,0.0014677,0,0.756788
183,10000,1.29592,1,1.77828,0.000504968,0.000398107,0.000630957,0.273619,0.25,0.3,0.646087,0.6,0.7,9.06113e-07,1.96168e+09,3.50197e+06,7.07293e+07,0.01,0.95,10,10000,0.938,0.139,1254,1038,0.00164883,0,0.827751
184,10000,1.29048,1,1.77828,0.000504653,0.000398107,0.000630957,0.273644,0.25,0.3,0.748369,0.7,0.8,9.06113e-07,1.32186e+09,2.96219e+06,4.76605e+07,0.01,0.95,10,10000,0.938,0.139,845,675,0.00204466,0,0.798817
185,10000,1.27782,1,1.77828,0.000502845,0.000398107,0.000630957,0.274342,0.25,0.3,0.846468,0.8,0.9,9.06113e-07,9.38601e+08,2.38796e+06,3.38418e+07,0.01,0.95,10,10000,0.938,0.139,600,505,0.0023639,0,0.841667
186,10000,1.27493,1,1.77828,0.000508184,0.000398107,0.000630957,0.272942,0.25,0.3,0.94933,0.9,1,9.06113e-07,6.6015e+08,2.09905e+06,2.3802e+07,0.01,0.95,10,10000,0.938,0.139,422,336,0.00289804,0,0.796209
187,10000,1.27326,1,1.77828,0.000513095,0.000398107,0.000630957,0.273603,0.25,0.3,1.1778,1,1.5,4.53056e-06,2.6844e+08,609029,9.67874e+06,0.01,0.95,10,10000,0.938,0.139,858,669,0.00205381,0,0.77972
188,10000,1.28696,1,1.77828,0.00050462,0.000398107,0.000630957,0.345875,0.3,0.4,0.0653292,0,0.1,1.81223e-06,5.45171e+08,1.33669e+06,1.96564e+07,0.01,0.95,10,10000,0.938,0.139,697,561,0.00224281,0,0.804878
189,10000,1.28767,1,1.77828,0.000504329,0.000398107,0.000630957,0.344992,0.3,0.4,0.154829,0.1,0.2,1.81223e-06,1.47673e+09,2.24869e+06,5.32444e+07,0.01,0.95,10,10000,0.938,0.139,1888,1480,0.00138084,0,0.783898
190,10000,1.28743,1,1.77828,0.000505631,0.000398107,0.000630957,0.345653,0.3,0.4,0.250808,0.2,0.3,1.81223e-06,2.06101e+09,2.70539e+06,7.43108e+07,0.01,0.95,10,10000,0.938,0.139,2635,2020,0.00118195,0,0.766603
191,10000,1.27618,1,1.77828,0.000505408,0.000398107,0.000630957,0.344894,0.3,0.4,0.349112,0.3,0.4,1.81223e-06,2.24013e+09,2.83782e+06,8.0769e+07,0.01,0.95,10,10000,0.938,0.139,2864,2179,0.00113801,0,0.760824
192,10000,1.2765,1,1.77828,0.000506687,0.000398107,0.000630957,0.344697,0.3,0.4,0.449395,0.4,0.5,1.81223e-06,2.12828e+09,2.71208e+06,7.67362e+07,0.01,0.95,10,10000,0.938,0.139,2721,2121,0.00115346,0,0.779493
193,10000,1.27539,1,1.77828,0.000506181,0.000398107,0.000630957,0.344992,0.3,0.4,0.547619,0.5,0.6,1.81223e-06,1.70356e+09,2.43315e+06,6.14228e+07,0.01,0.95,10,10000,0.938,0.139,2178,1692,0.00129144,0,0.77686
194,10000,1.27846,1,1.77828,0.00050926,0.000398107,0.000630957,0.345674,0.3,0.4,0.646257,0.6,0.7,1.81223e-06,1.25616e+09,2.03117e+06,4.52915e+07,0.01,0.95,10,10000,0.938,0.139,1606,1291,0.00147846,0,0.803861
195,10000,1.27405,1,1.77828,0.000508626,0.000398107,0.000630957,0.345552,0.3,0.4,0.74736,0.7,0.8,1.81223e-06,8.88543e+08,1.75644e+06,3.20369e+07,0.01,0.95,10,10000,0.938,0.139,1136,883,0.0017877,0,0.777289
196,10000,1.28077,1,1.77828,0.000505685,0.000398107,0.000630957,0.345903,0.3,0.4,0.847818,0.8,0.9,1.81223e-06,5.80368e+08,1.3893e+06,2.09255e+07,0.01,0.95,10,10000,0.938,0.139,742,592,0.0021833,0,0.797844
197,10000,1.26157,1,1.77828,0.000512581,0.000398107,0.000630957,0.345258,0.3,0.4,0.947757,0.9,1,1.81223e-06,4.66954e+08,1.28469e+06,1.68363e+07,0.01,0.95,10,10000,0.938,0.139,597,459,0.00247952,0,0.768844
198,10000,1.2727,1,1.77828,0.000510312,0.000398107,0.000630957,0.34431,0.3,0.4,1.18436,1,1.5,9.06113e-06,1.66445e+08,340996,6.00127e+06,0.01,0.95,10,10000,0.938,0.139,1064,824,0.00185059,0,0.774436
199,10000,1.27088,1,1.77828,0.000506693,0.000398107,0.000630957,0.44245,0.4,0.5,0.0663727,0,0.1,1.81223e-06,2.33086e+08,815389,8.40404e+06,0.01,0.95,10,10000,0.938,0.139,298,260,0.00329448,0,0.872483
200,10000,1.26486,1,1.77828,0.000511625,0.000398107,0.000630957,0.44576,0.4,0.5,0.153693,0.1,0.2,1.81223e-06,7.39149e+08,1.56954e+06,2.66504e+07,0.01,0.95,10,10000,0.938,0.139,945,753,0.00193587,0,0.796825
201,10000,1.2459,1,1.77828,0.000508148,0.000398107,0.000630957,0.44472,0.4,0.5,0.251408,0.2,0.3,1.81223e-06,1.00821e+09,1.81118e+06,3.63517e+07,0.01,0.95,10,10000,0.938,0.139,1289,1042,0.00164566,0,0.808379
202,10000,1.2645,1,1.77828,0.000509711,0.000398107,0.000630957,0.444098,0.4,0.5,0.35009,0.3,0.4,1.81223e-06,1.09191e+09,1.84004e+06,3.93692e+07,0.01,0.95,10,10000,0.938,0.139,1396,1161,0.00155904,0,0.831662
203,10000,1.26178,1,1.77828,0.000506146,0.000398107,0.000630957,0.445801,0.4,0.5,0.448052,0.4,0.5,1.81223e-06,1.09895e+09,1.95057e+06,3.96231e+07,0.01,0.95,10,10000,0.938,0.139,1405,1094,0.00160607,0,0.778648
204,10000,1.25644,1,1.77828,0.000505328,0.000398107,0.000630957,0.444298,0.4,0.5,0.547832,0.5,0.6,1.81223e-06,9.16701e+08,1.76023e+06,3.30521e+07,0.01,0.95,10,10000,0.938,0.139,1172,926,0.0017457,0,0.790102
205,10000,1.26177,1,1.77828,0.000510578,0.000398107,0.000630957,0.445413,0.4,0.5,0.646783,0.6,0.7,1.81223e-06,7.2898e+08,1.55113e+06,2.62838e+07,0.01,0.95,10,10000,0.938,0.139,932,747,0.00194363,0,0.801502
206,10000,1.25227,1,1.77828,0.000516905,0.000398107,0.000630957,0.445906,0.4,0.5,0.744876,0.7,0.8,1.81223e-06,4.98241e+08,1.2445e+06,1.79643e+07,0.01,0.95,10,10000,0.938,0.139,637,529,0.00230965,0,0.830455
207,10000,1.25557,1,1.77828,0.000507212,0.000398107,0.000630957,0.444678,0.4,0.5,0.847442,0.8,0.9,1.81223e-06,3.56669e+08,1.12432e+06,1.28599e+07,0.01,0.95,10,10000,0.938,0.139,456,350,0.00283949,0,0.767544
208,10000,1.25418,1,1.77828,0.000506955,0.000398107,0.000630957,0.444081,0.4,0.5,0.948288,0.9,1,1.81223e-06,2.51858e+08,942158,9.08087e+06,0.01,0.95,10,10000,0.938,0.139,322,248,0.00337325,0,0.770186
209,10000,1.27224,1,1.77828,0.000514612,0.000398107,0.000630957,0.44483,0.4,0.5,1.18141,1,1.5,9.06113e-06,9.47987e+07,266202,3.41802e+06,0.01,0.95,10,10000,0.938,0.139,606,450,0.00250419,0,0.742574
210,10000,1.22114,1,1.77828,0.000504953,0.000398107,0.000630957,0.547528,0.5,0.6,0.0680158,0,0.1,1.81223e-06,1.35315e+08,662928,4.87885e+06,0.01,0.95,10,10000,0.938,0.139,173,140,0.00448962,0,0.809249
211,10000,1.24308,1,1.77828,0.000514402,0.000398107,0.000630957,0.545571,0.5,0.6,0.153151,0.1,0.2,1.81223e-06,3.7153e+08,1.11152e+06,1.33957e+07,0.01,0.95,10,10000,0.938,0.139,475,379,0.00272869,0,0.797895
212,10000,1.2346,1,1.77828,0.000510344,0.000398107,0.000630957,0.544662,0.5,0.6,0.251659,0.2,0.3,1.81223e-06,5.68636e+08,1.39317e+06,2.05025e+07,0.01,0.95,10,10000,0.938,0.139,727,571,0.00222308,0,0.78542
213,10000,1.24038,1,1.77828,0.000509524,0.000398107,0.000630957,0.54573,0.5,0.6,0.348603,0.3,0.4,1.81223e-06,6.31992e+08,1.43983e+06,2.27868e+07,0.01,0.95,10,10000,0.938,0.139,808,650,0.00208361,0,0.804455
214,10000,1.2492,1,1.77828,0.000513182,0.000398107,0.000630957,0.54465,0.5,0.6,0.447299,0.4,0.5,1.81223e-06,5.84279e+08,1.37088e+06,2.10665e+07,0.01,0.95,10,10000,0.938,0.139,747,608,0.00215438,0,0.813922
215,10000,1.23532,1,1.77828,0.000511752,0.000398107,0.000630957,0.545808,0.5,0.6,0.550402,0.5,0.6,1.81223e-06,5.39696e+08,1.37587e+06,1.9459e+07,0.01,0.95,10,10000,0.938,0.139,690,533,0.00230097,0,0.772464
216,10000,1.26638,1,1.77828,0.000509272,0.000398107,0.000630957,0.544184,0.5,0.6,0.647201,0.6,0.7,1.81223e-06,4.15331e+08,1.20981e+06,1.4975e+07,0.01,0.95,10,10000,0.938,0.139,531,409,0.00262671,0,0.770245
217,10000,1.23336,1,1.77828,0.000507526,0.000398107,0.000630957,0.545586,0.5,0.6,0.747724,0.7,0.8,1.81223e-06,3.16778e+08,1.11074e+06,1.14216e+07,0.01,0.95,10,10000,0.938,0.139,405,293,0.00310342,0,0.723457
218,10000,1.26801,1,1.77828,0.000517767,0.000398107,0.000630957,0.54776,0.5,0.6,0.848832,0.8,0.9,1.81223e-06,2.08839e+08,906133,7.52979e+06,0.01,0.95,10,10000,0.938,0.139,267,192,0.00383375,0,0.719101
219,10000,1.26612,1,1.77828,0.000513619,0.000398107,0.000630957,0.546337,0.5,0.6,0.945212,0.9,1,1.81223e-06,1.73641e+08,820787,6.26072e+06,0.01,0.95,10,10000,0.938,0.139,222,161,0.0041866,0,0.725225
220,10000,1.25218,1,1.77828,0.00051245,0.000398107,0.000630957,0.546601,0.5,0.6,1.18552,1,1.5,9.06113e-06,6.00705e+07,219276,2.16587e+06,0.01,0.95,10,10000,0.938,0.139,384,273,0.00321509,0,0.710938
221,10000,1.2223,1,1.77828,0.000493454,0.000398107,0.000630957,0.649141,0.6,0.7,0.0598774,0,0.1,1.81223e-06,6.57021e+07,456149,2.36892e+06,0.01,0.95,10,10000,0.938,0.139,84,69,0.00639513,0,0.821429
222,10000,1.25426,1,1.77828,0.000511757,0.000398107,0.000630957,0.643469,0.6,0.7,0.156671,0.1,0.2,1.81223e-06,1.99453e+08,836340,7.19137e+06,0.01,0.95,10,10000,0.938,0.139,255,197,0.00378478,0,0.772549
223,10000,1.22279,1,1.77828,0.000509924,0.000398107,0.000630957,0.6451,0.6,0.7,0.249912,0.2,0.3,1.81223e-06,2.50294e+08,904421,9.02447e+06,0.01,0.95,10,10000,0.938,0.139,320,258,0.00330723,0,0.80625
224,10000,1.25167,1,1.77828,0.0005155,0.000398107,0.000630957,0.641429,0.6,0.7,0.34928,0.3,0.4,1.81223e-06,3.50411e+08,1.12463e+06,1.26343e+07,0.01,0.95,10,10000,0.938,0.139,448,340,0.00288094,0,0.758929
225,10000,1.24441,1,1.77828,0.000513994,0.000398107,0.000630957,0.643162,0.6,0.7,0.449703,0.4,0.5,1.81223e-06,3.50411e+08,1.15453e+06,1.26343e+07,0.01,0.95,10,10000,0.938,0.139,448,329,0.00292871,0,0.734375
226,10000,1.24105,1,1.77828,0.000513116,0.000398107,0.000630957,0.644403,0.6,0.7,0.544581,0.5,0.6,1.81223e-06,2.72977e+08,1.01058e+06,9.84231e+06,0.01,0.95,10,10000,0.938,0.139,349,259,0.00330084,0,0.74212
227,10000,1.24255,1,1.77828,0.000503481,0.000398107,0.000630957,0.641099,0.6,0.7,0.652011,0.6,0.7,1.81223e-06,2.32304e+08,961205,8.37583e+06,0.01,0.95,10,10000,0.938,0.139,297,212,0.00364843,0,0.713805
228,10000,1.22998,1,1.77828,0.000515364,0.000398107,0.000630957,0.645241,0.6,0.7,0.749599,0.7,0.8,1.81223e-06,1.97106e+08,869842,7.10677e+06,0.01,0.95,10,10000,0.938,0.139,252,184,0.0039162,0,0.730159
229,10000,1.24258,1,1.77828,0.000507732,0.000398107,0.000630957,0.648364,0.6,0.7,0.846295,0.8,0.9,1.81223e-06,1.2984e+08,725695,4.68144e+06,0.01,0.95,10,10000,0.938,0.139,166,117,0.00491113,0,0.704819
230,10000,1.21157,1,1.77828,0.00051139,0.000398107,0.000630957,0.644337,0.6,0.7,0.952497,0.9,1,1.81223e-06,1.09503e+08,649453,3.9482e+06,0.01,0.95,10,10000,0.938,0.139,140,102,0.00525986,0,0.728571
231,10000,1.2687,1,1.77828,0.000512536,0.000398107,0.000630957,0.647526,0.6,0.7,1.17958,1,1.5,9.06113e-06,4.30192e+07,180877,1.55108e+06,0.01,0.95,10,10000,0.938,0.139,275,202,0.00373765,0,0.734545
232,10000,1.31509,1,1.77828,0.000498031,0.000398107,0.000630957,0.750448,0.7,0.8,0.0680247,0,0.1,1.81223e-06,3.59797e+07,351476,1.29727e+06,0.01,0.95,10,10000,0.938,0.139,46,36,0.00885366,0,0.782609
233,10000,1.20703,1,1.77828,0.000508685,0.000398107,0.000630957,0.74361,0.7,0.8,0.152597,0.1,0.2,1.81223e-06,1.06375e+08,640544,3.8354e+06,0.01,0.95,10,10000,0.938,0.139,136,99,0.00533896,0,0.727941
234,10000,1.23142,1,1.77828,0.000506779,0.000398107,0.000630957,0.745452,0.7,0.8,0.248868,0.2,0.3,1.81223e-06,1.4079e+08,728278,5.07626e+06,0.01,0.95,10,10000,0.938,0.139,180,133,0.00460626,0,0.738889
235,10000,1.2355,1,1.77828,0.000502544,0.000398107,0.000630957,0.740203,0.7,0.8,0.35036,0.3,0.4,1.81223e-06,1.60344e+08,751316,5.7813e+06,0.01,0.95,10,10000,0.938,0.139,205,158,0.00422615,0,0.770732
236,10000,1.22977,1,1.77828,0.00050738,0.000398107,0.000630957,0.741606,0.7,0.8,0.449652,0.4,0.5,1.81223e-06,1.7677e+08,812143,6.37353e+06,0.01,0.95,10,10000,0.938,0.139,226,168,0.00409845,0,0.743363
237,10000,1.25467,1,1.77828,0.000507754,0.000398107,0.000630957,0.742243,0.7,0.8,0.548047,0.5,0.6,1.81223e-06,1.63473e+08,909267,5.89411e+06,0.01,0.95,10,10000,0.938,0.139,209,127,0.00471381,0,0.607656
238,10000,1.25537,1,1.77828,0.00050985,0.000398107,0.000630957,0.747202,0.7,0.8,0.642254,0.6,0.7,1.81223e-06,1.228e+08,724131,4.42763e+06,0.01,0.95,10,10000,0.938,0.139,157,107,0.00513549,0,0.681529
239,10000,1.23616,1,1.77828,0.000498274,0.000398107,0.000630957,0.747644,0.7,0.8,0.748916,0.7,0.8,1.81223e-06,9.62066e+07,617467,3.46878e+06,0.01,0.95,10,10000,0.938,0.139,123,88,0.00566282,0,0.715447
240,10000,1.22221,1,1.77828,0.000500603,0.000398107,0.000630957,0.740698,0.7,0.8,0.84926,0.8,0.9,1.81223e-06,9.46423e+07,610060,3.41238e+06,0.01,0.95,10,10000,0.938,0.139,121,87,0.00569527,0,0.719008
241,10000,1.23825,1,1.77828,0.000490638,0.000398107,0.000630957,0.743732,0.7,0.8,0.952833,0.9,1,1.81223e-06,5.94448e+07,474266,2.14331e+06,0.01,0.95,10,10000,0.938,0.139,76,56,0.00709872,0,0.736842
242,10000,1.23224,1,1.77828,0.000515492,0.000398107,0.000630957,0.744852,0.7,0.8,1.17534,1,1.5,9.06113e-06,2.80016e+07,155601,1.00961e+06,0.01,0.95,10,10000,0.938,0.139,179,121,0.00482927,0,0.675978
243,10000,1.24472,1,1.77828,0.000477634,0.000398107,0.000630957,0.854826,0.8,0.9,0.054995,0,0.1,1.81223e-06,1.8772e+07,274875,676835,0.01,0.95,10,10000,0.938,0.139,24,17,0.012884,0,0.708333
244,10000,1.2243,1,1.77828,0.000509112,0.000398107,0.000630957,0.837671,0.8,0.9,0.161092,0.1,0.2,1.81223e-06,5.08409e+07,416926,1.83309e+06,0.01,0.95,10,10000,0.938,0.139,65,51,0.00743856,0,0.784615
245,10000,1.23466,1,1.77828,0.000501504,0.000398107,0.000630957,0.843327,0.8,0.9,0.2519,0.2,0.3,1.81223e-06,8.8385e+07,579752,3.18676e+06,0.01,0.95,10,10000,0.938,0.139,113,83,0.00583089,0,0.734513
246,10000,1.25733,1,1.77828,0.000511604,0.000398107,0.000630957,0.84944,0.8,0.9,0.34634,0.3,0.4,1.81223e-06,1.009e+08,655921,3.63799e+06,0.01,0.95,10,10000,0.938,0.139,129,88,0.00566282,0,0.682171
247,10000,1.25616,1,1.77828,0.000511162,0.000398107,0.000630957,0.842491,0.8,0.9,0.450445,0.4,0.5,1.81223e-06,9.46423e+07,599263,3.41238e+06,0.01,0.95,10,10000,0.938,0.139,121,89,0.00563091,0,0.735537
248,10000,1.20968,1,1.77828,0.000506682,0.000398107,0.000630957,0.84638,0.8,0.9,0.547118,0.5,0.6,1.81223e-06,8.3692e+07,561848,3.01756e+06,0.01,0.95,10,10000,0.938,0.139,107,79,0.00597669,0,0.738318
249,10000,1.22608,1,1.77828,0.000517326,0.000398107,0.000630957,0.841901,0.8,0.9,0.646569,0.6,0.7,1.81223e-06,8.05633e+07,614164,2.90475e+06,0.01,0.95,10,10000,0.938,0.139,103,66,0.00653886,0,0.640777
250,10000,1.18028,1,1.77828,0.000503071,0.000398107,0.000630957,0.843826,0.8,0.9,0.748068,0.7,0.8,1.81223e-06,5.39696e+07,472606,1.9459e+06,0.01,0.95,10,10000,0.938,0.139,69,48,0.00766749,0,0.695652
251,10000,1.14204,1,1.77828,0.000506822,0.000398107,0.000630957,0.846692,0.8,0.9,0.849314,0.8,0.9,1.81223e-06,4.38014e+07,461189,1.57928e+06,0.01,0.95,10,10000,0.938,0.139,56,35,0.00897925,0,0.625
252,10000,1.22491,1,1.77828,0.000504995,0.000398107,0.000630957,0.841355,0.8,0.9,0.954627,0.9,1,1.81223e-06,3.83262e+07,427591,1.38187e+06,0.01,0.95,10,10000,0.938,0.139,49,31,0.00954098,0,0.632653
253,10000,1.20574,1,1.77828,0.000519832,0.000398107,0.000630957,0.84597,0.8,0.9,1.20587,1,1.5,9.06113e-06,2.14314e+07,143812,772720,0.01,0.95,10,10000,0.938,0.139,137,86,0.00572829,0,0.627737
254,10000,1.30755,1,1.77828,0.000495717,0.000398107,0.000630957,0.939376,0.9,1,0.057031,0,0.1,1.81223e-06,1.4079e+07,305331,507626,0.01,0.95,10,10000,0.938,0.139,18,9,0.0177073,0,0.5
255,10000,1.24857,1,1.77828,0.000542165,0.000398107,0.000630957,0.952056,0.9,1,0.164086,0.1,0.2,1.81223e-06,3.12867e+07,401414,1.12806e+06,0.01,0.95,10,10000,0.938,0.139,40,24,0.0108435,0,0.6
256,10000,1.2236,1,1.77828,0.000507082,0.000398107,0.000630957,0.946426,0.9,1,0.255056,0.2,0.3,1.81223e-06,5.55339e+07,505778,2.0023e+06,0.01,0.95,10,10000,0.938,0.139,71,46,0.0078324,0,0.647887
257,10000,1.29997,1,1.77828,0.000504797,0.000398107,0.000630957,0.9435,0.9,1,0.342357,0.3,0.4,1.81223e-06,4.92766e+07,531779,1.77669e+06,0.01,0.95,10,10000,0.938,0.139,63,35,0.00897925,0,0.555556
258,10000,1.24383,1,1.77828,0.000496381,0.000398107,0.000630957,0.942646,0.9,1,0.439493,0.4,0.5,1.81223e-06,4.45836e+07,452539,1.60748e+06,0.01,0.95,10,10000,0.938,0.139,57,37,0.00873319,0,0.649123
259,10000,1.19599,1,1.77828,0.000508073,0.000398107,0.000630957,0.939056,0.9,1,0.552731,0.5,0.6,1.81223e-06,4.84944e+07,474110,1.74849e+06,0.01,0.95,10,10000,0.938,0.139,62,40,0.00839932,0,0.645161
260,10000,1.2593,1,1.77828,0.000476948,0.000398107,0.000630957,0.942857,0.9,1,0.653426,0.6,0.7,1.81223e-06,4.22371e+07,460304,1.52288e+06,0.01,0.95,10,10000,0.938,0.139,54,33,0.00924734,0,0.611111
261,10000,1.28493,1,1.77828,0.000519542,0.000398107,0.000630957,0.939058,0.9,1,0.749504,0.7,0.8,1.81223e-06,3.12867e+07,339257,1.12806e+06,0.01,0.95,10,10000,0.938,0.139,40,30,0.0096987,0,0.75
262,10000,1.23207,1,1.77828,0.000519288,0.000398107,0.000630957,0.942529,0.9,1,0.847382,0.8,0.9,1.81223e-06,2.8158e+07,321847,1.01525e+06,0.01,0.95,10,10000,0.938,0.139,36,27,0.0102233,0,0.75
263,10000,1.20288,1,1.77828,0.000502065,0.000398107,0.000630957,0.945118,0.9,1,0.952353,0.9,1,1.81223e-06,2.03364e+07,228841,733238,0.01,0.95,10,10000,0.938,0.139,26,24,0.0108435,0,0.923077
264,10000,1.17766,1,1.77828,0.000521061,0.000398107,0.000630957,0.949471,0.9,1,1.23473,1,1.5,9.06113e-06,1.48612e+07,107259,535828,0.01,0.95,10,10000,0.938,0.139,95,69,0.00639513,0,0.726316
265,10000,1.35743,1,1.77828,0.000730535,0.000630957,0.001,0.0685927,0.05,0.1,0.0970123,0,0.1,1.43609e-06,7.80541e+09,5.86369e+08,2.81428e+08,0.01,0.95,10,10000,0.938,0.139,7908,1,0.0531219,0,0.000126454
266,10000,1.38617,1,1.77828,0.000804786,0.000630957,0.001,0.0768319,0.05,0.1,0.176204,0.1,0.2,1.43609e-06,2.05015e+10,4.30809e+07,7.39194e+08,0.01,0.95,10,10000,0.938,0.139,20771,1240,0.00150856,0,0.0596986
267,10000,1.29436,1,1.77828,0.000798747,0.000630957,0.001,0.0721376,0.05,0.1,0.257386,0.2,0.3,1.43609e-06,2.36502e+10,1.95114e+07,8.52719e+08,0.01,0.95,10,10000,0.938,0.139,23961,7069,0.000631822,0,0.295021
268,10000,1.29739,1,1.77828,0.000797543,0.000630957,0.001,0.0720355,0.05,0.1,0.351299,0.3,0.4,1.43609e-06,2.02834e+10,1.23393e+07,7.31329e+08,0.01,0.95,10,10000,0.938,0.139,20550,11123,0.00050369,0,0.541265
269,10000,1.29832,1,1.77828,0.000801414,0.000630957,0.001,0.0724114,0.05,0.1,0.448101,0.4,0.5,1.43609e-06,1.53187e+10,9.12021e+06,5.52322e+08,0.01,0.95,10,10000,0.938,0.139,15520,10524,0.000517826,0,0.678093
270,10000,1.2943,1,1.77828,0.000801719,0.000630957,0.001,0.0718546,0.05,0.1,0.54742,0.5,0.6,1.43609e-06,1.08721e+10,7.05994e+06,3.91999e+08,0.01,0.95,10,10000,0.938,0.139,11015,8326,0.000582178,0,0.755878
271,10000,1.28887,1,1.77828,0.000801656,0.000630957,0.001,0.0721399,0.05,0.1,0.647577,0.6,0.7,1.43609e-06,7.32473e+09,5.55674e+06,2.64097e+08,0.01,0.95,10,10000,0.938,0.139,7421,5905,0.000691296,0,0.795715
272,10000,1.29175,1,1.77828,0.000800196,0.000630957,0.001,0.0722935,0.05,0.1,0.746494,0.7,0.8,1.43609e-06,5.0368e+09,4.69336e+06,1.81604e+08,0.01,0.95,10,10000,0.938,0.139,5103,3971,0.000842993,0,0.77817
273,10000,1.29463,1,1.77828,0.000805331,0.000630957,0.001,0.0723438,0.05,0.1,0.846169,0.8,0.9,1.43609e-06,3.25818e+09,3.92295e+06,1.17475e+08,0.01,0.95,10,10000,0.938,0.139,3301,2449,0.00107344,0,0.741896
274,10000,1.30826,1,1.77828,0.000800943,0.000630957,0.001,0.0722206,0.05,0.1,0.944415,0.9,1,1.43609e-06,2.15369e+09,3.20489e+06,7.76525e+07,0.01,0.95,10,10000,0.938,0.139,2182,1609,0.00132433,0,0.737397
275,10000,1.28642,1,1.77828,0.000802336,0.000630957,0.001,0.0717532,0.05,0.1,1.1692,1,1.5,7.18047e-06,7.5093e+08,858416,2.70752e+07,0.01,0.95,10,10000,0.938,0.139,3804,2755,0.00101208,0,0.724238
276,10000,1.43954,1,1.77828,0.000800903,0.000630957,0.001,0.133776,0.1,0.15,0.0825955,0,0.1,1.43609e-06,2.96306e+09,2.47213e+07,1.06835e+08,0.01,0.95,10,10000,0.938,0.139,3002,80,0.00593921,0,0.0266489
277,10000,1.30889,1,1.77828,0.000805603,0.000630957,0.001,0.124514,0.1,0.15,0.16291,0.1,0.2,1.43609e-06,8.40454e+09,1.59501e+07,3.0303e+08,0.01,0.95,10,10000,0.938,0.139,8515,1435,0.00140232,0,0.168526
278,10000,1.28978,1,1.77828,0.000803743,0.000630957,0.001,0.122787,0.1,0.15,0.255411,0.2,0.3,1.43609e-06,1.11564e+10,1.24701e+07,4.02249e+08,0.01,0.95,10,10000,0.938,0.139,11303,3765,0.000865748,0,0.333097
279,10000,1.27665,1,1.77828,0.000803788,0.000630957,0.001,0.122559,0.1,0.15,0.351866,0.3,0.4,1.43609e-06,1.03549e+10,8.69817e+06,3.73351e+08,0.01,0.95,10,10000,0.938,0.139,10491,5791,0.000698067,0,0.551997
280,10000,1.27801,1,1.77828,0.000801984,0.000630957,0.001,0.122748,0.1,0.15,0.447966,0.4,0.5,1.43609e-06,8.15976e+09,6.47433e+06,2.94204e+08,0.01,0.95,10,10000,0.938,0.139,8267,5813,0.000696745,0,0.703157
281,10000,1.28405,1,1.77828,0.0008012,0.000630957,0.001,0.1228,0.1,0.15,0.547367,0.5,0.6,1.43609e-06,5.83531e+09,5.02801e+06,2.10395e+08,0.01,0.95,10,10000,0.938,0.139,5912,4627,0.000780952,0,0.782645
282,10000,1.2888,1,1.77828,0.000801017,0.000630957,0.001,0.122696,0.1,0.15,0.647383,0.6,0.7,1.43609e-06,4.01227e+09,4.02278e+06,1.44664e+08,0.01,0.95,10,10000,0.938,0.139,4065,3321,0.000921806,0,0.816974
283,10000,1.30227,1,1.77828,0.000802729,0.000630957,0.001,0.123676,0.1,0.15,0.747749,0.7,0.8,1.43609e-06,2.76466e+09,3.38076e+06,9.96814e+07,0.01,0.95,10,10000,0.938,0.139,2801,2255,0.00111867,0,0.80507
284,10000,1.29597,1,1.77828,0.000802766,0.000630957,0.001,0.122832,0.1,0.15,0.847825,0.8,0.9,1.43609e-06,1.84081e+09,2.71825e+06,6.63712e+07,0.01,0.95,10,10000,0.938,0.139,1865,1528,0.00135898,0,0.819303
285,10000,1.31395,1,1.77828,0.000796829,0.000630957,0.001,0.123233,0.1,0.15,0.946522,0.9,1,1.43609e-06,1.20812e+09,2.28185e+06,4.35594e+07,0.01,0.95,10,10000,0.938,0.139,1224,961,0.00171361,0,0.785131
286,10000,1.31452,1,1.77828,0.000800035,0.000630957,0.001,0.123316,0.1,0.15,1.1638,1,1.5,7.18047e-06,4.5502e+08,665198,1.6406e+07,0.01,0.95,10,10000,0.938,0.139,2305,1679,0.00129643,0,0.728416
287,10000,1.40971,1,1.77828,0.000815409,0.000630957,0.001,0.178401,0.15,0.2,0.0708626,0,0.1,1.43609e-06,1.59701e+09,7.66062e+06,5.7581e+07,0.01,0.95,10,10000,0.938,0.139,1618,228,0.00351809,0,0.140915
288,10000,1.28272,1,1.77828,0.000806822,0.000630957,0.001,0.174285,0.15,0.2,0.158873,0.1,0.2,1.43609e-06,4.43274e+09,8.87143e+06,1.59825e+08,0.01,0.95,10,10000,0.938,0.139,4491,1218,0.00152212,0,0.271209
289,10000,1.27472,1,1.77828,0.000796691,0.000630957,0.001,0.173232,0.15,0.2,0.254181,0.2,0.3,1.43609e-06,6.11266e+09,8.44512e+06,2.20395e+08,0.01,0.95,10,10000,0.938,0.139,6193,2387,0.0010873,0,0.385435
290,10000,1.27582,1,1.77828,0.000803527,0.000630957,0.001,0.172974,0.15,0.2,0.351454,0.3,0.4,1.43609e-06,6.13931e+09,6.90049e+06,2.21356e+08,0.01,0.95,10,10000,0.938,0.139,6220,3287,0.000926561,0,0.528457
291,10000,1.26771,1,1.77828,0.000798765,0.000630957,0.001,0.173152,0.15,0.2,0.449072,0.4,0.5,1.43609e-06,5.18091e+09,5.33941e+06,1.868e+08,0.01,0.95,10,10000,0.938,0.139,5249,3528,0.000894354,0,0.672128
292,10000,1.28184,1,1.77828,0.000800848,0.000630957,0.001,0.172989,0.15,0.2,0.548296,0.5,0.6,1.43609e-06,3.65595e+09,4.04709e+06,1.31817e+08,0.01,0.95,10,10000,0.938,0.139,3704,2840,0.000996816,0,0.766739
293,10000,1.2883,1,1.77828,0.000804929,0.000630957,0.001,0.173159,0.15,0.2,0.646164,0.6,0.7,1.43609e-06,2.61562e+09,3.23157e+06,9.43076e+07,0.01,0.95,10,10000,0.938,0.139,2650,2178,0.00113827,0,0.821887
294,10000,1.28536,1,1.77828,0.000805114,0.000630957,0.001,0.173037,0.15,0.2,0.748202,0.7,0.8,1.43609e-06,1.84081e+09,2.65449e+06,6.63712e+07,0.01,0.95,10,10000,0.938,0.139,1865,1571,0.00134025,0,0.842359
295,10000,1.30898,1,1.77828,0.000802239,0.000630957,0.001,0.17309,0.15,0.2,0.847459,0.8,0.9,1.43609e-06,1.25846e+09,2.24318e+06,4.53744e+07,0.01,0.95,10,10000,0.938,0.139,1275,1047,0.00164173,0,0.821176
296,10000,1.30372,1,1.77828,0.000794803,0.000630957,0.001,0.174009,0.15,0.2,0.946705,0.9,1,1.43609e-06,8.62662e+08,1.86539e+06,3.11037e+07,0.01,0.95,10,10000,0.938,0.139,874,714,0.00198804,0,0.816934
297,10000,1.31488,1,1.77828,0.000796084,0.000630957,0.001,0.17356,0.15,0.2,1.16539,1,1.5,7.18047e-06,3.13282e+08,526588,1.12956e+07,0.01,0.95,10,10000,0.938,0.139,1587,1226,0.00151715,0,0.772527
298,10000,1.41968,1,1.77828,0.000799448,0.000630957,0.001,0.225234,0.2,0.25,0.0662315,0,0.1,1.43609e-06,9.68274e+08,3.93531e+06,3.49116e+07,0.01,0.95,10,10000,0.938,0.139,981,291,0.00311406,0,0.296636
299,10000,1.34103,1,1.77828,0.000802113,0.000630957,0.001,0.223751,0.2,0.25,0.155205,0.1,0.2,1.43609e-06,2.59588e+09,5.7682e+06,9.35959e+07,0.01,0.95,10,10000,0.938,0.139,2630,939,0.00173357,0,0.357034
300,10000,1.31929,1,1.77828,0.000803739,0.000630957,0.001,0.22374,0.2,0.25,0.251599,0.2,0.3,1.43609e-06,3.69444e+09,5.79251e+06,1.33205e+08,0.01,0.95,10,10000,0.938,0.139,3743,1757,0.00126733,0,0.46941
301,10000,1.30199,1,1.77828,0.000800524,0.000630957,0.001,0.222888,0.2,0.25,0.35183,0.3,0.4,1.43609e-06,3.81585e+09,5.2328e+06,1.37582e+08,0.01,0.95,10,10000,0.938,0.139,3866,2162,0.00114247,0,0.559234
302,10000,1.29408,1,1.77828,0.000800072,0.000630957,0.001,0.22356,0.2,0.25,0.449095,0.4,0.5,1.43609e-06,3.47236e+09,4.45546e+06,1.25198e+08,0.01,0.95,10,10000,0.938,0.139,3518,2305,0.00110647,0,0.655202
303,10000,1.2828,1,1.77828,0.000800169,0.000630957,0.001,0.223245,0.2,0.25,0.548107,0.5,0.6,1.43609e-06,2.50014e+09,3.39784e+06,9.01438e+07,0.01,0.95,10,10000,0.938,0.139,2533,1906,0.00121678,0,0.752467
304,10000,1.28282,1,1.77828,0.000800944,0.000630957,0.001,0.223494,0.2,0.25,0.645971,0.6,0.7,1.43609e-06,1.74408e+09,2.71634e+06,6.28836e+07,0.01,0.95,10,10000,0.938,0.139,1767,1403,0.00141822,0,0.794001
305,10000,1.2879,1,1.77828,0.000805505,0.000630957,0.001,0.224,0.2,0.25,0.748277,0.7,0.8,1.43609e-06,1.25451e+09,2.21745e+06,4.52321e+07,0.01,0.95,10,10000,0.938,0.139,1271,1056,0.00163471,0,0.830842
306,10000,1.2944,1,1.77828,0.000805787,0.000630957,0.001,0.223829,0.2,0.25,0.846597,0.8,0.9,1.43609e-06,8.36012e+08,1.76203e+06,3.01428e+07,0.01,0.95,10,10000,0.938,0.139,847,726,0.00197154,0,0.857143
307,10000,1.28053,1,1.77828,0.000800267,0.000630957,0.001,0.224246,0.2,0.25,0.946453,0.9,1,1.43609e-06,5.61619e+08,1.45387e+06,2.02494e+07,0.01,0.95,10,10000,0.938,0.139,569,484,0.00241463,0,0.850615
308,10000,1.30816,1,1.77828,0.000795007,0.000630957,0.001,0.224041,0.2,0.25,1.18113,1,1.5,7.18047e-06,2.26621e+08,428674,8.17095e+06,0.01,0.95,10,10000,0.938,0.139,1148,935,0.00173727,0,0.81446
309,10000,1.38474,1,1.77828,0.00080184,0.000630957,0.001,0.274773,0.25,0.3,0.0663203,0,0.1,1.43609e-06,6.06035e+08,2.4827e+06,2.18509e+07,0.01,0.95,10,10000,0.938,0.139,614,264,0.00326943,0,0.429967
310,10000,1.35418,1,1.77828,0.000796735,0.000630957,0.001,0.273651,0.25,0.3,0.155948,0.1,0.2,1.43609e-06,1.77073e+09,4.01995e+06,6.38445e+07,0.01,0.95,10,10000,0.938,0.139,1794,839,0.00183397,0,0.46767
311,10000,1.33584,1,1.77828,0.000797811,0.000630957,0.001,0.273777,0.25,0.3,0.252375,0.2,0.3,1.43609e-06,2.31951e+09,4.20667e+06,8.36313e+07,0.01,0.95,10,10000,0.938,0.139,2350,1257,0.00149833,0,0.534894
312,10000,1.31196,1,1.77828,0.000798873,0.000630957,0.001,0.273739,0.25,0.3,0.351019,0.3,0.4,1.43609e-06,2.60378e+09,4.14883e+06,9.38806e+07,0.01,0.95,10,10000,0.938,0.139,2638,1564,0.00134325,0,0.592873
313,10000,1.3029,1,1.77828,0.000799463,0.000630957,0.001,0.273511,0.25,0.3,0.44996,0.4,0.5,1.43609e-06,2.3738e+09,3.71847e+06,8.55886e+07,0.01,0.95,10,10000,0.938,0.139,2405,1556,0.00134669,0,0.646985
314,10000,1.28328,1,1.77828,0.000799079,0.000630957,0.001,0.273945,0.25,0.3,0.548238,0.5,0.6,1.43609e-06,1.78158e+09,2.9641e+06,6.42359e+07,0.01,0.95,10,10000,0.938,0.139,1805,1303,0.00147164,0,0.721884
315,10000,1.28932,1,1.77828,0.000803561,0.000630957,0.001,0.273157,0.25,0.3,0.647613,0.6,0.7,1.43609e-06,1.29498e+09,2.33084e+06,4.66912e+07,0.01,0.95,10,10000,0.938,0.139,1312,1047,0.00164173,0,0.798018
316,10000,1.28402,1,1.77828,0.000801981,0.000630957,0.001,0.27425,0.25,0.3,0.747847,0.7,0.8,1.43609e-06,9.28793e+08,1.9097e+06,3.34881e+07,0.01,0.95,10,10000,0.938,0.139,941,781,0.00190085,0,0.829968
317,10000,1.28923,1,1.77828,0.000800967,0.000630957,0.001,0.274817,0.25,0.3,0.846425,0.8,0.9,1.43609e-06,6.19853e+08,1.52041e+06,2.23491e+07,0.01,0.95,10,10000,0.938,0.139,628,537,0.00229238,0,0.855096
318,10000,1.29243,1,1.77828,0.000800325,0.000630957,0.001,0.274204,0.25,0.3,0.947578,0.9,1,1.43609e-06,4.20474e+08,1.27125e+06,1.51604e+07,0.01,0.95,10,10000,0.938,0.139,426,358,0.00280758,0,0.840376
319,10000,1.30388,1,1.77828,0.000801979,0.000630957,0.001,0.2742,0.25,0.3,1.17928,1,1.5,7.18047e-06,1.71348e+08,368754,6.17804e+06,0.01,0.95,10,10000,0.938,0.139,868,716,0.00198526,0,0.824885
320,10000,1.33624,1,1.77828,0.000789111,0.000630957,0.001,0.346579,0.3,0.4,0.0672333,0,0.1,2.87219e-06,3.49901e+08,1.05461e+06,1.26159e+07,0.01,0.95,10,10000,0.938,0.139,709,432,0.00255583,0,0.609309
321,10000,1.3408,1,1.77828,0.000800881,0.000630957,0.001,0.346654,0.3,0.4,0.155422,0.1,0.2,2.87219e-06,9.62845e+08,1.73136e+06,3.47159e+07,0.01,0.95,10,10000,0.938,0.139,1951,1206,0.00152968,0,0.618145
322,10000,1.33361,1,1.77828,0.000798191,0.000630957,0.001,0.345797,0.3,0.4,0.253035,0.2,0.3,2.87219e-06,1.44698e+09,2.13302e+06,5.21717e+07,0.01,0.95,10,10000,0.938,0.139,2932,1800,0.0012521,0,0.613915
323,10000,1.30796,1,1.77828,0.000801153,0.000630957,0.001,0.34405,0.3,0.4,0.349698,0.3,0.4,2.87219e-06,1.5067e+09,2.08873e+06,5.43247e+07,0.01,0.95,10,10000,0.938,0.139,3053,1983,0.00119292,0,0.649525
324,10000,1.30324,1,1.77828,0.000799087,0.000630957,0.001,0.34591,0.3,0.4,0.44955,0.4,0.5,2.87219e-06,1.38332e+09,1.90201e+06,4.98763e+07,0.01,0.95,10,10000,0.938,0.139,2803,1948,0.00120359,0,0.69497
325,10000,1.29274,1,1.77828,0.000797802,0.000630957,0.001,0.345455,0.3,0.4,0.547903,0.5,0.6,2.87219e-06,1.20467e+09,1.68374e+06,4.34349e+07,0.01,0.95,10,10000,0.938,0.139,2441,1815,0.00124691,0,0.743548
326,10000,1.29766,1,1.77828,0.000800039,0.000630957,0.001,0.346964,0.3,0.4,0.646928,0.6,0.7,2.87219e-06,8.42428e+08,1.33848e+06,3.03742e+07,0.01,0.95,10,10000,0.938,0.139,1707,1351,0.00144526,0,0.791447
327,10000,1.29458,1,1.77828,0.000810597,0.000630957,0.001,0.346464,0.3,0.4,0.746665,0.7,0.8,2.87219e-06,5.73463e+08,1.10201e+06,2.06765e+07,0.01,0.95,10,10000,0.938,0.139,1162,922,0.00174948,0,0.79346
328,10000,1.29791,1,1.77828,0.00080249,0.000630957,0.001,0.345024,0.3,0.4,0.847135,0.8,0.9,2.87219e-06,4.16032e+08,933865,1.50002e+07,0.01,0.95,10,10000,0.938,0.139,843,673,0.0020477,0,0.798339
329,10000,1.28806,1,1.77828,0.000811509,0.000630957,0.001,0.345974,0.3,0.4,0.945268,0.9,1,2.87219e-06,2.76368e+08,743122,9.96458e+06,0.01,0.95,10,10000,0.938,0.139,560,460,0.00247682,0,0.821429
330,10000,1.29055,1,1.77828,0.000802772,0.000630957,0.001,0.34468,0.3,0.4,1.17803,1,1.5,1.43609e-05,1.13113e+08,218740,4.07836e+06,0.01,0.95,10,10000,0.938,0.139,1146,910,0.00176098,0,0.794066
331,10000,1.29014,1,1.77828,0.000798221,0.000630957,0.001,0.444137,0.4,0.5,0.0683746,0,0.1,2.87219e-06,1.70756e+08,619016,6.15669e+06,0.01,0.95,10,10000,0.938,0.139,346,265,0.00326326,0,0.765896
332,10000,1.29031,1,1.77828,0.000793826,0.000630957,0.001,0.44716,0.4,0.5,0.154381,0.1,0.2,2.87219e-06,4.50578e+08,1.01998e+06,1.62458e+07,0.01,0.95,10,10000,0.938,0.139,913,687,0.00202673,0,0.752464
333,10000,1.3,1,1.77828,0.000796253,0.000630957,0.001,0.445659,0.4,0.5,0.251981,0.2,0.3,2.87219e-06,7.13621e+08,1.28653e+06,2.573e+07,0.01,0.95,10,10000,0.938,0.139,1446,1085,0.00161272,0,0.750346
334,10000,1.29174,1,1.77828,0.0007969,0.000630957,0.001,0.445849,0.4,0.5,0.350272,0.3,0.4,2.87219e-06,7.65933e+08,1.32696e+06,2.76161e+07,0.01,0.95,10,10000,0.938,0.139,1552,1171,0.00155237,0,0.75451
335,10000,1.29108,1,1.77828,0.000800281,0.000630957,0.001,0.44463,0.4,0.5,0.449705,0.4,0.5,2.87219e-06,7.19543e+08,1.27781e+06,2.59435e+07,0.01,0.95,10,10000,0.938,0.139,1458,1109,0.00159517,0,0.760631
336,10000,1.28166,1,1.77828,0.000802642,0.000630957,0.001,0.446186,0.4,0.5,0.546292,0.5,0.6,2.87219e-06,6.56867e+08,1.23107e+06,2.36837e+07,0.01,0.95,10,10000,0.938,0.139,1331,1002,0.00167819,0,0.752817
337,10000,1.26963,1,1.77828,0.000799064,0.000630957,0.001,0.446021,0.4,0.5,0.648711,0.6,0.7,2.87219e-06,5.10787e+08,1.05728e+06,1.84167e+07,0.01,0.95,10,10000,0.938,0.139,1035,805,0.0018723,0,0.777778
338,10000,1.28579,1,1.77828,0.000802579,0.000630957,0.001,0.446167,0.4,0.5,0.747566,0.7,0.8,2.87219e-06,3.72109e+08,885577,1.34166e+07,0.01,0.95,10,10000,0.938,0.139,754,600,0.00216869,0,0.795756
339,10000,1.27073,1,1.77828,0.000798544,0.000630957,0.001,0.44451,0.4,0.5,0.844995,0.8,0.9,2.87219e-06,2.28003e+08,672716,8.22078e+06,0.01,0.95,10,10000,0.938,0.139,462,381,0.00272152,0,0.824675
340,10000,1.30083,1,1.77828,0.000809624,0.000630957,0.001,0.443183,0.4,0.5,0.944822,0.9,1,2.87219e-06,1.73717e+08,598150,6.26345e+06,0.01,0.95,10,10000,0.938,0.139,352,284,0.00315221,0,0.806818
341,10000,1.28034,1,1.77828,0.000803305,0.000630957,0.001,0.447321,0.4,0.5,1.19186,1,1.5,1.43609e-05,7.02763e+07,169758,2.53385e+06,0.01,0.95,10,10000,0.938,0.139,712,576,0.00221341,0,0.808989
342,10000,1.26844,1,1.77828,0.000805251,0.000630957,0.001,0.543751,0.5,0.6,0.0654919,0,0.1,2.87219e-06,8.09362e+07,427847,2.9182e+06,0.01,0.95,10,10000,0.938,0.139,164,125,0.00475137,0,0.762195
343,10000,1.2644,1,1.77828,0.000801945,0.000630957,0.001,0.54396,0.5,0.6,0.155613,0.1,0.2,2.87219e-06,2.44783e+08,707338,8.82577e+06,0.01,0.95,10,10000,0.938,0.139,496,402,0.00264948,0,0.810484
344,10000,1.27822,1,1.77828,0.000797824,0.000630957,0.001,0.544441,0.5,0.6,0.251488,0.2,0.3,2.87219e-06,3.66681e+08,896936,1.32209e+07,0.01,0.95,10,10000,0.938,0.139,743,577,0.0022115,0,0.776581
345,10000,1.26132,1,1.77828,0.000801152,0.000630957,0.001,0.546128,0.5,0.6,0.348419,0.3,0.4,2.87219e-06,4.41201e+08,984172,1.59077e+07,0.01,0.95,10,10000,0.938,0.139,894,694,0.00201648,0,0.776286
346,10000,1.25582,1,1.77828,0.000801007,0.000630957,0.001,0.545205,0.5,0.6,0.450702,0.4,0.5,2.87219e-06,3.85928e+08,884396,1.39148e+07,0.01,0.95,10,10000,0.938,0.139,782,637,0.00210477,0,0.814578
347,10000,1.26951,1,1.77828,0.000804876,0.000630957,0.001,0.544571,0.5,0.6,0.551382,0.5,0.6,2.87219e-06,3.272e+08,806828,1.17973e+07,0.01,0.95,10,10000,0.938,0.139,663,546,0.00227341,0,0.823529
348,10000,1.27665,1,1.77828,0.00079311,0.000630957,0.001,0.544662,0.5,0.6,0.64782,0.6,0.7,2.87219e-06,2.63536e+08,768997,9.50194e+06,0.01,0.95,10,10000,0.938,0.139,534,409,0.00262671,0,0.765918
349,10000,1.27021,1,1.77828,0.00080032,0.000630957,0.001,0.543947,0.5,0.6,0.749433,0.7,0.8,2.87219e-06,2.12704e+08,701343,7.66917e+06,0.01,0.95,10,10000,0.938,0.139,431,324,0.00295122,0,0.75174
350,10000,1.27329,1,1.77828,0.000811448,0.000630957,0.001,0.544301,0.5,0.6,0.844042,0.8,0.9,2.87219e-06,1.4608e+08,559871,5.26699e+06,0.01,0.95,10,10000,0.938,0.139,296,233,0.00348013,0,0.787162
351,10000,1.28557,1,1.77828,0.000806524,0.000630957,0.001,0.545196,0.5,0.6,0.944012,0.9,1,2.87219e-06,1.09067e+08,453009,3.93245e+06,0.01,0.95,10,10000,0.938,0.139,221,188,0.00387432,0,0.850679
352,10000,1.27317,1,1.77828,0.000808234,0.000630957,0.001,0.546478,0.5,0.6,1.18619,1,1.5,1.43609e-05,4.51071e+07,140009,1.62636e+06,0.01,0.95,10,10000,0.938,0.139,457,357,0.00281151,0,0.781182
353,10000,1.27873,1,1.77828,0.000825241,0.000630957,0.001,0.645037,0.6,0.7,0.0623806,0,0.1,2.87219e-06,4.09616e+07,293995,1.47689e+06,0.01,0.95,10,10000,0.938,0.139,83,66,0.00653886,0,0.795181
354,10000,1.25581,1,1.77828,0.0007961,0.000630957,0.001,0.644624,0.6,0.7,0.156044,0.1,0.2,2.87219e-06,1.25352e+08,505894,4.51965e+06,0.01,0.95,10,10000,0.938,0.139,254,206,0.00370118,0,0.811024
355,10000,1.24432,1,1.77828,0.000798585,0.000630957,0.001,0.643897,0.6,0.7,0.250039,0.2,0.3,2.87219e-06,1.80132e+08,622272,6.49477e+06,0.01,0.95,10,10000,0.938,0.139,365,287,0.00313569,0,0.786301
356,10000,1.2603,1,1.77828,0.000807651,0.000630957,0.001,0.645363,0.6,0.7,0.352846,0.3,0.4,2.87219e-06,2.24549e+08,669461,8.09622e+06,0.01,0.95,10,10000,0.938,0.139,455,374,0.00274687,0,0.821978
357,10000,1.25026,1,1.77828,0.000811163,0.000630957,0.001,0.643462,0.6,0.7,0.448136,0.4,0.5,2.87219e-06,2.31458e+08,711362,8.34533e+06,0.01,0.95,10,10000,0.938,0.139,469,365,0.00278053,0,0.778252
358,10000,1.27031,1,1.77828,0.000814339,0.000630957,0.001,0.644207,0.6,0.7,0.546722,0.5,0.6,2.87219e-06,2.1912e+08,699650,7.90049e+06,0.01,0.95,10,10000,0.938,0.139,444,341,0.00287671,0,0.768018
359,10000,1.25208,1,1.77828,0.000815196,0.000630957,0.001,0.644394,0.6,0.7,0.647342,0.6,0.7,2.87219e-06,1.63353e+08,594963,5.88978e+06,0.01,0.95,10,10000,0.938,0.139,331,259,0.00330084,0,0.782477
360,10000,1.24445,1,1.77828,0.000803591,0.000630957,0.001,0.645703,0.6,0.7,0.750968,0.7,0.8,2.87219e-06,1.31768e+08,525886,4.75097e+06,0.01,0.95,10,10000,0.938,0.139,267,213,0.00363986,0,0.797753
361,10000,1.27141,1,1.77828,0.000802394,0.000630957,0.001,0.644246,0.6,0.7,0.84932,0.8,0.9,2.87219e-06,9.57417e+07,475322,3.45201e+06,0.01,0.95,10,10000,0.938,0.139,194,144,0.00442683,0,0.742268
362,10000,1.25967,1,1.77828,0.00081565,0.000630957,0.001,0.648258,0.6,0.7,0.948983,0.9,1,2.87219e-06,6.95854e+07,369685,2.50894e+06,0.01,0.95,10,10000,0.938,0.139,141,117,0.00491113,0,0.829787
363,10000,1.2774,1,1.77828,0.000808409,0.000630957,0.001,0.648096,0.6,0.7,1.18139,1,1.5,1.43609e-05,3.41511e+07,120463,1.23134e+06,0.01,0.95,10,10000,0.938,0.139,346,274,0.00320921,0,0.791908
364,10000,1.19642,1,1.77828,0.000815446,0.000630957,0.001,0.736827,0.7,0.8,0.0662367,0,0.1,2.87219e-06,2.61562e+07,245162,943076,0.01,0.95,10,10000,0.938,0.139,53,40,0.00839932,0,0.754717
365,10000,1.25012,1,1.77828,0.000816514,0.000630957,0.001,0.740711,0.7,0.8,0.155758,0.1,0.2,2.87219e-06,6.41568e+07,414331,2.31321e+06,0.01,0.95,10,10000,0.938,0.139,130,89,0.00563091,0,0.684615
366,10000,1.25778,1,1.77828,0.000798003,0.000630957,0.001,0.745309,0.7,0.8,0.249416,0.2,0.3,2.87219e-06,1.14002e+08,491989,4.11039e+06,0.01,0.95,10,10000,0.938,0.139,231,183,0.00392689,0,0.792208
367,10000,1.23743,1,1.77828,0.000793208,0.000630957,0.001,0.745311,0.7,0.8,0.355826,0.3,0.4,2.87219e-06,1.15976e+08,507828,4.18156e+06,0.01,0.95,10,10000,0.938,0.139,235,181,0.00394852,0,0.770213
368,10000,1.25932,1,1.77828,0.000801069,0.000630957,0.001,0.74235,0.7,0.8,0.448308,0.4,0.5,2.87219e-06,1.26833e+08,558110,4.57303e+06,0.01,0.95,10,10000,0.938,0.139,257,186,0.00389509,0,0.723735
369,10000,1.24065,1,1.77828,0.000810398,0.000630957,0.001,0.747808,0.7,0.8,0.547569,0.5,0.6,2.87219e-06,1.19924e+08,544800,4.32391e+06,0.01,0.95,10,10000,0.938,0.139,243,175,0.00401564,0,0.720165
370,10000,1.25176,1,1.77828,0.000807849,0.000630957,0.001,0.742933,0.7,0.8,0.646051,0.6,0.7,2.87219e-06,9.82092e+07,460622,3.54098e+06,0.01,0.95,10,10000,0.938,0.139,199,156,0.00425316,0,0.78392
371,10000,1.25119,1,1.77828,0.00081262,0.000630957,0.001,0.7424,0.7,0.8,0.750813,0.7,0.8,2.87219e-06,7.94557e+07,406883,2.86482e+06,0.01,0.95,10,10000,0.938,0.139,161,129,0.00467713,0,0.801242
372,10000,1.23462,1,1.77828,0.000814285,0.000630957,0.001,0.743925,0.7,0.8,0.846565,0.8,0.9,2.87219e-06,6.26762e+07,363630,2.25982e+06,0.01,0.95,10,10000,0.938,0.139,127,101,0.00528583,0,0.795276
373,10000,1.25208,1,1.77828,0.000803127,0.000630957,0.001,0.748651,0.7,0.8,0.947912,0.9,1,2.87219e-06,4.98449e+07,339244,1.79718e+06,0.01,0.95,10,10000,0.938,0.139,101,76,0.0060935,0,0.752475
374,10000,1.26162,1,1.77828,0.0008087,0.000630957,0.001,0.744176,0.7,0.8,1.19614,1,1.5,1.43609e-05,2.18133e+07,105020,786490,0.01,0.95,10,10000,0.938,0.139,221,157,0.00423959,0,0.710407
375,10000,1.3674,1,1.77828,0.000789746,0.000630957,0.001,0.84105,0.8,0.9,0.0588041,0,0.1,2.87219e-06,8.38973e+06,137384,302496,0.01,0.95,10,10000,0.938,0.139,17,13,0.0147334,0,0.764706
376,10000,1.24471,1,1.77828,0.00080656,0.000630957,0.001,0.84111,0.8,0.9,0.161106,0.1,0.2,2.87219e-06,3.70135e+07,307151,1.33454e+06,0.01,0.95,10,10000,0.938,0.139,75,53,0.00729686,0,0.706667
377,10000,1.27154,1,1.77828,0.000797634,0.000630957,0.001,0.841839,0.8,0.9,0.254309,0.2,0.3,2.87219e-06,4.93514e+07,353377,1.77939e+06,0.01,0.95,10,10000,0.938,0.139,100,71,0.00630441,0,0.71
378,10000,1.25032,1,1.77828,0.000783095,0.000630957,0.001,0.841566,0.8,0.9,0.350952,0.3,0.4,2.87219e-06,6.81049e+07,381204,2.45556e+06,0.01,0.95,10,10000,0.938,0.139,138,109,0.00508816,0,0.789855
379,10000,1.27513,1,1.77828,0.000808041,0.000630957,0.001,0.841749,0.8,0.9,0.448715,0.4,0.5,2.87219e-06,6.36633e+07,413858,2.29541e+06,0.01,0.95,10,10000,0.938,0.139,129,88,0.00566282,0,0.682171
380,10000,1.26775,1,1.77828,0.00081735,0.000630957,0.001,0.849779,0.8,0.9,0.554435,0.5,0.6,2.87219e-06,6.26762e+07,366636,2.25982e+06,0.01,0.95,10,10000,0.938,0.139,127,100,0.00531219,0,0.787402
381,10000,1.23117,1,1.77828,0.000794428,0.000630957,0.001,0.845213,0.8,0.9,0.64153,0.6,0.7,2.87219e-06,5.42865e+07,390182,1.95733e+06,0.01,0.95,10,10000,0.938,0.139,110,73,0.00621745,0,0.663636
382,10000,1.22284,1,1.77828,0.000801799,0.000630957,0.001,0.842015,0.8,0.9,0.750499,0.7,0.8,2.87219e-06,4.39227e+07,314565,1.58366e+06,0.01,0.95,10,10000,0.938,0.139,89,68,0.00644198,0,0.764045
383,10000,1.2396,1,1.77828,0.000808919,0.000630957,0.001,0.847961,0.8,0.9,0.842627,0.8,0.9,2.87219e-06,4.19487e+07,299684,1.51248e+06,0.01,0.95,10,10000,0.938,0.139,85,67,0.00648988,0,0.788235
384,10000,1.202,1,1.77828,0.000783884,0.000630957,0.001,0.848658,0.8,0.9,0.944695,0.9,1,2.87219e-06,3.15849e+07,328914,1.13881e+06,0.01,0.95,10,10000,0.938,0.139,64,37,0.00873319,0,0.578125
385,10000,1.2589,1,1.77828,0.000786489,0.000630957,0.001,0.849789,0.8,0.9,1.20321,1,1.5,1.43609e-05,1.73717e+07,82144.4,626345,0.01,0.95,10,10000,0.938,0.139,176,147,0.00438142,0,0.835227
386,10000,1.26835,1,1.77828,0.000803962,0.000630957,0.001,0.93921,0.9,1,0.0708935,0,0.1,2.87219e-06,1.23378e+07,191083,444847,0.01,0.95,10,10000,0.938,0.139,25,16,0.0132805,0,0.64
387,10000,1.23694,1,1.77828,0.000799188,0.000630957,0.001,0.951385,0.9,1,0.162346,0.1,0.2,2.87219e-06,1.6286e+07,212983,587198,0.01,0.95,10,10000,0.938,0.139,33,22,0.0113256,0,0.666667
388,10000,1.18714,1,1.77828,0.00081327,0.000630957,0.001,0.955358,0.9,1,0.253138,0.2,0.3,2.87219e-06,2.66497e+07,266869,960870,0.01,0.95,10,10000,0.938,0.139,54,37,0.00873319,0,0.685185
389,10000,1.23457,1,1.77828,0.00083387,0.000630957,0.001,0.953673,0.9,1,0.349587,0.3,0.4,2.87219e-06,3.5533e+07,319578,1.28116e+06,0.01,0.95,10,10000,0.938,0.139,72,47,0.00774863,0,0.652778
390,10000,1.22139,1,1.77828,0.000819148,0.000630957,0.001,0.944405,0.9,1,0.450332,0.4,0.5,2.87219e-06,3.40524e+07,288904,1.22778e+06,0.01,0.95,10,10000,0.938,0.139,69,50,0.00751258,0,0.724638
391,10000,1.24817,1,1.77828,0.000782461,0.000630957,0.001,0.93988,0.9,1,0.544708,0.5,0.6,2.87219e-06,2.66497e+07,256249,960870,0.01,0.95,10,10000,0.938,0.139,54,39,0.00850632,0,0.722222
392,10000,1.20671,1,1.77828,0.000806353,0.000630957,0.001,0.948262,0.9,1,0.649,0.6,0.7,2.87219e-06,2.96108e+07,271744,1.06763e+06,0.01,0.95,10,10000,0.938,0.139,60,43,0.00810102,0,0.716667
393,10000,1.27665,1,1.77828,0.000799829,0.000630957,0.001,0.946215,0.9,1,0.74827,0.7,0.8,2.87219e-06,2.07276e+07,211216,747343,0.01,0.95,10,10000,0.938,0.139,42,33,0.00924734,0,0.785714
394,10000,1.19784,1,1.77828,0.000824993,0.000630957,0.001,0.942729,0.9,1,0.847127,0.8,0.9,2.87219e-06,2.96108e+07,304149,1.06763e+06,0.01,0.95,10,10000,0.938,0.139,60,37,0.00873319,0,0.616667
395,10000,1.14822,1,1.77828,0.000815049,0.000630957,0.001,0.949696,0.9,1,0.956355,0.9,1,2.87219e-06,1.52989e+07,171759,551611,0.01,0.95,10,10000,0.938,0.139,31,26,0.0104181,0,0.83871
396,10000,1.19734,1,1.77828,0.000802463,0.000630957,0.001,0.950518,0.9,1,1.22657,1,1.5,1.43609e-05,1.43119e+07,76774.5,516023,0.01,0.95,10,10000,0.938,0.139,145,117,0.00491113,0,0.806897
397,10000,1.67694,1,1.77828,0.00125509,0.001,0.00158489,0.0869404,0.05,0.1,0.0972737,0,0.1,2.27604e-06,5.02269e+09,1.68722e+08,1.81096e+08,0.01,0.95,10,10000,0.938,0.139,8065,5,0.0237569,0,0.000619963
398,10000,1.36593,1,1.77828,0.00126492,0.001,0.00158489,0.0782044,0.05,0.1,0.174658,0.1,0.2,2.27604e-06,1.28367e+10,2.72904e+07,4.62832e+08,0.01,0.95,10,10000,0.938,0.139,20612,1212,0.00152589,0,0.0588007
399,10000,1.32183,1,1.77828,0.00126166,0.001,0.00158489,0.0734579,0.05,0.1,0.256809,0.2,0.3,2.27604e-06,1.52194e+10,1.35937e+07,5.48743e+08,0.01,0.95,10,10000,0.938,0.139,24438,6180,0.00067574,0,0.252885
400,10000,1.30151,1,1.77828,0.00126971,0.001,0.00158489,0.0717537,0.05,0.1,0.352136,0.3,0.4,2.27604e-06,1.30235e+10,8.39937e+06,4.69569e+08,0.01,0.95,10,10000,0.938,0.139,20912,10245,0.000524829,0,0.48991
401,10000,1.28579,1,1.77828,0.00127474,0.001,0.00158489,0.0714458,0.05,0.1,0.448706,0.4,0.5,2.27604e-06,9.64182e+09,5.77332e+06,3.47641e+08,0.01,0.95,10,10000,0.938,0.139,15482,10436,0.000520004,0,0.674073
402,10000,1.28589,1,1.77828,0.00127112,0.001,0.00158489,0.07172,0.05,0.1,0.54761,0.5,0.6,2.27604e-06,6.79386e+09,4.43604e+06,2.44956e+08,0.01,0.95,10,10000,0.938,0.139,10909,8239,0.000585244,0,0.755248
403,10000,1.2822,1,1.77828,0.00127192,0.001,0.00158489,0.0720651,0.05,0.1,0.646924,0.6,0.7,2.27604e-06,4.64466e+09,3.5557e+06,1.67466e+08,0.01,0.95,10,10000,0.938,0.139,7458,5852,0.000694419,0,0.784661
404,10000,1.27679,1,1.77828,0.00127901,0.001,0.00158489,0.071513,0.05,0.1,0.746691,0.7,0.8,2.27604e-06,2.9968e+09,2.83679e+06,1.08051e+08,0.01,0.95,10,10000,0.938,0.139,4812,3807,0.000860959,0,0.791147
405,10000,1.2771,1,1.77828,0.00127268,0.001,0.00158489,0.0716256,0.05,0.1,0.846851,0.8,0.9,2.27604e-06,2.01468e+09,2.30456e+06,7.26403e+07,0.01,0.95,10,10000,0.938,0.139,3235,2588,0.00104422,0,0.8
406,10000,1.26815,1,1.77828,0.0012651,0.001,0.00158489,0.0718926,0.05,0.1,0.945892,0.9,1,2.27604e-06,1.35641e+09,1.8814e+06,4.89059e+07,0.01,0.95,10,10000,0.938,0.139,2178,1753,0.00126877,0,0.804867
407,10000,1.27079,1,1.77828,0.00127533,0.001,0.00158489,0.0719456,0.05,0.1,1.17278,1,1.5,1.13802e-05,4.31459e+08,459773,1.55565e+07,0.01,0.95,10,10000,0.938,0.139,3464,2894,0.000987472,0,0.83545
408,10000,1.48401,1,1.77828,0.00129514,0.001,0.00158489,0.13212,0.1,0.15,0.0826756,0,0.1,2.27604e-06,1.9387e+09,1.35156e+07,6.99009e+07,0.01,0.95,10,10000,0.938,0.139,3113,114,0.00497533,0,0.0366206
409,10000,1.35187,1,1.77828,0.00127879,0.001,0.00158489,0.124053,0.1,0.15,0.164271,0.1,0.2,2.27604e-06,5.34404e+09,9.82749e+06,1.92682e+08,0.01,0.95,10,10000,0.938,0.139,8581,1521,0.0013621,0,0.177252
410,10000,1.30637,1,1.77828,0.00127234,0.001,0.00158489,0.122877,0.1,0.15,0.254082,0.2,0.3,2.27604e-06,7.09093e+09,7.65093e+06,2.55667e+08,0.01,0.95,10,10000,0.938,0.139,11386,3997,0.000840247,0,0.351045
411,10000,1.30324,1,1.77828,0.00126946,0.001,0.00158489,0.122522,0.1,0.15,0.351065,0.3,0.4,2.27604e-06,6.61015e+09,5.72645e+06,2.38332e+08,0.01,0.95,10,10000,0.938,0.139,10614,5553,0.00071287,0,0.523177
412,10000,1.29686,1,1.77828,0.00127035,0.001,0.00158489,0.122945,0.1,0.15,0.448969,0.4,0.5,2.27604e-06,5.0557e+09,4.11188e+06,1.82286e+08,0.01,0.95,10,10000,0.938,0.139,8118,5593,0.000710316,0,0.688963
413,10000,1.30129,1,1.77828,0.00126877,0.001,0.00158489,0.123214,0.1,0.15,0.547492,0.5,0.6,2.27604e-06,3.67251e+09,3.29213e+06,1.32414e+08,0.01,0.95,10,10000,0.938,0.139,5897,4402,0.000800661,0,0.746481
414,10000,1.29513,1,1.77828,0.00126372,0.001,0.00158489,0.123422,0.1,0.15,0.646985,0.6,0.7,2.27604e-06,2.55089e+09,2.64046e+06,9.19737e+07,0.01,0.95,10,10000,0.938,0.139,4096,3206,0.000938193,0,0.782715
415,10000,1.30417,1,1.77828,0.00126143,0.001,0.00158489,0.12274,0.1,0.15,0.746488,0.7,0.8,2.27604e-06,1.76868e+09,2.21411e+06,6.37708e+07,0.01,0.95,10,10000,0.938,0.139,2840,2204,0.00113154,0,0.776056
416,10000,1.30588,1,1.77828,0.00126318,0.001,0.00158489,0.123296,0.1,0.15,0.846566,0.8,0.9,2.27604e-06,1.18763e+09,1.82533e+06,4.28208e+07,0.01,0.95,10,10000,0.938,0.139,1907,1469,0.001386,0,0.77032
417,10000,1.31077,1,1.77828,0.00126836,0.001,0.00158489,0.123727,0.1,0.15,0.948528,0.9,1,2.27604e-06,7.81584e+08,1.51594e+06,2.81804e+07,0.01,0.95,10,10000,0.938,0.139,1255,939,0.00173357,0,0.748207
418,10000,1.29447,1,1.77828,0.00126854,0.001,0.00158489,0.124303,0.1,0.15,1.17113,1,1.5,1.13802e-05,2.73648e+08,413481,9.86651e+06,0.01,0.95,10,10000,0.938,0.139,2197,1582,0.00133558,0,0.720073
419,10000,1.3762,1,1.77828,0.00127923,0.001,0.00158489,0.176387,0.15,0.2,0.0737805,0,0.1,2.27604e-06,1.00392e+09,4.45687e+06,3.61967e+07,0.01,0.95,10,10000,0.938,0.139,1612,263,0.00327564,0,0.163151
420,10000,1.33501,1,1.77828,0.0012836,0.001,0.00158489,0.174149,0.15,0.2,0.158067,0.1,0.2,2.27604e-06,2.82865e+09,5.63672e+06,1.01988e+08,0.01,0.95,10,10000,0.938,0.139,4542,1229,0.0015153,0,0.270586
421,10000,1.29673,1,1.77828,0.00127748,0.001,0.00158489,0.173794,0.15,0.2,0.254503,0.2,0.3,2.27604e-06,3.95837e+09,5.21412e+06,1.42721e+08,0.01,0.95,10,10000,0.938,0.139,6356,2590,0.00104382,0,0.407489
422,10000,1.30074,1,1.77828,0.00127311,0.001,0.00158489,0.173435,0.15,0.2,0.350786,0.3,0.4,2.27604e-06,3.921e+09,4.3833e+06,1.41374e+08,0.01,0.95,10,10000,0.938,0.139,6296,3324,0.00092139,0,0.527954
423,10000,1.29281,1,1.77828,0.00126518,0.001,0.00158489,0.172945,0.15,0.2,0.449941,0.4,0.5,2.27604e-06,3.20667e+09,3.32932e+06,1.15618e+08,0.01,0.95,10,10000,0.938,0.139,5149,3471,0.000901668,0,0.674111
424,10000,1.29357,1,1.77828,0.00127528,0.001,0.00158489,0.173354,0.15,0.2,0.5479,0.5,0.6,2.27604e-06,2.34475e+09,2.62942e+06,8.45412e+07,0.01,0.95,10,10000,0.938,0.139,3765,2812,0.00100177,0,0.746879
425,10000,1.29519,1,1.77828,0.0012671,0.001,0.00158489,0.173555,0.15,0.2,0.647951,0.6,0.7,2.27604e-06,1.71263e+09,2.11118e+06,6.17499e+07,0.01,0.95,10,10000,0.938,0.139,2750,2217,0.00112821,0,0.806182
426,10000,1.30991,1,1.77828,0.00126242,0.001,0.00158489,0.173092,0.15,0.2,0.7469,0.7,0.8,2.27604e-06,1.18514e+09,1.72511e+06,4.27309e+07,0.01,0.95,10,10000,0.938,0.139,1903,1567,0.00134196,0,0.823437
427,10000,1.30464,1,1.77828,0.00126802,0.001,0.00158489,0.174014,0.15,0.2,0.845981,0.8,0.9,2.27604e-06,7.9404e+08,1.47556e+06,2.86295e+07,0.01,0.95,10,10000,0.938,0.139,1275,996,0.00168323,0,0.781176
428,10000,1.31596,1,1.77828,0.00126903,0.001,0.00158489,0.174603,0.15,0.2,0.94649,0.9,1,2.27604e-06,5.34965e+08,1.22614e+06,1.92884e+07,0.01,0.95,10,10000,0.938,0.139,859,661,0.0020662,0,0.769499
429,10000,1.31714,1,1.77828,0.00126881,0.001,0.00158489,0.173548,0.15,0.2,1.17419,1,1.5,1.13802e-05,1.87954e+08,347306,6.77677e+06,0.01,0.95,10,10000,0.938,0.139,1509,1068,0.00162551,0,0.707753
430,10000,1.30238,1,1.77828,0.00129026,0.001,0.00158489,0.224662,0.2,0.25,0.0664717,0,0.1,2.27604e-06,5.99733e+08,2.27442e+06,2.16237e+07,0.01,0.95,10,10000,0.938,0.139,963,326,0.00294215,0,0.338525
431,10000,1.29429,1,1.77828,0.00127203,0.001,0.00158489,0.223936,0.2,0.25,0.155951,0.1,0.2,2.27604e-06,1.64724e+09,3.59976e+06,5.93922e+07,0.01,0.95,10,10000,0.938,0.139,2645,966,0.00170917,0,0.365217
432,10000,1.29357,1,1.77828,0.00127022,0.001,0.00158489,0.223696,0.2,0.25,0.252061,0.2,0.3,2.27604e-06,2.44315e+09,3.749e+06,8.80891e+07,0.01,0.95,10,10000,0.938,0.139,3923,1836,0.00123976,0,0.468009
433,10000,1.28234,1,1.77828,0.00126924,0.001,0.00158489,0.222988,0.2,0.25,0.350448,0.3,0.4,2.27604e-06,2.4911e+09,3.40267e+06,8.98181e+07,0.01,0.95,10,10000,0.938,0.139,4000,2195,0.00113385,0,0.54875
434,10000,1.28191,1,1.77828,0.00125917,0.001,0.00158489,0.223241,0.2,0.25,0.449708,0.4,0.5,2.27604e-06,2.13861e+09,2.77559e+06,7.71088e+07,0.01,0.95,10,10000,0.938,0.139,3434,2252,0.00111941,0,0.655795
435,10000,1.28237,1,1.77828,0.00126492,0.001,0.00158489,0.223783,0.2,0.25,0.547478,0.5,0.6,2.27604e-06,1.63977e+09,2.22094e+06,5.91227e+07,0.01,0.95,10,10000,0.938,0.139,2633,1942,0.00120545,0,0.737562
436,10000,1.29665,1,1.77828,0.00127309,0.001,0.00158489,0.223681,0.2,0.25,0.646387,0.6,0.7,2.27604e-06,1.17829e+09,1.80346e+06,4.24839e+07,0.01,0.95,10,10000,0.938,0.139,1892,1472,0.00138459,0,0.778013
437,10000,1.2983,1,1.77828,0.00126677,0.001,0.00158489,0.223512,0.2,0.25,0.747395,0.7,0.8,2.27604e-06,7.88435e+08,1.40991e+06,2.84274e+07,0.01,0.95,10,10000,0.938,0.139,1266,1040,0.00164724,0,0.821485
438,10000,1.28538,1,1.77828,0.00126946,0.001,0.00158489,0.224049,0.2,0.25,0.845879,0.8,0.9,2.27604e-06,5.14413e+08,1.12269e+06,1.85474e+07,0.01,0.95,10,10000,0.938,0.139,826,690,0.00202232,0,0.835351
439,10000,1.30237,1,1.77828,0.00126468,0.001,0.00158489,0.222958,0.2,0.25,0.949765,0.9,1,2.27604e-06,3.57473e+08,945154,1.28889e+07,0.01,0.95,10,10000,0.938,0.139,574,474,0.00243997,0,0.825784
440,10000,1.30918,1,1.77828,0.00125895,0.001,0.00158489,0.223491,0.2,0.25,1.169,1,1.5,1.13802e-05,1.42367e+08,295999,5.1331e+06,0.01,0.95,10,10000,0.938,0.139,1143,831,0.00184278,0,0.727034
441,10000,1.27011,1,1.77828,0.00129571,0.001,0.00158489,0.275419,0.25,0.3,0.0656928,0,0.1,2.27604e-06,3.59342e+08,1.42416e+06,1.29563e+07,0.01,0.95,10,10000,0.938,0.139,577,274,0.00320921,0,0.47487
442,10000,1.28982,1,1.77828,0.00127817,0.001,0.00158489,0.27421,0.25,0.3,0.156085,0.1,0.2,2.27604e-06,1.08114e+09,2.52736e+06,3.8981e+07,0.01,0.95,10,10000,0.938,0.139,1736,796,0.00188286,0,0.458525
443,10000,1.28844,1,1.77828,0.00127147,0.001,0.00158489,0.273345,0.25,0.3,0.251116,0.2,0.3,2.27604e-06,1.59742e+09,2.82927e+06,5.75958e+07,0.01,0.95,10,10000,0.938,0.139,2565,1332,0.00145553,0,0.519298
444,10000,1.28506,1,1.77828,0.00127093,0.001,0.00158489,0.273105,0.25,0.3,0.349652,0.3,0.4,2.27604e-06,1.61424e+09,2.61626e+06,5.82021e+07,0.01,0.95,10,10000,0.938,0.139,2592,1519,0.001363,0,0.586034
445,10000,1.2827,1,1.77828,0.00126599,0.001,0.00158489,0.274159,0.25,0.3,0.449575,0.4,0.5,2.27604e-06,1.57376e+09,2.42903e+06,5.67426e+07,0.01,0.95,10,10000,0.938,0.139,2527,1613,0.00132269,0,0.638306
446,10000,1.28335,1,1.77828,0.0012766,0.001,0.00158489,0.273113,0.25,0.3,0.54743,0.5,0.6,2.27604e-06,1.20632e+09,1.92908e+06,4.34944e+07,0.01,0.95,10,10000,0.938,0.139,1937,1406,0.00141671,0,0.725865
447,10000,1.28422,1,1.77828,0.00126657,0.001,0.00158489,0.273526,0.25,0.3,0.648498,0.6,0.7,2.27604e-06,8.45107e+08,1.47735e+06,3.04708e+07,0.01,0.95,10,10000,0.938,0.139,1357,1099,0.00160242,0,0.809875
448,10000,1.28992,1,1.77828,0.00127303,0.001,0.00158489,0.27286,0.25,0.3,0.746382,0.7,0.8,2.27604e-06,5.80427e+08,1.23642e+06,2.09276e+07,0.01,0.95,10,10000,0.938,0.139,932,746,0.00194493,0,0.800429
449,10000,1.27486,1,1.77828,0.0012706,0.001,0.00158489,0.274607,0.25,0.3,0.846406,0.8,0.9,2.27604e-06,3.91726e+08,970848,1.41239e+07,0.01,0.95,10,10000,0.938,0.139,629,531,0.0023053,0,0.844197
450,10000,1.307,1,1.77828,0.00127271,0.001,0.00158489,0.274353,0.25,0.3,0.944221,0.9,1,2.27604e-06,2.51602e+08,804415,9.07162e+06,0.01,0.95,10,10000,0.938,0.139,404,328,0.00293317,0,0.811881
451,10000,1.3104,1,1.77828,0.00126205,0.001,0.00158489,0.273789,0.25,0.3,1.17988,1,1.5,1.13802e-05,1.06246e+08,251599,3.83074e+06,0.01,0.95,10,10000,0.938,0.139,853,633,0.00211141,0,0.742087
452,10000,1.28857,1,1.77828,0.00127342,0.001,0.00158489,0.346544,0.3,0.4,0.0656367,0,0.1,4.55208e-06,2.24822e+08,669217,8.10608e+06,0.01,0.95,10,10000,0.938,0.139,722,442,0.00252675,0,0.612188
453,10000,1.29708,1,1.77828,0.00128096,0.001,0.00158489,0.345863,0.3,0.4,0.152529,0.1,0.2,4.55208e-06,6.39591e+08,1.17463e+06,2.30608e+07,0.01,0.95,10,10000,0.938,0.139,2054,1189,0.00154058,0,0.57887
454,10000,1.30399,1,1.77828,0.00126681,0.001,0.00158489,0.34521,0.3,0.4,0.2522,0.2,0.3,4.55208e-06,8.92438e+08,1.34077e+06,3.21773e+07,0.01,0.95,10,10000,0.938,0.139,2866,1741,0.00127314,0,0.607467
455,10000,1.29362,1,1.77828,0.00126677,0.001,0.00158489,0.344851,0.3,0.4,0.349264,0.3,0.4,4.55208e-06,1.01108e+09,1.41292e+06,3.64549e+07,0.01,0.95,10,10000,0.938,0.139,3247,2000,0.00118784,0,0.615953
456,10000,1.2902,1,1.77828,0.00127512,0.001,0.00158489,0.345082,0.3,0.4,0.448509,0.4,0.5,4.55208e-06,9.35721e+08,1.30346e+06,3.37379e+07,0.01,0.95,10,10000,0.938,0.139,3005,1960,0.0011999,0,0.652246
457,10000,1.28851,1,1.77828,0.00126996,0.001,0.00158489,0.34546,0.3,0.4,0.548833,0.5,0.6,4.55208e-06,7.73177e+08,1.11443e+06,2.78773e+07,0.01,0.95,10,10000,0.938,0.139,2483,1756,0.00126769,0,0.707209
458,10000,1.29685,1,1.77828,0.00126493,0.001,0.00158489,0.345702,0.3,0.4,0.648156,0.6,0.7,4.55208e-06,5.65481e+08,893687,2.03887e+07,0.01,0.95,10,10000,0.938,0.139,1816,1393,0.00142331,0,0.76707
459,10000,1.29451,1,1.77828,0.00126842,0.001,0.00158489,0.347216,0.3,0.4,0.747019,0.7,0.8,4.55208e-06,3.8581e+08,694393,1.39106e+07,0.01,0.95,10,10000,0.938,0.139,1239,1023,0.00166087,0,0.825666
460,10000,1.30854,1,1.77828,0.00127309,0.001,0.00158489,0.345632,0.3,0.4,0.845828,0.8,0.9,4.55208e-06,2.68728e+08,587603,9.68912e+06,0.01,0.95,10,10000,0.938,0.139,863,701,0.00200639,0,0.812283
461,10000,1.28364,1,1.77828,0.00126842,0.001,0.00158489,0.34636,0.3,0.4,0.948083,0.9,1,4.55208e-06,1.67215e+08,446247,6.02904e+06,0.01,0.95,10,10000,0.938,0.139,537,456,0.00248766,0,0.849162
462,10000,1.31268,1,1.77828,0.00127036,0.001,0.00158489,0.346667,0.3,0.4,1.17781,1,1.5,2.27604e-05,7.36744e+07,138799,2.65637e+06,0.01,0.95,10,10000,0.938,0.139,1183,951,0.0017226,0,0.803888
463,10000,1.28865,1,1.77828,0.00127973,0.001,0.00158489,0.446377,0.4,0.5,0.0638312,0,0.1,4.55208e-06,1.19573e+08,438970,4.31127e+06,0.01,0.95,10,10000,0.938,0.139,384,271,0.00322693,0,0.705729
464,10000,1.29603,1,1.77828,0.00128037,0.001,0.00158489,0.444802,0.4,0.5,0.153039,0.1,0.2,4.55208e-06,3.16059e+08,731995,1.13957e+07,0.01,0.95,10,10000,0.938,0.139,1015,693,0.00201794,0,0.682759
465,10000,1.29277,1,1.77828,0.00127628,0.001,0.00158489,0.446013,0.4,0.5,0.252324,0.2,0.3,4.55208e-06,4.49644e+08,877751,1.62122e+07,0.01,0.95,10,10000,0.938,0.139,1444,979,0.00169778,0,0.677978
466,10000,1.30425,1,1.77828,0.00128664,0.001,0.00158489,0.446681,0.4,0.5,0.351714,0.3,0.4,4.55208e-06,5.11611e+08,924899,1.84464e+07,0.01,0.95,10,10000,0.938,0.139,1643,1132,0.00157889,0,0.688984
467,10000,1.30369,1,1.77828,0.00127299,0.001,0.00158489,0.44591,0.4,0.5,0.448505,0.4,0.5,4.55208e-06,4.74555e+08,881160,1.71103e+07,0.01,0.95,10,10000,0.938,0.139,1524,1065,0.00162779,0,0.698819
468,10000,1.29607,1,1.77828,0.00126537,0.001,0.00158489,0.445698,0.4,0.5,0.548389,0.5,0.6,4.55208e-06,4.38434e+08,842310,1.5808e+07,0.01,0.95,10,10000,0.938,0.139,1408,991,0.00168747,0,0.703835
469,10000,1.28908,1,1.77828,0.00126641,0.001,0.00158489,0.445821,0.4,0.5,0.648287,0.6,0.7,4.55208e-06,3.17304e+08,726866,1.14406e+07,0.01,0.95,10,10000,0.938,0.139,1019,704,0.00200211,0,0.690873
470,10000,1.28573,1,1.77828,0.00127011,0.001,0.00158489,0.445171,0.4,0.5,0.747566,0.7,0.8,4.55208e-06,2.26691e+08,560475,8.17344e+06,0.01,0.95,10,10000,0.938,0.139,728,565,0.00223486,0,0.776099
471,10000,1.29208,1,1.77828,0.00127092,0.001,0.00158489,0.446972,0.4,0.5,0.84693,0.8,0.9,4.55208e-06,1.60988e+08,478380,5.80449e+06,0.01,0.95,10,10000,0.938,0.139,517,395,0.00267286,0,0.764023
472,10000,1.31069,1,1.77828,0.00126836,0.001,0.00158489,0.444934,0.4,0.5,0.947597,0.9,1,4.55208e-06,1.10854e+08,384270,3.9969e+06,0.01,0.95,10,10000,0.938,0.139,356,283,0.00315777,0,0.794944
473,10000,1.30831,1,1.77828,0.00127564,0.001,0.00158489,0.446752,0.4,0.5,1.18,1,1.5,2.27604e-05,4.58986e+07,104823,1.6549e+06,0.01,0.95,10,10000,0.938,0.139,737,624,0.00212658,0,0.846676
474,10000,1.29188,1,1.77828,0.00125349,0.001,0.00158489,0.543389,0.5,0.6,0.0645424,0,0.1,4.55208e-06,5.04449e+07,267385,1.81882e+06,0.01,0.95,10,10000,0.938,0.139,162,124,0.00477049,0,0.765432
475,10000,1.27162,1,1.77828,0.00126688,0.001,0.00158489,0.546372,0.5,0.6,0.153745,0.1,0.2,4.55208e-06,1.64102e+08,494481,5.91676e+06,0.01,0.95,10,10000,0.938,0.139,527,391,0.00268649,0,0.741935
476,10000,1.28119,1,1.77828,0.00128444,0.001,0.00158489,0.544316,0.5,0.6,0.250738,0.2,0.3,4.55208e-06,2.43505e+08,617654,8.77971e+06,0.01,0.95,10,10000,0.938,0.139,782,562,0.00224081,0,0.71867
477,10000,1.30171,1,1.77828,0.00127141,0.001,0.00158489,0.544876,0.5,0.6,0.350815,0.3,0.4,4.55208e-06,2.60943e+08,618584,9.40844e+06,0.01,0.95,10,10000,0.938,0.139,838,628,0.0021198,0,0.749403
478,10000,1.28891,1,1.77828,0.00127373,0.001,0.00158489,0.544925,0.5,0.6,0.448778,0.4,0.5,4.55208e-06,2.57829e+08,616077,9.29617e+06,0.01,0.95,10,10000,0.938,0.139,828,619,0.00213515,0,0.747585
479,10000,1.30745,1,1.77828,0.00126749,0.001,0.00158489,0.544366,0.5,0.6,0.548655,0.5,0.6,4.55208e-06,2.34164e+08,593159,8.4429e+06,0.01,0.95,10,10000,0.938,0.139,752,555,0.0022549,0,0.738032
480,10000,1.29772,1,1.77828,0.00127793,0.001,0.00158489,0.547041,0.5,0.6,0.649302,0.6,0.7,4.55208e-06,2.03025e+08,553405,7.32017e+06,0.01,0.95,10,10000,0.938,0.139,652,480,0.00242467,0,0.736196
481,10000,1.30715,1,1.77828,0.00127323,0.001,0.00158489,0.545784,0.5,0.6,0.748144,0.7,0.8,4.55208e-06,1.54137e+08,492211,5.55749e+06,0.01,0.95,10,10000,0.938,0.139,495,355,0.00281942,0,0.717172
482,10000,1.29405,1,1.77828,0.00126634,0.001,0.00158489,0.548444,0.5,0.6,0.848955,0.8,0.9,4.55208e-06,1.02447e+08,370040,3.69377e+06,0.01,0.95,10,10000,0.938,0.139,329,261,0.00328817,0,0.793313
483,10000,1.29944,1,1.77828,0.00127652,0.001,0.00158489,0.546945,0.5,0.6,0.94656,0.9,1,4.55208e-06,7.41104e+07,309015,2.67209e+06,0.01,0.95,10,10000,0.938,0.139,238,193,0.0038238,0,0.810924
484,10000,1.3026,1,1.77828,0.00127793,0.001,0.00158489,0.54745,0.5,0.6,1.18749,1,1.5,2.27604e-05,2.87723e+07,87603.5,1.0374e+06,0.01,0.95,10,10000,0.938,0.139,462,367,0.00277294,0,0.794372
485,10000,1.2025,1,1.77828,0.00125808,0.001,0.00158489,0.643448,0.6,0.7,0.0652168,0,0.1,4.55208e-06,2.67794e+07,187421,965544,0.01,0.95,10,10000,0.938,0.139,86,69,0.00639513,0,0.802326
486,10000,1.23814,1,1.77828,0.00126375,0.001,0.00158489,0.644952,0.6,0.7,0.15588,0.1,0.2,4.55208e-06,8.56317e+07,322353,3.0875e+06,0.01,0.95,10,10000,0.938,0.139,275,231,0.00349517,0,0.84
487,10000,1.26937,1,1.77828,0.00128612,0.001,0.00158489,0.644301,0.6,0.7,0.250442,0.2,0.3,4.55208e-06,1.35142e+08,424289,4.87263e+06,0.01,0.95,10,10000,0.938,0.139,434,345,0.00285999,0,0.794931
488,10000,1.26494,1,1.77828,0.00127615,0.001,0.00158489,0.644304,0.6,0.7,0.34954,0.3,0.4,4.55208e-06,1.37011e+08,437280,4.93999e+06,0.01,0.95,10,10000,0.938,0.139,440,340,0.00288094,0,0.772727
489,10000,1.28098,1,1.77828,0.00126856,0.001,0.00158489,0.645695,0.6,0.7,0.450195,0.4,0.5,4.55208e-06,1.40747e+08,430319,5.07472e+06,0.01,0.95,10,10000,0.938,0.139,452,362,0.00279203,0,0.800885
490,10000,1.26884,1,1.77828,0.0012837,0.001,0.00158489,0.646892,0.6,0.7,0.549328,0.5,0.6,4.55208e-06,1.33585e+08,453235,4.81649e+06,0.01,0.95,10,10000,0.938,0.139,429,312,0.00300744,0,0.727273
491,10000,1.28355,1,1.77828,0.00126549,0.001,0.00158489,0.646209,0.6,0.7,0.646655,0.6,0.7,4.55208e-06,1.13034e+08,398915,4.07549e+06,0.01,0.95,10,10000,0.938,0.139,363,279,0.00318033,0,0.768595
492,10000,1.28762,1,1.77828,0.00123928,0.001,0.00158489,0.643447,0.6,0.7,0.751459,0.7,0.8,4.55208e-06,8.56317e+07,349037,3.0875e+06,0.01,0.95,10,10000,0.938,0.139,275,210,0.00366576,0,0.763636
493,10000,1.28238,1,1.77828,0.00126461,0.001,0.00158489,0.646856,0.6,0.7,0.84871,0.8,0.9,4.55208e-06,7.34876e+07,340259,2.64963e+06,0.01,0.95,10,10000,0.938,0.139,236,169,0.0040863,0,0.716102
494,10000,1.29881,1,1.77828,0.00126488,0.001,0.00158489,0.646711,0.6,0.7,0.949176,0.9,1,4.55208e-06,5.60499e+07,284818,2.02091e+06,0.01,0.95,10,10000,0.938,0.139,180,136,0.00455517,0,0.755556
495,10000,1.29369,1,1.77828,0.00128913,0.001,0.00158489,0.64764,0.6,0.7,1.19652,1,1.5,2.27604e-05,2.22331e+07,77141,801626,0.01,0.95,10,10000,0.938,0.139,357,283,0.00315777,0,0.792717
496,10000,1.24687,1,1.77828,0.00125038,0.001,0.00158489,0.745103,0.7,0.8,0.0626199,0,0.1,4.55208e-06,1.30783e+07,140171,471545,0.01,0.95,10,10000,0.938,0.139,42,31,0.00954098,0,0.738095
497,10000,1.26331,1,1.77828,0.00129473,0.001,0.00158489,0.739834,0.7,0.8,0.152841,0.1,0.2,4.55208e-06,4.5774e+07,234827,1.65041e+06,0.01,0.95,10,10000,0.938,0.139,147,124,0.00477049,0,0.843537
498,10000,1.28736,1,1.77828,0.00126402,0.001,0.00158489,0.743965,0.7,0.8,0.251931,0.2,0.3,4.55208e-06,6.85054e+07,318288,2.47e+06,0.01,0.95,10,10000,0.938,0.139,220,164,0.00414813,0,0.745455
499,10000,1.26858,1,1.77828,0.00127357,0.001,0.00158489,0.747955,0.7,0.8,0.350248,0.3,0.4,4.55208e-06,7.44217e+07,309409,2.68331e+06,0.01,0.95,10,10000,0.938,0.139,239,194,0.00381393,0,0.811715
500,10000,1.26104,1,1.77828,0.00130127,0.001,0.00158489,0.746303,0.7,0.8,0.452762,0.4,0.5,4.55208e-06,6.97509e+07,306336,2.51491e+06,0.01,0.95,10,10000,0.938,0.139,224,177,0.00399289,0,0.790179
501,10000,1.26641,1,1.77828,0.00124874,0.001,0.00158489,0.745231,0.7,0.8,0.547341,0.5,0.6,4.55208e-06,7.3799e+07,307273,2.66086e+06,0.01,0.95,10,10000,0.938,0.139,237,193,0.0038238,0,0.814346
502,10000,1.26895,1,1.77828,0.0012562,0.001,0.00158489,0.746922,0.7,0.8,0.651203,0.6,0.7,4.55208e-06,5.88523e+07,277293,2.12195e+06,0.01,0.95,10,10000,0.938,0.139,189,152,0.00430876,0,0.804233
503,10000,1.27967,1,1.77828,0.00126759,0.001,0.00158489,0.745619,0.7,0.8,0.751665,0.7,0.8,4.55208e-06,5.6984e+07,294437,2.05459e+06,0.01,0.95,10,10000,0.938,0.139,183,134,0.00458904,0,0.73224
504,10000,1.28954,1,1.77828,0.0012673,0.001,0.00158489,0.745392,0.7,0.8,0.84801,0.8,0.9,4.55208e-06,4.11032e+07,278202,1.482e+06,0.01,0.95,10,10000,0.938,0.139,132,84,0.00579608,0,0.636364
505,10000,1.28035,1,1.77828,0.001265,0.001,0.00158489,0.752188,0.7,0.8,0.948822,0.9,1,4.55208e-06,3.51869e+07,233018,1.26868e+06,0.01,0.95,10,10000,0.938,0.139,113,82,0.00586634,0,0.725664
506,10000,1.27563,1,1.77828,0.00128228,0.001,0.00158489,0.749951,0.7,0.8,1.2001,1,1.5,2.27604e-05,1.71263e+07,70077.1,617499,0.01,0.95,10,10000,0.938,0.139,275,209,0.00367452,0,0.76
507,10000,1.2303,1,1.77828,0.00132445,0.001,0.00158489,0.84483,0.8,0.9,0.0697951,0,0.1,4.55208e-06,7.16193e+06,103613,258227,0.01,0.95,10,10000,0.938,0.139,23,17,0.012884,0,0.73913
508,10000,1.21641,1,1.77828,0.00125407,0.001,0.00158489,0.843289,0.8,0.9,0.154271,0.1,0.2,4.55208e-06,2.05516e+07,161510,740999,0.01,0.95,10,10000,0.938,0.139,66,54,0.00722898,0,0.818182
509,10000,1.23468,1,1.77828,0.00126885,0.001,0.00158489,0.842591,0.8,0.9,0.248633,0.2,0.3,4.55208e-06,3.39413e+07,194685,1.22377e+06,0.01,0.95,10,10000,0.938,0.139,109,96,0.00542174,0,0.880734
510,10000,1.27457,1,1.77828,0.00124819,0.001,0.00158489,0.843018,0.8,0.9,0.352242,0.3,0.4,4.55208e-06,4.04804e+07,242489,1.45954e+06,0.01,0.95,10,10000,0.938,0.139,130,98,0.00536613,0,0.753846
511,10000,1.23185,1,1.77828,0.00128598,0.001,0.00158489,0.839319,0.8,0.9,0.447779,0.4,0.5,4.55208e-06,3.98577e+07,247761,1.43709e+06,0.01,0.95,10,10000,0.938,0.139,128,93,0.00550849,0,0.726562
512,10000,1.25401,1,1.77828,0.00125431,0.001,0.00158489,0.844172,0.8,0.9,0.548182,0.5,0.6,4.55208e-06,4.23488e+07,252994,1.52691e+06,0.01,0.95,10,10000,0.938,0.139,136,100,0.00531219,0,0.735294
513,10000,1.22736,1,1.77828,0.00125992,0.001,0.00158489,0.845124,0.8,0.9,0.645311,0.6,0.7,4.55208e-06,3.30071e+07,202161,1.19009e+06,0.01,0.95,10,10000,0.938,0.139,106,88,0.00566282,0,0.830189
514,10000,1.27791,1,1.77828,0.00124976,0.001,0.00158489,0.846229,0.8,0.9,0.746294,0.7,0.8,4.55208e-06,2.80249e+07,185678,1.01045e+06,0.01,0.95,10,10000,0.938,0.139,90,75,0.00613399,0,0.833333
515,10000,1.26234,1,1.77828,0.00128361,0.001,0.00158489,0.84436,0.8,0.9,0.851134,0.8,0.9,4.55208e-06,2.80249e+07,211269,1.01045e+06,0.01,0.95,10,10000,0.938,0.139,90,64,0.00664024,0,0.711111
516,10000,1.22041,1,1.77828,0.00130552,0.001,0.00158489,0.848174,0.8,0.9,0.946048,0.9,1,4.55208e-06,2.52224e+07,194108,909408,0.01,0.95,10,10000,0.938,0.139,81,60,0.00685801,0,0.740741
517,10000,1.24464,1,1.77828,0.0012898,0.001,0.00158489,0.848793,0.8,0.9,1.2031,1,1.5,2.27604e-05,1.3452e+07,60069.6,485017,0.01,0.95,10,10000,0.938,0.139,216,171,0.00406234,0,0.791667
518,10000,1.27077,1,1.77828,0.00124918,0.001,0.00158489,0.966313,0.9,1,0.0655094,0,0.1,4.55208e-06,2.4911e+06,53050.9,89818.1,0.01,0.95,10,10000,0.938,0.139,8,7,0.0200782,0,0.875
519,10000,1.22014,1,1.77828,0.00125261,0.001,0.00158489,0.958272,0.9,1,0.153323,0.1,0.2,4.55208e-06,9.96442e+06,120802,359272,0.01,0.95,10,10000,0.938,0.139,32,24,0.0108435,0,0.75
520,10000,1.2324,1,1.77828,0.00127104,0.001,0.00158489,0.953355,0.9,1,0.247254,0.2,0.3,4.55208e-06,1.6815e+07,135903,606272,0.01,0.95,10,10000,0.938,0.139,54,48,0.00766749,0,0.888889
521,10000,1.26844,1,1.77828,0.00128441,0.001,0.00158489,0.948663,0.9,1,0.350926,0.3,0.4,4.55208e-06,2.42883e+07,179883,875726,0.01,0.95,10,10000,0.938,0.139,78,62,0.00674649,0,0.794872
522,10000,1.2117,1,1.77828,0.0012977,0.001,0.00158489,0.952428,0.9,1,0.45243,0.4,0.5,4.55208e-06,2.6468e+07,186780,954317,0.01,0.95,10,10000,0.938,0.139,85,68,0.00644198,0,0.8
523,10000,1.3054,1,1.77828,0.00123527,0.001,0.00158489,0.940006,0.9,1,0.545805,0.5,0.6,4.55208e-06,1.83719e+07,153437,662408,0.01,0.95,10,10000,0.938,0.139,59,48,0.00766749,0,0.813559
524,10000,1.20077,1,1.77828,0.00130045,0.001,0.00158489,0.941197,0.9,1,0.644948,0.6,0.7,4.55208e-06,1.86833e+07,168396,673635,0.01,0.95,10,10000,0.938,0.139,60,44,0.00800843,0,0.733333
525,10000,1.2819,1,1.77828,0.00128222,0.001,0.00158489,0.94677,0.9,1,0.749948,0.7,0.8,4.55208e-06,1.30783e+07,126842,471545,0.01,0.95,10,10000,0.938,0.139,42,35,0.00897925,0,0.833333
526,10000,1.28436,1,1.77828,0.00132541,0.001,0.00158489,0.945336,0.9,1,0.845148,0.8,0.9,4.55208e-06,1.40125e+07,135903,505227,0.01,0.95,10,10000,0.938,0.139,45,36,0.00885366,0,0.8
527,10000,1.27454,1,1.77828,0.0012934,0.001,0.00158489,0.952907,0.9,1,0.953993,0.9,1,4.55208e-06,1.15214e+07,132753,415408,0.01,0.95,10,10000,0.938,0.139,37,27,0.0102233,0,0.72973
528,10000,1.23867,1,1.77828,0.00125887,0.001,0.00158489,0.947146,0.9,1,1.21375,1,1.5,2.27604e-05,1.37011e+07,63968.1,493999,0.01,0.95,10,10000,0.938,0.139,220,163,0.00416083,0,0.740909
529,10000,1.63834,1,1.77828,0.00205849,0.00158489,0.00251189,0.0863453,0.05,0.1,0.083279,0,0.1,3.60733e-06,3.07711e+09,1.63452e+08,1.10947e+08,0.01,0.95,10,10000,0.938,0.139,7831,2,0.0375629,0,0.000255395
530,10000,1.4188,1,1.77828,0.00199808,0.00158489,0.00251189,0.0778369,0.05,0.1,0.17283,0.1,0.2,3.60733e-06,8.06981e+09,1.81175e+07,2.90961e+08,0.01,0.95,10,10000,0.938,0.139,20537,1090,0.00160902,0,0.0530749
531,10000,1.28833,1,1.77828,0.00202965,0.00158489,0.00251189,0.071096,0.05,0.1,0.259415,0.2,0.3,3.60733e-06,9.48754e+09,8.55983e+06,3.42078e+08,0.01,0.95,10,10000,0.938,0.139,24145,6063,0.000682229,0,0.251108
532,10000,1.26124,1,1.77828,0.00202575,0.00158489,0.00251189,0.0702245,0.05,0.1,0.351843,0.3,0.4,3.60733e-06,7.99122e+09,4.84598e+06,2.88128e+08,0.01,0.95,10,10000,0.938,0.139,20337,11143,0.000503237,0,0.547918
533,10000,1.27026,1,1.77828,0.00201941,0.00158489,0.00251189,0.0709638,0.05,0.1,0.448398,0.4,0.5,3.60733e-06,6.08153e+09,3.425e+06,2.19273e+08,0.01,0.95,10,10000,0.938,0.139,15477,11299,0.000499751,0,0.730051
534,10000,1.27583,1,1.77828,0.00201668,0.00158489,0.00251189,0.0715459,0.05,0.1,0.547634,0.5,0.6,3.60733e-06,4.19817e+09,2.62357e+06,1.51367e+08,0.01,0.95,10,10000,0.938,0.139,10684,8621,0.000572131,0,0.806908
535,10000,1.27599,1,1.77828,0.00201011,0.00158489,0.00251189,0.0713898,0.05,0.1,0.646892,0.6,0.7,3.60733e-06,2.92505e+09,2.11287e+06,1.05464e+08,0.01,0.95,10,10000,0.938,0.139,7444,6265,0.00067114,0,0.841617
536,10000,1.27862,1,1.77828,0.00200881,0.00158489,0.00251189,0.0720185,0.05,0.1,0.747262,0.7,0.8,3.60733e-06,1.8759e+09,1.66787e+06,6.76364e+07,0.01,0.95,10,10000,0.938,0.139,4774,4085,0.000831147,0,0.855677
537,10000,1.28018,1,1.77828,0.0020164,0.00158489,0.00251189,0.0724512,0.05,0.1,0.84587,0.8,0.9,3.60733e-06,1.19611e+09,1.33256e+06,4.31264e+07,0.01,0.95,10,10000,0.938,0.139,3044,2603,0.00104121,0,0.855125
538,10000,1.28008,1,1.77828,0.00200788,0.00158489,0.00251189,0.0718084,0.05,0.1,0.945742,0.9,1,3.60733e-06,7.94132e+08,1.05572e+06,2.86328e+07,0.01,0.95,10,10000,0.938,0.139,2021,1784,0.0012577,0,0.882731
539,10000,1.28634,1,1.77828,0.00202247,0.00158489,0.00251189,0.0728675,0.05,0.1,1.17003,1,1.5,1.80366e-05,2.55175e+08,258164,9.20048e+06,0.01,0.95,10,10000,0.938,0.139,3247,2982,0.000972792,0,0.918386
540,10000,1.50538,1,1.77828,0.00199,0.00158489,0.00251189,0.133813,0.1,0.15,0.0786267,0,0.1,3.60733e-06,1.2578e+09,9.32797e+06,4.53507e+07,0.01,0.95,10,10000,0.938,0.139,3201,101,0.00528583,0,0.0315526
541,10000,1.35031,1,1.77828,0.00200163,0.00158489,0.00251189,0.125356,0.1,0.15,0.162482,0.1,0.2,3.60733e-06,3.41779e+09,6.25333e+06,1.2323e+08,0.01,0.95,10,10000,0.938,0.139,8698,1537,0.00135499,0,0.176707
542,10000,1.33513,1,1.77828,0.00199976,0.00158489,0.00251189,0.124056,0.1,0.15,0.254352,0.2,0.3,3.60733e-06,4.49484e+09,5.20923e+06,1.62064e+08,0.01,0.95,10,10000,0.938,0.139,11439,3550,0.000891579,0,0.310342
543,10000,1.30786,1,1.77828,0.00200644,0.00158489,0.00251189,0.122866,0.1,0.15,0.351968,0.3,0.4,3.60733e-06,4.10151e+09,3.81817e+06,1.47882e+08,0.01,0.95,10,10000,0.938,0.139,10438,4964,0.000753977,0,0.47557
544,10000,1.29358,1,1.77828,0.00201439,0.00158489,0.00251189,0.122807,0.1,0.15,0.448311,0.4,0.5,3.60733e-06,3.24451e+09,2.74832e+06,1.16982e+08,0.01,0.95,10,10000,0.938,0.139,8257,5328,0.000727766,0,0.645271
545,10000,1.2939,1,1.77828,0.0020162,0.00158489,0.00251189,0.122431,0.1,0.15,0.547548,0.5,0.6,3.60733e-06,2.34939e+09,2.13262e+06,8.47084e+07,0.01,0.95,10,10000,0.938,0.139,5979,4355,0.00080497,0,0.728383
546,10000,1.28816,1,1.77828,0.00202052,0.00158489,0.00251189,0.122928,0.1,0.15,0.646673,0.6,0.7,3.60733e-06,1.58866e+09,1.65541e+06,5.72798e+07,0.01,0.95,10,10000,0.938,0.139,4043,3164,0.000944399,0,0.782587
547,10000,1.29196,1,1.77828,0.00201415,0.00158489,0.00251189,0.122776,0.1,0.15,0.746689,0.7,0.8,3.60733e-06,1.10102e+09,1.40101e+06,3.96978e+07,0.01,0.95,10,10000,0.938,0.139,2802,2149,0.00114592,0,0.766952
548,10000,1.28454,1,1.77828,0.00201876,0.00158489,0.00251189,0.12229,0.1,0.15,0.847639,0.8,0.9,3.60733e-06,6.86859e+08,1.08066e+06,2.47651e+07,0.01,0.95,10,10000,0.938,0.139,1748,1380,0.00142999,0,0.789474
549,10000,1.28978,1,1.77828,0.00200429,0.00158489,0.00251189,0.122151,0.1,0.15,0.94931,0.9,1,3.60733e-06,4.84888e+08,915111,1.74829e+07,0.01,0.95,10,10000,0.938,0.139,1234,965,0.00171006,0,0.78201
550,10000,1.27903,1,1.77828,0.00201745,0.00158489,0.00251189,0.123348,0.1,0.15,1.18029,1,1.5,1.80366e-05,1.61656e+08,232084,5.82857e+06,0.01,0.95,10,10000,0.938,0.139,2057,1644,0.00131016,0,0.799222
551,10000,1.41971,1,1.77828,0.00200636,0.00158489,0.00251189,0.176708,0.15,0.2,0.0707405,0,0.1,3.60733e-06,6.40885e+08,2.81193e+06,2.31075e+07,0.01,0.95,10,10000,0.938,0.139,1631,269,0.0032389,0,0.164929
552,10000,1.33438,1,1.77828,0.00200656,0.00158489,0.00251189,0.174735,0.15,0.2,0.157416,0.1,0.2,3.60733e-06,1.75526e+09,3.33878e+06,6.32869e+07,0.01,0.95,10,10000,0.938,0.139,4467,1328,0.00145772,0,0.297291
553,10000,1.32327,1,1.77828,0.00200117,0.00158489,0.00251189,0.173742,0.15,0.2,0.253545,0.2,0.3,3.60733e-06,2.49753e+09,3.29064e+06,9.00496e+07,0.01,0.95,10,10000,0.938,0.139,6356,2589,0.00104402,0,0.407332
554,10000,1.31197,1,1.77828,0.00200739,0.00158489,0.00251189,0.173387,0.15,0.2,0.352192,0.3,0.4,3.60733e-06,2.49281e+09,2.88209e+06,8.98796e+07,0.01,0.95,10,10000,0.938,0.139,6344,3168,0.000943803,0,0.499369
555,10000,1.29694,1,1.77828,0.00200435,0.00158489,0.00251189,0.173255,0.15,0.2,0.449071,0.4,0.5,3.60733e-06,1.99614e+09,2.20822e+06,7.19717e+07,0.01,0.95,10,10000,0.938,0.139,5080,3172,0.000943208,0,0.624409
556,10000,1.30115,1,1.77828,0.00200342,0.00158489,0.00251189,0.173494,0.15,0.2,0.547744,0.5,0.6,3.60733e-06,1.46213e+09,1.70624e+06,5.27179e+07,0.01,0.95,10,10000,0.938,0.139,3721,2662,0.0010296,0,0.715399
557,10000,1.30088,1,1.77828,0.0020115,0.00158489,0.00251189,0.173163,0.15,0.2,0.6468,0.6,0.7,3.60733e-06,1.0075e+09,1.3036e+06,3.63259e+07,0.01,0.95,10,10000,0.938,0.139,2564,2034,0.00117787,0,0.793292
558,10000,1.30416,1,1.77828,0.0020219,0.00158489,0.00251189,0.172961,0.15,0.2,0.747426,0.7,0.8,3.60733e-06,7.32833e+08,1.13742e+06,2.64227e+07,0.01,0.95,10,10000,0.938,0.139,1865,1439,0.00140037,0,0.771582
559,10000,1.30072,1,1.77828,0.00200936,0.00158489,0.00251189,0.174125,0.15,0.2,0.844247,0.8,0.9,3.60733e-06,4.93926e+08,939206,1.78087e+07,0.01,0.95,10,10000,0.938,0.139,1257,963,0.00171183,0,0.76611
560,10000,1.29165,1,1.77828,0.00199445,0.00158489,0.00251189,0.17401,0.15,0.2,0.947557,0.9,1,3.60733e-06,3.11994e+08,764980,1.12491e+07,0.01,0.95,10,10000,0.938,0.139,794,590,0.002187,0,0.743073
561,10000,1.28106,1,1.77828,0.0020122,0.00158489,0.00251189,0.174076,0.15,0.2,1.17215,1,1.5,1.80366e-05,1.11045e+08,203939,4.00378e+06,0.01,0.95,10,10000,0.938,0.139,1413,1051,0.0016386,0,0.743808
562,10000,1.3771,1,1.77828,0.00201601,0.00158489,0.00251189,0.226419,0.2,0.25,0.0655121,0,0.1,3.60733e-06,3.81152e+08,1.39049e+06,1.37426e+07,0.01,0.95,10,10000,0.938,0.139,970,348,0.00284764,0,0.358763
563,10000,1.3372,1,1.77828,0.00202439,0.00158489,0.00251189,0.22435,0.2,0.25,0.154174,0.1,0.2,3.60733e-06,1.02125e+09,2.09758e+06,3.68217e+07,0.01,0.95,10,10000,0.938,0.139,2599,1064,0.00162856,0,0.409388
564,10000,1.31373,1,1.77828,0.00201476,0.00158489,0.00251189,0.223296,0.2,0.25,0.25361,0.2,0.3,3.60733e-06,1.50968e+09,2.37635e+06,5.44321e+07,0.01,0.95,10,10000,0.938,0.139,3842,1757,0.00126733,0,0.457314
565,10000,1.31019,1,1.77828,0.00201185,0.00158489,0.00251189,0.223366,0.2,0.25,0.351269,0.3,0.4,3.60733e-06,1.57844e+09,2.21889e+06,5.69115e+07,0.01,0.95,10,10000,0.938,0.139,4017,2107,0.00115729,0,0.524521
566,10000,1.30765,1,1.77828,0.00200686,0.00158489,0.00251189,0.223112,0.2,0.25,0.449069,0.4,0.5,3.60733e-06,1.31478e+09,1.83433e+06,4.7405e+07,0.01,0.95,10,10000,0.938,0.139,3346,2023,0.00118107,0,0.604603
567,10000,1.29031,1,1.77828,0.00200396,0.00158489,0.00251189,0.223482,0.2,0.25,0.548272,0.5,0.6,3.60733e-06,1.03383e+09,1.40681e+06,3.72751e+07,0.01,0.95,10,10000,0.938,0.139,2631,1930,0.00120919,0,0.733561
568,10000,1.31727,1,1.77828,0.00200991,0.00158489,0.00251189,0.22368,0.2,0.25,0.646481,0.6,0.7,3.60733e-06,6.99826e+08,1.12225e+06,2.52326e+07,0.01,0.95,10,10000,0.938,0.139,1781,1358,0.00144153,0,0.762493
569,10000,1.29823,1,1.77828,0.00199213,0.00158489,0.00251189,0.223376,0.2,0.25,0.747079,0.7,0.8,3.60733e-06,4.97855e+08,933293,1.79504e+07,0.01,0.95,10,10000,0.938,0.139,1267,983,0.00169433,0,0.775848
570,10000,1.31334,1,1.77828,0.00202197,0.00158489,0.00251189,0.222333,0.2,0.25,0.846271,0.8,0.9,3.60733e-06,3.21818e+08,795100,1.16033e+07,0.01,0.95,10,10000,0.938,0.139,819,591,0.00218514,0,0.721612
571,10000,1.30408,1,1.77828,0.00198694,0.00158489,0.00251189,0.2244,0.2,0.25,0.946474,0.9,1,3.60733e-06,2.33799e+08,657624,8.42976e+06,0.01,0.95,10,10000,0.938,0.139,595,446,0.0025154,0,0.74958
572,10000,1.29161,1,1.77828,0.00201374,0.00158489,0.00251189,0.22311,0.2,0.25,1.17833,1,1.5,1.80366e-05,8.14958e+07,178435,2.93837e+06,0.01,0.95,10,10000,0.938,0.139,1037,751,0.00193845,0,0.724204
573,10000,1.33198,1,1.77828,0.00199433,0.00158489,0.00251189,0.27488,0.25,0.3,0.0671416,0,0.1,3.60733e-06,2.33799e+08,848609,8.42976e+06,0.01,0.95,10,10000,0.938,0.139,595,315,0.00299308,0,0.529412
574,10000,1.33552,1,1.77828,0.0020009,0.00158489,0.00251189,0.274397,0.25,0.3,0.153677,0.1,0.2,3.60733e-06,6.87252e+08,1.50456e+06,2.47792e+07,0.01,0.95,10,10000,0.938,0.139,1749,881,0.00178972,0,0.503716
575,10000,1.30702,1,1.77828,0.00201469,0.00158489,0.00251189,0.273159,0.25,0.3,0.252931,0.2,0.3,3.60733e-06,1.02164e+09,1.74501e+06,3.68359e+07,0.01,0.95,10,10000,0.938,0.139,2600,1410,0.0014147,0,0.542308
576,10000,1.30761,1,1.77828,0.00201666,0.00158489,0.00251189,0.273887,0.25,0.3,0.349259,0.3,0.4,3.60733e-06,1.08216e+09,1.80716e+06,3.90177e+07,0.01,0.95,10,10000,0.938,0.139,2754,1480,0.00138084,0,0.5374
577,10000,1.30346,1,1.77828,0.00200302,0.00158489,0.00251189,0.273708,0.25,0.3,0.449741,0.4,0.5,3.60733e-06,9.57988e+08,1.5537e+06,3.45408e+07,0.01,0.95,10,10000,0.938,0.139,2438,1490,0.0013762,0,0.611157
578,10000,1.2919,1,1.77828,0.00200188,0.00158489,0.00251189,0.27362,0.25,0.3,0.547088,0.5,0.6,3.60733e-06,7.65054e+08,1.24736e+06,2.75844e+07,0.01,0.95,10,10000,0.938,0.139,1947,1374,0.00143311,0,0.705701
579,10000,1.29227,1,1.77828,0.00202252,0.00158489,0.00251189,0.273939,0.25,0.3,0.647439,0.6,0.7,3.60733e-06,5.0925e+08,946602,1.83613e+07,0.01,0.95,10,10000,0.938,0.139,1296,1002,0.00167819,0,0.773148
580,10000,1.30576,1,1.77828,0.00199229,0.00158489,0.00251189,0.274214,0.25,0.3,0.744578,0.7,0.8,3.60733e-06,3.55218e+08,785015,1.28076e+07,0.01,0.95,10,10000,0.938,0.139,904,705,0.00200069,0,0.779867
581,10000,1.31738,1,1.77828,0.00201212,0.00158489,0.00251189,0.273906,0.25,0.3,0.847458,0.8,0.9,3.60733e-06,2.45588e+08,643406,8.85479e+06,0.01,0.95,10,10000,0.938,0.139,625,496,0.00238525,0,0.7936
582,10000,1.29502,1,1.77828,0.00198418,0.00158489,0.00251189,0.275537,0.25,0.3,0.943973,0.9,1,3.60733e-06,1.60713e+08,557642,5.79457e+06,0.01,0.95,10,10000,0.938,0.139,409,298,0.00307727,0,0.728606
583,10000,1.32604,1,1.77828,0.00201436,0.00158489,0.00251189,0.273257,0.25,0.3,1.17214,1,1.5,1.80366e-05,6.56996e+07,169412,2.36883e+06,0.01,0.95,10,10000,0.938,0.139,836,563,0.00223882,0,0.673445
584,10000,1.30682,1,1.77828,0.00198332,0.00158489,0.00251189,0.347309,0.3,0.4,0.0679858,0,0.1,7.21466e-06,1.43423e+08,396752,5.1712e+06,0.01,0.95,10,10000,0.938,0.139,730,490,0.0023998,0,0.671233
585,10000,1.3062,1,1.77828,0.002017,0.00158489,0.00251189,0.346648,0.3,0.4,0.154766,0.1,0.2,7.21466e-06,3.82331e+08,640103,1.37851e+07,0.01,0.95,10,10000,0.938,0.139,1946,1327,0.00145827,0,0.681912
586,10000,1.30193,1,1.77828,0.00201075,0.00158489,0.00251189,0.344842,0.3,0.4,0.250617,0.2,0.3,7.21466e-06,5.62297e+08,844174,2.02739e+07,0.01,0.95,10,10000,0.938,0.139,2862,1742,0.00127277,0,0.608665
587,10000,1.30486,1,1.77828,0.00200646,0.00158489,0.00251189,0.346667,0.3,0.4,0.351562,0.3,0.4,7.21466e-06,6.34205e+08,889937,2.28666e+07,0.01,0.95,10,10000,0.938,0.139,3228,1985,0.00119232,0,0.614932
588,10000,1.28994,1,1.77828,0.00201533,0.00158489,0.00251189,0.344683,0.3,0.4,0.449087,0.4,0.5,7.21466e-06,5.8941e+08,848883,2.12515e+07,0.01,0.95,10,10000,0.938,0.139,3000,1872,0.00122778,0,0.624
589,10000,1.2896,1,1.77828,0.00200947,0.00158489,0.00251189,0.34559,0.3,0.4,0.548034,0.5,0.6,7.21466e-06,4.74868e+08,719718,1.71216e+07,0.01,0.95,10,10000,0.938,0.139,2417,1629,0.00131617,0,0.673976
590,10000,1.29284,1,1.77828,0.0019989,0.00158489,0.00251189,0.345302,0.3,0.4,0.647495,0.6,0.7,7.21466e-06,3.43037e+08,592522,1.23684e+07,0.01,0.95,10,10000,0.938,0.139,1746,1227,0.00151653,0,0.702749
591,10000,1.29626,1,1.77828,0.00200811,0.00158489,0.00251189,0.342814,0.3,0.4,0.744224,0.7,0.8,7.21466e-06,2.40086e+08,463896,8.65644e+06,0.01,0.95,10,10000,0.938,0.139,1222,934,0.0017382,0,0.764321
592,10000,1.28964,1,1.77828,0.00200841,0.00158489,0.00251189,0.346067,0.3,0.4,0.846779,0.8,0.9,7.21466e-06,1.64445e+08,391684,5.92917e+06,0.01,0.95,10,10000,0.938,0.139,837,624,0.00212658,0,0.74552
593,10000,1.31353,1,1.77828,0.00199375,0.00158489,0.00251189,0.34616,0.3,0.4,0.948061,0.9,1,7.21466e-06,1.1022e+08,303774,3.97403e+06,0.01,0.95,10,10000,0.938,0.139,561,447,0.00251258,0,0.796791
594,10000,1.31591,1,1.77828,0.002015,0.00158489,0.00251189,0.345913,0.3,0.4,1.17224,1,1.5,3.60733e-05,4.52274e+07,91361,1.6307e+06,0.01,0.95,10,10000,0.938,0.139,1151,864,0.00180725,0,0.750652
595,10000,1.297,1,1.77828,0.00202222,0.00158489,0.00251189,0.441638,0.4,0.5,0.067525,0,0.1,7.21466e-06,6.14951e+07,219077,2.21724e+06,0.01,0.95,10,10000,0.938,0.139,313,260,0.00329448,0,0.830671
596,10000,1.29319,1,1.77828,0.00201165,0.00158489,0.00251189,0.444617,0.4,0.5,0.1543,0.1,0.2,7.21466e-06,2.10419e+08,434973,7.58678e+06,0.01,0.95,10,10000,0.938,0.139,1071,817,0.0018585,0,0.762838
597,10000,1.28141,1,1.77828,0.00203322,0.00158489,0.00251189,0.446164,0.4,0.5,0.2504,0.2,0.3,7.21466e-06,2.9942e+08,538367,1.07958e+07,0.01,0.95,10,10000,0.938,0.139,1524,1110,0.00159446,0,0.728346
598,10000,1.28971,1,1.77828,0.00201397,0.00158489,0.00251189,0.445916,0.4,0.5,0.350475,0.3,0.4,7.21466e-06,3.19657e+08,567137,1.15254e+07,0.01,0.95,10,10000,0.938,0.139,1627,1156,0.00156241,0,0.71051
599,10000,1.29562,1,1.77828,0.00200422,0.00158489,0.00251189,0.446683,0.4,0.5,0.449416,0.4,0.5,7.21466e-06,3.21229e+08,579976,1.15821e+07,0.01,0.95,10,10000,0.938,0.139,1635,1132,0.00157889,0,0.692355
600,10000,1.29874,1,1.77828,0.00203099,0.00158489,0.00251189,0.44479,0.4,0.5,0.549035,0.5,0.6,7.21466e-06,2.72308e+08,538533,9.81819e+06,0.01,0.95,10,10000,0.938,0.139,1386,949,0.00172441,0,0.684704
601,10000,1.28338,1,1.77828,0.0020027,0.00158489,0.00251189,0.44529,0.4,0.5,0.647431,0.6,0.7,7.21466e-06,1.94702e+08,461847,7.02008e+06,0.01,0.95,10,10000,0.938,0.139,991,666,0.00205843,0,0.672048
602,10000,1.29062,1,1.77828,0.00199491,0.00158489,0.00251189,0.446523,0.4,0.5,0.74554,0.7,0.8,7.21466e-06,1.45977e+08,380963,5.26329e+06,0.01,0.95,10,10000,0.938,0.139,743,532,0.00230313,0,0.716016
603,10000,1.29505,1,1.77828,0.00202165,0.00158489,0.00251189,0.445732,0.4,0.5,0.847766,0.8,0.9,7.21466e-06,1.0354e+08,310728,3.73318e+06,0.01,0.95,10,10000,0.938,0.139,527,393,0.00267965,0,0.745731
604,10000,1.30385,1,1.77828,0.00197508,0.00158489,0.00251189,0.447703,0.4,0.5,0.948142,0.9,1,7.21466e-06,7.05328e+07,251729,2.54309e+06,0.01,0.95,10,10000,0.938,0.139,359,274,0.00320921,0,0.763231
605,10000,1.31403,1,1.77828,0.00200344,0.00158489,0.00251189,0.44665,0.4,0.5,1.18947,1,1.5,3.60733e-05,2.91169e+07,73329.3,1.04982e+06,0.01,0.95,10,10000,0.938,0.139,741,556,0.00225287,0,0.750337
606,10000,1.28676,1,1.77828,0.00201725,0.00158489,0.00251189,0.544726,0.5,0.6,0.0652864,0,0.1,7.21466e-06,4.14552e+07,168329,1.49469e+06,0.01,0.95,10,10000,0.938,0.139,211,189,0.00386405,0,0.895735
607,10000,1.28447,1,1.77828,0.00203747,0.00158489,0.00251189,0.545552,0.5,0.6,0.154557,0.1,0.2,7.21466e-06,1.01379e+08,272292,3.65526e+06,0.01,0.95,10,10000,0.938,0.139,516,445,0.00251822,0,0.862403
608,10000,1.29047,1,1.77828,0.00202422,0.00158489,0.00251189,0.545616,0.5,0.6,0.252348,0.2,0.3,7.21466e-06,1.49121e+08,343231,5.37663e+06,0.01,0.95,10,10000,0.938,0.139,759,626,0.00212318,0,0.824769
609,10000,1.28247,1,1.77828,0.00200847,0.00158489,0.00251189,0.545481,0.5,0.6,0.349708,0.3,0.4,7.21466e-06,1.58748e+08,373571,5.72373e+06,0.01,0.95,10,10000,0.938,0.139,808,625,0.00212488,0,0.773515
610,10000,1.29981,1,1.77828,0.00201663,0.00158489,0.00251189,0.544312,0.5,0.6,0.448829,0.4,0.5,7.21466e-06,1.57765e+08,396026,5.68832e+06,0.01,0.95,10,10000,0.938,0.139,803,575,0.00221534,0,0.716065
611,10000,1.28172,1,1.77828,0.00200238,0.00158489,0.00251189,0.544731,0.5,0.6,0.548409,0.5,0.6,7.21466e-06,1.48531e+08,392895,5.35538e+06,0.01,0.95,10,10000,0.938,0.139,756,526,0.00231623,0,0.695767
612,10000,1.30118,1,1.77828,0.0020255,0.00158489,0.00251189,0.546529,0.5,0.6,0.647081,0.6,0.7,7.21466e-06,1.28295e+08,387364,4.62574e+06,0.01,0.95,10,10000,0.938,0.139,653,420,0.00259209,0,0.643185
613,10000,1.30797,1,1.77828,0.00198599,0.00158489,0.00251189,0.546502,0.5,0.6,0.743445,0.7,0.8,7.21466e-06,9.05727e+07,319505,3.26565e+06,0.01,0.95,10,10000,0.938,0.139,461,304,0.00304675,0,0.659436
614,10000,1.2927,1,1.77828,0.00202393,0.00158489,0.00251189,0.545633,0.5,0.6,0.850002,0.8,0.9,7.21466e-06,6.73892e+07,256879,2.42975e+06,0.01,0.95,10,10000,0.938,0.139,343,248,0.00337325,0,0.723032
615,10000,1.31495,1,1.77828,0.00199351,0.00158489,0.00251189,0.546345,0.5,0.6,0.946228,0.9,1,7.21466e-06,5.69763e+07,250705,2.05431e+06,0.01,0.95,10,10000,0.938,0.139,290,194,0.00381393,0,0.668966
616,10000,1.32089,1,1.77828,0.00199842,0.00158489,0.00251189,0.544774,0.5,0.6,1.18345,1,1.5,3.60733e-05,2.01185e+07,60722.8,725384,0.01,0.95,10,10000,0.938,0.139,512,386,0.00270384,0,0.753906
617,10000,1.26029,1,1.77828,0.00201808,0.00158489,0.00251189,0.648455,0.6,0.7,0.0618176,0,0.1,7.21466e-06,1.90576e+07,122705,687131,0.01,0.95,10,10000,0.938,0.139,97,80,0.00593921,0,0.824742
618,10000,1.27866,1,1.77828,0.00201466,0.00158489,0.00251189,0.645257,0.6,0.7,0.153801,0.1,0.2,7.21466e-06,5.46187e+07,197498,1.9693e+06,0.01,0.95,10,10000,0.938,0.139,278,243,0.00340777,0,0.874101
619,10000,1.27111,1,1.77828,0.0020295,0.00158489,0.00251189,0.646466,0.6,0.7,0.253025,0.2,0.3,7.21466e-06,7.72127e+07,238822,2.78395e+06,0.01,0.95,10,10000,0.938,0.139,393,337,0.00289374,0,0.857506
620,10000,1.27709,1,1.77828,0.00200233,0.00158489,0.00251189,0.643472,0.6,0.7,0.351083,0.3,0.4,7.21466e-06,9.56809e+07,281242,3.44982e+06,0.01,0.95,10,10000,0.938,0.139,487,391,0.00268649,0,0.802875
621,10000,1.29515,1,1.77828,0.0020305,0.00158489,0.00251189,0.644929,0.6,0.7,0.450753,0.4,0.5,7.21466e-06,9.76456e+07,297660,3.52066e+06,0.01,0.95,10,10000,0.938,0.139,497,377,0.00273592,0,0.758551
622,10000,1.29973,1,1.77828,0.00201968,0.00158489,0.00251189,0.646188,0.6,0.7,0.547972,0.5,0.6,7.21466e-06,8.70362e+07,277711,3.13814e+06,0.01,0.95,10,10000,0.938,0.139,443,341,0.00287671,0,0.769752
623,10000,1.31269,1,1.77828,0.002002,0.00158489,0.00251189,0.641054,0.6,0.7,0.64647,0.6,0.7,7.21466e-06,6.93539e+07,274105,2.50059e+06,0.01,0.95,10,10000,0.938,0.139,353,239,0.00343617,0,0.677054
624,10000,1.31831,1,1.77828,0.00198704,0.00158489,0.00251189,0.649064,0.6,0.7,0.748059,0.7,0.8,7.21466e-06,6.30669e+07,261690,2.27391e+06,0.01,0.95,10,10000,0.938,0.139,321,217,0.00360615,0,0.676012
625,10000,1.32422,1,1.77828,0.00200379,0.00158489,0.00251189,0.646505,0.6,0.7,0.845572,0.8,0.9,7.21466e-06,4.30269e+07,227726,1.55136e+06,0.01,0.95,10,10000,0.938,0.139,219,138,0.00452204,0,0.630137
626,10000,1.27997,1,1.77828,0.00206202,0.00158489,0.00251189,0.64558,0.6,0.7,0.94302,0.9,1,7.21466e-06,3.5954e+07,203409,1.29634e+06,0.01,0.95,10,10000,0.938,0.139,183,119,0.00486968,0,0.650273
627,10000,1.33386,1,1.77828,0.00201309,0.00158489,0.00251189,0.648302,0.6,0.7,1.2091,1,1.5,3.60733e-05,1.49317e+07,49025,538371,0.01,0.95,10,10000,0.938,0.139,380,310,0.00301712,0,0.815789
628,10000,1.2483,1,1.77828,0.00205019,0.00158489,0.00251189,0.746839,0.7,0.8,0.0699981,0,0.1,7.21466e-06,9.23409e+06,83135.4,332940,0.01,0.95,10,10000,0.938,0.139,47,40,0.00839932,0,0.851064
629,10000,1.27003,1,1.77828,0.00201547,0.00158489,0.00251189,0.744923,0.7,0.8,0.157893,0.1,0.2,7.21466e-06,2.98635e+07,145903,1.07674e+06,0.01,0.95,10,10000,0.938,0.139,152,133,0.00460626,0,0.875
630,10000,1.28194,1,1.77828,0.00203217,0.00158489,0.00251189,0.746269,0.7,0.8,0.252105,0.2,0.3,7.21466e-06,4.20446e+07,172506,1.51594e+06,0.01,0.95,10,10000,0.938,0.139,214,188,0.00387432,0,0.878505
631,10000,1.27103,1,1.77828,0.00198698,0.00158489,0.00251189,0.745462,0.7,0.8,0.349121,0.3,0.4,7.21466e-06,4.45987e+07,192235,1.60803e+06,0.01,0.95,10,10000,0.938,0.139,227,182,0.00393766,0,0.801762
632,10000,1.26469,1,1.77828,0.00200715,0.00158489,0.00251189,0.742309,0.7,0.8,0.447146,0.4,0.5,7.21466e-06,5.32434e+07,192732,1.91972e+06,0.01,0.95,10,10000,0.938,0.139,271,240,0.00342901,0,0.885609
633,10000,1.27217,1,1.77828,0.00200687,0.00158489,0.00251189,0.740763,0.7,0.8,0.550498,0.5,0.6,7.21466e-06,5.18681e+07,218044,1.87013e+06,0.01,0.95,10,10000,0.938,0.139,264,199,0.00376571,0,0.753788
634,10000,1.2923,1,1.77828,0.00198798,0.00158489,0.00251189,0.748544,0.7,0.8,0.651577,0.6,0.7,7.21466e-06,3.94905e+07,209259,1.42385e+06,0.01,0.95,10,10000,0.938,0.139,201,134,0.00458904,0,0.666667
635,10000,1.27041,1,1.77828,0.0019844,0.00158489,0.00251189,0.744265,0.7,0.8,0.746264,0.7,0.8,7.21466e-06,2.71129e+07,174814,977568,0.01,0.95,10,10000,0.938,0.139,138,91,0.00556869,0,0.65942
636,10000,1.27666,1,1.77828,0.00202057,0.00158489,0.00251189,0.742521,0.7,0.8,0.848751,0.8,0.9,7.21466e-06,2.88811e+07,198423,1.04132e+06,0.01,0.95,10,10000,0.938,0.139,147,85,0.00576188,0,0.578231
637,10000,1.32412,1,1.77828,0.00194335,0.00158489,0.00251189,0.748119,0.7,0.8,0.949697,0.9,1,7.21466e-06,2.59341e+07,188595,935066,0.01,0.95,10,10000,0.938,0.139,132,76,0.0060935,0,0.575758
638,10000,1.32306,1,1.77828,0.00201821,0.00158489,0.00251189,0.747058,0.7,0.8,1.19863,1,1.5,3.60733e-05,1.28884e+07,55676.9,464699,0.01,0.95,10,10000,0.938,0.139,328,207,0.00369223,0,0.631098
639,10000,1.30229,1,1.77828,0.00199622,0.00158489,0.00251189,0.841075,0.8,0.9,0.0763939,0,0.1,7.21466e-06,4.51881e+06,54612.8,162928,0.01,0.95,10,10000,0.938,0.139,23,21,0.0115922,0,0.913043
640,10000,1.26819,1,1.77828,0.00203524,0.00158489,0.00251189,0.847761,0.8,0.9,0.155284,0.1,0.2,7.21466e-06,1.11988e+07,90754.1,403778,0.01,0.95,10,10000,0.938,0.139,57,49,0.00758885,0,0.859649
641,10000,1.28262,1,1.77828,0.00197709,0.00158489,0.00251189,0.841997,0.8,0.9,0.253426,0.2,0.3,7.21466e-06,2.27905e+07,137425,821724,0.01,0.95,10,10000,0.938,0.139,116,93,0.00550849,0,0.801724
642,10000,1.2411,1,1.77828,0.00201487,0.00158489,0.00251189,0.84294,0.8,0.9,0.351818,0.3,0.4,7.21466e-06,2.6327e+07,145918,949233,0.01,0.95,10,10000,0.938,0.139,134,109,0.00508816,0,0.813433
643,10000,1.27851,1,1.77828,0.00206354,0.00158489,0.00251189,0.844903,0.8,0.9,0.451435,0.4,0.5,7.21466e-06,2.43623e+07,145005,878395,0.01,0.95,10,10000,0.938,0.139,124,97,0.00539372,0,0.782258
644,10000,1.28848,1,1.77828,0.00205632,0.00158489,0.00251189,0.845731,0.8,0.9,0.54788,0.5,0.6,7.21466e-06,2.18082e+07,134420,786305,0.01,0.95,10,10000,0.938,0.139,111,89,0.00563091,0,0.801802
645,10000,1.28404,1,1.77828,0.00199845,0.00158489,0.00251189,0.840366,0.8,0.9,0.641948,0.6,0.7,7.21466e-06,1.88611e+07,136532,680048,0.01,0.95,10,10000,0.938,0.139,96,69,0.00639513,0,0.71875
646,10000,1.2718,1,1.77828,0.0019497,0.00158489,0.00251189,0.839821,0.8,0.9,0.746633,0.7,0.8,7.21466e-06,1.57176e+07,130789,566706,0.01,0.95,10,10000,0.938,0.139,80,54,0.00722898,0,0.675
647,10000,1.2593,1,1.77828,0.00198931,0.00158489,0.00251189,0.845091,0.8,0.9,0.849556,0.8,0.9,7.21466e-06,1.90576e+07,149985,687131,0.01,0.95,10,10000,0.938,0.139,97,62,0.00674649,0,0.639175
648,10000,1.32069,1,1.77828,0.00203359,0.00158489,0.00251189,0.842111,0.8,0.9,0.948603,0.9,1,7.21466e-06,1.53247e+07,154374,552539,0.01,0.95,10,10000,0.938,0.139,78,41,0.00829625,0,0.525641
649,10000,1.35244,1,1.77828,0.00199662,0.00158489,0.00251189,0.850854,0.8,0.9,1.23067,1,1.5,3.60733e-05,8.95904e+06,44137.8,323023,0.01,0.95,10,10000,0.938,0.139,228,154,0.00428069,0,0.675439
650,10000,1.3026,1,1.77828,0.00201836,0.00158489,0.00251189,0.94456,0.9,1,0.058943,0,0.1,7.21466e-06,2.75058e+06,52392.7,99173.6,0.01,0.95,10,10000,0.938,0.139,14,10,0.0167986,0,0.714286
651,10000,1.26861,1,1.77828,0.00200039,0.00158489,0.00251189,0.950277,0.9,1,0.152065,0.1,0.2,7.21466e-06,5.69763e+06,58177,205431,0.01,0.95,10,10000,0.938,0.139,29,28,0.0100391,0,0.965517
652,10000,1.223,1,1.77828,0.00197127,0.00158489,0.00251189,0.945497,0.9,1,0.255989,0.2,0.3,7.21466e-06,1.21811e+07,87664.6,439197,0.01,0.95,10,10000,0.938,0.139,62,58,0.00697525,0,0.935484
653,10000,1.23711,1,1.77828,0.00199701,0.00158489,0.00251189,0.945787,0.9,1,0.346163,0.3,0.4,7.21466e-06,1.23776e+07,88277.9,446281,0.01,0.95,10,10000,0.938,0.139,63,59,0.00691589,0,0.936508
654,10000,1.24614,1,1.77828,0.00208098,0.00158489,0.00251189,0.942515,0.9,1,0.450777,0.4,0.5,7.21466e-06,1.06094e+07,90746.8,382527,0.01,0.95,10,10000,0.938,0.139,54,45,0.00791895,0,0.833333
655,10000,1.2046,1,1.77828,0.00203603,0.00158489,0.00251189,0.946798,0.9,1,0.549318,0.5,0.6,7.21466e-06,1.336e+07,101321,481700,0.01,0.95,10,10000,0.938,0.139,68,57,0.00703617,0,0.838235
656,10000,1.25477,1,1.77828,0.00201765,0.00158489,0.00251189,0.940174,0.9,1,0.644258,0.6,0.7,7.21466e-06,1.336e+07,107703,481700,0.01,0.95,10,10000,0.938,0.139,68,53,0.00729686,0,0.779412
657,10000,1.29119,1,1.77828,0.00205878,0.00158489,0.00251189,0.944655,0.9,1,0.755469,0.7,0.8,7.21466e-06,1.06094e+07,113147,382527,0.01,0.95,10,10000,0.938,0.139,54,34,0.00911034,0,0.62963
658,10000,1.19101,1,1.77828,0.00193419,0.00158489,0.00251189,0.953227,0.9,1,0.843242,0.8,0.9,7.21466e-06,1.002e+07,96728.3,361275,0.01,0.95,10,10000,0.938,0.139,51,38,0.00861752,0,0.745098
659,10000,1.24659,1,1.77828,0.00196991,0.00158489,0.00251189,0.945613,0.9,1,0.949473,0.9,1,7.21466e-06,9.8235e+06,110103,354191,0.01,0.95,10,10000,0.938,0.139,50,31,0.00954098,0,0.62
660,10000,1.32866,1,1.77828,0.00198894,0.00158489,0.00251189,0.948595,0.9,1,1.24163,1,1.5,3.60733e-05,8.64468e+06,43934.8,311689,0.01,0.95,10,10000,0.938,0.139,220,146,0.0043964,0,0.663636
661,10000,1.21109,1,1.77828,0.00329505,0.00251189,0.00398107,0.0697097,0.05,0.1,0.0824404,0,0.1,5.71717e-06,1.96709e+09,2.84158e+07,7.09243e+07,0.01,0.95,10,10000,0.938,0.139,7934,27,0.0102233,0,0.00340308
662,10000,1.21354,1,1.77828,0.00332029,0.00251189,0.00398107,0.0680298,0.05,0.1,0.171099,0.1,0.2,5.71717e-06,4.98689e+09,8.05263e+06,1.79805e+08,0.01,0.95,10,10000,0.938,0.139,20114,2054,0.00117212,0,0.102118
663,10000,1.21993,1,1.77828,0.00325002,0.00251189,0.00398107,0.0688457,0.05,0.1,0.256267,0.2,0.3,5.71717e-06,5.8906e+09,4.05931e+06,2.12388e+08,0.01,0.95,10,10000,0.938,0.139,23759,9507,0.000544819,0,0.400143
664,10000,1.25231,1,1.77828,0.00320903,0.00251189,0.00398107,0.0702678,0.05,0.1,0.350427,0.3,0.4,5.71717e-06,4.90681e+09,2.56514e+06,1.76917e+08,0.01,0.95,10,10000,0.938,0.139,19791,13571,0.000456003,0,0.685716
665,10000,1.27125,1,1.77828,0.00319516,0.00251189,0.00398107,0.0712531,0.05,0.1,0.447616,0.4,0.5,5.71717e-06,3.70682e+09,1.93196e+06,1.33651e+08,0.01,0.95,10,10000,0.938,0.139,14951,12259,0.000479785,0,0.819945
666,10000,1.27692,1,1.77828,0.00318665,0.00251189,0.00398107,0.071854,0.05,0.1,0.54716,0.5,0.6,5.71717e-06,2.57724e+09,1.54645e+06,9.29239e+07,0.01,0.95,10,10000,0.938,0.139,10395,8937,0.000561925,0,0.85974
667,10000,1.2851,1,1.77828,0.00319644,0.00251189,0.00398107,0.0720322,0.05,0.1,0.646475,0.6,0.7,5.71717e-06,1.70205e+09,1.22244e+06,6.13682e+07,0.01,0.95,10,10000,0.938,0.139,6865,6089,0.000680771,0,0.886963
668,10000,1.29307,1,1.77828,0.00319152,0.00251189,0.00398107,0.0719422,0.05,0.1,0.746297,0.7,0.8,5.71717e-06,1.14073e+09,977293,4.11297e+07,0.01,0.95,10,10000,0.938,0.139,4601,4189,0.000820765,0,0.910454
669,10000,1.29805,1,1.77828,0.0031798,0.00251189,0.00398107,0.0724776,0.05,0.1,0.846263,0.8,0.9,5.71717e-06,7.30157e+08,774242,2.63262e+07,0.01,0.95,10,10000,0.938,0.139,2945,2710,0.00102044,0,0.920204
670,10000,1.29766,1,1.77828,0.00316384,0.00251189,0.00398107,0.0730757,0.05,0.1,0.946962,0.9,1,5.71717e-06,4.50243e+08,606332,1.62337e+07,0.01,0.95,10,10000,0.938,0.139,1816,1676,0.00129759,0,0.922907
671,10000,1.31157,1,1.77828,0.00316241,0.00251189,0.00398107,0.0735534,0.05,0.1,1.16199,1,1.5,2.85858e-05,1.36511e+08,150612,4.92197e+06,0.01,0.95,10,10000,0.938,0.139,2753,2517,0.00105884,0,0.914275
672,10000,1.52391,1,1.77828,0.00323871,0.00251189,0.00398107,0.132868,0.1,0.15,0.0793199,0,0.1,5.71717e-06,7.57678e+08,5.2346e+06,2.73185e+07,0.01,0.95,10,10000,0.938,0.139,3056,116,0.00493225,0,0.0379581
673,10000,1.39309,1,1.77828,0.00316084,0.00251189,0.00398107,0.125306,0.1,0.15,0.161195,0.1,0.2,5.71717e-06,2.05064e+09,4.26945e+06,7.39368e+07,0.01,0.95,10,10000,0.938,0.139,8271,1207,0.00152905,0,0.145932
674,10000,1.29493,1,1.77828,0.00321598,0.00251189,0.00398107,0.122671,0.1,0.15,0.255087,0.2,0.3,5.71717e-06,2.75526e+09,3.18349e+06,9.93423e+07,0.01,0.95,10,10000,0.938,0.139,11113,3552,0.000891328,0,0.319626
675,10000,1.28159,1,1.77828,0.00320265,0.00251189,0.00398107,0.122377,0.1,0.15,0.351844,0.3,0.4,5.71717e-06,2.57179e+09,2.28301e+06,9.27272e+07,0.01,0.95,10,10000,0.938,0.139,10373,5324,0.000728039,0,0.513256
676,10000,1.27591,1,1.77828,0.00320252,0.00251189,0.00398107,0.121837,0.1,0.15,0.448157,0.4,0.5,5.71717e-06,1.97601e+09,1.64916e+06,7.12461e+07,0.01,0.95,10,10000,0.938,0.139,7970,5372,0.00072478,0,0.674028
677,10000,1.27221,1,1.77828,0.00319335,0.00251189,0.00398107,0.122237,0.1,0.15,0.547408,0.5,0.6,5.71717e-06,1.42858e+09,1.22968e+06,5.15082e+07,0.01,0.95,10,10000,0.938,0.139,5762,4586,0.000784435,0,0.795904
678,10000,1.27778,1,1.77828,0.0031914,0.00251189,0.00398107,0.122741,0.1,0.15,0.646844,0.6,0.7,5.71717e-06,9.78832e+08,992037,3.52923e+07,0.01,0.95,10,10000,0.938,0.139,3948,3240,0.000933257,0,0.820669
679,10000,1.27575,1,1.77828,0.00319846,0.00251189,0.00398107,0.123156,0.1,0.15,0.746414,0.7,0.8,5.71717e-06,6.34704e+08,773874,2.28846e+07,0.01,0.95,10,10000,0.938,0.139,2560,2180,0.00113775,0,0.851562
680,10000,1.27867,1,1.77828,0.0031905,0.00251189,0.00398107,0.122985,0.1,0.15,0.845218,0.8,0.9,5.71717e-06,4.3264e+08,619099,1.55991e+07,0.01,0.95,10,10000,0.938,0.139,1745,1540,0.00135367,0,0.882521
681,10000,1.2797,1,1.77828,0.00318687,0.00251189,0.00398107,0.122051,0.1,0.15,0.947164,0.9,1,5.71717e-06,2.78675e+08,497750,1.00478e+07,0.01,0.95,10,10000,0.938,0.139,1124,990,0.00168833,0,0.880783
682,10000,1.29563,1,1.77828,0.00318483,0.00251189,0.00398107,0.123325,0.1,0.15,1.17162,1,1.5,2.85858e-05,9.77345e+07,132304,3.52387e+06,0.01,0.95,10,10000,0.938,0.139,1971,1729,0.00127755,0,0.87722
683,10000,1.42752,1,1.77828,0.00322323,0.00251189,0.00398107,0.17655,0.15,0.2,0.0715352,0,0.1,5.71717e-06,3.87021e+08,1.65136e+06,1.39542e+07,0.01,0.95,10,10000,0.938,0.139,1561,282,0.00316337,0,0.180653
684,10000,1.36873,1,1.77828,0.00315983,0.00251189,0.00398107,0.17454,0.15,0.2,0.156734,0.1,0.2,5.71717e-06,1.11395e+09,2.34438e+06,4.01642e+07,0.01,0.95,10,10000,0.938,0.139,4493,1116,0.00159016,0,0.248386
685,10000,1.3216,1,1.77828,0.00319009,0.00251189,0.00398107,0.173135,0.15,0.2,0.253831,0.2,0.3,5.71717e-06,1.55056e+09,2.24035e+06,5.59063e+07,0.01,0.95,10,10000,0.938,0.139,6254,2223,0.00112669,0,0.355453
686,10000,1.2998,1,1.77828,0.00317655,0.00251189,0.00398107,0.172983,0.15,0.2,0.350698,0.3,0.4,5.71717e-06,1.54833e+09,1.81377e+06,5.58258e+07,0.01,0.95,10,10000,0.938,0.139,6245,3094,0.000955023,0,0.495436
687,10000,1.28824,1,1.77828,0.00321006,0.00251189,0.00398107,0.173003,0.15,0.2,0.449384,0.4,0.5,5.71717e-06,1.25032e+09,1.42694e+06,4.50808e+07,0.01,0.95,10,10000,0.938,0.139,5043,3031,0.000964897,0,0.601031
688,10000,1.29267,1,1.77828,0.00318899,0.00251189,0.00398107,0.173465,0.15,0.2,0.547693,0.5,0.6,5.71717e-06,9.29494e+08,1.08693e+06,3.35134e+07,0.01,0.95,10,10000,0.938,0.139,3749,2662,0.0010296,0,0.710056
689,10000,1.28515,1,1.77828,0.00319409,0.00251189,0.00398107,0.173334,0.15,0.2,0.647314,0.6,0.7,5.71717e-06,6.3991e+08,860528,2.30723e+07,0.01,0.95,10,10000,0.938,0.139,2581,1945,0.00120452,0,0.753584
690,10000,1.27924,1,1.77828,0.00318084,0.00251189,0.00398107,0.173133,0.15,0.2,0.74737,0.7,0.8,5.71717e-06,4.25698e+08,661795,1.53488e+07,0.01,0.95,10,10000,0.938,0.139,1717,1390,0.00142484,0,0.809552
691,10000,1.29337,1,1.77828,0.00318046,0.00251189,0.00398107,0.172746,0.15,0.2,0.846058,0.8,0.9,5.71717e-06,2.72476e+08,533837,9.82428e+06,0.01,0.95,10,10000,0.938,0.139,1099,881,0.00178972,0,0.801638
692,10000,1.27932,1,1.77828,0.00317665,0.00251189,0.00398107,0.173302,0.15,0.2,0.948699,0.9,1,5.71717e-06,1.94378e+08,454187,7.0084e+06,0.01,0.95,10,10000,0.938,0.139,784,623,0.00212829,0,0.794643
693,10000,1.28079,1,1.77828,0.00321059,0.00251189,0.00398107,0.173607,0.15,0.2,1.1761,1,1.5,2.85858e-05,6.51563e+07,110796,2.34924e+06,0.01,0.95,10,10000,0.938,0.139,1314,1120,0.00158732,0,0.852359
694,10000,1.35892,1,1.77828,0.00321066,0.00251189,0.00398107,0.224899,0.2,0.25,0.0676177,0,0.1,5.71717e-06,2.36774e+08,843100,8.53702e+06,0.01,0.95,10,10000,0.938,0.139,955,361,0.00279589,0,0.37801
695,10000,1.35988,1,1.77828,0.00315459,0.00251189,0.00398107,0.224531,0.2,0.25,0.155765,0.1,0.2,5.71717e-06,6.74621e+08,1.44531e+06,2.43238e+07,0.01,0.95,10,10000,0.938,0.139,2721,1003,0.00167735,0,0.368614
696,10000,1.31901,1,1.77828,0.00319,0.00251189,0.00398107,0.224483,0.2,0.25,0.252863,0.2,0.3,5.71717e-06,9.3842e+08,1.53422e+06,3.38352e+07,0.01,0.95,10,10000,0.938,0.139,3785,1651,0.00130738,0,0.436196
697,10000,1.3121,1,1.77828,0.00318887,0.00251189,0.00398107,0.223869,0.2,0.25,0.35071,0.3,0.4,5.71717e-06,1.00263e+09,1.42761e+06,3.61505e+07,0.01,0.95,10,10000,0.938,0.139,4044,2071,0.0011673,0,0.512117
698,10000,1.29274,1,1.77828,0.00317529,0.00251189,0.00398107,0.224239,0.2,0.25,0.448343,0.4,0.5,5.71717e-06,8.38007e+08,1.16964e+06,3.02148e+07,0.01,0.95,10,10000,0.938,0.139,3380,2028,0.00117961,0,0.6
699,10000,1.29284,1,1.77828,0.003168,0.00251189,0.00398107,0.223734,0.2,0.25,0.547614,0.5,0.6,5.71717e-06,6.32225e+08,938497,2.27952e+07,0.01,0.95,10,10000,0.938,0.139,2550,1705,0.00128651,0,0.668627
700,10000,1.28805,1,1.77828,0.00316616,0.00251189,0.00398107,0.223689,0.2,0.25,0.648026,0.6,0.7,5.71717e-06,4.27929e+08,726694,1.54292e+07,0.01,0.95,10,10000,0.938,0.139,1726,1249,0.00150312,0,0.723638
701,10000,1.28661,1,1.77828,0.00320729,0.00251189,0.00398107,0.224147,0.2,0.25,0.745829,0.7,0.8,5.71717e-06,2.95286e+08,575527,1.06467e+07,0.01,0.95,10,10000,0.938,0.139,1191,915,0.00175616,0,0.768262
702,10000,1.28168,1,1.77828,0.00319573,0.00251189,0.00398107,0.223927,0.2,0.25,0.845651,0.8,0.9,5.71717e-06,2.0132e+08,487713,7.2587e+06,0.01,0.95,10,10000,0.938,0.139,812,604,0.0021615,0,0.743842
703,10000,1.28179,1,1.77828,0.00319175,0.00251189,0.00398107,0.224112,0.2,0.25,0.946659,0.9,1,5.71717e-06,1.33387e+08,376621,4.80934e+06,0.01,0.95,10,10000,0.938,0.139,538,427,0.00257075,0,0.79368
704,10000,1.27442,1,1.77828,0.00319022,0.00251189,0.00398107,0.22422,0.2,0.25,1.17586,1,1.5,2.85858e-05,4.8297e+07,102340,1.74137e+06,0.01,0.95,10,10000,0.938,0.139,974,764,0.00192188,0,0.784394
705,10000,1.32771,1,1.77828,0.00316694,0.00251189,0.00398107,0.274196,0.25,0.3,0.0658861,0,0.1,5.71717e-06,1.60659e+08,538532,5.79266e+06,0.01,0.95,10,10000,0.938,0.139,648,362,0.00279203,0,0.558642
706,10000,1.36902,1,1.77828,0.00316216,0.00251189,0.00398107,0.274299,0.25,0.3,0.152975,0.1,0.2,5.71717e-06,4.17516e+08,946625,1.50538e+07,0.01,0.95,10,10000,0.938,0.139,1684,828,0.00184612,0,0.491686
707,10000,1.33143,1,1.77828,0.00318618,0.00251189,0.00398107,0.273027,0.25,0.3,0.252091,0.2,0.3,5.71717e-06,6.31481e+08,1.15339e+06,2.27684e+07,0.01,0.95,10,10000,0.938,0.139,2547,1270,0.00149064,0,0.498626
708,10000,1.29993,1,1.77828,0.00318664,0.00251189,0.00398107,0.273339,0.25,0.3,0.349849,0.3,0.4,5.71717e-06,6.75365e+08,1.13928e+06,2.43506e+07,0.01,0.95,10,10000,0.938,0.139,2724,1454,0.00139313,0,0.533774
709,10000,1.30978,1,1.77828,0.00317693,0.00251189,0.00398107,0.274423,0.25,0.3,0.448886,0.4,0.5,5.71717e-06,5.93051e+08,985031,2.13828e+07,0.01,0.95,10,10000,0.938,0.139,2392,1433,0.0014033,0,0.59908
710,10000,1.29861,1,1.77828,0.00317358,0.00251189,0.00398107,0.273407,0.25,0.3,0.548805,0.5,0.6,5.71717e-06,4.74788e+08,827044,1.71187e+07,0.01,0.95,10,10000,0.938,0.139,1915,1252,0.00150131,0,0.653786
711,10000,1.29987,1,1.77828,0.00315205,0.00251189,0.00398107,0.273047,0.25,0.3,0.646463,0.6,0.7,5.71717e-06,3.26277e+08,661687,1.17641e+07,0.01,0.95,10,10000,0.938,0.139,1316,902,0.00176877,0,0.68541
712,10000,1.28551,1,1.77828,0.00319887,0.00251189,0.00398107,0.272171,0.25,0.3,0.747624,0.7,0.8,5.71717e-06,2.30576e+08,509429,8.31354e+06,0.01,0.95,10,10000,0.938,0.139,930,713,0.00198943,0,0.766667
713,10000,1.29598,1,1.77828,0.00321388,0.00251189,0.00398107,0.274327,0.25,0.3,0.848568,0.8,0.9,5.71717e-06,1.58676e+08,440367,5.72114e+06,0.01,0.95,10,10000,0.938,0.139,640,466,0.00246083,0,0.728125
714,10000,1.27768,1,1.77828,0.00317105,0.00251189,0.00398107,0.274351,0.25,0.3,0.945365,0.9,1,5.71717e-06,1.0066e+08,347609,3.62935e+06,0.01,0.95,10,10000,0.938,0.139,406,299,0.00307212,0,0.736453
715,10000,1.28317,1,1.77828,0.00321177,0.00251189,0.00398107,0.275069,0.25,0.3,1.18557,1,1.5,2.85858e-05,3.92227e+07,96062.3,1.4142e+06,0.01,0.95,10,10000,0.938,0.139,791,590,0.002187,0,0.745891
716,10000,1.29292,1,1.77828,0.00317156,0.00251189,0.00398107,0.34756,0.3,0.4,0.0657865,0,0.1,1.14343e-05,8.71478e+07,232503,3.14216e+06,0.01,0.95,10,10000,0.938,0.139,703,507,0.00235923,0,0.721195
717,10000,1.32571,1,1.77828,0.0031758,0.00251189,0.00398107,0.345514,0.3,0.4,0.156039,0.1,0.2,1.14343e-05,2.47931e+08,433788,8.93929e+06,0.01,0.95,10,10000,0.938,0.139,2000,1262,0.00149535,0,0.631
718,10000,1.32503,1,1.77828,0.00319129,0.00251189,0.00398107,0.345653,0.3,0.4,0.251741,0.2,0.3,1.14343e-05,3.62351e+08,537883,1.30648e+07,0.01,0.95,10,10000,0.938,0.139,2923,1781,0.00125876,0,0.609306
719,10000,1.30592,1,1.77828,0.00320106,0.00251189,0.00398107,0.345668,0.3,0.4,0.348767,0.3,0.4,1.14343e-05,4.00905e+08,572977,1.44548e+07,0.01,0.95,10,10000,0.938,0.139,3234,1936,0.00120732,0,0.598639
720,10000,1.3027,1,1.77828,0.00316087,0.00251189,0.00398107,0.345256,0.3,0.4,0.448743,0.4,0.5,1.14343e-05,3.65822e+08,551695,1.31899e+07,0.01,0.95,10,10000,0.938,0.139,2951,1747,0.00127095,0,0.592003
721,10000,1.30117,1,1.77828,0.00317463,0.00251189,0.00398107,0.344408,0.3,0.4,0.548385,0.5,0.6,1.14343e-05,3.02228e+08,486167,1.0897e+07,0.01,0.95,10,10000,0.938,0.139,2438,1507,0.00136841,0,0.61813
722,10000,1.29604,1,1.77828,0.00315973,0.00251189,0.00398107,0.344651,0.3,0.4,0.648002,0.6,0.7,1.14343e-05,2.21527e+08,390081,7.98725e+06,0.01,0.95,10,10000,0.938,0.139,1787,1206,0.00152968,0,0.674874
723,10000,1.2906,1,1.77828,0.00318104,0.00251189,0.00398107,0.345687,0.3,0.4,0.748812,0.7,0.8,1.14343e-05,1.55577e+08,321432,5.6094e+06,0.01,0.95,10,10000,0.938,0.139,1255,866,0.00180516,0,0.69004
724,10000,1.29103,1,1.77828,0.00319333,0.00251189,0.00398107,0.346729,0.3,0.4,0.846169,0.8,0.9,1.14343e-05,9.44618e+07,233209,3.40587e+06,0.01,0.95,10,10000,0.938,0.139,762,576,0.00221341,0,0.755906
725,10000,1.30264,1,1.77828,0.00321204,0.00251189,0.00398107,0.346382,0.3,0.4,0.947335,0.9,1,1.14343e-05,7.28918e+07,206152,2.62815e+06,0.01,0.95,10,10000,0.938,0.139,588,441,0.00252962,0,0.75
726,10000,1.29917,1,1.77828,0.003189,0.00251189,0.00398107,0.345876,0.3,0.4,1.18827,1,1.5,5.71717e-05,2.79418e+07,58246.7,1.00746e+06,0.01,0.95,10,10000,0.938,0.139,1127,824,0.00185059,0,0.731145
727,10000,1.28349,1,1.77828,0.00319097,0.00251189,0.00398107,0.446495,0.4,0.5,0.0644561,0,0.1,1.14343e-05,4.66111e+07,158934,1.68059e+06,0.01,0.95,10,10000,0.938,0.139,376,295,0.00309288,0,0.784574
728,10000,1.29202,1,1.77828,0.0032005,0.00251189,0.00398107,0.445559,0.4,0.5,0.153472,0.1,0.2,1.14343e-05,1.25453e+08,260470,4.52328e+06,0.01,0.95,10,10000,0.938,0.139,1012,795,0.00188404,0,0.785573
729,10000,1.30451,1,1.77828,0.00317132,0.00251189,0.00398107,0.446837,0.4,0.5,0.251589,0.2,0.3,1.14343e-05,1.79874e+08,333644,6.48545e+06,0.01,0.95,10,10000,0.938,0.139,1451,1048,0.00164094,0,0.722261
730,10000,1.30615,1,1.77828,0.00318011,0.00251189,0.00398107,0.446283,0.4,0.5,0.350525,0.3,0.4,1.14343e-05,1.95122e+08,360510,7.03522e+06,0.01,0.95,10,10000,0.938,0.139,1574,1084,0.00161346,0,0.688691
731,10000,1.30552,1,1.77828,0.00321297,0.00251189,0.00398107,0.444635,0.4,0.5,0.448837,0.4,0.5,1.14343e-05,1.93262e+08,376468,6.96817e+06,0.01,0.95,10,10000,0.938,0.139,1559,1007,0.00167401,0,0.645927
732,10000,1.30611,1,1.77828,0.00316374,0.00251189,0.00398107,0.445518,0.4,0.5,0.548588,0.5,0.6,1.14343e-05,1.73552e+08,357424,6.2575e+06,0.01,0.95,10,10000,0.938,0.139,1400,902,0.00176877,0,0.644286
733,10000,1.28583,1,1.77828,0.00317173,0.00251189,0.00398107,0.445802,0.4,0.5,0.648635,0.6,0.7,1.14343e-05,1.32643e+08,314620,4.78252e+06,0.01,0.95,10,10000,0.938,0.139,1070,683,0.00203265,0,0.638318
734,10000,1.28546,1,1.77828,0.00317777,0.00251189,0.00398107,0.445974,0.4,0.5,0.746436,0.7,0.8,1.14343e-05,8.87594e+07,257381,3.20026e+06,0.01,0.95,10,10000,0.938,0.139,716,457,0.00248494,0,0.638268
735,10000,1.31382,1,1.77828,0.00316603,0.00251189,0.00398107,0.446043,0.4,0.5,0.848224,0.8,0.9,1.14343e-05,6.06192e+07,199032,2.18566e+06,0.01,0.95,10,10000,0.938,0.139,489,341,0.00287671,0,0.697342
736,10000,1.2944,1,1.77828,0.00318557,0.00251189,0.00398107,0.446344,0.4,0.5,0.946192,0.9,1,1.14343e-05,4.17764e+07,159969,1.50627e+06,0.01,0.95,10,10000,0.938,0.139,337,245,0.00339384,0,0.727003
737,10000,1.31753,1,1.77828,0.00316658,0.00251189,0.00398107,0.449316,0.4,0.5,1.17891,1,1.5,5.71717e-05,1.79254e+07,47759.1,646310,0.01,0.95,10,10000,0.938,0.139,723,513,0.00234539,0,0.709544
738,10000,1.27156,1,1.77828,0.00322497,0.00251189,0.00398107,0.547618,0.5,0.6,0.0654879,0,0.1,1.14343e-05,2.21898e+07,103157,800066,0.01,0.95,10,10000,0.938,0.139,179,151,0.004323,0,0.843575
739,10000,1.28563,1,1.77828,0.00319442,0.00251189,0.00398107,0.544436,0.5,0.6,0.152373,0.1,0.2,1.14343e-05,6.50819e+07,174910,2.34656e+06,0.01,0.95,10,10000,0.938,0.139,525,448,0.00250978,0,0.853333
740,10000,1.28892,1,1.77828,0.00318676,0.00251189,0.00398107,0.546336,0.5,0.6,0.24968,0.2,0.3,1.14343e-05,9.47097e+07,221176,3.41481e+06,0.01,0.95,10,10000,0.938,0.139,764,617,0.00213861,0,0.807592
741,10000,1.29527,1,1.77828,0.00316759,0.00251189,0.00398107,0.544467,0.5,0.6,0.349814,0.3,0.4,1.14343e-05,1.0971e+08,242495,3.95563e+06,0.01,0.95,10,10000,0.938,0.139,885,699,0.00200926,0,0.789831
742,10000,1.29403,1,1.77828,0.00316519,0.00251189,0.00398107,0.547951,0.5,0.6,0.44824,0.4,0.5,1.14343e-05,1.05867e+08,263885,3.81708e+06,0.01,0.95,10,10000,0.938,0.139,854,593,0.00218146,0,0.694379
743,10000,1.30026,1,1.77828,0.00319315,0.00251189,0.00398107,0.545391,0.5,0.6,0.548601,0.5,0.6,1.14343e-05,9.34701e+07,256747,3.37011e+06,0.01,0.95,10,10000,0.938,0.139,754,500,0.00237569,0,0.66313
744,10000,1.30052,1,1.77828,0.00314917,0.00251189,0.00398107,0.545272,0.5,0.6,0.646674,0.6,0.7,1.14343e-05,8.49164e+07,249321,3.06171e+06,0.01,0.95,10,10000,0.938,0.139,685,443,0.0025239,0,0.646715
745,10000,1.29305,1,1.77828,0.00315507,0.00251189,0.00398107,0.546551,0.5,0.6,0.747352,0.7,0.8,1.14343e-05,6.26026e+07,234311,2.25717e+06,0.01,0.95,10,10000,0.938,0.139,505,288,0.00313024,0,0.570297
746,10000,1.25973,1,1.77828,0.00315524,0.00251189,0.00398107,0.543625,0.5,0.6,0.847401,0.8,0.9,1.14343e-05,4.80986e+07,196814,1.73422e+06,0.01,0.95,10,10000,0.938,0.139,388,235,0.00346529,0,0.60567
747,10000,1.29605,1,1.77828,0.00320649,0.00251189,0.00398107,0.543491,0.5,0.6,0.945424,0.9,1,1.14343e-05,3.17352e+07,143711,1.14423e+06,0.01,0.95,10,10000,0.938,0.139,256,179,0.00397052,0,0.699219
748,10000,1.30865,1,1.77828,0.00319769,0.00251189,0.00398107,0.548083,0.5,0.6,1.18758,1,1.5,5.71717e-05,1.24957e+07,41261.4,450540,0.01,0.95,10,10000,0.938,0.139,504,342,0.00287251,0,0.678571
749,10000,1.23937,1,1.77828,0.00317234,0.00251189,0.00398107,0.644336,0.6,0.7,0.0655786,0,0.1,1.14343e-05,1.22726e+07,71050,442495,0.01,0.95,10,10000,0.938,0.139,99,91,0.00556869,0,0.919192
750,10000,1.2671,1,1.77828,0.00317205,0.00251189,0.00398107,0.64567,0.6,0.7,0.157041,0.1,0.2,1.14343e-05,3.30988e+07,124659,1.19339e+06,0.01,0.95,10,10000,0.938,0.139,267,228,0.00351809,0,0.853933
751,10000,1.2935,1,1.77828,0.00317811,0.00251189,0.00398107,0.6431,0.6,0.7,0.252289,0.2,0.3,1.14343e-05,4.48755e+07,135767,1.61801e+06,0.01,0.95,10,10000,0.938,0.139,362,333,0.00291106,0,0.91989
752,10000,1.28779,1,1.77828,0.00323215,0.00251189,0.00398107,0.64518,0.6,0.7,0.349432,0.3,0.4,1.14343e-05,5.38011e+07,158040,1.93983e+06,0.01,0.95,10,10000,0.938,0.139,434,373,0.00275055,0,0.859447
753,10000,1.2998,1,1.77828,0.00321665,0.00251189,0.00398107,0.64571,0.6,0.7,0.449062,0.4,0.5,1.14343e-05,5.82638e+07,172168,2.10073e+06,0.01,0.95,10,10000,0.938,0.139,470,383,0.0027144,0,0.814894
754,10000,1.28365,1,1.77828,0.00317384,0.00251189,0.00398107,0.645424,0.6,0.7,0.547173,0.5,0.6,1.14343e-05,5.38011e+07,182226,1.93983e+06,0.01,0.95,10,10000,0.938,0.139,434,314,0.00299784,0,0.723502
755,10000,1.30802,1,1.77828,0.00319469,0.00251189,0.00398107,0.648185,0.6,0.7,0.650287,0.6,0.7,1.14343e-05,4.6735e+07,185419,1.68506e+06,0.01,0.95,10,10000,0.938,0.139,377,243,0.00340777,0,0.644562
756,10000,1.27632,1,1.77828,0.00322833,0.00251189,0.00398107,0.64697,0.6,0.7,0.746506,0.7,0.8,1.14343e-05,3.80574e+07,191928,1.37218e+06,0.01,0.95,10,10000,0.938,0.139,307,163,0.00416083,0,0.530945
757,10000,1.25563,1,1.77828,0.00319247,0.00251189,0.00398107,0.648799,0.6,0.7,0.850283,0.8,0.9,1.14343e-05,2.80162e+07,149333,1.01014e+06,0.01,0.95,10,10000,0.938,0.139,226,138,0.00452204,0,0.610619
758,10000,1.26839,1,1.77828,0.00319555,0.00251189,0.00398107,0.650279,0.6,0.7,0.948057,0.9,1,1.14343e-05,2.36774e+07,148798,853702,0.01,0.95,10,10000,0.938,0.139,191,104,0.00520904,0,0.544503
759,10000,1.32184,1,1.77828,0.0031934,0.00251189,0.00398107,0.650681,0.6,0.7,1.2101,1,1.5,5.71717e-05,9.57014e+06,37613.1,345056,0.01,0.95,10,10000,0.938,0.139,386,248,0.00337325,0,0.642487
760,10000,1.27935,1,1.77828,0.00310026,0.00251189,0.00398107,0.748538,0.7,0.8,0.0700568,0,0.1,1.14343e-05,5.82638e+06,51329.9,210073,0.01,0.95,10,10000,0.938,0.139,47,41,0.00829625,0,0.87234
761,10000,1.33381,1,1.77828,0.00312634,0.00251189,0.00398107,0.743821,0.7,0.8,0.154121,0.1,0.2,1.14343e-05,1.73552e+07,85523,625750,0.01,0.95,10,10000,0.938,0.139,140,127,0.00471381,0,0.907143
762,10000,1.28851,1,1.77828,0.00320806,0.00251189,0.00398107,0.74409,0.7,0.8,0.25232,0.2,0.3,1.14343e-05,2.85121e+07,115908,1.02802e+06,0.01,0.95,10,10000,0.938,0.139,230,196,0.00379442,0,0.852174
763,10000,1.27893,1,1.77828,0.00316094,0.00251189,0.00398107,0.746887,0.7,0.8,0.351558,0.3,0.4,1.14343e-05,3.21071e+07,128348,1.15764e+06,0.01,0.95,10,10000,0.938,0.139,259,210,0.00366576,0,0.810811
764,10000,1.2924,1,1.77828,0.00314895,0.00251189,0.00398107,0.747334,0.7,0.8,0.4469,0.4,0.5,1.14343e-05,3.35947e+07,126740,1.21127e+06,0.01,0.95,10,10000,0.938,0.139,271,229,0.0035104,0,0.845018
765,10000,1.26344,1,1.77828,0.00324126,0.00251189,0.00398107,0.745507,0.7,0.8,0.54685,0.5,0.6,1.14343e-05,2.77683e+07,117514,1.0012e+06,0.01,0.95,10,10000,0.938,0.139,224,185,0.0039056,0,0.825893
766,10000,1.31248,1,1.77828,0.00318681,0.00251189,0.00398107,0.741391,0.7,0.8,0.644733,0.6,0.7,1.14343e-05,2.47931e+07,130481,893929,0.01,0.95,10,10000,0.938,0.139,200,135,0.00457201,0,0.675
767,10000,1.30313,1,1.77828,0.00319853,0.00251189,0.00398107,0.746735,0.7,0.8,0.743493,0.7,0.8,1.14343e-05,2.45452e+07,145740,884989,0.01,0.95,10,10000,0.938,0.139,198,114,0.00497533,0,0.575758
768,10000,1.26277,1,1.77828,0.00314823,0.00251189,0.00398107,0.751901,0.7,0.8,0.849241,0.8,0.9,1.14343e-05,2.09502e+07,136918,755370,0.01,0.95,10,10000,0.938,0.139,169,95,0.0054502,0,0.56213
769,10000,1.26936,1,1.77828,0.00327096,0.00251189,0.00398107,0.748051,0.7,0.8,0.943688,0.9,1,1.14343e-05,1.48759e+07,123574,536357,0.01,0.95,10,10000,0.938,0.139,120,61,0.00680157,0,0.508333
770,10000,1.30962,1,1.77828,0.00311944,0.00251189,0.00398107,0.749832,0.7,0.8,1.21934,1,1.5,5.71717e-05,7.48752e+06,35128.1,269966,0.01,0.95,10,10000,0.938,0.139,302,180,0.00395948,0,0.596026
771,10000,1.24025,1,1.77828,0.00305714,0.00251189,0.00398107,0.842852,0.8,0.9,0.0650472,0,0.1,1.14343e-05,2.72724e+06,32325.2,98332.1,0.01,0.95,10,10000,0.938,0.139,22,21,0.0115922,0,0.954545
772,10000,1.27805,1,1.77828,0.00303345,0.00251189,0.00398107,0.847525,0.8,0.9,0.156891,0.1,0.2,1.14343e-05,6.94207e+06,52935,250300,0.01,0.95,10,10000,0.938,0.139,56,52,0.00736669,0,0.928571
773,10000,1.24772,1,1.77828,0.00319261,0.00251189,0.00398107,0.844518,0.8,0.9,0.256179,0.2,0.3,1.14343e-05,1.17767e+07,68375.8,424616,0.01,0.95,10,10000,0.938,0.139,95,89,0.00563091,0,0.936842
774,10000,1.29357,1,1.77828,0.00319133,0.00251189,0.00398107,0.844746,0.8,0.9,0.353768,0.3,0.4,1.14343e-05,1.48759e+07,80426.6,536357,0.01,0.95,10,10000,0.938,0.139,120,107,0.00513549,0,0.891667
775,10000,1.25224,1,1.77828,0.00326621,0.00251189,0.00398107,0.841915,0.8,0.9,0.450804,0.4,0.5,1.14343e-05,1.53717e+07,91493.1,554236,0.01,0.95,10,10000,0.938,0.139,124,97,0.00539372,0,0.782258
776,10000,1.27881,1,1.77828,0.00319503,0.00251189,0.00398107,0.840953,0.8,0.9,0.545346,0.5,0.6,1.14343e-05,1.71073e+07,94318.1,616811,0.01,0.95,10,10000,0.938,0.139,138,111,0.00504211,0,0.804348
777,10000,1.28243,1,1.77828,0.00321682,0.00251189,0.00398107,0.844817,0.8,0.9,0.644273,0.6,0.7,1.14343e-05,1.47519e+07,99084.1,531888,0.01,0.95,10,10000,0.938,0.139,119,82,0.00586634,0,0.689076
778,10000,1.29098,1,1.77828,0.00327971,0.00251189,0.00398107,0.8402,0.8,0.9,0.746043,0.7,0.8,1.14343e-05,1.33883e+07,103172,482721,0.01,0.95,10,10000,0.938,0.139,108,66,0.00653886,0,0.611111
779,10000,1.27094,1,1.77828,0.0031941,0.00251189,0.00398107,0.837748,0.8,0.9,0.852147,0.8,0.9,1.14343e-05,1.17767e+07,91131.5,424616,0.01,0.95,10,10000,0.938,0.139,95,63,0.00669274,0,0.663158
780,10000,1.30959,1,1.77828,0.003135,0.00251189,0.00398107,0.848008,0.8,0.9,0.943377,0.9,1,1.14343e-05,1.26445e+07,126826,455904,0.01,0.95,10,10000,0.938,0.139,102,44,0.00800843,0,0.431373
781,10000,1.32575,1,1.77828,0.00317567,0.00251189,0.00398107,0.848873,0.8,0.9,1.24856,1,1.5,5.71717e-05,7.61149e+06,39203.8,274436,0.01,0.95,10,10000,0.938,0.139,307,158,0.00422615,0,0.514658
782,10000,1.26284,1,1.77828,0.00321119,0.00251189,0.00398107,0.953733,0.9,1,0.0796606,0,0.1,1.14343e-05,1.23966e+06,23022.4,44696.4,0.01,0.95,10,10000,0.938,0.139,10,9,0.0177073,0,0.9
783,10000,1.31067,1,1.77828,0.00302622,0.00251189,0.00398107,0.939801,0.9,1,0.158253,0.1,0.2,1.14343e-05,4.3388e+06,41252.8,156438,0.01,0.95,10,10000,0.938,0.139,35,33,0.00924734,0,0.942857
784,10000,1.27612,1,1.77828,0.00307305,0.00251189,0.00398107,0.941525,0.9,1,0.247638,0.2,0.3,1.14343e-05,4.95862e+06,49704.7,178786,0.01,0.95,10,10000,0.938,0.139,40,33,0.00924734,0,0.825
785,10000,1.24706,1,1.77828,0.00318084,0.00251189,0.00398107,0.942544,0.9,1,0.356654,0.3,0.4,1.14343e-05,6.57018e+06,53714.3,236891,0.01,0.95,10,10000,0.938,0.139,53,47,0.00774863,0,0.886792
786,10000,1.29483,1,1.77828,0.00320167,0.00251189,0.00398107,0.942431,0.9,1,0.450416,0.4,0.5,1.14343e-05,6.94207e+06,52935,250300,0.01,0.95,10,10000,0.938,0.139,56,52,0.00736669,0,0.928571
787,10000,1.30032,1,1.77828,0.00314783,0.00251189,0.00398107,0.940733,0.9,1,0.551385,0.5,0.6,1.14343e-05,7.43794e+06,63571.6,268179,0.01,0.95,10,10000,0.938,0.139,60,47,0.00774863,0,0.783333
788,10000,1.23355,1,1.77828,0.00314544,0.00251189,0.00398107,0.94099,0.9,1,0.654548,0.6,0.7,1.14343e-05,6.32225e+06,61032.1,227952,0.01,0.95,10,10000,0.938,0.139,51,38,0.00861752,0,0.745098
789,10000,1.27549,1,1.77828,0.00312389,0.00251189,0.00398107,0.938257,0.9,1,0.75409,0.7,0.8,1.14343e-05,7.31397e+06,71991.7,263709,0.01,0.95,10,10000,0.938,0.139,59,39,0.00850632,0,0.661017
790,10000,1.24242,1,1.77828,0.00325508,0.00251189,0.00398107,0.946793,0.9,1,0.838422,0.8,0.9,1.14343e-05,5.57845e+06,82644.8,201134,0.01,0.95,10,10000,0.938,0.139,45,20,0.0118784,0,0.444444
791,10000,1.28081,1,1.77828,0.00324577,0.00251189,0.00398107,0.931643,0.9,1,0.956456,0.9,1,1.14343e-05,7.06604e+06,93807.5,254770,0.01,0.95,10,10000,0.938,0.139,57,25,0.0106244,0,0.438596
792,10000,1.31402,1,1.77828,0.00317488,0.00251189,0.00398107,0.948367,0.9,1,1.24589,1,1.5,5.71717e-05,5.80159e+06,36131.5,209179,0.01,0.95,10,10000,0.938,0.139,234,111,0.00504211,0,0.474359
793,10000,1.11849,1,1.77828,0.00552938,0.00398107,0.00630957,0.0643902,0.05,0.1,0.0835553,0,0.1,9.06113e-06,1.1429e+09,5.13822e+06,4.1208e+07,0.01,0.95,10,10000,0.938,0.139,7306,274,0.00320921,0,0.0375034
794,10000,1.18362,1,1.77828,0.0052167,0.00398107,0.00630957,0.0679253,0.05,0.1,0.16316,0.1,0.2,9.06113e-06,3.00431e+09,2.75422e+06,1.08322e+08,0.01,0.95,10,10000,0.938,0.139,19205,5716,0.000702632,0,0.297631
795,10000,1.23894,1,1.77828,0.00510139,0.00398107,0.00630957,0.0692899,0.05,0.1,0.253421,0.2,0.3,9.06113e-06,3.61455e+09,1.89459e+06,1.30325e+08,0.01,0.95,10,10000,0.938,0.139,23106,14221,0.00044546,0,0.615468
796,10000,1.27028,1,1.77828,0.00507046,0.00398107,0.00630957,0.0708974,0.05,0.1,0.34943,0.3,0.4,9.06113e-06,3.03309e+09,1.4066e+06,1.0936e+08,0.01,0.95,10,10000,0.938,0.139,19389,15651,0.000424622,0,0.80721
797,10000,1.28787,1,1.77828,0.00506261,0.00398107,0.00630957,0.0719795,0.05,0.1,0.447075,0.4,0.5,9.06113e-06,2.25781e+09,1.13177e+06,8.14063e+07,0.01,0.95,10,10000,0.938,0.139,14433,12632,0.000472648,0,0.875217
798,10000,1.29576,1,1.77828,0.00502925,0.00398107,0.00630957,0.0723054,0.05,0.1,0.54647,0.5,0.6,9.06113e-06,1.52961e+09,900447,5.51508e+07,0.01,0.95,10,10000,0.938,0.139,9778,8886,0.000563535,0,0.908775
799,10000,1.29828,1,1.77828,0.00502566,0.00398107,0.00630957,0.0732792,0.05,0.1,0.646516,0.6,0.7,9.06113e-06,9.80526e+08,724683,3.53534e+07,0.01,0.95,10,10000,0.938,0.139,6268,5664,0.00070585,0,0.903638
800,10000,1.3083,1,1.77828,0.00500759,0.00398107,0.00630957,0.0732624,0.05,0.1,0.746188,0.7,0.8,9.06113e-06,6.18069e+08,572028,2.22848e+07,0.01,0.95,10,10000,0.938,0.139,3951,3593,0.000886228,0,0.90939
801,10000,1.324,1,1.77828,0.00501056,0.00398107,0.00630957,0.0737965,0.05,0.1,0.847049,0.8,0.9,9.06113e-06,3.76066e+08,440107,1.35593e+07,0.01,0.95,10,10000,0.938,0.139,2404,2219,0.0011277,0,0.923045
802,10000,1.3325,1,1.77828,0.00498173,0.00398107,0.00630957,0.0742633,0.05,0.1,0.944681,0.9,1,9.06113e-06,2.24482e+08,351843,8.09382e+06,0.01,0.95,10,10000,0.938,0.139,1435,1276,0.00148713,0,0.889199
803,10000,1.35869,1,1.77828,0.0049731,0.00398107,0.00630957,0.075689,0.05,0.1,1.15372,1,1.5,4.53056e-05,5.89755e+07,76949.5,2.12639e+06,0.01,0.95,10,10000,0.938,0.139,1885,1764,0.00126481,0,0.935809
804,10000,1.43128,1,1.77828,0.00515874,0.00398107,0.00630957,0.128625,0.1,0.15,0.0769071,0,0.1,9.06113e-06,4.61479e+08,3.23e+06,1.66389e+07,0.01,0.95,10,10000,0.938,0.139,2950,113,0.00499729,0,0.0383051
805,10000,1.25248,1,1.77828,0.00520219,0.00398107,0.00630957,0.122255,0.1,0.15,0.16593,0.1,0.2,9.06113e-06,1.30215e+09,2.23942e+06,4.69498e+07,0.01,0.95,10,10000,0.938,0.139,8324,1712,0.00128387,0,0.20567
806,10000,1.25093,1,1.77828,0.00513374,0.00398107,0.00630957,0.12138,0.1,0.15,0.254211,0.2,0.3,9.06113e-06,1.69105e+09,1.6456e+06,6.09716e+07,0.01,0.95,10,10000,0.938,0.139,10810,4672,0.000777182,0,0.432192
807,10000,1.25607,1,1.77828,0.00510062,0.00398107,0.00630957,0.1219,0.1,0.15,0.350874,0.3,0.4,9.06113e-06,1.59781e+09,1.26116e+06,5.76099e+07,0.01,0.95,10,10000,0.938,0.139,10214,6276,0.000670552,0,0.614451
808,10000,1.26436,1,1.77828,0.00507554,0.00398107,0.00630957,0.122581,0.1,0.15,0.448876,0.4,0.5,9.06113e-06,1.23786e+09,920601,4.46316e+07,0.01,0.95,10,10000,0.938,0.139,7913,6204,0.000674432,0,0.784026
809,10000,1.27475,1,1.77828,0.00506929,0.00398107,0.00630957,0.122459,0.1,0.15,0.547308,0.5,0.6,9.06113e-06,8.65078e+08,716474,3.11908e+07,0.01,0.95,10,10000,0.938,0.139,5530,4718,0.000773384,0,0.853165
810,10000,1.28673,1,1.77828,0.00505604,0.00398107,0.00630957,0.12273,0.1,0.15,0.646315,0.6,0.7,9.06113e-06,5.94448e+08,569655,2.14331e+07,0.01,0.95,10,10000,0.938,0.139,3800,3398,0.000911302,0,0.894211
811,10000,1.28163,1,1.77828,0.00506837,0.00398107,0.00630957,0.12336,0.1,0.15,0.746481,0.7,0.8,9.06113e-06,3.84983e+08,446500,1.38808e+07,0.01,0.95,10,10000,0.938,0.139,2461,2265,0.00111619,0,0.920358
812,10000,1.29688,1,1.77828,0.0050184,0.00398107,0.00630957,0.123037,0.1,0.15,0.847257,0.8,0.9,9.06113e-06,2.60931e+08,376624,9.40801e+06,0.01,0.95,10,10000,0.938,0.139,1668,1495,0.00137389,0,0.896283
813,10000,1.29988,1,1.77828,0.00504066,0.00398107,0.00630957,0.122981,0.1,0.15,0.94718,0.9,1,9.06113e-06,1.66132e+08,302776,5.98999e+06,0.01,0.95,10,10000,0.938,0.139,1062,944,0.00172897,0,0.888889
814,10000,1.30276,1,1.77828,0.00500451,0.00398107,0.00630957,0.123114,0.1,0.15,1.16178,1,1.5,4.53056e-05,5.0528e+07,71019.2,1.82181e+06,0.01,0.95,10,10000,0.938,0.139,1615,1516,0.00136435,0,0.9387
815,10000,1.50061,1,1.77828,0.00498367,0.00398107,0.00630957,0.177861,0.15,0.2,0.0664253,0,0.1,9.06113e-06,2.46852e+08,1.26237e+06,8.90038e+06,0.01,0.95,10,10000,0.938,0.139,1578,202,0.00373765,0,0.12801
816,10000,1.31523,1,1.77828,0.00512884,0.00398107,0.00630957,0.174328,0.15,0.2,0.160102,0.1,0.2,9.06113e-06,7.0489e+08,1.44702e+06,2.54152e+07,0.01,0.95,10,10000,0.938,0.139,4506,1166,0.0015557,0,0.258766
817,10000,1.28152,1,1.77828,0.00510458,0.00398107,0.00630957,0.173,0.15,0.2,0.252481,0.2,0.3,9.06113e-06,9.65821e+08,1.27395e+06,3.48232e+07,0.01,0.95,10,10000,0.938,0.139,6174,2569,0.00104807,0,0.4161
818,10000,1.28244,1,1.77828,0.0050692,0.00398107,0.00630957,0.172988,0.15,0.2,0.350453,0.3,0.4,9.06113e-06,9.86314e+08,1.10514e+06,3.5562e+07,0.01,0.95,10,10000,0.938,0.139,6305,3314,0.000922779,0,0.525615
819,10000,1.27372,1,1.77828,0.00509989,0.00398107,0.00630957,0.172977,0.15,0.2,0.449674,0.4,0.5,9.06113e-06,7.71843e+08,812560,2.78292e+07,0.01,0.95,10,10000,0.938,0.139,4934,3359,0.000916577,0,0.680786
820,10000,1.2641,1,1.77828,0.0050643,0.00398107,0.00630957,0.173534,0.15,0.2,0.547446,0.5,0.6,9.06113e-06,5.71608e+08,628797,2.06096e+07,0.01,0.95,10,10000,0.938,0.139,3654,2847,0.000995589,0,0.779146
821,10000,1.2786,1,1.77828,0.00507784,0.00398107,0.00630957,0.173423,0.15,0.2,0.648024,0.6,0.7,9.06113e-06,3.97967e+08,492544,1.43489e+07,0.01,0.95,10,10000,0.938,0.139,2544,2137,0.00114914,0,0.840016
822,10000,1.28956,1,1.77828,0.00504274,0.00398107,0.00630957,0.173724,0.15,0.2,0.746509,0.7,0.8,9.06113e-06,2.81111e+08,410554,1.01356e+07,0.01,0.95,10,10000,0.938,0.139,1797,1524,0.00136076,0,0.84808
823,10000,1.28764,1,1.77828,0.00504896,0.00398107,0.00630957,0.174537,0.15,0.2,0.844164,0.8,0.9,9.06113e-06,1.71295e+08,309537,6.17612e+06,0.01,0.95,10,10000,0.938,0.139,1095,966,0.00170917,0,0.882192
824,10000,1.28128,1,1.77828,0.00505383,0.00398107,0.00630957,0.17435,0.15,0.2,0.947992,0.9,1,9.06113e-06,1.17012e+08,242361,4.21894e+06,0.01,0.95,10,10000,0.938,0.139,748,700,0.00200782,0,0.935829
825,10000,1.29546,1,1.77828,0.00506182,0.00398107,0.00630957,0.173427,0.15,0.2,1.16767,1,1.5,4.53056e-05,3.82949e+07,62437.5,1.38074e+06,0.01,0.95,10,10000,0.938,0.139,1224,1137,0.00157541,0,0.928922
826,10000,1.41312,1,1.77828,0.00496623,0.00398107,0.00630957,0.225181,0.2,0.25,0.0636815,0,0.1,9.06113e-06,1.46265e+08,570021,5.27367e+06,0.01,0.95,10,10000,0.938,0.139,935,310,0.00301712,0,0.331551
827,10000,1.34752,1,1.77828,0.00511504,0.00398107,0.00630957,0.224418,0.2,0.25,0.156177,0.1,0.2,9.06113e-06,4.07197e+08,940676,1.46817e+07,0.01,0.95,10,10000,0.938,0.139,2603,879,0.00179176,0,0.337687
828,10000,1.30113,1,1.77828,0.00508049,0.00398107,0.00630957,0.223631,0.2,0.25,0.253817,0.2,0.3,9.06113e-06,5.96168e+08,986287,2.14952e+07,0.01,0.95,10,10000,0.938,0.139,3811,1623,0.0013186,0,0.425872
829,10000,1.29847,1,1.77828,0.00508007,0.00398107,0.00630957,0.223371,0.2,0.25,0.34966,0.3,0.4,9.06113e-06,6.21354e+08,897488,2.24032e+07,0.01,0.95,10,10000,0.938,0.139,3972,2018,0.00118253,0,0.508056
830,10000,1.28213,1,1.77828,0.00505887,0.00398107,0.00630957,0.223548,0.2,0.25,0.449427,0.4,0.5,9.06113e-06,5.29371e+08,733110,1.90867e+07,0.01,0.95,10,10000,0.938,0.139,3384,2051,0.00117298,0,0.606087
831,10000,1.27161,1,1.77828,0.00505906,0.00398107,0.00630957,0.223412,0.2,0.25,0.548199,0.5,0.6,9.06113e-06,4.02816e+08,573808,1.45238e+07,0.01,0.95,10,10000,0.938,0.139,2575,1806,0.00125001,0,0.701359
832,10000,1.28067,1,1.77828,0.00508366,0.00398107,0.00630957,0.223344,0.2,0.25,0.647296,0.6,0.7,9.06113e-06,2.72194e+08,432007,9.81411e+06,0.01,0.95,10,10000,0.938,0.139,1740,1363,0.00143888,0,0.783333
833,10000,1.27864,1,1.77828,0.00506819,0.00398107,0.00630957,0.223468,0.2,0.25,0.74808,0.7,0.8,9.06113e-06,1.81619e+08,346106,6.54838e+06,0.01,0.95,10,10000,0.938,0.139,1161,931,0.001741,0,0.801895
834,10000,1.28089,1,1.77828,0.00507098,0.00398107,0.00630957,0.222906,0.2,0.25,0.847376,0.8,0.9,9.06113e-06,1.24521e+08,276458,4.48967e+06,0.01,0.95,10,10000,0.938,0.139,796,666,0.00205843,0,0.836683
835,10000,1.26937,1,1.77828,0.0051007,0.00398107,0.00630957,0.223767,0.2,0.25,0.948291,0.9,1,9.06113e-06,8.4787e+07,217427,3.05704e+06,0.01,0.95,10,10000,0.938,0.139,542,479,0.0024272,0,0.883764
836,10000,1.28364,1,1.77828,0.00505466,0.00398107,0.00630957,0.2245,0.2,0.25,1.16956,1,1.5,4.53056e-05,2.87525e+07,56448.3,1.03669e+06,0.01,0.95,10,10000,0.938,0.139,919,815,0.00186078,0,0.886834
837,10000,1.38155,1,1.77828,0.00498455,0.00398107,0.00630957,0.275626,0.25,0.3,0.0670782,0,0.1,9.06113e-06,9.62066e+07,384942,3.46878e+06,0.01,0.95,10,10000,0.938,0.139,615,274,0.00320921,0,0.445528
838,10000,1.35368,1,1.77828,0.00508436,0.00398107,0.00630957,0.274961,0.25,0.3,0.154021,0.1,0.2,9.06113e-06,2.66093e+08,623717,9.59414e+06,0.01,0.95,10,10000,0.938,0.139,1701,789,0.00189119,0,0.463845
839,10000,1.31677,1,1.77828,0.00504773,0.00398107,0.00630957,0.273779,0.25,0.3,0.252695,0.2,0.3,9.06113e-06,4.03442e+08,739171,1.45463e+07,0.01,0.95,10,10000,0.938,0.139,2579,1268,0.00149181,0,0.491663
840,10000,1.30668,1,1.77828,0.00508794,0.00398107,0.00630957,0.274279,0.25,0.3,0.351503,0.3,0.4,9.06113e-06,4.15018e+08,702334,1.49637e+07,0.01,0.95,10,10000,0.938,0.139,2653,1437,0.00140135,0,0.541651
841,10000,1.2956,1,1.77828,0.00509199,0.00398107,0.00630957,0.273552,0.25,0.3,0.450901,0.4,0.5,9.06113e-06,3.62144e+08,633485,1.30573e+07,0.01,0.95,10,10000,0.938,0.139,2315,1319,0.00146269,0,0.569762
842,10000,1.27508,1,1.77828,0.00508537,0.00398107,0.00630957,0.273356,0.25,0.3,0.547492,0.5,0.6,9.06113e-06,2.91592e+08,519467,1.05135e+07,0.01,0.95,10,10000,0.938,0.139,1864,1204,0.00153095,0,0.645923
843,10000,1.2819,1,1.77828,0.00510352,0.00398107,0.00630957,0.273379,0.25,0.3,0.645472,0.6,0.7,9.06113e-06,2.02738e+08,395934,7.30982e+06,0.01,0.95,10,10000,0.938,0.139,1296,942,0.00173081,0,0.726852
844,10000,1.26738,1,1.77828,0.00506688,0.00398107,0.00630957,0.273993,0.25,0.3,0.746856,0.7,0.8,9.06113e-06,1.29527e+08,299755,4.67016e+06,0.01,0.95,10,10000,0.938,0.139,828,644,0.0020933,0,0.777778
845,10000,1.2904,1,1.77828,0.00508146,0.00398107,0.00630957,0.273299,0.25,0.3,0.848023,0.8,0.9,9.06113e-06,9.57373e+07,246129,3.45186e+06,0.01,0.95,10,10000,0.938,0.139,612,503,0.00236859,0,0.821895
846,10000,1.27363,1,1.77828,0.00509628,0.00398107,0.00630957,0.273462,0.25,0.3,0.945266,0.9,1,9.06113e-06,6.47635e+07,203076,2.33508e+06,0.01,0.95,10,10000,0.938,0.139,414,339,0.00288519,0,0.818841
847,10000,1.28077,1,1.77828,0.00502114,0.00398107,0.00630957,0.273453,0.25,0.3,1.18121,1,1.5,4.53056e-05,2.29332e+07,52857.3,826867,0.01,0.95,10,10000,0.938,0.139,733,616,0.00214034,0,0.840382
848,10000,1.32641,1,1.77828,0.00502944,0.00398107,0.00630957,0.346516,0.3,0.4,0.067806,0,0.1,1.81223e-05,5.8819e+07,181849,2.12075e+06,0.01,0.95,10,10000,0.938,0.139,752,424,0.00257983,0,0.56383
849,10000,1.33437,1,1.77828,0.00504993,0.00398107,0.00630957,0.347551,0.3,0.4,0.154598,0.1,0.2,1.81223e-05,1.59875e+08,282401,5.76438e+06,0.01,0.95,10,10000,0.938,0.139,2044,1254,0.00150012,0,0.613503
850,10000,1.31844,1,1.77828,0.00505068,0.00398107,0.00630957,0.345458,0.3,0.4,0.252059,0.2,0.3,1.81223e-05,2.23387e+08,339274,8.05434e+06,0.01,0.95,10,10000,0.938,0.139,2856,1713,0.0012835,0,0.59979
851,10000,1.30974,1,1.77828,0.00505868,0.00398107,0.00630957,0.345347,0.3,0.4,0.350113,0.3,0.4,1.81223e-05,2.55221e+08,382823,9.20214e+06,0.01,0.95,10,10000,0.938,0.139,3263,1812,0.00124794,0,0.555317
852,10000,1.30036,1,1.77828,0.00502901,0.00398107,0.00630957,0.344805,0.3,0.4,0.449832,0.4,0.5,1.81223e-05,2.44427e+08,368659,8.81296e+06,0.01,0.95,10,10000,0.938,0.139,3125,1776,0.00126053,0,0.56832
853,10000,1.28838,1,1.77828,0.00505928,0.00398107,0.00630957,0.346378,0.3,0.4,0.547584,0.5,0.6,1.81223e-05,1.88268e+08,309732,6.78809e+06,0.01,0.95,10,10000,0.938,0.139,2407,1455,0.00139265,0,0.604487
854,10000,1.28186,1,1.77828,0.00505825,0.00398107,0.00630957,0.345281,0.3,0.4,0.648871,0.6,0.7,1.81223e-05,1.35706e+08,250037,4.89295e+06,0.01,0.95,10,10000,0.938,0.139,1735,1124,0.00158449,0,0.647839
855,10000,1.28118,1,1.77828,0.00505034,0.00398107,0.00630957,0.34428,0.3,0.4,0.74753,0.7,0.8,1.81223e-05,9.67542e+07,195129,3.48852e+06,0.01,0.95,10,10000,0.938,0.139,1237,889,0.00178165,0,0.718674
856,10000,1.28758,1,1.77828,0.00503396,0.00398107,0.00630957,0.34521,0.3,0.4,0.847059,0.8,0.9,1.81223e-05,6.35902e+07,152099,2.29278e+06,0.01,0.95,10,10000,0.938,0.139,813,614,0.00214383,0,0.755228
857,10000,1.2826,1,1.77828,0.00505849,0.00398107,0.00630957,0.341197,0.3,0.4,0.947203,0.9,1,1.81223e-05,4.38014e+07,125977,1.57928e+06,0.01,0.95,10,10000,0.938,0.139,560,424,0.00257983,0,0.757143
858,10000,1.28541,1,1.77828,0.00505992,0.00398107,0.00630957,0.346351,0.3,0.4,1.17624,1,1.5,9.06113e-05,1.59875e+07,33264.4,576438,0.01,0.95,10,10000,0.938,0.139,1022,796,0.00188286,0,0.778865
859,10000,1.31635,1,1.77828,0.00507168,0.00398107,0.00630957,0.44574,0.4,0.5,0.0683234,0,0.1,1.81223e-05,2.69848e+07,102708,972950,0.01,0.95,10,10000,0.938,0.139,345,249,0.00336647,0,0.721739
860,10000,1.29263,1,1.77828,0.00500903,0.00398107,0.00630957,0.446122,0.4,0.5,0.153393,0.1,0.2,1.81223e-05,7.97811e+07,170958,2.87655e+06,0.01,0.95,10,10000,0.938,0.139,1020,767,0.00191812,0,0.751961
861,10000,1.30497,1,1.77828,0.00505471,0.00398107,0.00630957,0.446446,0.4,0.5,0.249483,0.2,0.3,1.81223e-05,1.0966e+08,210595,3.95384e+06,0.01,0.95,10,10000,0.938,0.139,1402,990,0.00168833,0,0.706134
862,10000,1.31439,1,1.77828,0.00501403,0.00398107,0.00630957,0.445377,0.4,0.5,0.350265,0.3,0.4,1.81223e-05,1.30075e+08,247056,4.6899e+06,0.01,0.95,10,10000,0.938,0.139,1663,1064,0.00162856,0,0.639808
863,10000,1.31245,1,1.77828,0.00506424,0.00398107,0.00630957,0.444958,0.4,0.5,0.447669,0.4,0.5,1.81223e-05,1.26555e+08,245819,4.563e+06,0.01,0.95,10,10000,0.938,0.139,1618,1023,0.00166087,0,0.632262
864,10000,1.29254,1,1.77828,0.00506224,0.00398107,0.00630957,0.446185,0.4,0.5,0.548824,0.5,0.6,1.81223e-05,1.05514e+08,229143,3.80438e+06,0.01,0.95,10,10000,0.938,0.139,1349,829,0.001845,0,0.614529
865,10000,1.29463,1,1.77828,0.00501595,0.00398107,0.00630957,0.444366,0.4,0.5,0.648098,0.6,0.7,1.81223e-05,8.55692e+07,218554,3.08524e+06,0.01,0.95,10,10000,0.938,0.139,1094,620,0.00213343,0,0.566728
866,10000,1.28227,1,1.77828,0.00508525,0.00398107,0.00630957,0.445321,0.4,0.5,0.74688,0.7,0.8,1.81223e-05,5.99923e+07,172609,2.16305e+06,0.01,0.95,10,10000,0.938,0.139,767,472,0.00244514,0,0.615385
867,10000,1.28664,1,1.77828,0.0051251,0.00398107,0.00630957,0.444279,0.4,0.5,0.848294,0.8,0.9,1.81223e-05,4.04381e+07,124979,1.45802e+06,0.01,0.95,10,10000,0.938,0.139,517,376,0.00273956,0,0.727273
868,10000,1.27581,1,1.77828,0.00501096,0.00398107,0.00630957,0.446019,0.4,0.5,0.946621,0.9,1,1.81223e-05,2.79234e+07,103741,1.00679e+06,0.01,0.95,10,10000,0.938,0.139,357,260,0.00329448,0,0.728291
869,10000,1.29706,1,1.77828,0.00503802,0.00398107,0.00630957,0.445225,0.4,0.5,1.18502,1,1.5,9.06113e-05,1.0966e+07,28008.9,395384,0.01,0.95,10,10000,0.938,0.139,701,535,0.00229666,0,0.763195
870,10000,1.2675,1,1.77828,0.00501174,0.00398107,0.00630957,0.544125,0.5,0.6,0.064413,0,0.1,1.81223e-05,1.53305e+07,71168.2,552749,0.01,0.95,10,10000,0.938,0.139,196,157,0.00423959,0,0.80102
871,10000,1.27541,1,1.77828,0.00506247,0.00398107,0.00630957,0.543948,0.5,0.6,0.154913,0.1,0.2,1.81223e-05,4.34885e+07,126000,1.568e+06,0.01,0.95,10,10000,0.938,0.139,556,419,0.00259518,0,0.753597
872,10000,1.28741,1,1.77828,0.00510913,0.00398107,0.00630957,0.54563,0.5,0.6,0.250536,0.2,0.3,1.81223e-05,6.48417e+07,151073,2.3379e+06,0.01,0.95,10,10000,0.938,0.139,829,639,0.00210147,0,0.770808
873,10000,1.28966,1,1.77828,0.00503749,0.00398107,0.00630957,0.545259,0.5,0.6,0.352048,0.3,0.4,1.81223e-05,6.71882e+07,157852,2.42251e+06,0.01,0.95,10,10000,0.938,0.139,859,641,0.00209819,0,0.746217
874,10000,1.30707,1,1.77828,0.0050781,0.00398107,0.00630957,0.545559,0.5,0.6,0.448031,0.4,0.5,1.81223e-05,6.41378e+07,169817,2.31252e+06,0.01,0.95,10,10000,0.938,0.139,820,540,0.002286,0,0.658537
875,10000,1.29694,1,1.77828,0.00501655,0.00398107,0.00630957,0.544504,0.5,0.6,0.548848,0.5,0.6,1.81223e-05,5.65507e+07,163570,2.03897e+06,0.01,0.95,10,10000,0.938,0.139,723,460,0.00247682,0,0.636238
876,10000,1.28749,1,1.77828,0.00506558,0.00398107,0.00630957,0.546695,0.5,0.6,0.645862,0.6,0.7,1.81223e-05,4.84944e+07,166303,1.74849e+06,0.01,0.95,10,10000,0.938,0.139,620,346,0.00285585,0,0.558065
877,10000,1.28998,1,1.77828,0.00509977,0.00398107,0.00630957,0.54455,0.5,0.6,0.745655,0.7,0.8,1.81223e-05,3.81698e+07,150738,1.37623e+06,0.01,0.95,10,10000,0.938,0.139,488,264,0.00326943,0,0.540984
878,10000,1.28639,1,1.77828,0.00495223,0.00398107,0.00630957,0.548196,0.5,0.6,0.851737,0.8,0.9,1.81223e-05,2.61244e+07,123621,941929,0.01,0.95,10,10000,0.938,0.139,334,183,0.00392689,0,0.547904
879,10000,1.2727,1,1.77828,0.0049748,0.00398107,0.00630957,0.544645,0.5,0.6,0.94481,0.9,1,1.81223e-05,1.9476e+07,91891.6,702216,0.01,0.95,10,10000,0.938,0.139,249,168,0.00409845,0,0.674699
880,10000,1.30116,1,1.77828,0.00513455,0.00398107,0.00630957,0.547208,0.5,0.6,1.19805,1,1.5,9.06113e-05,8.10326e+06,24953.7,292167,0.01,0.95,10,10000,0.938,0.139,518,378,0.0027323,0,0.72973
881,10000,1.26609,1,1.77828,0.00510364,0.00398107,0.00630957,0.649028,0.6,0.7,0.0640298,0,0.1,1.81223e-05,7.66524e+06,51685.7,276374,0.01,0.95,10,10000,0.938,0.139,98,76,0.0060935,0,0.77551
882,10000,1.29299,1,1.77828,0.00505553,0.00398107,0.00630957,0.644491,0.6,0.7,0.153739,0.1,0.2,1.81223e-05,2.22918e+07,80501,803742,0.01,0.95,10,10000,0.938,0.139,285,246,0.00338693,0,0.863158
883,10000,1.27825,1,1.77828,0.00504172,0.00398107,0.00630957,0.644844,0.6,0.7,0.251294,0.2,0.3,1.81223e-05,3.31639e+07,100095,1.19574e+06,0.01,0.95,10,10000,0.938,0.139,424,358,0.00280758,0,0.84434
884,10000,1.28535,1,1.77828,0.00507424,0.00398107,0.00630957,0.646808,0.6,0.7,0.347778,0.3,0.4,1.81223e-05,3.98123e+07,114154,1.43545e+06,0.01,0.95,10,10000,0.938,0.139,509,410,0.00262351,0,0.805501
885,10000,1.30403,1,1.77828,0.00508254,0.00398107,0.00630957,0.646281,0.6,0.7,0.448177,0.4,0.5,1.81223e-05,4.01252e+07,125309,1.44673e+06,0.01,0.95,10,10000,0.938,0.139,513,370,0.00276168,0,0.721248
886,10000,1.31906,1,1.77828,0.00506799,0.00398107,0.00630957,0.646032,0.6,0.7,0.548452,0.5,0.6,1.81223e-05,3.43372e+07,128573,1.23804e+06,0.01,0.95,10,10000,0.938,0.139,439,276,0.00319757,0,0.628702
887,10000,1.28598,1,1.77828,0.00508074,0.00398107,0.00630957,0.646911,0.6,0.7,0.648307,0.6,0.7,1.81223e-05,3.03481e+07,125714,1.09422e+06,0.01,0.95,10,10000,0.938,0.139,388,231,0.00349517,0,0.595361
888,10000,1.30554,1,1.77828,0.00501634,0.00398107,0.00630957,0.646428,0.6,0.7,0.745871,0.7,0.8,1.81223e-05,2.40126e+07,118619,865785,0.01,0.95,10,10000,0.938,0.139,307,168,0.00409845,0,0.547231
889,10000,1.29635,1,1.77828,0.00503271,0.00398107,0.00630957,0.646652,0.6,0.7,0.847411,0.8,0.9,1.81223e-05,1.98671e+07,103279,716317,0.01,0.95,10,10000,0.938,0.139,254,148,0.0043666,0,0.582677
890,10000,1.28881,1,1.77828,0.00506819,0.00398107,0.00630957,0.648215,0.6,0.7,0.951901,0.9,1,1.81223e-05,1.53305e+07,96171.9,552749,0.01,0.95,10,10000,0.938,0.139,196,105,0.00518417,0,0.535714
891,10000,1.29041,1,1.77828,0.00505916,0.00398107,0.00630957,0.647682,0.6,0.7,1.18262,1,1.5,9.06113e-05,6.57021e+06,24677.4,236892,0.01,0.95,10,10000,0.938,0.139,420,271,0.00322693,0,0.645238
892,10000,1.28956,1,1.77828,0.00512437,0.00398107,0.00630957,0.743115,0.7,0.8,0.0609343,0,0.1,1.81223e-05,3.83262e+06,32221.3,138187,0.01,0.95,10,10000,0.938,0.139,49,44,0.00800843,0,0.897959
893,10000,1.25293,1,1.77828,0.00515737,0.00398107,0.00630957,0.74128,0.7,0.8,0.157221,0.1,0.2,1.81223e-05,1.08721e+07,58321.2,392000,0.01,0.95,10,10000,0.938,0.139,139,115,0.00495365,0,0.827338
894,10000,1.26655,1,1.77828,0.00506985,0.00398107,0.00630957,0.744057,0.7,0.8,0.253176,0.2,0.3,1.81223e-05,1.66602e+07,75892.1,600691,0.01,0.95,10,10000,0.938,0.139,213,166,0.00412306,0,0.779343
895,10000,1.27705,1,1.77828,0.00511003,0.00398107,0.00630957,0.74188,0.7,0.8,0.35052,0.3,0.4,1.81223e-05,1.91631e+07,82074.7,690936,0.01,0.95,10,10000,0.938,0.139,245,189,0.00386405,0,0.771429
896,10000,1.26962,1,1.77828,0.00501372,0.00398107,0.00630957,0.74614,0.7,0.8,0.448615,0.4,0.5,1.81223e-05,2.15878e+07,87417.8,778360,0.01,0.95,10,10000,0.938,0.139,276,212,0.00364843,0,0.768116
897,10000,1.28425,1,1.77828,0.00505956,0.00398107,0.00630957,0.745285,0.7,0.8,0.546704,0.5,0.6,1.81223e-05,1.9476e+07,83834.3,702216,0.01,0.95,10,10000,0.938,0.139,249,189,0.00386405,0,0.759036
898,10000,1.28654,1,1.77828,0.00491071,0.00398107,0.00630957,0.743481,0.7,0.8,0.649488,0.6,0.7,1.81223e-05,1.57998e+07,86222.6,569669,0.01,0.95,10,10000,0.938,0.139,202,129,0.00467713,0,0.638614
899,10000,1.28801,1,1.77828,0.00520741,0.00398107,0.00630957,0.746697,0.7,0.8,0.752492,0.7,0.8,1.81223e-05,1.32969e+07,85746.3,479425,0.01,0.95,10,10000,0.938,0.139,170,97,0.00539372,0,0.570588
900,10000,1.32161,1,1.77828,0.00517366,0.00398107,0.00630957,0.75144,0.7,0.8,0.847064,0.8,0.9,1.81223e-05,1.1185e+07,84873.1,403281,0.01,0.95,10,10000,0.938,0.139,143,73,0.00621745,0,0.51049
901,10000,1.22358,1,1.77828,0.00502054,0.00398107,0.00630957,0.746909,0.7,0.8,0.947455,0.9,1,1.81223e-05,1.06375e+07,86471.3,383540,0.01,0.95,10,10000,0.938,0.139,136,65,0.00658897,0,0.477941
902,10000,1.27208,1,1.77828,0.00505399,0.00398107,0.00630957,0.751234,0.7,0.8,1.21187,1,1.5,9.06113e-05,5.35003e+06,24423.8,192898,0.01,0.95,10,10000,0.938,0.139,342,194,0.00381393,0,0.567251
903,10000,1.28949,1,1.77828,0.00491212,0.00398107,0.00630957,0.838141,0.8,0.9,0.0663793,0,0.1,1.81223e-05,2.58115e+06,28686.7,93064.8,0.01,0.95,10,10000,0.938,0.139,33,27,0.0102233,0,0.818182
904,10000,1.27898,1,1.77828,0.00497394,0.00398107,0.00630957,0.842699,0.8,0.9,0.151967,0.1,0.2,1.81223e-05,5.63161e+06,38327.9,203051,0.01,0.95,10,10000,0.938,0.139,72,66,0.00653886,0,0.916667
905,10000,1.28415,1,1.77828,0.00505714,0.00398107,0.00630957,0.839543,0.8,0.9,0.254587,0.2,0.3,1.81223e-05,8.44741e+06,50130.6,304576,0.01,0.95,10,10000,0.938,0.139,108,92,0.00553835,0,0.851852
906,10000,1.25754,1,1.77828,0.00510882,0.00398107,0.00630957,0.844,0.8,0.9,0.351419,0.3,0.4,1.81223e-05,9.62066e+06,61746.7,346878,0.01,0.95,10,10000,0.938,0.139,123,88,0.00566282,0,0.715447
907,10000,1.23132,1,1.77828,0.00511038,0.00398107,0.00630957,0.845904,0.8,0.9,0.445542,0.4,0.5,1.81223e-05,1.03246e+07,57373.5,372259,0.01,0.95,10,10000,0.938,0.139,132,108,0.00511166,0,0.818182
908,10000,1.28422,1,1.77828,0.00505791,0.00398107,0.00630957,0.843585,0.8,0.9,0.54935,0.5,0.6,1.81223e-05,1.07157e+07,62663.3,386360,0.01,0.95,10,10000,0.938,0.139,137,103,0.00523426,0,0.751825
909,10000,1.29953,1,1.77828,0.00493744,0.00398107,0.00630957,0.841115,0.8,0.9,0.646353,0.6,0.7,1.81223e-05,9.22958e+06,61854.1,332777,0.01,0.95,10,10000,0.938,0.139,118,82,0.00586634,0,0.694915
910,10000,1.2844,1,1.77828,0.00501604,0.00398107,0.00630957,0.842214,0.8,0.9,0.750461,0.7,0.8,1.81223e-05,7.19594e+06,61035.3,259453,0.01,0.95,10,10000,0.938,0.139,92,55,0.00716296,0,0.597826
911,10000,1.3252,1,1.77828,0.00512272,0.00398107,0.00630957,0.850538,0.8,0.9,0.843556,0.8,0.9,1.81223e-05,7.58703e+06,75557.8,273554,0.01,0.95,10,10000,0.938,0.139,97,44,0.00800843,0,0.453608
912,10000,1.2607,1,1.77828,0.00512533,0.00398107,0.00630957,0.848687,0.8,0.9,0.951247,0.9,1,1.81223e-05,6.88308e+06,71871.2,248173,0.01,0.95,10,10000,0.938,0.139,88,40,0.00839932,0,0.454545
913,10000,1.26334,1,1.77828,0.00502085,0.00398107,0.00630957,0.847937,0.8,0.9,1.22081,1,1.5,9.06113e-05,4.48964e+06,25635.3,161876,0.01,0.95,10,10000,0.938,0.139,287,133,0.00460626,0,0.463415
914,10000,1.24615,1,1.77828,0.00469982,0.00398107,0.00630957,0.952081,0.9,1,0.0596645,0,0.1,1.81223e-05,782168,16092.4,28201.5,0.01,0.95,10,10000,0.938,0.139,10,8,0.0187814,0,0.8
915,10000,1.38394,1,1.77828,0.00516617,0.00398107,0.00630957,0.952673,0.9,1,0.149131,0.1,0.2,1.81223e-05,2.58115e+06,33755.6,93064.8,0.01,0.95,10,10000,0.938,0.139,33,22,0.0113256,0,0.666667
916,10000,1.31422,1,1.77828,0.00520595,0.00398107,0.00630957,0.93894,0.9,1,0.258947,0.2,0.3,1.81223e-05,2.8158e+06,31251.6,101525,0.01,0.95,10,10000,0.938,0.139,36,28,0.0100391,0,0.777778
917,10000,1.27844,1,1.77828,0.00497213,0.00398107,0.00630957,0.94305,0.9,1,0.355417,0.3,0.4,1.81223e-05,4.06727e+06,40319.2,146648,0.01,0.95,10,10000,0.938,0.139,52,37,0.00873319,0,0.711538
918,10000,1.27473,1,1.77828,0.00512843,0.00398107,0.00630957,0.93799,0.9,1,0.452361,0.4,0.5,1.81223e-05,4.45836e+06,41072.7,160748,0.01,0.95,10,10000,0.938,0.139,57,42,0.00819689,0,0.736842
919,10000,1.24236,1,1.77828,0.00499568,0.00398107,0.00630957,0.943205,0.9,1,0.554944,0.5,0.6,1.81223e-05,5.00587e+06,45928,180489,0.01,0.95,10,10000,0.938,0.139,64,44,0.00800843,0,0.6875
920,10000,1.27054,1,1.77828,0.00504442,0.00398107,0.00630957,0.950787,0.9,1,0.650431,0.6,0.7,1.81223e-05,4.84944e+06,51151.7,174849,0.01,0.95,10,10000,0.938,0.139,62,36,0.00885366,0,0.580645
921,10000,1.23707,1,1.77828,0.00506814,0.00398107,0.00630957,0.944883,0.9,1,0.746942,0.7,0.8,1.81223e-05,3.51975e+06,38452.6,126907,0.01,0.95,10,10000,0.938,0.139,45,31,0.00954098,0,0.688889
922,10000,1.25629,1,1.77828,0.00519212,0.00398107,0.00630957,0.944544,0.9,1,0.843168,0.8,0.9,1.81223e-05,2.73759e+06,38866.7,98705.1,0.01,0.95,10,10000,0.938,0.139,35,20,0.0118784,0,0.571429
923,10000,1.22321,1,1.77828,0.00512187,0.00398107,0.00630957,0.935377,0.9,1,0.952153,0.9,1,1.81223e-05,4.30192e+06,59930.9,155108,0.01,0.95,10,10000,0.938,0.139,55,23,0.0110767,0,0.418182
924,10000,1.25929,1,1.77828,0.00494771,0.00398107,0.00630957,0.944837,0.9,1,1.25162,1,1.5,9.06113e-05,4.12985e+06,27762.5,148904,0.01,0.95,10,10000,0.938,0.139,264,101,0.00528583,0,0.382576
925,10000,1.16773,1,1.77828,0.00833824,0.00630957,0.01,0.0670833,0.05,0.1,0.0751589,0,0.1,1.43609e-05,6.65059e+08,1.13583e+06,2.3979e+07,0.01,0.95,10,10000,0.938,0.139,6738,1692,0.00129144,0,0.251113
926,10000,1.23528,1,1.77828,0.00811766,0.00630957,0.01,0.0688809,0.05,0.1,0.158453,0.1,0.2,1.43609e-05,1.86232e+09,1.19023e+06,6.7147e+07,0.01,0.95,10,10000,0.938,0.139,18868,10114,0.000528217,0,0.53604
927,10000,1.26741,1,1.77828,0.00801962,0.00630957,0.01,0.0705573,0.05,0.1,0.251022,0.2,0.3,1.43609e-05,2.18725e+09,984768,7.88625e+07,0.01,0.95,10,10000,0.938,0.139,22160,17100,0.000406234,0,0.771661
928,10000,1.29359,1,1.77828,0.00797963,0.00630957,0.01,0.0721185,0.05,0.1,0.348095,0.3,0.4,1.43609e-05,1.79619e+09,811780,6.47626e+07,0.01,0.95,10,10000,0.938,0.139,18198,15707,0.000423865,0,0.863117
929,10000,1.31037,1,1.77828,0.00793732,0.00630957,0.01,0.0732246,0.05,0.1,0.446695,0.4,0.5,1.43609e-05,1.24928e+09,655658,4.50434e+07,0.01,0.95,10,10000,0.938,0.139,12657,11324,0.000499199,0,0.894683
930,10000,1.32975,1,1.77828,0.00793109,0.00630957,0.01,0.0738421,0.05,0.1,0.546303,0.5,0.6,1.43609e-05,7.92287e+08,524558,2.85663e+07,0.01,0.95,10,10000,0.938,0.139,8027,7145,0.000628453,0,0.890121
931,10000,1.34444,1,1.77828,0.00788384,0.00630957,0.01,0.0747775,0.05,0.1,0.645259,0.6,0.7,1.43609e-05,4.76043e+08,414907,1.7164e+07,0.01,0.95,10,10000,0.938,0.139,4823,4197,0.000819982,0,0.870205
932,10000,1.37054,1,1.77828,0.00787032,0.00630957,0.01,0.0754035,0.05,0.1,0.746017,0.7,0.8,1.43609e-05,2.82981e+08,316722,1.0203e+07,0.01,0.95,10,10000,0.938,0.139,2867,2523,0.00105759,0,0.880014
933,10000,1.38411,1,1.77828,0.00786646,0.00630957,0.01,0.0764676,0.05,0.1,0.845837,0.8,0.9,1.43609e-05,1.4835e+08,232233,5.34884e+06,0.01,0.95,10,10000,0.938,0.139,1503,1304,0.00147108,0,0.867598
934,10000,1.4025,1,1.77828,0.00775065,0.00630957,0.01,0.0775016,0.05,0.1,0.944344,0.9,1,1.43609e-05,8.46869e+07,175547,3.05343e+06,0.01,0.95,10,10000,0.938,0.139,858,744,0.00194754,0,0.867133
935,10000,1.44144,1,1.77828,0.00773137,0.00630957,0.01,0.0779642,0.05,0.1,1.14083,1,1.5,7.18047e-05,1.94642e+07,36307,701791,0.01,0.95,10,10000,0.938,0.139,986,890,0.00178065,0,0.902637
936,10000,1.19068,1,1.77828,0.00840929,0.00630957,0.01,0.121512,0.1,0.15,0.0776087,0,0.1,1.43609e-05,2.90482e+08,981558,1.04735e+07,0.01,0.95,10,10000,0.938,0.139,2943,456,0.00248766,0,0.154944
937,10000,1.24557,1,1.77828,0.00815874,0.00630957,0.01,0.121542,0.1,0.15,0.158479,0.1,0.2,1.43609e-05,8.08178e+08,945692,2.91393e+07,0.01,0.95,10,10000,0.938,0.139,8188,3293,0.000925717,0,0.402174
938,10000,1.25831,1,1.77828,0.00806042,0.00630957,0.01,0.121525,0.1,0.15,0.252463,0.2,0.3,1.43609e-05,1.06411e+09,843481,3.83672e+07,0.01,0.95,10,10000,0.938,0.139,10781,6341,0.000667106,0,0.588164
939,10000,1.26293,1,1.77828,0.00806642,0.00630957,0.01,0.121905,0.1,0.15,0.34967,0.3,0.4,1.43609e-05,9.85547e+08,675152,3.55344e+07,0.01,0.95,10,10000,0.938,0.139,9985,7506,0.000613154,0,0.751728
940,10000,1.27443,1,1.77828,0.00802595,0.00630957,0.01,0.122492,0.1,0.15,0.4482,0.4,0.5,1.43609e-05,7.50437e+08,527269,2.70574e+07,0.01,0.95,10,10000,0.938,0.139,7603,6526,0.000657583,0,0.858345
941,10000,1.2879,1,1.77828,0.00796951,0.00630957,0.01,0.122933,0.1,0.15,0.547337,0.5,0.6,1.43609e-05,5.29639e+08,429484,1.90964e+07,0.01,0.95,10,10000,0.938,0.139,5366,4769,0.000769237,0,0.888744
942,10000,1.29788,1,1.77828,0.0079657,0.00630957,0.01,0.122878,0.1,0.15,0.64659,0.6,0.7,1.43609e-05,3.48519e+08,341402,1.2566e+07,0.01,0.95,10,10000,0.938,0.139,3531,3209,0.000937754,0,0.908808
943,10000,1.307,1,1.77828,0.00797793,0.00630957,0.01,0.12315,0.1,0.15,0.745913,0.7,0.8,1.43609e-05,2.28003e+08,275096,8.22078e+06,0.01,0.95,10,10000,0.938,0.139,2310,2108,0.00115701,0,0.912554
944,10000,1.30458,1,1.77828,0.00794805,0.00630957,0.01,0.124623,0.1,0.15,0.846215,0.8,0.9,1.43609e-05,1.33249e+08,205952,4.80435e+06,0.01,0.95,10,10000,0.938,0.139,1350,1260,0.00149654,0,0.933333
945,10000,1.31268,1,1.77828,0.00793969,0.00630957,0.01,0.124555,0.1,0.15,0.945868,0.9,1,1.43609e-05,8.60688e+07,156978,3.10325e+06,0.01,0.95,10,10000,0.938,0.139,872,860,0.00181144,0,0.986239
946,10000,1.3462,1,1.77828,0.00788556,0.00630957,0.01,0.124405,0.1,0.15,1.15826,1,1.5,7.18047e-05,2.39453e+07,39734.6,863359,0.01,0.95,10,10000,0.938,0.139,1213,1111,0.00159374,0,0.915911
947,10000,1.29624,1,1.77828,0.00852861,0.00630957,0.01,0.17526,0.15,0.2,0.0731848,0,0.1,1.43609e-05,1.61971e+08,605127,5.83995e+06,0.01,0.95,10,10000,0.938,0.139,1641,360,0.00279977,0,0.219378
948,10000,1.27968,1,1.77828,0.00813373,0.00630957,0.01,0.172767,0.15,0.2,0.156615,0.1,0.2,1.43609e-05,4.33404e+08,694987,1.56266e+07,0.01,0.95,10,10000,0.938,0.139,4391,1756,0.00126769,0,0.399909
949,10000,1.2681,1,1.77828,0.00808179,0.00630957,0.01,0.172799,0.15,0.2,0.253109,0.2,0.3,1.43609e-05,6.25183e+08,701218,2.25413e+07,0.01,0.95,10,10000,0.938,0.139,6334,3313,0.000922918,0,0.52305
950,10000,1.2662,1,1.77828,0.00808274,0.00630957,0.01,0.172706,0.15,0.2,0.350785,0.3,0.4,1.43609e-05,6.01297e+08,597121,2.16801e+07,0.01,0.95,10,10000,0.938,0.139,6092,3894,0.000851287,0,0.639199
951,10000,1.26514,1,1.77828,0.00803812,0.00630957,0.01,0.172034,0.15,0.2,0.448845,0.4,0.5,1.43609e-05,4.86506e+08,473362,1.75412e+07,0.01,0.95,10,10000,0.938,0.139,4929,3715,0.000871555,0,0.753703
952,10000,1.27313,1,1.77828,0.00802374,0.00630957,0.01,0.172968,0.15,0.2,0.547478,0.5,0.6,1.43609e-05,3.51579e+08,362915,1.26764e+07,0.01,0.95,10,10000,0.938,0.139,3562,3038,0.000963785,0,0.852892
953,10000,1.28673,1,1.77828,0.00802046,0.00630957,0.01,0.173303,0.15,0.2,0.646942,0.6,0.7,1.43609e-05,2.35702e+08,287035,8.49836e+06,0.01,0.95,10,10000,0.938,0.139,2388,2118,0.00115428,0,0.886935
954,10000,1.28615,1,1.77828,0.00802163,0.00630957,0.01,0.172895,0.15,0.2,0.747673,0.7,0.8,1.43609e-05,1.55556e+08,222231,5.60863e+06,0.01,0.95,10,10000,0.938,0.139,1576,1473,0.00138412,0,0.934645
955,10000,1.30184,1,1.77828,0.0079576,0.00630957,0.01,0.174041,0.15,0.2,0.84615,0.8,0.9,1.43609e-05,1.06303e+08,196104,3.8328e+06,0.01,0.95,10,10000,0.938,0.139,1077,937,0.00173542,0,0.870009
956,10000,1.29338,1,1.77828,0.00802822,0.00630957,0.01,0.174863,0.15,0.2,0.945935,0.9,1,1.43609e-05,6.14918e+07,144146,2.21712e+06,0.01,0.95,10,10000,0.938,0.139,623,563,0.00223882,0,0.903692
957,10000,1.31873,1,1.77828,0.00799007,0.00630957,0.01,0.174455,0.15,0.2,1.1673,1,1.5,7.18047e-05,2.03525e+07,34800.8,733820,0.01,0.95,10,10000,0.938,0.139,1031,997,0.00168239,0,0.967022
958,10000,1.32108,1,1.77828,0.00827223,0.00630957,0.01,0.225138,0.2,0.25,0.0704314,0,0.1,1.43609e-05,9.9295e+07,364923,3.58013e+06,0.01,0.95,10,10000,0.938,0.139,1006,346,0.00285585,0,0.343936
959,10000,1.30344,1,1.77828,0.00811083,0.00630957,0.01,0.223451,0.2,0.25,0.156058,0.1,0.2,1.43609e-05,2.72025e+08,526272,9.80799e+06,0.01,0.95,10,10000,0.938,0.139,2756,1184,0.00154383,0,0.429608
960,10000,1.28052,1,1.77828,0.00807437,0.00630957,0.01,0.223135,0.2,0.25,0.252213,0.2,0.3,1.43609e-05,3.804e+08,545848,1.37155e+07,0.01,0.95,10,10000,0.938,0.139,3854,2022,0.00118136,0,0.52465
961,10000,1.2734,1,1.77828,0.00807273,0.00630957,0.01,0.223206,0.2,0.25,0.350486,0.3,0.4,1.43609e-05,4.01424e+08,515173,1.44735e+07,0.01,0.95,10,10000,0.938,0.139,4067,2411,0.00108187,0,0.59282
962,10000,1.27246,1,1.77828,0.00803483,0.00630957,0.01,0.222982,0.2,0.25,0.44889,0.4,0.5,1.43609e-05,3.37563e+08,427719,1.2171e+07,0.01,0.95,10,10000,0.938,0.139,3420,2322,0.00110241,0,0.678947
963,10000,1.26708,1,1.77828,0.0080457,0.00630957,0.01,0.223097,0.2,0.25,0.549198,0.5,0.6,1.43609e-05,2.51889e+08,327418,9.082e+06,0.01,0.95,10,10000,0.938,0.139,2552,2019,0.00118224,0,0.791144
964,10000,1.28667,1,1.77828,0.00804307,0.00630957,0.01,0.223065,0.2,0.25,0.64632,0.6,0.7,1.43609e-05,1.72236e+08,263197,6.21007e+06,0.01,0.95,10,10000,0.938,0.139,1745,1428,0.00140576,0,0.818338
965,10000,1.27992,1,1.77828,0.00804009,0.00630957,0.01,0.223696,0.2,0.25,0.747002,0.7,0.8,1.43609e-05,1.18739e+08,206842,4.28121e+06,0.01,0.95,10,10000,0.938,0.139,1203,1049,0.00164016,0,0.871987
966,10000,1.28855,1,1.77828,0.00802307,0.00630957,0.01,0.223367,0.2,0.25,0.848054,0.8,0.9,1.43609e-05,7.94557e+07,158904,2.86482e+06,0.01,0.95,10,10000,0.938,0.139,805,752,0.00193716,0,0.934161
967,10000,1.27178,1,1.77828,0.00799763,0.00630957,0.01,0.222968,0.2,0.25,0.947635,0.9,1,1.43609e-05,5.19176e+07,129526,1.87192e+06,0.01,0.95,10,10000,0.938,0.139,526,487,0.00240719,0,0.925856
968,10000,1.28897,1,1.77828,0.00794326,0.00630957,0.01,0.224667,0.2,0.25,1.17324,1,1.5,7.18047e-05,1.65426e+07,33246.9,596451,0.01,0.95,10,10000,0.938,0.139,838,762,0.0019244,0,0.909308
969,10000,1.28872,1,1.77828,0.00817502,0.00630957,0.01,0.274135,0.25,0.3,0.0648029,0,0.1,1.43609e-05,6.18866e+07,224775,2.23135e+06,0.01,0.95,10,10000,0.938,0.139,627,319,0.00297426,0,0.508772
970,10000,1.30939,1,1.77828,0.00805926,0.00630957,0.01,0.274259,0.25,0.3,0.155002,0.1,0.2,1.43609e-05,1.77665e+08,390801,6.4058e+06,0.01,0.95,10,10000,0.938,0.139,1800,881,0.00178972,0,0.489444
971,10000,1.28639,1,1.77828,0.00807773,0.00630957,0.01,0.273764,0.25,0.3,0.252108,0.2,0.3,1.43609e-05,2.53074e+08,440822,9.12471e+06,0.01,0.95,10,10000,0.938,0.139,2564,1365,0.00143783,0,0.532371
972,10000,1.28165,1,1.77828,0.00803931,0.00630957,0.01,0.273266,0.25,0.3,0.3498,0.3,0.4,1.43609e-05,2.67583e+08,425714,9.64785e+06,0.01,0.95,10,10000,0.938,0.139,2711,1580,0.00133643,0,0.582811
973,10000,1.27729,1,1.77828,0.00805607,0.00630957,0.01,0.273236,0.25,0.3,0.447752,0.4,0.5,1.43609e-05,2.46757e+08,390032,8.89694e+06,0.01,0.95,10,10000,0.938,0.139,2500,1556,0.00134669,0,0.6224
974,10000,1.26225,1,1.77828,0.00805072,0.00630957,0.01,0.27281,0.25,0.3,0.548466,0.5,0.6,1.43609e-05,1.81712e+08,303807,6.55171e+06,0.01,0.95,10,10000,0.938,0.139,1841,1304,0.00147108,0,0.708311
975,10000,1.26938,1,1.77828,0.00805441,0.00630957,0.01,0.273366,0.25,0.3,0.648706,0.6,0.7,1.43609e-05,1.3009e+08,231740,4.69047e+06,0.01,0.95,10,10000,0.938,0.139,1318,1062,0.00163009,0,0.805766
976,10000,1.28456,1,1.77828,0.0080144,0.00630957,0.01,0.273302,0.25,0.3,0.746864,0.7,0.8,1.43609e-05,8.86351e+07,181372,3.19578e+06,0.01,0.95,10,10000,0.938,0.139,898,770,0.00191438,0,0.857461
977,10000,1.28262,1,1.77828,0.0080695,0.00630957,0.01,0.273449,0.25,0.3,0.846407,0.8,0.9,1.43609e-05,5.66554e+07,141999,2.04274e+06,0.01,0.95,10,10000,0.938,0.139,574,504,0.00236624,0,0.878049
978,10000,1.28553,1,1.77828,0.00801073,0.00630957,0.01,0.274334,0.25,0.3,0.948099,0.9,1,1.43609e-05,3.73096e+07,107485,1.34522e+06,0.01,0.95,10,10000,0.938,0.139,378,358,0.00280758,0,0.94709
979,10000,1.28317,1,1.77828,0.00794276,0.00630957,0.01,0.273967,0.25,0.3,1.17639,1,1.5,7.18047e-05,1.36999e+07,29308.9,493958,0.01,0.95,10,10000,0.938,0.139,694,653,0.00207882,0,0.940922
980,10000,1.30593,1,1.77828,0.00803741,0.00630957,0.01,0.343619,0.3,0.4,0.0641565,0,0.1,2.87219e-05,3.86915e+07,107758,1.39504e+06,0.01,0.95,10,10000,0.938,0.139,784,497,0.00238284,0,0.633929
981,10000,1.31315,1,1.77828,0.00807173,0.00630957,0.01,0.345928,0.3,0.4,0.154078,0.1,0.2,2.87219e-05,1.0196e+08,178782,3.67622e+06,0.01,0.95,10,10000,0.938,0.139,2066,1271,0.00149005,0,0.615198
982,10000,1.30213,1,1.77828,0.00801641,0.00630957,0.01,0.346011,0.3,0.4,0.251743,0.2,0.3,2.87219e-05,1.48696e+08,219107,5.3613e+06,0.01,0.95,10,10000,0.938,0.139,3013,1816,0.00124657,0,0.602722
983,10000,1.28962,1,1.77828,0.00802929,0.00630957,0.01,0.345261,0.3,0.4,0.35049,0.3,0.4,2.87219e-05,1.65919e+08,235547,5.98231e+06,0.01,0.95,10,10000,0.938,0.139,3362,1977,0.00119473,0,0.588043
984,10000,1.2836,1,1.77828,0.00806725,0.00630957,0.01,0.344262,0.3,0.4,0.448931,0.4,0.5,2.87219e-05,1.50374e+08,212562,5.4218e+06,0.01,0.95,10,10000,0.938,0.139,3047,1930,0.00120919,0,0.63341
985,10000,1.28051,1,1.77828,0.00808355,0.00630957,0.01,0.34511,0.3,0.4,0.548449,0.5,0.6,2.87219e-05,1.22293e+08,187103,4.40933e+06,0.01,0.95,10,10000,0.938,0.139,2478,1622,0.00131901,0,0.65456
986,10000,1.27944,1,1.77828,0.00800852,0.00630957,0.01,0.345198,0.3,0.4,0.648125,0.6,0.7,2.87219e-05,8.70558e+07,148275,3.13884e+06,0.01,0.95,10,10000,0.938,0.139,1764,1254,0.00150012,0,0.710884
987,10000,1.27824,1,1.77828,0.00803142,0.00630957,0.01,0.345022,0.3,0.4,0.748875,0.7,0.8,2.87219e-05,5.95177e+07,111582,2.14594e+06,0.01,0.95,10,10000,0.938,0.139,1206,964,0.00171094,0,0.799337
988,10000,1.28284,1,1.77828,0.00800439,0.00630957,0.01,0.345295,0.3,0.4,0.846545,0.8,0.9,2.87219e-05,4.18006e+07,87678.3,1.50714e+06,0.01,0.95,10,10000,0.938,0.139,847,730,0.00196613,0,0.861865
989,10000,1.30513,1,1.77828,0.00791342,0.00630957,0.01,0.346432,0.3,0.4,0.946807,0.9,1,2.87219e-05,2.96602e+07,73107.1,1.06941e+06,0.01,0.95,10,10000,0.938,0.139,601,524,0.00232064,0,0.87188
990,10000,1.28673,1,1.77828,0.00799195,0.00630957,0.01,0.345884,0.3,0.4,1.17181,1,1.5,0.000143609,9.34715e+06,18426.4,337016,0.01,0.95,10,10000,0.938,0.139,947,822,0.00185284,0,0.868004
991,10000,1.28935,1,1.77828,0.0080315,0.00630957,0.01,0.443537,0.4,0.5,0.0641039,0,0.1,2.87219e-05,1.96912e+07,67832.3,709976,0.01,0.95,10,10000,0.938,0.139,399,298,0.00307727,0,0.746867
992,10000,1.29308,1,1.77828,0.00814944,0.00630957,0.01,0.446043,0.4,0.5,0.153319,0.1,0.2,2.87219e-05,5.13748e+07,114148,1.85234e+06,0.01,0.95,10,10000,0.938,0.139,1041,738,0.00195545,0,0.708934
993,10000,1.30632,1,1.77828,0.00808051,0.00630957,0.01,0.446761,0.4,0.5,0.252215,0.2,0.3,2.87219e-05,7.45206e+07,142863,2.68688e+06,0.01,0.95,10,10000,0.938,0.139,1510,1018,0.00166495,0,0.674172
994,10000,1.29245,1,1.77828,0.00801556,0.00630957,0.01,0.446743,0.4,0.5,0.34946,0.3,0.4,2.87219e-05,9.05598e+07,166770,3.26518e+06,0.01,0.95,10,10000,0.938,0.139,1835,1145,0.0015699,0,0.623978
995,10000,1.28758,1,1.77828,0.00807663,0.00630957,0.01,0.446157,0.4,0.5,0.449408,0.4,0.5,2.87219e-05,8.53779e+07,162858,3.07834e+06,0.01,0.95,10,10000,0.938,0.139,1730,1071,0.00162323,0,0.619075
996,10000,1.26799,1,1.77828,0.00804264,0.00630957,0.01,0.443483,0.4,0.5,0.547686,0.5,0.6,2.87219e-05,7.21517e+07,147478,2.60147e+06,0.01,0.95,10,10000,0.938,0.139,1462,924,0.00174758,0,0.632011
997,10000,1.28319,1,1.77828,0.00809894,0.00630957,0.01,0.446767,0.4,0.5,0.648023,0.6,0.7,2.87219e-05,5.56683e+07,126663,2.00715e+06,0.01,0.95,10,10000,0.938,0.139,1128,735,0.00195943,0,0.651596
998,10000,1.27312,1,1.77828,0.00801871,0.00630957,0.01,0.445537,0.4,0.5,0.747127,0.7,0.8,2.87219e-05,4.11097e+07,99942.3,1.48223e+06,0.01,0.95,10,10000,0.938,0.139,833,607,0.00215615,0,0.728691
999,10000,1.27865,1,1.77828,0.00811911,0.00630957,0.01,0.446031,0.4,0.5,0.847583,0.8,0.9,2.87219e-05,2.80316e+07,80662.5,1.01069e+06,0.01,0.95,10,10000,0.938,0.139,568,426,0.00257377,0,0.75
1000,10000,1.27615,1,1.77828,0.00796099,0.00630957,0.01,0.444454,0.4,0.5,0.946529,0.9,1,2.87219e-05,1.83587e+07,67782.5,661933,0.01,0.95,10,10000,0.938,0.139,372,266,0.00325712,0,0.715054
1001,10000,1.2869,1,1.77828,0.00801073,0.00630957,0.01,0.447193,0.4,0.5,1.1821,1,1.5,0.000143609,6.64269e+06,15561,239506,0.01,0.95,10,10000,0.938,0.139,673,583,0.00220009,0,0.86627
1002,10000,1.26159,1,1.77828,0.00809302,0.00630957,0.01,0.541754,0.5,0.6,0.0654337,0,0.1,2.87219e-05,1.00183e+07,45142.7,361216,0.01,0.95,10,10000,0.938,0.139,203,165,0.00413554,0,0.812808
1003,10000,1.28118,1,1.77828,0.00808527,0.00630957,0.01,0.54261,0.5,0.6,0.152995,0.1,0.2,2.87219e-05,2.61562e+07,76144.7,943076,0.01,0.95,10,10000,0.938,0.139,530,409,0.00262671,0,0.771698
1004,10000,1.27963,1,1.77828,0.00802504,0.00630957,0.01,0.547299,0.5,0.6,0.251005,0.2,0.3,2.87219e-05,4.0172e+07,99607.4,1.44842e+06,0.01,0.95,10,10000,0.938,0.139,814,587,0.00219258,0,0.72113
1005,10000,1.28499,1,1.77828,0.0079975,0.00630957,0.01,0.54521,0.5,0.6,0.348978,0.3,0.4,2.87219e-05,4.53046e+07,105779,1.63348e+06,0.01,0.95,10,10000,0.938,0.139,918,662,0.00206464,0,0.721133
1006,10000,1.27238,1,1.77828,0.00809815,0.00630957,0.01,0.546876,0.5,0.6,0.447777,0.4,0.5,2.87219e-05,4.71799e+07,116181,1.7011e+06,0.01,0.95,10,10000,0.938,0.139,956,626,0.00212318,0,0.654812
1007,10000,1.26564,1,1.77828,0.00818651,0.00630957,0.01,0.545383,0.5,0.6,0.549062,0.5,0.6,2.87219e-05,3.92837e+07,109469,1.41639e+06,0.01,0.95,10,10000,0.938,0.139,796,499,0.00237806,0,0.626884
1008,10000,1.26216,1,1.77828,0.00808181,0.00630957,0.01,0.546304,0.5,0.6,0.646141,0.6,0.7,2.87219e-05,3.05978e+07,99332.7,1.10322e+06,0.01,0.95,10,10000,0.938,0.139,620,374,0.00274687,0,0.603226
1009,10000,1.26438,1,1.77828,0.00797212,0.00630957,0.01,0.543677,0.5,0.6,0.746362,0.7,0.8,2.87219e-05,2.54653e+07,88032.3,918165,0.01,0.95,10,10000,0.938,0.139,516,324,0.00295122,0,0.627907
1010,10000,1.26047,1,1.77828,0.0079408,0.00630957,0.01,0.546442,0.5,0.6,0.84895,0.8,0.9,2.87219e-05,1.77665e+07,70346,640580,0.01,0.95,10,10000,0.938,0.139,360,240,0.00342901,0,0.666667
1011,10000,1.27474,1,1.77828,0.00795948,0.00630957,0.01,0.547046,0.5,0.6,0.94533,0.9,1,2.87219e-05,1.32262e+07,62168.6,476876,0.01,0.95,10,10000,0.938,0.139,268,173,0.00403879,0,0.645522
1012,10000,1.28293,1,1.77828,0.00799075,0.00630957,0.01,0.549564,0.5,0.6,1.17843,1,1.5,0.000143609,4.97462e+06,14848.7,179362,0.01,0.95,10,10000,0.938,0.139,504,389,0.00269339,0,0.771825
1013,10000,1.25317,1,1.77828,0.00784636,0.00630957,0.01,0.652559,0.6,0.7,0.0609706,0,0.1,2.87219e-05,5.3793e+06,33909.7,193953,0.01,0.95,10,10000,0.938,0.139,109,86,0.00572829,0,0.788991
1014,10000,1.26956,1,1.77828,0.00802079,0.00630957,0.01,0.646097,0.6,0.7,0.152371,0.1,0.2,2.87219e-05,1.50522e+07,58645.8,542714,0.01,0.95,10,10000,0.938,0.139,305,231,0.00349517,0,0.757377
1015,10000,1.26273,1,1.77828,0.0080099,0.00630957,0.01,0.642237,0.6,0.7,0.252332,0.2,0.3,2.87219e-05,2.25042e+07,72954.7,811401,0.01,0.95,10,10000,0.938,0.139,456,338,0.00288945,0,0.741228
1016,10000,1.25774,1,1.77828,0.0080514,0.00630957,0.01,0.645832,0.6,0.7,0.349561,0.3,0.4,2.87219e-05,2.31458e+07,74949.7,834533,0.01,0.95,10,10000,0.938,0.139,469,342,0.00287251,0,0.729211
1017,10000,1.26472,1,1.77828,0.00799036,0.00630957,0.01,0.647404,0.6,0.7,0.450748,0.4,0.5,2.87219e-05,2.2899e+07,72904.9,825636,0.01,0.95,10,10000,0.938,0.139,464,348,0.00284764,0,0.75
1018,10000,1.25243,1,1.77828,0.00794821,0.00630957,0.01,0.646238,0.6,0.7,0.549569,0.5,0.6,2.87219e-05,2.22081e+07,80863.2,800725,0.01,0.95,10,10000,0.938,0.139,450,289,0.00312482,0,0.642222
1019,10000,1.29163,1,1.77828,0.00807178,0.00630957,0.01,0.64514,0.6,0.7,0.648053,0.6,0.7,2.87219e-05,2.11224e+07,84204.6,761578,0.01,0.95,10,10000,0.938,0.139,428,251,0.00335303,0,0.586449
1020,10000,1.26366,1,1.77828,0.00811043,0.00630957,0.01,0.648354,0.6,0.7,0.750202,0.7,0.8,2.87219e-05,1.69275e+07,74632.6,610330,0.01,0.95,10,10000,0.938,0.139,343,204,0.00371928,0,0.594752
1021,10000,1.26826,1,1.77828,0.00797667,0.00630957,0.01,0.651626,0.6,0.7,0.845208,0.8,0.9,2.87219e-05,1.35716e+07,71983.6,489332,0.01,0.95,10,10000,0.938,0.139,275,147,0.00438142,0,0.534545
1022,10000,1.29779,1,1.77828,0.0080303,0.00630957,0.01,0.650605,0.6,0.7,0.946949,0.9,1,2.87219e-05,9.72222e+06,55937,350540,0.01,0.95,10,10000,0.938,0.139,197,119,0.00486968,0,0.604061
1023,10000,1.27511,1,1.77828,0.00801628,0.00630957,0.01,0.645506,0.6,0.7,1.18024,1,1.5,0.000143609,4.15539e+06,15323.6,149825,0.01,0.95,10,10000,0.938,0.139,421,278,0.00318604,0,0.660333
1024,10000,1.26789,1,1.77828,0.00797511,0.00630957,0.01,0.743704,0.7,0.8,0.0645444,0,0.1,2.87219e-05,2.66497e+06,27822.6,96087,0.01,0.95,10,10000,0.938,0.139,54,35,0.00897925,0,0.648148
1025,10000,1.25118,1,1.77828,0.00805057,0.00630957,0.01,0.741009,0.7,0.8,0.153444,0.1,0.2,2.87219e-05,7.94557e+06,43738.1,286482,0.01,0.95,10,10000,0.938,0.139,161,118,0.00489027,0,0.732919
1026,10000,1.26044,1,1.77828,0.00803837,0.00630957,0.01,0.745296,0.7,0.8,0.250546,0.2,0.3,2.87219e-05,1.0956e+07,46866.7,395024,0.01,0.95,10,10000,0.938,0.139,222,182,0.00393766,0,0.81982
1027,10000,1.26193,1,1.77828,0.00813942,0.00630957,0.01,0.746179,0.7,0.8,0.35314,0.3,0.4,2.87219e-05,1.33249e+07,53582.6,480435,0.01,0.95,10,10000,0.938,0.139,270,212,0.00364843,0,0.785185
1028,10000,1.2741,1,1.77828,0.00804137,0.00630957,0.01,0.74544,0.7,0.8,0.448039,0.4,0.5,2.87219e-05,1.50522e+07,59891.1,542714,0.01,0.95,10,10000,0.938,0.139,305,225,0.00354146,0,0.737705
1029,10000,1.26094,1,1.77828,0.00805498,0.00630957,0.01,0.744217,0.7,0.8,0.546272,0.5,0.6,2.87219e-05,1.21404e+07,54854.1,437730,0.01,0.95,10,10000,0.938,0.139,246,177,0.00399289,0,0.719512
1030,10000,1.26257,1,1.77828,0.00819671,0.00630957,0.01,0.747543,0.7,0.8,0.646503,0.6,0.7,2.87219e-05,1.15482e+07,56443.2,416377,0.01,0.95,10,10000,0.938,0.139,234,157,0.00423959,0,0.67094
1031,10000,1.27541,1,1.77828,0.00831937,0.00630957,0.01,0.746206,0.7,0.8,0.743924,0.7,0.8,2.87219e-05,1.01664e+07,58013.1,366554,0.01,0.95,10,10000,0.938,0.139,206,122,0.00480943,0,0.592233
1032,10000,1.26539,1,1.77828,0.00799503,0.00630957,0.01,0.748583,0.7,0.8,0.847417,0.8,0.9,2.87219e-05,8.34038e+06,54507.7,300717,0.01,0.95,10,10000,0.938,0.139,169,95,0.0054502,0,0.56213
1033,10000,1.29632,1,1.77828,0.00799936,0.00630957,0.01,0.744157,0.7,0.8,0.950513,0.9,1,2.87219e-05,7.40271e+06,56112.2,266908,0.01,0.95,10,10000,0.938,0.139,150,74,0.0061753,0,0.493333
1034,10000,1.28963,1,1.77828,0.00804751,0.00630957,0.01,0.748509,0.7,0.8,1.21546,1,1.5,0.000143609,3.53356e+06,16046.4,127404,0.01,0.95,10,10000,0.938,0.139,358,198,0.00377521,0,0.553073
1035,10000,1.31569,1,1.77828,0.0075013,0.00630957,0.01,0.83027,0.8,0.9,0.0616153,0,0.1,2.87219e-05,1.48054e+06,21093.5,53381.7,0.01,0.95,10,10000,0.938,0.139,30,19,0.012187,0,0.633333
1036,10000,1.25356,1,1.77828,0.00806639,0.00630957,0.01,0.852244,0.8,0.9,0.152499,0.1,0.2,2.87219e-05,3.94811e+06,29480.5,142351,0.01,0.95,10,10000,0.938,0.139,80,62,0.00674649,0,0.775
1037,10000,1.24247,1,1.77828,0.00778116,0.00630957,0.01,0.848988,0.8,0.9,0.250973,0.2,0.3,2.87219e-05,5.87281e+06,42574.8,211747,0.01,0.95,10,10000,0.938,0.139,119,74,0.0061753,0,0.621849
1038,10000,1.29147,1,1.77828,0.00806199,0.00630957,0.01,0.843363,0.8,0.9,0.348434,0.3,0.4,2.87219e-05,7.1066e+06,39436.8,256232,0.01,0.95,10,10000,0.938,0.139,144,112,0.00501955,0,0.777778
1039,10000,1.29034,1,1.77828,0.00788039,0.00630957,0.01,0.837481,0.8,0.9,0.449534,0.4,0.5,2.87219e-05,6.85984e+06,41889.4,247335,0.01,0.95,10,10000,0.938,0.139,139,98,0.00536613,0,0.705036
1040,10000,1.26574,1,1.77828,0.00819037,0.00630957,0.01,0.846086,0.8,0.9,0.548334,0.5,0.6,2.87219e-05,7.00789e+06,42376.6,252673,0.01,0.95,10,10000,0.938,0.139,142,100,0.00531219,0,0.704225
1041,10000,1.27861,1,1.77828,0.00821214,0.00630957,0.01,0.838054,0.8,0.9,0.646555,0.6,0.7,2.87219e-05,5.32995e+06,34488.3,192174,0.01,0.95,10,10000,0.938,0.139,108,83,0.00583089,0,0.768519
1042,10000,1.25834,1,1.77828,0.00795629,0.00630957,0.01,0.846796,0.8,0.9,0.753064,0.7,0.8,2.87219e-05,5.3793e+06,37794.1,193953,0.01,0.95,10,10000,0.938,0.139,109,75,0.00613399,0,0.688073
1043,10000,1.24292,1,1.77828,0.00807333,0.00630957,0.01,0.84119,0.8,0.9,0.845776,0.8,0.9,2.87219e-05,4.24422e+06,40843,153027,0.01,0.95,10,10000,0.938,0.139,86,45,0.00791895,0,0.523256
1044,10000,1.25989,1,1.77828,0.00801643,0.00630957,0.01,0.851253,0.8,0.9,0.943773,0.9,1,2.87219e-05,5.03384e+06,49070.8,181498,0.01,0.95,10,10000,0.938,0.139,102,46,0.0078324,0,0.45098
1045,10000,1.25774,1,1.77828,0.00796307,0.00630957,0.01,0.84711,0.8,0.9,1.22146,1,1.5,0.000143609,3.10914e+06,18250.4,112101,0.01,0.95,10,10000,0.938,0.139,315,130,0.0046591,0,0.412698
1046,10000,1.42836,1,1.77828,0.00779619,0.00630957,0.01,0.935128,0.9,1,0.0637849,0,0.1,2.87219e-05,592216,17703.4,21352.7,0.01,0.95,10,10000,0.938,0.139,12,5,0.0237569,0,0.416667
1047,10000,1.26164,1,1.77828,0.00788512,0.00630957,0.01,0.941636,0.9,1,0.152982,0.1,0.2,2.87219e-05,1.826e+06,25333.9,65837.4,0.01,0.95,10,10000,0.938,0.139,37,21,0.0115922,0,0.567568
1048,10000,1.25179,1,1.77828,0.00832558,0.00630957,0.01,0.946142,0.9,1,0.260903,0.2,0.3,2.87219e-05,2.07276e+06,24686.1,74734.3,0.01,0.95,10,10000,0.938,0.139,42,27,0.0102233,0,0.642857
1049,10000,1.24279,1,1.77828,0.00810276,0.00630957,0.01,0.937702,0.9,1,0.35163,0.3,0.4,2.87219e-05,3.25719e+06,28642.2,117440,0.01,0.95,10,10000,0.938,0.139,66,47,0.00774863,0,0.712121
1050,10000,1.25627,1,1.77828,0.00787917,0.00630957,0.01,0.950336,0.9,1,0.446129,0.4,0.5,2.87219e-05,4.09616e+06,31335.9,147689,0.01,0.95,10,10000,0.938,0.139,83,61,0.00680157,0,0.73494
1051,10000,1.22606,1,1.77828,0.00819361,0.00630957,0.01,0.938939,0.9,1,0.557946,0.5,0.6,2.87219e-05,2.61562e+06,23560.1,94307.6,0.01,0.95,10,10000,0.938,0.139,53,42,0.00819689,0,0.792453
1052,10000,1.22947,1,1.77828,0.00806583,0.00630957,0.01,0.93954,0.9,1,0.653296,0.6,0.7,2.87219e-05,2.02341e+06,18063.4,72954.9,0.01,0.95,10,10000,0.938,0.139,41,38,0.00861752,0,0.926829
1053,10000,1.19104,1,1.77828,0.0078125,0.00630957,0.01,0.942775,0.9,1,0.746863,0.7,0.8,2.87219e-05,2.51692e+06,25903.7,90748.8,0.01,0.95,10,10000,0.938,0.139,51,35,0.00897925,0,0.686275
1054,10000,1.22495,1,1.77828,0.00829671,0.00630957,0.01,0.953716,0.9,1,0.852678,0.8,0.9,2.87219e-05,2.36887e+06,28305.4,85410.7,0.01,0.95,10,10000,0.938,0.139,48,28,0.0100391,0,0.583333
1055,10000,1.19969,1,1.77828,0.00805971,0.00630957,0.01,0.945212,0.9,1,0.955371,0.9,1,2.87219e-05,2.27016e+06,36052.2,81851.9,0.01,0.95,10,10000,0.938,0.139,46,18,0.012521,0,0.391304
1056,10000,1.32119,1,1.77828,0.00800444,0.00630957,0.01,0.953874,0.9,1,1.24754,1,1.5,0.000143609,2.70445e+06,17318.9,97510.5,0.01,0.95,10,10000,0.938,0.139,274,110,0.00506498,0,0.40146
1057,10000,1.33125,1,1.77828,0.0124907,0.01,0.0158489,0.0695868,0.05,0.1,0.0686769,0,0.1,2.27604e-05,2.9557e+08,414691,1.06569e+07,0.01,0.95,10,10000,0.938,0.139,4746,2202,0.00113205,0,0.46397
1058,10000,1.35599,1,1.77828,0.012378,0.01,0.0158489,0.0696614,0.05,0.1,0.156487,0.1,0.2,2.27604e-05,8.13906e+08,537389,2.93458e+07,0.01,0.95,10,10000,0.938,0.139,13069,8658,0.000570907,0,0.662484
1059,10000,1.37509,1,1.77828,0.0123807,0.01,0.0158489,0.0716864,0.05,0.1,0.250145,0.2,0.3,2.27604e-05,9.49422e+08,490005,3.42319e+07,0.01,0.95,10,10000,0.938,0.139,15245,12501,0.000475118,0,0.820007
1060,10000,1.39481,1,1.77828,0.0123385,0.01,0.0158489,0.073131,0.05,0.1,0.3473,0.3,0.4,2.27604e-05,7.32073e+08,408039,2.63953e+07,0.01,0.95,10,10000,0.938,0.139,11755,10248,0.000524752,0,0.871799
1061,10000,1.41381,1,1.77828,0.0122994,0.01,0.0158489,0.0743824,0.05,0.1,0.446375,0.4,0.5,2.27604e-05,4.8097e+08,326587,1.73416e+07,0.01,0.95,10,10000,0.938,0.139,7723,6829,0.000642829,0,0.884242
1062,10000,1.42439,1,1.77828,0.0122241,0.01,0.0158489,0.0756506,0.05,0.1,0.545348,0.5,0.6,2.27604e-05,2.94137e+08,259564,1.06053e+07,0.01,0.95,10,10000,0.938,0.139,4723,4101,0.000829524,0,0.868304
1063,10000,1.45551,1,1.77828,0.0121916,0.01,0.0158489,0.0768142,0.05,0.1,0.644419,0.6,0.7,2.27604e-05,1.62295e+08,202990,5.85165e+06,0.01,0.95,10,10000,0.938,0.139,2606,2132,0.00115048,0,0.818112
1064,10000,1.46366,1,1.77828,0.0121344,0.01,0.0158489,0.0776548,0.05,0.1,0.7441,0.7,0.8,2.27604e-05,8.50089e+07,148562,3.06504e+06,0.01,0.95,10,10000,0.938,0.139,1365,1102,0.00160023,0,0.807326
1065,10000,1.49095,1,1.77828,0.0121302,0.01,0.0158489,0.0794688,0.05,0.1,0.844626,0.8,0.9,2.27604e-05,4.11655e+07,100614,1.48424e+06,0.01,0.95,10,10000,0.938,0.139,661,551,0.00226307,0,0.833585
1066,10000,1.54212,1,1.77828,0.0121702,0.01,0.0158489,0.0800524,0.05,0.1,0.943826,0.9,1,2.27604e-05,1.98043e+07,70715.5,714054,0.01,0.95,10,10000,0.938,0.139,318,261,0.00328817,0,0.820755
1067,10000,1.54604,1,1.77828,0.011964,0.01,0.0158489,0.0828806,0.05,0.1,1.13481,1,1.5,0.000113802,3.82385e+06,14131.5,137871,0.01,0.95,10,10000,0.938,0.139,307,247,0.00338007,0,0.80456
1068,10000,1.34576,1,1.77828,0.0126557,0.01,0.0158489,0.12253,0.1,0.15,0.0693135,0,0.1,2.27604e-05,1.31094e+08,305387,4.72667e+06,0.01,0.95,10,10000,0.938,0.139,2105,834,0.00183946,0,0.3962
1069,10000,1.35918,1,1.77828,0.0124255,0.01,0.0158489,0.121729,0.1,0.15,0.155673,0.1,0.2,2.27604e-05,3.65819e+08,413256,1.31898e+07,0.01,0.95,10,10000,0.938,0.139,5874,3213,0.00093717,0,0.546987
1070,10000,1.35541,1,1.77828,0.0123904,0.01,0.0158489,0.121929,0.1,0.15,0.253146,0.2,0.3,2.27604e-05,4.85454e+08,407456,1.75033e+07,0.01,0.95,10,10000,0.938,0.139,7795,5292,0.000730237,0,0.678897
1071,10000,1.35783,1,1.77828,0.0123619,0.01,0.0158489,0.122482,0.1,0.15,0.348947,0.3,0.4,2.27604e-05,4.43977e+08,334492,1.60078e+07,0.01,0.95,10,10000,0.938,0.139,7129,5858,0.000694064,0,0.821714
1072,10000,1.36995,1,1.77828,0.0123319,0.01,0.0158489,0.122879,0.1,0.15,0.447719,0.4,0.5,2.27604e-05,3.33061e+08,270482,1.20087e+07,0.01,0.95,10,10000,0.938,0.139,5348,4754,0.00077045,0,0.88893
1073,10000,1.38227,1,1.77828,0.0123234,0.01,0.0158489,0.123511,0.1,0.15,0.546114,0.5,0.6,2.27604e-05,2.32358e+08,222976,8.37778e+06,0.01,0.95,10,10000,0.938,0.139,3731,3365,0.000915759,0,0.901903
1074,10000,1.38838,1,1.77828,0.0122817,0.01,0.0158489,0.123846,0.1,0.15,0.646614,0.6,0.7,2.27604e-05,1.46228e+08,178467,5.27232e+06,0.01,0.95,10,10000,0.938,0.139,2348,2097,0.00116004,0,0.893101
1075,10000,1.40351,1,1.77828,0.012266,0.01,0.0158489,0.124702,0.1,0.15,0.74573,0.7,0.8,2.27604e-05,9.37278e+07,140893,3.3794e+06,0.01,0.95,10,10000,0.938,0.139,1505,1365,0.00143783,0,0.906977
1076,10000,1.40125,1,1.77828,0.0121964,0.01,0.0158489,0.124925,0.1,0.15,0.845691,0.8,0.9,2.27604e-05,5.10054e+07,100769,1.83902e+06,0.01,0.95,10,10000,0.938,0.139,819,768,0.00191687,0,0.937729
1077,10000,1.43054,1,1.77828,0.0121266,0.01,0.0158489,0.12506,0.1,0.15,0.944763,0.9,1,2.27604e-05,3.02046e+07,80463.6,1.08904e+06,0.01,0.95,10,10000,0.938,0.139,485,437,0.00254117,0,0.901031
1078,10000,1.44799,1,1.77828,0.0123109,0.01,0.0158489,0.126215,0.1,0.15,1.15032,1,1.5,0.000113802,7.18684e+06,17066.2,259125,0.01,0.95,10,10000,0.938,0.139,577,536,0.00229452,0,0.928943
1079,10000,1.35553,1,1.77828,0.0126296,0.01,0.0158489,0.174429,0.15,0.2,0.0651833,0,0.1,2.27604e-05,7.1121e+07,201405,2.56431e+06,0.01,0.95,10,10000,0.938,0.139,1142,538,0.00229025,0,0.471103
1080,10000,1.36231,1,1.77828,0.0123844,0.01,0.0158489,0.173608,0.15,0.2,0.155786,0.1,0.2,2.27604e-05,2.02714e+08,311778,7.30894e+06,0.01,0.95,10,10000,0.938,0.139,3255,1746,0.00127131,0,0.536406
1081,10000,1.36597,1,1.77828,0.0123521,0.01,0.0158489,0.173018,0.15,0.2,0.252984,0.2,0.3,2.27604e-05,2.77945e+08,341499,1.00214e+07,0.01,0.95,10,10000,0.938,0.139,4463,2635,0.00103486,0,0.59041
1082,10000,1.35363,1,1.77828,0.0123231,0.01,0.0158489,0.172741,0.15,0.2,0.350988,0.3,0.4,2.27604e-05,2.84235e+08,305521,1.02482e+07,0.01,0.95,10,10000,0.938,0.139,4564,3182,0.000941725,0,0.697195
1083,10000,1.35698,1,1.77828,0.0123697,0.01,0.0158489,0.173255,0.15,0.2,0.448898,0.4,0.5,2.27604e-05,2.22767e+08,239227,8.03198e+06,0.01,0.95,10,10000,0.938,0.139,3577,2906,0.000985431,0,0.812413
1084,10000,1.36402,1,1.77828,0.0123192,0.01,0.0158489,0.173222,0.15,0.2,0.546574,0.5,0.6,2.27604e-05,1.5669e+08,182533,5.64956e+06,0.01,0.95,10,10000,0.938,0.139,2516,2277,0.00111325,0,0.905008
1085,10000,1.37425,1,1.77828,0.0123399,0.01,0.0158489,0.173532,0.15,0.2,0.646913,0.6,0.7,2.27604e-05,1.07678e+08,153252,3.88239e+06,0.01,0.95,10,10000,0.938,0.139,1729,1543,0.00135236,0,0.892423
1086,10000,1.37862,1,1.77828,0.0122956,0.01,0.0158489,0.173551,0.15,0.2,0.746144,0.7,0.8,2.27604e-05,7.47331e+07,121292,2.69454e+06,0.01,0.95,10,10000,0.938,0.139,1200,1132,0.00157889,0,0.943333
1087,10000,1.37473,1,1.77828,0.0123119,0.01,0.0158489,0.174413,0.15,0.2,0.845059,0.8,0.9,2.27604e-05,4.16014e+07,94273,1.49996e+06,0.01,0.95,10,10000,0.938,0.139,668,603,0.00216329,0,0.902695
1088,10000,1.37705,1,1.77828,0.0123437,0.01,0.0158489,0.175124,0.15,0.2,0.947986,0.9,1,2.27604e-05,2.62812e+07,70254.7,947580,0.01,0.95,10,10000,0.938,0.139,422,408,0.00262993,0,0.966825
1089,10000,1.41116,1,1.77828,0.01229,0.01,0.0158489,0.174523,0.15,0.2,1.1556,1,1.5,0.000113802,7.64769e+06,17329.8,275741,0.01,0.95,10,10000,0.938,0.139,614,580,0.00220577,0,0.944625
1090,10000,1.37343,1,1.77828,0.0125119,0.01,0.0158489,0.223442,0.2,0.25,0.0637687,0,0.1,2.27604e-05,4.47153e+07,127492,1.61223e+06,0.01,0.95,10,10000,0.938,0.139,718,468,0.00245556,0,0.651811
1091,10000,1.37265,1,1.77828,0.0124954,0.01,0.0158489,0.223194,0.2,0.25,0.154196,0.1,0.2,2.27604e-05,1.27794e+08,238315,4.60767e+06,0.01,0.95,10,10000,0.938,0.139,2052,1163,0.0015577,0,0.566764
1092,10000,1.37219,1,1.77828,0.0124457,0.01,0.0158489,0.223132,0.2,0.25,0.251893,0.2,0.3,2.27604e-05,1.78301e+08,271505,6.42873e+06,0.01,0.95,10,10000,0.938,0.139,2863,1708,0.00128538,0,0.596577
1093,10000,1.35646,1,1.77828,0.0123385,0.01,0.0158489,0.222943,0.2,0.25,0.349746,0.3,0.4,2.27604e-05,1.90819e+08,257340,6.88006e+06,0.01,0.95,10,10000,0.938,0.139,3064,2060,0.00117042,0,0.672324
1094,10000,1.36485,1,1.77828,0.0123597,0.01,0.0158489,0.223197,0.2,0.25,0.449785,0.4,0.5,2.27604e-05,1.61112e+08,219150,5.80898e+06,0.01,0.95,10,10000,0.938,0.139,2587,1919,0.00121265,0,0.741786
1095,10000,1.35871,1,1.77828,0.0123035,0.01,0.0158489,0.223779,0.2,0.25,0.547541,0.5,0.6,2.27604e-05,1.12598e+08,169674,4.05978e+06,0.01,0.95,10,10000,0.938,0.139,1808,1473,0.00138412,0,0.814712
1096,10000,1.37069,1,1.77828,0.012339,0.01,0.0158489,0.223076,0.2,0.25,0.647179,0.6,0.7,2.27604e-05,8.09609e+07,135943,2.91909e+06,0.01,0.95,10,10000,0.938,0.139,1300,1131,0.00157958,0,0.87
1097,10000,1.37202,1,1.77828,0.0123121,0.01,0.0158489,0.22287,0.2,0.25,0.746017,0.7,0.8,2.27604e-05,5.38701e+07,103938,1.94232e+06,0.01,0.95,10,10000,0.938,0.139,865,808,0.00186882,0,0.934104
1098,10000,1.36859,1,1.77828,0.0124481,0.01,0.0158489,0.224277,0.2,0.25,0.847027,0.8,0.9,2.27604e-05,3.15125e+07,80713.9,1.1362e+06,0.01,0.95,10,10000,0.938,0.139,506,465,0.00246347,0,0.918972
1099,10000,1.36991,1,1.77828,0.0124059,0.01,0.0158489,0.224792,0.2,0.25,0.946058,0.9,1,2.27604e-05,2.14235e+07,66380.8,772435,0.01,0.95,10,10000,0.938,0.139,344,317,0.00298363,0,0.921512
1100,10000,1.39358,1,1.77828,0.0123543,0.01,0.0158489,0.22444,0.2,0.25,1.15699,1,1.5,0.000113802,6.86299e+06,16252.9,247449,0.01,0.95,10,10000,0.938,0.139,551,526,0.00231623,0,0.954628
1101,10000,1.36978,1,1.77828,0.0124938,0.01,0.0158489,0.274072,0.25,0.3,0.0635261,0,0.1,2.27604e-05,2.95819e+07,95048.8,1.06659e+06,0.01,0.95,10,10000,0.938,0.139,475,347,0.00285174,0,0.730526
1102,10000,1.37419,1,1.77828,0.0124902,0.01,0.0158489,0.272642,0.25,0.3,0.154371,0.1,0.2,2.27604e-05,7.86566e+07,173330,2.836e+06,0.01,0.95,10,10000,0.938,0.139,1263,796,0.00188286,0,0.630245
1103,10000,1.3696,1,1.77828,0.0124716,0.01,0.0158489,0.272982,0.25,0.3,0.251161,0.2,0.3,2.27604e-05,1.18639e+08,215836,4.27758e+06,0.01,0.95,10,10000,0.938,0.139,1905,1178,0.00154775,0,0.618373
1104,10000,1.3691,1,1.77828,0.0123564,0.01,0.0158489,0.273018,0.25,0.3,0.349423,0.3,0.4,2.27604e-05,1.29475e+08,224667,4.66829e+06,0.01,0.95,10,10000,0.938,0.139,2079,1292,0.00147789,0,0.621453
1105,10000,1.36769,1,1.77828,0.0123737,0.01,0.0158489,0.273736,0.25,0.3,0.448367,0.4,0.5,2.27604e-05,1.1048e+08,197519,3.98343e+06,0.01,0.95,10,10000,0.938,0.139,1774,1179,0.0015471,0,0.6646
1106,10000,1.36289,1,1.77828,0.0123266,0.01,0.0158489,0.272769,0.25,0.3,0.54965,0.5,0.6,2.27604e-05,8.81851e+07,161568,3.17956e+06,0.01,0.95,10,10000,0.938,0.139,1416,1055,0.00163549,0,0.745056
1107,10000,1.35885,1,1.77828,0.0123517,0.01,0.0158489,0.273921,0.25,0.3,0.647528,0.6,0.7,2.27604e-05,5.87901e+07,118026,2.11971e+06,0.01,0.95,10,10000,0.938,0.139,944,804,0.00187347,0,0.851695
1108,10000,1.36214,1,1.77828,0.0123097,0.01,0.0158489,0.273563,0.25,0.3,0.74704,0.7,0.8,2.27604e-05,4.0605e+07,95265.4,1.46403e+06,0.01,0.95,10,10000,0.938,0.139,652,574,0.00221727,0,0.880368
1109,10000,1.38817,1,1.77828,0.0123011,0.01,0.0158489,0.27368,0.25,0.3,0.844745,0.8,0.9,2.27604e-05,2.74644e+07,75742.6,990244,0.01,0.95,10,10000,0.938,0.139,441,403,0.00264619,0,0.913832
1110,10000,1.35742,1,1.77828,0.0123978,0.01,0.0158489,0.273534,0.25,0.3,0.947143,0.9,1,2.27604e-05,1.61922e+07,57175.1,583817,0.01,0.95,10,10000,0.938,0.139,260,242,0.00341481,0,0.930769
1111,10000,1.38835,1,1.77828,0.0122869,0.01,0.0158489,0.273009,0.25,0.3,1.17212,1,1.5,0.000113802,5.45552e+06,14038.6,196702,0.01,0.95,10,10000,0.938,0.139,438,432,0.00255583,0,0.986301
1112,10000,1.3728,1,1.77828,0.0123633,0.01,0.0158489,0.345328,0.3,0.4,0.0648863,0,0.1,4.55208e-05,1.59431e+07,47623.8,574836,0.01,0.95,10,10000,0.938,0.139,512,391,0.00268649,0,0.763672
1113,10000,1.36515,1,1.77828,0.0124767,0.01,0.0158489,0.346224,0.3,0.4,0.153347,0.1,0.2,4.55208e-05,4.63968e+07,82995,1.67286e+06,0.01,0.95,10,10000,0.938,0.139,1490,1108,0.00159589,0,0.743624
1114,10000,1.36693,1,1.77828,0.0124283,0.01,0.0158489,0.345329,0.3,0.4,0.251232,0.2,0.3,4.55208e-05,6.73532e+07,108572,2.42846e+06,0.01,0.95,10,10000,0.938,0.139,2163,1446,0.00139698,0,0.668516
1115,10000,1.36323,1,1.77828,0.0123905,0.01,0.0158489,0.344861,0.3,0.4,0.351303,0.3,0.4,4.55208e-05,7.5605e+07,116274,2.72598e+06,0.01,0.95,10,10000,0.938,0.139,2428,1600,0.00132805,0,0.658979
1116,10000,1.36665,1,1.77828,0.0123477,0.01,0.0158489,0.344388,0.3,0.4,0.44873,0.4,0.5,4.55208e-05,6.90347e+07,112886,2.48908e+06,0.01,0.95,10,10000,0.938,0.139,2217,1430,0.00140477,0,0.645016
1117,10000,1.36229,1,1.77828,0.0124813,0.01,0.0158489,0.343085,0.3,0.4,0.549845,0.5,0.6,4.55208e-05,5.56139e+07,96822.2,2.00519e+06,0.01,0.95,10,10000,0.938,0.139,1786,1224,0.00151839,0,0.68533
1118,10000,1.36725,1,1.77828,0.0123461,0.01,0.0158489,0.345162,0.3,0.4,0.647433,0.6,0.7,4.55208e-05,4.11032e+07,78472,1.482e+06,0.01,0.95,10,10000,0.938,0.139,1320,976,0.00170039,0,0.739394
1119,10000,1.3631,1,1.77828,0.0123243,0.01,0.0158489,0.345427,0.3,0.4,0.747586,0.7,0.8,4.55208e-05,2.75267e+07,58714.6,992489,0.01,0.95,10,10000,0.938,0.139,884,729,0.00196748,0,0.824661
1120,10000,1.36856,1,1.77828,0.0124229,0.01,0.0158489,0.343798,0.3,0.4,0.848242,0.8,0.9,4.55208e-05,1.98666e+07,48157.2,716299,0.01,0.95,10,10000,0.938,0.139,638,548,0.00226926,0,0.858934
1121,10000,1.34628,1,1.77828,0.0122405,0.01,0.0158489,0.344579,0.3,0.4,0.948025,0.9,1,4.55208e-05,1.0992e+07,32892.4,396322,0.01,0.95,10,10000,0.938,0.139,353,333,0.00291106,0,0.943343
1122,10000,1.37846,1,1.77828,0.0122876,0.01,0.0158489,0.347706,0.3,0.4,1.17305,1,1.5,0.000227604,4.16637e+06,9098.47,150221,0.01,0.95,10,10000,0.938,0.139,669,628,0.0021198,0,0.938714
1123,10000,1.34868,1,1.77828,0.0125745,0.01,0.0158489,0.442378,0.4,0.5,0.0656575,0,0.1,4.55208e-05,8.81228e+06,34257.5,317731,0.01,0.95,10,10000,0.938,0.139,283,225,0.00354146,0,0.795053
1124,10000,1.35715,1,1.77828,0.0123812,0.01,0.0158489,0.445688,0.4,0.5,0.154669,0.1,0.2,4.55208e-05,2.43505e+07,56547.7,877971,0.01,0.95,10,10000,0.938,0.139,782,627,0.00212149,0,0.80179
1125,10000,1.3785,1,1.77828,0.0125411,0.01,0.0158489,0.448954,0.4,0.5,0.250598,0.2,0.3,4.55208e-05,3.40036e+07,69816.4,1.22602e+06,0.01,0.95,10,10000,0.938,0.139,1092,830,0.00184389,0,0.760073
1126,10000,1.36956,1,1.77828,0.0123889,0.01,0.0158489,0.444497,0.4,0.5,0.349025,0.3,0.4,4.55208e-05,3.93595e+07,78149.8,1.41913e+06,0.01,0.95,10,10000,0.938,0.139,1264,914,0.00175712,0,0.723101
1127,10000,1.36561,1,1.77828,0.0122847,0.01,0.0158489,0.444663,0.4,0.5,0.452067,0.4,0.5,4.55208e-05,3.9266e+07,79819.4,1.41576e+06,0.01,0.95,10,10000,0.938,0.139,1261,886,0.00178467,0,0.702617
1128,10000,1.36638,1,1.77828,0.0126102,0.01,0.0158489,0.446735,0.4,0.5,0.548707,0.5,0.6,4.55208e-05,3.26023e+07,72552.3,1.17549e+06,0.01,0.95,10,10000,0.938,0.139,1047,738,0.00195545,0,0.704871
1129,10000,1.37044,1,1.77828,0.0123339,0.01,0.0158489,0.446293,0.4,0.5,0.647474,0.6,0.7,4.55208e-05,2.61877e+07,66384.6,944212,0.01,0.95,10,10000,0.938,0.139,841,577,0.0022115,0,0.686088
1130,10000,1.37195,1,1.77828,0.0124981,0.01,0.0158489,0.445191,0.4,0.5,0.746991,0.7,0.8,4.55208e-05,1.93995e+07,55103.9,699458,0.01,0.95,10,10000,0.938,0.139,623,448,0.00250978,0,0.719101
1131,10000,1.36952,1,1.77828,0.0124419,0.01,0.0158489,0.444669,0.4,0.5,0.845802,0.8,0.9,4.55208e-05,1.27358e+07,41625.9,459195,0.01,0.95,10,10000,0.938,0.139,409,321,0.00296498,0,0.784841
1132,10000,1.35279,1,1.77828,0.0123544,0.01,0.0158489,0.443972,0.4,0.5,0.946732,0.9,1,4.55208e-05,8.87456e+06,33462.6,319977,0.01,0.95,10,10000,0.938,0.139,285,234,0.00347269,0,0.821053
1133,10000,1.40164,1,1.77828,0.0124319,0.01,0.0158489,0.450167,0.4,0.5,1.18292,1,1.5,0.000227604,2.98933e+06,8046.93,107782,0.01,0.95,10,10000,0.938,0.139,480,430,0.00256177,0,0.895833
1134,10000,1.37781,1,1.77828,0.0122612,0.01,0.0158489,0.545851,0.5,0.6,0.0650892,0,0.1,4.55208e-05,4.7331e+06,29346.6,170654,0.01,0.95,10,10000,0.938,0.139,152,99,0.00533896,0,0.651316
1135,10000,1.35414,1,1.77828,0.0124613,0.01,0.0158489,0.547875,0.5,0.6,0.156002,0.1,0.2,4.55208e-05,1.38256e+07,42409.6,498490,0.01,0.95,10,10000,0.938,0.139,444,358,0.00280758,0,0.806306
1136,10000,1.34769,1,1.77828,0.0124177,0.01,0.0158489,0.54505,0.5,0.6,0.250763,0.2,0.3,4.55208e-05,1.98043e+07,50741.9,714054,0.01,0.95,10,10000,0.938,0.139,636,513,0.00234539,0,0.806604
1137,10000,1.35936,1,1.77828,0.0124406,0.01,0.0158489,0.544135,0.5,0.6,0.350553,0.3,0.4,4.55208e-05,2.04893e+07,53685.4,738753,0.01,0.95,10,10000,0.938,0.139,658,506,0.00236156,0,0.768997
1138,10000,1.36057,1,1.77828,0.0124592,0.01,0.0158489,0.543555,0.5,0.6,0.44971,0.4,0.5,4.55208e-05,2.11744e+07,55599.9,763453,0.01,0.95,10,10000,0.938,0.139,680,511,0.00234998,0,0.751471
1139,10000,1.37351,1,1.77828,0.0124557,0.01,0.0158489,0.545743,0.5,0.6,0.549012,0.5,0.6,4.55208e-05,1.92126e+07,55489,692722,0.01,0.95,10,10000,0.938,0.139,617,437,0.00254117,0,0.708266
1140,10000,1.38232,1,1.77828,0.0123506,0.01,0.0158489,0.548033,0.5,0.6,0.643746,0.6,0.7,4.55208e-05,1.58185e+07,53156.8,570345,0.01,0.95,10,10000,0.938,0.139,508,335,0.00290236,0,0.659449
1141,10000,1.37808,1,1.77828,0.0124047,0.01,0.0158489,0.548637,0.5,0.6,0.745009,0.7,0.8,4.55208e-05,1.12411e+07,45387,405304,0.01,0.95,10,10000,0.938,0.139,361,234,0.00347269,0,0.648199
1142,10000,1.36949,1,1.77828,0.0122776,0.01,0.0158489,0.546627,0.5,0.6,0.847362,0.8,0.9,4.55208e-05,9.24823e+06,42386.7,333450,0.01,0.95,10,10000,0.938,0.139,297,185,0.0039056,0,0.622896
1143,10000,1.3816,1,1.77828,0.0122013,0.01,0.0158489,0.545543,0.5,0.6,0.948054,0.9,1,4.55208e-05,6.60143e+06,33234.6,238018,0.01,0.95,10,10000,0.938,0.139,212,146,0.0043964,0,0.688679
1144,10000,1.40461,1,1.77828,0.0124701,0.01,0.0158489,0.548834,0.5,0.6,1.19044,1,1.5,0.000227604,2.58452e+06,8573.52,93186.2,0.01,0.95,10,10000,0.938,0.139,415,317,0.00298363,0,0.763855
1145,10000,1.29996,1,1.77828,0.0122001,0.01,0.0158489,0.640949,0.6,0.7,0.0694689,0,0.1,4.55208e-05,2.30427e+06,16758.9,83081.7,0.01,0.95,10,10000,0.938,0.139,74,62,0.00674649,0,0.837838
1146,10000,1.31233,1,1.77828,0.0124226,0.01,0.0158489,0.64243,0.6,0.7,0.161063,0.1,0.2,4.55208e-05,7.47331e+06,35903.6,269454,0.01,0.95,10,10000,0.938,0.139,240,162,0.00417365,0,0.675
1147,10000,1.34744,1,1.77828,0.0124724,0.01,0.0158489,0.644921,0.6,0.7,0.249136,0.2,0.3,4.55208e-05,1.08363e+07,36946.6,390709,0.01,0.95,10,10000,0.938,0.139,348,286,0.00314117,0,0.821839
1148,10000,1.3522,1,1.77828,0.0124603,0.01,0.0158489,0.648932,0.6,0.7,0.351636,0.3,0.4,4.55208e-05,1.27358e+07,40888.3,459195,0.01,0.95,10,10000,0.938,0.139,409,328,0.00293317,0,0.801956
1149,10000,1.34476,1,1.77828,0.0123666,0.01,0.0158489,0.645229,0.6,0.7,0.449526,0.4,0.5,4.55208e-05,1.26424e+07,41866,455827,0.01,0.95,10,10000,0.938,0.139,406,315,0.00299308,0,0.775862
1150,10000,1.34628,1,1.77828,0.0125638,0.01,0.0158489,0.64869,0.6,0.7,0.548662,0.5,0.6,4.55208e-05,1.02135e+07,37327.8,368254,0.01,0.95,10,10000,0.938,0.139,328,257,0.00331366,0,0.783537
1151,10000,1.3805,1,1.77828,0.0122868,0.01,0.0158489,0.641963,0.6,0.7,0.644987,0.6,0.7,4.55208e-05,9.03025e+06,34749.2,325590,0.01,0.95,10,10000,0.938,0.139,290,230,0.00350276,0,0.793103
1152,10000,1.36538,1,1.77828,0.0124094,0.01,0.0158489,0.648807,0.6,0.7,0.750736,0.7,0.8,4.55208e-05,8.25178e+06,39700.3,297522,0.01,0.95,10,10000,0.938,0.139,265,167,0.0041107,0,0.630189
1153,10000,1.34958,1,1.77828,0.0123089,0.01,0.0158489,0.643756,0.6,0.7,0.847911,0.8,0.9,4.55208e-05,6.04093e+06,33419.5,217809,0.01,0.95,10,10000,0.938,0.139,194,125,0.00475137,0,0.64433
1154,10000,1.38658,1,1.77828,0.0122071,0.01,0.0158489,0.647514,0.6,0.7,0.946105,0.9,1,4.55208e-05,4.20374e+06,29619.3,151568,0.01,0.95,10,10000,0.938,0.139,135,80,0.00593921,0,0.592593
1155,10000,1.37897,1,1.77828,0.0123199,0.01,0.0158489,0.648027,0.6,0.7,1.20247,1,1.5,0.000227604,1.99288e+06,8320.63,71854.4,0.01,0.95,10,10000,0.938,0.139,320,215,0.00362289,0,0.671875
1156,10000,1.35469,1,1.77828,0.0123273,0.01,0.0158489,0.74632,0.7,0.8,0.0740424,0,0.1,4.55208e-05,1.43239e+06,15001.1,51645.4,0.01,0.95,10,10000,0.938,0.139,46,33,0.00924734,0,0.717391
1157,10000,1.33929,1,1.77828,0.0121735,0.01,0.0158489,0.744047,0.7,0.8,0.156305,0.1,0.2,4.55208e-05,3.51869e+06,21816.3,126868,0.01,0.95,10,10000,0.938,0.139,113,89,0.00563091,0,0.787611
1158,10000,1.31118,1,1.77828,0.0123572,0.01,0.0158489,0.748529,0.7,0.8,0.252858,0.2,0.3,4.55208e-05,6.47687e+06,29872.2,233527,0.01,0.95,10,10000,0.938,0.139,208,162,0.00417365,0,0.778846
1159,10000,1.34346,1,1.77828,0.0123198,0.01,0.0158489,0.746112,0.7,0.8,0.349787,0.3,0.4,4.55208e-05,8.22064e+06,31189.5,296400,0.01,0.95,10,10000,0.938,0.139,264,225,0.00354146,0,0.852273
1160,10000,1.34165,1,1.77828,0.0124012,0.01,0.0158489,0.742811,0.7,0.8,0.449129,0.4,0.5,4.55208e-05,6.69484e+06,30142,241386,0.01,0.95,10,10000,0.938,0.139,215,169,0.0040863,0,0.786047
1161,10000,1.35655,1,1.77828,0.0123791,0.01,0.0158489,0.743655,0.7,0.8,0.546899,0.5,0.6,4.55208e-05,6.2589e+06,29760.4,225668,0.01,0.95,10,10000,0.938,0.139,201,154,0.00428069,0,0.766169
1162,10000,1.34778,1,1.77828,0.0123682,0.01,0.0158489,0.744512,0.7,0.8,0.649086,0.6,0.7,4.55208e-05,5.04449e+06,26914,181882,0.01,0.95,10,10000,0.938,0.139,162,123,0.00478984,0,0.759259
1163,10000,1.3628,1,1.77828,0.0126489,0.01,0.0158489,0.749433,0.7,0.8,0.748945,0.7,0.8,4.55208e-05,4.5774e+06,26907.3,165041,0.01,0.95,10,10000,0.938,0.139,147,105,0.00518417,0,0.714286
1164,10000,1.37977,1,1.77828,0.0123369,0.01,0.0158489,0.7472,0.7,0.8,0.847969,0.8,0.9,4.55208e-05,3.6121e+06,26032.6,130236,0.01,0.95,10,10000,0.938,0.139,116,74,0.0061753,0,0.637931
1165,10000,1.38173,1,1.77828,0.0125125,0.01,0.0158489,0.73964,0.7,0.8,0.940353,0.9,1,4.55208e-05,2.95819e+06,24627.8,106659,0.01,0.95,10,10000,0.938,0.139,95,57,0.00703617,0,0.6
1166,10000,1.34304,1,1.77828,0.0121432,0.01,0.0158489,0.749873,0.7,0.8,1.20986,1,1.5,0.000227604,1.78114e+06,8977.96,64219.9,0.01,0.95,10,10000,0.938,0.139,286,160,0.00419966,0,0.559441
1167,10000,1.39694,1,1.77828,0.0125434,0.01,0.0158489,0.842662,0.8,0.9,0.0711384,0,0.1,4.55208e-05,560499,7419.33,20209.1,0.01,0.95,10,10000,0.938,0.139,18,17,0.012884,0,0.944444
1168,10000,1.37325,1,1.77828,0.0124929,0.01,0.0158489,0.837952,0.8,0.9,0.153115,0.1,0.2,4.55208e-05,2.17972e+06,18003.8,78590.8,0.01,0.95,10,10000,0.938,0.139,70,52,0.00736669,0,0.742857
1169,10000,1.31399,1,1.77828,0.0126486,0.01,0.0158489,0.841776,0.8,0.9,0.254218,0.2,0.3,4.55208e-05,3.54982e+06,22484.2,127991,0.01,0.95,10,10000,0.938,0.139,114,87,0.00569527,0,0.763158
1170,10000,1.32493,1,1.77828,0.0121939,0.01,0.0158489,0.845424,0.8,0.9,0.348861,0.3,0.4,4.55208e-05,3.14502e+06,19905.4,113395,0.01,0.95,10,10000,0.938,0.139,101,83,0.00583089,0,0.821782
1171,10000,1.37746,1,1.77828,0.0126012,0.01,0.0158489,0.833471,0.8,0.9,0.444188,0.4,0.5,4.55208e-05,3.17616e+06,20377.4,114518,0.01,0.95,10,10000,0.938,0.139,102,82,0.00586634,0,0.803922
1172,10000,1.3087,1,1.77828,0.0121891,0.01,0.0158489,0.843687,0.8,0.9,0.550276,0.5,0.6,4.55208e-05,2.70908e+06,18583.4,97677.1,0.01,0.95,10,10000,0.938,0.139,87,71,0.00630441,0,0.816092
1173,10000,1.33652,1,1.77828,0.0124998,0.01,0.0158489,0.843473,0.8,0.9,0.64886,0.6,0.7,4.55208e-05,2.58452e+06,19269.2,93186.2,0.01,0.95,10,10000,0.938,0.139,83,63,0.00669274,0,0.759036
1174,10000,1.36244,1,1.77828,0.0126557,0.01,0.0158489,0.845622,0.8,0.9,0.745421,0.7,0.8,4.55208e-05,2.21086e+06,16061.4,79713.5,0.01,0.95,10,10000,0.938,0.139,71,61,0.00680157,0,0.859155
1175,10000,1.36862,1,1.77828,0.0122959,0.01,0.0158489,0.850763,0.8,0.9,0.84796,0.8,0.9,4.55208e-05,2.02402e+06,19304.1,72977.2,0.01,0.95,10,10000,0.938,0.139,65,42,0.00819689,0,0.646154
1176,10000,1.34461,1,1.77828,0.0120977,0.01,0.0158489,0.844558,0.8,0.9,0.948175,0.9,1,4.55208e-05,1.74377e+06,21963.3,62872.6,0.01,0.95,10,10000,0.938,0.139,56,27,0.0102233,0,0.482143
1177,10000,1.37493,1,1.77828,0.0121853,0.01,0.0158489,0.843848,0.8,0.9,1.24298,1,1.5,0.000227604,1.55071e+06,11268.2,55911.7,0.01,0.95,10,10000,0.938,0.139,249,88,0.00566282,0,0.353414
1178,10000,1.26564,1,1.77828,0.0121151,0.01,0.0158489,0.944997,0.9,1,0.0501261,0,0.1,4.55208e-05,311388,6406.51,11227.3,0.01,0.95,10,10000,0.938,0.139,10,8,0.0187814,0,0.8
1179,10000,1.34562,1,1.77828,0.0123941,0.01,0.0158489,0.936659,0.9,1,0.159255,0.1,0.2,4.55208e-05,685054,9324.76,24700,0.01,0.95,10,10000,0.938,0.139,22,18,0.012521,0,0.818182
1180,10000,1.3508,1,1.77828,0.0123627,0.01,0.0158489,0.936679,0.9,1,0.249701,0.2,0.3,4.55208e-05,1.15214e+06,15469.2,41540.8,0.01,0.95,10,10000,0.938,0.139,37,22,0.0113256,0,0.594595
1181,10000,1.24367,1,1.77828,0.011898,0.01,0.0158489,0.95168,0.9,1,0.350427,0.3,0.4,4.55208e-05,1.24555e+06,16469.5,44909,0.01,0.95,10,10000,0.938,0.139,40,23,0.0110767,0,0.575
1182,10000,1.36235,1,1.77828,0.0124991,0.01,0.0158489,0.937472,0.9,1,0.454064,0.4,0.5,4.55208e-05,1.02758e+06,10409.3,37049.9,0.01,0.95,10,10000,0.938,0.139,33,30,0.0096987,0,0.909091
1183,10000,1.41208,1,1.77828,0.0121288,0.01,0.0158489,0.940991,0.9,1,0.53945,0.5,0.6,4.55208e-05,1.121e+06,11743.3,40418.1,0.01,0.95,10,10000,0.938,0.139,36,30,0.0096987,0,0.833333
1184,10000,1.38297,1,1.77828,0.0123778,0.01,0.0158489,0.937529,0.9,1,0.657584,0.6,0.7,4.55208e-05,965303,11588.9,34804.5,0.01,0.95,10,10000,0.938,0.139,31,24,0.0108435,0,0.774194
1185,10000,1.35149,1,1.77828,0.0125189,0.01,0.0158489,0.938192,0.9,1,0.753359,0.7,0.8,4.55208e-05,996442,12929,35927.2,0.01,0.95,10,10000,0.938,0.139,32,22,0.0113256,0,0.6875
1186,10000,1.29171,1,1.77828,0.0121779,0.01,0.0158489,0.937138,0.9,1,0.849244,0.8,0.9,4.55208e-05,1.18327e+06,13350.9,42663.6,0.01,0.95,10,10000,0.938,0.139,38,28,0.0100391,0,0.736842
1187,10000,1.29127,1,1.77828,0.0118234,0.01,0.0158489,0.941581,0.9,1,0.940534,0.9,1,4.55208e-05,934164,15692.7,33681.8,0.01,0.95,10,10000,0.938,0.139,30,15,0.013716,0,0.5
1188,10000,1.34924,1,1.77828,0.0126012,0.01,0.0158489,0.943841,0.9,1,1.22517,1,1.5,0.000227604,1.12722e+06,8855.9,40642.7,0.01,0.95,10,10000,0.938,0.139,181,73,0.00621745,0,0.403315
1189,10000,1.56641,1,1.77828,0.0194927,0.0158489,0.0251189,0.0712114,0.05,0.1,0.065442,0,0.1,3.60733e-05,7.74092e+07,136470,2.79103e+06,0.01,0.95,10,10000,0.938,0.139,1970,1243,0.00150674,0,0.630964
1190,10000,1.55608,1,1.77828,0.0192143,0.0158489,0.0251189,0.0704474,0.05,0.1,0.156279,0.1,0.2,3.60733e-05,2.07315e+08,198498,7.47486e+06,0.01,0.95,10,10000,0.938,0.139,5276,3888,0.000851944,0,0.736922
1191,10000,1.56228,1,1.77828,0.0191336,0.0158489,0.0251189,0.0722654,0.05,0.1,0.24883,0.2,0.3,3.60733e-05,2.37925e+08,193262,8.57852e+06,0.01,0.95,10,10000,0.938,0.139,6055,5013,0.000750283,0,0.827911
1192,10000,1.56758,1,1.77828,0.0191246,0.0158489,0.0251189,0.0744697,0.05,0.1,0.346849,0.3,0.4,3.60733e-05,1.71165e+08,156852,6.17143e+06,0.01,0.95,10,10000,0.938,0.139,4356,3794,0.000862433,0,0.870983
1193,10000,1.57428,1,1.77828,0.0190798,0.0158489,0.0251189,0.0762279,0.05,0.1,0.446074,0.4,0.5,3.60733e-05,1.07587e+08,125132,3.87911e+06,0.01,0.95,10,10000,0.938,0.139,2738,2368,0.00109165,0,0.864865
1194,10000,1.57853,1,1.77828,0.0190053,0.0158489,0.0251189,0.0773143,0.05,0.1,0.544539,0.5,0.6,3.60733e-05,5.6937e+07,88650.1,2.05289e+06,0.01,0.95,10,10000,0.938,0.139,1449,1291,0.00147846,0,0.890959
1195,10000,1.59828,1,1.77828,0.0189222,0.0158489,0.0251189,0.079898,0.05,0.1,0.646084,0.6,0.7,3.60733e-05,3.20639e+07,77180.2,1.15608e+06,0.01,0.95,10,10000,0.938,0.139,816,610,0.00215084,0,0.747549
1196,10000,1.60267,1,1.77828,0.018889,0.0158489,0.0251189,0.0813759,0.05,0.1,0.743112,0.7,0.8,3.60733e-05,1.47353e+07,50909.2,531287,0.01,0.95,10,10000,0.938,0.139,375,290,0.00311943,0,0.773333
1197,10000,1.62391,1,1.77828,0.0187202,0.0158489,0.0251189,0.082552,0.05,0.1,0.84335,0.8,0.9,3.60733e-05,6.20845e+06,37461.1,223849,0.01,0.95,10,10000,0.938,0.139,158,104,0.00520904,0,0.658228
1198,10000,1.61028,1,1.77828,0.0179923,0.0158489,0.0251189,0.0858424,0.05,0.1,0.937122,0.9,1,3.60733e-05,2.6327e+06,21455.7,94923.3,0.01,0.95,10,10000,0.938,0.139,67,52,0.00736669,0,0.776119
1199,10000,1.66913,1,1.77828,0.0177832,0.0158489,0.0251189,0.0872719,0.05,0.1,1.09091,1,1.5,0.000180366,353646,4515.68,12750.9,0.01,0.95,10,10000,0.938,0.139,45,25,0.0106244,0,0.555556
1200,10000,1.55647,1,1.77828,0.0194272,0.0158489,0.0251189,0.123476,0.1,0.15,0.0657868,0,0.1,3.60733e-05,3.30463e+07,88634.6,1.1915e+06,0.01,0.95,10,10000,0.938,0.139,841,535,0.00229666,0,0.636147
1201,10000,1.55908,1,1.77828,0.0192889,0.0158489,0.0251189,0.122386,0.1,0.15,0.155717,0.1,0.2,3.60733e-05,9.36376e+07,153485,3.37615e+06,0.01,0.95,10,10000,0.938,0.139,2383,1458,0.00139122,0,0.611834
1202,10000,1.55328,1,1.77828,0.0193079,0.0158489,0.0251189,0.121918,0.1,0.15,0.251395,0.2,0.3,3.60733e-05,1.26409e+08,159156,4.55774e+06,0.01,0.95,10,10000,0.938,0.139,3217,2292,0.0011096,0,0.712465
1203,10000,1.55899,1,1.77828,0.0193022,0.0158489,0.0251189,0.122943,0.1,0.15,0.350215,0.3,0.4,3.60733e-05,1.1686e+08,135266,4.21346e+06,0.01,0.95,10,10000,0.938,0.139,2974,2466,0.00106974,0,0.829186
1204,10000,1.5576,1,1.77828,0.0191499,0.0158489,0.0251189,0.123574,0.1,0.15,0.447266,0.4,0.5,3.60733e-05,8.42857e+07,107510,3.03896e+06,0.01,0.95,10,10000,0.938,0.139,2145,1918,0.00121297,0,0.894172
1205,10000,1.57277,1,1.77828,0.0191529,0.0158489,0.0251189,0.124153,0.1,0.15,0.545429,0.5,0.6,3.60733e-05,5.55617e+07,86503.9,2.00331e+06,0.01,0.95,10,10000,0.938,0.139,1414,1277,0.00148655,0,0.903112
1206,10000,1.57362,1,1.77828,0.0192585,0.0158489,0.0251189,0.124641,0.1,0.15,0.646035,0.6,0.7,3.60733e-05,3.34392e+07,65503.1,1.20567e+06,0.01,0.95,10,10000,0.938,0.139,851,789,0.00189119,0,0.927145
1207,10000,1.56965,1,1.77828,0.0190042,0.0158489,0.0251189,0.124824,0.1,0.15,0.745154,0.7,0.8,3.60733e-05,2.03543e+07,53369.9,733885,0.01,0.95,10,10000,0.938,0.139,518,458,0.00248223,0,0.88417
1208,10000,1.58154,1,1.77828,0.0190755,0.0158489,0.0251189,0.126333,0.1,0.15,0.845634,0.8,0.9,3.60733e-05,1.05701e+07,39467.5,381110,0.01,0.95,10,10000,0.938,0.139,269,231,0.00349517,0,0.858736
1209,10000,1.60317,1,1.77828,0.0192893,0.0158489,0.0251189,0.12672,0.1,0.15,0.94304,0.9,1,3.60733e-05,5.42257e+06,26176,195514,0.01,0.95,10,10000,0.938,0.139,138,129,0.00467713,0,0.934783
1210,10000,1.58901,1,1.77828,0.0186152,0.0158489,0.0251189,0.127165,0.1,0.15,1.1449,1,1.5,0.000180366,1.28884e+06,5682.85,46469.9,0.01,0.95,10,10000,0.938,0.139,164,154,0.00428069,0,0.939024
1211,10000,1.56332,1,1.77828,0.0194106,0.0158489,0.0251189,0.173838,0.15,0.2,0.0650305,0,0.1,3.60733e-05,1.85861e+07,58050.1,670130,0.01,0.95,10,10000,0.938,0.139,473,359,0.00280367,0,0.758985
1212,10000,1.55766,1,1.77828,0.0193627,0.0158489,0.0251189,0.172537,0.15,0.2,0.154304,0.1,0.2,3.60733e-05,5.36363e+07,107729,1.93389e+06,0.01,0.95,10,10000,0.938,0.139,1365,925,0.00174664,0,0.677656
1213,10000,1.55925,1,1.77828,0.0191981,0.0158489,0.0251189,0.173582,0.15,0.2,0.250143,0.2,0.3,3.60733e-05,7.51302e+07,131210,2.70886e+06,0.01,0.95,10,10000,0.938,0.139,1912,1247,0.00150432,0,0.652197
1214,10000,1.55681,1,1.77828,0.0193173,0.0158489,0.0251189,0.172737,0.15,0.2,0.348807,0.3,0.4,3.60733e-05,7.44622e+07,120013,2.68477e+06,0.01,0.95,10,10000,0.938,0.139,1895,1381,0.00142948,0,0.72876
1215,10000,1.55715,1,1.77828,0.0192198,0.0158489,0.0251189,0.172852,0.15,0.2,0.447818,0.4,0.5,3.60733e-05,5.81944e+07,96728.8,2.09823e+06,0.01,0.95,10,10000,0.938,0.139,1481,1209,0.00152778,0,0.81634
1216,10000,1.55649,1,1.77828,0.019354,0.0158489,0.0251189,0.172986,0.15,0.2,0.545697,0.5,0.6,3.60733e-05,4.34592e+07,77691.7,1.56694e+06,0.01,0.95,10,10000,0.938,0.139,1106,982,0.00169519,0,0.887884
1217,10000,1.55543,1,1.77828,0.0190812,0.0158489,0.0251189,0.174651,0.15,0.2,0.648976,0.6,0.7,3.60733e-05,2.87632e+07,61818.8,1.03707e+06,0.01,0.95,10,10000,0.938,0.139,732,666,0.00205843,0,0.909836
1218,10000,1.56481,1,1.77828,0.0192787,0.0158489,0.0251189,0.173936,0.15,0.2,0.747155,0.7,0.8,3.60733e-05,1.85861e+07,50156.6,670130,0.01,0.95,10,10000,0.938,0.139,473,426,0.00257377,0,0.900634
1219,10000,1.57194,1,1.77828,0.0191984,0.0158489,0.0251189,0.175481,0.15,0.2,0.848598,0.8,0.9,3.60733e-05,1.15917e+07,38501.7,417946,0.01,0.95,10,10000,0.938,0.139,295,274,0.00320921,0,0.928814
1220,10000,1.56614,1,1.77828,0.0192671,0.0158489,0.0251189,0.174311,0.15,0.2,0.947013,0.9,1,3.60733e-05,6.60139e+06,28888.9,238017,0.01,0.95,10,10000,0.938,0.139,168,157,0.00423959,0,0.934524
1221,10000,1.56838,1,1.77828,0.0188846,0.0158489,0.0251189,0.17612,0.15,0.2,1.1636,1,1.5,0.000180366,1.58748e+06,6520.44,57237.3,0.01,0.95,10,10000,0.938,0.139,202,183,0.00392689,0,0.905941
1222,10000,1.55073,1,1.77828,0.0190593,0.0158489,0.0251189,0.223315,0.2,0.25,0.0666258,0,0.1,3.60733e-05,1.21419e+07,43343.2,437781,0.01,0.95,10,10000,0.938,0.139,309,258,0.00330723,0,0.834951
1223,10000,1.55855,1,1.77828,0.0193765,0.0158489,0.0251189,0.223287,0.2,0.25,0.15177,0.1,0.2,3.60733e-05,3.31641e+07,82726.9,1.19575e+06,0.01,0.95,10,10000,0.938,0.139,844,590,0.002187,0,0.699052
1224,10000,1.56201,1,1.77828,0.0194155,0.0158489,0.0251189,0.224052,0.2,0.25,0.252316,0.2,0.3,3.60733e-05,4.69956e+07,99765.4,1.69445e+06,0.01,0.95,10,10000,0.938,0.139,1196,822,0.00185284,0,0.687291
1225,10000,1.56342,1,1.77828,0.0193728,0.0158489,0.0251189,0.223308,0.2,0.25,0.348473,0.3,0.4,3.60733e-05,4.78601e+07,100782,1.72562e+06,0.01,0.95,10,10000,0.938,0.139,1218,836,0.00183726,0,0.686371
1226,10000,1.55063,1,1.77828,0.019185,0.0158489,0.0251189,0.222587,0.2,0.25,0.448714,0.4,0.5,3.60733e-05,4.01585e+07,83213,1.44793e+06,0.01,0.95,10,10000,0.938,0.139,1022,800,0.00187814,0,0.782779
1227,10000,1.55954,1,1.77828,0.019346,0.0158489,0.0251189,0.222602,0.2,0.25,0.550211,0.5,0.6,3.60733e-05,3.06886e+07,69647.3,1.10649e+06,0.01,0.95,10,10000,0.938,0.139,781,644,0.0020933,0,0.824584
1228,10000,1.55684,1,1.77828,0.0192469,0.0158489,0.0251189,0.22399,0.2,0.25,0.646127,0.6,0.7,3.60733e-05,2.12974e+07,54819.5,767887,0.01,0.95,10,10000,0.938,0.139,542,477,0.00243229,0,0.880074
1229,10000,1.57546,1,1.77828,0.0192331,0.0158489,0.0251189,0.22399,0.2,0.25,0.748323,0.7,0.8,3.60733e-05,1.37136e+07,39899.7,494451,0.01,0.95,10,10000,0.938,0.139,349,341,0.00287671,0,0.977077
1230,10000,1.54853,1,1.77828,0.0192441,0.0158489,0.0251189,0.223719,0.2,0.25,0.845387,0.8,0.9,3.60733e-05,9.1948e+06,36482.4,331523,0.01,0.95,10,10000,0.938,0.139,234,203,0.00372843,0,0.867521
1231,10000,1.58006,1,1.77828,0.0192309,0.0158489,0.0251189,0.225569,0.2,0.25,0.944223,0.9,1,3.60733e-05,5.50116e+06,-nan,198347,0.01,0.95,10,10000,0.938,0.139,140,146,0.0043964,0,1.04286
1232,10000,1.57965,1,1.77828,0.0192461,0.0158489,0.0251189,0.223979,0.2,0.25,1.14888,1,1.5,0.000180366,1.55604e+06,6210.34,56103.9,0.01,0.95,10,10000,0.938,0.139,198,187,0.00388466,0,0.944444
1233,10000,1.56212,1,1.77828,0.0195409,0.0158489,0.0251189,0.27316,0.25,0.3,0.0649061,0,0.1,3.60733e-05,7.15151e+06,34410.3,257851,0.01,0.95,10,10000,0.938,0.139,182,146,0.0043964,0,0.802198
1234,10000,1.56469,1,1.77828,0.0195339,0.0158489,0.0251189,0.273512,0.25,0.3,0.151302,0.1,0.2,3.60733e-05,2.03543e+07,56174.8,733885,0.01,0.95,10,10000,0.938,0.139,518,432,0.00255583,0,0.833977
1235,10000,1.56707,1,1.77828,0.0193809,0.0158489,0.0251189,0.274577,0.25,0.3,0.252243,0.2,0.3,3.60733e-05,3.13959e+07,80773.7,1.132e+06,0.01,0.95,10,10000,0.938,0.139,799,556,0.00225287,0,0.69587
1236,10000,1.56161,1,1.77828,0.0192255,0.0158489,0.0251189,0.274224,0.25,0.3,0.351145,0.3,0.4,3.60733e-05,3.26926e+07,83524.3,1.17875e+06,0.01,0.95,10,10000,0.938,0.139,832,569,0.00222699,0,0.683894
1237,10000,1.56061,1,1.77828,0.0192364,0.0158489,0.0251189,0.273215,0.25,0.3,0.446108,0.4,0.5,3.60733e-05,2.97849e+07,79072.4,1.07391e+06,0.01,0.95,10,10000,0.938,0.139,758,524,0.00232064,0,0.691293
1238,10000,1.55722,1,1.77828,0.0193603,0.0158489,0.0251189,0.273362,0.25,0.3,0.549426,0.5,0.6,3.60733e-05,2.34585e+07,66049.7,845809,0.01,0.95,10,10000,0.938,0.139,597,446,0.0025154,0,0.747069
1239,10000,1.55568,1,1.77828,0.0190367,0.0158489,0.0251189,0.274431,0.25,0.3,0.648706,0.6,0.7,3.60733e-05,1.53247e+07,47262.8,552539,0.01,0.95,10,10000,0.938,0.139,390,337,0.00289374,0,0.864103
1240,10000,1.56189,1,1.77828,0.0194915,0.0158489,0.0251189,0.275686,0.25,0.3,0.745777,0.7,0.8,3.60733e-05,1.08844e+07,38309.6,392444,0.01,0.95,10,10000,0.938,0.139,277,250,0.00335973,0,0.902527
1241,10000,1.5771,1,1.77828,0.0192661,0.0158489,0.0251189,0.272904,0.25,0.3,0.84621,0.8,0.9,3.60733e-05,7.42657e+06,31573.2,267769,0.01,0.95,10,10000,0.938,0.139,189,171,0.00406234,0,0.904762
1242,10000,1.54306,1,1.77828,0.0192423,0.0158489,0.0251189,0.275198,0.25,0.3,0.946013,0.9,1,3.60733e-05,4.40093e+06,23729.2,158678,0.01,0.95,10,10000,0.938,0.139,112,104,0.00520904,0,0.928571
1243,10000,1.57585,1,1.77828,0.0191323,0.0158489,0.0251189,0.276487,0.25,0.3,1.15917,1,1.5,0.000180366,1.39101e+06,-nan,50153.5,0.01,0.95,10,10000,0.938,0.139,177,196,0.00379442,0,1.10734
1244,10000,1.54375,1,1.77828,0.0192543,0.0158489,0.0251189,0.345072,0.3,0.4,0.0657986,0,0.1,7.21466e-05,4.75458e+06,18861.1,171429,0.01,0.95,10,10000,0.938,0.139,242,206,0.00370118,0,0.85124
1245,10000,1.55955,1,1.77828,0.0193988,0.0158489,0.0251189,0.343755,0.3,0.4,0.155255,0.1,0.2,7.21466e-05,1.26723e+07,32047.9,456907,0.01,0.95,10,10000,0.938,0.139,645,524,0.00232064,0,0.812403
1246,10000,1.556,1,1.77828,0.0193915,0.0158489,0.0251189,0.345835,0.3,0.4,0.250775,0.2,0.3,7.21466e-05,1.80556e+07,38627.5,651004,0.01,0.95,10,10000,0.938,0.139,919,738,0.00195545,0,0.803047
1247,10000,1.56093,1,1.77828,0.0192297,0.0158489,0.0251189,0.344564,0.3,0.4,0.349202,0.3,0.4,7.21466e-05,1.94112e+07,42999.4,699882,0.01,0.95,10,10000,0.938,0.139,988,727,0.00197018,0,0.73583
1248,10000,1.57009,1,1.77828,0.0194171,0.0158489,0.0251189,0.346153,0.3,0.4,0.447118,0.4,0.5,7.21466e-05,1.8036e+07,42011.8,650296,0.01,0.95,10,10000,0.938,0.139,918,664,0.00206153,0,0.723312
1249,10000,1.5625,1,1.77828,0.0193545,0.0158489,0.0251189,0.34246,0.3,0.4,0.548091,0.5,0.6,7.21466e-05,1.5305e+07,38140,551830,0.01,0.95,10,10000,0.938,0.139,779,574,0.00221727,0,0.736842
1250,10000,1.56359,1,1.77828,0.019202,0.0158489,0.0251189,0.345794,0.3,0.4,0.647487,0.6,0.7,7.21466e-05,1.19454e+07,33874.2,430697,0.01,0.95,10,10000,0.938,0.139,608,445,0.00251822,0,0.731908
1251,10000,1.54703,1,1.77828,0.0190265,0.0158489,0.0251189,0.346656,0.3,0.4,0.745585,0.7,0.8,7.21466e-05,7.99633e+06,25499.6,288312,0.01,0.95,10,10000,0.938,0.139,407,330,0.00292427,0,0.810811
1252,10000,1.54946,1,1.77828,0.0193293,0.0158489,0.0251189,0.347696,0.3,0.4,0.8486,0.8,0.9,7.21466e-05,4.99034e+06,19496.4,179929,0.01,0.95,10,10000,0.938,0.139,254,214,0.00363134,0,0.84252
1253,10000,1.53426,1,1.77828,0.0192415,0.0158489,0.0251189,0.35069,0.3,0.4,0.947711,0.9,1,7.21466e-05,2.94705e+06,13756.9,106257,0.01,0.95,10,10000,0.938,0.139,150,139,0.00450574,0,0.926667
1254,10000,1.55331,1,1.77828,0.0192726,0.0158489,0.0251189,0.347841,0.3,0.4,1.15532,1,1.5,0.000360733,1.26134e+06,4043.38,45478.2,0.01,0.95,10,10000,0.938,0.139,321,296,0.00308765,0,0.922118
1255,10000,1.53928,1,1.77828,0.0190327,0.0158489,0.0251189,0.442956,0.4,0.5,0.0662151,0,0.1,7.21466e-05,2.31835e+06,12555.4,83589.2,0.01,0.95,10,10000,0.938,0.139,118,106,0.00515966,0,0.898305
1256,10000,1.56984,1,1.77828,0.0196313,0.0158489,0.0251189,0.445263,0.4,0.5,0.156869,0.1,0.2,7.21466e-05,6.64069e+06,21481.4,239433,0.01,0.95,10,10000,0.938,0.139,338,300,0.003067,0,0.887574
1257,10000,1.54933,1,1.77828,0.0193238,0.0158489,0.0251189,0.446062,0.4,0.5,0.250567,0.2,0.3,7.21466e-05,9.5288e+06,25973.8,343566,0.01,0.95,10,10000,0.938,0.139,485,426,0.00257377,0,0.878351
1258,10000,1.55201,1,1.77828,0.0191976,0.0158489,0.0251189,0.445327,0.4,0.5,0.352399,0.3,0.4,7.21466e-05,1.07076e+07,28675.6,386069,0.01,0.95,10,10000,0.938,0.139,545,457,0.00248494,0,0.838532
1259,10000,1.55986,1,1.77828,0.0194021,0.0158489,0.0251189,0.444611,0.4,0.5,0.450248,0.4,0.5,7.21466e-05,1.01772e+07,29770.4,366942,0.01,0.95,10,10000,0.938,0.139,518,403,0.00264619,0,0.777992
1260,10000,1.57192,1,1.77828,0.0193982,0.0158489,0.0251189,0.447798,0.4,0.5,0.547521,0.5,0.6,7.21466e-05,9.17515e+06,29067.6,330815,0.01,0.95,10,10000,0.938,0.139,467,351,0.00283544,0,0.751606
1261,10000,1.56017,1,1.77828,0.0193236,0.0158489,0.0251189,0.445391,0.4,0.5,0.64905,0.6,0.7,7.21466e-05,6.81751e+06,26911,245809,0.01,0.95,10,10000,0.938,0.139,347,238,0.00344338,0,0.685879
1262,10000,1.56352,1,1.77828,0.0193793,0.0158489,0.0251189,0.443987,0.4,0.5,0.746936,0.7,0.8,7.21466e-05,4.38128e+06,18342.2,157969,0.01,0.95,10,10000,0.938,0.139,223,187,0.00388466,0,0.838565
1263,10000,1.54895,1,1.77828,0.0194311,0.0158489,0.0251189,0.449307,0.4,0.5,0.849353,0.8,0.9,7.21466e-05,3.94905e+06,21282.2,142385,0.01,0.95,10,10000,0.938,0.139,201,131,0.00464129,0,0.651741
1264,10000,1.56204,1,1.77828,0.0198259,0.0158489,0.0251189,0.439968,0.4,0.5,0.953663,0.9,1,7.21466e-05,2.80952e+06,16142.6,101299,0.01,0.95,10,10000,0.938,0.139,143,107,0.00513549,0,0.748252
1265,10000,1.56086,1,1.77828,0.0195109,0.0158489,0.0251189,0.445781,0.4,0.5,1.17314,1,1.5,0.000360733,872327,3404.15,31452.2,0.01,0.95,10,10000,0.938,0.139,222,202,0.00373765,0,0.90991
1266,10000,1.55094,1,1.77828,0.0198586,0.0158489,0.0251189,0.544034,0.5,0.6,0.0649371,0,0.1,7.21466e-05,1.47353e+06,9925.53,53128.7,0.01,0.95,10,10000,0.938,0.139,75,68,0.00644198,0,0.906667
1267,10000,1.56152,1,1.77828,0.0198347,0.0158489,0.0251189,0.54429,0.5,0.6,0.153378,0.1,0.2,7.21466e-05,3.00599e+06,14150.3,108383,0.01,0.95,10,10000,0.938,0.139,153,139,0.00450574,0,0.908497
1268,10000,1.55286,1,1.77828,0.0194009,0.0158489,0.0251189,0.544867,0.5,0.6,0.250925,0.2,0.3,7.21466e-05,5.08858e+06,18795.4,183471,0.01,0.95,10,10000,0.938,0.139,259,230,0.00350276,0,0.888031
1269,10000,1.56292,1,1.77828,0.0192711,0.0158489,0.0251189,0.549418,0.5,0.6,0.34999,0.3,0.4,7.21466e-05,5.8941e+06,20188.2,212515,0.01,0.95,10,10000,0.938,0.139,300,267,0.00325101,0,0.89
1270,10000,1.55175,1,1.77828,0.0193219,0.0158489,0.0251189,0.543476,0.5,0.6,0.446218,0.4,0.5,7.21466e-05,5.36363e+06,19764.1,193389,0.01,0.95,10,10000,0.938,0.139,273,236,0.00345794,0,0.864469
1271,10000,1.55646,1,1.77828,0.0189004,0.0158489,0.0251189,0.543511,0.5,0.6,0.549742,0.5,0.6,7.21466e-05,4.97069e+06,19629.1,179221,0.01,0.95,10,10000,0.938,0.139,253,211,0.00365707,0,0.833992
1272,10000,1.55938,1,1.77828,0.0191876,0.0158489,0.0251189,0.546173,0.5,0.6,0.645823,0.6,0.7,7.21466e-05,3.45787e+06,16739.1,124675,0.01,0.95,10,10000,0.938,0.139,176,143,0.00444228,0,0.8125
1273,10000,1.55085,1,1.77828,0.0188758,0.0158489,0.0251189,0.548477,0.5,0.6,0.743578,0.7,0.8,7.21466e-05,2.88811e+06,18603.1,104132,0.01,0.95,10,10000,0.938,0.139,147,93,0.00550849,0,0.632653
1274,10000,1.55325,1,1.77828,0.0191523,0.0158489,0.0251189,0.550336,0.5,0.6,0.843934,0.8,0.9,7.21466e-05,2.59341e+06,16672.9,93506.6,0.01,0.95,10,10000,0.938,0.139,132,90,0.00559954,0,0.681818
1275,10000,1.57626,1,1.77828,0.0188044,0.0158489,0.0251189,0.54876,0.5,0.6,0.945642,0.9,1,7.21466e-05,2.00399e+06,15952.1,72255.1,0.01,0.95,10,10000,0.938,0.139,102,62,0.00674649,0,0.607843
1276,10000,1.54135,1,1.77828,0.0190767,0.0158489,0.0251189,0.547355,0.5,0.6,1.19899,1,1.5,0.000360733,679786,3453.34,24510.1,0.01,0.95,10,10000,0.938,0.139,173,134,0.00458904,0,0.774566
1277,10000,1.6124,1,1.77828,0.0193797,0.0158489,0.0251189,0.646859,0.6,0.7,0.065863,0,0.1,7.21466e-05,805527,7940.42,29043.7,0.01,0.95,10,10000,0.938,0.139,41,34,0.00911034,0,0.829268
1278,10000,1.54948,1,1.77828,0.0196369,0.0158489,0.0251189,0.644777,0.6,0.7,0.157469,0.1,0.2,7.21466e-05,1.84682e+06,10559.1,66588,0.01,0.95,10,10000,0.938,0.139,94,90,0.00559954,0,0.957447
1279,10000,1.55216,1,1.77828,0.0193198,0.0158489,0.0251189,0.646145,0.6,0.7,0.251969,0.2,0.3,7.21466e-05,2.86846e+06,13788.6,103424,0.01,0.95,10,10000,0.938,0.139,146,133,0.00460626,0,0.910959
1280,10000,1.56498,1,1.77828,0.0194081,0.0158489,0.0251189,0.649817,0.6,0.7,0.35208,0.3,0.4,7.21466e-05,3.5954e+06,15756.2,129634,0.01,0.95,10,10000,0.938,0.139,183,163,0.00416083,0,0.89071
1281,10000,1.5514,1,1.77828,0.0192703,0.0158489,0.0251189,0.644976,0.6,0.7,0.449736,0.4,0.5,7.21466e-05,3.16317e+06,15195,114050,0.01,0.95,10,10000,0.938,0.139,161,139,0.00450574,0,0.863354
1282,10000,1.55317,1,1.77828,0.0191747,0.0158489,0.0251189,0.640482,0.6,0.7,0.547587,0.5,0.6,7.21466e-05,2.75058e+06,14469.4,99173.6,0.01,0.95,10,10000,0.938,0.139,140,118,0.00489027,0,0.842857
1283,10000,1.56217,1,1.77828,0.0195984,0.0158489,0.0251189,0.649236,0.6,0.7,0.648914,0.6,0.7,7.21466e-05,2.20046e+06,12638.5,79338.9,0.01,0.95,10,10000,0.938,0.139,112,97,0.00539372,0,0.866071
1284,10000,1.57867,1,1.77828,0.0195378,0.0158489,0.0251189,0.644224,0.6,0.7,0.746824,0.7,0.8,7.21466e-05,2.23976e+06,14319.2,80755.7,0.01,0.95,10,10000,0.938,0.139,114,86,0.00572829,0,0.754386
1285,10000,1.55567,1,1.77828,0.0188105,0.0158489,0.0251189,0.646655,0.6,0.7,0.848869,0.8,0.9,7.21466e-05,1.47353e+06,13590.6,53128.7,0.01,0.95,10,10000,0.938,0.139,75,46,0.0078324,0,0.613333
1286,10000,1.5467,1,1.77828,0.0192845,0.0158489,0.0251189,0.652192,0.6,0.7,0.943944,0.9,1,7.21466e-05,1.39494e+06,13802.8,50295.2,0.01,0.95,10,10000,0.938,0.139,71,41,0.00829625,0,0.577465
1287,10000,1.55339,1,1.77828,0.0192101,0.0158489,0.0251189,0.646267,0.6,0.7,1.19934,1,1.5,0.000360733,652281,4279.36,23518.3,0.01,0.95,10,10000,0.938,0.139,166,94,0.00547911,0,0.566265
1288,10000,1.5433,1,1.77828,0.0196316,0.0158489,0.0251189,0.742807,0.7,0.8,0.0660064,0,0.1,7.21466e-05,314352,-nan,11334.1,0.01,0.95,10,10000,0.938,0.139,16,17,0.012884,0,1.0625
1289,10000,1.53556,1,1.77828,0.0192996,0.0158489,0.0251189,0.740634,0.7,0.8,0.148668,0.1,0.2,7.21466e-05,1.15917e+06,9853.19,41794.6,0.01,0.95,10,10000,0.938,0.139,59,47,0.00774863,0,0.79661
1290,10000,1.53409,1,1.77828,0.0190946,0.0158489,0.0251189,0.742579,0.7,0.8,0.253836,0.2,0.3,7.21466e-05,1.57176e+06,10063.5,56670.6,0.01,0.95,10,10000,0.938,0.139,80,74,0.0061753,0,0.925
1291,10000,1.57823,1,1.77828,0.0195435,0.0158489,0.0251189,0.749536,0.7,0.8,0.350303,0.3,0.4,7.21466e-05,1.53247e+06,9828.68,55253.9,0.01,0.95,10,10000,0.938,0.139,78,73,0.00621745,0,0.935897
1292,10000,1.53845,1,1.77828,0.0197848,0.0158489,0.0251189,0.750867,0.7,0.8,0.450475,0.4,0.5,7.21466e-05,1.78788e+06,10994.7,64462.8,0.01,0.95,10,10000,0.938,0.139,91,82,0.00586634,0,0.901099
1293,10000,1.5635,1,1.77828,0.0193028,0.0158489,0.0251189,0.748191,0.7,0.8,0.549857,0.5,0.6,7.21466e-05,1.74858e+06,11406.7,63046.1,0.01,0.95,10,10000,0.938,0.139,89,76,0.0060935,0,0.853933
1294,10000,1.55742,1,1.77828,0.0197621,0.0158489,0.0251189,0.745103,0.7,0.8,0.647132,0.6,0.7,7.21466e-05,1.65035e+06,11599.9,59504.2,0.01,0.95,10,10000,0.938,0.139,84,68,0.00644198,0,0.809524
1295,10000,1.56719,1,1.77828,0.0196206,0.0158489,0.0251189,0.741508,0.7,0.8,0.74215,0.7,0.8,7.21466e-05,962703,7767.68,34710.8,0.01,0.95,10,10000,0.938,0.139,49,46,0.0078324,0,0.938776
1296,10000,1.5809,1,1.77828,0.019069,0.0158489,0.0251189,0.750278,0.7,0.8,0.848208,0.8,0.9,7.21466e-05,1.10023e+06,12084.3,39669.4,0.01,0.95,10,10000,0.938,0.139,56,33,0.00924734,0,0.589286
1297,10000,1.52315,1,1.77828,0.0194645,0.0158489,0.0251189,0.745185,0.7,0.8,0.936761,0.9,1,7.21466e-05,903762,9929.64,32585.6,0.01,0.95,10,10000,0.938,0.139,46,31,0.00954098,0,0.673913
1298,10000,1.54516,1,1.77828,0.0187983,0.0158489,0.0251189,0.739901,0.7,0.8,1.21299,1,1.5,0.000360733,546187,4500.13,19693,0.01,0.95,10,10000,0.938,0.139,139,64,0.00664024,0,0.460432
1299,10000,1.60529,1,1.77828,0.0195065,0.0158489,0.0251189,0.855125,0.8,0.9,0.0867204,0,0.1,7.21466e-05,196470,4042.18,7083.83,0.01,0.95,10,10000,0.938,0.139,10,8,0.0187814,0,0.8
1300,10000,1.53471,1,1.77828,0.0188346,0.0158489,0.0251189,0.850272,0.8,0.9,0.166632,0.1,0.2,7.21466e-05,550116,5723.56,19834.7,0.01,0.95,10,10000,0.938,0.139,28,27,0.0102233,0,0.964286
1301,10000,1.57253,1,1.77828,0.0197013,0.0158489,0.0251189,0.839345,0.8,0.9,0.25434,0.2,0.3,7.21466e-05,943056,8374.92,34002.4,0.01,0.95,10,10000,0.938,0.139,48,41,0.00829625,0,0.854167
1302,10000,1.59272,1,1.77828,0.0195616,0.0158489,0.0251189,0.845154,0.8,0.9,0.351005,0.3,0.4,7.21466e-05,766233,6517.82,27626.9,0.01,0.95,10,10000,0.938,0.139,39,39,0.00850632,0,1
1303,10000,1.57051,1,1.77828,0.0191257,0.0158489,0.0251189,0.838107,0.8,0.9,0.447488,0.4,0.5,7.21466e-05,864468,8519.24,31168.9,0.01,0.95,10,10000,0.938,0.139,44,35,0.00897925,0,0.795455
1304,10000,1.51732,1,1.77828,0.0191516,0.0158489,0.0251189,0.833421,0.8,0.9,0.546227,0.5,0.6,7.21466e-05,687645,6353.55,24793.4,0.01,0.95,10,10000,0.938,0.139,35,34,0.00911034,0,0.971429
1305,10000,1.52343,1,1.77828,0.0186297,0.0158489,0.0251189,0.827986,0.8,0.9,0.647614,0.6,0.7,7.21466e-05,628704,6091.46,22668.3,0.01,0.95,10,10000,0.938,0.139,32,31,0.00954098,0,0.96875
1306,10000,1.56452,1,1.77828,0.0202867,0.0158489,0.0251189,0.839982,0.8,0.9,0.747893,0.7,0.8,7.21466e-05,628704,7374.08,22668.3,0.01,0.95,10,10000,0.938,0.139,32,25,0.0106244,0,0.78125
1307,10000,1.57466,1,1.77828,0.0194256,0.0158489,0.0251189,0.846638,0.8,0.9,0.834422,0.8,0.9,7.21466e-05,412587,7562.23,14876,0.01,0.95,10,10000,0.938,0.139,21,12,0.015335,0,0.571429
1308,10000,1.55317,1,1.77828,0.0197115,0.0158489,0.0251189,0.854625,0.8,0.9,0.946619,0.9,1,7.21466e-05,392940,-nan,14167.7,0.01,0.95,10,10000,0.938,0.139,20,21,0.0115922,0,1.05
1309,10000,1.56256,1,1.77828,0.0193067,0.0158489,0.0251189,0.847989,0.8,0.9,1.27909,1,1.5,0.000360733,428305,4597.2,15442.7,0.01,0.95,10,10000,0.938,0.139,109,40,0.00839932,0,0.366972
1310,10000,1.56941,1,1.77828,0.0185738,0.0158489,0.0251189,0.93754,0.9,1,0.0530198,0,0.1,7.21466e-05,58941,2556.5,2125.15,0.01,0.95,10,10000,0.938,0.139,3,2,0.0375629,0,0.666667
1311,10000,1.56954,1,1.77828,0.0178061,0.0158489,0.0251189,0.93314,0.9,1,0.14825,0.1,0.2,7.21466e-05,196470,5716.51,7083.83,0.01,0.95,10,10000,0.938,0.139,10,5,0.0237569,0,0.5
1312,10000,1.4832,1,1.77828,0.0195582,0.0158489,0.0251189,0.926644,0.9,1,0.243923,0.2,0.3,7.21466e-05,157176,-nan,5667.06,0.01,0.95,10,10000,0.938,0.139,8,9,0.0177073,0,1.125
1313,10000,1.50237,1,1.77828,0.0185819,0.0158489,0.0251189,0.942854,0.9,1,0.36318,0.3,0.4,7.21466e-05,392940,6025.73,14167.7,0.01,0.95,10,10000,0.938,0.139,20,15,0.013716,0,0.75
1314,10000,1.54792,1,1.77828,0.0190402,0.0158489,0.0251189,0.940314,0.9,1,0.440078,0.4,0.5,7.21466e-05,235764,-nan,8500.6,0.01,0.95,10,10000,0.938,0.139,12,13,0.0147334,0,1.08333
1315,10000,1.63241,1,1.77828,0.0212129,0.0158489,0.0251189,0.946456,0.9,1,0.542102,0.5,0.6,7.21466e-05,216117,3791.9,7792.21,0.01,0.95,10,10000,0.938,0.139,11,10,0.0167986,0,0.909091
1316,10000,1.59102,1,1.77828,0.019129,0.0158489,0.0251189,0.926393,0.9,1,0.644881,0.6,0.7,7.21466e-05,255411,4759.95,9208.98,0.01,0.95,10,10000,0.938,0.139,13,10,0.0167986,0,0.769231
1317,10000,1.53017,1,1.77828,0.0196473,0.0158489,0.0251189,0.93593,0.9,1,0.750984,0.7,0.8,7.21466e-05,216117,-nan,7792.21,0.01,0.95,10,10000,0.938,0.139,11,12,0.015335,0,1.09091
1318,10000,1.51802,1,1.77828,0.0174585,0.0158489,0.0251189,0.947078,0.9,1,0.836913,0.8,0.9,7.21466e-05,117882,3024.89,4250.3,0.01,0.95,10,10000,0.938,0.139,6,5,0.0237569,0,0.833333
1319,10000,1.55946,1,1.77828,0.0199982,0.0158489,0.0251189,0.922536,0.9,1,0.957103,0.9,1,7.21466e-05,196470,4497.73,7083.83,0.01,0.95,10,10000,0.938,0.139,10,7,0.0200782,0,0.7
1320,10000,1.54763,1,1.77828,0.0189022,0.0158489,0.0251189,0.943122,0.9,1,1.21418,1,1.5,0.000360733,275058,3274.78,9917.36,0.01,0.95,10,10000,0.938,0.139,70,31,0.00954098,0,0.442857
1321,10000,1.71236,1,1.77828,0.0271474,0.0251189,0.0398107,0.071961,0.05,0.1,0.0678585,0,0.1,5.71717e-05,4.314e+06,21560.6,155544,0.01,0.95,10,10000,0.938,0.139,174,137,0.00453851,0,0.787356
1322,10000,1.71186,1,1.77828,0.0271482,0.0251189,0.0398107,0.0712787,0.05,0.1,0.155996,0.1,0.2,5.71717e-05,1.3066e+07,37147.6,471100,0.01,0.95,10,10000,0.938,0.139,527,420,0.00259209,0,0.796964
1323,10000,1.71394,1,1.77828,0.0271581,0.0251189,0.0398107,0.0742463,0.05,0.1,0.24743,0.2,0.3,5.71717e-05,1.42312e+07,37762.7,513115,0.01,0.95,10,10000,0.938,0.139,574,472,0.00244514,0,0.8223
1324,10000,1.71581,1,1.77828,0.0270303,0.0251189,0.0398107,0.0745043,0.05,0.1,0.346133,0.3,0.4,5.71717e-05,9.79328e+06,29049.9,353102,0.01,0.95,10,10000,0.938,0.139,395,354,0.0028234,0,0.896203
1325,10000,1.71669,1,1.77828,0.0271819,0.0251189,0.0398107,0.0787539,0.05,0.1,0.449274,0.4,0.5,5.71717e-05,5.70242e+06,23810.8,205604,0.01,0.95,10,10000,0.938,0.139,230,190,0.00385387,0,0.826087
1326,10000,1.70497,1,1.77828,0.0270858,0.0251189,0.0398107,0.0799063,0.05,0.1,0.540023,0.5,0.6,5.71717e-05,2.85121e+06,17777.4,102802,0.01,0.95,10,10000,0.938,0.139,115,89,0.00563091,0,0.773913
1327,10000,1.71119,1,1.77828,0.0271371,0.0251189,0.0398107,0.0833548,0.05,0.1,0.63771,0.6,0.7,5.71717e-05,1.11569e+06,10335.3,40226.8,0.01,0.95,10,10000,0.938,0.139,45,38,0.00861752,0,0.844444
1328,10000,1.70052,1,1.77828,0.0264702,0.0251189,0.0398107,0.0867773,0.05,0.1,0.747254,0.7,0.8,5.71717e-05,495862,8488.49,17878.6,0.01,0.95,10,10000,0.938,0.139,20,13,0.0147334,0,0.65
1329,10000,1.72501,1,1.77828,0.0257246,0.0251189,0.0398107,0.0951186,0.05,0.1,0.831789,0.8,0.9,5.71717e-05,223138,8835.1,8045.36,0.01,0.95,10,10000,0.938,0.139,9,3,0.03067,0,0.333333
1330,10000,1.71431,1,1.77828,0.0260403,0.0251189,0.0398107,0.0927012,0.05,0.1,0.928721,0.9,1,5.71717e-05,74379.4,2281.21,2681.79,0.01,0.95,10,10000,0.938,0.139,3,3,0.03067,0,1
1331,10000,1.67162,1,1.77828,0.025277,0.0251189,0.0398107,0.0987168,0.05,0.1,1.06151,1,1.5,0.000285858,4958.62,263.412,178.786,0.01,0.95,10,10000,0.938,0.139,1,1,0.0531219,0,1
1332,10000,1.70595,1,1.77828,0.0270012,0.0251189,0.0398107,0.124589,0.1,0.15,0.0687933,0,0.1,5.71717e-05,2.03304e+06,14718.8,73302.1,0.01,0.95,10,10000,0.938,0.139,82,65,0.00658897,0,0.792683
1333,10000,1.7086,1,1.77828,0.0272348,0.0251189,0.0398107,0.122184,0.1,0.15,0.153693,0.1,0.2,5.71717e-05,6.22307e+06,29030.7,224376,0.01,0.95,10,10000,0.938,0.139,251,171,0.00406234,0,0.681275
1334,10000,1.70366,1,1.77828,0.0270073,0.0251189,0.0398107,0.121839,0.1,0.15,0.250677,0.2,0.3,5.71717e-05,8.40487e+06,32032.8,303042,0.01,0.95,10,10000,0.938,0.139,339,247,0.00338007,0,0.728614
1335,10000,1.70247,1,1.77828,0.0269601,0.0251189,0.0398107,0.123116,0.1,0.15,0.348964,0.3,0.4,5.71717e-05,8.25611e+06,29197.5,297678,0.01,0.95,10,10000,0.938,0.139,333,269,0.0032389,0,0.807808
1336,10000,1.7075,1,1.77828,0.0269994,0.0251189,0.0398107,0.124351,0.1,0.15,0.446572,0.4,0.5,5.71717e-05,5.10738e+06,21355.3,184149,0.01,0.95,10,10000,0.938,0.139,206,181,0.00394852,0,0.878641
1337,10000,1.70919,1,1.77828,0.0272485,0.0251189,0.0398107,0.126881,0.1,0.15,0.544979,0.5,0.6,5.71717e-05,4.314e+06,20925.2,155544,0.01,0.95,10,10000,0.938,0.139,174,142,0.00445789,0,0.816092
1338,10000,1.70846,1,1.77828,0.0270133,0.0251189,0.0398107,0.125983,0.1,0.15,0.649893,0.6,0.7,5.71717e-05,1.90907e+06,-nan,68832.5,0.01,0.95,10,10000,0.938,0.139,77,81,0.00590244,0,1.05195
1339,10000,1.71482,1,1.77828,0.0273239,0.0251189,0.0398107,0.122826,0.1,0.15,0.747997,0.7,0.8,5.71717e-05,1.11569e+06,11338.8,40226.8,0.01,0.95,10,10000,0.938,0.139,45,34,0.00911034,0,0.755556
1340,10000,1.69763,1,1.77828,0.0265131,0.0251189,0.0398107,0.125208,0.1,0.15,0.838091,0.8,0.9,5.71717e-05,619828,7429.21,22348.2,0.01,0.95,10,10000,0.938,0.139,25,22,0.0113256,0,0.88
1341,10000,1.70423,1,1.77828,0.0264361,0.0251189,0.0398107,0.119641,0.1,0.15,0.943236,0.9,1,5.71717e-05,421483,13078.1,15196.8,0.01,0.95,10,10000,0.938,0.139,17,5,0.0237569,0,0.294118
1342,10000,1.70399,1,1.77828,0.0272296,0.0251189,0.0398107,0.134942,0.1,0.15,1.07512,1,1.5,0.000285858,34710.4,-nan,1251.5,0.01,0.95,10,10000,0.938,0.139,7,9,0.0177073,0,1.28571
1343,10000,1.7019,1,1.77828,0.0267794,0.0251189,0.0398107,0.171938,0.15,0.2,0.0711007,0,0.1,5.71717e-05,1.21486e+06,10213.5,43802.5,0.01,0.95,10,10000,0.938,0.139,49,44,0.00800843,0,0.897959
1344,10000,1.71384,1,1.77828,0.0272329,0.0251189,0.0398107,0.172165,0.15,0.2,0.152291,0.1,0.2,5.71717e-05,3.49583e+06,22842.5,126044,0.01,0.95,10,10000,0.938,0.139,141,90,0.00559954,0,0.638298
1345,10000,1.70618,1,1.77828,0.02713,0.0251189,0.0398107,0.174029,0.15,0.2,0.246658,0.2,0.3,5.71717e-05,5.15697e+06,24904,185937,0.01,0.95,10,10000,0.938,0.139,208,153,0.00429465,0,0.735577
1346,10000,1.71206,1,1.77828,0.0271454,0.0251189,0.0398107,0.172926,0.15,0.2,0.349508,0.3,0.4,5.71717e-05,5.65283e+06,25317.6,203816,0.01,0.95,10,10000,0.938,0.139,228,174,0.00402716,0,0.763158
1347,10000,1.70853,1,1.77828,0.0270191,0.0251189,0.0398107,0.174706,0.15,0.2,0.448355,0.4,0.5,5.71717e-05,3.81814e+06,16883.8,137665,0.01,0.95,10,10000,0.938,0.139,154,149,0.00435192,0,0.967532
1348,10000,1.71569,1,1.77828,0.0272362,0.0251189,0.0398107,0.170959,0.15,0.2,0.547375,0.5,0.6,5.71717e-05,2.876e+06,16297.5,103696,0.01,0.95,10,10000,0.938,0.139,116,100,0.00531219,0,0.862069
1349,10000,1.70923,1,1.77828,0.0266827,0.0251189,0.0398107,0.174684,0.15,0.2,0.643283,0.6,0.7,5.71717e-05,2.10742e+06,14871.7,75983.9,0.01,0.95,10,10000,0.938,0.139,85,68,0.00644198,0,0.8
1350,10000,1.70811,1,1.77828,0.0270251,0.0251189,0.0398107,0.173701,0.15,0.2,0.74594,0.7,0.8,5.71717e-05,818173,-nan,29499.6,0.01,0.95,10,10000,0.938,0.139,33,35,0.00897925,0,1.06061
1351,10000,1.70053,1,1.77828,0.0269164,0.0251189,0.0398107,0.172515,0.15,0.2,0.840541,0.8,0.9,5.71717e-05,793380,9947.37,28605.7,0.01,0.95,10,10000,0.938,0.139,32,23,0.0110767,0,0.71875
1352,10000,1.72146,1,1.77828,0.0266894,0.0251189,0.0398107,0.179514,0.15,0.2,0.948608,0.9,1,5.71717e-05,297517,-nan,10727.1,0.01,0.95,10,10000,0.938,0.139,12,16,0.0132805,0,1.33333
1353,10000,1.71191,1,1.77828,0.0265743,0.0251189,0.0398107,0.177016,0.15,0.2,1.12518,1,1.5,0.000285858,84296.6,-nan,3039.36,0.01,0.95,10,10000,0.938,0.139,17,19,0.012187,0,1.11765
1354,10000,1.72161,1,1.77828,0.0272726,0.0251189,0.0398107,0.22498,0.2,0.25,0.064068,0,0.1,5.71717e-05,644621,7540.96,23242.1,0.01,0.95,10,10000,0.938,0.139,26,23,0.0110767,0,0.884615
1355,10000,1.71593,1,1.77828,0.0272456,0.0251189,0.0398107,0.223663,0.2,0.25,0.153752,0.1,0.2,5.71717e-05,2.13221e+06,14223.6,76877.9,0.01,0.95,10,10000,0.938,0.139,86,73,0.00621745,0,0.848837
1356,10000,1.70943,1,1.77828,0.0272167,0.0251189,0.0398107,0.223609,0.2,0.25,0.252387,0.2,0.3,5.71717e-05,3.595e+06,20436.9,129620,0.01,0.95,10,10000,0.938,0.139,145,109,0.00508816,0,0.751724
1357,10000,1.70912,1,1.77828,0.0269826,0.0251189,0.0398107,0.223047,0.2,0.25,0.344132,0.3,0.4,5.71717e-05,3.54542e+06,21315.6,127832,0.01,0.95,10,10000,0.938,0.139,143,101,0.00528583,0,0.706294
1358,10000,1.70648,1,1.77828,0.0273106,0.0251189,0.0398107,0.222191,0.2,0.25,0.448845,0.4,0.5,5.71717e-05,2.45452e+06,15749.7,88498.9,0.01,0.95,10,10000,0.938,0.139,99,81,0.00590244,0,0.818182
1359,10000,1.71308,1,1.77828,0.0272687,0.0251189,0.0398107,0.22321,0.2,0.25,0.550087,0.5,0.6,5.71717e-05,1.98345e+06,15007.3,71514.3,0.01,0.95,10,10000,0.938,0.139,80,61,0.00680157,0,0.7625
1360,10000,1.71646,1,1.77828,0.0272853,0.0251189,0.0398107,0.223431,0.2,0.25,0.646736,0.6,0.7,5.71717e-05,1.23966e+06,-nan,44696.4,0.01,0.95,10,10000,0.938,0.139,50,54,0.00722898,0,1.08
1361,10000,1.70859,1,1.77828,0.0268748,0.0251189,0.0398107,0.220533,0.2,0.25,0.734344,0.7,0.8,5.71717e-05,545449,-nan,19666.4,0.01,0.95,10,10000,0.938,0.139,22,23,0.0110767,0,1.04545
1362,10000,1.71468,1,1.77828,0.0272013,0.0251189,0.0398107,0.220847,0.2,0.25,0.85334,0.8,0.9,5.71717e-05,595035,-nan,21454.3,0.01,0.95,10,10000,0.938,0.139,24,26,0.0104181,0,1.08333
1363,10000,1.7118,1,1.77828,0.027051,0.0251189,0.0398107,0.223251,0.2,0.25,0.945626,0.9,1,5.71717e-05,396690,5973.62,14302.9,0.01,0.95,10,10000,0.938,0.139,16,14,0.0141974,0,0.875
1364,10000,1.72164,1,1.77828,0.0265417,0.0251189,0.0398107,0.230527,0.2,0.25,1.17122,1,1.5,0.000285858,74379.4,1020.19,2681.79,0.01,0.95,10,10000,0.938,0.139,15,15,0.013716,0,1
1365,10000,1.7275,1,1.77828,0.0274691,0.0251189,0.0398107,0.271155,0.25,0.3,0.0705729,0,0.1,5.71717e-05,595035,6726.93,21454.3,0.01,0.95,10,10000,0.938,0.139,24,23,0.0110767,0,0.958333
1366,10000,1.71063,1,1.77828,0.027124,0.0251189,0.0398107,0.274102,0.25,0.3,0.159734,0.1,0.2,5.71717e-05,1.58676e+06,12533.9,57211.4,0.01,0.95,10,10000,0.938,0.139,64,53,0.00729686,0,0.828125
1367,10000,1.71038,1,1.77828,0.027231,0.0251189,0.0398107,0.273443,0.25,0.3,0.248309,0.2,0.3,5.71717e-05,2.38014e+06,15770.5,85817.1,0.01,0.95,10,10000,0.938,0.139,96,77,0.00605381,0,0.802083
1368,10000,1.69864,1,1.77828,0.0271905,0.0251189,0.0398107,0.274198,0.25,0.3,0.33991,0.3,0.4,5.71717e-05,2.55369e+06,19467.8,92074.6,0.01,0.95,10,10000,0.938,0.139,103,66,0.00653886,0,0.640777
1369,10000,1.7112,1,1.77828,0.0272513,0.0251189,0.0398107,0.270525,0.25,0.3,0.450161,0.4,0.5,5.71717e-05,1.61155e+06,12399.7,58105.4,0.01,0.95,10,10000,0.938,0.139,65,55,0.00716296,0,0.846154
1370,10000,1.72401,1,1.77828,0.0272736,0.0251189,0.0398107,0.269999,0.25,0.3,0.544536,0.5,0.6,5.71717e-05,1.46279e+06,14127,52741.8,0.01,0.95,10,10000,0.938,0.139,59,40,0.00839932,0,0.677966
1371,10000,1.7096,1,1.77828,0.0271338,0.0251189,0.0398107,0.273356,0.25,0.3,0.644246,0.6,0.7,5.71717e-05,1.11569e+06,11338.8,40226.8,0.01,0.95,10,10000,0.938,0.139,45,34,0.00911034,0,0.755556
1372,10000,1.70807,1,1.77828,0.027113,0.0251189,0.0398107,0.273806,0.25,0.3,0.748334,0.7,0.8,5.71717e-05,694207,7486.14,25030,0.01,0.95,10,10000,0.938,0.139,28,26,0.0104181,0,0.928571
1373,10000,1.72542,1,1.77828,0.0273893,0.0251189,0.0398107,0.280807,0.25,0.3,0.84602,0.8,0.9,5.71717e-05,347104,7160.19,12515,0.01,0.95,10,10000,0.938,0.139,14,9,0.0177073,0,0.642857
1374,10000,1.70925,1,1.77828,0.0273089,0.0251189,0.0398107,0.279894,0.25,0.3,0.942841,0.9,1,5.71717e-05,396690,6368.98,14302.9,0.01,0.95,10,10000,0.938,0.139,16,13,0.0147334,0,0.8125
1375,10000,1.71539,1,1.77828,0.026996,0.0251189,0.0398107,0.276544,0.25,0.3,1.12141,1,1.5,0.000285858,84296.6,-nan,3039.36,0.01,0.95,10,10000,0.938,0.139,17,20,0.0118784,0,1.17647
1376,10000,1.6999,1,1.77828,0.0267691,0.0251189,0.0398107,0.338619,0.3,0.4,0.0698108,0,0.1,0.000114343,322311,3626.9,11621.1,0.01,0.95,10,10000,0.938,0.139,26,24,0.0108435,0,0.923077
1377,10000,1.71025,1,1.77828,0.0273022,0.0251189,0.0398107,0.344017,0.3,0.4,0.149808,0.1,0.2,0.000114343,818173,6042.95,29499.6,0.01,0.95,10,10000,0.938,0.139,66,58,0.00697525,0,0.878788
1378,10000,1.70093,1,1.77828,0.0269286,0.0251189,0.0398107,0.347739,0.3,0.4,0.255279,0.2,0.3,0.000114343,1.12809e+06,-nan,40673.8,0.01,0.95,10,10000,0.938,0.139,91,98,0.00536613,0,1.07692
1379,10000,1.71397,1,1.77828,0.0272307,0.0251189,0.0398107,0.352147,0.3,0.4,0.350267,0.3,0.4,0.000114343,1.31404e+06,8287.44,47378.2,0.01,0.95,10,10000,0.938,0.139,106,85,0.00576188,0,0.801887
1380,10000,1.7121,1,1.77828,0.026972,0.0251189,0.0398107,0.349655,0.3,0.4,0.44931,0.4,0.5,0.000114343,1.27685e+06,9215.77,46037.3,0.01,0.95,10,10000,0.938,0.139,103,71,0.00630441,0,0.68932
1381,10000,1.70947,1,1.77828,0.0273013,0.0251189,0.0398107,0.345529,0.3,0.4,0.542287,0.5,0.6,0.000114343,942138,6916.83,33969.3,0.01,0.95,10,10000,0.938,0.139,76,62,0.00674649,0,0.815789
1382,10000,1.7084,1,1.77828,0.027159,0.0251189,0.0398107,0.341561,0.3,0.4,0.64767,0.6,0.7,0.000114343,731397,6442.53,26370.9,0.01,0.95,10,10000,0.938,0.139,59,45,0.00791895,0,0.762712
1383,10000,1.70421,1,1.77828,0.0268664,0.0251189,0.0398107,0.350206,0.3,0.4,0.748066,0.7,0.8,0.000114343,545449,5010.66,19666.4,0.01,0.95,10,10000,0.938,0.139,44,38,0.00861752,0,0.863636
1384,10000,1.71657,1,1.77828,0.0270221,0.0251189,0.0398107,0.349404,0.3,0.4,0.849588,0.8,0.9,0.000114343,272724,3383.58,9833.21,0.01,0.95,10,10000,0.938,0.139,22,20,0.0118784,0,0.909091
1385,10000,1.70581,1,1.77828,0.027008,0.0251189,0.0398107,0.341848,0.3,0.4,0.941873,0.9,1,0.000114343,260328,-nan,9386.25,0.01,0.95,10,10000,0.938,0.139,21,24,0.0108435,0,1.14286
1386,10000,1.71706,1,1.77828,0.0272896,0.0251189,0.0398107,0.345845,0.3,0.4,1.17278,1,1.5,0.000571717,91734.5,823.088,3307.54,0.01,0.95,10,10000,0.938,0.139,37,36,0.00885366,0,0.972973
1387,10000,1.7134,1,1.77828,0.0266122,0.0251189,0.0398107,0.450648,0.4,0.5,0.0676799,0,0.1,0.000114343,148759,-nan,5363.57,0.01,0.95,10,10000,0.938,0.139,12,14,0.0141974,0,1.16667
1388,10000,1.70587,1,1.77828,0.0271212,0.0251189,0.0398107,0.456578,0.4,0.5,0.152829,0.1,0.2,0.000114343,421483,4321.61,15196.8,0.01,0.95,10,10000,0.938,0.139,34,30,0.0096987,0,0.882353
1389,10000,1.71032,1,1.77828,0.0269904,0.0251189,0.0398107,0.448578,0.4,0.5,0.249942,0.2,0.3,0.000114343,632225,5508.74,22795.2,0.01,0.95,10,10000,0.938,0.139,51,43,0.00810102,0,0.843137
1390,10000,1.70168,1,1.77828,0.0271659,0.0251189,0.0398107,0.441626,0.4,0.5,0.353921,0.3,0.4,0.000114343,619828,5703.03,22348.2,0.01,0.95,10,10000,0.938,0.139,50,40,0.00839932,0,0.8
1391,10000,1.70695,1,1.77828,0.0272207,0.0251189,0.0398107,0.444533,0.4,0.5,0.446631,0.4,0.5,0.000114343,644621,5031.07,23242.1,0.01,0.95,10,10000,0.938,0.139,52,49,0.00758885,0,0.942308
1392,10000,1.71787,1,1.77828,0.0272275,0.0251189,0.0398107,0.447324,0.4,0.5,0.549498,0.5,0.6,0.000114343,632225,5854.99,22795.2,0.01,0.95,10,10000,0.938,0.139,51,40,0.00839932,0,0.784314
1393,10000,1.70277,1,1.77828,0.0273649,0.0251189,0.0398107,0.447254,0.4,0.5,0.643891,0.6,0.7,0.000114343,347104,4331.94,12515,0.01,0.95,10,10000,0.938,0.139,28,22,0.0113256,0,0.785714
1394,10000,1.70949,1,1.77828,0.0272346,0.0251189,0.0398107,0.454137,0.4,0.5,0.750159,0.7,0.8,0.000114343,421483,4731.78,15196.8,0.01,0.95,10,10000,0.938,0.139,34,27,0.0102233,0,0.794118
1395,10000,1.68827,1,1.77828,0.0268855,0.0251189,0.0398107,0.446953,0.4,0.5,0.837473,0.8,0.9,0.000114343,247931,4013.4,8939.29,0.01,0.95,10,10000,0.938,0.139,20,14,0.0141974,0,0.7
1396,10000,1.69923,1,1.77828,0.0277419,0.0251189,0.0398107,0.453492,0.4,0.5,0.942172,0.9,1,0.000114343,111569,2476.53,4022.68,0.01,0.95,10,10000,0.938,0.139,9,7,0.0200782,0,0.777778
1397,10000,1.69396,1,1.77828,0.0269711,0.0251189,0.0398107,0.447628,0.4,0.5,1.15572,1,1.5,0.000571717,64462.1,754.096,2324.21,0.01,0.95,10,10000,0.938,0.139,26,23,0.0110767,0,0.884615
1398,10000,1.65101,1,1.77828,0.02604,0.0251189,0.0398107,0.534855,0.5,0.6,0.0621657,0,0.1,0.000114343,61982.8,1472.52,2234.82,0.01,0.95,10,10000,0.938,0.139,5,5,0.0237569,0,1
1399,10000,1.71585,1,1.77828,0.0267774,0.0251189,0.0398107,0.558236,0.5,0.6,0.15366,0.1,0.2,0.000114343,235535,3554.43,8492.32,0.01,0.95,10,10000,0.938,0.139,19,15,0.013716,0,0.789474
1400,10000,1.71154,1,1.77828,0.0272037,0.0251189,0.0398107,0.550509,0.5,0.6,0.251444,0.2,0.3,0.000114343,334707,3685.41,12068,0.01,0.95,10,10000,0.938,0.139,27,25,0.0106244,0,0.925926
1401,10000,1.72023,1,1.77828,0.0269915,0.0251189,0.0398107,0.550426,0.5,0.6,0.345568,0.3,0.4,0.000114343,433880,4771.5,15643.8,0.01,0.95,10,10000,0.938,0.139,35,28,0.0100391,0,0.8
1402,10000,1.71387,1,1.77828,0.0272811,0.0251189,0.0398107,0.548866,0.5,0.6,0.433725,0.4,0.5,0.000114343,396690,3843.49,14302.9,0.01,0.95,10,10000,0.938,0.139,32,31,0.00954098,0,0.96875
1403,10000,1.72069,1,1.77828,0.0272625,0.0251189,0.0398107,0.547341,0.5,0.6,0.547155,0.5,0.6,0.000114343,396690,-nan,14302.9,0.01,0.95,10,10000,0.938,0.139,32,33,0.00924734,0,1.03125
1404,10000,1.7022,1,1.77828,0.0267759,0.0251189,0.0398107,0.546146,0.5,0.6,0.653557,0.6,0.7,0.000114343,198345,3639.56,7151.43,0.01,0.95,10,10000,0.938,0.139,16,11,0.0160169,0,0.6875
1405,10000,1.71267,1,1.77828,0.0269175,0.0251189,0.0398107,0.543464,0.5,0.6,0.750114,0.7,0.8,0.000114343,223138,3502.34,8045.36,0.01,0.95,10,10000,0.938,0.139,18,14,0.0141974,0,0.777778
1406,10000,1.73257,1,1.77828,0.0272034,0.0251189,0.0398107,0.545988,0.5,0.6,0.854375,0.8,0.9,0.000114343,173552,3895.91,6257.5,0.01,0.95,10,10000,0.938,0.139,14,8,0.0187814,0,0.571429
1407,10000,1.71354,1,1.77828,0.0268297,0.0251189,0.0398107,0.546644,0.5,0.6,0.958884,0.9,1,0.000114343,161155,4334.97,5810.54,0.01,0.95,10,10000,0.938,0.139,13,6,0.0216869,0,0.461538
1408,10000,1.71835,1,1.77828,0.0274681,0.0251189,0.0398107,0.54931,0.5,0.6,1.16692,1,1.5,0.000571717,47106.9,796.123,1698.46,0.01,0.95,10,10000,0.938,0.139,19,13,0.0147334,0,0.684211
1409,10000,1.72835,1,1.77828,0.0261542,0.0251189,0.0398107,0.649903,0.6,0.7,0.068667,0,0.1,0.000114343,49586.2,1317.06,1787.86,0.01,0.95,10,10000,0.938,0.139,4,4,0.026561,0,1
1410,10000,1.72147,1,1.77828,0.0271522,0.0251189,0.0398107,0.662054,0.6,0.7,0.144219,0.1,0.2,0.000114343,111569,1975.59,4022.68,0.01,0.95,10,10000,0.938,0.139,9,9,0.0177073,0,1
1411,10000,1.71618,1,1.77828,0.0276379,0.0251189,0.0398107,0.636925,0.6,0.7,0.250437,0.2,0.3,0.000114343,247931,2945.03,8939.29,0.01,0.95,10,10000,0.938,0.139,20,20,0.0118784,0,1
1412,10000,1.69732,1,1.77828,0.0273614,0.0251189,0.0398107,0.638282,0.6,0.7,0.348645,0.3,0.4,0.000114343,260328,3320.26,9386.25,0.01,0.95,10,10000,0.938,0.139,21,19,0.012187,0,0.904762
1413,10000,1.71943,1,1.77828,0.0272651,0.0251189,0.0398107,0.650833,0.6,0.7,0.443768,0.4,0.5,0.000114343,247931,3255.86,8939.29,0.01,0.95,10,10000,0.938,0.139,20,18,0.012521,0,0.9
1414,10000,1.7274,1,1.77828,0.0275625,0.0251189,0.0398107,0.650973,0.6,0.7,0.55795,0.5,0.6,0.000114343,99172.5,2111.99,3575.71,0.01,0.95,10,10000,0.938,0.139,8,7,0.0200782,0,0.875
1415,10000,1.70601,1,1.77828,0.0271646,0.0251189,0.0398107,0.649209,0.6,0.7,0.645729,0.6,0.7,0.000114343,161155,2772.66,5810.54,0.01,0.95,10,10000,0.938,0.139,13,11,0.0160169,0,0.846154
1416,10000,1.717,1,1.77828,0.0273363,0.0251189,0.0398107,0.652747,0.6,0.7,0.747476,0.7,0.8,0.000114343,173552,3305.79,6257.5,0.01,0.95,10,10000,0.938,0.139,14,10,0.0167986,0,0.714286
1417,10000,1.71418,1,1.77828,0.0272199,0.0251189,0.0398107,0.624204,0.6,0.7,0.843527,0.8,0.9,0.000114343,37189.7,-nan,1340.89,0.01,0.95,10,10000,0.938,0.139,3,6,0.0216869,0,2
1418,10000,1.67093,1,1.77828,0.0268089,0.0251189,0.0398107,0.646016,0.6,0.7,0.961253,0.9,1,0.000114343,86775.9,2337.55,3128.75,0.01,0.95,10,10000,0.938,0.139,7,5,0.0237569,0,0.714286
1419,10000,1.72706,1,1.77828,0.0267381,0.0251189,0.0398107,0.637693,0.6,0.7,1.17606,1,1.5,0.000571717,37189.7,1300.49,1340.89,0.01,0.95,10,10000,0.938,0.139,15,4,0.026561,0,0.266667
1420,10000,1.66955,1,1.77828,0.0262925,0.0251189,0.0398107,0.738397,0.7,0.8,0.0425501,0,0.1,0.000114343,24793.1,931.301,893.929,0.01,0.95,10,10000,0.938,0.139,2,2,0.0375629,0,1
1421,10000,1.71389,1,1.77828,0.0275479,0.0251189,0.0398107,0.733839,0.7,0.8,0.137563,0.1,0.2,0.000114343,49586.2,1317.06,1787.86,0.01,0.95,10,10000,0.938,0.139,4,4,0.026561,0,1
1422,10000,1.69852,1,1.77828,0.0268766,0.0251189,0.0398107,0.759203,0.7,0.8,0.271901,0.2,0.3,0.000114343,111569,1975.59,4022.68,0.01,0.95,10,10000,0.938,0.139,9,9,0.0177073,0,1
1423,10000,1.70713,1,1.77828,0.0276636,0.0251189,0.0398107,0.758352,0.7,0.8,0.352153,0.3,0.4,0.000114343,99172.5,-nan,3575.71,0.01,0.95,10,10000,0.938,0.139,8,10,0.0167986,0,1.25
1424,10000,1.70981,1,1.77828,0.0271606,0.0251189,0.0398107,0.73063,0.7,0.8,0.441748,0.4,0.5,0.000114343,74379.4,-nan,2681.79,0.01,0.95,10,10000,0.938,0.139,6,8,0.0187814,0,1.33333
1425,10000,1.69816,1,1.77828,0.0262568,0.0251189,0.0398107,0.745063,0.7,0.8,0.564915,0.5,0.6,0.000114343,123966,-nan,4469.64,0.01,0.95,10,10000,0.938,0.139,10,12,0.015335,0,1.2
1426,10000,1.7061,1,1.77828,0.0272823,0.0251189,0.0398107,0.745399,0.7,0.8,0.649942,0.6,0.7,0.000114343,111569,2476.53,4022.68,0.01,0.95,10,10000,0.938,0.139,9,7,0.0200782,0,0.777778
1427,10000,1.73226,1,1.77828,0.0269347,0.0251189,0.0398107,0.734596,0.7,0.8,0.723994,0.7,0.8,0.000114343,37189.7,-nan,1340.89,0.01,0.95,10,10000,0.938,0.139,3,5,0.0237569,0,1.66667
1428,10000,1.72185,1,1.77828,0.0276291,0.0251189,0.0398107,0.757976,0.7,0.8,0.85936,0.8,0.9,0.000114343,74379.4,1908.6,2681.79,0.01,0.95,10,10000,0.938,0.139,6,5,0.0237569,0,0.833333
1429,10000,1.75584,1,1.77828,0.026326,0.0251189,0.0398107,0.701667,0.7,0.8,0.910351,0.9,1,0.000114343,24793.1,1613.06,893.929,0.01,0.95,10,10000,0.938,0.139,2,1,0.0531219,0,0.5
1430,10000,1.73957,1,1.77828,0.0282847,0.0251189,0.0398107,0.759049,0.7,0.8,1.03147,1,1.5,0.000571717,32231.1,1113.67,1162.11,0.01,0.95,10,10000,0.938,0.139,13,4,0.026561,0,0.307692
1431,10000,1.73415,1,1.77828,0.0287779,0.0251189,0.0398107,0.865391,0.8,0.9,0.178937,0.1,0.2,0.000114343,49586.2,1700.32,1787.86,0.01,0.95,10,10000,0.938,0.139,4,3,0.03067,0,0.75
1432,10000,1.70713,1,1.77828,0.0262333,0.0251189,0.0398107,0.826223,0.8,0.9,0.231053,0.2,0.3,0.000114343,74379.4,1613.06,2681.79,0.01,0.95,10,10000,0.938,0.139,6,6,0.0216869,0,1
1433,10000,1.70055,1,1.77828,0.0274673,0.0251189,0.0398107,0.845694,0.8,0.9,0.361042,0.3,0.4,0.000114343,74379.4,2281.21,2681.79,0.01,0.95,10,10000,0.938,0.139,6,4,0.026561,0,0.666667
1434,10000,1.68773,1,1.77828,0.0272421,0.0251189,0.0398107,0.836943,0.8,0.9,0.544177,0.5,0.6,0.000114343,74379.4,2281.21,2681.79,0.01,0.95,10,10000,0.938,0.139,6,4,0.026561,0,0.666667
1435,10000,1.76281,1,1.77828,0.0300942,0.0251189,0.0398107,0.85299,0.8,0.9,0.668523,0.6,0.7,0.000114343,37189.7,1613.06,1340.89,0.01,0.95,10,10000,0.938,0.139,3,2,0.0375629,0,0.666667
1436,10000,1.76765,1,1.77828,0.0281991,0.0251189,0.0398107,0.831273,0.8,0.9,0.764109,0.7,0.8,0.000114343,24793.1,931.301,893.929,0.01,0.95,10,10000,0.938,0.139,2,2,0.0375629,0,1
1437,10000,1.67117,1,1.77828,0.0270949,0.0251189,0.0398107,0.853784,0.8,0.9,0.853913,0.8,0.9,0.000114343,49586.2,2281.21,1787.86,0.01,0.95,10,10000,0.938,0.139,4,2,0.0375629,0,0.5
1438,10000,1.73983,1,1.77828,0.0270211,0.0251189,0.0398107,0.807369,0.8,0.9,0.94144,0.9,1,0.000114343,12396.6,-nan,446.964,0.01,0.95,10,10000,0.938,0.139,1,2,0.0375629,0,2
1439,10000,1.71572,1,1.77828,0.0277642,0.0251189,0.0398107,0.818357,0.8,0.9,1.07269,1,1.5,0.000571717,22313.8,1117.56,804.536,0.01,0.95,10,10000,0.938,0.139,9,2,0.0375629,0,0.222222
1440,10000,1.67562,1,1.77828,0.0270906,0.0251189,0.0398107,0.934796,0.9,1,0.144051,0.1,0.2,0.000114343,37189.7,1140.61,1340.89,0.01,0.95,10,10000,0.938,0.139,3,3,0.03067,0,1
1441,10000,1.71521,1,1.77828,0.0285395,0.0251189,0.0398107,0.912043,0.9,1,0.205542,0.2,0.3,0.000114343,0,0,0,0.01,0.95,10,10000,0.938,0.139,0,1,0.0531219,0,0
1442,10000,1.71399,1,1.77828,0.0277403,0.0251189,0.0398107,0.950141,0.9,1,0.371706,0.3,0.4,0.000114343,12396.6,-nan,446.964,0.01,0.95,10,10000,0.938,0.139,1,2,0.0375629,0,2
1443,10000,1.7133,1,1.77828,0.0270887,0.0251189,0.0398107,0.95491,0.9,1,0.467017,0.4,0.5,0.000114343,49586.2,1700.32,1787.86,0.01,0.95,10,10000,0.938,0.139,4,3,0.03067,0,0.75
1444,10000,1.71988,1,1.77828,0.0270024,0.0251189,0.0398107,0.919076,0.9,1,0.605535,0.6,0.7,0.000114343,0,0,0,0.01,0.95,10,10000,0.938,0.139,0,1,0.0531219,0,0
1445,10000,1.7267,1,1.77828,0.0278043,0.0251189,0.0398107,0.956383,0.9,1,0.719201,0.7,0.8,0.000114343,12396.6,-nan,446.964,0.01,0.95,10,10000,0.938,0.139,1,2,0.0375629,0,2
1446,10000,1.65109,1,1.77828,0.0270123,0.0251189,0.0398107,0.920134,0.9,1,0.843822,0.8,0.9,0.000114343,0,0,0,0.01,0.95,10,10000,0.938,0.139,0,1,0.0531219,0,0
1447,10000,1.70778,1,1.77828,0.0283273,0.0251189,0.0398107,0.905523,0.9,1,0.965277,0.9,1,0.000114343,0,0,0,0.01,0.95,10,10000,0.938,0.139,0,1,0.0531219,0,0
1448,10000,1.71195,1,1.77828,0.0278899,0.0251189,0.0398107,0.932312,0.9,1,1.16617,1,1.5,0.000571717,9917.25,456.242,357.571,0.01,0.95,10,10000,0.938,0.139,4,2,0.0375629,0,0.5
1449,10000,1.82263,1.77828,2.37137,0.000374332,0.0001,0.000398107,0.0831407,0.05,0.1,0.0676087,0,0.1,8.84026e-07,1.05826e+08,2.29504e+06,3.8156e+06,0.01,0.95,10,10000,0.938,0.139,66,11,0.0160169,0,0.166667
1450,10000,1.81936,1.77828,2.37137,0.000378149,0.0001,0.000398107,0.0820928,0.05,0.1,0.155688,0.1,0.2,8.84026e-07,2.61357e+08,3.18689e+06,9.42337e+06,0.01,0.95,10,10000,0.938,0.139,163,34,0.00911034,0,0.208589
1451,10000,1.82076,1.77828,2.37137,0.000379707,0.0001,0.000398107,0.0770211,0.05,0.1,0.246724,0.2,0.3,8.84026e-07,3.41528e+08,2.64654e+06,1.2314e+07,0.01,0.95,10,10000,0.938,0.139,213,77,0.00605381,0,0.361502
1452,10000,1.81898,1.77828,2.37137,0.000381004,0.0001,0.000398107,0.0778066,0.05,0.1,0.348843,0.3,0.4,8.84026e-07,2.87012e+08,1.89611e+06,1.03484e+07,0.01,0.95,10,10000,0.938,0.139,179,95,0.0054502,0,0.530726
1453,10000,1.82301,1.77828,2.37137,0.000382545,0.0001,0.000398107,0.0741468,0.05,0.1,0.442901,0.4,0.5,8.84026e-07,1.98824e+08,1.52769e+06,7.1687e+06,0.01,0.95,10,10000,0.938,0.139,124,69,0.00639513,0,0.556452
1454,10000,1.81939,1.77828,2.37137,0.000381071,0.0001,0.000398107,0.0741576,0.05,0.1,0.5437,0.5,0.6,8.84026e-07,1.28274e+08,1.05264e+06,4.62497e+06,0.01,0.95,10,10000,0.938,0.139,80,55,0.00716296,0,0.6875
1455,10000,1.81896,1.77828,2.37137,0.000382999,0.0001,0.000398107,0.069241,0.05,0.1,0.64818,0.6,0.7,8.84026e-07,8.65846e+07,832550,3.12185e+06,0.01,0.95,10,10000,0.938,0.139,54,39,0.00850632,0,0.722222
1456,10000,1.80744,1.77828,2.37137,0.000379416,0.0001,0.000398107,0.0662404,0.05,0.1,0.749452,0.7,0.8,8.84026e-07,8.17744e+07,712521,2.94842e+06,0.01,0.95,10,10000,0.938,0.139,51,43,0.00810102,0,0.843137
1457,10000,1.8288,1.77828,2.37137,0.000385375,0.0001,0.000398107,0.073846,0.05,0.1,0.842941,0.8,0.9,8.84026e-07,4.16889e+07,507174,1.50311e+06,0.01,0.95,10,10000,0.938,0.139,26,22,0.0113256,0,0.846154
1458,10000,1.82006,1.77828,2.37137,0.000381814,0.0001,0.000398107,0.0727327,0.05,0.1,0.944302,0.9,1,8.84026e-07,3.36718e+07,409380,1.21405e+06,0.01,0.95,10,10000,0.938,0.139,21,20,0.0118784,0,0.952381
1459,10000,1.81632,1.77828,2.37137,0.000378911,0.0001,0.000398107,0.0737123,0.05,0.1,1.15782,1,1.5,4.42013e-06,8.0171e+06,92286.7,289061,0.01,0.95,10,10000,0.938,0.139,25,23,0.0110767,0,0.92
1460,10000,1.81366,1.77828,2.37137,0.000380468,0.0001,0.000398107,0.115784,0.1,0.15,0.0733891,0,0.1,8.84026e-07,3.20684e+07,548967,1.15624e+06,0.01,0.95,10,10000,0.938,0.139,20,13,0.0147334,0,0.65
1461,10000,1.80843,1.77828,2.37137,0.000377182,0.0001,0.000398107,0.120038,0.1,0.15,0.156483,0.1,0.2,8.84026e-07,9.13949e+07,796300,3.29529e+06,0.01,0.95,10,10000,0.938,0.139,57,45,0.00791895,0,0.789474
1462,10000,1.82004,1.77828,2.37137,0.000380536,0.0001,0.000398107,0.121093,0.1,0.15,0.249277,0.2,0.3,8.84026e-07,1.61945e+08,1.0571e+06,5.83902e+06,0.01,0.95,10,10000,0.938,0.139,101,80,0.00593921,0,0.792079
1463,10000,1.82051,1.77828,2.37137,0.000378988,0.0001,0.000398107,0.120488,0.1,0.15,0.351674,0.3,0.4,8.84026e-07,1.15446e+08,867503,4.16247e+06,0.01,0.95,10,10000,0.938,0.139,72,59,0.00691589,0,0.819444
1464,10000,1.82352,1.77828,2.37137,0.000384425,0.0001,0.000398107,0.122001,0.1,0.15,0.445035,0.4,0.5,8.84026e-07,1.13843e+08,930052,4.10466e+06,0.01,0.95,10,10000,0.938,0.139,71,53,0.00729686,0,0.746479
1465,10000,1.81523,1.77828,2.37137,0.000378476,0.0001,0.000398107,0.124062,0.1,0.15,0.547383,0.5,0.6,8.84026e-07,6.73436e+07,669409,2.42811e+06,0.01,0.95,10,10000,0.938,0.139,42,34,0.00911034,0,0.809524
1466,10000,1.81241,1.77828,2.37137,0.00037947,0.0001,0.000398107,0.1216,0.1,0.15,0.647919,0.6,0.7,8.84026e-07,4.48957e+07,450713,1.61874e+06,0.01,0.95,10,10000,0.938,0.139,28,28,0.0100391,0,1
1467,10000,1.82532,1.77828,2.37137,0.00038512,0.0001,0.000398107,0.124655,0.1,0.15,0.751615,0.7,0.8,8.84026e-07,3.52752e+07,437646,1.27187e+06,0.01,0.95,10,10000,0.938,0.139,22,20,0.0118784,0,0.909091
1468,10000,1.81434,1.77828,2.37137,0.000383646,0.0001,0.000398107,0.124061,0.1,0.15,0.847742,0.8,0.9,8.84026e-07,2.24479e+07,463064,809370,0.01,0.95,10,10000,0.938,0.139,14,9,0.0177073,0,0.642857
1469,10000,1.81877,1.77828,2.37137,0.000379705,0.0001,0.000398107,0.117064,0.1,0.15,0.936958,0.9,1,8.84026e-07,1.9241e+07,459819,693745,0.01,0.95,10,10000,0.938,0.139,12,7,0.0200782,0,0.583333
1470,10000,1.81181,1.77828,2.37137,0.000381078,0.0001,0.000398107,0.12293,0.1,0.15,1.266,1,1.5,4.42013e-06,6.09299e+06,82530.2,219686,0.01,0.95,10,10000,0.938,0.139,19,17,0.012884,0,0.894737
1471,10000,1.79686,1.77828,2.37137,0.000376682,0.0001,0.000398107,0.167785,0.15,0.2,0.0682716,0,0.1,8.84026e-07,6.41368e+06,-nan,231248,0.01,0.95,10,10000,0.938,0.139,4,7,0.0200782,0,1.75
1472,10000,1.82415,1.77828,2.37137,0.000383445,0.0001,0.000398107,0.166034,0.15,0.2,0.155159,0.1,0.2,8.84026e-07,4.81026e+07,515771,1.73436e+06,0.01,0.95,10,10000,0.938,0.139,30,27,0.0102233,0,0.9
1473,10000,1.82214,1.77828,2.37137,0.000379604,0.0001,0.000398107,0.174355,0.15,0.2,0.256093,0.2,0.3,8.84026e-07,7.37573e+07,644307,2.65936e+06,0.01,0.95,10,10000,0.938,0.139,46,41,0.00829625,0,0.891304
1474,10000,1.81716,1.77828,2.37137,0.00038045,0.0001,0.000398107,0.174157,0.15,0.2,0.362228,0.3,0.4,8.84026e-07,5.61197e+07,581868,2.02342e+06,0.01,0.95,10,10000,0.938,0.139,35,30,0.0096987,0,0.857143
1475,10000,1.82106,1.77828,2.37137,0.000381976,0.0001,0.000398107,0.175017,0.15,0.2,0.44449,0.4,0.5,8.84026e-07,5.45163e+07,593624,1.96561e+06,0.01,0.95,10,10000,0.938,0.139,34,28,0.0100391,0,0.823529
1476,10000,1.82762,1.77828,2.37137,0.0003834,0.0001,0.000398107,0.168019,0.15,0.2,0.540122,0.5,0.6,8.84026e-07,4.48957e+07,581868,1.61874e+06,0.01,0.95,10,10000,0.938,0.139,28,21,0.0115922,0,0.75
1477,10000,1.81291,1.77828,2.37137,0.00038005,0.0001,0.000398107,0.174157,0.15,0.2,0.651744,0.6,0.7,8.84026e-07,2.72581e+07,395254,982806,0.01,0.95,10,10000,0.938,0.139,17,15,0.013716,0,0.882353
1478,10000,1.83098,1.77828,2.37137,0.000384567,0.0001,0.000398107,0.174837,0.15,0.2,0.732244,0.7,0.8,8.84026e-07,1.76376e+07,373711,635933,0.01,0.95,10,10000,0.938,0.139,11,8,0.0187814,0,0.727273
1479,10000,1.83113,1.77828,2.37137,0.000384193,0.0001,0.000398107,0.173091,0.15,0.2,0.846956,0.8,0.9,8.84026e-07,1.60342e+07,329888,578121,0.01,0.95,10,10000,0.938,0.139,10,8,0.0187814,0,0.8
1480,10000,1.83012,1.77828,2.37137,0.000381641,0.0001,0.000398107,0.178094,0.15,0.2,0.948624,0.9,1,8.84026e-07,4.81026e+06,147530,173436,0.01,0.95,10,10000,0.938,0.139,3,3,0.03067,0,1
1481,10000,1.81831,1.77828,2.37137,0.000386428,0.0001,0.000398107,0.164329,0.15,0.2,1.20606,1,1.5,4.42013e-06,2.88615e+06,72274.9,104062,0.01,0.95,10,10000,0.938,0.139,9,6,0.0216869,0,0.666667
1482,10000,1.79238,1.77828,2.37137,0.00038033,0.0001,0.000398107,0.226886,0.2,0.25,0.035379,0,0.1,8.84026e-07,1.12239e+07,302347,404685,0.01,0.95,10,10000,0.938,0.139,7,5,0.0237569,0,0.714286
1483,10000,1.81194,1.77828,2.37137,0.000380486,0.0001,0.000398107,0.222215,0.2,0.25,0.156698,0.1,0.2,8.84026e-07,3.52752e+07,528508,1.27187e+06,0.01,0.95,10,10000,0.938,0.139,22,16,0.0132805,0,0.727273
1484,10000,1.82074,1.77828,2.37137,0.000382136,0.0001,0.000398107,0.2159,0.2,0.25,0.250409,0.2,0.3,8.84026e-07,3.36718e+07,582986,1.21405e+06,0.01,0.95,10,10000,0.938,0.139,21,13,0.0147334,0,0.619048
1485,10000,1.81739,1.77828,2.37137,0.000381173,0.0001,0.000398107,0.223374,0.2,0.25,0.347883,0.3,0.4,8.84026e-07,5.61197e+07,581868,2.02342e+06,0.01,0.95,10,10000,0.938,0.139,35,30,0.0096987,0,0.857143
1486,10000,1.8261,1.77828,2.37137,0.000382471,0.0001,0.000398107,0.221469,0.2,0.25,0.445607,0.4,0.5,8.84026e-07,3.52752e+07,-nan,1.27187e+06,0.01,0.95,10,10000,0.938,0.139,22,23,0.0110767,0,1.04545
1487,10000,1.82524,1.77828,2.37137,0.000382179,0.0001,0.000398107,0.224606,0.2,0.25,0.541102,0.5,0.6,8.84026e-07,4.00855e+07,500473,1.4453e+06,0.01,0.95,10,10000,0.938,0.139,25,21,0.0115922,0,0.84
1488,10000,1.81152,1.77828,2.37137,0.000375992,0.0001,0.000398107,0.223676,0.2,0.25,0.640063,0.6,0.7,8.84026e-07,2.40513e+07,377242,867182,0.01,0.95,10,10000,0.938,0.139,15,13,0.0147334,0,0.866667
1489,10000,1.82018,1.77828,2.37137,0.000383499,0.0001,0.000398107,0.233793,0.2,0.25,0.750781,0.7,0.8,8.84026e-07,1.12239e+07,302347,404685,0.01,0.95,10,10000,0.938,0.139,7,5,0.0237569,0,0.714286
1490,10000,1.81081,1.77828,2.37137,0.000376432,0.0001,0.000398107,0.232127,0.2,0.25,0.834349,0.8,0.9,8.84026e-07,9.62052e+06,295061,346873,0.01,0.95,10,10000,0.938,0.139,6,4,0.026561,0,0.666667
1491,10000,1.81179,1.77828,2.37137,0.000370443,0.0001,0.000398107,0.225399,0.2,0.25,0.939319,0.9,1,8.84026e-07,1.12239e+07,225357,404685,0.01,0.95,10,10000,0.938,0.139,7,7,0.0200782,0,1
1492,10000,1.83173,1.77828,2.37137,0.000381193,0.0001,0.000398107,0.242433,0.2,0.25,1.1596,1,1.5,4.42013e-06,2.56547e+06,62204.3,92499.4,0.01,0.95,10,10000,0.938,0.139,8,6,0.0216869,0,0.75
1493,10000,1.82099,1.77828,2.37137,0.000379331,0.0001,0.000398107,0.278173,0.25,0.3,0.065895,0,0.1,8.84026e-07,6.41368e+06,295061,231248,0.01,0.95,10,10000,0.938,0.139,4,2,0.0375629,0,0.5
1494,10000,1.83477,1.77828,2.37137,0.000384324,0.0001,0.000398107,0.268287,0.25,0.3,0.156075,0.1,0.2,8.84026e-07,1.44308e+07,255530,520309,0.01,0.95,10,10000,0.938,0.139,9,9,0.0177073,0,1
1495,10000,1.81692,1.77828,2.37137,0.000381525,0.0001,0.000398107,0.269333,0.25,0.3,0.249673,0.2,0.3,8.84026e-07,2.72581e+07,395254,982806,0.01,0.95,10,10000,0.938,0.139,17,15,0.013716,0,0.882353
1496,10000,1.81468,1.77828,2.37137,0.000380113,0.0001,0.000398107,0.273653,0.25,0.3,0.357272,0.3,0.4,8.84026e-07,4.16889e+07,596913,1.50311e+06,0.01,0.95,10,10000,0.938,0.139,26,18,0.012521,0,0.692308
1497,10000,1.81208,1.77828,2.37137,0.000379134,0.0001,0.000398107,0.274822,0.25,0.3,0.449414,0.4,0.5,8.84026e-07,1.9241e+07,417279,693745,0.01,0.95,10,10000,0.938,0.139,12,8,0.0187814,0,0.666667
1498,10000,1.82454,1.77828,2.37137,0.000381964,0.0001,0.000398107,0.274796,0.25,0.3,0.552792,0.5,0.6,8.84026e-07,2.08445e+07,358626,751557,0.01,0.95,10,10000,0.938,0.139,13,11,0.0160169,0,0.846154
1499,10000,1.82258,1.77828,2.37137,0.000379976,0.0001,0.000398107,0.267664,0.25,0.3,0.639074,0.6,0.7,8.84026e-07,1.44308e+07,361374,520309,0.01,0.95,10,10000,0.938,0.139,9,6,0.0216869,0,0.666667
1500,10000,1.82112,1.77828,2.37137,0.000380677,0.0001,0.000398107,0.275956,0.25,0.3,0.767073,0.7,0.8,8.84026e-07,1.9241e+07,417279,693745,0.01,0.95,10,10000,0.938,0.139,12,8,0.0187814,0,0.666667
1501,10000,1.8775,1.77828,2.37137,0.000395506,0.0001,0.000398107,0.291816,0.25,0.3,0.837822,0.8,0.9,8.84026e-07,6.41368e+06,295061,231248,0.01,0.95,10,10000,0.938,0.139,4,2,0.0375629,0,0.5
1502,10000,1.80086,1.77828,2.37137,0.000367898,0.0001,0.000398107,0.29297,0.25,0.3,0.907414,0.9,1,8.84026e-07,4.81026e+06,329888,173436,0.01,0.95,10,10000,0.938,0.139,3,1,0.0531219,0,0.333333
1503,10000,1.81297,1.77828,2.37137,0.000379036,0.0001,0.000398107,0.272134,0.25,0.3,1.15778,1,1.5,4.42013e-06,2.88615e+06,51106.1,104062,0.01,0.95,10,10000,0.938,0.139,9,9,0.0177073,0,1
1504,10000,1.8158,1.77828,2.37137,0.000377728,0.0001,0.000398107,0.314759,0.3,0.4,0.0527328,0,0.1,1.76805e-06,2.40513e+06,164944,86718.2,0.01,0.95,10,10000,0.938,0.139,3,1,0.0531219,0,0.333333
1505,10000,1.81983,1.77828,2.37137,0.000380028,0.0001,0.000398107,0.349593,0.3,0.4,0.150691,0.1,0.2,1.76805e-06,1.12239e+07,231532,404685,0.01,0.95,10,10000,0.938,0.139,14,9,0.0177073,0,0.642857
1506,10000,1.81941,1.77828,2.37137,0.00037888,0.0001,0.000398107,0.339509,0.3,0.4,0.258349,0.2,0.3,1.76805e-06,1.04222e+07,179313,375779,0.01,0.95,10,10000,0.938,0.139,13,11,0.0160169,0,0.846154
1507,10000,1.81029,1.77828,2.37137,0.000383905,0.0001,0.000398107,0.342582,0.3,0.4,0.358131,0.3,0.4,1.76805e-06,1.84393e+07,293623,664839,0.01,0.95,10,10000,0.938,0.139,23,15,0.013716,0,0.652174
1508,10000,1.82183,1.77828,2.37137,0.000381889,0.0001,0.000398107,0.354864,0.3,0.4,0.455871,0.4,0.5,1.76805e-06,1.28274e+07,321938,462497,0.01,0.95,10,10000,0.938,0.139,16,7,0.0200782,0,0.4375
1509,10000,1.80854,1.77828,2.37137,0.00038687,0.0001,0.000398107,0.336243,0.3,0.4,0.546018,0.5,0.6,1.76805e-06,2.00427e+07,359245,722651,0.01,0.95,10,10000,0.938,0.139,25,13,0.0147334,0,0.52
1510,10000,1.83595,1.77828,2.37137,0.000385408,0.0001,0.000398107,0.347237,0.3,0.4,0.649738,0.6,0.7,1.76805e-06,1.12239e+07,251956,404685,0.01,0.95,10,10000,0.938,0.139,14,8,0.0187814,0,0.571429
1511,10000,1.82021,1.77828,2.37137,0.000377109,0.0001,0.000398107,0.322294,0.3,0.4,0.731326,0.7,0.8,1.76805e-06,8.0171e+06,164944,289061,0.01,0.95,10,10000,0.938,0.139,10,8,0.0187814,0,0.8
1512,10000,1.81718,1.77828,2.37137,0.00037304,0.0001,0.000398107,0.323284,0.3,0.4,0.834341,0.8,0.9,1.76805e-06,6.41368e+06,136587,231248,0.01,0.95,10,10000,0.938,0.139,8,7,0.0200782,0,0.875
1513,10000,1.80862,1.77828,2.37137,0.000384318,0.0001,0.000398107,0.326245,0.3,0.4,0.943177,0.9,1,1.76805e-06,3.20684e+06,85176.8,115624,0.01,0.95,10,10000,0.938,0.139,4,4,0.026561,0,1
1514,10000,1.81071,1.77828,2.37137,0.000372375,0.0001,0.000398107,0.340451,0.3,0.4,1.15594,1,1.5,8.84026e-06,1.12239e+06,30234.7,40468.5,0.01,0.95,10,10000,0.938,0.139,7,5,0.0237569,0,0.714286
1515,10000,1.78254,1.77828,2.37137,0.000370596,0.0001,0.000398107,0.467804,0.4,0.5,0.039984,0,0.1,1.76805e-06,1.60342e+06,104320,57812.1,0.01,0.95,10,10000,0.938,0.139,2,1,0.0531219,0,0.5
1516,10000,1.82009,1.77828,2.37137,0.000368938,0.0001,0.000398107,0.468918,0.4,0.5,0.148673,0.1,0.2,1.76805e-06,3.20684e+06,147530,115624,0.01,0.95,10,10000,0.938,0.139,4,2,0.0375629,0,0.5
1517,10000,1.81909,1.77828,2.37137,0.000375678,0.0001,0.000398107,0.427973,0.4,0.5,0.224687,0.2,0.3,1.76805e-06,2.40513e+06,104320,86718.2,0.01,0.95,10,10000,0.938,0.139,3,2,0.0375629,0,0.666667
1518,10000,1.80661,1.77828,2.37137,0.000375256,0.0001,0.000398107,0.444083,0.4,0.5,0.332969,0.3,0.4,1.76805e-06,4.81026e+06,147530,173436,0.01,0.95,10,10000,0.938,0.139,6,4,0.026561,0,0.666667
1519,10000,1.84441,1.77828,2.37137,0.000390266,0.0001,0.000398107,0.419646,0.4,0.5,0.459155,0.4,0.5,1.76805e-06,8.81881e+06,299636,317967,0.01,0.95,10,10000,0.938,0.139,11,4,0.026561,0,0.363636
1520,10000,1.82627,1.77828,2.37137,0.000383261,0.0001,0.000398107,0.448052,0.4,0.5,0.535051,0.5,0.6,1.76805e-06,7.21539e+06,206015,260154,0.01,0.95,10,10000,0.938,0.139,9,5,0.0237569,0,0.555556
1521,10000,1.82159,1.77828,2.37137,0.000387162,0.0001,0.000398107,0.456166,0.4,0.5,0.656747,0.6,0.7,1.76805e-06,7.21539e+06,239027,260154,0.01,0.95,10,10000,0.938,0.139,9,4,0.026561,0,0.444444
1522,10000,1.7948,1.77828,2.37137,0.000377587,0.0001,0.000398107,0.460443,0.4,0.5,0.730387,0.7,0.8,1.76805e-06,3.20684e+06,85176.8,115624,0.01,0.95,10,10000,0.938,0.139,4,4,0.026561,0,1
1523,10000,1.80245,1.77828,2.37137,0.000367606,0.0001,0.000398107,0.417063,0.4,0.5,0.817703,0.8,0.9,1.76805e-06,2.40513e+06,104320,86718.2,0.01,0.95,10,10000,0.938,0.139,3,2,0.0375629,0,0.666667
1524,10000,1.8309,1.77828,2.37137,0.000384657,0.0001,0.000398107,0.424503,0.4,0.5,0.975718,0.9,1,1.76805e-06,1.60342e+06,-nan,57812.1,0.01,0.95,10,10000,0.938,0.139,2,3,0.03067,0,1.5
1525,10000,1.85197,1.77828,2.37137,0.00039306,0.0001,0.000398107,0.409536,0.4,0.5,1.14123,1,1.5,8.84026e-06,801710,57138.3,28906.1,0.01,0.95,10,10000,0.938,0.139,5,1,0.0531219,0,0.2
1526,10000,1.7854,1.77828,2.37137,0.000363002,0.0001,0.000398107,0.561005,0.5,0.6,0.0355775,0,0.1,1.76805e-06,1.60342e+06,60229.1,57812.1,0.01,0.95,10,10000,0.938,0.139,2,2,0.0375629,0,1
1527,10000,1.77998,1.77828,2.37137,0.000369468,0.0001,0.000398107,0.536525,0.5,0.6,0.190981,0.1,0.2,1.76805e-06,3.20684e+06,225357,115624,0.01,0.95,10,10000,0.938,0.139,4,1,0.0531219,0,0.25
1528,10000,1.8044,1.77828,2.37137,0.00038371,0.0001,0.000398107,0.520384,0.5,0.6,0.231998,0.2,0.3,1.76805e-06,801710,42588.4,28906.1,0.01,0.95,10,10000,0.938,0.139,1,1,0.0531219,0,1
1529,10000,1.8285,1.77828,2.37137,0.000394359,0.0001,0.000398107,0.520711,0.5,0.6,0.341819,0.3,0.4,1.76805e-06,4.81026e+06,233266,173436,0.01,0.95,10,10000,0.938,0.139,6,2,0.0375629,0,0.333333
1530,10000,1.81585,1.77828,2.37137,0.000377908,0.0001,0.000398107,0.53933,0.5,0.6,0.456568,0.4,0.5,1.76805e-06,8.81881e+06,230660,317967,0.01,0.95,10,10000,0.938,0.139,11,6,0.0216869,0,0.545455
1531,10000,1.86942,1.77828,2.37137,0.000387269,0.0001,0.000398107,0.53026,0.5,0.6,0.568552,0.5,0.6,1.76805e-06,3.20684e+06,225357,115624,0.01,0.95,10,10000,0.938,0.139,4,1,0.0531219,0,0.25
1532,10000,1.78006,1.77828,2.37137,0.000360818,0.0001,0.000398107,0.528517,0.5,0.6,0.732974,0.7,0.8,1.76805e-06,1.60342e+06,104320,57812.1,0.01,0.95,10,10000,0.938,0.139,2,1,0.0531219,0,0.5
1533,10000,1.84503,1.77828,2.37137,0.000380346,0.0001,0.000398107,0.521848,0.5,0.6,0.966143,0.9,1,1.76805e-06,1.60342e+06,60229.1,57812.1,0.01,0.95,10,10000,0.938,0.139,2,2,0.0375629,0,1
1534,10000,1.81981,1.77828,2.37137,0.000378079,0.0001,0.000398107,0.542125,0.5,0.6,1.28924,1,1.5,8.84026e-06,481026,14753,17343.6,0.01,0.95,10,10000,0.938,0.139,3,3,0.03067,0,1
1535,10000,1.84429,1.77828,2.37137,0.000392155,0.0001,0.000398107,0.614724,0.6,0.7,0.270499,0.2,0.3,1.76805e-06,801710,-nan,28906.1,0.01,0.95,10,10000,0.938,0.139,1,2,0.0375629,0,2
1536,10000,1.88383,1.77828,2.37137,0.00039573,0.0001,0.000398107,0.669588,0.6,0.7,0.386971,0.3,0.4,1.76805e-06,1.60342e+06,104320,57812.1,0.01,0.95,10,10000,0.938,0.139,2,1,0.0531219,0,0.5
1537,10000,1.80707,1.77828,2.37137,0.0003853,0.0001,0.000398107,0.649218,0.6,0.7,0.458189,0.4,0.5,1.76805e-06,4.00855e+06,116633,144530,0.01,0.95,10,10000,0.938,0.139,5,4,0.026561,0,0.8
1538,10000,1.80073,1.77828,2.37137,0.00037669,0.0001,0.000398107,0.617705,0.6,0.7,0.843426,0.8,0.9,1.76805e-06,801710,42588.4,28906.1,0.01,0.95,10,10000,0.938,0.139,1,1,0.0531219,0,1
1539,10000,1.84512,1.77828,2.37137,0.000389403,0.0001,0.000398107,0.696121,0.6,0.7,0.950096,0.9,1,1.76805e-06,801710,42588.4,28906.1,0.01,0.95,10,10000,0.938,0.139,1,1,0.0531219,0,1
1540,10000,1.79208,1.77828,2.37137,0.000374886,0.0001,0.000398107,0.677288,0.6,0.7,1.32661,1,1.5,8.84026e-06,320684,20864,11562.4,0.01,0.95,10,10000,0.938,0.139,2,1,0.0531219,0,0.5
1541,10000,1.78339,1.77828,2.37137,0.000363033,0.0001,0.000398107,0.734251,0.7,0.8,0.591506,0.5,0.6,1.76805e-06,2.40513e+06,164944,86718.2,0.01,0.95,10,10000,0.938,0.139,3,1,0.0531219,0,0.333333
1542,10000,1.82725,1.77828,2.37137,0.00036821,0.0001,0.000398107,0.715929,0.7,0.8,0.864553,0.8,0.9,1.76805e-06,801710,42588.4,28906.1,0.01,0.95,10,10000,0.938,0.139,1,1,0.0531219,0,1
1543,10000,1.80719,1.77828,2.37137,0.000368052,0.0001,0.000398107,0.710913,0.7,0.8,0.918743,0.9,1,1.76805e-06,1.60342e+06,104320,57812.1,0.01,0.95,10,10000,0.938,0.139,2,1,0.0531219,0,0.5
1544,10000,1.784,1.77828,2.37137,0.000393967,0.0001,0.000398107,0.876355,0.8,0.9,0.594377,0.5,0.6,1.76805e-06,1.60342e+06,104320,57812.1,0.01,0.95,10,10000,0.938,0.139,2,1,0.0531219,0,0.5
1545,10000,1.82638,1.77828,2.37137,0.000381058,0.0001,0.000398107,0.841096,0.8,0.9,0.645789,0.6,0.7,1.76805e-06,1.60342e+06,60229.1,57812.1,0.01,0.95,10,10000,0.938,0.139,2,2,0.0375629,0,1
1546,10000,1.79717,1.77828,2.37137,0.000356422,0.0001,0.000398107,0.912424,0.9,1,1.14646,1,1.5,8.84026e-06,160342,8517.68,5781.21,0.01,0.95,10,10000,0.938,0.139,1,1,0.0531219,0,1
1547,10000,1.99525,1.77828,2.37137,0.000506024,0.000398107,0.000630957,0.0851214,0.05,0.1,0.0646028,0,0.1,6.90508e-07,2.36275e+09,1.6515e+07,8.51903e+07,0.01,0.95,10,10000,0.938,0.139,1151,110,0.00506498,0,0.0955691
1548,10000,1.99293,1.77828,2.37137,0.000513597,0.000398107,0.000630957,0.0831385,0.05,0.1,0.158589,0.1,0.2,6.90508e-07,5.92844e+09,1.90155e+07,2.13753e+08,0.01,0.95,10,10000,0.938,0.139,2888,501,0.00237331,0,0.173476
1549,10000,1.98546,1.77828,2.37137,0.0005217,0.000398107,0.000630957,0.0779382,0.05,0.1,0.254157,0.2,0.3,6.90508e-07,7.09852e+09,1.50471e+07,2.55941e+08,0.01,0.95,10,10000,0.938,0.139,3458,1063,0.00162932,0,0.307403
1550,10000,1.95875,1.77828,2.37137,0.000525793,0.000398107,0.000630957,0.0745133,0.05,0.1,0.351212,0.3,0.4,6.90508e-07,6.0824e+09,1.08042e+07,2.19304e+08,0.01,0.95,10,10000,0.938,0.139,2963,1374,0.00143311,0,0.463719
1551,10000,1.96585,1.77828,2.37137,0.000528304,0.000398107,0.000630957,0.0714275,0.05,0.1,0.450142,0.4,0.5,6.90508e-07,4.4648e+09,7.68842e+06,1.60981e+08,0.01,0.95,10,10000,0.938,0.139,2175,1324,0.00145992,0,0.608736
1552,10000,1.95158,1.77828,2.37137,0.000525476,0.000398107,0.000630957,0.0715907,0.05,0.1,0.547916,0.5,0.6,6.90508e-07,3.14692e+09,5.63985e+06,1.13464e+08,0.01,0.95,10,10000,0.938,0.139,1533,1117,0.00158945,0,0.728637
1553,10000,1.95929,1.77828,2.37137,0.000534479,0.000398107,0.000630957,0.0723664,0.05,0.1,0.646892,0.6,0.7,6.90508e-07,2.04047e+09,4.14179e+06,7.35701e+07,0.01,0.95,10,10000,0.938,0.139,994,811,0.00186536,0,0.815895
1554,10000,1.95956,1.77828,2.37137,0.000532422,0.000398107,0.000630957,0.0728513,0.05,0.1,0.746868,0.7,0.8,6.90508e-07,1.43284e+09,3.33297e+06,5.16619e+07,0.01,0.95,10,10000,0.938,0.139,698,597,0.00217414,0,0.855301
1555,10000,1.96827,1.77828,2.37137,0.000531319,0.000398107,0.000630957,0.0713363,0.05,0.1,0.84809,0.8,0.9,6.90508e-07,1.03871e+09,2.83081e+06,3.74512e+07,0.01,0.95,10,10000,0.938,0.139,506,434,0.00254993,0,0.857708
1556,10000,1.97357,1.77828,2.37137,0.000529373,0.000398107,0.000630957,0.0718277,0.05,0.1,0.948918,0.9,1,6.90508e-07,6.07624e+08,2.28811e+06,2.19082e+07,0.01,0.95,10,10000,0.938,0.139,296,238,0.00344338,0,0.804054
1557,10000,1.95891,1.77828,2.37137,0.00052722,0.000398107,0.000630957,0.0720704,0.05,0.1,1.16892,1,1.5,3.45254e-06,2.20469e+08,609012,7.94912e+06,0.01,0.95,10,10000,0.938,0.139,537,438,0.00253826,0,0.815642
1558,10000,1.97399,1.77828,2.37137,0.000523979,0.000398107,0.000630957,0.123396,0.1,0.15,0.0651105,0,0.1,6.90508e-07,8.43694e+08,3.42251e+06,3.04198e+07,0.01,0.95,10,10000,0.938,0.139,411,242,0.00341481,0,0.588808
1559,10000,1.96383,1.77828,2.37137,0.000524208,0.000398107,0.000630957,0.123654,0.1,0.15,0.156754,0.1,0.2,6.90508e-07,2.29912e+09,5.32976e+06,8.28958e+07,0.01,0.95,10,10000,0.938,0.139,1120,715,0.00198665,0,0.638393
1560,10000,1.967,1.77828,2.37137,0.000526035,0.000398107,0.000630957,0.122827,0.1,0.15,0.250115,0.2,0.3,6.90508e-07,3.25161e+09,5.71015e+06,1.17238e+08,0.01,0.95,10,10000,0.938,0.139,1584,1160,0.00155971,0,0.732323
1561,10000,1.96144,1.77828,2.37137,0.000522837,0.000398107,0.000630957,0.12358,0.1,0.15,0.348393,0.3,0.4,6.90508e-07,3.08739e+09,5.28575e+06,1.11317e+08,0.01,0.95,10,10000,0.938,0.139,1504,1174,0.00155039,0,0.780585
1562,10000,1.96939,1.77828,2.37137,0.00052671,0.000398107,0.000630957,0.123631,0.1,0.15,0.446926,0.4,0.5,6.90508e-07,2.49003e+09,4.69735e+06,8.97792e+07,0.01,0.95,10,10000,0.938,0.139,1213,959,0.0017154,0,0.790602
1563,10000,1.97324,1.77828,2.37137,0.000529624,0.000398107,0.000630957,0.123952,0.1,0.15,0.547586,0.5,0.6,6.90508e-07,1.67507e+09,3.81414e+06,6.03955e+07,0.01,0.95,10,10000,0.938,0.139,816,653,0.00207882,0,0.800245
1564,10000,1.95648,1.77828,2.37137,0.000523045,0.000398107,0.000630957,0.122525,0.1,0.15,0.646192,0.6,0.7,6.90508e-07,1.18651e+09,3.20166e+06,4.27802e+07,0.01,0.95,10,10000,0.938,0.139,578,464,0.00246612,0,0.802768
1565,10000,1.95999,1.77828,2.37137,0.000533034,0.000398107,0.000630957,0.122716,0.1,0.15,0.749899,0.7,0.8,6.90508e-07,7.61583e+08,2.75302e+06,2.74592e+07,0.01,0.95,10,10000,0.938,0.139,371,273,0.00321509,0,0.735849
1566,10000,1.96096,1.77828,2.37137,0.000532735,0.000398107,0.000630957,0.123472,0.1,0.15,0.847462,0.8,0.9,6.90508e-07,6.48679e+08,2.3962e+06,2.33885e+07,0.01,0.95,10,10000,0.938,0.139,316,250,0.00335973,0,0.791139
1567,10000,1.9516,1.77828,2.37137,0.000524267,0.000398107,0.000630957,0.120665,0.1,0.15,0.949034,0.9,1,6.90508e-07,4.45454e+08,2.12311e+06,1.60611e+07,0.01,0.95,10,10000,0.938,0.139,217,158,0.00422615,0,0.728111
1568,10000,1.9529,1.77828,2.37137,0.000527566,0.000398107,0.000630957,0.123407,0.1,0.15,1.19298,1,1.5,3.45254e-06,1.478e+08,484070,5.32902e+06,0.01,0.95,10,10000,0.938,0.139,360,304,0.00304675,0,0.844444
1569,10000,1.96363,1.77828,2.37137,0.000533456,0.000398107,0.000630957,0.174649,0.15,0.2,0.0648713,0,0.1,6.90508e-07,3.69501e+08,1.87762e+06,1.33225e+07,0.01,0.95,10,10000,0.938,0.139,180,136,0.00455517,0,0.755556
1570,10000,1.94906,1.77828,2.37137,0.000532858,0.000398107,0.000630957,0.173573,0.15,0.2,0.153234,0.1,0.2,6.90508e-07,1.02434e+09,2.9909e+06,3.69331e+07,0.01,0.95,10,10000,0.938,0.139,499,398,0.00266276,0,0.797595
1571,10000,1.95658,1.77828,2.37137,0.000524838,0.000398107,0.000630957,0.171723,0.15,0.2,0.255388,0.2,0.3,6.90508e-07,1.54985e+09,3.62457e+06,5.58807e+07,0.01,0.95,10,10000,0.938,0.139,755,613,0.00214558,0,0.811921
1572,10000,1.96898,1.77828,2.37137,0.000533821,0.000398107,0.000630957,0.172525,0.15,0.2,0.349562,0.3,0.4,6.90508e-07,1.93372e+09,4.03454e+06,6.97213e+07,0.01,0.95,10,10000,0.938,0.139,942,768,0.00191687,0,0.815287
1573,10000,1.95771,1.77828,2.37137,0.000526762,0.000398107,0.000630957,0.173034,0.15,0.2,0.445616,0.4,0.5,6.90508e-07,1.5519e+09,3.44353e+06,5.59547e+07,0.01,0.95,10,10000,0.938,0.139,756,652,0.00208042,0,0.862434
1574,10000,1.96299,1.77828,2.37137,0.000523649,0.000398107,0.000630957,0.172765,0.15,0.2,0.548396,0.5,0.6,6.90508e-07,1.21525e+09,3.23019e+06,4.38164e+07,0.01,0.95,10,10000,0.938,0.139,592,477,0.00243229,0,0.805743
1575,10000,1.96254,1.77828,2.37137,0.000531636,0.000398107,0.000630957,0.175268,0.15,0.2,0.65019,0.6,0.7,6.90508e-07,7.90321e+08,2.61348e+06,2.84954e+07,0.01,0.95,10,10000,0.938,0.139,385,309,0.003022,0,0.802597
1576,10000,1.96016,1.77828,2.37137,0.000524751,0.000398107,0.000630957,0.173371,0.15,0.2,0.743732,0.7,0.8,6.90508e-07,5.80938e+08,2.13031e+06,2.0946e+07,0.01,0.95,10,10000,0.938,0.139,283,241,0.00342189,0,0.85159
1577,10000,1.97052,1.77828,2.37137,0.000529215,0.000398107,0.000630957,0.176096,0.15,0.2,0.848993,0.8,0.9,6.90508e-07,4.41348e+08,2.04644e+06,1.5913e+07,0.01,0.95,10,10000,0.938,0.139,215,163,0.00416083,0,0.75814
1578,10000,1.96498,1.77828,2.37137,0.000536272,0.000398107,0.000630957,0.177246,0.15,0.2,0.944495,0.9,1,6.90508e-07,2.29912e+08,1.5789e+06,8.28958e+06,0.01,0.95,10,10000,0.938,0.139,112,78,0.00601488,0,0.696429
1579,10000,1.95363,1.77828,2.37137,0.00053503,0.000398107,0.000630957,0.172788,0.15,0.2,1.19636,1,1.5,3.45254e-06,1.1085e+08,480524,3.99676e+06,0.01,0.95,10,10000,0.938,0.139,270,193,0.0038238,0,0.714815
1580,10000,1.94354,1.77828,2.37137,0.000528618,0.000398107,0.000630957,0.222806,0.2,0.25,0.0680148,0,0.1,6.90508e-07,2.81231e+08,1.67047e+06,1.01399e+07,0.01,0.95,10,10000,0.938,0.139,137,101,0.00528583,0,0.737226
1581,10000,1.9455,1.77828,2.37137,0.000527058,0.000398107,0.000630957,0.221975,0.2,0.25,0.151148,0.1,0.2,6.90508e-07,6.63049e+08,2.50731e+06,2.39066e+07,0.01,0.95,10,10000,0.938,0.139,323,245,0.00339384,0,0.758514
1582,10000,1.95311,1.77828,2.37137,0.000529628,0.000398107,0.000630957,0.222315,0.2,0.25,0.251228,0.2,0.3,6.90508e-07,9.23752e+08,2.81357e+06,3.33064e+07,0.01,0.95,10,10000,0.938,0.139,450,363,0.00278818,0,0.806667
1583,10000,1.97154,1.77828,2.37137,0.00053379,0.000398107,0.000630957,0.223922,0.2,0.25,0.350736,0.3,0.4,6.90508e-07,1.07976e+09,2.92665e+06,3.89314e+07,0.01,0.95,10,10000,0.938,0.139,526,444,0.00252106,0,0.844106
1584,10000,1.94629,1.77828,2.37137,0.000527859,0.000398107,0.000630957,0.223892,0.2,0.25,0.44903,0.4,0.5,6.90508e-07,8.7038e+08,2.765e+06,3.1382e+07,0.01,0.95,10,10000,0.938,0.139,424,337,0.00289374,0,0.794811
1585,10000,1.96674,1.77828,2.37137,0.000528452,0.000398107,0.000630957,0.222986,0.2,0.25,0.548062,0.5,0.6,6.90508e-07,7.65688e+08,2.47029e+06,2.76073e+07,0.01,0.95,10,10000,0.938,0.139,373,314,0.00299784,0,0.841823
1586,10000,1.96815,1.77828,2.37137,0.000528956,0.000398107,0.000630957,0.222069,0.2,0.25,0.646956,0.6,0.7,6.90508e-07,5.80938e+08,2.30915e+06,2.0946e+07,0.01,0.95,10,10000,0.938,0.139,283,219,0.00358965,0,0.773852
1587,10000,1.96597,1.77828,2.37137,0.000529394,0.000398107,0.000630957,0.223321,0.2,0.25,0.745535,0.7,0.8,6.90508e-07,3.90029e+08,1.78173e+06,1.40627e+07,0.01,0.95,10,10000,0.938,0.139,190,158,0.00422615,0,0.831579
1588,10000,1.95413,1.77828,2.37137,0.000531422,0.000398107,0.000630957,0.221772,0.2,0.25,0.8455,0.8,0.9,6.90508e-07,2.93548e+08,1.69929e+06,1.0584e+07,0.01,0.95,10,10000,0.938,0.139,143,106,0.00515966,0,0.741259
1589,10000,1.96754,1.77828,2.37137,0.000519839,0.000398107,0.000630957,0.220398,0.2,0.25,0.948694,0.9,1,6.90508e-07,1.88856e+08,1.46722e+06,6.8093e+06,0.01,0.95,10,10000,0.938,0.139,92,62,0.00674649,0,0.673913
1590,10000,1.97494,1.77828,2.37137,0.000538116,0.000398107,0.000630957,0.222067,0.2,0.25,1.16969,1,1.5,3.45254e-06,8.17008e+07,424652,2.94576e+06,0.01,0.95,10,10000,0.938,0.139,199,137,0.00453851,0,0.688442
1591,10000,1.9507,1.77828,2.37137,0.000541623,0.000398107,0.000630957,0.273466,0.25,0.3,0.068702,0,0.1,6.90508e-07,1.51906e+08,1.23766e+06,5.47705e+06,0.01,0.95,10,10000,0.938,0.139,74,54,0.00722898,0,0.72973
1592,10000,1.94736,1.77828,2.37137,0.000526734,0.000398107,0.000630957,0.274602,0.25,0.3,0.1583,0.1,0.2,6.90508e-07,4.16715e+08,1.83991e+06,1.50249e+07,0.01,0.95,10,10000,0.938,0.139,203,169,0.0040863,0,0.832512
1593,10000,1.95557,1.77828,2.37137,0.000537762,0.000398107,0.000630957,0.271856,0.25,0.3,0.249682,0.2,0.3,6.90508e-07,5.52199e+08,2.21786e+06,1.99098e+07,0.01,0.95,10,10000,0.938,0.139,269,212,0.00364843,0,0.788104
1594,10000,1.95348,1.77828,2.37137,0.000528878,0.000398107,0.000630957,0.272308,0.25,0.3,0.353074,0.3,0.4,6.90508e-07,6.48679e+08,2.3263e+06,2.33885e+07,0.01,0.95,10,10000,0.938,0.139,316,259,0.00330084,0,0.81962
1595,10000,1.96405,1.77828,2.37137,0.00052862,0.000398107,0.000630957,0.273386,0.25,0.3,0.449369,0.4,0.5,6.90508e-07,6.91788e+08,2.40391e+06,2.49428e+07,0.01,0.95,10,10000,0.938,0.139,337,276,0.00319757,0,0.818991
1596,10000,1.96845,1.77828,2.37137,0.000533896,0.000398107,0.000630957,0.27355,0.25,0.3,0.548259,0.5,0.6,6.90508e-07,5.07037e+08,2.16783e+06,1.82815e+07,0.01,0.95,10,10000,0.938,0.139,247,190,0.00385387,0,0.769231
1597,10000,1.95831,1.77828,2.37137,0.00052636,0.000398107,0.000630957,0.274266,0.25,0.3,0.649493,0.6,0.7,6.90508e-07,4.02345e+08,1.97092e+06,1.45068e+07,0.01,0.95,10,10000,0.938,0.139,196,147,0.00438142,0,0.75
1598,10000,1.94869,1.77828,2.37137,0.000525591,0.000398107,0.000630957,0.271532,0.25,0.3,0.748013,0.7,0.8,6.90508e-07,2.83284e+08,1.56184e+06,1.0214e+07,0.01,0.95,10,10000,0.938,0.139,138,111,0.00504211,0,0.804348
1599,10000,1.93752,1.77828,2.37137,0.000510998,0.000398107,0.000630957,0.27276,0.25,0.3,0.843997,0.8,0.9,6.90508e-07,2.11437e+08,1.43247e+06,7.62346e+06,0.01,0.95,10,10000,0.938,0.139,103,77,0.00605381,0,0.747573
1600,10000,1.94286,1.77828,2.37137,0.000537749,0.000398107,0.000630957,0.269008,0.25,0.3,0.949971,0.9,1,6.90508e-07,1.06745e+08,994669,3.84874e+06,0.01,0.95,10,10000,0.938,0.139,52,40,0.00839932,0,0.769231
1601,10000,1.91838,1.77828,2.37137,0.000506985,0.000398107,0.000630957,0.271393,0.25,0.3,1.19804,1,1.5,3.45254e-06,4.68035e+07,368754,1.68752e+06,0.01,0.95,10,10000,0.938,0.139,114,65,0.00658897,0,0.570175
1602,10000,1.95228,1.77828,2.37137,0.000543753,0.000398107,0.000630957,0.335816,0.3,0.4,0.0666362,0,0.1,1.38102e-06,7.69794e+07,594699,2.77553e+06,0.01,0.95,10,10000,0.938,0.139,75,58,0.00697525,0,0.773333
1603,10000,1.93458,1.77828,2.37137,0.00053122,0.000398107,0.000630957,0.340613,0.3,0.4,0.152966,0.1,0.2,1.38102e-06,2.31964e+08,1.13463e+06,8.3636e+06,0.01,0.95,10,10000,0.938,0.139,226,155,0.00426686,0,0.685841
1604,10000,1.94909,1.77828,2.37137,0.000536442,0.000398107,0.000630957,0.340694,0.3,0.4,0.252126,0.2,0.3,1.38102e-06,3.15102e+08,1.26947e+06,1.13612e+07,0.01,0.95,10,10000,0.938,0.139,307,222,0.00356531,0,0.723127
1605,10000,1.94393,1.77828,2.37137,0.000529975,0.000398107,0.000630957,0.340515,0.3,0.4,0.351155,0.3,0.4,1.38102e-06,3.26393e+08,1.31864e+06,1.17682e+07,0.01,0.95,10,10000,0.938,0.139,318,224,0.00354936,0,0.704403
1606,10000,1.95054,1.77828,2.37137,0.000518731,0.000398107,0.000630957,0.338184,0.3,0.4,0.451494,0.4,0.5,1.38102e-06,3.05865e+08,1.38122e+06,1.10281e+07,0.01,0.95,10,10000,0.938,0.139,298,189,0.00386405,0,0.634228
1607,10000,1.94828,1.77828,2.37137,0.000528924,0.000398107,0.000630957,0.342376,0.3,0.4,0.547674,0.5,0.6,1.38102e-06,3.27419e+08,1.30589e+06,1.18053e+07,0.01,0.95,10,10000,0.938,0.139,319,228,0.00351809,0,0.714734
1608,10000,1.96033,1.77828,2.37137,0.000524897,0.000398107,0.000630957,0.342716,0.3,0.4,0.645155,0.6,0.7,1.38102e-06,2.60703e+08,1.16799e+06,9.3998e+06,0.01,0.95,10,10000,0.938,0.139,254,181,0.00394852,0,0.712598
1609,10000,1.96583,1.77828,2.37137,0.000531481,0.000398107,0.000630957,0.342315,0.3,0.4,0.749968,0.7,0.8,1.38102e-06,1.63196e+08,938878,5.88412e+06,0.01,0.95,10,10000,0.938,0.139,159,111,0.00504211,0,0.698113
1610,10000,1.99989,1.77828,2.37137,0.000537115,0.000398107,0.000630957,0.34878,0.3,0.4,0.848357,0.8,0.9,1.38102e-06,1.13929e+08,757906,4.10779e+06,0.01,0.95,10,10000,0.938,0.139,111,81,0.00590244,0,0.72973
1611,10000,2.02324,1.77828,2.37137,0.000542177,0.000398107,0.000630957,0.345968,0.3,0.4,0.947761,0.9,1,1.38102e-06,8.72433e+07,757244,3.1456e+06,0.01,0.95,10,10000,0.938,0.139,85,52,0.00736669,0,0.611765
1612,10000,1.94861,1.77828,2.37137,0.000522673,0.000398107,0.000630957,0.345523,0.3,0.4,1.16417,1,1.5,6.90508e-06,2.81231e+07,200531,1.01399e+06,0.01,0.95,10,10000,0.938,0.139,137,79,0.00597669,0,0.576642
1613,10000,1.9326,1.77828,2.37137,0.000519791,0.000398107,0.000630957,0.439044,0.4,0.5,0.070127,0,0.1,1.38102e-06,3.38709e+07,442954,1.22123e+06,0.01,0.95,10,10000,0.938,0.139,33,22,0.0113256,0,0.666667
1614,10000,1.94895,1.77828,2.37137,0.000543522,0.000398107,0.000630957,0.450403,0.4,0.5,0.149889,0.1,0.2,1.38102e-06,1.13929e+08,855401,4.10779e+06,0.01,0.95,10,10000,0.938,0.139,111,69,0.00639513,0,0.621622
1615,10000,1.95798,1.77828,2.37137,0.000530274,0.000398107,0.000630957,0.442735,0.4,0.5,0.254124,0.2,0.3,1.38102e-06,1.45748e+08,1.04663e+06,5.255e+06,0.01,0.95,10,10000,0.938,0.139,142,79,0.00597669,0,0.556338
1616,10000,1.97131,1.77828,2.37137,0.000543651,0.000398107,0.000630957,0.44806,0.4,0.5,0.346991,0.3,0.4,1.38102e-06,1.71407e+08,947089,6.18018e+06,0.01,0.95,10,10000,0.938,0.139,167,119,0.00486968,0,0.712575
1617,10000,1.94211,1.77828,2.37137,0.000529818,0.000398107,0.000630957,0.437311,0.4,0.5,0.449646,0.4,0.5,1.38102e-06,1.53959e+08,1.02005e+06,5.55106e+06,0.01,0.95,10,10000,0.938,0.139,150,90,0.00559954,0,0.6
1618,10000,1.95043,1.77828,2.37137,0.00053056,0.000398107,0.000630957,0.439458,0.4,0.5,0.552485,0.5,0.6,1.38102e-06,1.56012e+08,1.06164e+06,5.62508e+06,0.01,0.95,10,10000,0.938,0.139,152,87,0.00569527,0,0.572368
1619,10000,1.96934,1.77828,2.37137,0.000532283,0.000398107,0.000630957,0.440548,0.4,0.5,0.643688,0.6,0.7,1.38102e-06,1.18035e+08,857481,4.25581e+06,0.01,0.95,10,10000,0.938,0.139,115,73,0.00621745,0,0.634783
1620,10000,1.99516,1.77828,2.37137,0.000540879,0.000398107,0.000630957,0.443381,0.4,0.5,0.746501,0.7,0.8,1.38102e-06,1.01613e+08,741780,3.6637e+06,0.01,0.95,10,10000,0.938,0.139,99,69,0.00639513,0,0.69697
1621,10000,1.94284,1.77828,2.37137,0.000524127,0.000398107,0.000630957,0.450624,0.4,0.5,0.851747,0.8,0.9,1.38102e-06,6.67155e+07,604153,2.40546e+06,0.01,0.95,10,10000,0.938,0.139,65,45,0.00791895,0,0.692308
1622,10000,1.98232,1.77828,2.37137,0.000535846,0.000398107,0.000630957,0.444102,0.4,0.5,0.953987,0.9,1,1.38102e-06,5.54251e+07,543802,1.99838e+06,0.01,0.95,10,10000,0.938,0.139,54,38,0.00861752,0,0.703704
1623,10000,1.9637,1.77828,2.37137,0.000523534,0.000398107,0.000630957,0.443817,0.4,0.5,1.18359,1,1.5,6.90508e-06,2.07331e+07,174793,747543,0.01,0.95,10,10000,0.938,0.139,101,57,0.00703617,0,0.564356
1624,10000,1.94135,1.77828,2.37137,0.000536566,0.000398107,0.000630957,0.559947,0.5,0.6,0.0580172,0,0.1,1.38102e-06,1.12903e+07,264716,407078,0.01,0.95,10,10000,0.938,0.139,11,7,0.0200782,0,0.636364
1625,10000,1.91438,1.77828,2.37137,0.00052996,0.000398107,0.000630957,0.538758,0.5,0.6,0.155776,0.1,0.2,1.38102e-06,5.43988e+07,590377,1.96137e+06,0.01,0.95,10,10000,0.938,0.139,53,33,0.00924734,0,0.622642
1626,10000,1.94511,1.77828,2.37137,0.000544182,0.000398107,0.000630957,0.553114,0.5,0.6,0.24817,0.2,0.3,1.38102e-06,7.69794e+07,744861,2.77553e+06,0.01,0.95,10,10000,0.938,0.139,75,43,0.00810102,0,0.573333
1627,10000,1.98314,1.77828,2.37137,0.000542343,0.000398107,0.000630957,0.543391,0.5,0.6,0.345874,0.3,0.4,1.38102e-06,8.00585e+07,744649,2.88655e+06,0.01,0.95,10,10000,0.938,0.139,78,46,0.0078324,0,0.589744
1628,10000,1.91389,1.77828,2.37137,0.000529641,0.000398107,0.000630957,0.540385,0.5,0.6,0.450094,0.4,0.5,1.38102e-06,8.00585e+07,711587,2.88655e+06,0.01,0.95,10,10000,0.938,0.139,78,49,0.00758885,0,0.628205
1629,10000,1.96036,1.77828,2.37137,0.000529549,0.000398107,0.000630957,0.54267,0.5,0.6,0.543776,0.5,0.6,1.38102e-06,8.00585e+07,780619,2.88655e+06,0.01,0.95,10,10000,0.938,0.139,78,43,0.00810102,0,0.551282
1630,10000,1.97102,1.77828,2.37137,0.000531148,0.000398107,0.000630957,0.545623,0.5,0.6,0.653306,0.6,0.7,1.38102e-06,7.18474e+07,652110,2.5905e+06,0.01,0.95,10,10000,0.938,0.139,70,46,0.0078324,0,0.657143
1631,10000,1.96241,1.77828,2.37137,0.000514503,0.000398107,0.000630957,0.535694,0.5,0.6,0.737464,0.7,0.8,1.38102e-06,5.02932e+07,618917,1.81335e+06,0.01,0.95,10,10000,0.938,0.139,49,27,0.0102233,0,0.55102
1632,10000,1.94731,1.77828,2.37137,0.000531045,0.000398107,0.000630957,0.546677,0.5,0.6,0.848464,0.8,0.9,1.38102e-06,2.8739e+07,552461,1.0362e+06,0.01,0.95,10,10000,0.938,0.139,28,12,0.015335,0,0.428571
1633,10000,1.95577,1.77828,2.37137,0.000522456,0.000398107,0.000630957,0.553196,0.5,0.6,0.937675,0.9,1,1.38102e-06,2.97654e+07,437703,1.07321e+06,0.01,0.95,10,10000,0.938,0.139,29,18,0.012521,0,0.62069
1634,10000,1.98493,1.77828,2.37137,0.000520513,0.000398107,0.000630957,0.553665,0.5,0.6,1.17862,1,1.5,6.90508e-06,1.04692e+07,123556,377472,0.01,0.95,10,10000,0.938,0.139,51,29,0.0098645,0,0.568627
1635,10000,1.94231,1.77828,2.37137,0.000552877,0.000398107,0.000630957,0.636752,0.6,0.7,0.061197,0,0.1,1.38102e-06,1.43695e+07,353355,518099,0.01,0.95,10,10000,0.938,0.139,14,7,0.0200782,0,0.5
1636,10000,1.97188,1.77828,2.37137,0.000551271,0.000398107,0.000630957,0.639214,0.6,0.7,0.158764,0.1,0.2,1.38102e-06,2.66862e+07,366399,962184,0.01,0.95,10,10000,0.938,0.139,26,19,0.012187,0,0.730769
1637,10000,1.91966,1.77828,2.37137,0.000551142,0.000398107,0.000630957,0.633107,0.6,0.7,0.242422,0.2,0.3,1.38102e-06,3.90029e+07,526580,1.40627e+06,0.01,0.95,10,10000,0.938,0.139,38,22,0.0113256,0,0.578947
1638,10000,1.97554,1.77828,2.37137,0.000546761,0.000398107,0.000630957,0.658317,0.6,0.7,0.341823,0.3,0.4,1.38102e-06,4.61876e+07,707043,1.66532e+06,0.01,0.95,10,10000,0.938,0.139,45,19,0.012187,0,0.422222
1639,10000,1.92001,1.77828,2.37137,0.00052854,0.000398107,0.000630957,0.650578,0.6,0.7,0.455173,0.4,0.5,1.38102e-06,4.31084e+07,593193,1.5543e+06,0.01,0.95,10,10000,0.938,0.139,42,22,0.0113256,0,0.52381
1640,10000,1.91946,1.77828,2.37137,0.000544448,0.000398107,0.000630957,0.650875,0.6,0.7,0.557488,0.5,0.6,1.38102e-06,3.48973e+07,550665,1.25824e+06,0.01,0.95,10,10000,0.938,0.139,34,17,0.012884,0,0.5
1641,10000,1.92595,1.77828,2.37137,0.000511934,0.000398107,0.000630957,0.63888,0.6,0.7,0.650339,0.6,0.7,1.38102e-06,3.79765e+07,493866,1.36926e+06,0.01,0.95,10,10000,0.938,0.139,37,23,0.0110767,0,0.621622
1642,10000,1.88707,1.77828,2.37137,0.000489709,0.000398107,0.000630957,0.658482,0.6,0.7,0.747611,0.7,0.8,1.38102e-06,2.97654e+07,546287,1.07321e+06,0.01,0.95,10,10000,0.938,0.139,29,13,0.0147334,0,0.448276
1643,10000,1.94492,1.77828,2.37137,0.000510604,0.000398107,0.000630957,0.654772,0.6,0.7,0.835757,0.8,0.9,1.38102e-06,2.25806e+07,355592,814156,0.01,0.95,10,10000,0.938,0.139,22,15,0.013716,0,0.681818
1644,10000,1.88799,1.77828,2.37137,0.000527497,0.000398107,0.000630957,0.658082,0.6,0.7,0.934233,0.9,1,1.38102e-06,1.74487e+07,348271,629120,0.01,0.95,10,10000,0.938,0.139,17,10,0.0167986,0,0.588235
1645,10000,1.98094,1.77828,2.37137,0.000564623,0.000398107,0.000630957,0.652618,0.6,0.7,1.17185,1,1.5,6.90508e-06,5.95307e+06,91197.6,214641,0.01,0.95,10,10000,0.938,0.139,29,17,0.012884,0,0.586207
1646,10000,1.86428,1.77828,2.37137,0.000529103,0.000398107,0.000630957,0.757663,0.7,0.8,0.0754086,0,0.1,1.38102e-06,5.13196e+06,149320,185035,0.01,0.95,10,10000,0.938,0.139,5,4,0.026561,0,0.8
1647,10000,1.91468,1.77828,2.37137,0.000519142,0.000398107,0.000630957,0.726246,0.7,0.8,0.169324,0.1,0.2,1.38102e-06,1.12903e+07,333444,407078,0.01,0.95,10,10000,0.938,0.139,11,5,0.0237569,0,0.454545
1648,10000,1.93522,1.77828,2.37137,0.000529499,0.000398107,0.000630957,0.744272,0.7,0.8,0.231238,0.2,0.3,1.38102e-06,6.15835e+06,-nan,222042,0.01,0.95,10,10000,0.938,0.139,6,7,0.0200782,0,1.16667
1649,10000,1.95194,1.77828,2.37137,0.000506491,0.000398107,0.000630957,0.744896,0.7,0.8,0.367408,0.3,0.4,1.38102e-06,1.64223e+07,323488,592113,0.01,0.95,10,10000,0.938,0.139,16,10,0.0167986,0,0.625
1650,10000,1.92804,1.77828,2.37137,0.00049822,0.000398107,0.000630957,0.719055,0.7,0.8,0.466242,0.4,0.5,1.38102e-06,2.05278e+07,452545,740141,0.01,0.95,10,10000,0.938,0.139,20,9,0.0177073,0,0.45
1651,10000,1.90075,1.77828,2.37137,0.000529149,0.000398107,0.000630957,0.73904,0.7,0.8,0.553377,0.5,0.6,1.38102e-06,3.18181e+07,537367,1.14722e+06,0.01,0.95,10,10000,0.938,0.139,31,15,0.013716,0,0.483871
1652,10000,1.82498,1.77828,2.37137,0.000478169,0.000398107,0.000630957,0.744964,0.7,0.8,0.659347,0.6,0.7,1.38102e-06,1.95014e+07,610570,703134,0.01,0.95,10,10000,0.938,0.139,19,5,0.0237569,0,0.263158
1653,10000,1.97738,1.77828,2.37137,0.000552831,0.000398107,0.000630957,0.731178,0.7,0.8,0.731738,0.7,0.8,1.38102e-06,1.02639e+07,234969,370071,0.01,0.95,10,10000,0.938,0.139,10,7,0.0200782,0,0.7
1654,10000,1.95286,1.77828,2.37137,0.000574608,0.000398107,0.000630957,0.753904,0.7,0.8,0.84905,0.8,0.9,1.38102e-06,7.18474e+06,193541,259050,0.01,0.95,10,10000,0.938,0.139,7,5,0.0237569,0,0.714286
1655,10000,2.08153,1.77828,2.37137,0.000499072,0.000398107,0.000630957,0.744781,0.7,0.8,0.925118,0.9,1,1.38102e-06,5.13196e+06,243838,185035,0.01,0.95,10,10000,0.938,0.139,5,2,0.0375629,0,0.4
1656,10000,1.9772,1.77828,2.37137,0.000481677,0.000398107,0.000630957,0.747337,0.7,0.8,1.21491,1,1.5,6.90508e-06,4.10557e+06,129027,148028,0.01,0.95,10,10000,0.938,0.139,20,5,0.0237569,0,0.25
1657,10000,1.93669,1.77828,2.37137,0.000475615,0.000398107,0.000630957,0.816237,0.8,0.9,0.0653362,0,0.1,1.38102e-06,5.13196e+06,365758,185035,0.01,0.95,10,10000,0.938,0.139,5,1,0.0531219,0,0.2
1658,10000,1.92151,1.77828,2.37137,0.000587904,0.000398107,0.000630957,0.826502,0.8,0.9,0.129487,0.1,0.2,1.38102e-06,1.23167e+07,368188,444085,0.01,0.95,10,10000,0.938,0.139,12,5,0.0237569,0,0.416667
1659,10000,1.90286,1.77828,2.37137,0.000549301,0.000398107,0.000630957,0.841787,0.8,0.9,0.271892,0.2,0.3,1.38102e-06,6.15835e+06,158025,222042,0.01,0.95,10,10000,0.938,0.139,6,5,0.0237569,0,0.833333
1660,10000,1.98672,1.77828,2.37137,0.000535872,0.000398107,0.000630957,0.85712,0.8,0.9,0.367182,0.3,0.4,1.38102e-06,1.64223e+07,301342,592113,0.01,0.95,10,10000,0.938,0.139,16,11,0.0160169,0,0.6875
1661,10000,1.98914,1.77828,2.37137,0.000575375,0.000398107,0.000630957,0.831324,0.8,0.9,0.447379,0.4,0.5,1.38102e-06,7.18474e+06,276231,259050,0.01,0.95,10,10000,0.938,0.139,7,3,0.03067,0,0.428571
1662,10000,1.85678,1.77828,2.37137,0.000516221,0.000398107,0.000630957,0.836275,0.8,0.9,0.529314,0.5,0.6,1.38102e-06,7.18474e+06,228090,259050,0.01,0.95,10,10000,0.938,0.139,7,4,0.026561,0,0.571429
1663,10000,1.89588,1.77828,2.37137,0.000534345,0.000398107,0.000630957,0.838529,0.8,0.9,0.638758,0.6,0.7,1.38102e-06,1.12903e+07,295303,407078,0.01,0.95,10,10000,0.938,0.139,11,6,0.0216869,0,0.545455
1664,10000,1.98163,1.77828,2.37137,0.000503173,0.000398107,0.000630957,0.853114,0.8,0.9,0.747837,0.7,0.8,1.38102e-06,3.07917e+06,-nan,111021,0.01,0.95,10,10000,0.938,0.139,3,4,0.026561,0,1.33333
1665,10000,1.9949,1.77828,2.37137,0.000528604,0.000398107,0.000630957,0.856925,0.8,0.9,0.872822,0.8,0.9,1.38102e-06,1.02639e+07,410441,370071,0.01,0.95,10,10000,0.938,0.139,10,3,0.03067,0,0.3
1666,10000,1.88031,1.77828,2.37137,0.000518118,0.000398107,0.000630957,0.869837,0.8,0.9,0.942431,0.9,1,1.38102e-06,4.10557e+06,140780,148028,0.01,0.95,10,10000,0.938,0.139,4,3,0.03067,0,0.75
1667,10000,1.87629,1.77828,2.37137,0.000477371,0.000398107,0.000630957,0.854414,0.8,0.9,1.15658,1,1.5,6.90508e-06,1.43695e+06,70671.1,51809.9,0.01,0.95,10,10000,0.938,0.139,7,2,0.0375629,0,0.285714
1668,10000,1.93124,1.77828,2.37137,0.000487734,0.000398107,0.000630957,0.949565,0.9,1,0.0983412,0,0.1,1.38102e-06,2.05278e+06,133556,74014.1,0.01,0.95,10,10000,0.938,0.139,2,1,0.0531219,0,0.5
1669,10000,1.95416,1.77828,2.37137,0.000516262,0.000398107,0.000630957,0.947295,0.9,1,0.148862,0.1,0.2,1.38102e-06,2.05278e+06,77108.5,74014.1,0.01,0.95,10,10000,0.938,0.139,2,2,0.0375629,0,1
1670,10000,2.06497,1.77828,2.37137,0.000568231,0.000398107,0.000630957,0.950879,0.9,1,0.217912,0.2,0.3,1.38102e-06,8.21113e+06,408020,296057,0.01,0.95,10,10000,0.938,0.139,8,2,0.0375629,0,0.25
1671,10000,1.95653,1.77828,2.37137,0.000463762,0.000398107,0.000630957,0.949588,0.9,1,0.351262,0.3,0.4,1.38102e-06,5.13196e+06,186235,185035,0.01,0.95,10,10000,0.938,0.139,5,3,0.03067,0,0.6
1672,10000,1.87773,1.77828,2.37137,0.000499698,0.000398107,0.000630957,0.934867,0.9,1,0.411328,0.4,0.5,1.38102e-06,4.10557e+06,188876,148028,0.01,0.95,10,10000,0.938,0.139,4,2,0.0375629,0,0.5
1673,10000,1.93819,1.77828,2.37137,0.000550178,0.000398107,0.000630957,0.954612,0.9,1,0.575521,0.5,0.6,1.38102e-06,4.10557e+06,140780,148028,0.01,0.95,10,10000,0.938,0.139,4,3,0.03067,0,0.75
1674,10000,1.86846,1.77828,2.37137,0.000613834,0.000398107,0.000630957,0.956316,0.9,1,0.64669,0.6,0.7,1.38102e-06,2.05278e+06,133556,74014.1,0.01,0.95,10,10000,0.938,0.139,2,1,0.0531219,0,0.5
1675,10000,2.05357,1.77828,2.37137,0.000558603,0.000398107,0.000630957,0.934452,0.9,1,0.760972,0.7,0.8,1.38102e-06,6.15835e+06,231325,222042,0.01,0.95,10,10000,0.938,0.139,6,3,0.03067,0,0.5
1676,10000,1.84033,1.77828,2.37137,0.000503269,0.000398107,0.000630957,0.926717,0.9,1,0.857529,0.8,0.9,1.38102e-06,2.05278e+06,133556,74014.1,0.01,0.95,10,10000,0.938,0.139,2,1,0.0531219,0,0.5
1677,10000,2.14996,1.77828,2.37137,0.000738284,0.000630957,0.001,0.0883054,0.05,0.1,0.0673709,0,0.1,1.09438e-06,2.67721e+09,3.08766e+07,9.65283e+07,0.01,0.95,10,10000,0.938,0.139,2067,42,0.00819689,0,0.0203193
1678,10000,2.04613,1.77828,2.37137,0.000807631,0.000630957,0.001,0.0755813,0.05,0.1,0.166197,0.1,0.2,1.09438e-06,5.89194e+09,2.12268e+07,2.12437e+08,0.01,0.95,10,10000,0.938,0.139,4549,415,0.00260765,0,0.0912288
1679,10000,2.01463,1.77828,2.37137,0.000816125,0.000630957,0.001,0.0702222,0.05,0.1,0.256397,0.2,0.3,1.09438e-06,7.26098e+09,1.26267e+07,2.61798e+08,0.01,0.95,10,10000,0.938,0.139,5606,1600,0.00132805,0,0.285408
1680,10000,2.01432,1.77828,2.37137,0.000816012,0.000630957,0.001,0.0699734,0.05,0.1,0.351759,0.3,0.4,1.09438e-06,6.11083e+09,8.02689e+06,2.20329e+08,0.01,0.95,10,10000,0.938,0.139,4718,2429,0.00107785,0,0.514837
1681,10000,2.02277,1.77828,2.37137,0.000809049,0.000630957,0.001,0.0705438,0.05,0.1,0.448213,0.4,0.5,1.09438e-06,4.44907e+09,5.57278e+06,1.60413e+08,0.01,0.95,10,10000,0.938,0.139,3435,2361,0.00109327,0,0.687336
1682,10000,2.03068,1.77828,2.37137,0.000806623,0.000630957,0.001,0.0709944,0.05,0.1,0.547853,0.5,0.6,1.09438e-06,3.115e+09,4.17221e+06,1.12313e+08,0.01,0.95,10,10000,0.938,0.139,2405,1902,0.00121806,0,0.790852
1683,10000,2.03022,1.77828,2.37137,0.00080415,0.000630957,0.001,0.0709989,0.05,0.1,0.647398,0.6,0.7,1.09438e-06,2.15654e+09,3.33322e+06,7.7755e+07,0.01,0.95,10,10000,0.938,0.139,1665,1382,0.00142896,0,0.83003
1684,10000,2.02361,1.77828,2.37137,0.000804116,0.000630957,0.001,0.0721327,0.05,0.1,0.745656,0.7,0.8,1.09438e-06,1.43639e+09,2.67661e+06,5.179e+07,0.01,0.95,10,10000,0.938,0.139,1109,938,0.00173449,0,0.845807
1685,10000,2.03572,1.77828,2.37137,0.00080632,0.000630957,0.001,0.0718278,0.05,0.1,0.846155,0.8,0.9,1.09438e-06,9.64936e+08,2.20934e+06,3.47913e+07,0.01,0.95,10,10000,0.938,0.139,745,625,0.00212488,0,0.838926
1686,10000,2.0385,1.77828,2.37137,0.000804511,0.000630957,0.001,0.0727569,0.05,0.1,0.945024,0.9,1,1.09438e-06,6.76103e+08,1.78508e+06,2.43772e+07,0.01,0.95,10,10000,0.938,0.139,522,456,0.00248766,0,0.873563
1687,10000,2.04096,1.77828,2.37137,0.000794594,0.000630957,0.001,0.0727336,0.05,0.1,1.17915,1,1.5,5.47192e-06,2.19928e+08,508491,7.92961e+06,0.01,0.95,10,10000,0.938,0.139,849,651,0.00208201,0,0.766784
1688,10000,2.13259,1.77828,2.37137,0.000779665,0.000630957,0.001,0.128094,0.1,0.15,0.0697115,0,0.1,1.09438e-06,8.97585e+08,4.15862e+06,3.23629e+07,0.01,0.95,10,10000,0.938,0.139,693,221,0.00357337,0,0.318903
1689,10000,2.09304,1.77828,2.37137,0.000778074,0.000630957,0.001,0.127349,0.1,0.15,0.156153,0.1,0.2,1.09438e-06,2.48163e+09,5.97668e+06,8.94766e+07,0.01,0.95,10,10000,0.938,0.139,1916,776,0.00190697,0,0.40501
1690,10000,2.09063,1.77828,2.37137,0.000783971,0.000630957,0.001,0.125269,0.1,0.15,0.251599,0.2,0.3,1.09438e-06,3.28078e+09,6.37216e+06,1.1829e+08,0.01,0.95,10,10000,0.938,0.139,2533,1155,0.00156309,0,0.455981
1691,10000,2.06297,1.77828,2.37137,0.000794231,0.000630957,0.001,0.124479,0.1,0.15,0.352015,0.3,0.4,1.09438e-06,3.16551e+09,5.52066e+06,1.14134e+08,0.01,0.95,10,10000,0.938,0.139,2444,1345,0.00144848,0,0.550327
1692,10000,2.05953,1.77828,2.37137,0.000795918,0.000630957,0.001,0.124204,0.1,0.15,0.447431,0.4,0.5,1.09438e-06,2.53862e+09,4.465e+06,9.15314e+07,0.01,0.95,10,10000,0.938,0.139,1960,1245,0.00150553,0,0.635204
1693,10000,2.04669,1.77828,2.37137,0.000800438,0.000630957,0.001,0.123294,0.1,0.15,0.546789,0.5,0.6,1.09438e-06,1.79128e+09,3.45153e+06,6.45857e+07,0.01,0.95,10,10000,0.938,0.139,1383,981,0.00169605,0,0.709328
1694,10000,2.03097,1.77828,2.37137,0.000809237,0.000630957,0.001,0.123677,0.1,0.15,0.646915,0.6,0.7,1.09438e-06,1.30687e+09,2.7164e+06,4.712e+07,0.01,0.95,10,10000,0.938,0.139,1009,793,0.00188642,0,0.785927
1695,10000,2.03921,1.77828,2.37137,0.000798014,0.000630957,0.001,0.123334,0.1,0.15,0.74656,0.7,0.8,1.09438e-06,8.79452e+08,2.18977e+06,3.17091e+07,0.01,0.95,10,10000,0.938,0.139,679,545,0.00227549,0,0.802651
1696,10000,2.03902,1.77828,2.37137,0.000802346,0.000630957,0.001,0.123284,0.1,0.15,0.846563,0.8,0.9,1.09438e-06,5.33629e+08,1.62929e+06,1.92403e+07,0.01,0.95,10,10000,0.938,0.139,412,349,0.00284355,0,0.847087
1697,10000,2.02441,1.77828,2.37137,0.000801921,0.000630957,0.001,0.122949,0.1,0.15,0.947543,0.9,1,1.09438e-06,3.69137e+08,1.32355e+06,1.33094e+07,0.01,0.95,10,10000,0.938,0.139,285,248,0.00337325,0,0.870175
1698,10000,2.03225,1.77828,2.37137,0.000802067,0.000630957,0.001,0.122776,0.1,0.15,1.18169,1,1.5,5.47192e-06,1.42733e+08,389543,5.14631e+06,0.01,0.95,10,10000,0.938,0.139,551,449,0.00250698,0,0.814882
1699,10000,2.0642,1.77828,2.37137,0.000793046,0.000630957,0.001,0.172847,0.15,0.2,0.0671644,0,0.1,1.09438e-06,4.55916e+08,1.70768e+06,1.64383e+07,0.01,0.95,10,10000,0.938,0.139,352,256,0.00332012,0,0.727273
1700,10000,2.03793,1.77828,2.37137,0.000802688,0.000630957,0.001,0.173318,0.15,0.2,0.154075,0.1,0.2,1.09438e-06,1.28485e+09,2.89651e+06,4.63261e+07,0.01,0.95,10,10000,0.938,0.139,992,712,0.00199083,0,0.717742
1701,10000,2.04041,1.77828,2.37137,0.000798972,0.000630957,0.001,0.173271,0.15,0.2,0.252203,0.2,0.3,1.09438e-06,1.72523e+09,3.29973e+06,6.2204e+07,0.01,0.95,10,10000,0.938,0.139,1332,977,0.00169952,0,0.733483
1702,10000,2.04054,1.77828,2.37137,0.000793053,0.000630957,0.001,0.172953,0.15,0.2,0.350281,0.3,0.4,1.09438e-06,1.80942e+09,3.38888e+06,6.52395e+07,0.01,0.95,10,10000,0.938,0.139,1397,1021,0.0016625,0,0.730852
1703,10000,2.03771,1.77828,2.37137,0.000796517,0.000630957,0.001,0.173678,0.15,0.2,0.448362,0.4,0.5,1.09438e-06,1.61254e+09,3.091e+06,5.81411e+07,0.01,0.95,10,10000,0.938,0.139,1245,950,0.0017235,0,0.763052
1704,10000,2.03426,1.77828,2.37137,0.000801299,0.000630957,0.001,0.172952,0.15,0.2,0.54724,0.5,0.6,1.09438e-06,1.18253e+09,2.50146e+06,4.26368e+07,0.01,0.95,10,10000,0.938,0.139,913,746,0.00194493,0,0.817087
1705,10000,2.03318,1.77828,2.37137,0.000801143,0.000630957,0.001,0.174064,0.15,0.2,0.647933,0.6,0.7,1.09438e-06,8.393e+08,2.18493e+06,3.02614e+07,0.01,0.95,10,10000,0.938,0.139,648,507,0.00235923,0,0.782407
1706,10000,2.02498,1.77828,2.37137,0.000809874,0.000630957,0.001,0.173523,0.15,0.2,0.749864,0.7,0.8,1.09438e-06,5.58238e+08,1.70296e+06,2.01276e+07,0.01,0.95,10,10000,0.938,0.139,431,356,0.00281546,0,0.825986
1707,10000,2.02023,1.77828,2.37137,0.000816658,0.000630957,0.001,0.174858,0.15,0.2,0.846938,0.8,0.9,1.09438e-06,3.84679e+08,1.4251e+06,1.38698e+07,0.01,0.95,10,10000,0.938,0.139,297,243,0.00340777,0,0.818182
1708,10000,2.0323,1.77828,2.37137,0.000802861,0.000630957,0.001,0.172567,0.15,0.2,0.944862,0.9,1,1.09438e-06,2.74586e+08,1.24894e+06,9.90033e+06,0.01,0.95,10,10000,0.938,0.139,212,166,0.00412306,0,0.783019
1709,10000,2.03883,1.77828,2.37137,0.000810124,0.000630957,0.001,0.173161,0.15,0.2,1.18061,1,1.5,5.47192e-06,1.14497e+08,358197,4.12825e+06,0.01,0.95,10,10000,0.938,0.139,442,349,0.00284355,0,0.789593
1710,10000,2.02865,1.77828,2.37137,0.000805808,0.000630957,0.001,0.222682,0.2,0.25,0.0691618,0,0.1,1.09438e-06,2.62929e+08,1.18476e+06,9.48004e+06,0.01,0.95,10,10000,0.938,0.139,203,165,0.00413554,0,0.812808
1711,10000,2.04127,1.77828,2.37137,0.000808833,0.000630957,0.001,0.222472,0.2,0.25,0.154037,0.1,0.2,1.09438e-06,7.68063e+08,2.09003e+06,2.76929e+07,0.01,0.95,10,10000,0.938,0.139,593,464,0.00246612,0,0.782462
1712,10000,2.04645,1.77828,2.37137,0.000809556,0.000630957,0.001,0.222197,0.2,0.25,0.252344,0.2,0.3,1.09438e-06,1.04394e+09,2.27814e+06,3.764e+07,0.01,0.95,10,10000,0.938,0.139,806,683,0.00203265,0,0.847395
1713,10000,2.02615,1.77828,2.37137,0.000800379,0.000630957,0.001,0.223785,0.2,0.25,0.352236,0.3,0.4,1.09438e-06,1.04783e+09,2.36079e+06,3.778e+07,0.01,0.95,10,10000,0.938,0.139,809,659,0.00206934,0,0.814586
1714,10000,2.03724,1.77828,2.37137,0.000806488,0.000630957,0.001,0.223507,0.2,0.25,0.447104,0.4,0.5,1.09438e-06,1.03358e+09,2.38795e+06,3.72664e+07,0.01,0.95,10,10000,0.938,0.139,798,636,0.00210642,0,0.796992
1715,10000,2.0238,1.77828,2.37137,0.000807433,0.000630957,0.001,0.223707,0.2,0.25,0.547543,0.5,0.6,1.09438e-06,7.65473e+08,1.9982e+06,2.75995e+07,0.01,0.95,10,10000,0.938,0.139,591,487,0.00240719,0,0.824027
1716,10000,2.03914,1.77828,2.37137,0.000808184,0.000630957,0.001,0.223147,0.2,0.25,0.645747,0.6,0.7,1.09438e-06,5.93209e+08,1.88119e+06,2.13885e+07,0.01,0.95,10,10000,0.938,0.139,458,348,0.00284764,0,0.759825
1717,10000,2.03723,1.77828,2.37137,0.000805195,0.000630957,0.001,0.222738,0.2,0.25,0.744476,0.7,0.8,1.09438e-06,4.32602e+08,1.54101e+06,1.55977e+07,0.01,0.95,10,10000,0.938,0.139,334,267,0.00325101,0,0.799401
1718,10000,2.02968,1.77828,2.37137,0.000823296,0.000630957,0.001,0.223413,0.2,0.25,0.848185,0.8,0.9,1.09438e-06,2.88833e+08,1.31542e+06,1.0414e+07,0.01,0.95,10,10000,0.938,0.139,223,169,0.0040863,0,0.757848
1719,10000,2.03366,1.77828,2.37137,0.000812827,0.000630957,0.001,0.222088,0.2,0.25,0.946845,0.9,1,1.09438e-06,1.85216e+08,1.04847e+06,6.67806e+06,0.01,0.95,10,10000,0.938,0.139,143,109,0.00508816,0,0.762238
1720,10000,2.02233,1.77828,2.37137,0.000804943,0.000630957,0.001,0.222385,0.2,0.25,1.1821,1,1.5,5.47192e-06,6.99417e+07,293650,2.52178e+06,0.01,0.95,10,10000,0.938,0.139,270,201,0.00374693,0,0.744444
1721,10000,2.01592,1.77828,2.37137,0.000801663,0.000630957,0.001,0.269538,0.25,0.3,0.0694481,0,0.1,1.09438e-06,1.90397e+08,1.01163e+06,6.86485e+06,0.01,0.95,10,10000,0.938,0.139,147,119,0.00486968,0,0.809524
1722,10000,2.03044,1.77828,2.37137,0.000801708,0.000630957,0.001,0.273355,0.25,0.3,0.152031,0.1,0.2,1.09438e-06,4.4685e+08,1.45713e+06,1.61114e+07,0.01,0.95,10,10000,0.938,0.139,345,300,0.003067,0,0.869565
1723,10000,2.02026,1.77828,2.37137,0.000809423,0.000630957,0.001,0.273885,0.25,0.3,0.2518,0.2,0.3,1.09438e-06,6.38542e+08,1.95846e+06,2.30229e+07,0.01,0.95,10,10000,0.938,0.139,493,373,0.00275055,0,0.756592
1724,10000,2.01517,1.77828,2.37137,0.000814576,0.000630957,0.001,0.273368,0.25,0.3,0.347041,0.3,0.4,1.09438e-06,6.85169e+08,1.95815e+06,2.47041e+07,0.01,0.95,10,10000,0.938,0.139,529,418,0.00259828,0,0.79017
1725,10000,2.02539,1.77828,2.37137,0.00081019,0.000630957,0.001,0.273553,0.25,0.3,0.450254,0.4,0.5,1.09438e-06,5.97095e+08,1.76431e+06,2.15286e+07,0.01,0.95,10,10000,0.938,0.139,461,380,0.0027251,0,0.824295
1726,10000,2.02953,1.77828,2.37137,0.000801557,0.000630957,0.001,0.272456,0.25,0.3,0.547989,0.5,0.6,1.09438e-06,5.85438e+08,1.84898e+06,2.11083e+07,0.01,0.95,10,10000,0.938,0.139,452,348,0.00284764,0,0.769912
1727,10000,2.02995,1.77828,2.37137,0.000803434,0.000630957,0.001,0.271931,0.25,0.3,0.648895,0.6,0.7,1.09438e-06,4.39078e+08,1.59134e+06,1.58312e+07,0.01,0.95,10,10000,0.938,0.139,339,263,0.00327564,0,0.775811
1728,10000,2.04394,1.77828,2.37137,0.000805306,0.000630957,0.001,0.27399,0.25,0.3,0.747709,0.7,0.8,1.09438e-06,2.73291e+08,1.23501e+06,9.85363e+06,0.01,0.95,10,10000,0.938,0.139,211,167,0.0041107,0,0.791469
1729,10000,1.98761,1.77828,2.37137,0.00080288,0.000630957,0.001,0.27303,0.25,0.3,0.844823,0.8,0.9,1.09438e-06,2.29253e+08,1.10543e+06,8.26585e+06,0.01,0.95,10,10000,0.938,0.139,177,144,0.00442683,0,0.813559
1730,10000,2.02558,1.77828,2.37137,0.000814743,0.000630957,0.001,0.275491,0.25,0.3,0.953047,0.9,1,1.09438e-06,1.30817e+08,890339,4.71667e+06,0.01,0.95,10,10000,0.938,0.139,101,76,0.0060935,0,0.752475
1731,10000,2.02753,1.77828,2.37137,0.00082335,0.000630957,0.001,0.272624,0.25,0.3,1.19231,1,1.5,5.47192e-06,5.02544e+07,256531,1.81195e+06,0.01,0.95,10,10000,0.938,0.139,194,139,0.00450574,0,0.716495
1732,10000,2.01607,1.77828,2.37137,0.000782398,0.000630957,0.001,0.33725,0.3,0.4,0.0711691,0,0.1,2.18877e-06,8.28938e+07,478246,2.98878e+06,0.01,0.95,10,10000,0.938,0.139,128,102,0.00525986,0,0.796875
1733,10000,2.02357,1.77828,2.37137,0.00080982,0.000630957,0.001,0.344217,0.3,0.4,0.156433,0.1,0.2,2.18877e-06,2.37025e+08,767896,8.54604e+06,0.01,0.95,10,10000,0.938,0.139,366,310,0.00301712,0,0.846995
1734,10000,2.02668,1.77828,2.37137,0.000810547,0.000630957,0.001,0.344682,0.3,0.4,0.251422,0.2,0.3,2.18877e-06,3.49708e+08,940520,1.26089e+07,0.01,0.95,10,10000,0.938,0.139,540,453,0.00249589,0,0.838889
1735,10000,2.01693,1.77828,2.37137,0.000801064,0.000630957,0.001,0.343986,0.3,0.4,0.351765,0.3,0.4,2.18877e-06,4.05403e+08,1.07518e+06,1.4617e+07,0.01,0.95,10,10000,0.938,0.139,626,489,0.00240226,0,0.78115
1736,10000,2.02967,1.77828,2.37137,0.000804598,0.000630957,0.001,0.34253,0.3,0.4,0.451442,0.4,0.5,2.18877e-06,3.64603e+08,1.05432e+06,1.3146e+07,0.01,0.95,10,10000,0.938,0.139,563,422,0.00258594,0,0.749556
1737,10000,2.02889,1.77828,2.37137,0.00079986,0.000630957,0.001,0.341477,0.3,0.4,0.549969,0.5,0.6,2.18877e-06,3.0049e+08,937193,1.08343e+07,0.01,0.95,10,10000,0.938,0.139,464,357,0.00281151,0,0.769397
1738,10000,2.02279,1.77828,2.37137,0.000810642,0.000630957,0.001,0.346469,0.3,0.4,0.647469,0.6,0.7,2.18877e-06,2.35082e+08,817695,8.47599e+06,0.01,0.95,10,10000,0.938,0.139,363,284,0.00315221,0,0.782369
1739,10000,2.03799,1.77828,2.37137,0.000801638,0.000630957,0.001,0.343925,0.3,0.4,0.748807,0.7,0.8,2.18877e-06,2.05939e+08,764814,7.42525e+06,0.01,0.95,10,10000,0.938,0.139,318,249,0.00336647,0,0.783019
1740,10000,2.02636,1.77828,2.37137,0.000824125,0.000630957,0.001,0.342092,0.3,0.4,0.846934,0.8,0.9,2.18877e-06,1.28226e+08,610065,4.62327e+06,0.01,0.95,10,10000,0.938,0.139,198,153,0.00429465,0,0.772727
1741,10000,1.99991,1.77828,2.37137,0.000823325,0.000630957,0.001,0.340558,0.3,0.4,0.94664,0.9,1,2.18877e-06,9.2608e+07,587951,3.33903e+06,0.01,0.95,10,10000,0.938,0.139,143,94,0.00547911,0,0.657343
1742,10000,2.03874,1.77828,2.37137,0.000814033,0.000630957,0.001,0.34217,0.3,0.4,1.16473,1,1.5,1.09438e-05,3.34166e+07,142971,1.20485e+06,0.01,0.95,10,10000,0.938,0.139,258,193,0.0038238,0,0.748062
1743,10000,2.00777,1.77828,2.37137,0.000788862,0.000630957,0.001,0.439689,0.4,0.5,0.0648748,0,0.1,2.18877e-06,4.20945e+07,345201,1.51774e+06,0.01,0.95,10,10000,0.938,0.139,65,51,0.00743856,0,0.784615
1744,10000,2.02637,1.77828,2.37137,0.000817908,0.000630957,0.001,0.442866,0.4,0.5,0.150832,0.1,0.2,2.18877e-06,1.17217e+08,589671,4.22632e+06,0.01,0.95,10,10000,0.938,0.139,181,138,0.00452204,0,0.762431
1745,10000,2.01262,1.77828,2.37137,0.000814482,0.000630957,0.001,0.443066,0.4,0.5,0.252148,0.2,0.3,2.18877e-06,1.65788e+08,728717,5.97756e+06,0.01,0.95,10,10000,0.938,0.139,256,186,0.00389509,0,0.726562
1746,10000,2.01404,1.77828,2.37137,0.000807343,0.000630957,0.001,0.442927,0.4,0.5,0.351628,0.3,0.4,2.18877e-06,1.84568e+08,789941,6.65471e+06,0.01,0.95,10,10000,0.938,0.139,285,200,0.00375629,0,0.701754
1747,10000,2.01482,1.77828,2.37137,0.000820134,0.000630957,0.001,0.442121,0.4,0.5,0.445887,0.4,0.5,2.18877e-06,1.91044e+08,780358,6.8882e+06,0.01,0.95,10,10000,0.938,0.139,295,215,0.00362289,0,0.728814
1748,10000,2.00766,1.77828,2.37137,0.000809488,0.000630957,0.001,0.443261,0.4,0.5,0.546713,0.5,0.6,2.18877e-06,1.5154e+08,744234,5.46386e+06,0.01,0.95,10,10000,0.938,0.139,234,156,0.00425316,0,0.666667
1749,10000,2.04176,1.77828,2.37137,0.000803932,0.000630957,0.001,0.441698,0.4,0.5,0.646336,0.6,0.7,2.18877e-06,1.26284e+08,695377,4.55322e+06,0.01,0.95,10,10000,0.938,0.139,195,126,0.00473248,0,0.646154
1750,10000,2.02799,1.77828,2.37137,0.000798185,0.000630957,0.001,0.443995,0.4,0.5,0.745943,0.7,0.8,2.18877e-06,1.01027e+08,621054,3.64258e+06,0.01,0.95,10,10000,0.938,0.139,156,101,0.00528583,0,0.647436
1751,10000,2.0336,1.77828,2.37137,0.000816934,0.000630957,0.001,0.446637,0.4,0.5,0.848565,0.8,0.9,2.18877e-06,7.25321e+07,474532,2.61518e+06,0.01,0.95,10,10000,0.938,0.139,112,83,0.00583089,0,0.741071
1752,10000,2.06679,1.77828,2.37137,0.000802009,0.000630957,0.001,0.450086,0.4,0.5,0.944168,0.9,1,2.18877e-06,5.37515e+07,385792,1.93804e+06,0.01,0.95,10,10000,0.938,0.139,83,66,0.00653886,0,0.795181
1753,10000,2.0417,1.77828,2.37137,0.000817223,0.000630957,0.001,0.443762,0.4,0.5,1.2029,1,1.5,1.09438e-05,2.22777e+07,127335,803235,0.01,0.95,10,10000,0.938,0.139,172,115,0.00495365,0,0.668605
1754,10000,1.99506,1.77828,2.37137,0.000819701,0.000630957,0.001,0.545253,0.5,0.6,0.0640178,0,0.1,2.18877e-06,1.68378e+07,213130,607096,0.01,0.95,10,10000,0.938,0.139,26,21,0.0115922,0,0.807692
1755,10000,1.96762,1.77828,2.37137,0.000804855,0.000630957,0.001,0.543894,0.5,0.6,0.150745,0.1,0.2,2.18877e-06,5.1161e+07,430384,1.84464e+06,0.01,0.95,10,10000,0.938,0.139,79,53,0.00729686,0,0.670886
1756,10000,2.00931,1.77828,2.37137,0.000782635,0.000630957,0.001,0.53915,0.5,0.6,0.254094,0.2,0.3,2.18877e-06,6.79989e+07,431744,2.45173e+06,0.01,0.95,10,10000,0.938,0.139,105,84,0.00579608,0,0.8
1757,10000,1.99575,1.77828,2.37137,0.000790956,0.000630957,0.001,0.545864,0.5,0.6,0.353649,0.3,0.4,2.18877e-06,9.5846e+07,564468,3.45578e+06,0.01,0.95,10,10000,0.938,0.139,148,105,0.00518417,0,0.709459
1758,10000,1.99358,1.77828,2.37137,0.000810146,0.000630957,0.001,0.544288,0.5,0.6,0.44681,0.4,0.5,2.18877e-06,9.13128e+07,587055,3.29233e+06,0.01,0.95,10,10000,0.938,0.139,141,92,0.00553835,0,0.652482
1759,10000,2.01236,1.77828,2.37137,0.000816099,0.000630957,0.001,0.541712,0.5,0.6,0.54428,0.5,0.6,2.18877e-06,8.22462e+07,546666,2.96543e+06,0.01,0.95,10,10000,0.938,0.139,127,85,0.00576188,0,0.669291
1760,10000,2.03048,1.77828,2.37137,0.000811356,0.000630957,0.001,0.541128,0.5,0.6,0.651535,0.6,0.7,2.18877e-06,6.54084e+07,459600,2.35833e+06,0.01,0.95,10,10000,0.938,0.139,101,73,0.00621745,0,0.722772
1761,10000,1.99117,1.77828,2.37137,0.000785119,0.000630957,0.001,0.545406,0.5,0.6,0.751624,0.7,0.8,2.18877e-06,4.59802e+07,454972,1.65784e+06,0.01,0.95,10,10000,0.938,0.139,71,41,0.00829625,0,0.577465
1762,10000,2.03626,1.77828,2.37137,0.000786298,0.000630957,0.001,0.546459,0.5,0.6,0.847311,0.8,0.9,2.18877e-06,4.01517e+07,407511,1.44769e+06,0.01,0.95,10,10000,0.938,0.139,62,38,0.00861752,0,0.612903
1763,10000,2.02782,1.77828,2.37137,0.000832587,0.000630957,0.001,0.542269,0.5,0.6,0.949794,0.9,1,2.18877e-06,3.10852e+07,337071,1.12079e+06,0.01,0.95,10,10000,0.938,0.139,48,32,0.00939072,0,0.666667
1764,10000,2.05555,1.77828,2.37137,0.000810408,0.000630957,0.001,0.547767,0.5,0.6,1.19394,1,1.5,1.09438e-05,1.29522e+07,102650,466997,0.01,0.95,10,10000,0.938,0.139,100,62,0.00674649,0,0.62
1765,10000,2.01245,1.77828,2.37137,0.000836667,0.000630957,0.001,0.63925,0.6,0.7,0.0619476,0,0.1,2.18877e-06,7.7713e+06,206413,280198,0.01,0.95,10,10000,0.938,0.139,12,6,0.0216869,0,0.5
1766,10000,1.99438,1.77828,2.37137,0.00082705,0.000630957,0.001,0.633381,0.6,0.7,0.156892,0.1,0.2,2.18877e-06,2.26663e+07,281769,817245,0.01,0.95,10,10000,0.938,0.139,35,24,0.0108435,0,0.685714
1767,10000,2.03239,1.77828,2.37137,0.000821786,0.000630957,0.001,0.645919,0.6,0.7,0.251569,0.2,0.3,2.18877e-06,3.75613e+07,375367,1.35429e+06,0.01,0.95,10,10000,0.938,0.139,58,38,0.00861752,0,0.655172
1768,10000,2.01369,1.77828,2.37137,0.000823236,0.000630957,0.001,0.647515,0.6,0.7,0.34816,0.3,0.4,2.18877e-06,4.59802e+07,454972,1.65784e+06,0.01,0.95,10,10000,0.938,0.139,71,41,0.00829625,0,0.577465
1769,10000,2.01649,1.77828,2.37137,0.0008228,0.000630957,0.001,0.638913,0.6,0.7,0.450349,0.4,0.5,2.18877e-06,4.20945e+07,408645,1.51774e+06,0.01,0.95,10,10000,0.938,0.139,65,41,0.00829625,0,0.630769
1770,10000,1.99384,1.77828,2.37137,0.000824217,0.000630957,0.001,0.644478,0.6,0.7,0.544819,0.5,0.6,2.18877e-06,3.88565e+07,376857,1.40099e+06,0.01,0.95,10,10000,0.938,0.139,60,40,0.00839932,0,0.666667
1771,10000,2.01952,1.77828,2.37137,0.000823363,0.000630957,0.001,0.647602,0.6,0.7,0.660291,0.6,0.7,2.18877e-06,3.95041e+07,450607,1.42434e+06,0.01,0.95,10,10000,0.938,0.139,61,32,0.00939072,0,0.52459
1772,10000,1.98462,1.77828,2.37137,0.000801739,0.000630957,0.001,0.634161,0.6,0.7,0.748847,0.7,0.8,2.18877e-06,2.59043e+07,288538,933994,0.01,0.95,10,10000,0.938,0.139,40,29,0.0098645,0,0.725
1773,10000,1.92452,1.77828,2.37137,0.000810298,0.000630957,0.001,0.651313,0.6,0.7,0.843772,0.8,0.9,2.18877e-06,1.4895e+07,205775,537046,0.01,0.95,10,10000,0.938,0.139,23,18,0.012521,0,0.782609
1774,10000,2.01884,1.77828,2.37137,0.000880777,0.000630957,0.001,0.63477,0.6,0.7,0.939834,0.9,1,2.18877e-06,1.74854e+07,288240,630446,0.01,0.95,10,10000,0.938,0.139,27,15,0.013716,0,0.555556
1775,10000,2.03448,1.77828,2.37137,0.000803468,0.000630957,0.001,0.648314,0.6,0.7,1.19511,1,1.5,1.09438e-05,7.51226e+06,79714.8,270858,0.01,0.95,10,10000,0.938,0.139,58,35,0.00897925,0,0.603448
1776,10000,2.10191,1.77828,2.37137,0.000648274,0.000630957,0.001,0.748891,0.7,0.8,0.076423,0,0.1,2.18877e-06,3.88565e+06,279485,140099,0.01,0.95,10,10000,0.938,0.139,6,1,0.0531219,0,0.166667
1777,10000,2.10083,1.77828,2.37137,0.000838815,0.000630957,0.001,0.744377,0.7,0.8,0.155719,0.1,0.2,2.18877e-06,1.4895e+07,277715,537046,0.01,0.95,10,10000,0.938,0.139,23,12,0.015335,0,0.521739
1778,10000,1.99345,1.77828,2.37137,0.000795585,0.000630957,0.001,0.740296,0.7,0.8,0.250924,0.2,0.3,2.18877e-06,2.33139e+07,371274,840594,0.01,0.95,10,10000,0.938,0.139,36,17,0.012884,0,0.472222
1779,10000,2.03207,1.77828,2.37137,0.000803614,0.000630957,0.001,0.75665,0.7,0.8,0.344321,0.3,0.4,2.18877e-06,2.78472e+07,373359,1.00404e+06,0.01,0.95,10,10000,0.938,0.139,43,23,0.0110767,0,0.534884
1780,10000,1.98593,1.77828,2.37137,0.000756208,0.000630957,0.001,0.738357,0.7,0.8,0.449185,0.4,0.5,2.18877e-06,2.46091e+07,367315,887294,0.01,0.95,10,10000,0.938,0.139,38,19,0.012187,0,0.5
1781,10000,2.02398,1.77828,2.37137,0.000797775,0.000630957,0.001,0.751716,0.7,0.8,0.555976,0.5,0.6,2.18877e-06,2.00759e+07,249422,723845,0.01,0.95,10,10000,0.938,0.139,31,23,0.0110767,0,0.741935
1782,10000,2.00589,1.77828,2.37137,0.000772721,0.000630957,0.001,0.735875,0.7,0.8,0.643726,0.6,0.7,2.18877e-06,1.94282e+07,326368,700495,0.01,0.95,10,10000,0.938,0.139,30,15,0.013716,0,0.5
1783,10000,1.99393,1.77828,2.37137,0.00081562,0.000630957,0.001,0.753026,0.7,0.8,0.754514,0.7,0.8,2.18877e-06,2.20187e+07,347445,793895,0.01,0.95,10,10000,0.938,0.139,34,17,0.012884,0,0.5
1784,10000,2.04557,1.77828,2.37137,0.000793938,0.000630957,0.001,0.740223,0.7,0.8,0.828673,0.8,0.9,2.18877e-06,9.06651e+06,246482,326898,0.01,0.95,10,10000,0.938,0.139,14,6,0.0216869,0,0.428571
1785,10000,1.97309,1.77828,2.37137,0.000845323,0.000630957,0.001,0.747674,0.7,0.8,0.947608,0.9,1,2.18877e-06,6.47608e+06,188429,233498,0.01,0.95,10,10000,0.938,0.139,10,5,0.0237569,0,0.5
1786,10000,2.03693,1.77828,2.37137,0.000800141,0.000630957,0.001,0.746679,0.7,0.8,1.28123,1,1.5,1.09438e-05,4.27421e+06,64544.3,154109,0.01,0.95,10,10000,0.938,0.139,33,18,0.012521,0,0.545455
1787,10000,1.89075,1.77828,2.37137,0.000816922,0.000630957,0.001,0.827728,0.8,0.9,0.0792851,0,0.1,2.18877e-06,1.94282e+06,-nan,70049.5,0.01,0.95,10,10000,0.938,0.139,3,4,0.026561,0,1.33333
1788,10000,2.01572,1.77828,2.37137,0.000822055,0.000630957,0.001,0.843853,0.8,0.9,0.163631,0.1,0.2,2.18877e-06,9.71412e+06,266478,350248,0.01,0.95,10,10000,0.938,0.139,15,6,0.0216869,0,0.4
1789,10000,1.92461,1.77828,2.37137,0.00080416,0.000630957,0.001,0.85562,0.8,0.9,0.241967,0.2,0.3,2.18877e-06,9.71412e+06,399718,350248,0.01,0.95,10,10000,0.938,0.139,15,3,0.03067,0,0.2
1790,10000,1.99853,1.77828,2.37137,0.000803775,0.000630957,0.001,0.848262,0.8,0.9,0.355935,0.3,0.4,2.18877e-06,1.23046e+07,250924,443647,0.01,0.95,10,10000,0.938,0.139,19,10,0.0167986,0,0.526316
1791,10000,2.04715,1.77828,2.37137,0.000820811,0.000630957,0.001,0.848014,0.8,0.9,0.461152,0.4,0.5,2.18877e-06,1.29522e+07,198621,466997,0.01,0.95,10,10000,0.938,0.139,20,15,0.013716,0,0.75
1792,10000,2.07228,1.77828,2.37137,0.000816864,0.000630957,0.001,0.838184,0.8,0.9,0.557236,0.5,0.6,2.18877e-06,1.23046e+07,234935,443647,0.01,0.95,10,10000,0.938,0.139,19,11,0.0160169,0,0.578947
1793,10000,2.04483,1.77828,2.37137,0.000822662,0.000630957,0.001,0.850438,0.8,0.9,0.655472,0.6,0.7,2.18877e-06,1.03617e+07,190134,373598,0.01,0.95,10,10000,0.938,0.139,16,11,0.0160169,0,0.6875
1794,10000,2.07825,1.77828,2.37137,0.000875771,0.000630957,0.001,0.82749,0.8,0.9,0.753247,0.7,0.8,2.18877e-06,1.03617e+07,219983,373598,0.01,0.95,10,10000,0.938,0.139,16,9,0.0177073,0,0.5625
1795,10000,2.06038,1.77828,2.37137,0.000840535,0.000630957,0.001,0.831118,0.8,0.9,0.864044,0.8,0.9,2.18877e-06,4.53326e+06,-nan,163449,0.01,0.95,10,10000,0.938,0.139,7,8,0.0187814,0,1.14286
1796,10000,1.95103,1.77828,2.37137,0.000826262,0.000630957,0.001,0.840714,0.8,0.9,1.29745,1,1.5,1.09438e-05,3.10852e+06,61819.6,112079,0.01,0.95,10,10000,0.938,0.139,24,11,0.0160169,0,0.458333
1797,10000,2.109,1.77828,2.37137,0.000972606,0.000630957,0.001,0.921726,0.9,1,0.0589303,0,0.1,2.18877e-06,1.94282e+06,133239,70049.5,0.01,0.95,10,10000,0.938,0.139,3,1,0.0531219,0,0.333333
1798,10000,1.99833,1.77828,2.37137,0.000742282,0.000630957,0.001,0.925761,0.9,1,0.151388,0.1,0.2,2.18877e-06,5.18087e+06,168536,186799,0.01,0.95,10,10000,0.938,0.139,8,4,0.026561,0,0.5
1799,10000,1.98263,1.77828,2.37137,0.000880864,0.000630957,0.001,0.963968,0.9,1,0.248939,0.2,0.3,2.18877e-06,6.47608e+06,133239,233498,0.01,0.95,10,10000,0.938,0.139,10,8,0.0187814,0,0.8
1800,10000,2.22678,1.77828,2.37137,0.000807287,0.000630957,0.001,0.943123,0.9,1,0.340686,0.3,0.4,2.18877e-06,3.88565e+06,188429,140099,0.01,0.95,10,10000,0.938,0.139,6,2,0.0375629,0,0.333333
1801,10000,1.99522,1.77828,2.37137,0.000822859,0.000630957,0.001,0.952341,0.9,1,0.450434,0.4,0.5,2.18877e-06,8.41891e+06,170475,303548,0.01,0.95,10,10000,0.938,0.139,13,9,0.0177073,0,0.692308
1802,10000,2.00652,1.77828,2.37137,0.00078666,0.000630957,0.001,0.953229,0.9,1,0.534931,0.5,0.6,2.18877e-06,6.47608e+06,148255,233498,0.01,0.95,10,10000,0.938,0.139,10,7,0.0200782,0,0.7
1803,10000,1.86021,1.77828,2.37137,0.000727032,0.000630957,0.001,0.923201,0.9,1,0.624725,0.6,0.7,2.18877e-06,1.29522e+06,84267.9,46699.7,0.01,0.95,10,10000,0.938,0.139,2,1,0.0531219,0,0.5
1804,10000,2.09458,1.77828,2.37137,0.000773446,0.000630957,0.001,0.946648,0.9,1,0.727343,0.7,0.8,2.18877e-06,5.18087e+06,144325,186799,0.01,0.95,10,10000,0.938,0.139,8,5,0.0237569,0,0.625
1805,10000,2.01006,1.77828,2.37137,0.000808128,0.000630957,0.001,0.942029,0.9,1,0.873143,0.8,0.9,2.18877e-06,3.88565e+06,99707.1,140099,0.01,0.95,10,10000,0.938,0.139,6,5,0.0237569,0,0.833333
1806,10000,1.94035,1.77828,2.37137,0.000835515,0.000630957,0.001,0.938696,0.9,1,1.17946,1,1.5,1.09438e-05,2.07235e+06,40821.4,74719.5,0.01,0.95,10,10000,0.938,0.139,16,10,0.0167986,0,0.625
1807,10000,2.03727,1.77828,2.37137,0.00133388,0.001,0.00158489,0.0917303,0.05,0.1,0.087195,0,0.1,1.73447e-06,1.89353e+09,3.09716e+07,6.8272e+07,0.01,0.95,10,10000,0.938,0.139,2317,21,0.0115922,0,0.00906344
1808,10000,2.05461,1.77828,2.37137,0.00127358,0.001,0.00158489,0.0755589,0.05,0.1,0.166367,0.1,0.2,1.73447e-06,4.12947e+09,1.09232e+07,1.4889e+08,0.01,0.95,10,10000,0.938,0.139,5053,747,0.00194363,0,0.147833
1809,10000,2.05015,1.77828,2.37137,0.0012743,0.001,0.00158489,0.0726534,0.05,0.1,0.253251,0.2,0.3,1.73447e-06,4.90502e+09,7.47728e+06,1.76853e+08,0.01,0.95,10,10000,0.938,0.139,6002,2020,0.00118195,0,0.336554
1810,10000,2.04171,1.77828,2.37137,0.00127152,0.001,0.00158489,0.0721232,0.05,0.1,0.351041,0.3,0.4,1.73447e-06,4.18177e+09,4.89961e+06,1.50776e+08,0.01,0.95,10,10000,0.938,0.139,5117,2933,0.000980885,0,0.573187
1811,10000,2.03583,1.77828,2.37137,0.00126881,0.001,0.00158489,0.072409,0.05,0.1,0.448194,0.4,0.5,1.73447e-06,3.00251e+09,3.48103e+06,1.08257e+08,0.01,0.95,10,10000,0.938,0.139,3674,2672,0.00102767,0,0.727273
1812,10000,2.0378,1.77828,2.37137,0.00127294,0.001,0.00158489,0.0721061,0.05,0.1,0.547085,0.5,0.6,1.73447e-06,2.08394e+09,2.65772e+06,7.51375e+07,0.01,0.95,10,10000,0.938,0.139,2550,2065,0.001169,0,0.809804
1813,10000,2.03267,1.77828,2.37137,0.00127504,0.001,0.00158489,0.0728551,0.05,0.1,0.645816,0.6,0.7,1.73447e-06,1.46611e+09,2.22378e+06,5.28615e+07,0.01,0.95,10,10000,0.938,0.139,1794,1457,0.0013917,0,0.812152
1814,10000,2.04069,1.77828,2.37137,0.00126161,0.001,0.00158489,0.0732939,0.05,0.1,0.746788,0.7,0.8,1.73447e-06,9.18568e+08,1.73586e+06,3.31194e+07,0.01,0.95,10,10000,0.938,0.139,1124,928,0.00174381,0,0.825623
1815,10000,2.03577,1.77828,2.37137,0.00126298,0.001,0.00158489,0.0728028,0.05,0.1,0.84626,0.8,0.9,1.73447e-06,6.58689e+08,1.48214e+06,2.37494e+07,0.01,0.95,10,10000,0.938,0.139,806,659,0.00206934,0,0.817618
1816,10000,2.04478,1.77828,2.37137,0.00126208,0.001,0.00158489,0.0730035,0.05,0.1,0.946007,0.9,1,1.73447e-06,4.18423e+08,1.19239e+06,1.50864e+07,0.01,0.95,10,10000,0.938,0.139,512,414,0.0026108,0,0.808594
1817,10000,2.04204,1.77828,2.37137,0.00126556,0.001,0.00158489,0.0733968,0.05,0.1,1.1572,1,1.5,8.67235e-06,1.47755e+08,350967,5.3274e+06,0.01,0.95,10,10000,0.938,0.139,904,644,0.0020933,0,0.712389
1818,10000,2.08026,1.77828,2.37137,0.00126691,0.001,0.00158489,0.127995,0.1,0.15,0.0700359,0,0.1,1.73447e-06,6.41527e+08,5.11592e+06,2.31306e+07,0.01,0.95,10,10000,0.938,0.139,785,84,0.00579608,0,0.107006
1819,10000,2.01766,1.77828,2.37137,0.00128137,0.001,0.00158489,0.124431,0.1,0.15,0.157988,0.1,0.2,1.73447e-06,1.71455e+09,5.59879e+06,6.1819e+07,0.01,0.95,10,10000,0.938,0.139,2098,470,0.00245033,0,0.224023
1820,10000,2.02387,1.77828,2.37137,0.00129323,0.001,0.00158489,0.122808,0.1,0.15,0.253611,0.2,0.3,1.73447e-06,2.31849e+09,4.85247e+06,8.35942e+07,0.01,0.95,10,10000,0.938,0.139,2837,1050,0.00163938,0,0.370109
1821,10000,2.02884,1.77828,2.37137,0.00128214,0.001,0.00158489,0.122516,0.1,0.15,0.350441,0.3,0.4,1.73447e-06,2.17547e+09,3.75722e+06,7.84377e+07,0.01,0.95,10,10000,0.938,0.139,2662,1396,0.00142178,0,0.524418
1822,10000,2.03016,1.77828,2.37137,0.00128056,0.001,0.00158489,0.121842,0.1,0.15,0.448811,0.4,0.5,1.73447e-06,1.68513e+09,2.89901e+06,6.07583e+07,0.01,0.95,10,10000,0.938,0.139,2062,1304,0.00147108,0,0.632396
1823,10000,2.03352,1.77828,2.37137,0.00127462,0.001,0.00158489,0.12307,0.1,0.15,0.548726,0.5,0.6,1.73447e-06,1.21767e+09,2.17819e+06,4.39039e+07,0.01,0.95,10,10000,0.938,0.139,1490,1108,0.00159589,0,0.743624
1824,10000,2.02937,1.77828,2.37137,0.00127077,0.001,0.00158489,0.123421,0.1,0.15,0.646136,0.6,0.7,1.73447e-06,8.78524e+08,1.69686e+06,3.16756e+07,0.01,0.95,10,10000,0.938,0.139,1075,888,0.00178266,0,0.826047
1825,10000,2.02823,1.77828,2.37137,0.00126324,0.001,0.00158489,0.122395,0.1,0.15,0.745983,0.7,0.8,1.73447e-06,5.46728e+08,1.27977e+06,1.97126e+07,0.01,0.95,10,10000,0.938,0.139,669,582,0.00220198,0,0.869955
1826,10000,2.04332,1.77828,2.37137,0.0012801,0.001,0.00158489,0.12274,0.1,0.15,0.848507,0.8,0.9,1.73447e-06,3.48141e+08,1.05003e+06,1.25524e+07,0.01,0.95,10,10000,0.938,0.139,426,359,0.00280367,0,0.842723
1827,10000,2.04567,1.77828,2.37137,0.00128439,0.001,0.00158489,0.123347,0.1,0.15,0.948712,0.9,1,1.73447e-06,2.77859e+08,911755,1.00183e+07,0.01,0.95,10,10000,0.938,0.139,340,296,0.00308765,0,0.870588
1828,10000,2.03501,1.77828,2.37137,0.00127294,0.001,0.00158489,0.124259,0.1,0.15,1.16019,1,1.5,8.67235e-06,9.34913e+07,253680,3.37088e+06,0.01,0.95,10,10000,0.938,0.139,572,459,0.00247952,0,0.802448
1829,10000,2.1193,1.77828,2.37137,0.00123287,0.001,0.00158489,0.175687,0.15,0.2,0.0664362,0,0.1,1.73447e-06,3.32613e+08,1.86561e+06,1.19925e+07,0.01,0.95,10,10000,0.938,0.139,407,147,0.00438142,0,0.361179
1830,10000,2.07719,1.77828,2.37137,0.00124936,0.001,0.00158489,0.174884,0.15,0.2,0.156137,0.1,0.2,1.73447e-06,9.18568e+08,2.96293e+06,3.31194e+07,0.01,0.95,10,10000,0.938,0.139,1124,437,0.00254117,0,0.38879
1831,10000,2.05877,1.77828,2.37137,0.00127194,0.001,0.00158489,0.173903,0.15,0.2,0.250678,0.2,0.3,1.73447e-06,1.23974e+09,3.04515e+06,4.46995e+07,0.01,0.95,10,10000,0.938,0.139,1517,715,0.00198665,0,0.471325
1832,10000,2.04399,1.77828,2.37137,0.001266,0.001,0.00158489,0.173442,0.15,0.2,0.349551,0.3,0.4,1.73447e-06,1.19234e+09,2.65693e+06,4.29905e+07,0.01,0.95,10,10000,0.938,0.139,1459,818,0.00185737,0,0.560658
1833,10000,2.04307,1.77828,2.37137,0.00126865,0.001,0.00158489,0.173393,0.15,0.2,0.448837,0.4,0.5,1.73447e-06,1.08528e+09,2.44021e+06,3.91305e+07,0.01,0.95,10,10000,0.938,0.139,1328,786,0.0018948,0,0.591867
1834,10000,2.03821,1.77828,2.37137,0.00127948,0.001,0.00158489,0.172527,0.15,0.2,0.548811,0.5,0.6,1.73447e-06,7.6166e+08,1.80486e+06,2.7462e+07,0.01,0.95,10,10000,0.938,0.139,932,653,0.00207882,0,0.700644
1835,10000,2.04156,1.77828,2.37137,0.00129227,0.001,0.00158489,0.174444,0.15,0.2,0.647924,0.6,0.7,1.73447e-06,5.54083e+08,1.4628e+06,1.99777e+07,0.01,0.95,10,10000,0.938,0.139,678,507,0.00235923,0,0.747788
1836,10000,2.03056,1.77828,2.37137,0.00127113,0.001,0.00158489,0.173085,0.15,0.2,0.747418,0.7,0.8,1.73447e-06,3.82464e+08,1.10152e+06,1.37899e+07,0.01,0.95,10,10000,0.938,0.139,468,394,0.00267624,0,0.84188
1837,10000,2.04293,1.77828,2.37137,0.00127238,0.001,0.00158489,0.171061,0.15,0.2,0.843825,0.8,0.9,1.73447e-06,2.37814e+08,887184,8.57452e+06,0.01,0.95,10,10000,0.938,0.139,291,239,0.00343617,0,0.821306
1838,10000,2.02891,1.77828,2.37137,0.0012734,0.001,0.00158489,0.176541,0.15,0.2,0.947187,0.9,1,1.73447e-06,1.54457e+08,692894,5.56902e+06,0.01,0.95,10,10000,0.938,0.139,189,161,0.0041866,0,0.851852
1839,10000,2.0513,1.77828,2.37137,0.00126444,0.001,0.00158489,0.172625,0.15,0.2,1.16481,1,1.5,8.67235e-06,6.2273e+07,206887,2.24529e+06,0.01,0.95,10,10000,0.938,0.139,381,306,0.00303678,0,0.80315
1840,10000,2.06546,1.77828,2.37137,0.001245,0.001,0.00158489,0.224534,0.2,0.25,0.0632735,0,0.1,1.73447e-06,1.66715e+08,867314,6.011e+06,0.01,0.95,10,10000,0.938,0.139,204,138,0.00452204,0,0.676471
1841,10000,2.07595,1.77828,2.37137,0.0012546,0.001,0.00158489,0.224215,0.2,0.25,0.156362,0.1,0.2,1.73447e-06,5.08318e+08,1.62031e+06,1.83277e+07,0.01,0.95,10,10000,0.938,0.139,622,384,0.00271087,0,0.617363
1842,10000,2.06245,1.77828,2.37137,0.00125576,0.001,0.00158489,0.223158,0.2,0.25,0.253066,0.2,0.3,1.73447e-06,7.59208e+08,1.94949e+06,2.73736e+07,0.01,0.95,10,10000,0.938,0.139,929,586,0.00219445,0,0.630786
1843,10000,2.05001,1.77828,2.37137,0.00126162,0.001,0.00158489,0.224239,0.2,0.25,0.350021,0.3,0.4,1.73447e-06,7.74735e+08,1.89934e+06,2.79335e+07,0.01,0.95,10,10000,0.938,0.139,948,628,0.0021198,0,0.662447
1844,10000,2.0414,1.77828,2.37137,0.00126779,0.001,0.00158489,0.224014,0.2,0.25,0.450383,0.4,0.5,1.73447e-06,7.15078e+08,1.71011e+06,2.57825e+07,0.01,0.95,10,10000,0.938,0.139,875,631,0.00211475,0,0.721143
1845,10000,2.05334,1.77828,2.37137,0.00127412,0.001,0.00158489,0.223578,0.2,0.25,0.548922,0.5,0.6,1.73447e-06,5.57352e+08,1.52628e+06,2.00956e+07,0.01,0.95,10,10000,0.938,0.139,682,485,0.00241214,0,0.711144
1846,10000,2.03847,1.77828,2.37137,0.00126676,0.001,0.00158489,0.22421,0.2,0.25,0.650783,0.6,0.7,1.73447e-06,3.96357e+08,1.17852e+06,1.42909e+07,0.01,0.95,10,10000,0.938,0.139,485,385,0.00270734,0,0.793814
1847,10000,2.04506,1.77828,2.37137,0.00127556,0.001,0.00158489,0.224142,0.2,0.25,0.748642,0.7,0.8,1.73447e-06,2.656e+08,961611,9.57635e+06,0.01,0.95,10,10000,0.938,0.139,325,259,0.00330084,0,0.796923
1848,10000,2.04395,1.77828,2.37137,0.00127019,0.001,0.00158489,0.224461,0.2,0.25,0.850453,0.8,0.9,1.73447e-06,1.91232e+08,789226,6.89497e+06,0.01,0.95,10,10000,0.938,0.139,234,194,0.00381393,0,0.82906
1849,10000,2.03744,1.77828,2.37137,0.00124334,0.001,0.00158489,0.222867,0.2,0.25,0.944163,0.9,1,1.73447e-06,1.2095e+08,617722,4.36092e+06,0.01,0.95,10,10000,0.938,0.139,148,125,0.00475137,0,0.844595
1850,10000,2.05055,1.77828,2.37137,0.00126553,0.001,0.00158489,0.222982,0.2,0.25,1.1808,1,1.5,8.67235e-06,5.23028e+07,182404,1.8858e+06,0.01,0.95,10,10000,0.938,0.139,320,269,0.0032389,0,0.840625
1851,10000,2.06531,1.77828,2.37137,0.00126813,0.001,0.00158489,0.272353,0.25,0.3,0.0661915,0,0.1,1.73447e-06,1.16864e+08,647072,4.2136e+06,0.01,0.95,10,10000,0.938,0.139,143,112,0.00501955,0,0.783217
1852,10000,2.02979,1.77828,2.37137,0.00127091,0.001,0.00158489,0.274697,0.25,0.3,0.156174,0.1,0.2,1.73447e-06,2.76224e+08,984782,9.95941e+06,0.01,0.95,10,10000,0.938,0.139,338,268,0.00324494,0,0.792899
1853,10000,2.02148,1.77828,2.37137,0.00125183,0.001,0.00158489,0.272585,0.25,0.3,0.250326,0.2,0.3,1.73447e-06,4.1025e+08,1.24381e+06,1.47918e+07,0.01,0.95,10,10000,0.938,0.139,502,381,0.00272152,0,0.758964
1854,10000,2.03152,1.77828,2.37137,0.0012721,0.001,0.00158489,0.273767,0.25,0.3,0.349857,0.3,0.4,1.73447e-06,5.03415e+08,1.34635e+06,1.81509e+07,0.01,0.95,10,10000,0.938,0.139,616,481,0.00242215,0,0.780844
1855,10000,2.02061,1.77828,2.37137,0.00126717,0.001,0.00158489,0.273804,0.25,0.3,0.44952,0.4,0.5,1.73447e-06,4.32315e+08,1.29886e+06,1.55874e+07,0.01,0.95,10,10000,0.938,0.139,529,393,0.00267965,0,0.742911
1856,10000,2.05466,1.77828,2.37137,0.00126767,0.001,0.00158489,0.273904,0.25,0.3,0.549183,0.5,0.6,1.73447e-06,3.62851e+08,1.0874e+06,1.30828e+07,0.01,0.95,10,10000,0.938,0.139,444,368,0.00276917,0,0.828829
1857,10000,2.03643,1.77828,2.37137,0.00126479,0.001,0.00158489,0.272867,0.25,0.3,0.645225,0.6,0.7,1.73447e-06,2.84397e+08,993058,1.02541e+07,0.01,0.95,10,10000,0.938,0.139,348,278,0.00318604,0,0.798851
1858,10000,2.04797,1.77828,2.37137,0.00128122,0.001,0.00158489,0.273524,0.25,0.3,0.746042,0.7,0.8,1.73447e-06,2.22287e+08,935303,8.01467e+06,0.01,0.95,10,10000,0.938,0.139,272,201,0.00374693,0,0.738971
1859,10000,2.04584,1.77828,2.37137,0.00126707,0.001,0.00158489,0.273037,0.25,0.3,0.843646,0.8,0.9,1.73447e-06,1.24219e+08,644861,4.47879e+06,0.01,0.95,10,10000,0.938,0.139,152,124,0.00477049,0,0.815789
1860,10000,2.00233,1.77828,2.37137,0.00125467,0.001,0.00158489,0.276103,0.25,0.3,0.95004,0.9,1,1.73447e-06,9.23472e+07,567292,3.32962e+06,0.01,0.95,10,10000,0.938,0.139,113,90,0.00559954,0,0.79646
1861,10000,2.03869,1.77828,2.37137,0.0012652,0.001,0.00158489,0.271749,0.25,0.3,1.17399,1,1.5,8.67235e-06,3.64485e+07,153296,1.31417e+06,0.01,0.95,10,10000,0.938,0.139,223,186,0.00389509,0,0.834081
1862,10000,2.01999,1.77828,2.37137,0.00124893,0.001,0.00158489,0.341091,0.3,0.4,0.0646775,0,0.1,3.46894e-06,5.80234e+07,315868,2.09206e+06,0.01,0.95,10,10000,0.938,0.139,142,114,0.00497533,0,0.802817
1863,10000,2.03762,1.77828,2.37137,0.00126915,0.001,0.00158489,0.3422,0.3,0.4,0.153984,0.1,0.2,3.46894e-06,1.69984e+08,531250,6.12887e+06,0.01,0.95,10,10000,0.938,0.139,416,341,0.00287671,0,0.819712
1864,10000,2.05186,1.77828,2.37137,0.00127316,0.001,0.00158489,0.345161,0.3,0.4,0.252116,0.2,0.3,3.46894e-06,2.52116e+08,642415,9.09017e+06,0.01,0.95,10,10000,0.938,0.139,617,510,0.00235228,0,0.82658
1865,10000,2.02608,1.77828,2.37137,0.0012784,0.001,0.00158489,0.344891,0.3,0.4,0.350143,0.3,0.4,3.46894e-06,2.72955e+08,662445,9.84154e+06,0.01,0.95,10,10000,0.938,0.139,668,558,0.00224883,0,0.835329
1866,10000,2.03745,1.77828,2.37137,0.00126428,0.001,0.00158489,0.343919,0.3,0.4,0.448279,0.4,0.5,3.46894e-06,2.63557e+08,666527,9.50269e+06,0.01,0.95,10,10000,0.938,0.139,645,524,0.00232064,0,0.812403
1867,10000,2.03264,1.77828,2.37137,0.00127402,0.001,0.00158489,0.346006,0.3,0.4,0.549024,0.5,0.6,3.46894e-06,2.29233e+08,619044,8.26513e+06,0.01,0.95,10,10000,0.938,0.139,561,458,0.00248223,0,0.816399
1868,10000,2.02668,1.77828,2.37137,0.00127241,0.001,0.00158489,0.342784,0.3,0.4,0.648821,0.6,0.7,3.46894e-06,1.69576e+08,537518,6.11413e+06,0.01,0.95,10,10000,0.938,0.139,415,335,0.00290236,0,0.807229
1869,10000,2.02704,1.77828,2.37137,0.00128,0.001,0.00158489,0.346218,0.3,0.4,0.745001,0.7,0.8,3.46894e-06,1.15638e+08,430235,4.1694e+06,0.01,0.95,10,10000,0.938,0.139,283,237,0.00345064,0,0.837456
1870,10000,2.04374,1.77828,2.37137,0.00127117,0.001,0.00158489,0.339542,0.3,0.4,0.850667,0.8,0.9,3.46894e-06,7.92715e+07,357097,2.85817e+06,0.01,0.95,10,10000,0.938,0.139,194,162,0.00417365,0,0.835052
1871,10000,2.01116,1.77828,2.37137,0.00131589,0.001,0.00158489,0.341921,0.3,0.4,0.944053,0.9,1,3.46894e-06,6.61958e+07,360223,2.38672e+06,0.01,0.95,10,10000,0.938,0.139,162,120,0.00484935,0,0.740741
1872,10000,2.01543,1.77828,2.37137,0.00128857,0.001,0.00158489,0.346789,0.3,0.4,1.1881,1,1.5,1.73447e-05,2.62331e+07,101678,945849,0.01,0.95,10,10000,0.938,0.139,321,237,0.00345064,0,0.738318
1873,10000,2.04424,1.77828,2.37137,0.00129203,0.001,0.00158489,0.438123,0.4,0.5,0.0632278,0,0.1,3.46894e-06,2.86031e+07,212792,1.0313e+06,0.01,0.95,10,10000,0.938,0.139,70,59,0.00691589,0,0.842857
1874,10000,2.03671,1.77828,2.37137,0.00128883,0.001,0.00158489,0.44255,0.4,0.5,0.153875,0.1,0.2,3.46894e-06,8.41748e+07,377353,3.03497e+06,0.01,0.95,10,10000,0.938,0.139,206,167,0.0041107,0,0.81068
1875,10000,2.02827,1.77828,2.37137,0.00126266,0.001,0.00158489,0.442208,0.4,0.5,0.252306,0.2,0.3,3.46894e-06,1.22993e+08,472268,4.43459e+06,0.01,0.95,10,10000,0.938,0.139,301,234,0.00347269,0,0.777409
1876,10000,2.02256,1.77828,2.37137,0.00127948,0.001,0.00158489,0.442966,0.4,0.5,0.350048,0.3,0.4,3.46894e-06,1.34843e+08,498531,4.86184e+06,0.01,0.95,10,10000,0.938,0.139,330,254,0.00333317,0,0.769697
1877,10000,2.00311,1.77828,2.37137,0.00127664,0.001,0.00158489,0.442887,0.4,0.5,0.450956,0.4,0.5,3.46894e-06,1.31574e+08,510435,4.74398e+06,0.01,0.95,10,10000,0.938,0.139,322,237,0.00345064,0,0.736025
1878,10000,2.0326,1.77828,2.37137,0.00127996,0.001,0.00158489,0.447952,0.4,0.5,0.548793,0.5,0.6,3.46894e-06,1.22585e+08,478541,4.41986e+06,0.01,0.95,10,10000,0.938,0.139,300,229,0.0035104,0,0.763333
1879,10000,2.0093,1.77828,2.37137,0.00128813,0.001,0.00158489,0.448358,0.4,0.5,0.644532,0.6,0.7,3.46894e-06,1.00928e+08,444726,3.63901e+06,0.01,0.95,10,10000,0.938,0.139,247,183,0.00392689,0,0.740891
1880,10000,2.04708,1.77828,2.37137,0.00129072,0.001,0.00158489,0.44553,0.4,0.5,0.74494,0.7,0.8,3.46894e-06,7.19164e+07,369523,2.59298e+06,0.01,0.95,10,10000,0.938,0.139,176,133,0.00460626,0,0.755682
1881,10000,2.04419,1.77828,2.37137,0.00126562,0.001,0.00158489,0.445711,0.4,0.5,0.849478,0.8,0.9,3.46894e-06,4.53563e+07,316971,1.63535e+06,0.01,0.95,10,10000,0.938,0.139,111,76,0.0060935,0,0.684685
1882,10000,2.01122,1.77828,2.37137,0.00124093,0.001,0.00158489,0.444856,0.4,0.5,0.95086,0.9,1,3.46894e-06,4.29047e+07,275135,1.54695e+06,0.01,0.95,10,10000,0.938,0.139,105,83,0.00583089,0,0.790476
1883,10000,2.02927,1.77828,2.37137,0.00124976,0.001,0.00158489,0.442478,0.4,0.5,1.19495,1,1.5,1.73447e-05,1.51188e+07,75251.1,545115,0.01,0.95,10,10000,0.938,0.139,185,141,0.00447367,0,0.762162
1884,10000,2.0118,1.77828,2.37137,0.00128748,0.001,0.00158489,0.547153,0.5,0.6,0.0711363,0,0.1,3.46894e-06,1.71619e+07,166448,618780,0.01,0.95,10,10000,0.938,0.139,42,35,0.00897925,0,0.833333
1885,10000,2.02775,1.77828,2.37137,0.00124656,0.001,0.00158489,0.543478,0.5,0.6,0.155445,0.1,0.2,3.46894e-06,4.41305e+07,294121,1.59115e+06,0.01,0.95,10,10000,0.938,0.139,108,80,0.00593921,0,0.740741
1886,10000,2.03112,1.77828,2.37137,0.00126498,0.001,0.00158489,0.539491,0.5,0.6,0.252116,0.2,0.3,3.46894e-06,5.92493e+07,349553,2.13626e+06,0.01,0.95,10,10000,0.938,0.139,145,104,0.00520904,0,0.717241
1887,10000,2.02042,1.77828,2.37137,0.00124489,0.001,0.00158489,0.54327,0.5,0.6,0.345756,0.3,0.4,3.46894e-06,6.61958e+07,350874,2.38672e+06,0.01,0.95,10,10000,0.938,0.139,162,124,0.00477049,0,0.765432
1888,10000,2.0256,1.77828,2.37137,0.00125467,0.001,0.00158489,0.543057,0.5,0.6,0.452584,0.4,0.5,3.46894e-06,6.08837e+07,367291,2.19519e+06,0.01,0.95,10,10000,0.938,0.139,149,102,0.00525986,0,0.684564
1889,10000,2.04114,1.77828,2.37137,0.00128404,0.001,0.00158489,0.542027,0.5,0.6,0.551427,0.5,0.6,3.46894e-06,5.80234e+07,345517,2.09206e+06,0.01,0.95,10,10000,0.938,0.139,142,102,0.00525986,0,0.71831
1890,10000,2.03582,1.77828,2.37137,0.00128069,0.001,0.00158489,0.550649,0.5,0.6,0.648358,0.6,0.7,3.46894e-06,5.59804e+07,314986,2.0184e+06,0.01,0.95,10,10000,0.938,0.139,137,108,0.00511166,0,0.788321
1891,10000,2.0121,1.77828,2.37137,0.0012889,0.001,0.00158489,0.543777,0.5,0.6,0.745191,0.7,0.8,3.46894e-06,4.00443e+07,294817,1.44382e+06,0.01,0.95,10,10000,0.938,0.139,98,68,0.00644198,0,0.693878
1892,10000,2.03377,1.77828,2.37137,0.00131211,0.001,0.00158489,0.548151,0.5,0.6,0.845432,0.8,0.9,3.46894e-06,3.14634e+07,262940,1.13443e+06,0.01,0.95,10,10000,0.938,0.139,77,53,0.00729686,0,0.688312
1893,10000,2.02234,1.77828,2.37137,0.00132997,0.001,0.00158489,0.547441,0.5,0.6,0.94782,0.9,1,3.46894e-06,1.71619e+07,174881,618780,0.01,0.95,10,10000,0.938,0.139,42,33,0.00924734,0,0.785714
1894,10000,2.04398,1.77828,2.37137,0.00128169,0.001,0.00158489,0.543293,0.5,0.6,1.21077,1,1.5,1.73447e-05,9.47989e+06,60363.2,341802,0.01,0.95,10,10000,0.938,0.139,116,87,0.00569527,0,0.75
1895,10000,1.95263,1.77828,2.37137,0.00124174,0.001,0.00158489,0.636296,0.6,0.7,0.0809195,0,0.1,3.46894e-06,4.90339e+06,88970,176794,0.01,0.95,10,10000,0.938,0.139,12,10,0.0167986,0,0.833333
1896,10000,2.03398,1.77828,2.37137,0.00132398,0.001,0.00158489,0.654513,0.6,0.7,0.155748,0.1,0.2,3.46894e-06,1.92049e+07,217354,692444,0.01,0.95,10,10000,0.938,0.139,47,30,0.0096987,0,0.638298
1897,10000,2.02839,1.77828,2.37137,0.00124802,0.001,0.00158489,0.638928,0.6,0.7,0.259466,0.2,0.3,3.46894e-06,2.49256e+07,252059,898704,0.01,0.95,10,10000,0.938,0.139,61,38,0.00861752,0,0.622951
1898,10000,2.01355,1.77828,2.37137,0.00126609,0.001,0.00158489,0.644301,0.6,0.7,0.3525,0.3,0.4,3.46894e-06,2.90117e+07,260035,1.04603e+06,0.01,0.95,10,10000,0.938,0.139,71,47,0.00774863,0,0.661972
1899,10000,2.02459,1.77828,2.37137,0.00128171,0.001,0.00158489,0.6472,0.6,0.7,0.443884,0.4,0.5,3.46894e-06,3.22806e+07,271556,1.1639e+06,0.01,0.95,10,10000,0.938,0.139,79,53,0.00729686,0,0.670886
1900,10000,2.0371,1.77828,2.37137,0.00128368,0.001,0.00158489,0.645275,0.6,0.7,0.546571,0.5,0.6,3.46894e-06,3.02376e+07,269516,1.09023e+06,0.01,0.95,10,10000,0.938,0.139,74,48,0.00766749,0,0.648649
1901,10000,1.98868,1.77828,2.37137,0.00130104,0.001,0.00158489,0.639178,0.6,0.7,0.642549,0.6,0.7,3.46894e-06,3.43237e+07,297137,1.23756e+06,0.01,0.95,10,10000,0.938,0.139,84,52,0.00736669,0,0.619048
1902,10000,1.99113,1.77828,2.37137,0.00134562,0.001,0.00158489,0.644162,0.6,0.7,0.747418,0.7,0.8,3.46894e-06,2.61514e+07,239934,942902,0.01,0.95,10,10000,0.938,0.139,64,44,0.00800843,0,0.6875
1903,10000,2.0375,1.77828,2.37137,0.0013009,0.001,0.00158489,0.641305,0.6,0.7,0.84888,0.8,0.9,3.46894e-06,1.51188e+07,169235,545115,0.01,0.95,10,10000,0.938,0.139,37,28,0.0100391,0,0.756757
1904,10000,1.9678,1.77828,2.37137,0.00133723,0.001,0.00158489,0.641119,0.6,0.7,0.954291,0.9,1,3.46894e-06,1.30757e+07,188970,471451,0.01,0.95,10,10000,0.938,0.139,32,19,0.012187,0,0.59375
1905,10000,2.02923,1.77828,2.37137,0.00127811,0.001,0.00158489,0.641923,0.6,0.7,1.22807,1,1.5,1.73447e-05,6.53785e+06,53650.9,235726,0.01,0.95,10,10000,0.938,0.139,80,55,0.00716296,0,0.6875
1906,10000,1.96535,1.77828,2.37137,0.0013068,0.001,0.00158489,0.742744,0.7,0.8,0.0678819,0,0.1,3.46894e-06,3.67754e+06,81631.5,132596,0.01,0.95,10,10000,0.938,0.139,9,7,0.0200782,0,0.777778
1907,10000,2.02586,1.77828,2.37137,0.00124054,0.001,0.00158489,0.743612,0.7,0.8,0.15584,0.1,0.2,3.46894e-06,9.39816e+06,124096,338856,0.01,0.95,10,10000,0.938,0.139,23,19,0.012187,0,0.826087
1908,10000,2.03653,1.77828,2.37137,0.00123085,0.001,0.00158489,0.738787,0.7,0.8,0.258296,0.2,0.3,3.46894e-06,1.71619e+07,193730,618780,0.01,0.95,10,10000,0.938,0.139,42,29,0.0098645,0,0.690476
1909,10000,2.01222,1.77828,2.37137,0.00127468,0.001,0.00158489,0.750009,0.7,0.8,0.345988,0.3,0.4,3.46894e-06,1.67532e+07,198372,604047,0.01,0.95,10,10000,0.938,0.139,41,27,0.0102233,0,0.658537
1910,10000,2.0363,1.77828,2.37137,0.00124256,0.001,0.00158489,0.741421,0.7,0.8,0.451028,0.4,0.5,3.46894e-06,2.04308e+07,258942,736643,0.01,0.95,10,10000,0.938,0.139,50,26,0.0104181,0,0.52
1911,10000,2.05586,1.77828,2.37137,0.00135062,0.001,0.00158489,0.736695,0.7,0.8,0.554325,0.5,0.6,3.46894e-06,1.51188e+07,216956,545115,0.01,0.95,10,10000,0.938,0.139,37,20,0.0118784,0,0.540541
1912,10000,1.96733,1.77828,2.37137,0.00117517,0.001,0.00158489,0.72704,0.7,0.8,0.647518,0.6,0.7,3.46894e-06,1.38929e+07,203259,500917,0.01,0.95,10,10000,0.938,0.139,34,19,0.012187,0,0.558824
1913,10000,2.02311,1.77828,2.37137,0.00127326,0.001,0.00158489,0.742282,0.7,0.8,0.759562,0.7,0.8,3.46894e-06,1.63446e+07,254788,589314,0.01,0.95,10,10000,0.938,0.139,40,18,0.012521,0,0.45
1914,10000,1.9897,1.77828,2.37137,0.00121987,0.001,0.00158489,0.7587,0.7,0.8,0.852534,0.8,0.9,3.46894e-06,5.72062e+06,155521,206260,0.01,0.95,10,10000,0.938,0.139,14,6,0.0216869,0,0.428571
1915,10000,2.10921,1.77828,2.37137,0.00128173,0.001,0.00158489,0.745204,0.7,0.8,0.946121,0.9,1,3.46894e-06,7.7637e+06,105160,279924,0.01,0.95,10,10000,0.938,0.139,19,17,0.012884,0,0.894737
1916,10000,1.97193,1.77828,2.37137,0.00127542,0.001,0.00158489,0.75064,0.7,0.8,1.25944,1,1.5,1.73447e-05,3.59582e+06,40040.4,129649,0.01,0.95,10,10000,0.938,0.139,44,30,0.0096987,0,0.681818
1917,10000,2.14904,1.77828,2.37137,0.00146331,0.001,0.00158489,0.808153,0.8,0.9,0.0599612,0,0.1,3.46894e-06,817232,53169.8,29465.7,0.01,0.95,10,10000,0.938,0.139,2,1,0.0531219,0,0.5
1918,10000,2.02495,1.77828,2.37137,0.00128957,0.001,0.00158489,0.839344,0.8,0.9,0.138105,0.1,0.2,3.46894e-06,4.49477e+06,117563,162061,0.01,0.95,10,10000,0.938,0.139,11,6,0.0216869,0,0.545455
1919,10000,2.05982,1.77828,2.37137,0.00120629,0.001,0.00158489,0.836822,0.8,0.9,0.238845,0.2,0.3,3.46894e-06,6.53785e+06,128784,235726,0.01,0.95,10,10000,0.938,0.139,16,10,0.0167986,0,0.625
1920,10000,2.04554,1.77828,2.37137,0.00130232,0.001,0.00158489,0.849966,0.8,0.9,0.352639,0.3,0.4,3.46894e-06,6.12924e+06,110488,220993,0.01,0.95,10,10000,0.938,0.139,15,11,0.0160169,0,0.733333
1921,10000,2.00369,1.77828,2.37137,0.00137225,0.001,0.00158489,0.840268,0.8,0.9,0.447921,0.4,0.5,3.46894e-06,8.17232e+06,132290,294657,0.01,0.95,10,10000,0.938,0.139,20,14,0.0141974,0,0.7
1922,10000,2.04564,1.77828,2.37137,0.00131754,0.001,0.00158489,0.85023,0.8,0.9,0.5453,0.5,0.6,3.46894e-06,8.98955e+06,141564,324123,0.01,0.95,10,10000,0.938,0.139,22,15,0.013716,0,0.681818
1923,10000,1.9877,1.77828,2.37137,0.00128487,0.001,0.00158489,0.854596,0.8,0.9,0.64694,0.6,0.7,3.46894e-06,7.7637e+06,183224,279924,0.01,0.95,10,10000,0.938,0.139,19,8,0.0187814,0,0.421053
1924,10000,1.96799,1.77828,2.37137,0.00125534,0.001,0.00158489,0.835826,0.8,0.9,0.740883,0.7,0.8,3.46894e-06,5.312e+06,98996.7,191527,0.01,0.95,10,10000,0.938,0.139,13,10,0.0167986,0,0.769231
1925,10000,2.10554,1.77828,2.37137,0.00135932,0.001,0.00158489,0.841586,0.8,0.9,0.851831,0.8,0.9,3.46894e-06,4.08616e+06,137284,147329,0.01,0.95,10,10000,0.938,0.139,10,4,0.026561,0,0.4
1926,10000,2.12602,1.77828,2.37137,0.00122408,0.001,0.00158489,0.845481,0.8,0.9,0.935195,0.9,1,3.46894e-06,4.90339e+06,146579,176794,0.01,0.95,10,10000,0.938,0.139,12,5,0.0237569,0,0.416667
1927,10000,1.97083,1.77828,2.37137,0.00127168,0.001,0.00158489,0.834052,0.8,0.9,1.17182,1,1.5,1.73447e-05,2.77859e+06,30255.9,100183,0.01,0.95,10,10000,0.938,0.139,34,28,0.0100391,0,0.823529
1928,10000,2.21573,1.77828,2.37137,0.00132651,0.001,0.00158489,0.933482,0.9,1,0.0486522,0,0.1,3.46894e-06,817232,53169.8,29465.7,0.01,0.95,10,10000,0.938,0.139,2,1,0.0531219,0,0.5
1929,10000,2.18059,1.77828,2.37137,0.00130226,0.001,0.00158489,0.952195,0.9,1,0.166726,0.1,0.2,3.46894e-06,4.08616e+06,163400,147329,0.01,0.95,10,10000,0.938,0.139,10,3,0.03067,0,0.3
1930,10000,1.86926,1.77828,2.37137,0.00111257,0.001,0.00158489,0.943514,0.9,1,0.240421,0.2,0.3,3.46894e-06,3.26893e+06,237782,117863,0.01,0.95,10,10000,0.938,0.139,8,1,0.0531219,0,0.125
1931,10000,1.99228,1.77828,2.37137,0.00123403,0.001,0.00158489,0.966557,0.9,1,0.345856,0.3,0.4,3.46894e-06,4.08616e+06,93543.1,147329,0.01,0.95,10,10000,0.938,0.139,10,7,0.0200782,0,0.7
1932,10000,2.0723,1.77828,2.37137,0.00124503,0.001,0.00158489,0.948606,0.9,1,0.443558,0.4,0.5,3.46894e-06,4.08616e+06,118891,147329,0.01,0.95,10,10000,0.938,0.139,10,5,0.0237569,0,0.5
1933,10000,1.94814,1.77828,2.37137,0.00129868,0.001,0.00158489,0.95019,0.9,1,0.550285,0.5,0.6,3.46894e-06,2.45169e+06,118891,88397.1,0.01,0.95,10,10000,0.938,0.139,6,2,0.0375629,0,0.333333
1934,10000,1.95713,1.77828,2.37137,0.00132316,0.001,0.00158489,0.942568,0.9,1,0.64524,0.6,0.7,3.46894e-06,2.86031e+06,57429.9,103130,0.01,0.95,10,10000,0.938,0.139,7,7,0.0200782,0,1
1935,10000,1.90608,1.77828,2.37137,0.0012761,0.001,0.00158489,0.914793,0.9,1,0.727556,0.7,0.8,3.46894e-06,3.67754e+06,121827,132596,0.01,0.95,10,10000,0.938,0.139,9,4,0.026561,0,0.444444
1936,10000,1.83164,1.77828,2.37137,0.00128948,0.001,0.00158489,0.919228,0.9,1,0.859483,0.8,0.9,3.46894e-06,2.04308e+06,145611,73664.3,0.01,0.95,10,10000,0.938,0.139,5,1,0.0531219,0,0.2
1937,10000,2.07801,1.77828,2.37137,0.00121892,0.001,0.00158489,0.931488,0.9,1,0.935992,0.9,1,3.46894e-06,817232,30697.6,29465.7,0.01,0.95,10,10000,0.938,0.139,2,2,0.0375629,0,1
1938,10000,2.06651,1.77828,2.37137,0.0012675,0.001,0.00158489,0.945539,0.9,1,1.20694,1,1.5,1.73447e-05,1.30757e+06,23993.4,47145.1,0.01,0.95,10,10000,0.938,0.139,16,11,0.0160169,0,0.6875
1939,10000,2.12726,1.77828,2.37137,0.00197402,0.00158489,0.00251189,0.0872984,0.05,0.1,0.0857672,0,0.1,2.74899e-06,1.31692e+09,1.57817e+07,4.74823e+07,0.01,0.95,10,10000,0.938,0.139,2554,39,0.00850632,0,0.0152702
1940,10000,2.06379,1.77828,2.37137,0.00201681,0.00158489,0.00251189,0.0761521,0.05,0.1,0.165518,0.1,0.2,2.74899e-06,2.79369e+09,7.67215e+06,1.00728e+08,0.01,0.95,10,10000,0.938,0.139,5418,700,0.00200782,0,0.129199
1941,10000,2.03278,1.77828,2.37137,0.00201621,0.00158489,0.00251189,0.0723068,0.05,0.1,0.255891,0.2,0.3,2.74899e-06,3.27168e+09,4.96932e+06,1.17962e+08,0.01,0.95,10,10000,0.938,0.139,6345,2051,0.00117298,0,0.323247
1942,10000,2.03964,1.77828,2.37137,0.002003,0.00158489,0.00251189,0.072768,0.05,0.1,0.349745,0.3,0.4,2.74899e-06,2.76791e+09,3.40578e+06,9.97984e+07,0.01,0.95,10,10000,0.938,0.139,5368,2767,0.00100988,0,0.515462
1943,10000,2.04594,1.77828,2.37137,0.0020072,0.00158489,0.00251189,0.0727659,0.05,0.1,0.447646,0.4,0.5,2.74899e-06,2.0089e+09,2.39389e+06,7.2432e+07,0.01,0.95,10,10000,0.938,0.139,3896,2632,0.00103545,0,0.675565
1944,10000,2.04084,1.77828,2.37137,0.00200848,0.00158489,0.00251189,0.0725009,0.05,0.1,0.548032,0.5,0.6,2.74899e-06,1.39169e+09,1.86151e+06,5.01781e+07,0.01,0.95,10,10000,0.938,0.139,2699,1991,0.00119052,0,0.737681
1945,10000,2.0482,1.77828,2.37137,0.00200811,0.00158489,0.00251189,0.0727186,0.05,0.1,0.646627,0.6,0.7,2.74899e-06,8.8998e+08,1.45336e+06,3.20887e+07,0.01,0.95,10,10000,0.938,0.139,1726,1312,0.00146658,0,0.760139
1946,10000,2.05488,1.77828,2.37137,0.00201143,0.00158489,0.00251189,0.0732113,0.05,0.1,0.745209,0.7,0.8,2.74899e-06,5.92976e+08,1.17887e+06,2.13801e+07,0.01,0.95,10,10000,0.938,0.139,1150,881,0.00178972,0,0.766087
1947,10000,2.03666,1.77828,2.37137,0.00200521,0.00158489,0.00251189,0.0726114,0.05,0.1,0.846559,0.8,0.9,2.74899e-06,4.19724e+08,984880,1.51334e+07,0.01,0.95,10,10000,0.938,0.139,814,629,0.00211811,0,0.772727
1948,10000,2.03144,1.77828,2.37137,0.00200422,0.00158489,0.00251189,0.0716026,0.05,0.1,0.945613,0.9,1,2.74899e-06,2.51628e+08,754545,9.07259e+06,0.01,0.95,10,10000,0.938,0.139,488,382,0.00271796,0,0.782787
1949,10000,2.03182,1.77828,2.37137,0.00203442,0.00158489,0.00251189,0.0715989,0.05,0.1,1.17796,1,1.5,1.37449e-05,8.7348e+07,217811,3.14938e+06,0.01,0.95,10,10000,0.938,0.139,847,591,0.00218514,0,0.697757
1950,10000,2.04959,1.77828,2.37137,0.00204771,0.00158489,0.00251189,0.126119,0.1,0.15,0.0712713,0,0.1,2.74899e-06,4.34162e+08,2.18999e+06,1.56539e+07,0.01,0.95,10,10000,0.938,0.139,842,196,0.00379442,0,0.232779
1951,10000,2.04269,1.77828,2.37137,0.00201872,0.00158489,0.00251189,0.123983,0.1,0.15,0.158141,0.1,0.2,2.74899e-06,1.17152e+09,3.01389e+06,4.22396e+07,0.01,0.95,10,10000,0.938,0.139,2272,718,0.00198249,0,0.316021
1952,10000,2.03929,1.77828,2.37137,0.00200913,0.00158489,0.00251189,0.12313,0.1,0.15,0.25295,0.2,0.3,2.74899e-06,1.501e+09,2.81208e+06,5.41195e+07,0.01,0.95,10,10000,0.938,0.139,2911,1260,0.00149654,0,0.432841
1953,10000,2.04353,1.77828,2.37137,0.00201489,0.00158489,0.00251189,0.122343,0.1,0.15,0.350292,0.3,0.4,2.74899e-06,1.3855e+09,2.30849e+06,4.9955e+07,0.01,0.95,10,10000,0.938,0.139,2687,1475,0.00138318,0,0.548939
1954,10000,2.03426,1.77828,2.37137,0.00201604,0.00158489,0.00251189,0.123029,0.1,0.15,0.449544,0.4,0.5,2.74899e-06,1.09108e+09,1.72174e+06,3.93393e+07,0.01,0.95,10,10000,0.938,0.139,2116,1476,0.00138271,0,0.697543
1955,10000,2.03987,1.77828,2.37137,0.00199711,0.00158489,0.00251189,0.123349,0.1,0.15,0.546777,0.5,0.6,2.74899e-06,8.01807e+08,1.34713e+06,2.89096e+07,0.01,0.95,10,10000,0.938,0.139,1555,1217,0.00152275,0,0.782637
1956,10000,2.04219,1.77828,2.37137,0.00201402,0.00158489,0.00251189,0.123465,0.1,0.15,0.646574,0.6,0.7,2.74899e-06,5.17694e+08,1.061e+06,1.86657e+07,0.01,0.95,10,10000,0.938,0.139,1004,805,0.0018723,0,0.801793
1957,10000,2.04444,1.77828,2.37137,0.00201239,0.00158489,0.00251189,0.12496,0.1,0.15,0.746961,0.7,0.8,2.74899e-06,3.54239e+08,859096,1.27723e+07,0.01,0.95,10,10000,0.938,0.139,687,565,0.00223486,0,0.822416
1958,10000,2.03033,1.77828,2.37137,0.00199143,0.00158489,0.00251189,0.123017,0.1,0.15,0.847207,0.8,0.9,2.74899e-06,2.41316e+08,693484,8.70076e+06,0.01,0.95,10,10000,0.938,0.139,468,395,0.00267286,0,0.844017
1959,10000,2.04733,1.77828,2.37137,0.00201203,0.00158489,0.00251189,0.122328,0.1,0.15,0.946825,0.9,1,2.74899e-06,1.50564e+08,595533,5.42868e+06,0.01,0.95,10,10000,0.938,0.139,292,223,0.00355731,0,0.763699
1960,10000,2.04701,1.77828,2.37137,0.00202563,0.00158489,0.00251189,0.123481,0.1,0.15,1.16547,1,1.5,1.37449e-05,5.47601e+07,169466,1.9744e+06,0.01,0.95,10,10000,0.938,0.139,531,379,0.00272869,0,0.713748
1961,10000,2.0141,1.77828,2.37137,0.00209369,0.00158489,0.00251189,0.172438,0.15,0.2,0.0641905,0,0.1,2.74899e-06,1.94909e+08,985007,7.02754e+06,0.01,0.95,10,10000,0.938,0.139,378,171,0.00406234,0,0.452381
1962,10000,2.02141,1.77828,2.37137,0.00204697,0.00158489,0.00251189,0.172678,0.15,0.2,0.155026,0.1,0.2,2.74899e-06,6.12055e+08,1.77756e+06,2.20679e+07,0.01,0.95,10,10000,0.938,0.139,1187,522,0.00232508,0,0.439764
1963,10000,2.02772,1.77828,2.37137,0.00201484,0.00158489,0.00251189,0.172601,0.15,0.2,0.253338,0.2,0.3,2.74899e-06,8.26042e+08,1.88792e+06,2.97834e+07,0.01,0.95,10,10000,0.938,0.139,1602,808,0.00186882,0,0.50437
1964,10000,2.02721,1.77828,2.37137,0.00203584,0.00158489,0.00251189,0.172922,0.15,0.2,0.350691,0.3,0.4,2.74899e-06,8.7348e+08,1.85619e+06,3.14938e+07,0.01,0.95,10,10000,0.938,0.139,1694,913,0.00175808,0,0.538961
1965,10000,2.02585,1.77828,2.37137,0.00200842,0.00158489,0.00251189,0.17309,0.15,0.2,0.448646,0.4,0.5,2.74899e-06,6.96103e+08,1.46461e+06,2.50983e+07,0.01,0.95,10,10000,0.938,0.139,1350,866,0.00180516,0,0.641481
1966,10000,2.03092,1.77828,2.37137,0.00202957,0.00158489,0.00251189,0.172779,0.15,0.2,0.548706,0.5,0.6,2.74899e-06,5.48632e+08,1.18054e+06,1.97812e+07,0.01,0.95,10,10000,0.938,0.139,1064,775,0.0019082,0,0.728383
1967,10000,2.04145,1.77828,2.37137,0.002021,0.00158489,0.00251189,0.172588,0.15,0.2,0.646421,0.6,0.7,2.74899e-06,3.77958e+08,907488,1.36275e+07,0.01,0.95,10,10000,0.938,0.139,733,587,0.00219258,0,0.800819
1968,10000,2.04832,1.77828,2.37137,0.00200875,0.00158489,0.00251189,0.174029,0.15,0.2,0.747802,0.7,0.8,2.74899e-06,2.27909e+08,674032,8.21738e+06,0.01,0.95,10,10000,0.938,0.139,442,373,0.00275055,0,0.843891
1969,10000,2.05223,1.77828,2.37137,0.00199838,0.00158489,0.00251189,0.174045,0.15,0.2,0.849532,0.8,0.9,2.74899e-06,1.77377e+08,569301,6.39543e+06,0.01,0.95,10,10000,0.938,0.139,344,305,0.00304175,0,0.886628
1970,10000,2.05803,1.77828,2.37137,0.00201533,0.00158489,0.00251189,0.175339,0.15,0.2,0.942737,0.9,1,2.74899e-06,9.74544e+07,496604,3.51377e+06,0.01,0.95,10,10000,0.938,0.139,189,138,0.00452204,0,0.730159
1971,10000,2.02849,1.77828,2.37137,0.00199537,0.00158489,0.00251189,0.174579,0.15,0.2,1.17413,1,1.5,1.37449e-05,4.11474e+07,146414,1.48359e+06,0.01,0.95,10,10000,0.938,0.139,399,286,0.00314117,0,0.716792
1972,10000,2.03115,1.77828,2.37137,0.00202009,0.00158489,0.00251189,0.2239,0.2,0.25,0.0667024,0,0.1,2.74899e-06,1.21689e+08,689833,4.38756e+06,0.01,0.95,10,10000,0.938,0.139,236,128,0.00469536,0,0.542373
1973,10000,2.03373,1.77828,2.37137,0.00203297,0.00158489,0.00251189,0.224839,0.2,0.25,0.155145,0.1,0.2,2.74899e-06,3.43411e+08,1.15713e+06,1.23818e+07,0.01,0.95,10,10000,0.938,0.139,666,362,0.00279203,0,0.543544
1974,10000,2.03279,1.77828,2.37137,0.00201634,0.00158489,0.00251189,0.223773,0.2,0.25,0.250209,0.2,0.3,2.74899e-06,4.84178e+08,1.33685e+06,1.74573e+07,0.01,0.95,10,10000,0.938,0.139,939,531,0.0023053,0,0.565495
1975,10000,2.03128,1.77828,2.37137,0.00200396,0.00158489,0.00251189,0.22356,0.2,0.25,0.350685,0.3,0.4,2.74899e-06,5.27491e+08,1.38286e+06,1.9019e+07,0.01,0.95,10,10000,0.938,0.139,1023,586,0.00219445,0,0.572825
1976,10000,2.03946,1.77828,2.37137,0.00202323,0.00158489,0.00251189,0.224189,0.2,0.25,0.448023,0.4,0.5,2.74899e-06,4.64584e+08,1.21814e+06,1.67508e+07,0.01,0.95,10,10000,0.938,0.139,901,564,0.00223684,0,0.625971
1977,10000,2.04635,1.77828,2.37137,0.00201704,0.00158489,0.00251189,0.223312,0.2,0.25,0.548927,0.5,0.6,2.74899e-06,3.59911e+08,1.03229e+06,1.29768e+07,0.01,0.95,10,10000,0.938,0.139,698,460,0.00247682,0,0.659026
1978,10000,2.04431,1.77828,2.37137,0.00200415,0.00158489,0.00251189,0.224004,0.2,0.25,0.647799,0.6,0.7,2.74899e-06,2.68644e+08,833834,9.6861e+06,0.01,0.95,10,10000,0.938,0.139,521,375,0.00274321,0,0.71977
1979,10000,2.02925,1.77828,2.37137,0.00202053,0.00158489,0.00251189,0.22297,0.2,0.25,0.747109,0.7,0.8,2.74899e-06,2.01612e+08,668332,7.26922e+06,0.01,0.95,10,10000,0.938,0.139,391,310,0.00301712,0,0.792839
1980,10000,2.03688,1.77828,2.37137,0.00201283,0.00158489,0.00251189,0.223455,0.2,0.25,0.847962,0.8,0.9,2.74899e-06,1.17048e+08,477763,4.22024e+06,0.01,0.95,10,10000,0.938,0.139,227,194,0.00381393,0,0.854626
1981,10000,2.03386,1.77828,2.37137,0.00201479,0.00158489,0.00251189,0.22369,0.2,0.25,0.946805,0.9,1,2.74899e-06,9.12668e+07,450550,3.29067e+06,0.01,0.95,10,10000,0.938,0.139,177,140,0.00448962,0,0.79096
1982,10000,2.02768,1.77828,2.37137,0.00198657,0.00158489,0.00251189,0.22376,0.2,0.25,1.18459,1,1.5,1.37449e-05,3.06285e+07,111130,1.10433e+06,0.01,0.95,10,10000,0.938,0.139,297,249,0.00336647,0,0.838384
1983,10000,2.02454,1.77828,2.37137,0.00199123,0.00158489,0.00251189,0.274195,0.25,0.3,0.0683095,0,0.1,2.74899e-06,8.09542e+07,491231,2.91884e+06,0.01,0.95,10,10000,0.938,0.139,157,103,0.00523426,0,0.656051
1984,10000,2.05508,1.77828,2.37137,0.00200576,0.00158489,0.00251189,0.275209,0.25,0.3,0.15503,0.1,0.2,2.74899e-06,2.06768e+08,831933,7.45514e+06,0.01,0.95,10,10000,0.938,0.139,401,243,0.00340777,0,0.605985
1985,10000,2.0511,1.77828,2.37137,0.0019875,0.00158489,0.00251189,0.273678,0.25,0.3,0.250648,0.2,0.3,2.74899e-06,3.22785e+08,1.00021e+06,1.16382e+07,0.01,0.95,10,10000,0.938,0.139,626,400,0.0026561,0,0.638978
1986,10000,2.05698,1.77828,2.37137,0.00199925,0.00158489,0.00251189,0.27329,0.25,0.3,0.349328,0.3,0.4,2.74899e-06,3.39286e+08,1.01735e+06,1.22331e+07,0.01,0.95,10,10000,0.938,0.139,658,425,0.00257679,0,0.645897
1987,10000,2.05888,1.77828,2.37137,0.00199361,0.00158489,0.00251189,0.272829,0.25,0.3,0.4476,0.4,0.5,2.74899e-06,3.20207e+08,967078,1.15452e+07,0.01,0.95,10,10000,0.938,0.139,621,413,0.00261396,0,0.665056
1988,10000,2.04678,1.77828,2.37137,0.00201885,0.00158489,0.00251189,0.273194,0.25,0.3,0.548406,0.5,0.6,2.74899e-06,2.32034e+08,765491,8.36611e+06,0.01,0.95,10,10000,0.938,0.139,450,329,0.00292871,0,0.731111
1989,10000,2.0454,1.77828,2.37137,0.00200391,0.00158489,0.00251189,0.272776,0.25,0.3,0.647104,0.6,0.7,2.74899e-06,1.96971e+08,697950,7.1019e+06,0.01,0.95,10,10000,0.938,0.139,382,283,0.00315777,0,0.740838
1990,10000,2.03965,1.77828,2.37137,0.00196398,0.00158489,0.00251189,0.274395,0.25,0.3,0.749504,0.7,0.8,2.74899e-06,1.28908e+08,555562,4.64784e+06,0.01,0.95,10,10000,0.938,0.139,250,189,0.00386405,0,0.756
1991,10000,2.03718,1.77828,2.37137,0.00197887,0.00158489,0.00251189,0.272839,0.25,0.3,0.849033,0.8,0.9,2.74899e-06,1.00548e+08,451388,3.62532e+06,0.01,0.95,10,10000,0.938,0.139,195,163,0.00416083,0,0.835897
1992,10000,2.04882,1.77828,2.37137,0.00202408,0.00158489,0.00251189,0.27246,0.25,0.3,0.943486,0.9,1,2.74899e-06,5.56882e+07,330478,2.00787e+06,0.01,0.95,10,10000,0.938,0.139,108,92,0.00553835,0,0.851852
1993,10000,2.03563,1.77828,2.37137,0.00202341,0.00158489,0.00251189,0.27055,0.25,0.3,1.17922,1,1.5,1.37449e-05,2.47503e+07,103493,892385,0.01,0.95,10,10000,0.938,0.139,240,193,0.0038238,0,0.804167
1994,10000,2.02045,1.77828,2.37137,0.0020553,0.00158489,0.00251189,0.345303,0.3,0.4,0.062675,0,0.1,5.49797e-06,3.94458e+07,209470,1.42224e+06,0.01,0.95,10,10000,0.938,0.139,153,121,0.00482927,0,0.79085
1995,10000,2.03435,1.77828,2.37137,0.0020028,0.00158489,0.00251189,0.343574,0.3,0.4,0.154077,0.1,0.2,5.49797e-06,1.19884e+08,387245,4.32249e+06,0.01,0.95,10,10000,0.938,0.139,465,342,0.00287251,0,0.735484
1996,10000,2.04938,1.77828,2.37137,0.00202615,0.00158489,0.00251189,0.344115,0.3,0.4,0.250096,0.2,0.3,5.49797e-06,1.62682e+08,444331,5.86558e+06,0.01,0.95,10,10000,0.938,0.139,631,473,0.00244255,0,0.749604
1997,10000,2.04472,1.77828,2.37137,0.00199993,0.00158489,0.00251189,0.345114,0.3,0.4,0.349118,0.3,0.4,5.49797e-06,1.81502e+08,460024,6.54416e+06,0.01,0.95,10,10000,0.938,0.139,704,541,0.00228389,0,0.768466
1998,10000,2.04126,1.77828,2.37137,0.00199801,0.00158489,0.00251189,0.345425,0.3,0.4,0.44786,0.4,0.5,5.49797e-06,1.86143e+08,482548,6.71148e+06,0.01,0.95,10,10000,0.938,0.139,722,531,0.0023053,0,0.735457
1999,10000,2.05198,1.77828,2.37137,0.00197787,0.00158489,0.00251189,0.344778,0.3,0.4,0.549098,0.5,0.6,5.49797e-06,1.52627e+08,427882,5.50304e+06,0.01,0.95,10,10000,0.938,0.139,592,447,0.00251258,0,0.755068
2000,10000,2.04039,1.77828,2.37137,0.00196258,0.00158489,0.00251189,0.346902,0.3,0.4,0.647046,0.6,0.7,5.49797e-06,1.16533e+08,381284,4.20165e+06,0.01,0.95,10,10000,0.938,0.139,452,333,0.00291106,0,0.736726
2001,10000,2.0467,1.77828,2.37137,0.00197644,0.00158489,0.00251189,0.343449,0.3,0.4,0.748521,0.7,0.8,5.49797e-06,9.5134e+07,323307,3.43011e+06,0.01,0.95,10,10000,0.938,0.139,369,294,0.00309813,0,0.796748
2002,10000,2.06466,1.77828,2.37137,0.00200159,0.00158489,0.00251189,0.346652,0.3,0.4,0.8506,0.8,0.9,5.49797e-06,6.80634e+07,287283,2.45406e+06,0.01,0.95,10,10000,0.938,0.139,264,198,0.00377521,0,0.75
2003,10000,2.03107,1.77828,2.37137,0.00200818,0.00158489,0.00251189,0.345021,0.3,0.4,0.940217,0.9,1,5.49797e-06,4.43443e+07,212950,1.59886e+06,0.01,0.95,10,10000,0.938,0.139,172,143,0.00444228,0,0.831395
2004,10000,2.01932,1.77828,2.37137,0.00197682,0.00158489,0.00251189,0.35112,0.3,0.4,1.18393,1,1.5,2.74899e-05,1.63455e+07,61451.8,589346,0.01,0.95,10,10000,0.938,0.139,317,245,0.00339384,0,0.772871
2005,10000,2.00602,1.77828,2.37137,0.0019868,0.00158489,0.00251189,0.443478,0.4,0.5,0.0638695,0,0.1,5.49797e-06,1.88206e+07,140094,678585,0.01,0.95,10,10000,0.938,0.139,73,60,0.00685801,0,0.821918
2006,10000,2.03767,1.77828,2.37137,0.0020008,0.00158489,0.00251189,0.443272,0.4,0.5,0.156181,0.1,0.2,5.49797e-06,6.00711e+07,258808,2.16589e+06,0.01,0.95,10,10000,0.938,0.139,233,184,0.0039162,0,0.7897
2007,10000,2.01867,1.77828,2.37137,0.00200496,0.00158489,0.00251189,0.443034,0.4,0.5,0.249436,0.2,0.3,5.49797e-06,7.78604e+07,291094,2.8073e+06,0.01,0.95,10,10000,0.938,0.139,302,242,0.00341481,0,0.801325
2008,10000,2.03473,1.77828,2.37137,0.00201888,0.00158489,0.00251189,0.442887,0.4,0.5,0.350958,0.3,0.4,5.49797e-06,8.92043e+07,308098,3.21631e+06,0.01,0.95,10,10000,0.938,0.139,346,281,0.00316899,0,0.812139
2009,10000,2.0193,1.77828,2.37137,0.00201544,0.00158489,0.00251189,0.442518,0.4,0.5,0.449554,0.4,0.5,5.49797e-06,9.25559e+07,320787,3.33715e+06,0.01,0.95,10,10000,0.938,0.139,359,284,0.00315221,0,0.791086
2010,10000,2.03922,1.77828,2.37137,0.00205548,0.00158489,0.00251189,0.443183,0.4,0.5,0.548914,0.5,0.6,5.49797e-06,8.8173e+07,302402,3.17912e+06,0.01,0.95,10,10000,0.938,0.139,342,282,0.00316337,0,0.824561
2011,10000,2.03618,1.77828,2.37137,0.00198861,0.00158489,0.00251189,0.446423,0.4,0.5,0.644951,0.6,0.7,5.49797e-06,6.41961e+07,286005,2.31462e+06,0.01,0.95,10,10000,0.938,0.139,249,181,0.00394852,0,0.726908
2012,10000,2.02657,1.77828,2.37137,0.00201367,0.00158489,0.00251189,0.446851,0.4,0.5,0.745751,0.7,0.8,5.49797e-06,5.77507e+07,248957,2.08223e+06,0.01,0.95,10,10000,0.938,0.139,224,181,0.00394852,0,0.808036
2013,10000,2.05955,1.77828,2.37137,0.00198357,0.00158489,0.00251189,0.439886,0.4,0.5,0.847019,0.8,0.9,5.49797e-06,3.73833e+07,215676,1.34787e+06,0.01,0.95,10,10000,0.938,0.139,145,107,0.00513549,0,0.737931
2014,10000,2.05829,1.77828,2.37137,0.0020364,0.00158489,0.00251189,0.445094,0.4,0.5,0.950816,0.9,1,5.49797e-06,2.86176e+07,168378,1.03182e+06,0.01,0.95,10,10000,0.938,0.139,111,94,0.00547911,0,0.846847
2015,10000,2.05517,1.77828,2.37137,0.00197696,0.00158489,0.00251189,0.449234,0.4,0.5,1.19574,1,1.5,2.74899e-05,1.08283e+07,51114.6,390419,0.01,0.95,10,10000,0.938,0.139,210,158,0.00422615,0,0.752381
2016,10000,2.05871,1.77828,2.37137,0.0020106,0.00158489,0.00251189,0.549683,0.5,0.6,0.0614628,0,0.1,5.49797e-06,1.03126e+07,124831,371827,0.01,0.95,10,10000,0.938,0.139,40,26,0.0104181,0,0.65
2017,10000,2.00621,1.77828,2.37137,0.0020684,0.00158489,0.00251189,0.54629,0.5,0.6,0.150862,0.1,0.2,5.49797e-06,2.62972e+07,183332,948160,0.01,0.95,10,10000,0.938,0.139,102,74,0.0061753,0,0.72549
2018,10000,2.02604,1.77828,2.37137,0.00198882,0.00158489,0.00251189,0.543787,0.5,0.6,0.256067,0.2,0.3,5.49797e-06,3.66098e+07,188064,1.31999e+06,0.01,0.95,10,10000,0.938,0.139,142,122,0.00480943,0,0.859155
2019,10000,2.01291,1.77828,2.37137,0.00202502,0.00158489,0.00251189,0.548529,0.5,0.6,0.350381,0.3,0.4,5.49797e-06,3.71255e+07,201576,1.33858e+06,0.01,0.95,10,10000,0.938,0.139,144,115,0.00495365,0,0.798611
2020,10000,2.0238,1.77828,2.37137,0.00201335,0.00158489,0.00251189,0.54231,0.5,0.6,0.448199,0.4,0.5,5.49797e-06,4.79537e+07,239076,1.729e+06,0.01,0.95,10,10000,0.938,0.139,186,141,0.00447367,0,0.758065
2021,10000,2.05127,1.77828,2.37137,0.0019923,0.00158489,0.00251189,0.548624,0.5,0.6,0.544151,0.5,0.6,5.49797e-06,3.78989e+07,216329,1.36647e+06,0.01,0.95,10,10000,0.938,0.139,147,109,0.00508816,0,0.741497
2022,10000,2.02627,1.77828,2.37137,0.00204127,0.00158489,0.00251189,0.546031,0.5,0.6,0.651033,0.6,0.7,5.49797e-06,4.25396e+07,222419,1.53379e+06,0.01,0.95,10,10000,0.938,0.139,165,127,0.00471381,0,0.769697
2023,10000,2.02981,1.77828,2.37137,0.00201637,0.00158489,0.00251189,0.546826,0.5,0.6,0.747858,0.7,0.8,5.49797e-06,2.9391e+07,177792,1.05971e+06,0.01,0.95,10,10000,0.938,0.139,114,92,0.00553835,0,0.807018
2024,10000,2.03659,1.77828,2.37137,0.00201519,0.00158489,0.00251189,0.551097,0.5,0.6,0.84863,0.8,0.9,5.49797e-06,2.08831e+07,156542,752950,0.01,0.95,10,10000,0.938,0.139,81,62,0.00674649,0,0.765432
2025,10000,2.03084,1.77828,2.37137,0.00205201,0.00158489,0.00251189,0.542544,0.5,0.6,0.952495,0.9,1,5.49797e-06,2.13987e+07,142567,771542,0.01,0.95,10,10000,0.938,0.139,83,72,0.00626048,0,0.86747
2026,10000,2.03232,1.77828,2.37137,0.00202788,0.00158489,0.00251189,0.547555,0.5,0.6,1.1966,1,1.5,2.74899e-05,9.12668e+06,45591.9,329067,0.01,0.95,10,10000,0.938,0.139,177,138,0.00452204,0,0.779661
2027,10000,2.00223,1.77828,2.37137,0.00195081,0.00158489,0.00251189,0.640968,0.6,0.7,0.0685567,0,0.1,5.49797e-06,5.67195e+06,77205,204505,0.01,0.95,10,10000,0.938,0.139,22,18,0.012521,0,0.818182
2028,10000,2.01485,1.77828,2.37137,0.00207416,0.00158489,0.00251189,0.634129,0.6,0.7,0.150021,0.1,0.2,5.49797e-06,1.16017e+07,105061,418306,0.01,0.95,10,10000,0.938,0.139,45,39,0.00850632,0,0.866667
2029,10000,2.0146,1.77828,2.37137,0.00199349,0.00158489,0.00251189,0.652241,0.6,0.7,0.255547,0.2,0.3,5.49797e-06,1.70158e+07,181694,613515,0.01,0.95,10,10000,0.938,0.139,66,36,0.00885366,0,0.545455
2030,10000,2.0309,1.77828,2.37137,0.00201938,0.00158489,0.00251189,0.640481,0.6,0.7,0.348715,0.3,0.4,5.49797e-06,2.47503e+07,173238,892385,0.01,0.95,10,10000,0.938,0.139,96,72,0.00626048,0,0.75
2031,10000,2.0142,1.77828,2.37137,0.00201071,0.00158489,0.00251189,0.642629,0.6,0.7,0.443079,0.4,0.5,5.49797e-06,2.39769e+07,162487,864498,0.01,0.95,10,10000,0.938,0.139,93,74,0.0061753,0,0.795699
2032,10000,1.96751,1.77828,2.37137,0.00204484,0.00158489,0.00251189,0.64981,0.6,0.7,0.549554,0.5,0.6,5.49797e-06,2.34612e+07,171165,845907,0.01,0.95,10,10000,0.938,0.139,91,67,0.00648988,0,0.736264
2033,10000,2.01119,1.77828,2.37137,0.0020533,0.00158489,0.00251189,0.649946,0.6,0.7,0.649707,0.6,0.7,5.49797e-06,1.9594e+07,168022,706472,0.01,0.95,10,10000,0.938,0.139,76,51,0.00743856,0,0.671053
2034,10000,1.97657,1.77828,2.37137,0.00201278,0.00158489,0.00251189,0.64906,0.6,0.7,0.744278,0.7,0.8,5.49797e-06,1.57268e+07,130561,567037,0.01,0.95,10,10000,0.938,0.139,61,49,0.00758885,0,0.803279
2035,10000,2.01515,1.77828,2.37137,0.0019947,0.00158489,0.00251189,0.640821,0.6,0.7,0.852681,0.8,0.9,5.49797e-06,1.44377e+07,122764,520558,0.01,0.95,10,10000,0.938,0.139,56,46,0.0078324,0,0.821429
2036,10000,2.07793,1.77828,2.37137,0.00205343,0.00158489,0.00251189,0.640014,0.6,0.7,0.955785,0.9,1,5.49797e-06,9.28137e+06,123882,334645,0.01,0.95,10,10000,0.938,0.139,36,22,0.0113256,0,0.611111
2037,10000,2.03938,1.77828,2.37137,0.00202967,0.00158489,0.00251189,0.647527,0.6,0.7,1.20824,1,1.5,2.74899e-05,4.8985e+06,29990.8,176618,0.01,0.95,10,10000,0.938,0.139,95,84,0.00579608,0,0.884211
2038,10000,2.04806,1.77828,2.37137,0.0019323,0.00158489,0.00251189,0.730886,0.7,0.8,0.0675756,0,0.1,5.49797e-06,1.80471e+06,41841,65069.8,0.01,0.95,10,10000,0.938,0.139,7,6,0.0216869,0,0.857143
2039,10000,2.03232,1.77828,2.37137,0.00186497,0.00158489,0.00251189,0.732827,0.7,0.8,0.153201,0.1,0.2,5.49797e-06,6.18758e+06,104560,223096,0.01,0.95,10,10000,0.938,0.139,24,14,0.0141974,0,0.583333
2040,10000,2.00435,1.77828,2.37137,0.00205335,0.00158489,0.00251189,0.750449,0.7,0.8,0.252808,0.2,0.3,5.49797e-06,9.797e+06,128159,353236,0.01,0.95,10,10000,0.938,0.139,38,23,0.0110767,0,0.605263
2041,10000,1.97562,1.77828,2.37137,0.00207417,0.00158489,0.00251189,0.744317,0.7,0.8,0.349268,0.3,0.4,5.49797e-06,1.31486e+07,119300,474080,0.01,0.95,10,10000,0.938,0.139,51,41,0.00829625,0,0.803922
2042,10000,2.00523,1.77828,2.37137,0.00196727,0.00158489,0.00251189,0.735735,0.7,0.8,0.437571,0.4,0.5,5.49797e-06,1.13439e+07,129580,409010,0.01,0.95,10,10000,0.938,0.139,44,29,0.0098645,0,0.659091
2043,10000,2.04389,1.77828,2.37137,0.00199957,0.00158489,0.00251189,0.746439,0.7,0.8,0.548235,0.5,0.6,5.49797e-06,1.28908e+07,141172,464784,0.01,0.95,10,10000,0.938,0.139,50,32,0.00939072,0,0.64
2044,10000,2.00933,1.77828,2.37137,0.0020122,0.00158489,0.00251189,0.751742,0.7,0.8,0.653436,0.6,0.7,5.49797e-06,1.10861e+07,129257,399714,0.01,0.95,10,10000,0.938,0.139,43,28,0.0100391,0,0.651163
2045,10000,2.02456,1.77828,2.37137,0.00201332,0.00158489,0.00251189,0.74454,0.7,0.8,0.741815,0.7,0.8,5.49797e-06,8.76574e+06,92609.7,316053,0.01,0.95,10,10000,0.938,0.139,34,29,0.0098645,0,0.852941
2046,10000,2.0151,1.77828,2.37137,0.00189039,0.00158489,0.00251189,0.742796,0.7,0.8,0.846164,0.8,0.9,5.49797e-06,6.70321e+06,95978.4,241688,0.01,0.95,10,10000,0.938,0.139,26,18,0.012521,0,0.692308
2047,10000,2.03199,1.77828,2.37137,0.00204535,0.00158489,0.00251189,0.74628,0.7,0.8,0.953806,0.9,1,5.49797e-06,4.38287e+06,63553.5,158027,0.01,0.95,10,10000,0.938,0.139,17,15,0.013716,0,0.882353
2048,10000,2.07774,1.77828,2.37137,0.00207307,0.00158489,0.00251189,0.744373,0.7,0.8,1.24905,1,1.5,2.74899e-05,3.30004e+06,27369.4,118985,0.01,0.95,10,10000,0.938,0.139,64,50,0.00751258,0,0.78125
2049,10000,1.89712,1.77828,2.37137,0.0020191,0.00158489,0.00251189,0.837869,0.8,0.9,0.0613894,0,0.1,5.49797e-06,2.57816e+06,66156.4,92956.8,0.01,0.95,10,10000,0.938,0.139,10,6,0.0216869,0,0.6
2050,10000,2.02995,1.77828,2.37137,0.00204788,0.00158489,0.00251189,0.829667,0.8,0.9,0.152789,0.1,0.2,5.49797e-06,4.8985e+06,107161,176618,0.01,0.95,10,10000,0.938,0.139,19,9,0.0177073,0,0.473684
2051,10000,1.92751,1.77828,2.37137,0.00184655,0.00158489,0.00251189,0.829418,0.8,0.9,0.26198,0.2,0.3,5.49797e-06,2.06253e+06,43923.9,74365.5,0.01,0.95,10,10000,0.938,0.139,8,7,0.0200782,0,0.875
2052,10000,1.93483,1.77828,2.37137,0.00201663,0.00158489,0.00251189,0.837795,0.8,0.9,0.345215,0.3,0.4,5.49797e-06,5.15632e+06,88269.1,185914,0.01,0.95,10,10000,0.938,0.139,20,13,0.0147334,0,0.65
2053,10000,1.97994,1.77828,2.37137,0.0020338,0.00158489,0.00251189,0.83598,0.8,0.9,0.454593,0.4,0.5,5.49797e-06,7.21884e+06,93559.3,260279,0.01,0.95,10,10000,0.938,0.139,28,21,0.0115922,0,0.75
2054,10000,2.03698,1.77828,2.37137,0.00202738,0.00158489,0.00251189,0.836433,0.8,0.9,0.558891,0.5,0.6,5.49797e-06,4.8985e+06,82786.3,176618,0.01,0.95,10,10000,0.938,0.139,19,13,0.0147334,0,0.684211
2055,10000,2.01621,1.77828,2.37137,0.00209697,0.00158489,0.00251189,0.849745,0.8,0.9,0.660005,0.6,0.7,5.49797e-06,5.41413e+06,76109.5,195209,0.01,0.95,10,10000,0.938,0.139,21,17,0.012884,0,0.809524
2056,10000,1.91361,1.77828,2.37137,0.00220231,0.00158489,0.00251189,0.858673,0.8,0.9,0.750181,0.7,0.8,5.49797e-06,4.8985e+06,115605,176618,0.01,0.95,10,10000,0.938,0.139,19,8,0.0187814,0,0.421053
2057,10000,2.00959,1.77828,2.37137,0.00198721,0.00158489,0.00251189,0.847901,0.8,0.9,0.855625,0.8,0.9,5.49797e-06,3.60942e+06,59172.1,130140,0.01,0.95,10,10000,0.938,0.139,14,12,0.015335,0,0.857143
2058,10000,2.04501,1.77828,2.37137,0.00205545,0.00158489,0.00251189,0.829232,0.8,0.9,0.934593,0.9,1,5.49797e-06,3.09379e+06,73934.9,111548,0.01,0.95,10,10000,0.938,0.139,12,7,0.0200782,0,0.583333
2059,10000,1.96811,1.77828,2.37137,0.00205733,0.00158489,0.00251189,0.842883,0.8,0.9,1.2438,1,1.5,2.74899e-05,2.01096e+06,22235.4,72506.3,0.01,0.95,10,10000,0.938,0.139,39,29,0.0098645,0,0.74359
2060,10000,1.97364,1.77828,2.37137,0.00207432,0.00158489,0.00251189,0.941178,0.9,1,0.0681786,0,0.1,5.49797e-06,773447,33547.4,27887,0.01,0.95,10,10000,0.938,0.139,3,2,0.0375629,0,0.666667
2061,10000,1.93979,1.77828,2.37137,0.00210641,0.00158489,0.00251189,0.96481,0.9,1,0.158342,0.1,0.2,5.49797e-06,1.28908e+06,46779.6,46478.4,0.01,0.95,10,10000,0.938,0.139,5,3,0.03067,0,0.6
2062,10000,2.02727,1.77828,2.37137,0.00193201,0.00158489,0.00251189,0.960272,0.9,1,0.252572,0.2,0.3,5.49797e-06,3.09379e+06,56135.6,111548,0.01,0.95,10,10000,0.938,0.139,12,10,0.0167986,0,0.833333
2063,10000,2.01815,1.77828,2.37137,0.00185665,0.00158489,0.00251189,0.927427,0.9,1,0.359035,0.3,0.4,5.49797e-06,2.57816e+06,59020.9,92956.8,0.01,0.95,10,10000,0.938,0.139,10,7,0.0200782,0,0.7
2064,10000,2.0737,1.77828,2.37137,0.00187364,0.00158489,0.00251189,0.94186,0.9,1,0.449094,0.4,0.5,5.49797e-06,4.64068e+06,77288,167322,0.01,0.95,10,10000,0.938,0.139,18,13,0.0147334,0,0.722222
2065,10000,1.97402,1.77828,2.37137,0.00221915,0.00158489,0.00251189,0.950439,0.9,1,0.5509,0.5,0.6,5.49797e-06,2.57816e+06,59020.9,92956.8,0.01,0.95,10,10000,0.938,0.139,10,7,0.0200782,0,0.7
2066,10000,2.00077,1.77828,2.37137,0.00193129,0.00158489,0.00251189,0.937888,0.9,1,0.644271,0.6,0.7,5.49797e-06,4.12505e+06,75693.2,148731,0.01,0.95,10,10000,0.938,0.139,16,11,0.0160169,0,0.6875
2067,10000,1.88569,1.77828,2.37137,0.0017608,0.00158489,0.00251189,0.927011,0.9,1,0.789398,0.7,0.8,5.49797e-06,773447,53043.1,27887,0.01,0.95,10,10000,0.938,0.139,3,1,0.0531219,0,0.333333
2068,10000,1.95699,1.77828,2.37137,0.00197264,0.00158489,0.00251189,0.941855,0.9,1,0.847133,0.8,0.9,5.49797e-06,1.28908e+06,37507.2,46478.4,0.01,0.95,10,10000,0.938,0.139,5,4,0.026561,0,0.8
2069,10000,1.87667,1.77828,2.37137,0.00201061,0.00158489,0.00251189,0.963391,0.9,1,0.949324,0.9,1,5.49797e-06,1.28908e+06,46779.6,46478.4,0.01,0.95,10,10000,0.938,0.139,5,3,0.03067,0,0.6
2070,10000,1.96144,1.77828,2.37137,0.00202574,0.00158489,0.00251189,0.937719,0.9,1,1.27755,1,1.5,2.74899e-05,1.34064e+06,17666.9,48337.5,0.01,0.95,10,10000,0.938,0.139,26,20,0.0118784,0,0.769231
2071,10000,2.08961,1.77828,2.37137,0.00325999,0.00251189,0.00398107,0.0872767,0.05,0.1,0.0869542,0,0.1,4.3568e-06,7.74647e+08,1.00954e+07,2.79303e+07,0.01,0.95,10,10000,0.938,0.139,2381,33,0.00924734,0,0.0138597
2072,10000,2.0585,1.77828,2.37137,0.00317744,0.00251189,0.00398107,0.0759618,0.05,0.1,0.164236,0.1,0.2,4.3568e-06,1.72596e+09,4.40511e+06,6.22302e+07,0.01,0.95,10,10000,0.938,0.139,5305,801,0.00187697,0,0.15099
2073,10000,2.06512,1.77828,2.37137,0.00313483,0.00251189,0.00398107,0.0745331,0.05,0.1,0.251902,0.2,0.3,4.3568e-06,2.05e+09,3.36951e+06,7.39138e+07,0.01,0.95,10,10000,0.938,0.139,6301,1792,0.00125489,0,0.284399
2074,10000,2.04749,1.77828,2.37137,0.00317733,0.00251189,0.00398107,0.0720129,0.05,0.1,0.351631,0.3,0.4,4.3568e-06,1.73572e+09,2.32955e+06,6.25821e+07,0.01,0.95,10,10000,0.938,0.139,5335,2422,0.00107941,0,0.453983
2075,10000,2.03817,1.77828,2.37137,0.00320489,0.00251189,0.00398107,0.0719293,0.05,0.1,0.448236,0.4,0.5,4.3568e-06,1.24119e+09,1.55594e+06,4.47518e+07,0.01,0.95,10,10000,0.938,0.139,3815,2442,0.00107498,0,0.640105
2076,10000,2.04354,1.77828,2.37137,0.00319398,0.00251189,0.00398107,0.0714148,0.05,0.1,0.547149,0.5,0.6,4.3568e-06,8.44271e+08,1.16627e+06,3.04406e+07,0.01,0.95,10,10000,0.938,0.139,2595,1884,0.00122386,0,0.726012
2077,10000,2.03277,1.77828,2.37137,0.00320754,0.00251189,0.00398107,0.0720796,0.05,0.1,0.645586,0.6,0.7,4.3568e-06,5.64474e+08,918756,2.03524e+07,0.01,0.95,10,10000,0.938,0.139,1735,1320,0.00146213,0,0.760807
2078,10000,2.034,1.77828,2.37137,0.00320093,0.00251189,0.00398107,0.0705593,0.05,0.1,0.746544,0.7,0.8,4.3568e-06,3.71544e+08,732973,1.33962e+07,0.01,0.95,10,10000,0.938,0.139,1142,887,0.00178366,0,0.776708
2079,10000,2.02959,1.77828,2.37137,0.00322802,0.00251189,0.00398107,0.071772,0.05,0.1,0.846055,0.8,0.9,4.3568e-06,2.57999e+08,640103,9.30227e+06,0.01,0.95,10,10000,0.938,0.139,793,581,0.00220387,0,0.732661
2080,10000,2.02862,1.77828,2.37137,0.00318517,0.00251189,0.00398107,0.071447,0.05,0.1,0.945667,0.9,1,4.3568e-06,1.49984e+08,446166,5.40775e+06,0.01,0.95,10,10000,0.938,0.139,461,377,0.00273592,0,0.817787
2081,10000,2.02226,1.77828,2.37137,0.00320697,0.00251189,0.00398107,0.0714747,0.05,0.1,1.17586,1,1.5,2.1784e-05,4.79559e+07,109369,1.72907e+06,0.01,0.95,10,10000,0.938,0.139,737,625,0.00212488,0,0.848033
2082,10000,2.10724,1.77828,2.37137,0.00314191,0.00251189,0.00398107,0.129685,0.1,0.15,0.0687095,0,0.1,4.3568e-06,2.44334e+08,1.43797e+06,8.80959e+06,0.01,0.95,10,10000,0.938,0.139,751,147,0.00438142,0,0.195739
2083,10000,2.0485,1.77828,2.37137,0.00318395,0.00251189,0.00398107,0.123687,0.1,0.15,0.157413,0.1,0.2,4.3568e-06,7.22592e+08,1.92415e+06,2.60534e+07,0.01,0.95,10,10000,0.938,0.139,2221,675,0.00204466,0,0.303917
2084,10000,2.05612,1.77828,2.37137,0.00317508,0.00251189,0.00398107,0.123436,0.1,0.15,0.253249,0.2,0.3,4.3568e-06,9.46429e+08,1.76489e+06,3.4124e+07,0.01,0.95,10,10000,0.938,0.139,2909,1269,0.00149122,0,0.436232
2085,10000,2.04919,1.77828,2.37137,0.00315868,0.00251189,0.00398107,0.123076,0.1,0.15,0.348409,0.3,0.4,4.3568e-06,9.21703e+08,1.58548e+06,3.32325e+07,0.01,0.95,10,10000,0.938,0.139,2833,1427,0.00140625,0,0.503706
2086,10000,2.03483,1.77828,2.37137,0.00318534,0.00251189,0.00398107,0.123543,0.1,0.15,0.446756,0.4,0.5,4.3568e-06,7.0242e+08,1.20564e+06,2.53261e+07,0.01,0.95,10,10000,0.938,0.139,2159,1327,0.00145827,0,0.614636
2087,10000,2.04258,1.77828,2.37137,0.00319786,0.00251189,0.00398107,0.122636,0.1,0.15,0.547625,0.5,0.6,4.3568e-06,5.0461e+08,916311,1.8194e+07,0.01,0.95,10,10000,0.938,0.139,1551,1103,0.00159951,0,0.711154
2088,10000,2.04417,1.77828,2.37137,0.003207,0.00251189,0.00398107,0.123279,0.1,0.15,0.645631,0.6,0.7,4.3568e-06,3.49421e+08,710943,1.25985e+07,0.01,0.95,10,10000,0.938,0.139,1074,834,0.00183946,0,0.776536
2089,10000,2.04915,1.77828,2.37137,0.00320698,0.00251189,0.00398107,0.123642,0.1,0.15,0.746982,0.7,0.8,4.3568e-06,2.25139e+08,586943,8.1175e+06,0.01,0.95,10,10000,0.938,0.139,692,519,0.00233179,0,0.75
2090,10000,2.04168,1.77828,2.37137,0.00315749,0.00251189,0.00398107,0.125238,0.1,0.15,0.844877,0.8,0.9,4.3568e-06,1.52912e+08,490933,5.51333e+06,0.01,0.95,10,10000,0.938,0.139,470,346,0.00285585,0,0.73617
2091,10000,2.05627,1.77828,2.37137,0.00316966,0.00251189,0.00398107,0.124365,0.1,0.15,0.946785,0.9,1,4.3568e-06,1.02158e+08,393366,3.68337e+06,0.01,0.95,10,10000,0.938,0.139,314,237,0.00345064,0,0.754777
2092,10000,2.0311,1.77828,2.37137,0.00317789,0.00251189,0.00398107,0.124784,0.1,0.15,1.17953,1,1.5,2.1784e-05,3.40962e+07,106220,1.22935e+06,0.01,0.95,10,10000,0.938,0.139,524,374,0.00274687,0,0.71374
2093,10000,2.08149,1.77828,2.37137,0.00316757,0.00251189,0.00398107,0.17487,0.15,0.2,0.0669089,0,0.1,4.3568e-06,1.33066e+08,581684,4.79777e+06,0.01,0.95,10,10000,0.938,0.139,409,217,0.00360615,0,0.530562
2094,10000,2.05805,1.77828,2.37137,0.00321803,0.00251189,0.00398107,0.174299,0.15,0.2,0.154664,0.1,0.2,4.3568e-06,3.89763e+08,979386,1.40531e+07,0.01,0.95,10,10000,0.938,0.139,1198,651,0.00208201,0,0.543406
2095,10000,2.0415,1.77828,2.37137,0.0031804,0.00251189,0.00398107,0.173752,0.15,0.2,0.251257,0.2,0.3,4.3568e-06,5.11117e+08,1.09053e+06,1.84286e+07,0.01,0.95,10,10000,0.938,0.139,1571,889,0.00178165,0,0.565882
2096,10000,2.04816,1.77828,2.37137,0.00319576,0.00251189,0.00398107,0.173884,0.15,0.2,0.351293,0.3,0.4,4.3568e-06,5.49508e+08,1.14728e+06,1.98128e+07,0.01,0.95,10,10000,0.938,0.139,1689,936,0.00173635,0,0.554174
2097,10000,2.04068,1.77828,2.37137,0.00318002,0.00251189,0.00398107,0.173246,0.15,0.2,0.448122,0.4,0.5,4.3568e-06,4.56459e+08,939005,1.64579e+07,0.01,0.95,10,10000,0.938,0.139,1403,904,0.00176681,0,0.644334
2098,10000,2.05577,1.77828,2.37137,0.00316265,0.00251189,0.00398107,0.173379,0.15,0.2,0.550292,0.5,0.6,4.3568e-06,3.28924e+08,731078,1.18595e+07,0.01,0.95,10,10000,0.938,0.139,1011,730,0.00196613,0,0.722057
2099,10000,2.04668,1.77828,2.37137,0.00323525,0.00251189,0.00398107,0.173762,0.15,0.2,0.648399,0.6,0.7,4.3568e-06,2.38478e+08,595169,8.59845e+06,0.01,0.95,10,10000,0.938,0.139,733,560,0.00224481,0,0.763984
2100,10000,2.04469,1.77828,2.37137,0.00315592,0.00251189,0.00398107,0.173834,0.15,0.2,0.747067,0.7,0.8,4.3568e-06,1.62022e+08,482802,5.84178e+06,0.01,0.95,10,10000,0.938,0.139,498,388,0.00269686,0,0.779116
2101,10000,2.0653,1.77828,2.37137,0.00318561,0.00251189,0.00398107,0.173317,0.15,0.2,0.845637,0.8,0.9,4.3568e-06,1.00532e+08,385200,3.62472e+06,0.01,0.95,10,10000,0.938,0.139,309,237,0.00345064,0,0.76699
2102,10000,2.04738,1.77828,2.37137,0.00313377,0.00251189,0.00398107,0.175148,0.15,0.2,0.946451,0.9,1,4.3568e-06,6.99492e+07,332501,2.52205e+06,0.01,0.95,10,10000,0.938,0.139,215,158,0.00422615,0,0.734884
2103,10000,2.06357,1.77828,2.37137,0.00316543,0.00251189,0.00398107,0.172293,0.15,0.2,1.16947,1,1.5,2.1784e-05,2.73941e+07,99678.6,987707,0.01,0.95,10,10000,0.938,0.139,421,283,0.00315777,0,0.672209
2104,10000,2.03479,1.77828,2.37137,0.00318284,0.00251189,0.00398107,0.224365,0.2,0.25,0.0673479,0,0.1,4.3568e-06,8.45897e+07,381387,3.04993e+06,0.01,0.95,10,10000,0.938,0.139,260,181,0.00394852,0,0.696154
2105,10000,2.05389,1.77828,2.37137,0.00318754,0.00251189,0.00398107,0.223963,0.2,0.25,0.153311,0.1,0.2,4.3568e-06,2.14728e+08,622607,7.74212e+06,0.01,0.95,10,10000,0.938,0.139,660,445,0.00251822,0,0.674242
2106,10000,2.03017,1.77828,2.37137,0.00321924,0.00251189,0.00398107,0.223458,0.2,0.25,0.253053,0.2,0.3,4.3568e-06,3.08753e+08,765317,1.11322e+07,0.01,0.95,10,10000,0.938,0.139,949,619,0.00213515,0,0.652266
2107,10000,2.0401,1.77828,2.37137,0.003217,0.00251189,0.00398107,0.223933,0.2,0.25,0.349965,0.3,0.4,4.3568e-06,3.36082e+08,816201,1.21176e+07,0.01,0.95,10,10000,0.938,0.139,1033,654,0.00207723,0,0.633107
2108,10000,2.03855,1.77828,2.37137,0.00320098,0.00251189,0.00398107,0.223467,0.2,0.25,0.448761,0.4,0.5,4.3568e-06,2.98667e+08,726262,1.07686e+07,0.01,0.95,10,10000,0.938,0.139,918,628,0.0021198,0,0.684096
2109,10000,2.04112,1.77828,2.37137,0.0031895,0.00251189,0.00398107,0.223231,0.2,0.25,0.548038,0.5,0.6,4.3568e-06,2.41081e+08,668380,8.69229e+06,0.01,0.95,10,10000,0.938,0.139,741,491,0.00239736,0,0.662618
2110,10000,2.04259,1.77828,2.37137,0.00315084,0.00251189,0.00398107,0.222934,0.2,0.25,0.644803,0.6,0.7,4.3568e-06,1.63323e+08,507977,5.8887e+06,0.01,0.95,10,10000,0.938,0.139,502,369,0.00276542,0,0.73506
2111,10000,2.03643,1.77828,2.37137,0.00319698,0.00251189,0.00398107,0.225051,0.2,0.25,0.748095,0.7,0.8,4.3568e-06,1.13545e+08,410217,4.09394e+06,0.01,0.95,10,10000,0.938,0.139,349,267,0.00325101,0,0.765043
2112,10000,2.02985,1.77828,2.37137,0.00318128,0.00251189,0.00398107,0.225183,0.2,0.25,0.847386,0.8,0.9,4.3568e-06,8.26377e+07,351894,2.97954e+06,0.01,0.95,10,10000,0.938,0.139,254,193,0.0038238,0,0.759843
2113,10000,2.03177,1.77828,2.37137,0.00320454,0.00251189,0.00398107,0.224248,0.2,0.25,0.947696,0.9,1,4.3568e-06,4.94525e+07,256723,1.78303e+06,0.01,0.95,10,10000,0.938,0.139,152,124,0.00477049,0,0.815789
2114,10000,2.03379,1.77828,2.37137,0.00314234,0.00251189,0.00398107,0.223112,0.2,0.25,1.16848,1,1.5,2.1784e-05,2.01714e+07,84732.4,727290,0.01,0.95,10,10000,0.938,0.139,310,211,0.00365707,0,0.680645
2115,10000,2.04427,1.77828,2.37137,0.00315426,0.00251189,0.00398107,0.273714,0.25,0.3,0.0652821,0,0.1,4.3568e-06,4.55483e+07,262002,1.64227e+06,0.01,0.95,10,10000,0.938,0.139,140,106,0.00515966,0,0.757143
2116,10000,2.03805,1.77828,2.37137,0.00317124,0.00251189,0.00398107,0.272865,0.25,0.3,0.155062,0.1,0.2,4.3568e-06,1.31114e+08,441174,4.72739e+06,0.01,0.95,10,10000,0.938,0.139,403,308,0.0030269,0,0.764268
2117,10000,2.04517,1.77828,2.37137,0.00321225,0.00251189,0.00398107,0.273516,0.25,0.3,0.253735,0.2,0.3,4.3568e-06,2.00087e+08,585657,7.21425e+06,0.01,0.95,10,10000,0.938,0.139,615,429,0.00256475,0,0.697561
2118,10000,2.02675,1.77828,2.37137,0.00319982,0.00251189,0.00398107,0.273311,0.25,0.3,0.350998,0.3,0.4,4.3568e-06,2.17656e+08,607494,7.84769e+06,0.01,0.95,10,10000,0.938,0.139,669,470,0.00245033,0,0.702541
2119,10000,2.04373,1.77828,2.37137,0.00321037,0.00251189,0.00398107,0.273399,0.25,0.3,0.448945,0.4,0.5,4.3568e-06,1.98786e+08,576678,7.16733e+06,0.01,0.95,10,10000,0.938,0.139,611,433,0.00255288,0,0.708674
2120,10000,2.04165,1.77828,2.37137,0.00320504,0.00251189,0.00398107,0.274413,0.25,0.3,0.546105,0.5,0.6,4.3568e-06,1.7406e+08,556733,6.27581e+06,0.01,0.95,10,10000,0.938,0.139,535,364,0.00278435,0,0.680374
2121,10000,2.03076,1.77828,2.37137,0.00321353,0.00251189,0.00398107,0.272499,0.25,0.3,0.646054,0.6,0.7,4.3568e-06,1.20378e+08,465422,4.34028e+06,0.01,0.95,10,10000,0.938,0.139,370,250,0.00335973,0,0.675676
2122,10000,2.02742,1.77828,2.37137,0.00319196,0.00251189,0.00398107,0.272412,0.25,0.3,0.748401,0.7,0.8,4.3568e-06,8.49151e+07,389818,3.06166e+06,0.01,0.95,10,10000,0.938,0.139,261,177,0.00399289,0,0.678161
2123,10000,2.0297,1.77828,2.37137,0.00317419,0.00251189,0.00398107,0.273589,0.25,0.3,0.844391,0.8,0.9,4.3568e-06,6.24663e+07,294259,2.25225e+06,0.01,0.95,10,10000,0.938,0.139,192,153,0.00429465,0,0.796875
2124,10000,2.03769,1.77828,2.37137,0.00322359,0.00251189,0.00398107,0.275343,0.25,0.3,0.942746,0.9,1,4.3568e-06,4.42469e+07,250287,1.59535e+06,0.01,0.95,10,10000,0.938,0.139,136,107,0.00513549,0,0.786765
2125,10000,2.05648,1.77828,2.37137,0.00313998,0.00251189,0.00398107,0.274747,0.25,0.3,1.16616,1,1.5,2.1784e-05,1.53563e+07,66139.3,553679,0.01,0.95,10,10000,0.938,0.139,236,185,0.0039056,0,0.783898
2126,10000,2.05337,1.77828,2.37137,0.00320344,0.00251189,0.00398107,0.344468,0.3,0.4,0.0679124,0,0.1,8.7136e-06,2.32622e+07,127862,838730,0.01,0.95,10,10000,0.938,0.139,143,113,0.00499729,0,0.79021
2127,10000,2.03472,1.77828,2.37137,0.00318181,0.00251189,0.00398107,0.34422,0.3,0.4,0.155929,0.1,0.2,8.7136e-06,7.66188e+07,229590,2.76253e+06,0.01,0.95,10,10000,0.938,0.139,471,377,0.00273592,0,0.800425
2128,10000,2.02328,1.77828,2.37137,0.0031965,0.00251189,0.00398107,0.344853,0.3,0.4,0.250887,0.2,0.3,8.7136e-06,1.13545e+08,287012,4.09394e+06,0.01,0.95,10,10000,0.938,0.139,698,541,0.00228389,0,0.775072
2129,10000,2.03103,1.77828,2.37137,0.0032214,0.00251189,0.00398107,0.345684,0.3,0.4,0.351273,0.3,0.4,8.7136e-06,1.25095e+08,316685,4.51037e+06,0.01,0.95,10,10000,0.938,0.139,769,560,0.00224481,0,0.728218
2130,10000,2.03471,1.77828,2.37137,0.00320588,0.00251189,0.00398107,0.343904,0.3,0.4,0.44744,0.4,0.5,8.7136e-06,1.16799e+08,305021,4.21124e+06,0.01,0.95,10,10000,0.938,0.139,718,525,0.00231843,0,0.731198
2131,10000,2.04505,1.77828,2.37137,0.00318265,0.00251189,0.00398107,0.342641,0.3,0.4,0.548593,0.5,0.6,8.7136e-06,1.00044e+08,298146,3.60712e+06,0.01,0.95,10,10000,0.938,0.139,615,419,0.00259518,0,0.681301
2132,10000,2.02836,1.77828,2.37137,0.00320896,0.00251189,0.00398107,0.346875,0.3,0.4,0.646651,0.6,0.7,8.7136e-06,7.87335e+07,263130,2.83878e+06,0.01,0.95,10,10000,0.938,0.139,484,332,0.00291545,0,0.68595
2133,10000,2.04178,1.77828,2.37137,0.00316913,0.00251189,0.00398107,0.345519,0.3,0.4,0.748858,0.7,0.8,8.7136e-06,5.57967e+07,216780,2.01178e+06,0.01,0.95,10,10000,0.938,0.139,343,242,0.00341481,0,0.705539
2134,10000,2.04282,1.77828,2.37137,0.00322816,0.00251189,0.00398107,0.346747,0.3,0.4,0.849273,0.8,0.9,8.7136e-06,3.95294e+07,184492,1.42525e+06,0.01,0.95,10,10000,0.938,0.139,243,169,0.0040863,0,0.695473
2135,10000,2.04947,1.77828,2.37137,0.00312802,0.00251189,0.00398107,0.349277,0.3,0.4,0.945445,0.9,1,8.7136e-06,3.05824e+07,158310,1.10267e+06,0.01,0.95,10,10000,0.938,0.139,188,135,0.00457201,0,0.718085
2136,10000,2.04946,1.77828,2.37137,0.00321657,0.00251189,0.00398107,0.348708,0.3,0.4,1.18304,1,1.5,4.3568e-05,1.05412e+07,39124.5,380068,0.01,0.95,10,10000,0.938,0.139,324,251,0.00335303,0,0.774691
2137,10000,2.03455,1.77828,2.37137,0.00316262,0.00251189,0.00398107,0.444055,0.4,0.5,0.0682907,0,0.1,8.7136e-06,8.78432e+06,73722.8,316723,0.01,0.95,10,10000,0.938,0.139,54,46,0.0078324,0,0.851852
2138,10000,2.02987,1.77828,2.37137,0.00319508,0.00251189,0.00398107,0.441794,0.4,0.5,0.156069,0.1,0.2,8.7136e-06,3.64387e+07,148663,1.31381e+06,0.01,0.95,10,10000,0.938,0.139,224,193,0.0038238,0,0.861607
2139,10000,2.02239,1.77828,2.37137,0.00321914,0.00251189,0.00398107,0.443413,0.4,0.5,0.250444,0.2,0.3,8.7136e-06,5.15672e+07,180968,1.85928e+06,0.01,0.95,10,10000,0.938,0.139,317,266,0.00325712,0,0.839117
2140,10000,2.02307,1.77828,2.37137,0.00325242,0.00251189,0.00398107,0.443812,0.4,0.5,0.349072,0.3,0.4,8.7136e-06,5.59594e+07,189452,2.01764e+06,0.01,0.95,10,10000,0.938,0.139,344,287,0.00313569,0,0.834302
2141,10000,2.04333,1.77828,2.37137,0.00322207,0.00251189,0.00398107,0.441134,0.4,0.5,0.447182,0.4,0.5,8.7136e-06,5.87248e+07,210564,2.11735e+06,0.01,0.95,10,10000,0.938,0.139,361,273,0.00321509,0,0.756233
2142,10000,2.03443,1.77828,2.37137,0.00317766,0.00251189,0.00398107,0.443154,0.4,0.5,0.547803,0.5,0.6,8.7136e-06,5.25432e+07,203344,1.89447e+06,0.01,0.95,10,10000,0.938,0.139,323,238,0.00344338,0,0.736842
2143,10000,2.04545,1.77828,2.37137,0.00319351,0.00251189,0.00398107,0.441372,0.4,0.5,0.644386,0.6,0.7,8.7136e-06,4.13188e+07,183536,1.48977e+06,0.01,0.95,10,10000,0.938,0.139,254,183,0.00392689,0,0.720472
2144,10000,2.05841,1.77828,2.37137,0.00319591,0.00251189,0.00398107,0.44367,0.4,0.5,0.747605,0.7,0.8,8.7136e-06,3.05824e+07,164926,1.10267e+06,0.01,0.95,10,10000,0.938,0.139,188,128,0.00469536,0,0.680851
2145,10000,2.04692,1.77828,2.37137,0.00312848,0.00251189,0.00398107,0.449265,0.4,0.5,0.851512,0.8,0.9,8.7136e-06,2.58649e+07,151944,932574,0.01,0.95,10,10000,0.938,0.139,159,108,0.00511166,0,0.679245
2146,10000,2.04335,1.77828,2.37137,0.00320792,0.00251189,0.00398107,0.443527,0.4,0.5,0.941965,0.9,1,8.7136e-06,2.22861e+07,160335,803538,0.01,0.95,10,10000,0.938,0.139,137,78,0.00601488,0,0.569343
2147,10000,2.05819,1.77828,2.37137,0.00317753,0.00251189,0.00398107,0.446599,0.4,0.5,1.1837,1,1.5,4.3568e-05,7.05999e+06,34502.9,254552,0.01,0.95,10,10000,0.938,0.139,217,153,0.00429465,0,0.705069
2148,10000,2.00479,1.77828,2.37137,0.00312244,0.00251189,0.00398107,0.541208,0.5,0.6,0.0625264,0,0.1,8.7136e-06,4.55483e+06,54772.2,164227,0.01,0.95,10,10000,0.938,0.139,28,23,0.0110767,0,0.821429
2149,10000,2.03044,1.77828,2.37137,0.00319562,0.00251189,0.00398107,0.546609,0.5,0.6,0.1582,0.1,0.2,8.7136e-06,1.62673e+07,99492.8,586524,0.01,0.95,10,10000,0.938,0.139,100,86,0.00572829,0,0.86
2150,10000,2.05482,1.77828,2.37137,0.00319107,0.00251189,0.00398107,0.546728,0.5,0.6,0.253345,0.2,0.3,8.7136e-06,2.57023e+07,127414,926708,0.01,0.95,10,10000,0.938,0.139,158,133,0.00460626,0,0.841772
2151,10000,2.03302,1.77828,2.37137,0.00317396,0.00251189,0.00398107,0.548106,0.5,0.6,0.350989,0.3,0.4,8.7136e-06,2.97691e+07,141075,1.07334e+06,0.01,0.95,10,10000,0.938,0.139,183,149,0.00435192,0,0.814208
2152,10000,2.03802,1.77828,2.37137,0.00317079,0.00251189,0.00398107,0.542731,0.5,0.6,0.449088,0.4,0.5,8.7136e-06,2.79797e+07,132768,1.00882e+06,0.01,0.95,10,10000,0.938,0.139,172,145,0.00441154,0,0.843023
2153,10000,2.04458,1.77828,2.37137,0.00320594,0.00251189,0.00398107,0.547706,0.5,0.6,0.550878,0.5,0.6,8.7136e-06,2.65156e+07,139902,956035,0.01,0.95,10,10000,0.938,0.139,163,125,0.00475137,0,0.766871
2154,10000,2.03626,1.77828,2.37137,0.00321554,0.00251189,0.00398107,0.540809,0.5,0.6,0.649316,0.6,0.7,8.7136e-06,2.19608e+07,130912,791808,0.01,0.95,10,10000,0.938,0.139,135,100,0.00531219,0,0.740741
2155,10000,2.01596,1.77828,2.37137,0.00317509,0.00251189,0.00398107,0.548881,0.5,0.6,0.750243,0.7,0.8,8.7136e-06,1.7894e+07,119896,645177,0.01,0.95,10,10000,0.938,0.139,110,80,0.00593921,0,0.727273
2156,10000,2.05584,1.77828,2.37137,0.00306543,0.00251189,0.00398107,0.54763,0.5,0.6,0.848094,0.8,0.9,8.7136e-06,1.26885e+07,97857.8,457489,0.01,0.95,10,10000,0.938,0.139,78,59,0.00691589,0,0.75641
2157,10000,2.01355,1.77828,2.37137,0.00316064,0.00251189,0.00398107,0.544924,0.5,0.6,0.950553,0.9,1,8.7136e-06,9.10966e+06,77459.6,328454,0.01,0.95,10,10000,0.938,0.139,56,46,0.0078324,0,0.821429
2158,10000,2.0896,1.77828,2.37137,0.00317733,0.00251189,0.00398107,0.55162,0.5,0.6,1.19763,1,1.5,4.3568e-05,5.82368e+06,32769.5,209976,0.01,0.95,10,10000,0.938,0.139,179,119,0.00486968,0,0.664804
2159,10000,2.02953,1.77828,2.37137,0.00305353,0.00251189,0.00398107,0.643295,0.6,0.7,0.0665168,0,0.1,8.7136e-06,4.7175e+06,51626.8,170092,0.01,0.95,10,10000,0.938,0.139,29,26,0.0104181,0,0.896552
2160,10000,2.0396,1.77828,2.37137,0.00318172,0.00251189,0.00398107,0.638438,0.6,0.7,0.147124,0.1,0.2,8.7136e-06,4.88018e+06,56003.2,175957,0.01,0.95,10,10000,0.938,0.139,30,25,0.0106244,0,0.833333
2161,10000,2.01973,1.77828,2.37137,0.00323544,0.00251189,0.00398107,0.649817,0.6,0.7,0.252967,0.2,0.3,8.7136e-06,1.25258e+07,94912.2,451624,0.01,0.95,10,10000,0.938,0.139,77,60,0.00685801,0,0.779221
2162,10000,2.03997,1.77828,2.37137,0.00320457,0.00251189,0.00398107,0.645871,0.6,0.7,0.349796,0.3,0.4,8.7136e-06,1.31765e+07,93798.2,475085,0.01,0.95,10,10000,0.938,0.139,81,66,0.00653886,0,0.814815
2163,10000,2.01713,1.77828,2.37137,0.00318364,0.00251189,0.00398107,0.645788,0.6,0.7,0.446117,0.4,0.5,8.7136e-06,1.49659e+07,108257,539602,0.01,0.95,10,10000,0.938,0.139,92,68,0.00644198,0,0.73913
2164,10000,2.02795,1.77828,2.37137,0.00325952,0.00251189,0.00398107,0.647209,0.6,0.7,0.547607,0.5,0.6,8.7136e-06,1.33391e+07,88455.1,480950,0.01,0.95,10,10000,0.938,0.139,82,72,0.00626048,0,0.878049
2165,10000,2.0241,1.77828,2.37137,0.00313459,0.00251189,0.00398107,0.648811,0.6,0.7,0.645797,0.6,0.7,8.7136e-06,1.20378e+07,84001.4,434028,0.01,0.95,10,10000,0.938,0.139,74,65,0.00658897,0,0.878378
2166,10000,2.02947,1.77828,2.37137,0.00320217,0.00251189,0.00398107,0.639738,0.6,0.7,0.749922,0.7,0.8,8.7136e-06,8.78432e+06,72343.8,316723,0.01,0.95,10,10000,0.938,0.139,54,47,0.00774863,0,0.87037
2167,10000,2.0103,1.77828,2.37137,0.00302603,0.00251189,0.00398107,0.653158,0.6,0.7,0.844677,0.8,0.9,8.7136e-06,6.83225e+06,75136.2,246340,0.01,0.95,10,10000,0.938,0.139,42,30,0.0096987,0,0.714286
2168,10000,2.04224,1.77828,2.37137,0.00318321,0.00251189,0.00398107,0.648436,0.6,0.7,0.945114,0.9,1,8.7136e-06,6.18156e+06,64180.9,222879,0.01,0.95,10,10000,0.938,0.139,38,31,0.00954098,0,0.815789
2169,10000,2.0615,1.77828,2.37137,0.0031541,0.00251189,0.00398107,0.648577,0.6,0.7,1.22236,1,1.5,4.3568e-05,4.09935e+06,28187.7,147804,0.01,0.95,10,10000,0.938,0.139,126,81,0.00590244,0,0.642857
2170,10000,1.97299,1.77828,2.37137,0.00328316,0.00251189,0.00398107,0.740499,0.7,0.8,0.0595044,0,0.1,8.7136e-06,2.76543e+06,42585.7,99709.1,0.01,0.95,10,10000,0.938,0.139,17,14,0.0141974,0,0.823529
2171,10000,1.94043,1.77828,2.37137,0.00322464,0.00251189,0.00398107,0.746722,0.7,0.8,0.161845,0.1,0.2,8.7136e-06,2.76543e+06,48242.9,99709.1,0.01,0.95,10,10000,0.938,0.139,17,12,0.015335,0,0.705882
2172,10000,2.01177,1.77828,2.37137,0.0031813,0.00251189,0.00398107,0.748864,0.7,0.8,0.257006,0.2,0.3,8.7136e-06,9.10966e+06,81916.7,328454,0.01,0.95,10,10000,0.938,0.139,56,43,0.00810102,0,0.767857
2173,10000,1.99523,1.77828,2.37137,0.00323955,0.00251189,0.00398107,0.744447,0.7,0.8,0.356008,0.3,0.4,8.7136e-06,7.64561e+06,68834.2,275666,0.01,0.95,10,10000,0.938,0.139,47,40,0.00839932,0,0.851064
2174,10000,2.01954,1.77828,2.37137,0.00314555,0.00251189,0.00398107,0.742048,0.7,0.8,0.443618,0.4,0.5,8.7136e-06,5.69354e+06,57342.1,205283,0.01,0.95,10,10000,0.938,0.139,35,31,0.00954098,0,0.885714
2175,10000,2.0266,1.77828,2.37137,0.00333445,0.00251189,0.00398107,0.742202,0.7,0.8,0.544798,0.5,0.6,8.7136e-06,6.66957e+06,81205.9,240475,0.01,0.95,10,10000,0.938,0.139,41,26,0.0104181,0,0.634146
2176,10000,1.99364,1.77828,2.37137,0.00324578,0.00251189,0.00398107,0.750183,0.7,0.8,0.649897,0.6,0.7,8.7136e-06,6.5069e+06,61971.3,234610,0.01,0.95,10,10000,0.938,0.139,40,35,0.00897925,0,0.875
2177,10000,2.02882,1.77828,2.37137,0.00326672,0.00251189,0.00398107,0.746253,0.7,0.8,0.75553,0.7,0.8,8.7136e-06,5.04285e+06,75224.5,181823,0.01,0.95,10,10000,0.938,0.139,31,18,0.012521,0,0.580645
2178,10000,2.02004,1.77828,2.37137,0.00327983,0.00251189,0.00398107,0.744857,0.7,0.8,0.854333,0.8,0.9,8.7136e-06,2.76543e+06,40100,99709.1,0.01,0.95,10,10000,0.938,0.139,17,15,0.013716,0,0.882353
2179,10000,2.02952,1.77828,2.37137,0.00309463,0.00251189,0.00398107,0.746036,0.7,0.8,0.938346,0.9,1,8.7136e-06,3.09078e+06,41864.9,111440,0.01,0.95,10,10000,0.938,0.139,19,17,0.012884,0,0.894737
2180,10000,2.03287,1.77828,2.37137,0.00307453,0.00251189,0.00398107,0.746921,0.7,0.8,1.20425,1,1.5,4.3568e-05,2.6353e+06,21997.6,95016.9,0.01,0.95,10,10000,0.938,0.139,81,54,0.00722898,0,0.666667
2181,10000,1.96243,1.77828,2.37137,0.0031754,0.00251189,0.00398107,0.861869,0.8,0.9,0.0699068,0,0.1,8.7136e-06,1.13871e+06,30674.2,41056.7,0.01,0.95,10,10000,0.938,0.139,7,5,0.0237569,0,0.714286
2182,10000,1.98798,1.77828,2.37137,0.00320899,0.00251189,0.00398107,0.841485,0.8,0.9,0.143095,0.1,0.2,8.7136e-06,1.30138e+06,-nan,46921.9,0.01,0.95,10,10000,0.938,0.139,8,9,0.0177073,0,1.125
2183,10000,1.9901,1.77828,2.37137,0.00320107,0.00251189,0.00398107,0.850006,0.8,0.9,0.254577,0.2,0.3,8.7136e-06,4.39216e+06,52129.9,158362,0.01,0.95,10,10000,0.938,0.139,27,23,0.0110767,0,0.851852
2184,10000,2.04995,1.77828,2.37137,0.0033047,0.00251189,0.00398107,0.851841,0.8,0.9,0.344528,0.3,0.4,8.7136e-06,4.22949e+06,58070.4,152496,0.01,0.95,10,10000,0.938,0.139,26,19,0.012187,0,0.730769
2185,10000,1.94295,1.77828,2.37137,0.00315248,0.00251189,0.00398107,0.834369,0.8,0.9,0.433445,0.4,0.5,8.7136e-06,2.60276e+06,44624.4,93843.9,0.01,0.95,10,10000,0.938,0.139,16,12,0.015335,0,0.75
2186,10000,2.00901,1.77828,2.37137,0.00320947,0.00251189,0.00398107,0.833196,0.8,0.9,0.54928,0.5,0.6,8.7136e-06,2.76543e+06,55197.4,99709.1,0.01,0.95,10,10000,0.938,0.139,17,10,0.0167986,0,0.588235
2187,10000,1.99838,1.77828,2.37137,0.00351314,0.00251189,0.00398107,0.857849,0.8,0.9,0.645689,0.6,0.7,8.7136e-06,1.30138e+06,31554.2,46921.9,0.01,0.95,10,10000,0.938,0.139,8,6,0.0216869,0,0.75
2188,10000,2.03064,1.77828,2.37137,0.00337189,0.00251189,0.00398107,0.841374,0.8,0.9,0.750318,0.7,0.8,8.7136e-06,2.11474e+06,33653.7,76248.2,0.01,0.95,10,10000,0.938,0.139,13,12,0.015335,0,0.923077
2189,10000,1.96713,1.77828,2.37137,0.00329321,0.00251189,0.00398107,0.857388,0.8,0.9,0.850985,0.8,0.9,8.7136e-06,2.27742e+06,51123.7,82113.4,0.01,0.95,10,10000,0.938,0.139,14,8,0.0187814,0,0.571429
2190,10000,2.03309,1.77828,2.37137,0.00308537,0.00251189,0.00398107,0.869,0.8,0.9,0.92462,0.9,1,8.7136e-06,976035,36662.7,35191.5,0.01,0.95,10,10000,0.938,0.139,6,3,0.03067,0,0.5
2191,10000,1.97687,1.77828,2.37137,0.00319048,0.00251189,0.00398107,0.85169,0.8,0.9,1.27911,1,1.5,4.3568e-05,1.23631e+06,11531,44575.8,0.01,0.95,10,10000,0.938,0.139,38,35,0.00897925,0,0.921053
2192,10000,1.91099,1.77828,2.37137,0.00285964,0.00251189,0.00398107,0.954321,0.9,1,0.0534793,0,0.1,8.7136e-06,488018,14967.5,17595.7,0.01,0.95,10,10000,0.938,0.139,3,3,0.03067,0,1
2193,10000,2.08686,1.77828,2.37137,0.00354516,0.00251189,0.00398107,0.945103,0.9,1,0.156632,0.1,0.2,8.7136e-06,1.13871e+06,26400.2,41056.7,0.01,0.95,10,10000,0.938,0.139,7,6,0.0216869,0,0.857143
2194,10000,1.9797,1.77828,2.37137,0.0031531,0.00251189,0.00398107,0.947645,0.9,1,0.240038,0.2,0.3,8.7136e-06,1.95207e+06,42334.4,70382.9,0.01,0.95,10,10000,0.938,0.139,12,8,0.0187814,0,0.666667
2195,10000,2.08807,1.77828,2.37137,0.00311516,0.00251189,0.00398107,0.939461,0.9,1,0.354941,0.3,0.4,8.7136e-06,1.95207e+06,42334.4,70382.9,0.01,0.95,10,10000,0.938,0.139,12,8,0.0187814,0,0.666667
2196,10000,2.03822,1.77828,2.37137,0.0032699,0.00251189,0.00398107,0.951467,0.9,1,0.445306,0.4,0.5,8.7136e-06,1.62673e+06,33468.3,58652.4,0.01,0.95,10,10000,0.938,0.139,10,8,0.0187814,0,0.8
2197,10000,1.9953,1.77828,2.37137,0.00313314,0.00251189,0.00398107,0.951519,0.9,1,0.533034,0.5,0.6,8.7136e-06,2.44009e+06,51123.7,87978.6,0.01,0.95,10,10000,0.938,0.139,15,9,0.0177073,0,0.6
2198,10000,1.86232,1.77828,2.37137,0.00327245,0.00251189,0.00398107,0.934534,0.9,1,0.629323,0.6,0.7,8.7136e-06,1.13871e+06,30674.2,41056.7,0.01,0.95,10,10000,0.938,0.139,7,5,0.0237569,0,0.714286
2199,10000,2.08042,1.77828,2.37137,0.00314392,0.00251189,0.00398107,0.949295,0.9,1,0.759544,0.7,0.8,8.7136e-06,813363,29516.3,29326.2,0.01,0.95,10,10000,0.938,0.139,5,3,0.03067,0,0.6
2200,10000,1.96866,1.77828,2.37137,0.00308952,0.00251189,0.00398107,0.936928,0.9,1,0.855472,0.8,0.9,8.7136e-06,1.13871e+06,30674.2,41056.7,0.01,0.95,10,10000,0.938,0.139,7,5,0.0237569,0,0.714286
2201,10000,2.0422,1.77828,2.37137,0.00271726,0.00251189,0.00398107,0.914635,0.9,1,0.955622,0.9,1,8.7136e-06,976035,36662.7,35191.5,0.01,0.95,10,10000,0.938,0.139,6,3,0.03067,0,0.5
2202,10000,2.03442,1.77828,2.37137,0.00310572,0.00251189,0.00398107,0.944412,0.9,1,1.30982,1,1.5,4.3568e-05,845897,11147.2,30499.3,0.01,0.95,10,10000,0.938,0.139,26,20,0.0118784,0,0.769231
2203,10000,2.11749,1.77828,2.37137,0.00492535,0.00398107,0.00630957,0.088835,0.05,0.1,0.0798447,0,0.1,6.90508e-06,4.81172e+08,5.08483e+06,1.73489e+07,0.01,0.95,10,10000,0.938,0.139,2344,50,0.00751258,0,0.0213311
2204,10000,2.08168,1.77828,2.37137,0.00498418,0.00398107,0.00630957,0.0781785,0.05,0.1,0.164408,0.1,0.2,6.90508e-06,1.06437e+09,3.39352e+06,3.83763e+07,0.01,0.95,10,10000,0.938,0.139,5185,527,0.00231403,0,0.101639
2205,10000,2.02867,1.77828,2.37137,0.00511058,0.00398107,0.00630957,0.0719936,0.05,0.1,0.256479,0.2,0.3,6.90508e-06,1.2524e+09,2.08718e+06,4.5156e+07,0.01,0.95,10,10000,0.938,0.139,6101,1742,0.00127277,0,0.285527
2206,10000,2.02736,1.77828,2.37137,0.00509649,0.00398107,0.00630957,0.0707264,0.05,0.1,0.350993,0.3,0.4,6.90508e-06,1.06806e+09,1.36362e+06,3.85096e+07,0.01,0.95,10,10000,0.938,0.139,5203,2598,0.00104221,0,0.499327
2207,10000,2.03048,1.77828,2.37137,0.00507095,0.00398107,0.00630957,0.0713544,0.05,0.1,0.447059,0.4,0.5,6.90508e-06,7.79031e+08,933926,2.80884e+07,0.01,0.95,10,10000,0.938,0.139,3795,2588,0.00104422,0,0.68195
2208,10000,2.04111,1.77828,2.37137,0.00505883,0.00398107,0.00630957,0.071496,0.05,0.1,0.545869,0.5,0.6,6.90508e-06,5.10732e+08,669365,1.84147e+07,0.01,0.95,10,10000,0.938,0.139,2488,1979,0.00119413,0,0.795418
2209,10000,2.03014,1.77828,2.37137,0.00504674,0.00398107,0.00630957,0.0713578,0.05,0.1,0.647905,0.6,0.7,6.90508e-06,3.35014e+08,526536,1.20791e+07,0.01,0.95,10,10000,0.938,0.139,1632,1344,0.00144902,0,0.823529
2210,10000,2.03269,1.77828,2.37137,0.00504909,0.00398107,0.00630957,0.0718999,0.05,0.1,0.746203,0.7,0.8,6.90508e-06,2.29706e+08,410679,8.28218e+06,0.01,0.95,10,10000,0.938,0.139,1119,987,0.00169089,0,0.882038
2211,10000,2.03102,1.77828,2.37137,0.00502467,0.00398107,0.00630957,0.0713026,0.05,0.1,0.84712,0.8,0.9,6.90508e-06,1.45542e+08,323350,5.2476e+06,0.01,0.95,10,10000,0.938,0.139,709,633,0.00211141,0,0.892807
2212,10000,2.04613,1.77828,2.37137,0.00504242,0.00398107,0.00630957,0.0731518,0.05,0.1,0.944494,0.9,1,6.90508e-06,9.62755e+07,266261,3.47126e+06,0.01,0.95,10,10000,0.938,0.139,469,413,0.00261396,0,0.880597
2213,10000,2.03154,1.77828,2.37137,0.00502032,0.00398107,0.00630957,0.0725204,0.05,0.1,1.16788,1,1.5,3.45254e-05,2.78768e+07,61091,1.00511e+06,0.01,0.95,10,10000,0.938,0.139,679,630,0.00211643,0,0.927835
2214,10000,2.08635,1.77828,2.37137,0.00512716,0.00398107,0.00630957,0.126692,0.1,0.15,0.0689249,0,0.1,6.90508e-06,1.58475e+08,801631,5.71389e+06,0.01,0.95,10,10000,0.938,0.139,772,193,0.0038238,0,0.25
2215,10000,2.06149,1.77828,2.37137,0.00494501,0.00398107,0.00630957,0.125153,0.1,0.15,0.155253,0.1,0.2,6.90508e-06,4.6085e+08,1.24688e+06,1.66162e+07,0.01,0.95,10,10000,0.938,0.139,2245,658,0.00207091,0,0.293096
2216,10000,2.05849,1.77828,2.37137,0.00501119,0.00398107,0.00630957,0.123438,0.1,0.15,0.252448,0.2,0.3,6.90508e-06,6.09471e+08,1.21372e+06,2.19748e+07,0.01,0.95,10,10000,0.938,0.139,2969,1148,0.00156784,0,0.386662
2217,10000,2.04062,1.77828,2.37137,0.00504636,0.00398107,0.00630957,0.123154,0.1,0.15,0.350229,0.3,0.4,6.90508e-06,5.678e+08,995272,2.04723e+07,0.01,0.95,10,10000,0.938,0.139,2766,1379,0.00143051,0,0.498554
2218,10000,2.04864,1.77828,2.37137,0.0050588,0.00398107,0.00630957,0.12339,0.1,0.15,0.449577,0.4,0.5,6.90508e-06,4.48533e+08,768981,1.61721e+07,0.01,0.95,10,10000,0.938,0.139,2185,1334,0.00145444,0,0.610526
2219,10000,2.04262,1.77828,2.37137,0.00503548,0.00398107,0.00630957,0.122373,0.1,0.15,0.546637,0.5,0.6,6.90508e-06,3.20029e+08,589795,1.15388e+07,0.01,0.95,10,10000,0.938,0.139,1559,1084,0.00161346,0,0.695318
2220,10000,2.03779,1.77828,2.37137,0.00503271,0.00398107,0.00630957,0.122603,0.1,0.15,0.646392,0.6,0.7,6.90508e-06,1.98094e+08,455142,7.14237e+06,0.01,0.95,10,10000,0.938,0.139,965,688,0.00202526,0,0.712953
2221,10000,2.04244,1.77828,2.37137,0.00500717,0.00398107,0.00630957,0.123463,0.1,0.15,0.748192,0.7,0.8,6.90508e-06,1.42463e+08,358907,5.13658e+06,0.01,0.95,10,10000,0.938,0.139,694,542,0.00228178,0,0.78098
2222,10000,2.02474,1.77828,2.37137,0.00509191,0.00398107,0.00630957,0.122515,0.1,0.15,0.84573,0.8,0.9,6.90508e-06,9.50439e+07,298949,3.42685e+06,0.01,0.95,10,10000,0.938,0.139,463,353,0.0028274,0,0.762419
2223,10000,2.03015,1.77828,2.37137,0.00512551,0.00398107,0.00630957,0.122103,0.1,0.15,0.94309,0.9,1,6.90508e-06,5.41935e+07,221520,1.95397e+06,0.01,0.95,10,10000,0.938,0.139,264,206,0.00370118,0,0.780303
2224,10000,2.03097,1.77828,2.37137,0.00501962,0.00398107,0.00630957,0.121897,0.1,0.15,1.17269,1,1.5,3.45254e-05,1.86803e+07,56073.8,673529,0.01,0.95,10,10000,0.938,0.139,455,371,0.00275795,0,0.815385
2225,10000,2.04498,1.77828,2.37137,0.00512911,0.00398107,0.00630957,0.175001,0.15,0.2,0.0684026,0,0.1,6.90508e-06,8.62169e+07,378666,3.10859e+06,0.01,0.95,10,10000,0.938,0.139,420,217,0.00360615,0,0.516667
2226,10000,2.05663,1.77828,2.37137,0.0049895,0.00398107,0.00630957,0.174566,0.15,0.2,0.152421,0.1,0.2,6.90508e-06,2.30733e+08,660671,8.31919e+06,0.01,0.95,10,10000,0.938,0.139,1124,527,0.00231403,0,0.468861
2227,10000,2.04371,1.77828,2.37137,0.00507183,0.00398107,0.00630957,0.173691,0.15,0.2,0.251524,0.2,0.3,6.90508e-06,3.28856e+08,774018,1.18571e+07,0.01,0.95,10,10000,0.938,0.139,1602,773,0.00191066,0,0.482522
2228,10000,2.043,1.77828,2.37137,0.0050778,0.00398107,0.00630957,0.174217,0.15,0.2,0.350412,0.3,0.4,6.90508e-06,3.47741e+08,748503,1.2538e+07,0.01,0.95,10,10000,0.938,0.139,1694,896,0.00177468,0,0.528926
2229,10000,2.03079,1.77828,2.37137,0.00505328,0.00398107,0.00630957,0.173055,0.15,0.2,0.447869,0.4,0.5,6.90508e-06,2.92111e+08,640011,1.05322e+07,0.01,0.95,10,10000,0.938,0.139,1423,832,0.00184167,0,0.58468
2230,10000,2.03994,1.77828,2.37137,0.00503973,0.00398107,0.00630957,0.173769,0.15,0.2,0.547502,0.5,0.6,6.90508e-06,2.14105e+08,520545,7.71968e+06,0.01,0.95,10,10000,0.938,0.139,1043,655,0.00207565,0,0.627996
2231,10000,2.02606,1.77828,2.37137,0.00507891,0.00398107,0.00630957,0.172717,0.15,0.2,0.647301,0.6,0.7,6.90508e-06,1.46979e+08,402701,5.29941e+06,0.01,0.95,10,10000,0.938,0.139,716,493,0.00239249,0,0.688547
2232,10000,2.04554,1.77828,2.37137,0.00499571,0.00398107,0.00630957,0.17396,0.15,0.2,0.745848,0.7,0.8,6.90508e-06,9.31964e+07,303161,3.36024e+06,0.01,0.95,10,10000,0.938,0.139,454,336,0.00289804,0,0.740088
2233,10000,2.0517,1.77828,2.37137,0.00504129,0.00398107,0.00630957,0.174551,0.15,0.2,0.847356,0.8,0.9,6.90508e-06,6.24046e+07,253400,2.25003e+06,0.01,0.95,10,10000,0.938,0.139,304,219,0.00358965,0,0.720395
2234,10000,2.02209,1.77828,2.37137,0.00513272,0.00398107,0.00630957,0.173447,0.15,0.2,0.948599,0.9,1,6.90508e-06,3.77712e+07,206241,1.36186e+06,0.01,0.95,10,10000,0.938,0.139,184,125,0.00475137,0,0.679348
2235,10000,2.01063,1.77828,2.37137,0.00504624,0.00398107,0.00630957,0.172636,0.15,0.2,1.16907,1,1.5,3.45254e-05,1.5478e+07,58714.9,558067,0.01,0.95,10,10000,0.938,0.139,377,258,0.00330723,0,0.68435
2236,10000,2.02491,1.77828,2.37137,0.00500209,0.00398107,0.00630957,0.223789,0.2,0.25,0.0655544,0,0.1,6.90508e-06,4.80351e+07,219839,1.73193e+06,0.01,0.95,10,10000,0.938,0.139,234,171,0.00406234,0,0.730769
2237,10000,2.0556,1.77828,2.37137,0.0050398,0.00398107,0.00630957,0.224023,0.2,0.25,0.153824,0.1,0.2,6.90508e-06,1.34868e+08,388615,4.86273e+06,0.01,0.95,10,10000,0.938,0.139,657,448,0.00250978,0,0.681887
2238,10000,2.04152,1.77828,2.37137,0.00503575,0.00398107,0.00630957,0.225313,0.2,0.25,0.251448,0.2,0.3,6.90508e-06,2.02404e+08,533073,7.29779e+06,0.01,0.95,10,10000,0.938,0.139,986,576,0.00221341,0,0.584178
2239,10000,2.04791,1.77828,2.37137,0.00504348,0.00398107,0.00630957,0.223518,0.2,0.25,0.350789,0.3,0.4,6.90508e-06,2.09589e+08,547928,7.55684e+06,0.01,0.95,10,10000,0.938,0.139,1021,588,0.00219071,0,0.575906
2240,10000,2.04163,1.77828,2.37137,0.00499962,0.00398107,0.00630957,0.224157,0.2,0.25,0.449276,0.4,0.5,6.90508e-06,1.97272e+08,511682,7.11276e+06,0.01,0.95,10,10000,0.938,0.139,961,584,0.0021982,0,0.6077
2241,10000,2.04795,1.77828,2.37137,0.00501477,0.00398107,0.00630957,0.223401,0.2,0.25,0.547614,0.5,0.6,6.90508e-06,1.42668e+08,427387,5.14398e+06,0.01,0.95,10,10000,0.938,0.139,695,433,0.00255288,0,0.623022
2242,10000,2.03196,1.77828,2.37137,0.00500113,0.00398107,0.00630957,0.224065,0.2,0.25,0.646715,0.6,0.7,6.90508e-06,1.02229e+08,315853,3.6859e+06,0.01,0.95,10,10000,0.938,0.139,498,371,0.00275795,0,0.74498
2243,10000,2.05246,1.77828,2.37137,0.00498882,0.00398107,0.00630957,0.22274,0.2,0.25,0.745988,0.7,0.8,6.90508e-06,7.14369e+07,292402,2.57569e+06,0.01,0.95,10,10000,0.938,0.139,348,227,0.00352583,0,0.652299
2244,10000,2.05376,1.77828,2.37137,0.00507909,0.00398107,0.00630957,0.222894,0.2,0.25,0.845714,0.8,0.9,6.90508e-06,4.92668e+07,228128,1.77634e+06,0.01,0.95,10,10000,0.938,0.139,240,170,0.00407427,0,0.708333
2245,10000,2.05682,1.77828,2.37137,0.00500887,0.00398107,0.00630957,0.222352,0.2,0.25,0.949641,0.9,1,6.90508e-06,3.14076e+07,189362,1.13242e+06,0.01,0.95,10,10000,0.938,0.139,153,103,0.00523426,0,0.673203
2246,10000,2.05179,1.77828,2.37137,0.00503583,0.00398107,0.00630957,0.223641,0.2,0.25,1.16667,1,1.5,3.45254e-05,1.02639e+07,44423.8,370071,0.01,0.95,10,10000,0.938,0.139,250,188,0.00387432,0,0.752
2247,10000,2.03068,1.77828,2.37137,0.00503641,0.00398107,0.00630957,0.272491,0.25,0.3,0.0703263,0,0.1,6.90508e-06,3.0997e+07,159455,1.11761e+06,0.01,0.95,10,10000,0.938,0.139,151,125,0.00475137,0,0.827815
2248,10000,2.02667,1.77828,2.37137,0.00507742,0.00398107,0.00630957,0.273441,0.25,0.3,0.152472,0.1,0.2,6.90508e-06,7.5953e+07,277557,2.73852e+06,0.01,0.95,10,10000,0.938,0.139,370,269,0.0032389,0,0.727027
2249,10000,2.05573,1.77828,2.37137,0.00504154,0.00398107,0.00630957,0.273842,0.25,0.3,0.250799,0.2,0.3,6.90508e-06,1.24399e+08,342628,4.48526e+06,0.01,0.95,10,10000,0.938,0.139,606,461,0.00247414,0,0.760726
2250,10000,2.05665,1.77828,2.37137,0.00504525,0.00398107,0.00630957,0.274589,0.25,0.3,0.349691,0.3,0.4,6.90508e-06,1.34047e+08,397044,4.83312e+06,0.01,0.95,10,10000,0.938,0.139,653,431,0.00255879,0,0.660031
2251,10000,2.03572,1.77828,2.37137,0.0050515,0.00398107,0.00630957,0.273416,0.25,0.3,0.44916,0.4,0.5,6.90508e-06,1.33636e+08,393480,4.81832e+06,0.01,0.95,10,10000,0.938,0.139,651,434,0.00254993,0,0.666667
2252,10000,2.03716,1.77828,2.37137,0.00507091,0.00398107,0.00630957,0.273728,0.25,0.3,0.547754,0.5,0.6,6.90508e-06,1.05102e+08,371036,3.78952e+06,0.01,0.95,10,10000,0.938,0.139,512,314,0.00299784,0,0.613281
2253,10000,2.04519,1.77828,2.37137,0.00510786,0.00398107,0.00630957,0.273561,0.25,0.3,0.648684,0.6,0.7,6.90508e-06,7.10263e+07,301115,2.56089e+06,0.01,0.95,10,10000,0.938,0.139,346,216,0.00361449,0,0.624277
2254,10000,2.03617,1.77828,2.37137,0.00503568,0.00398107,0.00630957,0.273652,0.25,0.3,0.749618,0.7,0.8,6.90508e-06,5.2346e+07,251799,1.88736e+06,0.01,0.95,10,10000,0.938,0.139,255,165,0.00413554,0,0.647059
2255,10000,2.05692,1.77828,2.37137,0.00498332,0.00398107,0.00630957,0.272712,0.25,0.3,0.84472,0.8,0.9,6.90508e-06,3.20234e+07,183280,1.15462e+06,0.01,0.95,10,10000,0.938,0.139,156,111,0.00504211,0,0.711538
2256,10000,2.04649,1.77828,2.37137,0.00499931,0.00398107,0.00630957,0.275029,0.25,0.3,0.941637,0.9,1,6.90508e-06,2.46334e+07,152855,888170,0.01,0.95,10,10000,0.938,0.139,120,91,0.00556869,0,0.758333
2257,10000,2.0203,1.77828,2.37137,0.00512434,0.00398107,0.00630957,0.273465,0.25,0.3,1.17619,1,1.5,3.45254e-05,9.27858e+06,44724.6,334544,0.01,0.95,10,10000,0.938,0.139,226,158,0.00422615,0,0.699115
2258,10000,2.02498,1.77828,2.37137,0.00505272,0.00398107,0.00630957,0.344906,0.3,0.4,0.0658584,0,0.1,1.38102e-05,1.64223e+07,76730.1,592113,0.01,0.95,10,10000,0.938,0.139,160,143,0.00444228,0,0.89375
2259,10000,2.01894,1.77828,2.37137,0.00507427,0.00398107,0.00630957,0.342142,0.3,0.4,0.153473,0.1,0.2,1.38102e-05,4.70087e+07,142716,1.69492e+06,0.01,0.95,10,10000,0.938,0.139,458,367,0.00277294,0,0.80131
2260,10000,2.03564,1.77828,2.37137,0.00505743,0.00398107,0.00630957,0.345783,0.3,0.4,0.252893,0.2,0.3,1.38102e-05,6.66128e+07,172102,2.40176e+06,0.01,0.95,10,10000,0.938,0.139,649,512,0.00234768,0,0.788906
2261,10000,2.03997,1.77828,2.37137,0.00507227,0.00398107,0.00630957,0.345361,0.3,0.4,0.35087,0.3,0.4,1.38102e-05,7.05131e+07,172820,2.54239e+06,0.01,0.95,10,10000,0.938,0.139,687,558,0.00224883,0,0.812227
2262,10000,2.0401,1.77828,2.37137,0.00500042,0.00398107,0.00630957,0.346984,0.3,0.4,0.446543,0.4,0.5,1.38102e-05,7.5953e+07,195406,2.73852e+06,0.01,0.95,10,10000,0.938,0.139,740,541,0.00228389,0,0.731081
2263,10000,2.0553,1.77828,2.37137,0.00507735,0.00398107,0.00630957,0.344701,0.3,0.4,0.547596,0.5,0.6,1.38102e-05,6.55864e+07,192540,2.36475e+06,0.01,0.95,10,10000,0.938,0.139,639,433,0.00255288,0,0.677621
2264,10000,2.05188,1.77828,2.37137,0.00503185,0.00398107,0.00630957,0.344688,0.3,0.4,0.647467,0.6,0.7,1.38102e-05,5.14222e+07,180231,1.85405e+06,0.01,0.95,10,10000,0.938,0.139,501,315,0.00299308,0,0.628743
2265,10000,2.04302,1.77828,2.37137,0.00509422,0.00398107,0.00630957,0.34768,0.3,0.4,0.747148,0.7,0.8,1.38102e-05,3.63343e+07,144619,1.31005e+06,0.01,0.95,10,10000,0.938,0.139,354,237,0.00345064,0,0.669492
2266,10000,2.05519,1.77828,2.37137,0.00500789,0.00398107,0.00630957,0.344941,0.3,0.4,0.850909,0.8,0.9,1.38102e-05,3.05865e+07,131452,1.10281e+06,0.01,0.95,10,10000,0.938,0.139,298,202,0.00373765,0,0.677852
2267,10000,2.03755,1.77828,2.37137,0.00502641,0.00398107,0.00630957,0.34802,0.3,0.4,0.94432,0.9,1,1.38102e-05,1.7346e+07,107817,625420,0.01,0.95,10,10000,0.938,0.139,169,102,0.00525986,0,0.60355
2268,10000,2.04126,1.77828,2.37137,0.00507179,0.00398107,0.00630957,0.345403,0.3,0.4,1.18751,1,1.5,6.90508e-05,6.89735e+06,27437.3,248688,0.01,0.95,10,10000,0.938,0.139,336,233,0.00348013,0,0.693452
2269,10000,1.99953,1.77828,2.37137,0.00503428,0.00398107,0.00630957,0.440587,0.4,0.5,0.0645772,0,0.1,1.38102e-05,7.18474e+06,55870.4,259050,0.01,0.95,10,10000,0.938,0.139,70,56,0.00709872,0,0.8
2270,10000,2.04208,1.77828,2.37137,0.00492573,0.00398107,0.00630957,0.440801,0.4,0.5,0.155355,0.1,0.2,1.38102e-05,2.17595e+07,92877.7,784550,0.01,0.95,10,10000,0.938,0.139,212,179,0.00397052,0,0.84434
2271,10000,2.03762,1.77828,2.37137,0.00508724,0.00398107,0.00630957,0.444949,0.4,0.5,0.253137,0.2,0.3,1.38102e-05,3.2434e+07,109373,1.16942e+06,0.01,0.95,10,10000,0.938,0.139,316,278,0.00318604,0,0.879747
2272,10000,2.03031,1.77828,2.37137,0.00507982,0.00398107,0.00630957,0.443375,0.4,0.5,0.348913,0.3,0.4,1.38102e-05,3.62316e+07,118142,1.30635e+06,0.01,0.95,10,10000,0.938,0.139,353,303,0.00305178,0,0.858357
2273,10000,2.04407,1.77828,2.37137,0.00502974,0.00398107,0.00630957,0.444026,0.4,0.5,0.448186,0.4,0.5,1.38102e-05,3.78738e+07,135902,1.36556e+06,0.01,0.95,10,10000,0.938,0.139,369,275,0.00320337,0,0.745257
2274,10000,2.02009,1.77828,2.37137,0.00509639,0.00398107,0.00630957,0.445708,0.4,0.5,0.546603,0.5,0.6,1.38102e-05,3.28445e+07,123030,1.18423e+06,0.01,0.95,10,10000,0.938,0.139,320,247,0.00338007,0,0.771875
2275,10000,2.04158,1.77828,2.37137,0.00501957,0.00398107,0.00630957,0.443833,0.4,0.5,0.649765,0.6,0.7,1.38102e-05,2.62756e+07,121588,947381,0.01,0.95,10,10000,0.938,0.139,256,174,0.00402716,0,0.679688
2276,10000,2.06495,1.77828,2.37137,0.00511265,0.00398107,0.00630957,0.442517,0.4,0.5,0.74844,0.7,0.8,1.38102e-05,2.16569e+07,124916,780849,0.01,0.95,10,10000,0.938,0.139,211,121,0.00482927,0,0.57346
2277,10000,2.06286,1.77828,2.37137,0.00498568,0.00398107,0.00630957,0.453085,0.4,0.5,0.84779,0.8,0.9,1.38102e-05,1.6217e+07,115775,584712,0.01,0.95,10,10000,0.938,0.139,158,82,0.00586634,0,0.518987
2278,10000,2.03105,1.77828,2.37137,0.00493147,0.00398107,0.00630957,0.446056,0.4,0.5,0.949936,0.9,1,1.38102e-05,1.20088e+07,84214,432983,0.01,0.95,10,10000,0.938,0.139,117,77,0.00605381,0,0.65812
2279,10000,2.03169,1.77828,2.37137,0.00511145,0.00398107,0.00630957,0.447728,0.4,0.5,1.2041,1,1.5,6.90508e-05,4.24926e+06,23585.3,153209,0.01,0.95,10,10000,0.938,0.139,207,127,0.00471381,0,0.613527
2280,10000,2.02111,1.77828,2.37137,0.00512178,0.00398107,0.00630957,0.543182,0.5,0.6,0.0651815,0,0.1,1.38102e-05,3.69501e+06,39835.8,133225,0.01,0.95,10,10000,0.938,0.139,36,29,0.0098645,0,0.805556
2281,10000,2.01364,1.77828,2.37137,0.00501264,0.00398107,0.00630957,0.545384,0.5,0.6,0.157273,0.1,0.2,1.38102e-05,1.12903e+07,62643.2,407078,0.01,0.95,10,10000,0.938,0.139,110,100,0.00531219,0,0.909091
2282,10000,2.00309,1.77828,2.37137,0.00517255,0.00398107,0.00630957,0.54677,0.5,0.6,0.253861,0.2,0.3,1.38102e-05,1.63196e+07,76056.5,588412,0.01,0.95,10,10000,0.938,0.139,159,143,0.00444228,0,0.899371
2283,10000,2.01439,1.77828,2.37137,0.00509084,0.00398107,0.00630957,0.545307,0.5,0.6,0.352072,0.3,0.4,1.38102e-05,1.93988e+07,91400.9,699434,0.01,0.95,10,10000,0.938,0.139,189,152,0.00430876,0,0.804233
2284,10000,2.05934,1.77828,2.37137,0.00494264,0.00398107,0.00630957,0.544806,0.5,0.6,0.452907,0.4,0.5,1.38102e-05,1.88856e+07,88662,680930,0.01,0.95,10,10000,0.938,0.139,184,151,0.004323,0,0.820652
2285,10000,2.03745,1.77828,2.37137,0.00508082,0.00398107,0.00630957,0.543204,0.5,0.6,0.551206,0.5,0.6,1.38102e-05,1.72434e+07,85174.2,621719,0.01,0.95,10,10000,0.938,0.139,168,137,0.00453851,0,0.815476
2286,10000,2.04914,1.77828,2.37137,0.00504385,0.00398107,0.00630957,0.543276,0.5,0.6,0.648661,0.6,0.7,1.38102e-05,1.22141e+07,68679.9,440384,0.01,0.95,10,10000,0.938,0.139,119,102,0.00525986,0,0.857143
2287,10000,2.04583,1.77828,2.37137,0.00500024,0.00398107,0.00630957,0.540829,0.5,0.6,0.747639,0.7,0.8,1.38102e-05,1.01613e+07,70990.2,366370,0.01,0.95,10,10000,0.938,0.139,99,73,0.00621745,0,0.737374
2288,10000,2.01739,1.77828,2.37137,0.00508074,0.00398107,0.00630957,0.537761,0.5,0.6,0.848789,0.8,0.9,1.38102e-05,8.62169e+06,77875.7,310859,0.01,0.95,10,10000,0.938,0.139,84,49,0.00758885,0,0.583333
2289,10000,2.03166,1.77828,2.37137,0.00493006,0.00398107,0.00630957,0.547224,0.5,0.6,0.945806,0.9,1,1.38102e-05,7.49266e+06,86204.7,270152,0.01,0.95,10,10000,0.938,0.139,73,33,0.00924734,0,0.452055
2290,10000,2.02159,1.77828,2.37137,0.00494832,0.00398107,0.00630957,0.550618,0.5,0.6,1.2086,1,1.5,6.90508e-05,3.65395e+06,26180.1,131745,0.01,0.95,10,10000,0.938,0.139,178,84,0.00579608,0,0.47191
2291,10000,2.08698,1.77828,2.37137,0.00522568,0.00398107,0.00630957,0.636014,0.6,0.7,0.0764554,0,0.1,1.38102e-05,1.74487e+06,-nan,62912,0.01,0.95,10,10000,0.938,0.139,17,18,0.012521,0,1.05882
2292,10000,2.00096,1.77828,2.37137,0.00522366,0.00398107,0.00630957,0.641923,0.6,0.7,0.156995,0.1,0.2,1.38102e-05,6.77418e+06,52411.1,244247,0.01,0.95,10,10000,0.938,0.139,66,55,0.00716296,0,0.833333
2293,10000,2.02405,1.77828,2.37137,0.00519446,0.00398107,0.00630957,0.642718,0.6,0.7,0.249012,0.2,0.3,1.38102e-05,8.92961e+06,61254.2,321962,0.01,0.95,10,10000,0.938,0.139,87,71,0.00630441,0,0.816092
2294,10000,2.06952,1.77828,2.37137,0.00508694,0.00398107,0.00630957,0.6457,0.6,0.7,0.345306,0.3,0.4,1.38102e-05,7.69794e+06,53270.3,277553,0.01,0.95,10,10000,0.938,0.139,75,66,0.00653886,0,0.88
2295,10000,2.03854,1.77828,2.37137,0.00488387,0.00398107,0.00630957,0.647818,0.6,0.7,0.448129,0.4,0.5,1.38102e-05,1.05718e+07,69445.8,381173,0.01,0.95,10,10000,0.938,0.139,103,80,0.00593921,0,0.776699
2296,10000,2.0598,1.77828,2.37137,0.00501183,0.00398107,0.00630957,0.648691,0.6,0.7,0.554448,0.5,0.6,1.38102e-05,8.21113e+06,56724.6,296057,0.01,0.95,10,10000,0.938,0.139,80,68,0.00644198,0,0.85
2297,10000,2.005,1.77828,2.37137,0.00535668,0.00398107,0.00630957,0.64533,0.6,0.7,0.648256,0.6,0.7,1.38102e-05,6.26099e+06,51977.5,225743,0.01,0.95,10,10000,0.938,0.139,61,49,0.00758885,0,0.803279
2298,10000,2.0675,1.77828,2.37137,0.00494761,0.00398107,0.00630957,0.643963,0.6,0.7,0.745851,0.7,0.8,1.38102e-05,7.18474e+06,56710.6,259050,0.01,0.95,10,10000,0.938,0.139,70,55,0.00716296,0,0.785714
2299,10000,1.94829,1.77828,2.37137,0.00525628,0.00398107,0.00630957,0.639854,0.6,0.7,0.851807,0.8,0.9,1.38102e-05,4.10557e+06,54286.3,148028,0.01,0.95,10,10000,0.938,0.139,40,23,0.0110767,0,0.575
2300,10000,2.01401,1.77828,2.37137,0.00520086,0.00398107,0.00630957,0.64721,0.6,0.7,0.950179,0.9,1,1.38102e-05,4.20821e+06,55916.6,151729,0.01,0.95,10,10000,0.938,0.139,41,23,0.0110767,0,0.560976
2301,10000,2.00893,1.77828,2.37137,0.00503303,0.00398107,0.00630957,0.644916,0.6,0.7,1.22089,1,1.5,6.90508e-05,3.07917e+06,22928.7,111021,0.01,0.95,10,10000,0.938,0.139,150,76,0.0060935,0,0.506667
2302,10000,1.88445,1.77828,2.37137,0.00520459,0.00398107,0.00630957,0.737821,0.7,0.8,0.0329216,0,0.1,1.38102e-05,821113,32102.8,29605.7,0.01,0.95,10,10000,0.938,0.139,8,3,0.03067,0,0.375
2303,10000,2.02953,1.77828,2.37137,0.00534581,0.00398107,0.00630957,0.750286,0.7,0.8,0.152652,0.1,0.2,1.38102e-05,2.46334e+06,33000.1,88817,0.01,0.95,10,10000,0.938,0.139,24,19,0.012187,0,0.791667
2304,10000,1.96301,1.77828,2.37137,0.00502966,0.00398107,0.00630957,0.744317,0.7,0.8,0.255659,0.2,0.3,1.38102e-05,4.61876e+06,46940.5,166532,0.01,0.95,10,10000,0.938,0.139,45,34,0.00911034,0,0.755556
2305,10000,2.06157,1.77828,2.37137,0.00500777,0.00398107,0.00630957,0.748714,0.7,0.8,0.358751,0.3,0.4,1.38102e-05,4.61876e+06,43775.4,166532,0.01,0.95,10,10000,0.938,0.139,45,37,0.00873319,0,0.822222
2306,10000,1.97734,1.77828,2.37137,0.00511227,0.00398107,0.00630957,0.739266,0.7,0.8,0.450449,0.4,0.5,1.38102e-05,5.74779e+06,55822.6,207240,0.01,0.95,10,10000,0.938,0.139,56,39,0.00850632,0,0.696429
2307,10000,1.98955,1.77828,2.37137,0.00521717,0.00398107,0.00630957,0.74988,0.7,0.8,0.544855,0.5,0.6,1.38102e-05,5.02932e+06,49006,181335,0.01,0.95,10,10000,0.938,0.139,49,37,0.00873319,0,0.755102
2308,10000,2.0565,1.77828,2.37137,0.00507784,0.00398107,0.00630957,0.748844,0.7,0.8,0.650861,0.6,0.7,1.38102e-05,2.97654e+06,32574.2,107321,0.01,0.95,10,10000,0.938,0.139,29,26,0.0104181,0,0.896552
2309,10000,2.08511,1.77828,2.37137,0.00519305,0.00398107,0.00630957,0.743574,0.7,0.8,0.747966,0.7,0.8,1.38102e-05,3.18181e+06,47463.3,114722,0.01,0.95,10,10000,0.938,0.139,31,18,0.012521,0,0.580645
2310,10000,2.04482,1.77828,2.37137,0.00469755,0.00398107,0.00630957,0.748025,0.7,0.8,0.838017,0.8,0.9,1.38102e-05,1.95014e+06,25052,70313.4,0.01,0.95,10,10000,0.938,0.139,19,18,0.012521,0,0.947368
2311,10000,2.00038,1.77828,2.37137,0.00508185,0.00398107,0.00630957,0.736464,0.7,0.8,0.946358,0.9,1,1.38102e-05,2.25806e+06,37436.5,81415.6,0.01,0.95,10,10000,0.938,0.139,22,14,0.0141974,0,0.636364
2312,10000,2.01981,1.77828,2.37137,0.00508981,0.00398107,0.00630957,0.744525,0.7,0.8,1.2114,1,1.5,6.90508e-05,1.53959e+06,14897.2,55510.6,0.01,0.95,10,10000,0.938,0.139,75,43,0.00810102,0,0.573333
2313,10000,1.87146,1.77828,2.37137,0.0053656,0.00398107,0.00630957,0.84435,0.8,0.9,0.068067,0,0.1,1.38102e-05,410557,10904.8,14802.8,0.01,0.95,10,10000,0.938,0.139,4,4,0.026561,0,1
2314,10000,1.99173,1.77828,2.37137,0.00526004,0.00398107,0.00630957,0.841578,0.8,0.9,0.154429,0.1,0.2,1.38102e-05,1.23167e+06,32714.3,44408.5,0.01,0.95,10,10000,0.938,0.139,12,6,0.0216869,0,0.5
2315,10000,1.95586,1.77828,2.37137,0.00497947,0.00398107,0.00630957,0.844864,0.8,0.9,0.264554,0.2,0.3,1.38102e-05,1.53959e+06,25863,55510.6,0.01,0.95,10,10000,0.938,0.139,15,12,0.015335,0,0.8
2316,10000,2.07196,1.77828,2.37137,0.00506943,0.00398107,0.00630957,0.854647,0.8,0.9,0.346296,0.3,0.4,1.38102e-05,3.28445e+06,47467,118423,0.01,0.95,10,10000,0.938,0.139,32,19,0.012187,0,0.59375
2317,10000,2.00773,1.77828,2.37137,0.00497593,0.00398107,0.00630957,0.83529,0.8,0.9,0.443774,0.4,0.5,1.38102e-05,2.25806e+06,32229.7,81415.6,0.01,0.95,10,10000,0.938,0.139,22,17,0.012884,0,0.772727
2318,10000,1.9775,1.77828,2.37137,0.00481188,0.00398107,0.00630957,0.848054,0.8,0.9,0.553443,0.5,0.6,1.38102e-05,2.15542e+06,30300,77714.9,0.01,0.95,10,10000,0.938,0.139,21,17,0.012884,0,0.809524
2319,10000,2.06637,1.77828,2.37137,0.00502415,0.00398107,0.00630957,0.834475,0.8,0.9,0.652965,0.6,0.7,1.38102e-05,2.56598e+06,36349.3,92517.7,0.01,0.95,10,10000,0.938,0.139,25,18,0.012521,0,0.72
2320,10000,1.94031,1.77828,2.37137,0.0048132,0.00398107,0.00630957,0.849025,0.8,0.9,0.750723,0.7,0.8,1.38102e-05,1.95014e+06,27868.6,70313.4,0.01,0.95,10,10000,0.938,0.139,19,16,0.0132805,0,0.842105
2321,10000,2.02895,1.77828,2.37137,0.00520811,0.00398107,0.00630957,0.84124,0.8,0.9,0.851822,0.8,0.9,1.38102e-05,1.33431e+06,24866.7,48109.2,0.01,0.95,10,10000,0.938,0.139,13,10,0.0167986,0,0.769231
2322,10000,2.04444,1.77828,2.37137,0.00491165,0.00398107,0.00630957,0.84084,0.8,0.9,0.940923,0.9,1,1.38102e-05,718474,14425.7,25905,0.01,0.95,10,10000,0.938,0.139,7,7,0.0200782,0,1
2323,10000,1.9966,1.77828,2.37137,0.00517068,0.00398107,0.00630957,0.84205,0.8,0.9,1.29336,1,1.5,6.90508e-05,923752,10609.4,33306.4,0.01,0.95,10,10000,0.938,0.139,45,29,0.0098645,0,0.644444
2324,10000,1.81638,1.77828,2.37137,0.00577902,0.00398107,0.00630957,0.948671,0.9,1,0.151943,0.1,0.2,1.38102e-05,513196,18623.5,18503.5,0.01,0.95,10,10000,0.938,0.139,5,3,0.03067,0,0.6
2325,10000,2.08284,1.77828,2.37137,0.00497078,0.00398107,0.00630957,0.952429,0.9,1,0.244401,0.2,0.3,1.38102e-05,1.33431e+06,22956.6,48109.2,0.01,0.95,10,10000,0.938,0.139,13,11,0.0160169,0,0.846154
2326,10000,2.03613,1.77828,2.37137,0.00482047,0.00398107,0.00630957,0.945788,0.9,1,0.368364,0.3,0.4,1.38102e-05,1.02639e+06,21117,37007.1,0.01,0.95,10,10000,0.938,0.139,10,8,0.0187814,0,0.8
2327,10000,1.99066,1.77828,2.37137,0.00495745,0.00398107,0.00630957,0.928095,0.9,1,0.460283,0.4,0.5,1.38102e-05,1.23167e+06,-nan,44408.5,0.01,0.95,10,10000,0.938,0.139,12,13,0.0147334,0,1.08333
2328,10000,2.06249,1.77828,2.37137,0.0047272,0.00398107,0.00630957,0.946113,0.9,1,0.543412,0.5,0.6,1.38102e-05,1.23167e+06,24383.8,44408.5,0.01,0.95,10,10000,0.938,0.139,12,9,0.0177073,0,0.75
2329,10000,2.04595,1.77828,2.37137,0.00535137,0.00398107,0.00630957,0.942958,0.9,1,0.646612,0.6,0.7,1.38102e-05,1.12903e+06,19809.5,40707.8,0.01,0.95,10,10000,0.938,0.139,11,10,0.0167986,0,0.909091
2330,10000,2.00111,1.77828,2.37137,0.00465515,0.00398107,0.00630957,0.91286,0.9,1,0.755812,0.7,0.8,1.38102e-05,718474,14425.7,25905,0.01,0.95,10,10000,0.938,0.139,7,7,0.0200782,0,1
2331,10000,2.08746,1.77828,2.37137,0.00462591,0.00398107,0.00630957,0.948684,0.9,1,0.861594,0.8,0.9,1.38102e-05,410557,14078,14802.8,0.01,0.95,10,10000,0.938,0.139,4,3,0.03067,0,0.75
2332,10000,1.94085,1.77828,2.37137,0.00479705,0.00398107,0.00630957,0.912027,0.9,1,0.944881,0.9,1,1.38102e-05,102639,5452.39,3700.71,0.01,0.95,10,10000,0.938,0.139,1,1,0.0531219,0,1
2333,10000,1.9044,1.77828,2.37137,0.00517726,0.00398107,0.00630957,0.940013,0.9,1,1.26358,1,1.5,6.90508e-05,492668,7214.05,17763.4,0.01,0.95,10,10000,0.938,0.139,24,17,0.012884,0,0.708333
2334,10000,2.05764,1.77828,2.37137,0.00848119,0.00630957,0.01,0.0769472,0.05,0.1,0.0814117,0,0.1,1.09438e-05,2.92071e+08,3.74882e+06,1.05308e+07,0.01,0.95,10,10000,0.938,0.139,2255,34,0.00911034,0,0.0150776
2335,10000,2.00297,1.77828,2.37137,0.00839323,0.00630957,0.01,0.0698723,0.05,0.1,0.167588,0.1,0.2,1.09438e-05,6.65353e+08,1.59443e+06,2.39896e+07,0.01,0.95,10,10000,0.938,0.139,5137,897,0.00177369,0,0.174616
2336,10000,2.01543,1.77828,2.37137,0.00812236,0.00630957,0.01,0.070175,0.05,0.1,0.253325,0.2,0.3,1.09438e-05,7.48894e+08,1.0154e+06,2.70018e+07,0.01,0.95,10,10000,0.938,0.139,5782,2426,0.00107852,0,0.419578
2337,10000,2.02332,1.77828,2.37137,0.00807829,0.00630957,0.01,0.0702695,0.05,0.1,0.351001,0.3,0.4,1.09438e-05,6.18207e+08,709919,2.22898e+07,0.01,0.95,10,10000,0.938,0.139,4773,2955,0.000977226,0,0.619107
2338,10000,2.02814,1.77828,2.37137,0.00806081,0.00630957,0.01,0.0710309,0.05,0.1,0.447987,0.4,0.5,1.09438e-05,4.5501e+08,490307,1.64056e+07,0.01,0.95,10,10000,0.938,0.139,3513,2873,0.000991074,0,0.81782
2339,10000,2.02866,1.77828,2.37137,0.00798206,0.00630957,0.01,0.0724824,0.05,0.1,0.547423,0.5,0.6,1.09438e-05,2.96475e+08,374900,1.06896e+07,0.01,0.95,10,10000,0.938,0.139,2289,1993,0.00118993,0,0.870686
2340,10000,2.03509,1.77828,2.37137,0.00802882,0.00630957,0.01,0.0721489,0.05,0.1,0.647811,0.6,0.7,1.09438e-05,2.04515e+08,299014,7.37388e+06,0.01,0.95,10,10000,0.938,0.139,1579,1438,0.00140086,0,0.910703
2341,10000,2.02448,1.77828,2.37137,0.00804807,0.00630957,0.01,0.0724349,0.05,0.1,0.747595,0.7,0.8,1.09438e-05,1.31335e+08,240682,4.73535e+06,0.01,0.95,10,10000,0.938,0.139,1014,919,0.00175233,0,0.906312
2342,10000,2.02933,1.77828,2.37137,0.00802803,0.00630957,0.01,0.0725006,0.05,0.1,0.846288,0.8,0.9,1.09438e-05,8.00444e+07,185794,2.88604e+06,0.01,0.95,10,10000,0.938,0.139,618,567,0.00223091,0,0.917476
2343,10000,2.05113,1.77828,2.37137,0.00791028,0.00630957,0.01,0.0726514,0.05,0.1,0.945756,0.9,1,1.09438e-05,4.92182e+07,154340,1.77459e+06,0.01,0.95,10,10000,0.938,0.139,380,327,0.00293765,0,0.860526
2344,10000,2.03756,1.77828,2.37137,0.00794382,0.00630957,0.01,0.0735192,0.05,0.1,1.16103,1,1.5,5.47192e-05,1.44546e+07,34180.2,521169,0.01,0.95,10,10000,0.938,0.139,558,530,0.00230747,0,0.949821
2345,10000,2.11806,1.77828,2.37137,0.00780022,0.00630957,0.01,0.128603,0.1,0.15,0.0706287,0,0.1,1.09438e-05,1.01156e+08,654803,3.64725e+06,0.01,0.95,10,10000,0.938,0.139,781,124,0.00477049,0,0.158771
2346,10000,2.04183,1.77828,2.37137,0.00822932,0.00630957,0.01,0.124644,0.1,0.15,0.159728,0.1,0.2,1.09438e-05,2.83134e+08,871753,1.02086e+07,0.01,0.95,10,10000,0.938,0.139,2186,524,0.00232064,0,0.239707
2347,10000,2.03377,1.77828,2.37137,0.0081121,0.00630957,0.01,0.122608,0.1,0.15,0.252908,0.2,0.3,1.09438e-05,3.7639e+08,740380,1.35709e+07,0.01,0.95,10,10000,0.938,0.139,2906,1166,0.0015557,0,0.401239
2348,10000,2.03614,1.77828,2.37137,0.00800827,0.00630957,0.01,0.122268,0.1,0.15,0.350379,0.3,0.4,1.09438e-05,3.38311e+08,609065,1.2198e+07,0.01,0.95,10,10000,0.938,0.139,2612,1306,0.00146995,0,0.5
2349,10000,2.03022,1.77828,2.37137,0.00804589,0.00630957,0.01,0.123423,0.1,0.15,0.449064,0.4,0.5,1.09438e-05,2.80026e+08,484205,1.00965e+07,0.01,0.95,10,10000,0.938,0.139,2162,1314,0.00146547,0,0.607771
2350,10000,2.02618,1.77828,2.37137,0.00806132,0.00630957,0.01,0.123081,0.1,0.15,0.547723,0.5,0.6,1.09438e-05,1.88195e+08,348693,6.78547e+06,0.01,0.95,10,10000,0.938,0.139,1453,1050,0.00163938,0,0.722643
2351,10000,2.03633,1.77828,2.37137,0.00803854,0.00630957,0.01,0.122774,0.1,0.15,0.645872,0.6,0.7,1.09438e-05,1.26154e+08,269342,4.54855e+06,0.01,0.95,10,10000,0.938,0.139,974,757,0.00193075,0,0.777207
2352,10000,2.03957,1.77828,2.37137,0.00801634,0.00630957,0.01,0.122975,0.1,0.15,0.744782,0.7,0.8,1.09438e-05,7.90082e+07,192607,2.84868e+06,0.01,0.95,10,10000,0.938,0.139,610,534,0.00229881,0,0.87541
2353,10000,2.03311,1.77828,2.37137,0.00801407,0.00630957,0.01,0.123196,0.1,0.15,0.846267,0.8,0.9,1.09438e-05,5.19382e+07,156179,1.87266e+06,0.01,0.95,10,10000,0.938,0.139,401,351,0.00283544,0,0.875312
2354,10000,2.03676,1.77828,2.37137,0.00794309,0.00630957,0.01,0.122878,0.1,0.15,0.94539,0.9,1,1.09438e-05,3.34166e+07,119443,1.20485e+06,0.01,0.95,10,10000,0.938,0.139,258,238,0.00344338,0,0.922481
2355,10000,2.03462,1.77828,2.37137,0.00797314,0.00630957,0.01,0.123119,0.1,0.15,1.16288,1,1.5,5.47192e-05,1.11389e+07,30457.9,401617,0.01,0.95,10,10000,0.938,0.139,430,402,0.00264948,0,0.934884
2356,10000,2.07065,1.77828,2.37137,0.00777045,0.00630957,0.01,0.173165,0.15,0.2,0.0648869,0,0.1,1.09438e-05,4.89592e+07,245569,1.76525e+06,0.01,0.95,10,10000,0.938,0.139,378,173,0.00403879,0,0.457672
2357,10000,2.06723,1.77828,2.37137,0.00805519,0.00630957,0.01,0.174099,0.15,0.2,0.154363,0.1,0.2,1.09438e-05,1.41567e+08,430564,5.10428e+06,0.01,0.95,10,10000,0.938,0.139,1093,477,0.00243229,0,0.436414
2358,10000,2.04611,1.77828,2.37137,0.00802921,0.00630957,0.01,0.174492,0.15,0.2,0.252112,0.2,0.3,1.09438e-05,2.09696e+08,495641,7.56068e+06,0.01,0.95,10,10000,0.938,0.139,1619,770,0.00191438,0,0.475602
2359,10000,2.04161,1.77828,2.37137,0.0080322,0.00630957,0.01,0.173582,0.15,0.2,0.349007,0.3,0.4,1.09438e-05,2.20964e+08,473353,7.96697e+06,0.01,0.95,10,10000,0.938,0.139,1706,904,0.00176681,0,0.529894
2360,10000,2.05187,1.77828,2.37137,0.00800054,0.00630957,0.01,0.17241,0.15,0.2,0.447207,0.4,0.5,1.09438e-05,1.733e+08,404061,6.24842e+06,0.01,0.95,10,10000,0.938,0.139,1338,748,0.00194233,0,0.559043
2361,10000,2.04119,1.77828,2.37137,0.00802461,0.00630957,0.01,0.172748,0.15,0.2,0.544852,0.5,0.6,1.09438e-05,1.21362e+08,307653,4.37576e+06,0.01,0.95,10,10000,0.938,0.139,937,598,0.00217232,0,0.638207
2362,10000,2.04095,1.77828,2.37137,0.0079755,0.00630957,0.01,0.173017,0.15,0.2,0.648018,0.6,0.7,1.09438e-05,8.80747e+07,244114,3.17558e+06,0.01,0.95,10,10000,0.938,0.139,680,477,0.00243229,0,0.701471
2363,10000,2.05275,1.77828,2.37137,0.00807493,0.00630957,0.01,0.173058,0.15,0.2,0.745738,0.7,0.8,1.09438e-05,5.54353e+07,188433,1.99875e+06,0.01,0.95,10,10000,0.938,0.139,428,311,0.00301227,0,0.726636
2364,10000,2.03106,1.77828,2.37137,0.00806558,0.00630957,0.01,0.173609,0.15,0.2,0.847324,0.8,0.9,1.09438e-05,3.67841e+07,135064,1.32627e+06,0.01,0.95,10,10000,0.938,0.139,284,241,0.00342189,0,0.848592
2365,10000,2.02583,1.77828,2.37137,0.0078806,0.00630957,0.01,0.172115,0.15,0.2,0.944984,0.9,1,1.09438e-05,2.79767e+07,127382,1.00871e+06,0.01,0.95,10,10000,0.938,0.139,216,167,0.0041107,0,0.773148
2366,10000,2.04693,1.77828,2.37137,0.00805872,0.00630957,0.01,0.174843,0.15,0.2,1.18032,1,1.5,5.47192e-05,8.54843e+06,27977.1,308218,0.01,0.95,10,10000,0.938,0.139,330,293,0.00310342,0,0.887879
2367,10000,2.05524,1.77828,2.37137,0.00761195,0.00630957,0.01,0.221281,0.2,0.25,0.0640619,0,0.1,1.09438e-05,2.88833e+07,156781,1.0414e+06,0.01,0.95,10,10000,0.938,0.139,223,134,0.00458904,0,0.600897
2368,10000,2.05116,1.77828,2.37137,0.00807131,0.00630957,0.01,0.223777,0.2,0.25,0.15393,0.1,0.2,1.09438e-05,8.19872e+07,258482,2.95609e+06,0.01,0.95,10,10000,0.938,0.139,633,392,0.00268306,0,0.619273
2369,10000,2.04462,1.77828,2.37137,0.00797666,0.00630957,0.01,0.224671,0.2,0.25,0.251688,0.2,0.3,1.09438e-05,1.21362e+08,323442,4.37576e+06,0.01,0.95,10,10000,0.938,0.139,937,558,0.00224883,0,0.595518
2370,10000,2.04536,1.77828,2.37137,0.00798045,0.00630957,0.01,0.223472,0.2,0.25,0.349003,0.3,0.4,1.09438e-05,1.25377e+08,339393,4.52053e+06,0.01,0.95,10,10000,0.938,0.139,968,551,0.00226307,0,0.569215
2371,10000,2.04166,1.77828,2.37137,0.00800697,0.00630957,0.01,0.223164,0.2,0.25,0.448638,0.4,0.5,1.09438e-05,1.08539e+08,309872,3.91343e+06,0.01,0.95,10,10000,0.938,0.139,838,490,0.0023998,0,0.584726
2372,10000,2.04661,1.77828,2.37137,0.00792251,0.00630957,0.01,0.223067,0.2,0.25,0.547015,0.5,0.6,1.09438e-05,8.91109e+07,270886,3.21294e+06,0.01,0.95,10,10000,0.938,0.139,688,423,0.00258288,0,0.614826
2373,10000,2.02197,1.77828,2.37137,0.00797496,0.00630957,0.01,0.222813,0.2,0.25,0.650057,0.6,0.7,1.09438e-05,6.70922e+07,236916,2.41904e+06,0.01,0.95,10,10000,0.938,0.139,518,315,0.00299308,0,0.608108
2374,10000,2.03926,1.77828,2.37137,0.00804971,0.00630957,0.01,0.223206,0.2,0.25,0.748462,0.7,0.8,1.09438e-05,4.59802e+07,170033,1.65784e+06,0.01,0.95,10,10000,0.938,0.139,355,261,0.00328817,0,0.735211
2375,10000,2.03478,1.77828,2.37137,0.00809947,0.00630957,0.01,0.222993,0.2,0.25,0.848651,0.8,0.9,1.09438e-05,2.82357e+07,129560,1.01805e+06,0.01,0.95,10,10000,0.938,0.139,218,166,0.00412306,0,0.761468
2376,10000,2.01975,1.77828,2.37137,0.00807304,0.00630957,0.01,0.224374,0.2,0.25,0.946327,0.9,1,1.09438e-05,1.91692e+07,108845,691155,0.01,0.95,10,10000,0.938,0.139,148,110,0.00506498,0,0.743243
2377,10000,2.04743,1.77828,2.37137,0.00804045,0.00630957,0.01,0.221767,0.2,0.25,1.16293,1,1.5,5.47192e-05,6.11342e+06,24976.7,220423,0.01,0.95,10,10000,0.938,0.139,236,197,0.00378478,0,0.834746
2378,10000,2.04467,1.77828,2.37137,0.00789252,0.00630957,0.01,0.27422,0.25,0.3,0.06774,0,0.1,1.09438e-05,2.13711e+07,111739,770545,0.01,0.95,10,10000,0.938,0.139,165,127,0.00471381,0,0.769697
2379,10000,2.03441,1.77828,2.37137,0.00804276,0.00630957,0.01,0.274464,0.25,0.3,0.154628,0.1,0.2,1.09438e-05,5.414e+07,190999,1.95205e+06,0.01,0.95,10,10000,0.938,0.139,418,294,0.00309813,0,0.703349
2380,10000,2.0319,1.77828,2.37137,0.00807546,0.00630957,0.01,0.27467,0.25,0.3,0.251962,0.2,0.3,1.09438e-05,7.70654e+07,242220,2.77863e+06,0.01,0.95,10,10000,0.938,0.139,595,386,0.00270384,0,0.648739
2381,10000,2.04056,1.77828,2.37137,0.00800904,0.00630957,0.01,0.272926,0.25,0.3,0.348444,0.3,0.4,1.09438e-05,8.89814e+07,263630,3.20827e+06,0.01,0.95,10,10000,0.938,0.139,687,438,0.00253826,0,0.637555
2382,10000,2.03124,1.77828,2.37137,0.0080298,0.00630957,0.01,0.274893,0.25,0.3,0.449319,0.4,0.5,1.09438e-05,7.93968e+07,276118,2.86269e+06,0.01,0.95,10,10000,0.938,0.139,613,338,0.00288945,0,0.551387
2383,10000,2.02992,1.77828,2.37137,0.00806564,0.00630957,0.01,0.273111,0.25,0.3,0.547038,0.5,0.6,1.09438e-05,6.52789e+07,243639,2.35366e+06,0.01,0.95,10,10000,0.938,0.139,504,289,0.00312482,0,0.573413
2384,10000,2.02535,1.77828,2.37137,0.00805547,0.00630957,0.01,0.27385,0.25,0.3,0.647416,0.6,0.7,1.09438e-05,5.01249e+07,217551,1.80728e+06,0.01,0.95,10,10000,0.938,0.139,387,216,0.00361449,0,0.55814
2385,10000,2.02138,1.77828,2.37137,0.00806516,0.00630957,0.01,0.272485,0.25,0.3,0.747981,0.7,0.8,1.09438e-05,2.90128e+07,156800,1.04607e+06,0.01,0.95,10,10000,0.938,0.139,224,135,0.00457201,0,0.602679
2386,10000,2.00879,1.77828,2.37137,0.00798392,0.00630957,0.01,0.275891,0.25,0.3,0.844721,0.8,0.9,1.09438e-05,2.21482e+07,140961,798565,0.01,0.95,10,10000,0.938,0.139,171,99,0.00533896,0,0.578947
2387,10000,2.01037,1.77828,2.37137,0.00801173,0.00630957,0.01,0.272989,0.25,0.3,0.942073,0.9,1,1.09438e-05,1.34703e+07,90585.2,485677,0.01,0.95,10,10000,0.938,0.139,104,78,0.00601488,0,0.75
2388,10000,2.02511,1.77828,2.37137,0.00809529,0.00630957,0.01,0.275741,0.25,0.3,1.19359,1,1.5,5.47192e-05,5.28448e+06,25776.6,190535,0.01,0.95,10,10000,0.938,0.139,204,150,0.00433739,0,0.735294
2389,10000,2.02758,1.77828,2.37137,0.00787504,0.00630957,0.01,0.342935,0.3,0.4,0.0694157,0,0.1,2.18877e-05,9.97317e+06,53436.1,359588,0.01,0.95,10,10000,0.938,0.139,154,120,0.00484935,0,0.779221
2390,10000,2.04419,1.77828,2.37137,0.00809254,0.00630957,0.01,0.345549,0.3,0.4,0.152975,0.1,0.2,2.18877e-05,2.97252e+07,90927.8,1.07176e+06,0.01,0.95,10,10000,0.938,0.139,459,364,0.00278435,0,0.793028
2391,10000,2.03815,1.77828,2.37137,0.00797461,0.00630957,0.01,0.344155,0.3,0.4,0.252629,0.2,0.3,2.18877e-05,4.24831e+07,113938,1.53175e+06,0.01,0.95,10,10000,0.938,0.139,656,491,0.00239736,0,0.748476
2392,10000,2.03484,1.77828,2.37137,0.00802237,0.00630957,0.01,0.344529,0.3,0.4,0.348131,0.3,0.4,2.18877e-05,4.85706e+07,123114,1.75124e+06,0.01,0.95,10,10000,0.938,0.139,750,554,0.00225694,0,0.738667
2393,10000,2.0381,1.77828,2.37137,0.00801448,0.00630957,0.01,0.345088,0.3,0.4,0.449596,0.4,0.5,2.18877e-05,4.51383e+07,127143,1.62748e+06,0.01,0.95,10,10000,0.938,0.139,697,471,0.00244773,0,0.675753
2394,10000,2.04269,1.77828,2.37137,0.00799933,0.00630957,0.01,0.345169,0.3,0.4,0.548604,0.5,0.6,2.18877e-05,3.90508e+07,126736,1.408e+06,0.01,0.95,10,10000,0.938,0.139,603,371,0.00275795,0,0.615257
2395,10000,2.0332,1.77828,2.37137,0.00801412,0.00630957,0.01,0.343807,0.3,0.4,0.646863,0.6,0.7,2.18877e-05,3.03081e+07,111635,1.09277e+06,0.01,0.95,10,10000,0.938,0.139,468,288,0.00313024,0,0.615385
2396,10000,2.03691,1.77828,2.37137,0.0079725,0.00630957,0.01,0.343123,0.3,0.4,0.748474,0.7,0.8,2.18877e-05,2.37672e+07,105512,856939,0.01,0.95,10,10000,0.938,0.139,367,206,0.00370118,0,0.561308
2397,10000,2.06361,1.77828,2.37137,0.00788478,0.00630957,0.01,0.347948,0.3,0.4,0.846047,0.8,0.9,2.18877e-05,1.59959e+07,80336.7,576741,0.01,0.95,10,10000,0.938,0.139,247,154,0.00428069,0,0.623482
2398,10000,2.03496,1.77828,2.37137,0.00795205,0.00630957,0.01,0.341038,0.3,0.4,0.946819,0.9,1,2.18877e-05,1.23693e+07,73356.7,445982,0.01,0.95,10,10000,0.938,0.139,191,113,0.00499729,0,0.591623
2399,10000,2.05197,1.77828,2.37137,0.00812059,0.00630957,0.01,0.345466,0.3,0.4,1.18625,1,1.5,0.000109438,3.49708e+06,15790.9,126089,0.01,0.95,10,10000,0.938,0.139,270,183,0.00392689,0,0.677778
2400,10000,2.00235,1.77828,2.37137,0.00777365,0.00630957,0.01,0.444309,0.4,0.5,0.0663298,0,0.1,2.18877e-05,5.56943e+06,41964.2,200809,0.01,0.95,10,10000,0.938,0.139,86,63,0.00669274,0,0.732558
2401,10000,2.05086,1.77828,2.37137,0.00809278,0.00630957,0.01,0.447168,0.4,0.5,0.15112,0.1,0.2,2.18877e-05,1.43769e+07,63851.3,518367,0.01,0.95,10,10000,0.938,0.139,222,174,0.00402716,0,0.783784
2402,10000,2.03546,1.77828,2.37137,0.00793161,0.00630957,0.01,0.445576,0.4,0.5,0.252977,0.2,0.3,2.18877e-05,2.04644e+07,72437.8,737855,0.01,0.95,10,10000,0.938,0.139,316,263,0.00327564,0,0.832278
2403,10000,2.01337,1.77828,2.37137,0.00813583,0.00630957,0.01,0.444899,0.4,0.5,0.3523,0.3,0.4,2.18877e-05,2.55805e+07,88328.8,922319,0.01,0.95,10,10000,0.938,0.139,395,296,0.00308765,0,0.749367
2404,10000,2.04791,1.77828,2.37137,0.00802122,0.00630957,0.01,0.444034,0.4,0.5,0.447923,0.4,0.5,2.18877e-05,2.37025e+07,88150.6,854604,0.01,0.95,10,10000,0.938,0.139,366,262,0.00328188,0,0.715847
2405,10000,2.04662,1.77828,2.37137,0.00793531,0.00630957,0.01,0.445343,0.4,0.5,0.54809,0.5,0.6,2.18877e-05,1.95578e+07,83099.4,705165,0.01,0.95,10,10000,0.938,0.139,302,206,0.00370118,0,0.682119
2406,10000,2.05491,1.77828,2.37137,0.00795154,0.00630957,0.01,0.444456,0.4,0.5,0.649,0.6,0.7,2.18877e-05,1.67083e+07,79530,602426,0.01,0.95,10,10000,0.938,0.139,258,168,0.00409845,0,0.651163
2407,10000,2.03232,1.77828,2.37137,0.00804416,0.00630957,0.01,0.442446,0.4,0.5,0.741805,0.7,0.8,2.18877e-05,1.33407e+07,79831.7,481007,0.01,0.95,10,10000,0.938,0.139,206,114,0.00497533,0,0.553398
2408,10000,2.07224,1.77828,2.37137,0.00789909,0.00630957,0.01,0.450182,0.4,0.5,0.853245,0.8,0.9,2.18877e-05,1.08151e+07,73201.2,389942,0.01,0.95,10,10000,0.938,0.139,167,90,0.00559954,0,0.538922
2409,10000,2.01118,1.77828,2.37137,0.0081468,0.00630957,0.01,0.444761,0.4,0.5,0.941758,0.9,1,2.18877e-05,7.51226e+06,65686.7,270858,0.01,0.95,10,10000,0.938,0.139,116,56,0.00709872,0,0.482759
2410,10000,2.06693,1.77828,2.37137,0.00796781,0.00630957,0.01,0.445813,0.4,0.5,1.20472,1,1.5,0.000109438,2.99195e+06,15462.1,107876,0.01,0.95,10,10000,0.938,0.139,231,145,0.00441154,0,0.627706
2411,10000,1.99642,1.77828,2.37137,0.00793481,0.00630957,0.01,0.543523,0.5,0.6,0.0673119,0,0.1,2.18877e-05,1.87806e+06,23698.7,67714.6,0.01,0.95,10,10000,0.938,0.139,29,22,0.0113256,0,0.758621
2412,10000,2.05844,1.77828,2.37137,0.00803946,0.00630957,0.01,0.547327,0.5,0.6,0.156495,0.1,0.2,2.18877e-05,7.18845e+06,48764.3,259183,0.01,0.95,10,10000,0.938,0.139,111,79,0.00597669,0,0.711712
2413,10000,2.06489,1.77828,2.37137,0.00804306,0.00630957,0.01,0.542756,0.5,0.6,0.253178,0.2,0.3,2.18877e-05,9.5846e+06,51766.7,345578,0.01,0.95,10,10000,0.938,0.139,148,117,0.00491113,0,0.790541
2414,10000,2.01971,1.77828,2.37137,0.00796369,0.00630957,0.01,0.547324,0.5,0.6,0.353334,0.3,0.4,2.18877e-05,1.17217e+07,61094.6,422632,0.01,0.95,10,10000,0.938,0.139,181,132,0.00462367,0,0.729282
2415,10000,2.02682,1.77828,2.37137,0.00804679,0.00630957,0.01,0.539903,0.5,0.6,0.452392,0.4,0.5,2.18877e-05,1.13331e+07,58131.2,408622,0.01,0.95,10,10000,0.938,0.139,175,133,0.00460626,0,0.76
2416,10000,2.02647,1.77828,2.37137,0.00814572,0.00630957,0.01,0.540087,0.5,0.6,0.549668,0.5,0.6,2.18877e-05,1.0297e+07,58428.2,371263,0.01,0.95,10,10000,0.938,0.139,159,113,0.00499729,0,0.710692
2417,10000,2.02604,1.77828,2.37137,0.00788292,0.00630957,0.01,0.550212,0.5,0.6,0.648397,0.6,0.7,2.18877e-05,1.02322e+07,59176.9,368928,0.01,0.95,10,10000,0.938,0.139,158,110,0.00506498,0,0.696203
2418,10000,2.00517,1.77828,2.37137,0.00813126,0.00630957,0.01,0.546532,0.5,0.6,0.746652,0.7,0.8,2.18877e-05,7.64178e+06,53700.8,275528,0.01,0.95,10,10000,0.938,0.139,118,77,0.00605381,0,0.652542
2419,10000,2.0402,1.77828,2.37137,0.00812488,0.00630957,0.01,0.550758,0.5,0.6,0.841785,0.8,0.9,2.18877e-05,5.958e+06,49254.4,214819,0.01,0.95,10,10000,0.938,0.139,92,57,0.00703617,0,0.619565
2420,10000,2.0457,1.77828,2.37137,0.00795126,0.00630957,0.01,0.542571,0.5,0.6,0.94587,0.9,1,2.18877e-05,5.18087e+06,53295.7,186799,0.01,0.95,10,10000,0.938,0.139,80,40,0.00839932,0,0.5
2421,10000,2.00903,1.77828,2.37137,0.00804773,0.00630957,0.01,0.544192,0.5,0.6,1.21432,1,1.5,0.000109438,2.73291e+06,17476.5,98536.3,0.01,0.95,10,10000,0.938,0.139,211,104,0.00520904,0,0.492891
2422,10000,2.08034,1.77828,2.37137,0.0080021,0.00630957,0.01,0.639394,0.6,0.7,0.0617321,0,0.1,2.18877e-05,1.10093e+06,19205.8,39694.7,0.01,0.95,10,10000,0.938,0.139,17,12,0.015335,0,0.705882
2423,10000,2.04439,1.77828,2.37137,0.00792407,0.00630957,0.01,0.637324,0.6,0.7,0.14728,0.1,0.2,2.18877e-05,2.20187e+06,25495.5,79389.5,0.01,0.95,10,10000,0.938,0.139,34,26,0.0104181,0,0.764706
2424,10000,2.00794,1.77828,2.37137,0.00778002,0.00630957,0.01,0.647983,0.6,0.7,0.252403,0.2,0.3,2.18877e-05,4.33897e+06,33233.6,156444,0.01,0.95,10,10000,0.938,0.139,67,56,0.00709872,0,0.835821
2425,10000,2.03913,1.77828,2.37137,0.00808202,0.00630957,0.01,0.642117,0.6,0.7,0.346083,0.3,0.4,2.18877e-05,6.15228e+06,42926.2,221824,0.01,0.95,10,10000,0.938,0.139,95,72,0.00626048,0,0.757895
2426,10000,2.02886,1.77828,2.37137,0.00795082,0.00630957,0.01,0.640462,0.6,0.7,0.447869,0.4,0.5,2.18877e-05,6.2818e+06,43146.6,226494,0.01,0.95,10,10000,0.938,0.139,97,74,0.0061753,0,0.762887
2427,10000,2.04313,1.77828,2.37137,0.00795934,0.00630957,0.01,0.648254,0.6,0.7,0.547983,0.5,0.6,2.18877e-05,4.72754e+06,36728.7,170454,0.01,0.95,10,10000,0.938,0.139,73,57,0.00703617,0,0.780822
2428,10000,2.05091,1.77828,2.37137,0.00787607,0.00630957,0.01,0.650395,0.6,0.7,0.647174,0.6,0.7,2.18877e-05,4.59802e+06,41212.4,165784,0.01,0.95,10,10000,0.938,0.139,71,47,0.00774863,0,0.661972
2429,10000,2.01579,1.77828,2.37137,0.00826175,0.00630957,0.01,0.646093,0.6,0.7,0.740518,0.7,0.8,2.18877e-05,3.36756e+06,36388.2,121419,0.01,0.95,10,10000,0.938,0.139,52,33,0.00924734,0,0.634615
2430,10000,2.03158,1.77828,2.37137,0.00794223,0.00630957,0.01,0.633703,0.6,0.7,0.841226,0.8,0.9,2.18877e-05,2.91424e+06,31069.3,105074,0.01,0.95,10,10000,0.938,0.139,45,32,0.00939072,0,0.711111
2431,10000,2.02168,1.77828,2.37137,0.00811023,0.00630957,0.01,0.641633,0.6,0.7,0.946302,0.9,1,2.18877e-05,2.59043e+06,35328,93399.4,0.01,0.95,10,10000,0.938,0.139,40,22,0.0113256,0,0.55
2432,10000,2.01996,1.77828,2.37137,0.00815216,0.00630957,0.01,0.647183,0.6,0.7,1.21701,1,1.5,0.000109438,2.00759e+06,15574.2,72384.5,0.01,0.95,10,10000,0.938,0.139,155,72,0.00626048,0,0.464516
2433,10000,2.03339,1.77828,2.37137,0.00733206,0.00630957,0.01,0.743954,0.7,0.8,0.046321,0,0.1,2.18877e-05,388565,14595.6,14009.9,0.01,0.95,10,10000,0.938,0.139,6,3,0.03067,0,0.5
2434,10000,2.06432,1.77828,2.37137,0.00841803,0.00630957,0.01,0.747279,0.7,0.8,0.15457,0.1,0.2,2.18877e-05,1.61902e+06,22934.8,58374.6,0.01,0.95,10,10000,0.938,0.139,25,18,0.012521,0,0.72
2435,10000,2.01784,1.77828,2.37137,0.00829301,0.00630957,0.01,0.751069,0.7,0.8,0.248246,0.2,0.3,2.18877e-05,2.78472e+06,33347.6,100404,0.01,0.95,10,10000,0.938,0.139,43,27,0.0102233,0,0.627907
2436,10000,1.97346,1.77828,2.37137,0.00798842,0.00630957,0.01,0.744858,0.7,0.8,0.349652,0.3,0.4,2.18877e-05,2.979e+06,33542.9,107409,0.01,0.95,10,10000,0.938,0.139,46,30,0.0096987,0,0.652174
2437,10000,2.05999,1.77828,2.37137,0.00789166,0.00630957,0.01,0.738999,0.7,0.8,0.451536,0.4,0.5,2.18877e-05,3.56185e+06,37347.7,128424,0.01,0.95,10,10000,0.938,0.139,55,35,0.00897925,0,0.636364
2438,10000,2.0576,1.77828,2.37137,0.00835209,0.00630957,0.01,0.748246,0.7,0.8,0.548095,0.5,0.6,2.18877e-05,3.69137e+06,42499.3,133094,0.01,0.95,10,10000,0.938,0.139,57,31,0.00954098,0,0.54386
2439,10000,2.02863,1.77828,2.37137,0.0082593,0.00630957,0.01,0.746306,0.7,0.8,0.648199,0.6,0.7,2.18877e-05,2.65519e+06,30591.2,95734.4,0.01,0.95,10,10000,0.938,0.139,41,28,0.0100391,0,0.682927
2440,10000,2.04601,1.77828,2.37137,0.00833576,0.00630957,0.01,0.748433,0.7,0.8,0.748869,0.7,0.8,2.18877e-05,2.52567e+06,34276.9,91064.4,0.01,0.95,10,10000,0.938,0.139,39,22,0.0113256,0,0.564103
2441,10000,1.97888,1.77828,2.37137,0.00797958,0.00630957,0.01,0.74295,0.7,0.8,0.849826,0.8,0.9,2.18877e-05,1.61902e+06,23965.6,58374.6,0.01,0.95,10,10000,0.938,0.139,25,17,0.012884,0,0.68
2442,10000,1.99962,1.77828,2.37137,0.00819055,0.00630957,0.01,0.748374,0.7,0.8,0.965029,0.9,1,2.18877e-05,971412,20352.6,35024.8,0.01,0.95,10,10000,0.938,0.139,15,9,0.0177073,0,0.6
2443,10000,1.99371,1.77828,2.37137,0.00807896,0.00630957,0.01,0.746774,0.7,0.8,1.23244,1,1.5,0.000109438,1.29522e+06,12589.2,46699.7,0.01,0.95,10,10000,0.938,0.139,100,46,0.0078324,0,0.46
2444,10000,1.98825,1.77828,2.37137,0.00785506,0.00630957,0.01,0.869299,0.8,0.9,0.0649228,0,0.1,2.18877e-05,453326,12211.6,16344.9,0.01,0.95,10,10000,0.938,0.139,7,5,0.0237569,0,0.714286
2445,10000,2.00239,1.77828,2.37137,0.00813796,0.00630957,0.01,0.83568,0.8,0.9,0.15899,0.1,0.2,2.18877e-05,1.10093e+06,18028,39694.7,0.01,0.95,10,10000,0.938,0.139,17,13,0.0147334,0,0.764706
2446,10000,2.06012,1.77828,2.37137,0.00881507,0.00630957,0.01,0.831586,0.8,0.9,0.252769,0.2,0.3,2.18877e-05,1.16569e+06,20641.3,42029.7,0.01,0.95,10,10000,0.938,0.139,18,12,0.015335,0,0.666667
2447,10000,1.98119,1.77828,2.37137,0.00791211,0.00630957,0.01,0.83822,0.8,0.9,0.35178,0.3,0.4,2.18877e-05,1.42474e+06,23620.8,51369.7,0.01,0.95,10,10000,0.938,0.139,22,14,0.0141974,0,0.636364
2448,10000,1.973,1.77828,2.37137,0.00816892,0.00630957,0.01,0.836946,0.8,0.9,0.446577,0.4,0.5,2.18877e-05,1.4895e+06,22591.8,53704.6,0.01,0.95,10,10000,0.938,0.139,23,16,0.0132805,0,0.695652
2449,10000,2.00729,1.77828,2.37137,0.00804838,0.00630957,0.01,0.840753,0.8,0.9,0.540886,0.5,0.6,2.18877e-05,2.00759e+06,27757.3,72384.5,0.01,0.95,10,10000,0.938,0.139,31,20,0.0118784,0,0.645161
2450,10000,2.02011,1.77828,2.37137,0.00809688,0.00630957,0.01,0.832782,0.8,0.9,0.641925,0.6,0.7,2.18877e-05,777130,12955.4,28019.8,0.01,0.95,10,10000,0.938,0.139,12,11,0.0160169,0,0.916667
2451,10000,2.072,1.77828,2.37137,0.00803581,0.00630957,0.01,0.840197,0.8,0.9,0.763208,0.7,0.8,2.18877e-05,1.55426e+06,19941.4,56039.6,0.01,0.95,10,10000,0.938,0.139,24,20,0.0118784,0,0.833333
2452,10000,1.95098,1.77828,2.37137,0.00781371,0.00630957,0.01,0.831407,0.8,0.9,0.845521,0.8,0.9,2.18877e-05,712369,15093.9,25684.8,0.01,0.95,10,10000,0.938,0.139,11,8,0.0187814,0,0.727273
2453,10000,1.97246,1.77828,2.37137,0.00834134,0.00630957,0.01,0.841591,0.8,0.9,0.960336,0.9,1,2.18877e-05,1.03617e+06,23834.5,37359.8,0.01,0.95,10,10000,0.938,0.139,16,8,0.0187814,0,0.5
2454,10000,1.98492,1.77828,2.37137,0.0081899,0.00630957,0.01,0.849641,0.8,0.9,1.19035,1,1.5,0.000109438,647608,7092.2,23349.8,0.01,0.95,10,10000,0.938,0.139,50,32,0.00939072,0,0.64
2455,10000,1.86358,1.77828,2.37137,0.00826394,0.00630957,0.01,0.934126,0.9,1,0.0474155,0,0.1,2.18877e-05,129522,8426.79,4669.97,0.01,0.95,10,10000,0.938,0.139,2,1,0.0531219,0,0.5
2456,10000,1.968,1.77828,2.37137,0.00716165,0.00630957,0.01,0.927542,0.9,1,0.137394,0.1,0.2,2.18877e-05,259043,8882.61,9339.94,0.01,0.95,10,10000,0.938,0.139,4,3,0.03067,0,0.75
2457,10000,2.04918,1.77828,2.37137,0.00828222,0.00630957,0.01,0.954134,0.9,1,0.259461,0.2,0.3,2.18877e-05,971412,17511.1,35024.8,0.01,0.95,10,10000,0.938,0.139,15,11,0.0160169,0,0.733333
2458,10000,2.01783,1.77828,2.37137,0.00805341,0.00630957,0.01,0.947958,0.9,1,0.345427,0.3,0.4,2.18877e-05,518087,14432.5,18679.9,0.01,0.95,10,10000,0.938,0.139,8,5,0.0237569,0,0.625
2459,10000,2.07774,1.77828,2.37137,0.00859195,0.00630957,0.01,0.960445,0.9,1,0.439862,0.4,0.5,2.18877e-05,1.10093e+06,25571.3,39694.7,0.01,0.95,10,10000,0.938,0.139,17,8,0.0187814,0,0.470588
2460,10000,2.07441,1.77828,2.37137,0.00813768,0.00630957,0.01,0.952625,0.9,1,0.560862,0.5,0.6,2.18877e-05,777130,14100.7,28019.8,0.01,0.95,10,10000,0.938,0.139,12,10,0.0167986,0,0.833333
2461,10000,1.89099,1.77828,2.37137,0.00851315,0.00630957,0.01,0.935655,0.9,1,0.644247,0.6,0.7,2.18877e-05,388565,9970.71,14009.9,0.01,0.95,10,10000,0.938,0.139,6,5,0.0237569,0,0.833333
2462,10000,2.30428,1.77828,2.37137,0.00652507,0.00630957,0.01,0.913338,0.9,1,0.786956,0.7,0.8,2.18877e-05,129522,8426.79,4669.97,0.01,0.95,10,10000,0.938,0.139,2,1,0.0531219,0,0.5
2463,10000,1.9669,1.77828,2.37137,0.00840026,0.00630957,0.01,0.920822,0.9,1,0.857068,0.8,0.9,2.18877e-05,64760.8,-nan,2334.98,0.01,0.95,10,10000,0.938,0.139,1,2,0.0375629,0,2
2464,10000,1.8868,1.77828,2.37137,0.00760762,0.00630957,0.01,0.927807,0.9,1,0.996592,0.9,1,2.18877e-05,64760.8,3440.22,2334.98,0.01,0.95,10,10000,0.938,0.139,1,1,0.0531219,0,1
2465,10000,1.92467,1.77828,2.37137,0.00773624,0.00630957,0.01,0.939674,0.9,1,1.28783,1,1.5,0.000109438,155426,3370.71,5603.96,0.01,0.95,10,10000,0.938,0.139,12,8,0.0187814,0,0.666667
2466,10000,1.96911,1.77828,2.37137,0.0136719,0.01,0.0158489,0.0693044,0.05,0.1,0.0764592,0,0.1,1.73447e-05,1.69821e+08,736300,6.12297e+06,0.01,0.95,10,10000,0.938,0.139,2078,280,0.00317464,0,0.134745
2467,10000,2.01044,1.77828,2.37137,0.0129398,0.01,0.0158489,0.0697636,0.05,0.1,0.158934,0.1,0.2,1.73447e-05,3.94723e+08,597821,1.42319e+07,0.01,0.95,10,10000,0.938,0.139,4830,1961,0.0011996,0,0.406004
2468,10000,2.0228,1.77828,2.37137,0.0128063,0.01,0.0158489,0.0701616,0.05,0.1,0.25243,0.2,0.3,1.73447e-05,4.5291e+08,490742,1.63299e+07,0.01,0.95,10,10000,0.938,0.139,5542,3353,0.000917397,0,0.605016
2469,10000,2.03189,1.77828,2.37137,0.0127485,0.01,0.0158489,0.0707478,0.05,0.1,0.348685,0.3,0.4,1.73447e-05,3.75273e+08,365553,1.35307e+07,0.01,0.95,10,10000,0.938,0.139,4592,3610,0.000884139,0,0.78615
2470,10000,2.03436,1.77828,2.37137,0.0126916,0.01,0.0158489,0.0719388,0.05,0.1,0.447529,0.4,0.5,1.73447e-05,2.67725e+08,281008,9.65296e+06,0.01,0.95,10,10000,0.938,0.139,3276,2875,0.000990729,0,0.877595
2471,10000,2.0441,1.77828,2.37137,0.0126835,0.01,0.0158489,0.0726353,0.05,0.1,0.545763,0.5,0.6,1.73447e-05,1.83305e+08,233412,6.60916e+06,0.01,0.95,10,10000,0.938,0.139,2243,1960,0.0011999,0,0.87383
2472,10000,2.04378,1.77828,2.37137,0.0126896,0.01,0.0158489,0.0727821,0.05,0.1,0.645351,0.6,0.7,1.73447e-05,1.176e+08,181567,4.24011e+06,0.01,0.95,10,10000,0.938,0.139,1439,1299,0.0014739,0,0.90271
2473,10000,2.04082,1.77828,2.37137,0.0126879,0.01,0.0158489,0.0732015,0.05,0.1,0.743923,0.7,0.8,1.73447e-05,6.57054e+07,127461,2.36904e+06,0.01,0.95,10,10000,0.938,0.139,804,776,0.00190697,0,0.965174
2474,10000,2.04674,1.77828,2.37137,0.0125591,0.01,0.0158489,0.0739765,0.05,0.1,0.843027,0.8,0.9,1.73447e-05,4.42122e+07,112871,1.59409e+06,0.01,0.95,10,10000,0.938,0.139,541,481,0.00242215,0,0.889094
2475,10000,2.03305,1.77828,2.37137,0.0125155,0.01,0.0158489,0.0753,0.05,0.1,0.94476,0.9,1,1.73447e-05,2.28825e+07,72903.6,825040,0.01,0.95,10,10000,0.938,0.139,280,279,0.00318033,0,0.996429
2476,10000,2.04535,1.77828,2.37137,0.0125812,0.01,0.0158489,0.0742647,0.05,0.1,1.1569,1,1.5,8.67235e-05,6.39075e+06,18829.4,230422,0.01,0.95,10,10000,0.938,0.139,391,355,0.00281942,0,0.907928
2477,10000,2.04798,1.77828,2.37137,0.0131172,0.01,0.0158489,0.126357,0.1,0.15,0.0751009,0,0.1,1.73447e-05,5.99031e+07,320278,2.15984e+06,0.01,0.95,10,10000,0.938,0.139,733,174,0.00402716,0,0.237381
2478,10000,2.02367,1.77828,2.37137,0.0129339,0.01,0.0158489,0.122745,0.1,0.15,0.158373,0.1,0.2,1.73447e-05,1.76604e+08,405501,6.36754e+06,0.01,0.95,10,10000,0.938,0.139,2161,858,0.00181355,0,0.397038
2479,10000,2.03721,1.77828,2.37137,0.0128668,0.01,0.0158489,0.122308,0.1,0.15,0.252252,0.2,0.3,1.73447e-05,2.28334e+08,398983,8.23272e+06,0.01,0.95,10,10000,0.938,0.139,2794,1389,0.00142535,0,0.497137
2480,10000,2.03024,1.77828,2.37137,0.0127201,0.01,0.0158489,0.121603,0.1,0.15,0.349106,0.3,0.4,1.73447e-05,2.13788e+08,342541,7.70823e+06,0.01,0.95,10,10000,0.938,0.139,2616,1548,0.00135017,0,0.591743
2481,10000,2.03248,1.77828,2.37137,0.0126816,0.01,0.0158489,0.123177,0.1,0.15,0.448734,0.4,0.5,1.73447e-05,1.64182e+08,259654,5.91966e+06,0.01,0.95,10,10000,0.938,0.139,2009,1445,0.00139746,0,0.719263
2482,10000,2.04041,1.77828,2.37137,0.0126976,0.01,0.0158489,0.122028,0.1,0.15,0.547455,0.5,0.6,1.73447e-05,1.07793e+08,185708,3.88653e+06,0.01,0.95,10,10000,0.938,0.139,1319,1105,0.00159806,0,0.837756
2483,10000,2.03378,1.77828,2.37137,0.0126823,0.01,0.0158489,0.123315,0.1,0.15,0.648003,0.6,0.7,1.73447e-05,7.68198e+07,147466,2.76978e+06,0.01,0.95,10,10000,0.938,0.139,940,844,0.00182853,0,0.897872
2484,10000,2.02962,1.77828,2.37137,0.0127044,0.01,0.0158489,0.123124,0.1,0.15,0.745864,0.7,0.8,1.73447e-05,5.00963e+07,124409,1.80625e+06,0.01,0.95,10,10000,0.938,0.139,613,524,0.00232064,0,0.854812
2485,10000,2.03612,1.77828,2.37137,0.0125564,0.01,0.0158489,0.124011,0.1,0.15,0.844541,0.8,0.9,1.73447e-05,2.62331e+07,79495.7,945849,0.01,0.95,10,10000,0.938,0.139,321,314,0.00299784,0,0.978193
2486,10000,2.03552,1.77828,2.37137,0.012828,0.01,0.0158489,0.121433,0.1,0.15,0.944289,0.9,1,1.73447e-05,1.9777e+07,73980.5,713070,0.01,0.95,10,10000,0.938,0.139,242,220,0.00358148,0,0.909091
2487,10000,2.03191,1.77828,2.37137,0.0124585,0.01,0.0158489,0.124687,0.1,0.15,1.17357,1,1.5,8.67235e-05,5.76965e+06,16734.5,208028,0.01,0.95,10,10000,0.938,0.139,353,344,0.00286414,0,0.974504
2488,10000,2.02112,1.77828,2.37137,0.0127052,0.01,0.0158489,0.174207,0.15,0.2,0.0696534,0,0.1,1.73447e-05,3.15451e+07,165508,1.13738e+06,0.01,0.95,10,10000,0.938,0.139,386,162,0.00417365,0,0.419689
2489,10000,2.04834,1.77828,2.37137,0.0126585,0.01,0.0158489,0.172893,0.15,0.2,0.157021,0.1,0.2,1.73447e-05,8.80976e+07,247801,3.1764e+06,0.01,0.95,10,10000,0.938,0.139,1078,536,0.00229452,0,0.497217
2490,10000,2.03083,1.77828,2.37137,0.01287,0.01,0.0158489,0.173554,0.15,0.2,0.252474,0.2,0.3,1.73447e-05,1.27897e+08,300927,4.61138e+06,0.01,0.95,10,10000,0.938,0.139,1565,769,0.00191563,0,0.491374
2491,10000,2.03339,1.77828,2.37137,0.0128364,0.01,0.0158489,0.172454,0.15,0.2,0.352807,0.3,0.4,1.73447e-05,1.26671e+08,270610,4.56718e+06,0.01,0.95,10,10000,0.938,0.139,1550,884,0.00178668,0,0.570323
2492,10000,2.03552,1.77828,2.37137,0.0127307,0.01,0.0158489,0.17274,0.15,0.2,0.448664,0.4,0.5,1.73447e-05,1.05178e+08,237068,3.79224e+06,0.01,0.95,10,10000,0.938,0.139,1287,776,0.00190697,0,0.602953
2493,10000,2.02531,1.77828,2.37137,0.0127782,0.01,0.0158489,0.173637,0.15,0.2,0.547753,0.5,0.6,1.73447e-05,7.44498e+07,173452,2.68433e+06,0.01,0.95,10,10000,0.938,0.139,911,662,0.00206464,0,0.726674
2494,10000,2.0245,1.77828,2.37137,0.012667,0.01,0.0158489,0.172436,0.15,0.2,0.64693,0.6,0.7,1.73447e-05,5.30383e+07,131867,1.91232e+06,0.01,0.95,10,10000,0.938,0.139,649,536,0.00229452,0,0.825886
2495,10000,2.0398,1.77828,2.37137,0.0126454,0.01,0.0158489,0.17359,0.15,0.2,0.74876,0.7,0.8,1.73447e-05,3.47323e+07,104414,1.25229e+06,0.01,0.95,10,10000,0.938,0.139,425,360,0.00279977,0,0.847059
2496,10000,2.03457,1.77828,2.37137,0.0127364,0.01,0.0158489,0.174446,0.15,0.2,0.846156,0.8,0.9,1.73447e-05,2.26373e+07,83871.9,816200,0.01,0.95,10,10000,0.938,0.139,277,236,0.00345794,0,0.851986
2497,10000,2.0238,1.77828,2.37137,0.0128579,0.01,0.0158489,0.173281,0.15,0.2,0.943069,0.9,1,1.73447e-05,1.4465e+07,60088.3,521543,0.01,0.95,10,10000,0.938,0.139,177,170,0.00407427,0,0.960452
2498,10000,2.04362,1.77828,2.37137,0.012636,0.01,0.0158489,0.174769,0.15,0.2,1.17137,1,1.5,8.67235e-05,4.39671e+06,15456.9,158525,0.01,0.95,10,10000,0.938,0.139,269,247,0.00338007,0,0.918216
2499,10000,2.06441,1.77828,2.37137,0.0129501,0.01,0.0158489,0.223231,0.2,0.25,0.062943,0,0.1,1.73447e-05,1.80608e+07,96295.2,651192,0.01,0.95,10,10000,0.938,0.139,221,137,0.00453851,0,0.61991
2500,10000,2.04336,1.77828,2.37137,0.0125369,0.01,0.0158489,0.223107,0.2,0.25,0.15465,0.1,0.2,1.73447e-05,5.24663e+07,169977,1.8917e+06,0.01,0.95,10,10000,0.938,0.139,642,379,0.00272869,0,0.590343
2501,10000,2.04077,1.77828,2.37137,0.0127247,0.01,0.0158489,0.223436,0.2,0.25,0.250561,0.2,0.3,1.73447e-05,8.04156e+07,215398,2.89943e+06,0.01,0.95,10,10000,0.938,0.139,984,562,0.00224081,0,0.571138
2502,10000,2.03124,1.77828,2.37137,0.0127569,0.01,0.0158489,0.222151,0.2,0.25,0.349123,0.3,0.4,1.73447e-05,8.3848e+07,225042,3.02318e+06,0.01,0.95,10,10000,0.938,0.139,1026,567,0.00223091,0,0.552632
2503,10000,2.02785,1.77828,2.37137,0.0128427,0.01,0.0158489,0.223277,0.2,0.25,0.449601,0.4,0.5,1.73447e-05,7.28971e+07,199708,2.62834e+06,0.01,0.95,10,10000,0.938,0.139,892,529,0.00230965,0,0.593049
2504,10000,2.03696,1.77828,2.37137,0.0126744,0.01,0.0158489,0.22465,0.2,0.25,0.54892,0.5,0.6,1.73447e-05,5.49997e+07,159718,1.98304e+06,0.01,0.95,10,10000,0.938,0.139,673,447,0.00251258,0,0.66419
2505,10000,2.03356,1.77828,2.37137,0.0127279,0.01,0.0158489,0.224026,0.2,0.25,0.649283,0.6,0.7,1.73447e-05,3.98809e+07,132961,1.43793e+06,0.01,0.95,10,10000,0.938,0.139,488,334,0.0029067,0,0.684426
2506,10000,2.02442,1.77828,2.37137,0.0128432,0.01,0.0158489,0.225242,0.2,0.25,0.748429,0.7,0.8,1.73447e-05,2.72138e+07,99939.3,981208,0.01,0.95,10,10000,0.938,0.139,333,257,0.00331366,0,0.771772
2507,10000,2.0522,1.77828,2.37137,0.0127482,0.01,0.0158489,0.223984,0.2,0.25,0.848469,0.8,0.9,1.73447e-05,1.74888e+07,75263.8,630566,0.01,0.95,10,10000,0.938,0.139,214,178,0.00398166,0,0.831776
2508,10000,2.06004,1.77828,2.37137,0.0128155,0.01,0.0158489,0.22456,0.2,0.25,0.946651,0.9,1,1.73447e-05,1.16047e+07,60916,418413,0.01,0.95,10,10000,0.938,0.139,142,119,0.00486968,0,0.838028
2509,10000,2.04467,1.77828,2.37137,0.0127757,0.01,0.0158489,0.222923,0.2,0.25,1.16474,1,1.5,8.67235e-05,3.49775e+06,14015.6,126113,0.01,0.95,10,10000,0.938,0.139,214,193,0.0038238,0,0.901869
2510,10000,2.02481,1.77828,2.37137,0.0127482,0.01,0.0158489,0.271703,0.25,0.3,0.065341,0,0.1,1.73447e-05,1.16047e+07,60916,418413,0.01,0.95,10,10000,0.938,0.139,142,119,0.00486968,0,0.838028
2511,10000,2.06647,1.77828,2.37137,0.0126997,0.01,0.0158489,0.273957,0.25,0.3,0.153314,0.1,0.2,1.73447e-05,3.77561e+07,140078,1.36132e+06,0.01,0.95,10,10000,0.938,0.139,462,284,0.00315221,0,0.614719
2512,10000,2.05205,1.77828,2.37137,0.0126822,0.01,0.0158489,0.273208,0.25,0.3,0.252121,0.2,0.3,1.73447e-05,5.6389e+07,159191,2.03313e+06,0.01,0.95,10,10000,0.938,0.139,690,468,0.00245556,0,0.678261
2513,10000,2.0349,1.77828,2.37137,0.0127323,0.01,0.0158489,0.275083,0.25,0.3,0.348777,0.3,0.4,1.73447e-05,5.21394e+07,166816,1.87991e+06,0.01,0.95,10,10000,0.938,0.139,638,385,0.00270734,0,0.603448
2514,10000,2.03417,1.77828,2.37137,0.0127352,0.01,0.0158489,0.272205,0.25,0.3,0.446402,0.4,0.5,1.73447e-05,4.66639e+07,148952,1.68249e+06,0.01,0.95,10,10000,0.938,0.139,571,373,0.00275055,0,0.65324
2515,10000,2.03756,1.77828,2.37137,0.0128401,0.01,0.0158489,0.273382,0.25,0.3,0.551262,0.5,0.6,1.73447e-05,4.15971e+07,146994,1.4998e+06,0.01,0.95,10,10000,0.938,0.139,509,313,0.00300263,0,0.614931
2516,10000,2.04676,1.77828,2.37137,0.0128806,0.01,0.0158489,0.273503,0.25,0.3,0.647601,0.6,0.7,1.73447e-05,3.12182e+07,124241,1.12559e+06,0.01,0.95,10,10000,0.938,0.139,382,243,0.00340777,0,0.636126
2517,10000,2.0455,1.77828,2.37137,0.0129154,0.01,0.0158489,0.274892,0.25,0.3,0.747072,0.7,0.8,1.73447e-05,1.85512e+07,88663.7,668871,0.01,0.95,10,10000,0.938,0.139,227,160,0.00419966,0,0.704846
2518,10000,2.03743,1.77828,2.37137,0.012913,0.01,0.0158489,0.274989,0.25,0.3,0.84826,0.8,0.9,1.73447e-05,1.25036e+07,60436,450825,0.01,0.95,10,10000,0.938,0.139,153,135,0.00457201,0,0.882353
2519,10000,2.03731,1.77828,2.37137,0.0130188,0.01,0.0158489,0.271506,0.25,0.3,0.943214,0.9,1,1.73447e-05,9.47989e+06,59268.1,341802,0.01,0.95,10,10000,0.938,0.139,116,89,0.00563091,0,0.767241
2520,10000,2.04495,1.77828,2.37137,0.0126653,0.01,0.0158489,0.274933,0.25,0.3,1.15786,1,1.5,8.67235e-05,3.15451e+06,12904,113738,0.01,0.95,10,10000,0.938,0.139,193,180,0.00395948,0,0.932642
2521,10000,2.01802,1.77828,2.37137,0.0126749,0.01,0.0158489,0.342486,0.3,0.4,0.0678505,0,0.1,3.46894e-05,6.04751e+06,31757.5,218046,0.01,0.95,10,10000,0.938,0.139,148,121,0.00482927,0,0.817568
2522,10000,2.0282,1.77828,2.37137,0.0128624,0.01,0.0158489,0.343024,0.3,0.4,0.154863,0.1,0.2,3.46894e-05,1.87963e+07,60522.8,677711,0.01,0.95,10,10000,0.938,0.139,460,342,0.00287251,0,0.743478
2523,10000,2.02467,1.77828,2.37137,0.0126864,0.01,0.0158489,0.344002,0.3,0.4,0.252996,0.2,0.3,3.46894e-05,2.78676e+07,77052.2,1.00478e+06,0.01,0.95,10,10000,0.938,0.139,682,479,0.0024272,0,0.702346
2524,10000,2.02246,1.77828,2.37137,0.0127349,0.01,0.0158489,0.344495,0.3,0.4,0.350672,0.3,0.4,3.46894e-05,3.32205e+07,85044.6,1.19778e+06,0.01,0.95,10,10000,0.938,0.139,813,563,0.00223882,0,0.692497
2525,10000,2.03167,1.77828,2.37137,0.0127284,0.01,0.0158489,0.345446,0.3,0.4,0.448867,0.4,0.5,3.46894e-05,2.93795e+07,78992.6,1.05929e+06,0.01,0.95,10,10000,0.938,0.139,719,506,0.00236156,0,0.703755
2526,10000,2.01842,1.77828,2.37137,0.0128453,0.01,0.0158489,0.34207,0.3,0.4,0.548235,0.5,0.6,3.46894e-05,2.31277e+07,75316.2,833879,0.01,0.95,10,10000,0.938,0.139,566,362,0.00279203,0,0.639576
2527,10000,2.01675,1.77828,2.37137,0.0128244,0.01,0.0158489,0.345463,0.3,0.4,0.647038,0.6,0.7,3.46894e-05,1.96136e+07,70537.7,707177,0.01,0.95,10,10000,0.938,0.139,480,300,0.003067,0,0.625
2528,10000,2.00467,1.77828,2.37137,0.0126158,0.01,0.0158489,0.347307,0.3,0.4,0.745811,0.7,0.8,3.46894e-05,1.51188e+07,61016.8,545115,0.01,0.95,10,10000,0.938,0.139,370,236,0.00345794,0,0.637838
2529,10000,2.03902,1.77828,2.37137,0.0129581,0.01,0.0158489,0.345603,0.3,0.4,0.848438,0.8,0.9,3.46894e-05,1.03788e+07,51019.4,374214,0.01,0.95,10,10000,0.938,0.139,254,160,0.00419966,0,0.629921
2530,10000,2.05955,1.77828,2.37137,0.0125458,0.01,0.0158489,0.348608,0.3,0.4,0.9463,0.9,1,3.46894e-05,6.90561e+06,38280.8,248985,0.01,0.95,10,10000,0.938,0.139,169,119,0.00486968,0,0.704142
2531,10000,2.0296,1.77828,2.37137,0.012779,0.01,0.0158489,0.346986,0.3,0.4,1.16532,1,1.5,0.000173447,2.28008e+06,8691.63,82209.3,0.01,0.95,10,10000,0.938,0.139,279,229,0.0035104,0,0.820789
2532,10000,2.02637,1.77828,2.37137,0.0125232,0.01,0.0158489,0.444101,0.4,0.5,0.0646179,0,0.1,3.46894e-05,3.35065e+06,24887.8,120809,0.01,0.95,10,10000,0.938,0.139,82,63,0.00669274,0,0.768293
2533,10000,2.04129,1.77828,2.37137,0.0127697,0.01,0.0158489,0.44245,0.4,0.5,0.152607,0.1,0.2,3.46894e-05,9.80678e+06,44394.1,353588,0.01,0.95,10,10000,0.938,0.139,240,175,0.00401564,0,0.729167
2534,10000,2.01552,1.77828,2.37137,0.0127778,0.01,0.0158489,0.443754,0.4,0.5,0.253311,0.2,0.3,3.46894e-05,1.38112e+07,52259.1,497970,0.01,0.95,10,10000,0.938,0.139,338,249,0.00336647,0,0.736686
2535,10000,2.00984,1.77828,2.37137,0.0126013,0.01,0.0158489,0.443688,0.4,0.5,0.353114,0.3,0.4,3.46894e-05,1.49962e+07,59292.1,540696,0.01,0.95,10,10000,0.938,0.139,367,242,0.00341481,0,0.659401
2536,10000,2.03099,1.77828,2.37137,0.0129386,0.01,0.0158489,0.447164,0.4,0.5,0.448315,0.4,0.5,3.46894e-05,1.4751e+07,52273.6,531856,0.01,0.95,10,10000,0.938,0.139,361,277,0.00319179,0,0.767313
2537,10000,2.02092,1.77828,2.37137,0.01259,0.01,0.0158489,0.443365,0.4,0.5,0.546933,0.5,0.6,3.46894e-05,1.34026e+07,52617.9,483238,0.01,0.95,10,10000,0.938,0.139,328,235,0.00346529,0,0.716463
2538,10000,2.03977,1.77828,2.37137,0.0128284,0.01,0.0158489,0.446906,0.4,0.5,0.645178,0.6,0.7,3.46894e-05,9.60247e+06,44000.8,346222,0.01,0.95,10,10000,0.938,0.139,235,171,0.00406234,0,0.72766
2539,10000,2.06485,1.77828,2.37137,0.0127707,0.01,0.0158489,0.4442,0.4,0.5,0.748192,0.7,0.8,3.46894e-05,9.56161e+06,49806.8,344749,0.01,0.95,10,10000,0.938,0.139,234,144,0.00442683,0,0.615385
2540,10000,2.0307,1.77828,2.37137,0.0130144,0.01,0.0158489,0.450864,0.4,0.5,0.84797,0.8,0.9,3.46894e-05,6.21096e+06,39391.9,223939,0.01,0.95,10,10000,0.938,0.139,152,96,0.00542174,0,0.631579
2541,10000,2.05483,1.77828,2.37137,0.0127789,0.01,0.0158489,0.449296,0.4,0.5,0.941374,0.9,1,3.46894e-05,4.94425e+06,40683.9,178267,0.01,0.95,10,10000,0.938,0.139,121,62,0.00674649,0,0.512397
2542,10000,2.02557,1.77828,2.37137,0.012739,0.01,0.0158489,0.447778,0.4,0.5,1.20625,1,1.5,0.000173447,1.92049e+06,9351.94,69244.4,0.01,0.95,10,10000,0.938,0.139,235,158,0.00422615,0,0.67234
2543,10000,2.02379,1.77828,2.37137,0.0127436,0.01,0.0158489,0.543356,0.5,0.6,0.0573087,0,0.1,3.46894e-05,1.18499e+06,15516,42725.3,0.01,0.95,10,10000,0.938,0.139,29,21,0.0115922,0,0.724138
2544,10000,2.01553,1.77828,2.37137,0.0126399,0.01,0.0158489,0.543056,0.5,0.6,0.151038,0.1,0.2,3.46894e-05,4.53563e+06,31073.1,163535,0.01,0.95,10,10000,0.938,0.139,111,78,0.00601488,0,0.702703
2545,10000,2.03274,1.77828,2.37137,0.0125391,0.01,0.0158489,0.540224,0.5,0.6,0.254939,0.2,0.3,3.46894e-05,6.78302e+06,38162.9,244565,0.01,0.95,10,10000,0.938,0.139,166,116,0.00493225,0,0.698795
2546,10000,2.04289,1.77828,2.37137,0.0127765,0.01,0.0158489,0.546185,0.5,0.6,0.352225,0.3,0.4,3.46894e-05,8.62179e+06,42901.7,310863,0.01,0.95,10,10000,0.938,0.139,211,148,0.0043666,0,0.701422
2547,10000,2.02701,1.77828,2.37137,0.012386,0.01,0.0158489,0.540816,0.5,0.6,0.449133,0.4,0.5,3.46894e-05,7.60025e+06,42637.3,274031,0.01,0.95,10,10000,0.938,0.139,186,121,0.00482927,0,0.650538
2548,10000,2.03737,1.77828,2.37137,0.0126902,0.01,0.0158489,0.547035,0.5,0.6,0.552844,0.5,0.6,3.46894e-05,6.61958e+06,39344.5,238672,0.01,0.95,10,10000,0.938,0.139,162,107,0.00513549,0,0.660494
2549,10000,2.03627,1.77828,2.37137,0.0128529,0.01,0.0158489,0.54059,0.5,0.6,0.648737,0.6,0.7,3.46894e-05,6.98733e+06,37164.5,251932,0.01,0.95,10,10000,0.938,0.139,171,126,0.00473248,0,0.736842
2550,10000,2.0243,1.77828,2.37137,0.0123584,0.01,0.0158489,0.546763,0.5,0.6,0.753984,0.7,0.8,3.46894e-05,4.49477e+06,31024.7,162061,0.01,0.95,10,10000,0.938,0.139,110,77,0.00605381,0,0.7
2551,10000,2.02301,1.77828,2.37137,0.0132917,0.01,0.0158489,0.542983,0.5,0.6,0.846736,0.8,0.9,3.46894e-05,4.16788e+06,31348.2,150275,0.01,0.95,10,10000,0.938,0.139,102,67,0.00648988,0,0.656863
2552,10000,2.07187,1.77828,2.37137,0.0135643,0.01,0.0158489,0.548357,0.5,0.6,0.948564,0.9,1,3.46894e-05,2.69686e+06,27231.4,97236.8,0.01,0.95,10,10000,0.938,0.139,66,39,0.00850632,0,0.590909
2553,10000,2.05605,1.77828,2.37137,0.0128325,0.01,0.0158489,0.54676,0.5,0.6,1.19573,1,1.5,0.000173447,1.67532e+06,9895.57,60404.7,0.01,0.95,10,10000,0.938,0.139,205,116,0.00493225,0,0.565854
2554,10000,2.1069,1.77828,2.37137,0.0111792,0.01,0.0158489,0.633543,0.6,0.7,0.0706969,0,0.1,3.46894e-05,572062,10896.6,20626,0.01,0.95,10,10000,0.938,0.139,14,10,0.0167986,0,0.714286
2555,10000,1.98238,1.77828,2.37137,0.0127314,0.01,0.0158489,0.642391,0.6,0.7,0.151356,0.1,0.2,3.46894e-05,2.28825e+06,21793.1,82504,0.01,0.95,10,10000,0.938,0.139,56,40,0.00839932,0,0.714286
2556,10000,2.04385,1.77828,2.37137,0.012613,0.01,0.0158489,0.642504,0.6,0.7,0.259763,0.2,0.3,3.46894e-05,3.55496e+06,26874.5,128176,0.01,0.95,10,10000,0.938,0.139,87,63,0.00669274,0,0.724138
2557,10000,2.05293,1.77828,2.37137,0.0129726,0.01,0.0158489,0.644826,0.6,0.7,0.348984,0.3,0.4,3.46894e-05,3.92271e+06,29728.3,141435,0.01,0.95,10,10000,0.938,0.139,96,65,0.00658897,0,0.677083
2558,10000,2.01282,1.77828,2.37137,0.0128444,0.01,0.0158489,0.640397,0.6,0.7,0.451523,0.4,0.5,3.46894e-05,4.0453e+06,27364,145855,0.01,0.95,10,10000,0.938,0.139,99,76,0.0060935,0,0.767677
2559,10000,2.01398,1.77828,2.37137,0.0130661,0.01,0.0158489,0.641437,0.6,0.7,0.550656,0.5,0.6,3.46894e-05,3.88185e+06,28665.9,139962,0.01,0.95,10,10000,0.938,0.139,95,67,0.00648988,0,0.705263
2560,10000,2.00116,1.77828,2.37137,0.0127618,0.01,0.0158489,0.646437,0.6,0.7,0.647364,0.6,0.7,3.46894e-05,2.77859e+06,23108.3,100183,0.01,0.95,10,10000,0.938,0.139,68,51,0.00743856,0,0.75
2561,10000,2.02294,1.77828,2.37137,0.012774,0.01,0.0158489,0.645943,0.6,0.7,0.753048,0.7,0.8,3.46894e-05,2.73773e+06,22666.3,98710.1,0.01,0.95,10,10000,0.938,0.139,67,51,0.00743856,0,0.761194
2562,10000,1.9823,1.77828,2.37137,0.0130561,0.01,0.0158489,0.650334,0.6,0.7,0.842021,0.8,0.9,3.46894e-05,1.75705e+06,20486.1,63351.3,0.01,0.95,10,10000,0.938,0.139,43,28,0.0100391,0,0.651163
2563,10000,1.9944,1.77828,2.37137,0.0129158,0.01,0.0158489,0.65362,0.6,0.7,0.941857,0.9,1,3.46894e-05,1.92049e+06,22279,69244.4,0.01,0.95,10,10000,0.938,0.139,47,29,0.0098645,0,0.617021
2564,10000,2.03748,1.77828,2.37137,0.0131704,0.01,0.0158489,0.641106,0.6,0.7,1.21515,1,1.5,0.000173447,1.14412e+06,8982.55,41252,0.01,0.95,10,10000,0.938,0.139,140,69,0.00639513,0,0.492857
2565,10000,1.98884,1.77828,2.37137,0.0128616,0.01,0.0158489,0.723658,0.7,0.8,0.0654256,0,0.1,3.46894e-05,449477,9523.67,16206.1,0.01,0.95,10,10000,0.938,0.139,11,8,0.0187814,0,0.727273
2566,10000,2.01334,1.77828,2.37137,0.0127575,0.01,0.0158489,0.744147,0.7,0.8,0.158984,0.1,0.2,3.46894e-05,1.34843e+06,19611.8,48618.4,0.01,0.95,10,10000,0.938,0.139,33,19,0.012187,0,0.575758
2567,10000,1.99876,1.77828,2.37137,0.012339,0.01,0.0158489,0.741993,0.7,0.8,0.256618,0.2,0.3,3.46894e-05,1.38929e+06,21094.9,50091.7,0.01,0.95,10,10000,0.938,0.139,34,18,0.012521,0,0.529412
2568,10000,2.05503,1.77828,2.37137,0.0128918,0.01,0.0158489,0.749237,0.7,0.8,0.365157,0.3,0.4,3.46894e-05,2.24739e+06,25132.9,81030.7,0.01,0.95,10,10000,0.938,0.139,55,32,0.00939072,0,0.581818
2569,10000,1.98104,1.77828,2.37137,0.0123961,0.01,0.0158489,0.745113,0.7,0.8,0.451206,0.4,0.5,3.46894e-05,2.41083e+06,22849.1,86923.8,0.01,0.95,10,10000,0.938,0.139,59,41,0.00829625,0,0.694915
2570,10000,2.01933,1.77828,2.37137,0.0124995,0.01,0.0158489,0.73745,0.7,0.8,0.547616,0.5,0.6,3.46894e-05,2.36997e+06,22786.6,85450.5,0.01,0.95,10,10000,0.938,0.139,58,40,0.00839932,0,0.689655
2571,10000,1.98456,1.77828,2.37137,0.0126876,0.01,0.0158489,0.749671,0.7,0.8,0.656719,0.6,0.7,3.46894e-05,1.55274e+06,18025.9,55984.8,0.01,0.95,10,10000,0.938,0.139,38,27,0.0102233,0,0.710526
2572,10000,2.0102,1.77828,2.37137,0.0131049,0.01,0.0158489,0.737485,0.7,0.8,0.755923,0.7,0.8,3.46894e-05,1.43016e+06,21826.7,51565,0.01,0.95,10,10000,0.938,0.139,35,18,0.012521,0,0.514286
2573,10000,2.06527,1.77828,2.37137,0.0124817,0.01,0.0158489,0.734872,0.7,0.8,0.854353,0.8,0.9,3.46894e-05,694647,14916.3,25045.8,0.01,0.95,10,10000,0.938,0.139,17,9,0.0177073,0,0.529412
2574,10000,2.04166,1.77828,2.37137,0.0121475,0.01,0.0158489,0.720392,0.7,0.8,0.946341,0.9,1,3.46894e-05,694647,13865,25045.8,0.01,0.95,10,10000,0.938,0.139,17,10,0.0167986,0,0.588235
2575,10000,2.05319,1.77828,2.37137,0.0125942,0.01,0.0158489,0.751808,0.7,0.8,1.21321,1,1.5,0.000173447,719164,6746.93,25929.8,0.01,0.95,10,10000,0.938,0.139,88,47,0.00774863,0,0.534091
2576,10000,2.06298,1.77828,2.37137,0.0115743,0.01,0.0158489,0.820311,0.8,0.9,0.153438,0.1,0.2,3.46894e-05,572062,12841.7,20626,0.01,0.95,10,10000,0.938,0.139,14,8,0.0187814,0,0.571429
2577,10000,1.97763,1.77828,2.37137,0.0131612,0.01,0.0158489,0.844407,0.8,0.9,0.240814,0.2,0.3,3.46894e-05,858093,16698.7,30939,0.01,0.95,10,10000,0.938,0.139,21,11,0.0160169,0,0.52381
2578,10000,1.97737,1.77828,2.37137,0.0124539,0.01,0.0158489,0.840307,0.8,0.9,0.350378,0.3,0.4,3.46894e-05,858093,19047.3,30939,0.01,0.95,10,10000,0.938,0.139,21,9,0.0177073,0,0.428571
2579,10000,2.02436,1.77828,2.37137,0.0125185,0.01,0.0158489,0.838888,0.8,0.9,0.454834,0.4,0.5,3.46894e-05,1.02154e+06,18310,36832.1,0.01,0.95,10,10000,0.938,0.139,25,13,0.0147334,0,0.52
2580,10000,1.96255,1.77828,2.37137,0.0122577,0.01,0.0158489,0.841314,0.8,0.9,0.563059,0.5,0.6,3.46894e-05,898955,14903.8,32412.3,0.01,0.95,10,10000,0.938,0.139,22,14,0.0141974,0,0.636364
2581,10000,2.04215,1.77828,2.37137,0.0120895,0.01,0.0158489,0.85341,0.8,0.9,0.645213,0.6,0.7,3.46894e-05,735508,13883.5,26519.1,0.01,0.95,10,10000,0.938,0.139,18,11,0.0160169,0,0.611111
2582,10000,2.06233,1.77828,2.37137,0.0132676,0.01,0.0158489,0.858913,0.8,0.9,0.741384,0.7,0.8,3.46894e-05,776370,12388.2,27992.4,0.01,0.95,10,10000,0.938,0.139,19,14,0.0141974,0,0.736842
2583,10000,2.13189,1.77828,2.37137,0.0126448,0.01,0.0158489,0.840856,0.8,0.9,0.85654,0.8,0.9,3.46894e-05,817232,13989.9,29465.7,0.01,0.95,10,10000,0.938,0.139,20,13,0.0147334,0,0.65
2584,10000,2.03236,1.77828,2.37137,0.0126256,0.01,0.0158489,0.837389,0.8,0.9,0.947021,0.9,1,3.46894e-05,245169,6291.13,8839.71,0.01,0.95,10,10000,0.938,0.139,6,5,0.0237569,0,0.833333
2585,10000,2.01354,1.77828,2.37137,0.0133446,0.01,0.0158489,0.844884,0.8,0.9,1.24863,1,1.5,0.000173447,375926,5252.13,13554.2,0.01,0.95,10,10000,0.938,0.139,46,22,0.0113256,0,0.478261
2586,10000,2.05235,1.77828,2.37137,0.0112903,0.01,0.0158489,0.940033,0.9,1,0.0586048,0,0.1,3.46894e-05,204308,5944.56,7366.43,0.01,0.95,10,10000,0.938,0.139,5,4,0.026561,0,0.8
2587,10000,1.98897,1.77828,2.37137,0.0122391,0.01,0.0158489,0.961304,0.9,1,0.159136,0.1,0.2,3.46894e-05,367754,9209.27,13259.6,0.01,0.95,10,10000,0.938,0.139,9,6,0.0216869,0,0.666667
2588,10000,1.93974,1.77828,2.37137,0.0131049,0.01,0.0158489,0.925705,0.9,1,0.268611,0.2,0.3,3.46894e-05,449477,13274.7,16206.1,0.01,0.95,10,10000,0.938,0.139,11,5,0.0237569,0,0.454545
2589,10000,2.01701,1.77828,2.37137,0.0126461,0.01,0.0158489,0.952647,0.9,1,0.356059,0.3,0.4,3.46894e-05,653785,18074.2,23572.6,0.01,0.95,10,10000,0.938,0.139,16,6,0.0216869,0,0.375
2590,10000,2.03226,1.77828,2.37137,0.0120001,0.01,0.0158489,0.936881,0.9,1,0.446018,0.4,0.5,3.46894e-05,817232,13989.9,29465.7,0.01,0.95,10,10000,0.938,0.139,20,13,0.0147334,0,0.65
2591,10000,1.86807,1.77828,2.37137,0.0115372,0.01,0.0158489,0.929057,0.9,1,0.556749,0.5,0.6,3.46894e-05,204308,7414.17,7366.43,0.01,0.95,10,10000,0.938,0.139,5,3,0.03067,0,0.6
2592,10000,1.82338,1.77828,2.37137,0.0133187,0.01,0.0158489,0.937261,0.9,1,0.668827,0.6,0.7,3.46894e-05,326893,12780.4,11786.3,0.01,0.95,10,10000,0.938,0.139,8,3,0.03067,0,0.375
2593,10000,2.03149,1.77828,2.37137,0.0120499,0.01,0.0158489,0.929061,0.9,1,0.747269,0.7,0.8,3.46894e-05,286031,9080.47,10313,0.01,0.95,10,10000,0.938,0.139,7,4,0.026561,0,0.571429
2594,10000,1.79756,1.77828,2.37137,0.0118904,0.01,0.0158489,0.976847,0.9,1,0.977373,0.9,1,3.46894e-05,81723.2,3069.76,2946.57,0.01,0.95,10,10000,0.938,0.139,2,2,0.0375629,0,1
2595,10000,1.9725,1.77828,2.37137,0.0116643,0.01,0.0158489,0.936134,0.9,1,1.28721,1,1.5,0.000173447,147102,2604.78,5303.83,0.01,0.95,10,10000,0.938,0.139,18,12,0.015335,0,0.666667
2596,10000,2.02101,1.77828,2.37137,0.0206277,0.0158489,0.0251189,0.0701503,0.05,0.1,0.0672712,0,0.1,2.74899e-05,1.05447e+08,233703,3.80193e+06,0.01,0.95,10,10000,0.938,0.139,2045,897,0.00177369,0,0.438631
2597,10000,2.02672,1.77828,2.37137,0.020326,0.0158489,0.0251189,0.0697073,0.05,0.1,0.155207,0.1,0.2,2.74899e-05,2.33994e+08,288877,8.43676e+06,0.01,0.95,10,10000,0.938,0.139,4538,2630,0.00103585,0,0.57955
2598,10000,2.0312,1.77828,2.37137,0.0202079,0.0158489,0.0251189,0.0708185,0.05,0.1,0.250223,0.2,0.3,2.74899e-05,2.76172e+08,266706,9.95753e+06,0.01,0.95,10,10000,0.938,0.139,5356,3867,0.000854254,0,0.721994
2599,10000,2.03977,1.77828,2.37137,0.0200141,0.0158489,0.0251189,0.0718588,0.05,0.1,0.347572,0.3,0.4,2.74899e-05,2.24506e+08,209290,8.09468e+06,0.01,0.95,10,10000,0.938,0.139,4354,3720,0.000870969,0,0.854387
2600,10000,2.04696,1.77828,2.37137,0.0199499,0.0158489,0.0251189,0.0731685,0.05,0.1,0.446779,0.4,0.5,2.74899e-05,1.51493e+08,168102,5.46214e+06,0.01,0.95,10,10000,0.938,0.139,2938,2575,0.00104685,0,0.876447
2601,10000,2.04609,1.77828,2.37137,0.0198841,0.0158489,0.0251189,0.0733832,0.05,0.1,0.546678,0.5,0.6,2.74899e-05,9.8331e+07,132683,3.54537e+06,0.01,0.95,10,10000,0.938,0.139,1907,1710,0.00128462,0,0.896696
2602,10000,2.05945,1.77828,2.37137,0.0197533,0.0158489,0.0251189,0.0751292,0.05,0.1,0.645284,0.6,0.7,2.74899e-05,5.97617e+07,104644,2.15474e+06,0.01,0.95,10,10000,0.938,0.139,1159,1026,0.00165844,0,0.885246
2603,10000,2.06686,1.77828,2.37137,0.0196436,0.0158489,0.0251189,0.0755045,0.05,0.1,0.746074,0.7,0.8,2.74899e-05,3.38254e+07,81806.7,1.21959e+06,0.01,0.95,10,10000,0.938,0.139,656,556,0.00225287,0,0.847561
2604,10000,2.08327,1.77828,2.37137,0.0192389,0.0158489,0.0251189,0.0769858,0.05,0.1,0.843543,0.8,0.9,2.74899e-05,1.78409e+07,54934.9,643261,0.01,0.95,10,10000,0.938,0.139,346,320,0.00296961,0,0.924855
2605,10000,2.06434,1.77828,2.37137,0.0195183,0.0158489,0.0251189,0.0788226,0.05,0.1,0.944746,0.9,1,2.74899e-05,8.92043e+06,36870.6,321631,0.01,0.95,10,10000,0.938,0.139,173,169,0.0040863,0,0.976879
2606,10000,2.10402,1.77828,2.37137,0.0194171,0.0158489,0.0251189,0.0809732,0.05,0.1,1.11917,1,1.5,0.000137449,1.92846e+06,7945.85,69531.7,0.01,0.95,10,10000,0.938,0.139,187,176,0.00400422,0,0.941176
2607,10000,2.02512,1.77828,2.37137,0.020526,0.0158489,0.0251189,0.123251,0.1,0.15,0.0657437,0,0.1,2.74899e-05,3.89302e+07,122459,1.40365e+06,0.01,0.95,10,10000,0.938,0.139,755,414,0.0026108,0,0.548344
2608,10000,2.03325,1.77828,2.37137,0.0203566,0.0158489,0.0251189,0.122253,0.1,0.15,0.156532,0.1,0.2,2.74899e-05,1.07045e+08,197949,3.85957e+06,0.01,0.95,10,10000,0.938,0.139,2076,1181,0.00154578,0,0.568882
2609,10000,2.03249,1.77828,2.37137,0.0201429,0.0158489,0.0251189,0.122792,0.1,0.15,0.252759,0.2,0.3,2.74899e-05,1.40664e+08,214485,5.07172e+06,0.01,0.95,10,10000,0.938,0.139,2728,1680,0.00129604,0,0.615836
2610,10000,2.02968,1.77828,2.37137,0.0201635,0.0158489,0.0251189,0.122663,0.1,0.15,0.349609,0.3,0.4,2.74899e-05,1.28238e+08,185490,4.62367e+06,0.01,0.95,10,10000,0.938,0.139,2487,1749,0.00127022,0,0.703257
2611,10000,2.02613,1.77828,2.37137,0.020213,0.0158489,0.0251189,0.123214,0.1,0.15,0.448259,0.4,0.5,2.74899e-05,9.95169e+07,144554,3.58813e+06,0.01,0.95,10,10000,0.938,0.139,1930,1580,0.00133643,0,0.818653
2612,10000,2.03781,1.77828,2.37137,0.0201835,0.0158489,0.0251189,0.123011,0.1,0.15,0.546793,0.5,0.6,2.74899e-05,6.7754e+07,109653,2.44291e+06,0.01,0.95,10,10000,0.938,0.139,1314,1184,0.00154383,0,0.901065
2613,10000,2.03737,1.77828,2.37137,0.0201552,0.0158489,0.0251189,0.124084,0.1,0.15,0.646814,0.6,0.7,2.74899e-05,4.40349e+07,85580,1.5877e+06,0.01,0.95,10,10000,0.938,0.139,854,797,0.00188168,0,0.933255
2614,10000,2.05137,1.77828,2.37137,0.0200562,0.0158489,0.0251189,0.122809,0.1,0.15,0.746152,0.7,0.8,2.74899e-05,2.76379e+07,70293.8,996497,0.01,0.95,10,10000,0.938,0.139,536,481,0.00242215,0,0.897388
2615,10000,2.0385,1.77828,2.37137,0.020015,0.0158489,0.0251189,0.124267,0.1,0.15,0.8434,0.8,0.9,2.74899e-05,1.47986e+07,51536.8,533572,0.01,0.95,10,10000,0.938,0.139,287,257,0.00331366,0,0.89547
2616,10000,2.05287,1.77828,2.37137,0.0197852,0.0158489,0.0251189,0.125707,0.1,0.15,0.944815,0.9,1,2.74899e-05,9.90013e+06,43264.9,356954,0.01,0.95,10,10000,0.938,0.139,192,167,0.0041107,0,0.869792
2617,10000,2.0382,1.77828,2.37137,0.0197934,0.0158489,0.0251189,0.125305,0.1,0.15,1.15621,1,1.5,0.000137449,2.48534e+06,8865.09,89610.4,0.01,0.95,10,10000,0.938,0.139,241,231,0.00349517,0,0.958506
2618,10000,2.03599,1.77828,2.37137,0.020332,0.0158489,0.0251189,0.174479,0.15,0.2,0.0624682,0,0.1,2.74899e-05,2.01612e+07,73749.4,726922,0.01,0.95,10,10000,0.938,0.139,391,274,0.00320921,0,0.700767
2619,10000,2.04204,1.77828,2.37137,0.0203908,0.0158489,0.0251189,0.174169,0.15,0.2,0.152114,0.1,0.2,2.74899e-05,5.48632e+07,133399,1.97812e+06,0.01,0.95,10,10000,0.938,0.139,1064,659,0.00206934,0,0.619361
2620,10000,2.03497,1.77828,2.37137,0.0201641,0.0158489,0.0251189,0.172895,0.15,0.2,0.252268,0.2,0.3,2.74899e-05,7.99745e+07,163475,2.88352e+06,0.01,0.95,10,10000,0.938,0.139,1551,941,0.00173173,0,0.606705
2621,10000,2.03475,1.77828,2.37137,0.0201238,0.0158489,0.0251189,0.173397,0.15,0.2,0.349821,0.3,0.4,2.74899e-05,7.98198e+07,155451,2.87794e+06,0.01,0.95,10,10000,0.938,0.139,1548,1005,0.00167568,0,0.649225
2622,10000,2.03769,1.77828,2.37137,0.0203372,0.0158489,0.0251189,0.173453,0.15,0.2,0.447477,0.4,0.5,2.74899e-05,6.31133e+07,134166,2.27558e+06,0.01,0.95,10,10000,0.938,0.139,1224,827,0.00184723,0,0.675654
2623,10000,2.02495,1.77828,2.37137,0.020266,0.0158489,0.0251189,0.172844,0.15,0.2,0.547003,0.5,0.6,2.74899e-05,4.72319e+07,104816,1.70297e+06,0.01,0.95,10,10000,0.938,0.139,916,705,0.00200069,0,0.769651
2624,10000,2.02421,1.77828,2.37137,0.0201872,0.0158489,0.0251189,0.173361,0.15,0.2,0.647868,0.6,0.7,2.74899e-05,3.16082e+07,76059.6,1.13965e+06,0.01,0.95,10,10000,0.938,0.139,613,543,0.00227968,0,0.885808
2625,10000,2.03363,1.77828,2.37137,0.0201721,0.0158489,0.0251189,0.173107,0.15,0.2,0.746562,0.7,0.8,2.74899e-05,1.79955e+07,52962.1,648839,0.01,0.95,10,10000,0.938,0.139,349,337,0.00289374,0,0.965616
2626,10000,2.04051,1.77828,2.37137,0.0198096,0.0158489,0.0251189,0.174684,0.15,0.2,0.84374,0.8,0.9,2.74899e-05,1.30455e+07,47917.7,470361,0.01,0.95,10,10000,0.938,0.139,253,229,0.0035104,0,0.905138
2627,10000,2.03664,1.77828,2.37137,0.0202089,0.0158489,0.0251189,0.174116,0.15,0.2,0.943613,0.9,1,2.74899e-05,8.30167e+06,37450.4,299321,0.01,0.95,10,10000,0.938,0.139,161,149,0.00435192,0,0.925466
2628,10000,2.05415,1.77828,2.37137,0.0198507,0.0158489,0.0251189,0.173894,0.15,0.2,1.15706,1,1.5,0.000137449,2.43378e+06,8855.26,87751.2,0.01,0.95,10,10000,0.938,0.139,236,224,0.00354936,0,0.949153
2629,10000,2.03307,1.77828,2.37137,0.0200895,0.0158489,0.0251189,0.224022,0.2,0.25,0.0626148,0,0.1,2.74899e-05,1.29424e+07,52885.3,466643,0.01,0.95,10,10000,0.938,0.139,251,202,0.00373765,0,0.804781
2630,10000,2.01773,1.77828,2.37137,0.0202315,0.0158489,0.0251189,0.2236,0.2,0.25,0.155073,0.1,0.2,2.74899e-05,3.51145e+07,96274.6,1.26607e+06,0.01,0.95,10,10000,0.938,0.139,681,484,0.00241463,0,0.71072
2631,10000,2.04156,1.77828,2.37137,0.0203085,0.0158489,0.0251189,0.224273,0.2,0.25,0.250145,0.2,0.3,2.74899e-05,4.93459e+07,117890,1.77919e+06,0.01,0.95,10,10000,0.938,0.139,957,652,0.00208042,0,0.681296
2632,10000,2.02984,1.77828,2.37137,0.0201771,0.0158489,0.0251189,0.224068,0.2,0.25,0.351611,0.3,0.4,2.74899e-05,5.2285e+07,122671,1.88516e+06,0.01,0.95,10,10000,0.938,0.139,1014,681,0.00203564,0,0.671598
2633,10000,2.0226,1.77828,2.37137,0.0200897,0.0158489,0.0251189,0.223702,0.2,0.25,0.449062,0.4,0.5,2.74899e-05,4.54271e+07,112716,1.6379e+06,0.01,0.95,10,10000,0.938,0.139,881,603,0.00216329,0,0.684449
2634,10000,2.02635,1.77828,2.37137,0.0202507,0.0158489,0.0251189,0.224334,0.2,0.25,0.547519,0.5,0.6,2.74899e-05,3.53208e+07,96073.2,1.27351e+06,0.01,0.95,10,10000,0.938,0.139,685,490,0.0023998,0,0.715328
2635,10000,2.04036,1.77828,2.37137,0.0202613,0.0158489,0.0251189,0.222416,0.2,0.25,0.64817,0.6,0.7,2.74899e-05,2.42863e+07,77842.7,875653,0.01,0.95,10,10000,0.938,0.139,471,347,0.00285174,0,0.73673
2636,10000,2.02822,1.77828,2.37137,0.020284,0.0158489,0.0251189,0.22367,0.2,0.25,0.744288,0.7,0.8,2.74899e-05,1.39221e+07,51083,501967,0.01,0.95,10,10000,0.938,0.139,270,236,0.00345794,0,0.874074
2637,10000,2.03817,1.77828,2.37137,0.0199556,0.0158489,0.0251189,0.22417,0.2,0.25,0.850197,0.8,0.9,2.74899e-05,1.0622e+07,44413.4,382982,0.01,0.95,10,10000,0.938,0.139,206,181,0.00394852,0,0.878641
2638,10000,2.03028,1.77828,2.37137,0.0196812,0.0158489,0.0251189,0.222926,0.2,0.25,0.945607,0.9,1,2.74899e-05,6.23914e+06,33561.9,224955,0.01,0.95,10,10000,0.938,0.139,121,108,0.00511166,0,0.892562
2639,10000,2.04174,1.77828,2.37137,0.0200574,0.0158489,0.0251189,0.224035,0.2,0.25,1.16586,1,1.5,0.000137449,2.35128e+06,8492.63,84776.6,0.01,0.95,10,10000,0.938,0.139,228,222,0.00356531,0,0.973684
2640,10000,2.02636,1.77828,2.37137,0.0200108,0.0158489,0.0251189,0.273,0.25,0.3,0.0692065,0,0.1,2.74899e-05,8.71417e+06,44761.7,314194,0.01,0.95,10,10000,0.938,0.139,169,131,0.00464129,0,0.775148
2641,10000,2.0405,1.77828,2.37137,0.0200529,0.0158489,0.0251189,0.273572,0.25,0.3,0.152724,0.1,0.2,2.74899e-05,2.43894e+07,73347.9,879371,0.01,0.95,10,10000,0.938,0.139,473,376,0.00273956,0,0.794926
2642,10000,2.03325,1.77828,2.37137,0.0204222,0.0158489,0.0251189,0.273581,0.25,0.3,0.252823,0.2,0.3,2.74899e-05,3.0577e+07,87642.8,1.10247e+06,0.01,0.95,10,10000,0.938,0.139,593,435,0.002547,0,0.733558
2643,10000,2.02442,1.77828,2.37137,0.0201064,0.0158489,0.0251189,0.274021,0.25,0.3,0.350311,0.3,0.4,2.74899e-05,3.59395e+07,100426,1.29582e+06,0.01,0.95,10,10000,0.938,0.139,697,476,0.00243484,0,0.682927
2644,10000,2.01799,1.77828,2.37137,0.0203223,0.0158489,0.0251189,0.274116,0.25,0.3,0.447658,0.4,0.5,2.74899e-05,3.07832e+07,89048,1.1099e+06,0.01,0.95,10,10000,0.938,0.139,597,431,0.00255879,0,0.721943
2645,10000,2.01469,1.77828,2.37137,0.0204501,0.0158489,0.0251189,0.272491,0.25,0.3,0.546317,0.5,0.6,2.74899e-05,2.74832e+07,89494.8,990920,0.01,0.95,10,10000,0.938,0.139,533,355,0.00281942,0,0.666041
2646,10000,2.03615,1.77828,2.37137,0.020536,0.0158489,0.0251189,0.272995,0.25,0.3,0.648215,0.6,0.7,2.74899e-05,1.93878e+07,74150.8,699035,0.01,0.95,10,10000,0.938,0.139,376,255,0.00332663,0,0.678191
2647,10000,2.05498,1.77828,2.37137,0.0199596,0.0158489,0.0251189,0.274456,0.25,0.3,0.750084,0.7,0.8,2.74899e-05,1.16533e+07,49696.5,420165,0.01,0.95,10,10000,0.938,0.139,226,184,0.0039162,0,0.814159
2648,10000,2.02335,1.77828,2.37137,0.020184,0.0158489,0.0251189,0.273612,0.25,0.3,0.85124,0.8,0.9,2.74899e-05,8.92043e+06,45872.9,321631,0.01,0.95,10,10000,0.938,0.139,173,132,0.00462367,0,0.763006
2649,10000,2.01253,1.77828,2.37137,0.0198155,0.0158489,0.0251189,0.270043,0.25,0.3,0.949917,0.9,1,2.74899e-05,4.8985e+06,28743.1,176618,0.01,0.95,10,10000,0.938,0.139,95,88,0.00566282,0,0.926316
2650,10000,2.02713,1.77828,2.37137,0.0202738,0.0158489,0.0251189,0.273005,0.25,0.3,1.16897,1,1.5,0.000137449,1.67065e+06,7943.59,60236,0.01,0.95,10,10000,0.938,0.139,162,141,0.00447367,0,0.87037
2651,10000,2.03566,1.77828,2.37137,0.0201846,0.0158489,0.0251189,0.343869,0.3,0.4,0.0684593,0,0.1,5.49797e-05,3.81567e+06,20463.7,137576,0.01,0.95,10,10000,0.938,0.139,148,118,0.00489027,0,0.797297
2652,10000,2.02268,1.77828,2.37137,0.0200931,0.0158489,0.0251189,0.342998,0.3,0.4,0.154379,0.1,0.2,5.49797e-05,1.17048e+07,35188.6,422024,0.01,0.95,10,10000,0.938,0.139,454,370,0.00276168,0,0.814978
2653,10000,2.03654,1.77828,2.37137,0.0202178,0.0158489,0.0251189,0.344814,0.3,0.4,0.253852,0.2,0.3,5.49797e-05,1.8769e+07,45872.5,676726,0.01,0.95,10,10000,0.938,0.139,728,573,0.0022192,0,0.787088
2654,10000,2.03868,1.77828,2.37137,0.0202529,0.0158489,0.0251189,0.34512,0.3,0.4,0.350151,0.3,0.4,5.49797e-05,2.04706e+07,47215.4,738077,0.01,0.95,10,10000,0.938,0.139,794,636,0.00210642,0,0.801008
2655,10000,2.03775,1.77828,2.37137,0.0203856,0.0158489,0.0251189,0.345386,0.3,0.4,0.449792,0.4,0.5,5.49797e-05,1.85885e+07,46422.7,670219,0.01,0.95,10,10000,0.938,0.139,721,556,0.00225287,0,0.771151
2656,10000,2.02983,1.77828,2.37137,0.02005,0.0158489,0.0251189,0.344709,0.3,0.4,0.546334,0.5,0.6,5.49797e-05,1.53143e+07,44398.6,552163,0.01,0.95,10,10000,0.938,0.139,594,429,0.00256475,0,0.722222
2657,10000,2.03978,1.77828,2.37137,0.0203412,0.0158489,0.0251189,0.345839,0.3,0.4,0.64524,0.6,0.7,5.49797e-05,1.1808e+07,40781,425742,0.01,0.95,10,10000,0.938,0.139,458,312,0.00300744,0,0.681223
2658,10000,2.02588,1.77828,2.37137,0.0202834,0.0158489,0.0251189,0.346604,0.3,0.4,0.746485,0.7,0.8,5.49797e-05,8.92043e+06,33246.4,321631,0.01,0.95,10,10000,0.938,0.139,346,256,0.00332012,0,0.739884
2659,10000,1.99193,1.77828,2.37137,0.0201268,0.0158489,0.0251189,0.342657,0.3,0.4,0.845685,0.8,0.9,5.49797e-05,5.67195e+06,28245.4,204505,0.01,0.95,10,10000,0.938,0.139,220,150,0.00433739,0,0.681818
2660,10000,2.01181,1.77828,2.37137,0.0202135,0.0158489,0.0251189,0.34499,0.3,0.4,0.948017,0.9,1,5.49797e-05,3.76411e+06,20238.9,135717,0.01,0.95,10,10000,0.938,0.139,146,117,0.00491113,0,0.80137
2661,10000,2.0463,1.77828,2.37137,0.0202006,0.0158489,0.0251189,0.34624,0.3,0.4,1.17275,1,1.5,0.000274899,1.20658e+06,4745.94,43503.8,0.01,0.95,10,10000,0.938,0.139,234,205,0.0037102,0,0.876068
2662,10000,2.01731,1.77828,2.37137,0.0203385,0.0158489,0.0251189,0.444177,0.4,0.5,0.07085,0,0.1,5.49797e-05,2.03675e+06,15147.4,73435.9,0.01,0.95,10,10000,0.938,0.139,79,62,0.00674649,0,0.78481
2663,10000,2.01923,1.77828,2.37137,0.0204777,0.0158489,0.0251189,0.443416,0.4,0.5,0.156366,0.1,0.2,5.49797e-05,5.74929e+06,26183.8,207294,0.01,0.95,10,10000,0.938,0.139,223,169,0.0040863,0,0.757848
2664,10000,2.01411,1.77828,2.37137,0.0201816,0.0158489,0.0251189,0.445868,0.4,0.5,0.250953,0.2,0.3,5.49797e-05,9.1009e+06,31274.4,328138,0.01,0.95,10,10000,0.938,0.139,353,285,0.00314667,0,0.807365
2665,10000,2.02121,1.77828,2.37137,0.0203026,0.0158489,0.0251189,0.443712,0.4,0.5,0.352197,0.3,0.4,5.49797e-05,1.04673e+07,33694.3,377405,0.01,0.95,10,10000,0.938,0.139,406,326,0.00294215,0,0.802956
2666,10000,2.0294,1.77828,2.37137,0.0202592,0.0158489,0.0251189,0.443292,0.4,0.5,0.449036,0.4,0.5,5.49797e-05,1.02611e+07,32051.9,369968,0.01,0.95,10,10000,0.938,0.139,398,335,0.00290236,0,0.841709
2667,10000,2.03101,1.77828,2.37137,0.0201963,0.0158489,0.0251189,0.445832,0.4,0.5,0.550443,0.5,0.6,5.49797e-05,8.43058e+06,29165.8,303969,0.01,0.95,10,10000,0.938,0.139,327,274,0.00320921,0,0.83792
2668,10000,2.0433,1.77828,2.37137,0.0202873,0.0158489,0.0251189,0.447634,0.4,0.5,0.645796,0.6,0.7,5.49797e-05,7.16728e+06,29199.4,258420,0.01,0.95,10,10000,0.938,0.139,278,211,0.00365707,0,0.758993
2669,10000,2.04322,1.77828,2.37137,0.0203565,0.0158489,0.0251189,0.4442,0.4,0.5,0.747727,0.7,0.8,5.49797e-05,5.67195e+06,26098.5,204505,0.01,0.95,10,10000,0.938,0.139,220,166,0.00412306,0,0.754545
2670,10000,2.07078,1.77828,2.37137,0.0207003,0.0158489,0.0251189,0.448517,0.4,0.5,0.852255,0.8,0.9,5.49797e-05,3.48051e+06,24094.7,125492,0.01,0.95,10,10000,0.938,0.139,135,82,0.00586634,0,0.607407
2671,10000,2.02484,1.77828,2.37137,0.019625,0.0158489,0.0251189,0.447495,0.4,0.5,0.946349,0.9,1,5.49797e-05,2.83597e+06,21027,102252,0.01,0.95,10,10000,0.938,0.139,110,70,0.00634929,0,0.636364
2672,10000,2.05644,1.77828,2.37137,0.0199416,0.0158489,0.0251189,0.447075,0.4,0.5,1.20627,1,1.5,0.000274899,1.20658e+06,5599.22,43503.8,0.01,0.95,10,10000,0.938,0.139,234,168,0.00409845,0,0.717949
2673,10000,1.96786,1.77828,2.37137,0.0202498,0.0158489,0.0251189,0.549371,0.5,0.6,0.0731894,0,0.1,5.49797e-05,1.46955e+06,12571.8,52985.4,0.01,0.95,10,10000,0.938,0.139,57,46,0.0078324,0,0.807018
2674,10000,2.00317,1.77828,2.37137,0.0206675,0.0158489,0.0251189,0.549094,0.5,0.6,0.153186,0.1,0.2,5.49797e-05,2.81019e+06,18414.5,101323,0.01,0.95,10,10000,0.938,0.139,109,82,0.00586634,0,0.752294
2675,10000,2.00916,1.77828,2.37137,0.020331,0.0158489,0.0251189,0.543362,0.5,0.6,0.254022,0.2,0.3,5.49797e-05,5.10475e+06,24287,184054,0.01,0.95,10,10000,0.938,0.139,198,153,0.00429465,0,0.772727
2676,10000,2.02943,1.77828,2.37137,0.0203037,0.0158489,0.0251189,0.548366,0.5,0.6,0.352311,0.3,0.4,5.49797e-05,5.38835e+06,24153.1,194280,0.01,0.95,10,10000,0.938,0.139,209,168,0.00409845,0,0.803828
2677,10000,2.01767,1.77828,2.37137,0.0203689,0.0158489,0.0251189,0.544903,0.5,0.6,0.447045,0.4,0.5,5.49797e-05,5.15632e+06,22878,185914,0.01,0.95,10,10000,0.938,0.139,200,167,0.0041107,0,0.835
2678,10000,2.04613,1.77828,2.37137,0.0203669,0.0158489,0.0251189,0.545234,0.5,0.6,0.544869,0.5,0.6,5.49797e-05,4.66647e+06,22156.4,168252,0.01,0.95,10,10000,0.938,0.139,181,148,0.0043666,0,0.81768
2679,10000,2.03127,1.77828,2.37137,0.0201559,0.0158489,0.0251189,0.544109,0.5,0.6,0.64841,0.6,0.7,5.49797e-05,3.66098e+06,19498.1,131999,0.01,0.95,10,10000,0.938,0.139,142,117,0.00491113,0,0.823944
2680,10000,2.04072,1.77828,2.37137,0.0201241,0.0158489,0.0251189,0.547352,0.5,0.6,0.749874,0.7,0.8,5.49797e-05,2.55238e+06,15392.3,92027.2,0.01,0.95,10,10000,0.938,0.139,99,87,0.00569527,0,0.878788
2681,10000,2.04196,1.77828,2.37137,0.02044,0.0158489,0.0251189,0.54447,0.5,0.6,0.847497,0.8,0.9,5.49797e-05,2.06253e+06,16925.5,74365.5,0.01,0.95,10,10000,0.938,0.139,80,55,0.00716296,0,0.6875
2682,10000,2.00243,1.77828,2.37137,0.0198153,0.0158489,0.0251189,0.537966,0.5,0.6,0.941079,0.9,1,5.49797e-05,1.65002e+06,15678.3,59492.4,0.01,0.95,10,10000,0.938,0.139,64,42,0.00819689,0,0.65625
2683,10000,2.05212,1.77828,2.37137,0.0198563,0.0158489,0.0251189,0.547842,0.5,0.6,1.2123,1,1.5,0.000274899,1.00033e+06,6222.8,36067.2,0.01,0.95,10,10000,0.938,0.139,194,106,0.00515966,0,0.546392
2684,10000,1.98921,1.77828,2.37137,0.0214407,0.0158489,0.0251189,0.651218,0.6,0.7,0.059429,0,0.1,5.49797e-05,464068,7283.95,16732.2,0.01,0.95,10,10000,0.938,0.139,18,14,0.0141974,0,0.777778
2685,10000,2.03024,1.77828,2.37137,0.0196211,0.0158489,0.0251189,0.641419,0.6,0.7,0.153844,0.1,0.2,5.49797e-05,1.70158e+06,14022.1,61351.5,0.01,0.95,10,10000,0.938,0.139,66,51,0.00743856,0,0.772727
2686,10000,2.02095,1.77828,2.37137,0.0203301,0.0158489,0.0251189,0.646396,0.6,0.7,0.251969,0.2,0.3,5.49797e-05,2.37191e+06,16198.6,85520.3,0.01,0.95,10,10000,0.938,0.139,92,73,0.00621745,0,0.793478
2687,10000,2.01679,1.77828,2.37137,0.0203417,0.0158489,0.0251189,0.643713,0.6,0.7,0.355755,0.3,0.4,5.49797e-05,3.32582e+06,20719.5,119914,0.01,0.95,10,10000,0.938,0.139,129,93,0.00550849,0,0.72093
2688,10000,2.02625,1.77828,2.37137,0.0207454,0.0158489,0.0251189,0.646131,0.6,0.7,0.445715,0.4,0.5,5.49797e-05,3.37739e+06,19791.2,121773,0.01,0.95,10,10000,0.938,0.139,131,101,0.00528583,0,0.770992
2689,10000,2.02737,1.77828,2.37137,0.0202479,0.0158489,0.0251189,0.645784,0.6,0.7,0.54938,0.5,0.6,5.49797e-05,2.5266e+06,15019.9,91097.7,0.01,0.95,10,10000,0.938,0.139,98,88,0.00566282,0,0.897959
2690,10000,2.04499,1.77828,2.37137,0.0202841,0.0158489,0.0251189,0.642777,0.6,0.7,0.644733,0.6,0.7,5.49797e-05,2.21722e+06,16295.5,79942.9,0.01,0.95,10,10000,0.938,0.139,86,65,0.00658897,0,0.755814
2691,10000,2.01499,1.77828,2.37137,0.0199588,0.0158489,0.0251189,0.644547,0.6,0.7,0.748467,0.7,0.8,5.49797e-05,1.88206e+06,12883,67858.5,0.01,0.95,10,10000,0.938,0.139,73,66,0.00653886,0,0.90411
2692,10000,1.99217,1.77828,2.37137,0.0202766,0.0158489,0.0251189,0.641875,0.6,0.7,0.84052,0.8,0.9,5.49797e-05,1.18595e+06,11585.2,42760.1,0.01,0.95,10,10000,0.938,0.139,46,36,0.00885366,0,0.782609
2693,10000,2.10832,1.77828,2.37137,0.020567,0.0158489,0.0251189,0.639012,0.6,0.7,0.947183,0.9,1,5.49797e-05,799229,11050.3,28816.6,0.01,0.95,10,10000,0.938,0.139,31,20,0.0118784,0,0.645161
2694,10000,2.02691,1.77828,2.37137,0.0204339,0.0158489,0.0251189,0.643829,0.6,0.7,1.20509,1,1.5,0.000274899,768291,6659.16,27701.1,0.01,0.95,10,10000,0.938,0.139,149,60,0.00685801,0,0.402685
2695,10000,2.04162,1.77828,2.37137,0.0210948,0.0158489,0.0251189,0.737343,0.7,0.8,0.0591547,0,0.1,5.49797e-05,515632,8826.91,18591.4,0.01,0.95,10,10000,0.938,0.139,20,13,0.0147334,0,0.65
2696,10000,2.00355,1.77828,2.37137,0.0207451,0.0158489,0.0251189,0.747337,0.7,0.8,0.146533,0.1,0.2,5.49797e-05,902355,10225.2,32534.9,0.01,0.95,10,10000,0.938,0.139,35,27,0.0102233,0,0.771429
2697,10000,1.98482,1.77828,2.37137,0.0206515,0.0158489,0.0251189,0.74924,0.7,0.8,0.24911,0.2,0.3,5.49797e-05,1.34064e+06,12242.3,48337.5,0.01,0.95,10,10000,0.938,0.139,52,41,0.00829625,0,0.788462
2698,10000,2.00598,1.77828,2.37137,0.0207497,0.0158489,0.0251189,0.742615,0.7,0.8,0.350196,0.3,0.4,5.49797e-05,1.6758e+06,12495.8,60421.9,0.01,0.95,10,10000,0.938,0.139,65,57,0.00703617,0,0.876923
2699,10000,1.99879,1.77828,2.37137,0.0203509,0.0158489,0.0251189,0.74774,0.7,0.8,0.452655,0.4,0.5,5.49797e-05,1.34064e+06,11308.5,48337.5,0.01,0.95,10,10000,0.938,0.139,52,45,0.00791895,0,0.865385
2700,10000,2.00616,1.77828,2.37137,0.0212413,0.0158489,0.0251189,0.748913,0.7,0.8,0.554656,0.5,0.6,5.49797e-05,1.39221e+06,12616.2,50196.7,0.01,0.95,10,10000,0.938,0.139,54,42,0.00819689,0,0.777778
2701,10000,2.00006,1.77828,2.37137,0.0197684,0.0158489,0.0251189,0.752314,0.7,0.8,0.65922,0.6,0.7,5.49797e-05,876574,9544.96,31605.3,0.01,0.95,10,10000,0.938,0.139,34,28,0.0100391,0,0.823529
2702,10000,1.96361,1.77828,2.37137,0.0193182,0.0158489,0.0251189,0.750305,0.7,0.8,0.751217,0.7,0.8,5.49797e-05,902355,9088.01,32534.9,0.01,0.95,10,10000,0.938,0.139,35,31,0.00954098,0,0.885714
2703,10000,2.04469,1.77828,2.37137,0.0205009,0.0158489,0.0251189,0.749412,0.7,0.8,0.852443,0.8,0.9,5.49797e-05,747666,7902.81,26957.5,0.01,0.95,10,10000,0.938,0.139,29,27,0.0102233,0,0.931034
2704,10000,2.00226,1.77828,2.37137,0.021305,0.0158489,0.0251189,0.73875,0.7,0.8,0.946344,0.9,1,5.49797e-05,464068,6875.18,16732.2,0.01,0.95,10,10000,0.938,0.139,18,15,0.013716,0,0.833333
2705,10000,2.00544,1.77828,2.37137,0.0200451,0.0158489,0.0251189,0.741714,0.7,0.8,1.2144,1,1.5,0.000274899,495006,5231.68,17847.7,0.01,0.95,10,10000,0.938,0.139,96,40,0.00839932,0,0.416667
2706,10000,1.99424,1.77828,2.37137,0.0205492,0.0158489,0.0251189,0.840592,0.8,0.9,0.059152,0,0.1,5.49797e-05,206253,8063.8,7436.55,0.01,0.95,10,10000,0.938,0.139,8,3,0.03067,0,0.375
2707,10000,1.9091,1.77828,2.37137,0.0199815,0.0158489,0.0251189,0.844714,0.8,0.9,0.153737,0.1,0.2,5.49797e-05,283597,4975.89,10225.2,0.01,0.95,10,10000,0.938,0.139,11,10,0.0167986,0,0.909091
2708,10000,2.00262,1.77828,2.37137,0.0211238,0.0158489,0.0251189,0.857625,0.8,0.9,0.246676,0.2,0.3,5.49797e-05,670321,9203.44,24168.8,0.01,0.95,10,10000,0.938,0.139,26,19,0.012187,0,0.730769
2709,10000,2.0266,1.77828,2.37137,0.0204556,0.0158489,0.0251189,0.838099,0.8,0.9,0.355022,0.3,0.4,5.49797e-05,799229,14804.4,28816.6,0.01,0.95,10,10000,0.938,0.139,31,13,0.0147334,0,0.419355
2710,10000,1.96888,1.77828,2.37137,0.0194539,0.0158489,0.0251189,0.849091,0.8,0.9,0.448746,0.4,0.5,5.49797e-05,876574,10473.4,31605.3,0.01,0.95,10,10000,0.938,0.139,34,25,0.0106244,0,0.735294
2711,10000,1.98033,1.77828,2.37137,0.0203634,0.0158489,0.0251189,0.842164,0.8,0.9,0.544106,0.5,0.6,5.49797e-05,799229,9595.12,28816.6,0.01,0.95,10,10000,0.938,0.139,31,24,0.0108435,0,0.774194
2712,10000,2.00931,1.77828,2.37137,0.0202716,0.0158489,0.0251189,0.846812,0.8,0.9,0.647773,0.6,0.7,5.49797e-05,773447,8875.81,27887,0.01,0.95,10,10000,0.938,0.139,30,25,0.0106244,0,0.833333
2713,10000,2.03627,1.77828,2.37137,0.0208309,0.0158489,0.0251189,0.838051,0.8,0.9,0.76212,0.7,0.8,5.49797e-05,464068,7283.95,16732.2,0.01,0.95,10,10000,0.938,0.139,18,14,0.0141974,0,0.777778
2714,10000,1.99589,1.77828,2.37137,0.0199743,0.0158489,0.0251189,0.836046,0.8,0.9,0.850625,0.8,0.9,5.49797e-05,335161,4938.05,12084.4,0.01,0.95,10,10000,0.938,0.139,13,13,0.0147334,0,1
2715,10000,1.97676,1.77828,2.37137,0.0207815,0.0158489,0.0251189,0.857324,0.8,0.9,0.947606,0.9,1,5.49797e-05,309379,5157.62,11154.8,0.01,0.95,10,10000,0.938,0.139,12,11,0.0160169,0,0.916667
2716,10000,2.01718,1.77828,2.37137,0.0202712,0.0158489,0.0251189,0.847288,0.8,0.9,1.26126,1,1.5,0.000274899,206253,2646.26,7436.55,0.01,0.95,10,10000,0.938,0.139,40,24,0.0108435,0,0.6
2717,10000,2.31458,1.77828,2.37137,0.0191563,0.0158489,0.0251189,0.905914,0.9,1,0.144144,0.1,0.2,5.49797e-05,103126,7247.07,3718.27,0.01,0.95,10,10000,0.938,0.139,4,1,0.0531219,0,0.25
2718,10000,1.91742,1.77828,2.37137,0.0202624,0.0158489,0.0251189,0.925468,0.9,1,0.250314,0.2,0.3,5.49797e-05,128908,4677.96,4647.84,0.01,0.95,10,10000,0.938,0.139,5,3,0.03067,0,0.6
2719,10000,1.96991,1.77828,2.37137,0.0189545,0.0158489,0.0251189,0.936308,0.9,1,0.347927,0.3,0.4,5.49797e-05,206253,4392.39,7436.55,0.01,0.95,10,10000,0.938,0.139,8,7,0.0200782,0,0.875
2720,10000,1.85983,1.77828,2.37137,0.0207489,0.0158489,0.0251189,0.925444,0.9,1,0.444746,0.4,0.5,5.49797e-05,154689,3969.38,5577.41,0.01,0.95,10,10000,0.938,0.139,6,5,0.0237569,0,0.833333
2721,10000,2.08514,1.77828,2.37137,0.0207706,0.0158489,0.0251189,0.942252,0.9,1,0.54759,0.5,0.6,5.49797e-05,335161,6786.7,12084.4,0.01,0.95,10,10000,0.938,0.139,13,9,0.0177073,0,0.692308
2722,10000,1.978,1.77828,2.37137,0.0196765,0.0158489,0.0251189,0.93788,0.9,1,0.630624,0.6,0.7,5.49797e-05,154689,-nan,5577.41,0.01,0.95,10,10000,0.938,0.139,6,7,0.0200782,0,1.16667
2723,10000,2.12651,1.77828,2.37137,0.0197872,0.0158489,0.0251189,0.916947,0.9,1,0.76741,0.7,0.8,5.49797e-05,77344.7,2372.16,2788.7,0.01,0.95,10,10000,0.938,0.139,3,3,0.03067,0,1
2724,10000,2.00035,1.77828,2.37137,0.0185005,0.0158489,0.0251189,0.938211,0.9,1,0.861871,0.8,0.9,5.49797e-05,51563.2,-nan,1859.14,0.01,0.95,10,10000,0.938,0.139,2,3,0.03067,0,1.5
2725,10000,1.97305,1.77828,2.37137,0.0205436,0.0158489,0.0251189,0.944798,0.9,1,0.947544,0.9,1,5.49797e-05,103126,4744.32,3718.27,0.01,0.95,10,10000,0.938,0.139,4,2,0.0375629,0,0.5
2726,10000,1.98946,1.77828,2.37137,0.0198637,0.0158489,0.0251189,0.944054,0.9,1,1.32631,1,1.5,0.000274899,103126,1354.26,3718.27,0.01,0.95,10,10000,0.938,0.139,20,18,0.012521,0,0.9
2727,10000,2.06257,1.77828,2.37137,0.0313067,0.0251189,0.0398107,0.0708748,0.05,0.1,0.0638108,0,0.1,4.3568e-05,4.81836e+07,87290.3,1.73728e+06,0.01,0.95,10,10000,0.938,0.139,1481,1088,0.0016105,0,0.734639
2728,10000,2.06648,1.77828,2.37137,0.0312143,0.0251189,0.0398107,0.0708011,0.05,0.1,0.154232,0.1,0.2,4.3568e-05,1.19076e+08,136893,4.29336e+06,0.01,0.95,10,10000,0.938,0.139,3660,2697,0.0010229,0,0.736885
2729,10000,2.06904,1.77828,2.37137,0.0310583,0.0251189,0.0398107,0.0720388,0.05,0.1,0.250061,0.2,0.3,4.3568e-05,1.38109e+08,139241,4.97959e+06,0.01,0.95,10,10000,0.938,0.139,4245,3357,0.00091685,0,0.790813
2730,10000,2.0713,1.77828,2.37137,0.0309488,0.0251189,0.0398107,0.0738472,0.05,0.1,0.346003,0.3,0.4,4.3568e-05,1.02321e+08,111112,3.68924e+06,0.01,0.95,10,10000,0.938,0.139,3145,2718,0.00101894,0,0.864229
2731,10000,2.08234,1.77828,2.37137,0.0308887,0.0251189,0.0398107,0.075109,0.05,0.1,0.445598,0.4,0.5,4.3568e-05,6.15553e+07,82879.8,2.21941e+06,0.01,0.95,10,10000,0.938,0.139,1892,1708,0.00128538,0,0.902748
2732,10000,2.09622,1.77828,2.37137,0.0307117,0.0251189,0.0398107,0.077054,0.05,0.1,0.543642,0.5,0.6,4.3568e-05,3.80328e+07,70985,1.37129e+06,0.01,0.95,10,10000,0.938,0.139,1169,957,0.00171719,0,0.818648
2733,10000,2.10463,1.77828,2.37137,0.0303437,0.0251189,0.0398107,0.0779926,0.05,0.1,0.644607,0.6,0.7,4.3568e-05,1.82519e+07,47862.8,658080,0.01,0.95,10,10000,0.938,0.139,561,474,0.00243997,0,0.84492
2734,10000,2.10766,1.77828,2.37137,0.0305278,0.0251189,0.0398107,0.0795205,0.05,0.1,0.740253,0.7,0.8,4.3568e-05,9.40247e+06,35242.8,339011,0.01,0.95,10,10000,0.938,0.139,289,237,0.00345064,0,0.820069
2735,10000,2.11323,1.77828,2.37137,0.0305501,0.0251189,0.0398107,0.082324,0.05,0.1,0.842612,0.8,0.9,4.3568e-05,4.26202e+06,23808.3,153669,0.01,0.95,10,10000,0.938,0.139,131,107,0.00513549,0,0.816794
2736,10000,2.14924,1.77828,2.37137,0.0300137,0.0251189,0.0398107,0.0814241,0.05,0.1,0.944806,0.9,1,4.3568e-05,1.56166e+06,13293.6,56306.3,0.01,0.95,10,10000,0.938,0.139,48,43,0.00810102,0,0.895833
2737,10000,2.15602,1.77828,2.37137,0.0295668,0.0251189,0.0398107,0.0841396,0.05,0.1,1.11552,1,1.5,0.00021784,273290,3168.02,9853.61,0.01,0.95,10,10000,0.938,0.139,42,28,0.0100391,0,0.666667
2738,10000,2.06698,1.77828,2.37137,0.0315131,0.0251189,0.0398107,0.123776,0.1,0.15,0.0656038,0,0.1,4.3568e-05,2.05293e+07,51606.5,740194,0.01,0.95,10,10000,0.938,0.139,631,523,0.00232286,0,0.828843
2739,10000,2.05692,1.77828,2.37137,0.0312375,0.0251189,0.0398107,0.123927,0.1,0.15,0.155236,0.1,0.2,4.3568e-05,5.72933e+07,99563.1,2.06574e+06,0.01,0.95,10,10000,0.938,0.139,1761,1221,0.00152025,0,0.693356
2740,10000,2.06429,1.77828,2.37137,0.0313209,0.0251189,0.0398107,0.121864,0.1,0.15,0.252204,0.2,0.3,4.3568e-05,7.46016e+07,111662,2.6898e+06,0.01,0.95,10,10000,0.938,0.139,2293,1626,0.00131739,0,0.709115
2741,10000,2.05989,1.77828,2.37137,0.0310741,0.0251189,0.0398107,0.122597,0.1,0.15,0.348409,0.3,0.4,4.3568e-05,6.78995e+07,97652.2,2.44815e+06,0.01,0.95,10,10000,0.938,0.139,2087,1650,0.00130777,0,0.790609
2742,10000,2.06167,1.77828,2.37137,0.0312127,0.0251189,0.0398107,0.12347,0.1,0.15,0.44756,0.4,0.5,4.3568e-05,5.16973e+07,80168.1,1.86397e+06,0.01,0.95,10,10000,0.938,0.139,1589,1350,0.0014458,0,0.849591
2743,10000,2.0603,1.77828,2.37137,0.0311258,0.0251189,0.0398107,0.123761,0.1,0.15,0.546675,0.5,0.6,4.3568e-05,3.23393e+07,58118.3,1.16601e+06,0.01,0.95,10,10000,0.938,0.139,994,930,0.00174194,0,0.935614
2744,10000,2.06945,1.77828,2.37137,0.0308025,0.0251189,0.0398107,0.124167,0.1,0.15,0.647322,0.6,0.7,4.3568e-05,2.15704e+07,50469.7,777731,0.01,0.95,10,10000,0.938,0.139,663,580,0.00220577,0,0.874811
2745,10000,2.09122,1.77828,2.37137,0.0317717,0.0251189,0.0398107,0.124673,0.1,0.15,0.745167,0.7,0.8,4.3568e-05,1.12244e+07,32476.1,404702,0.01,0.95,10,10000,0.938,0.139,345,341,0.00287671,0,0.988406
2746,10000,2.07504,1.77828,2.37137,0.0306044,0.0251189,0.0398107,0.124265,0.1,0.15,0.84674,0.8,0.9,4.3568e-05,6.44183e+06,30648.4,232264,0.01,0.95,10,10000,0.938,0.139,198,153,0.00429465,0,0.772727
2747,10000,2.07603,1.77828,2.37137,0.0309777,0.0251189,0.0398107,0.125029,0.1,0.15,0.946953,0.9,1,4.3568e-05,3.5788e+06,20792.6,129035,0.01,0.95,10,10000,0.938,0.139,110,95,0.0054502,0,0.863636
2748,10000,2.1308,1.77828,2.37137,0.0306557,0.0251189,0.0398107,0.130101,0.1,0.15,1.13351,1,1.5,0.00021784,936994,5087.49,33783.8,0.01,0.95,10,10000,0.938,0.139,144,115,0.00495365,0,0.798611
2749,10000,2.07737,1.77828,2.37137,0.0316275,0.0251189,0.0398107,0.172291,0.15,0.2,0.0644358,0,0.1,4.3568e-05,1.0346e+07,34862.9,373029,0.01,0.95,10,10000,0.938,0.139,318,279,0.00318033,0,0.877358
2750,10000,2.06848,1.77828,2.37137,0.0315074,0.0251189,0.0398107,0.172479,0.15,0.2,0.152865,0.1,0.2,4.3568e-05,3.03222e+07,65172.9,1.09328e+06,0.01,0.95,10,10000,0.938,0.139,932,738,0.00195545,0,0.791845
2751,10000,2.05842,1.77828,2.37137,0.031447,0.0251189,0.0398107,0.173605,0.15,0.2,0.249944,0.2,0.3,4.3568e-05,4.34986e+07,85480.2,1.56837e+06,0.01,0.95,10,10000,0.938,0.139,1337,945,0.00172806,0,0.706806
2752,10000,2.06432,1.77828,2.37137,0.0314074,0.0251189,0.0398107,0.173113,0.15,0.2,0.347607,0.3,0.4,4.3568e-05,4.44747e+07,83880.1,1.60356e+06,0.01,0.95,10,10000,0.938,0.139,1367,1004,0.00167651,0,0.734455
2753,10000,2.05611,1.77828,2.37137,0.0314832,0.0251189,0.0398107,0.174098,0.15,0.2,0.448257,0.4,0.5,4.3568e-05,3.54626e+07,72629.8,1.27862e+06,0.01,0.95,10,10000,0.938,0.139,1090,832,0.00184167,0,0.763303
2754,10000,2.06686,1.77828,2.37137,0.0311688,0.0251189,0.0398107,0.17333,0.15,0.2,0.548059,0.5,0.6,4.3568e-05,2.41081e+07,54036.9,869229,0.01,0.95,10,10000,0.938,0.139,741,639,0.00210147,0,0.862348
2755,10000,2.07611,1.77828,2.37137,0.031402,0.0251189,0.0398107,0.174314,0.15,0.2,0.643113,0.6,0.7,4.3568e-05,1.67227e+07,44407.6,602947,0.01,0.95,10,10000,0.938,0.139,514,450,0.00250419,0,0.875486
2756,10000,2.07543,1.77828,2.37137,0.0310379,0.0251189,0.0398107,0.173101,0.15,0.2,0.748377,0.7,0.8,4.3568e-05,1.13545e+07,36757.2,409394,0.01,0.95,10,10000,0.938,0.139,349,304,0.00304675,0,0.87106
2757,10000,2.06514,1.77828,2.37137,0.0312131,0.0251189,0.0398107,0.172901,0.15,0.2,0.846041,0.8,0.9,4.3568e-05,6.24663e+06,-nan,225225,0.01,0.95,10,10000,0.938,0.139,192,197,0.00378478,0,1.02604
2758,10000,2.04572,1.77828,2.37137,0.031249,0.0251189,0.0398107,0.174941,0.15,0.2,0.947043,0.9,1,4.3568e-05,3.48119e+06,18215,125516,0.01,0.95,10,10000,0.938,0.139,107,105,0.00518417,0,0.981308
2759,10000,2.07082,1.77828,2.37137,0.0306331,0.0251189,0.0398107,0.173509,0.15,0.2,1.13651,1,1.5,0.00021784,950008,-nan,34253,0.01,0.95,10,10000,0.938,0.139,146,147,0.00438142,0,1.00685
2760,10000,2.06587,1.77828,2.37137,0.0312741,0.0251189,0.0398107,0.223709,0.2,0.25,0.0667333,0,0.1,4.3568e-05,6.27916e+06,26641.8,226398,0.01,0.95,10,10000,0.938,0.139,193,173,0.00403879,0,0.896373
2761,10000,2.06207,1.77828,2.37137,0.0315343,0.0251189,0.0398107,0.22261,0.2,0.25,0.154271,0.1,0.2,4.3568e-05,1.91954e+07,46570.1,692099,0.01,0.95,10,10000,0.938,0.139,590,529,0.00230965,0,0.89661
2762,10000,2.06549,1.77828,2.37137,0.0314885,0.0251189,0.0398107,0.223551,0.2,0.25,0.252069,0.2,0.3,4.3568e-05,2.8728e+07,64362.2,1.0358e+06,0.01,0.95,10,10000,0.938,0.139,883,687,0.00202673,0,0.778029
2763,10000,2.05361,1.77828,2.37137,0.0309379,0.0251189,0.0398107,0.223893,0.2,0.25,0.349938,0.3,0.4,4.3568e-05,2.81098e+07,68688,1.01351e+06,0.01,0.95,10,10000,0.938,0.139,864,611,0.00214908,0,0.707176
2764,10000,2.06042,1.77828,2.37137,0.0314023,0.0251189,0.0398107,0.223056,0.2,0.25,0.449493,0.4,0.5,4.3568e-05,2.42707e+07,58777.8,875094,0.01,0.95,10,10000,0.938,0.139,746,585,0.00219632,0,0.784182
2765,10000,2.06631,1.77828,2.37137,0.0313439,0.0251189,0.0398107,0.223427,0.2,0.25,0.547997,0.5,0.6,4.3568e-05,1.68529e+07,49298.4,607639,0.01,0.95,10,10000,0.938,0.139,518,403,0.00264619,0,0.777992
2766,10000,2.03693,1.77828,2.37137,0.0313836,0.0251189,0.0398107,0.2229,0.2,0.25,0.651095,0.6,0.7,4.3568e-05,1.30789e+07,42838.7,471565,0.01,0.95,10,10000,0.938,0.139,402,318,0.00297893,0,0.791045
2767,10000,2.07396,1.77828,2.37137,0.031164,0.0251189,0.0398107,0.22432,0.2,0.25,0.746353,0.7,0.8,4.3568e-05,8.26377e+06,29107,297954,0.01,0.95,10,10000,0.938,0.139,254,240,0.00342901,0,0.944882
2768,10000,2.05559,1.77828,2.37137,0.030135,0.0251189,0.0398107,0.224355,0.2,0.25,0.846274,0.8,0.9,4.3568e-05,5.10792e+06,23833.5,184169,0.01,0.95,10,10000,0.938,0.139,157,142,0.00445789,0,0.904459
2769,10000,2.0582,1.77828,2.37137,0.0309915,0.0251189,0.0398107,0.225939,0.2,0.25,0.948363,0.9,1,4.3568e-05,2.96064e+06,-nan,106747,0.01,0.95,10,10000,0.938,0.139,91,98,0.00536613,0,1.07692
2770,10000,2.08084,1.77828,2.37137,0.0306251,0.0251189,0.0398107,0.225119,0.2,0.25,1.17013,1,1.5,0.00021784,1.01508e+06,5108.28,36599.1,0.01,0.95,10,10000,0.938,0.139,156,130,0.0046591,0,0.833333
2771,10000,2.08944,1.77828,2.37137,0.0313928,0.0251189,0.0398107,0.273967,0.25,0.3,0.0699771,0,0.1,4.3568e-05,3.90414e+06,22021.6,140766,0.01,0.95,10,10000,0.938,0.139,120,102,0.00525986,0,0.85
2772,10000,2.05921,1.77828,2.37137,0.0313013,0.0251189,0.0398107,0.273603,0.25,0.3,0.154921,0.1,0.2,4.3568e-05,1.19076e+07,37103.6,429336,0.01,0.95,10,10000,0.938,0.139,366,324,0.00295122,0,0.885246
2773,10000,2.05068,1.77828,2.37137,0.031159,0.0251189,0.0398107,0.274375,0.25,0.3,0.252619,0.2,0.3,4.3568e-05,1.6495e+07,44004.6,594736,0.01,0.95,10,10000,0.938,0.139,507,445,0.00251822,0,0.877712
2774,10000,2.06463,1.77828,2.37137,0.0313198,0.0251189,0.0398107,0.273315,0.25,0.3,0.346479,0.3,0.4,4.3568e-05,2.01714e+07,52529.3,727290,0.01,0.95,10,10000,0.938,0.139,620,498,0.00238045,0,0.803226
2775,10000,2.05552,1.77828,2.37137,0.0309712,0.0251189,0.0398107,0.274277,0.25,0.3,0.4497,0.4,0.5,4.3568e-05,1.72108e+07,50474.9,620543,0.01,0.95,10,10000,0.938,0.139,529,405,0.00263965,0,0.765595
2776,10000,2.06368,1.77828,2.37137,0.0315739,0.0251189,0.0398107,0.274089,0.25,0.3,0.543943,0.5,0.6,4.3568e-05,1.43477e+07,47398.7,517314,0.01,0.95,10,10000,0.938,0.139,441,326,0.00294215,0,0.739229
2777,10000,2.0664,1.77828,2.37137,0.0313677,0.0251189,0.0398107,0.272697,0.25,0.3,0.650105,0.6,0.7,4.3568e-05,1.10943e+07,45787.8,400010,0.01,0.95,10,10000,0.938,0.139,341,223,0.00355731,0,0.653959
2778,10000,2.05919,1.77828,2.37137,0.030549,0.0251189,0.0398107,0.273022,0.25,0.3,0.747481,0.7,0.8,4.3568e-05,5.98635e+06,29073.4,215841,0.01,0.95,10,10000,0.938,0.139,184,145,0.00441154,0,0.788043
2779,10000,2.0439,1.77828,2.37137,0.0311175,0.0251189,0.0398107,0.270889,0.25,0.3,0.849814,0.8,0.9,4.3568e-05,5.04285e+06,25657.5,181823,0.01,0.95,10,10000,0.938,0.139,155,128,0.00469536,0,0.825806
2780,10000,2.06056,1.77828,2.37137,0.0309676,0.0251189,0.0398107,0.275011,0.25,0.3,0.940197,0.9,1,4.3568e-05,3.48119e+06,21187,125516,0.01,0.95,10,10000,0.938,0.139,107,89,0.00563091,0,0.831776
2781,10000,2.07898,1.77828,2.37137,0.0313334,0.0251189,0.0398107,0.276206,0.25,0.3,1.14817,1,1.5,0.00021784,748294,-nan,26980.1,0.01,0.95,10,10000,0.938,0.139,115,117,0.00491113,0,1.01739
2782,10000,2.04811,1.77828,2.37137,0.0315898,0.0251189,0.0398107,0.343556,0.3,0.4,0.0649281,0,0.1,8.7136e-05,2.32622e+06,11083.5,83873,0.01,0.95,10,10000,0.938,0.139,143,133,0.00460626,0,0.93007
2783,10000,2.05809,1.77828,2.37137,0.0311943,0.0251189,0.0398107,0.341177,0.3,0.4,0.153719,0.1,0.2,8.7136e-05,7.304e+06,19754.3,263349,0.01,0.95,10,10000,0.938,0.139,449,415,0.00260765,0,0.924276
2784,10000,2.05698,1.77828,2.37137,0.0313583,0.0251189,0.0398107,0.343802,0.3,0.4,0.25157,0.2,0.3,8.7136e-05,9.80916e+06,23526.6,353674,0.01,0.95,10,10000,0.938,0.139,603,541,0.00228389,0,0.897181
2785,10000,2.05892,1.77828,2.37137,0.0315179,0.0251189,0.0398107,0.345024,0.3,0.4,0.349889,0.3,0.4,8.7136e-05,1.07364e+07,23841.8,387106,0.01,0.95,10,10000,0.938,0.139,660,613,0.00214558,0,0.928788
2786,10000,2.05792,1.77828,2.37137,0.0311613,0.0251189,0.0398107,0.347142,0.3,0.4,0.449832,0.4,0.5,8.7136e-05,1.11593e+07,27585.9,402356,0.01,0.95,10,10000,0.938,0.139,686,552,0.00226102,0,0.804665
2787,10000,2.06756,1.77828,2.37137,0.031465,0.0251189,0.0398107,0.345905,0.3,0.4,0.548984,0.5,0.6,8.7136e-05,8.94699e+06,25152.9,322588,0.01,0.95,10,10000,0.938,0.139,550,433,0.00255288,0,0.787273
2788,10000,2.06506,1.77828,2.37137,0.0310205,0.0251189,0.0398107,0.344537,0.3,0.4,0.648045,0.6,0.7,8.7136e-05,7.28773e+06,24539.4,262763,0.01,0.95,10,10000,0.938,0.139,448,320,0.00296961,0,0.714286
2789,10000,2.05746,1.77828,2.37137,0.0315448,0.0251189,0.0398107,0.345382,0.3,0.4,0.744387,0.7,0.8,8.7136e-05,4.81511e+06,18068.5,173611,0.01,0.95,10,10000,0.938,0.139,296,239,0.00343617,0,0.807432
2790,10000,2.05408,1.77828,2.37137,0.0313021,0.0251189,0.0398107,0.34409,0.3,0.4,0.846505,0.8,0.9,8.7136e-05,3.20465e+06,15469.3,115545,0.01,0.95,10,10000,0.938,0.139,197,150,0.00433739,0,0.761421
2791,10000,2.03843,1.77828,2.37137,0.0313143,0.0251189,0.0398107,0.344365,0.3,0.4,0.949226,0.9,1,8.7136e-05,2.37502e+06,12861.5,85632.5,0.01,0.95,10,10000,0.938,0.139,146,116,0.00493225,0,0.794521
2792,10000,2.05677,1.77828,2.37137,0.0313704,0.0251189,0.0398107,0.347879,0.3,0.4,1.16992,1,1.5,0.00043568,751547,3033.15,27097.4,0.01,0.95,10,10000,0.938,0.139,231,198,0.00377521,0,0.857143
2793,10000,2.05982,1.77828,2.37137,0.031015,0.0251189,0.0398107,0.447522,0.4,0.5,0.0708012,0,0.1,8.7136e-05,1.36645e+06,9257.31,49268,0.01,0.95,10,10000,0.938,0.139,84,71,0.00630441,0,0.845238
2794,10000,2.07046,1.77828,2.37137,0.0316283,0.0251189,0.0398107,0.446731,0.4,0.5,0.154423,0.1,0.2,8.7136e-05,3.59506e+06,13260,129622,0.01,0.95,10,10000,0.938,0.139,221,214,0.00363134,0,0.968326
2795,10000,2.06436,1.77828,2.37137,0.0312961,0.0251189,0.0398107,0.445843,0.4,0.5,0.25177,0.2,0.3,8.7136e-05,5.18925e+06,16907.3,187101,0.01,0.95,10,10000,0.938,0.139,319,290,0.00311943,0,0.909091
2796,10000,2.04501,1.77828,2.37137,0.031337,0.0251189,0.0398107,0.445118,0.4,0.5,0.353802,0.3,0.4,8.7136e-05,5.18925e+06,16907.3,187101,0.01,0.95,10,10000,0.938,0.139,319,290,0.00311943,0,0.909091
2797,10000,2.05485,1.77828,2.37137,0.0313753,0.0251189,0.0398107,0.448596,0.4,0.5,0.448263,0.4,0.5,8.7136e-05,5.72607e+06,17658.9,206457,0.01,0.95,10,10000,0.938,0.139,352,322,0.00296037,0,0.914773
2798,10000,2.06683,1.77828,2.37137,0.031018,0.0251189,0.0398107,0.446375,0.4,0.5,0.548933,0.5,0.6,8.7136e-05,4.58737e+06,16380.6,165400,0.01,0.95,10,10000,0.938,0.139,282,248,0.00337325,0,0.879433
2799,10000,2.04882,1.77828,2.37137,0.03086,0.0251189,0.0398107,0.445711,0.4,0.5,0.646226,0.6,0.7,8.7136e-05,3.41612e+06,14251,123170,0.01,0.95,10,10000,0.938,0.139,210,183,0.00392689,0,0.871429
2800,10000,2.07016,1.77828,2.37137,0.0310491,0.0251189,0.0398107,0.44823,0.4,0.5,0.743202,0.7,0.8,8.7136e-05,3.15585e+06,15243.9,113786,0.01,0.95,10,10000,0.938,0.139,194,149,0.00435192,0,0.768041
2801,10000,2.06897,1.77828,2.37137,0.0315243,0.0251189,0.0398107,0.436079,0.4,0.5,0.845016,0.8,0.9,8.7136e-05,2.03341e+06,12770.9,73315.5,0.01,0.95,10,10000,0.938,0.139,125,91,0.00556869,0,0.728
2802,10000,2.08603,1.77828,2.37137,0.0307958,0.0251189,0.0398107,0.443288,0.4,0.5,0.944169,0.9,1,8.7136e-05,1.62673e+06,11648.1,58652.4,0.01,0.95,10,10000,0.938,0.139,100,71,0.00630441,0,0.71
2803,10000,2.07,1.77828,2.37137,0.0310971,0.0251189,0.0398107,0.443695,0.4,0.5,1.18291,1,1.5,0.00043568,644183,3234.77,23226.4,0.01,0.95,10,10000,0.938,0.139,198,143,0.00444228,0,0.722222
2804,10000,2.04169,1.77828,2.37137,0.031929,0.0251189,0.0398107,0.541509,0.5,0.6,0.0641138,0,0.1,8.7136e-05,666957,-nan,24047.5,0.01,0.95,10,10000,0.938,0.139,41,44,0.00800843,0,1.07317
2805,10000,2.06008,1.77828,2.37137,0.0314277,0.0251189,0.0398107,0.546779,0.5,0.6,0.154072,0.1,0.2,8.7136e-05,2.08221e+06,10326.8,75075.1,0.01,0.95,10,10000,0.938,0.139,128,121,0.00482927,0,0.945312
2806,10000,2.0613,1.77828,2.37137,0.0318489,0.0251189,0.0398107,0.54397,0.5,0.6,0.252711,0.2,0.3,8.7136e-05,2.61903e+06,12114.5,94430.4,0.01,0.95,10,10000,0.938,0.139,161,145,0.00441154,0,0.900621
2807,10000,2.05919,1.77828,2.37137,0.0314022,0.0251189,0.0398107,0.544451,0.5,0.6,0.348626,0.3,0.4,8.7136e-05,2.91184e+06,11889.1,104988,0.01,0.95,10,10000,0.938,0.139,179,174,0.00402716,0,0.972067
2808,10000,2.06461,1.77828,2.37137,0.031783,0.0251189,0.0398107,0.54757,0.5,0.6,0.449348,0.4,0.5,8.7136e-05,3.36732e+06,13304.3,121411,0.01,0.95,10,10000,0.938,0.139,207,193,0.0038238,0,0.932367
2809,10000,2.06272,1.77828,2.37137,0.0313973,0.0251189,0.0398107,0.550756,0.5,0.6,0.548671,0.5,0.6,8.7136e-05,2.81424e+06,12617.2,101469,0.01,0.95,10,10000,0.938,0.139,173,155,0.00426686,0,0.895954
2810,10000,2.07323,1.77828,2.37137,0.0316077,0.0251189,0.0398107,0.541805,0.5,0.6,0.650594,0.6,0.7,8.7136e-05,1.96834e+06,10857.9,70969.4,0.01,0.95,10,10000,0.938,0.139,121,105,0.00518417,0,0.867769
2811,10000,2.03363,1.77828,2.37137,0.0311652,0.0251189,0.0398107,0.549144,0.5,0.6,0.7489,0.7,0.8,8.7136e-05,1.7406e+06,10593.5,62758.1,0.01,0.95,10,10000,0.938,0.139,107,89,0.00563091,0,0.831776
2812,10000,2.10199,1.77828,2.37137,0.0306867,0.0251189,0.0398107,0.54679,0.5,0.6,0.844823,0.8,0.9,8.7136e-05,1.05737e+06,7075.01,38124.1,0.01,0.95,10,10000,0.938,0.139,65,64,0.00664024,0,0.984615
2813,10000,2.039,1.77828,2.37137,0.0313747,0.0251189,0.0398107,0.54443,0.5,0.6,0.959166,0.9,1,8.7136e-05,1.00857e+06,8418.15,36364.5,0.01,0.95,10,10000,0.938,0.139,62,49,0.00758885,0,0.790323
2814,10000,2.06065,1.77828,2.37137,0.0313001,0.0251189,0.0398107,0.553061,0.5,0.6,1.21207,1,1.5,0.00043568,592128,3566.24,21349.5,0.01,0.95,10,10000,0.938,0.139,182,109,0.00508816,0,0.598901
2815,10000,2.01212,1.77828,2.37137,0.0314908,0.0251189,0.0398107,0.648206,0.6,0.7,0.0763461,0,0.1,8.7136e-05,357880,-nan,12903.5,0.01,0.95,10,10000,0.938,0.139,22,23,0.0110767,0,1.04545
2816,10000,2.05145,1.77828,2.37137,0.0317201,0.0251189,0.0398107,0.64018,0.6,0.7,0.152067,0.1,0.2,8.7136e-05,959768,6984.19,34604.9,0.01,0.95,10,10000,0.938,0.139,59,56,0.00709872,0,0.949153
2817,10000,2.03045,1.77828,2.37137,0.0314533,0.0251189,0.0398107,0.643825,0.6,0.7,0.253481,0.2,0.3,8.7136e-05,1.70806e+06,9466.27,61585,0.01,0.95,10,10000,0.938,0.139,105,98,0.00536613,0,0.933333
2818,10000,2.05913,1.77828,2.37137,0.0316686,0.0251189,0.0398107,0.647212,0.6,0.7,0.348054,0.3,0.4,8.7136e-05,1.80567e+06,9438.58,65104.2,0.01,0.95,10,10000,0.938,0.139,111,107,0.00513549,0,0.963964
2819,10000,2.03666,1.77828,2.37137,0.0308849,0.0251189,0.0398107,0.645851,0.6,0.7,0.444999,0.4,0.5,8.7136e-05,1.72433e+06,10358.6,62171.6,0.01,0.95,10,10000,0.938,0.139,106,90,0.00559954,0,0.849057
2820,10000,2.07133,1.77828,2.37137,0.0323881,0.0251189,0.0398107,0.649852,0.6,0.7,0.547456,0.5,0.6,8.7136e-05,1.7406e+06,10004.4,62758.1,0.01,0.95,10,10000,0.938,0.139,107,95,0.0054502,0,0.88785
2821,10000,2.06301,1.77828,2.37137,0.0314141,0.0251189,0.0398107,0.643084,0.6,0.7,0.651092,0.6,0.7,8.7136e-05,1.10617e+06,7447.58,39883.6,0.01,0.95,10,10000,0.938,0.139,68,65,0.00658897,0,0.955882
2822,10000,2.04348,1.77828,2.37137,0.0311103,0.0251189,0.0398107,0.646971,0.6,0.7,0.75079,0.7,0.8,8.7136e-05,1.22004e+06,8794.44,43989.3,0.01,0.95,10,10000,0.938,0.139,75,63,0.00669274,0,0.84
2823,10000,2.06998,1.77828,2.37137,0.0319865,0.0251189,0.0398107,0.640624,0.6,0.7,0.845431,0.8,0.9,8.7136e-05,976035,7525.99,35191.5,0.01,0.95,10,10000,0.938,0.139,60,53,0.00729686,0,0.883333
2824,10000,2.10873,1.77828,2.37137,0.0323484,0.0251189,0.0398107,0.656382,0.6,0.7,0.950734,0.9,1,8.7136e-05,699492,7742.05,25220.5,0.01,0.95,10,10000,0.938,0.139,43,30,0.0096987,0,0.697674
2825,10000,1.99223,1.77828,2.37137,0.0305214,0.0251189,0.0398107,0.647204,0.6,0.7,1.15062,1,1.5,0.00043568,354626,3351.02,12786.2,0.01,0.95,10,10000,0.938,0.139,109,49,0.00758885,0,0.449541
2826,10000,2.02697,1.77828,2.37137,0.0315479,0.0251189,0.0398107,0.74723,0.7,0.8,0.0585532,0,0.1,8.7136e-05,195207,-nan,7038.29,0.01,0.95,10,10000,0.938,0.139,12,13,0.0147334,0,1.08333
2827,10000,2.04593,1.77828,2.37137,0.0312181,0.0251189,0.0398107,0.744143,0.7,0.8,0.154751,0.1,0.2,8.7136e-05,536819,5274.71,19355.3,0.01,0.95,10,10000,0.938,0.139,33,31,0.00954098,0,0.939394
2828,10000,2.01601,1.77828,2.37137,0.0301836,0.0251189,0.0398107,0.741612,0.7,0.8,0.247147,0.2,0.3,8.7136e-05,1.02484e+06,7546.5,36951,0.01,0.95,10,10000,0.938,0.139,63,57,0.00703617,0,0.904762
2829,10000,2.08118,1.77828,2.37137,0.0311714,0.0251189,0.0398107,0.743741,0.7,0.8,0.350187,0.3,0.4,8.7136e-05,976035,7654.5,35191.5,0.01,0.95,10,10000,0.938,0.139,60,52,0.00736669,0,0.866667
2830,10000,2.07145,1.77828,2.37137,0.0309029,0.0251189,0.0398107,0.744682,0.7,0.8,0.445478,0.4,0.5,8.7136e-05,1.0411e+06,7964.5,37537.6,0.01,0.95,10,10000,0.938,0.139,64,55,0.00716296,0,0.859375
2831,10000,2.03183,1.77828,2.37137,0.0321834,0.0251189,0.0398107,0.752473,0.7,0.8,0.546954,0.5,0.6,8.7136e-05,992303,7830.7,35778,0.01,0.95,10,10000,0.938,0.139,61,52,0.00736669,0,0.852459
2832,10000,2.04172,1.77828,2.37137,0.0318475,0.0251189,0.0398107,0.748623,0.7,0.8,0.652531,0.6,0.7,8.7136e-05,601888,5256.41,21701.4,0.01,0.95,10,10000,0.938,0.139,37,37,0.00873319,0,1
2833,10000,2.08821,1.77828,2.37137,0.0314593,0.0251189,0.0398107,0.74174,0.7,0.8,0.745616,0.7,0.8,8.7136e-05,601888,5859.01,21701.4,0.01,0.95,10,10000,0.938,0.139,37,33,0.00924734,0,0.891892
2834,10000,2.0477,1.77828,2.37137,0.0314115,0.0251189,0.0398107,0.732594,0.7,0.8,0.848943,0.8,0.9,8.7136e-05,325345,3864.59,11730.5,0.01,0.95,10,10000,0.938,0.139,20,20,0.0118784,0,1
2835,10000,1.99544,1.77828,2.37137,0.0314817,0.0251189,0.0398107,0.745355,0.7,0.8,0.964627,0.9,1,8.7136e-05,260276,4178.82,9384.39,0.01,0.95,10,10000,0.938,0.139,16,13,0.0147334,0,0.8125
2836,10000,2.04717,1.77828,2.37137,0.0317373,0.0251189,0.0398107,0.748601,0.7,0.8,1.17653,1,1.5,0.00043568,253769,2514.74,9149.78,0.01,0.95,10,10000,0.938,0.139,78,42,0.00819689,0,0.538462
2837,10000,2.04796,1.77828,2.37137,0.0323936,0.0251189,0.0398107,0.844538,0.8,0.9,0.0645865,0,0.1,8.7136e-05,130138,2444.18,4692.19,0.01,0.95,10,10000,0.938,0.139,8,8,0.0187814,0,1
2838,10000,2.0352,1.77828,2.37137,0.0299392,0.0251189,0.0398107,0.837243,0.8,0.9,0.153227,0.1,0.2,8.7136e-05,276543,4010,9970.91,0.01,0.95,10,10000,0.938,0.139,17,15,0.013716,0,0.882353
2839,10000,2.07039,1.77828,2.37137,0.0319853,0.0251189,0.0398107,0.842448,0.8,0.9,0.248557,0.2,0.3,8.7136e-05,455483,-nan,16422.7,0.01,0.95,10,10000,0.938,0.139,28,31,0.00954098,0,1.10714
2840,10000,2.06945,1.77828,2.37137,0.0311695,0.0251189,0.0398107,0.838603,0.8,0.9,0.352819,0.3,0.4,8.7136e-05,536819,-nan,19355.3,0.01,0.95,10,10000,0.938,0.139,33,34,0.00911034,0,1.0303
2841,10000,2.0889,1.77828,2.37137,0.0318091,0.0251189,0.0398107,0.85328,0.8,0.9,0.452511,0.4,0.5,8.7136e-05,504285,5132.48,18182.3,0.01,0.95,10,10000,0.938,0.139,31,29,0.0098645,0,0.935484
2842,10000,2.06492,1.77828,2.37137,0.0317253,0.0251189,0.0398107,0.848245,0.8,0.9,0.557208,0.5,0.6,8.7136e-05,439216,4836.14,15836.2,0.01,0.95,10,10000,0.938,0.139,27,25,0.0106244,0,0.925926
2843,10000,2.01187,1.77828,2.37137,0.0321355,0.0251189,0.0398107,0.828161,0.8,0.9,0.641663,0.6,0.7,8.7136e-05,341612,5312.93,12317,0.01,0.95,10,10000,0.938,0.139,21,15,0.013716,0,0.714286
2844,10000,2.01841,1.77828,2.37137,0.0323988,0.0251189,0.0398107,0.840257,0.8,0.9,0.731712,0.7,0.8,8.7136e-05,227742,3473.17,8211.34,0.01,0.95,10,10000,0.938,0.139,14,13,0.0147334,0,0.928571
2845,10000,2.10959,1.77828,2.37137,0.0292941,0.0251189,0.0398107,0.836916,0.8,0.9,0.838301,0.8,0.9,8.7136e-05,146405,2592.44,5278.72,0.01,0.95,10,10000,0.938,0.139,9,9,0.0177073,0,1
2846,10000,2.10572,1.77828,2.37137,0.0311383,0.0251189,0.0398107,0.826976,0.8,0.9,0.957404,0.9,1,8.7136e-05,244009,4099.02,8797.86,0.01,0.95,10,10000,0.938,0.139,15,12,0.015335,0,0.8
2847,10000,1.99911,1.77828,2.37137,0.0304911,0.0251189,0.0398107,0.836254,0.8,0.9,1.21408,1,1.5,0.00043568,110617,1037.85,3988.36,0.01,0.95,10,10000,0.938,0.139,34,33,0.00924734,0,0.970588
2848,10000,1.96035,1.77828,2.37137,0.0344651,0.0251189,0.0398107,0.91711,0.9,1,0.052169,0,0.1,8.7136e-05,32534.5,2116.72,1173.05,0.01,0.95,10,10000,0.938,0.139,2,1,0.0531219,0,0.5
2849,10000,2.07468,1.77828,2.37137,0.0315522,0.0251189,0.0398107,0.941346,0.9,1,0.166809,0.1,0.2,8.7136e-05,16267.3,-nan,586.524,0.01,0.95,10,10000,0.938,0.139,1,2,0.0375629,0,2
2850,10000,1.99468,1.77828,2.37137,0.0324762,0.0251189,0.0398107,0.926543,0.9,1,0.249007,0.2,0.3,8.7136e-05,130138,2771.44,4692.19,0.01,0.95,10,10000,0.938,0.139,8,7,0.0200782,0,0.875
2851,10000,1.97871,1.77828,2.37137,0.0319598,0.0251189,0.0398107,0.931257,0.9,1,0.348523,0.3,0.4,8.7136e-05,162673,2732.68,5865.24,0.01,0.95,10,10000,0.938,0.139,10,10,0.0167986,0,1
2852,10000,2.05752,1.77828,2.37137,0.032629,0.0251189,0.0398107,0.929382,0.9,1,0.449944,0.4,0.5,8.7136e-05,195207,3541.95,7038.29,0.01,0.95,10,10000,0.938,0.139,12,10,0.0167986,0,0.833333
2853,10000,1.9918,1.77828,2.37137,0.032623,0.0251189,0.0398107,0.935627,0.9,1,0.542531,0.5,0.6,8.7136e-05,81336.3,-nan,2932.62,0.01,0.95,10,10000,0.938,0.139,5,7,0.0200782,0,1.4
2854,10000,2.02574,1.77828,2.37137,0.0315485,0.0251189,0.0398107,0.921525,0.9,1,0.654568,0.6,0.7,8.7136e-05,130138,-nan,4692.19,0.01,0.95,10,10000,0.938,0.139,8,9,0.0177073,0,1.125
2855,10000,1.95228,1.77828,2.37137,0.030214,0.0251189,0.0398107,0.942814,0.9,1,0.767673,0.7,0.8,8.7136e-05,48801.8,-nan,1759.57,0.01,0.95,10,10000,0.938,0.139,3,6,0.0216869,0,2
2856,10000,2.02197,1.77828,2.37137,0.038267,0.0251189,0.0398107,0.919425,0.9,1,0.872079,0.8,0.9,8.7136e-05,48801.8,2116.72,1759.57,0.01,0.95,10,10000,0.938,0.139,3,2,0.0375629,0,0.666667
2857,10000,2.04744,1.77828,2.37137,0.0282021,0.0251189,0.0398107,0.925651,0.9,1,0.941475,0.9,1,8.7136e-05,48801.8,1496.75,1759.57,0.01,0.95,10,10000,0.938,0.139,3,3,0.03067,0,1
2858,10000,2.07433,1.77828,2.37137,0.0351336,0.0251189,0.0398107,0.931281,0.9,1,1.32167,1,1.5,0.00043568,39041.4,-nan,1407.66,0.01,0.95,10,10000,0.938,0.139,12,13,0.0147334,0,1.08333
2859,10000,2.23901,1.77828,2.37137,0.0448528,0.0398107,0.0630957,0.0720897,0.05,0.1,0.0616243,0,0.1,6.90508e-05,5.89149e+06,21331.8,212421,0.01,0.95,10,10000,0.938,0.139,287,246,0.00338693,0,0.857143
2860,10000,2.23552,1.77828,2.37137,0.0444343,0.0398107,0.0630957,0.073598,0.05,0.1,0.155984,0.1,0.2,6.90508e-05,1.56627e+07,39284.1,564728,0.01,0.95,10,10000,0.938,0.139,763,565,0.00223486,0,0.740498
2861,10000,2.23696,1.77828,2.37137,0.044641,0.0398107,0.0630957,0.0725158,0.05,0.1,0.249101,0.2,0.3,6.90508e-05,1.53959e+07,34998.5,555106,0.01,0.95,10,10000,0.938,0.139,750,632,0.00211308,0,0.842667
2862,10000,2.23357,1.77828,2.37137,0.0445228,0.0398107,0.0630957,0.0755354,0.05,0.1,0.34657,0.3,0.4,6.90508e-05,1.25014e+07,32857.5,450746,0.01,0.95,10,10000,0.938,0.139,609,489,0.00240226,0,0.802956
2863,10000,2.23529,1.77828,2.37137,0.0445098,0.0398107,0.0630957,0.077743,0.05,0.1,0.443653,0.4,0.5,6.90508e-05,7.02052e+06,24668.7,253128,0.01,0.95,10,10000,0.938,0.139,342,274,0.00320921,0,0.80117
2864,10000,2.25247,1.77828,2.37137,0.0446843,0.0398107,0.0630957,0.0780774,0.05,0.1,0.5425,0.5,0.6,6.90508e-05,4.00293e+06,18257.4,144328,0.01,0.95,10,10000,0.938,0.139,195,160,0.00419966,0,0.820513
2865,10000,2.25891,1.77828,2.37137,0.0447179,0.0398107,0.0630957,0.0815732,0.05,0.1,0.645745,0.6,0.7,6.90508e-05,1.49853e+06,12341.9,54030.3,0.01,0.95,10,10000,0.938,0.139,73,53,0.00729686,0,0.726027
2866,10000,2.24139,1.77828,2.37137,0.0439439,0.0398107,0.0630957,0.0834438,0.05,0.1,0.743732,0.7,0.8,6.90508e-05,944280,9889.29,34046.5,0.01,0.95,10,10000,0.938,0.139,46,33,0.00924734,0,0.717391
2867,10000,2.28678,1.77828,2.37137,0.0444998,0.0398107,0.0630957,0.0826432,0.05,0.1,0.832293,0.8,0.9,6.90508e-05,307917,5972.8,11102.1,0.01,0.95,10,10000,0.938,0.139,15,10,0.0167986,0,0.666667
2868,10000,2.25569,1.77828,2.37137,0.0457594,0.0398107,0.0630957,0.0878496,0.05,0.1,0.941379,0.9,1,6.90508e-05,123167,3777.53,4440.85,0.01,0.95,10,10000,0.938,0.139,6,4,0.026561,0,0.666667
2869,10000,2.18819,1.77828,2.37137,0.0437427,0.0398107,0.0630957,0.092093,0.05,0.1,1.11946,1,1.5,0.000345254,4105.57,-nan,148.028,0.01,0.95,10,10000,0.938,0.139,1,4,0.026561,0,4
2870,10000,2.24439,1.77828,2.37137,0.0450847,0.0398107,0.0630957,0.122562,0.1,0.15,0.0658259,0,0.1,6.90508e-05,2.7302e+06,15330.3,98438.8,0.01,0.95,10,10000,0.938,0.139,133,107,0.00513549,0,0.804511
2871,10000,2.2379,1.77828,2.37137,0.0448412,0.0398107,0.0630957,0.122362,0.1,0.15,0.151159,0.1,0.2,6.90508e-05,7.02052e+06,25280,253128,0.01,0.95,10,10000,0.938,0.139,342,266,0.00325712,0,0.777778
2872,10000,2.23091,1.77828,2.37137,0.0450672,0.0398107,0.0630957,0.1223,0.1,0.15,0.252474,0.2,0.3,6.90508e-05,9.79178e+06,33055.8,353047,0.01,0.95,10,10000,0.938,0.139,477,326,0.00294215,0,0.683438
2873,10000,2.23972,1.77828,2.37137,0.0447293,0.0398107,0.0630957,0.123864,0.1,0.15,0.348017,0.3,0.4,6.90508e-05,8.95013e+06,26522.3,322702,0.01,0.95,10,10000,0.938,0.139,436,370,0.00276168,0,0.848624
2874,10000,2.23388,1.77828,2.37137,0.0445341,0.0398107,0.0630957,0.124898,0.1,0.15,0.446627,0.4,0.5,6.90508e-05,6.15835e+06,19790.6,222042,0.01,0.95,10,10000,0.938,0.139,300,286,0.00314117,0,0.953333
2875,10000,2.23963,1.77828,2.37137,0.0445732,0.0398107,0.0630957,0.124525,0.1,0.15,0.542028,0.5,0.6,6.90508e-05,4.16715e+06,18031,150249,0.01,0.95,10,10000,0.938,0.139,203,173,0.00403879,0,0.852217
2876,10000,2.22645,1.77828,2.37137,0.0441514,0.0398107,0.0630957,0.124246,0.1,0.15,0.648401,0.6,0.7,6.90508e-05,2.07331e+06,10959.2,74754.3,0.01,0.95,10,10000,0.938,0.139,101,101,0.00528583,0,1
2877,10000,2.239,1.77828,2.37137,0.0446892,0.0398107,0.0630957,0.125428,0.1,0.15,0.744569,0.7,0.8,6.90508e-05,1.31378e+06,9000.84,47369.1,0.01,0.95,10,10000,0.938,0.139,64,62,0.00674649,0,0.96875
2878,10000,2.24105,1.77828,2.37137,0.045286,0.0398107,0.0630957,0.123799,0.1,0.15,0.847601,0.8,0.9,6.90508e-05,677418,-nan,24424.7,0.01,0.95,10,10000,0.938,0.139,33,34,0.00911034,0,1.0303
2879,10000,2.25469,1.77828,2.37137,0.0429376,0.0398107,0.0630957,0.120058,0.1,0.15,0.933851,0.9,1,6.90508e-05,369501,6153.83,13322.5,0.01,0.95,10,10000,0.938,0.139,18,13,0.0147334,0,0.722222
2880,10000,2.23896,1.77828,2.37137,0.0468435,0.0398107,0.0630957,0.128599,0.1,0.15,1.10131,1,1.5,0.000345254,57477.9,942.281,2072.4,0.01,0.95,10,10000,0.938,0.139,14,12,0.015335,0,0.857143
2881,10000,2.2162,1.77828,2.37137,0.0443197,0.0398107,0.0630957,0.17206,0.15,0.2,0.0667568,0,0.1,6.90508e-05,1.478e+06,9382.43,53290.2,0.01,0.95,10,10000,0.938,0.139,72,71,0.00630441,0,0.986111
2882,10000,2.23617,1.77828,2.37137,0.0447145,0.0398107,0.0630957,0.171758,0.15,0.2,0.156533,0.1,0.2,6.90508e-05,3.96187e+06,16722,142847,0.01,0.95,10,10000,0.938,0.139,193,174,0.00402716,0,0.901554
2883,10000,2.23298,1.77828,2.37137,0.0448533,0.0398107,0.0630957,0.173096,0.15,0.2,0.250425,0.2,0.3,6.90508e-05,5.62463e+06,22550.6,202799,0.01,0.95,10,10000,0.938,0.139,274,214,0.00363134,0,0.781022
2884,10000,2.23557,1.77828,2.37137,0.045053,0.0398107,0.0630957,0.173373,0.15,0.2,0.347267,0.3,0.4,6.90508e-05,5.72726e+06,23809.9,206499,0.01,0.95,10,10000,0.938,0.139,279,206,0.00370118,0,0.738351
2885,10000,2.24614,1.77828,2.37137,0.0449766,0.0398107,0.0630957,0.174729,0.15,0.2,0.44468,0.4,0.5,6.90508e-05,4.26979e+06,19397.4,153949,0.01,0.95,10,10000,0.938,0.139,208,165,0.00413554,0,0.793269
2886,10000,2.2345,1.77828,2.37137,0.044263,0.0398107,0.0630957,0.172919,0.15,0.2,0.548119,0.5,0.6,6.90508e-05,3.57184e+06,18513.4,128785,0.01,0.95,10,10000,0.938,0.139,174,131,0.00464129,0,0.752874
2887,10000,2.23378,1.77828,2.37137,0.0447999,0.0398107,0.0630957,0.172811,0.15,0.2,0.649481,0.6,0.7,6.90508e-05,1.82698e+06,11257.8,65872.6,0.01,0.95,10,10000,0.938,0.139,89,81,0.00590244,0,0.910112
2888,10000,2.25734,1.77828,2.37137,0.0455215,0.0398107,0.0630957,0.17491,0.15,0.2,0.746049,0.7,0.8,6.90508e-05,1.74487e+06,11181.1,62912,0.01,0.95,10,10000,0.938,0.139,85,76,0.0060935,0,0.894118
2889,10000,2.24094,1.77828,2.37137,0.0441232,0.0398107,0.0630957,0.177711,0.15,0.2,0.842363,0.8,0.9,6.90508e-05,821113,7820.23,29605.7,0.01,0.95,10,10000,0.938,0.139,40,35,0.00897925,0,0.875
2890,10000,2.28706,1.77828,2.37137,0.0453681,0.0398107,0.0630957,0.177569,0.15,0.2,0.949017,0.9,1,6.90508e-05,369501,4626.51,13322.5,0.01,0.95,10,10000,0.938,0.139,18,18,0.012521,0,1
2891,10000,2.28332,1.77828,2.37137,0.0461775,0.0398107,0.0630957,0.174319,0.15,0.2,1.11153,1,1.5,0.000345254,90322.5,1120.6,3256.62,0.01,0.95,10,10000,0.938,0.139,22,20,0.0118784,0,0.909091
2892,10000,2.23136,1.77828,2.37137,0.044534,0.0398107,0.0630957,0.221703,0.2,0.25,0.069596,0,0.1,6.90508e-05,1.04692e+06,8764.62,37747.2,0.01,0.95,10,10000,0.938,0.139,51,45,0.00791895,0,0.882353
2893,10000,2.22367,1.77828,2.37137,0.0441151,0.0398107,0.0630957,0.224211,0.2,0.25,0.154576,0.1,0.2,6.90508e-05,2.99706e+06,15123.8,108061,0.01,0.95,10,10000,0.938,0.139,146,126,0.00473248,0,0.863014
2894,10000,2.23131,1.77828,2.37137,0.0447006,0.0398107,0.0630957,0.221851,0.2,0.25,0.248578,0.2,0.3,6.90508e-05,3.73607e+06,17671.7,134706,0.01,0.95,10,10000,0.938,0.139,182,149,0.00435192,0,0.818681
2895,10000,2.23116,1.77828,2.37137,0.0448008,0.0398107,0.0630957,0.224504,0.2,0.25,0.347491,0.3,0.4,6.90508e-05,4.43401e+06,20287.6,159871,0.01,0.95,10,10000,0.938,0.139,216,166,0.00412306,0,0.768519
2896,10000,2.2361,1.77828,2.37137,0.044947,0.0398107,0.0630957,0.223579,0.2,0.25,0.449749,0.4,0.5,6.90508e-05,3.16129e+06,16596.3,113982,0.01,0.95,10,10000,0.938,0.139,154,123,0.00478984,0,0.798701
2897,10000,2.22114,1.77828,2.37137,0.0441411,0.0398107,0.0630957,0.224801,0.2,0.25,0.548307,0.5,0.6,6.90508e-05,2.3607e+06,15132.1,85116.3,0.01,0.95,10,10000,0.938,0.139,115,86,0.00572829,0,0.747826
2898,10000,2.21019,1.77828,2.37137,0.0436245,0.0398107,0.0630957,0.220623,0.2,0.25,0.644458,0.6,0.7,6.90508e-05,1.49853e+06,12161.2,54030.3,0.01,0.95,10,10000,0.938,0.139,73,54,0.00722898,0,0.739726
2899,10000,2.25475,1.77828,2.37137,0.0455742,0.0398107,0.0630957,0.227964,0.2,0.25,0.74845,0.7,0.8,6.90508e-05,1.06745e+06,-nan,38487.4,0.01,0.95,10,10000,0.938,0.139,52,54,0.00722898,0,1.03846
2900,10000,2.2258,1.77828,2.37137,0.0445452,0.0398107,0.0630957,0.224107,0.2,0.25,0.859494,0.8,0.9,6.90508e-05,677418,8565.33,24424.7,0.01,0.95,10,10000,0.938,0.139,33,23,0.0110767,0,0.69697
2901,10000,2.22235,1.77828,2.37137,0.0443236,0.0398107,0.0630957,0.229823,0.2,0.25,0.943912,0.9,1,6.90508e-05,451612,5602.98,16283.1,0.01,0.95,10,10000,0.938,0.139,22,20,0.0118784,0,0.909091
2902,10000,2.2298,1.77828,2.37137,0.0442255,0.0398107,0.0630957,0.222517,0.2,0.25,1.18784,1,1.5,0.000345254,143695,1290.27,5180.99,0.01,0.95,10,10000,0.938,0.139,35,35,0.00897925,0,1
2903,10000,2.23515,1.77828,2.37137,0.0455779,0.0398107,0.0630957,0.27584,0.25,0.3,0.064933,0,0.1,6.90508e-05,410557,-nan,14802.8,0.01,0.95,10,10000,0.938,0.139,20,22,0.0113256,0,1.1
2904,10000,2.2403,1.77828,2.37137,0.0446434,0.0398107,0.0630957,0.27302,0.25,0.3,0.153926,0.1,0.2,6.90508e-05,1.72434e+06,10357.9,62171.9,0.01,0.95,10,10000,0.938,0.139,84,81,0.00590244,0,0.964286
2905,10000,2.23106,1.77828,2.37137,0.0446653,0.0398107,0.0630957,0.274679,0.25,0.3,0.253303,0.2,0.3,6.90508e-05,2.31964e+06,13011.9,83636,0.01,0.95,10,10000,0.938,0.139,113,100,0.00531219,0,0.884956
2906,10000,2.23088,1.77828,2.37137,0.0449044,0.0398107,0.0630957,0.273733,0.25,0.3,0.349591,0.3,0.4,6.90508e-05,2.25806e+06,11541.5,81415.6,0.01,0.95,10,10000,0.938,0.139,110,109,0.00508816,0,0.990909
2907,10000,2.24215,1.77828,2.37137,0.0448421,0.0398107,0.0630957,0.27198,0.25,0.3,0.45073,0.4,0.5,6.90508e-05,2.13489e+06,12986.2,76974.7,0.01,0.95,10,10000,0.938,0.139,104,88,0.00566282,0,0.846154
2908,10000,2.2324,1.77828,2.37137,0.0447316,0.0398107,0.0630957,0.274885,0.25,0.3,0.549416,0.5,0.6,6.90508e-05,1.88856e+06,12468.6,68093,0.01,0.95,10,10000,0.938,0.139,92,76,0.0060935,0,0.826087
2909,10000,2.23381,1.77828,2.37137,0.0442738,0.0398107,0.0630957,0.27599,0.25,0.3,0.645601,0.6,0.7,6.90508e-05,1.12903e+06,9904.76,40707.8,0.01,0.95,10,10000,0.938,0.139,55,44,0.00800843,0,0.8
2910,10000,2.22157,1.77828,2.37137,0.0444727,0.0398107,0.0630957,0.275277,0.25,0.3,0.749478,0.7,0.8,6.90508e-05,1.08798e+06,12635.8,39227.5,0.01,0.95,10,10000,0.938,0.139,53,30,0.0096987,0,0.566038
2911,10000,2.21853,1.77828,2.37137,0.0448587,0.0398107,0.0630957,0.27638,0.25,0.3,0.847223,0.8,0.9,6.90508e-05,554251,9577.78,19983.8,0.01,0.95,10,10000,0.938,0.139,27,14,0.0141974,0,0.518519
2912,10000,2.23634,1.77828,2.37137,0.0446554,0.0398107,0.0630957,0.274068,0.25,0.3,0.946121,0.9,1,6.90508e-05,513196,6151.13,18503.5,0.01,0.95,10,10000,0.938,0.139,25,22,0.0113256,0,0.88
2913,10000,2.26564,1.77828,2.37137,0.0460499,0.0398107,0.0630957,0.272293,0.25,0.3,1.15485,1,1.5,0.000345254,69794.6,-nan,2516.48,0.01,0.95,10,10000,0.938,0.139,17,18,0.012521,0,1.05882
2914,10000,2.26504,1.77828,2.37137,0.0457041,0.0398107,0.0630957,0.346109,0.3,0.4,0.0655187,0,0.1,0.000138102,400293,4082.47,14432.8,0.01,0.95,10,10000,0.938,0.139,39,32,0.00939072,0,0.820513
2915,10000,2.23944,1.77828,2.37137,0.044848,0.0398107,0.0630957,0.344189,0.3,0.4,0.15884,0.1,0.2,0.000138102,1.00586e+06,5738.82,36266.9,0.01,0.95,10,10000,0.938,0.139,98,92,0.00553835,0,0.938776
2916,10000,2.23328,1.77828,2.37137,0.0449293,0.0398107,0.0630957,0.34141,0.3,0.4,0.250845,0.2,0.3,0.000138102,1.29325e+06,6787.98,46628.9,0.01,0.95,10,10000,0.938,0.139,126,113,0.00499729,0,0.896825
2917,10000,2.22268,1.77828,2.37137,0.044594,0.0398107,0.0630957,0.343978,0.3,0.4,0.352053,0.3,0.4,0.000138102,1.40616e+06,6667.76,50699.7,0.01,0.95,10,10000,0.938,0.139,137,131,0.00464129,0,0.956204
2918,10000,2.25162,1.77828,2.37137,0.0456014,0.0398107,0.0630957,0.345691,0.3,0.4,0.442494,0.4,0.5,0.000138102,1.52932e+06,7938.65,55140.5,0.01,0.95,10,10000,0.938,0.139,149,123,0.00478984,0,0.825503
2919,10000,2.24385,1.77828,2.37137,0.0444281,0.0398107,0.0630957,0.347239,0.3,0.4,0.547245,0.5,0.6,0.000138102,1.32405e+06,6905.59,47739.1,0.01,0.95,10,10000,0.938,0.139,129,115,0.00495365,0,0.891473
2920,10000,2.25954,1.77828,2.37137,0.0452848,0.0398107,0.0630957,0.342935,0.3,0.4,0.650242,0.6,0.7,0.000138102,1.02639e+06,6677.79,37007.1,0.01,0.95,10,10000,0.938,0.139,100,80,0.00593921,0,0.8
2921,10000,2.22322,1.77828,2.37137,0.0444861,0.0398107,0.0630957,0.344896,0.3,0.4,0.744596,0.7,0.8,0.000138102,502932,-nan,18133.5,0.01,0.95,10,10000,0.938,0.139,49,50,0.00751258,0,1.02041
2922,10000,2.22554,1.77828,2.37137,0.0442386,0.0398107,0.0630957,0.346822,0.3,0.4,0.845695,0.8,0.9,0.000138102,451612,5741.34,16283.1,0.01,0.95,10,10000,0.938,0.139,44,25,0.0106244,0,0.568182
2923,10000,2.23694,1.77828,2.37137,0.0462906,0.0398107,0.0630957,0.352353,0.3,0.4,0.938981,0.9,1,0.000138102,256598,3075.56,9251.77,0.01,0.95,10,10000,0.938,0.139,25,22,0.0113256,0,0.88
2924,10000,2.22537,1.77828,2.37137,0.0449532,0.0398107,0.0630957,0.349963,0.3,0.4,1.17981,1,1.5,0.000690508,86216.9,948.152,3108.59,0.01,0.95,10,10000,0.938,0.139,42,30,0.0096987,0,0.714286
2925,10000,2.21304,1.77828,2.37137,0.0442154,0.0398107,0.0630957,0.440891,0.4,0.5,0.0613145,0,0.1,0.000138102,256598,2726.2,9251.77,0.01,0.95,10,10000,0.938,0.139,25,25,0.0106244,0,1
2926,10000,2.24614,1.77828,2.37137,0.0454626,0.0398107,0.0630957,0.44111,0.4,0.5,0.154703,0.1,0.2,0.000138102,585043,4416.23,21094,0.01,0.95,10,10000,0.938,0.139,57,53,0.00729686,0,0.929825
2927,10000,2.22402,1.77828,2.37137,0.0446115,0.0398107,0.0630957,0.441559,0.4,0.5,0.246886,0.2,0.3,0.000138102,800585,5268.84,28865.5,0.01,0.95,10,10000,0.938,0.139,78,71,0.00630441,0,0.910256
2928,10000,2.21902,1.77828,2.37137,0.0445538,0.0398107,0.0630957,0.445667,0.4,0.5,0.354638,0.3,0.4,0.000138102,831377,4968.11,29975.7,0.01,0.95,10,10000,0.938,0.139,81,80,0.00593921,0,0.987654
2929,10000,2.23454,1.77828,2.37137,0.0453586,0.0398107,0.0630957,0.444154,0.4,0.5,0.447639,0.4,0.5,0.000138102,697946,4768.89,25164.8,0.01,0.95,10,10000,0.938,0.139,68,64,0.00664024,0,0.941176
2930,10000,2.24733,1.77828,2.37137,0.0440533,0.0398107,0.0630957,0.447709,0.4,0.5,0.55221,0.5,0.6,0.000138102,605571,-nan,21834.2,0.01,0.95,10,10000,0.938,0.139,59,64,0.00664024,0,1.08475
2931,10000,2.22467,1.77828,2.37137,0.0451363,0.0398107,0.0630957,0.448588,0.4,0.5,0.644114,0.6,0.7,0.000138102,441348,4762.35,15913,0.01,0.95,10,10000,0.938,0.139,43,31,0.00954098,0,0.72093
2932,10000,2.22827,1.77828,2.37137,0.0446329,0.0398107,0.0630957,0.444549,0.4,0.5,0.747213,0.7,0.8,0.000138102,410557,4451.86,14802.8,0.01,0.95,10,10000,0.938,0.139,40,30,0.0096987,0,0.75
2933,10000,2.25932,1.77828,2.37137,0.0454351,0.0398107,0.0630957,0.447333,0.4,0.5,0.848926,0.8,0.9,0.000138102,379765,4787.04,13692.6,0.01,0.95,10,10000,0.938,0.139,37,24,0.0108435,0,0.648649
2934,10000,2.23041,1.77828,2.37137,0.0447916,0.0398107,0.0630957,0.445951,0.4,0.5,0.946602,0.9,1,0.000138102,195014,2505.2,7031.34,0.01,0.95,10,10000,0.938,0.139,19,18,0.012521,0,0.947368
2935,10000,2.22388,1.77828,2.37137,0.0446413,0.0398107,0.0630957,0.449989,0.4,0.5,1.18328,1,1.5,0.000690508,110850,1110.05,3996.76,0.01,0.95,10,10000,0.938,0.139,54,37,0.00873319,0,0.685185
2936,10000,2.25446,1.77828,2.37137,0.0462977,0.0398107,0.0630957,0.557871,0.5,0.6,0.0655411,0,0.1,0.000138102,133431,2486.67,4810.92,0.01,0.95,10,10000,0.938,0.139,13,10,0.0167986,0,0.769231
2937,10000,2.22401,1.77828,2.37137,0.0455879,0.0398107,0.0630957,0.540955,0.5,0.6,0.146669,0.1,0.2,0.000138102,297654,3257.42,10732.1,0.01,0.95,10,10000,0.938,0.139,29,26,0.0104181,0,0.896552
2938,10000,2.25573,1.77828,2.37137,0.0447569,0.0398107,0.0630957,0.546218,0.5,0.6,0.250073,0.2,0.3,0.000138102,359237,3515.1,12952.5,0.01,0.95,10,10000,0.938,0.139,35,32,0.00939072,0,0.914286
2939,10000,2.22976,1.77828,2.37137,0.0444382,0.0398107,0.0630957,0.543302,0.5,0.6,0.347302,0.3,0.4,0.000138102,502932,-nan,18133.5,0.01,0.95,10,10000,0.938,0.139,49,52,0.00736669,0,1.06122
2940,10000,2.24071,1.77828,2.37137,0.0458769,0.0398107,0.0630957,0.547467,0.5,0.6,0.449976,0.4,0.5,0.000138102,482404,4070.87,17393.3,0.01,0.95,10,10000,0.938,0.139,47,43,0.00810102,0,0.914894
2941,10000,2.24652,1.77828,2.37137,0.0430728,0.0398107,0.0630957,0.543324,0.5,0.6,0.552116,0.5,0.6,0.000138102,287390,3724.69,10362,0.01,0.95,10,10000,0.938,0.139,28,21,0.0115922,0,0.75
2942,10000,2.23209,1.77828,2.37137,0.0463696,0.0398107,0.0630957,0.54486,0.5,0.6,0.656263,0.6,0.7,0.000138102,256598,2837.51,9251.77,0.01,0.95,10,10000,0.938,0.139,25,24,0.0108435,0,0.96
2943,10000,2.26047,1.77828,2.37137,0.0464394,0.0398107,0.0630957,0.545407,0.5,0.6,0.736731,0.7,0.8,0.000138102,215542,2749.06,7771.49,0.01,0.95,10,10000,0.938,0.139,21,19,0.012187,0,0.904762
2944,10000,2.25964,1.77828,2.37137,0.0460885,0.0398107,0.0630957,0.551891,0.5,0.6,0.85366,0.8,0.9,0.000138102,195014,-nan,7031.34,0.01,0.95,10,10000,0.938,0.139,19,24,0.0108435,0,1.26316
2945,10000,2.27311,1.77828,2.37137,0.0461536,0.0398107,0.0630957,0.536251,0.5,0.6,0.961885,0.9,1,0.000138102,205278,3514.08,7401.41,0.01,0.95,10,10000,0.938,0.139,20,13,0.0147334,0,0.65
2946,10000,2.24116,1.77828,2.37137,0.0452284,0.0398107,0.0630957,0.548203,0.5,0.6,1.22185,1,1.5,0.000690508,69794.6,985.059,2516.48,0.01,0.95,10,10000,0.938,0.139,34,20,0.0118784,0,0.588235
2947,10000,2.29584,1.77828,2.37137,0.0473947,0.0398107,0.0630957,0.641466,0.6,0.7,0.0507387,0,0.1,0.000138102,41055.7,-nan,1480.28,0.01,0.95,10,10000,0.938,0.139,4,5,0.0237569,0,1.25
2948,10000,2.26255,1.77828,2.37137,0.0452416,0.0398107,0.0630957,0.646223,0.6,0.7,0.16514,0.1,0.2,0.000138102,112903,-nan,4070.78,0.01,0.95,10,10000,0.938,0.139,11,14,0.0141974,0,1.27273
2949,10000,2.25636,1.77828,2.37137,0.0442574,0.0398107,0.0630957,0.659069,0.6,0.7,0.246785,0.2,0.3,0.000138102,174487,-nan,6291.2,0.01,0.95,10,10000,0.938,0.139,17,20,0.0118784,0,1.17647
2950,10000,2.21192,1.77828,2.37137,0.0451104,0.0398107,0.0630957,0.64366,0.6,0.7,0.346125,0.3,0.4,0.000138102,266862,2889.25,9621.84,0.01,0.95,10,10000,0.938,0.139,26,25,0.0106244,0,0.961538
2951,10000,2.25921,1.77828,2.37137,0.0446431,0.0398107,0.0630957,0.651569,0.6,0.7,0.444647,0.4,0.5,0.000138102,266862,3002.94,9621.84,0.01,0.95,10,10000,0.938,0.139,26,24,0.0108435,0,0.923077
2952,10000,2.22559,1.77828,2.37137,0.046514,0.0398107,0.0630957,0.637148,0.6,0.7,0.556643,0.5,0.6,0.000138102,123167,-nan,4440.85,0.01,0.95,10,10000,0.938,0.139,12,13,0.0147334,0,1.08333
2953,10000,2.23627,1.77828,2.37137,0.0454173,0.0398107,0.0630957,0.644346,0.6,0.7,0.645423,0.6,0.7,0.000138102,184750,2899.82,6661.27,0.01,0.95,10,10000,0.938,0.139,18,14,0.0141974,0,0.777778
2954,10000,2.21638,1.77828,2.37137,0.0451886,0.0398107,0.0630957,0.650616,0.6,0.7,0.743922,0.7,0.8,0.000138102,164223,2321.81,5921.13,0.01,0.95,10,10000,0.938,0.139,16,15,0.013716,0,0.9375
2955,10000,2.25567,1.77828,2.37137,0.0440984,0.0398107,0.0630957,0.645751,0.6,0.7,0.84806,0.8,0.9,0.000138102,153959,2775.32,5551.06,0.01,0.95,10,10000,0.938,0.139,15,11,0.0160169,0,0.733333
2956,10000,2.25222,1.77828,2.37137,0.0460758,0.0398107,0.0630957,0.639145,0.6,0.7,0.956609,0.9,1,0.000138102,133431,-nan,4810.92,0.01,0.95,10,10000,0.938,0.139,13,14,0.0141974,0,1.07692
2957,10000,2.25194,1.77828,2.37137,0.0459209,0.0398107,0.0630957,0.643135,0.6,0.7,1.15205,1,1.5,0.000690508,51319.6,1026.65,1850.35,0.01,0.95,10,10000,0.938,0.139,25,11,0.0160169,0,0.44
2958,10000,2.08277,1.77828,2.37137,0.0433593,0.0398107,0.0630957,0.710369,0.7,0.8,0.0840151,0,0.1,0.000138102,10263.9,545.239,370.071,0.01,0.95,10,10000,0.938,0.139,1,1,0.0531219,0,1
2959,10000,2.26696,1.77828,2.37137,0.0450821,0.0398107,0.0630957,0.738453,0.7,0.8,0.158802,0.1,0.2,0.000138102,82111.3,1748.66,2960.57,0.01,0.95,10,10000,0.938,0.139,8,7,0.0200782,0,0.875
2960,10000,2.26595,1.77828,2.37137,0.0463731,0.0398107,0.0630957,0.74213,0.7,0.8,0.254083,0.2,0.3,0.000138102,123167,2438.38,4440.85,0.01,0.95,10,10000,0.938,0.139,12,9,0.0177073,0,0.75
2961,10000,2.16919,1.77828,2.37137,0.0433155,0.0398107,0.0630957,0.738338,0.7,0.8,0.345647,0.3,0.4,0.000138102,143695,2191.42,5180.99,0.01,0.95,10,10000,0.938,0.139,14,13,0.0147334,0,0.928571
2962,10000,2.23331,1.77828,2.37137,0.0440093,0.0398107,0.0630957,0.74867,0.7,0.8,0.454982,0.4,0.5,0.000138102,92375.2,-nan,3330.64,0.01,0.95,10,10000,0.938,0.139,9,11,0.0160169,0,1.22222
2963,10000,2.24534,1.77828,2.37137,0.0447523,0.0398107,0.0630957,0.734383,0.7,0.8,0.551445,0.5,0.6,0.000138102,102639,2111.7,3700.71,0.01,0.95,10,10000,0.938,0.139,10,8,0.0187814,0,0.8
2964,10000,2.21973,1.77828,2.37137,0.0450435,0.0398107,0.0630957,0.731301,0.7,0.8,0.672661,0.6,0.7,0.000138102,51319.6,-nan,1850.35,0.01,0.95,10,10000,0.938,0.139,5,7,0.0200782,0,1.4
2965,10000,2.27332,1.77828,2.37137,0.0435192,0.0398107,0.0630957,0.746861,0.7,0.8,0.767876,0.7,0.8,0.000138102,51319.6,1493.2,1850.35,0.01,0.95,10,10000,0.938,0.139,5,4,0.026561,0,0.8
2966,10000,2.19361,1.77828,2.37137,0.0455873,0.0398107,0.0630957,0.736691,0.7,0.8,0.873227,0.8,0.9,0.000138102,30791.7,-nan,1110.21,0.01,0.95,10,10000,0.938,0.139,3,4,0.026561,0,1.33333
2967,10000,2.25068,1.77828,2.37137,0.0451485,0.0398107,0.0630957,0.744077,0.7,0.8,0.947679,0.9,1,0.000138102,30791.7,-nan,1110.21,0.01,0.95,10,10000,0.938,0.139,3,6,0.0216869,0,2
2968,10000,2.24033,1.77828,2.37137,0.0458539,0.0398107,0.0630957,0.741851,0.7,0.8,1.11847,1,1.5,0.000690508,22580.6,434.674,814.156,0.01,0.95,10,10000,0.938,0.139,11,9,0.0177073,0,0.818182
2969,10000,2.17581,1.77828,2.37137,0.040329,0.0398107,0.0630957,0.872592,0.8,0.9,0.055211,0,0.1,0.000138102,10263.9,545.239,370.071,0.01,0.95,10,10000,0.938,0.139,1,1,0.0531219,0,1
2970,10000,2.24055,1.77828,2.37137,0.0446475,0.0398107,0.0630957,0.865031,0.8,0.9,0.155399,0.1,0.2,0.000138102,20527.8,-nan,740.141,0.01,0.95,10,10000,0.938,0.139,2,4,0.026561,0,2
2971,10000,2.2904,1.77828,2.37137,0.0469028,0.0398107,0.0630957,0.837471,0.8,0.9,0.256321,0.2,0.3,0.000138102,51319.6,1493.2,1850.35,0.01,0.95,10,10000,0.938,0.139,5,4,0.026561,0,0.8
2972,10000,2.21268,1.77828,2.37137,0.0444181,0.0398107,0.0630957,0.832161,0.8,0.9,0.349826,0.3,0.4,0.000138102,71847.4,-nan,2590.5,0.01,0.95,10,10000,0.938,0.139,7,9,0.0177073,0,1.28571
2973,10000,2.25318,1.77828,2.37137,0.0488821,0.0398107,0.0630957,0.815196,0.8,0.9,0.422084,0.4,0.5,0.000138102,41055.7,1090.48,1480.28,0.01,0.95,10,10000,0.938,0.139,4,4,0.026561,0,1
2974,10000,2.22129,1.77828,2.37137,0.0442419,0.0398107,0.0630957,0.847415,0.8,0.9,0.549263,0.5,0.6,0.000138102,71847.4,1442.57,2590.5,0.01,0.95,10,10000,0.938,0.139,7,7,0.0200782,0,1
2975,10000,2.26798,1.77828,2.37137,0.0455374,0.0398107,0.0630957,0.846863,0.8,0.9,0.658192,0.6,0.7,0.000138102,61583.5,1580.25,2220.42,0.01,0.95,10,10000,0.938,0.139,6,5,0.0237569,0,0.833333
2976,10000,2.2931,1.77828,2.37137,0.0479105,0.0398107,0.0630957,0.825594,0.8,0.9,0.751125,0.7,0.8,0.000138102,71847.4,-nan,2590.5,0.01,0.95,10,10000,0.938,0.139,7,8,0.0187814,0,1.14286
2977,10000,2.22612,1.77828,2.37137,0.0449742,0.0398107,0.0630957,0.869623,0.8,0.9,0.845181,0.8,0.9,0.000138102,30791.7,1335.56,1110.21,0.01,0.95,10,10000,0.938,0.139,3,2,0.0375629,0,0.666667
2978,10000,2.20028,1.77828,2.37137,0.0466558,0.0398107,0.0630957,0.830457,0.8,0.9,0.992919,0.9,1,0.000138102,41055.7,1888.76,1480.28,0.01,0.95,10,10000,0.938,0.139,4,2,0.0375629,0,0.5
2979,10000,2.27426,1.77828,2.37137,0.0446963,0.0398107,0.0630957,0.847933,0.8,0.9,1.17861,1,1.5,0.000690508,22580.6,529.432,814.156,0.01,0.95,10,10000,0.938,0.139,11,7,0.0200782,0,0.636364
2980,10000,2.23948,1.77828,2.37137,0.0440166,0.0398107,0.0630957,0.912657,0.9,1,0.0471525,0,0.1,0.000138102,10263.9,545.239,370.071,0.01,0.95,10,10000,0.938,0.139,1,1,0.0531219,0,1
2981,10000,2.18257,1.77828,2.37137,0.0470709,0.0398107,0.0630957,0.943502,0.9,1,0.147667,0.1,0.2,0.000138102,30791.7,2111.7,1110.21,0.01,0.95,10,10000,0.938,0.139,3,1,0.0531219,0,0.333333
2982,10000,2.25872,1.77828,2.37137,0.0463398,0.0398107,0.0630957,0.916333,0.9,1,0.271425,0.2,0.3,0.000138102,20527.8,-nan,740.141,0.01,0.95,10,10000,0.938,0.139,2,3,0.03067,0,1.5
2983,10000,2.3282,1.77828,2.37137,0.0443201,0.0398107,0.0630957,0.96981,0.9,1,0.306509,0.3,0.4,0.000138102,10263.9,545.239,370.071,0.01,0.95,10,10000,0.938,0.139,1,1,0.0531219,0,1
2984,10000,2.24862,1.77828,2.37137,0.0441752,0.0398107,0.0630957,0.956577,0.9,1,0.444803,0.4,0.5,0.000138102,41055.7,1407.8,1480.28,0.01,0.95,10,10000,0.938,0.139,4,3,0.03067,0,0.75
2985,10000,2.0234,1.77828,2.37137,0.0399192,0.0398107,0.0630957,0.938362,0.9,1,0.585812,0.5,0.6,0.000138102,20527.8,1335.56,740.141,0.01,0.95,10,10000,0.938,0.139,2,1,0.0531219,0,0.5
2986,10000,2.29234,1.77828,2.37137,0.0482803,0.0398107,0.0630957,0.954475,0.9,1,0.678998,0.6,0.7,0.000138102,10263.9,-nan,370.071,0.01,0.95,10,10000,0.938,0.139,1,2,0.0375629,0,2
2987,10000,2.28979,1.77828,2.37137,0.0414827,0.0398107,0.0630957,0.918863,0.9,1,0.765851,0.7,0.8,0.000138102,20527.8,771.085,740.141,0.01,0.95,10,10000,0.938,0.139,2,2,0.0375629,0,1
2988,10000,2.22867,1.77828,2.37137,0.0436505,0.0398107,0.0630957,0.957985,0.9,1,0.850404,0.8,0.9,0.000138102,30791.7,944.382,1110.21,0.01,0.95,10,10000,0.938,0.139,3,3,0.03067,0,1
2989,10000,2.32741,1.77828,2.37137,0.0469073,0.0398107,0.0630957,0.905683,0.9,1,1.04371,1,1.5,0.000690508,0,0,0,0.01,0.95,10,10000,0.938,0.139,0,1,0.0531219,0,0
2990,10000,2.38262,2.37137,3.16228,0.000625709,0.000398107,0.000630957,0.0826744,0.05,0.1,0.239424,0.2,0.3,9.20811e-07,6.15746e+06,211140,222010,0.01,0.95,10,10000,0.938,0.139,4,3,0.03067,0,0.75
2991,10000,2.37911,2.37137,3.16228,0.000626978,0.000398107,0.000630957,0.0689491,0.05,0.1,0.34084,0.3,0.4,9.20811e-07,6.15746e+06,283274,222010,0.01,0.95,10,10000,0.938,0.139,4,2,0.0375629,0,0.5
2992,10000,2.38066,2.37137,3.16228,0.000622826,0.000398107,0.000630957,0.0519575,0.05,0.1,0.707519,0.7,0.8,9.20811e-07,1.53937e+06,81774.1,55502.6,0.01,0.95,10,10000,0.938,0.139,1,1,0.0531219,0,1
2993,10000,2.3816,2.37137,3.16228,0.000630465,0.000398107,0.000630957,0.0530639,0.05,0.1,1.1651,1,1.5,4.60405e-06,307873,16354.8,11100.5,0.01,0.95,10,10000,0.938,0.139,1,1,0.0531219,0,1
2994,10000,2.3816,2.37137,3.16228,0.000630465,0.000398107,0.000630957,0.108508,0.1,0.15,0.103653,0.1,0.2,9.20811e-07,1.53937e+06,81774.1,55502.6,0.01,0.95,10,10000,0.938,0.139,1,1,0.0531219,0,1
2995,10000,2.38853,2.37137,3.16228,0.000629596,0.000398107,0.000630957,0.130754,0.1,0.15,0.420492,0.4,0.5,9.20811e-07,1.53937e+06,81774.1,55502.6,0.01,0.95,10,10000,0.938,0.139,1,1,0.0531219,0,1
2996,10000,2.39434,2.37137,3.16228,0.000630058,0.000398107,0.000630957,0.115361,0.1,0.15,0.773151,0.7,0.8,9.20811e-07,1.53937e+06,81774.1,55502.6,0.01,0.95,10,10000,0.938,0.139,1,1,0.0531219,0,1
2997,10000,2.3726,2.37137,3.16228,0.000621735,0.000398107,0.000630957,0.166433,0.15,0.2,0.481029,0.4,0.5,9.20811e-07,3.07873e+06,200305,111005,0.01,0.95,10,10000,0.938,0.139,2,1,0.0531219,0,0.5
2998,10000,2.3802,2.37137,3.16228,0.000630307,0.000398107,0.000630957,0.170999,0.15,0.2,0.652773,0.6,0.7,9.20811e-07,1.53937e+06,81774.1,55502.6,0.01,0.95,10,10000,0.938,0.139,1,1,0.0531219,0,1
2999,10000,2.40006,2.37137,3.16228,0.000630864,0.000398107,0.000630957,0.250591,0.25,0.3,0.29247,0.2,0.3,9.20811e-07,1.53937e+06,81774.1,55502.6,0.01,0.95,10,10000,0.938,0.139,1,1,0.0531219,0,1
3000,10000,2.37469,2.37137,3.16228,0.000626324,0.000398107,0.000630957,0.286129,0.25,0.3,1.20427,1,1.5,4.60405e-06,307873,16354.8,11100.5,0.01,0.95,10,10000,0.938,0.139,1,1,0.0531219,0,1
3001,10000,2.3717,2.37137,3.16228,0.000625867,0.000398107,0.000630957,0.354615,0.3,0.4,0.401127,0.4,0.5,1.84162e-06,0,0,0,0.01,0.95,10,10000,0.938,0.139,0,1,0.0531219,0,0
3002,10000,2.38664,2.37137,3.16228,0.000629372,0.000398107,0.000630957,0.326035,0.3,0.4,0.866865,0.8,0.9,1.84162e-06,1.53937e+06,100152,55502.6,0.01,0.95,10,10000,0.938,0.139,2,1,0.0531219,0,0.5
3003,10000,2.37585,2.37137,3.16228,0.000627169,0.000398107,0.000630957,0.455125,0.4,0.5,1.05312,1,1.5,9.20811e-06,153937,8177.41,5550.26,0.01,0.95,10,10000,0.938,0.139,1,1,0.0531219,0,1
3004,10000,2.5774,2.37137,3.16228,0.000829878,0.000630957,0.001,0.0847831,0.05,0.1,0.0652102,0,0.1,1.45939e-06,5.29343e+08,4.49585e+06,1.90857e+07,0.01,0.95,10,10000,0.938,0.139,545,73,0.00621745,0,0.133945
3005,10000,2.58196,2.37137,3.16228,0.000838273,0.000630957,0.001,0.0815124,0.05,0.1,0.15881,0.1,0.2,1.45939e-06,1.28111e+09,5.63107e+06,4.6191e+07,0.01,0.95,10,10000,0.938,0.139,1319,263,0.00327564,0,0.199393
3006,10000,2.57919,2.37137,3.16228,0.000846857,0.000630957,0.001,0.0796306,0.05,0.1,0.254079,0.2,0.3,1.45939e-06,1.48605e+09,4.5128e+06,5.35802e+07,0.01,0.95,10,10000,0.938,0.139,1530,510,0.00235228,0,0.333333
3007,10000,2.57482,2.37137,3.16228,0.000856357,0.000630957,0.001,0.0754422,0.05,0.1,0.352522,0.3,0.4,1.45939e-06,1.28596e+09,3.43892e+06,4.63661e+07,0.01,0.95,10,10000,0.938,0.139,1324,608,0.00215438,0,0.459215
3008,10000,2.56413,2.37137,3.16228,0.000861501,0.000630957,0.001,0.0724137,0.05,0.1,0.450313,0.4,0.5,1.45939e-06,9.63502e+08,2.4303e+06,3.47396e+07,0.01,0.95,10,10000,0.938,0.139,992,613,0.00214558,0,0.617944
3009,10000,2.56625,2.37137,3.16228,0.000854436,0.000630957,0.001,0.0707416,0.05,0.1,0.546102,0.5,0.6,1.45939e-06,7.09029e+08,1.8969e+06,2.55644e+07,0.01,0.95,10,10000,0.938,0.139,730,512,0.00234768,0,0.70137
3010,10000,2.56375,2.37137,3.16228,0.000858252,0.000630957,0.001,0.0717208,0.05,0.1,0.647748,0.6,0.7,1.45939e-06,4.38044e+08,1.34447e+06,1.57939e+07,0.01,0.95,10,10000,0.938,0.139,451,360,0.00279977,0,0.798226
3011,10000,2.559,2.37137,3.16228,0.000850637,0.000630957,0.001,0.0717643,0.05,0.1,0.745987,0.7,0.8,1.45939e-06,2.95267e+08,1.09129e+06,1.0646e+07,0.01,0.95,10,10000,0.938,0.139,304,246,0.00338693,0,0.809211
3012,10000,2.56188,2.37137,3.16228,0.000856441,0.000630957,0.001,0.0712898,0.05,0.1,0.846842,0.8,0.9,1.45939e-06,1.758e+08,820554,6.33857e+06,0.01,0.95,10,10000,0.938,0.139,181,151,0.004323,0,0.834254
3013,10000,2.56155,2.37137,3.16228,0.000867901,0.000630957,0.001,0.0724312,0.05,0.1,0.9414,0.9,1,1.45939e-06,1.31122e+08,701280,4.72766e+06,0.01,0.95,10,10000,0.938,0.139,135,114,0.00497533,0,0.844444
3014,10000,2.56272,2.37137,3.16228,0.000853255,0.000630957,0.001,0.0725125,0.05,0.1,1.16661,1,1.5,7.29695e-06,4.17647e+07,186216,1.50585e+06,0.01,0.95,10,10000,0.938,0.139,215,171,0.00406234,0,0.795349
3015,10000,2.57637,2.37137,3.16228,0.000859502,0.000630957,0.001,0.123252,0.1,0.15,0.0623413,0,0.1,1.45939e-06,1.71915e+08,983243,6.19849e+06,0.01,0.95,10,10000,0.938,0.139,177,116,0.00493225,0,0.655367
3016,10000,2.55766,2.37137,3.16228,0.000854896,0.000630957,0.001,0.122323,0.1,0.15,0.153712,0.1,0.2,1.45939e-06,4.57469e+08,1.53205e+06,1.64943e+07,0.01,0.95,10,10000,0.938,0.139,471,328,0.00293317,0,0.696391
3017,10000,2.56713,2.37137,3.16228,0.000849723,0.000630957,0.001,0.123747,0.1,0.15,0.25209,0.2,0.3,1.45939e-06,6.88632e+08,1.7492e+06,2.4829e+07,0.01,0.95,10,10000,0.938,0.139,709,541,0.00228389,0,0.763047
3018,10000,2.56228,2.37137,3.16228,0.000849434,0.000630957,0.001,0.123052,0.1,0.15,0.350851,0.3,0.4,1.45939e-06,6.57551e+08,1.70548e+06,2.37083e+07,0.01,0.95,10,10000,0.938,0.139,677,518,0.00233404,0,0.76514
3019,10000,2.55485,2.37137,3.16228,0.000850602,0.000630957,0.001,0.12393,0.1,0.15,0.446147,0.4,0.5,1.45939e-06,5.05062e+08,1.36316e+06,1.82103e+07,0.01,0.95,10,10000,0.938,0.139,520,444,0.00252106,0,0.853846
3020,10000,2.56897,2.37137,3.16228,0.000852524,0.000630957,0.001,0.124978,0.1,0.15,0.552134,0.5,0.6,1.45939e-06,3.60342e+08,1.17318e+06,1.29923e+07,0.01,0.95,10,10000,0.938,0.139,371,310,0.00301712,0,0.83558
3021,10000,2.56976,2.37137,3.16228,0.000845043,0.000630957,0.001,0.123657,0.1,0.15,0.646217,0.6,0.7,1.45939e-06,2.39904e+08,999870,8.64987e+06,0.01,0.95,10,10000,0.938,0.139,247,196,0.00379442,0,0.793522
3022,10000,2.55808,2.37137,3.16228,0.000851248,0.000630957,0.001,0.122427,0.1,0.15,0.745071,0.7,0.8,1.45939e-06,1.69001e+08,860090,6.09343e+06,0.01,0.95,10,10000,0.938,0.139,174,134,0.00458904,0,0.770115
3023,10000,2.54393,2.37137,3.16228,0.00085665,0.000630957,0.001,0.123526,0.1,0.15,0.852338,0.8,0.9,1.45939e-06,1.26265e+08,703462,4.55256e+06,0.01,0.95,10,10000,0.938,0.139,130,107,0.00513549,0,0.823077
3024,10000,2.54304,2.37137,3.16228,0.000857617,0.000630957,0.001,0.121992,0.1,0.15,0.946994,0.9,1,1.45939e-06,9.32421e+07,638375,3.36189e+06,0.01,0.95,10,10000,0.938,0.139,96,74,0.0061753,0,0.770833
3025,10000,2.54552,2.37137,3.16228,0.000857249,0.000630957,0.001,0.123905,0.1,0.15,1.16099,1,1.5,7.29695e-06,3.4383e+07,168738,1.2397e+06,0.01,0.95,10,10000,0.938,0.139,177,141,0.00447367,0,0.79661
3026,10000,2.56991,2.37137,3.16228,0.000866224,0.000630957,0.001,0.170856,0.15,0.2,0.0667633,0,0.1,1.45939e-06,9.51847e+07,641818,3.43193e+06,0.01,0.95,10,10000,0.938,0.139,98,76,0.0060935,0,0.77551
3027,10000,2.54836,2.37137,3.16228,0.000851882,0.000630957,0.001,0.172999,0.15,0.2,0.153795,0.1,0.2,1.45939e-06,2.25335e+08,923034,8.12457e+06,0.01,0.95,10,10000,0.938,0.139,232,195,0.00380414,0,0.840517
3028,10000,2.56741,2.37137,3.16228,0.000851509,0.000630957,0.001,0.172893,0.15,0.2,0.250912,0.2,0.3,1.45939e-06,3.47715e+08,1.14302e+06,1.25371e+07,0.01,0.95,10,10000,0.938,0.139,358,302,0.00305682,0,0.843575
3029,10000,2.56764,2.37137,3.16228,0.000856613,0.000630957,0.001,0.172314,0.15,0.2,0.350619,0.3,0.4,1.45939e-06,3.70055e+08,1.2194e+06,1.33425e+07,0.01,0.95,10,10000,0.938,0.139,381,309,0.003022,0,0.811024
3030,10000,2.55472,2.37137,3.16228,0.000845317,0.000630957,0.001,0.173999,0.15,0.2,0.446347,0.4,0.5,1.45939e-06,3.10807e+08,1.14526e+06,1.12063e+07,0.01,0.95,10,10000,0.938,0.139,320,252,0.00334637,0,0.7875
3031,10000,2.57756,2.37137,3.16228,0.00086482,0.000630957,0.001,0.173302,0.15,0.2,0.550649,0.5,0.6,1.45939e-06,2.60301e+08,1.02411e+06,9.38528e+06,0.01,0.95,10,10000,0.938,0.139,268,217,0.00360615,0,0.809701
3032,10000,2.55065,2.37137,3.16228,0.000850075,0.000630957,0.001,0.172444,0.15,0.2,0.646247,0.6,0.7,1.45939e-06,1.78714e+08,903542,6.44363e+06,0.01,0.95,10,10000,0.938,0.139,184,138,0.00452204,0,0.75
3033,10000,2.5719,2.37137,3.16228,0.000862331,0.000630957,0.001,0.172871,0.15,0.2,0.745439,0.7,0.8,1.45939e-06,1.16553e+08,704398,4.20237e+06,0.01,0.95,10,10000,0.938,0.139,120,94,0.00547911,0,0.783333
3034,10000,2.56384,2.37137,3.16228,0.000844101,0.000630957,0.001,0.173058,0.15,0.2,0.845478,0.8,0.9,1.45939e-06,8.35294e+07,606380,3.0117e+06,0.01,0.95,10,10000,0.938,0.139,86,66,0.00653886,0,0.767442
3035,10000,2.56612,2.37137,3.16228,0.00086383,0.000630957,0.001,0.170853,0.15,0.2,0.941345,0.9,1,1.45939e-06,4.75923e+07,444229,1.71597e+06,0.01,0.95,10,10000,0.938,0.139,49,39,0.00850632,0,0.795918
3036,10000,2.57149,2.37137,3.16228,0.000861649,0.000630957,0.001,0.167953,0.15,0.2,1.17867,1,1.5,7.29695e-06,1.9814e+07,159569,714402,0.01,0.95,10,10000,0.938,0.139,102,61,0.00680157,0,0.598039
3037,10000,2.5435,2.37137,3.16228,0.000838463,0.000630957,0.001,0.223552,0.2,0.25,0.067504,0,0.1,1.45939e-06,5.53625e+07,432950,1.99612e+06,0.01,0.95,10,10000,0.938,0.139,57,51,0.00743856,0,0.894737
3038,10000,2.57024,2.37137,3.16228,0.000854832,0.000630957,0.001,0.221835,0.2,0.25,0.145938,0.1,0.2,1.45939e-06,1.17524e+08,687980,4.23739e+06,0.01,0.95,10,10000,0.938,0.139,121,98,0.00536613,0,0.809917
3039,10000,2.57074,2.37137,3.16228,0.000862571,0.000630957,0.001,0.223344,0.2,0.25,0.253922,0.2,0.3,1.45939e-06,1.80657e+08,851293,6.51367e+06,0.01,0.95,10,10000,0.938,0.139,186,151,0.004323,0,0.811828
3040,10000,2.55674,2.37137,3.16228,0.000851818,0.000630957,0.001,0.22358,0.2,0.25,0.350574,0.3,0.4,1.45939e-06,1.93283e+08,801002,6.96892e+06,0.01,0.95,10,10000,0.938,0.139,199,180,0.00395948,0,0.904523
3041,10000,2.56811,2.37137,3.16228,0.000860764,0.000630957,0.001,0.21978,0.2,0.25,0.452724,0.4,0.5,1.45939e-06,1.73858e+08,831827,6.26853e+06,0.01,0.95,10,10000,0.938,0.139,179,146,0.0043964,0,0.815642
3042,10000,2.56721,2.37137,3.16228,0.000856622,0.000630957,0.001,0.221675,0.2,0.25,0.547429,0.5,0.6,1.45939e-06,1.70944e+08,837342,6.16347e+06,0.01,0.95,10,10000,0.938,0.139,176,141,0.00447367,0,0.801136
3043,10000,2.55969,2.37137,3.16228,0.000853609,0.000630957,0.001,0.219296,0.2,0.25,0.648458,0.6,0.7,1.45939e-06,1.31122e+08,717495,4.72766e+06,0.01,0.95,10,10000,0.938,0.139,135,111,0.00504211,0,0.822222
3044,10000,2.562,2.37137,3.16228,0.000845952,0.000630957,0.001,0.22544,0.2,0.25,0.745834,0.7,0.8,1.45939e-06,8.74145e+07,667051,3.15177e+06,0.01,0.95,10,10000,0.938,0.139,90,63,0.00669274,0,0.7
3045,10000,2.53561,2.37137,3.16228,0.000852167,0.000630957,0.001,0.22319,0.2,0.25,0.842789,0.8,0.9,1.45939e-06,5.53625e+07,473618,1.99612e+06,0.01,0.95,10,10000,0.938,0.139,57,46,0.0078324,0,0.807018
3046,10000,2.5602,2.37137,3.16228,0.000859011,0.000630957,0.001,0.220386,0.2,0.25,0.951367,0.9,1,1.45939e-06,4.37073e+07,395798,1.57589e+06,0.01,0.95,10,10000,0.938,0.139,45,39,0.00850632,0,0.866667
3047,10000,2.53412,2.37137,3.16228,0.000831327,0.000630957,0.001,0.225406,0.2,0.25,1.19785,1,1.5,7.29695e-06,1.34036e+07,127408,483272,0.01,0.95,10,10000,0.938,0.139,69,43,0.00810102,0,0.623188
3048,10000,2.52504,2.37137,3.16228,0.000820336,0.000630957,0.001,0.271726,0.25,0.3,0.0780177,0,0.1,1.45939e-06,2.91382e+07,431682,1.05059e+06,0.01,0.95,10,10000,0.938,0.139,30,18,0.012521,0,0.6
3049,10000,2.52847,2.37137,3.16228,0.000870667,0.000630957,0.001,0.273082,0.25,0.3,0.155154,0.1,0.2,1.45939e-06,8.83858e+07,608367,3.18679e+06,0.01,0.95,10,10000,0.938,0.139,91,72,0.00626048,0,0.791209
3050,10000,2.56059,2.37137,3.16228,0.000863646,0.000630957,0.001,0.274,0.25,0.3,0.25122,0.2,0.3,1.45939e-06,1.26265e+08,808518,4.55256e+06,0.01,0.95,10,10000,0.938,0.139,130,90,0.00559954,0,0.692308
3051,10000,2.56146,2.37137,3.16228,0.000869795,0.000630957,0.001,0.271469,0.25,0.3,0.347656,0.3,0.4,1.45939e-06,1.3015e+08,854205,4.69264e+06,0.01,0.95,10,10000,0.938,0.139,134,88,0.00566282,0,0.656716
3052,10000,2.51974,2.37137,3.16228,0.000852937,0.000630957,0.001,0.27351,0.25,0.3,0.44739,0.4,0.5,1.45939e-06,1.09754e+08,674221,3.95723e+06,0.01,0.95,10,10000,0.938,0.139,113,90,0.00559954,0,0.79646
3053,10000,2.52781,2.37137,3.16228,0.000841492,0.000630957,0.001,0.274616,0.25,0.3,0.552535,0.5,0.6,1.45939e-06,9.03283e+07,612138,3.25683e+06,0.01,0.95,10,10000,0.938,0.139,93,74,0.0061753,0,0.795699
3054,10000,2.55189,2.37137,3.16228,0.000847711,0.000630957,0.001,0.274108,0.25,0.3,0.649777,0.6,0.7,1.45939e-06,7.96443e+07,631627,2.87162e+06,0.01,0.95,10,10000,0.938,0.139,82,58,0.00697525,0,0.707317
3055,10000,2.51002,2.37137,3.16228,0.000828678,0.000630957,0.001,0.274001,0.25,0.3,0.74666,0.7,0.8,1.45939e-06,6.11902e+07,647523,2.20624e+06,0.01,0.95,10,10000,0.938,0.139,63,36,0.00885366,0,0.571429
3056,10000,2.57725,2.37137,3.16228,0.000877782,0.000630957,0.001,0.278001,0.25,0.3,0.842793,0.8,0.9,1.45939e-06,3.30233e+07,382378,1.19067e+06,0.01,0.95,10,10000,0.938,0.139,34,26,0.0104181,0,0.764706
3057,10000,2.56833,2.37137,3.16228,0.000839785,0.000630957,0.001,0.272642,0.25,0.3,0.947446,0.9,1,1.45939e-06,3.30233e+07,338599,1.19067e+06,0.01,0.95,10,10000,0.938,0.139,34,30,0.0096987,0,0.882353
3058,10000,2.54617,2.37137,3.16228,0.000868942,0.000630957,0.001,0.275775,0.25,0.3,1.20488,1,1.5,7.29695e-06,1.16553e+07,115194,420237,0.01,0.95,10,10000,0.938,0.139,60,39,0.00850632,0,0.65
3059,10000,2.52297,2.37137,3.16228,0.000809385,0.000630957,0.001,0.340521,0.3,0.4,0.055228,0,0.1,2.91878e-06,1.40834e+07,207099,507786,0.01,0.95,10,10000,0.938,0.139,29,18,0.012521,0,0.62069
3060,10000,2.57023,2.37137,3.16228,0.000840486,0.000630957,0.001,0.338115,0.3,0.4,0.15182,0.1,0.2,2.91878e-06,4.46785e+07,301689,1.61091e+06,0.01,0.95,10,10000,0.938,0.139,92,74,0.0061753,0,0.804348
3061,10000,2.54895,2.37137,3.16228,0.000868492,0.000630957,0.001,0.339729,0.3,0.4,0.252287,0.2,0.3,2.91878e-06,6.36183e+07,391487,2.29379e+06,0.01,0.95,10,10000,0.938,0.139,131,95,0.0054502,0,0.725191
3062,10000,2.56628,2.37137,3.16228,0.000867967,0.000630957,0.001,0.340704,0.3,0.4,0.349211,0.3,0.4,2.91878e-06,6.36183e+07,401376,2.29379e+06,0.01,0.95,10,10000,0.938,0.139,131,92,0.00553835,0,0.70229
3063,10000,2.53775,2.37137,3.16228,0.000851308,0.000630957,0.001,0.336464,0.3,0.4,0.444258,0.4,0.5,2.91878e-06,6.75034e+07,439592,2.43387e+06,0.01,0.95,10,10000,0.938,0.139,139,90,0.00559954,0,0.647482
3064,10000,2.56333,2.37137,3.16228,0.000850566,0.000630957,0.001,0.342132,0.3,0.4,0.548868,0.5,0.6,2.91878e-06,6.4104e+07,382645,2.3113e+06,0.01,0.95,10,10000,0.938,0.139,132,99,0.00533896,0,0.75
3065,10000,2.52315,2.37137,3.16228,0.000851852,0.000630957,0.001,0.341078,0.3,0.4,0.647961,0.6,0.7,2.91878e-06,5.24487e+07,391319,1.89106e+06,0.01,0.95,10,10000,0.938,0.139,108,69,0.00639513,0,0.638889
3066,10000,2.54822,2.37137,3.16228,0.000850603,0.000630957,0.001,0.347631,0.3,0.4,0.747682,0.7,0.8,2.91878e-06,3.88509e+07,347291,1.40079e+06,0.01,0.95,10,10000,0.938,0.139,80,49,0.00758885,0,0.6125
3067,10000,2.53885,2.37137,3.16228,0.000874271,0.000630957,0.001,0.337586,0.3,0.4,0.847357,0.8,0.9,2.91878e-06,2.96238e+07,245931,1.0681e+06,0.01,0.95,10,10000,0.938,0.139,61,49,0.00758885,0,0.803279
3068,10000,2.52311,2.37137,3.16228,0.000864003,0.000630957,0.001,0.346713,0.3,0.4,0.947073,0.9,1,2.91878e-06,1.55404e+07,201638,560315,0.01,0.95,10,10000,0.938,0.139,32,22,0.0113256,0,0.6875
3069,10000,2.5439,2.37137,3.16228,0.000841555,0.000630957,0.001,0.348391,0.3,0.4,1.17178,1,1.5,1.45939e-05,7.57592e+06,75074.1,273154,0.01,0.95,10,10000,0.938,0.139,78,42,0.00819689,0,0.538462
3070,10000,2.55722,2.37137,3.16228,0.000879972,0.000630957,0.001,0.448654,0.4,0.5,0.0567095,0,0.1,2.91878e-06,4.37073e+06,109451,157589,0.01,0.95,10,10000,0.938,0.139,9,6,0.0216869,0,0.666667
3071,10000,2.50069,2.37137,3.16228,0.000845476,0.000630957,0.001,0.45632,0.4,0.5,0.147264,0.1,0.2,2.91878e-06,2.42818e+07,272153,875493,0.01,0.95,10,10000,0.938,0.139,50,31,0.00954098,0,0.62
3072,10000,2.56356,2.37137,3.16228,0.000852931,0.000630957,0.001,0.441075,0.4,0.5,0.249101,0.2,0.3,2.91878e-06,2.86525e+07,261702,1.03308e+06,0.01,0.95,10,10000,0.938,0.139,59,43,0.00810102,0,0.728814
3073,10000,2.53025,2.37137,3.16228,0.000844425,0.000630957,0.001,0.435693,0.4,0.5,0.349985,0.3,0.4,2.91878e-06,3.54514e+07,305420,1.27822e+06,0.01,0.95,10,10000,0.938,0.139,73,50,0.00751258,0,0.684932
3074,10000,2.54613,2.37137,3.16228,0.00086893,0.000630957,0.001,0.441078,0.4,0.5,0.448932,0.4,0.5,2.91878e-06,2.57387e+07,227331,928023,0.01,0.95,10,10000,0.938,0.139,53,43,0.00810102,0,0.811321
3075,10000,2.51096,2.37137,3.16228,0.000847145,0.000630957,0.001,0.45079,0.4,0.5,0.557239,0.5,0.6,2.91878e-06,2.71956e+07,298700,980552,0.01,0.95,10,10000,0.938,0.139,56,33,0.00924734,0,0.589286
3076,10000,2.58375,2.37137,3.16228,0.000848426,0.000630957,0.001,0.440753,0.4,0.5,0.65176,0.6,0.7,2.91878e-06,2.47674e+07,266402,893003,0.01,0.95,10,10000,0.938,0.139,51,33,0.00924734,0,0.647059
3077,10000,2.55034,2.37137,3.16228,0.000875588,0.000630957,0.001,0.452931,0.4,0.5,0.749642,0.7,0.8,2.91878e-06,1.50547e+07,193680,542806,0.01,0.95,10,10000,0.938,0.139,31,22,0.0113256,0,0.709677
3078,10000,2.53467,2.37137,3.16228,0.000862766,0.000630957,0.001,0.435436,0.4,0.5,0.848736,0.8,0.9,2.91878e-06,1.89398e+07,221422,682885,0.01,0.95,10,10000,0.938,0.139,39,27,0.0102233,0,0.692308
3079,10000,2.64949,2.37137,3.16228,0.000906392,0.000630957,0.001,0.448736,0.4,0.5,0.941918,0.9,1,2.91878e-06,1.0684e+07,223119,385217,0.01,0.95,10,10000,0.938,0.139,22,10,0.0167986,0,0.454545
3080,10000,2.5509,2.37137,3.16228,0.000875183,0.000630957,0.001,0.464964,0.4,0.5,1.15931,1,1.5,1.45939e-05,5.24487e+06,77172.4,189106,0.01,0.95,10,10000,0.938,0.139,54,21,0.0115922,0,0.388889
3081,10000,2.58926,2.37137,3.16228,0.00078846,0.000630957,0.001,0.563848,0.5,0.6,0.0727317,0,0.1,2.91878e-06,2.42818e+06,70650.6,87549.3,0.01,0.95,10,10000,0.938,0.139,5,4,0.026561,0,0.8
3082,10000,2.63264,2.37137,3.16228,0.000875705,0.000630957,0.001,0.559491,0.5,0.6,0.170839,0.1,0.2,2.91878e-06,6.31327e+06,139524,227628,0.01,0.95,10,10000,0.938,0.139,13,8,0.0187814,0,0.615385
3083,10000,2.57961,2.37137,3.16228,0.000886898,0.000630957,0.001,0.549452,0.5,0.6,0.25488,0.2,0.3,2.91878e-06,9.71272e+06,187328,350197,0.01,0.95,10,10000,0.938,0.139,20,11,0.0160169,0,0.55
3084,10000,2.51894,2.37137,3.16228,0.000867511,0.000630957,0.001,0.553065,0.5,0.6,0.345547,0.3,0.4,2.91878e-06,1.55404e+07,263762,560315,0.01,0.95,10,10000,0.938,0.139,32,15,0.013716,0,0.46875
3085,10000,2.5546,2.37137,3.16228,0.000869908,0.000630957,0.001,0.551446,0.5,0.6,0.447825,0.4,0.5,2.91878e-06,1.89398e+07,317142,682885,0.01,0.95,10,10000,0.938,0.139,39,16,0.0132805,0,0.410256
3086,10000,2.56024,2.37137,3.16228,0.000889375,0.000630957,0.001,0.540338,0.5,0.6,0.540226,0.5,0.6,2.91878e-06,1.65116e+07,271185,595335,0.01,0.95,10,10000,0.938,0.139,34,16,0.0132805,0,0.470588
3087,10000,2.58122,2.37137,3.16228,0.000877765,0.000630957,0.001,0.536343,0.5,0.6,0.653456,0.6,0.7,2.91878e-06,8.25581e+06,144022,297668,0.01,0.95,10,10000,0.938,0.139,17,12,0.015335,0,0.705882
3088,10000,2.5964,2.37137,3.16228,0.000869414,0.000630957,0.001,0.536456,0.5,0.6,0.726218,0.7,0.8,2.91878e-06,1.01984e+07,264350,367707,0.01,0.95,10,10000,0.938,0.139,21,7,0.0200782,0,0.333333
3089,10000,2.59194,2.37137,3.16228,0.000849341,0.000630957,0.001,0.548109,0.5,0.6,0.847608,0.8,0.9,2.91878e-06,7.28454e+06,131314,262648,0.01,0.95,10,10000,0.938,0.139,15,11,0.0160169,0,0.733333
3090,10000,2.58795,2.37137,3.16228,0.000848833,0.000630957,0.001,0.525003,0.5,0.6,0.931143,0.9,1,2.91878e-06,5.342e+06,181505,192608,0.01,0.95,10,10000,0.938,0.139,11,4,0.026561,0,0.363636
3091,10000,2.53174,2.37137,3.16228,0.000846097,0.000630957,0.001,0.538101,0.5,0.6,1.17942,1,1.5,1.45939e-05,2.23393e+06,37410.2,80545.4,0.01,0.95,10,10000,0.938,0.139,23,14,0.0141974,0,0.608696
3092,10000,2.41563,2.37137,3.16228,0.000763586,0.000630957,0.001,0.649517,0.6,0.7,0.0347544,0,0.1,2.91878e-06,971272,63191.8,35019.7,0.01,0.95,10,10000,0.938,0.139,2,1,0.0531219,0,0.5
3093,10000,2.55639,2.37137,3.16228,0.000851949,0.000630957,0.001,0.647287,0.6,0.7,0.167184,0.1,0.2,2.91878e-06,3.88509e+06,72967.6,140079,0.01,0.95,10,10000,0.938,0.139,8,8,0.0187814,0,1
3094,10000,2.5851,2.37137,3.16228,0.000879648,0.000630957,0.001,0.645854,0.6,0.7,0.264159,0.2,0.3,2.91878e-06,8.74145e+06,222777,315177,0.01,0.95,10,10000,0.938,0.139,18,7,0.0200782,0,0.388889
3095,10000,2.54568,2.37137,3.16228,0.000807795,0.000630957,0.001,0.647156,0.6,0.7,0.378295,0.3,0.4,2.91878e-06,4.85636e+06,124616,175099,0.01,0.95,10,10000,0.938,0.139,10,6,0.0216869,0,0.6
3096,10000,2.52835,2.37137,3.16228,0.000854741,0.000630957,0.001,0.632246,0.6,0.7,0.46007,0.4,0.5,2.91878e-06,7.77018e+06,178733,280158,0.01,0.95,10,10000,0.938,0.139,16,8,0.0187814,0,0.5
3097,10000,2.58788,2.37137,3.16228,0.000891955,0.000630957,0.001,0.646282,0.6,0.7,0.555316,0.5,0.6,2.91878e-06,6.31327e+06,153244,227628,0.01,0.95,10,10000,0.938,0.139,13,7,0.0200782,0,0.538462
3098,10000,2.70973,2.37137,3.16228,0.000888377,0.000630957,0.001,0.656077,0.6,0.7,0.669943,0.6,0.7,2.91878e-06,4.37073e+06,97018.3,157589,0.01,0.95,10,10000,0.938,0.139,9,7,0.0200782,0,0.777778
3099,10000,2.56799,2.37137,3.16228,0.000876873,0.000630957,0.001,0.643409,0.6,0.7,0.758031,0.7,0.8,2.91878e-06,7.77018e+06,142580,280158,0.01,0.95,10,10000,0.938,0.139,16,11,0.0160169,0,0.6875
3100,10000,2.54061,2.37137,3.16228,0.000856073,0.000630957,0.001,0.633739,0.6,0.7,0.853099,0.8,0.9,2.91878e-06,4.37073e+06,86528.9,157589,0.01,0.95,10,10000,0.938,0.139,9,8,0.0187814,0,0.888889
3101,10000,2.51604,2.37137,3.16228,0.0008755,0.000630957,0.001,0.650467,0.6,0.7,0.944124,0.9,1,2.91878e-06,5.342e+06,181505,192608,0.01,0.95,10,10000,0.938,0.139,11,4,0.026561,0,0.363636
3102,10000,2.58869,2.37137,3.16228,0.000853111,0.000630957,0.001,0.633251,0.6,0.7,1.176,1,1.5,1.45939e-05,2.1368e+06,37371.1,77043.4,0.01,0.95,10,10000,0.938,0.139,22,13,0.0147334,0,0.590909
3103,10000,2.51635,2.37137,3.16228,0.000880304,0.000630957,0.001,0.718935,0.7,0.8,0.152472,0.1,0.2,2.91878e-06,2.42818e+06,115372,87549.3,0.01,0.95,10,10000,0.938,0.139,5,2,0.0375629,0,0.4
3104,10000,2.55135,2.37137,3.16228,0.000869531,0.000630957,0.001,0.744076,0.7,0.8,0.265326,0.2,0.3,2.91878e-06,4.37073e+06,124794,157589,0.01,0.95,10,10000,0.938,0.139,9,5,0.0237569,0,0.555556
3105,10000,2.58344,2.37137,3.16228,0.000885902,0.000630957,0.001,0.725205,0.7,0.8,0.343558,0.3,0.4,2.91878e-06,5.342e+06,139722,192608,0.01,0.95,10,10000,0.938,0.139,11,6,0.0216869,0,0.545455
3106,10000,2.45575,2.37137,3.16228,0.000782898,0.000630957,0.001,0.729484,0.7,0.8,0.445766,0.4,0.5,2.91878e-06,3.88509e+06,108228,140079,0.01,0.95,10,10000,0.938,0.139,8,5,0.0237569,0,0.625
3107,10000,2.56465,2.37137,3.16228,0.000838778,0.000630957,0.001,0.707423,0.7,0.8,0.546987,0.5,0.6,2.91878e-06,1.45691e+06,44683.3,52529.6,0.01,0.95,10,10000,0.938,0.139,3,3,0.03067,0,1
3108,10000,2.5471,2.37137,3.16228,0.000884754,0.000630957,0.001,0.752117,0.7,0.8,0.650067,0.6,0.7,2.91878e-06,3.88509e+06,126384,140079,0.01,0.95,10,10000,0.938,0.139,8,4,0.026561,0,0.5
3109,10000,2.55939,2.37137,3.16228,0.000836575,0.000630957,0.001,0.727948,0.7,0.8,0.834056,0.8,0.9,2.91878e-06,1.45691e+06,99915,52529.6,0.01,0.95,10,10000,0.938,0.139,3,1,0.0531219,0,0.333333
3110,10000,2.46725,2.37137,3.16228,0.000960209,0.000630957,0.001,0.730623,0.7,0.8,0.952364,0.9,1,2.91878e-06,1.94254e+06,136510,70039.4,0.01,0.95,10,10000,0.938,0.139,4,1,0.0531219,0,0.25
3111,10000,2.60703,2.37137,3.16228,0.00086688,0.000630957,0.001,0.738948,0.7,0.8,1.19229,1,1.5,1.45939e-05,777018,21645.7,28015.8,0.01,0.95,10,10000,0.938,0.139,8,5,0.0237569,0,0.625
3112,10000,2.4658,2.37137,3.16228,0.000802662,0.000630957,0.001,0.819469,0.8,0.9,0.321255,0.3,0.4,2.91878e-06,1.94254e+06,89366.7,70039.4,0.01,0.95,10,10000,0.938,0.139,4,2,0.0375629,0,0.5
3113,10000,2.5525,2.37137,3.16228,0.000959475,0.000630957,0.001,0.842179,0.8,0.9,0.432106,0.4,0.5,2.91878e-06,2.42818e+06,173058,87549.3,0.01,0.95,10,10000,0.938,0.139,5,1,0.0531219,0,0.2
3114,10000,2.61726,2.37137,3.16228,0.000978529,0.000630957,0.001,0.846996,0.8,0.9,0.53538,0.5,0.6,2.91878e-06,1.45691e+06,99915,52529.6,0.01,0.95,10,10000,0.938,0.139,3,1,0.0531219,0,0.333333
3115,10000,2.64934,2.37137,3.16228,0.000941585,0.000630957,0.001,0.834563,0.8,0.9,0.616249,0.6,0.7,2.91878e-06,485636,25797.9,17509.9,0.01,0.95,10,10000,0.938,0.139,1,1,0.0531219,0,1
3116,10000,2.64067,2.37137,3.16228,0.000811607,0.000630957,0.001,0.853772,0.8,0.9,0.798319,0.7,0.8,2.91878e-06,971272,63191.8,35019.7,0.01,0.95,10,10000,0.938,0.139,2,1,0.0531219,0,0.5
3117,10000,2.4343,2.37137,3.16228,0.000851242,0.000630957,0.001,0.825294,0.8,0.9,0.960022,0.9,1,2.91878e-06,971272,36483.8,35019.7,0.01,0.95,10,10000,0.938,0.139,2,2,0.0375629,0,1
3118,10000,2.57674,2.37137,3.16228,0.000858678,0.000630957,0.001,0.806579,0.8,0.9,1.1435,1,1.5,1.45939e-05,194254,7296.76,7003.94,0.01,0.95,10,10000,0.938,0.139,2,2,0.0375629,0,1
3119,10000,2.41576,2.37137,3.16228,0.000898333,0.000630957,0.001,0.939989,0.9,1,0.0416878,0,0.1,2.91878e-06,485636,25797.9,17509.9,0.01,0.95,10,10000,0.938,0.139,1,1,0.0531219,0,1
3120,10000,2.3735,2.37137,3.16228,0.000999318,0.000630957,0.001,0.984721,0.9,1,0.151936,0.1,0.2,2.91878e-06,485636,25797.9,17509.9,0.01,0.95,10,10000,0.938,0.139,1,1,0.0531219,0,1
3121,10000,2.38198,2.37137,3.16228,0.000769911,0.000630957,0.001,0.962188,0.9,1,0.24186,0.2,0.3,2.91878e-06,485636,-nan,17509.9,0.01,0.95,10,10000,0.938,0.139,1,2,0.0375629,0,2
3122,10000,2.3805,2.37137,3.16228,0.000818268,0.000630957,0.001,0.934004,0.9,1,0.349353,0.3,0.4,2.91878e-06,1.94254e+06,89366.7,70039.4,0.01,0.95,10,10000,0.938,0.139,4,2,0.0375629,0,0.5
3123,10000,2.44608,2.37137,3.16228,0.000980538,0.000630957,0.001,0.91116,0.9,1,0.655007,0.6,0.7,2.91878e-06,485636,25797.9,17509.9,0.01,0.95,10,10000,0.938,0.139,1,1,0.0531219,0,1
3124,10000,2.37908,2.37137,3.16228,0.000833882,0.000630957,0.001,0.943054,0.9,1,0.762929,0.7,0.8,2.91878e-06,971272,63191.8,35019.7,0.01,0.95,10,10000,0.938,0.139,2,1,0.0531219,0,0.5
3125,10000,2.57786,2.37137,3.16228,0.000896112,0.000630957,0.001,0.936621,0.9,1,1.17758,1,1.5,1.45939e-05,194254,12638.4,7003.94,0.01,0.95,10,10000,0.938,0.139,2,1,0.0531219,0,0.5
3126,10000,2.9272,2.37137,3.16228,0.00120742,0.001,0.00158489,0.0858346,0.05,0.1,0.0688016,0,0.1,2.31296e-06,8.05266e+08,8.07149e+06,2.90343e+07,0.01,0.95,10,10000,0.938,0.139,1314,55,0.00716296,0,0.0418569
3127,10000,2.71481,2.37137,3.16228,0.00127181,0.001,0.00158489,0.0760294,0.05,0.1,0.161687,0.1,0.2,2.31296e-06,1.72942e+09,6.50112e+06,6.23552e+07,0.01,0.95,10,10000,0.938,0.139,2822,373,0.00275055,0,0.132176
3128,10000,2.70203,2.37137,3.16228,0.00127529,0.001,0.00158489,0.0725759,0.05,0.1,0.254014,0.2,0.3,2.31296e-06,2.09038e+09,4.50615e+06,7.53698e+07,0.01,0.95,10,10000,0.938,0.139,3411,1031,0.00165442,0,0.302257
3129,10000,2.68677,2.37137,3.16228,0.00130117,0.001,0.00158489,0.0708452,0.05,0.1,0.350778,0.3,0.4,2.31296e-06,1.74903e+09,3.08884e+06,6.30622e+07,0.01,0.95,10,10000,0.938,0.139,2854,1374,0.00143311,0,0.48143
3130,10000,2.70451,2.37137,3.16228,0.00127893,0.001,0.00158489,0.0714896,0.05,0.1,0.449014,0.4,0.5,2.31296e-06,1.24957e+09,2.09549e+06,4.50539e+07,0.01,0.95,10,10000,0.938,0.139,2039,1345,0.00144848,0,0.659637
3131,10000,2.69757,2.37137,3.16228,0.00127834,0.001,0.00158489,0.0718752,0.05,0.1,0.547593,0.5,0.6,2.31296e-06,8.76354e+08,1.57577e+06,3.15974e+07,0.01,0.95,10,10000,0.938,0.139,1430,1084,0.00161346,0,0.758042
3132,10000,2.68054,2.37137,3.16228,0.00127614,0.001,0.00158489,0.0735614,0.05,0.1,0.646872,0.6,0.7,2.31296e-06,5.46649e+08,1.1861e+06,1.97097e+07,0.01,0.95,10,10000,0.938,0.139,892,717,0.00198388,0,0.803812
3133,10000,2.70849,2.37137,3.16228,0.00127586,0.001,0.00158489,0.0727622,0.05,0.1,0.744391,0.7,0.8,2.31296e-06,4.05697e+08,987500,1.46276e+07,0.01,0.95,10,10000,0.938,0.139,662,554,0.00225694,0,0.836858
3134,10000,2.69233,2.37137,3.16228,0.00127235,0.001,0.00158489,0.0718814,0.05,0.1,0.845729,0.8,0.9,2.31296e-06,2.46973e+08,738478,8.90472e+06,0.01,0.95,10,10000,0.938,0.139,403,354,0.0028234,0,0.878412
3135,10000,2.69949,2.37137,3.16228,0.00127198,0.001,0.00158489,0.0723727,0.05,0.1,0.94423,0.9,1,2.31296e-06,1.73432e+08,633688,6.25319e+06,0.01,0.95,10,10000,0.938,0.139,283,242,0.00341481,0,0.855124
3136,10000,2.71317,2.37137,3.16228,0.00128204,0.001,0.00158489,0.0739585,0.05,0.1,1.16904,1,1.5,1.15648e-05,6.05481e+07,179196,2.18309e+06,0.01,0.95,10,10000,0.938,0.139,494,390,0.00268993,0,0.789474
3137,10000,2.77816,2.37137,3.16228,0.00124629,0.001,0.00158489,0.12398,0.1,0.15,0.0672574,0,0.1,2.31296e-06,2.47585e+08,1.19659e+06,8.92682e+06,0.01,0.95,10,10000,0.938,0.139,404,186,0.00389509,0,0.460396
3138,10000,2.76394,2.37137,3.16228,0.00125117,0.001,0.00158489,0.124871,0.1,0.15,0.157487,0.1,0.2,2.31296e-06,7.14566e+08,2.00096e+06,2.5764e+07,0.01,0.95,10,10000,0.938,0.139,1166,550,0.00226513,0,0.471698
3139,10000,2.74594,2.37137,3.16228,0.00124297,0.001,0.00158489,0.124521,0.1,0.15,0.252598,0.2,0.3,2.31296e-06,9.38864e+08,2.0905e+06,3.38512e+07,0.01,0.95,10,10000,0.938,0.139,1532,830,0.00184389,0,0.541775
3140,10000,2.74163,2.37137,3.16228,0.00125235,0.001,0.00158489,0.123822,0.1,0.15,0.351025,0.3,0.4,2.31296e-06,9.18027e+08,1.92899e+06,3.30999e+07,0.01,0.95,10,10000,0.938,0.139,1498,896,0.00177468,0,0.598131
3141,10000,2.73977,2.37137,3.16228,0.00126905,0.001,0.00158489,0.12398,0.1,0.15,0.449729,0.4,0.5,2.31296e-06,7.23146e+08,1.54262e+06,2.60734e+07,0.01,0.95,10,10000,0.938,0.139,1180,813,0.00186307,0,0.688983
3142,10000,2.71975,2.37137,3.16228,0.00127297,0.001,0.00158489,0.124631,0.1,0.15,0.547515,0.5,0.6,2.31296e-06,5.37457e+08,1.24124e+06,1.93783e+07,0.01,0.95,10,10000,0.938,0.139,877,660,0.00206777,0,0.752566
3143,10000,2.71465,2.37137,3.16228,0.0012754,0.001,0.00158489,0.123347,0.1,0.15,0.648424,0.6,0.7,2.31296e-06,3.87925e+08,1.03075e+06,1.39868e+07,0.01,0.95,10,10000,0.938,0.139,633,490,0.0023998,0,0.774092
3144,10000,2.7078,2.37137,3.16228,0.00129824,0.001,0.00158489,0.123019,0.1,0.15,0.746518,0.7,0.8,2.31296e-06,2.56165e+08,815989,9.23617e+06,0.01,0.95,10,10000,0.938,0.139,418,334,0.0029067,0,0.799043
3145,10000,2.71894,2.37137,3.16228,0.00128616,0.001,0.00158489,0.123971,0.1,0.15,0.849134,0.8,0.9,2.31296e-06,1.81399e+08,659655,6.54044e+06,0.01,0.95,10,10000,0.938,0.139,296,248,0.00337325,0,0.837838
3146,10000,2.6694,2.37137,3.16228,0.00130296,0.001,0.00158489,0.124022,0.1,0.15,0.949459,0.9,1,2.31296e-06,1.21341e+08,553441,4.37503e+06,0.01,0.95,10,10000,0.938,0.139,198,161,0.0041866,0,0.813131
3147,10000,2.71656,2.37137,3.16228,0.00128885,0.001,0.00158489,0.123493,0.1,0.15,1.18155,1,1.5,1.15648e-05,3.9344e+07,145122,1.41857e+06,0.01,0.95,10,10000,0.938,0.139,321,252,0.00334637,0,0.785047
3148,10000,2.71427,2.37137,3.16228,0.00129557,0.001,0.00158489,0.172323,0.15,0.2,0.0670088,0,0.1,2.31296e-06,1.29308e+08,602097,4.66227e+06,0.01,0.95,10,10000,0.938,0.139,211,161,0.0041866,0,0.763033
3149,10000,2.71774,2.37137,3.16228,0.00126271,0.001,0.00158489,0.174095,0.15,0.2,0.156319,0.1,0.2,2.31296e-06,3.38285e+08,946743,1.2197e+07,0.01,0.95,10,10000,0.938,0.139,552,436,0.00254408,0,0.789855
3150,10000,2.70768,2.37137,3.16228,0.00127122,0.001,0.00158489,0.173208,0.15,0.2,0.252094,0.2,0.3,2.31296e-06,5.16007e+08,1.23122e+06,1.86049e+07,0.01,0.95,10,10000,0.938,0.139,842,624,0.00212658,0,0.741093
3151,10000,2.70773,2.37137,3.16228,0.00126335,0.001,0.00158489,0.172035,0.15,0.2,0.347895,0.3,0.4,2.31296e-06,4.99461e+08,1.15591e+06,1.80083e+07,0.01,0.95,10,10000,0.938,0.139,815,640,0.00209983,0,0.785276
3152,10000,2.69763,2.37137,3.16228,0.00127343,0.001,0.00158489,0.173265,0.15,0.2,0.448976,0.4,0.5,2.31296e-06,4.19179e+08,1.03992e+06,1.51137e+07,0.01,0.95,10,10000,0.938,0.139,684,549,0.00226719,0,0.802632
3153,10000,2.71453,2.37137,3.16228,0.00126428,0.001,0.00158489,0.174239,0.15,0.2,0.546706,0.5,0.6,2.31296e-06,3.14384e+08,931950,1.13353e+07,0.01,0.95,10,10000,0.938,0.139,513,395,0.00267286,0,0.769981
3154,10000,2.70632,2.37137,3.16228,0.00128504,0.001,0.00158489,0.173548,0.15,0.2,0.648237,0.6,0.7,2.31296e-06,2.62906e+08,838398,9.47922e+06,0.01,0.95,10,10000,0.938,0.139,429,337,0.00289374,0,0.785548
3155,10000,2.70874,2.37137,3.16228,0.00127162,0.001,0.00158489,0.173783,0.15,0.2,0.746363,0.7,0.8,2.31296e-06,1.77109e+08,700834,6.38577e+06,0.01,0.95,10,10000,0.938,0.139,289,222,0.00356531,0,0.768166
3156,10000,2.70536,2.37137,3.16228,0.0013011,0.001,0.00158489,0.176045,0.15,0.2,0.845353,0.8,0.9,2.31296e-06,1.12762e+08,535372,4.06568e+06,0.01,0.95,10,10000,0.938,0.139,184,149,0.00435192,0,0.809783
3157,10000,2.70928,2.37137,3.16228,0.00128759,0.001,0.00158489,0.173144,0.15,0.2,0.946374,0.9,1,2.31296e-06,7.66044e+07,489543,2.76201e+06,0.01,0.95,10,10000,0.938,0.139,125,89,0.00563091,0,0.712
3158,10000,2.69084,2.37137,3.16228,0.00126403,0.001,0.00158489,0.173159,0.15,0.2,1.18174,1,1.5,1.15648e-05,3.2848e+07,134908,1.18435e+06,0.01,0.95,10,10000,0.938,0.139,268,206,0.00370118,0,0.768657
3159,10000,2.65384,2.37137,3.16228,0.00128642,0.001,0.00158489,0.225104,0.2,0.25,0.0678724,0,0.1,2.31296e-06,7.17017e+07,411206,2.58524e+06,0.01,0.95,10,10000,0.938,0.139,117,99,0.00533896,0,0.846154
3160,10000,2.68066,2.37137,3.16228,0.00127815,0.001,0.00158489,0.221284,0.2,0.25,0.155418,0.1,0.2,2.31296e-06,2.00397e+08,743540,7.22542e+06,0.01,0.95,10,10000,0.938,0.139,327,252,0.00334637,0,0.770642
3161,10000,2.70703,2.37137,3.16228,0.00126978,0.001,0.00158489,0.222805,0.2,0.25,0.252408,0.2,0.3,2.31296e-06,2.81291e+08,813349,1.01421e+07,0.01,0.95,10,10000,0.938,0.139,459,389,0.00269339,0,0.847495
3162,10000,2.69286,2.37137,3.16228,0.00129863,0.001,0.00158489,0.22247,0.2,0.25,0.349715,0.3,0.4,2.31296e-06,2.71486e+08,824387,9.78857e+06,0.01,0.95,10,10000,0.938,0.139,443,362,0.00279203,0,0.817156
3163,10000,2.70065,2.37137,3.16228,0.00127855,0.001,0.00158489,0.22297,0.2,0.25,0.450837,0.4,0.5,2.31296e-06,2.61068e+08,810594,9.41293e+06,0.01,0.95,10,10000,0.938,0.139,426,347,0.00285174,0,0.814554
3164,10000,2.70732,2.37137,3.16228,0.00129769,0.001,0.00158489,0.222268,0.2,0.25,0.547737,0.5,0.6,2.31296e-06,2.32265e+08,780930,8.37442e+06,0.01,0.95,10,10000,0.938,0.139,379,301,0.0030619,0,0.794195
3165,10000,2.68852,2.37137,3.16228,0.00127295,0.001,0.00158489,0.224129,0.2,0.25,0.643765,0.6,0.7,2.31296e-06,1.63014e+08,622601,5.87756e+06,0.01,0.95,10,10000,0.938,0.139,266,224,0.00354936,0,0.842105
3166,10000,2.71689,2.37137,3.16228,0.00129538,0.001,0.00158489,0.225041,0.2,0.25,0.747541,0.7,0.8,2.31296e-06,1.0602e+08,535322,3.82262e+06,0.01,0.95,10,10000,0.938,0.139,173,135,0.00457201,0,0.780347
3167,10000,2.74377,2.37137,3.16228,0.0012826,0.001,0.00158489,0.224834,0.2,0.25,0.848183,0.8,0.9,2.31296e-06,8.08943e+07,498869,2.91668e+06,0.01,0.95,10,10000,0.938,0.139,132,95,0.0054502,0,0.719697
3168,10000,2.71208,2.37137,3.16228,0.00126759,0.001,0.00158489,0.222854,0.2,0.25,0.94801,0.9,1,2.31296e-06,5.2091e+07,350166,1.87817e+06,0.01,0.95,10,10000,0.938,0.139,85,72,0.00626048,0,0.847059
3169,10000,2.75441,2.37137,3.16228,0.00125452,0.001,0.00158489,0.222863,0.2,0.25,1.16735,1,1.5,1.15648e-05,2.03461e+07,116005,733590,0.01,0.95,10,10000,0.938,0.139,166,114,0.00497533,0,0.686747
3170,10000,2.74101,2.37137,3.16228,0.00127873,0.001,0.00158489,0.273054,0.25,0.3,0.0674781,0,0.1,2.31296e-06,4.22856e+07,342463,1.52463e+06,0.01,0.95,10,10000,0.938,0.139,69,53,0.00729686,0,0.768116
3171,10000,2.70979,2.37137,3.16228,0.00130311,0.001,0.00158489,0.271141,0.25,0.3,0.155966,0.1,0.2,2.31296e-06,1.04182e+08,492238,3.75634e+06,0.01,0.95,10,10000,0.938,0.139,170,145,0.00441154,0,0.852941
3172,10000,2.66968,2.37137,3.16228,0.00128649,0.001,0.00158489,0.274259,0.25,0.3,0.25184,0.2,0.3,2.31296e-06,1.79561e+08,681038,6.47415e+06,0.01,0.95,10,10000,0.938,0.139,293,235,0.00346529,0,0.802048
3173,10000,2.67935,2.37137,3.16228,0.00127803,0.001,0.00158489,0.271721,0.25,0.3,0.35038,0.3,0.4,2.31296e-06,1.82625e+08,672661,6.58463e+06,0.01,0.95,10,10000,0.938,0.139,298,245,0.00339384,0,0.822148
3174,10000,2.6836,2.37137,3.16228,0.00127713,0.001,0.00158489,0.271504,0.25,0.3,0.448803,0.4,0.5,2.31296e-06,1.64853e+08,656991,5.94385e+06,0.01,0.95,10,10000,0.938,0.139,269,214,0.00363134,0,0.795539
3175,10000,2.70381,2.37137,3.16228,0.00129663,0.001,0.00158489,0.273337,0.25,0.3,0.547761,0.5,0.6,2.31296e-06,1.6853e+08,722667,6.07642e+06,0.01,0.95,10,10000,0.938,0.139,275,197,0.00378478,0,0.716364
3176,10000,2.68207,2.37137,3.16228,0.00128035,0.001,0.00158489,0.272404,0.25,0.3,0.645792,0.6,0.7,2.31296e-06,1.15826e+08,548748,4.17616e+06,0.01,0.95,10,10000,0.938,0.139,189,151,0.004323,0,0.798942
3177,10000,2.68012,2.37137,3.16228,0.00128872,0.001,0.00158489,0.273801,0.25,0.3,0.753397,0.7,0.8,2.31296e-06,7.96686e+07,469515,2.87249e+06,0.01,0.95,10,10000,0.938,0.139,130,100,0.00531219,0,0.769231
3178,10000,2.68411,2.37137,3.16228,0.00127357,0.001,0.00158489,0.272076,0.25,0.3,0.847985,0.8,0.9,2.31296e-06,6.61862e+07,473518,2.38638e+06,0.01,0.95,10,10000,0.938,0.139,108,73,0.00621745,0,0.675926
3179,10000,2.61652,2.37137,3.16228,0.00125393,0.001,0.00158489,0.271897,0.25,0.3,0.942852,0.9,1,2.31296e-06,4.16728e+07,381757,1.50253e+06,0.01,0.95,10,10000,0.938,0.139,68,45,0.00791895,0,0.661765
3180,10000,2.71793,2.37137,3.16228,0.00128991,0.001,0.00158489,0.274394,0.25,0.3,1.17756,1,1.5,1.15648e-05,1.49532e+07,90846.7,539145,0.01,0.95,10,10000,0.938,0.139,122,94,0.00547911,0,0.770492
3181,10000,2.67214,2.37137,3.16228,0.00132086,0.001,0.00158489,0.341848,0.3,0.4,0.0692541,0,0.1,4.62592e-06,1.77722e+07,150203,640787,0.01,0.95,10,10000,0.938,0.139,58,47,0.00774863,0,0.810345
3182,10000,2.69572,2.37137,3.16228,0.00130075,0.001,0.00158489,0.342816,0.3,0.4,0.150943,0.1,0.2,4.62592e-06,6.00579e+07,316208,2.16542e+06,0.01,0.95,10,10000,0.938,0.139,196,134,0.00458904,0,0.683673
3183,10000,2.68393,2.37137,3.16228,0.00129347,0.001,0.00158489,0.338115,0.3,0.4,0.252141,0.2,0.3,4.62592e-06,9.06996e+07,374936,3.27022e+06,0.01,0.95,10,10000,0.938,0.139,296,212,0.00364843,0,0.716216
3184,10000,2.6785,2.37137,3.16228,0.00130917,0.001,0.00158489,0.342011,0.3,0.4,0.350007,0.3,0.4,4.62592e-06,9.28445e+07,353548,3.34756e+06,0.01,0.95,10,10000,0.938,0.139,303,237,0.00345064,0,0.782178
3185,10000,2.67752,2.37137,3.16228,0.00128032,0.001,0.00158489,0.341544,0.3,0.4,0.448627,0.4,0.5,4.62592e-06,9.34574e+07,362860,3.36965e+06,0.01,0.95,10,10000,0.938,0.139,305,232,0.00348763,0,0.760656
3186,10000,2.66642,2.37137,3.16228,0.00131041,0.001,0.00158489,0.341532,0.3,0.4,0.547236,0.5,0.6,4.62592e-06,8.15071e+07,339320,2.93878e+06,0.01,0.95,10,10000,0.938,0.139,266,202,0.00373765,0,0.759398
3187,10000,2.66868,2.37137,3.16228,0.00126641,0.001,0.00158489,0.343903,0.3,0.4,0.647175,0.6,0.7,4.62592e-06,6.71055e+07,338920,2.41952e+06,0.01,0.95,10,10000,0.938,0.139,219,147,0.00438142,0,0.671233
3188,10000,2.74766,2.37137,3.16228,0.00129122,0.001,0.00158489,0.344556,0.3,0.4,0.748514,0.7,0.8,4.62592e-06,5.36231e+07,276725,1.93341e+06,0.01,0.95,10,10000,0.938,0.139,175,132,0.00462367,0,0.754286
3189,10000,2.73949,2.37137,3.16228,0.0012871,0.001,0.00158489,0.344191,0.3,0.4,0.847936,0.8,0.9,4.62592e-06,3.95279e+07,248338,1.4252e+06,0.01,0.95,10,10000,0.938,0.139,129,92,0.00553835,0,0.713178
3190,10000,2.70727,2.37137,3.16228,0.00130149,0.001,0.00158489,0.340007,0.3,0.4,0.948568,0.9,1,4.62592e-06,2.69648e+07,220630,972228,0.01,0.95,10,10000,0.938,0.139,88,57,0.00703617,0,0.647727
3191,10000,2.68348,2.37137,3.16228,0.00129422,0.001,0.00158489,0.344515,0.3,0.4,1.1958,1,1.5,2.31296e-05,1.07246e+07,59622.5,386682,0.01,0.95,10,10000,0.938,0.139,175,120,0.00484935,0,0.685714
3192,10000,2.63066,2.37137,3.16228,0.00127733,0.001,0.00158489,0.439265,0.4,0.5,0.0635294,0,0.1,4.62592e-06,1.25631e+07,137221,452970,0.01,0.95,10,10000,0.938,0.139,41,30,0.0096987,0,0.731707
3193,10000,2.66539,2.37137,3.16228,0.00127343,0.001,0.00158489,0.443095,0.4,0.5,0.157057,0.1,0.2,4.62592e-06,2.35942e+07,212259,850699,0.01,0.95,10,10000,0.938,0.139,77,48,0.00766749,0,0.623377
3194,10000,2.69011,2.37137,3.16228,0.00130859,0.001,0.00158489,0.441587,0.4,0.5,0.255923,0.2,0.3,4.62592e-06,4.13664e+07,258790,1.49149e+06,0.01,0.95,10,10000,0.938,0.139,135,94,0.00547911,0,0.696296
3195,10000,2.73452,2.37137,3.16228,0.00125953,0.001,0.00158489,0.437619,0.4,0.5,0.352292,0.3,0.4,4.62592e-06,4.56562e+07,281702,1.64616e+06,0.01,0.95,10,10000,0.938,0.139,149,99,0.00533896,0,0.66443
3196,10000,2.69727,2.37137,3.16228,0.00131775,0.001,0.00158489,0.440923,0.4,0.5,0.455437,0.4,0.5,4.62592e-06,4.28985e+07,252476,1.54673e+06,0.01,0.95,10,10000,0.938,0.139,140,103,0.00523426,0,0.735714
3197,10000,2.69551,2.37137,3.16228,0.00128604,0.001,0.00158489,0.443106,0.4,0.5,0.548203,0.5,0.6,4.62592e-06,4.28985e+07,279838,1.54673e+06,0.01,0.95,10,10000,0.938,0.139,140,90,0.00559954,0,0.642857
3198,10000,2.66738,2.37137,3.16228,0.00128876,0.001,0.00158489,0.443899,0.4,0.5,0.651673,0.6,0.7,4.62592e-06,3.92215e+07,265875,1.41415e+06,0.01,0.95,10,10000,0.938,0.139,128,83,0.00583089,0,0.648438
3199,10000,2.69043,2.37137,3.16228,0.00129308,0.001,0.00158489,0.450063,0.4,0.5,0.74084,0.7,0.8,4.62592e-06,2.88033e+07,242295,1.03852e+06,0.01,0.95,10,10000,0.938,0.139,94,56,0.00709872,0,0.595745
3200,10000,2.64441,2.37137,3.16228,0.00128098,0.001,0.00158489,0.443419,0.4,0.5,0.854304,0.8,0.9,4.62592e-06,2.17557e+07,215271,784411,0.01,0.95,10,10000,0.938,0.139,71,41,0.00829625,0,0.577465
3201,10000,2.70525,2.37137,3.16228,0.00127055,0.001,0.00158489,0.446043,0.4,0.5,0.94736,0.9,1,4.62592e-06,1.4708e+07,175745,530306,0.01,0.95,10,10000,0.938,0.139,48,28,0.0100391,0,0.583333
3202,10000,2.7363,2.37137,3.16228,0.00130037,0.001,0.00158489,0.447186,0.4,0.5,1.17094,1,1.5,2.31296e-05,7.66044e+06,55598.2,276201,0.01,0.95,10,10000,0.938,0.139,125,75,0.00613399,0,0.6
3203,10000,2.84031,2.37137,3.16228,0.00136939,0.001,0.00158489,0.542501,0.5,0.6,0.0687902,0,0.1,4.62592e-06,3.67701e+06,97665,132577,0.01,0.95,10,10000,0.938,0.139,12,6,0.0216869,0,0.5
3204,10000,2.6289,2.37137,3.16228,0.00127092,0.001,0.00158489,0.546055,0.5,0.6,0.150603,0.1,0.2,4.62592e-06,7.96686e+06,119092,287249,0.01,0.95,10,10000,0.938,0.139,26,17,0.012884,0,0.653846
3205,10000,2.67906,2.37137,3.16228,0.00131039,0.001,0.00158489,0.549667,0.5,0.6,0.25308,0.2,0.3,4.62592e-06,1.77722e+07,177606,640787,0.01,0.95,10,10000,0.938,0.139,58,38,0.00861752,0,0.655172
3206,10000,2.6949,2.37137,3.16228,0.00132442,0.001,0.00158489,0.544242,0.5,0.6,0.349546,0.3,0.4,4.62592e-06,1.65466e+07,172748,596594,0.01,0.95,10,10000,0.938,0.139,54,35,0.00897925,0,0.648148
3207,10000,2.68103,2.37137,3.16228,0.00126983,0.001,0.00158489,0.538705,0.5,0.6,0.449912,0.4,0.5,4.62592e-06,1.93043e+07,196611,696027,0.01,0.95,10,10000,0.938,0.139,63,38,0.00861752,0,0.603175
3208,10000,2.66442,2.37137,3.16228,0.00129696,0.001,0.00158489,0.533827,0.5,0.6,0.547397,0.5,0.6,4.62592e-06,1.99171e+07,177339,718123,0.01,0.95,10,10000,0.938,0.139,65,46,0.0078324,0,0.707692
3209,10000,2.66347,2.37137,3.16228,0.00129746,0.001,0.00158489,0.547482,0.5,0.6,0.651014,0.6,0.7,4.62592e-06,2.29813e+07,233768,828603,0.01,0.95,10,10000,0.938,0.139,75,40,0.00839932,0,0.533333
3210,10000,2.69323,2.37137,3.16228,0.00130151,0.001,0.00158489,0.541649,0.5,0.6,0.749624,0.7,0.8,4.62592e-06,1.3176e+07,182054,475066,0.01,0.95,10,10000,0.938,0.139,43,22,0.0113256,0,0.511628
3211,10000,2.67049,2.37137,3.16228,0.00125195,0.001,0.00158489,0.543857,0.5,0.6,0.848743,0.8,0.9,4.62592e-06,1.07246e+07,152262,386682,0.01,0.95,10,10000,0.938,0.139,35,20,0.0118784,0,0.571429
3212,10000,2.6718,2.37137,3.16228,0.00133369,0.001,0.00158489,0.532124,0.5,0.6,0.94229,0.9,1,4.62592e-06,1.01118e+07,152696,364585,0.01,0.95,10,10000,0.938,0.139,33,18,0.012521,0,0.545455
3213,10000,2.62323,2.37137,3.16228,0.00131829,0.001,0.00158489,0.538808,0.5,0.6,1.1926,1,1.5,2.31296e-05,4.22856e+06,47295.5,152463,0.01,0.95,10,10000,0.938,0.139,69,34,0.00911034,0,0.492754
3214,10000,2.79292,2.37137,3.16228,0.00105706,0.001,0.00158489,0.671519,0.6,0.7,0.061315,0,0.1,4.62592e-06,1.83851e+06,132239,66288.3,0.01,0.95,10,10000,0.938,0.139,6,1,0.0531219,0,0.166667
3215,10000,2.59039,2.37137,3.16228,0.00121223,0.001,0.00158489,0.630864,0.6,0.7,0.17061,0.1,0.2,4.62592e-06,5.2091e+06,131809,187817,0.01,0.95,10,10000,0.938,0.139,17,7,0.0200782,0,0.411765
3216,10000,2.71867,2.37137,3.16228,0.00128893,0.001,0.00158489,0.640887,0.6,0.7,0.258633,0.2,0.3,4.62592e-06,7.04761e+06,148116,254105,0.01,0.95,10,10000,0.938,0.139,23,10,0.0167986,0,0.434783
3217,10000,2.66122,2.37137,3.16228,0.00126016,0.001,0.00158489,0.641211,0.6,0.7,0.346684,0.3,0.4,4.62592e-06,1.22567e+07,152696,441922,0.01,0.95,10,10000,0.938,0.139,40,25,0.0106244,0,0.625
3218,10000,2.69016,2.37137,3.16228,0.0011999,0.001,0.00158489,0.646012,0.6,0.7,0.468843,0.4,0.5,4.62592e-06,1.07246e+07,163677,386682,0.01,0.95,10,10000,0.938,0.139,35,18,0.012521,0,0.514286
3219,10000,2.65675,2.37137,3.16228,0.00128117,0.001,0.00158489,0.649721,0.6,0.7,0.557341,0.5,0.6,4.62592e-06,1.28695e+07,157558,464018,0.01,0.95,10,10000,0.938,0.139,42,26,0.0104181,0,0.619048
3220,10000,2.71682,2.37137,3.16228,0.00136348,0.001,0.00158489,0.642746,0.6,0.7,0.660366,0.6,0.7,4.62592e-06,1.04182e+07,164395,375634,0.01,0.95,10,10000,0.938,0.139,34,17,0.012884,0,0.5
3221,10000,2.68653,2.37137,3.16228,0.00125143,0.001,0.00158489,0.652104,0.6,0.7,0.749011,0.7,0.8,4.62592e-06,6.12835e+06,93978.2,220961,0.01,0.95,10,10000,0.938,0.139,20,15,0.013716,0,0.75
3222,10000,2.65075,2.37137,3.16228,0.00123151,0.001,0.00158489,0.636788,0.6,0.7,0.854744,0.8,0.9,4.62592e-06,6.74119e+06,124676,243057,0.01,0.95,10,10000,0.938,0.139,22,12,0.015335,0,0.545455
3223,10000,2.59603,2.37137,3.16228,0.00128036,0.001,0.00158489,0.634495,0.6,0.7,0.954696,0.9,1,4.62592e-06,5.51552e+06,91857.8,198865,0.01,0.95,10,10000,0.938,0.139,18,13,0.0147334,0,0.722222
3224,10000,2.61755,2.37137,3.16228,0.00128431,0.001,0.00158489,0.64957,0.6,0.7,1.20829,1,1.5,2.31296e-05,2.02236e+06,34483.7,72917.1,0.01,0.95,10,10000,0.938,0.139,33,15,0.013716,0,0.454545
3225,10000,3.00634,2.37137,3.16228,0.00118045,0.001,0.00158489,0.750381,0.7,0.8,0.0830565,0,0.1,4.62592e-06,612835,-nan,22096.1,0.01,0.95,10,10000,0.938,0.139,2,3,0.03067,0,1.5
3226,10000,2.73868,2.37137,3.16228,0.00117771,0.001,0.00158489,0.741044,0.7,0.8,0.154008,0.1,0.2,4.62592e-06,4.90268e+06,96573.7,176769,0.01,0.95,10,10000,0.938,0.139,16,10,0.0167986,0,0.625
3227,10000,2.84239,2.37137,3.16228,0.00126551,0.001,0.00158489,0.738657,0.7,0.8,0.264615,0.2,0.3,4.62592e-06,3.98343e+06,107152,143625,0.01,0.95,10,10000,0.938,0.139,13,6,0.0216869,0,0.461538
3228,10000,2.58883,2.37137,3.16228,0.00128284,0.001,0.00158489,0.729798,0.7,0.8,0.358737,0.3,0.4,4.62592e-06,7.35402e+06,146251,265153,0.01,0.95,10,10000,0.938,0.139,24,11,0.0160169,0,0.458333
3229,10000,2.68236,2.37137,3.16228,0.00132931,0.001,0.00158489,0.713086,0.7,0.8,0.453175,0.4,0.5,4.62592e-06,3.37059e+06,79027.9,121528,0.01,0.95,10,10000,0.938,0.139,11,7,0.0200782,0,0.636364
3230,10000,2.61603,2.37137,3.16228,0.00129407,0.001,0.00158489,0.764293,0.7,0.8,0.563893,0.5,0.6,4.62592e-06,4.59626e+06,77211,165721,0.01,0.95,10,10000,0.938,0.139,15,12,0.015335,0,0.8
3231,10000,2.71334,2.37137,3.16228,0.00114578,0.001,0.00158489,0.733557,0.7,0.8,0.630756,0.6,0.7,4.62592e-06,4.28985e+06,149186,154673,0.01,0.95,10,10000,0.938,0.139,14,4,0.026561,0,0.285714
3232,10000,2.71751,2.37137,3.16228,0.0011789,0.001,0.00158489,0.724487,0.7,0.8,0.754552,0.7,0.8,4.62592e-06,3.67701e+06,126085,132577,0.01,0.95,10,10000,0.938,0.139,12,4,0.026561,0,0.333333
3233,10000,2.7784,2.37137,3.16228,0.00141209,0.001,0.00158489,0.722597,0.7,0.8,0.848234,0.8,0.9,4.62592e-06,4.28985e+06,130626,154673,0.01,0.95,10,10000,0.938,0.139,14,5,0.0237569,0,0.357143
3234,10000,2.57807,2.37137,3.16228,0.00129952,0.001,0.00158489,0.726482,0.7,0.8,0.940395,0.9,1,4.62592e-06,2.45134e+06,59437,88384.4,0.01,0.95,10,10000,0.938,0.139,8,6,0.0216869,0,0.75
3235,10000,2.64802,2.37137,3.16228,0.00129216,0.001,0.00158489,0.74749,0.7,0.8,1.21311,1,1.5,2.31296e-05,1.4708e+06,29250.1,53030.6,0.01,0.95,10,10000,0.938,0.139,24,11,0.0160169,0,0.458333
3236,10000,2.37916,2.37137,3.16228,0.00145331,0.001,0.00158489,0.854272,0.8,0.9,0.185872,0.1,0.2,4.62592e-06,612835,39871.6,22096.1,0.01,0.95,10,10000,0.938,0.139,2,1,0.0531219,0,0.5
3237,10000,2.73133,2.37137,3.16228,0.00110309,0.001,0.00158489,0.839163,0.8,0.9,0.240027,0.2,0.3,4.62592e-06,2.45134e+06,79743.1,88384.4,0.01,0.95,10,10000,0.938,0.139,8,4,0.026561,0,0.5
3238,10000,2.58453,2.37137,3.16228,0.00129379,0.001,0.00158489,0.835403,0.8,0.9,0.332496,0.3,0.4,4.62592e-06,1.53209e+06,55598.2,55240.2,0.01,0.95,10,10000,0.938,0.139,5,3,0.03067,0,0.6
3239,10000,2.78005,2.37137,3.16228,0.00118656,0.001,0.00158489,0.846056,0.8,0.9,0.441593,0.4,0.5,4.62592e-06,5.2091e+06,111856,187817,0.01,0.95,10,10000,0.938,0.139,17,9,0.0177073,0,0.529412
3240,10000,2.73993,2.37137,3.16228,0.00134555,0.001,0.00158489,0.861388,0.8,0.9,0.537842,0.5,0.6,4.62592e-06,3.06418e+06,89155.5,110480,0.01,0.95,10,10000,0.938,0.139,10,5,0.0237569,0,0.5
3241,10000,2.66362,2.37137,3.16228,0.00102541,0.001,0.00158489,0.853939,0.8,0.9,0.646356,0.6,0.7,4.62592e-06,1.22567e+06,42028.3,44192.2,0.01,0.95,10,10000,0.938,0.139,4,3,0.03067,0,0.75
3242,10000,2.72552,2.37137,3.16228,0.00131782,0.001,0.00158489,0.822762,0.8,0.9,0.771371,0.7,0.8,4.62592e-06,1.53209e+06,72795.2,55240.2,0.01,0.95,10,10000,0.938,0.139,5,2,0.0375629,0,0.4
3243,10000,2.69627,2.37137,3.16228,0.00111483,0.001,0.00158489,0.861016,0.8,0.9,0.8808,0.8,0.9,4.62592e-06,1.22567e+06,42028.3,44192.2,0.01,0.95,10,10000,0.938,0.139,4,3,0.03067,0,0.75
3244,10000,2.46904,2.37137,3.16228,0.00122559,0.001,0.00158489,0.861392,0.8,0.9,0.954847,0.9,1,4.62592e-06,2.14492e+06,82465.5,77336.3,0.01,0.95,10,10000,0.938,0.139,7,3,0.03067,0,0.428571
3245,10000,2.64092,2.37137,3.16228,0.00127677,0.001,0.00158489,0.828958,0.8,0.9,1.26766,1,1.5,2.31296e-05,857969,19259.8,30934.5,0.01,0.95,10,10000,0.938,0.139,14,8,0.0187814,0,0.571429
3246,10000,2.7479,2.37137,3.16228,0.00141305,0.001,0.00158489,0.93745,0.9,1,0.168898,0.1,0.2,4.62592e-06,2.14492e+06,68093.7,77336.3,0.01,0.95,10,10000,0.938,0.139,7,4,0.026561,0,0.571429
3247,10000,2.46832,2.37137,3.16228,0.00117049,0.001,0.00158489,0.960406,0.9,1,0.224424,0.2,0.3,4.62592e-06,1.53209e+06,55598.2,55240.2,0.01,0.95,10,10000,0.938,0.139,5,3,0.03067,0,0.6
3248,10000,2.57036,2.37137,3.16228,0.00115003,0.001,0.00158489,0.949332,0.9,1,0.347326,0.3,0.4,4.62592e-06,2.14492e+06,82465.5,77336.3,0.01,0.95,10,10000,0.938,0.139,7,3,0.03067,0,0.428571
3249,10000,2.85152,2.37137,3.16228,0.00135495,0.001,0.00158489,0.937597,0.9,1,0.433782,0.4,0.5,4.62592e-06,1.83851e+06,69059.6,66288.3,0.01,0.95,10,10000,0.938,0.139,6,3,0.03067,0,0.5
3250,10000,2.5903,2.37137,3.16228,0.00125526,0.001,0.00158489,0.94727,0.9,1,0.526018,0.5,0.6,4.62592e-06,1.83851e+06,56386.9,66288.3,0.01,0.95,10,10000,0.938,0.139,6,4,0.026561,0,0.666667
3251,10000,2.80159,2.37137,3.16228,0.00133835,0.001,0.00158489,0.984806,0.9,1,0.760517,0.7,0.8,4.62592e-06,1.22567e+06,56386.9,44192.2,0.01,0.95,10,10000,0.938,0.139,4,2,0.0375629,0,0.5
3252,10000,2.48474,2.37137,3.16228,0.00124957,0.001,0.00158489,0.954928,0.9,1,1.13961,1,1.5,2.31296e-05,367701,13811.9,13257.7,0.01,0.95,10,10000,0.938,0.139,6,3,0.03067,0,0.5
3253,10000,2.73399,2.37137,3.16228,0.00215572,0.00158489,0.00251189,0.0820593,0.05,0.1,0.0789032,0,0.1,3.66584e-06,5.84642e+08,6.1599e+06,2.10796e+07,0.01,0.95,10,10000,0.938,0.139,1512,50,0.00751258,0,0.0330688
3254,10000,2.70693,2.37137,3.16228,0.0020425,0.00158489,0.00251189,0.0739208,0.05,0.1,0.160641,0.1,0.2,3.66584e-06,1.22419e+09,3.43482e+06,4.41388e+07,0.01,0.95,10,10000,0.938,0.139,3166,644,0.0020933,0,0.203411
3255,10000,2.70645,2.37137,3.16228,0.00201812,0.00158489,0.00251189,0.0734451,0.05,0.1,0.25259,0.2,0.3,3.66584e-06,1.45232e+09,2.65951e+06,5.23643e+07,0.01,0.95,10,10000,0.938,0.139,3756,1375,0.00143259,0,0.366081
3256,10000,2.71934,2.37137,3.16228,0.00201186,0.00158489,0.00251189,0.0714463,0.05,0.1,0.351407,0.3,0.4,3.66584e-06,1.22226e+09,1.89127e+06,4.40691e+07,0.01,0.95,10,10000,0.938,0.139,3161,1717,0.001282,0,0.543183
3257,10000,2.70588,2.37137,3.16228,0.00202348,0.00158489,0.00251189,0.0729138,0.05,0.1,0.448034,0.4,0.5,3.66584e-06,8.9359e+08,1.34675e+06,3.22188e+07,0.01,0.95,10,10000,0.938,0.139,2311,1616,0.00132146,0,0.699264
3258,10000,2.70146,2.37137,3.16228,0.00201934,0.00158489,0.00251189,0.0724634,0.05,0.1,0.54721,0.5,0.6,3.66584e-06,6.15189e+08,1.01523e+06,2.21809e+07,0.01,0.95,10,10000,0.938,0.139,1591,1255,0.00149952,0,0.788812
3259,10000,2.71028,2.37137,3.16228,0.00200847,0.00158489,0.00251189,0.0725156,0.05,0.1,0.647187,0.6,0.7,3.66584e-06,4.11415e+08,798674,1.48338e+07,0.01,0.95,10,10000,0.938,0.139,1064,879,0.00179176,0,0.826128
3260,10000,2.71465,2.37137,3.16228,0.00200498,0.00158489,0.00251189,0.0728844,0.05,0.1,0.746421,0.7,0.8,3.66584e-06,2.66028e+08,649387,9.59176e+06,0.01,0.95,10,10000,0.938,0.139,688,561,0.00224281,0,0.815407
3261,10000,2.71284,2.37137,3.16228,0.00203117,0.00158489,0.00251189,0.0738673,0.05,0.1,0.848168,0.8,0.9,3.66584e-06,1.71294e+08,504672,6.17609e+06,0.01,0.95,10,10000,0.938,0.139,443,375,0.00274321,0,0.846501
3262,10000,2.70246,2.37137,3.16228,0.00200142,0.00158489,0.00251189,0.0725308,0.05,0.1,0.946829,0.9,1,3.66584e-06,1.10587e+08,439395,3.98727e+06,0.01,0.95,10,10000,0.938,0.139,286,220,0.00358148,0,0.769231
3263,10000,2.70219,2.37137,3.16228,0.00198556,0.00158489,0.00251189,0.073923,0.05,0.1,1.17895,1,1.5,1.83292e-05,3.69655e+07,121448,1.33281e+06,0.01,0.95,10,10000,0.938,0.139,478,338,0.00288945,0,0.707113
3264,10000,2.76327,2.37137,3.16228,0.00203873,0.00158489,0.00251189,0.122903,0.1,0.15,0.0677586,0,0.1,3.66584e-06,1.87534e+08,1.31242e+06,6.76163e+06,0.01,0.95,10,10000,0.938,0.139,485,103,0.00523426,0,0.212371
3265,10000,2.70506,2.37137,3.16228,0.00205822,0.00158489,0.00251189,0.12507,0.1,0.15,0.157944,0.1,0.2,3.66584e-06,4.85268e+08,1.739e+06,1.74966e+07,0.01,0.95,10,10000,0.938,0.139,1255,374,0.00274687,0,0.298008
3266,10000,2.72108,2.37137,3.16228,0.00204933,0.00158489,0.00251189,0.122492,0.1,0.15,0.25246,0.2,0.3,3.66584e-06,6.49602e+08,1.67759e+06,2.34217e+07,0.01,0.95,10,10000,0.938,0.139,1680,676,0.00204315,0,0.402381
3267,10000,2.6978,2.37137,3.16228,0.00204722,0.00158489,0.00251189,0.122086,0.1,0.15,0.350989,0.3,0.4,3.66584e-06,6.19442e+08,1.37036e+06,2.23343e+07,0.01,0.95,10,10000,0.938,0.139,1602,848,0.00182422,0,0.529338
3268,10000,2.71602,2.37137,3.16228,0.00204032,0.00158489,0.00251189,0.122306,0.1,0.15,0.450397,0.4,0.5,3.66584e-06,4.96095e+08,1.12054e+06,1.7887e+07,0.01,0.95,10,10000,0.938,0.139,1283,773,0.00191066,0,0.602494
3269,10000,2.71099,2.37137,3.16228,0.0020343,0.00158489,0.00251189,0.122353,0.1,0.15,0.549349,0.5,0.6,3.66584e-06,3.81641e+08,866735,1.37603e+07,0.01,0.95,10,10000,0.938,0.139,987,704,0.00200211,0,0.713273
3270,10000,2.70654,2.37137,3.16228,0.00204445,0.00158489,0.00251189,0.123796,0.1,0.15,0.645572,0.6,0.7,3.66584e-06,2.54814e+08,669044,9.18746e+06,0.01,0.95,10,10000,0.938,0.139,659,505,0.0023639,0,0.766313
3271,10000,2.70971,2.37137,3.16228,0.00200548,0.00158489,0.00251189,0.122538,0.1,0.15,0.746575,0.7,0.8,3.66584e-06,1.75934e+08,530522,6.34339e+06,0.01,0.95,10,10000,0.938,0.139,455,369,0.00276542,0,0.810989
3272,10000,2.71278,2.37137,3.16228,0.0020149,0.00158489,0.00251189,0.122756,0.1,0.15,0.847897,0.8,0.9,3.66584e-06,1.12907e+08,397302,4.07092e+06,0.01,0.95,10,10000,0.938,0.139,292,256,0.00332012,0,0.876712
3273,10000,2.69328,2.37137,3.16228,0.00202121,0.00158489,0.00251189,0.125597,0.1,0.15,0.94729,0.9,1,3.66584e-06,7.11469e+07,330289,2.56524e+06,0.01,0.95,10,10000,0.938,0.139,184,153,0.00429465,0,0.831522
3274,10000,2.70954,2.37137,3.16228,0.00199944,0.00158489,0.00251189,0.122947,0.1,0.15,1.17563,1,1.5,1.83292e-05,2.68348e+07,94745,967541,0.01,0.95,10,10000,0.938,0.139,347,274,0.00320921,0,0.789625
3275,10000,2.78231,2.37137,3.16228,0.00198802,0.00158489,0.00251189,0.173423,0.15,0.2,0.0702843,0,0.1,3.66584e-06,9.4347e+07,521502,3.40173e+06,0.01,0.95,10,10000,0.938,0.139,244,134,0.00458904,0,0.54918
3276,10000,2.751,2.37137,3.16228,0.00198899,0.00158489,0.00251189,0.175538,0.15,0.2,0.154713,0.1,0.2,3.66584e-06,2.48241e+08,830598,8.95045e+06,0.01,0.95,10,10000,0.938,0.139,642,362,0.00279203,0,0.563863
3277,10000,2.73868,2.37137,3.16228,0.00200289,0.00158489,0.00251189,0.173978,0.15,0.2,0.253269,0.2,0.3,3.66584e-06,3.66948e+08,975619,1.32305e+07,0.01,0.95,10,10000,0.938,0.139,949,562,0.00224081,0,0.592202
3278,10000,2.7402,2.37137,3.16228,0.0019957,0.00158489,0.00251189,0.17449,0.15,0.2,0.349653,0.3,0.4,3.66584e-06,3.54961e+08,919303,1.27983e+07,0.01,0.95,10,10000,0.938,0.139,918,577,0.0022115,0,0.62854
3279,10000,2.72589,2.37137,3.16228,0.00199608,0.00158489,0.00251189,0.173778,0.15,0.2,0.448387,0.4,0.5,3.66584e-06,3.30214e+08,850392,1.19061e+07,0.01,0.95,10,10000,0.938,0.139,854,568,0.00222895,0,0.665105
3280,10000,2.71318,2.37137,3.16228,0.002022,0.00158489,0.00251189,0.173767,0.15,0.2,0.548848,0.5,0.6,3.66584e-06,2.40121e+08,697188,8.65768e+06,0.01,0.95,10,10000,0.938,0.139,621,435,0.002547,0,0.700483
3281,10000,2.73113,2.37137,3.16228,0.00199684,0.00158489,0.00251189,0.175136,0.15,0.2,0.647262,0.6,0.7,3.66584e-06,1.79414e+08,562127,6.46886e+06,0.01,0.95,10,10000,0.938,0.139,464,355,0.00281942,0,0.765086
3282,10000,2.71758,2.37137,3.16228,0.00200886,0.00158489,0.00251189,0.17312,0.15,0.2,0.748584,0.7,0.8,3.66584e-06,1.2296e+08,459676,4.4334e+06,0.01,0.95,10,10000,0.938,0.139,318,247,0.00338007,0,0.77673
3283,10000,2.71089,2.37137,3.16228,0.00199676,0.00158489,0.00251189,0.174115,0.15,0.2,0.847299,0.8,0.9,3.66584e-06,7.96536e+07,368103,2.87195e+06,0.01,0.95,10,10000,0.938,0.139,206,161,0.0041866,0,0.781553
3284,10000,2.72194,2.37137,3.16228,0.00203693,0.00158489,0.00251189,0.174906,0.15,0.2,0.947451,0.9,1,3.66584e-06,5.22002e+07,301520,1.8821e+06,0.01,0.95,10,10000,0.938,0.139,135,104,0.00520904,0,0.77037
3285,10000,2.72397,2.37137,3.16228,0.00200728,0.00158489,0.00251189,0.173888,0.15,0.2,1.18015,1,1.5,1.83292e-05,2.24267e+07,84161.6,808608,0.01,0.95,10,10000,0.938,0.139,290,237,0.00345064,0,0.817241
3286,10000,2.7009,2.37137,3.16228,0.00199973,0.00158489,0.00251189,0.223193,0.2,0.25,0.0651186,0,0.1,3.66584e-06,4.94935e+07,312924,1.78451e+06,0.01,0.95,10,10000,0.938,0.139,128,91,0.00556869,0,0.710938
3287,10000,2.73087,2.37137,3.16228,0.00198082,0.00158489,0.00251189,0.2234,0.2,0.25,0.155848,0.1,0.2,3.66584e-06,1.41907e+08,525040,5.11653e+06,0.01,0.95,10,10000,0.938,0.139,367,264,0.00326943,0,0.719346
3288,10000,2.73677,2.37137,3.16228,0.00201696,0.00158489,0.00251189,0.222893,0.2,0.25,0.251768,0.2,0.3,3.66584e-06,1.95654e+08,609930,7.05441e+06,0.01,0.95,10,10000,0.938,0.139,506,369,0.00276542,0,0.729249
3289,10000,2.7247,2.37137,3.16228,0.00199957,0.00158489,0.00251189,0.223675,0.2,0.25,0.350537,0.3,0.4,3.66584e-06,2.06094e+08,625598,7.43083e+06,0.01,0.95,10,10000,0.938,0.139,533,389,0.00269339,0,0.729831
3290,10000,2.71899,2.37137,3.16228,0.00201613,0.00158489,0.00251189,0.225092,0.2,0.25,0.450702,0.4,0.5,3.66584e-06,1.87534e+08,600724,6.76163e+06,0.01,0.95,10,10000,0.938,0.139,485,351,0.00283544,0,0.723711
3291,10000,2.70884,2.37137,3.16228,0.0019873,0.00158489,0.00251189,0.223309,0.2,0.25,0.550298,0.5,0.6,3.66584e-06,1.73227e+08,589009,6.2458e+06,0.01,0.95,10,10000,0.938,0.139,448,316,0.00298834,0,0.705357
3292,10000,2.70027,2.37137,3.16228,0.00199924,0.00158489,0.00251189,0.223935,0.2,0.25,0.648053,0.6,0.7,3.66584e-06,1.2992e+08,466612,4.68435e+06,0.01,0.95,10,10000,0.938,0.139,336,265,0.00326326,0,0.78869
3293,10000,2.73035,2.37137,3.16228,0.00199466,0.00158489,0.00251189,0.223863,0.2,0.25,0.747149,0.7,0.8,3.66584e-06,8.89336e+07,378090,3.20655e+06,0.01,0.95,10,10000,0.938,0.139,230,186,0.00389509,0,0.808696
3294,10000,2.73812,2.37137,3.16228,0.00206023,0.00158489,0.00251189,0.22379,0.2,0.25,0.844818,0.8,0.9,3.66584e-06,5.72269e+07,292271,2.06334e+06,0.01,0.95,10,10000,0.938,0.139,148,125,0.00475137,0,0.844595
3295,10000,2.71424,2.37137,3.16228,0.00204707,0.00158489,0.00251189,0.223332,0.2,0.25,0.941772,0.9,1,3.66584e-06,4.60135e+07,295199,1.65904e+06,0.01,0.95,10,10000,0.938,0.139,119,87,0.00569527,0,0.731092
3296,10000,2.71597,2.37137,3.16228,0.00204183,0.00158489,0.00251189,0.223222,0.2,0.25,1.17367,1,1.5,1.83292e-05,1.77867e+07,75617.9,641310,0.01,0.95,10,10000,0.938,0.139,230,186,0.00389509,0,0.808696
3297,10000,2.74966,2.37137,3.16228,0.00201823,0.00158489,0.00251189,0.276346,0.25,0.3,0.0682387,0,0.1,3.66584e-06,3.32534e+07,214087,1.19897e+06,0.01,0.95,10,10000,0.938,0.139,86,76,0.0060935,0,0.883721
3298,10000,2.72669,2.37137,3.16228,0.00201873,0.00158489,0.00251189,0.273346,0.25,0.3,0.155244,0.1,0.2,3.66584e-06,9.0867e+07,367455,3.27626e+06,0.01,0.95,10,10000,0.938,0.139,235,199,0.00376571,0,0.846809
3299,10000,2.70307,2.37137,3.16228,0.00202063,0.00158489,0.00251189,0.272623,0.25,0.3,0.249837,0.2,0.3,3.66584e-06,1.1368e+08,433191,4.0988e+06,0.01,0.95,10,10000,0.938,0.139,294,234,0.00347269,0,0.795918
3300,10000,2.70805,2.37137,3.16228,0.00203039,0.00158489,0.00251189,0.272666,0.25,0.3,0.349043,0.3,0.4,3.66584e-06,1.36494e+08,483139,4.92135e+06,0.01,0.95,10,10000,0.938,0.139,353,275,0.00320337,0,0.779037
3301,10000,2.67622,2.37137,3.16228,0.00200762,0.00158489,0.00251189,0.273757,0.25,0.3,0.44882,0.4,0.5,3.66584e-06,1.3224e+08,494245,4.768e+06,0.01,0.95,10,10000,0.938,0.139,342,254,0.00333317,0,0.74269
3302,10000,2.68215,2.37137,3.16228,0.0020418,0.00158489,0.00251189,0.272279,0.25,0.3,0.551737,0.5,0.6,3.66584e-06,1.06334e+08,431755,3.83392e+06,0.01,0.95,10,10000,0.938,0.139,275,211,0.00365707,0,0.767273
3303,10000,2.68529,2.37137,3.16228,0.00202396,0.00158489,0.00251189,0.276264,0.25,0.3,0.647397,0.6,0.7,3.66584e-06,7.77203e+07,352627,2.80224e+06,0.01,0.95,10,10000,0.938,0.139,201,163,0.00416083,0,0.810945
3304,10000,2.7201,2.37137,3.16228,0.00200847,0.00158489,0.00251189,0.273335,0.25,0.3,0.741934,0.7,0.8,3.66584e-06,5.52935e+07,299522,1.99364e+06,0.01,0.95,10,10000,0.938,0.139,143,115,0.00495365,0,0.804196
3305,10000,2.69264,2.37137,3.16228,0.00199184,0.00158489,0.00251189,0.274624,0.25,0.3,0.84831,0.8,0.9,3.66584e-06,3.94401e+07,258272,1.42203e+06,0.01,0.95,10,10000,0.938,0.139,102,80,0.00593921,0,0.784314
3306,10000,2.69425,2.37137,3.16228,0.00206016,0.00158489,0.00251189,0.273896,0.25,0.3,0.948639,0.9,1,3.66584e-06,3.05468e+07,215550,1.10138e+06,0.01,0.95,10,10000,0.938,0.139,79,66,0.00653886,0,0.835443
3307,10000,2.72358,2.37137,3.16228,0.00207358,0.00158489,0.00251189,0.272887,0.25,0.3,1.18124,1,1.5,1.83292e-05,1.26827e+07,63702.4,457282,0.01,0.95,10,10000,0.938,0.139,164,133,0.00460626,0,0.810976
3308,10000,2.65839,2.37137,3.16228,0.00204547,0.00158489,0.00251189,0.343826,0.3,0.4,0.0687091,0,0.1,7.33169e-06,1.75934e+07,128355,634339,0.01,0.95,10,10000,0.938,0.139,91,67,0.00648988,0,0.736264
3309,10000,2.72013,2.37137,3.16228,0.00203249,0.00158489,0.00251189,0.34218,0.3,0.4,0.156069,0.1,0.2,7.33169e-06,4.42735e+07,193146,1.5963e+06,0.01,0.95,10,10000,0.938,0.139,229,180,0.00395948,0,0.786026
3310,10000,2.68552,2.37137,3.16228,0.00201922,0.00158489,0.00251189,0.342959,0.3,0.4,0.253472,0.2,0.3,7.33169e-06,6.14802e+07,227572,2.2167e+06,0.01,0.95,10,10000,0.938,0.139,318,250,0.00335973,0,0.786164
3311,10000,2.70977,2.37137,3.16228,0.00202352,0.00158489,0.00251189,0.342191,0.3,0.4,0.351054,0.3,0.4,7.33169e-06,7.36602e+07,248091,2.65586e+06,0.01,0.95,10,10000,0.938,0.139,381,301,0.0030619,0,0.790026
3312,10000,2.6833,2.37137,3.16228,0.00203157,0.00158489,0.00251189,0.343231,0.3,0.4,0.448562,0.4,0.5,7.33169e-06,6.96002e+07,240046,2.50947e+06,0.01,0.95,10,10000,0.938,0.139,360,286,0.00314117,0,0.794444
3313,10000,2.68455,2.37137,3.16228,0.00201824,0.00158489,0.00251189,0.345143,0.3,0.4,0.547191,0.5,0.6,7.33169e-06,6.22535e+07,228363,2.24458e+06,0.01,0.95,10,10000,0.938,0.139,322,254,0.00333317,0,0.78882
3314,10000,2.70052,2.37137,3.16228,0.00203408,0.00158489,0.00251189,0.344759,0.3,0.4,0.647554,0.6,0.7,7.33169e-06,5.18135e+07,211132,1.86816e+06,0.01,0.95,10,10000,0.938,0.139,268,208,0.00368334,0,0.776119
3315,10000,2.67318,2.37137,3.16228,0.00201902,0.00158489,0.00251189,0.346021,0.3,0.4,0.747521,0.7,0.8,7.33169e-06,3.44134e+07,170198,1.24079e+06,0.01,0.95,10,10000,0.938,0.139,178,140,0.00448962,0,0.786517
3316,10000,2.71468,2.37137,3.16228,0.00203272,0.00158489,0.00251189,0.342578,0.3,0.4,0.846952,0.8,0.9,7.33169e-06,3.03534e+07,164731,1.09441e+06,0.01,0.95,10,10000,0.938,0.139,157,119,0.00486968,0,0.757962
3317,10000,2.70612,2.37137,3.16228,0.00202813,0.00158489,0.00251189,0.348254,0.3,0.4,0.944454,0.9,1,7.33169e-06,2.10734e+07,138089,759812,0.01,0.95,10,10000,0.938,0.139,109,82,0.00586634,0,0.752294
3318,10000,2.67423,2.37137,3.16228,0.00200755,0.00158489,0.00251189,0.35086,0.3,0.4,1.18217,1,1.5,3.66584e-05,7.92669e+06,34768.8,285801,0.01,0.95,10,10000,0.938,0.139,205,171,0.00406234,0,0.834146
3319,10000,2.76839,2.37137,3.16228,0.00198444,0.00158489,0.00251189,0.430103,0.4,0.5,0.0628513,0,0.1,7.33169e-06,6.96002e+06,77246.8,250947,0.01,0.95,10,10000,0.938,0.139,36,28,0.0100391,0,0.777778
3320,10000,2.70388,2.37137,3.16228,0.00203574,0.00158489,0.00251189,0.443764,0.4,0.5,0.151818,0.1,0.2,7.33169e-06,2.03001e+07,138311,731929,0.01,0.95,10,10000,0.938,0.139,105,77,0.00605381,0,0.733333
3321,10000,2.70903,2.37137,3.16228,0.00198727,0.00158489,0.00251189,0.444382,0.4,0.5,0.246795,0.2,0.3,7.33169e-06,2.66801e+07,169241,961964,0.01,0.95,10,10000,0.938,0.139,138,93,0.00550849,0,0.673913
3322,10000,2.68669,2.37137,3.16228,0.00202716,0.00158489,0.00251189,0.442143,0.4,0.5,0.347795,0.3,0.4,7.33169e-06,3.78935e+07,187661,1.36627e+06,0.01,0.95,10,10000,0.938,0.139,196,145,0.00441154,0,0.739796
3323,10000,2.70247,2.37137,3.16228,0.00201997,0.00158489,0.00251189,0.444139,0.4,0.5,0.447386,0.4,0.5,7.33169e-06,3.32534e+07,172815,1.19897e+06,0.01,0.95,10,10000,0.938,0.139,172,130,0.0046591,0,0.755814
3324,10000,2.65961,2.37137,3.16228,0.00203114,0.00158489,0.00251189,0.443593,0.4,0.5,0.550388,0.5,0.6,7.33169e-06,3.09334e+07,169972,1.11532e+06,0.01,0.95,10,10000,0.938,0.139,160,118,0.00489027,0,0.7375
3325,10000,2.70569,2.37137,3.16228,0.00202227,0.00158489,0.00251189,0.447967,0.4,0.5,0.648134,0.6,0.7,7.33169e-06,2.49401e+07,151530,899228,0.01,0.95,10,10000,0.938,0.139,129,96,0.00542174,0,0.744186
3326,10000,2.67629,2.37137,3.16228,0.00198186,0.00158489,0.00251189,0.443687,0.4,0.5,0.74453,0.7,0.8,7.33169e-06,1.87534e+07,133135,676163,0.01,0.95,10,10000,0.938,0.139,97,71,0.00630441,0,0.731959
3327,10000,2.66827,2.37137,3.16228,0.00193602,0.00158489,0.00251189,0.439344,0.4,0.5,0.841642,0.8,0.9,7.33169e-06,1.77867e+07,141616,641310,0.01,0.95,10,10000,0.938,0.139,92,60,0.00685801,0,0.652174
3328,10000,2.71578,2.37137,3.16228,0.00200758,0.00158489,0.00251189,0.440518,0.4,0.5,0.940369,0.9,1,7.33169e-06,9.0867e+06,87391.2,327626,0.01,0.95,10,10000,0.938,0.139,47,37,0.00873319,0,0.787234
3329,10000,2.71843,2.37137,3.16228,0.00202768,0.00158489,0.00251189,0.446011,0.4,0.5,1.17997,1,1.5,3.66584e-05,6.14802e+06,33719.8,221670,0.01,0.95,10,10000,0.938,0.139,159,118,0.00489027,0,0.742138
3330,10000,2.61411,2.37137,3.16228,0.00208842,0.00158489,0.00251189,0.551191,0.5,0.6,0.0537401,0,0.1,7.33169e-06,3.09334e+06,60933.1,111532,0.01,0.95,10,10000,0.938,0.139,16,10,0.0167986,0,0.625
3331,10000,2.64065,2.37137,3.16228,0.00200415,0.00158489,0.00251189,0.548315,0.5,0.6,0.153304,0.1,0.2,7.33169e-06,1.00534e+07,99659.9,362479,0.01,0.95,10,10000,0.938,0.139,52,37,0.00873319,0,0.711538
3332,10000,2.67722,2.37137,3.16228,0.00201075,0.00158489,0.00251189,0.546415,0.5,0.6,0.257678,0.2,0.3,7.33169e-06,1.276e+07,112206,460070,0.01,0.95,10,10000,0.938,0.139,66,47,0.00774863,0,0.712121
3333,10000,2.73027,2.37137,3.16228,0.00199265,0.00158489,0.00251189,0.542032,0.5,0.6,0.355653,0.3,0.4,7.33169e-06,1.64334e+07,140685,592514,0.01,0.95,10,10000,0.938,0.139,85,53,0.00729686,0,0.623529
3334,10000,2.67089,2.37137,3.16228,0.00199333,0.00158489,0.00251189,0.541095,0.5,0.6,0.443309,0.4,0.5,7.33169e-06,1.60467e+07,124365,578573,0.01,0.95,10,10000,0.938,0.139,83,60,0.00685801,0,0.722892
3335,10000,2.69974,2.37137,3.16228,0.00202149,0.00158489,0.00251189,0.547556,0.5,0.6,0.549127,0.5,0.6,7.33169e-06,1.35334e+07,117099,487953,0.01,0.95,10,10000,0.938,0.139,70,49,0.00758885,0,0.7
3336,10000,2.66039,2.37137,3.16228,0.00202019,0.00158489,0.00251189,0.541793,0.5,0.6,0.643424,0.6,0.7,7.33169e-06,1.14067e+07,104185,411275,0.01,0.95,10,10000,0.938,0.139,59,43,0.00810102,0,0.728814
3337,10000,2.63643,2.37137,3.16228,0.0019889,0.00158489,0.00251189,0.54058,0.5,0.6,0.753641,0.7,0.8,7.33169e-06,9.47337e+06,105691,341567,0.01,0.95,10,10000,0.938,0.139,49,31,0.00954098,0,0.632653
3338,10000,2.68303,2.37137,3.16228,0.00206655,0.00158489,0.00251189,0.549313,0.5,0.6,0.839832,0.8,0.9,7.33169e-06,7.54003e+06,105668,271859,0.01,0.95,10,10000,0.938,0.139,39,21,0.0115922,0,0.538462
3339,10000,2.68757,2.37137,3.16228,0.00204725,0.00158489,0.00251189,0.541348,0.5,0.6,0.951967,0.9,1,7.33169e-06,8.5067e+06,105200,306713,0.01,0.95,10,10000,0.938,0.139,44,26,0.0104181,0,0.590909
3340,10000,2.69696,2.37137,3.16228,0.00199244,0.00158489,0.00251189,0.545301,0.5,0.6,1.22636,1,1.5,3.66584e-05,3.86668e+06,28618.4,139415,0.01,0.95,10,10000,0.938,0.139,100,68,0.00644198,0,0.68
3341,10000,2.43466,2.37137,3.16228,0.00212612,0.00158489,0.00251189,0.673573,0.6,0.7,0.0544013,0,0.1,7.33169e-06,2.12667e+06,107716,76678.3,0.01,0.95,10,10000,0.938,0.139,11,2,0.0375629,0,0.181818
3342,10000,2.67471,2.37137,3.16228,0.00199731,0.00158489,0.00251189,0.647432,0.6,0.7,0.154329,0.1,0.2,7.33169e-06,6.38002e+06,104295,230035,0.01,0.95,10,10000,0.938,0.139,33,16,0.0132805,0,0.484848
3343,10000,2.59787,2.37137,3.16228,0.00209549,0.00158489,0.00251189,0.638271,0.6,0.7,0.249639,0.2,0.3,7.33169e-06,6.96002e+06,99361.9,250947,0.01,0.95,10,10000,0.938,0.139,36,20,0.0118784,0,0.555556
3344,10000,2.727,2.37137,3.16228,0.00202888,0.00158489,0.00251189,0.642269,0.6,0.7,0.348768,0.3,0.4,7.33169e-06,7.54003e+06,90704.6,271859,0.01,0.95,10,10000,0.938,0.139,39,26,0.0104181,0,0.666667
3345,10000,2.71446,2.37137,3.16228,0.00196464,0.00158489,0.00251189,0.643404,0.6,0.7,0.456224,0.4,0.5,7.33169e-06,6.76669e+06,92812.1,243976,0.01,0.95,10,10000,0.938,0.139,35,21,0.0115922,0,0.6
3346,10000,2.64443,2.37137,3.16228,0.00206331,0.00158489,0.00251189,0.641484,0.6,0.7,0.552272,0.5,0.6,7.33169e-06,7.92669e+06,96512,285801,0.01,0.95,10,10000,0.938,0.139,41,26,0.0104181,0,0.634146
3347,10000,2.6462,2.37137,3.16228,0.00201006,0.00158489,0.00251189,0.654248,0.6,0.7,0.642992,0.6,0.7,7.33169e-06,5.80002e+06,85927.3,209123,0.01,0.95,10,10000,0.938,0.139,30,18,0.012521,0,0.6
3348,10000,2.77942,2.37137,3.16228,0.00192989,0.00158489,0.00251189,0.644886,0.6,0.7,0.760541,0.7,0.8,7.33169e-06,6.18669e+06,70236.4,223064,0.01,0.95,10,10000,0.938,0.139,32,26,0.0104181,0,0.8125
3349,10000,2.59742,2.37137,3.16228,0.00201609,0.00158489,0.00251189,0.627222,0.6,0.7,0.836004,0.8,0.9,7.33169e-06,3.86668e+06,85242.6,139415,0.01,0.95,10,10000,0.938,0.139,20,9,0.0177073,0,0.45
3350,10000,2.79642,2.37137,3.16228,0.00189886,0.00158489,0.00251189,0.647386,0.6,0.7,0.935487,0.9,1,7.33169e-06,2.70668e+06,47772.1,97590.6,0.01,0.95,10,10000,0.938,0.139,14,11,0.0160169,0,0.785714
3351,10000,2.62539,2.37137,3.16228,0.00205761,0.00158489,0.00251189,0.645957,0.6,0.7,1.23121,1,1.5,3.66584e-05,2.04934e+06,20852,73890,0.01,0.95,10,10000,0.938,0.139,53,36,0.00885366,0,0.679245
3352,10000,2.41573,2.37137,3.16228,0.00175506,0.00158489,0.00251189,0.725428,0.7,0.8,0.0637375,0,0.1,7.33169e-06,386668,25156.9,13941.5,0.01,0.95,10,10000,0.938,0.139,2,1,0.0531219,0,0.5
3353,10000,2.70014,2.37137,3.16228,0.00193076,0.00158489,0.00251189,0.73875,0.7,0.8,0.14256,0.1,0.2,7.33169e-06,2.12667e+06,55624.1,76678.3,0.01,0.95,10,10000,0.938,0.139,11,6,0.0216869,0,0.545455
3354,10000,2.80294,2.37137,3.16228,0.00212566,0.00158489,0.00251189,0.736463,0.7,0.8,0.260451,0.2,0.3,7.33169e-06,3.09334e+06,60933.1,111532,0.01,0.95,10,10000,0.938,0.139,16,10,0.0167986,0,0.625
3355,10000,2.74146,2.37137,3.16228,0.00200064,0.00158489,0.00251189,0.749747,0.7,0.8,0.335939,0.3,0.4,7.33169e-06,4.83335e+06,102703,174269,0.01,0.95,10,10000,0.938,0.139,25,10,0.0167986,0,0.4
3356,10000,2.51672,2.37137,3.16228,0.00209592,0.00158489,0.00251189,0.753732,0.7,0.8,0.437657,0.4,0.5,7.33169e-06,3.67335e+06,80359.4,132444,0.01,0.95,10,10000,0.938,0.139,19,9,0.0177073,0,0.473684
3357,10000,2.70314,2.37137,3.16228,0.00199103,0.00158489,0.00251189,0.738441,0.7,0.8,0.555591,0.5,0.6,7.33169e-06,3.67335e+06,80359.4,132444,0.01,0.95,10,10000,0.938,0.139,19,9,0.0177073,0,0.473684
3358,10000,2.74029,2.37137,3.16228,0.00206568,0.00158489,0.00251189,0.7324,0.7,0.8,0.649277,0.6,0.7,7.33169e-06,3.86668e+06,85242.6,139415,0.01,0.95,10,10000,0.938,0.139,20,9,0.0177073,0,0.45
3359,10000,2.60381,2.37137,3.16228,0.00215254,0.00158489,0.00251189,0.749224,0.7,0.8,0.766655,0.7,0.8,7.33169e-06,3.09334e+06,108690,111532,0.01,0.95,10,10000,0.938,0.139,16,4,0.026561,0,0.25
3360,10000,2.54146,2.37137,3.16228,0.00196257,0.00158489,0.00251189,0.72507,0.7,0.8,0.842723,0.8,0.9,7.33169e-06,1.93334e+06,49610.2,69707.6,0.01,0.95,10,10000,0.938,0.139,10,6,0.0216869,0,0.6
3361,10000,2.62023,2.37137,3.16228,0.00221116,0.00158489,0.00251189,0.759352,0.7,0.8,0.950819,0.9,1,7.33169e-06,2.51334e+06,55545,90619.8,0.01,0.95,10,10000,0.938,0.139,13,8,0.0187814,0,0.615385
3362,10000,2.69871,2.37137,3.16228,0.00210326,0.00158489,0.00251189,0.732446,0.7,0.8,1.25088,1,1.5,3.66584e-05,1.43067e+06,20530.3,51583.6,0.01,0.95,10,10000,0.938,0.139,37,20,0.0118784,0,0.540541
3363,10000,2.57544,2.37137,3.16228,0.00189885,0.00158489,0.00251189,0.846301,0.8,0.9,0.0975073,0,0.1,7.33169e-06,580002,39776.6,20912.3,0.01,0.95,10,10000,0.938,0.139,3,1,0.0531219,0,0.333333
3364,10000,2.6515,2.37137,3.16228,0.00182569,0.00158489,0.00251189,0.854423,0.8,0.9,0.124097,0.1,0.2,7.33169e-06,580002,25156.9,20912.3,0.01,0.95,10,10000,0.938,0.139,3,2,0.0375629,0,0.666667
3365,10000,2.87292,2.37137,3.16228,0.00199589,0.00158489,0.00251189,0.845041,0.8,0.9,0.26532,0.2,0.3,7.33169e-06,2.32001e+06,61621.7,83649.1,0.01,0.95,10,10000,0.938,0.139,12,6,0.0216869,0,0.5
3366,10000,2.7407,2.37137,3.16228,0.00182148,0.00158489,0.00251189,0.84509,0.8,0.9,0.348743,0.3,0.4,7.33169e-06,2.12667e+06,55624.1,76678.3,0.01,0.95,10,10000,0.938,0.139,11,6,0.0216869,0,0.545455
3367,10000,2.77527,2.37137,3.16228,0.00201829,0.00158489,0.00251189,0.83571,0.8,0.9,0.457377,0.4,0.5,7.33169e-06,966670,28126.3,34853.8,0.01,0.95,10,10000,0.938,0.139,5,4,0.026561,0,0.8
3368,10000,2.59606,2.37137,3.16228,0.00218461,0.00158489,0.00251189,0.845977,0.8,0.9,0.562531,0.5,0.6,7.33169e-06,1.35334e+06,42963.7,48795.3,0.01,0.95,10,10000,0.938,0.139,7,4,0.026561,0,0.571429
3369,10000,2.84175,2.37137,3.16228,0.00210144,0.00158489,0.00251189,0.830152,0.8,0.9,0.633092,0.6,0.7,7.33169e-06,2.51334e+06,55545,90619.8,0.01,0.95,10,10000,0.938,0.139,13,8,0.0187814,0,0.615385
3370,10000,2.74532,2.37137,3.16228,0.00198704,0.00158489,0.00251189,0.833418,0.8,0.9,0.735222,0.7,0.8,7.33169e-06,1.35334e+06,36455.9,48795.3,0.01,0.95,10,10000,0.938,0.139,7,5,0.0237569,0,0.714286
3371,10000,2.43558,2.37137,3.16228,0.00196606,0.00158489,0.00251189,0.833735,0.8,0.9,0.849071,0.8,0.9,7.33169e-06,1.74001e+06,87146.2,62736.8,0.01,0.95,10,10000,0.938,0.139,9,2,0.0375629,0,0.222222
3372,10000,2.55963,2.37137,3.16228,0.00187517,0.00158489,0.00251189,0.841438,0.8,0.9,1.18042,1,1.5,3.66584e-05,502668,10178.6,18124,0.01,0.95,10,10000,0.938,0.139,13,9,0.0177073,0,0.692308
3373,10000,2.61181,2.37137,3.16228,0.00245259,0.00158489,0.00251189,0.908297,0.9,1,0.130299,0.1,0.2,7.33169e-06,773336,54345.2,27883,0.01,0.95,10,10000,0.938,0.139,4,1,0.0531219,0,0.25
3374,10000,2.63713,2.37137,3.16228,0.00191733,0.00158489,0.00251189,0.974297,0.9,1,0.253852,0.2,0.3,7.33169e-06,580002,17788.6,20912.3,0.01,0.95,10,10000,0.938,0.139,3,3,0.03067,0,1
3375,10000,2.64819,2.37137,3.16228,0.00212179,0.00158489,0.00251189,0.962943,0.9,1,0.342801,0.3,0.4,7.33169e-06,386668,14524.4,13941.5,0.01,0.95,10,10000,0.938,0.139,2,2,0.0375629,0,1
3376,10000,2.69078,2.37137,3.16228,0.00200453,0.00158489,0.00251189,0.941581,0.9,1,0.459711,0.4,0.5,7.33169e-06,2.12667e+06,55624.1,76678.3,0.01,0.95,10,10000,0.938,0.139,11,6,0.0216869,0,0.545455
3377,10000,2.92977,2.37137,3.16228,0.00202632,0.00158489,0.00251189,0.950233,0.9,1,0.559945,0.5,0.6,7.33169e-06,1.74001e+06,38623.4,62736.8,0.01,0.95,10,10000,0.938,0.139,9,7,0.0200782,0,0.777778
3378,10000,2.65993,2.37137,3.16228,0.00223223,0.00158489,0.00251189,0.931221,0.9,1,0.687404,0.6,0.7,7.33169e-06,193334,10270.3,6970.76,0.01,0.95,10,10000,0.938,0.139,1,1,0.0531219,0,1
3379,10000,2.64452,2.37137,3.16228,0.00166786,0.00158489,0.00251189,0.938938,0.9,1,0.737993,0.7,0.8,7.33169e-06,386668,14524.4,13941.5,0.01,0.95,10,10000,0.938,0.139,2,2,0.0375629,0,1
3380,10000,2.64509,2.37137,3.16228,0.00219157,0.00158489,0.00251189,0.941363,0.9,1,1.29474,1,1.5,3.66584e-05,193334,7015.94,6970.76,0.01,0.95,10,10000,0.938,0.139,5,3,0.03067,0,0.6
3381,10000,2.83606,2.37137,3.16228,0.00310677,0.00251189,0.00398107,0.0820464,0.05,0.1,0.0763355,0,0.1,5.80991e-06,3.76451e+08,2.76765e+06,1.35731e+07,0.01,0.95,10,10000,0.938,0.139,1543,101,0.00528583,0,0.0654569
3382,10000,2.74136,2.37137,3.16228,0.00316235,0.00251189,0.00398107,0.075285,0.05,0.1,0.160298,0.1,0.2,5.80991e-06,7.83155e+08,2.21439e+06,2.82371e+07,0.01,0.95,10,10000,0.938,0.139,3210,636,0.00210642,0,0.198131
3383,10000,2.71678,2.37137,3.16228,0.00319572,0.00251189,0.00398107,0.0728124,0.05,0.1,0.253222,0.2,0.3,5.80991e-06,9.37347e+08,1.67424e+06,3.37965e+07,0.01,0.95,10,10000,0.938,0.139,3842,1438,0.00140086,0,0.374284
3384,10000,2.7252,2.37137,3.16228,0.00318739,0.00251189,0.00398107,0.073346,0.05,0.1,0.350265,0.3,0.4,5.80991e-06,7.77544e+08,1.22646e+06,2.80347e+07,0.01,0.95,10,10000,0.938,0.139,3187,1673,0.00129875,0,0.524945
3385,10000,2.72555,2.37137,3.16228,0.00317453,0.00251189,0.00398107,0.0727619,0.05,0.1,0.446952,0.4,0.5,5.80991e-06,5.48941e+08,875529,1.97923e+07,0.01,0.95,10,10000,0.938,0.139,2250,1486,0.00137805,0,0.660444
3386,10000,2.72407,2.37137,3.16228,0.00316466,0.00251189,0.00398107,0.072732,0.05,0.1,0.547303,0.5,0.6,5.80991e-06,3.94261e+08,678417,1.42153e+07,0.01,0.95,10,10000,0.938,0.139,1616,1199,0.00153414,0,0.741955
3387,10000,2.71027,2.37137,3.16228,0.00318407,0.00251189,0.00398107,0.0734581,0.05,0.1,0.646112,0.6,0.7,5.80991e-06,2.7813e+08,567049,1.00281e+07,0.01,0.95,10,10000,0.938,0.139,1140,851,0.001821,0,0.746491
3388,10000,2.71997,2.37137,3.16228,0.00319203,0.00251189,0.00398107,0.0724515,0.05,0.1,0.746252,0.7,0.8,5.80991e-06,1.77857e+08,439929,6.41272e+06,0.01,0.95,10,10000,0.938,0.139,729,565,0.00223486,0,0.775034
3389,10000,2.73014,2.37137,3.16228,0.003197,0.00251189,0.00398107,0.074239,0.05,0.1,0.845846,0.8,0.9,5.80991e-06,1.14668e+08,359871,4.1344e+06,0.01,0.95,10,10000,0.938,0.139,470,356,0.00281546,0,0.757447
3390,10000,2.72608,2.37137,3.16228,0.00316364,0.00251189,0.00398107,0.0729231,0.05,0.1,0.944735,0.9,1,5.80991e-06,7.48999e+07,313832,2.70055e+06,0.01,0.95,10,10000,0.938,0.139,307,211,0.00365707,0,0.687296
3391,10000,2.70417,2.37137,3.16228,0.00316917,0.00251189,0.00398107,0.0734153,0.05,0.1,1.17683,1,1.5,2.90495e-05,2.47877e+07,80942.6,893734,0.01,0.95,10,10000,0.938,0.139,508,348,0.00284764,0,0.685039
3392,10000,2.73107,2.37137,3.16228,0.00326301,0.00251189,0.00398107,0.123385,0.1,0.15,0.0648321,0,0.1,5.80991e-06,1.20035e+08,581981,4.32792e+06,0.01,0.95,10,10000,0.938,0.139,492,193,0.0038238,0,0.392276
3393,10000,2.73146,2.37137,3.16228,0.00323735,0.00251189,0.00398107,0.122951,0.1,0.15,0.154856,0.1,0.2,5.80991e-06,3.16922e+08,902415,1.14268e+07,0.01,0.95,10,10000,0.938,0.139,1299,549,0.00226719,0,0.422633
3394,10000,2.70721,2.37137,3.16228,0.00320221,0.00251189,0.00398107,0.123396,0.1,0.15,0.253295,0.2,0.3,5.80991e-06,4.32077e+08,978203,1.55788e+07,0.01,0.95,10,10000,0.938,0.139,1771,840,0.00183288,0,0.474308
3395,10000,2.71205,2.37137,3.16228,0.0032009,0.00251189,0.00398107,0.122908,0.1,0.15,0.349591,0.3,0.4,5.80991e-06,3.9353e+08,829756,1.41889e+07,0.01,0.95,10,10000,0.938,0.139,1613,911,0.00176001,0,0.564786
3396,10000,2.71082,2.37137,3.16228,0.00321013,0.00251189,0.00398107,0.122519,0.1,0.15,0.448808,0.4,0.5,5.80991e-06,3.23753e+08,659092,1.16731e+07,0.01,0.95,10,10000,0.938,0.139,1327,900,0.00177073,0,0.678222
3397,10000,2.70368,2.37137,3.16228,0.00320323,0.00251189,0.00398107,0.122054,0.1,0.15,0.548439,0.5,0.6,5.80991e-06,2.27139e+08,520164,8.18963e+06,0.01,0.95,10,10000,0.938,0.139,931,682,0.00203414,0,0.732546
3398,10000,2.73084,2.37137,3.16228,0.00317303,0.00251189,0.00398107,0.122755,0.1,0.15,0.648466,0.6,0.7,5.80991e-06,1.6883e+08,427527,6.08724e+06,0.01,0.95,10,10000,0.938,0.139,692,538,0.00229025,0,0.777457
3399,10000,2.72059,2.37137,3.16228,0.00316302,0.00251189,0.00398107,0.123265,0.1,0.15,0.745704,0.7,0.8,5.80991e-06,1.19303e+08,355687,4.30154e+06,0.01,0.95,10,10000,0.938,0.139,489,385,0.00270734,0,0.787321
3400,10000,2.72587,2.37137,3.16228,0.00319096,0.00251189,0.00398107,0.121027,0.1,0.15,0.843259,0.8,0.9,5.80991e-06,7.09963e+07,261132,2.55981e+06,0.01,0.95,10,10000,0.938,0.139,291,243,0.00340777,0,0.835052
3401,10000,2.74043,2.37137,3.16228,0.00318895,0.00251189,0.00398107,0.123209,0.1,0.15,0.947418,0.9,1,5.80991e-06,5.05025e+07,213653,1.8209e+06,0.01,0.95,10,10000,0.938,0.139,207,179,0.00397052,0,0.864734
3402,10000,2.74512,2.37137,3.16228,0.00316687,0.00251189,0.00398107,0.123864,0.1,0.15,1.17737,1,1.5,2.90495e-05,1.75173e+07,61968.9,631596,0.01,0.95,10,10000,0.938,0.139,359,277,0.00319179,0,0.771588
3403,10000,2.7328,2.37137,3.16228,0.00331301,0.00251189,0.00398107,0.172809,0.15,0.2,0.0674222,0,0.1,5.80991e-06,5.5138e+07,318652,1.98803e+06,0.01,0.95,10,10000,0.938,0.139,226,123,0.00478984,0,0.544248
3404,10000,2.70139,2.37137,3.16228,0.00322051,0.00251189,0.00398107,0.172767,0.15,0.2,0.154587,0.1,0.2,5.80991e-06,1.72489e+08,567433,6.21919e+06,0.01,0.95,10,10000,0.938,0.139,707,381,0.00272152,0,0.538897
3405,10000,2.70113,2.37137,3.16228,0.00318518,0.00251189,0.00398107,0.172875,0.15,0.2,0.251694,0.2,0.3,5.80991e-06,2.40314e+08,643025,8.66465e+06,0.01,0.95,10,10000,0.938,0.139,985,563,0.00223882,0,0.571574
3406,10000,2.7055,2.37137,3.16228,0.0032415,0.00251189,0.00398107,0.172725,0.15,0.2,0.349849,0.3,0.4,5.80991e-06,2.42266e+08,620723,8.73502e+06,0.01,0.95,10,10000,0.938,0.139,993,600,0.00216869,0,0.60423
3407,10000,2.72247,2.37137,3.16228,0.00323843,0.00251189,0.00398107,0.172653,0.15,0.2,0.448,0.4,0.5,5.80991e-06,2.0079e+08,559673,7.2396e+06,0.01,0.95,10,10000,0.938,0.139,823,504,0.00236624,0,0.612394
3408,10000,2.72438,2.37137,3.16228,0.00318343,0.00251189,0.00398107,0.172963,0.15,0.2,0.549187,0.5,0.6,5.80991e-06,1.57851e+08,468928,5.6914e+06,0.01,0.95,10,10000,0.938,0.139,647,428,0.00256775,0,0.661515
3409,10000,2.70359,2.37137,3.16228,0.00320119,0.00251189,0.00398107,0.172053,0.15,0.2,0.650048,0.6,0.7,5.80991e-06,1.08568e+08,342005,3.91448e+06,0.01,0.95,10,10000,0.938,0.139,445,347,0.00285174,0,0.779775
3410,10000,2.71535,2.37137,3.16228,0.00324483,0.00251189,0.00398107,0.173368,0.15,0.2,0.744846,0.7,0.8,5.80991e-06,7.80716e+07,307452,2.81491e+06,0.01,0.95,10,10000,0.938,0.139,320,232,0.00348763,0,0.725
3411,10000,2.71224,2.37137,3.16228,0.00319629,0.00251189,0.00398107,0.174275,0.15,0.2,0.846275,0.8,0.9,5.80991e-06,5.5626e+07,232600,2.00562e+06,0.01,0.95,10,10000,0.938,0.139,228,189,0.00386405,0,0.828947
3412,10000,2.75918,2.37137,3.16228,0.00318573,0.00251189,0.00398107,0.175284,0.15,0.2,0.949367,0.9,1,5.80991e-06,3.78159e+07,187372,1.36347e+06,0.01,0.95,10,10000,0.938,0.139,155,132,0.00462367,0,0.851613
3413,10000,2.75871,2.37137,3.16228,0.00316316,0.00251189,0.00398107,0.173183,0.15,0.2,1.1804,1,1.5,2.90495e-05,1.31258e+07,51112.3,473257,0.01,0.95,10,10000,0.938,0.139,269,220,0.00358148,0,0.817844
3414,10000,2.73447,2.37137,3.16228,0.0032253,0.00251189,0.00398107,0.225034,0.2,0.25,0.06328,0,0.1,5.80991e-06,3.07407e+07,203916,1.10837e+06,0.01,0.95,10,10000,0.938,0.139,126,85,0.00576188,0,0.674603
3415,10000,2.71682,2.37137,3.16228,0.00329227,0.00251189,0.00398107,0.223387,0.2,0.25,0.153766,0.1,0.2,5.80991e-06,9.39299e+07,331738,3.38669e+06,0.01,0.95,10,10000,0.938,0.139,385,285,0.00314667,0,0.74026
3416,10000,2.71256,2.37137,3.16228,0.0031799,0.00251189,0.00398107,0.223709,0.2,0.25,0.252687,0.2,0.3,5.80991e-06,1.33942e+08,435690,4.82933e+06,0.01,0.95,10,10000,0.938,0.139,549,359,0.00280367,0,0.653916
3417,10000,2.71132,2.37137,3.16228,0.0031796,0.00251189,0.00398107,0.223187,0.2,0.25,0.347559,0.3,0.4,5.80991e-06,1.39797e+08,448392,5.04045e+06,0.01,0.95,10,10000,0.938,0.139,573,371,0.00275795,0,0.647469
3418,10000,2.72319,2.37137,3.16228,0.00320162,0.00251189,0.00398107,0.22303,0.2,0.25,0.449927,0.4,0.5,5.80991e-06,1.27354e+08,417861,4.59182e+06,0.01,0.95,10,10000,0.938,0.139,522,349,0.00284355,0,0.668582
3419,10000,2.70299,2.37137,3.16228,0.00315484,0.00251189,0.00398107,0.221992,0.2,0.25,0.549524,0.5,0.6,5.80991e-06,1.02225e+08,363723,3.68577e+06,0.01,0.95,10,10000,0.938,0.139,419,291,0.00311406,0,0.694511
3420,10000,2.69779,2.37137,3.16228,0.00316932,0.00251189,0.00398107,0.224285,0.2,0.25,0.647032,0.6,0.7,5.80991e-06,7.85595e+07,326234,2.8325e+06,0.01,0.95,10,10000,0.938,0.139,322,217,0.00360615,0,0.673913
3421,10000,2.74726,2.37137,3.16228,0.00315175,0.00251189,0.00398107,0.222618,0.2,0.25,0.750654,0.7,0.8,5.80991e-06,5.587e+07,257679,2.01442e+06,0.01,0.95,10,10000,0.938,0.139,229,168,0.00409845,0,0.733624
3422,10000,2.7397,2.37137,3.16228,0.00317233,0.00251189,0.00398107,0.223689,0.2,0.25,0.846448,0.8,0.9,5.80991e-06,3.85478e+07,202715,1.38986e+06,0.01,0.95,10,10000,0.938,0.139,158,124,0.00477049,0,0.78481
3423,10000,2.72199,2.37137,3.16228,0.00312874,0.00251189,0.00398107,0.223221,0.2,0.25,0.950313,0.9,1,5.80991e-06,2.7813e+07,182900,1.00281e+06,0.01,0.95,10,10000,0.938,0.139,114,83,0.00583089,0,0.72807
3424,10000,2.74841,2.37137,3.16228,0.00315155,0.00251189,0.00398107,0.224349,0.2,0.25,1.17459,1,1.5,2.90495e-05,1.02469e+07,44663.2,369457,0.01,0.95,10,10000,0.938,0.139,210,174,0.00402716,0,0.828571
3425,10000,2.7375,2.37137,3.16228,0.00320821,0.00251189,0.00398107,0.273816,0.25,0.3,0.0688761,0,0.1,5.80991e-06,2.31775e+07,165394,835677,0.01,0.95,10,10000,0.938,0.139,95,70,0.00634929,0,0.736842
3426,10000,2.68377,2.37137,3.16228,0.00318064,0.00251189,0.00398107,0.27384,0.25,0.3,0.156,0.1,0.2,5.80991e-06,6.31892e+07,261938,2.27832e+06,0.01,0.95,10,10000,0.938,0.139,259,201,0.00374693,0,0.776062
3427,10000,2.70239,2.37137,3.16228,0.00321402,0.00251189,0.00398107,0.27372,0.25,0.3,0.250949,0.2,0.3,5.80991e-06,8.2951e+07,313416,2.99084e+06,0.01,0.95,10,10000,0.938,0.139,340,250,0.00335973,0,0.735294
3428,10000,2.74144,2.37137,3.16228,0.00318395,0.00251189,0.00398107,0.272336,0.25,0.3,0.349686,0.3,0.4,5.80991e-06,9.51497e+07,337310,3.43067e+06,0.01,0.95,10,10000,0.938,0.139,390,285,0.00314667,0,0.730769
3429,10000,2.73863,2.37137,3.16228,0.00319787,0.00251189,0.00398107,0.273515,0.25,0.3,0.451089,0.4,0.5,5.80991e-06,8.88064e+07,311866,3.20196e+06,0.01,0.95,10,10000,0.938,0.139,364,281,0.00316899,0,0.771978
3430,10000,2.73515,2.37137,3.16228,0.0031941,0.00251189,0.00398107,0.273423,0.25,0.3,0.5492,0.5,0.6,5.80991e-06,7.19722e+07,286599,2.595e+06,0.01,0.95,10,10000,0.938,0.139,295,222,0.00356531,0,0.752542
3431,10000,2.72263,2.37137,3.16228,0.00318097,0.00251189,0.00398107,0.272618,0.25,0.3,0.647774,0.6,0.7,5.80991e-06,5.02586e+07,239525,1.8121e+06,0.01,0.95,10,10000,0.938,0.139,206,155,0.00426686,0,0.752427
3432,10000,2.69142,2.37137,3.16228,0.00309338,0.00251189,0.00398107,0.273213,0.25,0.3,0.747382,0.7,0.8,5.80991e-06,3.83039e+07,205094,1.38107e+06,0.01,0.95,10,10000,0.938,0.139,157,121,0.00482927,0,0.770701
3433,10000,2.73659,2.37137,3.16228,0.00318121,0.00251189,0.00398107,0.272979,0.25,0.3,0.850153,0.8,0.9,5.80991e-06,2.63492e+07,165597,950032,0.01,0.95,10,10000,0.938,0.139,108,86,0.00572829,0,0.796296
3434,10000,2.71424,2.37137,3.16228,0.00318931,0.00251189,0.00398107,0.272954,0.25,0.3,0.950027,0.9,1,5.80991e-06,2.22016e+07,147672,800490,0.01,0.95,10,10000,0.938,0.139,91,75,0.00613399,0,0.824176
3435,10000,2.74379,2.37137,3.16228,0.00320353,0.00251189,0.00398107,0.276268,0.25,0.3,1.15567,1,1.5,2.90495e-05,8.44149e+06,43410,304362,0.01,0.95,10,10000,0.938,0.139,173,132,0.00462367,0,0.763006
3436,10000,2.69348,2.37137,3.16228,0.00322723,0.00251189,0.00398107,0.345508,0.3,0.4,0.0641454,0,0.1,1.16198e-05,9.88093e+06,70338.5,356262,0.01,0.95,10,10000,0.938,0.139,81,66,0.00653886,0,0.814815
3437,10000,2.72218,2.37137,3.16228,0.00321051,0.00251189,0.00398107,0.347549,0.3,0.4,0.156472,0.1,0.2,1.16198e-05,3.03747e+07,127465,1.09518e+06,0.01,0.95,10,10000,0.938,0.139,249,195,0.00380414,0,0.783133
3438,10000,2.6975,2.37137,3.16228,0.00322555,0.00251189,0.00398107,0.341658,0.3,0.4,0.252663,0.2,0.3,1.16198e-05,3.95237e+07,151582,1.42505e+06,0.01,0.95,10,10000,0.938,0.139,324,241,0.00342189,0,0.743827
3439,10000,2.69765,2.37137,3.16228,0.00318348,0.00251189,0.00398107,0.34434,0.3,0.4,0.349976,0.3,0.4,1.16198e-05,4.91607e+07,155439,1.77251e+06,0.01,0.95,10,10000,0.938,0.139,403,332,0.00291545,0,0.823821
3440,10000,2.69611,2.37137,3.16228,0.00317555,0.00251189,0.00398107,0.347002,0.3,0.4,0.447206,0.4,0.5,1.16198e-05,4.79408e+07,157922,1.72853e+06,0.01,0.95,10,10000,0.938,0.139,393,313,0.00300263,0,0.796438
3441,10000,2.70456,2.37137,3.16228,0.00320778,0.00251189,0.00398107,0.34513,0.3,0.4,0.55152,0.5,0.6,1.16198e-05,4.11096e+07,145067,1.48223e+06,0.01,0.95,10,10000,0.938,0.139,337,271,0.00322693,0,0.804154
3442,10000,2.70648,2.37137,3.16228,0.00322423,0.00251189,0.00398107,0.343542,0.3,0.4,0.649193,0.6,0.7,1.16198e-05,3.44003e+07,133573,1.24032e+06,0.01,0.95,10,10000,0.938,0.139,282,225,0.00354146,0,0.797872
3443,10000,2.70255,2.37137,3.16228,0.00322763,0.00251189,0.00398107,0.344445,0.3,0.4,0.749513,0.7,0.8,1.16198e-05,2.37874e+07,105117,857668,0.01,0.95,10,10000,0.938,0.139,195,166,0.00412306,0,0.851282
3444,10000,2.74262,2.37137,3.16228,0.00312441,0.00251189,0.00398107,0.346411,0.3,0.4,0.845587,0.8,0.9,1.16198e-05,2.07378e+07,112225,747711,0.01,0.95,10,10000,0.938,0.139,170,123,0.00478984,0,0.723529
3445,10000,2.70212,2.37137,3.16228,0.0032593,0.00251189,0.00398107,0.352425,0.3,0.4,0.942822,0.9,1,1.16198e-05,1.37845e+07,85465.6,497008,0.01,0.95,10,10000,0.938,0.139,113,89,0.00563091,0,0.787611
3446,10000,2.75138,2.37137,3.16228,0.00324123,0.00251189,0.00398107,0.343568,0.3,0.4,1.1884,1,1.5,5.80991e-05,5.75778e+06,24798.6,207600,0.01,0.95,10,10000,0.938,0.139,236,185,0.0039056,0,0.783898
3447,10000,2.65197,2.37137,3.16228,0.00322157,0.00251189,0.00398107,0.43827,0.4,0.5,0.0681026,0,0.1,1.16198e-05,5.36742e+06,48181.4,193525,0.01,0.95,10,10000,0.938,0.139,44,39,0.00850632,0,0.886364
3448,10000,2.6799,2.37137,3.16228,0.00323719,0.00251189,0.00398107,0.447253,0.4,0.5,0.16059,0.1,0.2,1.16198e-05,1.26866e+07,78710.8,457423,0.01,0.95,10,10000,0.938,0.139,104,86,0.00572829,0,0.826923
3449,10000,2.6912,2.37137,3.16228,0.00325957,0.00251189,0.00398107,0.446825,0.4,0.5,0.25274,0.2,0.3,1.16198e-05,1.75661e+07,92669.8,633355,0.01,0.95,10,10000,0.938,0.139,144,119,0.00486968,0,0.826389
3450,10000,2.68091,2.37137,3.16228,0.00319123,0.00251189,0.00398107,0.439309,0.4,0.5,0.349778,0.3,0.4,1.16198e-05,2.39094e+07,123081,862066,0.01,0.95,10,10000,0.938,0.139,196,138,0.00452204,0,0.704082
3451,10000,2.71306,2.37137,3.16228,0.00316713,0.00251189,0.00398107,0.442381,0.4,0.5,0.451614,0.4,0.5,1.16198e-05,2.31775e+07,114993,835677,0.01,0.95,10,10000,0.938,0.139,190,143,0.00444228,0,0.752632
3452,10000,2.68645,2.37137,3.16228,0.00318145,0.00251189,0.00398107,0.444083,0.4,0.5,0.5506,0.5,0.6,1.16198e-05,2.12257e+07,101141,765304,0.01,0.95,10,10000,0.938,0.139,174,145,0.00441154,0,0.833333
3453,10000,2.70562,2.37137,3.16228,0.00318776,0.00251189,0.00398107,0.44996,0.4,0.5,0.647065,0.6,0.7,1.16198e-05,1.73221e+07,92256.4,624558,0.01,0.95,10,10000,0.938,0.139,142,117,0.00491113,0,0.823944
3454,10000,2.72055,2.37137,3.16228,0.00318414,0.00251189,0.00398107,0.446846,0.4,0.5,0.747416,0.7,0.8,1.16198e-05,1.19547e+07,74074.6,431033,0.01,0.95,10,10000,0.938,0.139,98,84,0.00579608,0,0.857143
3455,10000,2.69175,2.37137,3.16228,0.00323227,0.00251189,0.00398107,0.443631,0.4,0.5,0.845027,0.8,0.9,1.16198e-05,8.53908e+06,65424.1,307881,0.01,0.95,10,10000,0.938,0.139,70,57,0.00703617,0,0.814286
3456,10000,2.67674,2.37137,3.16228,0.00326988,0.00251189,0.00398107,0.444176,0.4,0.5,0.943866,0.9,1,1.16198e-05,8.05113e+06,74451.6,290288,0.01,0.95,10,10000,0.938,0.139,66,44,0.00800843,0,0.666667
3457,10000,2.70366,2.37137,3.16228,0.00323771,0.00251189,0.00398107,0.444429,0.4,0.5,1.19456,1,1.5,5.80991e-05,4.31833e+06,21700.7,155700,0.01,0.95,10,10000,0.938,0.139,177,137,0.00453851,0,0.774011
3458,10000,2.80835,2.37137,3.16228,0.00290448,0.00251189,0.00398107,0.542541,0.5,0.6,0.0644381,0,0.1,1.16198e-05,1.70782e+06,30142.5,61576.2,0.01,0.95,10,10000,0.938,0.139,14,11,0.0160169,0,0.785714
3459,10000,2.6593,2.37137,3.16228,0.0032391,0.00251189,0.00398107,0.542337,0.5,0.6,0.153039,0.1,0.2,1.16198e-05,5.36742e+06,54171.5,193525,0.01,0.95,10,10000,0.938,0.139,44,34,0.00911034,0,0.772727
3460,10000,2.67064,2.37137,3.16228,0.00326425,0.00251189,0.00398107,0.547212,0.5,0.6,0.256234,0.2,0.3,1.16198e-05,8.66106e+06,62920.7,312279,0.01,0.95,10,10000,0.938,0.139,71,61,0.00680157,0,0.859155
3461,10000,2.69055,2.37137,3.16228,0.00325309,0.00251189,0.00398107,0.542506,0.5,0.6,0.346881,0.3,0.4,1.16198e-05,1.08568e+07,73318.8,391448,0.01,0.95,10,10000,0.938,0.139,89,73,0.00621745,0,0.820225
3462,10000,2.68838,2.37137,3.16228,0.00323107,0.00251189,0.00398107,0.542566,0.5,0.6,0.451628,0.4,0.5,1.16198e-05,1.25646e+07,78467.3,453025,0.01,0.95,10,10000,0.938,0.139,103,85,0.00576188,0,0.825243
3463,10000,2.66695,2.37137,3.16228,0.00318732,0.00251189,0.00398107,0.545525,0.5,0.6,0.543837,0.5,0.6,1.16198e-05,9.39299e+06,73156.7,338669,0.01,0.95,10,10000,0.938,0.139,77,58,0.00697525,0,0.753247
3464,10000,2.66097,2.37137,3.16228,0.00323679,0.00251189,0.00398107,0.542541,0.5,0.6,0.649035,0.6,0.7,1.16198e-05,1.14668e+07,84431.8,413440,0.01,0.95,10,10000,0.938,0.139,94,67,0.00648988,0,0.712766
3465,10000,2.73657,2.37137,3.16228,0.00324894,0.00251189,0.00398107,0.544624,0.5,0.6,0.753447,0.7,0.8,1.16198e-05,5.97735e+06,62235.1,215517,0.01,0.95,10,10000,0.938,0.139,49,34,0.00911034,0,0.693878
3466,10000,2.68607,2.37137,3.16228,0.00331597,0.00251189,0.00398107,0.554721,0.5,0.6,0.847985,0.8,0.9,1.16198e-05,5.48941e+06,70093.8,197923,0.01,0.95,10,10000,0.938,0.139,45,25,0.0106244,0,0.555556
3467,10000,2.70812,2.37137,3.16228,0.00319906,0.00251189,0.00398107,0.541534,0.5,0.6,0.953301,0.9,1,1.16198e-05,4.51351e+06,46423.8,162737,0.01,0.95,10,10000,0.938,0.139,37,31,0.00954098,0,0.837838
3468,10000,2.70772,2.37137,3.16228,0.00321444,0.00251189,0.00398107,0.538119,0.5,0.6,1.23507,1,1.5,5.80991e-05,2.36654e+06,16433.6,85327,0.01,0.95,10,10000,0.938,0.139,97,73,0.00621745,0,0.752577
3469,10000,2.67355,2.37137,3.16228,0.00352429,0.00251189,0.00398107,0.608245,0.6,0.7,0.074845,0,0.1,1.16198e-05,853908,32830.1,30788.1,0.01,0.95,10,10000,0.938,0.139,7,3,0.03067,0,0.428571
3470,10000,2.65024,2.37137,3.16228,0.0032616,0.00251189,0.00398107,0.647122,0.6,0.7,0.153229,0.1,0.2,1.16198e-05,3.29364e+06,51892,118754,0.01,0.95,10,10000,0.938,0.139,27,16,0.0132805,0,0.592593
3471,10000,2.69147,2.37137,3.16228,0.0030768,0.00251189,0.00398107,0.64557,0.6,0.7,0.264515,0.2,0.3,1.16198e-05,5.36742e+06,61311.3,193525,0.01,0.95,10,10000,0.938,0.139,44,29,0.0098645,0,0.659091
3472,10000,2.61017,2.37137,3.16228,0.00331528,0.00251189,0.00398107,0.641487,0.6,0.7,0.366862,0.3,0.4,1.16198e-05,5.12345e+06,70501.1,184729,0.01,0.95,10,10000,0.938,0.139,42,22,0.0113256,0,0.52381
3473,10000,2.76842,2.37137,3.16228,0.00319187,0.00251189,0.00398107,0.635109,0.6,0.7,0.45388,0.4,0.5,1.16198e-05,5.24543e+06,79796.1,189127,0.01,0.95,10,10000,0.938,0.139,43,19,0.012187,0,0.44186
3474,10000,2.68794,2.37137,3.16228,0.00317443,0.00251189,0.00398107,0.645708,0.6,0.7,0.541595,0.5,0.6,1.16198e-05,7.31921e+06,68404.6,263898,0.01,0.95,10,10000,0.938,0.139,60,42,0.00819689,0,0.7
3475,10000,2.63983,2.37137,3.16228,0.00309086,0.00251189,0.00398107,0.650682,0.6,0.7,0.657691,0.6,0.7,1.16198e-05,4.6355e+06,49464.9,167135,0.01,0.95,10,10000,0.938,0.139,38,30,0.0096987,0,0.789474
3476,10000,2.67626,2.37137,3.16228,0.00335892,0.00251189,0.00398107,0.65116,0.6,0.7,0.748538,0.7,0.8,1.16198e-05,4.51351e+06,75048.5,162737,0.01,0.95,10,10000,0.938,0.139,37,16,0.0132805,0,0.432432
3477,10000,2.74843,2.37137,3.16228,0.00339386,0.00251189,0.00398107,0.637496,0.6,0.7,0.845456,0.8,0.9,1.16198e-05,2.92768e+06,39220.6,105559,0.01,0.95,10,10000,0.938,0.139,24,19,0.012187,0,0.791667
3478,10000,2.61292,2.37137,3.16228,0.00352355,0.00251189,0.00398107,0.634673,0.6,0.7,0.965123,0.9,1,1.16198e-05,2.8057e+06,49514.9,101161,0.01,0.95,10,10000,0.938,0.139,23,13,0.0147334,0,0.565217
3479,10000,2.77157,2.37137,3.16228,0.00328928,0.00251189,0.00398107,0.646669,0.6,0.7,1.22465,1,1.5,5.80991e-05,1.61023e+06,15412.9,58057.5,0.01,0.95,10,10000,0.938,0.139,66,42,0.00819689,0,0.636364
3480,10000,2.73527,2.37137,3.16228,0.00314303,0.00251189,0.00398107,0.73332,0.7,0.8,0.0907984,0,0.1,1.16198e-05,487947,16731.7,17593.2,0.01,0.95,10,10000,0.938,0.139,4,3,0.03067,0,0.75
3481,10000,2.68611,2.37137,3.16228,0.00311728,0.00251189,0.00398107,0.746626,0.7,0.8,0.155336,0.1,0.2,1.16198e-05,1.8298e+06,38337.2,65974.5,0.01,0.95,10,10000,0.938,0.139,15,9,0.0177073,0,0.6
3482,10000,2.65265,2.37137,3.16228,0.00318397,0.00251189,0.00398107,0.737678,0.7,0.8,0.270736,0.2,0.3,1.16198e-05,1.95179e+06,41437.1,70372.8,0.01,0.95,10,10000,0.938,0.139,16,9,0.0177073,0,0.5625
3483,10000,2.69026,2.37137,3.16228,0.00321632,0.00251189,0.00398107,0.735851,0.7,0.8,0.348235,0.3,0.4,1.16198e-05,2.56172e+06,39841.2,92364.3,0.01,0.95,10,10000,0.938,0.139,21,15,0.013716,0,0.714286
3484,10000,2.67826,2.37137,3.16228,0.00312593,0.00251189,0.00398107,0.73632,0.7,0.8,0.440156,0.4,0.5,1.16198e-05,3.41563e+06,49822,123152,0.01,0.95,10,10000,0.938,0.139,28,18,0.012521,0,0.642857
3485,10000,2.69363,2.37137,3.16228,0.00338578,0.00251189,0.00398107,0.740773,0.7,0.8,0.545578,0.5,0.6,1.16198e-05,2.07378e+06,41392.1,74771.1,0.01,0.95,10,10000,0.938,0.139,17,10,0.0167986,0,0.588235
3486,10000,2.68528,2.37137,3.16228,0.00303069,0.00251189,0.00398107,0.737997,0.7,0.8,0.643462,0.6,0.7,1.16198e-05,2.56172e+06,53121.6,92364.3,0.01,0.95,10,10000,0.938,0.139,21,10,0.0167986,0,0.47619
3487,10000,2.69867,2.37137,3.16228,0.0028906,0.00251189,0.00398107,0.730562,0.7,0.8,0.758104,0.7,0.8,1.16198e-05,1.58583e+06,38493.4,57177.9,0.01,0.95,10,10000,0.938,0.139,13,7,0.0200782,0,0.538462
3488,10000,2.72907,2.37137,3.16228,0.00337884,0.00251189,0.00398107,0.733871,0.7,0.8,0.830848,0.8,0.9,1.16198e-05,1.95179e+06,41437.1,70372.8,0.01,0.95,10,10000,0.938,0.139,16,9,0.0177073,0,0.5625
3489,10000,2.67041,2.37137,3.16228,0.00281766,0.00251189,0.00398107,0.743319,0.7,0.8,0.937434,0.9,1,1.16198e-05,853908,27108.5,30788.1,0.01,0.95,10,10000,0.938,0.139,7,4,0.026561,0,0.571429
3490,10000,2.67564,2.37137,3.16228,0.00314821,0.00251189,0.00398107,0.743862,0.7,0.8,1.26121,1,1.5,5.80991e-05,878305,10997.2,31667.7,0.01,0.95,10,10000,0.938,0.139,36,24,0.0108435,0,0.666667
3491,10000,2.52767,2.37137,3.16228,0.00367599,0.00251189,0.00398107,0.823362,0.8,0.9,0.0807126,0,0.1,1.16198e-05,121987,6480.18,4398.3,0.01,0.95,10,10000,0.938,0.139,1,1,0.0531219,0,1
3492,10000,2.6632,2.37137,3.16228,0.00320719,0.00251189,0.00398107,0.854716,0.8,0.9,0.146792,0.1,0.2,1.16198e-05,1.21987e+06,27926.1,43983,0.01,0.95,10,10000,0.938,0.139,10,7,0.0200782,0,0.7
3493,10000,2.66127,2.37137,3.16228,0.00315793,0.00251189,0.00398107,0.837984,0.8,0.9,0.247151,0.2,0.3,1.16198e-05,1.34186e+06,28431.7,48381.3,0.01,0.95,10,10000,0.938,0.139,11,8,0.0187814,0,0.727273
3494,10000,2.64902,2.37137,3.16228,0.00315514,0.00251189,0.00398107,0.831202,0.8,0.9,0.334898,0.3,0.4,1.16198e-05,1.58583e+06,29554.2,57177.9,0.01,0.95,10,10000,0.938,0.139,13,10,0.0167986,0,0.769231
3495,10000,2.67889,2.37137,3.16228,0.00308903,0.00251189,0.00398107,0.855404,0.8,0.9,0.43805,0.4,0.5,1.16198e-05,1.09788e+06,24370,39584.7,0.01,0.95,10,10000,0.938,0.139,9,7,0.0200782,0,0.777778
3496,10000,2.76818,2.37137,3.16228,0.00325372,0.00251189,0.00398107,0.849236,0.8,0.9,0.556257,0.5,0.6,1.16198e-05,1.34186e+06,23543.7,48381.3,0.01,0.95,10,10000,0.938,0.139,11,10,0.0167986,0,0.909091
3497,10000,2.58038,2.37137,3.16228,0.00299533,0.00251189,0.00398107,0.809774,0.8,0.9,0.67318,0.6,0.7,1.16198e-05,853908,27108.5,30788.1,0.01,0.95,10,10000,0.938,0.139,7,4,0.026561,0,0.571429
3498,10000,2.54028,2.37137,3.16228,0.00347065,0.00251189,0.00398107,0.848138,0.8,0.9,0.744308,0.7,0.8,1.16198e-05,609934,22134,21991.5,0.01,0.95,10,10000,0.938,0.139,5,3,0.03067,0,0.6
3499,10000,2.75759,2.37137,3.16228,0.0033536,0.00251189,0.00398107,0.834958,0.8,0.9,0.838139,0.8,0.9,1.16198e-05,975895,27185.9,35186.4,0.01,0.95,10,10000,0.938,0.139,8,5,0.0237569,0,0.625
3500,10000,2.76661,2.37137,3.16228,0.00348437,0.00251189,0.00398107,0.837741,0.8,0.9,0.913997,0.9,1,1.16198e-05,487947,22448,17593.2,0.01,0.95,10,10000,0.938,0.139,4,2,0.0375629,0,0.5
3501,10000,2.6181,2.37137,3.16228,0.00334657,0.00251189,0.00398107,0.868889,0.8,0.9,1.22704,1,1.5,5.80991e-05,146384,-nan,5277.96,0.01,0.95,10,10000,0.938,0.139,6,7,0.0200782,0,1.16667
3502,10000,2.40924,2.37137,3.16228,0.00283549,0.00251189,0.00398107,0.906313,0.9,1,0.0538671,0,0.1,1.16198e-05,243974,15873.1,8796.6,0.01,0.95,10,10000,0.938,0.139,2,1,0.0531219,0,0.5
3503,10000,2.58221,2.37137,3.16228,0.00269045,0.00251189,0.00398107,0.920435,0.9,1,0.135767,0.1,0.2,1.16198e-05,121987,-nan,4398.3,0.01,0.95,10,10000,0.938,0.139,1,2,0.0375629,0,2
3504,10000,2.66319,2.37137,3.16228,0.00303468,0.00251189,0.00398107,0.975547,0.9,1,0.24731,0.2,0.3,1.16198e-05,487947,12960.4,17593.2,0.01,0.95,10,10000,0.938,0.139,4,4,0.026561,0,1
3505,10000,2.69005,2.37137,3.16228,0.00296945,0.00251189,0.00398107,0.949405,0.9,1,0.351443,0.3,0.4,1.16198e-05,975895,38154.3,35186.4,0.01,0.95,10,10000,0.938,0.139,8,3,0.03067,0,0.375
3506,10000,2.78591,2.37137,3.16228,0.00303911,0.00251189,0.00398107,0.9218,0.9,1,0.418509,0.4,0.5,1.16198e-05,487947,34289.9,17593.2,0.01,0.95,10,10000,0.938,0.139,4,1,0.0531219,0,0.25
3507,10000,2.55167,2.37137,3.16228,0.0030704,0.00251189,0.00398107,0.985871,0.9,1,0.515699,0.5,0.6,1.16198e-05,487947,34289.9,17593.2,0.01,0.95,10,10000,0.938,0.139,4,1,0.0531219,0,0.25
3508,10000,2.85194,2.37137,3.16228,0.00356185,0.00251189,0.00398107,0.959643,0.9,1,0.643985,0.6,0.7,1.16198e-05,609934,22134,21991.5,0.01,0.95,10,10000,0.938,0.139,5,3,0.03067,0,0.6
3509,10000,2.79299,2.37137,3.16228,0.00361087,0.00251189,0.00398107,0.930159,0.9,1,0.732408,0.7,0.8,1.16198e-05,487947,16731.7,17593.2,0.01,0.95,10,10000,0.938,0.139,4,3,0.03067,0,0.75
3510,10000,2.46184,2.37137,3.16228,0.00272028,0.00251189,0.00398107,0.945411,0.9,1,0.806862,0.8,0.9,1.16198e-05,243974,9164.35,8796.6,0.01,0.95,10,10000,0.938,0.139,2,2,0.0375629,0,1
3511,10000,2.75606,2.37137,3.16228,0.00376424,0.00251189,0.00398107,0.998303,0.9,1,1.04859,1,1.5,5.80991e-05,97589.5,6857.98,3518.64,0.01,0.95,10,10000,0.938,0.139,4,1,0.0531219,0,0.25
3512,10000,2.72354,2.37137,3.16228,0.00509126,0.00398107,0.00630957,0.0832181,0.05,0.1,0.0775139,0,0.1,9.20811e-06,2.28904e+08,1.73592e+06,8.25324e+06,0.01,0.95,10,10000,0.938,0.139,1487,95,0.0054502,0,0.063887
3513,10000,2.7469,2.37137,3.16228,0.00503888,0.00398107,0.00630957,0.0750925,0.05,0.1,0.159569,0.1,0.2,9.20811e-06,5.12917e+08,1.32054e+06,1.84935e+07,0.01,0.95,10,10000,0.938,0.139,3332,755,0.00193331,0,0.226591
3514,10000,2.73918,2.37137,3.16228,0.00499848,0.00398107,0.00630957,0.0734921,0.05,0.1,0.252138,0.2,0.3,9.20811e-06,6.14823e+08,1.18362e+06,2.21677e+07,0.01,0.95,10,10000,0.938,0.139,3994,1279,0.00148538,0,0.32023
3515,10000,2.71851,2.37137,3.16228,0.00502113,0.00398107,0.00630957,0.0720863,0.05,0.1,0.351156,0.3,0.4,9.20811e-06,5.04758e+08,849226,1.81993e+07,0.01,0.95,10,10000,0.938,0.139,3279,1529,0.00135853,0,0.466301
3516,10000,2.72642,2.37137,3.16228,0.0050574,0.00398107,0.00630957,0.0722289,0.05,0.1,0.447714,0.4,0.5,9.20811e-06,3.52669e+08,596519,1.27156e+07,0.01,0.95,10,10000,0.938,0.139,2291,1379,0.00143051,0,0.601921
3517,10000,2.72067,2.37137,3.16228,0.00503545,0.00398107,0.00630957,0.0726698,0.05,0.1,0.546951,0.5,0.6,9.20811e-06,2.65541e+08,454845,9.5742e+06,0.01,0.95,10,10000,0.938,0.139,1725,1235,0.00151161,0,0.715942
3518,10000,2.73753,2.37137,3.16228,0.00508826,0.00398107,0.00630957,0.0731035,0.05,0.1,0.64743,0.6,0.7,9.20811e-06,1.70254e+08,344907,6.13859e+06,0.01,0.95,10,10000,0.938,0.139,1106,848,0.00182422,0,0.766727
3519,10000,2.71994,2.37137,3.16228,0.0050487,0.00398107,0.00630957,0.0733213,0.05,0.1,0.748231,0.7,0.8,9.20811e-06,1.04061e+08,272329,3.75198e+06,0.01,0.95,10,10000,0.938,0.139,676,512,0.00234768,0,0.757396
3520,10000,2.72164,2.37137,3.16228,0.00504116,0.00398107,0.00630957,0.0715554,0.05,0.1,0.846862,0.8,0.9,9.20811e-06,6.88096e+07,213533,2.48097e+06,0.01,0.95,10,10000,0.938,0.139,447,354,0.0028234,0,0.791946
3521,10000,2.69295,2.37137,3.16228,0.00500263,0.00398107,0.00630957,0.0740028,0.05,0.1,0.946404,0.9,1,9.20811e-06,4.64888e+07,180579,1.67618e+06,0.01,0.95,10,10000,0.938,0.139,302,231,0.00349517,0,0.764901
3522,10000,2.72244,2.37137,3.16228,0.00509909,0.00398107,0.00630957,0.0719841,0.05,0.1,1.16796,1,1.5,4.60405e-05,1.33925e+07,42898.2,482873,0.01,0.95,10,10000,0.938,0.139,435,337,0.00289374,0,0.774713
3523,10000,2.76354,2.37137,3.16228,0.00499418,0.00398107,0.00630957,0.127238,0.1,0.15,0.0666116,0,0.1,9.20811e-06,8.05088e+07,360291,2.90279e+06,0.01,0.95,10,10000,0.938,0.139,523,222,0.00356531,0,0.424474
3524,10000,2.7338,2.37137,3.16228,0.00504348,0.00398107,0.00630957,0.124268,0.1,0.15,0.155096,0.1,0.2,9.20811e-06,2.08276e+08,559935,7.5095e+06,0.01,0.95,10,10000,0.938,0.139,1353,606,0.00215793,0,0.447894
3525,10000,2.73368,2.37137,3.16228,0.00505007,0.00398107,0.00630957,0.123314,0.1,0.15,0.251484,0.2,0.3,9.20811e-06,2.78471e+08,617201,1.00404e+07,0.01,0.95,10,10000,0.938,0.139,1809,872,0.00179894,0,0.482034
3526,10000,2.71762,2.37137,3.16228,0.00501076,0.00398107,0.00630957,0.123505,0.1,0.15,0.347757,0.3,0.4,9.20811e-06,2.71082e+08,574569,9.77401e+06,0.01,0.95,10,10000,0.938,0.139,1761,926,0.0017457,0,0.525838
3527,10000,2.71664,2.37137,3.16228,0.00503901,0.00398107,0.00630957,0.123224,0.1,0.15,0.449025,0.4,0.5,9.20811e-06,2.10585e+08,458333,7.59276e+06,0.01,0.95,10,10000,0.938,0.139,1368,830,0.00184389,0,0.606725
3528,10000,2.73399,2.37137,3.16228,0.00501022,0.00398107,0.00630957,0.123674,0.1,0.15,0.547323,0.5,0.6,9.20811e-06,1.53937e+08,360287,5.55026e+06,0.01,0.95,10,10000,0.938,0.139,1000,680,0.00203713,0,0.68
3529,10000,2.71556,2.37137,3.16228,0.00502208,0.00398107,0.00630957,0.123558,0.1,0.15,0.646331,0.6,0.7,9.20811e-06,1.01906e+08,268802,3.67427e+06,0.01,0.95,10,10000,0.938,0.139,662,503,0.00236859,0,0.759819
3530,10000,2.72638,2.37137,3.16228,0.00500414,0.00398107,0.00630957,0.124521,0.1,0.15,0.744887,0.7,0.8,9.20811e-06,7.06569e+07,230036,2.54757e+06,0.01,0.95,10,10000,0.938,0.139,459,337,0.00289374,0,0.734205
3531,10000,2.74771,2.37137,3.16228,0.0050652,0.00398107,0.00630957,0.123213,0.1,0.15,0.842591,0.8,0.9,9.20811e-06,4.66428e+07,194052,1.68173e+06,0.01,0.95,10,10000,0.938,0.139,303,212,0.00364843,0,0.69967
3532,10000,2.71519,2.37137,3.16228,0.00500348,0.00398107,0.00630957,0.122625,0.1,0.15,0.943539,0.9,1,9.20811e-06,2.86322e+07,150380,1.03235e+06,0.01,0.95,10,10000,0.938,0.139,186,132,0.00462367,0,0.709677
3533,10000,2.74942,2.37137,3.16228,0.00510226,0.00398107,0.00630957,0.123088,0.1,0.15,1.16844,1,1.5,4.60405e-05,1.11142e+07,44174.7,400729,0.01,0.95,10,10000,0.938,0.139,361,239,0.00343617,0,0.66205
3534,10000,2.74271,2.37137,3.16228,0.00491544,0.00398107,0.00630957,0.174243,0.15,0.2,0.0667005,0,0.1,9.20811e-06,3.69448e+07,180001,1.33206e+06,0.01,0.95,10,10000,0.938,0.139,240,159,0.00421284,0,0.6625
3535,10000,2.72325,2.37137,3.16228,0.00503724,0.00398107,0.00630957,0.173767,0.15,0.2,0.153883,0.1,0.2,9.20811e-06,1.03907e+08,298961,3.74643e+06,0.01,0.95,10,10000,0.938,0.139,675,453,0.00249589,0,0.671111
3536,10000,2.71563,2.37137,3.16228,0.00505602,0.00398107,0.00630957,0.173407,0.15,0.2,0.251152,0.2,0.3,9.20811e-06,1.51474e+08,375140,5.46146e+06,0.01,0.95,10,10000,0.938,0.139,984,627,0.00212149,0,0.637195
3537,10000,2.71424,2.37137,3.16228,0.00503563,0.00398107,0.00630957,0.173602,0.15,0.2,0.349674,0.3,0.4,9.20811e-06,1.59786e+08,385044,5.76117e+06,0.01,0.95,10,10000,0.938,0.139,1038,662,0.00206464,0,0.637765
3538,10000,2.74438,2.37137,3.16228,0.00505173,0.00398107,0.00630957,0.172357,0.15,0.2,0.448484,0.4,0.5,9.20811e-06,1.35772e+08,356098,4.89533e+06,0.01,0.95,10,10000,0.938,0.139,882,560,0.00224481,0,0.634921
3539,10000,2.7222,2.37137,3.16228,0.00503963,0.00398107,0.00630957,0.173476,0.15,0.2,0.546665,0.5,0.6,9.20811e-06,1.03599e+08,306479,3.73533e+06,0.01,0.95,10,10000,0.938,0.139,673,436,0.00254408,0,0.647845
3540,10000,2.72683,2.37137,3.16228,0.00501094,0.00398107,0.00630957,0.172899,0.15,0.2,0.646226,0.6,0.7,9.20811e-06,7.69683e+07,236566,2.77513e+06,0.01,0.95,10,10000,0.938,0.139,500,374,0.00274687,0,0.748
3541,10000,2.7235,2.37137,3.16228,0.00503837,0.00398107,0.00630957,0.173196,0.15,0.2,0.745299,0.7,0.8,9.20811e-06,5.17227e+07,189878,1.86489e+06,0.01,0.95,10,10000,0.938,0.139,336,258,0.00330723,0,0.767857
3542,10000,2.72484,2.37137,3.16228,0.00499651,0.00398107,0.00630957,0.172526,0.15,0.2,0.847598,0.8,0.9,9.20811e-06,3.57133e+07,155745,1.28766e+06,0.01,0.95,10,10000,0.938,0.139,232,181,0.00394852,0,0.780172
3543,10000,2.74705,2.37137,3.16228,0.00497902,0.00398107,0.00630957,0.175219,0.15,0.2,0.944512,0.9,1,9.20811e-06,2.32444e+07,129042,838089,0.01,0.95,10,10000,0.938,0.139,151,114,0.00497533,0,0.754967
3544,10000,2.73084,2.37137,3.16228,0.00504249,0.00398107,0.00630957,0.176245,0.15,0.2,1.17079,1,1.5,4.60405e-05,8.71281e+06,38399.4,314145,0.01,0.95,10,10000,0.938,0.139,283,192,0.00383375,0,0.678445
3545,10000,2.71097,2.37137,3.16228,0.0050333,0.00398107,0.00630957,0.222944,0.2,0.25,0.0646681,0,0.1,9.20811e-06,2.29365e+07,119891,826989,0.01,0.95,10,10000,0.938,0.139,149,122,0.00480943,0,0.818792
3546,10000,2.6901,2.37137,3.16228,0.00512738,0.00398107,0.00630957,0.222734,0.2,0.25,0.155664,0.1,0.2,9.20811e-06,5.51093e+07,185370,1.98699e+06,0.01,0.95,10,10000,0.938,0.139,358,294,0.00309813,0,0.821229
3547,10000,2.72267,2.37137,3.16228,0.00508206,0.00398107,0.00630957,0.222849,0.2,0.25,0.251626,0.2,0.3,9.20811e-06,8.54348e+07,247397,3.08039e+06,0.01,0.95,10,10000,0.938,0.139,555,419,0.00259518,0,0.754955
3548,10000,2.72041,2.37137,3.16228,0.00508847,0.00398107,0.00630957,0.225029,0.2,0.25,0.351508,0.3,0.4,9.20811e-06,9.05147e+07,267024,3.26355e+06,0.01,0.95,10,10000,0.938,0.139,588,418,0.00259828,0,0.710884
3549,10000,2.69346,2.37137,3.16228,0.0051596,0.00398107,0.00630957,0.223999,0.2,0.25,0.448739,0.4,0.5,9.20811e-06,8.31257e+07,262155,2.99714e+06,0.01,0.95,10,10000,0.938,0.139,540,372,0.00275424,0,0.688889
3550,10000,2.72511,2.37137,3.16228,0.00501711,0.00398107,0.00630957,0.223826,0.2,0.25,0.545727,0.5,0.6,9.20811e-06,6.81939e+07,246110,2.45877e+06,0.01,0.95,10,10000,0.938,0.139,443,291,0.00311406,0,0.656885
3551,10000,2.71088,2.37137,3.16228,0.00504761,0.00398107,0.00630957,0.22395,0.2,0.25,0.649271,0.6,0.7,9.20811e-06,5.23384e+07,213712,1.88709e+06,0.01,0.95,10,10000,0.938,0.139,340,226,0.00353362,0,0.664706
3552,10000,2.70446,2.37137,3.16228,0.00506613,0.00398107,0.00630957,0.222426,0.2,0.25,0.746145,0.7,0.8,9.20811e-06,3.77145e+07,176404,1.35981e+06,0.01,0.95,10,10000,0.938,0.139,245,169,0.0040863,0,0.689796
3553,10000,2.71795,2.37137,3.16228,0.00491826,0.00398107,0.00630957,0.225038,0.2,0.25,0.842813,0.8,0.9,9.20811e-06,2.32444e+07,128137,838089,0.01,0.95,10,10000,0.938,0.139,151,115,0.00495365,0,0.761589
3554,10000,2.75284,2.37137,3.16228,0.00500614,0.00398107,0.00630957,0.222189,0.2,0.25,0.946794,0.9,1,9.20811e-06,1.77027e+07,105480,638280,0.01,0.95,10,10000,0.938,0.139,115,94,0.00547911,0,0.817391
3555,10000,2.73536,2.37137,3.16228,0.00505502,0.00398107,0.00630957,0.224,0.2,0.25,1.15847,1,1.5,4.60405e-05,6.5577e+06,32544.8,236441,0.01,0.95,10,10000,0.938,0.139,213,149,0.00435192,0,0.699531
3556,10000,2.73008,2.37137,3.16228,0.0050809,0.00398107,0.00630957,0.275245,0.25,0.3,0.0676803,0,0.1,9.20811e-06,1.37004e+07,93604.6,493973,0.01,0.95,10,10000,0.938,0.139,89,72,0.00626048,0,0.808989
3557,10000,2.69329,2.37137,3.16228,0.00500542,0.00398107,0.00630957,0.273274,0.25,0.3,0.15433,0.1,0.2,9.20811e-06,3.74066e+07,157740,1.34871e+06,0.01,0.95,10,10000,0.938,0.139,243,192,0.00383375,0,0.790123
3558,10000,2.72366,2.37137,3.16228,0.00509613,0.00398107,0.00630957,0.275493,0.25,0.3,0.251158,0.2,0.3,9.20811e-06,4.77203e+07,175745,1.72058e+06,0.01,0.95,10,10000,0.938,0.139,310,249,0.00336647,0,0.803226
3559,10000,2.71753,2.37137,3.16228,0.00508536,0.00398107,0.00630957,0.272395,0.25,0.3,0.349557,0.3,0.4,9.20811e-06,5.92656e+07,193880,2.13685e+06,0.01,0.95,10,10000,0.938,0.139,385,313,0.00300263,0,0.812987
3560,10000,2.71271,2.37137,3.16228,0.00499542,0.00398107,0.00630957,0.273621,0.25,0.3,0.451473,0.4,0.5,9.20811e-06,5.29542e+07,202659,1.90929e+06,0.01,0.95,10,10000,0.938,0.139,344,247,0.00338007,0,0.718023
3561,10000,2.71619,2.37137,3.16228,0.00503118,0.00398107,0.00630957,0.270188,0.25,0.3,0.548344,0.5,0.6,9.20811e-06,5.00294e+07,197880,1.80383e+06,0.01,0.95,10,10000,0.938,0.139,325,232,0.00348763,0,0.713846
3562,10000,2.72285,2.37137,3.16228,0.00506369,0.00398107,0.00630957,0.272621,0.25,0.3,0.650039,0.6,0.7,9.20811e-06,3.55593e+07,170752,1.28211e+06,0.01,0.95,10,10000,0.938,0.139,231,160,0.00419966,0,0.692641
3563,10000,2.70525,2.37137,3.16228,0.005091,0.00398107,0.00630957,0.274348,0.25,0.3,0.746258,0.7,0.8,9.20811e-06,2.78625e+07,157212,1.0046e+06,0.01,0.95,10,10000,0.938,0.139,181,119,0.00486968,0,0.657459
3564,10000,2.67014,2.37137,3.16228,0.00514125,0.00398107,0.00630957,0.272303,0.25,0.3,0.855762,0.8,0.9,9.20811e-06,1.81645e+07,124043,654931,0.01,0.95,10,10000,0.938,0.139,118,80,0.00593921,0,0.677966
3565,10000,2.70167,2.37137,3.16228,0.00507602,0.00398107,0.00630957,0.274073,0.25,0.3,0.942968,0.9,1,9.20811e-06,1.43161e+07,106335,516174,0.01,0.95,10,10000,0.938,0.139,93,66,0.00653886,0,0.709677
3566,10000,2.70754,2.37137,3.16228,0.004982,0.00398107,0.00630957,0.275535,0.25,0.3,1.19327,1,1.5,4.60405e-05,5.35699e+06,29362.6,193149,0.01,0.95,10,10000,0.938,0.139,174,122,0.00480943,0,0.701149
3567,10000,2.71982,2.37137,3.16228,0.005088,0.00398107,0.00630957,0.347033,0.3,0.4,0.0660753,0,0.1,1.84162e-05,6.61927e+06,41624.7,238661,0.01,0.95,10,10000,0.938,0.139,86,78,0.00601488,0,0.906977
3568,10000,2.71642,2.37137,3.16228,0.00509241,0.00398107,0.00630957,0.343696,0.3,0.4,0.155187,0.1,0.2,1.84162e-05,1.75488e+07,72069.6,632730,0.01,0.95,10,10000,0.938,0.139,228,193,0.0038238,0,0.846491
3569,10000,2.72103,2.37137,3.16228,0.00504858,0.00398107,0.00630957,0.34049,0.3,0.4,0.253864,0.2,0.3,1.84162e-05,2.70159e+07,89191.2,974071,0.01,0.95,10,10000,0.938,0.139,351,298,0.00307727,0,0.849003
3570,10000,2.6891,2.37137,3.16228,0.00513595,0.00398107,0.00630957,0.345957,0.3,0.4,0.353193,0.3,0.4,1.84162e-05,3.24806e+07,98100.7,1.1711e+06,0.01,0.95,10,10000,0.938,0.139,422,357,0.00281151,0,0.845972
3571,10000,2.72802,2.37137,3.16228,0.005091,0.00398107,0.00630957,0.342205,0.3,0.4,0.449305,0.4,0.5,1.84162e-05,3.18649e+07,103497,1.1489e+06,0.01,0.95,10,10000,0.938,0.139,414,325,0.00294668,0,0.785024
3572,10000,2.70151,2.37137,3.16228,0.00501711,0.00398107,0.00630957,0.34373,0.3,0.4,0.546809,0.5,0.6,1.84162e-05,2.79395e+07,98890.7,1.00737e+06,0.01,0.95,10,10000,0.938,0.139,363,278,0.00318604,0,0.76584
3573,10000,2.72948,2.37137,3.16228,0.00503008,0.00398107,0.00630957,0.344977,0.3,0.4,0.646774,0.6,0.7,1.84162e-05,2.37062e+07,91053.5,854740,0.01,0.95,10,10000,0.938,0.139,308,236,0.00345794,0,0.766234
3574,10000,2.7124,2.37137,3.16228,0.00515481,0.00398107,0.00630957,0.345576,0.3,0.4,0.747121,0.7,0.8,1.84162e-05,1.81645e+07,83718.4,654931,0.01,0.95,10,10000,0.938,0.139,236,170,0.00407427,0,0.720339
3575,10000,2.74314,2.37137,3.16228,0.00507111,0.00398107,0.00630957,0.343494,0.3,0.4,0.846924,0.8,0.9,1.84162e-05,1.40852e+07,72352,507849,0.01,0.95,10,10000,0.938,0.139,183,135,0.00457201,0,0.737705
3576,10000,2.69333,2.37137,3.16228,0.00487052,0.00398107,0.00630957,0.348018,0.3,0.4,0.947641,0.9,1,1.84162e-05,9.15922e+06,70522.7,330241,0.01,0.95,10,10000,0.938,0.139,119,68,0.00644198,0,0.571429
3577,10000,2.69539,2.37137,3.16228,0.00503171,0.00398107,0.00630957,0.348533,0.3,0.4,1.19691,1,1.5,9.20811e-05,3.72526e+06,16903.8,134316,0.01,0.95,10,10000,0.938,0.139,242,175,0.00401564,0,0.72314
3578,10000,2.69895,2.37137,3.16228,0.00515448,0.00398107,0.00630957,0.451745,0.4,0.5,0.0711114,0,0.1,1.84162e-05,3.54054e+06,31618.1,127656,0.01,0.95,10,10000,0.938,0.139,46,40,0.00839932,0,0.869565
3579,10000,2.69538,2.37137,3.16228,0.00497426,0.00398107,0.00630957,0.442675,0.4,0.5,0.155473,0.1,0.2,1.84162e-05,8.0047e+06,46820.6,288614,0.01,0.95,10,10000,0.938,0.139,104,92,0.00553835,0,0.884615
3580,10000,2.69518,2.37137,3.16228,0.00501382,0.00398107,0.00630957,0.442409,0.4,0.5,0.24738,0.2,0.3,1.84162e-05,1.25458e+07,63283.9,452346,0.01,0.95,10,10000,0.938,0.139,163,132,0.00462367,0,0.809816
3581,10000,2.73162,2.37137,3.16228,0.00493301,0.00398107,0.00630957,0.448321,0.4,0.5,0.349174,0.3,0.4,1.84162e-05,1.53937e+07,65565.1,555026,0.01,0.95,10,10000,0.938,0.139,200,175,0.00401564,0,0.875
3582,10000,2.72149,2.37137,3.16228,0.00504693,0.00398107,0.00630957,0.443277,0.4,0.5,0.450438,0.4,0.5,1.84162e-05,1.71639e+07,69906.8,618854,0.01,0.95,10,10000,0.938,0.139,223,193,0.0038238,0,0.865471
3583,10000,2.69946,2.37137,3.16228,0.00503803,0.00398107,0.00630957,0.445819,0.4,0.5,0.547775,0.5,0.6,1.84162e-05,1.39313e+07,66525.1,502299,0.01,0.95,10,10000,0.938,0.139,181,147,0.00438142,0,0.812155
3584,10000,2.73835,2.37137,3.16228,0.00501903,0.00398107,0.00630957,0.441148,0.4,0.5,0.646823,0.6,0.7,1.84162e-05,1.2238e+07,62405.1,441246,0.01,0.95,10,10000,0.938,0.139,159,129,0.00467713,0,0.811321
3585,10000,2.71365,2.37137,3.16228,0.00505072,0.00398107,0.00630957,0.44387,0.4,0.5,0.750148,0.7,0.8,1.84162e-05,9.92891e+06,57898.8,357992,0.01,0.95,10,10000,0.938,0.139,129,101,0.00528583,0,0.782946
3586,10000,2.71236,2.37137,3.16228,0.00516273,0.00398107,0.00630957,0.454338,0.4,0.5,0.8477,0.8,0.9,1.84162e-05,7.61986e+06,53234.9,274738,0.01,0.95,10,10000,0.938,0.139,99,73,0.00621745,0,0.737374
3587,10000,2.72382,2.37137,3.16228,0.00494391,0.00398107,0.00630957,0.439419,0.4,0.5,0.945722,0.9,1,1.84162e-05,5.00294e+06,47715.5,180383,0.01,0.95,10,10000,0.938,0.139,65,42,0.00819689,0,0.646154
3588,10000,2.75729,2.37137,3.16228,0.00495732,0.00398107,0.00630957,0.446984,0.4,0.5,1.20835,1,1.5,9.20811e-05,2.77086e+06,15911.7,99904.7,0.01,0.95,10,10000,0.938,0.139,180,116,0.00493225,0,0.644444
3589,10000,2.66349,2.37137,3.16228,0.00508163,0.00398107,0.00630957,0.539259,0.5,0.6,0.0739981,0,0.1,1.84162e-05,1.4624e+06,20898.4,52727.5,0.01,0.95,10,10000,0.938,0.139,19,16,0.0132805,0,0.842105
3590,10000,2.6921,2.37137,3.16228,0.00529123,0.00398107,0.00630957,0.541849,0.5,0.6,0.156724,0.1,0.2,1.84162e-05,4.15629e+06,34881.8,149857,0.01,0.95,10,10000,0.938,0.139,54,46,0.0078324,0,0.851852
3591,10000,2.69484,2.37137,3.16228,0.00501332,0.00398107,0.00630957,0.543522,0.5,0.6,0.246824,0.2,0.3,1.84162e-05,5.54172e+06,37192.9,199809,0.01,0.95,10,10000,0.938,0.139,72,67,0.00648988,0,0.930556
3592,10000,2.67835,2.37137,3.16228,0.0051151,0.00398107,0.00630957,0.543035,0.5,0.6,0.352212,0.3,0.4,1.84162e-05,8.2356e+06,50123.1,296939,0.01,0.95,10,10000,0.938,0.139,107,89,0.00563091,0,0.831776
3593,10000,2.69196,2.37137,3.16228,0.00507838,0.00398107,0.00630957,0.548648,0.5,0.6,0.449299,0.4,0.5,1.84162e-05,6.5423e+06,42425.4,235886,0.01,0.95,10,10000,0.938,0.139,85,75,0.00613399,0,0.882353
3594,10000,2.69542,2.37137,3.16228,0.00512778,0.00398107,0.00630957,0.549574,0.5,0.6,0.551596,0.5,0.6,1.84162e-05,6.61927e+06,44685.7,238661,0.01,0.95,10,10000,0.938,0.139,86,72,0.00626048,0,0.837209
3595,10000,2.75671,2.37137,3.16228,0.00502002,0.00398107,0.00630957,0.544554,0.5,0.6,0.647975,0.6,0.7,1.84162e-05,4.92597e+06,42940.7,177608,0.01,0.95,10,10000,0.938,0.139,64,47,0.00774863,0,0.734375
3596,10000,2.72152,2.37137,3.16228,0.00499933,0.00398107,0.00630957,0.545884,0.5,0.6,0.752861,0.7,0.8,1.84162e-05,4.6181e+06,41623.8,166508,0.01,0.95,10,10000,0.938,0.139,60,44,0.00800843,0,0.733333
3597,10000,2.66548,2.37137,3.16228,0.00499367,0.00398107,0.00630957,0.546568,0.5,0.6,0.84518,0.8,0.9,1.84162e-05,3.84841e+06,38548.7,138757,0.01,0.95,10,10000,0.938,0.139,50,36,0.00885366,0,0.72
3598,10000,2.63614,2.37137,3.16228,0.00506415,0.00398107,0.00630957,0.553406,0.5,0.6,0.938981,0.9,1,1.84162e-05,3.46357e+06,35200.3,124881,0.01,0.95,10,10000,0.938,0.139,45,34,0.00911034,0,0.755556
3599,10000,2.71111,2.37137,3.16228,0.00491516,0.00398107,0.00630957,0.546819,0.5,0.6,1.24039,1,1.5,9.20811e-05,1.77027e+06,12007.8,63828,0.01,0.95,10,10000,0.938,0.139,115,80,0.00593921,0,0.695652
3600,10000,2.72227,2.37137,3.16228,0.0050819,0.00398107,0.00630957,0.644897,0.6,0.7,0.0608343,0,0.1,1.84162e-05,1.07756e+06,16433.3,38851.8,0.01,0.95,10,10000,0.938,0.139,14,13,0.0147334,0,0.928571
3601,10000,2.71291,2.37137,3.16228,0.00494974,0.00398107,0.00630957,0.653892,0.6,0.7,0.155875,0.1,0.2,1.84162e-05,2.07814e+06,35911.5,74928.5,0.01,0.95,10,10000,0.938,0.139,27,14,0.0141974,0,0.518519
3602,10000,2.69058,2.37137,3.16228,0.00514091,0.00398107,0.00630957,0.642452,0.6,0.7,0.25219,0.2,0.3,1.84162e-05,3.07873e+06,31671,111005,0.01,0.95,10,10000,0.938,0.139,40,32,0.00939072,0,0.8
3603,10000,2.7085,2.37137,3.16228,0.00515602,0.00398107,0.00630957,0.650268,0.6,0.7,0.348017,0.3,0.4,1.84162e-05,2.84783e+06,35897.6,102680,0.01,0.95,10,10000,0.938,0.139,37,24,0.0108435,0,0.648649
3604,10000,2.69476,2.37137,3.16228,0.00498791,0.00398107,0.00630957,0.645128,0.6,0.7,0.449323,0.4,0.5,1.84162e-05,3.92538e+06,37893.9,141532,0.01,0.95,10,10000,0.938,0.139,51,38,0.00861752,0,0.745098
3605,10000,2.67418,2.37137,3.16228,0.00512153,0.00398107,0.00630957,0.650632,0.6,0.7,0.545201,0.5,0.6,1.84162e-05,2.84783e+06,30980.9,102680,0.01,0.95,10,10000,0.938,0.139,37,29,0.0098645,0,0.783784
3606,10000,2.62206,2.37137,3.16228,0.00501521,0.00398107,0.00630957,0.641159,0.6,0.7,0.647756,0.6,0.7,1.84162e-05,2.92479e+06,33000.4,105455,0.01,0.95,10,10000,0.938,0.139,38,28,0.0100391,0,0.736842
3607,10000,2.70344,2.37137,3.16228,0.00510823,0.00398107,0.00630957,0.645485,0.6,0.7,0.754633,0.7,0.8,1.84162e-05,2.53995e+06,25729.6,91579.3,0.01,0.95,10,10000,0.938,0.139,33,30,0.0096987,0,0.909091
3608,10000,2.68845,2.37137,3.16228,0.00491817,0.00398107,0.00630957,0.646478,0.6,0.7,0.84572,0.8,0.9,1.84162e-05,2.15511e+06,29026.9,77703.6,0.01,0.95,10,10000,0.938,0.139,28,20,0.0118784,0,0.714286
3609,10000,2.73788,2.37137,3.16228,0.00521753,0.00398107,0.00630957,0.637428,0.6,0.7,0.935277,0.9,1,1.84162e-05,1.15452e+06,15835.5,41627,0.01,0.95,10,10000,0.938,0.139,15,15,0.013716,0,1
3610,10000,2.66125,2.37137,3.16228,0.00495363,0.00398107,0.00630957,0.646838,0.6,0.7,1.25157,1,1.5,9.20811e-05,892832,7545.8,32191.5,0.01,0.95,10,10000,0.938,0.139,58,47,0.00774863,0,0.810345
3611,10000,2.61952,2.37137,3.16228,0.00456746,0.00398107,0.00630957,0.714023,0.7,0.8,0.0702985,0,0.1,1.84162e-05,230905,15835.5,8325.39,0.01,0.95,10,10000,0.938,0.139,3,1,0.0531219,0,0.333333
3612,10000,2.60528,2.37137,3.16228,0.00488893,0.00398107,0.00630957,0.730745,0.7,0.8,0.167973,0.1,0.2,1.84162e-05,846651,16297.9,30526.4,0.01,0.95,10,10000,0.938,0.139,11,9,0.0177073,0,0.818182
3613,10000,2.6712,2.37137,3.16228,0.00536081,0.00398107,0.00630957,0.739973,0.7,0.8,0.237613,0.2,0.3,1.84162e-05,1.30846e+06,22826.1,47177.2,0.01,0.95,10,10000,0.938,0.139,17,12,0.015335,0,0.705882
3614,10000,2.67525,2.37137,3.16228,0.00491851,0.00398107,0.00630957,0.741253,0.7,0.8,0.352954,0.3,0.4,1.84162e-05,2.00117e+06,24345.7,72153.4,0.01,0.95,10,10000,0.938,0.139,26,22,0.0113256,0,0.846154
3615,10000,2.6578,2.37137,3.16228,0.00510559,0.00398107,0.00630957,0.735935,0.7,0.8,0.453249,0.4,0.5,1.84162e-05,2.53995e+06,38355.4,91579.3,0.01,0.95,10,10000,0.938,0.139,33,18,0.012521,0,0.545455
3616,10000,2.5883,2.37137,3.16228,0.00496164,0.00398107,0.00630957,0.749964,0.7,0.8,0.547788,0.5,0.6,1.84162e-05,1.92421e+06,26113.2,69378.3,0.01,0.95,10,10000,0.938,0.139,25,19,0.012187,0,0.76
3617,10000,2.52709,2.37137,3.16228,0.00509293,0.00398107,0.00630957,0.740924,0.7,0.8,0.640286,0.6,0.7,1.84162e-05,1.61633e+06,26497.8,58277.7,0.01,0.95,10,10000,0.938,0.139,21,14,0.0141974,0,0.666667
3618,10000,2.61754,2.37137,3.16228,0.00505182,0.00398107,0.00630957,0.747839,0.7,0.8,0.741494,0.7,0.8,1.84162e-05,1.77027e+06,25610.9,63828,0.01,0.95,10,10000,0.938,0.139,23,17,0.012884,0,0.73913
3619,10000,2.56763,2.37137,3.16228,0.00469113,0.00398107,0.00630957,0.756277,0.7,0.8,0.838196,0.8,0.9,1.84162e-05,769683,17620.1,27751.3,0.01,0.95,10,10000,0.938,0.139,10,7,0.0200782,0,0.7
3620,10000,2.5688,2.37137,3.16228,0.00499436,0.00398107,0.00630957,0.737029,0.7,0.8,0.937901,0.9,1,1.84162e-05,1.15452e+06,22394.8,41627,0.01,0.95,10,10000,0.938,0.139,15,10,0.0167986,0,0.666667
3621,10000,2.60315,2.37137,3.16228,0.00508735,0.00398107,0.00630957,0.753322,0.7,0.8,1.21207,1,1.5,9.20811e-05,461810,6579.48,16650.8,0.01,0.95,10,10000,0.938,0.139,30,19,0.012187,0,0.633333
3622,10000,2.63549,2.37137,3.16228,0.00468206,0.00398107,0.00630957,0.828641,0.8,0.9,0.12943,0.1,0.2,1.84162e-05,384841,9142.62,13875.7,0.01,0.95,10,10000,0.938,0.139,5,5,0.0237569,0,1
3623,10000,2.78065,2.37137,3.16228,0.00548052,0.00398107,0.00630957,0.826239,0.8,0.9,0.266254,0.2,0.3,1.84162e-05,692714,17346.9,24976.2,0.01,0.95,10,10000,0.938,0.139,9,6,0.0216869,0,0.666667
3624,10000,2.64742,2.37137,3.16228,0.00455399,0.00398107,0.00630957,0.84251,0.8,0.9,0.329567,0.3,0.4,1.84162e-05,846651,25004.7,30526.4,0.01,0.95,10,10000,0.938,0.139,11,5,0.0237569,0,0.454545
3625,10000,2.69794,2.37137,3.16228,0.00515447,0.00398107,0.00630957,0.852681,0.8,0.9,0.431185,0.4,0.5,1.84162e-05,923619,27610.1,33301.6,0.01,0.95,10,10000,0.938,0.139,12,5,0.0237569,0,0.416667
3626,10000,2.70928,2.37137,3.16228,0.00513903,0.00398107,0.00630957,0.846495,0.8,0.9,0.550402,0.5,0.6,1.84162e-05,1.38543e+06,23073.5,49952.3,0.01,0.95,10,10000,0.938,0.139,18,13,0.0147334,0,0.722222
3627,10000,2.74024,2.37137,3.16228,0.00509167,0.00398107,0.00630957,0.837197,0.8,0.9,0.621244,0.6,0.7,1.84162e-05,846651,22144.5,30526.4,0.01,0.95,10,10000,0.938,0.139,11,6,0.0216869,0,0.545455
3628,10000,2.58139,2.37137,3.16228,0.00494209,0.00398107,0.00630957,0.839783,0.8,0.9,0.747434,0.7,0.8,1.84162e-05,846651,17939.1,30526.4,0.01,0.95,10,10000,0.938,0.139,11,8,0.0187814,0,0.727273
3629,10000,2.79607,2.37137,3.16228,0.00462722,0.00398107,0.00630957,0.8235,0.8,0.9,0.878037,0.8,0.9,1.84162e-05,230905,-nan,8325.39,0.01,0.95,10,10000,0.938,0.139,3,4,0.026561,0,1.33333
3630,10000,2.47083,2.37137,3.16228,0.00510442,0.00398107,0.00630957,0.863027,0.8,0.9,0.912926,0.9,1,1.84162e-05,230905,15835.5,8325.39,0.01,0.95,10,10000,0.938,0.139,3,1,0.0531219,0,0.333333
3631,10000,2.72231,2.37137,3.16228,0.00474354,0.00398107,0.00630957,0.849079,0.8,0.9,1.18845,1,1.5,9.20811e-05,215511,3533.04,7770.36,0.01,0.95,10,10000,0.938,0.139,14,12,0.015335,0,0.857143
3632,10000,2.75833,2.37137,3.16228,0.00512958,0.00398107,0.00630957,0.948534,0.9,1,0.0640115,0,0.1,1.84162e-05,307873,10557,11100.5,0.01,0.95,10,10000,0.938,0.139,4,3,0.03067,0,0.75
3633,10000,2.75409,2.37137,3.16228,0.00461872,0.00398107,0.00630957,0.953034,0.9,1,0.125266,0.1,0.2,1.84162e-05,538778,17104.3,19425.9,0.01,0.95,10,10000,0.938,0.139,7,4,0.026561,0,0.571429
3634,10000,2.7631,2.37137,3.16228,0.00561719,0.00398107,0.00630957,0.948473,0.9,1,0.266599,0.2,0.3,1.84162e-05,230905,15835.5,8325.39,0.01,0.95,10,10000,0.938,0.139,3,1,0.0531219,0,0.333333
3635,10000,2.7447,2.37137,3.16228,0.00450755,0.00398107,0.00630957,0.984402,0.9,1,0.368722,0.3,0.4,1.84162e-05,230905,10015.2,8325.39,0.01,0.95,10,10000,0.938,0.139,3,2,0.0375629,0,0.666667
3636,10000,2.5921,2.37137,3.16228,0.00484385,0.00398107,0.00630957,0.903321,0.9,1,0.470757,0.4,0.5,1.84162e-05,153937,5782.3,5550.26,0.01,0.95,10,10000,0.938,0.139,2,2,0.0375629,0,1
3637,10000,2.94911,2.37137,3.16228,0.00454292,0.00398107,0.00630957,0.93797,0.9,1,0.569242,0.5,0.6,1.84162e-05,461810,22394.8,16650.8,0.01,0.95,10,10000,0.938,0.139,6,2,0.0375629,0,0.333333
3638,10000,2.51257,2.37137,3.16228,0.00506124,0.00398107,0.00630957,0.911786,0.9,1,0.672564,0.6,0.7,1.84162e-05,153937,5782.3,5550.26,0.01,0.95,10,10000,0.938,0.139,2,2,0.0375629,0,1
3639,10000,2.55358,2.37137,3.16228,0.00468412,0.00398107,0.00630957,0.971219,0.9,1,0.746709,0.7,0.8,1.84162e-05,384841,13965.6,13875.7,0.01,0.95,10,10000,0.938,0.139,5,3,0.03067,0,0.6
3640,10000,2.71499,2.37137,3.16228,0.00484134,0.00398107,0.00630957,0.943036,0.9,1,1.45791,1,1.5,9.20811e-05,61574.6,2832.74,2220.1,0.01,0.95,10,10000,0.938,0.139,4,2,0.0375629,0,0.5
3641,10000,2.84831,2.37137,3.16228,0.00783958,0.00630957,0.01,0.0814261,0.05,0.1,0.073229,0,0.1,1.45939e-05,1.38212e+08,975307,4.98331e+06,0.01,0.95,10,10000,0.938,0.139,1423,109,0.00508816,0,0.0765987
3642,10000,2.76788,2.37137,3.16228,0.00792189,0.00630957,0.01,0.0760386,0.05,0.1,0.160057,0.1,0.2,1.45939e-05,3.08962e+08,1.00075e+06,1.11398e+07,0.01,0.95,10,10000,0.938,0.139,3181,496,0.00238525,0,0.155926
3643,10000,2.70567,2.37137,3.16228,0.00808308,0.00630957,0.01,0.0732888,0.05,0.1,0.254298,0.2,0.3,1.45939e-05,3.73357e+08,727026,1.34616e+07,0.01,0.95,10,10000,0.938,0.139,3844,1247,0.00150432,0,0.324402
3644,10000,2.70654,2.37137,3.16228,0.00805974,0.00630957,0.01,0.0717524,0.05,0.1,0.351703,0.3,0.4,1.45939e-05,3.04494e+08,510248,1.09787e+07,0.01,0.95,10,10000,0.938,0.139,3135,1522,0.00136165,0,0.485486
3645,10000,2.69943,2.37137,3.16228,0.00809936,0.00630957,0.01,0.0712585,0.05,0.1,0.449221,0.4,0.5,1.45939e-05,2.19119e+08,352005,7.90045e+06,0.01,0.95,10,10000,0.938,0.139,2256,1473,0.00138412,0,0.652926
3646,10000,2.69555,2.37137,3.16228,0.00802183,0.00630957,0.01,0.0711492,0.05,0.1,0.548659,0.5,0.6,1.45939e-05,1.48605e+08,262464,5.35802e+06,0.01,0.95,10,10000,0.938,0.139,1530,1137,0.00157541,0,0.743137
3647,10000,2.71155,2.37137,3.16228,0.00800731,0.00630957,0.01,0.0715265,0.05,0.1,0.647195,0.6,0.7,1.45939e-05,1.0043e+08,207816,3.62104e+06,0.01,0.95,10,10000,0.938,0.139,1034,805,0.0018723,0,0.77853
3648,10000,2.70544,2.37137,3.16228,0.00801896,0.00630957,0.01,0.0725187,0.05,0.1,0.749443,0.7,0.8,1.45939e-05,6.47839e+07,156418,2.33582e+06,0.01,0.95,10,10000,0.938,0.139,667,561,0.00224281,0,0.841079
3649,10000,2.72523,2.37137,3.16228,0.00797774,0.00630957,0.01,0.0719552,0.05,0.1,0.845648,0.8,0.9,1.45939e-05,4.1959e+07,121313,1.51285e+06,0.01,0.95,10,10000,0.938,0.139,432,379,0.00272869,0,0.877315
3650,10000,2.72343,2.37137,3.16228,0.00812006,0.00630957,0.01,0.0726626,0.05,0.1,0.945566,0.9,1,1.45939e-05,2.5156e+07,94384.8,907011,0.01,0.95,10,10000,0.938,0.139,259,226,0.00353362,0,0.872587
3651,10000,2.6965,2.37137,3.16228,0.00804403,0.00630957,0.01,0.0740102,0.05,0.1,1.167,1,1.5,7.29695e-05,8.13926e+06,23357.8,293465,0.01,0.95,10,10000,0.938,0.139,419,377,0.00273592,0,0.899761
3652,10000,2.74503,2.37137,3.16228,0.00809602,0.00630957,0.01,0.125592,0.1,0.15,0.0623863,0,0.1,1.45939e-05,4.59412e+07,190862,1.65643e+06,0.01,0.95,10,10000,0.938,0.139,473,243,0.00340777,0,0.513742
3653,10000,2.75732,2.37137,3.16228,0.00801271,0.00630957,0.01,0.124843,0.1,0.15,0.154643,0.1,0.2,1.45939e-05,1.23254e+08,356061,4.444e+06,0.01,0.95,10,10000,0.938,0.139,1269,534,0.00229881,0,0.420804
3654,10000,2.74072,2.37137,3.16228,0.00804794,0.00630957,0.01,0.122987,0.1,0.15,0.251147,0.2,0.3,1.45939e-05,1.68127e+08,397728,6.06191e+06,0.01,0.95,10,10000,0.938,0.139,1731,781,0.00190085,0,0.451184
3655,10000,2.72186,2.37137,3.16228,0.00799598,0.00630957,0.01,0.123597,0.1,0.15,0.350916,0.3,0.4,1.45939e-05,1.6599e+08,365310,5.98487e+06,0.01,0.95,10,10000,0.938,0.139,1709,869,0.00180204,0,0.508484
3656,10000,2.7323,2.37137,3.16228,0.00798023,0.00630957,0.01,0.123888,0.1,0.15,0.447875,0.4,0.5,1.45939e-05,1.34618e+08,301053,4.85373e+06,0.01,0.95,10,10000,0.938,0.139,1386,802,0.0018758,0,0.578644
3657,10000,2.71784,2.37137,3.16228,0.0079496,0.00630957,0.01,0.123049,0.1,0.15,0.547964,0.5,0.6,1.45939e-05,9.0814e+07,227577,3.27434e+06,0.01,0.95,10,10000,0.938,0.139,935,607,0.00215615,0,0.649198
3658,10000,2.69149,2.37137,3.16228,0.00797793,0.00630957,0.01,0.122541,0.1,0.15,0.646732,0.6,0.7,1.45939e-05,6.22585e+07,184847,2.24476e+06,0.01,0.95,10,10000,0.938,0.139,641,427,0.00257075,0,0.666147
3659,10000,2.72148,2.37137,3.16228,0.00797991,0.00630957,0.01,0.12312,0.1,0.15,0.743622,0.7,0.8,1.45939e-05,4.01135e+07,137044,1.44631e+06,0.01,0.95,10,10000,0.938,0.139,413,305,0.00304175,0,0.738499
3660,10000,2.66962,2.37137,3.16228,0.00799136,0.00630957,0.01,0.124552,0.1,0.15,0.846667,0.8,0.9,1.45939e-05,2.53502e+07,104914,914015,0.01,0.95,10,10000,0.938,0.139,261,202,0.00373765,0,0.773946
3661,10000,2.6995,2.37137,3.16228,0.00823012,0.00630957,0.01,0.125264,0.1,0.15,0.94418,0.9,1,1.45939e-05,1.62202e+07,84053.4,584829,0.01,0.95,10,10000,0.938,0.139,167,129,0.00467713,0,0.772455
3662,10000,2.72263,2.37137,3.16228,0.00811236,0.00630957,0.01,0.122238,0.1,0.15,1.16732,1,1.5,7.29695e-05,6.13844e+06,23365.1,221325,0.01,0.95,10,10000,0.938,0.139,316,241,0.00342189,0,0.762658
3663,10000,2.72581,2.37137,3.16228,0.00801876,0.00630957,0.01,0.173841,0.15,0.2,0.0658089,0,0.1,1.45939e-05,2.39904e+07,101699,864987,0.01,0.95,10,10000,0.938,0.139,247,192,0.00383375,0,0.777328
3664,10000,2.73182,2.37137,3.16228,0.00789418,0.00630957,0.01,0.17364,0.15,0.2,0.152757,0.1,0.2,1.45939e-05,6.39097e+07,189981,2.3043e+06,0.01,0.95,10,10000,0.938,0.139,658,430,0.00256177,0,0.653495
3665,10000,2.71429,2.37137,3.16228,0.00796321,0.00630957,0.01,0.173355,0.15,0.2,0.252634,0.2,0.3,1.45939e-05,9.3145e+07,242682,3.35839e+06,0.01,0.95,10,10000,0.938,0.139,959,580,0.00220577,0,0.604797
3666,10000,2.71862,2.37137,3.16228,0.00803902,0.00630957,0.01,0.173753,0.15,0.2,0.347125,0.3,0.4,1.45939e-05,9.21737e+07,240798,3.32337e+06,0.01,0.95,10,10000,0.938,0.139,949,576,0.00221341,0,0.606955
3667,10000,2.70702,2.37137,3.16228,0.00798053,0.00630957,0.01,0.172933,0.15,0.2,0.448014,0.4,0.5,1.45939e-05,7.77018e+07,221928,2.80158e+06,0.01,0.95,10,10000,0.938,0.139,800,483,0.00241713,0,0.60375
3668,10000,2.73905,2.37137,3.16228,0.00796844,0.00630957,0.01,0.174167,0.15,0.2,0.54587,0.5,0.6,1.45939e-05,5.81792e+07,200601,2.09768e+06,0.01,0.95,10,10000,0.938,0.139,599,340,0.00288094,0,0.567613
3669,10000,2.71761,2.37137,3.16228,0.00800929,0.00630957,0.01,0.173307,0.15,0.2,0.64821,0.6,0.7,1.45939e-05,4.11819e+07,161562,1.48484e+06,0.01,0.95,10,10000,0.938,0.139,424,256,0.00332012,0,0.603774
3670,10000,2.72625,2.37137,3.16228,0.00784218,0.00630957,0.01,0.174845,0.15,0.2,0.745231,0.7,0.8,1.45939e-05,2.99152e+07,133551,1.07861e+06,0.01,0.95,10,10000,0.938,0.139,308,194,0.00381393,0,0.62987
3671,10000,2.73409,2.37137,3.16228,0.00802181,0.00630957,0.01,0.17333,0.15,0.2,0.842877,0.8,0.9,1.45939e-05,1.78714e+07,102510,644363,0.01,0.95,10,10000,0.938,0.139,184,117,0.00491113,0,0.63587
3672,10000,2.7209,2.37137,3.16228,0.00791472,0.00630957,0.01,0.172624,0.15,0.2,0.946584,0.9,1,1.45939e-05,1.23352e+07,70402.3,444750,0.01,0.95,10,10000,0.938,0.139,127,103,0.00523426,0,0.811024
3673,10000,2.72933,2.37137,3.16228,0.00801366,0.00630957,0.01,0.173693,0.15,0.2,1.17682,1,1.5,7.29695e-05,4.66211e+06,19836.5,168095,0.01,0.95,10,10000,0.938,0.139,240,189,0.00386405,0,0.7875
3674,10000,2.72993,2.37137,3.16228,0.00800946,0.00630957,0.01,0.223744,0.2,0.25,0.0685342,0,0.1,1.45939e-05,1.25294e+07,71310.5,451754,0.01,0.95,10,10000,0.938,0.139,129,104,0.00520904,0,0.806202
3675,10000,2.73307,2.37137,3.16228,0.00811339,0.00630957,0.01,0.223807,0.2,0.25,0.152447,0.1,0.2,1.45939e-05,3.59371e+07,127942,1.29573e+06,0.01,0.95,10,10000,0.938,0.139,370,278,0.00318604,0,0.751351
3676,10000,2.7116,2.37137,3.16228,0.00786675,0.00630957,0.01,0.22432,0.2,0.25,0.247851,0.2,0.3,1.45939e-05,5.20602e+07,155759,1.87706e+06,0.01,0.95,10,10000,0.938,0.139,536,397,0.00266611,0,0.740672
3677,10000,2.72836,2.37137,3.16228,0.0079833,0.00630957,0.01,0.224541,0.2,0.25,0.347604,0.3,0.4,1.45939e-05,6.15787e+07,185591,2.22025e+06,0.01,0.95,10,10000,0.938,0.139,634,417,0.00260139,0,0.657729
3678,10000,2.74254,2.37137,3.16228,0.00793061,0.00630957,0.01,0.224143,0.2,0.25,0.448613,0.4,0.5,1.45939e-05,5.61395e+07,183711,2.02414e+06,0.01,0.95,10,10000,0.938,0.139,578,362,0.00279203,0,0.626298
3679,10000,2.70943,2.37137,3.16228,0.00799156,0.00630957,0.01,0.224199,0.2,0.25,0.548829,0.5,0.6,1.45939e-05,4.26389e+07,162225,1.53737e+06,0.01,0.95,10,10000,0.938,0.139,439,270,0.0032329,0,0.615034
3680,10000,2.72201,2.37137,3.16228,0.00807256,0.00630957,0.01,0.223946,0.2,0.25,0.646511,0.6,0.7,1.45939e-05,3.24405e+07,142714,1.16966e+06,0.01,0.95,10,10000,0.938,0.139,334,203,0.00372843,0,0.607784
3681,10000,2.70979,2.37137,3.16228,0.00801855,0.00630957,0.01,0.223067,0.2,0.25,0.747884,0.7,0.8,1.45939e-05,2.45732e+07,130121,885999,0.01,0.95,10,10000,0.938,0.139,253,144,0.00442683,0,0.56917
3682,10000,2.72477,2.37137,3.16228,0.00812932,0.00630957,0.01,0.225998,0.2,0.25,0.850925,0.8,0.9,1.45939e-05,1.34036e+07,85023.4,483272,0.01,0.95,10,10000,0.938,0.139,138,93,0.00550849,0,0.673913
3683,10000,2.72561,2.37137,3.16228,0.00786609,0.00630957,0.01,0.223456,0.2,0.25,0.943882,0.9,1,1.45939e-05,9.03283e+06,72105.1,325683,0.01,0.95,10,10000,0.938,0.139,93,60,0.00685801,0,0.645161
3684,10000,2.75595,2.37137,3.16228,0.00790876,0.00630957,0.01,0.224078,0.2,0.25,1.20182,1,1.5,7.29695e-05,3.78796e+06,20145.8,136577,0.01,0.95,10,10000,0.938,0.139,195,132,0.00462367,0,0.676923
3685,10000,2.66364,2.37137,3.16228,0.00829119,0.00630957,0.01,0.271756,0.25,0.3,0.0667741,0,0.1,1.45939e-05,8.35294e+06,55721.2,301170,0.01,0.95,10,10000,0.938,0.139,86,73,0.00621745,0,0.848837
3686,10000,2.71206,2.37137,3.16228,0.0080904,0.00630957,0.01,0.274144,0.25,0.3,0.154653,0.1,0.2,1.45939e-05,2.17565e+07,92072.7,784442,0.01,0.95,10,10000,0.938,0.139,224,185,0.0039056,0,0.825893
3687,10000,2.68946,2.37137,3.16228,0.00797525,0.00630957,0.01,0.27355,0.25,0.3,0.253441,0.2,0.3,1.45939e-05,3.4383e+07,115870,1.2397e+06,0.01,0.95,10,10000,0.938,0.139,354,292,0.00310873,0,0.824859
3688,10000,2.701,2.37137,3.16228,0.00796244,0.00630957,0.01,0.273968,0.25,0.3,0.352128,0.3,0.4,1.45939e-05,3.64227e+07,126192,1.31324e+06,0.01,0.95,10,10000,0.938,0.139,375,289,0.00312482,0,0.770667
3689,10000,2.73399,2.37137,3.16228,0.00781599,0.00630957,0.01,0.273664,0.25,0.3,0.448902,0.4,0.5,1.45939e-05,3.54514e+07,126426,1.27822e+06,0.01,0.95,10,10000,0.938,0.139,365,276,0.00319757,0,0.756164
3690,10000,2.71407,2.37137,3.16228,0.00801065,0.00630957,0.01,0.274691,0.25,0.3,0.547159,0.5,0.6,1.45939e-05,2.97209e+07,123976,1.0716e+06,0.01,0.95,10,10000,0.938,0.139,306,212,0.00364843,0,0.69281
3691,10000,2.7305,2.37137,3.16228,0.00801657,0.00630957,0.01,0.272824,0.25,0.3,0.650178,0.6,0.7,1.45939e-05,2.24364e+07,115369,808955,0.01,0.95,10,10000,0.938,0.139,231,146,0.0043964,0,0.632035
3692,10000,2.76711,2.37137,3.16228,0.00791135,0.00630957,0.01,0.272412,0.25,0.3,0.747828,0.7,0.8,1.45939e-05,1.6026e+07,105014,577825,0.01,0.95,10,10000,0.938,0.139,165,94,0.00547911,0,0.569697
3693,10000,2.75314,2.37137,3.16228,0.00814583,0.00630957,0.01,0.27367,0.25,0.3,0.853114,0.8,0.9,1.45939e-05,1.01012e+07,80744.4,364205,0.01,0.95,10,10000,0.938,0.139,104,62,0.00674649,0,0.596154
3694,10000,2.67101,2.37137,3.16228,0.00803222,0.00630957,0.01,0.271124,0.25,0.3,0.951777,0.9,1,1.45939e-05,7.86731e+06,70517.8,283660,0.01,0.95,10,10000,0.938,0.139,81,49,0.00758885,0,0.604938
3695,10000,2.72944,2.37137,3.16228,0.00791965,0.00630957,0.01,0.273315,0.25,0.3,1.17083,1,1.5,7.29695e-05,3.08865e+06,18144.3,111363,0.01,0.95,10,10000,0.938,0.139,159,108,0.00511166,0,0.679245
3696,10000,2.67952,2.37137,3.16228,0.00800607,0.00630957,0.01,0.346504,0.3,0.4,0.0678023,0,0.1,2.91878e-05,3.7394e+06,26844.9,134826,0.01,0.95,10,10000,0.938,0.139,77,64,0.00664024,0,0.831169
3697,10000,2.68131,2.37137,3.16228,0.00794892,0.00630957,0.01,0.344132,0.3,0.4,0.15357,0.1,0.2,2.91878e-05,1.27722e+07,49534.7,460509,0.01,0.95,10,10000,0.938,0.139,263,219,0.00358965,0,0.8327
3698,10000,2.71517,2.37137,3.16228,0.00796614,0.00630957,0.01,0.341076,0.3,0.4,0.251322,0.2,0.3,2.91878e-05,1.84542e+07,59934.8,665375,0.01,0.95,10,10000,0.938,0.139,380,314,0.00299784,0,0.826316
3699,10000,2.71084,2.37137,3.16228,0.007991,0.00630957,0.01,0.343504,0.3,0.4,0.349111,0.3,0.4,2.91878e-05,2.13194e+07,65144.4,768683,0.01,0.95,10,10000,0.938,0.139,439,358,0.00280758,0,0.81549
3700,10000,2.69841,2.37137,3.16228,0.00796507,0.00630957,0.01,0.341383,0.3,0.4,0.449449,0.4,0.5,2.91878e-05,1.83085e+07,64438.5,660122,0.01,0.95,10,10000,0.938,0.139,377,284,0.00315221,0,0.753316
3701,10000,2.71432,2.37137,3.16228,0.00803206,0.00630957,0.01,0.34536,0.3,0.4,0.548112,0.5,0.6,2.91878e-05,1.65116e+07,61219.2,595335,0.01,0.95,10,10000,0.938,0.139,340,256,0.00332012,0,0.752941
3702,10000,2.72559,2.37137,3.16228,0.00797843,0.00630957,0.01,0.348036,0.3,0.4,0.648065,0.6,0.7,2.91878e-05,1.4472e+07,64600.1,521794,0.01,0.95,10,10000,0.938,0.139,298,192,0.00383375,0,0.644295
3703,10000,2.72558,2.37137,3.16228,0.00780763,0.00630957,0.01,0.34695,0.3,0.4,0.748127,0.7,0.8,2.91878e-05,1.09268e+07,58799.2,393972,0.01,0.95,10,10000,0.938,0.139,225,136,0.00455517,0,0.604444
3704,10000,2.72221,2.37137,3.16228,0.00815441,0.00630957,0.01,0.352009,0.3,0.4,0.848393,0.8,0.9,2.91878e-05,7.72161e+06,46663.1,278407,0.01,0.95,10,10000,0.938,0.139,159,104,0.00520904,0,0.654088
3705,10000,2.71186,2.37137,3.16228,0.00801567,0.00630957,0.01,0.344477,0.3,0.4,0.947652,0.9,1,2.91878e-05,5.58482e+06,46048.2,201363,0.01,0.95,10,10000,0.938,0.139,115,61,0.00680157,0,0.530435
3706,10000,2.71436,2.37137,3.16228,0.00792644,0.00630957,0.01,0.347092,0.3,0.4,1.18032,1,1.5,0.000145939,2.35048e+06,11749.5,84747.7,0.01,0.95,10,10000,0.938,0.139,242,154,0.00428069,0,0.636364
3707,10000,2.6715,2.37137,3.16228,0.00748545,0.00630957,0.01,0.450614,0.4,0.5,0.0677066,0,0.1,2.91878e-05,1.84542e+06,19692.2,66537.5,0.01,0.95,10,10000,0.938,0.139,38,30,0.0096987,0,0.789474
3708,10000,2.75225,2.37137,3.16228,0.00793344,0.00630957,0.01,0.442887,0.4,0.5,0.153981,0.1,0.2,2.91878e-05,5.09918e+06,31742.5,183854,0.01,0.95,10,10000,0.938,0.139,105,86,0.00572829,0,0.819048
3709,10000,2.68163,2.37137,3.16228,0.00803876,0.00630957,0.01,0.448435,0.4,0.5,0.252099,0.2,0.3,2.91878e-05,8.25581e+06,38311.5,297668,0.01,0.95,10,10000,0.938,0.139,170,148,0.0043666,0,0.870588
3710,10000,2.69844,2.37137,3.16228,0.00799007,0.00630957,0.01,0.446719,0.4,0.5,0.350716,0.3,0.4,2.91878e-05,1.00041e+07,44177.6,360703,0.01,0.95,10,10000,0.938,0.139,206,170,0.00407427,0,0.825243
3711,10000,2.72328,2.37137,3.16228,0.00809777,0.00630957,0.01,0.443758,0.4,0.5,0.445073,0.4,0.5,2.91878e-05,1.04897e+07,49190.8,378213,0.01,0.95,10,10000,0.938,0.139,216,161,0.0041866,0,0.74537
3712,10000,2.72525,2.37137,3.16228,0.00801254,0.00630957,0.01,0.445785,0.4,0.5,0.547945,0.5,0.6,2.91878e-05,7.96443e+06,38765.4,287162,0.01,0.95,10,10000,0.938,0.139,164,138,0.00452204,0,0.841463
3713,10000,2.71347,2.37137,3.16228,0.00795651,0.00630957,0.01,0.443521,0.4,0.5,0.647134,0.6,0.7,2.91878e-05,7.09029e+06,38123,255644,0.01,0.95,10,10000,0.938,0.139,146,117,0.00491113,0,0.80137
3714,10000,2.70865,2.37137,3.16228,0.00818103,0.00630957,0.01,0.445459,0.4,0.5,0.746744,0.7,0.8,2.91878e-05,5.73051e+06,38404.3,206616,0.01,0.95,10,10000,0.938,0.139,118,82,0.00586634,0,0.694915
3715,10000,2.72712,2.37137,3.16228,0.00808876,0.00630957,0.01,0.450446,0.4,0.5,0.849171,0.8,0.9,2.91878e-05,5.00205e+06,38561.7,180352,0.01,0.95,10,10000,0.938,0.139,103,65,0.00658897,0,0.631068
3716,10000,2.78859,2.37137,3.16228,0.00803402,0.00630957,0.01,0.445527,0.4,0.5,0.94438,0.9,1,2.91878e-05,3.01094e+06,28902,108561,0.01,0.95,10,10000,0.938,0.139,62,41,0.00829625,0,0.66129
3717,10000,2.71886,2.37137,3.16228,0.00788702,0.00630957,0.01,0.446186,0.4,0.5,1.18127,1,1.5,0.000145939,1.80657e+06,12276,65136.7,0.01,0.95,10,10000,0.938,0.139,186,92,0.00553835,0,0.494624
3718,10000,2.75482,2.37137,3.16228,0.00804925,0.00630957,0.01,0.536667,0.5,0.6,0.0664507,0,0.1,2.91878e-05,1.01984e+06,14336.4,36770.7,0.01,0.95,10,10000,0.938,0.139,21,17,0.012884,0,0.809524
3719,10000,2.73085,2.37137,3.16228,0.008113,0.00630957,0.01,0.548647,0.5,0.6,0.163348,0.1,0.2,2.91878e-05,2.1368e+06,22092,77043.4,0.01,0.95,10,10000,0.938,0.139,44,33,0.00924734,0,0.75
3720,10000,2.73343,2.37137,3.16228,0.00800994,0.00630957,0.01,0.540545,0.5,0.6,0.250338,0.2,0.3,2.91878e-05,4.37073e+06,33763.8,157589,0.01,0.95,10,10000,0.938,0.139,90,62,0.00674649,0,0.688889
3721,10000,2.66311,2.37137,3.16228,0.00822926,0.00630957,0.01,0.543418,0.5,0.6,0.351156,0.3,0.4,2.91878e-05,5.05062e+06,33618.9,182103,0.01,0.95,10,10000,0.938,0.139,104,79,0.00597669,0,0.759615
3722,10000,2.70902,2.37137,3.16228,0.00778805,0.00630957,0.01,0.545767,0.5,0.6,0.449659,0.4,0.5,2.91878e-05,4.22503e+06,27972.3,152336,0.01,0.95,10,10000,0.938,0.139,87,74,0.0061753,0,0.850575
3723,10000,2.70819,2.37137,3.16228,0.0078684,0.00630957,0.01,0.541803,0.5,0.6,0.543637,0.5,0.6,2.91878e-05,4.2736e+06,29430.1,154087,0.01,0.95,10,10000,0.938,0.139,88,71,0.00630441,0,0.806818
3724,10000,2.68366,2.37137,3.16228,0.00796246,0.00630957,0.01,0.548889,0.5,0.6,0.653304,0.6,0.7,2.91878e-05,2.47674e+06,23909.4,89300.3,0.01,0.95,10,10000,0.938,0.139,51,38,0.00861752,0,0.745098
3725,10000,2.73506,2.37137,3.16228,0.0079159,0.00630957,0.01,0.557291,0.5,0.6,0.748583,0.7,0.8,2.91878e-05,2.57387e+06,23647.6,92802.3,0.01,0.95,10,10000,0.938,0.139,53,41,0.00829625,0,0.773585
3726,10000,2.71375,2.37137,3.16228,0.00843228,0.00630957,0.01,0.544262,0.5,0.6,0.852508,0.8,0.9,2.91878e-05,2.33105e+06,21148,84047.3,0.01,0.95,10,10000,0.938,0.139,48,40,0.00839932,0,0.833333
3727,10000,2.66093,2.37137,3.16228,0.00812984,0.00630957,0.01,0.535397,0.5,0.6,0.947165,0.9,1,2.91878e-05,1.31122e+06,17478,47276.6,0.01,0.95,10,10000,0.938,0.139,27,20,0.0118784,0,0.740741
3728,10000,2.71327,2.37137,3.16228,0.00787316,0.00630957,0.01,0.540407,0.5,0.6,1.22551,1,1.5,0.000145939,1.17524e+06,9884.8,42373.9,0.01,0.95,10,10000,0.938,0.139,121,60,0.00685801,0,0.495868
3729,10000,2.74826,2.37137,3.16228,0.0077365,0.00630957,0.01,0.654486,0.6,0.7,0.0764215,0,0.1,2.91878e-05,388509,9420.07,14007.9,0.01,0.95,10,10000,0.938,0.139,8,6,0.0216869,0,0.75
3730,10000,2.64114,2.37137,3.16228,0.00832755,0.00630957,0.01,0.655818,0.6,0.7,0.148525,0.1,0.2,2.91878e-05,1.16553e+06,17066.6,42023.7,0.01,0.95,10,10000,0.938,0.139,24,17,0.012884,0,0.708333
3731,10000,2.74679,2.37137,3.16228,0.00809148,0.00630957,0.01,0.631749,0.6,0.7,0.243132,0.2,0.3,2.91878e-05,1.6026e+06,20263.4,57782.5,0.01,0.95,10,10000,0.938,0.139,33,23,0.0110767,0,0.69697
3732,10000,2.71887,2.37137,3.16228,0.00789982,0.00630957,0.01,0.657522,0.6,0.7,0.354013,0.3,0.4,2.91878e-05,2.42818e+06,28543,87549.3,0.01,0.95,10,10000,0.938,0.139,50,29,0.0098645,0,0.58
3733,10000,2.66732,2.37137,3.16228,0.00815493,0.00630957,0.01,0.645539,0.6,0.7,0.451574,0.4,0.5,2.91878e-05,2.42818e+06,23301,87549.3,0.01,0.95,10,10000,0.938,0.139,50,38,0.00861752,0,0.76
3734,10000,2.73189,2.37137,3.16228,0.00800537,0.00630957,0.01,0.645393,0.6,0.7,0.549353,0.5,0.6,2.91878e-05,1.40834e+06,17771.5,50778.6,0.01,0.95,10,10000,0.938,0.139,29,22,0.0113256,0,0.758621
3735,10000,2.62932,2.37137,3.16228,0.00769531,0.00630957,0.01,0.645254,0.6,0.7,0.655936,0.6,0.7,2.91878e-05,1.79685e+06,21321.6,64786.5,0.01,0.95,10,10000,0.938,0.139,37,26,0.0104181,0,0.702703
3736,10000,2.76322,2.37137,3.16228,0.00807798,0.00630957,0.01,0.646851,0.6,0.7,0.756624,0.7,0.8,2.91878e-05,1.79685e+06,22649.8,64786.5,0.01,0.95,10,10000,0.938,0.139,37,24,0.0108435,0,0.648649
3737,10000,2.67818,2.37137,3.16228,0.00770384,0.00630957,0.01,0.638735,0.6,0.7,0.836631,0.8,0.9,2.91878e-05,1.21409e+06,18803.3,43774.6,0.01,0.95,10,10000,0.938,0.139,25,16,0.0132805,0,0.64
3738,10000,2.77727,2.37137,3.16228,0.00811029,0.00630957,0.01,0.645442,0.6,0.7,0.958538,0.9,1,2.91878e-05,874145,11571.1,31517.7,0.01,0.95,10,10000,0.938,0.139,18,17,0.012884,0,0.944444
3739,10000,2.71756,2.37137,3.16228,0.00782131,0.00630957,0.01,0.648316,0.6,0.7,1.20832,1,1.5,0.000145939,456498,5430.71,16459.3,0.01,0.95,10,10000,0.938,0.139,47,28,0.0100391,0,0.595745
3740,10000,2.6272,2.37137,3.16228,0.00702106,0.00630957,0.01,0.746077,0.7,0.8,0.0720028,0,0.1,2.91878e-05,291382,7476.95,10505.9,0.01,0.95,10,10000,0.938,0.139,6,5,0.0237569,0,0.833333
3741,10000,2.84706,2.37137,3.16228,0.00809427,0.00630957,0.01,0.74543,0.7,0.8,0.158493,0.1,0.2,2.91878e-05,679891,11999.9,24513.8,0.01,0.95,10,10000,0.938,0.139,14,11,0.0160169,0,0.785714
3742,10000,2.62436,2.37137,3.16228,0.00765267,0.00630957,0.01,0.737547,0.7,0.8,0.255634,0.2,0.3,2.91878e-05,874145,14558.4,31517.7,0.01,0.95,10,10000,0.938,0.139,18,13,0.0147334,0,0.722222
3743,10000,2.59801,2.37137,3.16228,0.00808436,0.00630957,0.01,0.746298,0.7,0.8,0.34864,0.3,0.4,2.91878e-05,1.26265e+06,26958.5,45525.6,0.01,0.95,10,10000,0.938,0.139,26,10,0.0167986,0,0.384615
3744,10000,2.63393,2.37137,3.16228,0.00799779,0.00630957,0.01,0.738833,0.7,0.8,0.426117,0.4,0.5,2.91878e-05,1.35978e+06,19834.4,49027.6,0.01,0.95,10,10000,0.938,0.139,28,18,0.012521,0,0.642857
3745,10000,2.71617,2.37137,3.16228,0.00743064,0.00630957,0.01,0.751818,0.7,0.8,0.542697,0.5,0.6,2.91878e-05,1.01984e+06,18692.4,36770.7,0.01,0.95,10,10000,0.938,0.139,21,12,0.015335,0,0.571429
3746,10000,2.70326,2.37137,3.16228,0.00758014,0.00630957,0.01,0.739854,0.7,0.8,0.655225,0.6,0.7,2.91878e-05,728454,15262.3,26264.8,0.01,0.95,10,10000,0.938,0.139,15,9,0.0177073,0,0.6
3747,10000,2.62276,2.37137,3.16228,0.00803685,0.00630957,0.01,0.753681,0.7,0.8,0.743358,0.7,0.8,2.91878e-05,777018,13322,28015.8,0.01,0.95,10,10000,0.938,0.139,16,12,0.015335,0,0.75
3748,10000,2.84934,2.37137,3.16228,0.00773207,0.00630957,0.01,0.729485,0.7,0.8,0.853662,0.8,0.9,2.91878e-05,728454,15262.3,26264.8,0.01,0.95,10,10000,0.938,0.139,15,9,0.0177073,0,0.6
3749,10000,2.85699,2.37137,3.16228,0.00840168,0.00630957,0.01,0.731446,0.7,0.8,0.939286,0.9,1,2.91878e-05,437073,12479.4,15758.9,0.01,0.95,10,10000,0.938,0.139,9,5,0.0237569,0,0.555556
3750,10000,2.62818,2.37137,3.16228,0.00856774,0.00630957,0.01,0.740362,0.7,0.8,1.16867,1,1.5,0.000145939,349658,4378.05,12607.1,0.01,0.95,10,10000,0.938,0.139,36,24,0.0108435,0,0.666667
3751,10000,2.64267,2.37137,3.16228,0.00825343,0.00630957,0.01,0.851466,0.8,0.9,0.0682546,0,0.1,2.91878e-05,145691,4468.33,5252.96,0.01,0.95,10,10000,0.938,0.139,3,3,0.03067,0,1
3752,10000,2.68185,2.37137,3.16228,0.00789219,0.00630957,0.01,0.834908,0.8,0.9,0.188012,0.1,0.2,2.91878e-05,339945,9157.36,12256.9,0.01,0.95,10,10000,0.938,0.139,7,5,0.0237569,0,0.714286
3753,10000,2.62943,2.37137,3.16228,0.0087885,0.00630957,0.01,0.841563,0.8,0.9,0.240136,0.2,0.3,2.91878e-05,437073,9701.83,15758.9,0.01,0.95,10,10000,0.938,0.139,9,7,0.0200782,0,0.777778
3754,10000,2.77861,2.37137,3.16228,0.00875805,0.00630957,0.01,0.893575,0.8,0.9,0.377132,0.3,0.4,2.91878e-05,388509,28260.2,14007.9,0.01,0.95,10,10000,0.938,0.139,8,1,0.0531219,0,0.125
3755,10000,2.75086,2.37137,3.16228,0.00812414,0.00630957,0.01,0.84702,0.8,0.9,0.446243,0.4,0.5,2.91878e-05,922709,20185.5,33268.7,0.01,0.95,10,10000,0.938,0.139,19,9,0.0177073,0,0.473684
3756,10000,2.75691,2.37137,3.16228,0.00750803,0.00630957,0.01,0.827836,0.8,0.9,0.54292,0.5,0.6,2.91878e-05,485636,9991.5,17509.9,0.01,0.95,10,10000,0.938,0.139,10,8,0.0187814,0,0.8
3757,10000,2.62781,2.37137,3.16228,0.00801073,0.00630957,0.01,0.836765,0.8,0.9,0.665358,0.6,0.7,2.91878e-05,339945,6825.49,12256.9,0.01,0.95,10,10000,0.938,0.139,7,7,0.0200782,0,1
3758,10000,2.62677,2.37137,3.16228,0.00836637,0.00630957,0.01,0.842157,0.8,0.9,0.746492,0.7,0.8,2.91878e-05,388509,10822.8,14007.9,0.01,0.95,10,10000,0.938,0.139,8,5,0.0237569,0,0.625
3759,10000,2.41529,2.37137,3.16228,0.00810523,0.00630957,0.01,0.819847,0.8,0.9,0.854091,0.8,0.9,2.91878e-05,145691,6319.18,5252.96,0.01,0.95,10,10000,0.938,0.139,3,2,0.0375629,0,0.666667
3760,10000,2.85839,2.37137,3.16228,0.00850177,0.00630957,0.01,0.819815,0.8,0.9,0.951675,0.9,1,2.91878e-05,97127.2,-nan,3501.97,0.01,0.95,10,10000,0.938,0.139,2,3,0.03067,0,1.5
3761,10000,2.7077,2.37137,3.16228,0.00750015,0.00630957,0.01,0.83055,0.8,0.9,1.2385,1,1.5,0.000145939,97127.2,2223.5,3501.97,0.01,0.95,10,10000,0.938,0.139,10,7,0.0200782,0,0.7
3762,10000,2.66742,2.37137,3.16228,0.00652612,0.00630957,0.01,0.923225,0.9,1,0.0732607,0,0.1,2.91878e-05,97127.2,6319.18,3501.97,0.01,0.95,10,10000,0.938,0.139,2,1,0.0531219,0,0.5
3763,10000,2.90919,2.37137,3.16228,0.00824664,0.00630957,0.01,0.948177,0.9,1,0.158384,0.1,0.2,2.91878e-05,242818,5768.59,8754.93,0.01,0.95,10,10000,0.938,0.139,5,5,0.0237569,0,1
3764,10000,2.68577,2.37137,3.16228,0.00715177,0.00630957,0.01,0.958211,0.9,1,0.246438,0.2,0.3,2.91878e-05,339945,9157.36,12256.9,0.01,0.95,10,10000,0.938,0.139,7,5,0.0237569,0,0.714286
3765,10000,2.6103,2.37137,3.16228,0.00812595,0.00630957,0.01,0.943282,0.9,1,0.357069,0.3,0.4,2.91878e-05,388509,8273.75,14007.9,0.01,0.95,10,10000,0.938,0.139,8,7,0.0200782,0,0.875
3766,10000,3.02327,2.37137,3.16228,0.00879846,0.00630957,0.01,0.935709,0.9,1,0.455224,0.4,0.5,2.91878e-05,97127.2,3648.38,3501.97,0.01,0.95,10,10000,0.938,0.139,2,2,0.0375629,0,1
3767,10000,2.59238,2.37137,3.16228,0.00737004,0.00630957,0.01,0.944257,0.9,1,0.541764,0.5,0.6,2.91878e-05,291382,8936.67,10505.9,0.01,0.95,10,10000,0.938,0.139,6,4,0.026561,0,0.666667
3768,10000,2.87399,2.37137,3.16228,0.00791374,0.00630957,0.01,0.967537,0.9,1,0.681769,0.6,0.7,2.91878e-05,194254,8936.67,7003.94,0.01,0.95,10,10000,0.938,0.139,4,2,0.0375629,0,0.5
3769,10000,2.70048,2.37137,3.16228,0.00854073,0.00630957,0.01,0.942267,0.9,1,0.714433,0.7,0.8,2.91878e-05,194254,6661,7003.94,0.01,0.95,10,10000,0.938,0.139,4,3,0.03067,0,0.75
3770,10000,2.64697,2.37137,3.16228,0.00942878,0.00630957,0.01,0.948926,0.9,1,0.825424,0.8,0.9,2.91878e-05,97127.2,6319.18,3501.97,0.01,0.95,10,10000,0.938,0.139,2,1,0.0531219,0,0.5
3771,10000,2.62618,2.37137,3.16228,0.00755623,0.00630957,0.01,0.937799,0.9,1,1.2382,1,1.5,0.000145939,67989.1,2158.41,2451.38,0.01,0.95,10,10000,0.938,0.139,7,4,0.026561,0,0.571429
3772,10000,2.78505,2.37137,3.16228,0.0132472,0.01,0.0158489,0.0794622,0.05,0.1,0.0734772,0,0.1,2.31296e-05,8.31617e+07,726453,2.99844e+06,0.01,0.95,10,10000,0.938,0.139,1357,72,0.00626048,0,0.0530582
3773,10000,2.6921,2.37137,3.16228,0.0129733,0.01,0.0158489,0.0737083,0.05,0.1,0.162554,0.1,0.2,2.31296e-05,1.82993e+08,476333,6.59789e+06,0.01,0.95,10,10000,0.938,0.139,2986,731,0.00196479,0,0.244809
3774,10000,2.69783,2.37137,3.16228,0.0127755,0.01,0.0158489,0.0705842,0.05,0.1,0.253586,0.2,0.3,2.31296e-05,2.1725e+08,360357,7.83306e+06,0.01,0.95,10,10000,0.938,0.139,3545,1591,0.0013318,0,0.448801
3775,10000,2.6946,2.37137,3.16228,0.0127615,0.01,0.0158489,0.0709457,0.05,0.1,0.350291,0.3,0.4,2.31296e-05,1.75884e+08,273307,6.34158e+06,0.01,0.95,10,10000,0.938,0.139,2870,1661,0.00130343,0,0.578746
3776,10000,2.70172,2.37137,3.16228,0.0127423,0.01,0.0158489,0.0710677,0.05,0.1,0.448072,0.4,0.5,2.31296e-05,1.29615e+08,196467,4.67332e+06,0.01,0.95,10,10000,0.938,0.139,2115,1554,0.00134756,0,0.734752
3777,10000,2.70603,2.37137,3.16228,0.0126985,0.01,0.0158489,0.0714617,0.05,0.1,0.547342,0.5,0.6,2.31296e-05,9.02094e+07,146215,3.25254e+06,0.01,0.95,10,10000,0.938,0.139,1472,1242,0.00150735,0,0.84375
3778,10000,2.72008,2.37137,3.16228,0.0126562,0.01,0.0158489,0.0723685,0.05,0.1,0.648316,0.6,0.7,2.31296e-05,5.98127e+07,117755,2.15658e+06,0.01,0.95,10,10000,0.938,0.139,976,834,0.00183946,0,0.854508
3779,10000,2.71926,2.37137,3.16228,0.0127859,0.01,0.0158489,0.072259,0.05,0.1,0.745292,0.7,0.8,2.31296e-05,3.40124e+07,84097.9,1.22633e+06,0.01,0.95,10,10000,0.938,0.139,555,504,0.00236624,0,0.908108
3780,10000,2.71595,2.37137,3.16228,0.0126283,0.01,0.0158489,0.0725282,0.05,0.1,0.84232,0.8,0.9,2.31296e-05,2.16944e+07,65741.7,782202,0.01,0.95,10,10000,0.938,0.139,354,329,0.00292871,0,0.929379
3781,10000,2.73962,2.37137,3.16228,0.01278,0.01,0.0158489,0.0751415,0.05,0.1,0.946675,0.9,1,2.31296e-05,1.38501e+07,50257.9,499372,0.01,0.95,10,10000,0.938,0.139,226,220,0.00358148,0,0.973451
3782,10000,2.73813,2.37137,3.16228,0.0125391,0.01,0.0158489,0.0732345,0.05,0.1,1.16132,1,1.5,0.000115648,3.92215e+06,12516.7,141415,0.01,0.95,10,10000,0.938,0.139,320,297,0.00308245,0,0.928125
3783,10000,2.72743,2.37137,3.16228,0.0126473,0.01,0.0158489,0.126059,0.1,0.15,0.0680463,0,0.1,2.31296e-05,2.70873e+07,148432,976647,0.01,0.95,10,10000,0.938,0.139,442,155,0.00426686,0,0.350679
3784,10000,2.73071,2.37137,3.16228,0.0128594,0.01,0.0158489,0.12439,0.1,0.15,0.154146,0.1,0.2,2.31296e-05,7.65431e+07,237130,2.7598e+06,0.01,0.95,10,10000,0.938,0.139,1249,476,0.00243484,0,0.381105
3785,10000,2.71235,2.37137,3.16228,0.0128028,0.01,0.0158489,0.123469,0.1,0.15,0.251375,0.2,0.3,2.31296e-05,1.03324e+08,248447,3.7254e+06,0.01,0.95,10,10000,0.938,0.139,1686,757,0.00193075,0,0.448992
3786,10000,2.71394,2.37137,3.16228,0.0126408,0.01,0.0158489,0.122353,0.1,0.15,0.348909,0.3,0.4,2.31296e-05,1.02405e+08,228041,3.69226e+06,0.01,0.95,10,10000,0.938,0.139,1671,849,0.00182314,0,0.508079
3787,10000,2.69868,2.37137,3.16228,0.0126974,0.01,0.0158489,0.123217,0.1,0.15,0.448496,0.4,0.5,2.31296e-05,7.43369e+07,176445,2.68026e+06,0.01,0.95,10,10000,0.938,0.139,1213,709,0.00199504,0,0.584501
3788,10000,2.71429,2.37137,3.16228,0.0127157,0.01,0.0158489,0.123609,0.1,0.15,0.550797,0.5,0.6,2.31296e-05,5.63196e+07,140026,2.03063e+06,0.01,0.95,10,10000,0.938,0.139,919,610,0.00215084,0,0.663765
3789,10000,2.69577,2.37137,3.16228,0.0127695,0.01,0.0158489,0.123323,0.1,0.15,0.646422,0.6,0.7,2.31296e-05,3.70765e+07,99607.5,1.33681e+06,0.01,0.95,10,10000,0.938,0.139,605,475,0.0024374,0,0.785124
3790,10000,2.72569,2.37137,3.16228,0.0125814,0.01,0.0158489,0.123956,0.1,0.15,0.748929,0.7,0.8,2.31296e-05,2.44521e+07,75088.5,881634,0.01,0.95,10,10000,0.938,0.139,399,342,0.00287251,0,0.857143
3791,10000,2.72302,2.37137,3.16228,0.0128504,0.01,0.0158489,0.123014,0.1,0.15,0.845852,0.8,0.9,2.31296e-05,1.57499e+07,61300.7,567870,0.01,0.95,10,10000,0.938,0.139,257,216,0.00361449,0,0.840467
3792,10000,2.72791,2.37137,3.16228,0.0126555,0.01,0.0158489,0.122069,0.1,0.15,0.944426,0.9,1,2.31296e-05,1.00505e+07,45415.5,362376,0.01,0.95,10,10000,0.938,0.139,164,150,0.00433739,0,0.914634
3793,10000,2.72417,2.37137,3.16228,0.0124804,0.01,0.0158489,0.124067,0.1,0.15,1.1652,1,1.5,0.000115648,3.05192e+06,11884.5,110039,0.01,0.95,10,10000,0.938,0.139,249,213,0.00363986,0,0.855422
3794,10000,2.69177,2.37137,3.16228,0.0126318,0.01,0.0158489,0.174506,0.15,0.2,0.0654156,0,0.1,2.31296e-05,1.36049e+07,73777.3,490533,0.01,0.95,10,10000,0.938,0.139,222,134,0.00458904,0,0.603604
3795,10000,2.71338,2.37137,3.16228,0.0126751,0.01,0.0158489,0.172918,0.15,0.2,0.152567,0.1,0.2,2.31296e-05,4.09987e+07,124057,1.47823e+06,0.01,0.95,10,10000,0.938,0.139,669,422,0.00258594,0,0.630792
3796,10000,2.72706,2.37137,3.16228,0.0125639,0.01,0.0158489,0.17252,0.15,0.2,0.250483,0.2,0.3,2.31296e-05,5.28877e+07,145245,1.90689e+06,0.01,0.95,10,10000,0.938,0.139,863,522,0.00232508,0,0.604867
3797,10000,2.72086,2.37137,3.16228,0.0126967,0.01,0.0158489,0.17455,0.15,0.2,0.350312,0.3,0.4,2.31296e-05,5.6197e+07,150823,2.02621e+06,0.01,0.95,10,10000,0.938,0.139,917,549,0.00226719,0,0.598691
3798,10000,2.70434,2.37137,3.16228,0.0126753,0.01,0.0158489,0.173844,0.15,0.2,0.45184,0.4,0.5,2.31296e-05,4.80463e+07,142788,1.73233e+06,0.01,0.95,10,10000,0.938,0.139,784,454,0.00249314,0,0.579082
3799,10000,2.72712,2.37137,3.16228,0.0125978,0.01,0.0158489,0.174612,0.15,0.2,0.544543,0.5,0.6,2.31296e-05,3.9344e+07,129155,1.41857e+06,0.01,0.95,10,10000,0.938,0.139,642,372,0.00275424,0,0.579439
3800,10000,2.67713,2.37137,3.16228,0.0127729,0.01,0.0158489,0.172701,0.15,0.2,0.646486,0.6,0.7,2.31296e-05,2.80066e+07,104723,1.00979e+06,0.01,0.95,10,10000,0.938,0.139,457,280,0.00317464,0,0.612691
3801,10000,2.70825,2.37137,3.16228,0.0128771,0.01,0.0158489,0.173289,0.15,0.2,0.751389,0.7,0.8,2.31296e-05,2.01623e+07,81365.7,726961,0.01,0.95,10,10000,0.938,0.139,329,227,0.00352583,0,0.68997
3802,10000,2.71253,2.37137,3.16228,0.0128996,0.01,0.0158489,0.174025,0.15,0.2,0.846156,0.8,0.9,2.31296e-05,1.02343e+07,52043.3,369005,0.01,0.95,10,10000,0.938,0.139,167,132,0.00462367,0,0.790419
3803,10000,2.68437,2.37137,3.16228,0.0128016,0.01,0.0158489,0.174533,0.15,0.2,0.943837,0.9,1,2.31296e-05,8.57969e+06,50495.2,309345,0.01,0.95,10,10000,0.938,0.139,140,103,0.00523426,0,0.735714
3804,10000,2.73966,2.37137,3.16228,0.0127461,0.01,0.0158489,0.172798,0.15,0.2,1.17089,1,1.5,0.000115648,2.30426e+06,11205.1,83081.3,0.01,0.95,10,10000,0.938,0.139,188,146,0.0043964,0,0.776596
3805,10000,2.76268,2.37137,3.16228,0.0126854,0.01,0.0158489,0.225859,0.2,0.25,0.0638114,0,0.1,2.31296e-05,7.17017e+06,49799.6,258524,0.01,0.95,10,10000,0.938,0.139,117,78,0.00601488,0,0.666667
3806,10000,2.70733,2.37137,3.16228,0.0127582,0.01,0.0158489,0.222153,0.2,0.25,0.155269,0.1,0.2,2.31296e-05,2.45747e+07,88043.2,886053,0.01,0.95,10,10000,0.938,0.139,401,284,0.00315221,0,0.708229
3807,10000,2.72043,2.37137,3.16228,0.0125707,0.01,0.0158489,0.223618,0.2,0.25,0.252748,0.2,0.3,2.31296e-05,3.21126e+07,100668,1.15784e+06,0.01,0.95,10,10000,0.938,0.139,524,371,0.00275795,0,0.708015
3808,10000,2.70783,2.37137,3.16228,0.0126064,0.01,0.0158489,0.223199,0.2,0.25,0.348721,0.3,0.4,2.31296e-05,3.38898e+07,106671,1.22191e+06,0.01,0.95,10,10000,0.938,0.139,553,376,0.00273956,0,0.679928
3809,10000,2.70922,2.37137,3.16228,0.0126335,0.01,0.0158489,0.224296,0.2,0.25,0.446912,0.4,0.5,2.31296e-05,3.18674e+07,115511,1.149e+06,0.01,0.95,10,10000,0.938,0.139,520,304,0.00304675,0,0.584615
3810,10000,2.69225,2.37137,3.16228,0.0126566,0.01,0.0158489,0.22249,0.2,0.25,0.547565,0.5,0.6,2.31296e-05,2.59842e+07,101655,936874,0.01,0.95,10,10000,0.938,0.139,424,257,0.00331366,0,0.606132
3811,10000,2.71842,2.37137,3.16228,0.0127638,0.01,0.0158489,0.222547,0.2,0.25,0.649053,0.6,0.7,2.31296e-05,2.0101e+07,92335.9,724752,0.01,0.95,10,10000,0.938,0.139,328,190,0.00385387,0,0.579268
3812,10000,2.67002,2.37137,3.16228,0.0126253,0.01,0.0158489,0.225077,0.2,0.25,0.749417,0.7,0.8,2.31296e-05,1.34824e+07,76653,486114,0.01,0.95,10,10000,0.938,0.139,220,125,0.00475137,0,0.568182
3813,10000,2.69314,2.37137,3.16228,0.0129312,0.01,0.0158489,0.222113,0.2,0.25,0.846835,0.8,0.9,2.31296e-05,9.49895e+06,53515.2,342489,0.01,0.95,10,10000,0.938,0.139,155,113,0.00499729,0,0.729032
3814,10000,2.69631,2.37137,3.16228,0.0124931,0.01,0.0158489,0.224248,0.2,0.25,0.944263,0.9,1,2.31296e-05,5.45423e+06,38148.3,196655,0.01,0.95,10,10000,0.938,0.139,89,70,0.00634929,0,0.786517
3815,10000,2.73118,2.37137,3.16228,0.0127911,0.01,0.0158489,0.224923,0.2,0.25,1.18236,1,1.5,0.000115648,1.98559e+06,10123.6,71591.3,0.01,0.95,10,10000,0.938,0.139,162,130,0.0046591,0,0.802469
3816,10000,2.69332,2.37137,3.16228,0.0131911,0.01,0.0158489,0.272762,0.25,0.3,0.0738815,0,0.1,2.31296e-05,4.106e+06,33462.7,148044,0.01,0.95,10,10000,0.938,0.139,67,52,0.00736669,0,0.776119
3817,10000,2.71989,2.37137,3.16228,0.0126986,0.01,0.0158489,0.270362,0.25,0.3,0.15427,0.1,0.2,2.31296e-05,1.3176e+07,62009.6,475066,0.01,0.95,10,10000,0.938,0.139,215,160,0.00419966,0,0.744186
3818,10000,2.7412,2.37137,3.16228,0.0127093,0.01,0.0158489,0.273066,0.25,0.3,0.251327,0.2,0.3,2.31296e-05,2.15718e+07,81297.7,777782,0.01,0.95,10,10000,0.938,0.139,352,254,0.00333317,0,0.721591
3819,10000,2.71256,2.37137,3.16228,0.0128029,0.01,0.0158489,0.274432,0.25,0.3,0.346875,0.3,0.4,2.31296e-05,2.47585e+07,93666.7,892682,0.01,0.95,10,10000,0.938,0.139,404,265,0.00326326,0,0.655941
3820,10000,2.71329,2.37137,3.16228,0.012613,0.01,0.0158489,0.273779,0.25,0.3,0.44887,0.4,0.5,2.31296e-05,2.27362e+07,90409.7,819765,0.01,0.95,10,10000,0.938,0.139,371,241,0.00342189,0,0.649596
3821,10000,2.70952,2.37137,3.16228,0.0125918,0.01,0.0158489,0.272947,0.25,0.3,0.545555,0.5,0.6,2.31296e-05,1.87528e+07,82965.4,676140,0.01,0.95,10,10000,0.938,0.139,306,196,0.00379442,0,0.640523
3822,10000,2.72855,2.37137,3.16228,0.0126787,0.01,0.0158489,0.271963,0.25,0.3,0.652818,0.6,0.7,2.31296e-05,1.31147e+07,73317.2,472856,0.01,0.95,10,10000,0.938,0.139,214,127,0.00471381,0,0.593458
3823,10000,2.66016,2.37137,3.16228,0.0125919,0.01,0.0158489,0.271741,0.25,0.3,0.744626,0.7,0.8,2.31296e-05,9.80536e+06,65324.3,353537,0.01,0.95,10,10000,0.938,0.139,160,91,0.00556869,0,0.56875
3824,10000,2.65349,2.37137,3.16228,0.0127462,0.01,0.0158489,0.272838,0.25,0.3,0.849189,0.8,0.9,2.31296e-05,6.55734e+06,56564.5,236428,0.01,0.95,10,10000,0.938,0.139,107,56,0.00709872,0,0.523364
3825,10000,2.70951,2.37137,3.16228,0.0128153,0.01,0.0158489,0.271401,0.25,0.3,0.951078,0.9,1,2.31296e-05,4.65755e+06,36130.5,167930,0.01,0.95,10,10000,0.938,0.139,76,58,0.00697525,0,0.763158
3826,10000,2.72204,2.37137,3.16228,0.0128145,0.01,0.0158489,0.273379,0.25,0.3,1.14526,1,1.5,0.000115648,1.60563e+06,11342.1,57891.8,0.01,0.95,10,10000,0.938,0.139,131,79,0.00597669,0,0.603053
3827,10000,2.70878,2.37137,3.16228,0.0130173,0.01,0.0158489,0.346207,0.3,0.4,0.0678199,0,0.1,4.62592e-05,2.91097e+06,22001.3,104956,0.01,0.95,10,10000,0.938,0.139,95,65,0.00658897,0,0.684211
3828,10000,2.69902,2.37137,3.16228,0.0125885,0.01,0.0158489,0.344394,0.3,0.4,0.156685,0.1,0.2,4.62592e-05,7.41531e+06,32333.1,267363,0.01,0.95,10,10000,0.938,0.139,242,184,0.0039162,0,0.760331
3829,10000,2.71233,2.37137,3.16228,0.0126879,0.01,0.0158489,0.340049,0.3,0.4,0.250105,0.2,0.3,4.62592e-05,1.14907e+07,41427,414302,0.01,0.95,10,10000,0.938,0.139,375,275,0.00320337,0,0.733333
3830,10000,2.70025,2.37137,3.16228,0.0127973,0.01,0.0158489,0.341166,0.3,0.4,0.349496,0.3,0.4,4.62592e-05,1.20729e+07,41655.5,435293,0.01,0.95,10,10000,0.938,0.139,394,296,0.00308765,0,0.751269
3831,10000,2.69501,2.37137,3.16228,0.0124866,0.01,0.0158489,0.340461,0.3,0.4,0.448671,0.4,0.5,4.62592e-05,1.12762e+07,44069.9,406568,0.01,0.95,10,10000,0.938,0.139,368,246,0.00338693,0,0.668478
3832,10000,2.72377,2.37137,3.16228,0.0125999,0.01,0.0158489,0.343784,0.3,0.4,0.547058,0.5,0.6,4.62592e-05,1.09391e+07,43632.2,394415,0.01,0.95,10,10000,0.938,0.139,357,237,0.00345064,0,0.663866
3833,10000,2.75193,2.37137,3.16228,0.0127026,0.01,0.0158489,0.346548,0.3,0.4,0.651069,0.6,0.7,4.62592e-05,7.72172e+06,37715.7,278411,0.01,0.95,10,10000,0.938,0.139,252,161,0.0041866,0,0.638889
3834,10000,2.71824,2.37137,3.16228,0.0126608,0.01,0.0158489,0.348148,0.3,0.4,0.743656,0.7,0.8,4.62592e-05,6.43477e+06,37960,232009,0.01,0.95,10,10000,0.938,0.139,210,117,0.00491113,0,0.557143
3835,10000,2.70461,2.37137,3.16228,0.0123548,0.01,0.0158489,0.346316,0.3,0.4,0.8422,0.8,0.9,4.62592e-05,4.8414e+06,32172.6,174559,0.01,0.95,10,10000,0.938,0.139,158,91,0.00556869,0,0.575949
3836,10000,2.75137,2.37137,3.16228,0.0128692,0.01,0.0158489,0.346757,0.3,0.4,0.954096,0.9,1,4.62592e-05,3.7383e+06,32196.6,134786,0.01,0.95,10,10000,0.938,0.139,122,58,0.00697525,0,0.47541
3837,10000,2.70904,2.37137,3.16228,0.0126646,0.01,0.0158489,0.343891,0.3,0.4,1.19784,1,1.5,0.000231296,1.29921e+06,6897.83,46843.7,0.01,0.95,10,10000,0.938,0.139,212,136,0.00455517,0,0.641509
3838,10000,2.69134,2.37137,3.16228,0.0126615,0.01,0.0158489,0.446312,0.4,0.5,0.0630768,0,0.1,4.62592e-05,1.50145e+06,15632.8,54135.4,0.01,0.95,10,10000,0.938,0.139,49,34,0.00911034,0,0.693878
3839,10000,2.68821,2.37137,3.16228,0.0126679,0.01,0.0158489,0.441624,0.4,0.5,0.158596,0.1,0.2,4.62592e-05,3.5238e+06,24133,127053,0.01,0.95,10,10000,0.938,0.139,115,79,0.00597669,0,0.686957
3840,10000,2.6949,2.37137,3.16228,0.0125927,0.01,0.0158489,0.442286,0.4,0.5,0.257069,0.2,0.3,4.62592e-05,5.73001e+06,31042.4,206598,0.01,0.95,10,10000,0.938,0.139,187,127,0.00471381,0,0.679144
3841,10000,2.73226,2.37137,3.16228,0.0125147,0.01,0.0158489,0.44425,0.4,0.5,0.3506,0.3,0.4,4.62592e-05,6.06707e+06,31847.4,218751,0.01,0.95,10,10000,0.938,0.139,198,135,0.00457201,0,0.681818
3842,10000,2.71916,2.37137,3.16228,0.0126079,0.01,0.0158489,0.442881,0.4,0.5,0.445848,0.4,0.5,4.62592e-05,5.73001e+06,31605.9,206598,0.01,0.95,10,10000,0.938,0.139,187,124,0.00477049,0,0.663102
3843,10000,2.70215,2.37137,3.16228,0.0125684,0.01,0.0158489,0.441036,0.4,0.5,0.550758,0.5,0.6,4.62592e-05,5.45423e+06,32691.4,196655,0.01,0.95,10,10000,0.938,0.139,178,109,0.00508816,0,0.61236
3844,10000,2.70439,2.37137,3.16228,0.0128597,0.01,0.0158489,0.445889,0.4,0.5,0.653298,0.6,0.7,4.62592e-05,4.71883e+06,28918.3,170140,0.01,0.95,10,10000,0.938,0.139,154,101,0.00528583,0,0.655844
3845,10000,2.7479,2.37137,3.16228,0.0128049,0.01,0.0158489,0.445901,0.4,0.5,0.75218,0.7,0.8,4.62592e-05,3.30931e+06,22055.9,119319,0.01,0.95,10,10000,0.938,0.139,108,80,0.00593921,0,0.740741
3846,10000,2.71543,2.37137,3.16228,0.0124974,0.01,0.0158489,0.445353,0.4,0.5,0.851606,0.8,0.9,4.62592e-05,2.29813e+06,20549.3,82860.3,0.01,0.95,10,10000,0.938,0.139,75,48,0.00766749,0,0.64
3847,10000,2.66518,2.37137,3.16228,0.0126894,0.01,0.0158489,0.442397,0.4,0.5,0.947334,0.9,1,4.62592e-05,2.20621e+06,18937.9,79545.9,0.01,0.95,10,10000,0.938,0.139,72,50,0.00751258,0,0.694444
3848,10000,2.71723,2.37137,3.16228,0.0127819,0.01,0.0158489,0.441833,0.4,0.5,1.2108,1,1.5,0.000231296,1.20729e+06,7531.72,43529.3,0.01,0.95,10,10000,0.938,0.139,197,106,0.00515966,0,0.538071
3849,10000,2.82146,2.37137,3.16228,0.013193,0.01,0.0158489,0.538665,0.5,0.6,0.0522958,0,0.1,4.62592e-05,612835,11819.7,22096.1,0.01,0.95,10,10000,0.938,0.139,20,11,0.0160169,0,0.55
3850,10000,2.69035,2.37137,3.16228,0.0123892,0.01,0.0158489,0.537019,0.5,0.6,0.155516,0.1,0.2,4.62592e-05,1.62401e+06,17244.6,58554.6,0.01,0.95,10,10000,0.938,0.139,53,34,0.00911034,0,0.641509
3851,10000,2.68368,2.37137,3.16228,0.0124187,0.01,0.0158489,0.542469,0.5,0.6,0.249146,0.2,0.3,4.62592e-05,2.39006e+06,19757.8,86174.7,0.01,0.95,10,10000,0.938,0.139,78,54,0.00722898,0,0.692308
3852,10000,2.69459,2.37137,3.16228,0.0127887,0.01,0.0158489,0.544347,0.5,0.6,0.352262,0.3,0.4,4.62592e-05,2.75776e+06,23280,99432.4,0.01,0.95,10,10000,0.938,0.139,90,55,0.00716296,0,0.611111
3853,10000,2.74562,2.37137,3.16228,0.0130061,0.01,0.0158489,0.543096,0.5,0.6,0.444793,0.4,0.5,4.62592e-05,2.54327e+06,19970.7,91698.8,0.01,0.95,10,10000,0.938,0.139,83,59,0.00691589,0,0.710843
3854,10000,2.71957,2.37137,3.16228,0.0126076,0.01,0.0158489,0.540795,0.5,0.6,0.546087,0.5,0.6,4.62592e-05,3.61573e+06,25408.7,130367,0.01,0.95,10,10000,0.938,0.139,118,77,0.00605381,0,0.652542
3855,10000,2.71426,2.37137,3.16228,0.0123499,0.01,0.0158489,0.544102,0.5,0.6,0.643535,0.6,0.7,4.62592e-05,2.48198e+06,21612.6,89489.2,0.01,0.95,10,10000,0.938,0.139,81,51,0.00743856,0,0.62963
3856,10000,2.68174,2.37137,3.16228,0.0130363,0.01,0.0158489,0.541171,0.5,0.6,0.750323,0.7,0.8,4.62592e-05,2.14492e+06,19468,77336.3,0.01,0.95,10,10000,0.938,0.139,70,46,0.0078324,0,0.657143
3857,10000,2.71771,2.37137,3.16228,0.0126338,0.01,0.0158489,0.543812,0.5,0.6,0.856293,0.8,0.9,4.62592e-05,1.34824e+06,16673.4,48611.4,0.01,0.95,10,10000,0.938,0.139,44,26,0.0104181,0,0.590909
3858,10000,2.66958,2.37137,3.16228,0.0127431,0.01,0.0158489,0.539939,0.5,0.6,0.93975,0.9,1,4.62592e-05,1.07246e+06,15777.2,38668.2,0.01,0.95,10,10000,0.938,0.139,35,19,0.012187,0,0.542857
3859,10000,2.72563,2.37137,3.16228,0.0131235,0.01,0.0158489,0.545599,0.5,0.6,1.24441,1,1.5,0.000231296,827328,6717.46,29829.7,0.01,0.95,10,10000,0.938,0.139,135,65,0.00658897,0,0.481481
3860,10000,2.80065,2.37137,3.16228,0.012675,0.01,0.0158489,0.653488,0.6,0.7,0.0769411,0,0.1,4.62592e-05,337059,8815.94,12152.8,0.01,0.95,10,10000,0.938,0.139,11,6,0.0216869,0,0.545455
3861,10000,2.6907,2.37137,3.16228,0.0124469,0.01,0.0158489,0.648911,0.6,0.7,0.157098,0.1,0.2,4.62592e-05,888611,14202.1,32039.3,0.01,0.95,10,10000,0.938,0.139,29,16,0.0132805,0,0.551724
3862,10000,2.66422,2.37137,3.16228,0.0127971,0.01,0.0158489,0.642406,0.6,0.7,0.256293,0.2,0.3,4.62592e-05,1.53209e+06,15346.6,55240.2,0.01,0.95,10,10000,0.938,0.139,50,36,0.00885366,0,0.72
3863,10000,2.73714,2.37137,3.16228,0.0117995,0.01,0.0158489,0.649423,0.6,0.7,0.357741,0.3,0.4,4.62592e-05,1.62401e+06,18861.3,58554.6,0.01,0.95,10,10000,0.938,0.139,53,30,0.0096987,0,0.566038
3864,10000,2.70872,2.37137,3.16228,0.0121302,0.01,0.0158489,0.650496,0.6,0.7,0.452924,0.4,0.5,4.62592e-05,1.59337e+06,16480.9,57449.8,0.01,0.95,10,10000,0.938,0.139,52,35,0.00897925,0,0.673077
3865,10000,2.74815,2.37137,3.16228,0.0127154,0.01,0.0158489,0.647733,0.6,0.7,0.545682,0.5,0.6,4.62592e-05,1.19503e+06,13970.9,43087.4,0.01,0.95,10,10000,0.938,0.139,39,27,0.0102233,0,0.692308
3866,10000,2.77693,2.37137,3.16228,0.0123615,0.01,0.0158489,0.658371,0.6,0.7,0.656853,0.6,0.7,4.62592e-05,1.28695e+06,16205.7,46401.8,0.01,0.95,10,10000,0.938,0.139,42,25,0.0106244,0,0.595238
3867,10000,2.72515,2.37137,3.16228,0.0130252,0.01,0.0158489,0.64882,0.6,0.7,0.751153,0.7,0.8,4.62592e-05,1.1031e+06,11892.5,39773,0.01,0.95,10,10000,0.938,0.139,36,29,0.0098645,0,0.805556
3868,10000,2.74475,2.37137,3.16228,0.0127407,0.01,0.0158489,0.628029,0.6,0.7,0.836043,0.8,0.9,4.62592e-05,520910,12099.1,18781.7,0.01,0.95,10,10000,0.938,0.139,17,8,0.0187814,0,0.470588
3869,10000,2.7253,2.37137,3.16228,0.0131957,0.01,0.0158489,0.634513,0.6,0.7,0.957057,0.9,1,4.62592e-05,551552,10411.1,19886.5,0.01,0.95,10,10000,0.938,0.139,18,11,0.0160169,0,0.611111
3870,10000,2.6193,2.37137,3.16228,0.0124694,0.01,0.0158489,0.646133,0.6,0.7,1.18289,1,1.5,0.000231296,459626,4927.05,16572.1,0.01,0.95,10,10000,0.938,0.139,75,37,0.00873319,0,0.493333
3871,10000,2.63763,2.37137,3.16228,0.0110949,0.01,0.0158489,0.743709,0.7,0.8,0.0525366,0,0.1,4.62592e-05,91925.3,3987.16,3314.41,0.01,0.95,10,10000,0.938,0.139,3,2,0.0375629,0,0.666667
3872,10000,2.76452,2.37137,3.16228,0.0134826,0.01,0.0158489,0.76013,0.7,0.8,0.138041,0.1,0.2,4.62592e-05,490268,17226.5,17676.9,0.01,0.95,10,10000,0.938,0.139,16,4,0.026561,0,0.25
3873,10000,2.70162,2.37137,3.16228,0.0121896,0.01,0.0158489,0.736618,0.7,0.8,0.254676,0.2,0.3,4.62592e-05,643477,12522.2,23200.9,0.01,0.95,10,10000,0.938,0.139,21,11,0.0160169,0,0.52381
3874,10000,2.67407,2.37137,3.16228,0.0135433,0.01,0.0158489,0.74574,0.7,0.8,0.347418,0.3,0.4,4.62592e-05,1.07246e+06,17003.4,38668.2,0.01,0.95,10,10000,0.938,0.139,35,17,0.012884,0,0.485714
3875,10000,2.74384,2.37137,3.16228,0.0126124,0.01,0.0158489,0.738081,0.7,0.8,0.439908,0.4,0.5,4.62592e-05,919253,15442.2,33144.1,0.01,0.95,10,10000,0.938,0.139,30,15,0.013716,0,0.5
3876,10000,2.75494,2.37137,3.16228,0.0129723,0.01,0.0158489,0.745507,0.7,0.8,0.546392,0.5,0.6,4.62592e-05,796686,15153.5,28724.9,0.01,0.95,10,10000,0.938,0.139,26,12,0.015335,0,0.461538
3877,10000,2.66996,2.37137,3.16228,0.012504,0.01,0.0158489,0.741977,0.7,0.8,0.658455,0.6,0.7,4.62592e-05,674119,12467.6,24305.7,0.01,0.95,10,10000,0.938,0.139,22,12,0.015335,0,0.545455
3878,10000,2.49681,2.37137,3.16228,0.0140508,0.01,0.0158489,0.70063,0.7,0.8,0.706651,0.7,0.8,4.62592e-05,367701,27042.2,13257.7,0.01,0.95,10,10000,0.938,0.139,12,1,0.0531219,0,0.0833333
3879,10000,2.67074,2.37137,3.16228,0.0115012,0.01,0.0158489,0.74382,0.7,0.8,0.843233,0.8,0.9,4.62592e-05,428985,9629.9,15467.3,0.01,0.95,10,10000,0.938,0.139,14,8,0.0187814,0,0.571429
3880,10000,2.74329,2.37137,3.16228,0.0132907,0.01,0.0158489,0.747338,0.7,0.8,0.96124,0.9,1,4.62592e-05,398343,8803.4,14362.5,0.01,0.95,10,10000,0.938,0.139,13,8,0.0187814,0,0.615385
3881,10000,2.62635,2.37137,3.16228,0.0122588,0.01,0.0158489,0.742735,0.7,0.8,1.24335,1,1.5,0.000231296,220621,2851.04,7954.59,0.01,0.95,10,10000,0.938,0.139,36,23,0.0110767,0,0.638889
3882,10000,2.73589,2.37137,3.16228,0.01323,0.01,0.0158489,0.87145,0.8,0.9,0.067888,0,0.1,4.62592e-05,30641.8,-nan,1104.8,0.01,0.95,10,10000,0.938,0.139,1,2,0.0375629,0,2
3883,10000,2.43179,2.37137,3.16228,0.0113904,0.01,0.0158489,0.825505,0.8,0.9,0.165614,0.1,0.2,4.62592e-05,459626,18912.7,16572.1,0.01,0.95,10,10000,0.938,0.139,15,3,0.03067,0,0.2
3884,10000,2.61495,2.37137,3.16228,0.0120647,0.01,0.0158489,0.834582,0.8,0.9,0.226596,0.2,0.3,4.62592e-05,337059,11452.2,12152.8,0.01,0.95,10,10000,0.938,0.139,11,4,0.026561,0,0.363636
3885,10000,2.77549,2.37137,3.16228,0.0119055,0.01,0.0158489,0.833781,0.8,0.9,0.332948,0.3,0.4,4.62592e-05,214492,-nan,7733.63,0.01,0.95,10,10000,0.938,0.139,7,8,0.0187814,0,1.14286
3886,10000,2.84627,2.37137,3.16228,0.0134526,0.01,0.0158489,0.828849,0.8,0.9,0.471015,0.4,0.5,4.62592e-05,428985,8849.27,15467.3,0.01,0.95,10,10000,0.938,0.139,14,9,0.0177073,0,0.642857
3887,10000,2.47578,2.37137,3.16228,0.012017,0.01,0.0158489,0.841258,0.8,0.9,0.529811,0.5,0.6,4.62592e-05,275776,6905.96,9943.24,0.01,0.95,10,10000,0.938,0.139,9,6,0.0216869,0,0.666667
3888,10000,2.69042,2.37137,3.16228,0.0120009,0.01,0.0158489,0.867733,0.8,0.9,0.64608,0.6,0.7,4.62592e-05,337059,8815.94,12152.8,0.01,0.95,10,10000,0.938,0.139,11,6,0.0216869,0,0.545455
3889,10000,2.61321,2.37137,3.16228,0.0133854,0.01,0.0158489,0.870878,0.8,0.9,0.754035,0.7,0.8,4.62592e-05,214492,8246.55,7733.63,0.01,0.95,10,10000,0.938,0.139,7,3,0.03067,0,0.428571
3890,10000,2.74085,2.37137,3.16228,0.0126476,0.01,0.0158489,0.856127,0.8,0.9,0.848059,0.8,0.9,4.62592e-05,214492,6809.37,7733.63,0.01,0.95,10,10000,0.938,0.139,7,4,0.026561,0,0.571429
3891,10000,2.77957,2.37137,3.16228,0.0116325,0.01,0.0158489,0.828461,0.8,0.9,0.954093,0.9,1,4.62592e-05,153209,5559.82,5524.02,0.01,0.95,10,10000,0.938,0.139,5,3,0.03067,0,0.6
3892,10000,2.68654,2.37137,3.16228,0.0133456,0.01,0.0158489,0.848938,0.8,0.9,1.22574,1,1.5,0.000231296,85796.9,1925.98,3093.45,0.01,0.95,10,10000,0.938,0.139,14,8,0.0187814,0,0.571429
3893,10000,2.61272,2.37137,3.16228,0.0139309,0.01,0.0158489,0.931455,0.9,1,0.0851874,0,0.1,4.62592e-05,61283.5,3987.16,2209.61,0.01,0.95,10,10000,0.938,0.139,2,1,0.0531219,0,0.5
3894,10000,2.62123,2.37137,3.16228,0.0128554,0.01,0.0158489,0.919011,0.9,1,0.158824,0.1,0.2,4.62592e-05,153209,7279.52,5524.02,0.01,0.95,10,10000,0.938,0.139,5,2,0.0375629,0,0.4
3895,10000,2.61853,2.37137,3.16228,0.0129091,0.01,0.0158489,0.973337,0.9,1,0.28004,0.2,0.3,4.62592e-05,122567,5638.69,4419.22,0.01,0.95,10,10000,0.938,0.139,4,2,0.0375629,0,0.5
3896,10000,2.75509,2.37137,3.16228,0.013025,0.01,0.0158489,0.935953,0.9,1,0.346918,0.3,0.4,4.62592e-05,214492,8246.55,7733.63,0.01,0.95,10,10000,0.938,0.139,7,3,0.03067,0,0.428571
3897,10000,2.70329,2.37137,3.16228,0.0147561,0.01,0.0158489,0.94609,0.9,1,0.435122,0.4,0.5,4.62592e-05,183851,8915.55,6628.83,0.01,0.95,10,10000,0.938,0.139,6,2,0.0375629,0,0.333333
3898,10000,2.54819,2.37137,3.16228,0.0119341,0.01,0.0158489,0.956049,0.9,1,0.545473,0.5,0.6,4.62592e-05,214492,8246.55,7733.63,0.01,0.95,10,10000,0.938,0.139,7,3,0.03067,0,0.428571
3899,10000,2.95492,2.37137,3.16228,0.0136138,0.01,0.0158489,0.930596,0.9,1,0.663156,0.6,0.7,4.62592e-05,183851,8915.55,6628.83,0.01,0.95,10,10000,0.938,0.139,6,2,0.0375629,0,0.333333
3900,10000,2.81516,2.37137,3.16228,0.0112671,0.01,0.0158489,0.916899,0.9,1,0.746157,0.7,0.8,4.62592e-05,30641.8,-nan,1104.8,0.01,0.95,10,10000,0.938,0.139,1,2,0.0375629,0,2
3901,10000,2.83863,2.37137,3.16228,0.0106118,0.01,0.0158489,0.951351,0.9,1,0.802771,0.8,0.9,4.62592e-05,30641.8,1627.75,1104.8,0.01,0.95,10,10000,0.938,0.139,1,1,0.0531219,0,1
3902,10000,2.58617,2.37137,3.16228,0.0113876,0.01,0.0158489,0.93721,0.9,1,0.920209,0.9,1,4.62592e-05,61283.5,2301.99,2209.61,0.01,0.95,10,10000,0.938,0.139,2,2,0.0375629,0,1
3903,10000,2.9908,2.37137,3.16228,0.0133119,0.01,0.0158489,0.941509,0.9,1,1.34981,1,1.5,0.000231296,24513.4,1127.74,883.844,0.01,0.95,10,10000,0.938,0.139,4,2,0.0375629,0,0.5
3904,10000,2.67286,2.37137,3.16228,0.0209607,0.0158489,0.0251189,0.0723233,0.05,0.1,0.0706459,0,0.1,3.66584e-05,4.83335e+07,206148,1.74269e+06,0.01,0.95,10,10000,0.938,0.139,1250,276,0.00319757,0,0.2208
3905,10000,2.69619,2.37137,3.16228,0.0204323,0.0158489,0.0251189,0.0703669,0.05,0.1,0.156599,0.1,0.2,3.66584e-05,1.08112e+08,203899,3.89805e+06,0.01,0.95,10,10000,0.938,0.139,2796,1236,0.001511,0,0.44206
3906,10000,2.6982,2.37137,3.16228,0.0202312,0.0158489,0.0251189,0.0709369,0.05,0.1,0.251254,0.2,0.3,3.66584e-05,1.27639e+08,187661,4.60209e+06,0.01,0.95,10,10000,0.938,0.139,3301,1871,0.00122811,0,0.566798
3907,10000,2.70273,2.37137,3.16228,0.0200944,0.0158489,0.0251189,0.0708504,0.05,0.1,0.348698,0.3,0.4,3.66584e-05,1.07726e+08,146143,3.88411e+06,0.01,0.95,10,10000,0.938,0.139,2786,1978,0.00119443,0,0.709978
3908,10000,2.70551,2.37137,3.16228,0.0202066,0.0158489,0.0251189,0.0711161,0.05,0.1,0.44898,0.4,0.5,3.66584e-05,7.76816e+07,108554,2.80085e+06,0.01,0.95,10,10000,0.938,0.139,2009,1681,0.00129566,0,0.836735
3909,10000,2.70151,2.37137,3.16228,0.0199714,0.0158489,0.0251189,0.0717235,0.05,0.1,0.547112,0.5,0.6,3.66584e-05,5.07308e+07,82876.9,1.82913e+06,0.01,0.95,10,10000,0.938,0.139,1312,1171,0.00155237,0,0.89253
3910,10000,2.72485,2.37137,3.16228,0.0201001,0.0158489,0.0251189,0.0734573,0.05,0.1,0.646731,0.6,0.7,3.66584e-05,3.46841e+07,68728.5,1.25055e+06,0.01,0.95,10,10000,0.938,0.139,897,798,0.0018805,0,0.889632
3911,10000,2.70024,2.37137,3.16228,0.0201477,0.0158489,0.0251189,0.073571,0.05,0.1,0.745558,0.7,0.8,3.66584e-05,1.95654e+07,49421.2,705441,0.01,0.95,10,10000,0.938,0.139,506,472,0.00244514,0,0.932806
3912,10000,2.73605,2.37137,3.16228,0.0195892,0.0158489,0.0251189,0.0737076,0.05,0.1,0.846156,0.8,0.9,3.66584e-05,1.2296e+07,40909.1,443340,0.01,0.95,10,10000,0.938,0.139,318,283,0.00315777,0,0.889937
3913,10000,2.77219,2.37137,3.16228,0.0198444,0.0158489,0.0251189,0.0748625,0.05,0.1,0.941557,0.9,1,3.66584e-05,6.38002e+06,27362.4,230035,0.01,0.95,10,10000,0.938,0.139,165,159,0.00421284,0,0.963636
3914,10000,2.72713,2.37137,3.16228,0.0196545,0.0158489,0.0251189,0.0749213,0.05,0.1,1.16309,1,1.5,0.000183292,1.91014e+06,6917.17,68871.1,0.01,0.95,10,10000,0.938,0.139,247,230,0.00350276,0,0.931174
3915,10000,2.7048,2.37137,3.16228,0.020462,0.0158489,0.0251189,0.125534,0.1,0.15,0.0689217,0,0.1,3.66584e-05,1.72067e+07,68376.8,620397,0.01,0.95,10,10000,0.938,0.139,445,255,0.00332663,0,0.573034
3916,10000,2.71587,2.37137,3.16228,0.0205063,0.0158489,0.0251189,0.123476,0.1,0.15,0.151824,0.1,0.2,3.66584e-05,4.85268e+07,124646,1.74966e+06,0.01,0.95,10,10000,0.938,0.139,1255,638,0.00210312,0,0.508367
3917,10000,2.69686,2.37137,3.16228,0.0202422,0.0158489,0.0251189,0.123302,0.1,0.15,0.252255,0.2,0.3,3.66584e-05,6.46509e+07,136641,2.33102e+06,0.01,0.95,10,10000,0.938,0.139,1672,917,0.00175424,0,0.548445
3918,10000,2.71718,2.37137,3.16228,0.0201244,0.0158489,0.0251189,0.121933,0.1,0.15,0.350384,0.3,0.4,3.66584e-05,6.17509e+07,125406,2.22646e+06,0.01,0.95,10,10000,0.938,0.139,1597,958,0.00171629,0,0.599875
3919,10000,2.68941,2.37137,3.16228,0.0201139,0.0158489,0.0251189,0.122752,0.1,0.15,0.447978,0.4,0.5,3.66584e-05,4.70188e+07,104734,1.69529e+06,0.01,0.95,10,10000,0.938,0.139,1216,775,0.0019082,0,0.637336
3920,10000,2.70332,2.37137,3.16228,0.0201219,0.0158489,0.0251189,0.12197,0.1,0.15,0.549051,0.5,0.6,3.66584e-05,3.10108e+07,75247.2,1.11811e+06,0.01,0.95,10,10000,0.938,0.139,802,600,0.00216869,0,0.74813
3921,10000,2.69795,2.37137,3.16228,0.0200392,0.0158489,0.0251189,0.122388,0.1,0.15,0.647429,0.6,0.7,3.66584e-05,2.27361e+07,58319.6,819761,0.01,0.95,10,10000,0.938,0.139,588,496,0.00238525,0,0.843537
3922,10000,2.70561,2.37137,3.16228,0.0203143,0.0158489,0.0251189,0.123809,0.1,0.15,0.747283,0.7,0.8,3.66584e-05,1.31854e+07,42170.6,475406,0.01,0.95,10,10000,0.938,0.139,341,305,0.00304175,0,0.894428
3923,10000,2.69873,2.37137,3.16228,0.0202584,0.0158489,0.0251189,0.124732,0.1,0.15,0.84564,0.8,0.9,3.66584e-05,9.04803e+06,34379.6,326231,0.01,0.95,10,10000,0.938,0.139,234,213,0.00363986,0,0.910256
3924,10000,2.74625,2.37137,3.16228,0.0200694,0.0158489,0.0251189,0.123235,0.1,0.15,0.94751,0.9,1,3.66584e-05,5.45202e+06,27532.1,196575,0.01,0.95,10,10000,0.938,0.139,141,124,0.00477049,0,0.879433
3925,10000,2.70214,2.37137,3.16228,0.0199776,0.0158489,0.0251189,0.124696,0.1,0.15,1.15775,1,1.5,0.000183292,1.58534e+06,6391.7,57160.2,0.01,0.95,10,10000,0.938,0.139,205,188,0.00387432,0,0.917073
3926,10000,2.71962,2.37137,3.16228,0.0201715,0.0158489,0.0251189,0.173813,0.15,0.2,0.0662975,0,0.1,3.66584e-05,1.00147e+07,44915.5,361085,0.01,0.95,10,10000,0.938,0.139,259,182,0.00393766,0,0.702703
3927,10000,2.72969,2.37137,3.16228,0.0202627,0.0158489,0.0251189,0.173865,0.15,0.2,0.156101,0.1,0.2,3.66584e-05,2.78014e+07,82814.2,1.00239e+06,0.01,0.95,10,10000,0.938,0.139,719,441,0.00252962,0,0.613352
3928,10000,2.71243,2.37137,3.16228,0.0202271,0.0158489,0.0251189,0.172702,0.15,0.2,0.252322,0.2,0.3,3.66584e-05,3.48775e+07,95645,1.25752e+06,0.01,0.95,10,10000,0.938,0.139,902,530,0.00230747,0,0.587583
3929,10000,2.71371,2.37137,3.16228,0.020128,0.0158489,0.0251189,0.173084,0.15,0.2,0.350687,0.3,0.4,3.66584e-05,3.48388e+07,95389.4,1.25613e+06,0.01,0.95,10,10000,0.938,0.139,901,531,0.0023053,0,0.589345
3930,10000,2.71156,2.37137,3.16228,0.0200634,0.0158489,0.0251189,0.173835,0.15,0.2,0.447475,0.4,0.5,3.66584e-05,2.96574e+07,81684.8,1.06931e+06,0.01,0.95,10,10000,0.938,0.139,767,501,0.00237331,0,0.653194
3931,10000,2.71743,2.37137,3.16228,0.0202988,0.0158489,0.0251189,0.173828,0.15,0.2,0.54801,0.5,0.6,3.66584e-05,2.11894e+07,68610.8,763995,0.01,0.95,10,10000,0.938,0.139,548,361,0.00279589,0,0.658759
3932,10000,2.7304,2.37137,3.16228,0.0201882,0.0158489,0.0251189,0.171631,0.15,0.2,0.645782,0.6,0.7,3.66584e-05,1.55054e+07,54506.5,559055,0.01,0.95,10,10000,0.938,0.139,401,291,0.00311406,0,0.725686
3933,10000,2.73376,2.37137,3.16228,0.0202131,0.0158489,0.0251189,0.172615,0.15,0.2,0.74593,0.7,0.8,3.66584e-05,1.05174e+07,41268.3,379209,0.01,0.95,10,10000,0.938,0.139,272,219,0.00358965,0,0.805147
3934,10000,2.7572,2.37137,3.16228,0.0200803,0.0158489,0.0251189,0.175531,0.15,0.2,0.847708,0.8,0.9,3.66584e-05,6.49602e+06,30006.5,234217,0.01,0.95,10,10000,0.938,0.139,168,148,0.0043666,0,0.880952
3935,10000,2.71682,2.37137,3.16228,0.0201734,0.0158489,0.0251189,0.17459,0.15,0.2,0.945345,0.9,1,3.66584e-05,3.82801e+06,22849.9,138021,0.01,0.95,10,10000,0.938,0.139,99,88,0.00566282,0,0.888889
3936,10000,2.69783,2.37137,3.16228,0.0201394,0.0158489,0.0251189,0.172706,0.15,0.2,1.17796,1,1.5,0.000183292,1.3456e+06,6011.81,48516.5,0.01,0.95,10,10000,0.938,0.139,174,156,0.00425316,0,0.896552
3937,10000,2.7048,2.37137,3.16228,0.0200138,0.0158489,0.0251189,0.224837,0.2,0.25,0.0641283,0,0.1,3.66584e-05,4.25335e+06,27947.4,153357,0.01,0.95,10,10000,0.938,0.139,110,82,0.00586634,0,0.745455
3938,10000,2.7102,2.37137,3.16228,0.0204423,0.0158489,0.0251189,0.225726,0.2,0.25,0.154239,0.1,0.2,3.66584e-05,1.49641e+07,54895.3,539537,0.01,0.95,10,10000,0.938,0.139,387,272,0.00322099,0,0.702842
3939,10000,2.72869,2.37137,3.16228,0.0202469,0.0158489,0.0251189,0.223425,0.2,0.25,0.253034,0.2,0.3,3.66584e-05,2.02227e+07,62317,729141,0.01,0.95,10,10000,0.938,0.139,523,379,0.00272869,0,0.724665
3940,10000,2.70211,2.37137,3.16228,0.0202111,0.0158489,0.0251189,0.224607,0.2,0.25,0.350192,0.3,0.4,3.66584e-05,2.16147e+07,69190.4,779331,0.01,0.95,10,10000,0.938,0.139,559,369,0.00276542,0,0.660107
3941,10000,2.69769,2.37137,3.16228,0.0202189,0.0158489,0.0251189,0.223312,0.2,0.25,0.447777,0.4,0.5,3.66584e-05,2.14214e+07,67729.7,772360,0.01,0.95,10,10000,0.938,0.139,554,374,0.00274687,0,0.67509
3942,10000,2.71458,2.37137,3.16228,0.020171,0.0158489,0.0251189,0.224216,0.2,0.25,0.54711,0.5,0.6,3.66584e-05,1.51574e+07,59436.9,546507,0.01,0.95,10,10000,0.938,0.139,392,250,0.00335973,0,0.637755
3943,10000,2.72882,2.37137,3.16228,0.0203294,0.0158489,0.0251189,0.225878,0.2,0.25,0.646907,0.6,0.7,3.66584e-05,1.2412e+07,52045.1,447523,0.01,0.95,10,10000,0.938,0.139,321,214,0.00363134,0,0.666667
3944,10000,2.70408,2.37137,3.16228,0.0200985,0.0158489,0.0251189,0.222486,0.2,0.25,0.748401,0.7,0.8,3.66584e-05,9.04803e+06,42183.7,326231,0.01,0.95,10,10000,0.938,0.139,234,167,0.0041107,0,0.713675
3945,10000,2.68741,2.37137,3.16228,0.0203205,0.0158489,0.0251189,0.22564,0.2,0.25,0.851505,0.8,0.9,3.66584e-05,5.99335e+06,34240.7,216093,0.01,0.95,10,10000,0.938,0.139,155,111,0.00504211,0,0.716129
3946,10000,2.68215,2.37137,3.16228,0.0197378,0.0158489,0.0251189,0.224483,0.2,0.25,0.943854,0.9,1,3.66584e-05,3.48001e+06,24427.6,125474,0.01,0.95,10,10000,0.938,0.139,90,70,0.00634929,0,0.777778
3947,10000,2.70991,2.37137,3.16228,0.0202897,0.0158489,0.0251189,0.224589,0.2,0.25,1.16576,1,1.5,0.000183292,1.40747e+06,6471.83,50747.1,0.01,0.95,10,10000,0.938,0.139,182,154,0.00428069,0,0.846154
3948,10000,2.73777,2.37137,3.16228,0.0199641,0.0158489,0.0251189,0.274079,0.25,0.3,0.0610873,0,0.1,3.66584e-05,2.78401e+06,22838.2,100379,0.01,0.95,10,10000,0.938,0.139,72,53,0.00729686,0,0.736111
3949,10000,2.67171,2.37137,3.16228,0.0200009,0.0158489,0.0251189,0.273468,0.25,0.3,0.15492,0.1,0.2,3.66584e-05,8.31336e+06,39517.3,299743,0.01,0.95,10,10000,0.938,0.139,215,158,0.00422615,0,0.734884
3950,10000,2.70097,2.37137,3.16228,0.0203968,0.0158489,0.0251189,0.272447,0.25,0.3,0.251756,0.2,0.3,3.66584e-05,1.276e+07,49523.5,460070,0.01,0.95,10,10000,0.938,0.139,330,239,0.00343617,0,0.724242
3951,10000,2.70194,2.37137,3.16228,0.0202095,0.0158489,0.0251189,0.274039,0.25,0.3,0.349325,0.3,0.4,3.66584e-05,1.56214e+07,56694.5,563237,0.01,0.95,10,10000,0.938,0.139,404,280,0.00317464,0,0.693069
3952,10000,2.7052,2.37137,3.16228,0.0202713,0.0158489,0.0251189,0.274754,0.25,0.3,0.445159,0.4,0.5,3.66584e-05,1.43067e+07,51826.5,515836,0.01,0.95,10,10000,0.938,0.139,370,272,0.00322099,0,0.735135
3953,10000,2.71644,2.37137,3.16228,0.0201699,0.0158489,0.0251189,0.272474,0.25,0.3,0.543431,0.5,0.6,3.66584e-05,1.10587e+07,49255,398727,0.01,0.95,10,10000,0.938,0.139,286,190,0.00385387,0,0.664336
3954,10000,2.68805,2.37137,3.16228,0.0203809,0.0158489,0.0251189,0.274587,0.25,0.3,0.652893,0.6,0.7,3.66584e-05,8.3907e+06,40595.5,302531,0.01,0.95,10,10000,0.938,0.139,217,155,0.00426686,0,0.714286
3955,10000,2.71433,2.37137,3.16228,0.0199725,0.0158489,0.0251189,0.275693,0.25,0.3,0.744343,0.7,0.8,3.66584e-05,5.76135e+06,32778.4,207729,0.01,0.95,10,10000,0.938,0.139,149,110,0.00506498,0,0.738255
3956,10000,2.72617,2.37137,3.16228,0.0197758,0.0158489,0.0251189,0.272956,0.25,0.3,0.849335,0.8,0.9,3.66584e-05,4.09868e+06,35296.6,147780,0.01,0.95,10,10000,0.938,0.139,106,56,0.00709872,0,0.528302
3957,10000,2.697,2.37137,3.16228,0.0206008,0.0158489,0.0251189,0.272097,0.25,0.3,0.943772,0.9,1,3.66584e-05,2.97734e+06,20539,107350,0.01,0.95,10,10000,0.938,0.139,77,67,0.00648988,0,0.87013
3958,10000,2.70468,2.37137,3.16228,0.0202821,0.0158489,0.0251189,0.273108,0.25,0.3,1.18561,1,1.5,0.000183292,1.00534e+06,5513.01,36247.9,0.01,0.95,10,10000,0.938,0.139,130,109,0.00508816,0,0.838462
3959,10000,2.72307,2.37137,3.16228,0.019309,0.0158489,0.0251189,0.341568,0.3,0.4,0.0671059,0,0.1,7.33169e-05,1.97201e+06,14196.4,71101.7,0.01,0.95,10,10000,0.938,0.139,102,71,0.00630441,0,0.696078
3960,10000,2.70455,2.37137,3.16228,0.0201122,0.0158489,0.0251189,0.339308,0.3,0.4,0.15607,0.1,0.2,7.33169e-05,5.00735e+06,21012.3,180543,0.01,0.95,10,10000,0.938,0.139,259,198,0.00377521,0,0.764479
3961,10000,2.68639,2.37137,3.16228,0.0202651,0.0158489,0.0251189,0.34457,0.3,0.4,0.252571,0.2,0.3,7.33169e-05,7.75269e+06,27549.7,279527,0.01,0.95,10,10000,0.938,0.139,401,287,0.00313569,0,0.715711
3962,10000,2.69849,2.37137,3.16228,0.0203519,0.0158489,0.0251189,0.346051,0.3,0.4,0.351619,0.3,0.4,7.33169e-05,8.06203e+06,27835.7,290681,0.01,0.95,10,10000,0.938,0.139,417,302,0.00305682,0,0.724221
3963,10000,2.70005,2.37137,3.16228,0.0200258,0.0158489,0.0251189,0.34302,0.3,0.4,0.448615,0.4,0.5,7.33169e-05,7.88803e+06,28088.8,284407,0.01,0.95,10,10000,0.938,0.139,408,288,0.00313024,0,0.705882
3964,10000,2.73295,2.37137,3.16228,0.0202681,0.0158489,0.0251189,0.342431,0.3,0.4,0.549654,0.5,0.6,7.33169e-05,6.53469e+06,26035.4,235612,0.01,0.95,10,10000,0.938,0.139,338,233,0.00348013,0,0.689349
3965,10000,2.68158,2.37137,3.16228,0.0201949,0.0158489,0.0251189,0.344645,0.3,0.4,0.645132,0.6,0.7,7.33169e-05,4.94935e+06,21663.2,178451,0.01,0.95,10,10000,0.938,0.139,256,187,0.00388466,0,0.730469
3966,10000,2.71397,2.37137,3.16228,0.0199032,0.0158489,0.0251189,0.349443,0.3,0.4,0.74914,0.7,0.8,7.33169e-05,4.29201e+06,21103.7,154751,0.01,0.95,10,10000,0.938,0.139,222,153,0.00429465,0,0.689189
3967,10000,2.68602,2.37137,3.16228,0.0201171,0.0158489,0.0251189,0.346512,0.3,0.4,0.848232,0.8,0.9,7.33169e-05,3.13201e+06,17622.4,112926,0.01,0.95,10,10000,0.938,0.139,162,115,0.00495365,0,0.709877
3968,10000,2.66698,2.37137,3.16228,0.0201805,0.0158489,0.0251189,0.348424,0.3,0.4,0.946427,0.9,1,7.33169e-05,1.72067e+06,15720.8,62039.7,0.01,0.95,10,10000,0.938,0.139,89,49,0.00758885,0,0.550562
3969,10000,2.7418,2.37137,3.16228,0.0201738,0.0158489,0.0251189,0.347482,0.3,0.4,1.17581,1,1.5,0.000366584,858403,4117.59,30950.2,0.01,0.95,10,10000,0.938,0.139,222,158,0.00422615,0,0.711712
3970,10000,2.71246,2.37137,3.16228,0.0201609,0.0158489,0.0251189,0.443478,0.4,0.5,0.0698258,0,0.1,7.33169e-05,715336,9302.6,25791.8,0.01,0.95,10,10000,0.938,0.139,37,23,0.0110767,0,0.621622
3971,10000,2.63297,2.37137,3.16228,0.0206419,0.0158489,0.0251189,0.439004,0.4,0.5,0.161097,0.1,0.2,7.33169e-05,1.91401e+06,15497.6,69010.5,0.01,0.95,10,10000,0.938,0.139,99,60,0.00685801,0,0.606061
3972,10000,2.68842,2.37137,3.16228,0.0202605,0.0158489,0.0251189,0.445654,0.4,0.5,0.251987,0.2,0.3,7.33169e-05,3.46068e+06,19351.1,124777,0.01,0.95,10,10000,0.938,0.139,179,120,0.00484935,0,0.670391
3973,10000,2.72009,2.37137,3.16228,0.0201629,0.0158489,0.0251189,0.444701,0.4,0.5,0.348296,0.3,0.4,7.33169e-05,3.92468e+06,19952.1,141506,0.01,0.95,10,10000,0.938,0.139,203,142,0.00445789,0,0.699507
3974,10000,2.65965,2.37137,3.16228,0.0206069,0.0158489,0.0251189,0.443025,0.4,0.5,0.449486,0.4,0.5,7.33169e-05,4.09868e+06,19305.2,147780,0.01,0.95,10,10000,0.938,0.139,212,159,0.00421284,0,0.75
3975,10000,2.68948,2.37137,3.16228,0.0205511,0.0158489,0.0251189,0.447062,0.4,0.5,0.544614,0.5,0.6,7.33169e-05,3.38334e+06,18690.7,121988,0.01,0.95,10,10000,0.938,0.139,175,121,0.00482927,0,0.691429
3976,10000,2.66988,2.37137,3.16228,0.0209502,0.0158489,0.0251189,0.441269,0.4,0.5,0.646228,0.6,0.7,7.33169e-05,3.03534e+06,17402.8,109441,0.01,0.95,10,10000,0.938,0.139,157,111,0.00504211,0,0.707006
3977,10000,2.68832,2.37137,3.16228,0.0204919,0.0158489,0.0251189,0.446375,0.4,0.5,0.744594,0.7,0.8,7.33169e-05,2.41667e+06,15717.1,87134.5,0.01,0.95,10,10000,0.938,0.139,125,87,0.00569527,0,0.696
3978,10000,2.75879,2.37137,3.16228,0.0205226,0.0158489,0.0251189,0.449006,0.4,0.5,0.853781,0.8,0.9,7.33169e-05,1.85601e+06,13435.3,66919.3,0.01,0.95,10,10000,0.938,0.139,96,69,0.00639513,0,0.71875
3979,10000,2.71041,2.37137,3.16228,0.0203705,0.0158489,0.0251189,0.442289,0.4,0.5,0.949173,0.9,1,7.33169e-05,1.31467e+06,10764,47401.1,0.01,0.95,10,10000,0.938,0.139,68,52,0.00736669,0,0.764706
3980,10000,2.70272,2.37137,3.16228,0.0198437,0.0158489,0.0251189,0.446262,0.4,0.5,1.19094,1,1.5,0.000366584,723069,4268.88,26070.6,0.01,0.95,10,10000,0.938,0.139,187,113,0.00499729,0,0.604278
3981,10000,2.69872,2.37137,3.16228,0.0207316,0.0158489,0.0251189,0.538249,0.5,0.6,0.0592257,0,0.1,7.33169e-05,348001,9743.24,12547.4,0.01,0.95,10,10000,0.938,0.139,18,6,0.0216869,0,0.333333
3982,10000,2.64448,2.37137,3.16228,0.0201714,0.0158489,0.0251189,0.541716,0.5,0.6,0.154584,0.1,0.2,7.33169e-05,1.17934e+06,12157.8,42521.6,0.01,0.95,10,10000,0.938,0.139,61,37,0.00873319,0,0.606557
3983,10000,2.67746,2.37137,3.16228,0.0204012,0.0158489,0.0251189,0.54131,0.5,0.6,0.251363,0.2,0.3,7.33169e-05,1.70134e+06,15294.1,61342.7,0.01,0.95,10,10000,0.938,0.139,88,50,0.00751258,0,0.568182
3984,10000,2.70082,2.37137,3.16228,0.0201948,0.0158489,0.0251189,0.547497,0.5,0.6,0.353323,0.3,0.4,7.33169e-05,1.97201e+06,16862.4,71101.7,0.01,0.95,10,10000,0.938,0.139,102,56,0.00709872,0,0.54902
3985,10000,2.67018,2.37137,3.16228,0.0202179,0.0158489,0.0251189,0.549247,0.5,0.6,0.448571,0.4,0.5,7.33169e-05,2.35867e+06,16092.1,85043.2,0.01,0.95,10,10000,0.938,0.139,122,81,0.00590244,0,0.663934
3986,10000,2.67731,2.37137,3.16228,0.0201706,0.0158489,0.0251189,0.544012,0.5,0.6,0.554574,0.5,0.6,7.33169e-05,1.81734e+06,13381.4,65525.1,0.01,0.95,10,10000,0.938,0.139,94,67,0.00648988,0,0.712766
3987,10000,2.69797,2.37137,3.16228,0.0198276,0.0158489,0.0251189,0.537207,0.5,0.6,0.647583,0.6,0.7,7.33169e-05,1.54667e+06,11859.1,55766,0.01,0.95,10,10000,0.938,0.139,80,60,0.00685801,0,0.75
3988,10000,2.69146,2.37137,3.16228,0.0198261,0.0158489,0.0251189,0.535083,0.5,0.6,0.744982,0.7,0.8,7.33169e-05,1.16e+06,10270.3,41824.5,0.01,0.95,10,10000,0.938,0.139,60,45,0.00791895,0,0.75
3989,10000,2.6995,2.37137,3.16228,0.0188681,0.0158489,0.0251189,0.540623,0.5,0.6,0.848091,0.8,0.9,7.33169e-05,715336,7565.69,25791.8,0.01,0.95,10,10000,0.938,0.139,37,30,0.0096987,0,0.810811
3990,10000,2.69153,2.37137,3.16228,0.0203454,0.0158489,0.0251189,0.550447,0.5,0.6,0.946724,0.9,1,7.33169e-05,812003,8484.64,29277.2,0.01,0.95,10,10000,0.938,0.139,42,32,0.00939072,0,0.761905
3991,10000,2.73241,2.37137,3.16228,0.0202129,0.0158489,0.0251189,0.539305,0.5,0.6,1.22075,1,1.5,0.000366584,440801,3510.72,15893.3,0.01,0.95,10,10000,0.938,0.139,114,64,0.00664024,0,0.561404
3992,10000,2.56945,2.37137,3.16228,0.0208518,0.0158489,0.0251189,0.668534,0.6,0.7,0.0506573,0,0.1,7.33169e-05,251334,7588.89,9061.98,0.01,0.95,10,10000,0.938,0.139,13,5,0.0237569,0,0.384615
3993,10000,2.67416,2.37137,3.16228,0.0200753,0.0158489,0.0251189,0.641889,0.6,0.7,0.157023,0.1,0.2,7.33169e-05,754003,9620.68,27185.9,0.01,0.95,10,10000,0.938,0.139,39,24,0.0108435,0,0.615385
3994,10000,2.63069,2.37137,3.16228,0.0213449,0.0158489,0.0251189,0.654492,0.6,0.7,0.249131,0.2,0.3,7.33169e-05,908670,9353.35,32762.6,0.01,0.95,10,10000,0.938,0.139,47,34,0.00911034,0,0.723404
3995,10000,2.70234,2.37137,3.16228,0.0203082,0.0158489,0.0251189,0.647189,0.6,0.7,0.354607,0.3,0.4,7.33169e-05,870003,8636.46,31368.4,0.01,0.95,10,10000,0.938,0.139,45,35,0.00897925,0,0.777778
3996,10000,2.72264,2.37137,3.16228,0.0206527,0.0158489,0.0251189,0.648094,0.6,0.7,0.448484,0.4,0.5,7.33169e-05,928003,10553.9,33459.6,0.01,0.95,10,10000,0.938,0.139,48,30,0.0096987,0,0.625
3997,10000,2.7328,2.37137,3.16228,0.0201813,0.0158489,0.0251189,0.643788,0.6,0.7,0.541443,0.5,0.6,7.33169e-05,947337,10089.7,34156.7,0.01,0.95,10,10000,0.938,0.139,49,33,0.00924734,0,0.673469
3998,10000,2.65369,2.37137,3.16228,0.0214648,0.0158489,0.0251189,0.646612,0.6,0.7,0.648823,0.6,0.7,7.33169e-05,831336,8534.88,29974.3,0.01,0.95,10,10000,0.938,0.139,43,33,0.00924734,0,0.767442
3999,10000,2.73612,2.37137,3.16228,0.0209335,0.0158489,0.0251189,0.643672,0.6,0.7,0.750907,0.7,0.8,7.33169e-05,754003,9338.61,27185.9,0.01,0.95,10,10000,0.938,0.139,39,25,0.0106244,0,0.641026
4000,10000,2.77643,2.37137,3.16228,0.0200612,0.0158489,0.0251189,0.640764,0.6,0.7,0.850815,0.8,0.9,7.33169e-05,638002,8066.95,23003.5,0.01,0.95,10,10000,0.938,0.139,33,23,0.0110767,0,0.69697
4001,10000,2.68174,2.37137,3.16228,0.0200453,0.0158489,0.0251189,0.640937,0.6,0.7,0.951928,0.9,1,7.33169e-05,522002,5336.59,18821,0.01,0.95,10,10000,0.938,0.139,27,27,0.0102233,0,1
4002,10000,2.74531,2.37137,3.16228,0.0202343,0.0158489,0.0251189,0.641772,0.6,0.7,1.23016,1,1.5,0.000366584,228134,1939.18,8225.49,0.01,0.95,10,10000,0.938,0.139,59,47,0.00774863,0,0.79661
4003,10000,2.48192,2.37137,3.16228,0.0204305,0.0158489,0.0251189,0.705677,0.7,0.8,0.0384421,0,0.1,7.33169e-05,116000,5625.26,4182.45,0.01,0.95,10,10000,0.938,0.139,6,2,0.0375629,0,0.333333
4004,10000,2.87438,2.37137,3.16228,0.0198753,0.0158489,0.0251189,0.742387,0.7,0.8,0.171961,0.1,0.2,7.33169e-05,348001,8868.87,12547.4,0.01,0.95,10,10000,0.938,0.139,18,7,0.0200782,0,0.388889
4005,10000,2.69837,2.37137,3.16228,0.0199581,0.0158489,0.0251189,0.75152,0.7,0.8,0.264233,0.2,0.3,7.33169e-05,367335,8035.94,13244.4,0.01,0.95,10,10000,0.938,0.139,19,9,0.0177073,0,0.473684
4006,10000,2.65595,2.37137,3.16228,0.0203114,0.0158489,0.0251189,0.745568,0.7,0.8,0.346392,0.3,0.4,7.33169e-05,464002,6495.49,16729.8,0.01,0.95,10,10000,0.938,0.139,24,18,0.012521,0,0.75
4007,10000,2.69784,2.37137,3.16228,0.020491,0.0158489,0.0251189,0.736603,0.7,0.8,0.449907,0.4,0.5,7.33169e-05,773336,10546.7,27883,0.01,0.95,10,10000,0.938,0.139,40,22,0.0113256,0,0.55
4008,10000,2.64316,2.37137,3.16228,0.0195525,0.0158489,0.0251189,0.742543,0.7,0.8,0.549303,0.5,0.6,7.33169e-05,425335,7051.64,15335.7,0.01,0.95,10,10000,0.938,0.139,22,14,0.0141974,0,0.636364
4009,10000,2.74724,2.37137,3.16228,0.0208469,0.0158489,0.0251189,0.731194,0.7,0.8,0.657728,0.6,0.7,7.33169e-05,425335,6372.54,15335.7,0.01,0.95,10,10000,0.938,0.139,22,16,0.0132805,0,0.727273
4010,10000,2.7141,2.37137,3.16228,0.0209349,0.0158489,0.0251189,0.742542,0.7,0.8,0.756866,0.7,0.8,7.33169e-05,386668,7015.94,13941.5,0.01,0.95,10,10000,0.938,0.139,20,12,0.015335,0,0.6
4011,10000,2.6008,2.37137,3.16228,0.018517,0.0158489,0.0251189,0.751058,0.7,0.8,0.844902,0.8,0.9,7.33169e-05,348001,8151.78,12547.4,0.01,0.95,10,10000,0.938,0.139,18,8,0.0187814,0,0.444444
4012,10000,2.71787,2.37137,3.16228,0.0207352,0.0158489,0.0251189,0.745628,0.7,0.8,0.939493,0.9,1,7.33169e-05,212667,4986.26,7667.83,0.01,0.95,10,10000,0.938,0.139,11,7,0.0200782,0,0.636364
4013,10000,2.61522,2.37137,3.16228,0.0202362,0.0158489,0.0251189,0.746206,0.7,0.8,1.21776,1,1.5,0.000366584,116000,1331.18,4182.45,0.01,0.95,10,10000,0.938,0.139,30,25,0.0106244,0,0.833333
4014,10000,2.51764,2.37137,3.16228,0.0213733,0.0158489,0.0251189,0.835446,0.8,0.9,0.0655665,0,0.1,7.33169e-05,96667,4593.01,3485.38,0.01,0.95,10,10000,0.938,0.139,5,2,0.0375629,0,0.4
4015,10000,2.66026,2.37137,3.16228,0.0210053,0.0158489,0.0251189,0.842319,0.8,0.9,0.15617,0.1,0.2,7.33169e-05,154667,3750.18,5576.6,0.01,0.95,10,10000,0.938,0.139,8,6,0.0216869,0,0.75
4016,10000,2.62209,2.37137,3.16228,0.0232786,0.0158489,0.0251189,0.832038,0.8,0.9,0.260962,0.2,0.3,7.33169e-05,232001,5544.32,8364.91,0.01,0.95,10,10000,0.938,0.139,12,7,0.0200782,0,0.583333
4017,10000,2.67182,2.37137,3.16228,0.021756,0.0158489,0.0251189,0.849899,0.8,0.9,0.345507,0.3,0.4,7.33169e-05,367335,7490.97,13244.4,0.01,0.95,10,10000,0.938,0.139,19,10,0.0167986,0,0.526316
4018,10000,2.74203,2.37137,3.16228,0.0191808,0.0158489,0.0251189,0.855073,0.8,0.9,0.459839,0.4,0.5,7.33169e-05,386668,9186.02,13941.5,0.01,0.95,10,10000,0.938,0.139,20,8,0.0187814,0,0.4
4019,10000,2.65739,2.37137,3.16228,0.0194738,0.0158489,0.0251189,0.850865,0.8,0.9,0.557704,0.5,0.6,7.33169e-05,290001,7955.32,10456.1,0.01,0.95,10,10000,0.938,0.139,15,6,0.0216869,0,0.4
4020,10000,2.74022,2.37137,3.16228,0.0210884,0.0158489,0.0251189,0.860227,0.8,0.9,0.65826,0.6,0.7,7.33169e-05,212667,4986.26,7667.83,0.01,0.95,10,10000,0.938,0.139,11,7,0.0200782,0,0.636364
4021,10000,2.64127,2.37137,3.16228,0.0204655,0.0158489,0.0251189,0.822749,0.8,0.9,0.76168,0.7,0.8,7.33169e-05,154667,4308.62,5576.6,0.01,0.95,10,10000,0.938,0.139,8,5,0.0237569,0,0.625
4022,10000,2.60871,2.37137,3.16228,0.0227269,0.0158489,0.0251189,0.836938,0.8,0.9,0.817261,0.8,0.9,7.33169e-05,135334,6655.9,4879.53,0.01,0.95,10,10000,0.938,0.139,7,2,0.0375629,0,0.285714
4023,10000,2.83412,2.37137,3.16228,0.0210437,0.0158489,0.0251189,0.840674,0.8,0.9,1.22762,1,1.5,0.000366584,42533.5,1112.48,1533.57,0.01,0.95,10,10000,0.938,0.139,11,6,0.0216869,0,0.545455
4024,10000,2.70862,2.37137,3.16228,0.0180622,0.0158489,0.0251189,0.957311,0.9,1,0.0669644,0,0.1,7.33169e-05,38666.8,1452.44,1394.15,0.01,0.95,10,10000,0.938,0.139,2,2,0.0375629,0,1
4025,10000,2.82058,2.37137,3.16228,0.0178795,0.0158489,0.0251189,0.943267,0.9,1,0.233228,0.2,0.3,7.33169e-05,77333.6,3557.73,2788.3,0.01,0.95,10,10000,0.938,0.139,4,2,0.0375629,0,0.5
4026,10000,2.88587,2.37137,3.16228,0.0195701,0.0158489,0.0251189,0.917704,0.9,1,0.364155,0.3,0.4,7.33169e-05,116000,2515.69,4182.45,0.01,0.95,10,10000,0.938,0.139,6,6,0.0216869,0,1
4027,10000,2.59013,2.37137,3.16228,0.021458,0.0158489,0.0251189,0.917254,0.9,1,0.439888,0.4,0.5,7.33169e-05,154667,5031.39,5576.6,0.01,0.95,10,10000,0.938,0.139,8,4,0.026561,0,0.5
4028,10000,2.6016,2.37137,3.16228,0.0199094,0.0158489,0.0251189,0.923111,0.9,1,0.545809,0.5,0.6,7.33169e-05,96667,2812.63,3485.38,0.01,0.95,10,10000,0.938,0.139,5,4,0.026561,0,0.8
4029,10000,2.61332,2.37137,3.16228,0.017822,0.0158489,0.0251189,0.948129,0.9,1,0.674532,0.6,0.7,7.33169e-05,77333.6,5434.52,2788.3,0.01,0.95,10,10000,0.938,0.139,4,1,0.0531219,0,0.25
4030,10000,2.68224,2.37137,3.16228,0.0174226,0.0158489,0.0251189,0.988123,0.9,1,0.886354,0.8,0.9,7.33169e-05,19333.4,1027.03,697.076,0.01,0.95,10,10000,0.938,0.139,1,1,0.0531219,0,1
4031,10000,2.69253,2.37137,3.16228,0.019323,0.0158489,0.0251189,0.944465,0.9,1,1.14539,1,1.5,0.000366584,19333.4,459.301,697.076,0.01,0.95,10,10000,0.938,0.139,5,5,0.0237569,0,1
4032,10000,2.69718,2.37137,3.16228,0.0323325,0.0251189,0.0398107,0.0711376,0.05,0.1,0.062532,0,0.1,5.80991e-05,2.83497e+07,67499,1.02216e+06,0.01,0.95,10,10000,0.938,0.139,1162,697,0.00201214,0,0.599828
4033,10000,2.71579,2.37137,3.16228,0.0320983,0.0251189,0.0398107,0.0702862,0.05,0.1,0.155004,0.1,0.2,5.80991e-05,6.55557e+07,104620,2.36365e+06,0.01,0.95,10,10000,0.938,0.139,2687,1569,0.0013411,0,0.583923
4034,10000,2.70074,2.37137,3.16228,0.0320864,0.0251189,0.0398107,0.0707699,0.05,0.1,0.250403,0.2,0.3,5.80991e-05,7.27285e+07,97316.4,2.62227e+06,0.01,0.95,10,10000,0.938,0.139,2981,2062,0.00116985,0,0.691714
4035,10000,2.70929,2.37137,3.16228,0.0319492,0.0251189,0.0398107,0.0721128,0.05,0.1,0.348768,0.3,0.4,5.80991e-05,6.20669e+07,79156.9,2.23785e+06,0.01,0.95,10,10000,0.938,0.139,2544,2063,0.00116956,0,0.810928
4036,10000,2.72382,2.37137,3.16228,0.0317771,0.0251189,0.0398107,0.0722047,0.05,0.1,0.445932,0.4,0.5,5.80991e-05,4.24758e+07,59712.1,1.53149e+06,0.01,0.95,10,10000,0.938,0.139,1741,1569,0.0013411,0,0.901206
4037,10000,2.7213,2.37137,3.16228,0.0316039,0.0251189,0.0398107,0.0737985,0.05,0.1,0.545816,0.5,0.6,5.80991e-05,2.85449e+07,48131,1.0292e+06,0.01,0.95,10,10000,0.938,0.139,1170,1074,0.00162096,0,0.917949
4038,10000,2.74095,2.37137,3.16228,0.0310664,0.0251189,0.0398107,0.0740426,0.05,0.1,0.645847,0.6,0.7,5.80991e-05,1.89568e+07,41279.9,683495,0.01,0.95,10,10000,0.938,0.139,777,674,0.00204618,0,0.867439
4039,10000,2.7452,2.37137,3.16228,0.0315605,0.0251189,0.0398107,0.0743737,0.05,0.1,0.745727,0.7,0.8,5.80991e-05,1.03933e+07,29321.9,374735,0.01,0.95,10,10000,0.938,0.139,426,387,0.00270034,0,0.908451
4040,10000,2.73753,2.37137,3.16228,0.0313097,0.0251189,0.0398107,0.0762383,0.05,0.1,0.842338,0.8,0.9,5.80991e-05,5.78218e+06,23252.8,208479,0.01,0.95,10,10000,0.938,0.139,237,201,0.00374693,0,0.848101
4041,10000,2.77254,2.37137,3.16228,0.0310376,0.0251189,0.0398107,0.0756969,0.05,0.1,0.946115,0.9,1,5.80991e-05,2.83009e+06,15087.2,102041,0.01,0.95,10,10000,0.938,0.139,116,107,0.00513549,0,0.922414
4042,10000,2.7722,2.37137,3.16228,0.0313936,0.0251189,0.0398107,0.0764724,0.05,0.1,1.14699,1,1.5,0.000290495,605055,-nan,21815.6,0.01,0.95,10,10000,0.938,0.139,124,130,0.0046591,0,1.04839
4043,10000,2.69656,2.37137,3.16228,0.0323217,0.0251189,0.0398107,0.122026,0.1,0.15,0.0648279,0,0.1,5.80991e-05,1.01737e+07,34675.4,366818,0.01,0.95,10,10000,0.938,0.139,417,307,0.00303183,0,0.736211
4044,10000,2.69007,2.37137,3.16228,0.0323541,0.0251189,0.0398107,0.122426,0.1,0.15,0.155465,0.1,0.2,5.80991e-05,2.89841e+07,64082.4,1.04504e+06,0.01,0.95,10,10000,0.938,0.139,1188,777,0.00190574,0,0.65404
4045,10000,2.70791,2.37137,3.16228,0.0323324,0.0251189,0.0398107,0.122077,0.1,0.15,0.251102,0.2,0.3,5.80991e-05,3.95969e+07,78192.9,1.42769e+06,0.01,0.95,10,10000,0.938,0.139,1623,1001,0.00167902,0,0.616759
4046,10000,2.70839,2.37137,3.16228,0.0322006,0.0251189,0.0398107,0.123231,0.1,0.15,0.349666,0.3,0.4,5.80991e-05,3.62057e+07,67777.6,1.30541e+06,0.01,0.95,10,10000,0.938,0.139,1484,1044,0.00164408,0,0.703504
4047,10000,2.70364,2.37137,3.16228,0.032059,0.0251189,0.0398107,0.122649,0.1,0.15,0.447087,0.4,0.5,5.80991e-05,2.74714e+07,56065.2,990497,0.01,0.95,10,10000,0.938,0.139,1126,846,0.00182637,0,0.751332
4048,10000,2.71394,2.37137,3.16228,0.0320205,0.0251189,0.0398107,0.123212,0.1,0.15,0.548106,0.5,0.6,5.80991e-05,2.00058e+07,45685.5,721321,0.01,0.95,10,10000,0.938,0.139,820,652,0.00208042,0,0.795122
4049,10000,2.70181,2.37137,3.16228,0.0317111,0.0251189,0.0398107,0.123557,0.1,0.15,0.65054,0.6,0.7,5.80991e-05,1.33454e+07,35320.1,481174,0.01,0.95,10,10000,0.938,0.139,547,464,0.00246612,0,0.848263
4050,10000,2.73336,2.37137,3.16228,0.0319768,0.0251189,0.0398107,0.123514,0.1,0.15,0.745353,0.7,0.8,5.80991e-05,8.46589e+06,26328.3,305242,0.01,0.95,10,10000,0.938,0.139,347,317,0.00298363,0,0.913545
4051,10000,2.69396,2.37137,3.16228,0.0319399,0.0251189,0.0398107,0.125108,0.1,0.15,0.843063,0.8,0.9,5.80991e-05,4.6599e+06,19378.1,168015,0.01,0.95,10,10000,0.938,0.139,191,176,0.00400422,0,0.921466
4052,10000,2.74033,2.37137,3.16228,0.0311455,0.0251189,0.0398107,0.124587,0.1,0.15,0.943632,0.9,1,5.80991e-05,3.02527e+06,14785.5,109078,0.01,0.95,10,10000,0.938,0.139,124,121,0.00482927,0,0.975806
4053,10000,2.7217,2.37137,3.16228,0.0315839,0.0251189,0.0398107,0.125014,0.1,0.15,1.15685,1,1.5,0.000290495,697765,-nan,25158.3,0.01,0.95,10,10000,0.938,0.139,143,150,0.00433739,0,1.04895
4054,10000,2.70832,2.37137,3.16228,0.0319814,0.0251189,0.0398107,0.174066,0.15,0.2,0.0674563,0,0.1,5.80991e-05,4.90387e+06,21247.8,176812,0.01,0.95,10,10000,0.938,0.139,201,172,0.00405051,0,0.855721
4055,10000,2.73151,2.37137,3.16228,0.0321314,0.0251189,0.0398107,0.172574,0.15,0.2,0.152324,0.1,0.2,5.80991e-05,1.34673e+07,36777.6,485572,0.01,0.95,10,10000,0.938,0.139,552,449,0.00250698,0,0.813406
4056,10000,2.71959,2.37137,3.16228,0.0321544,0.0251189,0.0398107,0.172844,0.15,0.2,0.249296,0.2,0.3,5.80991e-05,2.03962e+07,49317.1,735395,0.01,0.95,10,10000,0.938,0.139,836,612,0.00214733,0,0.732057
4057,10000,2.71957,2.37137,3.16228,0.0320652,0.0251189,0.0398107,0.174406,0.15,0.2,0.349124,0.3,0.4,5.80991e-05,2.31775e+07,54690.7,835677,0.01,0.95,10,10000,0.938,0.139,950,661,0.0020662,0,0.695789
4058,10000,2.713,2.37137,3.16228,0.0320085,0.0251189,0.0398107,0.175476,0.15,0.2,0.446285,0.4,0.5,5.80991e-05,1.88104e+07,48535.8,678217,0.01,0.95,10,10000,0.938,0.139,771,547,0.00227133,0,0.709468
4059,10000,2.72034,2.37137,3.16228,0.0319793,0.0251189,0.0398107,0.173089,0.15,0.2,0.547316,0.5,0.6,5.80991e-05,1.40285e+07,40289.3,505804,0.01,0.95,10,10000,0.938,0.139,575,429,0.00256475,0,0.746087
4060,10000,2.7011,2.37137,3.16228,0.0318397,0.0251189,0.0398107,0.171461,0.15,0.2,0.648593,0.6,0.7,5.80991e-05,9.49058e+06,32797.5,342188,0.01,0.95,10,10000,0.938,0.139,389,294,0.00309813,0,0.755784
4061,10000,2.70134,2.37137,3.16228,0.0320254,0.0251189,0.0398107,0.172265,0.15,0.2,0.747096,0.7,0.8,5.80991e-05,7.24602e+06,26473.5,261259,0.01,0.95,10,10000,0.938,0.139,297,247,0.00338007,0,0.83165
4062,10000,2.72476,2.37137,3.16228,0.031835,0.0251189,0.0398107,0.173313,0.15,0.2,0.842243,0.8,0.9,5.80991e-05,4.41592e+06,19373.7,159218,0.01,0.95,10,10000,0.938,0.139,181,162,0.00417365,0,0.895028
4063,10000,2.67944,2.37137,3.16228,0.0321684,0.0251189,0.0398107,0.176639,0.15,0.2,0.942842,0.9,1,5.80991e-05,2.58612e+06,14121.4,93243.9,0.01,0.95,10,10000,0.938,0.139,106,100,0.00531219,0,0.943396
4064,10000,2.72476,2.37137,3.16228,0.032295,0.0251189,0.0398107,0.175019,0.15,0.2,1.15391,1,1.5,0.000290495,702644,3175.98,25334.2,0.01,0.95,10,10000,0.938,0.139,144,141,0.00447367,0,0.979167
4065,10000,2.70071,2.37137,3.16228,0.0323756,0.0251189,0.0398107,0.222959,0.2,0.25,0.0645645,0,0.1,5.80991e-05,3.04967e+06,16215,109957,0.01,0.95,10,10000,0.938,0.139,125,111,0.00504211,0,0.888
4066,10000,2.70727,2.37137,3.16228,0.0321659,0.0251189,0.0398107,0.223412,0.2,0.25,0.153783,0.1,0.2,5.80991e-05,9.39299e+06,31229.8,338669,0.01,0.95,10,10000,0.938,0.139,385,307,0.00303183,0,0.797403
4067,10000,2.72269,2.37137,3.16228,0.0322544,0.0251189,0.0398107,0.22378,0.2,0.25,0.249196,0.2,0.3,5.80991e-05,1.27354e+07,35313.7,459182,0.01,0.95,10,10000,0.938,0.139,522,431,0.00255879,0,0.82567
4068,10000,2.70015,2.37137,3.16228,0.0320167,0.0251189,0.0398107,0.223694,0.2,0.25,0.348928,0.3,0.4,5.80991e-05,1.34186e+07,37724,483813,0.01,0.95,10,10000,0.938,0.139,550,433,0.00255288,0,0.787273
4069,10000,2.71374,2.37137,3.16228,0.0322633,0.0251189,0.0398107,0.224485,0.2,0.25,0.445967,0.4,0.5,5.80991e-05,1.31502e+07,40863,474136,0.01,0.95,10,10000,0.938,0.139,539,379,0.00272869,0,0.703154
4070,10000,2.71378,2.37137,3.16228,0.0318156,0.0251189,0.0398107,0.224068,0.2,0.25,0.546847,0.5,0.6,5.80991e-05,9.95413e+06,35162.5,358901,0.01,0.95,10,10000,0.938,0.139,408,291,0.00311406,0,0.713235
4071,10000,2.73386,2.37137,3.16228,0.0318101,0.0251189,0.0398107,0.223414,0.2,0.25,0.646529,0.6,0.7,5.80991e-05,6.14814e+06,25365.2,221674,0.01,0.95,10,10000,0.938,0.139,252,200,0.00375629,0,0.793651
4072,10000,2.76155,2.37137,3.16228,0.0320346,0.0251189,0.0398107,0.225521,0.2,0.25,0.744351,0.7,0.8,5.80991e-05,4.19635e+06,21409,151301,0.01,0.95,10,10000,0.938,0.139,172,133,0.00460626,0,0.773256
4073,10000,2.73258,2.37137,3.16228,0.0316,0.0251189,0.0398107,0.221122,0.2,0.25,0.848112,0.8,0.9,5.80991e-05,3.14726e+06,17912.5,113476,0.01,0.95,10,10000,0.938,0.139,129,104,0.00520904,0,0.806202
4074,10000,2.73562,2.37137,3.16228,0.0331401,0.0251189,0.0398107,0.223869,0.2,0.25,0.951008,0.9,1,5.80991e-05,1.95179e+06,14197.4,70372.8,0.01,0.95,10,10000,0.938,0.139,80,64,0.00664024,0,0.8
4075,10000,2.73085,2.37137,3.16228,0.0315752,0.0251189,0.0398107,0.223282,0.2,0.25,1.15935,1,1.5,0.000290495,756318,3602.78,27269.4,0.01,0.95,10,10000,0.938,0.139,155,138,0.00452204,0,0.890323
4076,10000,2.69879,2.37137,3.16228,0.0320461,0.0251189,0.0398107,0.271982,0.25,0.3,0.0646784,0,0.1,5.80991e-05,1.75661e+06,13199.8,63335.5,0.01,0.95,10,10000,0.938,0.139,72,59,0.00691589,0,0.819444
4077,10000,2.67257,2.37137,3.16228,0.0322642,0.0251189,0.0398107,0.272568,0.25,0.3,0.157526,0.1,0.2,5.80991e-05,5.75778e+06,22722.3,207600,0.01,0.95,10,10000,0.938,0.139,236,205,0.0037102,0,0.868644
4078,10000,2.71045,2.37137,3.16228,0.0318346,0.0251189,0.0398107,0.273717,0.25,0.3,0.25116,0.2,0.3,5.80991e-05,7.95354e+06,28368.7,286769,0.01,0.95,10,10000,0.938,0.139,326,264,0.00326943,0,0.809816
4079,10000,2.70712,2.37137,3.16228,0.0321475,0.0251189,0.0398107,0.274608,0.25,0.3,0.349555,0.3,0.4,5.80991e-05,9.51497e+06,30204.3,343067,0.01,0.95,10,10000,0.938,0.139,390,326,0.00294215,0,0.835897
4080,10000,2.72289,2.37137,3.16228,0.0319655,0.0251189,0.0398107,0.273921,0.25,0.3,0.445764,0.4,0.5,5.80991e-05,8.22191e+06,28136.8,296445,0.01,0.95,10,10000,0.938,0.139,337,281,0.00316899,0,0.833828
4081,10000,2.71787,2.37137,3.16228,0.0317193,0.0251189,0.0398107,0.274179,0.25,0.3,0.547893,0.5,0.6,5.80991e-05,6.66048e+06,28615.7,240147,0.01,0.95,10,10000,0.938,0.139,273,196,0.00379442,0,0.717949
4082,10000,2.70694,2.37137,3.16228,0.0324299,0.0251189,0.0398107,0.272182,0.25,0.3,0.644081,0.6,0.7,5.80991e-05,4.6355e+06,23792.3,167135,0.01,0.95,10,10000,0.938,0.139,190,137,0.00453851,0,0.721053
4083,10000,2.754,2.37137,3.16228,0.0319941,0.0251189,0.0398107,0.272428,0.25,0.3,0.745423,0.7,0.8,5.80991e-05,3.87918e+06,21861.4,139866,0.01,0.95,10,10000,0.938,0.139,159,114,0.00497533,0,0.716981
4084,10000,2.73901,2.37137,3.16228,0.0312185,0.0251189,0.0398107,0.271766,0.25,0.3,0.849613,0.8,0.9,5.80991e-05,2.56172e+06,17817.5,92364.3,0.01,0.95,10,10000,0.938,0.139,105,75,0.00613399,0,0.714286
4085,10000,2.7222,2.37137,3.16228,0.0322522,0.0251189,0.0398107,0.270166,0.25,0.3,0.941039,0.9,1,5.80991e-05,1.80541e+06,14709.6,65094.8,0.01,0.95,10,10000,0.938,0.139,74,54,0.00722898,0,0.72973
4086,10000,2.75352,2.37137,3.16228,0.03252,0.0251189,0.0398107,0.27306,0.25,0.3,1.1612,1,1.5,0.000290495,522104,3087.63,18824.7,0.01,0.95,10,10000,0.938,0.139,107,92,0.00553835,0,0.859813
4087,10000,2.64689,2.37137,3.16228,0.0322285,0.0251189,0.0398107,0.350357,0.3,0.4,0.0693845,0,0.1,0.000116198,1.03689e+06,6804.81,37385.5,0.01,0.95,10,10000,0.938,0.139,85,74,0.0061753,0,0.870588
4088,10000,2.67111,2.37137,3.16228,0.0322113,0.0251189,0.0398107,0.341119,0.3,0.4,0.156012,0.1,0.2,0.000116198,3.00088e+06,11729.1,108198,0.01,0.95,10,10000,0.938,0.139,246,211,0.00365707,0,0.857724
4089,10000,2.69063,2.37137,3.16228,0.0320801,0.0251189,0.0398107,0.345339,0.3,0.4,0.251732,0.2,0.3,0.000116198,5.22104e+06,15549,188247,0.01,0.95,10,10000,0.938,0.139,428,365,0.00278053,0,0.852804
4090,10000,2.69993,2.37137,3.16228,0.0320148,0.0251189,0.0398107,0.343366,0.3,0.4,0.35007,0.3,0.4,0.000116198,5.31863e+06,15432.4,191766,0.01,0.95,10,10000,0.938,0.139,436,379,0.00272869,0,0.869266
4091,10000,2.70157,2.37137,3.16228,0.0317714,0.0251189,0.0398107,0.345489,0.3,0.4,0.450078,0.4,0.5,0.000116198,5.06245e+06,14719.4,182529,0.01,0.95,10,10000,0.938,0.139,415,370,0.00276168,0,0.891566
4092,10000,2.71502,2.37137,3.16228,0.0322807,0.0251189,0.0398107,0.343858,0.3,0.4,0.547694,0.5,0.6,0.000116198,4.41592e+06,14910.8,159218,0.01,0.95,10,10000,0.938,0.139,362,294,0.00309813,0,0.812155
4093,10000,2.72401,2.37137,3.16228,0.0320345,0.0251189,0.0398107,0.348025,0.3,0.4,0.650066,0.6,0.7,0.000116198,3.29364e+06,12598.9,118754,0.01,0.95,10,10000,0.938,0.139,270,225,0.00354146,0,0.833333
4094,10000,2.71442,2.37137,3.16228,0.0317977,0.0251189,0.0398107,0.345792,0.3,0.4,0.746863,0.7,0.8,0.000116198,2.7569e+06,12606.4,99401.5,0.01,0.95,10,10000,0.938,0.139,226,169,0.0040863,0,0.747788
4095,10000,2.68763,2.37137,3.16228,0.0318571,0.0251189,0.0398107,0.345778,0.3,0.4,0.84647,0.8,0.9,0.000116198,1.90299e+06,10891.5,68613.4,0.01,0.95,10,10000,0.938,0.139,156,111,0.00504211,0,0.711538
4096,10000,2.69992,2.37137,3.16228,0.031447,0.0251189,0.0398107,0.346187,0.3,0.4,0.949154,0.9,1,0.000116198,1.25646e+06,8691.82,45302.5,0.01,0.95,10,10000,0.938,0.139,103,75,0.00613399,0,0.728155
4097,10000,2.70967,2.37137,3.16228,0.032206,0.0251189,0.0398107,0.349237,0.3,0.4,1.19463,1,1.5,0.000580991,517224,2473.37,18648.8,0.01,0.95,10,10000,0.938,0.139,212,156,0.00425316,0,0.735849
4098,10000,2.70719,2.37137,3.16228,0.0320149,0.0251189,0.0398107,0.439296,0.4,0.5,0.0653893,0,0.1,0.000116198,670928,5564.03,24190.6,0.01,0.95,10,10000,0.938,0.139,55,47,0.00774863,0,0.854545
4099,10000,2.66271,2.37137,3.16228,0.0327033,0.0251189,0.0398107,0.444637,0.4,0.5,0.153164,0.1,0.2,0.000116198,1.67122e+06,9053.59,60256.7,0.01,0.95,10,10000,0.938,0.139,137,113,0.00499729,0,0.824818
4100,10000,2.65786,2.37137,3.16228,0.0326172,0.0251189,0.0398107,0.442398,0.4,0.5,0.255187,0.2,0.3,0.000116198,2.12257e+06,10114.1,76530.4,0.01,0.95,10,10000,0.938,0.139,174,145,0.00441154,0,0.833333
4101,10000,2.71726,2.37137,3.16228,0.032154,0.0251189,0.0398107,0.448602,0.4,0.5,0.35082,0.3,0.4,0.000116198,2.57392e+06,10809.3,92804.1,0.01,0.95,10,10000,0.938,0.139,211,182,0.00393766,0,0.862559
4102,10000,2.72194,2.37137,3.16228,0.0322697,0.0251189,0.0398107,0.444544,0.4,0.5,0.45242,0.4,0.5,0.000116198,2.59832e+06,11056.3,93683.7,0.01,0.95,10,10000,0.938,0.139,213,180,0.00395948,0,0.84507
4103,10000,2.71657,2.37137,3.16228,0.0318666,0.0251189,0.0398107,0.446598,0.4,0.5,0.547364,0.5,0.6,0.000116198,2.26895e+06,10399.4,81808.3,0.01,0.95,10,10000,0.938,0.139,186,156,0.00425316,0,0.83871
4104,10000,2.67631,2.37137,3.16228,0.032377,0.0251189,0.0398107,0.446399,0.4,0.5,0.65031,0.6,0.7,0.000116198,1.8908e+06,9246.06,68173.6,0.01,0.95,10,10000,0.938,0.139,155,134,0.00458904,0,0.864516
4105,10000,2.70821,2.37137,3.16228,0.0319345,0.0251189,0.0398107,0.455724,0.4,0.5,0.749966,0.7,0.8,0.000116198,1.56143e+06,8791.96,56298.2,0.01,0.95,10,10000,0.938,0.139,128,105,0.00518417,0,0.820312
4106,10000,2.70993,2.37137,3.16228,0.0323947,0.0251189,0.0398107,0.44474,0.4,0.5,0.843612,0.8,0.9,0.000116198,1.12228e+06,7578.12,40464.3,0.01,0.95,10,10000,0.938,0.139,92,74,0.0061753,0,0.804348
4107,10000,2.71565,2.37137,3.16228,0.0315283,0.0251189,0.0398107,0.444199,0.4,0.5,0.949096,0.9,1,0.000116198,695325,5948.4,25070.3,0.01,0.95,10,10000,0.938,0.139,57,46,0.0078324,0,0.807018
4108,10000,2.72163,2.37137,3.16228,0.0315997,0.0251189,0.0398107,0.446236,0.4,0.5,1.18527,1,1.5,0.000580991,456231,2710.69,16449.6,0.01,0.95,10,10000,0.938,0.139,187,112,0.00501955,0,0.59893
4109,10000,2.6762,2.37137,3.16228,0.0342285,0.0251189,0.0398107,0.551205,0.5,0.6,0.0733032,0,0.1,0.000116198,390358,4291.22,14074.6,0.01,0.95,10,10000,0.938,0.139,32,27,0.0102233,0,0.84375
4110,10000,2.71841,2.37137,3.16228,0.0330742,0.0251189,0.0398107,0.546178,0.5,0.6,0.153307,0.1,0.2,0.000116198,1.03689e+06,6565.87,37385.5,0.01,0.95,10,10000,0.938,0.139,85,77,0.00605381,0,0.905882
4111,10000,2.7131,2.37137,3.16228,0.0323595,0.0251189,0.0398107,0.544307,0.5,0.6,0.248291,0.2,0.3,0.000116198,1.23207e+06,7563.58,44422.8,0.01,0.95,10,10000,0.938,0.139,101,86,0.00572829,0,0.851485
4112,10000,2.67398,2.37137,3.16228,0.0326166,0.0251189,0.0398107,0.546299,0.5,0.6,0.354254,0.3,0.4,0.000116198,1.29306e+06,8484.63,46622,0.01,0.95,10,10000,0.938,0.139,106,81,0.00590244,0,0.764151
4113,10000,2.67358,2.37137,3.16228,0.0320397,0.0251189,0.0398107,0.550075,0.5,0.6,0.452615,0.4,0.5,0.000116198,1.24427e+06,7439.45,44862.6,0.01,0.95,10,10000,0.938,0.139,102,89,0.00563091,0,0.872549
4114,10000,2.68616,2.37137,3.16228,0.0322139,0.0251189,0.0398107,0.544473,0.5,0.6,0.550976,0.5,0.6,0.000116198,1.06129e+06,7109.61,38265.2,0.01,0.95,10,10000,0.938,0.139,87,73,0.00621745,0,0.83908
4115,10000,2.66437,2.37137,3.16228,0.0309819,0.0251189,0.0398107,0.543491,0.5,0.6,0.649588,0.6,0.7,0.000116198,866106,5777.09,31227.9,0.01,0.95,10,10000,0.938,0.139,71,67,0.00648988,0,0.943662
4116,10000,2.69933,2.37137,3.16228,0.0323999,0.0251189,0.0398107,0.548317,0.5,0.6,0.749834,0.7,0.8,0.000116198,756318,6104.63,27269.4,0.01,0.95,10,10000,0.938,0.139,62,51,0.00743856,0,0.822581
4117,10000,2.69268,2.37137,3.16228,0.0325484,0.0251189,0.0398107,0.555787,0.5,0.6,0.844649,0.8,0.9,0.000116198,561139,5481.62,20232.2,0.01,0.95,10,10000,0.938,0.139,46,36,0.00885366,0,0.782609
4118,10000,2.76879,2.37137,3.16228,0.0311693,0.0251189,0.0398107,0.535516,0.5,0.6,0.951815,0.9,1,0.000116198,439153,4600.47,15833.9,0.01,0.95,10,10000,0.938,0.139,36,30,0.0096987,0,0.833333
4119,10000,2.70388,2.37137,3.16228,0.031569,0.0251189,0.0398107,0.545013,0.5,0.6,1.18069,1,1.5,0.000580991,246413,2003.76,8884.56,0.01,0.95,10,10000,0.938,0.139,101,60,0.00685801,0,0.594059
4120,10000,2.66904,2.37137,3.16228,0.0330038,0.0251189,0.0398107,0.616014,0.6,0.7,0.0741797,0,0.1,0.000116198,109788,2749.31,3958.47,0.01,0.95,10,10000,0.938,0.139,9,6,0.0216869,0,0.666667
4121,10000,2.80079,2.37137,3.16228,0.0331881,0.0251189,0.0398107,0.645253,0.6,0.7,0.15499,0.1,0.2,0.000116198,439153,4347.04,15833.9,0.01,0.95,10,10000,0.938,0.139,36,32,0.00939072,0,0.888889
4122,10000,2.69419,2.37137,3.16228,0.0324979,0.0251189,0.0398107,0.643762,0.6,0.7,0.253063,0.2,0.3,0.000116198,658729,6734.4,23750.8,0.01,0.95,10,10000,0.938,0.139,54,36,0.00885366,0,0.666667
4123,10000,2.65002,2.37137,3.16228,0.0330826,0.0251189,0.0398107,0.646964,0.6,0.7,0.347296,0.3,0.4,0.000116198,951497,7239.26,34306.7,0.01,0.95,10,10000,0.938,0.139,78,60,0.00685801,0,0.769231
4124,10000,2.68492,2.37137,3.16228,0.0318238,0.0251189,0.0398107,0.646887,0.6,0.7,0.44864,0.4,0.5,0.000116198,805113,6229.07,29028.8,0.01,0.95,10,10000,0.938,0.139,66,55,0.00716296,0,0.833333
4125,10000,2.62942,2.37137,3.16228,0.0330728,0.0251189,0.0398107,0.642917,0.6,0.7,0.549734,0.5,0.6,0.000116198,695325,6286.65,25070.3,0.01,0.95,10,10000,0.938,0.139,57,43,0.00810102,0,0.754386
4126,10000,2.65309,2.37137,3.16228,0.0304587,0.0251189,0.0398107,0.644445,0.6,0.7,0.644558,0.6,0.7,0.000116198,500146,5186.67,18033,0.01,0.95,10,10000,0.938,0.139,41,32,0.00939072,0,0.780488
4127,10000,2.68543,2.37137,3.16228,0.0327128,0.0251189,0.0398107,0.649004,0.6,0.7,0.744509,0.7,0.8,0.000116198,475749,4982.96,17153.4,0.01,0.95,10,10000,0.938,0.139,39,31,0.00954098,0,0.794872
4128,10000,2.66157,2.37137,3.16228,0.0327741,0.0251189,0.0398107,0.640382,0.6,0.7,0.839405,0.8,0.9,0.000116198,182980,-nan,6597.45,0.01,0.95,10,10000,0.938,0.139,15,17,0.012884,0,1.13333
4129,10000,2.69878,2.37137,3.16228,0.0331276,0.0251189,0.0398107,0.645693,0.6,0.7,0.947777,0.9,1,0.000116198,292768,3756.27,10555.9,0.01,0.95,10,10000,0.938,0.139,24,20,0.0118784,0,0.833333
4130,10000,2.7576,2.37137,3.16228,0.0310338,0.0251189,0.0398107,0.650716,0.6,0.7,1.16826,1,1.5,0.000580991,102469,1220.39,3694.57,0.01,0.95,10,10000,0.938,0.139,42,27,0.0102233,0,0.642857
4131,10000,2.62932,2.37137,3.16228,0.0316199,0.0251189,0.0398107,0.756301,0.7,0.8,0.0743313,0,0.1,0.000116198,121987,2265.49,4398.3,0.01,0.95,10,10000,0.938,0.139,10,9,0.0177073,0,0.9
4132,10000,2.65824,2.37137,3.16228,0.0313582,0.0251189,0.0398107,0.739897,0.7,0.8,0.162055,0.1,0.2,0.000116198,231775,-nan,8356.77,0.01,0.95,10,10000,0.938,0.139,19,21,0.0115922,0,1.10526
4133,10000,2.72323,2.37137,3.16228,0.0336156,0.0251189,0.0398107,0.736456,0.7,0.8,0.245333,0.2,0.3,0.000116198,390358,3782.14,14074.6,0.01,0.95,10,10000,0.938,0.139,32,31,0.00954098,0,0.96875
4134,10000,2.74118,2.37137,3.16228,0.0328534,0.0251189,0.0398107,0.734587,0.7,0.8,0.345688,0.3,0.4,0.000116198,439153,4600.47,15833.9,0.01,0.95,10,10000,0.938,0.139,36,30,0.0096987,0,0.833333
4135,10000,2.72032,2.37137,3.16228,0.0318252,0.0251189,0.0398107,0.746968,0.7,0.8,0.450322,0.4,0.5,0.000116198,451351,4160.89,16273.7,0.01,0.95,10,10000,0.938,0.139,37,35,0.00897925,0,0.945946
4136,10000,2.68068,2.37137,3.16228,0.0321085,0.0251189,0.0398107,0.758028,0.7,0.8,0.546197,0.5,0.6,0.000116198,439153,4600.47,15833.9,0.01,0.95,10,10000,0.938,0.139,36,30,0.0096987,0,0.833333
4137,10000,2.63682,2.37137,3.16228,0.0321394,0.0251189,0.0398107,0.740641,0.7,0.8,0.643485,0.6,0.7,0.000116198,353762,4009.34,12755.1,0.01,0.95,10,10000,0.938,0.139,29,25,0.0106244,0,0.862069
4138,10000,2.67571,2.37137,3.16228,0.0339128,0.0251189,0.0398107,0.744253,0.7,0.8,0.743716,0.7,0.8,0.000116198,243974,2898.02,8796.6,0.01,0.95,10,10000,0.938,0.139,20,20,0.0118784,0,1
4139,10000,2.65798,2.37137,3.16228,0.0304566,0.0251189,0.0398107,0.735001,0.7,0.8,0.837892,0.8,0.9,0.000116198,134186,3146.15,4838.13,0.01,0.95,10,10000,0.938,0.139,11,7,0.0200782,0,0.636364
4140,10000,2.76323,2.37137,3.16228,0.0352527,0.0251189,0.0398107,0.727909,0.7,0.8,0.942372,0.9,1,0.000116198,109788,2437,3958.47,0.01,0.95,10,10000,0.938,0.139,9,7,0.0200782,0,0.777778
4141,10000,2.60769,2.37137,3.16228,0.0324957,0.0251189,0.0398107,0.749648,0.7,0.8,1.21541,1,1.5,0.000580991,60993.4,674.478,2199.15,0.01,0.95,10,10000,0.938,0.139,25,24,0.0108435,0,0.96
4142,10000,2.60676,2.37137,3.16228,0.0324622,0.0251189,0.0398107,0.830122,0.8,0.9,0.0414371,0,0.1,0.000116198,85390.8,1714.49,3078.81,0.01,0.95,10,10000,0.938,0.139,7,7,0.0200782,0,1
4143,10000,2.69996,2.37137,3.16228,0.0317835,0.0251189,0.0398107,0.829274,0.8,0.9,0.164225,0.1,0.2,0.000116198,170782,3833.72,6157.62,0.01,0.95,10,10000,0.938,0.139,14,8,0.0187814,0,0.571429
4144,10000,2.63922,2.37137,3.16228,0.031606,0.0251189,0.0398107,0.84198,0.8,0.9,0.25522,0.2,0.3,0.000116198,146384,2656.08,5277.96,0.01,0.95,10,10000,0.938,0.139,12,10,0.0167986,0,0.833333
4145,10000,2.61833,2.37137,3.16228,0.0330156,0.0251189,0.0398107,0.830935,0.8,0.9,0.349053,0.3,0.4,0.000116198,146384,-nan,5277.96,0.01,0.95,10,10000,0.938,0.139,12,13,0.0147334,0,1.08333
4146,10000,2.65645,2.37137,3.16228,0.0326318,0.0251189,0.0398107,0.833615,0.8,0.9,0.45441,0.4,0.5,0.000116198,182980,2870.02,6597.45,0.01,0.95,10,10000,0.938,0.139,15,13,0.0147334,0,0.866667
4147,10000,2.7561,2.37137,3.16228,0.0331222,0.0251189,0.0398107,0.822784,0.8,0.9,0.551136,0.5,0.6,0.000116198,109788,1944.05,3958.47,0.01,0.95,10,10000,0.938,0.139,9,9,0.0177073,0,1
4148,10000,2.73623,2.37137,3.16228,0.0308481,0.0251189,0.0398107,0.849533,0.8,0.9,0.636506,0.6,0.7,0.000116198,231775,3139.42,8356.77,0.01,0.95,10,10000,0.938,0.139,19,17,0.012884,0,0.894737
4149,10000,2.82975,2.37137,3.16228,0.0319237,0.0251189,0.0398107,0.839446,0.8,0.9,0.783943,0.7,0.8,0.000116198,85390.8,2710.85,3078.81,0.01,0.95,10,10000,0.938,0.139,7,4,0.026561,0,0.571429
4150,10000,2.79441,2.37137,3.16228,0.0318562,0.0251189,0.0398107,0.834977,0.8,0.9,0.831943,0.8,0.9,0.000116198,36596,-nan,1319.49,0.01,0.95,10,10000,0.938,0.139,3,4,0.026561,0,1.33333
4151,10000,2.73727,2.37137,3.16228,0.036491,0.0251189,0.0398107,0.835498,0.8,0.9,0.942774,0.9,1,0.000116198,36596,1122.4,1319.49,0.01,0.95,10,10000,0.938,0.139,3,3,0.03067,0,1
4152,10000,2.78016,2.37137,3.16228,0.0314792,0.0251189,0.0398107,0.839572,0.8,0.9,1.18094,1,1.5,0.000580991,39035.8,518.414,1407.46,0.01,0.95,10,10000,0.938,0.139,16,16,0.0132805,0,1
4153,10000,2.40856,2.37137,3.16228,0.0319408,0.0251189,0.0398107,0.991681,0.9,1,0.0936544,0,0.1,0.000116198,24397.4,1587.31,879.66,0.01,0.95,10,10000,0.938,0.139,2,1,0.0531219,0,0.5
4154,10000,2.6792,2.37137,3.16228,0.032307,0.0251189,0.0398107,0.937739,0.9,1,0.144933,0.1,0.2,0.000116198,12198.7,-nan,439.83,0.01,0.95,10,10000,0.938,0.139,1,3,0.03067,0,3
4155,10000,3.00135,2.37137,3.16228,0.0332941,0.0251189,0.0398107,0.975042,0.9,1,0.232367,0.2,0.3,0.000116198,24397.4,1587.31,879.66,0.01,0.95,10,10000,0.938,0.139,2,1,0.0531219,0,0.5
4156,10000,2.86455,2.37137,3.16228,0.033226,0.0251189,0.0398107,0.943377,0.9,1,0.343447,0.3,0.4,0.000116198,73192.1,2244.8,2638.98,0.01,0.95,10,10000,0.938,0.139,6,4,0.026561,0,0.666667
4157,10000,2.63347,2.37137,3.16228,0.031983,0.0251189,0.0398107,0.914461,0.9,1,0.464427,0.4,0.5,0.000116198,48794.7,1296.04,1759.32,0.01,0.95,10,10000,0.938,0.139,4,4,0.026561,0,1
4158,10000,2.74988,2.37137,3.16228,0.0304477,0.0251189,0.0398107,0.921066,0.9,1,0.522929,0.5,0.6,0.000116198,24397.4,916.435,879.66,0.01,0.95,10,10000,0.938,0.139,2,2,0.0375629,0,1
4159,10000,2.83521,2.37137,3.16228,0.0309711,0.0251189,0.0398107,0.95797,0.9,1,0.661209,0.6,0.7,0.000116198,60993.4,2213.4,2199.15,0.01,0.95,10,10000,0.938,0.139,5,3,0.03067,0,0.6
4160,10000,2.52101,2.37137,3.16228,0.0271067,0.0251189,0.0398107,0.950364,0.9,1,0.783749,0.7,0.8,0.000116198,36596,1587.31,1319.49,0.01,0.95,10,10000,0.938,0.139,3,2,0.0375629,0,0.666667
4161,10000,2.49766,2.37137,3.16228,0.0315386,0.0251189,0.0398107,0.93433,0.9,1,0.85311,0.8,0.9,0.000116198,73192.1,1587.31,2638.98,0.01,0.95,10,10000,0.938,0.139,6,6,0.0216869,0,1
4162,10000,2.88305,2.37137,3.16228,0.0329482,0.0251189,0.0398107,0.953524,0.9,1,0.950969,0.9,1,0.000116198,24397.4,916.435,879.66,0.01,0.95,10,10000,0.938,0.139,2,2,0.0375629,0,1
4163,10000,2.72615,2.37137,3.16228,0.0279199,0.0251189,0.0398107,0.955972,0.9,1,1.18789,1,1.5,0.000580991,4879.47,183.287,175.932,0.01,0.95,10,10000,0.938,0.139,2,2,0.0375629,0,1
4164,10000,2.73034,2.37137,3.16228,0.0501875,0.0398107,0.0630957,0.0703893,0.05,0.1,0.0643617,0,0.1,9.20811e-05,1.52551e+07,30868.4,550031,0.01,0.95,10,10000,0.938,0.139,991,813,0.00186307,0,0.820383
4165,10000,2.72112,2.37137,3.16228,0.0502276,0.0398107,0.0630957,0.071308,0.05,0.1,0.154385,0.1,0.2,9.20811e-05,3.63752e+07,52049.9,1.31153e+06,0.01,0.95,10,10000,0.938,0.139,2363,1741,0.00127314,0,0.736775
4166,10000,2.72765,2.37137,3.16228,0.0500232,0.0398107,0.0630957,0.0718254,0.05,0.1,0.249999,0.2,0.3,9.20811e-05,4.17014e+07,54319.6,1.50357e+06,0.01,0.95,10,10000,0.938,0.139,2709,2061,0.00117013,0,0.760797
4167,10000,2.74278,2.37137,3.16228,0.0495548,0.0398107,0.0630957,0.0730098,0.05,0.1,0.3474,0.3,0.4,9.20811e-05,3.2419e+07,44446,1.16888e+06,0.01,0.95,10,10000,0.938,0.139,2106,1753,0.00126877,0,0.832384
4168,10000,2.76373,2.37137,3.16228,0.049495,0.0398107,0.0630957,0.0750411,0.05,0.1,0.446304,0.4,0.5,9.20811e-05,2.07199e+07,34766.5,747065,0.01,0.95,10,10000,0.938,0.139,1346,1149,0.00156716,0,0.85364
4169,10000,2.76661,2.37137,3.16228,0.0491344,0.0398107,0.0630957,0.0755029,0.05,0.1,0.546127,0.5,0.6,9.20811e-05,1.17915e+07,25501.7,425150,0.01,0.95,10,10000,0.938,0.139,766,675,0.00204466,0,0.881201
4170,10000,2.76946,2.37137,3.16228,0.0487301,0.0398107,0.0630957,0.0773631,0.05,0.1,0.645259,0.6,0.7,9.20811e-05,6.37297e+06,20133.9,229781,0.01,0.95,10,10000,0.938,0.139,414,336,0.00289804,0,0.811594
4171,10000,2.81228,2.37137,3.16228,0.0488593,0.0398107,0.0630957,0.0795315,0.05,0.1,0.74095,0.7,0.8,9.20811e-05,3.6483e+06,15459,131541,0.01,0.95,10,10000,0.938,0.139,237,189,0.00386405,0,0.797468
4172,10000,2.81389,2.37137,3.16228,0.0479187,0.0398107,0.0630957,0.0802666,0.05,0.1,0.84986,0.8,0.9,9.20811e-05,1.72409e+06,10084.6,62162.9,0.01,0.95,10,10000,0.938,0.139,112,95,0.0054502,0,0.848214
4173,10000,2.80835,2.37137,3.16228,0.0482008,0.0398107,0.0630957,0.08082,0.05,0.1,0.945121,0.9,1,9.20811e-05,815864,7495.81,29416.4,0.01,0.95,10,10000,0.938,0.139,53,41,0.00829625,0,0.773585
4174,10000,2.86355,2.37137,3.16228,0.046998,0.0398107,0.0630957,0.0836889,0.05,0.1,1.1371,1,1.5,0.000460405,129307,-nan,4662.22,0.01,0.95,10,10000,0.938,0.139,42,44,0.00800843,0,1.04762
4175,10000,2.69995,2.37137,3.16228,0.0501594,0.0398107,0.0630957,0.122723,0.1,0.15,0.0647723,0,0.1,9.20811e-05,5.12609e+06,17095.7,184824,0.01,0.95,10,10000,0.938,0.139,333,288,0.00313024,0,0.864865
4176,10000,2.72462,2.37137,3.16228,0.0501383,0.0398107,0.0630957,0.122769,0.1,0.15,0.152354,0.1,0.2,9.20811e-05,1.64404e+07,31773,592768,0.01,0.95,10,10000,0.938,0.139,1068,885,0.00178567,0,0.828652
4177,10000,2.71493,2.37137,3.16228,0.0503726,0.0398107,0.0630957,0.122788,0.1,0.15,0.25172,0.2,0.3,9.20811e-05,2.27056e+07,41295.6,818663,0.01,0.95,10,10000,0.938,0.139,1475,1081,0.0016157,0,0.732881
4178,10000,2.71836,2.37137,3.16228,0.0501194,0.0398107,0.0630957,0.122714,0.1,0.15,0.348612,0.3,0.4,9.20811e-05,1.93498e+07,37548.3,697668,0.01,0.95,10,10000,0.938,0.139,1257,939,0.00173357,0,0.747017
4179,10000,2.71998,2.37137,3.16228,0.0500863,0.0398107,0.0630957,0.122591,0.1,0.15,0.447287,0.4,0.5,9.20811e-05,1.52243e+07,30275.9,548921,0.01,0.95,10,10000,0.938,0.139,989,829,0.001845,0,0.83822
4180,10000,2.70694,2.37137,3.16228,0.0501471,0.0398107,0.0630957,0.123672,0.1,0.15,0.547833,0.5,0.6,9.20811e-05,9.698e+06,23738.8,349666,0.01,0.95,10,10000,0.938,0.139,630,539,0.00228812,0,0.855556
4181,10000,2.7441,2.37137,3.16228,0.0491425,0.0398107,0.0630957,0.123465,0.1,0.15,0.646497,0.6,0.7,9.20811e-05,5.89577e+06,16906.4,212575,0.01,0.95,10,10000,0.938,0.139,383,362,0.00279203,0,0.94517
4182,10000,2.71864,2.37137,3.16228,0.0498054,0.0398107,0.0630957,0.123385,0.1,0.15,0.744923,0.7,0.8,9.20811e-05,3.97156e+06,15418.1,143197,0.01,0.95,10,10000,0.938,0.139,258,217,0.00360615,0,0.841085
4183,10000,2.72934,2.37137,3.16228,0.0491539,0.0398107,0.0630957,0.125301,0.1,0.15,0.84417,0.8,0.9,9.20811e-05,2.37062e+06,10280.6,85474,0.01,0.95,10,10000,0.938,0.139,154,152,0.00430876,0,0.987013
4184,10000,2.7135,2.37137,3.16228,0.0491994,0.0398107,0.0630957,0.127137,0.1,0.15,0.952807,0.9,1,9.20811e-05,1.16992e+06,7923.33,42182,0.01,0.95,10,10000,0.938,0.139,76,68,0.00644198,0,0.894737
4185,10000,2.79216,2.37137,3.16228,0.0500125,0.0398107,0.0630957,0.126224,0.1,0.15,1.15072,1,1.5,0.000460405,301716,1757.08,10878.5,0.01,0.95,10,10000,0.938,0.139,98,90,0.00559954,0,0.918367
4186,10000,2.70134,2.37137,3.16228,0.0499109,0.0398107,0.0630957,0.174765,0.15,0.2,0.0676517,0,0.1,9.20811e-05,3.23267e+06,13291.6,116555,0.01,0.95,10,10000,0.938,0.139,210,186,0.00389509,0,0.885714
4187,10000,2.71819,2.37137,3.16228,0.0506925,0.0398107,0.0630957,0.172943,0.15,0.2,0.154628,0.1,0.2,9.20811e-05,8.9745e+06,21480.2,323580,0.01,0.95,10,10000,0.938,0.139,583,534,0.00229881,0,0.915952
4188,10000,2.72207,2.37137,3.16228,0.0501258,0.0398107,0.0630957,0.172702,0.15,0.2,0.249392,0.2,0.3,9.20811e-05,1.2161e+07,27782,438471,0.01,0.95,10,10000,0.938,0.139,790,642,0.00209656,0,0.812658
4189,10000,2.72217,2.37137,3.16228,0.0504147,0.0398107,0.0630957,0.173486,0.15,0.2,0.347905,0.3,0.4,9.20811e-05,1.32693e+07,31091.3,478432,0.01,0.95,10,10000,0.938,0.139,862,644,0.0020933,0,0.7471
4190,10000,2.71975,2.37137,3.16228,0.0503853,0.0398107,0.0630957,0.172959,0.15,0.2,0.447426,0.4,0.5,9.20811e-05,1.1068e+07,27779.7,399064,0.01,0.95,10,10000,0.938,0.139,719,552,0.00226102,0,0.767733
4191,10000,2.73124,2.37137,3.16228,0.0505127,0.0398107,0.0630957,0.173915,0.15,0.2,0.548685,0.5,0.6,9.20811e-05,8.09706e+06,23143.4,291944,0.01,0.95,10,10000,0.938,0.139,526,417,0.00260139,0,0.792776
4192,10000,2.72566,2.37137,3.16228,0.0495299,0.0398107,0.0630957,0.172513,0.15,0.2,0.647411,0.6,0.7,9.20811e-05,5.51093e+06,18644.4,198699,0.01,0.95,10,10000,0.938,0.139,358,292,0.00310873,0,0.815642
4193,10000,2.72664,2.37137,3.16228,0.0505051,0.0398107,0.0630957,0.172063,0.15,0.2,0.748055,0.7,0.8,9.20811e-05,3.14031e+06,14767.9,113225,0.01,0.95,10,10000,0.938,0.139,204,157,0.00423959,0,0.769608
4194,10000,2.73905,2.37137,3.16228,0.0501176,0.0398107,0.0630957,0.173162,0.15,0.2,0.847641,0.8,0.9,9.20811e-05,2.01657e+06,11536.2,72708.4,0.01,0.95,10,10000,0.938,0.139,131,104,0.00520904,0,0.793893
4195,10000,2.76018,2.37137,3.16228,0.0508521,0.0398107,0.0630957,0.17492,0.15,0.2,0.949323,0.9,1,9.20811e-05,1.07756e+06,7785.98,38851.8,0.01,0.95,10,10000,0.938,0.139,70,61,0.00680157,0,0.871429
4196,10000,2.75806,2.37137,3.16228,0.0490663,0.0398107,0.0630957,0.176175,0.15,0.2,1.15909,1,1.5,0.000460405,372526,1799.03,13431.6,0.01,0.95,10,10000,0.938,0.139,121,121,0.00482927,0,1
4197,10000,2.70165,2.37137,3.16228,0.050235,0.0398107,0.0630957,0.22398,0.2,0.25,0.067327,0,0.1,9.20811e-05,1.77027e+06,9652.35,63828,0.01,0.95,10,10000,0.938,0.139,115,104,0.00520904,0,0.904348
4198,10000,2.72545,2.37137,3.16228,0.050267,0.0398107,0.0630957,0.223327,0.2,0.25,0.156026,0.1,0.2,9.20811e-05,5.43396e+06,16826,195924,0.01,0.95,10,10000,0.938,0.139,353,321,0.00296498,0,0.909348
4199,10000,2.72724,2.37137,3.16228,0.0509676,0.0398107,0.0630957,0.222313,0.2,0.25,0.249795,0.2,0.3,9.20811e-05,7.95852e+06,19897.9,286948,0.01,0.95,10,10000,0.938,0.139,517,482,0.00241964,0,0.932302
4200,10000,2.7255,2.37137,3.16228,0.050726,0.0398107,0.0630957,0.223916,0.2,0.25,0.348229,0.3,0.4,9.20811e-05,7.69683e+06,20924.2,277513,0.01,0.95,10,10000,0.938,0.139,500,433,0.00255288,0,0.866
4201,10000,2.71988,2.37137,3.16228,0.0499083,0.0398107,0.0630957,0.223195,0.2,0.25,0.445708,0.4,0.5,9.20811e-05,7.06569e+06,20249.1,254757,0.01,0.95,10,10000,0.938,0.139,459,393,0.00267965,0,0.856209
4202,10000,2.72249,2.37137,3.16228,0.0504661,0.0398107,0.0630957,0.223456,0.2,0.25,0.546646,0.5,0.6,9.20811e-05,6.18825e+06,20971.5,223120,0.01,0.95,10,10000,0.938,0.139,402,305,0.00304175,0,0.758706
4203,10000,2.71765,2.37137,3.16228,0.0496944,0.0398107,0.0630957,0.226233,0.2,0.25,0.646338,0.6,0.7,9.20811e-05,3.94078e+06,15881.8,142087,0.01,0.95,10,10000,0.938,0.139,256,207,0.00369223,0,0.808594
4204,10000,2.71059,2.37137,3.16228,0.049534,0.0398107,0.0630957,0.225629,0.2,0.25,0.751175,0.7,0.8,9.20811e-05,2.83243e+06,13993.8,102125,0.01,0.95,10,10000,0.938,0.139,184,142,0.00445789,0,0.771739
4205,10000,2.71739,2.37137,3.16228,0.0498042,0.0398107,0.0630957,0.223366,0.2,0.25,0.848867,0.8,0.9,9.20811e-05,1.38543e+06,8480.92,49952.3,0.01,0.95,10,10000,0.938,0.139,90,82,0.00586634,0,0.911111
4206,10000,2.75218,2.37137,3.16228,0.0501638,0.0398107,0.0630957,0.222011,0.2,0.25,0.941266,0.9,1,9.20811e-05,1.06216e+06,7198.55,38296.8,0.01,0.95,10,10000,0.938,0.139,69,65,0.00658897,0,0.942029
4207,10000,2.76919,2.37137,3.16228,0.0500939,0.0398107,0.0630957,0.223699,0.2,0.25,1.16368,1,1.5,0.000460405,387920,2069.09,13986.7,0.01,0.95,10,10000,0.938,0.139,126,111,0.00504211,0,0.880952
4208,10000,2.7673,2.37137,3.16228,0.050383,0.0398107,0.0630957,0.27423,0.25,0.3,0.070136,0,0.1,9.20811e-05,1.55476e+06,8721.81,56057.6,0.01,0.95,10,10000,0.938,0.139,101,95,0.0054502,0,0.940594
4209,10000,2.73293,2.37137,3.16228,0.0502121,0.0398107,0.0630957,0.275322,0.25,0.3,0.158737,0.1,0.2,9.20811e-05,3.41739e+06,14022.8,123216,0.01,0.95,10,10000,0.938,0.139,222,191,0.00384377,0,0.86036
4210,10000,2.73934,2.37137,3.16228,0.0505539,0.0398107,0.0630957,0.273787,0.25,0.3,0.254421,0.2,0.3,9.20811e-05,4.95676e+06,15566.8,178718,0.01,0.95,10,10000,0.938,0.139,322,303,0.00305178,0,0.940994
4211,10000,2.71302,2.37137,3.16228,0.0510685,0.0398107,0.0630957,0.273416,0.25,0.3,0.349966,0.3,0.4,9.20811e-05,5.49553e+06,16856.1,198144,0.01,0.95,10,10000,0.938,0.139,357,326,0.00294215,0,0.913165
4212,10000,2.71998,2.37137,3.16228,0.0502198,0.0398107,0.0630957,0.273457,0.25,0.3,0.448176,0.4,0.5,9.20811e-05,5.29542e+06,18308.2,190929,0.01,0.95,10,10000,0.938,0.139,344,280,0.00317464,0,0.813953
4213,10000,2.7334,2.37137,3.16228,0.0506479,0.0398107,0.0630957,0.274171,0.25,0.3,0.545667,0.5,0.6,9.20811e-05,4.43337e+06,17915.8,159848,0.01,0.95,10,10000,0.938,0.139,288,216,0.00361449,0,0.75
4214,10000,2.70696,2.37137,3.16228,0.0500349,0.0398107,0.0630957,0.274892,0.25,0.3,0.646651,0.6,0.7,9.20811e-05,2.72468e+06,14024,98239.6,0.01,0.95,10,10000,0.938,0.139,177,133,0.00460626,0,0.751412
4215,10000,2.69722,2.37137,3.16228,0.0497395,0.0398107,0.0630957,0.275412,0.25,0.3,0.750107,0.7,0.8,9.20811e-05,2.15511e+06,12586.9,77703.6,0.01,0.95,10,10000,0.938,0.139,140,104,0.00520904,0,0.742857
4216,10000,2.7653,2.37137,3.16228,0.0496679,0.0398107,0.0630957,0.272618,0.25,0.3,0.843687,0.8,0.9,9.20811e-05,1.52397e+06,9778.76,54947.6,0.01,0.95,10,10000,0.938,0.139,99,81,0.00590244,0,0.818182
4217,10000,2.73943,2.37137,3.16228,0.048997,0.0398107,0.0630957,0.275035,0.25,0.3,0.949437,0.9,1,9.20811e-05,1.06216e+06,9301.24,38296.8,0.01,0.95,10,10000,0.938,0.139,69,48,0.00766749,0,0.695652
4218,10000,2.78025,2.37137,3.16228,0.0504853,0.0398107,0.0630957,0.273014,0.25,0.3,1.18036,1,1.5,0.000460405,317109,-nan,11433.5,0.01,0.95,10,10000,0.938,0.139,103,104,0.00520904,0,1.00971
4219,10000,2.73018,2.37137,3.16228,0.0496837,0.0398107,0.0630957,0.342941,0.3,0.4,0.0645905,0,0.1,0.000184162,785076,4601.55,28306.3,0.01,0.95,10,10000,0.938,0.139,102,91,0.00556869,0,0.892157
4220,10000,2.71962,2.37137,3.16228,0.0502095,0.0398107,0.0630957,0.344993,0.3,0.4,0.152324,0.1,0.2,0.000184162,2.1936e+06,7537.07,79091.2,0.01,0.95,10,10000,0.938,0.139,285,260,0.00329448,0,0.912281
4221,10000,2.70952,2.37137,3.16228,0.0503674,0.0398107,0.0630957,0.344581,0.3,0.4,0.251591,0.2,0.3,0.000184162,2.94788e+06,8064.68,106287,0.01,0.95,10,10000,0.938,0.139,383,380,0.0027251,0,0.992167
4222,10000,2.72503,2.37137,3.16228,0.0506806,0.0398107,0.0630957,0.343431,0.3,0.4,0.347808,0.3,0.4,0.000184162,3.20958e+06,9170.44,115723,0.01,0.95,10,10000,0.938,0.139,417,378,0.0027323,0,0.906475
4223,10000,2.71373,2.37137,3.16228,0.0500373,0.0398107,0.0630957,0.343601,0.3,0.4,0.448694,0.4,0.5,0.000184162,3.10182e+06,9228.25,111838,0.01,0.95,10,10000,0.938,0.139,403,356,0.00281546,0,0.883375
4224,10000,2.71288,2.37137,3.16228,0.050078,0.0398107,0.0630957,0.342359,0.3,0.4,0.547119,0.5,0.6,0.000184162,2.58613e+06,8370.94,93244.4,0.01,0.95,10,10000,0.938,0.139,336,299,0.00307212,0,0.889881
4225,10000,2.73776,2.37137,3.16228,0.0507217,0.0398107,0.0630957,0.345202,0.3,0.4,0.646583,0.6,0.7,0.000184162,1.95499e+06,6995.7,70488.3,0.01,0.95,10,10000,0.938,0.139,254,236,0.00345794,0,0.929134
4226,10000,2.71502,2.37137,3.16228,0.0501499,0.0398107,0.0630957,0.345811,0.3,0.4,0.74836,0.7,0.8,0.000184162,1.47779e+06,7354.9,53282.5,0.01,0.95,10,10000,0.938,0.139,192,143,0.00444228,0,0.744792
4227,10000,2.72294,2.37137,3.16228,0.050724,0.0398107,0.0630957,0.342007,0.3,0.4,0.844772,0.8,0.9,0.000184162,1.18531e+06,5937.24,42737,0.01,0.95,10,10000,0.938,0.139,154,130,0.0046591,0,0.844156
4228,10000,2.70938,2.37137,3.16228,0.050045,0.0398107,0.0630957,0.345383,0.3,0.4,0.949413,0.9,1,0.000184162,900529,5965.24,32469,0.01,0.95,10,10000,0.938,0.139,117,83,0.00583089,0,0.709402
4229,10000,2.71054,2.37137,3.16228,0.0511372,0.0398107,0.0630957,0.349479,0.3,0.4,1.2018,1,1.5,0.000920811,292479,1563.11,10545.5,0.01,0.95,10,10000,0.938,0.139,190,130,0.0046591,0,0.684211
4230,10000,2.68486,2.37137,3.16228,0.0501193,0.0398107,0.0630957,0.437266,0.4,0.5,0.0666448,0,0.1,0.000184162,384841,3070.15,13875.7,0.01,0.95,10,10000,0.938,0.139,50,47,0.00774863,0,0.94
4231,10000,2.67396,2.37137,3.16228,0.0509763,0.0398107,0.0630957,0.44319,0.4,0.5,0.155128,0.1,0.2,0.000184162,1.10065e+06,5281.13,39684.4,0.01,0.95,10,10000,0.938,0.139,143,132,0.00462367,0,0.923077
4232,10000,2.7045,2.37137,3.16228,0.050846,0.0398107,0.0630957,0.44826,0.4,0.5,0.25429,0.2,0.3,0.000184162,1.59324e+06,6418.47,57445.2,0.01,0.95,10,10000,0.938,0.139,207,189,0.00386405,0,0.913043
4233,10000,2.70758,2.37137,3.16228,0.0506961,0.0398107,0.0630957,0.447569,0.4,0.5,0.352257,0.3,0.4,0.000184162,1.6933e+06,6612.99,61052.9,0.01,0.95,10,10000,0.938,0.139,220,201,0.00374693,0,0.913636
4234,10000,2.69916,2.37137,3.16228,0.0507924,0.0398107,0.0630957,0.445386,0.4,0.5,0.447367,0.4,0.5,0.000184162,1.66251e+06,-nan,59942.8,0.01,0.95,10,10000,0.938,0.139,216,221,0.00357337,0,1.02315
4235,10000,2.71572,2.37137,3.16228,0.0504763,0.0398107,0.0630957,0.444995,0.4,0.5,0.5461,0.5,0.6,0.000184162,1.53167e+06,6065.33,55225.1,0.01,0.95,10,10000,0.938,0.139,199,189,0.00386405,0,0.949749
4236,10000,2.72811,2.37137,3.16228,0.0514096,0.0398107,0.0630957,0.442802,0.4,0.5,0.648912,0.6,0.7,0.000184162,1.14683e+06,5673.64,41349.4,0.01,0.95,10,10000,0.938,0.139,149,130,0.0046591,0,0.872483
4237,10000,2.69984,2.37137,3.16228,0.0506769,0.0398107,0.0630957,0.443412,0.4,0.5,0.741316,0.7,0.8,0.000184162,838954,4469.25,30248.9,0.01,0.95,10,10000,0.938,0.139,109,104,0.00520904,0,0.954128
4238,10000,2.72537,2.37137,3.16228,0.0494038,0.0398107,0.0630957,0.445196,0.4,0.5,0.848642,0.8,0.9,0.000184162,577262,3836.49,20813.5,0.01,0.95,10,10000,0.938,0.139,75,69,0.00639513,0,0.92
4239,10000,2.74848,2.37137,3.16228,0.0500755,0.0398107,0.0630957,0.451676,0.4,0.5,0.948999,0.9,1,0.000184162,507991,5037.58,18315.9,0.01,0.95,10,10000,0.938,0.139,66,40,0.00839932,0,0.606061
4240,10000,2.71667,2.37137,3.16228,0.0510715,0.0398107,0.0630957,0.44794,0.4,0.5,1.19593,1,1.5,0.000920811,240141,1769.04,8658.41,0.01,0.95,10,10000,0.938,0.139,156,78,0.00601488,0,0.5
4241,10000,2.71161,2.37137,3.16228,0.0504815,0.0398107,0.0630957,0.547435,0.5,0.6,0.06848,0,0.1,0.000184162,146240,-nan,5272.75,0.01,0.95,10,10000,0.938,0.139,19,21,0.0115922,0,1.10526
4242,10000,2.69581,2.37137,3.16228,0.0507685,0.0398107,0.0630957,0.544736,0.5,0.6,0.148373,0.1,0.2,0.000184162,569565,3712.79,20536,0.01,0.95,10,10000,0.938,0.139,74,70,0.00634929,0,0.945946
4243,10000,2.68317,2.37137,3.16228,0.0495913,0.0398107,0.0630957,0.544002,0.5,0.6,0.248803,0.2,0.3,0.000184162,823560,4558.36,29693.9,0.01,0.95,10,10000,0.938,0.139,107,99,0.00533896,0,0.925234
4244,10000,2.7074,2.37137,3.16228,0.0502503,0.0398107,0.0630957,0.54318,0.5,0.6,0.350809,0.3,0.4,0.000184162,723502,4225.79,26086.2,0.01,0.95,10,10000,0.938,0.139,94,88,0.00566282,0,0.93617
4245,10000,2.71663,2.37137,3.16228,0.0512617,0.0398107,0.0630957,0.541767,0.5,0.6,0.44796,0.4,0.5,0.000184162,900529,4776.96,32469,0.01,0.95,10,10000,0.938,0.139,117,108,0.00511166,0,0.923077
4246,10000,2.74179,2.37137,3.16228,0.0498449,0.0398107,0.0630957,0.543231,0.5,0.6,0.547985,0.5,0.6,0.000184162,792773,4485.43,28583.8,0.01,0.95,10,10000,0.938,0.139,103,95,0.0054502,0,0.92233
4247,10000,2.68548,2.37137,3.16228,0.0505587,0.0398107,0.0630957,0.542446,0.5,0.6,0.651479,0.6,0.7,0.000184162,661927,3791.71,23866.1,0.01,0.95,10,10000,0.938,0.139,86,86,0.00572829,0,1
4248,10000,2.67947,2.37137,3.16228,0.0515045,0.0398107,0.0630957,0.546535,0.5,0.6,0.743123,0.7,0.8,0.000184162,477203,3434.31,17205.8,0.01,0.95,10,10000,0.938,0.139,62,58,0.00697525,0,0.935484
4249,10000,2.76419,2.37137,3.16228,0.0500979,0.0398107,0.0630957,0.550642,0.5,0.6,0.846744,0.8,0.9,0.000184162,415629,3359.21,14985.7,0.01,0.95,10,10000,0.938,0.139,54,48,0.00766749,0,0.888889
4250,10000,2.70794,2.37137,3.16228,0.0505504,0.0398107,0.0630957,0.54133,0.5,0.6,0.942787,0.9,1,0.000184162,323267,3059.71,11655.5,0.01,0.95,10,10000,0.938,0.139,42,36,0.00885366,0,0.857143
4251,10000,2.76714,2.37137,3.16228,0.0494286,0.0398107,0.0630957,0.549935,0.5,0.6,1.19042,1,1.5,0.000920811,150858,1162.59,5439.26,0.01,0.95,10,10000,0.938,0.139,98,64,0.00664024,0,0.653061
4252,10000,2.78828,2.37137,3.16228,0.0485317,0.0398107,0.0630957,0.658282,0.6,0.7,0.058098,0,0.1,0.000184162,84665.1,1629.79,3052.64,0.01,0.95,10,10000,0.938,0.139,11,9,0.0177073,0,0.818182
4253,10000,2.75284,2.37137,3.16228,0.0511916,0.0398107,0.0630957,0.644822,0.6,0.7,0.152199,0.1,0.2,0.000184162,315570,3110.7,11378,0.01,0.95,10,10000,0.938,0.139,41,34,0.00911034,0,0.829268
4254,10000,2.69974,2.37137,3.16228,0.0497071,0.0398107,0.0630957,0.651196,0.6,0.7,0.251337,0.2,0.3,0.000184162,354054,2773.09,12765.6,0.01,0.95,10,10000,0.938,0.139,46,46,0.0078324,0,1
4255,10000,2.78884,2.37137,3.16228,0.0510734,0.0398107,0.0630957,0.642472,0.6,0.7,0.354232,0.3,0.4,0.000184162,554172,3989.91,19980.9,0.01,0.95,10,10000,0.938,0.139,72,62,0.00674649,0,0.861111
4256,10000,2.71099,2.37137,3.16228,0.050635,0.0398107,0.0630957,0.64475,0.6,0.7,0.458405,0.4,0.5,0.000184162,631140,-nan,22756.1,0.01,0.95,10,10000,0.938,0.139,82,83,0.00583089,0,1.0122
4257,10000,2.72515,2.37137,3.16228,0.0509994,0.0398107,0.0630957,0.646931,0.6,0.7,0.5457,0.5,0.6,0.000184162,523384,3909.97,18870.9,0.01,0.95,10,10000,0.938,0.139,68,58,0.00697525,0,0.852941
4258,10000,2.68068,2.37137,3.16228,0.0502679,0.0398107,0.0630957,0.641758,0.6,0.7,0.641374,0.6,0.7,0.000184162,361751,-nan,13043.1,0.01,0.95,10,10000,0.938,0.139,47,49,0.00758885,0,1.04255
4259,10000,2.71687,2.37137,3.16228,0.0507253,0.0398107,0.0630957,0.650564,0.6,0.7,0.75379,0.7,0.8,0.000184162,292479,-nan,10545.5,0.01,0.95,10,10000,0.938,0.139,38,41,0.00829625,0,1.07895
4260,10000,2.67982,2.37137,3.16228,0.051682,0.0398107,0.0630957,0.658332,0.6,0.7,0.849302,0.8,0.9,0.000184162,223208,2716.16,8047.88,0.01,0.95,10,10000,0.938,0.139,29,23,0.0110767,0,0.793103
4261,10000,2.83425,2.37137,3.16228,0.0518186,0.0398107,0.0630957,0.645716,0.6,0.7,0.95293,0.9,1,0.000184162,184724,2474.65,6660.31,0.01,0.95,10,10000,0.938,0.139,24,19,0.012187,0,0.791667
4262,10000,2.65716,2.37137,3.16228,0.0503233,0.0398107,0.0630957,0.638507,0.6,0.7,1.21027,1,1.5,0.000920811,101598,864.627,3663.17,0.01,0.95,10,10000,0.938,0.139,66,49,0.00758885,0,0.742424
4263,10000,2.78179,2.37137,3.16228,0.0488977,0.0398107,0.0630957,0.722334,0.7,0.8,0.0626481,0,0.1,0.000184162,69271.4,1537.64,2497.62,0.01,0.95,10,10000,0.938,0.139,9,7,0.0200782,0,0.777778
4264,10000,2.68689,2.37137,3.16228,0.0530256,0.0398107,0.0630957,0.747234,0.7,0.8,0.148072,0.1,0.2,0.000184162,161633,-nan,5827.77,0.01,0.95,10,10000,0.938,0.139,21,24,0.0108435,0,1.14286
4265,10000,2.69758,2.37137,3.16228,0.0505334,0.0398107,0.0630957,0.742034,0.7,0.8,0.252117,0.2,0.3,0.000184162,215511,2591.54,7770.36,0.01,0.95,10,10000,0.938,0.139,28,23,0.0110767,0,0.821429
4266,10000,2.75018,2.37137,3.16228,0.0510818,0.0398107,0.0630957,0.740964,0.7,0.8,0.356028,0.3,0.4,0.000184162,346357,-nan,12488.1,0.01,0.95,10,10000,0.938,0.139,45,52,0.00736669,0,1.15556
4267,10000,2.73285,2.37137,3.16228,0.0503339,0.0398107,0.0630957,0.737471,0.7,0.8,0.446746,0.4,0.5,0.000184162,315570,2887.24,11378,0.01,0.95,10,10000,0.938,0.139,41,37,0.00873319,0,0.902439
4268,10000,2.74007,2.37137,3.16228,0.0510548,0.0398107,0.0630957,0.740425,0.7,0.8,0.544482,0.5,0.6,0.000184162,361751,2863.36,13043.1,0.01,0.95,10,10000,0.938,0.139,47,46,0.0078324,0,0.978723
4269,10000,2.70754,2.37137,3.16228,0.0497031,0.0398107,0.0630957,0.739598,0.7,0.8,0.644499,0.6,0.7,0.000184162,215511,-nan,7770.36,0.01,0.95,10,10000,0.938,0.139,28,29,0.0098645,0,1.03571
4270,10000,2.78568,2.37137,3.16228,0.050177,0.0398107,0.0630957,0.738124,0.7,0.8,0.743362,0.7,0.8,0.000184162,192421,-nan,6937.83,0.01,0.95,10,10000,0.938,0.139,25,29,0.0098645,0,1.16
4271,10000,2.74138,2.37137,3.16228,0.0504074,0.0398107,0.0630957,0.758202,0.7,0.8,0.852523,0.8,0.9,0.000184162,161633,2061.5,5827.77,0.01,0.95,10,10000,0.938,0.139,21,19,0.012187,0,0.904762
4272,10000,2.77165,2.37137,3.16228,0.0495456,0.0398107,0.0630957,0.756134,0.7,0.8,0.950657,0.9,1,0.000184162,100059,2211.3,3607.67,0.01,0.95,10,10000,0.938,0.139,13,8,0.0187814,0,0.615385
4273,10000,2.59997,2.37137,3.16228,0.0497392,0.0398107,0.0630957,0.733822,0.7,0.8,1.19708,1,1.5,0.000920811,24629.8,327.096,888.042,0.01,0.95,10,10000,0.938,0.139,16,16,0.0132805,0,1
4274,10000,2.7611,2.37137,3.16228,0.0445253,0.0398107,0.0630957,0.849953,0.8,0.9,0.0766701,0,0.1,0.000184162,23090.5,708.184,832.539,0.01,0.95,10,10000,0.938,0.139,3,3,0.03067,0,1
4275,10000,2.80155,2.37137,3.16228,0.0532996,0.0398107,0.0630957,0.845764,0.8,0.9,0.151689,0.1,0.2,0.000184162,84665.1,1485.5,3052.64,0.01,0.95,10,10000,0.938,0.139,11,10,0.0167986,0,0.909091
4276,10000,2.67667,2.37137,3.16228,0.0496903,0.0398107,0.0630957,0.845189,0.8,0.9,0.264288,0.2,0.3,0.000184162,169330,2007.02,6105.29,0.01,0.95,10,10000,0.938,0.139,22,21,0.0115922,0,0.954545
4277,10000,2.74555,2.37137,3.16228,0.0494153,0.0398107,0.0630957,0.85419,0.8,0.9,0.359751,0.3,0.4,0.000184162,115452,1583.55,4162.7,0.01,0.95,10,10000,0.938,0.139,15,15,0.013716,0,1
4278,10000,2.70646,2.37137,3.16228,0.0503807,0.0398107,0.0630957,0.843782,0.8,0.9,0.446586,0.4,0.5,0.000184162,207814,-nan,7492.85,0.01,0.95,10,10000,0.938,0.139,27,28,0.0100391,0,1.03704
4279,10000,2.62374,2.37137,3.16228,0.0497435,0.0398107,0.0630957,0.851112,0.8,0.9,0.549792,0.5,0.6,0.000184162,123149,2111.4,4440.21,0.01,0.95,10,10000,0.938,0.139,16,12,0.015335,0,0.75
4280,10000,2.7341,2.37137,3.16228,0.04683,0.0398107,0.0630957,0.860628,0.8,0.9,0.649617,0.6,0.7,0.000184162,69271.4,1371.39,2497.62,0.01,0.95,10,10000,0.938,0.139,9,8,0.0187814,0,0.888889
4281,10000,2.57915,2.37137,3.16228,0.0518183,0.0398107,0.0630957,0.832761,0.8,0.9,0.750785,0.7,0.8,0.000184162,153937,1828.52,5550.26,0.01,0.95,10,10000,0.938,0.139,20,20,0.0118784,0,1
4282,10000,2.63967,2.37137,3.16228,0.0498955,0.0398107,0.0630957,0.838265,0.8,0.9,0.850493,0.8,0.9,0.000184162,76968.3,1429.42,2775.13,0.01,0.95,10,10000,0.938,0.139,10,9,0.0177073,0,0.9
4283,10000,2.80155,2.37137,3.16228,0.0495332,0.0398107,0.0630957,0.835576,0.8,0.9,0.942265,0.9,1,0.000184162,38484.1,-nan,1387.57,0.01,0.95,10,10000,0.938,0.139,5,7,0.0200782,0,1.4
4284,10000,2.73279,2.37137,3.16228,0.0500763,0.0398107,0.0630957,0.848787,0.8,0.9,1.20549,1,1.5,0.000920811,26169.2,402.987,943.544,0.01,0.95,10,10000,0.938,0.139,17,14,0.0141974,0,0.823529
4285,10000,2.72871,2.37137,3.16228,0.0511549,0.0398107,0.0630957,0.919727,0.9,1,0.146181,0.1,0.2,0.000184162,30787.3,-nan,1110.05,0.01,0.95,10,10000,0.938,0.139,4,5,0.0237569,0,1.25
4286,10000,2.56356,2.37137,3.16228,0.0518765,0.0398107,0.0630957,0.936396,0.9,1,0.280255,0.2,0.3,0.000184162,53877.8,-nan,1942.59,0.01,0.95,10,10000,0.938,0.139,7,8,0.0187814,0,1.14286
4287,10000,2.73899,2.37137,3.16228,0.0493368,0.0398107,0.0630957,0.958007,0.9,1,0.354819,0.3,0.4,0.000184162,61574.6,1492.98,2220.1,0.01,0.95,10,10000,0.938,0.139,8,6,0.0216869,0,0.75
4288,10000,2.65804,2.37137,3.16228,0.0484154,0.0398107,0.0630957,0.931881,0.9,1,0.462178,0.4,0.5,0.000184162,61574.6,-nan,2220.1,0.01,0.95,10,10000,0.938,0.139,8,11,0.0160169,0,1.375
4289,10000,2.58711,2.37137,3.16228,0.0505289,0.0398107,0.0630957,0.916093,0.9,1,0.571024,0.5,0.6,0.000184162,30787.3,817.741,1110.05,0.01,0.95,10,10000,0.938,0.139,4,4,0.026561,0,1
4290,10000,2.82195,2.37137,3.16228,0.0535213,0.0398107,0.0630957,0.928788,0.9,1,0.65648,0.6,0.7,0.000184162,69271.4,1371.39,2497.62,0.01,0.95,10,10000,0.938,0.139,9,8,0.0187814,0,0.888889
4291,10000,2.6687,2.37137,3.16228,0.0413727,0.0398107,0.0630957,0.934786,0.9,1,0.741708,0.7,0.8,0.000184162,15393.7,1001.52,555.026,0.01,0.95,10,10000,0.938,0.139,2,1,0.0531219,0,0.5
4292,10000,2.86394,2.37137,3.16228,0.0506008,0.0398107,0.0630957,0.958936,0.9,1,0.830299,0.8,0.9,0.000184162,30787.3,817.741,1110.05,0.01,0.95,10,10000,0.938,0.139,4,4,0.026561,0,1
4293,10000,3.03543,2.37137,3.16228,0.0553533,0.0398107,0.0630957,0.978773,0.9,1,0.935831,0.9,1,0.000184162,7696.83,408.87,277.513,0.01,0.95,10,10000,0.938,0.139,1,1,0.0531219,0,1
4294,10000,2.52773,2.37137,3.16228,0.0517394,0.0398107,0.0630957,0.910558,0.9,1,1.21611,1,1.5,0.000920811,4618.1,-nan,166.508,0.01,0.95,10,10000,0.938,0.139,3,5,0.0237569,0,1.66667
4295,10000,2.9144,2.37137,3.16228,0.0735643,0.0630957,0.1,0.0705928,0.05,0.1,0.0658601,0,0.1,0.000145939,2.70985e+06,10029.9,97705,0.01,0.95,10,10000,0.938,0.139,279,237,0.00345064,0,0.849462
4296,10000,2.93931,2.37137,3.16228,0.0739586,0.0630957,0.1,0.0724596,0.05,0.1,0.151768,0.1,0.2,0.000145939,7.10971e+06,17062.8,256344,0.01,0.95,10,10000,0.938,0.139,732,587,0.00219258,0,0.801913
4297,10000,2.92536,2.37137,3.16228,0.0732193,0.0630957,0.1,0.072667,0.05,0.1,0.248104,0.2,0.3,0.000145939,8.08098e+06,18921,291364,0.01,0.95,10,10000,0.938,0.139,832,636,0.00210642,0,0.764423
4298,10000,2.91824,2.37137,3.16228,0.0729541,0.0630957,0.1,0.0751247,0.05,0.1,0.347486,0.3,0.4,0.000145939,5.60424e+06,14634,202064,0.01,0.95,10,10000,0.938,0.139,577,482,0.00241964,0,0.835355
4299,10000,2.94939,2.37137,3.16228,0.0730903,0.0630957,0.1,0.0768969,0.05,0.1,0.443162,0.4,0.5,0.000145939,3.3606e+06,11199.7,121168,0.01,0.95,10,10000,0.938,0.139,346,293,0.00310342,0,0.846821
4300,10000,2.92572,2.37137,3.16228,0.071849,0.0630957,0.1,0.0766152,0.05,0.1,0.541374,0.5,0.6,0.000145939,1.87456e+06,8845.57,67588.1,0.01,0.95,10,10000,0.938,0.139,193,153,0.00429465,0,0.792746
4301,10000,2.93115,2.37137,3.16228,0.0718929,0.0630957,0.1,0.0792257,0.05,0.1,0.646234,0.6,0.7,0.000145939,796443,5281.41,28716.2,0.01,0.95,10,10000,0.938,0.139,82,72,0.00626048,0,0.878049
4302,10000,2.94434,2.37137,3.16228,0.0742038,0.0630957,0.1,0.0856722,0.05,0.1,0.7422,0.7,0.8,0.000145939,388509,4571.94,14007.9,0.01,0.95,10,10000,0.938,0.139,40,27,0.0102233,0,0.675
4303,10000,2.98062,2.37137,3.16228,0.0741215,0.0630957,0.1,0.0853791,0.05,0.1,0.836412,0.8,0.9,0.000145939,174829,3791.51,6303.55,0.01,0.95,10,10000,0.938,0.139,18,9,0.0177073,0,0.5
4304,10000,2.87394,2.37137,3.16228,0.0689019,0.0630957,0.1,0.0854795,0.05,0.1,0.950509,0.9,1,0.000145939,48563.6,1413.01,1750.99,0.01,0.95,10,10000,0.938,0.139,5,4,0.026561,0,0.8
4305,10000,2.89259,2.37137,3.16228,0.0734519,0.0630957,0.1,0.118072,0.1,0.15,0.0645543,0,0.1,0.000145939,1.12668e+06,6328.76,40622.9,0.01,0.95,10,10000,0.938,0.139,116,101,0.00528583,0,0.87069
4306,10000,2.91745,2.37137,3.16228,0.0730908,0.0630957,0.1,0.122094,0.1,0.15,0.155014,0.1,0.2,0.000145939,3.58399e+06,11111.6,129223,0.01,0.95,10,10000,0.938,0.139,369,327,0.00293765,0,0.886179
4307,10000,2.92537,2.37137,3.16228,0.0733066,0.0630957,0.1,0.124153,0.1,0.15,0.250126,0.2,0.3,0.000145939,4.7301e+06,13756.1,170546,0.01,0.95,10,10000,0.938,0.139,487,396,0.00266948,0,0.813142
4308,10000,2.91606,2.37137,3.16228,0.073198,0.0630957,0.1,0.122822,0.1,0.15,0.34714,0.3,0.4,0.000145939,4.36101e+06,13907.1,157239,0.01,0.95,10,10000,0.938,0.139,449,343,0.00286832,0,0.76392
4309,10000,2.9312,2.37137,3.16228,0.0729663,0.0630957,0.1,0.123483,0.1,0.15,0.447538,0.4,0.5,0.000145939,3.15663e+06,11539.4,113814,0.01,0.95,10,10000,0.938,0.139,325,256,0.00332012,0,0.787692
4310,10000,2.93988,2.37137,3.16228,0.0737656,0.0630957,0.1,0.123865,0.1,0.15,0.545532,0.5,0.6,0.000145939,1.85513e+06,7714.52,66887.7,0.01,0.95,10,10000,0.938,0.139,191,176,0.00400422,0,0.921466
4311,10000,2.91859,2.37137,3.16228,0.0731426,0.0630957,0.1,0.12499,0.1,0.15,0.646933,0.6,0.7,0.000145939,1.36949e+06,6915.8,49377.8,0.01,0.95,10,10000,0.938,0.139,141,124,0.00477049,0,0.879433
4312,10000,2.92409,2.37137,3.16228,0.0737181,0.0630957,0.1,0.125346,0.1,0.15,0.745818,0.7,0.8,0.000145939,641040,4453.9,23113,0.01,0.95,10,10000,0.938,0.139,66,62,0.00674649,0,0.939394
4313,10000,2.94706,2.37137,3.16228,0.0739526,0.0630957,0.1,0.126002,0.1,0.15,0.85191,0.8,0.9,0.000145939,427360,3925.86,15408.7,0.01,0.95,10,10000,0.938,0.139,44,38,0.00861752,0,0.863636
4314,10000,2.9148,2.37137,3.16228,0.071138,0.0630957,0.1,0.124925,0.1,0.15,0.938345,0.9,1,0.000145939,165116,2127.35,5953.35,0.01,0.95,10,10000,0.938,0.139,17,17,0.012884,0,1
4315,10000,2.92626,2.37137,3.16228,0.0732563,0.0630957,0.1,0.123984,0.1,0.15,1.13298,1,1.5,0.000729695,44678.5,516.896,1610.91,0.01,0.95,10,10000,0.938,0.139,23,22,0.0113256,0,0.956522
4316,10000,2.92442,2.37137,3.16228,0.0727912,0.0630957,0.1,0.174435,0.15,0.2,0.065477,0,0.1,0.000145939,611902,4578.68,22062.4,0.01,0.95,10,10000,0.938,0.139,63,56,0.00709872,0,0.888889
4317,10000,2.93495,2.37137,3.16228,0.0731757,0.0630957,0.1,0.172389,0.15,0.2,0.154238,0.1,0.2,0.000145939,1.95226e+06,8589.1,70389.6,0.01,0.95,10,10000,0.938,0.139,201,169,0.0040863,0,0.840796
4318,10000,2.91024,2.37137,3.16228,0.0734588,0.0630957,0.1,0.171677,0.15,0.2,0.251272,0.2,0.3,0.000145939,2.53502e+06,9283.38,91401.5,0.01,0.95,10,10000,0.938,0.139,261,233,0.00348013,0,0.89272
4319,10000,2.93659,2.37137,3.16228,0.0743712,0.0630957,0.1,0.17412,0.15,0.2,0.350554,0.3,0.4,0.000145939,2.7487e+06,10301.2,99105.8,0.01,0.95,10,10000,0.938,0.139,283,235,0.00346529,0,0.830389
4320,10000,2.91988,2.37137,3.16228,0.0728015,0.0630957,0.1,0.174425,0.15,0.2,0.446918,0.4,0.5,0.000145939,2.01053e+06,9119.22,72490.8,0.01,0.95,10,10000,0.938,0.139,207,165,0.00413554,0,0.797101
4321,10000,2.90274,2.37137,3.16228,0.0729976,0.0630957,0.1,0.175443,0.15,0.2,0.54544,0.5,0.6,0.000145939,1.49576e+06,7592.88,53930.4,0.01,0.95,10,10000,0.938,0.139,154,128,0.00469536,0,0.831169
4322,10000,2.92787,2.37137,3.16228,0.0737295,0.0630957,0.1,0.172574,0.15,0.2,0.640014,0.6,0.7,0.000145939,961560,5623.71,34669.5,0.01,0.95,10,10000,0.938,0.139,99,90,0.00559954,0,0.909091
4323,10000,2.91303,2.37137,3.16228,0.0732847,0.0630957,0.1,0.175866,0.15,0.2,0.75254,0.7,0.8,0.000145939,699316,5331.09,25214.2,0.01,0.95,10,10000,0.938,0.139,72,58,0.00697525,0,0.805556
4324,10000,2.9887,2.37137,3.16228,0.0751488,0.0630957,0.1,0.173725,0.15,0.2,0.849182,0.8,0.9,0.000145939,417647,-nan,15058.5,0.01,0.95,10,10000,0.938,0.139,43,49,0.00758885,0,1.13953
4325,10000,2.93216,2.37137,3.16228,0.0723766,0.0630957,0.1,0.167375,0.15,0.2,0.95721,0.9,1,0.000145939,262244,3955.24,9455.32,0.01,0.95,10,10000,0.938,0.139,27,17,0.012884,0,0.62963
4326,10000,2.94929,2.37137,3.16228,0.0739468,0.0630957,0.1,0.175432,0.15,0.2,1.16602,1,1.5,0.000729695,71874.1,680.826,2591.46,0.01,0.95,10,10000,0.938,0.139,37,34,0.00911034,0,0.918919
4327,10000,2.86687,2.37137,3.16228,0.0717701,0.0630957,0.1,0.225398,0.2,0.25,0.0661266,0,0.1,0.000145939,475923,3840.04,17159.7,0.01,0.95,10,10000,0.938,0.139,49,46,0.0078324,0,0.938776
4328,10000,2.91285,2.37137,3.16228,0.0739718,0.0630957,0.1,0.225043,0.2,0.25,0.155419,0.1,0.2,0.000145939,1.24323e+06,6888.44,44825.2,0.01,0.95,10,10000,0.938,0.139,128,107,0.00513549,0,0.835938
4329,10000,2.92431,2.37137,3.16228,0.0738055,0.0630957,0.1,0.22256,0.2,0.25,0.251249,0.2,0.3,0.000145939,1.77743e+06,7494.52,64086.1,0.01,0.95,10,10000,0.938,0.139,183,170,0.00407427,0,0.928962
4330,10000,2.9143,2.37137,3.16228,0.0730338,0.0630957,0.1,0.22356,0.2,0.25,0.345532,0.3,0.4,0.000145939,1.82599e+06,7957,65837.1,0.01,0.95,10,10000,0.938,0.139,188,166,0.00412306,0,0.882979
4331,10000,2.92469,2.37137,3.16228,0.0737189,0.0630957,0.1,0.225034,0.2,0.25,0.44657,0.4,0.5,0.000145939,1.74829e+06,7652.9,63035.5,0.01,0.95,10,10000,0.938,0.139,180,162,0.00417365,0,0.9
4332,10000,2.88959,2.37137,3.16228,0.0726178,0.0630957,0.1,0.225745,0.2,0.25,0.545035,0.5,0.6,0.000145939,1.13639e+06,6691.32,40973.1,0.01,0.95,10,10000,0.938,0.139,117,96,0.00542174,0,0.820513
4333,10000,2.9056,2.37137,3.16228,0.0728628,0.0630957,0.1,0.22407,0.2,0.25,0.647866,0.6,0.7,0.000145939,864432,6826.14,31167.5,0.01,0.95,10,10000,0.938,0.139,89,60,0.00685801,0,0.674157
4334,10000,2.87782,2.37137,3.16228,0.0710161,0.0630957,0.1,0.225063,0.2,0.25,0.751918,0.7,0.8,0.000145939,699316,6002.89,25214.2,0.01,0.95,10,10000,0.938,0.139,72,50,0.00751258,0,0.694444
4335,10000,2.91131,2.37137,3.16228,0.0734904,0.0630957,0.1,0.226406,0.2,0.25,0.847157,0.8,0.9,0.000145939,437073,4239.03,15758.9,0.01,0.95,10,10000,0.938,0.139,45,36,0.00885366,0,0.8
4336,10000,2.8977,2.37137,3.16228,0.0756964,0.0630957,0.1,0.228723,0.2,0.25,0.944356,0.9,1,0.000145939,194254,2550.97,7003.94,0.01,0.95,10,10000,0.938,0.139,20,18,0.012521,0,0.9
4337,10000,2.8913,2.37137,3.16228,0.0704061,0.0630957,0.1,0.225898,0.2,0.25,1.1645,1,1.5,0.000729695,54391.2,-nan,1961.1,0.01,0.95,10,10000,0.938,0.139,28,35,0.00897925,0,1.25
4338,10000,2.84366,2.37137,3.16228,0.0705893,0.0630957,0.1,0.275074,0.25,0.3,0.0699485,0,0.1,0.000145939,291382,3343.79,10505.9,0.01,0.95,10,10000,0.938,0.139,30,25,0.0106244,0,0.833333
4339,10000,2.91489,2.37137,3.16228,0.0741122,0.0630957,0.1,0.272654,0.25,0.3,0.152183,0.1,0.2,0.000145939,922709,5082.16,33268.7,0.01,0.95,10,10000,0.938,0.139,95,94,0.00547911,0,0.989474
4340,10000,2.94478,2.37137,3.16228,0.0738458,0.0630957,0.1,0.271249,0.25,0.3,0.256766,0.2,0.3,0.000145939,1.04897e+06,5668.64,37821.3,0.01,0.95,10,10000,0.938,0.139,108,102,0.00525986,0,0.944444
4341,10000,2.91442,2.37137,3.16228,0.0737305,0.0630957,0.1,0.273621,0.25,0.3,0.35412,0.3,0.4,0.000145939,1.31122e+06,6129.63,47276.6,0.01,0.95,10,10000,0.938,0.139,135,132,0.00462367,0,0.977778
4342,10000,2.89774,2.37137,3.16228,0.0736514,0.0630957,0.1,0.271685,0.25,0.3,0.44769,0.4,0.5,0.000145939,1.27237e+06,6473.59,45875.8,0.01,0.95,10,10000,0.938,0.139,131,119,0.00486968,0,0.908397
4343,10000,2.91769,2.37137,3.16228,0.0732656,0.0630957,0.1,0.273854,0.25,0.3,0.544452,0.5,0.6,0.000145939,854720,5817.1,30817.4,0.01,0.95,10,10000,0.938,0.139,88,72,0.00626048,0,0.818182
4344,10000,2.91405,2.37137,3.16228,0.0737592,0.0630957,0.1,0.272649,0.25,0.3,0.652767,0.6,0.7,0.000145939,553625,4736.18,19961.2,0.01,0.95,10,10000,0.938,0.139,57,46,0.0078324,0,0.807018
4345,10000,2.93071,2.37137,3.16228,0.0729948,0.0630957,0.1,0.27724,0.25,0.3,0.755409,0.7,0.8,0.000145939,359371,3404.13,12957.3,0.01,0.95,10,10000,0.938,0.139,37,34,0.00911034,0,0.918919
4346,10000,2.95559,2.37137,3.16228,0.0705679,0.0630957,0.1,0.27734,0.25,0.3,0.846257,0.8,0.9,0.000145939,330233,3945.65,11906.7,0.01,0.95,10,10000,0.938,0.139,34,25,0.0106244,0,0.735294
4347,10000,2.89678,2.37137,3.16228,0.0733559,0.0630957,0.1,0.279031,0.25,0.3,0.940481,0.9,1,0.000145939,184542,3523.52,6653.75,0.01,0.95,10,10000,0.938,0.139,19,11,0.0160169,0,0.578947
4348,10000,2.96065,2.37137,3.16228,0.0738428,0.0630957,0.1,0.274782,0.25,0.3,1.14574,1,1.5,0.000729695,54391.2,-nan,1961.1,0.01,0.95,10,10000,0.938,0.139,28,30,0.0096987,0,1.07143
4349,10000,2.88991,2.37137,3.16228,0.0726364,0.0630957,0.1,0.352043,0.3,0.4,0.0634725,0,0.1,0.000291878,155404,-nan,5603.15,0.01,0.95,10,10000,0.938,0.139,32,34,0.00911034,0,1.0625
4350,10000,2.91512,2.37137,3.16228,0.0737241,0.0630957,0.1,0.346819,0.3,0.4,0.154778,0.1,0.2,0.000291878,563338,3164.38,20311.4,0.01,0.95,10,10000,0.938,0.139,116,101,0.00528583,0,0.87069
4351,10000,2.88721,2.37137,3.16228,0.0723819,0.0630957,0.1,0.345707,0.3,0.4,0.254015,0.2,0.3,0.000291878,631327,3302.87,22762.8,0.01,0.95,10,10000,0.938,0.139,130,115,0.00495365,0,0.884615
4352,10000,2.92009,2.37137,3.16228,0.0736222,0.0630957,0.1,0.343231,0.3,0.4,0.349665,0.3,0.4,0.000291878,815869,3507,29416.6,0.01,0.95,10,10000,0.938,0.139,168,160,0.00419966,0,0.952381
4353,10000,2.93318,2.37137,3.16228,0.0741796,0.0630957,0.1,0.346472,0.3,0.4,0.448407,0.4,0.5,0.000291878,621614,3156.37,22412.6,0.01,0.95,10,10000,0.938,0.139,128,118,0.00489027,0,0.921875
4354,10000,2.93312,2.37137,3.16228,0.0741592,0.0630957,0.1,0.347005,0.3,0.4,0.546939,0.5,0.6,0.000291878,573051,3130.16,20661.6,0.01,0.95,10,10000,0.938,0.139,118,105,0.00518417,0,0.889831
4355,10000,2.92813,2.37137,3.16228,0.0747765,0.0630957,0.1,0.344519,0.3,0.4,0.646341,0.6,0.7,0.000291878,335089,2205.98,12081.8,0.01,0.95,10,10000,0.938,0.139,69,67,0.00648988,0,0.971014
4356,10000,2.92683,2.37137,3.16228,0.0739834,0.0630957,0.1,0.347975,0.3,0.4,0.747349,0.7,0.8,0.000291878,320520,2727.71,11556.5,0.01,0.95,10,10000,0.938,0.139,66,49,0.00758885,0,0.742424
4357,10000,2.93464,2.37137,3.16228,0.0728389,0.0630957,0.1,0.345014,0.3,0.4,0.846226,0.8,0.9,0.000291878,262244,2330.8,9455.32,0.01,0.95,10,10000,0.938,0.139,54,43,0.00810102,0,0.796296
4358,10000,2.90008,2.37137,3.16228,0.0728402,0.0630957,0.1,0.349615,0.3,0.4,0.9507,0.9,1,0.000291878,97127.2,1153.72,3501.97,0.01,0.95,10,10000,0.938,0.139,20,20,0.0118784,0,1
4359,10000,2.95632,2.37137,3.16228,0.0743707,0.0630957,0.1,0.350052,0.3,0.4,1.20227,1,1.5,0.00145939,82558.1,781.01,2976.68,0.01,0.95,10,10000,0.938,0.139,85,46,0.0078324,0,0.541176
4360,10000,2.90096,2.37137,3.16228,0.0699006,0.0630957,0.1,0.438459,0.4,0.5,0.0674022,0,0.1,0.000291878,87414.5,1157.11,3151.77,0.01,0.95,10,10000,0.938,0.139,18,17,0.012884,0,0.944444
4361,10000,2.93115,2.37137,3.16228,0.0744216,0.0630957,0.1,0.438393,0.4,0.5,0.157028,0.1,0.2,0.000291878,267100,2020.59,9630.42,0.01,0.95,10,10000,0.938,0.139,55,52,0.00736669,0,0.945455
4362,10000,2.91788,2.37137,3.16228,0.0730367,0.0630957,0.1,0.44251,0.4,0.5,0.242247,0.2,0.3,0.000291878,281669,2069.1,10155.7,0.01,0.95,10,10000,0.938,0.139,58,55,0.00716296,0,0.948276
4363,10000,2.90548,2.37137,3.16228,0.0733795,0.0630957,0.1,0.446389,0.4,0.5,0.349254,0.3,0.4,0.000291878,437073,2767.28,15758.9,0.01,0.95,10,10000,0.938,0.139,90,79,0.00597669,0,0.877778
4364,10000,2.9294,2.37137,3.16228,0.074005,0.0630957,0.1,0.449301,0.4,0.5,0.445291,0.4,0.5,0.000291878,407934,-nan,14708.3,0.01,0.95,10,10000,0.938,0.139,84,86,0.00572829,0,1.02381
4365,10000,2.92105,2.37137,3.16228,0.0730033,0.0630957,0.1,0.447039,0.4,0.5,0.547197,0.5,0.6,0.000291878,271956,-nan,9805.52,0.01,0.95,10,10000,0.938,0.139,56,58,0.00697525,0,1.03571
4366,10000,2.91468,2.37137,3.16228,0.0738401,0.0630957,0.1,0.446911,0.4,0.5,0.648454,0.6,0.7,0.000291878,315663,2079.9,11381.4,0.01,0.95,10,10000,0.938,0.139,65,65,0.00658897,0,1
4367,10000,2.92811,2.37137,3.16228,0.0751605,0.0630957,0.1,0.449956,0.4,0.5,0.748264,0.7,0.8,0.000291878,194254,-nan,7003.94,0.01,0.95,10,10000,0.938,0.139,40,49,0.00758885,0,1.225
4368,10000,2.92485,2.37137,3.16228,0.0728036,0.0630957,0.1,0.448454,0.4,0.5,0.852834,0.8,0.9,0.000291878,199111,2174.79,7179.04,0.01,0.95,10,10000,0.938,0.139,41,30,0.0096987,0,0.731707
4369,10000,2.93985,2.37137,3.16228,0.0751381,0.0630957,0.1,0.442713,0.4,0.5,0.939955,0.9,1,0.000291878,87414.5,1295.05,3151.77,0.01,0.95,10,10000,0.938,0.139,18,15,0.013716,0,0.833333
4370,10000,2.92185,2.37137,3.16228,0.0736193,0.0630957,0.1,0.445043,0.4,0.5,1.16769,1,1.5,0.00145939,56333.8,502.654,2031.14,0.01,0.95,10,10000,0.938,0.139,58,44,0.00800843,0,0.758621
4371,10000,2.89036,2.37137,3.16228,0.0740351,0.0630957,0.1,0.546745,0.5,0.6,0.0676742,0,0.1,0.000291878,48563.6,-nan,1750.99,0.01,0.95,10,10000,0.938,0.139,10,12,0.015335,0,1.2
4372,10000,2.91284,2.37137,3.16228,0.0732914,0.0630957,0.1,0.549071,0.5,0.6,0.156165,0.1,0.2,0.000291878,116553,1317.64,4202.37,0.01,0.95,10,10000,0.938,0.139,24,23,0.0110767,0,0.958333
4373,10000,2.92716,2.37137,3.16228,0.0767895,0.0630957,0.1,0.554409,0.5,0.6,0.256244,0.2,0.3,0.000291878,160260,1574.69,5778.25,0.01,0.95,10,10000,0.938,0.139,33,31,0.00954098,0,0.939394
4374,10000,2.86938,2.37137,3.16228,0.0741403,0.0630957,0.1,0.541981,0.5,0.6,0.347296,0.3,0.4,0.000291878,223393,1749.7,8054.54,0.01,0.95,10,10000,0.938,0.139,46,46,0.0078324,0,1
4375,10000,2.90366,2.37137,3.16228,0.0727066,0.0630957,0.1,0.539976,0.5,0.6,0.453086,0.4,0.5,0.000291878,252531,2088.92,9105.13,0.01,0.95,10,10000,0.938,0.139,52,46,0.0078324,0,0.884615
4376,10000,2.9323,2.37137,3.16228,0.0735455,0.0630957,0.1,0.548563,0.5,0.6,0.552554,0.5,0.6,0.000291878,242818,-nan,8754.93,0.01,0.95,10,10000,0.938,0.139,50,52,0.00736669,0,1.04
4377,10000,2.89378,2.37137,3.16228,0.0751947,0.0630957,0.1,0.546707,0.5,0.6,0.652287,0.6,0.7,0.000291878,155404,-nan,5603.15,0.01,0.95,10,10000,0.938,0.139,32,33,0.00924734,0,1.03125
4378,10000,2.84245,2.37137,3.16228,0.0713943,0.0630957,0.1,0.549107,0.5,0.6,0.748848,0.7,0.8,0.000291878,140834,1713.78,5077.86,0.01,0.95,10,10000,0.938,0.139,29,23,0.0110767,0,0.793103
4379,10000,2.87548,2.37137,3.16228,0.0732067,0.0630957,0.1,0.554308,0.5,0.6,0.850143,0.8,0.9,0.000291878,106840,1600.72,3852.17,0.01,0.95,10,10000,0.938,0.139,22,16,0.0132805,0,0.727273
4380,10000,2.95429,2.37137,3.16228,0.0765743,0.0630957,0.1,0.541487,0.5,0.6,0.942777,0.9,1,0.000291878,63132.7,-nan,2276.28,0.01,0.95,10,10000,0.938,0.139,13,15,0.013716,0,1.15385
4381,10000,2.88815,2.37137,3.16228,0.0713386,0.0630957,0.1,0.546458,0.5,0.6,1.16176,1,1.5,0.00145939,33994.5,373.848,1225.69,0.01,0.95,10,10000,0.938,0.139,35,28,0.0100391,0,0.8
4382,10000,3.05472,2.37137,3.16228,0.0769178,0.0630957,0.1,0.666016,0.6,0.7,0.0655506,0,0.1,0.000291878,24281.8,706.506,875.493,0.01,0.95,10,10000,0.938,0.139,5,4,0.026561,0,0.8
4383,10000,2.90228,2.37137,3.16228,0.0720178,0.0630957,0.1,0.638861,0.6,0.7,0.148707,0.1,0.2,0.000291878,43707.3,865.289,1575.89,0.01,0.95,10,10000,0.938,0.139,9,8,0.0187814,0,0.888889
4384,10000,2.97518,2.37137,3.16228,0.0758458,0.0630957,0.1,0.639346,0.6,0.7,0.250487,0.2,0.3,0.000291878,101984,-nan,3677.07,0.01,0.95,10,10000,0.938,0.139,21,26,0.0104181,0,1.2381
4385,10000,2.92302,2.37137,3.16228,0.072975,0.0630957,0.1,0.635872,0.6,0.7,0.341605,0.3,0.4,0.000291878,131122,1443.76,4727.66,0.01,0.95,10,10000,0.938,0.139,27,25,0.0106244,0,0.925926
4386,10000,2.87773,2.37137,3.16228,0.0732775,0.0630957,0.1,0.644956,0.6,0.7,0.449551,0.4,0.5,0.000291878,131122,1498.72,4727.66,0.01,0.95,10,10000,0.938,0.139,27,24,0.0108435,0,0.888889
4387,10000,2.94764,2.37137,3.16228,0.0747791,0.0630957,0.1,0.648392,0.6,0.7,0.543785,0.5,0.6,0.000291878,135978,-nan,4902.76,0.01,0.95,10,10000,0.938,0.139,28,29,0.0098645,0,1.03571
4388,10000,2.90263,2.37137,3.16228,0.0743116,0.0630957,0.1,0.642986,0.6,0.7,0.641952,0.6,0.7,0.000291878,72845.4,1068.14,2626.48,0.01,0.95,10,10000,0.938,0.139,15,14,0.0141974,0,0.933333
4389,10000,2.91487,2.37137,3.16228,0.0749901,0.0630957,0.1,0.656627,0.6,0.7,0.732689,0.7,0.8,0.000291878,63132.7,1004.69,2276.28,0.01,0.95,10,10000,0.938,0.139,13,12,0.015335,0,0.923077
4390,10000,2.92627,2.37137,3.16228,0.0750998,0.0630957,0.1,0.644793,0.6,0.7,0.849443,0.8,0.9,0.000291878,58276.3,-nan,2101.18,0.01,0.95,10,10000,0.938,0.139,12,14,0.0141974,0,1.16667
4391,10000,2.921,2.37137,3.16228,0.0785279,0.0630957,0.1,0.643341,0.6,0.7,0.959043,0.9,1,0.000291878,43707.3,865.289,1575.89,0.01,0.95,10,10000,0.938,0.139,9,8,0.0187814,0,0.888889
4392,10000,2.9534,2.37137,3.16228,0.0767416,0.0630957,0.1,0.626929,0.6,0.7,1.14586,1,1.5,0.00145939,11655.3,230.744,420.237,0.01,0.95,10,10000,0.938,0.139,12,9,0.0177073,0,0.75
4393,10000,2.9642,2.37137,3.16228,0.0749,0.0630957,0.1,0.738791,0.7,0.8,0.153881,0.1,0.2,0.000291878,63132.7,-nan,2276.28,0.01,0.95,10,10000,0.938,0.139,13,14,0.0141974,0,1.07692
4394,10000,2.87321,2.37137,3.16228,0.0751871,0.0630957,0.1,0.728417,0.7,0.8,0.256922,0.2,0.3,0.000291878,63132.7,1176.57,2276.28,0.01,0.95,10,10000,0.938,0.139,13,10,0.0167986,0,0.769231
4395,10000,2.97253,2.37137,3.16228,0.077847,0.0630957,0.1,0.741567,0.7,0.8,0.361181,0.3,0.4,0.000291878,77701.8,1031.92,2801.58,0.01,0.95,10,10000,0.938,0.139,16,16,0.0132805,0,1
4396,10000,2.94088,2.37137,3.16228,0.0740068,0.0630957,0.1,0.742755,0.7,0.8,0.437962,0.4,0.5,0.000291878,67989.1,1036.87,2451.38,0.01,0.95,10,10000,0.938,0.139,14,13,0.0147334,0,0.928571
4397,10000,2.89043,2.37137,3.16228,0.073139,0.0630957,0.1,0.736942,0.7,0.8,0.551265,0.5,0.6,0.000291878,33994.5,-nan,1225.69,0.01,0.95,10,10000,0.938,0.139,7,10,0.0167986,0,1.42857
4398,10000,2.87969,2.37137,3.16228,0.0714258,0.0630957,0.1,0.733978,0.7,0.8,0.640326,0.6,0.7,0.000291878,53420,1028.33,1926.08,0.01,0.95,10,10000,0.938,0.139,11,9,0.0177073,0,0.818182
4399,10000,2.94049,2.37137,3.16228,0.0768383,0.0630957,0.1,0.746354,0.7,0.8,0.752675,0.7,0.8,0.000291878,53420,1131.88,1926.08,0.01,0.95,10,10000,0.938,0.139,11,8,0.0187814,0,0.727273
4400,10000,2.7529,2.37137,3.16228,0.0668218,0.0630957,0.1,0.757912,0.7,0.8,0.8181,0.8,0.9,0.000291878,19425.4,-nan,700.394,0.01,0.95,10,10000,0.938,0.139,4,6,0.0216869,0,1.5
4401,10000,2.95953,2.37137,3.16228,0.0754466,0.0630957,0.1,0.744055,0.7,0.8,0.947342,0.9,1,0.000291878,19425.4,-nan,700.394,0.01,0.95,10,10000,0.938,0.139,4,5,0.0237569,0,1.25
4402,10000,2.92191,2.37137,3.16228,0.072165,0.0630957,0.1,0.734416,0.7,0.8,1.2792,1,1.5,0.00145939,8741.45,-nan,315.177,0.01,0.95,10,10000,0.938,0.139,9,10,0.0167986,0,1.11111
4403,10000,2.91789,2.37137,3.16228,0.0789992,0.0630957,0.1,0.848388,0.8,0.9,0.0723683,0,0.1,0.000291878,9712.72,364.838,350.197,0.01,0.95,10,10000,0.938,0.139,2,2,0.0375629,0,1
4404,10000,2.80551,2.37137,3.16228,0.0745073,0.0630957,0.1,0.817037,0.8,0.9,0.187382,0.1,0.2,0.000291878,4856.36,257.979,175.099,0.01,0.95,10,10000,0.938,0.139,1,1,0.0531219,0,1
4405,10000,2.89275,2.37137,3.16228,0.073014,0.0630957,0.1,0.8386,0.8,0.9,0.255208,0.2,0.3,0.000291878,19425.4,515.959,700.394,0.01,0.95,10,10000,0.938,0.139,4,4,0.026561,0,1
4406,10000,2.84805,2.37137,3.16228,0.0727383,0.0630957,0.1,0.840582,0.8,0.9,0.350466,0.3,0.4,0.000291878,29138.2,-nan,1050.59,0.01,0.95,10,10000,0.938,0.139,6,8,0.0187814,0,1.33333
4407,10000,2.99055,2.37137,3.16228,0.0766661,0.0630957,0.1,0.841695,0.8,0.9,0.448262,0.4,0.5,0.000291878,58276.3,1057.4,2101.18,0.01,0.95,10,10000,0.938,0.139,12,10,0.0167986,0,0.833333
4408,10000,2.92592,2.37137,3.16228,0.072875,0.0630957,0.1,0.837685,0.8,0.9,0.550143,0.5,0.6,0.000291878,48563.6,1111.75,1750.99,0.01,0.95,10,10000,0.938,0.139,10,7,0.0200782,0,0.7
4409,10000,2.87146,2.37137,3.16228,0.0691628,0.0630957,0.1,0.874281,0.8,0.9,0.641557,0.6,0.7,0.000291878,9712.72,-nan,350.197,0.01,0.95,10,10000,0.938,0.139,2,4,0.026561,0,2
4410,10000,3.00024,2.37137,3.16228,0.0738846,0.0630957,0.1,0.847648,0.8,0.9,0.74252,0.7,0.8,0.000291878,24281.8,1153.72,875.493,0.01,0.95,10,10000,0.938,0.139,5,2,0.0375629,0,0.4
4411,10000,2.88652,2.37137,3.16228,0.0731943,0.0630957,0.1,0.855207,0.8,0.9,0.847856,0.8,0.9,0.000291878,33994.5,-nan,1225.69,0.01,0.95,10,10000,0.938,0.139,7,8,0.0187814,0,1.14286
4412,10000,2.87881,2.37137,3.16228,0.0679089,0.0630957,0.1,0.862283,0.8,0.9,0.921019,0.9,1,0.000291878,9712.72,364.838,350.197,0.01,0.95,10,10000,0.938,0.139,2,2,0.0375629,0,1
4413,10000,2.97759,2.37137,3.16228,0.0723637,0.0630957,0.1,0.843928,0.8,0.9,1.14039,1,1.5,0.00145939,3885.09,-nan,140.079,0.01,0.95,10,10000,0.938,0.139,4,5,0.0237569,0,1.25
4414,10000,3.06227,2.37137,3.16228,0.07821,0.0630957,0.1,0.909881,0.9,1,0.117792,0.1,0.2,0.000291878,9712.72,364.838,350.197,0.01,0.95,10,10000,0.938,0.139,2,2,0.0375629,0,1
4415,10000,2.6958,2.37137,3.16228,0.0666286,0.0630957,0.1,0.939193,0.9,1,0.270157,0.2,0.3,0.000291878,4856.36,257.979,175.099,0.01,0.95,10,10000,0.938,0.139,1,1,0.0531219,0,1
4416,10000,2.81361,2.37137,3.16228,0.0696794,0.0630957,0.1,0.969316,0.9,1,0.33937,0.3,0.4,0.000291878,14569.1,446.833,525.296,0.01,0.95,10,10000,0.938,0.139,3,3,0.03067,0,1
4417,10000,2.8808,2.37137,3.16228,0.0750922,0.0630957,0.1,0.914969,0.9,1,0.459806,0.4,0.5,0.000291878,9712.72,364.838,350.197,0.01,0.95,10,10000,0.938,0.139,2,2,0.0375629,0,1
4418,10000,2.87688,2.37137,3.16228,0.0744099,0.0630957,0.1,0.92245,0.9,1,0.540712,0.5,0.6,0.000291878,9712.72,-nan,350.197,0.01,0.95,10,10000,0.938,0.139,2,4,0.026561,0,2
4419,10000,3.09737,2.37137,3.16228,0.0875234,0.0630957,0.1,0.921787,0.9,1,0.619684,0.6,0.7,0.000291878,4856.36,257.979,175.099,0.01,0.95,10,10000,0.938,0.139,1,1,0.0531219,0,1
4420,10000,2.94347,2.37137,3.16228,0.0810746,0.0630957,0.1,0.952455,0.9,1,0.875255,0.8,0.9,0.000291878,4856.36,257.979,175.099,0.01,0.95,10,10000,0.938,0.139,1,1,0.0531219,0,1
4421,10000,3.10993,2.37137,3.16228,0.0651396,0.0630957,0.1,0.963061,0.9,1,0.973243,0.9,1,0.000291878,4856.36,257.979,175.099,0.01,0.95,10,10000,0.938,0.139,1,1,0.0531219,0,1
4422,10000,3.51533,3.16228,4.21697,0.00135011,0.001,0.00158489,0.0788038,0.05,0.1,0.229016,0.2,0.3,3.08438e-06,1.83825e+06,84568.5,66278.9,0.01,0.95,10,10000,0.938,0.139,4,2,0.0375629,0,0.5
4423,10000,3.18095,3.16228,4.21697,0.00110391,0.001,0.00158489,0.0503064,0.05,0.1,0.316499,0.3,0.4,3.08438e-06,1.37869e+06,94550.4,49709.2,0.01,0.95,10,10000,0.938,0.139,3,1,0.0531219,0,0.333333
4424,10000,3.20156,3.16228,4.21697,0.00111416,0.001,0.00158489,0.0788284,0.05,0.1,0.472946,0.4,0.5,3.08438e-06,1.37869e+06,94550.4,49709.2,0.01,0.95,10,10000,0.938,0.139,3,1,0.0531219,0,0.333333
4425,10000,3.63982,3.16228,4.21697,0.00144725,0.001,0.00158489,0.0847098,0.05,0.1,0.534581,0.5,0.6,3.08438e-06,1.83825e+06,84568.5,66278.9,0.01,0.95,10,10000,0.938,0.139,4,2,0.0375629,0,0.5
4426,10000,3.30984,3.16228,4.21697,0.00119622,0.001,0.00158489,0.0952846,0.05,0.1,0.690184,0.6,0.7,3.08438e-06,919123,59798.9,33139.5,0.01,0.95,10,10000,0.938,0.139,2,1,0.0531219,0,0.5
4427,10000,3.23404,3.16228,4.21697,0.00114229,0.001,0.00158489,0.0524392,0.05,0.1,0.731694,0.7,0.8,3.08438e-06,459562,24412.8,16569.7,0.01,0.95,10,10000,0.938,0.139,1,1,0.0531219,0,1
4428,10000,3.4065,3.16228,4.21697,0.00129207,0.001,0.00158489,0.0714748,0.05,0.1,0.866842,0.8,0.9,3.08438e-06,1.37869e+06,94550.4,49709.2,0.01,0.95,10,10000,0.938,0.139,3,1,0.0531219,0,0.333333
4429,10000,3.25365,3.16228,4.21697,0.00122453,0.001,0.00158489,0.12327,0.1,0.15,0.929479,0.9,1,3.08438e-06,459562,24412.8,16569.7,0.01,0.95,10,10000,0.938,0.139,1,1,0.0531219,0,1
4430,10000,3.20342,3.16228,4.21697,0.00113142,0.001,0.00158489,0.105536,0.1,0.15,1.17892,1,1.5,1.54219e-05,275737,18910.1,9941.84,0.01,0.95,10,10000,0.938,0.139,3,1,0.0531219,0,0.333333
4431,10000,3.43875,3.16228,4.21697,0.00134241,0.001,0.00158489,0.150892,0.15,0.2,0.566901,0.5,0.6,3.08438e-06,459562,24412.8,16569.7,0.01,0.95,10,10000,0.938,0.139,1,1,0.0531219,0,1
4432,10000,3.39501,3.16228,4.21697,0.00131,0.001,0.00158489,0.407092,0.4,0.5,1.42569,1,1.5,3.08438e-05,45956.2,2441.28,1656.97,0.01,0.95,10,10000,0.938,0.139,1,1,0.0531219,0,1
4433,10000,4.06936,3.16228,4.21697,0.00177652,0.00158489,0.00251189,0.0694965,0.05,0.1,0.168867,0.1,0.2,4.88848e-06,579920,37730.1,20909.3,0.01,0.95,10,10000,0.938,0.139,2,1,0.0531219,0,0.5
4434,10000,3.95188,3.16228,4.21697,0.00193743,0.00158489,0.00251189,0.0931591,0.05,0.1,0.359422,0.3,0.4,4.88848e-06,579920,37730.1,20909.3,0.01,0.95,10,10000,0.938,0.139,2,1,0.0531219,0,0.5
4435,10000,3.9754,3.16228,4.21697,0.00179909,0.00158489,0.00251189,0.0640847,0.05,0.1,0.628153,0.6,0.7,4.88848e-06,869880,37730.1,31364,0.01,0.95,10,10000,0.938,0.139,3,2,0.0375629,0,0.666667
4436,10000,3.93433,3.16228,4.21697,0.00167459,0.00158489,0.00251189,0.0867987,0.05,0.1,0.865113,0.8,0.9,4.88848e-06,289960,15403.2,10454.7,0.01,0.95,10,10000,0.938,0.139,1,1,0.0531219,0,1
4437,10000,4.17163,3.16228,4.21697,0.00195251,0.00158489,0.00251189,0.0767154,0.05,0.1,1.05231,1,1.5,2.44424e-05,57992,3080.65,2090.93,0.01,0.95,10,10000,0.938,0.139,1,1,0.0531219,0,1
4438,10000,3.83055,3.16228,4.21697,0.00159774,0.00158489,0.00251189,0.136862,0.1,0.15,0.0652464,0,0.1,4.88848e-06,289960,15403.2,10454.7,0.01,0.95,10,10000,0.938,0.139,1,1,0.0531219,0,1
4439,10000,3.95188,3.16228,4.21697,0.00193743,0.00158489,0.00251189,0.12623,0.1,0.15,0.542696,0.5,0.6,4.88848e-06,289960,15403.2,10454.7,0.01,0.95,10,10000,0.938,0.139,1,1,0.0531219,0,1
4440,10000,3.9948,3.16228,4.21697,0.00169757,0.00158489,0.00251189,0.18453,0.15,0.2,0.274374,0.2,0.3,4.88848e-06,289960,15403.2,10454.7,0.01,0.95,10,10000,0.938,0.139,1,1,0.0531219,0,1
4441,10000,3.85143,3.16228,4.21697,0.00160773,0.00158489,0.00251189,0.156451,0.15,0.2,0.625879,0.6,0.7,4.88848e-06,289960,15403.2,10454.7,0.01,0.95,10,10000,0.938,0.139,1,1,0.0531219,0,1
4442,10000,3.16233,3.16228,4.21697,0.00321956,0.00251189,0.00398107,0.241278,0.2,0.25,0.690762,0.6,0.7,7.74763e-06,182954,9718.9,6596.52,0.01,0.95,10,10000,0.938,0.139,1,1,0.0531219,0,1
4443,10000,3.1625,3.16228,4.21697,0.00372592,0.00251189,0.00398107,0.354652,0.3,0.4,0.532319,0.5,0.6,1.54953e-05,91477.2,4859.45,3298.26,0.01,0.95,10,10000,0.938,0.139,1,1,0.0531219,0,1
4444,10000,3.16398,3.16228,4.21697,0.00394022,0.00251189,0.00398107,0.311604,0.3,0.4,0.764379,0.7,0.8,1.54953e-05,91477.2,4859.45,3298.26,0.01,0.95,10,10000,0.938,0.139,1,1,0.0531219,0,1
4445,10000,3.1636,3.16228,4.21697,0.0663643,0.0630957,0.1,0.0600498,0.05,0.1,0.513902,0.5,0.6,0.000194613,7283.52,386.915,262.611,0.01,0.95,10,10000,0.938,0.139,1,1,0.0531219,0,1
4446,10000,4.63785,4.21697,5.62342,0.00227222,0.00158489,0.00251189,0.0754533,0.05,0.1,0.232674,0.2,0.3,6.51889e-06,434879,16335.3,15679.8,0.01,0.95,10,10000,0.938,0.139,2,2,0.0375629,0,1
4447,10000,4.46731,4.21697,5.62342,0.0021783,0.00158489,0.00251189,0.0539486,0.05,0.1,0.586848,0.5,0.6,6.51889e-06,869757,61121.1,31359.6,0.01,0.95,10,10000,0.938,0.139,4,1,0.0531219,0,0.25
4448,10000,4.42283,4.21697,5.62342,0.00221624,0.00158489,0.00251189,0.0690773,0.05,0.1,0.652445,0.6,0.7,6.51889e-06,217439,11550.8,7839.89,0.01,0.95,10,10000,0.938,0.139,1,1,0.0531219,0,1
4449,10000,4.7969,4.21697,5.62342,0.00245067,0.00158489,0.00251189,0.110617,0.1,0.15,0.308236,0.3,0.4,6.51889e-06,217439,11550.8,7839.89,0.01,0.95,10,10000,0.938,0.139,1,1,0.0531219,0,1
4450,10000,4.40522,4.21697,5.62342,0.00216963,0.00158489,0.00251189,0.11758,0.1,0.15,0.735,0.7,0.8,6.51889e-06,217439,11550.8,7839.89,0.01,0.95,10,10000,0.938,0.139,1,1,0.0531219,0,1
4451,10000,4.7969,4.21697,5.62342,0.00245067,0.00158489,0.00251189,0.244149,0.2,0.25,0.710476,0.7,0.8,6.51889e-06,217439,11550.8,7839.89,0.01,0.95,10,10000,0.938,0.139,1,1,0.0531219,0,1
4452,10000,4.23636,4.21697,5.62342,0.00215287,0.00158489,0.00251189,0.331575,0.3,0.4,0.0482886,0,0.1,1.30378e-05,108720,5775.4,3919.94,0.01,0.95,10,10000,0.938,0.139,1,1,0.0531219,0,1
4453,10000,4.76214,4.21697,5.62342,0.00257689,0.00251189,0.00398107,0.0820083,0.05,0.1,0.639205,0.6,0.7,1.03316e-05,137196,7288.14,4946.69,0.01,0.95,10,10000,0.938,0.139,1,1,0.0531219,0,1
4454,10000,5.06511,4.21697,5.62342,0.00279387,0.00251189,0.00398107,0.0958647,0.05,0.1,0.741779,0.7,0.8,1.03316e-05,137196,7288.14,4946.69,0.01,0.95,10,10000,0.938,0.139,1,1,0.0531219,0,1
4455,10000,4.71911,4.21697,5.62342,0.00318129,0.00251189,0.00398107,0.0831967,0.05,0.1,0.908821,0.9,1,1.03316e-05,137196,7288.14,4946.69,0.01,0.95,10,10000,0.938,0.139,1,1,0.0531219,0,1
4456,10000,5.38424,4.21697,5.62342,0.00310112,0.00251189,0.00398107,0.0596318,0.05,0.1,1.38313,1,1.5,5.16582e-05,27439.3,1457.63,989.338,0.01,0.95,10,10000,0.938,0.139,1,1,0.0531219,0,1
4457,10000,4.54447,4.21697,5.62342,0.0025341,0.00251189,0.00398107,0.11755,0.1,0.15,0.639286,0.6,0.7,1.03316e-05,137196,7288.14,4946.69,0.01,0.95,10,10000,0.938,0.139,1,1,0.0531219,0,1
4458,10000,5.06511,4.21697,5.62342,0.00279387,0.00251189,0.00398107,0.121879,0.1,0.15,0.785427,0.7,0.8,1.03316e-05,137196,7288.14,4946.69,0.01,0.95,10,10000,0.938,0.139,1,1,0.0531219,0,1
4459,10000,5.12996,4.21697,5.62342,0.00282024,0.00251189,0.00398107,0.149716,0.1,0.15,1.2665,1,1.5,5.16582e-05,27439.3,1457.63,989.338,0.01,0.95,10,10000,0.938,0.139,1,1,0.0531219,0,1
4460,10000,6.30411,5.62342,7.49894,0.00446862,0.00398107,0.00630957,0.0539474,0.05,0.1,0.494417,0.4,0.5,2.18358e-05,129829,8446.81,4681.07,0.01,0.95,10,10000,0.938,0.139,2,1,0.0531219,0,0.5
4461,10000,6.70677,5.62342,7.49894,0.00538745,0.00398107,0.00630957,0.0582025,0.05,0.1,0.580119,0.5,0.6,2.18358e-05,259659,11945.6,9362.13,0.01,0.95,10,10000,0.938,0.139,4,2,0.0375629,0,0.5
4462,10000,6.24514,5.62342,7.49894,0.0043678,0.00398107,0.00630957,0.0765812,0.05,0.1,0.734882,0.7,0.8,2.18358e-05,129829,4876.77,4681.07,0.01,0.95,10,10000,0.938,0.139,2,2,0.0375629,0,1
4463,10000,6.84889,5.62342,7.49894,0.0050113,0.00398107,0.00630957,0.0686928,0.05,0.1,1.33128,1,1.5,0.000109179,25965.9,1689.36,936.213,0.01,0.95,10,10000,0.938,0.139,2,1,0.0531219,0,0.5
4464,10000,6.6718,5.62342,7.49894,0.00543845,0.00398107,0.00630957,0.107799,0.1,0.15,0.566273,0.5,0.6,2.18358e-05,64914.7,3448.4,2340.53,0.01,0.95,10,10000,0.938,0.139,1,1,0.0531219,0,1
4465,10000,6.46903,5.62342,7.49894,0.00441138,0.00398107,0.00630957,0.167366,0.15,0.2,0.437992,0.4,0.5,2.18358e-05,64914.7,3448.4,2340.53,0.01,0.95,10,10000,0.938,0.139,1,1,0.0531219,0,1
4466,10000,6.69396,5.62342,7.49894,0.00487138,0.00398107,0.00630957,0.259117,0.25,0.3,0.162729,0.1,0.2,2.18358e-05,64914.7,3448.4,2340.53,0.01,0.95,10,10000,0.938,0.139,1,1,0.0531219,0,1
4467,10000,6.46903,5.62342,7.49894,0.00441138,0.00398107,0.00630957,0.545638,0.5,0.6,0.364215,0.3,0.4,4.36716e-05,0,0,0,0.01,0.95,10,10000,0.938,0.139,0,1,0.0531219,0,0
4468,10000,7.47367,5.62342,7.49894,0.0100697,0.01,0.0158489,0.0814615,0.05,0.1,0.924557,0.9,1,5.48488e-05,25843.1,1372.84,931.787,0.01,0.95,10,10000,0.938,0.139,1,1,0.0531219,0,1
4469,10000,7.49973,7.49894,10,0.00600877,0.00398107,0.00630957,0.0522282,0.05,0.1,0.798749,0.7,0.8,2.91186e-05,48679,2585.92,1755.15,0.01,0.95,10,10000,0.938,0.139,1,1,0.0531219,0,1
4470,10000,7.76624,7.49894,10,0.00658992,0.00630957,0.01,0.0787181,0.05,0.1,0.828783,0.8,0.9,4.61499e-05,30714.3,1631.6,1107.42,0.01,0.95,10,10000,0.938,0.139,1,1,0.0531219,0,1
4471,10000,7.66711,7.49894,10,0.00632831,0.00630957,0.01,0.101121,0.1,0.15,0.157117,0.1,0.2,4.61499e-05,30714.3,1631.6,1107.42,0.01,0.95,10,10000,0.938,0.139,1,1,0.0531219,0,1
4472,10000,7.76624,7.49894,10,0.00658992,0.00630957,0.01,0.137222,0.1,0.15,0.608671,0.6,0.7,4.61499e-05,30714.3,1631.6,1107.42,0.01,0.95,10,10000,0.938,0.139,1,1,0.0531219,0,1
4473,10000,7.73708,7.49894,10,0.0063182,0.00630957,0.01,0.225854,0.2,0.25,1.23487,1,1.5,0.00023075,6142.86,326.321,221.484,0.01,0.95,10,10000,0.938,0.139,1,1,0.0531219,0,1
4474,10000,9.98125,7.49894,10,0.0107139,0.01,0.0158489,0.0655181,0.05,0.1,1.3106,1,1.5,0.000365711,3875.91,205.896,139.748,0.01,0.95,10,10000,0.938,0.139,1,1,0.0531219,0,1
4475,10000,10.003,10,13.3352,0.0107003,0.01,0.0158489,0.0651683,0.05,0.1,0.403996,0.4,0.5,9.75367e-05,14532.6,772.001,523.981,0.01,0.95,10,10000,0.938,0.139,1,1,0.0531219,0,1
