id, s[GeV^{2}], <Q>[GeV], Q_min[GeV], Q_max[GeV], <xB>, xB_min, xB_max, <z>, z_min, z_max, <pT>, pT_min, pT_max, Delta_bin[GeV^3], xSec_diff[pb/GeV^3], xSec_uncorr_error, xSec_corr_error, y_min, y_max, W2_min[GeV^2], W2_max[GeV^2],target_mass[GeV], product_mass[GeV], N_gen, N_reco, abs_stat_error, abs_sys_error, efficiency 
1,10000,1.21311,1,1.77828,0.000165064,0.0001,0.000398107,0.0756062,0.05,0.1,0.277719,0.2,0.3,1.16005e-06,309079,72998,11144,0.01,0.95,10,10000,0.938,0.497,3,1,0.182943,0,0.333333
2,10000,1.50464,1,1.77828,0.000256742,0.0001,0.000398107,0.0817954,0.05,0.1,0.316213,0.3,0.4,1.16005e-06,412106,65291.4,14858.7,0.01,0.95,10,10000,0.938,0.497,4,2,0.129361,0,0.5
3,10000,1.29767,1,1.77828,0.000186532,0.0001,0.000398107,0.0687012,0.05,0.1,0.439181,0.4,0.5,1.16005e-06,618158,153122,22288,0.01,0.95,10,10000,0.938,0.497,6,1,0.182943,0,0.166667
4,10000,1.34889,1,1.77828,0.000212913,0.0001,0.000398107,0.0759135,0.05,0.1,0.540735,0.5,0.6,1.16005e-06,618158,79965.3,22288,0.01,0.95,10,10000,0.938,0.497,6,3,0.105622,0,0.5
5,10000,1.66911,1,1.77828,0.000309078,0.0001,0.000398107,0.0662732,0.05,0.1,0.652752,0.6,0.7,1.16005e-06,206053,46168,7429.34,0.01,0.95,10,10000,0.938,0.497,2,1,0.182943,0,0.5
6,10000,1.07841,1,1.77828,0.000139484,0.0001,0.000398107,0.0759319,0.05,0.1,0.772421,0.7,0.8,1.16005e-06,206053,46168,7429.34,0.01,0.95,10,10000,0.938,0.497,2,1,0.182943,0,0.5
7,10000,1.29994,1,1.77828,0.000210797,0.0001,0.000398107,0.0540623,0.05,0.1,0.870858,0.8,0.9,1.16005e-06,103026,18848,3714.67,0.01,0.95,10,10000,0.938,0.497,1,1,0.182943,0,1
8,10000,1.40386,1,1.77828,0.000229078,0.0001,0.000398107,0.0668488,0.05,0.1,1.25268,1,1.5,5.80027e-06,82421.1,7539.2,2971.74,0.01,0.95,10,10000,0.938,0.497,4,4,0.0914717,0,1
9,10000,1.26289,1,1.77828,0.000189987,0.0001,0.000398107,0.143598,0.1,0.15,0.378726,0.3,0.4,1.16005e-06,412106,99734.2,14858.7,0.01,0.95,10,10000,0.938,0.497,4,1,0.182943,0,0.25
10,10000,1.63245,1,1.77828,0.000314091,0.0001,0.000398107,0.139791,0.1,0.15,0.526872,0.5,0.6,1.16005e-06,309079,46168,11144,0.01,0.95,10,10000,0.938,0.497,3,2,0.129361,0,0.666667
11,10000,1.11666,1,1.77828,0.000145904,0.0001,0.000398107,0.124629,0.1,0.15,0.64797,0.6,0.7,1.16005e-06,309079,32645.7,11144,0.01,0.95,10,10000,0.938,0.497,3,3,0.105622,0,1
12,10000,1.42605,1,1.77828,0.000245571,0.0001,0.000398107,0.136422,0.1,0.15,0.741304,0.7,0.8,1.16005e-06,206053,26655.1,7429.34,0.01,0.95,10,10000,0.938,0.497,2,2,0.129361,0,1
13,10000,1.54889,1,1.77828,0.000278705,0.0001,0.000398107,0.105292,0.1,0.15,0.95708,0.9,1,1.16005e-06,103026,18848,3714.67,0.01,0.95,10,10000,0.938,0.497,1,1,0.182943,0,1
14,10000,1.59508,1,1.77828,0.000290027,0.0001,0.000398107,0.114683,0.1,0.15,1.41552,1,1.5,5.80027e-06,41210.6,9233.59,1485.87,0.01,0.95,10,10000,0.938,0.497,2,1,0.182943,0,0.5
15,10000,1.01155,1,1.77828,0.00012804,0.0001,0.000398107,0.172352,0.15,0.2,0.516795,0.5,0.6,1.16005e-06,103026,18848,3714.67,0.01,0.95,10,10000,0.938,0.497,1,1,0.182943,0,1
16,10000,1.44382,1,1.77828,0.000246356,0.0001,0.000398107,0.174657,0.15,0.2,0.656286,0.6,0.7,1.16005e-06,515132,64378.2,18573.3,0.01,0.95,10,10000,0.938,0.497,5,3,0.105622,0,0.6
17,10000,1.14641,1,1.77828,0.000157172,0.0001,0.000398107,0.157765,0.15,0.2,0.783939,0.7,0.8,1.16005e-06,103026,18848,3714.67,0.01,0.95,10,10000,0.938,0.497,1,1,0.182943,0,1
18,10000,1.69232,1,1.77828,0.000333395,0.0001,0.000398107,0.163656,0.15,0.2,0.945125,0.9,1,1.16005e-06,206053,26655.1,7429.34,0.01,0.95,10,10000,0.938,0.497,2,2,0.129361,0,1
19,10000,1.71337,1,1.77828,0.000346286,0.0001,0.000398107,0.168369,0.15,0.2,1.16546,1,1.5,5.80027e-06,41210.6,9233.59,1485.87,0.01,0.95,10,10000,0.938,0.497,2,1,0.182943,0,0.5
20,10000,1.42457,1,1.77828,0.000237962,0.0001,0.000398107,0.245293,0.2,0.25,0.274855,0.2,0.3,1.16005e-06,103026,18848,3714.67,0.01,0.95,10,10000,0.938,0.497,1,1,0.182943,0,1
21,10000,1.47975,1,1.77828,0.000264265,0.0001,0.000398107,0.206379,0.2,0.25,0.584064,0.5,0.6,1.16005e-06,103026,18848,3714.67,0.01,0.95,10,10000,0.938,0.497,1,1,0.182943,0,1
22,10000,1.11212,1,1.77828,0.000138832,0.0001,0.000398107,0.232151,0.2,0.25,0.787261,0.7,0.8,1.16005e-06,103026,18848,3714.67,0.01,0.95,10,10000,0.938,0.497,1,1,0.182943,0,1
23,10000,1.16465,1,1.77828,0.000157354,0.0001,0.000398107,0.221154,0.2,0.25,0.856993,0.8,0.9,1.16005e-06,206053,26655.1,7429.34,0.01,0.95,10,10000,0.938,0.497,2,2,0.129361,0,1
24,10000,1.63976,1,1.77828,0.000298276,0.0001,0.000398107,0.211067,0.2,0.25,1.15756,1,1.5,5.80027e-06,20605.3,3769.6,742.934,0.01,0.95,10,10000,0.938,0.497,1,1,0.182943,0,1
25,10000,1.67709,1,1.77828,0.000364077,0.0001,0.000398107,0.428877,0.4,0.5,0.7661,0.7,0.8,2.32011e-06,51513.2,9424,1857.33,0.01,0.95,10,10000,0.938,0.497,1,1,0.182943,0,1
26,10000,1.78214,1.77828,2.37137,0.000367747,0.0001,0.000398107,0.512218,0.5,0.6,0.826405,0.8,0.9,1.76805e-06,0,0,0,0.01,0.95,10,10000,0.938,0.497,0,1,0.182943,0,0
27,10000,1.84916,1.77828,2.37137,0.000414261,0.000398107,0.000630957,0.050226,0.05,0.1,0.274149,0.2,0.3,6.90508e-07,1.03851e+06,257245,37443.8,0.01,0.95,10,10000,0.938,0.497,6,1,0.182943,0,0.166667
28,10000,2.06487,1.77828,2.37137,0.000479939,0.000398107,0.000630957,0.0920274,0.05,0.1,0.360472,0.3,0.4,6.90508e-07,346168,77562.2,12481.3,0.01,0.95,10,10000,0.938,0.497,2,1,0.182943,0,0.5
29,10000,1.87131,1.77828,2.37137,0.000420956,0.000398107,0.000630957,0.0884458,0.05,0.1,0.44818,0.4,0.5,6.90508e-07,173084,31664.6,6240.64,0.01,0.95,10,10000,0.938,0.497,1,1,0.182943,0,1
30,10000,1.98025,1.77828,2.37137,0.00046217,0.000398107,0.000630957,0.0746529,0.05,0.1,0.539822,0.5,0.6,6.90508e-07,692337,81757.7,24962.6,0.01,0.95,10,10000,0.938,0.497,4,3,0.105622,0,0.75
31,10000,2.05803,1.77828,2.37137,0.000499579,0.000398107,0.000630957,0.0841857,0.05,0.1,0.677827,0.6,0.7,6.90508e-07,865421,70804.2,31203.2,0.01,0.95,10,10000,0.938,0.497,5,5,0.0818148,0,1
32,10000,2.06001,1.77828,2.37137,0.000488317,0.000398107,0.000630957,0.0633824,0.05,0.1,0.782861,0.7,0.8,6.90508e-07,0,0,0,0.01,0.95,10,10000,0.938,0.497,0,1,0.182943,0,0
33,10000,2.22625,1.77828,2.37137,0.000561526,0.000398107,0.000630957,0.0739843,0.05,0.1,0.81557,0.8,0.9,6.90508e-07,692337,81757.7,24962.6,0.01,0.95,10,10000,0.938,0.497,4,3,0.105622,0,0.75
34,10000,2.00735,1.77828,2.37137,0.000504304,0.000398107,0.000630957,0.0632419,0.05,0.1,1.21326,1,1.5,3.45254e-06,69233.7,15512.4,2496.26,0.01,0.95,10,10000,0.938,0.497,2,1,0.182943,0,0.5
35,10000,1.98419,1.77828,2.37137,0.000525488,0.000398107,0.000630957,0.144195,0.1,0.15,0.410511,0.4,0.5,6.90508e-07,173084,31664.6,6240.64,0.01,0.95,10,10000,0.938,0.497,1,1,0.182943,0,1
36,10000,1.89293,1.77828,2.37137,0.000450647,0.000398107,0.000630957,0.120156,0.1,0.15,0.686291,0.6,0.7,6.90508e-07,346168,44780.5,12481.3,0.01,0.95,10,10000,0.938,0.497,2,2,0.129361,0,1
37,10000,2.09406,1.77828,2.37137,0.000488354,0.000398107,0.000630957,0.126962,0.1,0.15,0.740949,0.7,0.8,6.90508e-07,346168,44780.5,12481.3,0.01,0.95,10,10000,0.938,0.497,2,2,0.129361,0,1
38,10000,1.9244,1.77828,2.37137,0.000433871,0.000398107,0.000630957,0.127326,0.1,0.15,0.84614,0.8,0.9,6.90508e-07,692337,109689,24962.6,0.01,0.95,10,10000,0.938,0.497,4,2,0.129361,0,0.5
39,10000,1.87543,1.77828,2.37137,0.00039948,0.000398107,0.000630957,0.10306,0.1,0.15,0.930615,0.9,1,6.90508e-07,173084,31664.6,6240.64,0.01,0.95,10,10000,0.938,0.497,1,1,0.182943,0,1
40,10000,2.07398,1.77828,2.37137,0.000540641,0.000398107,0.000630957,0.137589,0.1,0.15,1.4102,1,1.5,3.45254e-06,69233.7,8956.11,2496.26,0.01,0.95,10,10000,0.938,0.497,2,2,0.129361,0,1
41,10000,2.01417,1.77828,2.37137,0.000498304,0.000398107,0.000630957,0.151378,0.15,0.2,0.579487,0.5,0.6,6.90508e-07,346168,77562.2,12481.3,0.01,0.95,10,10000,0.938,0.497,2,1,0.182943,0,0.5
42,10000,2.03533,1.77828,2.37137,0.000482503,0.000398107,0.000630957,0.152929,0.15,0.2,0.613565,0.6,0.7,6.90508e-07,173084,31664.6,6240.64,0.01,0.95,10,10000,0.938,0.497,1,1,0.182943,0,1
43,10000,2.31687,1.77828,2.37137,0.000598952,0.000398107,0.000630957,0.167101,0.15,0.2,0.794791,0.7,0.8,6.90508e-07,173084,31664.6,6240.64,0.01,0.95,10,10000,0.938,0.497,1,1,0.182943,0,1
44,10000,2.0952,1.77828,2.37137,0.000555337,0.000398107,0.000630957,0.163432,0.15,0.2,1.08156,1,1.5,3.45254e-06,34616.8,6332.92,1248.13,0.01,0.95,10,10000,0.938,0.497,1,1,0.182943,0,1
45,10000,2.12275,1.77828,2.37137,0.000608534,0.000398107,0.000630957,0.223021,0.2,0.25,0.757416,0.7,0.8,6.90508e-07,173084,31664.6,6240.64,0.01,0.95,10,10000,0.938,0.497,1,1,0.182943,0,1
46,10000,2.00729,1.77828,2.37137,0.000515783,0.000398107,0.000630957,0.241621,0.2,0.25,1.39093,1,1.5,3.45254e-06,34616.8,6332.92,1248.13,0.01,0.95,10,10000,0.938,0.497,1,1,0.182943,0,1
47,10000,2.05909,1.77828,2.37137,0.00047771,0.000398107,0.000630957,0.256357,0.25,0.3,0.642311,0.6,0.7,6.90508e-07,173084,31664.6,6240.64,0.01,0.95,10,10000,0.938,0.497,1,1,0.182943,0,1
48,10000,2.20967,1.77828,2.37137,0.000600623,0.000398107,0.000630957,0.32362,0.3,0.4,0.388142,0.3,0.4,1.38102e-06,0,0,0,0.01,0.95,10,10000,0.938,0.497,0,1,0.182943,0,0
49,10000,2.18547,1.77828,2.37137,0.000592272,0.000398107,0.000630957,0.481385,0.4,0.5,0.155284,0.1,0.2,1.38102e-06,86542.1,15832.3,3120.32,0.01,0.95,10,10000,0.938,0.497,1,1,0.182943,0,1
50,10000,1.86761,1.77828,2.37137,0.00043111,0.000398107,0.000630957,0.465911,0.4,0.5,1.42791,1,1.5,6.90508e-06,17308.4,3166.46,624.064,0.01,0.95,10,10000,0.938,0.497,1,1,0.182943,0,1
51,10000,2.27677,1.77828,2.37137,0.000716559,0.000630957,0.001,0.10277,0.1,0.15,0.552914,0.5,0.6,1.09438e-06,109209,19979,3937.57,0.01,0.95,10,10000,0.938,0.497,1,1,0.182943,0,1
52,10000,2.02317,1.77828,2.37137,0.000909574,0.000630957,0.001,0.138557,0.1,0.15,0.629016,0.6,0.7,1.09438e-06,109209,19979,3937.57,0.01,0.95,10,10000,0.938,0.497,1,1,0.182943,0,1
53,10000,1.92543,1.77828,2.37137,0.000776439,0.000630957,0.001,0.150572,0.15,0.2,0.832833,0.8,0.9,1.09438e-06,109209,19979,3937.57,0.01,0.95,10,10000,0.938,0.497,1,1,0.182943,0,1
54,10000,2.3234,1.77828,2.37137,0.000794801,0.000630957,0.001,0.183558,0.15,0.2,1.13345,1,1.5,5.47192e-06,21841.7,-nan,787.514,0.01,0.95,10,10000,0.938,0.497,1,2,0.129361,0,2
55,10000,2.29287,1.77828,2.37137,0.000631367,0.000630957,0.001,0.221911,0.2,0.25,0.769465,0.7,0.8,1.09438e-06,109209,19979,3937.57,0.01,0.95,10,10000,0.938,0.497,1,1,0.182943,0,1
56,10000,2.18703,1.77828,2.37137,0.000634811,0.000630957,0.001,0.400086,0.4,0.5,1.11556,1,1.5,1.09438e-05,10920.9,1997.9,393.757,0.01,0.95,10,10000,0.938,0.497,1,1,0.182943,0,1
57,10000,2.37572,2.37137,3.16228,0.000626086,0.000398107,0.000630957,0.148482,0.1,0.15,0.720792,0.7,0.8,9.20811e-07,129794,23745,4679.81,0.01,0.95,10,10000,0.938,0.497,1,1,0.182943,0,1
58,10000,2.67184,2.37137,3.16228,0.000850801,0.000630957,0.001,0.0880776,0.05,0.1,0.347361,0.3,0.4,1.45939e-06,245684,58025.4,8858.26,0.01,0.95,10,10000,0.938,0.497,3,1,0.182943,0,0.333333
59,10000,2.55813,2.37137,3.16228,0.000767603,0.000630957,0.001,0.0557199,0.05,0.1,0.4652,0.4,0.5,1.45939e-06,245684,58025.4,8858.26,0.01,0.95,10,10000,0.938,0.497,3,1,0.182943,0,0.333333
60,10000,2.54617,2.37137,3.16228,0.000725017,0.000630957,0.001,0.0757128,0.05,0.1,0.558205,0.5,0.6,1.45939e-06,81894.6,-nan,2952.75,0.01,0.95,10,10000,0.938,0.497,1,2,0.129361,0,2
61,10000,2.65433,2.37137,3.16228,0.000799932,0.000630957,0.001,0.0747715,0.05,0.1,0.652431,0.6,0.7,1.45939e-06,327579,38683.6,11811,0.01,0.95,10,10000,0.938,0.497,4,3,0.105622,0,0.75
62,10000,2.4053,2.37137,3.16228,0.000787961,0.000630957,0.001,0.0733362,0.05,0.1,0.815726,0.8,0.9,1.45939e-06,163789,36698.5,5905.51,0.01,0.95,10,10000,0.938,0.497,2,1,0.182943,0,0.5
63,10000,2.89152,2.37137,3.16228,0.00093913,0.000630957,0.001,0.0793816,0.05,0.1,0.990994,0.9,1,1.45939e-06,81894.6,14982.1,2952.75,0.01,0.95,10,10000,0.938,0.497,1,1,0.182943,0,1
64,10000,2.47732,2.37137,3.16228,0.000870149,0.000630957,0.001,0.113416,0.1,0.15,0.412504,0.4,0.5,1.45939e-06,81894.6,14982.1,2952.75,0.01,0.95,10,10000,0.938,0.497,1,1,0.182943,0,1
65,10000,2.54598,2.37137,3.16228,0.000750498,0.000630957,0.001,0.127461,0.1,0.15,0.508613,0.5,0.6,1.45939e-06,163789,36698.5,5905.51,0.01,0.95,10,10000,0.938,0.497,2,1,0.182943,0,0.5
66,10000,2.44337,2.37137,3.16228,0.000888543,0.000630957,0.001,0.138789,0.1,0.15,0.667568,0.6,0.7,1.45939e-06,81894.6,14982.1,2952.75,0.01,0.95,10,10000,0.938,0.497,1,1,0.182943,0,1
67,10000,2.47553,2.37137,3.16228,0.000680969,0.000630957,0.001,0.115207,0.1,0.15,0.761038,0.7,0.8,1.45939e-06,163789,36698.5,5905.51,0.01,0.95,10,10000,0.938,0.497,2,1,0.182943,0,0.5
68,10000,2.62306,2.37137,3.16228,0.000966285,0.000630957,0.001,0.14861,0.1,0.15,0.85505,0.8,0.9,1.45939e-06,81894.6,14982.1,2952.75,0.01,0.95,10,10000,0.938,0.497,1,1,0.182943,0,1
69,10000,2.59769,2.37137,3.16228,0.000749137,0.000630957,0.001,0.122256,0.1,0.15,0.989367,0.9,1,1.45939e-06,81894.6,14982.1,2952.75,0.01,0.95,10,10000,0.938,0.497,1,1,0.182943,0,1
70,10000,2.49556,2.37137,3.16228,0.000775425,0.000630957,0.001,0.121096,0.1,0.15,1.20353,1,1.5,7.29695e-06,32757.9,4237.57,1181.1,0.01,0.95,10,10000,0.938,0.497,2,2,0.129361,0,1
71,10000,2.58948,2.37137,3.16228,0.000845127,0.000630957,0.001,0.193604,0.15,0.2,0.67562,0.6,0.7,1.45939e-06,81894.6,14982.1,2952.75,0.01,0.95,10,10000,0.938,0.497,1,1,0.182943,0,1
72,10000,2.70318,2.37137,3.16228,0.000884626,0.000630957,0.001,0.167681,0.15,0.2,1.157,1,1.5,7.29695e-06,32757.9,4237.57,1181.1,0.01,0.95,10,10000,0.938,0.497,2,2,0.129361,0,1
73,10000,2.39001,2.37137,3.16228,0.000764975,0.000630957,0.001,0.204325,0.2,0.25,0.710585,0.7,0.8,1.45939e-06,81894.6,14982.1,2952.75,0.01,0.95,10,10000,0.938,0.497,1,1,0.182943,0,1
74,10000,2.49922,2.37137,3.16228,0.000761643,0.000630957,0.001,0.280065,0.25,0.3,0.134186,0.1,0.2,1.45939e-06,81894.6,14982.1,2952.75,0.01,0.95,10,10000,0.938,0.497,1,1,0.182943,0,1
75,10000,2.47081,2.37137,3.16228,0.000897848,0.000630957,0.001,0.359793,0.3,0.4,0.443112,0.4,0.5,2.91878e-06,40947.3,7491.04,1476.38,0.01,0.95,10,10000,0.938,0.497,1,1,0.182943,0,1
76,10000,2.93767,2.37137,3.16228,0.00102557,0.001,0.00158489,0.0501122,0.05,0.1,0.409852,0.4,0.5,2.31296e-06,258362,63413.4,9315.37,0.01,0.95,10,10000,0.938,0.497,5,1,0.182943,0,0.2
77,10000,2.97367,2.37137,3.16228,0.00129124,0.001,0.00158489,0.0805328,0.05,0.1,0.640472,0.6,0.7,2.31296e-06,51672.3,9453.11,1863.07,0.01,0.95,10,10000,0.938,0.497,1,1,0.182943,0,1
78,10000,2.56308,2.37137,3.16228,0.00105853,0.001,0.00158489,0.056668,0.05,0.1,1.34188,1,1.5,1.15648e-05,41337.9,4881.57,1490.46,0.01,0.95,10,10000,0.938,0.497,4,3,0.105622,0,0.75
79,10000,3.02625,2.37137,3.16228,0.0010671,0.001,0.00158489,0.128849,0.1,0.15,0.485798,0.4,0.5,2.31296e-06,103345,13368.7,3726.15,0.01,0.95,10,10000,0.938,0.497,2,2,0.129361,0,1
80,10000,2.78716,2.37137,3.16228,0.00108019,0.001,0.00158489,0.121127,0.1,0.15,0.537659,0.5,0.6,2.31296e-06,155017,23155.3,5589.22,0.01,0.95,10,10000,0.938,0.497,3,2,0.129361,0,0.666667
81,10000,2.91528,2.37137,3.16228,0.0011609,0.001,0.00158489,0.104837,0.1,0.15,1.31863,1,1.5,1.15648e-05,20668.9,2673.74,745.229,0.01,0.95,10,10000,0.938,0.497,2,2,0.129361,0,1
82,10000,2.85963,2.37137,3.16228,0.00143107,0.001,0.00158489,0.196648,0.15,0.2,0.511115,0.5,0.6,2.31296e-06,155017,36611.8,5589.22,0.01,0.95,10,10000,0.938,0.497,3,1,0.182943,0,0.333333
83,10000,2.8358,2.37137,3.16228,0.00142973,0.001,0.00158489,0.185258,0.15,0.2,0.75196,0.7,0.8,2.31296e-06,103345,23155.3,3726.15,0.01,0.95,10,10000,0.938,0.497,2,1,0.182943,0,0.5
84,10000,3.01124,2.37137,3.16228,0.00154829,0.001,0.00158489,0.190778,0.15,0.2,1.02222,1,1.5,1.15648e-05,20668.9,4631.06,745.229,0.01,0.95,10,10000,0.938,0.497,2,1,0.182943,0,0.5
85,10000,2.6517,2.37137,3.16228,0.00113558,0.001,0.00158489,0.392776,0.3,0.4,0.754387,0.7,0.8,4.62592e-06,0,0,0,0.01,0.95,10,10000,0.938,0.497,0,1,0.182943,0,0
86,10000,2.86168,2.37137,3.16228,0.0014527,0.001,0.00158489,0.325521,0.3,0.4,1.04515,1,1.5,2.31296e-05,5167.23,945.311,186.307,0.01,0.95,10,10000,0.938,0.497,1,1,0.182943,0,1
87,10000,2.98594,2.37137,3.16228,0.00148321,0.001,0.00158489,0.413369,0.4,0.5,0.663109,0.6,0.7,4.62592e-06,0,0,0,0.01,0.95,10,10000,0.938,0.497,0,1,0.182943,0,0
88,10000,2.76912,2.37137,3.16228,0.00135387,0.001,0.00158489,0.463913,0.4,0.5,1.11758,1,1.5,2.31296e-05,5167.23,945.311,186.307,0.01,0.95,10,10000,0.938,0.497,1,1,0.182943,0,1
89,10000,2.89793,2.37137,3.16228,0.00175648,0.00158489,0.00251189,0.052751,0.05,0.1,0.471035,0.4,0.5,3.66584e-06,32602.6,5964.44,1175.5,0.01,0.95,10,10000,0.938,0.497,1,1,0.182943,0,1
90,10000,2.88759,2.37137,3.16228,0.00158825,0.00158489,0.00251189,0.134007,0.1,0.15,0.505213,0.5,0.6,3.66584e-06,32602.6,5964.44,1175.5,0.01,0.95,10,10000,0.938,0.497,1,1,0.182943,0,1
91,10000,3.16199,2.37137,3.16228,0.00521134,0.00398107,0.00630957,0.136279,0.1,0.15,0.363892,0.3,0.4,9.20811e-06,12979.4,2374.5,467.981,0.01,0.95,10,10000,0.938,0.497,1,1,0.182943,0,1
92,10000,3.16175,2.37137,3.16228,0.0117223,0.01,0.0158489,0.115553,0.1,0.15,1.2786,1,1.5,0.000115648,1033.45,189.062,37.2615,0.01,0.95,10,10000,0.938,0.497,1,1,0.182943,0,1
93,10000,3.16185,2.37137,3.16228,0.0449094,0.0398107,0.0630957,0.0752565,0.05,0.1,0.543942,0.5,0.6,9.20811e-05,1297.94,237.45,46.7981,0.01,0.95,10,10000,0.938,0.497,1,1,0.182943,0,1
94,10000,3.25517,3.16228,4.21697,0.0014447,0.001,0.00158489,0.0990819,0.05,0.1,0.0786094,0,0.1,3.08438e-06,9.33846e+06,2.41355e+06,336703,0.01,0.95,10,10000,0.938,0.497,241,1,0.182943,0,0.00414938
95,10000,3.35811,3.16228,4.21697,0.00139439,0.001,0.00158489,0.0860545,0.05,0.1,0.168207,0.1,0.2,3.08438e-06,2.3133e+07,846319,834073,0.01,0.95,10,10000,0.938,0.497,597,48,0.0264056,0,0.080402
96,10000,3.3797,3.16228,4.21697,0.00136902,0.001,0.00158489,0.0835626,0.05,0.1,0.255218,0.2,0.3,3.08438e-06,2.99528e+07,676362,1.07996e+06,0.01,0.95,10,10000,0.938,0.497,773,121,0.0166312,0,0.156533
97,10000,3.4045,3.16228,4.21697,0.00137727,0.001,0.00158489,0.0841665,0.05,0.1,0.354053,0.3,0.4,3.08438e-06,3.01853e+07,537359,1.08835e+06,0.01,0.95,10,10000,0.938,0.497,779,186,0.0134141,0,0.238768
98,10000,3.35565,3.16228,4.21697,0.00137461,0.001,0.00158489,0.079814,0.05,0.1,0.451055,0.4,0.5,3.08438e-06,2.40243e+07,379020,866207,0.01,0.95,10,10000,0.938,0.497,620,221,0.0123061,0,0.356452
99,10000,3.37348,3.16228,4.21697,0.00139026,0.001,0.00158489,0.0765505,0.05,0.1,0.549643,0.5,0.6,3.08438e-06,2.13893e+07,268959,771204,0.01,0.95,10,10000,0.938,0.497,552,306,0.0104582,0,0.554348
100,10000,3.3652,3.16228,4.21697,0.00137054,0.001,0.00158489,0.0739481,0.05,0.1,0.649904,0.6,0.7,3.08438e-06,1.53058e+07,188575,551858,0.01,0.95,10,10000,0.938,0.497,395,283,0.0108749,0,0.716456
101,10000,3.37836,3.16228,4.21697,0.00140036,0.001,0.00158489,0.0736154,0.05,0.1,0.751333,0.7,0.8,3.08438e-06,1.27484e+07,158077,459649,0.01,0.95,10,10000,0.938,0.497,329,262,0.0113023,0,0.796353
102,10000,3.36374,3.16228,4.21697,0.00140077,0.001,0.00158489,0.0733441,0.05,0.1,0.850697,0.8,0.9,3.08438e-06,7.74976e+06,125378,279422,0.01,0.95,10,10000,0.938,0.497,200,156,0.0146472,0,0.78
103,10000,3.34772,3.16228,4.21697,0.00139769,0.001,0.00158489,0.0746862,0.05,0.1,0.944682,0.9,1,3.08438e-06,5.61858e+06,96031,202581,0.01,0.95,10,10000,0.938,0.497,145,128,0.0161701,0,0.882759
104,10000,3.36409,3.16228,4.21697,0.00139713,0.001,0.00158489,0.074724,0.05,0.1,1.18509,1,1.5,1.54219e-05,2.41793e+06,28862.9,87179.5,0.01,0.95,10,10000,0.938,0.497,312,268,0.011175,0,0.858974
105,10000,3.21445,3.16228,4.21697,0.00153802,0.001,0.00158489,0.118953,0.1,0.15,0.0728391,0,0.1,3.08438e-06,6.00606e+06,542250,216552,0.01,0.95,10,10000,0.938,0.497,155,8,0.0646803,0,0.0516129
106,10000,3.27662,3.16228,4.21697,0.00147455,0.001,0.00158489,0.120721,0.1,0.15,0.169781,0.1,0.2,3.08438e-06,1.54995e+07,543326,558843,0.01,0.95,10,10000,0.938,0.497,400,51,0.0256172,0,0.1275
107,10000,3.33226,3.16228,4.21697,0.00142243,0.001,0.00158489,0.119542,0.1,0.15,0.25666,0.2,0.3,3.08438e-06,1.92969e+07,372768,695760,0.01,0.95,10,10000,0.938,0.497,498,152,0.0148387,0,0.305221
108,10000,3.34518,3.16228,4.21697,0.00138594,0.001,0.00158489,0.121182,0.1,0.15,0.351757,0.3,0.4,3.08438e-06,1.92194e+07,296608,692966,0.01,0.95,10,10000,0.938,0.497,496,219,0.0123622,0,0.441532
109,10000,3.3512,3.16228,4.21697,0.0013745,0.001,0.00158489,0.122564,0.1,0.15,0.447117,0.4,0.5,3.08438e-06,1.93357e+07,232097,697157,0.01,0.95,10,10000,0.938,0.497,499,317,0.0102751,0,0.635271
110,10000,3.36233,3.16228,4.21697,0.00138469,0.001,0.00158489,0.124542,0.1,0.15,0.546328,0.5,0.6,3.08438e-06,1.29034e+07,168483,465237,0.01,0.95,10,10000,0.938,0.497,333,247,0.0116404,0,0.741742
111,10000,3.35842,3.16228,4.21697,0.00140443,0.001,0.00158489,0.125706,0.1,0.15,0.646863,0.6,0.7,3.08438e-06,1.17021e+07,153298,421927,0.01,0.95,10,10000,0.938,0.497,302,237,0.0118835,0,0.784768
112,10000,3.36808,3.16228,4.21697,0.00138393,0.001,0.00158489,0.124001,0.1,0.15,0.746915,0.7,0.8,3.08438e-06,7.67226e+06,114420,276627,0.01,0.95,10,10000,0.938,0.497,198,171,0.01399,0,0.863636
113,10000,3.36548,3.16228,4.21697,0.0013856,0.001,0.00158489,0.125134,0.1,0.15,0.846172,0.8,0.9,3.08438e-06,4.9986e+06,100383,180227,0.01,0.95,10,10000,0.938,0.497,129,101,0.0182035,0,0.782946
114,10000,3.36434,3.16228,4.21697,0.00141226,0.001,0.00158489,0.123447,0.1,0.15,0.952289,0.9,1,3.08438e-06,3.75863e+06,78239,135519,0.01,0.95,10,10000,0.938,0.497,97,86,0.0197273,0,0.886598
115,10000,3.38031,3.16228,4.21697,0.00141073,0.001,0.00158489,0.124189,0.1,0.15,1.18468,1,1.5,1.54219e-05,1.5422e+06,23890.1,55604.9,0.01,0.95,10,10000,0.938,0.497,199,164,0.0142855,0,0.824121
116,10000,3.30068,3.16228,4.21697,0.0014192,0.001,0.00158489,0.180854,0.15,0.2,0.16339,0.1,0.2,3.08438e-06,9.49346e+06,459480,342291,0.01,0.95,10,10000,0.938,0.497,245,27,0.0352075,0,0.110204
117,10000,3.30151,3.16228,4.21697,0.00147271,0.001,0.00158489,0.169716,0.15,0.2,0.253113,0.2,0.3,3.08438e-06,1.37558e+07,431798,495973,0.01,0.95,10,10000,0.938,0.497,355,62,0.0232338,0,0.174648
118,10000,3.33012,3.16228,4.21697,0.00140763,0.001,0.00158489,0.171804,0.15,0.2,0.358425,0.3,0.4,3.08438e-06,1.34846e+07,319123,486194,0.01,0.95,10,10000,0.938,0.497,348,102,0.0181141,0,0.293103
119,10000,3.3587,3.16228,4.21697,0.00141142,0.001,0.00158489,0.172457,0.15,0.2,0.4527,0.4,0.5,3.08438e-06,1.34846e+07,264719,486194,0.01,0.95,10,10000,0.938,0.497,348,139,0.0155171,0,0.399425
120,10000,3.34678,3.16228,4.21697,0.00140287,0.001,0.00158489,0.176215,0.15,0.2,0.550871,0.5,0.6,3.08438e-06,1.02684e+07,195449,370234,0.01,0.95,10,10000,0.938,0.497,265,137,0.0156299,0,0.516981
121,10000,3.38112,3.16228,4.21697,0.0014066,0.001,0.00158489,0.171578,0.15,0.2,0.647352,0.6,0.7,3.08438e-06,8.71848e+06,141777,314349,0.01,0.95,10,10000,0.938,0.497,225,162,0.0143734,0,0.72
122,10000,3.37393,3.16228,4.21697,0.00139254,0.001,0.00158489,0.171506,0.15,0.2,0.750249,0.7,0.8,3.08438e-06,5.61858e+06,108399,202581,0.01,0.95,10,10000,0.938,0.497,145,111,0.0173642,0,0.765517
123,10000,3.35982,3.16228,4.21697,0.00142079,0.001,0.00158489,0.172517,0.15,0.2,0.842955,0.8,0.9,3.08438e-06,4.64986e+06,94286.1,167653,0.01,0.95,10,10000,0.938,0.497,120,97,0.0185751,0,0.808333
124,10000,3.38872,3.16228,4.21697,0.00139147,0.001,0.00158489,0.175732,0.15,0.2,0.94443,0.9,1,3.08438e-06,3.1774e+06,76271.6,114563,0.01,0.95,10,10000,0.938,0.497,82,68,0.0221851,0,0.829268
125,10000,3.34527,3.16228,4.21697,0.00139933,0.001,0.00158489,0.175957,0.15,0.2,1.20179,1,1.5,1.54219e-05,1.03072e+06,19623.1,37163.1,0.01,0.95,10,10000,0.938,0.497,133,109,0.0175228,0,0.819549
126,10000,3.50363,3.16228,4.21697,0.00141103,0.001,0.00158489,0.234798,0.2,0.25,0.0736138,0,0.1,3.08438e-06,2.32493e+06,157533,83826.5,0.01,0.95,10,10000,0.938,0.497,60,13,0.0507394,0,0.216667
127,10000,3.42766,3.16228,4.21697,0.00136681,0.001,0.00158489,0.227599,0.2,0.25,0.155572,0.1,0.2,3.08438e-06,5.81232e+06,235110,209566,0.01,0.95,10,10000,0.938,0.497,150,36,0.0304906,0,0.24
128,10000,3.37172,3.16228,4.21697,0.00140557,0.001,0.00158489,0.228183,0.2,0.25,0.248948,0.2,0.3,3.08438e-06,8.21475e+06,285536,296187,0.01,0.95,10,10000,0.938,0.497,212,49,0.0261348,0,0.231132
129,10000,3.35877,3.16228,4.21697,0.00139702,0.001,0.00158489,0.227354,0.2,0.25,0.348723,0.3,0.4,3.08438e-06,9.6872e+06,218714,349277,0.01,0.95,10,10000,0.938,0.497,250,104,0.0179391,0,0.416
130,10000,3.3625,3.16228,4.21697,0.00139834,0.001,0.00158489,0.225458,0.2,0.25,0.454765,0.4,0.5,3.08438e-06,8.176e+06,195020,294790,0.01,0.95,10,10000,0.938,0.497,211,92,0.0190732,0,0.436019
131,10000,3.37144,3.16228,4.21697,0.00139654,0.001,0.00158489,0.225956,0.2,0.25,0.546315,0.5,0.6,3.08438e-06,7.40102e+06,155046,266848,0.01,0.95,10,10000,0.938,0.497,191,109,0.0175228,0,0.570681
132,10000,3.36601,3.16228,4.21697,0.00138022,0.001,0.00158489,0.226315,0.2,0.25,0.644148,0.6,0.7,3.08438e-06,6.27731e+06,133109,226331,0.01,0.95,10,10000,0.938,0.497,162,102,0.0181141,0,0.62963
133,10000,3.39315,3.16228,4.21697,0.001406,0.001,0.00158489,0.226397,0.2,0.25,0.745799,0.7,0.8,3.08438e-06,3.99113e+06,108391,143902,0.01,0.95,10,10000,0.938,0.497,103,63,0.0230487,0,0.61165
134,10000,3.34895,3.16228,4.21697,0.00137561,0.001,0.00158489,0.227025,0.2,0.25,0.848447,0.8,0.9,3.08438e-06,3.3324e+06,87563.8,120151,0.01,0.95,10,10000,0.938,0.497,86,62,0.0232338,0,0.72093
135,10000,3.35696,3.16228,4.21697,0.00139172,0.001,0.00158489,0.222403,0.2,0.25,0.943528,0.9,1,3.08438e-06,2.09244e+06,65300.9,75443.8,0.01,0.95,10,10000,0.938,0.497,54,42,0.0282288,0,0.777778
136,10000,3.38715,3.16228,4.21697,0.00140917,0.001,0.00158489,0.224869,0.2,0.25,1.16934,1,1.5,1.54219e-05,906722,18550,32692.3,0.01,0.95,10,10000,0.938,0.497,117,95,0.0187696,0,0.811966
137,10000,3.33352,3.16228,4.21697,0.00136197,0.001,0.00158489,0.275796,0.25,0.3,0.0714171,0,0.1,3.08438e-06,852474,48672.4,30736.4,0.01,0.95,10,10000,0.938,0.497,22,14,0.0488937,0,0.636364
138,10000,3.35055,3.16228,4.21697,0.00134799,0.001,0.00158489,0.271132,0.25,0.3,0.159228,0.1,0.2,3.08438e-06,3.0999e+06,102949,111769,0.01,0.95,10,10000,0.938,0.497,80,44,0.0275798,0,0.55
139,10000,3.3895,3.16228,4.21697,0.00138754,0.001,0.00158489,0.272939,0.25,0.3,0.247278,0.2,0.3,3.08438e-06,5.11484e+06,134280,184418,0.01,0.95,10,10000,0.938,0.497,132,71,0.0217114,0,0.537879
140,10000,3.36325,3.16228,4.21697,0.0013876,0.001,0.00158489,0.274909,0.25,0.3,0.355014,0.3,0.4,3.08438e-06,6.3548e+06,147626,229126,0.01,0.95,10,10000,0.938,0.497,164,90,0.0192839,0,0.54878
141,10000,3.38236,3.16228,4.21697,0.00140997,0.001,0.00158489,0.276876,0.25,0.3,0.447653,0.4,0.5,3.08438e-06,6.70354e+06,132146,241700,0.01,0.95,10,10000,0.938,0.497,173,115,0.0170596,0,0.66474
142,10000,3.36917,3.16228,4.21697,0.00138131,0.001,0.00158489,0.274109,0.25,0.3,0.551771,0.5,0.6,3.08438e-06,5.46358e+06,113559,196992,0.01,0.95,10,10000,0.938,0.497,141,100,0.0182943,0,0.70922
143,10000,3.34351,3.16228,4.21697,0.00137032,0.001,0.00158489,0.27245,0.25,0.3,0.651043,0.6,0.7,3.08438e-06,4.53361e+06,101520,163462,0.01,0.95,10,10000,0.938,0.497,117,85,0.019843,0,0.726496
144,10000,3.38071,3.16228,4.21697,0.00139088,0.001,0.00158489,0.273242,0.25,0.3,0.745277,0.7,0.8,3.08438e-06,3.21615e+06,86972.1,115960,0.01,0.95,10,10000,0.938,0.497,83,59,0.0238172,0,0.710843
145,10000,3.4182,3.16228,4.21697,0.00143035,0.001,0.00158489,0.275845,0.25,0.3,0.847054,0.8,0.9,3.08438e-06,2.82866e+06,71495.9,101989,0.01,0.95,10,10000,0.938,0.497,73,61,0.0234235,0,0.835616
146,10000,3.36393,3.16228,4.21697,0.00137825,0.001,0.00158489,0.276918,0.25,0.3,0.946391,0.9,1,3.08438e-06,1.62745e+06,63267.7,58678.5,0.01,0.95,10,10000,0.938,0.497,42,29,0.0339717,0,0.690476
147,10000,3.37381,3.16228,4.21697,0.00138609,0.001,0.00158489,0.27375,0.25,0.3,1.20171,1,1.5,1.54219e-05,774976,16323.3,27942.2,0.01,0.95,10,10000,0.938,0.497,100,86,0.0197273,0,0.86
148,10000,3.37652,3.16228,4.21697,0.00141318,0.001,0.00158489,0.335507,0.3,0.4,0.0618065,0,0.1,6.16877e-06,774976,30549,27942.2,0.01,0.95,10,10000,0.938,0.497,40,28,0.0345731,0,0.7
149,10000,3.35149,3.16228,4.21697,0.00141357,0.001,0.00158489,0.345935,0.3,0.4,0.152518,0.1,0.2,6.16877e-06,1.91807e+06,45163.2,69156.8,0.01,0.95,10,10000,0.938,0.497,99,75,0.0211245,0,0.757576
150,10000,3.33795,3.16228,4.21697,0.00140901,0.001,0.00158489,0.342763,0.3,0.4,0.249496,0.2,0.3,6.16877e-06,3.04178e+06,58022.8,109673,0.01,0.95,10,10000,0.938,0.497,157,116,0.0169859,0,0.738854
151,10000,3.37979,3.16228,4.21697,0.00141043,0.001,0.00158489,0.34533,0.3,0.4,0.349372,0.3,0.4,6.16877e-06,3.23553e+06,58477.2,116659,0.01,0.95,10,10000,0.938,0.497,167,127,0.0162336,0,0.760479
152,10000,3.34385,3.16228,4.21697,0.00139548,0.001,0.00158489,0.349155,0.3,0.4,0.452157,0.4,0.5,6.16877e-06,3.1774e+06,61362.9,114563,0.01,0.95,10,10000,0.938,0.497,164,116,0.0169859,0,0.707317
153,10000,3.34991,3.16228,4.21697,0.00139438,0.001,0.00158489,0.342095,0.3,0.4,0.547733,0.5,0.6,6.16877e-06,3.29365e+06,58736.4,118754,0.01,0.95,10,10000,0.938,0.497,170,130,0.0160452,0,0.764706
154,10000,3.36179,3.16228,4.21697,0.00140991,0.001,0.00158489,0.346395,0.3,0.4,0.649941,0.6,0.7,6.16877e-06,2.82866e+06,57581.6,101989,0.01,0.95,10,10000,0.938,0.497,146,104,0.0179391,0,0.712329
155,10000,3.37712,3.16228,4.21697,0.0014064,0.001,0.00158489,0.348583,0.3,0.4,0.747359,0.7,0.8,6.16877e-06,2.03431e+06,40737.2,73348.2,0.01,0.95,10,10000,0.938,0.497,105,93,0.0189703,0,0.885714
156,10000,3.33897,3.16228,4.21697,0.0013737,0.001,0.00158489,0.334416,0.3,0.4,0.846941,0.8,0.9,6.16877e-06,1.95681e+06,47864.2,70554,0.01,0.95,10,10000,0.938,0.497,101,72,0.0215601,0,0.712871
157,10000,3.37314,3.16228,4.21697,0.00141645,0.001,0.00158489,0.343816,0.3,0.4,0.945518,0.9,1,6.16877e-06,1.20121e+06,35722.1,43310.3,0.01,0.95,10,10000,0.938,0.497,62,47,0.026685,0,0.758065
158,10000,3.35656,3.16228,4.21697,0.00138521,0.001,0.00158489,0.34447,0.3,0.4,1.19402,1,1.5,3.08438e-05,437861,9011.53,15787.3,0.01,0.95,10,10000,0.938,0.497,113,93,0.0189703,0,0.823009
159,10000,3.34962,3.16228,4.21697,0.00135479,0.001,0.00158489,0.439627,0.4,0.5,0.065219,0,0.1,6.16877e-06,368114,18116.5,13272.5,0.01,0.95,10,10000,0.938,0.497,19,16,0.0457358,0,0.842105
160,10000,3.35828,3.16228,4.21697,0.00141572,0.001,0.00158489,0.445298,0.4,0.5,0.161132,0.1,0.2,6.16877e-06,871848,30514.5,31434.9,0.01,0.95,10,10000,0.938,0.497,45,34,0.0313745,0,0.755556
161,10000,3.35663,3.16228,4.21697,0.00139367,0.001,0.00158489,0.448596,0.4,0.5,0.249969,0.2,0.3,6.16877e-06,1.35621e+06,42391.5,48898.8,0.01,0.95,10,10000,0.938,0.497,70,46,0.0269735,0,0.657143
162,10000,3.36182,3.16228,4.21697,0.00140616,0.001,0.00158489,0.439407,0.4,0.5,0.34671,0.3,0.4,6.16877e-06,1.5887e+06,37660.8,57281.4,0.01,0.95,10,10000,0.938,0.497,82,69,0.0220238,0,0.841463
163,10000,3.35369,3.16228,4.21697,0.00142067,0.001,0.00158489,0.440582,0.4,0.5,0.449459,0.4,0.5,6.16877e-06,1.64682e+06,41532.9,59377.1,0.01,0.95,10,10000,0.938,0.497,85,65,0.0226913,0,0.764706
164,10000,3.35763,3.16228,4.21697,0.00139512,0.001,0.00158489,0.444409,0.4,0.5,0.54911,0.5,0.6,6.16877e-06,1.41433e+06,40716.3,50994.4,0.01,0.95,10,10000,0.938,0.497,73,52,0.0253697,0,0.712329
165,10000,3.37279,3.16228,4.21697,0.00138948,0.001,0.00158489,0.439593,0.4,0.5,0.647908,0.6,0.7,6.16877e-06,1.68557e+06,41779.1,60774.2,0.01,0.95,10,10000,0.938,0.497,87,67,0.0223501,0,0.770115
166,10000,3.30337,3.16228,4.21697,0.00139107,0.001,0.00158489,0.442849,0.4,0.5,0.750978,0.7,0.8,6.16877e-06,1.16246e+06,35444.2,41913.2,0.01,0.95,10,10000,0.938,0.497,60,45,0.0272716,0,0.75
167,10000,3.36545,3.16228,4.21697,0.00143346,0.001,0.00158489,0.451642,0.4,0.5,0.849568,0.8,0.9,6.16877e-06,736227,27815.5,26545.1,0.01,0.95,10,10000,0.938,0.497,38,29,0.0339717,0,0.763158
168,10000,3.36768,3.16228,4.21697,0.00136571,0.001,0.00158489,0.448925,0.4,0.5,0.945082,0.9,1,6.16877e-06,716853,23384.9,25846.5,0.01,0.95,10,10000,0.938,0.497,37,34,0.0313745,0,0.918919
169,10000,3.36104,3.16228,4.21697,0.00141462,0.001,0.00158489,0.440831,0.4,0.5,1.16508,1,1.5,3.08438e-05,236368,7371.59,8522.36,0.01,0.95,10,10000,0.938,0.497,61,44,0.0275798,0,0.721311
170,10000,3.38312,3.16228,4.21697,0.00141268,0.001,0.00158489,0.542442,0.5,0.6,0.0635774,0,0.1,6.16877e-06,232493,21266.5,8382.65,0.01,0.95,10,10000,0.938,0.497,12,6,0.0746863,0,0.5
171,10000,3.35347,3.16228,4.21697,0.00140857,0.001,0.00158489,0.554365,0.5,0.6,0.147736,0.1,0.2,6.16877e-06,523109,22212.1,18861,0.01,0.95,10,10000,0.938,0.497,27,22,0.0390037,0,0.814815
172,10000,3.36599,3.16228,4.21697,0.00138022,0.001,0.00158489,0.553802,0.5,0.6,0.250846,0.2,0.3,6.16877e-06,755602,29579,27243.6,0.01,0.95,10,10000,0.938,0.497,39,28,0.0345731,0,0.717949
173,10000,3.33354,3.16228,4.21697,0.00142907,0.001,0.00158489,0.549207,0.5,0.6,0.356844,0.3,0.4,6.16877e-06,619981,24239.6,22353.7,0.01,0.95,10,10000,0.938,0.497,32,26,0.0358782,0,0.8125
174,10000,3.37377,3.16228,4.21697,0.0014187,0.001,0.00158489,0.54795,0.5,0.6,0.45251,0.4,0.5,6.16877e-06,600606,21746.3,21655.2,0.01,0.95,10,10000,0.938,0.497,31,28,0.0345731,0,0.903226
175,10000,3.35506,3.16228,4.21697,0.00141987,0.001,0.00158489,0.545879,0.5,0.6,0.546817,0.5,0.6,6.16877e-06,542483,-nan,19559.5,0.01,0.95,10,10000,0.938,0.497,28,29,0.0339717,0,1.03571
176,10000,3.33414,3.16228,4.21697,0.00141102,0.001,0.00158489,0.546985,0.5,0.6,0.645702,0.6,0.7,6.16877e-06,794350,23255.8,28640.7,0.01,0.95,10,10000,0.938,0.497,41,40,0.0289259,0,0.97561
177,10000,3.34601,3.16228,4.21697,0.00138203,0.001,0.00158489,0.542181,0.5,0.6,0.751559,0.7,0.8,6.16877e-06,600606,24832,21655.2,0.01,0.95,10,10000,0.938,0.497,31,24,0.0373432,0,0.774194
178,10000,3.38305,3.16228,4.21697,0.00143425,0.001,0.00158489,0.544638,0.5,0.6,0.845879,0.8,0.9,6.16877e-06,464986,21452.2,16765.3,0.01,0.95,10,10000,0.938,0.497,24,19,0.0419701,0,0.791667
179,10000,3.37866,3.16228,4.21697,0.00137162,0.001,0.00158489,0.543895,0.5,0.6,0.949145,0.9,1,6.16877e-06,523109,19112.6,18861,0.01,0.95,10,10000,0.938,0.497,27,26,0.0358782,0,0.962963
180,10000,3.35237,3.16228,4.21697,0.00141252,0.001,0.00158489,0.538233,0.5,0.6,1.19758,1,1.5,3.08438e-05,162745,5856.34,5867.85,0.01,0.95,10,10000,0.938,0.497,42,32,0.0323401,0,0.761905
181,10000,3.22927,3.16228,4.21697,0.00137529,0.001,0.00158489,0.612562,0.6,0.7,0.0435627,0,0.1,6.16877e-06,19374.4,-nan,698.554,0.01,0.95,10,10000,0.938,0.497,1,2,0.129361,0,2
182,10000,3.47764,3.16228,4.21697,0.00143094,0.001,0.00158489,0.628015,0.6,0.7,0.120274,0.1,0.2,6.16877e-06,154995,26524,5588.43,0.01,0.95,10,10000,0.938,0.497,8,2,0.129361,0,0.25
183,10000,3.3642,3.16228,4.21697,0.00143805,0.001,0.00158489,0.637987,0.6,0.7,0.240637,0.2,0.3,6.16877e-06,445611,25699.2,16066.7,0.01,0.95,10,10000,0.938,0.497,23,14,0.0488937,0,0.608696
184,10000,3.36097,3.16228,4.21697,0.00137942,0.001,0.00158489,0.64763,0.6,0.7,0.354065,0.3,0.4,6.16877e-06,406862,19697,14669.6,0.01,0.95,10,10000,0.938,0.497,21,17,0.0443703,0,0.809524
185,10000,3.37234,3.16228,4.21697,0.00138517,0.001,0.00158489,0.655309,0.6,0.7,0.453472,0.4,0.5,6.16877e-06,348739,-nan,12574,0.01,0.95,10,10000,0.938,0.497,18,22,0.0390037,0,1.22222
186,10000,3.35102,3.16228,4.21697,0.0014278,0.001,0.00158489,0.652478,0.6,0.7,0.550585,0.5,0.6,6.16877e-06,329365,18574.1,11875.4,0.01,0.95,10,10000,0.938,0.497,17,13,0.0507394,0,0.764706
187,10000,3.40162,3.16228,4.21697,0.00136648,0.001,0.00158489,0.651155,0.6,0.7,0.658161,0.6,0.7,6.16877e-06,329365,-nan,11875.4,0.01,0.95,10,10000,0.938,0.497,17,18,0.0431202,0,1.05882
188,10000,3.32422,3.16228,4.21697,0.0014281,0.001,0.00158489,0.635924,0.6,0.7,0.741391,0.7,0.8,6.16877e-06,309990,26793.3,11176.9,0.01,0.95,10,10000,0.938,0.497,16,7,0.0691461,0,0.4375
189,10000,3.3297,3.16228,4.21697,0.00132554,0.001,0.00158489,0.634556,0.6,0.7,0.838075,0.8,0.9,6.16877e-06,213118,19196.7,7684.09,0.01,0.95,10,10000,0.938,0.497,11,6,0.0746863,0,0.545455
190,10000,3.30032,3.16228,4.21697,0.00127922,0.001,0.00158489,0.647348,0.6,0.7,0.957194,0.9,1,6.16877e-06,213118,17208.3,7684.09,0.01,0.95,10,10000,0.938,0.497,11,7,0.0691461,0,0.636364
191,10000,3.44079,3.16228,4.21697,0.00142001,0.001,0.00158489,0.645082,0.6,0.7,1.12656,1,1.5,3.08438e-05,42623.7,-nan,1536.82,0.01,0.95,10,10000,0.938,0.497,11,14,0.0488937,0,1.27273
192,10000,3.30685,3.16228,4.21697,0.00144031,0.001,0.00158489,0.769337,0.7,0.8,0.0898311,0,0.1,6.16877e-06,58123.2,6139.11,2095.66,0.01,0.95,10,10000,0.938,0.497,3,3,0.105622,0,1
193,10000,3.18446,3.16228,4.21697,0.00132352,0.001,0.00158489,0.763406,0.7,0.8,0.158943,0.1,0.2,6.16877e-06,38748.8,-nan,1397.11,0.01,0.95,10,10000,0.938,0.497,2,4,0.0914717,0,2
194,10000,3.37269,3.16228,4.21697,0.00140523,0.001,0.00158489,0.732491,0.7,0.8,0.246191,0.2,0.3,6.16877e-06,213118,14128.4,7684.09,0.01,0.95,10,10000,0.938,0.497,11,9,0.0609811,0,0.818182
195,10000,3.51709,3.16228,4.21697,0.0015109,0.001,0.00158489,0.749549,0.7,0.8,0.372767,0.3,0.4,6.16877e-06,135621,-nan,4889.88,0.01,0.95,10,10000,0.938,0.497,7,9,0.0609811,0,1.28571
196,10000,3.38417,3.16228,4.21697,0.0014306,0.001,0.00158489,0.734479,0.7,0.8,0.43185,0.4,0.5,6.16877e-06,368114,32512.7,13272.5,0.01,0.95,10,10000,0.938,0.497,19,7,0.0691461,0,0.368421
197,10000,3.39747,3.16228,4.21697,0.00148014,0.001,0.00158489,0.740237,0.7,0.8,0.54656,0.5,0.6,6.16877e-06,135621,9377.65,4889.88,0.01,0.95,10,10000,0.938,0.497,7,7,0.0691461,0,1
198,10000,3.31182,3.16228,4.21697,0.00140189,0.001,0.00158489,0.743748,0.7,0.8,0.641166,0.6,0.7,6.16877e-06,193744,15274.5,6985.54,0.01,0.95,10,10000,0.938,0.497,10,7,0.0691461,0,0.7
199,10000,3.38544,3.16228,4.21697,0.00139496,0.001,0.00158489,0.752361,0.7,0.8,0.738323,0.7,0.8,6.16877e-06,193744,15274.5,6985.54,0.01,0.95,10,10000,0.938,0.497,10,7,0.0691461,0,0.7
200,10000,3.26722,3.16228,4.21697,0.00132641,0.001,0.00158489,0.742425,0.7,0.8,0.85725,0.8,0.9,6.16877e-06,58123.2,-nan,2095.66,0.01,0.95,10,10000,0.938,0.497,3,4,0.0914717,0,1.33333
201,10000,3.3807,3.16228,4.21697,0.00143403,0.001,0.00158489,0.742257,0.7,0.8,0.946294,0.9,1,6.16877e-06,174370,17145.6,6286.99,0.01,0.95,10,10000,0.938,0.497,9,5,0.0818148,0,0.555556
202,10000,3.36678,3.16228,4.21697,0.00139577,0.001,0.00158489,0.741148,0.7,0.8,1.19178,1,1.5,3.08438e-05,38748.8,2241.69,1397.11,0.01,0.95,10,10000,0.938,0.497,10,10,0.0578518,0,1
203,10000,3.31664,3.16228,4.21697,0.00134821,0.001,0.00158489,0.810508,0.8,0.9,0.0533655,0,0.1,6.16877e-06,38748.8,-nan,1397.11,0.01,0.95,10,10000,0.938,0.497,2,3,0.105622,0,1.5
204,10000,3.44482,3.16228,4.21697,0.00156899,0.001,0.00158489,0.89052,0.8,0.9,0.10181,0.1,0.2,6.16877e-06,96872,23776.7,3492.77,0.01,0.95,10,10000,0.938,0.497,5,1,0.182943,0,0.2
205,10000,3.20661,3.16228,4.21697,0.00126752,0.001,0.00158489,0.855059,0.8,0.9,0.26967,0.2,0.3,6.16877e-06,58123.2,8682.02,2095.66,0.01,0.95,10,10000,0.938,0.497,3,2,0.129361,0,0.666667
206,10000,3.47531,3.16228,4.21697,0.00143614,0.001,0.00158489,0.806141,0.8,0.9,0.351299,0.3,0.4,6.16877e-06,116246,19413.6,4191.32,0.01,0.95,10,10000,0.938,0.497,6,2,0.129361,0,0.333333
207,10000,3.35491,3.16228,4.21697,0.00138762,0.001,0.00158489,0.844997,0.8,0.9,0.454097,0.4,0.5,6.16877e-06,135621,-nan,4889.88,0.01,0.95,10,10000,0.938,0.497,7,11,0.0551595,0,1.57143
208,10000,3.42441,3.16228,4.21697,0.00140677,0.001,0.00158489,0.851288,0.8,0.9,0.557517,0.5,0.6,6.16877e-06,174370,15037.7,6286.99,0.01,0.95,10,10000,0.938,0.497,9,6,0.0746863,0,0.666667
209,10000,3.35964,3.16228,4.21697,0.00139444,0.001,0.00158489,0.842718,0.8,0.9,0.671635,0.6,0.7,6.16877e-06,116246,8682.02,4191.32,0.01,0.95,10,10000,0.938,0.497,6,6,0.0746863,0,1
210,10000,3.4275,3.16228,4.21697,0.00145007,0.001,0.00158489,0.871324,0.8,0.9,0.718141,0.7,0.8,6.16877e-06,38748.8,5012.57,1397.11,0.01,0.95,10,10000,0.938,0.497,2,2,0.129361,0,1
211,10000,3.69298,3.16228,4.21697,0.00154994,0.001,0.00158489,0.822247,0.8,0.9,0.866019,0.8,0.9,6.16877e-06,19374.4,3544.42,698.554,0.01,0.95,10,10000,0.938,0.497,1,1,0.182943,0,1
212,10000,3.37114,3.16228,4.21697,0.00130897,0.001,0.00158489,0.869893,0.8,0.9,0.926376,0.9,1,6.16877e-06,38748.8,5012.57,1397.11,0.01,0.95,10,10000,0.938,0.497,2,2,0.129361,0,1
213,10000,3.27654,3.16228,4.21697,0.00127382,0.001,0.00158489,0.813309,0.8,0.9,1.29797,1,1.5,3.08438e-05,11624.6,1227.82,419.132,0.01,0.95,10,10000,0.938,0.497,3,3,0.105622,0,1
214,10000,3.36784,3.16228,4.21697,0.00150092,0.001,0.00158489,0.925167,0.9,1,0.0642619,0,0.1,6.16877e-06,58123.2,6139.11,2095.66,0.01,0.95,10,10000,0.938,0.497,3,3,0.105622,0,1
215,10000,3.25608,3.16228,4.21697,0.0014284,0.001,0.00158489,0.925346,0.9,1,0.120786,0.1,0.2,6.16877e-06,58123.2,8682.02,2095.66,0.01,0.95,10,10000,0.938,0.497,3,2,0.129361,0,0.666667
216,10000,3.56123,3.16228,4.21697,0.00149043,0.001,0.00158489,0.959112,0.9,1,0.245862,0.2,0.3,6.16877e-06,19374.4,3544.42,698.554,0.01,0.95,10,10000,0.938,0.497,1,1,0.182943,0,1
217,10000,3.28116,3.16228,4.21697,0.00147146,0.001,0.00158489,0.936676,0.9,1,0.382434,0.3,0.4,6.16877e-06,38748.8,5012.57,1397.11,0.01,0.95,10,10000,0.938,0.497,2,2,0.129361,0,1
218,10000,3.26409,3.16228,4.21697,0.00124999,0.001,0.00158489,0.928253,0.9,1,0.541344,0.5,0.6,6.16877e-06,19374.4,-nan,698.554,0.01,0.95,10,10000,0.938,0.497,1,2,0.129361,0,2
219,10000,3.44943,3.16228,4.21697,0.00134093,0.001,0.00158489,0.924701,0.9,1,0.95424,0.9,1,6.16877e-06,19374.4,3544.42,698.554,0.01,0.95,10,10000,0.938,0.497,1,1,0.182943,0,1
220,10000,3.44058,3.16228,4.21697,0.00153179,0.001,0.00158489,0.921768,0.9,1,1.01932,1,1.5,3.08438e-05,3874.88,708.884,139.711,0.01,0.95,10,10000,0.938,0.497,1,1,0.182943,0,1
221,10000,3.66875,3.16228,4.21697,0.00223484,0.00158489,0.00251189,0.0893197,0.05,0.1,0.083965,0,0.1,4.88848e-06,1.93632e+07,1.38372e+06,698151,0.01,0.95,10,10000,0.938,0.497,792,13,0.0507394,0,0.0164141
222,10000,3.65436,3.16228,4.21697,0.00202588,0.00158489,0.00251189,0.0792232,0.05,0.1,0.166724,0.1,0.2,4.88848e-06,4.67456e+07,1.18141e+06,1.68544e+06,0.01,0.95,10,10000,0.938,0.497,1912,102,0.0181141,0,0.0533473
223,10000,3.65744,3.16228,4.21697,0.00201656,0.00158489,0.00251189,0.0775157,0.05,0.1,0.255032,0.2,0.3,4.88848e-06,6.10724e+07,935256,2.202e+06,0.01,0.95,10,10000,0.938,0.497,2498,270,0.0111336,0,0.108086
224,10000,3.66453,3.16228,4.21697,0.0019753,0.00158489,0.00251189,0.0787936,0.05,0.1,0.354022,0.3,0.4,4.88848e-06,6.08768e+07,771048,2.19495e+06,0.01,0.95,10,10000,0.938,0.497,2490,385,0.00932366,0,0.154618
225,10000,3.63165,3.16228,4.21697,0.00202136,0.00158489,0.00251189,0.076958,0.05,0.1,0.454473,0.4,0.5,4.88848e-06,5.19042e+07,494189,1.87143e+06,0.01,0.95,10,10000,0.938,0.497,2123,629,0.00729443,0,0.296279
226,10000,3.60946,3.16228,4.21697,0.002027,0.00158489,0.00251189,0.0752081,0.05,0.1,0.549452,0.5,0.6,4.88848e-06,4.10246e+07,357209,1.47916e+06,0.01,0.95,10,10000,0.938,0.497,1678,699,0.00691955,0,0.416567
227,10000,3.59186,3.16228,4.21697,0.00203276,0.00158489,0.00251189,0.0736926,0.05,0.1,0.648987,0.6,0.7,4.88848e-06,2.98761e+07,244586,1.0772e+06,0.01,0.95,10,10000,0.938,0.497,1222,709,0.00687058,0,0.580196
228,10000,3.58708,3.16228,4.21697,0.00203609,0.00158489,0.00251189,0.0723917,0.05,0.1,0.75036,0.7,0.8,4.88848e-06,2.25171e+07,176000,811865,0.01,0.95,10,10000,0.938,0.497,921,687,0.00697973,0,0.745928
229,10000,3.57683,3.16228,4.21697,0.00203534,0.00158489,0.00251189,0.0729195,0.05,0.1,0.847327,0.8,0.9,4.88848e-06,1.59893e+07,143309,576504,0.01,0.95,10,10000,0.938,0.497,654,509,0.00810882,0,0.778287
230,10000,3.58296,3.16228,4.21697,0.00201115,0.00158489,0.00251189,0.0722827,0.05,0.1,0.948589,0.9,1,4.88848e-06,1.06107e+07,110950,382573,0.01,0.95,10,10000,0.938,0.497,434,359,0.00965538,0,0.827189
231,10000,3.59274,3.16228,4.21697,0.00203855,0.00158489,0.00251189,0.0741906,0.05,0.1,1.19363,1,1.5,2.44424e-05,4.42518e+06,31028.7,159552,0.01,0.95,10,10000,0.938,0.497,905,777,0.00656306,0,0.858564
232,10000,3.57714,3.16228,4.21697,0.00211188,0.00158489,0.00251189,0.129945,0.1,0.15,0.0677944,0,0.1,4.88848e-06,1.28355e+07,301114,462790,0.01,0.95,10,10000,0.938,0.497,525,109,0.0175228,0,0.207619
233,10000,3.59401,3.16228,4.21697,0.00203759,0.00158489,0.00251189,0.127794,0.1,0.15,0.156873,0.1,0.2,4.88848e-06,3.24676e+07,409654,1.17064e+06,0.01,0.95,10,10000,0.938,0.497,1328,363,0.00960204,0,0.273343
234,10000,3.59377,3.16228,4.21697,0.00203321,0.00158489,0.00251189,0.125707,0.1,0.15,0.251386,0.2,0.3,4.88848e-06,4.05601e+07,394993,1.46242e+06,0.01,0.95,10,10000,0.938,0.497,1659,582,0.00758325,0,0.350814
235,10000,3.60612,3.16228,4.21697,0.00202763,0.00158489,0.00251189,0.124317,0.1,0.15,0.351247,0.3,0.4,4.88848e-06,3.99978e+07,329182,1.44214e+06,0.01,0.95,10,10000,0.938,0.497,1636,759,0.00664042,0,0.463936
236,10000,3.60099,3.16228,4.21697,0.0020001,0.00158489,0.00251189,0.123719,0.1,0.15,0.450453,0.4,0.5,4.88848e-06,3.57193e+07,276529,1.28788e+06,0.01,0.95,10,10000,0.938,0.497,1461,808,0.00643593,0,0.553046
237,10000,3.59051,3.16228,4.21697,0.00202879,0.00158489,0.00251189,0.124631,0.1,0.15,0.548869,0.5,0.6,4.88848e-06,2.7529e+07,211759,992574,0.01,0.95,10,10000,0.938,0.497,1126,753,0.00666683,0,0.668739
238,10000,3.60402,3.16228,4.21697,0.00203729,0.00158489,0.00251189,0.123718,0.1,0.15,0.647451,0.6,0.7,4.88848e-06,2.16369e+07,172556,780131,0.01,0.95,10,10000,0.938,0.497,885,660,0.00712106,0,0.745763
239,10000,3.5969,3.16228,4.21697,0.002013,0.00158489,0.00251189,0.124346,0.1,0.15,0.746035,0.7,0.8,4.88848e-06,1.53781e+07,142572,554466,0.01,0.95,10,10000,0.938,0.497,629,481,0.0083415,0,0.764706
240,10000,3.59597,3.16228,4.21697,0.00203716,0.00158489,0.00251189,0.123207,0.1,0.15,0.846934,0.8,0.9,4.88848e-06,1.06107e+07,113628,382573,0.01,0.95,10,10000,0.938,0.497,434,349,0.00979274,0,0.804147
241,10000,3.58357,3.16228,4.21697,0.00200974,0.00158489,0.00251189,0.122695,0.1,0.15,0.947659,0.9,1,4.88848e-06,7.67684e+06,93369,276792,0.01,0.95,10,10000,0.938,0.497,314,263,0.0112808,0,0.83758
242,10000,3.60853,3.16228,4.21697,0.00202989,0.00158489,0.00251189,0.123065,0.1,0.15,1.19749,1,1.5,2.44424e-05,3.00228e+06,25735.2,108249,0.01,0.95,10,10000,0.938,0.497,614,523,0.00799956,0,0.851792
243,10000,3.46229,3.16228,4.21697,0.00217163,0.00158489,0.00251189,0.173949,0.15,0.2,0.0668648,0,0.1,4.88848e-06,7.67684e+06,163915,276792,0.01,0.95,10,10000,0.938,0.497,314,119,0.0167704,0,0.378981
244,10000,3.49973,3.16228,4.21697,0.00212549,0.00158489,0.00251189,0.171828,0.15,0.2,0.153115,0.1,0.2,4.88848e-06,2.03167e+07,256137,732530,0.01,0.95,10,10000,0.938,0.497,831,336,0.00998038,0,0.404332
245,10000,3.51813,3.16228,4.21697,0.00209315,0.00158489,0.00251189,0.173721,0.15,0.2,0.252493,0.2,0.3,4.88848e-06,2.64289e+07,264669,952906,0.01,0.95,10,10000,0.938,0.497,1081,510,0.00810087,0,0.471785
246,10000,3.54314,3.16228,4.21697,0.0020606,0.00158489,0.00251189,0.173103,0.15,0.2,0.350534,0.3,0.4,4.88848e-06,2.82381e+07,246877,1.01814e+06,0.01,0.95,10,10000,0.938,0.497,1155,635,0.00725989,0,0.549784
247,10000,3.56509,3.16228,4.21697,0.00206789,0.00158489,0.00251189,0.173441,0.15,0.2,0.450207,0.4,0.5,4.88848e-06,2.48153e+07,228334,894727,0.01,0.95,10,10000,0.938,0.497,1015,569,0.00766939,0,0.560591
248,10000,3.55741,3.16228,4.21697,0.00204039,0.00158489,0.00251189,0.173793,0.15,0.2,0.549154,0.5,0.6,4.88848e-06,2.10991e+07,198189,760738,0.01,0.95,10,10000,0.938,0.497,863,527,0.00796914,0,0.61066
249,10000,3.56022,3.16228,4.21697,0.00203825,0.00158489,0.00251189,0.172819,0.15,0.2,0.646878,0.6,0.7,4.88848e-06,1.60627e+07,159124,579148,0.01,0.95,10,10000,0.938,0.497,657,449,0.00863363,0,0.683409
250,10000,3.56651,3.16228,4.21697,0.00204499,0.00158489,0.00251189,0.172067,0.15,0.2,0.748676,0.7,0.8,4.88848e-06,1.18086e+07,122866,425767,0.01,0.95,10,10000,0.938,0.497,483,377,0.00942206,0,0.780538
251,10000,3.55735,3.16228,4.21697,0.0020187,0.00158489,0.00251189,0.172694,0.15,0.2,0.847226,0.8,0.9,4.88848e-06,7.57904e+06,94846.9,273266,0.01,0.95,10,10000,0.938,0.497,310,253,0.0115016,0,0.816129
252,10000,3.57391,3.16228,4.21697,0.00199714,0.00158489,0.00251189,0.175526,0.15,0.2,0.947405,0.9,1,4.88848e-06,5.13419e+06,76316.4,185116,0.01,0.95,10,10000,0.938,0.497,210,176,0.0137899,0,0.838095
253,10000,3.5789,3.16228,4.21697,0.00204522,0.00158489,0.00251189,0.172688,0.15,0.2,1.19315,1,1.5,2.44424e-05,2.39107e+06,23282.9,86211.1,0.01,0.95,10,10000,0.938,0.497,489,410,0.00903493,0,0.838446
254,10000,3.47241,3.16228,4.21697,0.0021314,0.00158489,0.00251189,0.224973,0.2,0.25,0.0694564,0,0.1,4.88848e-06,5.28088e+06,126369,190405,0.01,0.95,10,10000,0.938,0.497,216,92,0.0190732,0,0.425926
255,10000,3.50569,3.16228,4.21697,0.00213343,0.00158489,0.00251189,0.22233,0.2,0.25,0.155613,0.1,0.2,4.88848e-06,1.352e+07,188308,487472,0.01,0.95,10,10000,0.938,0.497,553,263,0.0112808,0,0.475588
256,10000,3.51914,3.16228,4.21697,0.00207743,0.00158489,0.00251189,0.2233,0.2,0.25,0.253101,0.2,0.3,4.88848e-06,1.79452e+07,216573,647024,0.01,0.95,10,10000,0.938,0.497,734,350,0.00977874,0,0.476839
257,10000,3.56396,3.16228,4.21697,0.00207407,0.00158489,0.00251189,0.223383,0.2,0.25,0.350867,0.3,0.4,4.88848e-06,1.80186e+07,212426,649669,0.01,0.95,10,10000,0.938,0.497,737,363,0.00960204,0,0.492537
258,10000,3.54535,3.16228,4.21697,0.00205652,0.00158489,0.00251189,0.222906,0.2,0.25,0.448804,0.4,0.5,4.88848e-06,1.68695e+07,197762,608238,0.01,0.95,10,10000,0.938,0.497,690,360,0.00964196,0,0.521739
259,10000,3.56238,3.16228,4.21697,0.00202756,0.00158489,0.00251189,0.224605,0.2,0.25,0.546739,0.5,0.6,4.88848e-06,1.46202e+07,166676,527140,0.01,0.95,10,10000,0.938,0.497,598,360,0.00964196,0,0.602007
260,10000,3.56401,3.16228,4.21697,0.00204225,0.00158489,0.00251189,0.223902,0.2,0.25,0.651804,0.6,0.7,4.88848e-06,1.24443e+07,151444,448686,0.01,0.95,10,10000,0.938,0.497,509,313,0.0103406,0,0.614931
261,10000,3.56552,3.16228,4.21697,0.0020319,0.00158489,0.00251189,0.221899,0.2,0.25,0.747388,0.7,0.8,4.88848e-06,8.89926e+06,125966,320868,0.01,0.95,10,10000,0.938,0.497,364,229,0.0120892,0,0.629121
262,10000,3.5884,3.16228,4.21697,0.00203053,0.00158489,0.00251189,0.223311,0.2,0.25,0.843717,0.8,0.9,4.88848e-06,5.72096e+06,89755.1,206272,0.01,0.95,10,10000,0.938,0.497,234,172,0.0139493,0,0.735043
263,10000,3.58282,3.16228,4.21697,0.00203932,0.00158489,0.00251189,0.224066,0.2,0.25,0.952427,0.9,1,4.88848e-06,4.57188e+06,73509,164841,0.01,0.95,10,10000,0.938,0.497,187,153,0.0147901,0,0.818182
264,10000,3.5842,3.16228,4.21697,0.0020572,0.00158489,0.00251189,0.224609,0.2,0.25,1.17941,1,1.5,2.44424e-05,1.78474e+06,20060.7,64349.8,0.01,0.95,10,10000,0.938,0.497,365,307,0.0104411,0,0.841096
265,10000,3.56649,3.16228,4.21697,0.00215918,0.00158489,0.00251189,0.273929,0.25,0.3,0.0654534,0,0.1,4.88848e-06,2.66489e+06,78479.9,96084,0.01,0.95,10,10000,0.938,0.497,109,57,0.0242314,0,0.522936
266,10000,3.5502,3.16228,4.21697,0.00212006,0.00158489,0.00251189,0.273678,0.25,0.3,0.156003,0.1,0.2,4.88848e-06,9.02151e+06,134888,325275,0.01,0.95,10,10000,0.938,0.497,369,213,0.0125351,0,0.577236
267,10000,3.57325,3.16228,4.21697,0.00205825,0.00158489,0.00251189,0.273215,0.25,0.3,0.25249,0.2,0.3,4.88848e-06,1.09285e+07,144525,394032,0.01,0.95,10,10000,0.938,0.497,447,268,0.011175,0,0.599553
268,10000,3.58303,3.16228,4.21697,0.00204329,0.00158489,0.00251189,0.273359,0.25,0.3,0.348303,0.3,0.4,4.88848e-06,1.30066e+07,167742,468960,0.01,0.95,10,10000,0.938,0.497,532,292,0.010706,0,0.548872
269,10000,3.60154,3.16228,4.21697,0.00204358,0.00158489,0.00251189,0.273558,0.25,0.3,0.447611,0.4,0.5,4.88848e-06,1.20042e+07,143881,432819,0.01,0.95,10,10000,0.938,0.497,491,316,0.0102914,0,0.643585
270,10000,3.60815,3.16228,4.21697,0.00202664,0.00158489,0.00251189,0.273768,0.25,0.3,0.548045,0.5,0.6,4.88848e-06,1.01217e+07,130114,364943,0.01,0.95,10,10000,0.938,0.497,414,272,0.0110926,0,0.657005
271,10000,3.61018,3.16228,4.21697,0.00203622,0.00158489,0.00251189,0.274575,0.25,0.3,0.651281,0.6,0.7,4.88848e-06,9.26599e+06,134442,334090,0.01,0.95,10,10000,0.938,0.497,379,224,0.0122234,0,0.591029
272,10000,3.55045,3.16228,4.21697,0.00202495,0.00158489,0.00251189,0.273931,0.25,0.3,0.749592,0.7,0.8,4.88848e-06,6.89449e+06,111520,248584,0.01,0.95,10,10000,0.938,0.497,282,176,0.0137899,0,0.624113
273,10000,3.5689,3.16228,4.21697,0.00199239,0.00158489,0.00251189,0.273202,0.25,0.3,0.848657,0.8,0.9,4.88848e-06,5.37868e+06,100792,193931,0.01,0.95,10,10000,0.938,0.497,220,133,0.0158632,0,0.604545
274,10000,3.60781,3.16228,4.21697,0.00200679,0.00158489,0.00251189,0.271425,0.25,0.3,0.948235,0.9,1,4.88848e-06,3.44724e+06,73346.4,124292,0.01,0.95,10,10000,0.938,0.497,141,97,0.0185751,0,0.687943
275,10000,3.60082,3.16228,4.21697,0.00200202,0.00158489,0.00251189,0.272888,0.25,0.3,1.18396,1,1.5,2.44424e-05,1.39357e+06,19998.2,50245.7,0.01,0.95,10,10000,0.938,0.497,285,207,0.0127154,0,0.726316
276,10000,3.58135,3.16228,4.21697,0.00209741,0.00158489,0.00251189,0.342135,0.3,0.4,0.0676879,0,0.1,9.77696e-06,1.50358e+06,32369.6,54212.5,0.01,0.95,10,10000,0.938,0.497,123,91,0.0191777,0,0.739837
277,10000,3.54082,3.16228,4.21697,0.00204393,0.00158489,0.00251189,0.345627,0.3,0.4,0.155508,0.1,0.2,9.77696e-06,4.41296e+06,56470.7,159112,0.01,0.95,10,10000,0.938,0.497,361,261,0.0113239,0,0.722992
278,10000,3.57532,3.16228,4.21697,0.00205406,0.00158489,0.00251189,0.347816,0.3,0.4,0.250987,0.2,0.3,9.77696e-06,5.90432e+06,66388.4,212883,0.01,0.95,10,10000,0.938,0.497,483,342,0.00989245,0,0.708075
279,10000,3.56892,3.16228,4.21697,0.0020248,0.00158489,0.00251189,0.346318,0.3,0.4,0.351036,0.3,0.4,9.77696e-06,6.95561e+06,69224.8,250788,0.01,0.95,10,10000,0.938,0.497,569,424,0.00888452,0,0.745167
280,10000,3.60025,3.16228,4.21697,0.00202317,0.00158489,0.00251189,0.343779,0.3,0.4,0.450654,0.4,0.5,9.77696e-06,6.78447e+06,70054.6,244617,0.01,0.95,10,10000,0.938,0.497,555,401,0.00913576,0,0.722523
281,10000,3.59802,3.16228,4.21697,0.00203907,0.00158489,0.00251189,0.344997,0.3,0.4,0.550209,0.5,0.6,9.77696e-06,6.35662e+06,69496.6,229191,0.01,0.95,10,10000,0.938,0.497,520,364,0.00958884,0,0.7
282,10000,3.59178,3.16228,4.21697,0.00202903,0.00158489,0.00251189,0.345173,0.3,0.4,0.649962,0.6,0.7,9.77696e-06,5.52537e+06,65332.7,199220,0.01,0.95,10,10000,0.938,0.497,452,313,0.0103406,0,0.692478
283,10000,3.61714,3.16228,4.21697,0.00203615,0.00158489,0.00251189,0.344432,0.3,0.4,0.746731,0.7,0.8,9.77696e-06,4.30294e+06,55847,155145,0.01,0.95,10,10000,0.938,0.497,352,254,0.0114789,0,0.721591
284,10000,3.59461,3.16228,4.21697,0.0020531,0.00158489,0.00251189,0.344173,0.3,0.4,0.846391,0.8,0.9,9.77696e-06,3.61838e+06,49493.3,130463,0.01,0.95,10,10000,0.938,0.497,296,223,0.0122508,0,0.753378
285,10000,3.63039,3.16228,4.21697,0.0020247,0.00158489,0.00251189,0.341171,0.3,0.4,0.943276,0.9,1,9.77696e-06,2.5182e+06,40488.8,90794.9,0.01,0.95,10,10000,0.938,0.497,206,159,0.0145084,0,0.771845
286,10000,3.60089,3.16228,4.21697,0.00203187,0.00158489,0.00251189,0.346132,0.3,0.4,1.20049,1,1.5,4.88848e-05,938824,11378.3,33849.8,0.01,0.95,10,10000,0.938,0.497,384,286,0.0108177,0,0.744792
287,10000,3.60036,3.16228,4.21697,0.00191462,0.00158489,0.00251189,0.434538,0.4,0.5,0.0724205,0,0.1,9.77696e-06,709007,21786.8,25563.6,0.01,0.95,10,10000,0.938,0.497,58,44,0.0275798,0,0.758621
288,10000,3.54281,3.16228,4.21697,0.00203985,0.00158489,0.00251189,0.444051,0.4,0.5,0.158708,0.1,0.2,9.77696e-06,1.94366e+06,33044.1,70079.6,0.01,0.95,10,10000,0.938,0.497,159,134,0.0158039,0,0.842767
289,10000,3.51108,3.16228,4.21697,0.00203982,0.00158489,0.00251189,0.443597,0.4,0.5,0.251969,0.2,0.3,9.77696e-06,2.72601e+06,39302.6,98287.7,0.01,0.95,10,10000,0.938,0.497,223,187,0.0133781,0,0.838565
290,10000,3.57349,3.16228,4.21697,0.00203876,0.00158489,0.00251189,0.446159,0.4,0.5,0.349144,0.3,0.4,9.77696e-06,3.20276e+06,45519.2,115477,0.01,0.95,10,10000,0.938,0.497,262,203,0.0128401,0,0.774809
291,10000,3.5601,3.16228,4.21697,0.00202245,0.00158489,0.00251189,0.444551,0.4,0.5,0.450541,0.4,0.5,9.77696e-06,3.19053e+06,43863,115036,0.01,0.95,10,10000,0.938,0.497,261,211,0.0125943,0,0.808429
292,10000,3.59548,3.16228,4.21697,0.00204011,0.00158489,0.00251189,0.445899,0.4,0.5,0.549276,0.5,0.6,9.77696e-06,3.23943e+06,44412.2,116799,0.01,0.95,10,10000,0.938,0.497,265,213,0.0125351,0,0.803774
293,10000,3.55827,3.16228,4.21697,0.0020421,0.00158489,0.00251189,0.439712,0.4,0.5,0.649746,0.6,0.7,9.77696e-06,2.60377e+06,39856.7,93880.2,0.01,0.95,10,10000,0.938,0.497,213,171,0.01399,0,0.802817
294,10000,3.56605,3.16228,4.21697,0.00203201,0.00158489,0.00251189,0.448679,0.4,0.5,0.75079,0.7,0.8,9.77696e-06,2.37151e+06,36986.3,85505.9,0.01,0.95,10,10000,0.938,0.497,194,161,0.014418,0,0.829897
295,10000,3.5681,3.16228,4.21697,0.00200697,0.00158489,0.00251189,0.445873,0.4,0.5,0.849628,0.8,0.9,9.77696e-06,1.74807e+06,33332.9,63027.6,0.01,0.95,10,10000,0.938,0.497,143,112,0.0172865,0,0.783217
296,10000,3.61962,3.16228,4.21697,0.00198686,0.00158489,0.00251189,0.443086,0.4,0.5,0.947567,0.9,1,9.77696e-06,1.32022e+06,28300,47601.2,0.01,0.95,10,10000,0.938,0.497,108,87,0.0196136,0,0.805556
297,10000,3.61289,3.16228,4.21697,0.00205541,0.00158489,0.00251189,0.443965,0.4,0.5,1.1859,1,1.5,4.88848e-05,581875,8211.58,20979.8,0.01,0.95,10,10000,0.938,0.497,238,197,0.0130342,0,0.827731
298,10000,3.55348,3.16228,4.21697,0.00204006,0.00158489,0.00251189,0.54505,0.5,0.6,0.059176,0,0.1,9.77696e-06,268934,12606.7,9696.55,0.01,0.95,10,10000,0.938,0.497,22,18,0.0431202,0,0.818182
299,10000,3.56342,3.16228,4.21697,0.00203642,0.00158489,0.00251189,0.546695,0.5,0.6,0.155269,0.1,0.2,9.77696e-06,965717,23775.9,34819.4,0.01,0.95,10,10000,0.938,0.497,79,65,0.0226913,0,0.822785
300,10000,3.565,3.16228,4.21697,0.00206944,0.00158489,0.00251189,0.543756,0.5,0.6,0.256059,0.2,0.3,9.77696e-06,1.52803e+06,33337.5,55094,0.01,0.95,10,10000,0.938,0.497,125,90,0.0192839,0,0.72
301,10000,3.56372,3.16228,4.21697,0.00202404,0.00158489,0.00251189,0.545368,0.5,0.6,0.347077,0.3,0.4,9.77696e-06,1.43024e+06,27045,51568,0.01,0.95,10,10000,0.938,0.497,117,104,0.0179391,0,0.888889
302,10000,3.47713,3.16228,4.21697,0.00200785,0.00158489,0.00251189,0.545829,0.5,0.6,0.451214,0.4,0.5,9.77696e-06,1.50358e+06,31269.3,54212.5,0.01,0.95,10,10000,0.938,0.497,123,95,0.0187696,0,0.772358
303,10000,3.60313,3.16228,4.21697,0.0020577,0.00158489,0.00251189,0.549152,0.5,0.6,0.550475,0.5,0.6,9.77696e-06,1.62583e+06,34887.2,58620,0.01,0.95,10,10000,0.938,0.497,133,94,0.0188692,0,0.706767
304,10000,3.5563,3.16228,4.21697,0.00203031,0.00158489,0.00251189,0.544972,0.5,0.6,0.643283,0.6,0.7,9.77696e-06,1.51581e+06,32149.5,54653.3,0.01,0.95,10,10000,0.938,0.497,124,93,0.0189703,0,0.75
305,10000,3.58983,3.16228,4.21697,0.0020708,0.00158489,0.00251189,0.544073,0.5,0.6,0.748342,0.7,0.8,9.77696e-06,1.12463e+06,27373.9,40549.2,0.01,0.95,10,10000,0.938,0.497,92,70,0.0218659,0,0.76087
306,10000,3.62371,3.16228,4.21697,0.00208524,0.00158489,0.00251189,0.550932,0.5,0.6,0.84683,0.8,0.9,9.77696e-06,916820,23720.1,33056.4,0.01,0.95,10,10000,0.938,0.497,75,60,0.0236179,0,0.8
307,10000,3.56071,3.16228,4.21697,0.00202749,0.00158489,0.00251189,0.548702,0.5,0.6,0.952253,0.9,1,9.77696e-06,696783,22106.4,25122.9,0.01,0.95,10,10000,0.938,0.497,57,42,0.0282288,0,0.736842
308,10000,3.52775,3.16228,4.21697,0.00204321,0.00158489,0.00251189,0.550799,0.5,0.6,1.20096,1,1.5,4.88848e-05,371618,6735.15,13398.9,0.01,0.95,10,10000,0.938,0.497,152,122,0.0165629,0,0.802632
309,10000,3.41416,3.16228,4.21697,0.0020096,0.00158489,0.00251189,0.638943,0.6,0.7,0.0637471,0,0.1,9.77696e-06,158915,9415.87,5729.78,0.01,0.95,10,10000,0.938,0.497,13,11,0.0551595,0,0.846154
310,10000,3.5295,3.16228,4.21697,0.00204,0.00158489,0.00251189,0.644328,0.6,0.7,0.158643,0.1,0.2,9.77696e-06,476746,20334.8,17189.3,0.01,0.95,10,10000,0.938,0.497,39,25,0.0365887,0,0.641026
311,10000,3.59942,3.16228,4.21697,0.00199947,0.00158489,0.00251189,0.642136,0.6,0.7,0.258839,0.2,0.3,9.77696e-06,562316,17681.7,20274.6,0.01,0.95,10,10000,0.938,0.497,46,39,0.0292944,0,0.847826
312,10000,3.53722,3.16228,4.21697,0.00209178,0.00158489,0.00251189,0.642474,0.6,0.7,0.346395,0.3,0.4,9.77696e-06,721232,22276.9,26004.4,0.01,0.95,10,10000,0.938,0.497,59,44,0.0275798,0,0.745763
313,10000,3.55442,3.16228,4.21697,0.00202444,0.00158489,0.00251189,0.641769,0.6,0.7,0.455504,0.4,0.5,9.77696e-06,904596,22657.3,32615.7,0.01,0.95,10,10000,0.938,0.497,74,62,0.0232338,0,0.837838
314,10000,3.58644,3.16228,4.21697,0.00200872,0.00158489,0.00251189,0.644394,0.6,0.7,0.549735,0.5,0.6,9.77696e-06,733456,20496.5,26445.1,0.01,0.95,10,10000,0.938,0.497,60,50,0.0258721,0,0.833333
315,10000,3.59712,3.16228,4.21697,0.00207364,0.00158489,0.00251189,0.637993,0.6,0.7,0.650685,0.6,0.7,9.77696e-06,611213,20634.5,22037.6,0.01,0.95,10,10000,0.938,0.497,50,37,0.0300757,0,0.74
316,10000,3.54262,3.16228,4.21697,0.002013,0.00158489,0.00251189,0.644327,0.6,0.7,0.756868,0.7,0.8,9.77696e-06,598989,22482,21596.9,0.01,0.95,10,10000,0.938,0.497,49,32,0.0323401,0,0.653061
317,10000,3.6105,3.16228,4.21697,0.00208173,0.00158489,0.00251189,0.645981,0.6,0.7,0.836627,0.8,0.9,9.77696e-06,403401,13242.2,14544.8,0.01,0.95,10,10000,0.938,0.497,33,32,0.0323401,0,0.969697
318,10000,3.54372,3.16228,4.21697,0.00205017,0.00158489,0.00251189,0.645488,0.6,0.7,0.946124,0.9,1,9.77696e-06,415625,13831.1,14985.6,0.01,0.95,10,10000,0.938,0.497,34,32,0.0323401,0,0.941176
319,10000,3.59687,3.16228,4.21697,0.00204612,0.00158489,0.00251189,0.644972,0.6,0.7,1.22168,1,1.5,4.88848e-05,198033,4614.84,7140.18,0.01,0.95,10,10000,0.938,0.497,81,70,0.0218659,0,0.864198
320,10000,3.51111,3.16228,4.21697,0.00198655,0.00158489,0.00251189,0.770887,0.7,0.8,0.0719234,0,0.1,9.77696e-06,61121.3,6124.49,2203.76,0.01,0.95,10,10000,0.938,0.497,5,4,0.0914717,0,0.8
321,10000,3.5888,3.16228,4.21697,0.0019207,0.00158489,0.00251189,0.754447,0.7,0.8,0.159588,0.1,0.2,9.77696e-06,244485,12249,8815.04,0.01,0.95,10,10000,0.938,0.497,20,16,0.0457358,0,0.8
322,10000,3.57977,3.16228,4.21697,0.00200113,0.00158489,0.00251189,0.750487,0.7,0.8,0.252305,0.2,0.3,9.77696e-06,330055,14567,11900.3,0.01,0.95,10,10000,0.938,0.497,27,21,0.0399215,0,0.777778
323,10000,3.69061,3.16228,4.21697,0.00207471,0.00158489,0.00251189,0.751697,0.7,0.8,0.343172,0.3,0.4,9.77696e-06,171140,8988.3,6170.53,0.01,0.95,10,10000,0.938,0.497,14,13,0.0507394,0,0.928571
324,10000,3.49543,3.16228,4.21697,0.00211705,0.00158489,0.00251189,0.744116,0.7,0.8,0.455739,0.4,0.5,9.77696e-06,476746,19194.4,17189.3,0.01,0.95,10,10000,0.938,0.497,39,27,0.0352075,0,0.692308
325,10000,3.40763,3.16228,4.21697,0.00196459,0.00158489,0.00251189,0.746079,0.7,0.8,0.55927,0.5,0.6,9.77696e-06,232261,10275.3,8374.29,0.01,0.95,10,10000,0.938,0.497,19,18,0.0431202,0,0.947368
326,10000,3.5888,3.16228,4.21697,0.0020683,0.00158489,0.00251189,0.739636,0.7,0.8,0.648381,0.6,0.7,9.77696e-06,293382,-nan,10578.1,0.01,0.95,10,10000,0.938,0.497,24,27,0.0352075,0,1.125
327,10000,3.51362,3.16228,4.21697,0.00194342,0.00158489,0.00251189,0.733613,0.7,0.8,0.748881,0.7,0.8,9.77696e-06,268934,14584.9,9696.55,0.01,0.95,10,10000,0.938,0.497,22,15,0.0472358,0,0.681818
328,10000,3.5335,3.16228,4.21697,0.00196122,0.00158489,0.00251189,0.758127,0.7,0.8,0.86901,0.8,0.9,9.77696e-06,220037,14303.7,7933.54,0.01,0.95,10,10000,0.938,0.497,18,11,0.0551595,0,0.611111
329,10000,3.53619,3.16228,4.21697,0.00203027,0.00158489,0.00251189,0.728271,0.7,0.8,0.951979,0.9,1,9.77696e-06,183364,11383.2,6611.28,0.01,0.95,10,10000,0.938,0.497,15,11,0.0551595,0,0.733333
330,10000,3.59661,3.16228,4.21697,0.00203763,0.00158489,0.00251189,0.747035,0.7,0.8,1.16299,1,1.5,4.88848e-05,112463,3616.21,4054.92,0.01,0.95,10,10000,0.938,0.497,46,38,0.0296773,0,0.826087
331,10000,3.48549,3.16228,4.21697,0.00207785,0.00158489,0.00251189,0.836913,0.8,0.9,0.0642566,0,0.1,9.77696e-06,73345.6,7746.94,2644.51,0.01,0.95,10,10000,0.938,0.497,6,4,0.0914717,0,0.666667
332,10000,3.53634,3.16228,4.21697,0.00184927,0.00158489,0.00251189,0.836037,0.8,0.9,0.154176,0.1,0.2,9.77696e-06,24448.5,-nan,881.504,0.01,0.95,10,10000,0.938,0.497,2,6,0.0746863,0,3
333,10000,3.54336,3.16228,4.21697,0.00209729,0.00158489,0.00251189,0.842791,0.8,0.9,0.240997,0.2,0.3,9.77696e-06,146691,10955.8,5289.03,0.01,0.95,10,10000,0.938,0.497,12,8,0.0646803,0,0.666667
334,10000,3.57741,3.16228,4.21697,0.00198257,0.00158489,0.00251189,0.850239,0.8,0.9,0.371753,0.3,0.4,9.77696e-06,134467,8914.28,4848.27,0.01,0.95,10,10000,0.938,0.497,11,9,0.0609811,0,0.818182
335,10000,3.58982,3.16228,4.21697,0.00193098,0.00158489,0.00251189,0.844849,0.8,0.9,0.44612,0.4,0.5,9.77696e-06,183364,-nan,6611.28,0.01,0.95,10,10000,0.938,0.497,15,16,0.0457358,0,1.06667
336,10000,3.59634,3.16228,4.21697,0.00213011,0.00158489,0.00251189,0.84934,0.8,0.9,0.539365,0.5,0.6,9.77696e-06,220037,11226.4,7933.54,0.01,0.95,10,10000,0.938,0.497,18,15,0.0472358,0,0.833333
337,10000,3.4033,3.16228,4.21697,0.00202467,0.00158489,0.00251189,0.845246,0.8,0.9,0.655589,0.6,0.7,9.77696e-06,207813,14284.6,7492.79,0.01,0.95,10,10000,0.938,0.497,17,10,0.0578518,0,0.588235
338,10000,3.57203,3.16228,4.21697,0.00214015,0.00158489,0.00251189,0.842879,0.8,0.9,0.737558,0.7,0.8,9.77696e-06,97794.1,7172.27,3526.02,0.01,0.95,10,10000,0.938,0.497,8,7,0.0691461,0,0.875
339,10000,3.45389,3.16228,4.21697,0.00212555,0.00158489,0.00251189,0.842404,0.8,0.9,0.86191,0.8,0.9,9.77696e-06,110018,9488.02,3966.77,0.01,0.95,10,10000,0.938,0.497,9,6,0.0746863,0,0.666667
340,10000,3.32012,3.16228,4.21697,0.00195114,0.00158489,0.00251189,0.850513,0.8,0.9,0.969268,0.9,1,9.77696e-06,73345.6,9488.02,2644.51,0.01,0.95,10,10000,0.938,0.497,6,3,0.105622,0,0.5
341,10000,3.74277,3.16228,4.21697,0.00216328,0.00158489,0.00251189,0.842548,0.8,0.9,1.27385,1,1.5,4.88848e-05,36672.8,1980.92,1322.26,0.01,0.95,10,10000,0.938,0.497,15,13,0.0507394,0,0.866667
342,10000,3.52981,3.16228,4.21697,0.0020044,0.00158489,0.00251189,0.978646,0.9,1,0.015491,0,0.1,9.77696e-06,12224.3,2236.35,440.752,0.01,0.95,10,10000,0.938,0.497,1,1,0.182943,0,1
343,10000,3.32483,3.16228,4.21697,0.00234282,0.00158489,0.00251189,0.904841,0.9,1,0.206245,0.2,0.3,9.77696e-06,24448.5,5477.91,881.504,0.01,0.95,10,10000,0.938,0.497,2,1,0.182943,0,0.5
344,10000,3.37179,3.16228,4.21697,0.00191518,0.00158489,0.00251189,0.915851,0.9,1,0.341612,0.3,0.4,9.77696e-06,61121.3,6124.49,2203.76,0.01,0.95,10,10000,0.938,0.497,5,4,0.0914717,0,0.8
345,10000,3.77266,3.16228,4.21697,0.001809,0.00158489,0.00251189,0.977712,0.9,1,0.497473,0.4,0.5,9.77696e-06,36672.8,8661.34,1322.26,0.01,0.95,10,10000,0.938,0.497,3,1,0.182943,0,0.333333
346,10000,3.86866,3.16228,4.21697,0.00226645,0.00158489,0.00251189,0.963511,0.9,1,0.524621,0.5,0.6,9.77696e-06,48897.1,11833.6,1763.01,0.01,0.95,10,10000,0.938,0.497,4,1,0.182943,0,0.25
347,10000,3.67183,3.16228,4.21697,0.00201088,0.00158489,0.00251189,0.930401,0.9,1,0.672785,0.6,0.7,9.77696e-06,61121.3,6124.49,2203.76,0.01,0.95,10,10000,0.938,0.497,5,4,0.0914717,0,0.8
348,10000,3.66758,3.16228,4.21697,0.00207602,0.00158489,0.00251189,0.919662,0.9,1,0.763851,0.7,0.8,9.77696e-06,12224.3,-nan,440.752,0.01,0.95,10,10000,0.938,0.497,1,3,0.105622,0,3
349,10000,3.48262,3.16228,4.21697,0.00192015,0.00158489,0.00251189,0.938324,0.9,1,0.840434,0.8,0.9,9.77696e-06,24448.5,3162.67,881.504,0.01,0.95,10,10000,0.938,0.497,2,2,0.129361,0,1
350,10000,3.31031,3.16228,4.21697,0.00195416,0.00158489,0.00251189,0.940765,0.9,1,0.91795,0.9,1,9.77696e-06,24448.5,3162.67,881.504,0.01,0.95,10,10000,0.938,0.497,2,2,0.129361,0,1
351,10000,3.5808,3.16228,4.21697,0.00199038,0.00158489,0.00251189,0.928739,0.9,1,1.32296,1,1.5,4.88848e-05,9779.41,1154.85,352.602,0.01,0.95,10,10000,0.938,0.497,4,3,0.105622,0,0.75
352,10000,3.53857,3.16228,4.21697,0.00344303,0.00251189,0.00398107,0.0837517,0.05,0.1,0.0733653,0,0.1,7.74763e-06,1.34979e+07,654660,486673,0.01,0.95,10,10000,0.938,0.497,875,28,0.0345731,0,0.032
353,10000,3.55864,3.16228,4.21697,0.00325249,0.00251189,0.00398107,0.0744174,0.05,0.1,0.156381,0.1,0.2,7.74763e-06,3.48168e+07,579959,1.25534e+06,0.01,0.95,10,10000,0.938,0.497,2257,229,0.0120892,0,0.101462
354,10000,3.57434,3.16228,4.21697,0.00322949,0.00251189,0.00398107,0.0721431,0.05,0.1,0.251292,0.2,0.3,7.74763e-06,4.32086e+07,648727,1.55791e+06,0.01,0.95,10,10000,0.938,0.497,2801,282,0.0108941,0,0.100678
355,10000,3.56878,3.16228,4.21697,0.00330299,0.00251189,0.00398107,0.0734462,0.05,0.1,0.356227,0.3,0.4,7.74763e-06,4.41342e+07,497709,1.59128e+06,0.01,0.95,10,10000,0.938,0.497,2861,482,0.00833284,0,0.168473
356,10000,3.57669,3.16228,4.21697,0.00323891,0.00251189,0.00398107,0.0720936,0.05,0.1,0.453448,0.4,0.5,7.74763e-06,3.56035e+07,289351,1.2837e+06,0.01,0.95,10,10000,0.938,0.497,2308,831,0.00634624,0,0.360052
357,10000,3.61718,3.16228,4.21697,0.00326375,0.00251189,0.00398107,0.0717411,0.05,0.1,0.549594,0.5,0.6,7.74763e-06,2.82453e+07,221339,1.0184e+06,0.01,0.95,10,10000,0.938,0.497,1831,840,0.00631215,0,0.458766
358,10000,3.59982,3.16228,4.21697,0.00321693,0.00251189,0.00398107,0.0715405,0.05,0.1,0.647061,0.6,0.7,7.74763e-06,2.27073e+07,163303,818723,0.01,0.95,10,10000,0.938,0.497,1472,899,0.0061015,0,0.610734
359,10000,3.60933,3.16228,4.21697,0.0032057,0.00251189,0.00398107,0.0711767,0.05,0.1,0.748204,0.7,0.8,7.74763e-06,1.56113e+07,122665,562872,0.01,0.95,10,10000,0.938,0.497,1012,706,0.00688517,0,0.697628
360,10000,3.60084,3.16228,4.21697,0.00321846,0.00251189,0.00398107,0.0735053,0.05,0.1,0.846237,0.8,0.9,7.74763e-06,1.1693e+07,101518,421598,0.01,0.95,10,10000,0.938,0.497,758,560,0.00773077,0,0.738786
361,10000,3.61504,3.16228,4.21697,0.00319223,0.00251189,0.00398107,0.0734842,0.05,0.1,0.944232,0.9,1,7.74763e-06,8.51523e+06,80992.1,307021,0.01,0.95,10,10000,0.938,0.497,552,443,0.0086919,0,0.802536
362,10000,3.62604,3.16228,4.21697,0.00318983,0.00251189,0.00398107,0.0728036,0.05,0.1,1.1769,1,1.5,3.87382e-05,3.1531e+06,21955.6,113687,0.01,0.95,10,10000,0.938,0.497,1022,824,0.00637314,0,0.806262
363,10000,3.76489,3.16228,4.21697,0.00307969,0.00251189,0.00398107,0.126743,0.1,0.15,0.0709811,0,0.1,7.74763e-06,8.77748e+06,244809,316476,0.01,0.95,10,10000,0.938,0.497,569,80,0.0204537,0,0.140598
364,10000,3.72528,3.16228,4.21697,0.0031357,0.00251189,0.00398107,0.130397,0.1,0.15,0.156918,0.1,0.2,7.74763e-06,2.35866e+07,366649,850426,0.01,0.95,10,10000,0.938,0.497,1529,254,0.0114789,0,0.166122
365,10000,3.71583,3.16228,4.21697,0.00312803,0.00251189,0.00398107,0.130088,0.1,0.15,0.254961,0.2,0.3,7.74763e-06,3.00347e+07,343632,1.08292e+06,0.01,0.95,10,10000,0.938,0.497,1947,452,0.00860493,0,0.232152
366,10000,3.67272,3.16228,4.21697,0.0031431,0.00251189,0.00398107,0.127943,0.1,0.15,0.351396,0.3,0.4,7.74763e-06,3.04049e+07,278632,1.09627e+06,0.01,0.95,10,10000,0.938,0.497,1971,663,0.00710493,0,0.336377
367,10000,3.66712,3.16228,4.21697,0.00317466,0.00251189,0.00398107,0.125496,0.1,0.15,0.449087,0.4,0.5,7.74763e-06,2.48824e+07,222426,897147,0.01,0.95,10,10000,0.938,0.497,1613,665,0.00709424,0,0.412275
368,10000,3.63953,3.16228,4.21697,0.00317487,0.00251189,0.00398107,0.124563,0.1,0.15,0.550435,0.5,0.6,7.74763e-06,2.027e+07,175231,730844,0.01,0.95,10,10000,0.938,0.497,1314,668,0.00707829,0,0.508371
369,10000,3.62042,3.16228,4.21697,0.0031508,0.00251189,0.00398107,0.125796,0.1,0.15,0.647981,0.6,0.7,7.74763e-06,1.52873e+07,135316,551192,0.01,0.95,10,10000,0.938,0.497,991,597,0.00748737,0,0.602422
370,10000,3.64336,3.16228,4.21697,0.00317209,0.00251189,0.00398107,0.123511,0.1,0.15,0.749409,0.7,0.8,7.74763e-06,1.06132e+07,103610,382664,0.01,0.95,10,10000,0.938,0.497,688,465,0.0084838,0,0.675872
371,10000,3.63676,3.16228,4.21697,0.00319666,0.00251189,0.00398107,0.123936,0.1,0.15,0.847605,0.8,0.9,7.74763e-06,8.09873e+06,87661.2,292004,0.01,0.95,10,10000,0.938,0.497,525,370,0.00951077,0,0.704762
372,10000,3.63329,3.16228,4.21697,0.00319747,0.00251189,0.00398107,0.12304,0.1,0.15,0.946921,0.9,1,7.74763e-06,6.0162e+06,66998,216917,0.01,0.95,10,10000,0.938,0.497,390,319,0.0102429,0,0.817949
373,10000,3.61933,3.16228,4.21697,0.00316831,0.00251189,0.00398107,0.12434,0.1,0.15,1.19673,1,1.5,3.87382e-05,2.32009e+06,18532.6,83652.1,0.01,0.95,10,10000,0.938,0.497,752,618,0.00735906,0,0.821809
374,10000,3.64828,3.16228,4.21697,0.00310804,0.00251189,0.00398107,0.175448,0.15,0.2,0.0652184,0,0.1,7.74763e-06,6.18589e+06,94579.9,223035,0.01,0.95,10,10000,0.938,0.497,401,211,0.0125943,0,0.526185
375,10000,3.65414,3.16228,4.21697,0.00315624,0.00251189,0.00398107,0.175268,0.15,0.2,0.154045,0.1,0.2,7.74763e-06,1.55804e+07,142699,561760,0.01,0.95,10,10000,0.938,0.497,1010,572,0.00764925,0,0.566337
376,10000,3.62133,3.16228,4.21697,0.00319922,0.00251189,0.00398107,0.175039,0.15,0.2,0.252093,0.2,0.3,7.74763e-06,2.05168e+07,164548,739743,0.01,0.95,10,10000,0.938,0.497,1330,748,0.00668907,0,0.562406
377,10000,3.64433,3.16228,4.21697,0.0031729,0.00251189,0.00398107,0.176003,0.15,0.2,0.349456,0.3,0.4,7.74763e-06,1.95604e+07,157307,705259,0.01,0.95,10,10000,0.938,0.497,1268,735,0.00674797,0,0.579653
378,10000,3.61754,3.16228,4.21697,0.00318708,0.00251189,0.00398107,0.174446,0.15,0.2,0.448348,0.4,0.5,7.74763e-06,1.94215e+07,154036,700253,0.01,0.95,10,10000,0.938,0.497,1259,748,0.00668907,0,0.594122
379,10000,3.61699,3.16228,4.21697,0.00319212,0.00251189,0.00398107,0.174252,0.15,0.2,0.550565,0.5,0.6,7.74763e-06,1.5673e+07,133730,565097,0.01,0.95,10,10000,0.938,0.497,1016,633,0.00727135,0,0.623031
380,10000,3.6328,3.16228,4.21697,0.0031345,0.00251189,0.00398107,0.173499,0.15,0.2,0.648724,0.6,0.7,7.74763e-06,1.22329e+07,115267,441065,0.01,0.95,10,10000,0.938,0.497,793,511,0.00809294,0,0.644388
381,10000,3.62583,3.16228,4.21697,0.00318448,0.00251189,0.00398107,0.174297,0.15,0.2,0.748168,0.7,0.8,7.74763e-06,8.99344e+06,92878,324263,0.01,0.95,10,10000,0.938,0.497,583,408,0.00905705,0,0.699828
382,10000,3.63456,3.16228,4.21697,0.00317769,0.00251189,0.00398107,0.175281,0.15,0.2,0.846822,0.8,0.9,7.74763e-06,6.18589e+06,70451.7,223035,0.01,0.95,10,10000,0.938,0.497,401,314,0.0103241,0,0.783042
383,10000,3.6358,3.16228,4.21697,0.00317762,0.00251189,0.00398107,0.174746,0.15,0.2,0.947528,0.9,1,7.74763e-06,4.44273e+06,56870.4,160185,0.01,0.95,10,10000,0.938,0.497,288,239,0.0118336,0,0.829861
384,10000,3.62436,3.16228,4.21697,0.00318626,0.00251189,0.00398107,0.173624,0.15,0.2,1.19024,1,1.5,3.87382e-05,1.80177e+06,16243.6,64963.9,0.01,0.95,10,10000,0.938,0.497,584,483,0.00832421,0,0.827055
385,10000,3.55085,3.16228,4.21697,0.00313784,0.00251189,0.00398107,0.222392,0.2,0.25,0.0635535,0,0.1,7.74763e-06,3.08523e+06,50979.2,111240,0.01,0.95,10,10000,0.938,0.497,200,152,0.0148387,0,0.76
386,10000,3.57937,3.16228,4.21697,0.00318868,0.00251189,0.00398107,0.223941,0.2,0.25,0.154562,0.1,0.2,7.74763e-06,9.27111e+06,89277.7,334275,0.01,0.95,10,10000,0.938,0.497,601,451,0.00861447,0,0.750416
387,10000,3.59662,3.16228,4.21697,0.00319855,0.00251189,0.00398107,0.224194,0.2,0.25,0.2494,0.2,0.3,7.74763e-06,1.26957e+07,112288,457751,0.01,0.95,10,10000,0.938,0.497,823,563,0.00771014,0,0.684083
388,10000,3.59782,3.16228,4.21697,0.0032459,0.00251189,0.00398107,0.224271,0.2,0.25,0.347941,0.3,0.4,7.74763e-06,1.38218e+07,113473,498353,0.01,0.95,10,10000,0.938,0.497,896,639,0.00723713,0,0.71317
389,10000,3.61501,3.16228,4.21697,0.00321869,0.00251189,0.00398107,0.224789,0.2,0.25,0.44843,0.4,0.5,7.74763e-06,1.28191e+07,116308,462200,0.01,0.95,10,10000,0.938,0.497,831,546,0.00782925,0,0.65704
390,10000,3.59786,3.16228,4.21697,0.00321052,0.00251189,0.00398107,0.223541,0.2,0.25,0.548984,0.5,0.6,7.74763e-06,1.06595e+07,100092,384333,0.01,0.95,10,10000,0.938,0.497,691,490,0.00826454,0,0.709117
391,10000,3.60804,3.16228,4.21697,0.0032001,0.00251189,0.00398107,0.221779,0.2,0.25,0.647557,0.6,0.7,7.74763e-06,8.49981e+06,89153,306465,0.01,0.95,10,10000,0.938,0.497,551,392,0.00924004,0,0.711434
392,10000,3.6162,3.16228,4.21697,0.00319774,0.00251189,0.00398107,0.222226,0.2,0.25,0.748698,0.7,0.8,7.74763e-06,6.13961e+06,73568.8,221367,0.01,0.95,10,10000,0.938,0.497,398,294,0.0106695,0,0.738693
393,10000,3.60949,3.16228,4.21697,0.00322136,0.00251189,0.00398107,0.223523,0.2,0.25,0.847761,0.8,0.9,7.74763e-06,4.90551e+06,65518.2,176871,0.01,0.95,10,10000,0.938,0.497,318,236,0.0119086,0,0.742138
394,10000,3.60324,3.16228,4.21697,0.00311614,0.00251189,0.00398107,0.224104,0.2,0.25,0.95068,0.9,1,7.74763e-06,3.60972e+06,52218.9,130150,0.01,0.95,10,10000,0.938,0.497,234,190,0.0132721,0,0.811966
395,10000,3.60635,3.16228,4.21697,0.00319805,0.00251189,0.00398107,0.224553,0.2,0.25,1.19611,1,1.5,3.87382e-05,1.37601e+06,14490.3,49612.8,0.01,0.95,10,10000,0.938,0.497,446,360,0.00964196,0,0.807175
396,10000,3.63502,3.16228,4.21697,0.00317328,0.00251189,0.00398107,0.273686,0.25,0.3,0.0681082,0,0.1,7.74763e-06,2.51446e+06,43403.1,90660.2,0.01,0.95,10,10000,0.938,0.497,163,133,0.0158632,0,0.815951
397,10000,3.61447,3.16228,4.21697,0.00321934,0.00251189,0.00398107,0.272752,0.25,0.3,0.15555,0.1,0.2,7.74763e-06,6.69495e+06,70338.9,241390,0.01,0.95,10,10000,0.938,0.497,434,357,0.00968239,0,0.822581
398,10000,3.59055,3.16228,4.21697,0.0032557,0.00251189,0.00398107,0.273365,0.25,0.3,0.249247,0.2,0.3,7.74763e-06,8.09873e+06,83606.5,292004,0.01,0.95,10,10000,0.938,0.497,525,393,0.00922827,0,0.748571
399,10000,3.58223,3.16228,4.21697,0.00326587,0.00251189,0.00398107,0.273438,0.25,0.3,0.350882,0.3,0.4,7.74763e-06,8.97802e+06,91293.5,323707,0.01,0.95,10,10000,0.938,0.497,582,416,0.00896954,0,0.714777
400,10000,3.60914,3.16228,4.21697,0.00321391,0.00251189,0.00398107,0.274201,0.25,0.3,0.448316,0.4,0.5,7.74763e-06,8.77748e+06,89873.7,316476,0.01,0.95,10,10000,0.938,0.497,569,409,0.00904597,0,0.718805
401,10000,3.59219,3.16228,4.21697,0.00324204,0.00251189,0.00398107,0.273852,0.25,0.3,0.548263,0.5,0.6,7.74763e-06,7.41998e+06,85260.5,267531,0.01,0.95,10,10000,0.938,0.497,481,332,0.0100403,0,0.690229
402,10000,3.62648,3.16228,4.21697,0.00323234,0.00251189,0.00398107,0.274152,0.25,0.3,0.650387,0.6,0.7,7.74763e-06,6.27844e+06,76531.1,226372,0.01,0.95,10,10000,0.938,0.497,407,290,0.0107428,0,0.712531
403,10000,3.59863,3.16228,4.21697,0.00320861,0.00251189,0.00398107,0.273728,0.25,0.3,0.74375,0.7,0.8,7.74763e-06,5.10605e+06,71554.6,184101,0.01,0.95,10,10000,0.938,0.497,331,225,0.0121962,0,0.679758
404,10000,3.65402,3.16228,4.21697,0.00322898,0.00251189,0.00398107,0.274846,0.25,0.3,0.848189,0.8,0.9,7.74763e-06,3.96452e+06,61104.6,142943,0.01,0.95,10,10000,0.938,0.497,257,182,0.0135607,0,0.708171
405,10000,3.59788,3.16228,4.21697,0.00322501,0.00251189,0.00398107,0.272834,0.25,0.3,0.941512,0.9,1,7.74763e-06,2.69958e+06,48864.6,97334.6,0.01,0.95,10,10000,0.938,0.497,175,129,0.0161073,0,0.737143
406,10000,3.63158,3.16228,4.21697,0.0032364,0.00251189,0.00398107,0.273769,0.25,0.3,1.1826,1,1.5,3.87382e-05,1.03047e+06,12407.8,37154,0.01,0.95,10,10000,0.938,0.497,334,273,0.0110722,0,0.817365
407,10000,3.57688,3.16228,4.21697,0.00313435,0.00251189,0.00398107,0.342477,0.3,0.4,0.0663868,0,0.1,1.54953e-05,1.27266e+06,20099.8,45886.3,0.01,0.95,10,10000,0.938,0.497,165,148,0.0150379,0,0.89697
408,10000,3.61824,3.16228,4.21697,0.0032043,0.00251189,0.00398107,0.343376,0.3,0.4,0.155377,0.1,0.2,1.54953e-05,2.96182e+06,33159.2,106790,0.01,0.95,10,10000,0.938,0.497,384,315,0.0103077,0,0.820312
409,10000,3.59779,3.16228,4.21697,0.00317854,0.00251189,0.00398107,0.343652,0.3,0.4,0.254433,0.2,0.3,1.54953e-05,4.6047e+06,40899.5,166025,0.01,0.95,10,10000,0.938,0.497,597,496,0.0082144,0,0.830821
410,10000,3.58769,3.16228,4.21697,0.0032336,0.00251189,0.00398107,0.340935,0.3,0.4,0.348294,0.3,0.4,1.54953e-05,5.10605e+06,45503.4,184101,0.01,0.95,10,10000,0.938,0.497,662,515,0.00806145,0,0.777946
411,10000,3.60706,3.16228,4.21697,0.00321232,0.00251189,0.00398107,0.344469,0.3,0.4,0.448395,0.4,0.5,1.54953e-05,5.18319e+06,45473.4,186882,0.01,0.95,10,10000,0.938,0.497,672,528,0.00796159,0,0.785714
412,10000,3.61338,3.16228,4.21697,0.00321521,0.00251189,0.00398107,0.344251,0.3,0.4,0.548684,0.5,0.6,1.54953e-05,4.58157e+06,46163.8,165191,0.01,0.95,10,10000,0.938,0.497,594,424,0.00888452,0,0.713805
413,10000,3.5934,3.16228,4.21697,0.00327004,0.00251189,0.00398107,0.349378,0.3,0.4,0.649329,0.6,0.7,1.54953e-05,4.17277e+06,45435,150451,0.01,0.95,10,10000,0.938,0.497,541,371,0.00949795,0,0.685767
414,10000,3.59699,3.16228,4.21697,0.00323583,0.00251189,0.00398107,0.343131,0.3,0.4,0.748449,0.7,0.8,1.54953e-05,3.30891e+06,39554.7,119304,0.01,0.95,10,10000,0.938,0.497,429,303,0.0105098,0,0.706294
415,10000,3.59203,3.16228,4.21697,0.00320342,0.00251189,0.00398107,0.342314,0.3,0.4,0.847235,0.8,0.9,1.54953e-05,2.28307e+06,33732.4,82317.3,0.01,0.95,10,10000,0.938,0.497,296,202,0.0128719,0,0.682432
416,10000,3.56042,3.16228,4.21697,0.00315565,0.00251189,0.00398107,0.342054,0.3,0.4,0.946622,0.9,1,1.54953e-05,1.78943e+06,29484.7,64518.9,0.01,0.95,10,10000,0.938,0.497,232,161,0.014418,0,0.693966
417,10000,3.59271,3.16228,4.21697,0.00319289,0.00251189,0.00398107,0.344694,0.3,0.4,1.17918,1,1.5,7.74763e-05,774393,8624.4,27921.1,0.01,0.95,10,10000,0.938,0.497,502,351,0.0097648,0,0.699203
418,10000,3.64067,3.16228,4.21697,0.00319622,0.00251189,0.00398107,0.445322,0.4,0.5,0.0643245,0,0.1,1.54953e-05,455071,12003,16407.8,0.01,0.95,10,10000,0.938,0.497,59,53,0.0251292,0,0.898305
419,10000,3.53874,3.16228,4.21697,0.00317685,0.00251189,0.00398107,0.439605,0.4,0.5,0.159532,0.1,0.2,1.54953e-05,1.59661e+06,24443.8,57566.5,0.01,0.95,10,10000,0.938,0.497,207,169,0.0140726,0,0.816425
420,10000,3.59087,3.16228,4.21697,0.00317663,0.00251189,0.00398107,0.443145,0.4,0.5,0.253226,0.2,0.3,1.54953e-05,1.85885e+06,26921.6,67021.8,0.01,0.95,10,10000,0.938,0.497,241,192,0.0132028,0,0.79668
421,10000,3.56733,3.16228,4.21697,0.00319491,0.00251189,0.00398107,0.441012,0.4,0.5,0.350128,0.3,0.4,1.54953e-05,2.35249e+06,28306.2,84820.1,0.01,0.95,10,10000,0.938,0.497,305,263,0.0112808,0,0.862295
422,10000,3.60327,3.16228,4.21697,0.00317322,0.00251189,0.00398107,0.445441,0.4,0.5,0.452613,0.4,0.5,1.54953e-05,2.34477e+06,29241.9,84542,0.01,0.95,10,10000,0.938,0.497,304,252,0.0115244,0,0.828947
423,10000,3.57433,3.16228,4.21697,0.00317567,0.00251189,0.00398107,0.442871,0.4,0.5,0.551815,0.5,0.6,1.54953e-05,2.32935e+06,29379.7,83985.8,0.01,0.95,10,10000,0.938,0.497,302,248,0.0116169,0,0.821192
424,10000,3.61923,3.16228,4.21697,0.00314768,0.00251189,0.00398107,0.444209,0.4,0.5,0.649282,0.6,0.7,1.54953e-05,2.15966e+06,29463.1,77867.7,0.01,0.95,10,10000,0.938,0.497,280,219,0.0123622,0,0.782143
425,10000,3.57802,3.16228,4.21697,0.00326882,0.00251189,0.00398107,0.448648,0.4,0.5,0.752295,0.7,0.8,1.54953e-05,1.58889e+06,25158.8,57288.4,0.01,0.95,10,10000,0.938,0.497,206,162,0.0143734,0,0.786408
426,10000,3.60729,3.16228,4.21697,0.00312573,0.00251189,0.00398107,0.449219,0.4,0.5,0.848115,0.8,0.9,1.54953e-05,1.34979e+06,25518.2,48667.3,0.01,0.95,10,10000,0.938,0.497,175,122,0.0165629,0,0.697143
427,10000,3.64771,3.16228,4.21697,0.00318061,0.00251189,0.00398107,0.448061,0.4,0.5,0.947552,0.9,1,1.54953e-05,1.0644e+06,20209.9,38377.6,0.01,0.95,10,10000,0.938,0.497,138,111,0.0173642,0,0.804348
428,10000,3.6265,3.16228,4.21697,0.00321793,0.00251189,0.00398107,0.447778,0.4,0.5,1.18334,1,1.5,7.74763e-05,495179,6676.5,17853.9,0.01,0.95,10,10000,0.938,0.497,321,234,0.0119594,0,0.728972
429,10000,3.65533,3.16228,4.21697,0.00321234,0.00251189,0.00398107,0.55582,0.5,0.6,0.0564355,0,0.1,1.54953e-05,177401,7715.78,6396.27,0.01,0.95,10,10000,0.938,0.497,23,20,0.0409074,0,0.869565
430,10000,3.55278,3.16228,4.21697,0.00317949,0.00251189,0.00398107,0.544894,0.5,0.6,0.153641,0.1,0.2,1.54953e-05,755881,15316.3,27253.7,0.01,0.95,10,10000,0.938,0.497,98,89,0.019392,0,0.908163
431,10000,3.59574,3.16228,4.21697,0.00316325,0.00251189,0.00398107,0.546479,0.5,0.6,0.255636,0.2,0.3,1.54953e-05,856151,17188.8,30869,0.01,0.95,10,10000,0.938,0.497,111,95,0.0187696,0,0.855856
432,10000,3.6386,3.16228,4.21697,0.00323205,0.00251189,0.00398107,0.54433,0.5,0.6,0.354807,0.3,0.4,1.54953e-05,1.14153e+06,20935.7,41158.6,0.01,0.95,10,10000,0.938,0.497,148,119,0.0167704,0,0.804054
433,10000,3.56329,3.16228,4.21697,0.00319739,0.00251189,0.00398107,0.547838,0.5,0.6,0.445552,0.4,0.5,1.54953e-05,1.18781e+06,21917.6,42827.2,0.01,0.95,10,10000,0.938,0.497,154,120,0.0167004,0,0.779221
434,10000,3.65536,3.16228,4.21697,0.00319623,0.00251189,0.00398107,0.543269,0.5,0.6,0.549666,0.5,0.6,1.54953e-05,1.22638e+06,21396.9,44217.7,0.01,0.95,10,10000,0.938,0.497,159,130,0.0160452,0,0.81761
435,10000,3.63691,3.16228,4.21697,0.00317171,0.00251189,0.00398107,0.542519,0.5,0.6,0.649361,0.6,0.7,1.54953e-05,1.02584e+06,19682.8,36987.1,0.01,0.95,10,10000,0.938,0.497,133,108,0.0176037,0,0.81203
436,10000,3.5931,3.16228,4.21697,0.00321084,0.00251189,0.00398107,0.53898,0.5,0.6,0.744999,0.7,0.8,1.54953e-05,833012,17517.1,30034.7,0.01,0.95,10,10000,0.938,0.497,108,89,0.019392,0,0.824074
437,10000,3.56715,3.16228,4.21697,0.00315855,0.00251189,0.00398107,0.541093,0.5,0.6,0.849922,0.8,0.9,1.54953e-05,655611,15177.5,23638.4,0.01,0.95,10,10000,0.938,0.497,85,72,0.0215601,0,0.847059
438,10000,3.65354,3.16228,4.21697,0.00319809,0.00251189,0.00398107,0.543319,0.5,0.6,0.945624,0.9,1,1.54953e-05,563054,13091.3,20301.2,0.01,0.95,10,10000,0.938,0.497,73,67,0.0223501,0,0.917808
439,10000,3.6388,3.16228,4.21697,0.00320733,0.00251189,0.00398107,0.54536,0.5,0.6,1.19422,1,1.5,7.74763e-05,248361,4676.94,8954.78,0.01,0.95,10,10000,0.938,0.497,161,119,0.0167704,0,0.73913
440,10000,3.42748,3.16228,4.21697,0.00318361,0.00251189,0.00398107,0.647585,0.6,0.7,0.0702081,0,0.1,1.54953e-05,100270,5495.27,3615.28,0.01,0.95,10,10000,0.938,0.497,13,12,0.0528112,0,0.923077
441,10000,3.59742,3.16228,4.21697,0.00327285,0.00251189,0.00398107,0.643879,0.6,0.7,0.163556,0.1,0.2,1.54953e-05,370228,12077.8,13348.7,0.01,0.95,10,10000,0.938,0.497,48,38,0.0296773,0,0.791667
442,10000,3.63755,3.16228,4.21697,0.00323741,0.00251189,0.00398107,0.638593,0.6,0.7,0.255241,0.2,0.3,1.54953e-05,509063,12751.2,18354.5,0.01,0.95,10,10000,0.938,0.497,66,59,0.0238172,0,0.893939
443,10000,3.57761,3.16228,4.21697,0.00317191,0.00251189,0.00398107,0.646877,0.6,0.7,0.355346,0.3,0.4,1.54953e-05,439645,13689.2,15851.6,0.01,0.95,10,10000,0.938,0.497,57,43,0.0278986,0,0.754386
444,10000,3.61539,3.16228,4.21697,0.00323661,0.00251189,0.00398107,0.636746,0.6,0.7,0.450239,0.4,0.5,1.54953e-05,539915,13832.8,19466.9,0.01,0.95,10,10000,0.938,0.497,70,59,0.0238172,0,0.842857
445,10000,3.57854,3.16228,4.21697,0.00317164,0.00251189,0.00398107,0.643045,0.6,0.7,0.556097,0.5,0.6,1.54953e-05,586194,14821,21135.5,0.01,0.95,10,10000,0.938,0.497,76,62,0.0232338,0,0.815789
446,10000,3.59658,3.16228,4.21697,0.00319723,0.00251189,0.00398107,0.648156,0.6,0.7,0.64076,0.6,0.7,1.54953e-05,470497,13003.3,16964,0.01,0.95,10,10000,0.938,0.497,61,51,0.0256172,0,0.836066
447,10000,3.61245,3.16228,4.21697,0.00325547,0.00251189,0.00398107,0.637802,0.6,0.7,0.742731,0.7,0.8,1.54953e-05,478211,14721.3,17242.1,0.01,0.95,10,10000,0.938,0.497,62,45,0.0272716,0,0.725806
448,10000,3.56589,3.16228,4.21697,0.00316634,0.00251189,0.00398107,0.643081,0.6,0.7,0.847576,0.8,0.9,1.54953e-05,300810,10850.4,10845.9,0.01,0.95,10,10000,0.938,0.497,39,31,0.0328576,0,0.794872
449,10000,3.64682,3.16228,4.21697,0.00310944,0.00251189,0.00398107,0.646723,0.6,0.7,0.957559,0.9,1,1.54953e-05,254531,9443.09,9177.26,0.01,0.95,10,10000,0.938,0.497,33,28,0.0345731,0,0.848485
450,10000,3.64029,3.16228,4.21697,0.00315521,0.00251189,0.00398107,0.647819,0.6,0.7,1.20602,1,1.5,7.74763e-05,158889,3557.99,5728.84,0.01,0.95,10,10000,0.938,0.497,103,81,0.020327,0,0.786408
451,10000,3.61234,3.16228,4.21697,0.00321132,0.00251189,0.00398107,0.749698,0.7,0.8,0.0527714,0,0.1,1.54953e-05,61704.6,3991.07,2224.79,0.01,0.95,10,10000,0.938,0.497,8,8,0.0646803,0,1
452,10000,3.54672,3.16228,4.21697,0.00328015,0.00251189,0.00398107,0.742149,0.7,0.8,0.137664,0.1,0.2,1.54953e-05,107983,6096.46,3893.38,0.01,0.95,10,10000,0.938,0.497,14,12,0.0528112,0,0.857143
453,10000,3.65144,3.16228,4.21697,0.00325661,0.00251189,0.00398107,0.74178,0.7,0.8,0.25729,0.2,0.3,1.54953e-05,208253,8197.49,7508.67,0.01,0.95,10,10000,0.938,0.497,27,24,0.0373432,0,0.888889
454,10000,3.63384,3.16228,4.21697,0.00322158,0.00251189,0.00398107,0.735795,0.7,0.8,0.358047,0.3,0.4,1.54953e-05,339375,12382,12236.3,0.01,0.95,10,10000,0.938,0.497,44,32,0.0323401,0,0.727273
455,10000,3.50764,3.16228,4.21697,0.00325597,0.00251189,0.00398107,0.74112,0.7,0.8,0.445932,0.4,0.5,1.54953e-05,246818,9649.93,8899.16,0.01,0.95,10,10000,0.938,0.497,32,26,0.0358782,0,0.8125
456,10000,3.52841,3.16228,4.21697,0.00334646,0.00251189,0.00398107,0.746217,0.7,0.8,0.56116,0.5,0.6,1.54953e-05,316236,11009.7,11402.1,0.01,0.95,10,10000,0.938,0.497,41,33,0.0318464,0,0.804878
457,10000,3.65615,3.16228,4.21697,0.0031032,0.00251189,0.00398107,0.748233,0.7,0.8,0.650362,0.6,0.7,1.54953e-05,293097,10480,10567.8,0.01,0.95,10,10000,0.938,0.497,38,31,0.0328576,0,0.815789
458,10000,3.58564,3.16228,4.21697,0.00315187,0.00251189,0.00398107,0.73893,0.7,0.8,0.745712,0.7,0.8,1.54953e-05,200540,8079.16,7230.57,0.01,0.95,10,10000,0.938,0.497,26,23,0.0381463,0,0.884615
459,10000,3.60584,3.16228,4.21697,0.0032242,0.00251189,0.00398107,0.74337,0.7,0.8,0.852194,0.8,0.9,1.54953e-05,138835,-nan,5005.78,0.01,0.95,10,10000,0.938,0.497,18,19,0.0419701,0,1.05556
460,10000,3.64977,3.16228,4.21697,0.00323943,0.00251189,0.00398107,0.754742,0.7,0.8,0.953493,0.9,1,1.54953e-05,169688,7591.87,6118.17,0.01,0.95,10,10000,0.938,0.497,22,19,0.0419701,0,0.863636
461,10000,3.55664,3.16228,4.21697,0.00311305,0.00251189,0.00398107,0.746767,0.7,0.8,1.20483,1,1.5,7.74763e-05,75588.1,2378.79,2725.37,0.01,0.95,10,10000,0.938,0.497,49,40,0.0289259,0,0.816327
462,10000,3.49695,3.16228,4.21697,0.00295641,0.00251189,0.00398107,0.867986,0.8,0.9,0.0547552,0,0.1,1.54953e-05,15426.1,1995.53,556.198,0.01,0.95,10,10000,0.938,0.497,2,2,0.129361,0,1
463,10000,3.55608,3.16228,4.21697,0.00311645,0.00251189,0.00398107,0.841551,0.8,0.9,0.152488,0.1,0.2,1.54953e-05,61704.6,5152.45,2224.79,0.01,0.95,10,10000,0.938,0.497,8,6,0.0746863,0,0.75
464,10000,3.53938,3.16228,4.21697,0.00318415,0.00251189,0.00398107,0.845838,0.8,0.9,0.25842,0.2,0.3,1.54953e-05,131122,7394.46,4727.68,0.01,0.95,10,10000,0.938,0.497,17,13,0.0507394,0,0.764706
465,10000,3.44656,3.16228,4.21697,0.00325462,0.00251189,0.00398107,0.855318,0.8,0.9,0.333995,0.3,0.4,1.54953e-05,107983,6563.51,3893.38,0.01,0.95,10,10000,0.938,0.497,14,11,0.0551595,0,0.785714
466,10000,3.66686,3.16228,4.21697,0.00316494,0.00251189,0.00398107,0.852386,0.8,0.9,0.442767,0.4,0.5,1.54953e-05,131122,6547.87,4727.68,0.01,0.95,10,10000,0.938,0.497,17,15,0.0472358,0,0.882353
467,10000,3.61377,3.16228,4.21697,0.00294797,0.00251189,0.00398107,0.849389,0.8,0.9,0.538633,0.5,0.6,1.54953e-05,100270,6992.28,3615.28,0.01,0.95,10,10000,0.938,0.497,13,9,0.0609811,0,0.692308
468,10000,3.51684,3.16228,4.21697,0.0032109,0.00251189,0.00398107,0.849005,0.8,0.9,0.666952,0.6,0.7,1.54953e-05,92556.9,-nan,3337.19,0.01,0.95,10,10000,0.938,0.497,12,13,0.0507394,0,1.08333
469,10000,3.53703,3.16228,4.21697,0.00319652,0.00251189,0.00398107,0.836637,0.8,0.9,0.73994,0.7,0.8,1.54953e-05,131122,6953.76,4727.68,0.01,0.95,10,10000,0.938,0.497,17,14,0.0488937,0,0.823529
470,10000,3.36019,3.16228,4.21697,0.00357293,0.00251189,0.00398107,0.843393,0.8,0.9,0.834752,0.8,0.9,1.54953e-05,61704.6,10559.4,2224.79,0.01,0.95,10,10000,0.938,0.497,8,2,0.129361,0,0.25
471,10000,3.63841,3.16228,4.21697,0.00295302,0.00251189,0.00398107,0.851546,0.8,0.9,0.950963,0.9,1,1.54953e-05,38565.4,3864.34,1390.49,0.01,0.95,10,10000,0.938,0.497,5,4,0.0914717,0,0.8
472,10000,3.53001,3.16228,4.21697,0.00333542,0.00251189,0.00398107,0.84322,0.8,0.9,1.22408,1,1.5,7.74763e-05,30852.3,1545.73,1112.4,0.01,0.95,10,10000,0.938,0.497,20,16,0.0457358,0,0.8
473,10000,3.2472,3.16228,4.21697,0.00327215,0.00251189,0.00398107,0.919366,0.9,1,0.165803,0.1,0.2,1.54953e-05,30852.3,4888.04,1112.4,0.01,0.95,10,10000,0.938,0.497,4,2,0.129361,0,0.5
474,10000,3.58115,3.16228,4.21697,0.00330244,0.00251189,0.00398107,0.931461,0.9,1,0.264844,0.2,0.3,1.54953e-05,53991.5,4310.85,1946.69,0.01,0.95,10,10000,0.938,0.497,7,6,0.0746863,0,0.857143
475,10000,3.60697,3.16228,4.21697,0.00295606,0.00251189,0.00398107,0.936219,0.9,1,0.34927,0.3,0.4,1.54953e-05,84843.8,5624.59,3059.09,0.01,0.95,10,10000,0.938,0.497,11,9,0.0609811,0,0.818182
476,10000,3.69274,3.16228,4.21697,0.00336421,0.00251189,0.00398107,0.930129,0.9,1,0.45322,0.4,0.5,1.54953e-05,53991.5,-nan,1946.69,0.01,0.95,10,10000,0.938,0.497,7,8,0.0646803,0,1.14286
477,10000,3.27907,3.16228,4.21697,0.0033373,0.00251189,0.00398107,0.956726,0.9,1,0.567226,0.5,0.6,1.54953e-05,30852.3,3643.33,1112.4,0.01,0.95,10,10000,0.938,0.497,4,3,0.105622,0,0.75
478,10000,3.5187,3.16228,4.21697,0.00326039,0.00251189,0.00398107,0.935596,0.9,1,0.640498,0.6,0.7,1.54953e-05,23139.2,2444.02,834.296,0.01,0.95,10,10000,0.938,0.497,3,3,0.105622,0,1
479,10000,3.5988,3.16228,4.21697,0.00339805,0.00251189,0.00398107,0.939739,0.9,1,0.751618,0.7,0.8,1.54953e-05,77130.7,5465,2780.99,0.01,0.95,10,10000,0.938,0.497,10,8,0.0646803,0,0.8
480,10000,3.43115,3.16228,4.21697,0.00335839,0.00251189,0.00398107,0.909261,0.9,1,0.839529,0.8,0.9,1.54953e-05,7713.07,-nan,278.099,0.01,0.95,10,10000,0.938,0.497,1,2,0.129361,0,2
481,10000,3.77265,3.16228,4.21697,0.00335978,0.00251189,0.00398107,0.933994,0.9,1,1.16207,1,1.5,7.74763e-05,12340.9,905.089,444.958,0.01,0.95,10,10000,0.938,0.497,8,7,0.0691461,0,0.875
482,10000,3.66504,3.16228,4.21697,0.00504438,0.00398107,0.00630957,0.078599,0.05,0.1,0.0670026,0,0.1,1.22792e-05,8.94482e+06,232509,322510,0.01,0.95,10,10000,0.938,0.497,919,94,0.0188692,0,0.102285
483,10000,3.59275,3.16228,4.21697,0.00511635,0.00398107,0.00630957,0.0753981,0.05,0.1,0.155926,0.1,0.2,1.22792e-05,2.19873e+07,360494,792764,0.01,0.95,10,10000,0.938,0.497,2259,236,0.0119086,0,0.104471
484,10000,3.54884,3.16228,4.21697,0.00525148,0.00398107,0.00630957,0.0731896,0.05,0.1,0.258278,0.2,0.3,1.22792e-05,2.83334e+07,305161,1.02157e+06,0.01,0.95,10,10000,0.938,0.497,2911,525,0.0079843,0,0.18035
485,10000,3.5912,3.16228,4.21697,0.00513079,0.00398107,0.00630957,0.0727606,0.05,0.1,0.353135,0.3,0.4,1.22792e-05,2.90342e+07,212523,1.04684e+06,0.01,0.95,10,10000,0.938,0.497,2983,1033,0.00569202,0,0.346296
486,10000,3.61286,3.16228,4.21697,0.0050975,0.00398107,0.00630957,0.0721762,0.05,0.1,0.448354,0.4,0.5,1.22792e-05,2.45861e+07,160956,886464,0.01,0.95,10,10000,0.938,0.497,2526,1193,0.00529659,0,0.472288
487,10000,3.60634,3.16228,4.21697,0.00510354,0.00398107,0.00630957,0.0724911,0.05,0.1,0.547385,0.5,0.6,1.22792e-05,1.92134e+07,124778,692748,0.01,0.95,10,10000,0.938,0.497,1974,1132,0.00543743,0,0.573455
488,10000,3.60711,3.16228,4.21697,0.00505717,0.00398107,0.00630957,0.0728008,0.05,0.1,0.647615,0.6,0.7,1.22792e-05,1.45609e+07,100123,525000,0.01,0.95,10,10000,0.938,0.497,1496,961,0.0059014,0,0.64238
489,10000,3.63421,3.16228,4.21697,0.00505705,0.00398107,0.00630957,0.0735125,0.05,0.1,0.748719,0.7,0.8,1.22792e-05,1.00057e+07,77272.9,360762,0.01,0.95,10,10000,0.938,0.497,1028,726,0.00678967,0,0.706226
490,10000,3.61198,3.16228,4.21697,0.00498858,0.00398107,0.00630957,0.0740963,0.05,0.1,0.848362,0.8,0.9,1.22792e-05,6.77432e+06,59455.4,244251,0.01,0.95,10,10000,0.938,0.497,696,535,0.00790933,0,0.768678
491,10000,3.61165,3.16228,4.21697,0.00499119,0.00398107,0.00630957,0.0734903,0.05,0.1,0.946523,0.9,1,1.22792e-05,4.88607e+06,52901,176170,0.01,0.95,10,10000,0.938,0.497,502,364,0.00958884,0,0.7251
492,10000,3.64668,3.16228,4.21697,0.00502273,0.00398107,0.00630957,0.074242,0.05,0.1,1.1813,1,1.5,6.1396e-05,1.84347e+06,14232.3,66467.3,0.01,0.95,10,10000,0.938,0.497,947,705,0.00689005,0,0.744456
493,10000,3.51947,3.16228,4.21697,0.0051127,0.00398107,0.00630957,0.121646,0.1,0.15,0.0621392,0,0.1,1.22792e-05,5.64526e+06,138859,203543,0.01,0.95,10,10000,0.938,0.497,580,101,0.0182035,0,0.174138
494,10000,3.60725,3.16228,4.21697,0.00520321,0.00398107,0.00630957,0.127117,0.1,0.15,0.156478,0.1,0.2,1.22792e-05,1.54661e+07,229251,557637,0.01,0.95,10,10000,0.938,0.497,1589,278,0.0109722,0,0.174953
495,10000,3.57067,3.16228,4.21697,0.00517374,0.00398107,0.00630957,0.125651,0.1,0.15,0.256047,0.2,0.3,1.22792e-05,1.824e+07,202341,657654,0.01,0.95,10,10000,0.938,0.497,1874,475,0.00839402,0,0.253469
496,10000,3.59619,3.16228,4.21697,0.00513122,0.00398107,0.00630957,0.12385,0.1,0.15,0.349843,0.3,0.4,1.22792e-05,1.87948e+07,162900,677657,0.01,0.95,10,10000,0.938,0.497,1931,724,0.00679904,0,0.374935
497,10000,3.61053,3.16228,4.21697,0.0050906,0.00398107,0.00630957,0.123912,0.1,0.15,0.450176,0.4,0.5,1.22792e-05,1.65757e+07,138045,597644,0.01,0.95,10,10000,0.938,0.497,1703,752,0.00667126,0,0.441574
498,10000,3.58558,3.16228,4.21697,0.0051037,0.00398107,0.00630957,0.124127,0.1,0.15,0.548785,0.5,0.6,1.22792e-05,1.28089e+07,107523,461832,0.01,0.95,10,10000,0.938,0.497,1316,698,0.00692451,0,0.530395
499,10000,3.60947,3.16228,4.21697,0.0050387,0.00398107,0.00630957,0.123361,0.1,0.15,0.648278,0.6,0.7,1.22792e-05,1.01517e+07,92333.7,366026,0.01,0.95,10,10000,0.938,0.497,1043,583,0.00757674,0,0.558965
500,10000,3.60507,3.16228,4.21697,0.00511125,0.00398107,0.00630957,0.12337,0.1,0.15,0.748231,0.7,0.8,1.22792e-05,7.17338e+06,72456.8,258640,0.01,0.95,10,10000,0.938,0.497,737,454,0.00858596,0,0.616011
501,10000,3.61313,3.16228,4.21697,0.00505751,0.00398107,0.00630957,0.125085,0.1,0.15,0.846941,0.8,0.9,1.22792e-05,4.89581e+06,55399.6,176521,0.01,0.95,10,10000,0.938,0.497,503,344,0.00986365,0,0.683897
502,10000,3.58056,3.16228,4.21697,0.00504177,0.00398107,0.00630957,0.123271,0.1,0.15,0.947477,0.9,1,1.22792e-05,3.46502e+06,42730.7,124933,0.01,0.95,10,10000,0.938,0.497,356,272,0.0110926,0,0.764045
503,10000,3.62197,3.16228,4.21697,0.00504238,0.00398107,0.00630957,0.123683,0.1,0.15,1.18392,1,1.5,6.1396e-05,1.32372e+06,11443.7,47727.3,0.01,0.95,10,10000,0.938,0.497,680,540,0.00787263,0,0.794118
504,10000,3.77848,3.16228,4.21697,0.00511314,0.00398107,0.00630957,0.177013,0.15,0.2,0.0693524,0,0.1,1.22792e-05,3.56236e+06,80149.4,128443,0.01,0.95,10,10000,0.938,0.497,366,112,0.0172865,0,0.306011
505,10000,3.66856,3.16228,4.21697,0.00500741,0.00398107,0.00630957,0.177304,0.15,0.2,0.157363,0.1,0.2,1.22792e-05,1.00544e+07,116797,362517,0.01,0.95,10,10000,0.938,0.497,1033,400,0.00914717,0,0.387222
506,10000,3.65056,3.16228,4.21697,0.00504257,0.00398107,0.00630957,0.175273,0.15,0.2,0.249897,0.2,0.3,1.22792e-05,1.29549e+07,124592,467096,0.01,0.95,10,10000,0.938,0.497,1331,569,0.00766939,0,0.427498
507,10000,3.64633,3.16228,4.21697,0.00506907,0.00398107,0.00630957,0.175239,0.15,0.2,0.350175,0.3,0.4,1.22792e-05,1.39672e+07,123431,503593,0.01,0.95,10,10000,0.938,0.497,1435,660,0.00712106,0,0.45993
508,10000,3.62705,3.16228,4.21697,0.00506204,0.00398107,0.00630957,0.174605,0.15,0.2,0.449184,0.4,0.5,1.22792e-05,1.16312e+07,99866.1,419369,0.01,0.95,10,10000,0.938,0.497,1195,658,0.00713188,0,0.550628
509,10000,3.62849,3.16228,4.21697,0.00506257,0.00398107,0.00630957,0.174722,0.15,0.2,0.546209,0.5,0.6,1.22792e-05,9.11029e+06,86686.1,328476,0.01,0.95,10,10000,0.938,0.497,936,530,0.00794655,0,0.566239
510,10000,3.62625,3.16228,4.21697,0.00501275,0.00398107,0.00630957,0.17356,0.15,0.2,0.649827,0.6,0.7,1.22792e-05,7.58217e+06,78474.2,273379,0.01,0.95,10,10000,0.938,0.497,779,446,0.00866262,0,0.572529
511,10000,3.62643,3.16228,4.21697,0.00503502,0.00398107,0.00630957,0.174422,0.15,0.2,0.748244,0.7,0.8,1.22792e-05,5.801e+06,64793.5,209158,0.01,0.95,10,10000,0.938,0.497,596,370,0.00951077,0,0.620805
512,10000,3.61621,3.16228,4.21697,0.00505481,0.00398107,0.00630957,0.173666,0.15,0.2,0.84979,0.8,0.9,1.22792e-05,3.73755e+06,49491.1,134759,0.01,0.95,10,10000,0.938,0.497,384,255,0.0114564,0,0.664062
513,10000,3.68139,3.16228,4.21697,0.00502089,0.00398107,0.00630957,0.173814,0.15,0.2,0.948496,0.9,1,1.22792e-05,2.76423e+06,41180,99665.8,0.01,0.95,10,10000,0.938,0.497,284,197,0.0130342,0,0.693662
514,10000,3.65793,3.16228,4.21697,0.00501417,0.00398107,0.00630957,0.174889,0.15,0.2,1.18789,1,1.5,6.1396e-05,1.06287e+06,10732.5,38322.2,0.01,0.95,10,10000,0.938,0.497,546,410,0.00903493,0,0.750916
515,10000,3.63338,3.16228,4.21697,0.00503316,0.00398107,0.00630957,0.224964,0.2,0.25,0.0651919,0,0.1,1.22792e-05,2.4625e+06,37627.8,88786.8,0.01,0.95,10,10000,0.938,0.497,253,183,0.0135236,0,0.72332
516,10000,3.63795,3.16228,4.21697,0.00497627,0.00398107,0.00630957,0.224659,0.2,0.25,0.151618,0.1,0.2,1.22792e-05,6.48232e+06,64333.6,233723,0.01,0.95,10,10000,0.938,0.497,666,450,0.00862403,0,0.675676
517,10000,3.67138,3.16228,4.21697,0.00500585,0.00398107,0.00630957,0.225275,0.2,0.25,0.251501,0.2,0.3,1.22792e-05,8.70149e+06,73346.2,313737,0.01,0.95,10,10000,0.938,0.497,894,617,0.00736502,0,0.690157
518,10000,3.63598,3.16228,4.21697,0.00505373,0.00398107,0.00630957,0.22541,0.2,0.25,0.350898,0.3,0.4,1.22792e-05,9.34388e+06,81436.3,336899,0.01,0.95,10,10000,0.938,0.497,960,604,0.00744386,0,0.629167
519,10000,3.63433,3.16228,4.21697,0.00500523,0.00398107,0.00630957,0.224591,0.2,0.25,0.44764,0.4,0.5,1.22792e-05,8.1175e+06,74017.1,292681,0.01,0.95,10,10000,0.938,0.497,834,543,0.00785085,0,0.651079
520,10000,3.66372,3.16228,4.21697,0.00508458,0.00398107,0.00630957,0.223894,0.2,0.25,0.547641,0.5,0.6,1.22792e-05,6.65752e+06,67405.5,240040,0.01,0.95,10,10000,0.938,0.497,684,442,0.00870173,0,0.646199
521,10000,3.60544,3.16228,4.21697,0.00498791,0.00398107,0.00630957,0.224383,0.2,0.25,0.646202,0.6,0.7,1.22792e-05,5.5966e+06,60187.6,201788,0.01,0.95,10,10000,0.938,0.497,575,385,0.00932366,0,0.669565
522,10000,3.6395,3.16228,4.21697,0.00506525,0.00398107,0.00630957,0.223999,0.2,0.25,0.747654,0.7,0.8,1.22792e-05,4.09768e+06,51076.3,147744,0.01,0.95,10,10000,0.938,0.497,421,285,0.0108366,0,0.67696
523,10000,3.6215,3.16228,4.21697,0.00506135,0.00398107,0.00630957,0.223,0.2,0.25,0.844883,0.8,0.9,1.22792e-05,3.29956e+06,44005.6,118967,0.01,0.95,10,10000,0.938,0.497,339,242,0.01176,0,0.713864
524,10000,3.64468,3.16228,4.21697,0.00500876,0.00398107,0.00630957,0.223407,0.2,0.25,0.946524,0.9,1,1.22792e-05,2.13157e+06,34226.9,76855,0.01,0.95,10,10000,0.938,0.497,219,163,0.0143292,0,0.744292
525,10000,3.65942,3.16228,4.21697,0.00499465,0.00398107,0.00630957,0.223589,0.2,0.25,1.1906,1,1.5,6.1396e-05,839003,9205.53,30250.7,0.01,0.95,10,10000,0.938,0.497,431,338,0.00995081,0,0.784223
526,10000,3.60474,3.16228,4.21697,0.00502238,0.00398107,0.00630957,0.27426,0.25,0.3,0.0660312,0,0.1,1.22792e-05,1.56705e+06,27815.2,56500.7,0.01,0.95,10,10000,0.938,0.497,161,128,0.0161701,0,0.795031
527,10000,3.5966,3.16228,4.21697,0.00503886,0.00398107,0.00630957,0.273726,0.25,0.3,0.155254,0.1,0.2,1.22792e-05,3.98088e+06,43459.4,143533,0.01,0.95,10,10000,0.938,0.497,409,333,0.0100252,0,0.814181
528,10000,3.59985,3.16228,4.21697,0.00509899,0.00398107,0.00630957,0.274194,0.25,0.3,0.254561,0.2,0.3,1.22792e-05,5.55766e+06,51620.8,200384,0.01,0.95,10,10000,0.938,0.497,571,462,0.0085113,0,0.809107
529,10000,3.59769,3.16228,4.21697,0.00506034,0.00398107,0.00630957,0.274335,0.25,0.3,0.348031,0.3,0.4,1.22792e-05,6.39472e+06,56758.7,230565,0.01,0.95,10,10000,0.938,0.497,657,516,0.00805363,0,0.785388
530,10000,3.61895,3.16228,4.21697,0.00501055,0.00398107,0.00630957,0.273029,0.25,0.3,0.450196,0.4,0.5,1.22792e-05,5.84966e+06,53444.8,210913,0.01,0.95,10,10000,0.938,0.497,601,481,0.0083415,0,0.800333
531,10000,3.63824,3.16228,4.21697,0.00507912,0.00398107,0.00630957,0.274593,0.25,0.3,0.55125,0.5,0.6,1.22792e-05,5.17807e+06,52915.5,186698,0.01,0.95,10,10000,0.938,0.497,532,400,0.00914717,0,0.75188
532,10000,3.61861,3.16228,4.21697,0.00498987,0.00398107,0.00630957,0.275217,0.25,0.3,0.649518,0.6,0.7,1.22792e-05,4.55514e+06,50766.4,164238,0.01,0.95,10,10000,0.938,0.497,468,342,0.00989245,0,0.730769
533,10000,3.63342,3.16228,4.21697,0.00498875,0.00398107,0.00630957,0.272936,0.25,0.3,0.748648,0.7,0.8,1.22792e-05,3.12436e+06,40476.7,112650,0.01,0.95,10,10000,0.938,0.497,321,246,0.011664,0,0.766355
534,10000,3.68557,3.16228,4.21697,0.00509348,0.00398107,0.00630957,0.274568,0.25,0.3,0.848546,0.8,0.9,1.22792e-05,2.4917e+06,36627.7,89839.6,0.01,0.95,10,10000,0.938,0.497,256,193,0.0131686,0,0.753906
535,10000,3.63723,3.16228,4.21697,0.00505092,0.00398107,0.00630957,0.272907,0.25,0.3,0.944032,0.9,1,1.22792e-05,1.98558e+06,31826.5,71590.9,0.01,0.95,10,10000,0.938,0.497,204,159,0.0145084,0,0.779412
536,10000,3.61856,3.16228,4.21697,0.00504734,0.00398107,0.00630957,0.273877,0.25,0.3,1.20145,1,1.5,6.1396e-05,652125,8083.26,23512.7,0.01,0.95,10,10000,0.938,0.497,335,264,0.0112594,0,0.78806
537,10000,3.59507,3.16228,4.21697,0.00510312,0.00398107,0.00630957,0.344169,0.3,0.4,0.0686137,0,0.1,2.45584e-05,647259,11947.5,23337.2,0.01,0.95,10,10000,0.938,0.497,133,113,0.0172099,0,0.849624
538,10000,3.60278,3.16228,4.21697,0.00503137,0.00398107,0.00630957,0.344254,0.3,0.4,0.154817,0.1,0.2,2.45584e-05,2.15104e+06,21260.6,77556.9,0.01,0.95,10,10000,0.938,0.497,442,386,0.00931157,0,0.873303
539,10000,3.59879,3.16228,4.21697,0.00506161,0.00398107,0.00630957,0.344978,0.3,0.4,0.249898,0.2,0.3,2.45584e-05,2.9151e+06,24838.9,105105,0.01,0.95,10,10000,0.938,0.497,599,521,0.0080149,0,0.869783
540,10000,3.58871,3.16228,4.21697,0.00504723,0.00398107,0.00630957,0.342638,0.3,0.4,0.35237,0.3,0.4,2.45584e-05,3.42122e+06,27559.6,123354,0.01,0.95,10,10000,0.938,0.497,703,595,0.00749995,0,0.846373
541,10000,3.60581,3.16228,4.21697,0.00506969,0.00398107,0.00630957,0.342793,0.3,0.4,0.447421,0.4,0.5,2.45584e-05,3.33363e+06,26992.6,120196,0.01,0.95,10,10000,0.938,0.497,685,585,0.00756378,0,0.854015
542,10000,3.62709,3.16228,4.21697,0.00506136,0.00398107,0.00630957,0.345194,0.3,0.4,0.548134,0.5,0.6,2.45584e-05,3.16329e+06,26632,114054,0.01,0.95,10,10000,0.938,0.497,650,547,0.00782209,0,0.841538
543,10000,3.61702,3.16228,4.21697,0.00499751,0.00398107,0.00630957,0.343925,0.3,0.4,0.645921,0.6,0.7,2.45584e-05,2.33597e+06,22688.4,84224.6,0.01,0.95,10,10000,0.938,0.497,480,408,0.00905705,0,0.85
544,10000,3.61497,3.16228,4.21697,0.00506085,0.00398107,0.00630957,0.34491,0.3,0.4,0.747846,0.7,0.8,2.45584e-05,2.02937e+06,21860.4,73170.2,0.01,0.95,10,10000,0.938,0.497,417,341,0.00990694,0,0.817746
545,10000,3.61736,3.16228,4.21697,0.00503408,0.00398107,0.00630957,0.349903,0.3,0.4,0.844693,0.8,0.9,2.45584e-05,1.58651e+06,19364.4,57202.6,0.01,0.95,10,10000,0.938,0.497,326,266,0.011217,0,0.815951
546,10000,3.65808,3.16228,4.21697,0.00504927,0.00398107,0.00630957,0.346945,0.3,0.4,0.945257,0.9,1,2.45584e-05,1.07552e+06,17571.3,38778.4,0.01,0.95,10,10000,0.938,0.497,221,160,0.0144629,0,0.723982
547,10000,3.63993,3.16228,4.21697,0.00501716,0.00398107,0.00630957,0.346598,0.3,0.4,1.18899,1,1.5,0.000122792,518780,5412.25,18704.9,0.01,0.95,10,10000,0.938,0.497,533,390,0.0092637,0,0.731707
548,10000,3.54927,3.16228,4.21697,0.00516631,0.00398107,0.00630957,0.433747,0.4,0.5,0.0689733,0,0.1,2.45584e-05,277397,7085.31,10001.7,0.01,0.95,10,10000,0.938,0.497,57,54,0.0248954,0,0.947368
549,10000,3.58737,3.16228,4.21697,0.00504035,0.00398107,0.00630957,0.446228,0.4,0.5,0.153815,0.1,0.2,2.45584e-05,1.11932e+06,15259.5,40357.6,0.01,0.95,10,10000,0.938,0.497,230,202,0.0128719,0,0.878261
550,10000,3.58323,3.16228,4.21697,0.00503561,0.00398107,0.00630957,0.442966,0.4,0.5,0.251735,0.2,0.3,2.45584e-05,1.37238e+06,17183.7,49482,0.01,0.95,10,10000,0.938,0.497,282,243,0.0117358,0,0.861702
551,10000,3.61086,3.16228,4.21697,0.00510586,0.00398107,0.00630957,0.443931,0.4,0.5,0.351332,0.3,0.4,2.45584e-05,1.45998e+06,18308.7,52640.4,0.01,0.95,10,10000,0.938,0.497,300,249,0.0115936,0,0.83
552,10000,3.58022,3.16228,4.21697,0.00511052,0.00398107,0.00630957,0.442362,0.4,0.5,0.450725,0.4,0.5,2.45584e-05,1.58165e+06,18107.2,57027.1,0.01,0.95,10,10000,0.938,0.497,325,286,0.0108177,0,0.88
553,10000,3.60627,3.16228,4.21697,0.00511063,0.00398107,0.00630957,0.446357,0.4,0.5,0.551182,0.5,0.6,2.45584e-05,1.60111e+06,19057.9,57729,0.01,0.95,10,10000,0.938,0.497,329,275,0.0110319,0,0.835866
554,10000,3.61849,3.16228,4.21697,0.0050118,0.00398107,0.00630957,0.44251,0.4,0.5,0.65147,0.6,0.7,2.45584e-05,1.37238e+06,17246,49482,0.01,0.95,10,10000,0.938,0.497,282,242,0.01176,0,0.858156
555,10000,3.57403,3.16228,4.21697,0.00508759,0.00398107,0.00630957,0.446142,0.4,0.5,0.747193,0.7,0.8,2.45584e-05,968455,15642.8,34918.1,0.01,0.95,10,10000,0.938,0.497,199,156,0.0146472,0,0.78392
556,10000,3.61203,3.16228,4.21697,0.00505654,0.00398107,0.00630957,0.443513,0.4,0.5,0.847094,0.8,0.9,2.45584e-05,861389,13893.6,31057.8,0.01,0.95,10,10000,0.938,0.497,177,149,0.0149873,0,0.841808
557,10000,3.60252,3.16228,4.21697,0.00515628,0.00398107,0.00630957,0.440634,0.4,0.5,0.949422,0.9,1,2.45584e-05,627792,12710.6,22635.4,0.01,0.95,10,10000,0.938,0.497,129,100,0.0182943,0,0.775194
558,10000,3.61517,3.16228,4.21697,0.00506171,0.00398107,0.00630957,0.443345,0.4,0.5,1.17336,1,1.5,0.000122792,317303,4369.52,11440.5,0.01,0.95,10,10000,0.938,0.497,326,229,0.0120892,0,0.702454
559,10000,3.57633,3.16228,4.21697,0.00507651,0.00398107,0.00630957,0.539426,0.5,0.6,0.0636898,0,0.1,2.45584e-05,184931,6264.87,6667.78,0.01,0.95,10,10000,0.938,0.497,38,33,0.0318464,0,0.868421
560,10000,3.54982,3.16228,4.21697,0.00495218,0.00398107,0.00630957,0.545832,0.5,0.6,0.158948,0.1,0.2,2.45584e-05,476927,10613,17195.9,0.01,0.95,10,10000,0.938,0.497,98,80,0.0204537,0,0.816327
561,10000,3.58376,3.16228,4.21697,0.00509874,0.00398107,0.00630957,0.54233,0.5,0.6,0.255878,0.2,0.3,2.45584e-05,686192,11763.3,24741,0.01,0.95,10,10000,0.938,0.497,141,126,0.0162979,0,0.893617
562,10000,3.60375,3.16228,4.21697,0.00501156,0.00398107,0.00630957,0.543814,0.5,0.6,0.349135,0.3,0.4,2.45584e-05,720258,12580.9,25969.3,0.01,0.95,10,10000,0.938,0.497,148,126,0.0162979,0,0.851351
563,10000,3.58525,3.16228,4.21697,0.00502895,0.00398107,0.00630957,0.544268,0.5,0.6,0.448911,0.4,0.5,2.45584e-05,788390,12991.1,28425.8,0.01,0.95,10,10000,0.938,0.497,162,140,0.0154615,0,0.864198
564,10000,3.58643,3.16228,4.21697,0.00505789,0.00398107,0.00630957,0.54722,0.5,0.6,0.555504,0.5,0.6,2.45584e-05,739724,12784.7,26671.1,0.01,0.95,10,10000,0.938,0.497,152,129,0.0161073,0,0.848684
565,10000,3.61669,3.16228,4.21697,0.00511886,0.00398107,0.00630957,0.540206,0.5,0.6,0.649625,0.6,0.7,2.45584e-05,627792,11014.4,22635.4,0.01,0.95,10,10000,0.938,0.497,129,118,0.0168413,0,0.914729
566,10000,3.61204,3.16228,4.21697,0.00497248,0.00398107,0.00630957,0.544229,0.5,0.6,0.749521,0.7,0.8,2.45584e-05,491527,9783.77,17722.3,0.01,0.95,10,10000,0.938,0.497,101,92,0.0190732,0,0.910891
567,10000,3.59618,3.16228,4.21697,0.00503911,0.00398107,0.00630957,0.543445,0.5,0.6,0.851931,0.8,0.9,2.45584e-05,481794,10319.8,17371.3,0.01,0.95,10,10000,0.938,0.497,99,84,0.0199608,0,0.848485
568,10000,3.59768,3.16228,4.21697,0.00514188,0.00398107,0.00630957,0.549245,0.5,0.6,0.9449,0.9,1,2.45584e-05,330929,8513.94,11931.8,0.01,0.95,10,10000,0.938,0.497,68,58,0.0240216,0,0.852941
569,10000,3.63375,3.16228,4.21697,0.00510562,0.00398107,0.00630957,0.546134,0.5,0.6,1.19991,1,1.5,0.000122792,157678,2768.6,5685.16,0.01,0.95,10,10000,0.938,0.497,162,130,0.0160452,0,0.802469
570,10000,3.42684,3.16228,4.21697,0.00504042,0.00398107,0.00630957,0.642278,0.6,0.7,0.0750063,0,0.1,2.45584e-05,97332.1,6082,3509.36,0.01,0.95,10,10000,0.938,0.497,20,12,0.0528112,0,0.6
571,10000,3.51936,3.16228,4.21697,0.00500665,0.00398107,0.00630957,0.64654,0.6,0.7,0.148446,0.1,0.2,2.45584e-05,165465,5506.29,5965.91,0.01,0.95,10,10000,0.938,0.497,34,32,0.0323401,0,0.941176
572,10000,3.61065,3.16228,4.21697,0.00500454,0.00398107,0.00630957,0.64077,0.6,0.7,0.245734,0.2,0.3,2.45584e-05,301730,7981.62,10879,0.01,0.95,10,10000,0.938,0.497,62,54,0.0248954,0,0.870968
573,10000,3.55048,3.16228,4.21697,0.00490587,0.00398107,0.00630957,0.63848,0.6,0.7,0.355084,0.3,0.4,2.45584e-05,403928,10239.8,14563.8,0.01,0.95,10,10000,0.938,0.497,83,64,0.0228679,0,0.771084
574,10000,3.56589,3.16228,4.21697,0.00513915,0.00398107,0.00630957,0.646895,0.6,0.7,0.447632,0.4,0.5,2.45584e-05,350396,8812.18,12633.7,0.01,0.95,10,10000,0.938,0.497,72,61,0.0234235,0,0.847222
575,10000,3.51507,3.16228,4.21697,0.00492252,0.00398107,0.00630957,0.641954,0.6,0.7,0.547532,0.5,0.6,2.45584e-05,350396,9899.02,12633.7,0.01,0.95,10,10000,0.938,0.497,72,53,0.0251292,0,0.736111
576,10000,3.5365,3.16228,4.21697,0.00512528,0.00398107,0.00630957,0.639686,0.6,0.7,0.646354,0.6,0.7,2.45584e-05,306596,7775,11054.5,0.01,0.95,10,10000,0.938,0.497,63,57,0.0242314,0,0.904762
577,10000,3.63661,3.16228,4.21697,0.00518243,0.00398107,0.00630957,0.645255,0.6,0.7,0.744393,0.7,0.8,2.45584e-05,267663,7367.01,9650.74,0.01,0.95,10,10000,0.938,0.497,55,49,0.0261348,0,0.890909
578,10000,3.59429,3.16228,4.21697,0.00515012,0.00398107,0.00630957,0.646828,0.6,0.7,0.848974,0.8,0.9,2.45584e-05,223864,6734.65,8071.53,0.01,0.95,10,10000,0.938,0.497,46,41,0.028571,0,0.891304
579,10000,3.6699,3.16228,4.21697,0.00503752,0.00398107,0.00630957,0.644754,0.6,0.7,0.965217,0.9,1,2.45584e-05,126532,5982.87,4562.17,0.01,0.95,10,10000,0.938,0.497,26,19,0.0419701,0,0.730769
580,10000,3.55645,3.16228,4.21697,0.00507859,0.00398107,0.00630957,0.644493,0.6,0.7,1.19084,1,1.5,0.000122792,79812.3,1800.28,2877.68,0.01,0.95,10,10000,0.938,0.497,82,73,0.0214119,0,0.890244
581,10000,3.65822,3.16228,4.21697,0.00502263,0.00398107,0.00630957,0.755845,0.7,0.8,0.0565569,0,0.1,2.45584e-05,43799.5,2986.2,1579.21,0.01,0.95,10,10000,0.938,0.497,9,8,0.0646803,0,0.888889
582,10000,3.54059,3.16228,4.21697,0.00509397,0.00398107,0.00630957,0.736813,0.7,0.8,0.159796,0.1,0.2,2.45584e-05,111932,4459.65,4035.76,0.01,0.95,10,10000,0.938,0.497,23,22,0.0390037,0,0.956522
583,10000,3.62173,3.16228,4.21697,0.00501204,0.00398107,0.00630957,0.744157,0.7,0.8,0.254103,0.2,0.3,2.45584e-05,175198,6143.35,6316.85,0.01,0.95,10,10000,0.938,0.497,36,31,0.0328576,0,0.861111
584,10000,3.56249,3.16228,4.21697,0.00507029,0.00398107,0.00630957,0.736805,0.7,0.8,0.350915,0.3,0.4,2.45584e-05,238464,7048.36,8597.93,0.01,0.95,10,10000,0.938,0.497,49,43,0.0278986,0,0.877551
585,10000,3.58814,3.16228,4.21697,0.00485384,0.00398107,0.00630957,0.741709,0.7,0.8,0.44723,0.4,0.5,2.45584e-05,204397,7172.92,7369.66,0.01,0.95,10,10000,0.938,0.497,42,33,0.0318464,0,0.785714
586,10000,3.58607,3.16228,4.21697,0.00522218,0.00398107,0.00630957,0.738994,0.7,0.8,0.548917,0.5,0.6,2.45584e-05,194664,6719.93,7018.72,0.01,0.95,10,10000,0.938,0.497,40,33,0.0318464,0,0.825
587,10000,3.55475,3.16228,4.21697,0.00508377,0.00398107,0.00630957,0.743519,0.7,0.8,0.655382,0.6,0.7,2.45584e-05,180064,6204.31,6492.32,0.01,0.95,10,10000,0.938,0.497,37,32,0.0323401,0,0.864865
588,10000,3.69864,3.16228,4.21697,0.00498045,0.00398107,0.00630957,0.748197,0.7,0.8,0.753232,0.7,0.8,2.45584e-05,141132,5706.58,5088.57,0.01,0.95,10,10000,0.938,0.497,29,24,0.0373432,0,0.827586
589,10000,3.57641,3.16228,4.21697,0.0051789,0.00398107,0.00630957,0.746304,0.7,0.8,0.863996,0.8,0.9,2.45584e-05,72999.1,3686.25,2632.02,0.01,0.95,10,10000,0.938,0.497,15,14,0.0488937,0,0.933333
590,10000,3.61564,3.16228,4.21697,0.00506489,0.00398107,0.00630957,0.742389,0.7,0.8,0.946094,0.9,1,2.45584e-05,107065,4370.27,3860.3,0.01,0.95,10,10000,0.938,0.497,22,21,0.0399215,0,0.954545
591,10000,3.72135,3.16228,4.21697,0.00524922,0.00398107,0.00630957,0.74696,0.7,0.8,1.19244,1,1.5,0.000122792,41852.8,1409.48,1509.02,0.01,0.95,10,10000,0.938,0.497,43,35,0.0309231,0,0.813953
592,10000,3.3293,3.16228,4.21697,0.00503371,0.00398107,0.00630957,0.830682,0.8,0.9,0.02791,0,0.1,2.45584e-05,19466.4,3084.14,701.872,0.01,0.95,10,10000,0.938,0.497,4,2,0.129361,0,0.5
593,10000,3.60616,3.16228,4.21697,0.00552208,0.00398107,0.00630957,0.858787,0.8,0.9,0.167023,0.1,0.2,2.45584e-05,48666.1,3112.56,1754.68,0.01,0.95,10,10000,0.938,0.497,10,9,0.0609811,0,0.9
594,10000,3.58661,3.16228,4.21697,0.0053322,0.00398107,0.00630957,0.852926,0.8,0.9,0.254349,0.2,0.3,2.45584e-05,68132.5,-nan,2456.55,0.01,0.95,10,10000,0.938,0.497,14,16,0.0457358,0,1.14286
595,10000,3.64129,3.16228,4.21697,0.00498995,0.00398107,0.00630957,0.857471,0.8,0.9,0.366278,0.3,0.4,2.45584e-05,77865.7,4038.08,2807.49,0.01,0.95,10,10000,0.938,0.497,16,14,0.0488937,0,0.875
596,10000,3.45684,3.16228,4.21697,0.00490331,0.00398107,0.00630957,0.835412,0.8,0.9,0.441953,0.4,0.5,2.45584e-05,58399.3,4361.63,2105.62,0.01,0.95,10,10000,0.938,0.497,12,8,0.0646803,0,0.666667
597,10000,3.61112,3.16228,4.21697,0.00506261,0.00398107,0.00630957,0.849818,0.8,0.9,0.530982,0.5,0.6,2.45584e-05,82732.3,4387.51,2982.96,0.01,0.95,10,10000,0.938,0.497,17,14,0.0488937,0,0.823529
598,10000,3.69645,3.16228,4.21697,0.00505168,0.00398107,0.00630957,0.865569,0.8,0.9,0.65183,0.6,0.7,2.45584e-05,58399.3,3981.6,2105.62,0.01,0.95,10,10000,0.938,0.497,12,9,0.0609811,0,0.75
599,10000,3.48844,3.16228,4.21697,0.00496813,0.00398107,0.00630957,0.850821,0.8,0.9,0.751461,0.7,0.8,2.45584e-05,48666.1,4876.45,1754.68,0.01,0.95,10,10000,0.938,0.497,10,5,0.0818148,0,0.5
600,10000,3.60851,3.16228,4.21697,0.00495573,0.00398107,0.00630957,0.847678,0.8,0.9,0.843127,0.8,0.9,2.45584e-05,53532.7,3234.67,1930.15,0.01,0.95,10,10000,0.938,0.497,11,10,0.0578518,0,0.909091
601,10000,3.76886,3.16228,4.21697,0.0051994,0.00398107,0.00630957,0.842197,0.8,0.9,0.932887,0.9,1,2.45584e-05,34066.2,3160.3,1228.28,0.01,0.95,10,10000,0.938,0.497,7,5,0.0818148,0,0.714286
602,10000,3.60374,3.16228,4.21697,0.00489211,0.00398107,0.00630957,0.850583,0.8,0.9,1.24385,1,1.5,0.000122792,19466.4,880.366,701.872,0.01,0.95,10,10000,0.938,0.497,20,18,0.0431202,0,0.9
603,10000,4.07806,3.16228,4.21697,0.00446593,0.00398107,0.00630957,0.924989,0.9,1,0.0863515,0,0.1,2.45584e-05,4866.61,-nan,175.468,0.01,0.95,10,10000,0.938,0.497,1,2,0.129361,0,2
604,10000,3.57279,3.16228,4.21697,0.00423851,0.00398107,0.00630957,0.93014,0.9,1,0.129374,0.1,0.2,2.45584e-05,9733.21,1259.09,350.936,0.01,0.95,10,10000,0.938,0.497,2,2,0.129361,0,1
605,10000,3.25983,3.16228,4.21697,0.00502166,0.00398107,0.00630957,0.934342,0.9,1,0.27299,0.2,0.3,2.45584e-05,9733.21,1259.09,350.936,0.01,0.95,10,10000,0.938,0.497,2,2,0.129361,0,1
606,10000,3.65843,3.16228,4.21697,0.00504889,0.00398107,0.00630957,0.930685,0.9,1,0.357957,0.3,0.4,2.45584e-05,34066.2,2355.55,1228.28,0.01,0.95,10,10000,0.938,0.497,7,7,0.0691461,0,1
607,10000,3.47423,3.16228,4.21697,0.00463472,0.00398107,0.00630957,0.968121,0.9,1,0.434461,0.4,0.5,2.45584e-05,19466.4,1780.63,701.872,0.01,0.95,10,10000,0.938,0.497,4,4,0.0914717,0,1
608,10000,3.58502,3.16228,4.21697,0.0051761,0.00398107,0.00630957,0.919348,0.9,1,0.568682,0.5,0.6,2.45584e-05,24333,-nan,877.34,0.01,0.95,10,10000,0.938,0.497,5,7,0.0691461,0,1.4
609,10000,3.54674,3.16228,4.21697,0.00531496,0.00398107,0.00630957,0.929839,0.9,1,0.649071,0.6,0.7,2.45584e-05,48666.1,3448.17,1754.68,0.01,0.95,10,10000,0.938,0.497,10,8,0.0646803,0,0.8
610,10000,3.75412,3.16228,4.21697,0.00516813,0.00398107,0.00630957,0.930714,0.9,1,0.723849,0.7,0.8,2.45584e-05,14599.8,-nan,526.404,0.01,0.95,10,10000,0.938,0.497,3,5,0.0818148,0,1.66667
611,10000,3.6605,3.16228,4.21697,0.00428173,0.00398107,0.00630957,0.90708,0.9,1,0.874907,0.8,0.9,2.45584e-05,4866.61,890.314,175.468,0.01,0.95,10,10000,0.938,0.497,1,1,0.182943,0,1
612,10000,3.72336,3.16228,4.21697,0.00492497,0.00398107,0.00630957,0.924137,0.9,1,0.9511,0.9,1,2.45584e-05,24333,2438.22,877.34,0.01,0.95,10,10000,0.938,0.497,5,4,0.0914717,0,0.8
613,10000,3.62461,3.16228,4.21697,0.00479096,0.00398107,0.00630957,0.922367,0.9,1,1.17235,1,1.5,0.000122792,11679.9,729.84,421.123,0.01,0.95,10,10000,0.938,0.497,12,10,0.0578518,0,0.833333
614,10000,3.50882,3.16228,4.21697,0.00852751,0.00630957,0.01,0.0669918,0.05,0.1,0.0666539,0,0.1,1.94613e-05,5.14635e+06,88604.9,185554,0.01,0.95,10,10000,0.938,0.497,838,199,0.0129685,0,0.23747
615,10000,3.53658,3.16228,4.21697,0.00831333,0.00630957,0.01,0.0707873,0.05,0.1,0.155817,0.1,0.2,1.94613e-05,1.34984e+07,130974,486693,0.01,0.95,10,10000,0.938,0.497,2198,612,0.00739505,0,0.278435
616,10000,3.58487,3.16228,4.21697,0.00811429,0.00630957,0.01,0.0718794,0.05,0.1,0.252436,0.2,0.3,1.94613e-05,1.74902e+07,127462,630619,0.01,0.95,10,10000,0.938,0.497,2848,1032,0.00569478,0,0.36236
617,10000,3.59672,3.16228,4.21697,0.00803937,0.00630957,0.01,0.0731122,0.05,0.1,0.351552,0.3,0.4,1.94613e-05,1.8436e+07,119085,664719,0.01,0.95,10,10000,0.938,0.497,3002,1266,0.00514162,0,0.421719
618,10000,3.62061,3.16228,4.21697,0.00807551,0.00630957,0.01,0.0724737,0.05,0.1,0.449431,0.4,0.5,1.94613e-05,1.48679e+07,100482,536071,0.01,0.95,10,10000,0.938,0.497,2421,1125,0.00545432,0,0.464684
619,10000,3.62741,3.16228,4.21697,0.00795508,0.00630957,0.01,0.0738507,0.05,0.1,0.548991,0.5,0.6,1.94613e-05,1.14841e+07,86620.9,414065,0.01,0.95,10,10000,0.938,0.497,1870,895,0.00611512,0,0.47861
620,10000,3.63279,3.16228,4.21697,0.00798394,0.00630957,0.01,0.0740732,0.05,0.1,0.649009,0.6,0.7,1.94613e-05,8.45648e+06,63529.8,304903,0.01,0.95,10,10000,0.938,0.497,1377,829,0.00635389,0,0.602033
621,10000,3.62858,3.16228,4.21697,0.00799826,0.00630957,0.01,0.0732308,0.05,0.1,0.749338,0.7,0.8,1.94613e-05,6.28862e+06,50381.7,226739,0.01,0.95,10,10000,0.938,0.497,1024,691,0.00695949,0,0.674805
622,10000,3.6207,3.16228,4.21697,0.00801421,0.00630957,0.01,0.0733079,0.05,0.1,0.847325,0.8,0.9,1.94613e-05,4.17604e+06,39100.4,150569,0.01,0.95,10,10000,0.938,0.497,680,489,0.00827299,0,0.719118
623,10000,3.61306,3.16228,4.21697,0.00809007,0.00630957,0.01,0.0729953,0.05,0.1,0.947377,0.9,1,1.94613e-05,2.85567e+06,31914.3,102963,0.01,0.95,10,10000,0.938,0.497,465,340,0.0099215,0,0.731183
624,10000,3.62647,3.16228,4.21697,0.00802096,0.00630957,0.01,0.0731671,0.05,0.1,1.17521,1,1.5,9.73063e-05,970315,7623.95,34985.2,0.01,0.95,10,10000,0.938,0.497,790,643,0.00721458,0,0.813924
625,10000,3.56971,3.16228,4.21697,0.00838571,0.00630957,0.01,0.123702,0.1,0.15,0.0696674,0,0.1,1.94613e-05,3.53121e+06,77846.5,127320,0.01,0.95,10,10000,0.938,0.497,575,123,0.0164955,0,0.213913
626,10000,3.59298,3.16228,4.21697,0.00818108,0.00630957,0.01,0.125092,0.1,0.15,0.156041,0.1,0.2,1.94613e-05,9.04603e+06,93904.4,326159,0.01,0.95,10,10000,0.938,0.497,1473,513,0.00807715,0,0.348269
627,10000,3.60342,3.16228,4.21697,0.00811792,0.00630957,0.01,0.124051,0.1,0.15,0.253026,0.2,0.3,1.94613e-05,1.15946e+07,93195.3,418051,0.01,0.95,10,10000,0.938,0.497,1888,813,0.0064161,0,0.430614
628,10000,3.61504,3.16228,4.21697,0.00802569,0.00630957,0.01,0.123769,0.1,0.15,0.350655,0.3,0.4,1.94613e-05,1.23623e+07,92229.4,445729,0.01,0.95,10,10000,0.938,0.497,2013,926,0.00601189,0,0.46001
629,10000,3.60435,3.16228,4.21697,0.00805181,0.00630957,0.01,0.123719,0.1,0.15,0.448061,0.4,0.5,1.94613e-05,1.01883e+07,78911.5,367345,0.01,0.95,10,10000,0.938,0.497,1659,835,0.00633102,0,0.503315
630,10000,3.61151,3.16228,4.21697,0.0080919,0.00630957,0.01,0.123006,0.1,0.15,0.549589,0.5,0.6,1.94613e-05,8.36436e+06,65634.7,301581,0.01,0.95,10,10000,0.938,0.497,1362,777,0.00656306,0,0.570485
631,10000,3.60401,3.16228,4.21697,0.00799075,0.00630957,0.01,0.122975,0.1,0.15,0.645179,0.6,0.7,1.94613e-05,6.31933e+06,56180.2,227847,0.01,0.95,10,10000,0.938,0.497,1029,600,0.00746863,0,0.58309
632,10000,3.60393,3.16228,4.21697,0.0079913,0.00630957,0.01,0.122446,0.1,0.15,0.745561,0.7,0.8,1.94613e-05,4.36642e+06,41770.2,157433,0.01,0.95,10,10000,0.938,0.497,711,483,0.00832421,0,0.679325
633,10000,3.60685,3.16228,4.21697,0.00804345,0.00630957,0.01,0.121732,0.1,0.15,0.847726,0.8,0.9,1.94613e-05,2.96622e+06,33810.1,106948,0.01,0.95,10,10000,0.938,0.497,483,336,0.00998038,0,0.695652
634,10000,3.63077,3.16228,4.21697,0.00801865,0.00630957,0.01,0.121953,0.1,0.15,0.944755,0.9,1,1.94613e-05,2.0696e+06,26107.3,74620.3,0.01,0.95,10,10000,0.938,0.497,337,259,0.0113675,0,0.768546
635,10000,3.6135,3.16228,4.21697,0.00804116,0.00630957,0.01,0.1241,0.1,0.15,1.18029,1,1.5,9.73063e-05,778708,6965.92,28076.7,0.01,0.95,10,10000,0.938,0.497,634,504,0.00814895,0,0.794953
636,10000,3.63726,3.16228,4.21697,0.00833428,0.00630957,0.01,0.176692,0.15,0.2,0.0671158,0,0.1,1.94613e-05,2.42579e+06,38351.5,87463,0.01,0.95,10,10000,0.938,0.497,395,200,0.0129361,0,0.506329
637,10000,3.61432,3.16228,4.21697,0.00808262,0.00630957,0.01,0.175177,0.15,0.2,0.155933,0.1,0.2,1.94613e-05,6.07368e+06,61073.6,218990,0.01,0.95,10,10000,0.938,0.497,989,496,0.0082144,0,0.501517
638,10000,3.61507,3.16228,4.21697,0.0080393,0.00630957,0.01,0.174353,0.15,0.2,0.250173,0.2,0.3,1.94613e-05,8.05116e+06,68677.2,290289,0.01,0.95,10,10000,0.938,0.497,1311,681,0.00701041,0,0.519451
639,10000,3.62236,3.16228,4.21697,0.0081006,0.00630957,0.01,0.174732,0.15,0.2,0.348949,0.3,0.4,1.94613e-05,8.08186e+06,65108.4,291396,0.01,0.95,10,10000,0.938,0.497,1316,741,0.00672059,0,0.56307
640,10000,3.60242,3.16228,4.21697,0.00797413,0.00630957,0.01,0.173304,0.15,0.2,0.448406,0.4,0.5,1.94613e-05,7.001e+06,61660.2,252425,0.01,0.95,10,10000,0.938,0.497,1140,626,0.00731189,0,0.549123
641,10000,3.62343,3.16228,4.21697,0.00800242,0.00630957,0.01,0.174094,0.15,0.2,0.546982,0.5,0.6,1.94613e-05,5.84031e+06,56707.7,210575,0.01,0.95,10,10000,0.938,0.497,951,517,0.00804584,0,0.543638
642,10000,3.61322,3.16228,4.21697,0.00792131,0.00630957,0.01,0.173829,0.15,0.2,0.645649,0.6,0.7,1.94613e-05,4.64891e+06,48684,167619,0.01,0.95,10,10000,0.938,0.497,757,435,0.00877146,0,0.574637
643,10000,3.6185,3.16228,4.21697,0.00796533,0.00630957,0.01,0.173782,0.15,0.2,0.747569,0.7,0.8,1.94613e-05,3.3961e+06,40778.4,122448,0.01,0.95,10,10000,0.938,0.497,553,327,0.0101168,0,0.59132
644,10000,3.58899,3.16228,4.21697,0.00810078,0.00630957,0.01,0.173539,0.15,0.2,0.848071,0.8,0.9,1.94613e-05,2.21698e+06,30924.5,79934.5,0.01,0.95,10,10000,0.938,0.497,361,233,0.011985,0,0.645429
645,10000,3.60706,3.16228,4.21697,0.00802758,0.00630957,0.01,0.175351,0.15,0.2,0.949391,0.9,1,1.94613e-05,1.64585e+06,25974.5,59342,0.01,0.95,10,10000,0.938,0.497,268,179,0.0136738,0,0.66791
646,10000,3.6067,3.16228,4.21697,0.00794793,0.00630957,0.01,0.173009,0.15,0.2,1.19575,1,1.5,9.73063e-05,616580,6212.25,22231.1,0.01,0.95,10,10000,0.938,0.497,502,398,0.00917012,0,0.792829
647,10000,3.59749,3.16228,4.21697,0.00816091,0.00630957,0.01,0.223787,0.2,0.25,0.0646086,0,0.1,1.94613e-05,1.57216e+06,23110.5,56684.9,0.01,0.95,10,10000,0.938,0.497,256,193,0.0131686,0,0.753906
648,10000,3.60916,3.16228,4.21697,0.00803428,0.00630957,0.01,0.224714,0.2,0.25,0.153126,0.1,0.2,1.94613e-05,3.8874e+06,39482.8,140162,0.01,0.95,10,10000,0.938,0.497,633,429,0.00883259,0,0.677725
649,10000,3.61649,3.16228,4.21697,0.00801977,0.00630957,0.01,0.223765,0.2,0.25,0.251059,0.2,0.3,1.94613e-05,5.37358e+06,47140.6,193747,0.01,0.95,10,10000,0.938,0.497,875,581,0.00758977,0,0.664
650,10000,3.62899,3.16228,4.21697,0.00793842,0.00630957,0.01,0.222497,0.2,0.25,0.350889,0.3,0.4,1.94613e-05,5.28146e+06,47926.2,190426,0.01,0.95,10,10000,0.938,0.497,860,552,0.00778659,0,0.64186
651,10000,3.61032,3.16228,4.21697,0.00799764,0.00630957,0.01,0.223804,0.2,0.25,0.447929,0.4,0.5,1.94613e-05,5.22619e+06,49276.8,188433,0.01,0.95,10,10000,0.938,0.497,851,522,0.00800721,0,0.613396
652,10000,3.62015,3.16228,4.21697,0.00806757,0.00630957,0.01,0.225028,0.2,0.25,0.549563,0.5,0.6,1.94613e-05,4.44011e+06,45382,160090,0.01,0.95,10,10000,0.938,0.497,723,444,0.00868211,0,0.614108
653,10000,3.63957,3.16228,4.21697,0.0080163,0.00630957,0.01,0.224339,0.2,0.25,0.648482,0.6,0.7,1.94613e-05,3.37154e+06,38727,121562,0.01,0.95,10,10000,0.938,0.497,549,347,0.00982092,0,0.632058
654,10000,3.65183,3.16228,4.21697,0.00804912,0.00630957,0.01,0.225689,0.2,0.25,0.746725,0.7,0.8,1.94613e-05,2.46263e+06,32856.5,88791.5,0.01,0.95,10,10000,0.938,0.497,401,256,0.011434,0,0.638404
655,10000,3.65249,3.16228,4.21697,0.00796834,0.00630957,0.01,0.223244,0.2,0.25,0.846303,0.8,0.9,1.94613e-05,2.03275e+06,30092.8,73291.8,0.01,0.95,10,10000,0.938,0.497,331,209,0.0126545,0,0.63142
656,10000,3.62254,3.16228,4.21697,0.00791706,0.00630957,0.01,0.224917,0.2,0.25,0.950029,0.9,1,1.94613e-05,1.27124e+06,22984.6,45835,0.01,0.95,10,10000,0.938,0.497,207,137,0.0156299,0,0.661836
657,10000,3.63656,3.16228,4.21697,0.007933,0.00630957,0.01,0.223959,0.2,0.25,1.19562,1,1.5,9.73063e-05,499896,6692.63,18024,0.01,0.95,10,10000,0.938,0.497,407,256,0.011434,0,0.628993
658,10000,3.60327,3.16228,4.21697,0.00810774,0.00630957,0.01,0.273901,0.25,0.3,0.0686087,0,0.1,1.94613e-05,921185,17576.1,33213.8,0.01,0.95,10,10000,0.938,0.497,150,114,0.0171342,0,0.76
659,10000,3.61725,3.16228,4.21697,0.00816513,0.00630957,0.01,0.273893,0.25,0.3,0.15426,0.1,0.2,1.94613e-05,2.53633e+06,28784.3,91448.6,0.01,0.95,10,10000,0.938,0.497,413,319,0.0102429,0,0.772397
660,10000,3.60755,3.16228,4.21697,0.00795793,0.00630957,0.01,0.274241,0.25,0.3,0.248849,0.2,0.3,1.94613e-05,3.31012e+06,33891.3,119348,0.01,0.95,10,10000,0.938,0.497,539,401,0.00913576,0,0.74397
661,10000,3.63469,3.16228,4.21697,0.007985,0.00630957,0.01,0.274942,0.25,0.3,0.350786,0.3,0.4,1.94613e-05,3.72159e+06,35115.6,134184,0.01,0.95,10,10000,0.938,0.497,606,464,0.00849293,0,0.765677
662,10000,3.64498,3.16228,4.21697,0.00790369,0.00630957,0.01,0.273959,0.25,0.3,0.447254,0.4,0.5,1.94613e-05,3.4698e+06,36287.2,125105,0.01,0.95,10,10000,0.938,0.497,565,397,0.00918167,0,0.702655
663,10000,3.61803,3.16228,4.21697,0.0079186,0.00630957,0.01,0.273819,0.25,0.3,0.548981,0.5,0.6,1.94613e-05,3.53121e+06,37828,127320,0.01,0.95,10,10000,0.938,0.497,575,387,0.00929954,0,0.673043
664,10000,3.63993,3.16228,4.21697,0.00809461,0.00630957,0.01,0.273971,0.25,0.3,0.643945,0.6,0.7,1.94613e-05,2.47492e+06,29843.5,89234.4,0.01,0.95,10,10000,0.938,0.497,403,293,0.0106877,0,0.727047
665,10000,3.61777,3.16228,4.21697,0.00802206,0.00630957,0.01,0.27317,0.25,0.3,0.745042,0.7,0.8,1.94613e-05,2.06345e+06,30335.6,74398.9,0.01,0.95,10,10000,0.938,0.497,336,212,0.0125646,0,0.630952
666,10000,3.65666,3.16228,4.21697,0.00789533,0.00630957,0.01,0.274145,0.25,0.3,0.846945,0.8,0.9,1.94613e-05,1.55987e+06,25026.2,56242,0.01,0.95,10,10000,0.938,0.497,254,172,0.0139493,0,0.677165
667,10000,3.64204,3.16228,4.21697,0.00788132,0.00630957,0.01,0.276187,0.25,0.3,0.944648,0.9,1,1.94613e-05,958032,21369.7,34542.3,0.01,0.95,10,10000,0.938,0.497,156,94,0.0188692,0,0.602564
668,10000,3.64247,3.16228,4.21697,0.00797872,0.00630957,0.01,0.274855,0.25,0.3,1.19299,1,1.5,9.73063e-05,413919,5693.57,14924.1,0.01,0.95,10,10000,0.938,0.497,337,232,0.0120108,0,0.688427
669,10000,3.56764,3.16228,4.21697,0.0080047,0.00630957,0.01,0.340919,0.3,0.4,0.0649596,0,0.1,3.89225e-05,454451,7021.24,16385.5,0.01,0.95,10,10000,0.938,0.497,148,144,0.0152453,0,0.972973
670,10000,3.60404,3.16228,4.21697,0.00801845,0.00630957,0.01,0.34262,0.3,0.4,0.153782,0.1,0.2,3.89225e-05,1.26202e+06,13491.8,45502.9,0.01,0.95,10,10000,0.938,0.497,411,342,0.00989245,0,0.832117
671,10000,3.60611,3.16228,4.21697,0.00799226,0.00630957,0.01,0.343757,0.3,0.4,0.251962,0.2,0.3,3.89225e-05,1.85158e+06,16114.6,66759.7,0.01,0.95,10,10000,0.938,0.497,603,510,0.00810087,0,0.845771
672,10000,3.60549,3.16228,4.21697,0.00797677,0.00630957,0.01,0.343371,0.3,0.4,0.349668,0.3,0.4,3.89225e-05,2.07574e+06,17055.5,74841.7,0.01,0.95,10,10000,0.938,0.497,676,572,0.00764925,0,0.846154
673,10000,3.62197,3.16228,4.21697,0.0080174,0.00630957,0.01,0.34705,0.3,0.4,0.449138,0.4,0.5,3.89225e-05,1.99897e+06,16892.1,72073.9,0.01,0.95,10,10000,0.938,0.497,651,545,0.00783643,0,0.837174
674,10000,3.63031,3.16228,4.21697,0.00787317,0.00630957,0.01,0.346407,0.3,0.4,0.548101,0.5,0.6,3.89225e-05,1.90685e+06,16939.5,68752.5,0.01,0.95,10,10000,0.938,0.497,621,504,0.00814895,0,0.811594
675,10000,3.6222,3.16228,4.21697,0.00793767,0.00630957,0.01,0.346143,0.3,0.4,0.645893,0.6,0.7,3.89225e-05,1.56294e+06,15624.1,56352.7,0.01,0.95,10,10000,0.938,0.497,509,404,0.00910177,0,0.793713
676,10000,3.66511,3.16228,4.21697,0.00802606,0.00630957,0.01,0.344059,0.3,0.4,0.74853,0.7,0.8,3.89225e-05,1.25588e+06,14356,45281.5,0.01,0.95,10,10000,0.938,0.497,409,315,0.0103077,0,0.770171
677,10000,3.64457,3.16228,4.21697,0.00799001,0.00630957,0.01,0.347528,0.3,0.4,0.849123,0.8,0.9,3.89225e-05,970315,13247.1,34985.2,0.01,0.95,10,10000,0.938,0.497,316,229,0.0120892,0,0.724684
678,10000,3.67928,3.16228,4.21697,0.00789563,0.00630957,0.01,0.346101,0.3,0.4,0.944022,0.9,1,3.89225e-05,743089,11664.2,26792.5,0.01,0.95,10,10000,0.938,0.497,242,174,0.0138689,0,0.719008
679,10000,3.63718,3.16228,4.21697,0.00787601,0.00630957,0.01,0.347527,0.3,0.4,1.18476,1,1.5,0.000194613,292323,3544.4,10539.8,0.01,0.95,10,10000,0.938,0.497,476,308,0.0104242,0,0.647059
680,10000,3.55714,3.16228,4.21697,0.00823953,0.00630957,0.01,0.444901,0.4,0.5,0.0744096,0,0.1,3.89225e-05,205731,5106.46,7417.75,0.01,0.95,10,10000,0.938,0.497,67,60,0.0236179,0,0.895522
681,10000,3.58142,3.16228,4.21697,0.00792915,0.00630957,0.01,0.443183,0.4,0.5,0.157667,0.1,0.2,3.89225e-05,635618,8992.06,22917.5,0.01,0.95,10,10000,0.938,0.497,207,185,0.0134503,0,0.89372
682,10000,3.60451,3.16228,4.21697,0.00807882,0.00630957,0.01,0.444596,0.4,0.5,0.250465,0.2,0.3,3.89225e-05,810643,10349.4,29228.1,0.01,0.95,10,10000,0.938,0.497,264,231,0.0120368,0,0.875
683,10000,3.56506,3.16228,4.21697,0.00801909,0.00630957,0.01,0.444753,0.4,0.5,0.351103,0.3,0.4,3.89225e-05,1.01944e+06,11588.3,36756.6,0.01,0.95,10,10000,0.938,0.497,332,291,0.0107243,0,0.876506
684,10000,3.60827,3.16228,4.21697,0.00785061,0.00630957,0.01,0.446488,0.4,0.5,0.446408,0.4,0.5,3.89225e-05,1.04401e+06,11623,37642.3,0.01,0.95,10,10000,0.938,0.497,340,301,0.0105447,0,0.885294
685,10000,3.62368,3.16228,4.21697,0.00807221,0.00630957,0.01,0.444825,0.4,0.5,0.549607,0.5,0.6,3.89225e-05,1.09007e+06,11988.4,39303,0.01,0.95,10,10000,0.938,0.497,355,311,0.0103738,0,0.876056
686,10000,3.6241,3.16228,4.21697,0.00796963,0.00630957,0.01,0.44569,0.4,0.5,0.646667,0.6,0.7,3.89225e-05,730807,9230.78,26349.6,0.01,0.95,10,10000,0.938,0.497,238,223,0.0122508,0,0.936975
687,10000,3.60843,3.16228,4.21697,0.00788208,0.00630957,0.01,0.444457,0.4,0.5,0.747866,0.7,0.8,3.89225e-05,580346,9014.5,20924.7,0.01,0.95,10,10000,0.938,0.497,189,160,0.0144629,0,0.846561
688,10000,3.60736,3.16228,4.21697,0.00779414,0.00630957,0.01,0.444152,0.4,0.5,0.847481,0.8,0.9,3.89225e-05,448310,7629.88,16164,0.01,0.95,10,10000,0.938,0.497,146,129,0.0161073,0,0.883562
689,10000,3.54036,3.16228,4.21697,0.00794241,0.00630957,0.01,0.44566,0.4,0.5,0.948217,0.9,1,3.89225e-05,423745,7414.16,15278.3,0.01,0.95,10,10000,0.938,0.497,138,122,0.0165629,0,0.884058
690,10000,3.64716,3.16228,4.21697,0.00805733,0.00630957,0.01,0.445385,0.4,0.5,1.17594,1,1.5,0.000194613,186079,2685.54,6709.19,0.01,0.95,10,10000,0.938,0.497,303,210,0.0126243,0,0.693069
691,10000,3.58037,3.16228,4.21697,0.00835232,0.00630957,0.01,0.547793,0.5,0.6,0.0587961,0,0.1,3.89225e-05,119754,4206.09,4317.79,0.01,0.95,10,10000,0.938,0.497,39,32,0.0323401,0,0.820513
692,10000,3.60081,3.16228,4.21697,0.00803606,0.00630957,0.01,0.548175,0.5,0.6,0.151399,0.1,0.2,3.89225e-05,288638,5744.19,10407,0.01,0.95,10,10000,0.938,0.497,94,89,0.019392,0,0.946809
693,10000,3.63009,3.16228,4.21697,0.00802459,0.00630957,0.01,0.546746,0.5,0.6,0.250083,0.2,0.3,3.89225e-05,429886,7455.17,15499.8,0.01,0.95,10,10000,0.938,0.497,140,124,0.0164288,0,0.885714
694,10000,3.58966,3.16228,4.21697,0.00790504,0.00630957,0.01,0.550731,0.5,0.6,0.347761,0.3,0.4,3.89225e-05,503581,7741.03,18156.9,0.01,0.95,10,10000,0.938,0.497,164,152,0.0148387,0,0.926829
695,10000,3.57043,3.16228,4.21697,0.00805313,0.00630957,0.01,0.541005,0.5,0.6,0.451713,0.4,0.5,3.89225e-05,482087,7948.93,17381.9,0.01,0.95,10,10000,0.938,0.497,157,138,0.0155732,0,0.878981
696,10000,3.62388,3.16228,4.21697,0.0078491,0.00630957,0.01,0.542597,0.5,0.6,0.549001,0.5,0.6,3.89225e-05,429886,7509.37,15499.8,0.01,0.95,10,10000,0.938,0.497,140,123,0.0164955,0,0.878571
697,10000,3.60173,3.16228,4.21697,0.00800508,0.00630957,0.01,0.545605,0.5,0.6,0.653293,0.6,0.7,3.89225e-05,426816,7274.22,15389.1,0.01,0.95,10,10000,0.938,0.497,139,126,0.0162979,0,0.906475
698,10000,3.60881,3.16228,4.21697,0.00793583,0.00630957,0.01,0.54917,0.5,0.6,0.744005,0.7,0.8,3.89225e-05,331627,6777.52,11957,0.01,0.95,10,10000,0.938,0.497,108,92,0.0190732,0,0.851852
699,10000,3.61307,3.16228,4.21697,0.00800972,0.00630957,0.01,0.5394,0.5,0.6,0.849302,0.8,0.9,3.89225e-05,264073,5854.91,9521.29,0.01,0.95,10,10000,0.938,0.497,86,76,0.020985,0,0.883721
700,10000,3.61303,3.16228,4.21697,0.00781454,0.00630957,0.01,0.547265,0.5,0.6,0.942394,0.9,1,3.89225e-05,178096,5092.02,6421.33,0.01,0.95,10,10000,0.938,0.497,58,48,0.0264056,0,0.827586
701,10000,3.6262,3.16228,4.21697,0.00790601,0.00630957,0.01,0.543934,0.5,0.6,1.18843,1,1.5,0.000194613,106243,1781.82,3830.66,0.01,0.95,10,10000,0.938,0.497,173,141,0.0154066,0,0.815029
702,10000,3.49568,3.16228,4.21697,0.00786737,0.00630957,0.01,0.646379,0.6,0.7,0.0639435,0,0.1,3.89225e-05,36847.4,1945.96,1328.55,0.01,0.95,10,10000,0.938,0.497,12,12,0.0528112,0,1
703,10000,3.55507,3.16228,4.21697,0.00835119,0.00630957,0.01,0.650006,0.6,0.7,0.164329,0.1,0.2,3.89225e-05,147390,4705.09,5314.21,0.01,0.95,10,10000,0.938,0.497,48,39,0.0292944,0,0.8125
704,10000,3.57653,3.16228,4.21697,0.00809107,0.00630957,0.01,0.648381,0.6,0.7,0.252902,0.2,0.3,3.89225e-05,196519,5706.21,7085.61,0.01,0.95,10,10000,0.938,0.497,64,49,0.0261348,0,0.765625
705,10000,3.60527,3.16228,4.21697,0.00782512,0.00630957,0.01,0.64517,0.6,0.7,0.342716,0.3,0.4,3.89225e-05,264073,5924.43,9521.29,0.01,0.95,10,10000,0.938,0.497,86,75,0.0211245,0,0.872093
706,10000,3.64317,3.16228,4.21697,0.00790898,0.00630957,0.01,0.640683,0.6,0.7,0.44007,0.4,0.5,3.89225e-05,270214,6186.82,9742.71,0.01,0.95,10,10000,0.938,0.497,88,74,0.0212667,0,0.840909
707,10000,3.58689,3.16228,4.21697,0.00809987,0.00630957,0.01,0.643578,0.6,0.7,0.548049,0.5,0.6,3.89225e-05,267144,5745.8,9632,0.01,0.95,10,10000,0.938,0.497,87,79,0.0205827,0,0.908046
708,10000,3.65762,3.16228,4.21697,0.00815409,0.00630957,0.01,0.644971,0.6,0.7,0.649708,0.6,0.7,3.89225e-05,199590,4968.23,7196.32,0.01,0.95,10,10000,0.938,0.497,65,59,0.0238172,0,0.907692
709,10000,3.53633,3.16228,4.21697,0.00809838,0.00630957,0.01,0.64754,0.6,0.7,0.744363,0.7,0.8,3.89225e-05,181166,4697.44,6532.05,0.01,0.95,10,10000,0.938,0.497,59,54,0.0248954,0,0.915254
710,10000,3.58344,3.16228,4.21697,0.00794945,0.00630957,0.01,0.641968,0.6,0.7,0.838218,0.8,0.9,3.89225e-05,135107,4176.71,4871.36,0.01,0.95,10,10000,0.938,0.497,44,39,0.0292944,0,0.886364
711,10000,3.57315,3.16228,4.21697,0.00762453,0.00630957,0.01,0.638377,0.6,0.7,0.95369,0.9,1,3.89225e-05,119754,3990.81,4317.79,0.01,0.95,10,10000,0.938,0.497,39,34,0.0313745,0,0.871795
712,10000,3.64571,3.16228,4.21697,0.00831414,0.00630957,0.01,0.644428,0.6,0.7,1.21646,1,1.5,0.000194613,47287.5,1250.99,1704.97,0.01,0.95,10,10000,0.938,0.497,77,59,0.0238172,0,0.766234
713,10000,3.58244,3.16228,4.21697,0.00861178,0.00630957,0.01,0.747626,0.7,0.8,0.0593077,0,0.1,3.89225e-05,27635.5,2112.57,996.414,0.01,0.95,10,10000,0.938,0.497,9,7,0.0691461,0,0.777778
714,10000,3.6206,3.16228,4.21697,0.00780735,0.00630957,0.01,0.74983,0.7,0.8,0.149235,0.1,0.2,3.89225e-05,89047.9,3475.59,3210.67,0.01,0.95,10,10000,0.938,0.497,29,25,0.0365887,0,0.862069
715,10000,3.56389,3.16228,4.21697,0.00827374,0.00630957,0.01,0.740536,0.7,0.8,0.233715,0.2,0.3,3.89225e-05,122825,4466.73,4428.51,0.01,0.95,10,10000,0.938,0.497,40,31,0.0328576,0,0.775
716,10000,3.55615,3.16228,4.21697,0.00792519,0.00630957,0.01,0.74605,0.7,0.8,0.35236,0.3,0.4,3.89225e-05,135107,4274.27,4871.36,0.01,0.95,10,10000,0.938,0.497,44,38,0.0296773,0,0.863636
717,10000,3.57188,3.16228,4.21697,0.00790218,0.00630957,0.01,0.745767,0.7,0.8,0.446874,0.4,0.5,3.89225e-05,159672,4461,5757.06,0.01,0.95,10,10000,0.938,0.497,52,47,0.026685,0,0.903846
718,10000,3.59419,3.16228,4.21697,0.00817408,0.00630957,0.01,0.751135,0.7,0.8,0.543928,0.5,0.6,3.89225e-05,122825,4586.66,4428.51,0.01,0.95,10,10000,0.938,0.497,40,30,0.0334007,0,0.75
719,10000,3.55702,3.16228,4.21697,0.00798128,0.00630957,0.01,0.741338,0.7,0.8,0.640772,0.6,0.7,3.89225e-05,110542,3876.19,3985.65,0.01,0.95,10,10000,0.938,0.497,36,31,0.0328576,0,0.861111
720,10000,3.62242,3.16228,4.21697,0.00763634,0.00630957,0.01,0.745306,0.7,0.8,0.760602,0.7,0.8,3.89225e-05,61412.3,3076.83,2214.25,0.01,0.95,10,10000,0.938,0.497,20,16,0.0457358,0,0.8
721,10000,3.52223,3.16228,4.21697,0.00779316,0.00630957,0.01,0.742313,0.7,0.8,0.851882,0.8,0.9,3.89225e-05,89047.9,3869.73,3210.67,0.01,0.95,10,10000,0.938,0.497,29,22,0.0390037,0,0.758621
722,10000,3.5361,3.16228,4.21697,0.0087004,0.00630957,0.01,0.744161,0.7,0.8,0.958296,0.9,1,3.89225e-05,30706.2,-nan,1107.13,0.01,0.95,10,10000,0.938,0.497,10,11,0.0551595,0,1.1
723,10000,3.57694,3.16228,4.21697,0.00802213,0.00630957,0.01,0.739521,0.7,0.8,1.24835,1,1.5,0.000194613,28249.7,888.294,1018.56,0.01,0.95,10,10000,0.938,0.497,46,39,0.0292944,0,0.847826
724,10000,3.19813,3.16228,4.21697,0.00952108,0.00630957,0.01,0.82186,0.8,0.9,0.0866362,0,0.1,3.89225e-05,9211.85,1376,332.138,0.01,0.95,10,10000,0.938,0.497,3,2,0.129361,0,0.666667
725,10000,3.50823,3.16228,4.21697,0.00759648,0.00630957,0.01,0.839287,0.8,0.9,0.151744,0.1,0.2,3.89225e-05,21494.3,1716.17,774.988,0.01,0.95,10,10000,0.938,0.497,7,6,0.0746863,0,0.857143
726,10000,3.62527,3.16228,4.21697,0.0078905,0.00630957,0.01,0.835502,0.8,0.9,0.246689,0.2,0.3,3.89225e-05,58341.7,2581.06,2103.54,0.01,0.95,10,10000,0.938,0.497,19,18,0.0431202,0,0.947368
727,10000,3.58082,3.16228,4.21697,0.00826436,0.00630957,0.01,0.855624,0.8,0.9,0.360309,0.3,0.4,3.89225e-05,61412.3,2512.22,2214.25,0.01,0.95,10,10000,0.938,0.497,20,20,0.0409074,0,1
728,10000,3.59945,3.16228,4.21697,0.0076944,0.00630957,0.01,0.842769,0.8,0.9,0.454921,0.4,0.5,3.89225e-05,79836,3216.36,2878.53,0.01,0.95,10,10000,0.938,0.497,26,23,0.0381463,0,0.884615
729,10000,3.39759,3.16228,4.21697,0.00765743,0.00630957,0.01,0.848102,0.8,0.9,0.548225,0.5,0.6,3.89225e-05,42988.6,2257.77,1549.98,0.01,0.95,10,10000,0.938,0.497,14,13,0.0507394,0,0.928571
730,10000,3.64458,3.16228,4.21697,0.00800803,0.00630957,0.01,0.836921,0.8,0.9,0.649674,0.6,0.7,3.89225e-05,55271.1,2664.61,1992.83,0.01,0.95,10,10000,0.938,0.497,18,16,0.0457358,0,0.888889
731,10000,3.56235,3.16228,4.21697,0.00761476,0.00630957,0.01,0.850775,0.8,0.9,0.737147,0.7,0.8,3.89225e-05,46059.2,2487.94,1660.69,0.01,0.95,10,10000,0.938,0.497,15,13,0.0507394,0,0.866667
732,10000,3.47397,3.16228,4.21697,0.00796975,0.00630957,0.01,0.838557,0.8,0.9,0.854557,0.8,0.9,3.89225e-05,24564.9,1801.6,885.701,0.01,0.95,10,10000,0.938,0.497,8,7,0.0691461,0,0.875
733,10000,3.62432,3.16228,4.21697,0.0082895,0.00630957,0.01,0.840912,0.8,0.9,0.951484,0.9,1,3.89225e-05,24564.9,1801.6,885.701,0.01,0.95,10,10000,0.938,0.497,8,7,0.0691461,0,0.875
734,10000,3.62128,3.16228,4.21697,0.00806535,0.00630957,0.01,0.861361,0.8,0.9,1.20105,1,1.5,0.000194613,11668.3,516.212,420.708,0.01,0.95,10,10000,0.938,0.497,19,18,0.0431202,0,0.947368
735,10000,3.1654,3.16228,4.21697,0.00808976,0.00630957,0.01,0.903919,0.9,1,0.0671815,0,0.1,3.89225e-05,3070.62,561.749,110.713,0.01,0.95,10,10000,0.938,0.497,1,1,0.182943,0,1
736,10000,3.7602,3.16228,4.21697,0.00769806,0.00630957,0.01,0.932743,0.9,1,0.131595,0.1,0.2,3.89225e-05,15353.1,1918.74,553.563,0.01,0.95,10,10000,0.938,0.497,5,3,0.105622,0,0.6
737,10000,3.70502,3.16228,4.21697,0.00809886,0.00630957,0.01,0.944549,0.9,1,0.249966,0.2,0.3,3.89225e-05,21494.3,1716.17,774.988,0.01,0.95,10,10000,0.938,0.497,7,6,0.0746863,0,0.857143
738,10000,3.47288,3.16228,4.21697,0.00958988,0.00630957,0.01,0.924035,0.9,1,0.357095,0.3,0.4,3.89225e-05,12282.5,1450.43,442.851,0.01,0.95,10,10000,0.938,0.497,4,3,0.105622,0,0.75
739,10000,3.73657,3.16228,4.21697,0.0081467,0.00630957,0.01,0.936237,0.9,1,0.461662,0.4,0.5,3.89225e-05,27635.5,2112.57,996.414,0.01,0.95,10,10000,0.938,0.497,9,7,0.0691461,0,0.777778
740,10000,3.6892,3.16228,4.21697,0.00814768,0.00630957,0.01,0.93233,0.9,1,0.537598,0.5,0.6,3.89225e-05,30706.2,2713.51,1107.13,0.01,0.95,10,10000,0.938,0.497,10,6,0.0746863,0,0.6
741,10000,3.77755,3.16228,4.21697,0.00816233,0.00630957,0.01,0.934094,0.9,1,0.664933,0.6,0.7,3.89225e-05,27635.5,1884.16,996.414,0.01,0.95,10,10000,0.938,0.497,9,8,0.0646803,0,0.888889
742,10000,3.48062,3.16228,4.21697,0.00793316,0.00630957,0.01,0.943641,0.9,1,0.72752,0.7,0.8,3.89225e-05,12282.5,-nan,442.851,0.01,0.95,10,10000,0.938,0.497,4,5,0.0818148,0,1.25
743,10000,3.31432,3.16228,4.21697,0.00858143,0.00630957,0.01,0.944548,0.9,1,0.880226,0.8,0.9,3.89225e-05,6141.23,794.433,221.425,0.01,0.95,10,10000,0.938,0.497,2,2,0.129361,0,1
744,10000,3.22456,3.16228,4.21697,0.00861595,0.00630957,0.01,0.903843,0.9,1,0.989132,0.9,1,3.89225e-05,3070.62,561.749,110.713,0.01,0.95,10,10000,0.938,0.497,1,1,0.182943,0,1
745,10000,3.57864,3.16228,4.21697,0.00694476,0.00630957,0.01,0.953447,0.9,1,1.28947,1,1.5,0.000194613,3070.62,502.444,110.713,0.01,0.95,10,10000,0.938,0.497,5,2,0.129361,0,0.4
746,10000,3.57136,3.16228,4.21697,0.0129609,0.01,0.0158489,0.0699275,0.05,0.1,0.0663931,0,0.1,3.08438e-05,3.29365e+06,30833.9,118754,0.01,0.95,10,10000,0.938,0.497,850,527,0.00796914,0,0.62
747,10000,3.56927,3.16228,4.21697,0.01294,0.01,0.0158489,0.0703945,0.05,0.1,0.152111,0.1,0.2,3.08438e-05,7.83888e+06,47963,282635,0.01,0.95,10,10000,0.938,0.497,2023,1240,0.00519524,0,0.612951
748,10000,3.56469,3.16228,4.21697,0.0128068,0.01,0.0158489,0.0699809,0.05,0.1,0.251629,0.2,0.3,3.08438e-05,1.00321e+07,56587.1,361711,0.01,0.95,10,10000,0.938,0.497,2589,1496,0.00472989,0,0.577829
749,10000,3.56768,3.16228,4.21697,0.0128583,0.01,0.0158489,0.0695664,0.05,0.1,0.351342,0.3,0.4,3.08438e-05,1.01134e+07,54180.9,364645,0.01,0.95,10,10000,0.938,0.497,2610,1612,0.00455653,0,0.617625
750,10000,3.56747,3.16228,4.21697,0.0129235,0.01,0.0158489,0.0701255,0.05,0.1,0.448842,0.4,0.5,3.08438e-05,8.68748e+06,49407,313232,0.01,0.95,10,10000,0.938,0.497,2242,1416,0.00486167,0,0.631579
751,10000,3.56957,3.16228,4.21697,0.0128232,0.01,0.0158489,0.0711216,0.05,0.1,0.547079,0.5,0.6,3.08438e-05,6.91666e+06,41879.4,249384,0.01,0.95,10,10000,0.938,0.497,1785,1208,0.0052636,0,0.676751
752,10000,3.57804,3.16228,4.21697,0.0128513,0.01,0.0158489,0.0720893,0.05,0.1,0.648237,0.6,0.7,3.08438e-05,5.10709e+06,33893.2,184139,0.01,0.95,10,10000,0.938,0.497,1318,964,0.00589221,0,0.731411
753,10000,3.60034,3.16228,4.21697,0.0126815,0.01,0.0158489,0.0714206,0.05,0.1,0.74652,0.7,0.8,3.08438e-05,3.90975e+06,28636.9,140968,0.01,0.95,10,10000,0.938,0.497,1009,771,0.00658855,0,0.764123
754,10000,3.59914,3.16228,4.21697,0.0126451,0.01,0.0158489,0.0714773,0.05,0.1,0.847269,0.8,0.9,3.08438e-05,2.61942e+06,23682.1,94444.5,0.01,0.95,10,10000,0.938,0.497,676,510,0.00810087,0,0.754438
755,10000,3.5974,3.16228,4.21697,0.0127408,0.01,0.0158489,0.0729852,0.05,0.1,0.946355,0.9,1,3.08438e-05,1.62357e+06,17648.5,58538.8,0.01,0.95,10,10000,0.938,0.497,419,338,0.00995081,0,0.806683
756,10000,3.62899,3.16228,4.21697,0.012598,0.01,0.0158489,0.0740863,0.05,0.1,1.1731,1,1.5,0.000154219,540933,4346.01,19503.6,0.01,0.95,10,10000,0.938,0.497,698,595,0.00749995,0,0.852436
757,10000,3.6388,3.16228,4.21697,0.0129607,0.01,0.0158489,0.123931,0.1,0.15,0.0643156,0,0.1,3.08438e-05,2.16218e+06,28593.7,77958.6,0.01,0.95,10,10000,0.938,0.497,558,285,0.0108366,0,0.510753
758,10000,3.63055,3.16228,4.21697,0.0125631,0.01,0.0158489,0.124957,0.1,0.15,0.154215,0.1,0.2,3.08438e-05,5.39771e+06,45716.5,194617,0.01,0.95,10,10000,0.938,0.497,1393,699,0.00691955,0,0.501795
759,10000,3.66694,3.16228,4.21697,0.0126473,0.01,0.0158489,0.12491,0.1,0.15,0.252605,0.2,0.3,3.08438e-05,6.69579e+06,53692.8,241420,0.01,0.95,10,10000,0.938,0.497,1728,800,0.00646803,0,0.462963
760,10000,3.65424,3.16228,4.21697,0.0124865,0.01,0.0158489,0.125735,0.1,0.15,0.349512,0.3,0.4,3.08438e-05,6.83916e+06,54794,246590,0.01,0.95,10,10000,0.938,0.497,1765,805,0.00644791,0,0.456091
761,10000,3.65891,3.16228,4.21697,0.0125504,0.01,0.0158489,0.124049,0.1,0.15,0.447905,0.4,0.5,3.08438e-05,6.02544e+06,49197.8,217250,0.01,0.95,10,10000,0.938,0.497,1555,759,0.00664042,0,0.488103
762,10000,3.65891,3.16228,4.21697,0.0126191,0.01,0.0158489,0.12436,0.1,0.15,0.549273,0.5,0.6,3.08438e-05,4.76998e+06,42009.4,171984,0.01,0.95,10,10000,0.938,0.497,1231,639,0.00723713,0,0.51909
763,10000,3.65118,3.16228,4.21697,0.0126961,0.01,0.0158489,0.123358,0.1,0.15,0.647854,0.6,0.7,3.08438e-05,3.44864e+06,32304.2,124343,0.01,0.95,10,10000,0.938,0.497,890,534,0.00791673,0,0.6
764,10000,3.61679,3.16228,4.21697,0.0127054,0.01,0.0158489,0.12377,0.1,0.15,0.749582,0.7,0.8,3.08438e-05,2.65817e+06,28390.8,95841.6,0.01,0.95,10,10000,0.938,0.497,686,411,0.00902393,0,0.599125
765,10000,3.59156,3.16228,4.21697,0.0126187,0.01,0.0158489,0.123586,0.1,0.15,0.850356,0.8,0.9,3.08438e-05,1.75532e+06,19838.6,63289,0.01,0.95,10,10000,0.938,0.497,453,332,0.0100403,0,0.732892
766,10000,3.60168,3.16228,4.21697,0.0126664,0.01,0.0158489,0.124553,0.1,0.15,0.948285,0.9,1,3.08438e-05,1.10822e+06,15979.6,39957.3,0.01,0.95,10,10000,0.938,0.497,286,206,0.0127463,0,0.72028
767,10000,3.617,3.16228,4.21697,0.0126595,0.01,0.0158489,0.123723,0.1,0.15,1.17939,1,1.5,0.000154219,441736,4230.14,15927,0.01,0.95,10,10000,0.938,0.497,570,445,0.00867235,0,0.780702
768,10000,3.60671,3.16228,4.21697,0.0126124,0.01,0.0158489,0.174534,0.15,0.2,0.064195,0,0.1,3.08438e-05,1.37946e+06,18816.2,49737,0.01,0.95,10,10000,0.938,0.497,356,239,0.0118336,0,0.671348
769,10000,3.61866,3.16228,4.21697,0.012874,0.01,0.0158489,0.174068,0.15,0.2,0.153047,0.1,0.2,3.08438e-05,3.60364e+06,29530.2,129931,0.01,0.95,10,10000,0.938,0.497,930,649,0.00718116,0,0.697849
770,10000,3.59747,3.16228,4.21697,0.012868,0.01,0.0158489,0.174116,0.15,0.2,0.249607,0.2,0.3,3.08438e-05,4.61111e+06,36085.7,166256,0.01,0.95,10,10000,0.938,0.497,1190,749,0.00668461,0,0.629412
771,10000,3.61352,3.16228,4.21697,0.0126029,0.01,0.0158489,0.17338,0.15,0.2,0.352314,0.3,0.4,3.08438e-05,4.67311e+06,37738.3,168491,0.01,0.95,10,10000,0.938,0.497,1206,720,0.0068179,0,0.597015
772,10000,3.61331,3.16228,4.21697,0.0126515,0.01,0.0158489,0.17466,0.15,0.2,0.451524,0.4,0.5,3.08438e-05,4.15775e+06,35541.1,149910,0.01,0.95,10,10000,0.938,0.497,1073,642,0.0072202,0,0.598322
773,10000,3.61492,3.16228,4.21697,0.0127925,0.01,0.0158489,0.173847,0.15,0.2,0.545364,0.5,0.6,3.08438e-05,3.41377e+06,32210,123085,0.01,0.95,10,10000,0.938,0.497,881,527,0.00796914,0,0.598184
774,10000,3.60623,3.16228,4.21697,0.0127826,0.01,0.0158489,0.173193,0.15,0.2,0.646478,0.6,0.7,3.08438e-05,2.60392e+06,27931.7,93885.7,0.01,0.95,10,10000,0.938,0.497,672,406,0.00907933,0,0.604167
775,10000,3.63273,3.16228,4.21697,0.0127154,0.01,0.0158489,0.173519,0.15,0.2,0.749533,0.7,0.8,3.08438e-05,1.84832e+06,21998.9,66642,0.01,0.95,10,10000,0.938,0.497,477,316,0.0102914,0,0.662474
776,10000,3.63501,3.16228,4.21697,0.0127729,0.01,0.0158489,0.17334,0.15,0.2,0.847747,0.8,0.9,3.08438e-05,1.36783e+06,18676.6,49317.9,0.01,0.95,10,10000,0.938,0.497,353,238,0.0118585,0,0.674221
777,10000,3.59637,3.16228,4.21697,0.0127932,0.01,0.0158489,0.171808,0.15,0.2,0.95048,0.9,1,3.08438e-05,976470,15295.5,35207.1,0.01,0.95,10,10000,0.938,0.497,252,177,0.0137509,0,0.702381
778,10000,3.61003,3.16228,4.21697,0.0125974,0.01,0.0158489,0.173521,0.15,0.2,1.18762,1,1.5,0.000154219,353389,3836.38,12741.6,0.01,0.95,10,10000,0.938,0.497,456,350,0.00977874,0,0.767544
779,10000,3.64758,3.16228,4.21697,0.0125179,0.01,0.0158489,0.223227,0.2,0.25,0.0630319,0,0.1,3.08438e-05,829224,12590.1,29898.1,0.01,0.95,10,10000,0.938,0.497,214,173,0.0139089,0,0.808411
780,10000,3.63325,3.16228,4.21697,0.0128535,0.01,0.0158489,0.222792,0.2,0.25,0.153885,0.1,0.2,3.08438e-05,2.33655e+06,21859.4,84245.6,0.01,0.95,10,10000,0.938,0.497,603,468,0.00845656,0,0.776119
781,10000,3.61076,3.16228,4.21697,0.0127647,0.01,0.0158489,0.224505,0.2,0.25,0.249349,0.2,0.3,3.08438e-05,3.13865e+06,25656,113166,0.01,0.95,10,10000,0.938,0.497,810,619,0.00735312,0,0.764198
782,10000,3.61795,3.16228,4.21697,0.012761,0.01,0.0158489,0.225057,0.2,0.25,0.349905,0.3,0.4,3.08438e-05,3.15415e+06,28121.6,113725,0.01,0.95,10,10000,0.938,0.497,814,555,0.00776551,0,0.681818
783,10000,3.60374,3.16228,4.21697,0.0125357,0.01,0.0158489,0.223627,0.2,0.25,0.449298,0.4,0.5,3.08438e-05,3.11928e+06,27999.2,112467,0.01,0.95,10,10000,0.938,0.497,805,548,0.00781495,0,0.680745
784,10000,3.62981,3.16228,4.21697,0.0125728,0.01,0.0158489,0.225273,0.2,0.25,0.546447,0.5,0.6,3.08438e-05,2.4683e+06,26019,88995.8,0.01,0.95,10,10000,0.938,0.497,637,409,0.00904597,0,0.642072
785,10000,3.61556,3.16228,4.21697,0.0125662,0.01,0.0158489,0.224097,0.2,0.25,0.647654,0.6,0.7,3.08438e-05,2.03044e+06,24641.6,73208.5,0.01,0.95,10,10000,0.938,0.497,524,317,0.0102751,0,0.604962
786,10000,3.627,3.16228,4.21697,0.0125047,0.01,0.0158489,0.222807,0.2,0.25,0.743783,0.7,0.8,3.08438e-05,1.57708e+06,21357,56862.3,0.01,0.95,10,10000,0.938,0.497,407,252,0.0115244,0,0.619165
787,10000,3.62986,3.16228,4.21697,0.0126854,0.01,0.0158489,0.22219,0.2,0.25,0.848371,0.8,0.9,3.08438e-05,1.04234e+06,17557.6,37582.2,0.01,0.95,10,10000,0.938,0.497,269,164,0.0142855,0,0.609665
788,10000,3.60564,3.16228,4.21697,0.0128125,0.01,0.0158489,0.223484,0.2,0.25,0.945475,0.9,1,3.08438e-05,728477,14110.1,26265.6,0.01,0.95,10,10000,0.938,0.497,188,121,0.0166312,0,0.643617
789,10000,3.61242,3.16228,4.21697,0.0126591,0.01,0.0158489,0.223923,0.2,0.25,1.19093,1,1.5,0.000154219,289066,3743.61,10422.4,0.01,0.95,10,10000,0.938,0.497,373,260,0.0113457,0,0.697051
790,10000,3.61766,3.16228,4.21697,0.0126463,0.01,0.0158489,0.276017,0.25,0.3,0.0587605,0,0.1,3.08438e-05,511484,10022.3,18441.8,0.01,0.95,10,10000,0.938,0.497,132,105,0.0178534,0,0.795455
791,10000,3.59999,3.16228,4.21697,0.0128021,0.01,0.0158489,0.27292,0.25,0.3,0.155527,0.1,0.2,3.08438e-05,1.49958e+06,17292.9,54068.1,0.01,0.95,10,10000,0.938,0.497,387,305,0.0104753,0,0.788114
792,10000,3.64287,3.16228,4.21697,0.0126807,0.01,0.0158489,0.273515,0.25,0.3,0.247866,0.2,0.3,3.08438e-05,2.08081e+06,19233.5,75024.7,0.01,0.95,10,10000,0.938,0.497,537,453,0.00859543,0,0.843575
793,10000,3.6025,3.16228,4.21697,0.0128207,0.01,0.0158489,0.274092,0.25,0.3,0.348139,0.3,0.4,3.08438e-05,2.20481e+06,21819.9,79495.4,0.01,0.95,10,10000,0.938,0.497,569,427,0.00885325,0,0.750439
794,10000,3.63117,3.16228,4.21697,0.0128008,0.01,0.0158489,0.274496,0.25,0.3,0.447476,0.4,0.5,3.08438e-05,2.10406e+06,21804.8,75863,0.01,0.95,10,10000,0.938,0.497,543,396,0.00919325,0,0.729282
795,10000,3.59056,3.16228,4.21697,0.0125834,0.01,0.0158489,0.273351,0.25,0.3,0.550293,0.5,0.6,3.08438e-05,1.76695e+06,20738.9,63708.1,0.01,0.95,10,10000,0.938,0.497,456,317,0.0102751,0,0.695175
796,10000,3.63318,3.16228,4.21697,0.0125825,0.01,0.0158489,0.273683,0.25,0.3,0.646261,0.6,0.7,3.08438e-05,1.4647e+06,18869.8,52810.7,0.01,0.95,10,10000,0.938,0.497,378,263,0.0112808,0,0.695767
797,10000,3.60338,3.16228,4.21697,0.0127492,0.01,0.0158489,0.2739,0.25,0.3,0.747233,0.7,0.8,3.08438e-05,1.13921e+06,16613.9,41075,0.01,0.95,10,10000,0.938,0.497,294,205,0.0127773,0,0.697279
798,10000,3.61061,3.16228,4.21697,0.0126094,0.01,0.0158489,0.274057,0.25,0.3,0.842562,0.8,0.9,3.08438e-05,945471,16622,34089.4,0.01,0.95,10,10000,0.938,0.497,244,150,0.0149373,0,0.614754
799,10000,3.67024,3.16228,4.21697,0.0124922,0.01,0.0158489,0.27505,0.25,0.3,0.946298,0.9,1,3.08438e-05,596732,12593.9,21515.5,0.01,0.95,10,10000,0.938,0.497,154,101,0.0182035,0,0.655844
800,10000,3.59986,3.16228,4.21697,0.012557,0.01,0.0158489,0.274619,0.25,0.3,1.19595,1,1.5,0.000154219,224743,3405.62,8103.23,0.01,0.95,10,10000,0.938,0.497,290,194,0.0131346,0,0.668966
801,10000,3.69376,3.16228,4.21697,0.0126551,0.01,0.0158489,0.348303,0.3,0.4,0.0676327,0,0.1,6.16877e-05,275116,5234.13,9919.47,0.01,0.95,10,10000,0.938,0.497,142,112,0.0172865,0,0.788732
802,10000,3.60442,3.16228,4.21697,0.0125226,0.01,0.0158489,0.343885,0.3,0.4,0.155167,0.1,0.2,6.16877e-05,782726,8337.14,28221.6,0.01,0.95,10,10000,0.938,0.497,404,341,0.00990694,0,0.844059
803,10000,3.58981,3.16228,4.21697,0.0125733,0.01,0.0158489,0.344314,0.3,0.4,0.252259,0.2,0.3,6.16877e-05,1.11015e+06,9958.25,40027.1,0.01,0.95,10,10000,0.938,0.497,573,482,0.00833284,0,0.841187
804,10000,3.59968,3.16228,4.21697,0.0125976,0.01,0.0158489,0.341498,0.3,0.4,0.351315,0.3,0.4,6.16877e-05,1.33683e+06,11098.8,48200.2,0.01,0.95,10,10000,0.938,0.497,690,570,0.00766266,0,0.826087
805,10000,3.62284,3.16228,4.21697,0.0126415,0.01,0.0158489,0.3447,0.3,0.4,0.44946,0.4,0.5,6.16877e-05,1.20703e+06,10680.9,43519.9,0.01,0.95,10,10000,0.938,0.497,623,507,0.0081248,0,0.813804
806,10000,3.61743,3.16228,4.21697,0.0127529,0.01,0.0158489,0.346025,0.3,0.4,0.550017,0.5,0.6,6.16877e-05,1.07528e+06,10441,38769.7,0.01,0.95,10,10000,0.938,0.497,555,433,0.0087917,0,0.78018
807,10000,3.62761,3.16228,4.21697,0.0126926,0.01,0.0158489,0.345963,0.3,0.4,0.648095,0.6,0.7,6.16877e-05,906722,10058.9,32692.3,0.01,0.95,10,10000,0.938,0.497,468,344,0.00986365,0,0.735043
808,10000,3.62329,3.16228,4.21697,0.0125258,0.01,0.0158489,0.348989,0.3,0.4,0.748895,0.7,0.8,6.16877e-05,765289,9533.49,27592.9,0.01,0.95,10,10000,0.938,0.497,395,279,0.0109525,0,0.706329
809,10000,3.64341,3.16228,4.21697,0.0127488,0.01,0.0158489,0.34643,0.3,0.4,0.847074,0.8,0.9,6.16877e-05,525046,7941.9,18930.8,0.01,0.95,10,10000,0.938,0.497,271,190,0.0132721,0,0.701107
810,10000,3.61442,3.16228,4.21697,0.0128764,0.01,0.0158489,0.345223,0.3,0.4,0.945745,0.9,1,6.16877e-05,383613,6781.67,13831.4,0.01,0.95,10,10000,0.938,0.497,198,139,0.0155171,0,0.70202
811,10000,3.63579,3.16228,4.21697,0.012583,0.01,0.0158489,0.345303,0.3,0.4,1.17657,1,1.5,0.000308438,177857,2240.57,6412.73,0.01,0.95,10,10000,0.938,0.497,459,289,0.0107614,0,0.62963
812,10000,3.66148,3.16228,4.21697,0.0124274,0.01,0.0158489,0.441028,0.4,0.5,0.0666736,0,0.1,6.16877e-05,118184,3266.28,4261.18,0.01,0.95,10,10000,0.938,0.497,61,51,0.0256172,0,0.836066
813,10000,3.61042,3.16228,4.21697,0.0126917,0.01,0.0158489,0.442054,0.4,0.5,0.155534,0.1,0.2,6.16877e-05,397175,5680.07,14320.4,0.01,0.95,10,10000,0.938,0.497,205,182,0.0135607,0,0.887805
814,10000,3.60841,3.16228,4.21697,0.0125947,0.01,0.0158489,0.444539,0.4,0.5,0.252103,0.2,0.3,6.16877e-05,513422,6743.8,18511.7,0.01,0.95,10,10000,0.938,0.497,265,224,0.0122234,0,0.845283
815,10000,3.60993,3.16228,4.21697,0.0126448,0.01,0.0158489,0.443038,0.4,0.5,0.349866,0.3,0.4,6.16877e-05,623856,7320.93,22493.4,0.01,0.95,10,10000,0.938,0.497,322,277,0.010992,0,0.860248
816,10000,3.59689,3.16228,4.21697,0.0128496,0.01,0.0158489,0.443775,0.4,0.5,0.450024,0.4,0.5,6.16877e-05,629668,7391.55,22703,0.01,0.95,10,10000,0.938,0.497,325,278,0.0109722,0,0.855385
817,10000,3.60313,3.16228,4.21697,0.0128036,0.01,0.0158489,0.444278,0.4,0.5,0.548096,0.5,0.6,6.16877e-05,583169,7100.64,21026.5,0.01,0.95,10,10000,0.938,0.497,301,258,0.0113896,0,0.857143
818,10000,3.61392,3.16228,4.21697,0.0124354,0.01,0.0158489,0.446228,0.4,0.5,0.649191,0.6,0.7,6.16877e-05,439799,6381.06,15857.2,0.01,0.95,10,10000,0.938,0.497,227,187,0.0133781,0,0.823789
819,10000,3.66987,3.16228,4.21697,0.0127988,0.01,0.0158489,0.447967,0.4,0.5,0.750881,0.7,0.8,6.16877e-05,368114,6116.95,13272.5,0.01,0.95,10,10000,0.938,0.497,190,148,0.0150379,0,0.778947
820,10000,3.60676,3.16228,4.21697,0.0124562,0.01,0.0158489,0.448697,0.4,0.5,0.850316,0.8,0.9,6.16877e-05,280929,5079.99,10129,0.01,0.95,10,10000,0.938,0.497,145,120,0.0167004,0,0.827586
821,10000,3.61165,3.16228,4.21697,0.0126893,0.01,0.0158489,0.440689,0.4,0.5,0.947308,0.9,1,6.16877e-05,234430,4808.16,8452.5,0.01,0.95,10,10000,0.938,0.497,121,96,0.0186716,0,0.793388
822,10000,3.64256,3.16228,4.21697,0.0127102,0.01,0.0158489,0.443169,0.4,0.5,1.18348,1,1.5,0.000308438,98422,1643.64,3548.65,0.01,0.95,10,10000,0.938,0.497,254,163,0.0143292,0,0.641732
823,10000,3.65476,3.16228,4.21697,0.0122555,0.01,0.0158489,0.54459,0.5,0.6,0.06724,0,0.1,6.16877e-05,67810.4,2421.3,2444.94,0.01,0.95,10,10000,0.938,0.497,35,30,0.0334007,0,0.857143
824,10000,3.61201,3.16228,4.21697,0.0126318,0.01,0.0158489,0.545152,0.5,0.6,0.156947,0.1,0.2,6.16877e-05,168557,3710.61,6077.42,0.01,0.95,10,10000,0.938,0.497,87,77,0.0208483,0,0.885057
825,10000,3.61746,3.16228,4.21697,0.0126907,0.01,0.0158489,0.540571,0.5,0.6,0.255078,0.2,0.3,6.16877e-05,267367,4926.61,9640.04,0.01,0.95,10,10000,0.938,0.497,138,115,0.0170596,0,0.833333
826,10000,3.58127,3.16228,4.21697,0.0126809,0.01,0.0158489,0.548337,0.5,0.6,0.344427,0.3,0.4,6.16877e-05,346802,5520.56,12504.1,0.01,0.95,10,10000,0.938,0.497,179,152,0.0148387,0,0.849162
827,10000,3.58278,3.16228,4.21697,0.0129634,0.01,0.0158489,0.545915,0.5,0.6,0.44921,0.4,0.5,6.16877e-05,306116,5329.16,11037.2,0.01,0.95,10,10000,0.938,0.497,158,130,0.0160452,0,0.822785
828,10000,3.62957,3.16228,4.21697,0.0126065,0.01,0.0158489,0.540826,0.5,0.6,0.553136,0.5,0.6,6.16877e-05,280929,4637.17,10129,0.01,0.95,10,10000,0.938,0.497,145,133,0.0158632,0,0.917241
829,10000,3.58088,3.16228,4.21697,0.0124607,0.01,0.0158489,0.538071,0.5,0.6,0.653625,0.6,0.7,6.16877e-05,207306,4222.05,7474.53,0.01,0.95,10,10000,0.938,0.497,107,92,0.0190732,0,0.859813
830,10000,3.56896,3.16228,4.21697,0.0127235,0.01,0.0158489,0.548216,0.5,0.6,0.745585,0.7,0.8,6.16877e-05,201494,4391.7,7264.96,0.01,0.95,10,10000,0.938,0.497,104,84,0.0199608,0,0.807692
831,10000,3.59709,3.16228,4.21697,0.0123746,0.01,0.0158489,0.543693,0.5,0.6,0.843424,0.8,0.9,6.16877e-05,174370,3978.6,6286.99,0.01,0.95,10,10000,0.938,0.497,90,75,0.0211245,0,0.833333
832,10000,3.69764,3.16228,4.21697,0.0125957,0.01,0.0158489,0.544479,0.5,0.6,0.953178,0.9,1,6.16877e-05,137558,3441.53,4959.73,0.01,0.95,10,10000,0.938,0.497,71,61,0.0234235,0,0.859155
833,10000,3.58339,3.16228,4.21697,0.0126989,0.01,0.0158489,0.548218,0.5,0.6,1.18749,1,1.5,0.000308438,56185.8,1016,2025.81,0.01,0.95,10,10000,0.938,0.497,145,120,0.0167004,0,0.827586
834,10000,3.66711,3.16228,4.21697,0.0133062,0.01,0.0158489,0.641029,0.6,0.7,0.0602267,0,0.1,6.16877e-05,29061.6,1681.27,1047.83,0.01,0.95,10,10000,0.938,0.497,15,12,0.0528112,0,0.8
835,10000,3.51255,3.16228,4.21697,0.0125729,0.01,0.0158489,0.643284,0.6,0.7,0.153898,0.1,0.2,6.16877e-05,96872,2608.62,3492.77,0.01,0.95,10,10000,0.938,0.497,50,48,0.0264056,0,0.96
836,10000,3.60618,3.16228,4.21697,0.0127761,0.01,0.0158489,0.647153,0.6,0.7,0.247097,0.2,0.3,6.16877e-05,145308,3416.47,5239.15,0.01,0.95,10,10000,0.938,0.497,75,67,0.0223501,0,0.893333
837,10000,3.58846,3.16228,4.21697,0.0125006,0.01,0.0158489,0.648782,0.6,0.7,0.347124,0.3,0.4,6.16877e-05,160808,3471.63,5798,0.01,0.95,10,10000,0.938,0.497,83,77,0.0208483,0,0.927711
838,10000,3.61181,3.16228,4.21697,0.0123784,0.01,0.0158489,0.637896,0.6,0.7,0.450202,0.4,0.5,6.16877e-05,147245,3774.05,5309.01,0.01,0.95,10,10000,0.938,0.497,76,61,0.0234235,0,0.802632
839,10000,3.59336,3.16228,4.21697,0.012687,0.01,0.0158489,0.646743,0.6,0.7,0.550803,0.5,0.6,6.16877e-05,156933,3478.67,5658.29,0.01,0.95,10,10000,0.938,0.497,81,74,0.0212667,0,0.91358
840,10000,3.56353,3.16228,4.21697,0.0124902,0.01,0.0158489,0.642208,0.6,0.7,0.646534,0.6,0.7,6.16877e-05,125934,3183.86,4540.6,0.01,0.95,10,10000,0.938,0.497,65,58,0.0240216,0,0.892308
841,10000,3.60891,3.16228,4.21697,0.0124339,0.01,0.0158489,0.655262,0.6,0.7,0.742202,0.7,0.8,6.16877e-05,83309.9,2612.21,3003.78,0.01,0.95,10,10000,0.938,0.497,43,38,0.0296773,0,0.883721
842,10000,3.66353,3.16228,4.21697,0.0126258,0.01,0.0158489,0.646648,0.6,0.7,0.847733,0.8,0.9,6.16877e-05,96872,2827.47,3492.77,0.01,0.95,10,10000,0.938,0.497,50,44,0.0275798,0,0.88
843,10000,3.62156,3.16228,4.21697,0.0127524,0.01,0.0158489,0.641126,0.6,0.7,0.939965,0.9,1,6.16877e-05,56185.8,2271.84,2025.81,0.01,0.95,10,10000,0.938,0.497,29,24,0.0373432,0,0.827586
844,10000,3.64046,3.16228,4.21697,0.0126504,0.01,0.0158489,0.644714,0.6,0.7,1.17712,1,1.5,0.000308438,35261.4,798.623,1271.37,0.01,0.95,10,10000,0.938,0.497,91,76,0.020985,0,0.835165
845,10000,3.75206,3.16228,4.21697,0.0134501,0.01,0.0158489,0.732109,0.7,0.8,0.07535,0,0.1,6.16877e-05,21311.8,1555.11,768.409,0.01,0.95,10,10000,0.938,0.497,11,8,0.0646803,0,0.727273
846,10000,3.68528,3.16228,4.21697,0.0125166,0.01,0.0158489,0.744232,0.7,0.8,0.154518,0.1,0.2,6.16877e-05,42623.7,1907,1536.82,0.01,0.95,10,10000,0.938,0.497,22,19,0.0419701,0,0.863636
847,10000,3.60565,3.16228,4.21697,0.0122111,0.01,0.0158489,0.746563,0.7,0.8,0.259866,0.2,0.3,6.16877e-05,77497.6,2607.44,2794.22,0.01,0.95,10,10000,0.938,0.497,40,34,0.0313745,0,0.85
848,10000,3.58179,3.16228,4.21697,0.0124559,0.01,0.0158489,0.747296,0.7,0.8,0.354356,0.3,0.4,6.16877e-05,91059.7,2646.33,3283.2,0.01,0.95,10,10000,0.938,0.497,47,43,0.0278986,0,0.914894
849,10000,3.58069,3.16228,4.21697,0.0129147,0.01,0.0158489,0.747109,0.7,0.8,0.442819,0.4,0.5,6.16877e-05,73622.7,2705.55,2654.51,0.01,0.95,10,10000,0.938,0.497,38,30,0.0334007,0,0.789474
850,10000,3.62442,3.16228,4.21697,0.0126483,0.01,0.0158489,0.747924,0.7,0.8,0.533524,0.5,0.6,6.16877e-05,63935.5,2036.11,2305.23,0.01,0.95,10,10000,0.938,0.497,33,33,0.0318464,0,1
851,10000,3.66305,3.16228,4.21697,0.0127405,0.01,0.0158489,0.755391,0.7,0.8,0.647488,0.6,0.7,6.16877e-05,75560.2,2390.84,2724.36,0.01,0.95,10,10000,0.938,0.497,39,36,0.0304906,0,0.923077
852,10000,3.62726,3.16228,4.21697,0.0130058,0.01,0.0158489,0.750508,0.7,0.8,0.753611,0.7,0.8,6.16877e-05,50373.4,2381.84,1816.24,0.01,0.95,10,10000,0.938,0.497,26,19,0.0419701,0,0.730769
853,10000,3.69131,3.16228,4.21697,0.0125674,0.01,0.0158489,0.748433,0.7,0.8,0.846184,0.8,0.9,6.16877e-05,50373.4,2029.4,1816.24,0.01,0.95,10,10000,0.938,0.497,26,23,0.0381463,0,0.884615
854,10000,3.66029,3.16228,4.21697,0.0126337,0.01,0.0158489,0.743092,0.7,0.8,0.942772,0.9,1,6.16877e-05,40686.2,2070.53,1466.96,0.01,0.95,10,10000,0.938,0.497,21,16,0.0457358,0,0.761905
855,10000,3.63369,3.16228,4.21697,0.0126283,0.01,0.0158489,0.737883,0.7,0.8,1.15544,1,1.5,0.000308438,13949.6,462.383,502.959,0.01,0.95,10,10000,0.938,0.497,36,33,0.0318464,0,0.916667
856,10000,3.25246,3.16228,4.21697,0.0137195,0.01,0.0158489,0.826561,0.8,0.9,0.0817185,0,0.1,6.16877e-05,5812.32,868.202,209.566,0.01,0.95,10,10000,0.938,0.497,3,2,0.129361,0,0.666667
857,10000,3.43925,3.16228,4.21697,0.0122815,0.01,0.0158489,0.832611,0.8,0.9,0.153194,0.1,0.2,6.16877e-05,19374.4,1120.84,698.554,0.01,0.95,10,10000,0.938,0.497,10,10,0.0578518,0,1
858,10000,3.69459,3.16228,4.21697,0.0131344,0.01,0.0158489,0.849841,0.8,0.9,0.23709,0.2,0.3,6.16877e-05,32936.5,1746.71,1187.54,0.01,0.95,10,10000,0.938,0.497,17,14,0.0488937,0,0.823529
859,10000,3.6872,3.16228,4.21697,0.0120438,0.01,0.0158489,0.847225,0.8,0.9,0.354004,0.3,0.4,6.16877e-05,32936.5,1857.41,1187.54,0.01,0.95,10,10000,0.938,0.497,17,13,0.0507394,0,0.764706
860,10000,3.60248,3.16228,4.21697,0.0129395,0.01,0.0158489,0.848482,0.8,0.9,0.450308,0.4,0.5,6.16877e-05,42623.7,-nan,1536.82,0.01,0.95,10,10000,0.938,0.497,22,23,0.0381463,0,1.04545
861,10000,3.55855,3.16228,4.21697,0.0124014,0.01,0.0158489,0.849449,0.8,0.9,0.547466,0.5,0.6,6.16877e-05,44561.1,2443.68,1606.67,0.01,0.95,10,10000,0.938,0.497,23,15,0.0472358,0,0.652174
862,10000,3.79123,3.16228,4.21697,0.012056,0.01,0.0158489,0.845711,0.8,0.9,0.643563,0.6,0.7,6.16877e-05,27124.2,1531.36,977.976,0.01,0.95,10,10000,0.938,0.497,14,12,0.0528112,0,0.857143
863,10000,3.78247,3.16228,4.21697,0.0110967,0.01,0.0158489,0.846841,0.8,0.9,0.748597,0.7,0.8,6.16877e-05,19374.4,1372.75,698.554,0.01,0.95,10,10000,0.938,0.497,10,8,0.0646803,0,0.8
864,10000,3.69683,3.16228,4.21697,0.0136364,0.01,0.0158489,0.844251,0.8,0.9,0.846672,0.8,0.9,6.16877e-05,21311.8,1720.83,768.409,0.01,0.95,10,10000,0.938,0.497,11,7,0.0691461,0,0.636364
865,10000,3.80918,3.16228,4.21697,0.0129205,0.01,0.0158489,0.843691,0.8,0.9,0.942249,0.9,1,6.16877e-05,11624.6,-nan,419.132,0.01,0.95,10,10000,0.938,0.497,6,7,0.0691461,0,1.16667
866,10000,3.56724,3.16228,4.21697,0.0125034,0.01,0.0158489,0.855493,0.8,0.9,1.10995,1,1.5,0.000308438,6199.81,420.578,223.537,0.01,0.95,10,10000,0.938,0.497,16,10,0.0578518,0,0.625
867,10000,4.01981,3.16228,4.21697,0.0144731,0.01,0.0158489,0.923454,0.9,1,0.071587,0,0.1,6.16877e-05,1937.44,354.442,69.8554,0.01,0.95,10,10000,0.938,0.497,1,1,0.182943,0,1
868,10000,3.56761,3.16228,4.21697,0.0125751,0.01,0.0158489,0.935947,0.9,1,0.144387,0.1,0.2,6.16877e-05,5812.32,613.911,209.566,0.01,0.95,10,10000,0.938,0.497,3,3,0.105622,0,1
869,10000,3.65385,3.16228,4.21697,0.0128093,0.01,0.0158489,0.929032,0.9,1,0.24539,0.2,0.3,6.16877e-05,19374.4,1527.45,698.554,0.01,0.95,10,10000,0.938,0.497,10,7,0.0691461,0,0.7
870,10000,3.67842,3.16228,4.21697,0.0117742,0.01,0.0158489,0.939057,0.9,1,0.347396,0.3,0.4,6.16877e-05,13562.1,937.765,488.988,0.01,0.95,10,10000,0.938,0.497,7,7,0.0691461,0,1
871,10000,3.7614,3.16228,4.21697,0.0127205,0.01,0.0158489,0.947629,0.9,1,0.459414,0.4,0.5,6.16877e-05,19374.4,1239.14,698.554,0.01,0.95,10,10000,0.938,0.497,10,9,0.0609811,0,0.9
872,10000,3.53793,3.16228,4.21697,0.0135047,0.01,0.0158489,0.931982,0.9,1,0.535451,0.5,0.6,6.16877e-05,19374.4,1239.14,698.554,0.01,0.95,10,10000,0.938,0.497,10,9,0.0609811,0,0.9
873,10000,3.45578,3.16228,4.21697,0.0120002,0.01,0.0158489,0.935042,0.9,1,0.642105,0.6,0.7,6.16877e-05,9687.2,970.679,349.277,0.01,0.95,10,10000,0.938,0.497,5,4,0.0914717,0,0.8
874,10000,3.56067,3.16228,4.21697,0.0116171,0.01,0.0158489,0.924573,0.9,1,0.758473,0.7,0.8,6.16877e-05,11624.6,868.202,419.132,0.01,0.95,10,10000,0.938,0.497,6,6,0.0746863,0,1
875,10000,3.51832,3.16228,4.21697,0.0110225,0.01,0.0158489,0.943487,0.9,1,0.910484,0.9,1,6.16877e-05,3874.88,868.202,139.711,0.01,0.95,10,10000,0.938,0.497,2,1,0.182943,0,0.5
876,10000,3.45972,3.16228,4.21697,0.0133303,0.01,0.0158489,0.936873,0.9,1,1.23164,1,1.5,0.000308438,1937.44,194.136,69.8554,0.01,0.95,10,10000,0.938,0.497,5,4,0.0914717,0,0.8
877,10000,3.60908,3.16228,4.21697,0.0199804,0.0158489,0.0251189,0.0731354,0.05,0.1,0.0647624,0,0.1,4.88848e-05,1.81653e+06,14691.6,65495.8,0.01,0.95,10,10000,0.938,0.497,743,606,0.00743157,0,0.815612
878,10000,3.61851,3.16228,4.21697,0.0200094,0.0158489,0.0251189,0.0732423,0.05,0.1,0.154346,0.1,0.2,4.88848e-05,4.45208e+06,23226.9,160522,0.01,0.95,10,10000,0.938,0.497,1821,1468,0.00477478,0,0.80615
879,10000,3.62037,3.16228,4.21697,0.0200962,0.0158489,0.0251189,0.0725882,0.05,0.1,0.250323,0.2,0.3,4.88848e-05,5.48625e+06,25254.2,197810,0.01,0.95,10,10000,0.938,0.497,2244,1854,0.00424876,0,0.826203
880,10000,3.60109,3.16228,4.21697,0.0201222,0.0158489,0.0251189,0.072539,0.05,0.1,0.350403,0.3,0.4,4.88848e-05,5.75274e+06,25736.7,207418,0.01,0.95,10,10000,0.938,0.497,2353,1955,0.00413755,0,0.830854
881,10000,3.6029,3.16228,4.21697,0.0201322,0.0158489,0.0251189,0.0726468,0.05,0.1,0.448113,0.4,0.5,4.88848e-05,4.99239e+06,23167.3,180003,0.01,0.95,10,10000,0.938,0.497,2042,1765,0.00435456,0,0.864349
882,10000,3.62157,3.16228,4.21697,0.0201739,0.0158489,0.0251189,0.0725154,0.05,0.1,0.54829,0.5,0.6,4.88848e-05,4.1098e+06,20994.1,148181,0.01,0.95,10,10000,0.938,0.497,1681,1455,0.00479607,0,0.865556
883,10000,3.61544,3.16228,4.21697,0.0201518,0.0158489,0.0251189,0.0730915,0.05,0.1,0.647821,0.6,0.7,4.88848e-05,3.01206e+06,17496.1,108601,0.01,0.95,10,10000,0.938,0.497,1232,1099,0.00551846,0,0.892045
884,10000,3.62139,3.16228,4.21697,0.0200823,0.0158489,0.0251189,0.071984,0.05,0.1,0.748326,0.7,0.8,4.88848e-05,1.88743e+06,13807.5,68052.1,0.01,0.95,10,10000,0.938,0.497,772,691,0.00695949,0,0.895078
885,10000,3.63975,3.16228,4.21697,0.0198659,0.0158489,0.0251189,0.0725238,0.05,0.1,0.846992,0.8,0.9,4.88848e-05,1.352e+06,11728.4,48747.2,0.01,0.95,10,10000,0.938,0.497,553,493,0.00823936,0,0.891501
886,10000,3.62612,3.16228,4.21697,0.0199606,0.0158489,0.0251189,0.0741785,0.05,0.1,0.948645,0.9,1,4.88848e-05,953493,9765.1,34378.7,0.01,0.95,10,10000,0.938,0.497,390,351,0.0097648,0,0.9
887,10000,3.6277,3.16228,4.21697,0.019993,0.0158489,0.0251189,0.0741153,0.05,0.1,1.16015,1,1.5,0.000244424,239596,2131.39,8638.74,0.01,0.95,10,10000,0.938,0.497,490,454,0.00858596,0,0.926531
888,10000,3.55074,3.16228,4.21697,0.020504,0.0158489,0.0251189,0.121913,0.1,0.15,0.0652678,0,0.1,4.88848e-05,1.22243e+06,16872.7,44075.2,0.01,0.95,10,10000,0.938,0.497,500,260,0.0113457,0,0.52
889,10000,3.55631,3.16228,4.21697,0.0204868,0.0158489,0.0251189,0.121691,0.1,0.15,0.154836,0.1,0.2,4.88848e-05,2.99006e+06,24482.7,107808,0.01,0.95,10,10000,0.938,0.497,1223,709,0.00687058,0,0.579722
890,10000,3.54423,3.16228,4.21697,0.0205409,0.0158489,0.0251189,0.120898,0.1,0.15,0.248361,0.2,0.3,4.88848e-05,3.95088e+06,28224,142451,0.01,0.95,10,10000,0.938,0.497,1616,933,0.0059893,0,0.577351
891,10000,3.54638,3.16228,4.21697,0.0206014,0.0158489,0.0251189,0.122597,0.1,0.15,0.350073,0.3,0.4,4.88848e-05,3.85798e+06,26973.1,139101,0.01,0.95,10,10000,0.938,0.497,1578,955,0.00591991,0,0.605196
892,10000,3.56199,3.16228,4.21697,0.0203914,0.0158489,0.0251189,0.122109,0.1,0.15,0.449654,0.4,0.5,4.88848e-05,3.30055e+06,23935.7,119003,0.01,0.95,10,10000,0.938,0.497,1350,865,0.00622026,0,0.640741
893,10000,3.55471,3.16228,4.21697,0.0204412,0.0158489,0.0251189,0.123346,0.1,0.15,0.547406,0.5,0.6,4.88848e-05,2.72112e+06,20377,98111.4,0.01,0.95,10,10000,0.938,0.497,1113,777,0.00656306,0,0.698113
894,10000,3.59789,3.16228,4.21697,0.0204447,0.0158489,0.0251189,0.123251,0.1,0.15,0.646883,0.6,0.7,4.88848e-05,1.92899e+06,16799.3,69550.7,0.01,0.95,10,10000,0.938,0.497,789,566,0.00768968,0,0.717364
895,10000,3.56409,3.16228,4.21697,0.0201604,0.0158489,0.0251189,0.123422,0.1,0.15,0.745579,0.7,0.8,4.88848e-05,1.4498e+06,13780.8,52273.2,0.01,0.95,10,10000,0.938,0.497,593,456,0.00856711,0,0.768971
896,10000,3.59636,3.16228,4.21697,0.0203062,0.0158489,0.0251189,0.121785,0.1,0.15,0.845628,0.8,0.9,4.88848e-05,970607,10846.2,34995.7,0.01,0.95,10,10000,0.938,0.497,397,320,0.0102268,0,0.806045
897,10000,3.61192,3.16228,4.21697,0.0196597,0.0158489,0.0251189,0.124783,0.1,0.15,0.944147,0.9,1,4.88848e-05,713897,9516.06,25739.9,0.01,0.95,10,10000,0.938,0.497,292,229,0.0120892,0,0.784247
898,10000,3.61544,3.16228,4.21697,0.0201208,0.0158489,0.0251189,0.125139,0.1,0.15,1.1829,1,1.5,0.000244424,220037,2250.42,7933.54,0.01,0.95,10,10000,0.938,0.497,450,374,0.00945978,0,0.831111
899,10000,3.65326,3.16228,4.21697,0.0190819,0.0158489,0.0251189,0.174592,0.15,0.2,0.0670842,0,0.1,4.88848e-05,762794,12910.7,27502.9,0.01,0.95,10,10000,0.938,0.497,312,170,0.0140311,0,0.544872
900,10000,3.66923,3.16228,4.21697,0.0198487,0.0158489,0.0251189,0.17523,0.15,0.2,0.153216,0.1,0.2,4.88848e-05,2.03656e+06,20410.9,73429.3,0.01,0.95,10,10000,0.938,0.497,833,476,0.0083852,0,0.571429
901,10000,3.64926,3.16228,4.21697,0.0199476,0.0158489,0.0251189,0.175424,0.15,0.2,0.25007,0.2,0.3,4.88848e-05,2.56954e+06,23322.3,92646.1,0.01,0.95,10,10000,0.938,0.497,1051,586,0.00755732,0,0.557564
902,10000,3.66067,3.16228,4.21697,0.0198767,0.0158489,0.0251189,0.175055,0.15,0.2,0.348989,0.3,0.4,4.88848e-05,2.81892e+06,23558.6,101637,0.01,0.95,10,10000,0.938,0.497,1153,677,0.00703109,0,0.587164
903,10000,3.6377,3.16228,4.21697,0.0200312,0.0158489,0.0251189,0.173584,0.15,0.2,0.449336,0.4,0.5,4.88848e-05,2.27127e+06,20861.5,81891.7,0.01,0.95,10,10000,0.938,0.497,929,556,0.00775853,0,0.598493
904,10000,3.61218,3.16228,4.21697,0.020173,0.0158489,0.0251189,0.173913,0.15,0.2,0.547115,0.5,0.6,4.88848e-05,1.97789e+06,19161.6,71313.7,0.01,0.95,10,10000,0.938,0.497,809,495,0.00822269,0,0.611867
905,10000,3.61957,3.16228,4.21697,0.0199104,0.0158489,0.0251189,0.173402,0.15,0.2,0.645876,0.6,0.7,4.88848e-05,1.51581e+06,17011.9,54653.3,0.01,0.95,10,10000,0.938,0.497,620,372,0.00948517,0,0.6
906,10000,3.6368,3.16228,4.21697,0.0202121,0.0158489,0.0251189,0.175086,0.15,0.2,0.748004,0.7,0.8,4.88848e-05,1.07574e+06,13382.1,38786.2,0.01,0.95,10,10000,0.938,0.497,440,290,0.0107428,0,0.659091
907,10000,3.63846,3.16228,4.21697,0.0200173,0.0158489,0.0251189,0.174311,0.15,0.2,0.849003,0.8,0.9,4.88848e-05,784798,11453,28296.3,0.01,0.95,10,10000,0.938,0.497,321,211,0.0125943,0,0.657321
908,10000,3.61616,3.16228,4.21697,0.0203509,0.0158489,0.0251189,0.173054,0.15,0.2,0.945066,0.9,1,4.88848e-05,525643,7878.6,18952.3,0.01,0.95,10,10000,0.938,0.497,215,176,0.0137899,0,0.818605
909,10000,3.63404,3.16228,4.21697,0.0200994,0.0158489,0.0251189,0.174417,0.15,0.2,1.19627,1,1.5,0.000244424,186787,2180.33,6734.69,0.01,0.95,10,10000,0.938,0.497,382,299,0.0105799,0,0.782723
910,10000,3.69967,3.16228,4.21697,0.0196993,0.0158489,0.0251189,0.223647,0.2,0.25,0.0668735,0,0.1,4.88848e-05,459632,8289.45,16572.3,0.01,0.95,10,10000,0.938,0.497,188,133,0.0158632,0,0.707447
911,10000,3.64323,3.16228,4.21697,0.0195412,0.0158489,0.0251189,0.226225,0.2,0.25,0.155115,0.1,0.2,4.88848e-05,1.26399e+06,13710.2,45573.8,0.01,0.95,10,10000,0.938,0.497,517,367,0.00954957,0,0.709865
912,10000,3.65327,3.16228,4.21697,0.0199222,0.0158489,0.0251189,0.223048,0.2,0.25,0.252056,0.2,0.3,4.88848e-05,1.76518e+06,15412.7,63644.6,0.01,0.95,10,10000,0.938,0.497,722,546,0.00782925,0,0.756233
913,10000,3.63615,3.16228,4.21697,0.0197809,0.0158489,0.0251189,0.224632,0.2,0.25,0.348628,0.3,0.4,4.88848e-05,1.82386e+06,16338.7,65760.2,0.01,0.95,10,10000,0.938,0.497,746,535,0.00790933,0,0.717158
914,10000,3.62126,3.16228,4.21697,0.0199463,0.0158489,0.0251189,0.225206,0.2,0.25,0.449799,0.4,0.5,4.88848e-05,1.71384e+06,16155.8,61793.4,0.01,0.95,10,10000,0.938,0.497,701,490,0.00826454,0,0.699001
915,10000,3.62151,3.16228,4.21697,0.0200928,0.0158489,0.0251189,0.223961,0.2,0.25,0.548423,0.5,0.6,4.88848e-05,1.56226e+06,16046,56328.1,0.01,0.95,10,10000,0.938,0.497,639,424,0.00888452,0,0.663537
916,10000,3.62973,3.16228,4.21697,0.0200829,0.0158489,0.0251189,0.223248,0.2,0.25,0.645275,0.6,0.7,4.88848e-05,1.09285e+06,13894.7,39403.2,0.01,0.95,10,10000,0.938,0.497,447,283,0.0108749,0,0.63311
917,10000,3.60276,3.16228,4.21697,0.0203078,0.0158489,0.0251189,0.223868,0.2,0.25,0.745089,0.7,0.8,4.88848e-05,858143,12281.1,30940.8,0.01,0.95,10,10000,0.938,0.497,351,223,0.0122508,0,0.635328
918,10000,3.64355,3.16228,4.21697,0.0198346,0.0158489,0.0251189,0.225203,0.2,0.25,0.847224,0.8,0.9,4.88848e-05,567206,9618.93,20450.9,0.01,0.95,10,10000,0.938,0.497,232,155,0.0146944,0,0.668103
919,10000,3.62938,3.16228,4.21697,0.0200694,0.0158489,0.0251189,0.226192,0.2,0.25,0.95032,0.9,1,4.88848e-05,381397,7311.66,13751.5,0.01,0.95,10,10000,0.938,0.497,156,115,0.0170596,0,0.737179
920,10000,3.64019,3.16228,4.21697,0.0201096,0.0158489,0.0251189,0.225502,0.2,0.25,1.19452,1,1.5,0.000244424,151581,2161.67,5465.33,0.01,0.95,10,10000,0.938,0.497,310,215,0.0124766,0,0.693548
921,10000,3.6415,3.16228,4.21697,0.020302,0.0158489,0.0251189,0.276314,0.25,0.3,0.0683438,0,0.1,4.88848e-05,315386,6132.19,11371.4,0.01,0.95,10,10000,0.938,0.497,129,105,0.0178534,0,0.813953
922,10000,3.62138,3.16228,4.21697,0.0199058,0.0158489,0.0251189,0.273788,0.25,0.3,0.152511,0.1,0.2,4.88848e-05,797022,9250.27,28737,0.01,0.95,10,10000,0.938,0.497,326,282,0.0108941,0,0.865031
923,10000,3.60469,3.16228,4.21697,0.019884,0.0158489,0.0251189,0.274661,0.25,0.3,0.250013,0.2,0.3,4.88848e-05,1.20042e+06,12636.5,43281.9,0.01,0.95,10,10000,0.938,0.497,491,374,0.00945978,0,0.761711
924,10000,3.58911,3.16228,4.21697,0.0199797,0.0158489,0.0251189,0.272834,0.25,0.3,0.350097,0.3,0.4,4.88848e-05,1.32511e+06,12454.1,47777.5,0.01,0.95,10,10000,0.938,0.497,542,446,0.00866262,0,0.822878
925,10000,3.613,3.16228,4.21697,0.0199095,0.0158489,0.0251189,0.276024,0.25,0.3,0.446297,0.4,0.5,4.88848e-05,1.11485e+06,11881.3,40196.6,0.01,0.95,10,10000,0.938,0.497,456,358,0.00966886,0,0.785088
926,10000,3.6062,3.16228,4.21697,0.0204516,0.0158489,0.0251189,0.274011,0.25,0.3,0.546715,0.5,0.6,4.88848e-05,1.04884e+06,12286,37816.5,0.01,0.95,10,10000,0.938,0.497,429,311,0.0103738,0,0.724942
927,10000,3.60857,3.16228,4.21697,0.0200893,0.0158489,0.0251189,0.274882,0.25,0.3,0.64546,0.6,0.7,4.88848e-05,897261,11743.6,32351.2,0.01,0.95,10,10000,0.938,0.497,367,255,0.0114564,0,0.694823
928,10000,3.63463,3.16228,4.21697,0.020127,0.0158489,0.0251189,0.273937,0.25,0.3,0.747477,0.7,0.8,4.88848e-05,591654,9586.25,21332.4,0.01,0.95,10,10000,0.938,0.497,242,167,0.0141566,0,0.690083
929,10000,3.64145,3.16228,4.21697,0.0200388,0.0158489,0.0251189,0.274853,0.25,0.3,0.84526,0.8,0.9,4.88848e-05,479191,8940.89,17277.5,0.01,0.95,10,10000,0.938,0.497,196,129,0.0161073,0,0.658163
930,10000,3.60023,3.16228,4.21697,0.0206076,0.0158489,0.0251189,0.275432,0.25,0.3,0.956059,0.9,1,4.88848e-05,327610,7102.31,11812.2,0.01,0.95,10,10000,0.938,0.497,134,93,0.0189703,0,0.69403
931,10000,3.64405,3.16228,4.21697,0.0199574,0.0158489,0.0251189,0.276026,0.25,0.3,1.19787,1,1.5,0.000244424,131533,1977.53,4742.49,0.01,0.95,10,10000,0.938,0.497,269,191,0.0132373,0,0.710037
932,10000,3.61897,3.16228,4.21697,0.0204391,0.0158489,0.0251189,0.342492,0.3,0.4,0.0673257,0,0.1,9.77696e-05,185809,3321.9,6699.43,0.01,0.95,10,10000,0.938,0.497,152,124,0.0164288,0,0.815789
933,10000,3.59133,3.16228,4.21697,0.0198258,0.0158489,0.0251189,0.343099,0.3,0.4,0.153942,0.1,0.2,9.77696e-05,509752,5744.03,18379.4,0.01,0.95,10,10000,0.938,0.497,417,323,0.0101792,0,0.77458
934,10000,3.57807,3.16228,4.21697,0.0200223,0.0158489,0.0251189,0.344702,0.3,0.4,0.25109,0.2,0.3,9.77696e-05,663778,6079.22,23932.8,0.01,0.95,10,10000,0.938,0.497,543,460,0.00852978,0,0.847145
935,10000,3.61531,3.16228,4.21697,0.0200544,0.0158489,0.0251189,0.344403,0.3,0.4,0.348975,0.3,0.4,9.77696e-05,787243,6679.38,28384.4,0.01,0.95,10,10000,0.938,0.497,644,540,0.00787263,0,0.838509
936,10000,3.60217,3.16228,4.21697,0.0198283,0.0158489,0.0251189,0.345159,0.3,0.4,0.448963,0.4,0.5,9.77696e-05,717564,6631.26,25872.2,0.01,0.95,10,10000,0.938,0.497,587,470,0.00843855,0,0.800681
937,10000,3.59192,3.16228,4.21697,0.0199358,0.0158489,0.0251189,0.345344,0.3,0.4,0.549583,0.5,0.6,9.77696e-05,585542,6211.09,21112,0.01,0.95,10,10000,0.938,0.497,479,367,0.00954957,0,0.76618
938,10000,3.59966,3.16228,4.21697,0.0203759,0.0158489,0.0251189,0.345446,0.3,0.4,0.646914,0.6,0.7,9.77696e-05,508529,5784.28,18335.3,0.01,0.95,10,10000,0.938,0.497,416,319,0.0102429,0,0.766827
939,10000,3.6128,3.16228,4.21697,0.0200106,0.0158489,0.0251189,0.346244,0.3,0.4,0.749088,0.7,0.8,9.77696e-05,465744,5875.68,16792.7,0.01,0.95,10,10000,0.938,0.497,381,271,0.011113,0,0.711286
940,10000,3.60646,3.16228,4.21697,0.0202257,0.0158489,0.0251189,0.345796,0.3,0.4,0.84933,0.8,0.9,9.77696e-05,345947,5050.19,12473.3,0.01,0.95,10,10000,0.938,0.497,283,202,0.0128719,0,0.713781
941,10000,3.65161,3.16228,4.21697,0.0200058,0.0158489,0.0251189,0.341781,0.3,0.4,0.944629,0.9,1,9.77696e-05,185809,4027.73,6699.43,0.01,0.95,10,10000,0.938,0.497,152,97,0.0185751,0,0.638158
942,10000,3.61332,3.16228,4.21697,0.0200374,0.0158489,0.0251189,0.349085,0.3,0.4,1.18624,1,1.5,0.000488848,100483,1424.6,3622.98,0.01,0.95,10,10000,0.938,0.497,411,237,0.0118835,0,0.576642
943,10000,3.63068,3.16228,4.21697,0.0198009,0.0158489,0.0251189,0.443099,0.4,0.5,0.06116,0,0.1,9.77696e-05,75790.4,2293,2732.66,0.01,0.95,10,10000,0.938,0.497,62,46,0.0269735,0,0.741935
944,10000,3.55974,3.16228,4.21697,0.0199628,0.0158489,0.0251189,0.446364,0.4,0.5,0.154441,0.1,0.2,9.77696e-05,194366,3241.28,7007.96,0.01,0.95,10,10000,0.938,0.497,159,137,0.0156299,0,0.861635
945,10000,3.62738,3.16228,4.21697,0.0203556,0.0158489,0.0251189,0.447495,0.4,0.5,0.251467,0.2,0.3,9.77696e-05,339835,4539.49,12252.9,0.01,0.95,10,10000,0.938,0.497,278,224,0.0122234,0,0.805755
946,10000,3.61736,3.16228,4.21697,0.0199517,0.0158489,0.0251189,0.442792,0.4,0.5,0.352127,0.3,0.4,9.77696e-05,375285,4572.18,13531.1,0.01,0.95,10,10000,0.938,0.497,307,260,0.0113457,0,0.846906
947,10000,3.63722,3.16228,4.21697,0.0201316,0.0158489,0.0251189,0.444341,0.4,0.5,0.451157,0.4,0.5,9.77696e-05,332500,4597.78,11988.5,0.01,0.95,10,10000,0.938,0.497,272,213,0.0125351,0,0.783088
948,10000,3.59926,3.16228,4.21697,0.0201986,0.0158489,0.0251189,0.443361,0.4,0.5,0.54669,0.5,0.6,9.77696e-05,314164,4160.97,11327.3,0.01,0.95,10,10000,0.938,0.497,257,219,0.0123622,0,0.85214
949,10000,3.58487,3.16228,4.21697,0.0201761,0.0158489,0.0251189,0.445454,0.4,0.5,0.650123,0.6,0.7,9.77696e-05,271379,3960.9,9784.7,0.01,0.95,10,10000,0.938,0.497,222,184,0.0134868,0,0.828829
950,10000,3.61295,3.16228,4.21697,0.0197891,0.0158489,0.0251189,0.441262,0.4,0.5,0.745139,0.7,0.8,9.77696e-05,213925,3580.52,7713.16,0.01,0.95,10,10000,0.938,0.497,175,142,0.0153523,0,0.811429
951,10000,3.58929,3.16228,4.21697,0.0199358,0.0158489,0.0251189,0.442818,0.4,0.5,0.848648,0.8,0.9,9.77696e-05,167472,2900.25,6038.3,0.01,0.95,10,10000,0.938,0.497,137,123,0.0164955,0,0.89781
952,10000,3.58635,3.16228,4.21697,0.0198809,0.0158489,0.0251189,0.442689,0.4,0.5,0.948194,0.9,1,9.77696e-05,132022,2622.9,4760.12,0.01,0.95,10,10000,0.938,0.497,108,95,0.0187696,0,0.87963
953,10000,3.61437,3.16228,4.21697,0.0201199,0.0158489,0.0251189,0.446419,0.4,0.5,1.1695,1,1.5,0.000488848,57209.6,1006.05,2062.72,0.01,0.95,10,10000,0.938,0.497,234,148,0.0150379,0,0.632479
954,10000,3.51962,3.16228,4.21697,0.0211661,0.0158489,0.0251189,0.533595,0.5,0.6,0.0664397,0,0.1,9.77696e-05,33005.5,-nan,1190.03,0.01,0.95,10,10000,0.938,0.497,27,29,0.0339717,0,1.07407
955,10000,3.6489,3.16228,4.21697,0.0203077,0.0158489,0.0251189,0.547414,0.5,0.6,0.153887,0.1,0.2,9.77696e-05,113686,2942.5,4098.99,0.01,0.95,10,10000,0.938,0.497,93,65,0.0226913,0,0.698925
956,10000,3.58443,3.16228,4.21697,0.0201772,0.0158489,0.0251189,0.539016,0.5,0.6,0.251944,0.2,0.3,9.77696e-05,158915,2977.56,5729.78,0.01,0.95,10,10000,0.938,0.497,130,110,0.017443,0,0.846154
957,10000,3.61725,3.16228,4.21697,0.0203384,0.0158489,0.0251189,0.544117,0.5,0.6,0.353977,0.3,0.4,9.77696e-05,199256,3574.03,7184.26,0.01,0.95,10,10000,0.938,0.497,163,127,0.0162336,0,0.779141
958,10000,3.58129,3.16228,4.21697,0.0199598,0.0158489,0.0251189,0.543569,0.5,0.6,0.451725,0.4,0.5,9.77696e-05,211480,3745.26,7625.01,0.01,0.95,10,10000,0.938,0.497,173,132,0.0159232,0,0.763006
959,10000,3.59344,3.16228,4.21697,0.0197667,0.0158489,0.0251189,0.543349,0.5,0.6,0.549741,0.5,0.6,9.77696e-05,178474,3212.34,6434.98,0.01,0.95,10,10000,0.938,0.497,146,121,0.0166312,0,0.828767
960,10000,3.66256,3.16228,4.21697,0.0195816,0.0158489,0.0251189,0.543046,0.5,0.6,0.644888,0.6,0.7,9.77696e-05,138134,3274.63,4980.5,0.01,0.95,10,10000,0.938,0.497,113,78,0.0207143,0,0.690265
961,10000,3.63239,3.16228,4.21697,0.0196295,0.0158489,0.0251189,0.545036,0.5,0.6,0.747529,0.7,0.8,9.77696e-05,125910,2654.43,4539.75,0.01,0.95,10,10000,0.938,0.497,103,87,0.0196136,0,0.84466
962,10000,3.6205,3.16228,4.21697,0.0199765,0.0158489,0.0251189,0.540725,0.5,0.6,0.84334,0.8,0.9,9.77696e-05,77012.9,2301.31,2776.74,0.01,0.95,10,10000,0.938,0.497,63,47,0.026685,0,0.746032
963,10000,3.60532,3.16228,4.21697,0.0197636,0.0158489,0.0251189,0.550625,0.5,0.6,0.950446,0.9,1,9.77696e-05,64788.6,1970.67,2335.99,0.01,0.95,10,10000,0.938,0.497,53,43,0.0278986,0,0.811321
964,10000,3.56925,3.16228,4.21697,0.0201745,0.0158489,0.0251189,0.542596,0.5,0.6,1.20419,1,1.5,0.000488848,28360.3,605.092,1022.54,0.01,0.95,10,10000,0.938,0.497,116,90,0.0192839,0,0.775862
965,10000,3.59543,3.16228,4.21697,0.020112,0.0158489,0.0251189,0.636676,0.6,0.7,0.0710612,0,0.1,9.77696e-05,17114,966.213,617.053,0.01,0.95,10,10000,0.938,0.497,14,12,0.0528112,0,0.857143
966,10000,3.60703,3.16228,4.21697,0.0202436,0.0158489,0.0251189,0.642447,0.6,0.7,0.153576,0.1,0.2,9.77696e-05,58676.5,1684.36,2115.61,0.01,0.95,10,10000,0.938,0.497,48,44,0.0275798,0,0.916667
967,10000,3.6275,3.16228,4.21697,0.0204837,0.0158489,0.0251189,0.650771,0.6,0.7,0.250094,0.2,0.3,9.77696e-05,84347.4,2352.53,3041.19,0.01,0.95,10,10000,0.938,0.497,69,53,0.0251292,0,0.768116
968,10000,3.49824,3.16228,4.21697,0.0202264,0.0158489,0.0251189,0.643366,0.6,0.7,0.352496,0.3,0.4,9.77696e-05,113686,2653.23,4098.99,0.01,0.95,10,10000,0.938,0.497,93,74,0.0212667,0,0.795699
969,10000,3.57655,3.16228,4.21697,0.0201909,0.0158489,0.0251189,0.638307,0.6,0.7,0.446659,0.4,0.5,9.77696e-05,105129,2473.55,3790.47,0.01,0.95,10,10000,0.938,0.497,86,71,0.0217114,0,0.825581
970,10000,3.61964,3.16228,4.21697,0.0199348,0.0158489,0.0251189,0.640967,0.6,0.7,0.549348,0.5,0.6,9.77696e-05,90459.6,2265.73,3261.57,0.01,0.95,10,10000,0.938,0.497,74,62,0.0232338,0,0.837838
971,10000,3.56462,3.16228,4.21697,0.0198258,0.0158489,0.0251189,0.646097,0.6,0.7,0.65323,0.6,0.7,9.77696e-05,83125,2171.05,2997.11,0.01,0.95,10,10000,0.938,0.497,68,57,0.0242314,0,0.838235
972,10000,3.62224,3.16228,4.21697,0.0200937,0.0158489,0.0251189,0.643626,0.6,0.7,0.748453,0.7,0.8,9.77696e-05,63566.2,1846.55,2291.91,0.01,0.95,10,10000,0.938,0.497,52,45,0.0272716,0,0.865385
973,10000,3.58834,3.16228,4.21697,0.0194585,0.0158489,0.0251189,0.649825,0.6,0.7,0.843357,0.8,0.9,9.77696e-05,53786.8,1782.86,1939.31,0.01,0.95,10,10000,0.938,0.497,44,36,0.0304906,0,0.818182
974,10000,3.53495,3.16228,4.21697,0.019397,0.0158489,0.0251189,0.637688,0.6,0.7,0.948688,0.9,1,9.77696e-05,34227.9,1792.36,1234.11,0.01,0.95,10,10000,0.938,0.497,28,17,0.0443703,0,0.607143
975,10000,3.61083,3.16228,4.21697,0.0203267,0.0158489,0.0251189,0.64107,0.6,0.7,1.18112,1,1.5,0.000488848,17358.5,544.447,625.868,0.01,0.95,10,10000,0.938,0.497,71,46,0.0269735,0,0.647887
976,10000,3.51157,3.16228,4.21697,0.0197242,0.0158489,0.0251189,0.719338,0.7,0.8,0.0543965,0,0.1,9.77696e-05,8556.99,935.532,308.526,0.01,0.95,10,10000,0.938,0.497,7,4,0.0914717,0,0.571429
977,10000,3.55244,3.16228,4.21697,0.0202908,0.0158489,0.0251189,0.74742,0.7,0.8,0.145722,0.1,0.2,9.77696e-05,35450.4,1485.62,1278.18,0.01,0.95,10,10000,0.938,0.497,29,23,0.0381463,0,0.793103
978,10000,3.51401,3.16228,4.21697,0.0197691,0.0158489,0.0251189,0.7409,0.7,0.8,0.25721,0.2,0.3,9.77696e-05,40340.1,1451.1,1454.48,0.01,0.95,10,10000,0.938,0.497,33,29,0.0339717,0,0.878788
979,10000,3.59343,3.16228,4.21697,0.0196769,0.0158489,0.0251189,0.733561,0.7,0.8,0.354655,0.3,0.4,9.77696e-05,51341.9,1944.47,1851.16,0.01,0.95,10,10000,0.938,0.497,42,30,0.0334007,0,0.714286
980,10000,3.60831,3.16228,4.21697,0.019728,0.0158489,0.0251189,0.749946,0.7,0.8,0.448459,0.4,0.5,9.77696e-05,55009.2,1925.31,1983.38,0.01,0.95,10,10000,0.938,0.497,45,34,0.0313745,0,0.755556
981,10000,3.55001,3.16228,4.21697,0.0200993,0.0158489,0.0251189,0.748601,0.7,0.8,0.555143,0.5,0.6,9.77696e-05,56231.6,1891.74,2027.46,0.01,0.95,10,10000,0.938,0.497,46,36,0.0304906,0,0.782609
982,10000,3.53647,3.16228,4.21697,0.0194298,0.0158489,0.0251189,0.749177,0.7,0.8,0.644911,0.6,0.7,9.77696e-05,37895.2,1417.66,1366.33,0.01,0.95,10,10000,0.938,0.497,31,27,0.0352075,0,0.870968
983,10000,3.61729,3.16228,4.21697,0.0199937,0.0158489,0.0251189,0.737332,0.7,0.8,0.741063,0.7,0.8,9.77696e-05,36672.8,1609.83,1322.26,0.01,0.95,10,10000,0.938,0.497,30,22,0.0390037,0,0.733333
984,10000,3.69828,3.16228,4.21697,0.0192425,0.0158489,0.0251189,0.752058,0.7,0.8,0.856775,0.8,0.9,9.77696e-05,28115.8,1222.86,1013.73,0.01,0.95,10,10000,0.938,0.497,23,20,0.0409074,0,0.869565
985,10000,3.53847,3.16228,4.21697,0.0200409,0.0158489,0.0251189,0.726067,0.7,0.8,0.936455,0.9,1,9.77696e-05,7334.56,547.791,264.451,0.01,0.95,10,10000,0.938,0.497,6,6,0.0746863,0,1
986,10000,3.70612,3.16228,4.21697,0.0194564,0.0158489,0.0251189,0.752951,0.7,0.8,1.22145,1,1.5,0.000488848,8801.47,346.454,317.342,0.01,0.95,10,10000,0.938,0.497,36,27,0.0352075,0,0.75
987,10000,3.71482,3.16228,4.21697,0.0185797,0.0158489,0.0251189,0.829322,0.8,0.9,0.0552835,0,0.1,9.77696e-05,7334.56,-nan,264.451,0.01,0.95,10,10000,0.938,0.497,6,7,0.0691461,0,1.16667
988,10000,3.55011,3.16228,4.21697,0.0202996,0.0158489,0.0251189,0.851033,0.8,0.9,0.154026,0.1,0.2,9.77696e-05,15891.5,1472.14,572.978,0.01,0.95,10,10000,0.938,0.497,13,6,0.0746863,0,0.461538
989,10000,3.59799,3.16228,4.21697,0.0199855,0.0158489,0.0251189,0.844345,0.8,0.9,0.243009,0.2,0.3,9.77696e-05,22003.7,1189.39,793.354,0.01,0.95,10,10000,0.938,0.497,18,14,0.0488937,0,0.777778
990,10000,3.51838,3.16228,4.21697,0.0213744,0.0158489,0.0251189,0.852474,0.8,0.9,0.361511,0.3,0.4,9.77696e-05,23226.1,1143.06,837.429,0.01,0.95,10,10000,0.938,0.497,19,16,0.0457358,0,0.842105
991,10000,3.6858,3.16228,4.21697,0.0207273,0.0158489,0.0251189,0.833517,0.8,0.9,0.438351,0.4,0.5,9.77696e-05,24448.5,1051.45,881.504,0.01,0.95,10,10000,0.938,0.497,20,19,0.0419701,0,0.95
992,10000,3.69501,3.16228,4.21697,0.0187142,0.0158489,0.0251189,0.84382,0.8,0.9,0.532913,0.5,0.6,9.77696e-05,22003.7,1060.79,793.354,0.01,0.95,10,10000,0.938,0.497,18,16,0.0457358,0,0.888889
993,10000,3.72801,3.16228,4.21697,0.0195801,0.0158489,0.0251189,0.841432,0.8,0.9,0.663369,0.6,0.7,9.77696e-05,22003.7,1262.03,793.354,0.01,0.95,10,10000,0.938,0.497,18,13,0.0507394,0,0.722222
994,10000,3.53284,3.16228,4.21697,0.0195354,0.0158489,0.0251189,0.846045,0.8,0.9,0.738129,0.7,0.8,9.77696e-05,14669.1,916.63,528.903,0.01,0.95,10,10000,0.938,0.497,12,10,0.0578518,0,0.833333
995,10000,3.64893,3.16228,4.21697,0.0197921,0.0158489,0.0251189,0.854817,0.8,0.9,0.855947,0.8,0.9,9.77696e-05,12224.3,1080.26,440.752,0.01,0.95,10,10000,0.938,0.497,10,6,0.0746863,0,0.6
996,10000,3.57271,3.16228,4.21697,0.0206478,0.0158489,0.0251189,0.843626,0.8,0.9,0.955357,0.9,1,9.77696e-05,7334.56,774.694,264.451,0.01,0.95,10,10000,0.938,0.497,6,4,0.0914717,0,0.666667
997,10000,3.60746,3.16228,4.21697,0.0189782,0.0158489,0.0251189,0.827614,0.8,0.9,1.19563,1,1.5,0.000488848,4645.22,228.611,167.486,0.01,0.95,10,10000,0.938,0.497,19,16,0.0457358,0,0.842105
998,10000,3.56252,3.16228,4.21697,0.0206522,0.0158489,0.0251189,0.922743,0.9,1,0.0389232,0,0.1,9.77696e-05,1222.43,223.635,44.0752,0.01,0.95,10,10000,0.938,0.497,1,1,0.182943,0,1
999,10000,3.69417,3.16228,4.21697,0.0218554,0.0158489,0.0251189,0.936474,0.9,1,0.160254,0.1,0.2,9.77696e-05,3667.28,387.347,132.226,0.01,0.95,10,10000,0.938,0.497,3,3,0.105622,0,1
1000,10000,3.73951,3.16228,4.21697,0.0193862,0.0158489,0.0251189,0.973555,0.9,1,0.234573,0.2,0.3,9.77696e-05,3667.28,547.791,132.226,0.01,0.95,10,10000,0.938,0.497,3,2,0.129361,0,0.666667
1001,10000,3.622,3.16228,4.21697,0.0205158,0.0158489,0.0251189,0.916834,0.9,1,0.338879,0.3,0.4,9.77696e-05,6112.13,763.858,220.376,0.01,0.95,10,10000,0.938,0.497,5,3,0.105622,0,0.6
1002,10000,3.43548,3.16228,4.21697,0.0197348,0.0158489,0.0251189,0.932793,0.9,1,0.444285,0.4,0.5,9.77696e-05,8556.99,935.532,308.526,0.01,0.95,10,10000,0.938,0.497,7,4,0.0914717,0,0.571429
1003,10000,3.47734,3.16228,4.21697,0.0191428,0.0158489,0.0251189,0.943569,0.9,1,0.558552,0.5,0.6,9.77696e-05,8556.99,935.532,308.526,0.01,0.95,10,10000,0.938,0.497,7,4,0.0914717,0,0.571429
1004,10000,3.71246,3.16228,4.21697,0.0183065,0.0158489,0.0251189,0.909525,0.9,1,0.654271,0.6,0.7,9.77696e-05,3667.28,547.791,132.226,0.01,0.95,10,10000,0.938,0.497,3,2,0.129361,0,0.666667
1005,10000,3.41441,3.16228,4.21697,0.0191743,0.0158489,0.0251189,0.948216,0.9,1,0.773355,0.7,0.8,9.77696e-05,4889.71,774.694,176.301,0.01,0.95,10,10000,0.938,0.497,4,2,0.129361,0,0.5
1006,10000,3.51053,3.16228,4.21697,0.0207578,0.0158489,0.0251189,0.931546,0.9,1,0.806673,0.8,0.9,9.77696e-05,4889.71,577.423,176.301,0.01,0.95,10,10000,0.938,0.497,4,3,0.105622,0,0.75
1007,10000,3.46793,3.16228,4.21697,0.0208547,0.0158489,0.0251189,0.920336,0.9,1,0.967557,0.9,1,9.77696e-05,3667.28,547.791,132.226,0.01,0.95,10,10000,0.938,0.497,3,2,0.129361,0,0.666667
1008,10000,3.31515,3.16228,4.21697,0.0216059,0.0158489,0.0251189,0.926623,0.9,1,1.2274,1,1.5,0.000488848,488.971,-nan,17.6301,0.01,0.95,10,10000,0.938,0.497,2,3,0.105622,0,1.5
1009,10000,3.63924,3.16228,4.21697,0.0317796,0.0251189,0.0398107,0.0754082,0.05,0.1,0.0655954,0,0.1,7.74763e-05,814501,7063.09,29367.2,0.01,0.95,10,10000,0.938,0.497,528,483,0.00832421,0,0.914773
1010,10000,3.66287,3.16228,4.21697,0.0316499,0.0251189,0.0398107,0.0754913,0.05,0.1,0.15335,0.1,0.2,7.74763e-05,2.172e+06,12138.2,78312.6,0.01,0.95,10,10000,0.938,0.497,1408,1217,0.00524411,0,0.864347
1011,10000,3.63546,3.16228,4.21697,0.0315886,0.0251189,0.0398107,0.0744662,0.05,0.1,0.250073,0.2,0.3,7.74763e-05,2.86155e+06,13640.6,103175,0.01,0.95,10,10000,0.938,0.497,1855,1642,0.00451471,0,0.885175
1012,10000,3.63834,3.16228,4.21697,0.0315918,0.0251189,0.0398107,0.0735608,0.05,0.1,0.350275,0.3,0.4,7.74763e-05,2.86155e+06,13897,103175,0.01,0.95,10,10000,0.938,0.497,1855,1608,0.00456219,0,0.866846
1013,10000,3.63912,3.16228,4.21697,0.0315204,0.0251189,0.0398107,0.073853,0.05,0.1,0.448407,0.4,0.5,7.74763e-05,2.66255e+06,13390.6,95999.7,0.01,0.95,10,10000,0.938,0.497,1726,1498,0.00472673,0,0.867903
1014,10000,3.64768,3.16228,4.21697,0.0314684,0.0251189,0.0398107,0.0733503,0.05,0.1,0.548814,0.5,0.6,7.74763e-05,2.10258e+06,11447.9,75809.7,0.01,0.95,10,10000,0.938,0.497,1363,1235,0.00520575,0,0.90609
1015,10000,3.651,3.16228,4.21697,0.0314439,0.0251189,0.0398107,0.072896,0.05,0.1,0.64733,0.6,0.7,7.74763e-05,1.57655e+06,9991.89,56843.4,0.01,0.95,10,10000,0.938,0.497,1022,918,0.00603803,0,0.898239
1016,10000,3.66123,3.16228,4.21697,0.0315879,0.0251189,0.0398107,0.0743461,0.05,0.1,0.746004,0.7,0.8,7.74763e-05,1.07212e+06,8650.6,38655.7,0.01,0.95,10,10000,0.938,0.497,695,591,0.00752529,0,0.85036
1017,10000,3.63541,3.16228,4.21697,0.0317635,0.0251189,0.0398107,0.0743735,0.05,0.1,0.847436,0.8,0.9,7.74763e-05,681836,6307.36,24583.9,0.01,0.95,10,10000,0.938,0.497,442,415,0.00898034,0,0.938914
1018,10000,3.64823,3.16228,4.21697,0.0310652,0.0251189,0.0398107,0.0763434,0.05,0.1,0.946072,0.9,1,7.74763e-05,411878,5466.77,14850.5,0.01,0.95,10,10000,0.938,0.497,267,222,0.0122784,0,0.831461
1019,10000,3.67397,3.16228,4.21697,0.0314379,0.0251189,0.0398107,0.0764041,0.05,0.1,1.15981,1,1.5,0.000387382,117856,1187.21,4249.35,0.01,0.95,10,10000,0.938,0.497,382,354,0.00972333,0,0.926702
1020,10000,3.61075,3.16228,4.21697,0.0321671,0.0251189,0.0398107,0.123165,0.1,0.15,0.0663015,0,0.1,7.74763e-05,688006,7128.34,24806.4,0.01,0.95,10,10000,0.938,0.497,446,367,0.00954957,0,0.82287
1021,10000,3.60602,3.16228,4.21697,0.0320193,0.0251189,0.0398107,0.122398,0.1,0.15,0.153517,0.1,0.2,7.74763e-05,1.68762e+06,10815.8,60848,0.01,0.95,10,10000,0.938,0.497,1094,934,0.00598609,0,0.853748
1022,10000,3.61021,3.16228,4.21697,0.0318234,0.0251189,0.0398107,0.122896,0.1,0.15,0.251862,0.2,0.3,7.74763e-05,2.20902e+06,12503.8,79647.5,0.01,0.95,10,10000,0.938,0.497,1432,1208,0.0052636,0,0.843575
1023,10000,3.62246,3.16228,4.21697,0.0318166,0.0251189,0.0398107,0.123266,0.1,0.15,0.348129,0.3,0.4,7.74763e-05,2.06556e+06,11732.8,74474.9,0.01,0.95,10,10000,0.938,0.497,1339,1169,0.00535069,0,0.87304
1024,10000,3.61177,3.16228,4.21697,0.0316915,0.0251189,0.0398107,0.123889,0.1,0.15,0.445968,0.4,0.5,7.74763e-05,1.7956e+06,10922.3,64741.4,0.01,0.95,10,10000,0.938,0.497,1164,1018,0.0057338,0,0.87457
1025,10000,3.61711,3.16228,4.21697,0.0316659,0.0251189,0.0398107,0.122479,0.1,0.15,0.547577,0.5,0.6,7.74763e-05,1.47782e+06,9907.05,53283.7,0.01,0.95,10,10000,0.938,0.497,958,838,0.00631967,0,0.874739
1026,10000,3.63454,3.16228,4.21697,0.0317073,0.0251189,0.0398107,0.123407,0.1,0.15,0.64767,0.6,0.7,7.74763e-05,1.1076e+06,8799.57,39935,0.01,0.95,10,10000,0.938,0.497,718,610,0.00740716,0,0.849582
1027,10000,3.62057,3.16228,4.21697,0.0316821,0.0251189,0.0398107,0.122994,0.1,0.15,0.748961,0.7,0.8,7.74763e-05,794447,7087.27,28644.2,0.01,0.95,10,10000,0.938,0.497,515,463,0.0085021,0,0.899029
1028,10000,3.65186,3.16228,4.21697,0.032015,0.0251189,0.0398107,0.121822,0.1,0.15,0.847096,0.8,0.9,7.74763e-05,609333,6604.88,21969.8,0.01,0.95,10,10000,0.938,0.497,395,331,0.0100555,0,0.837975
1029,10000,3.61989,3.16228,4.21697,0.0319489,0.0251189,0.0398107,0.122186,0.1,0.15,0.947861,0.9,1,7.74763e-05,350174,4482.98,12625.7,0.01,0.95,10,10000,0.938,0.497,227,215,0.0124766,0,0.947137
1030,10000,3.59523,3.16228,4.21697,0.0315299,0.0251189,0.0398107,0.123235,0.1,0.15,1.16582,1,1.5,0.000387382,115388,1202.19,4160.36,0.01,0.95,10,10000,0.938,0.497,374,338,0.00995081,0,0.903743
1031,10000,3.53091,3.16228,4.21697,0.0326035,0.0251189,0.0398107,0.172149,0.15,0.2,0.0658963,0,0.1,7.74763e-05,473583,6640.79,17075.3,0.01,0.95,10,10000,0.938,0.497,307,219,0.0123622,0,0.713355
1032,10000,3.53315,3.16228,4.21697,0.0322857,0.0251189,0.0398107,0.172373,0.15,0.2,0.152528,0.1,0.2,7.74763e-05,1.16159e+06,10122.7,41881.7,0.01,0.95,10,10000,0.938,0.497,753,556,0.00775853,0,0.73838
1033,10000,3.58198,3.16228,4.21697,0.0323844,0.0251189,0.0398107,0.173592,0.15,0.2,0.250405,0.2,0.3,7.74763e-05,1.4624e+06,11067.7,52727.5,0.01,0.95,10,10000,0.938,0.497,948,723,0.00680374,0,0.762658
1034,10000,3.57278,3.16228,4.21697,0.0317794,0.0251189,0.0398107,0.173582,0.15,0.2,0.349047,0.3,0.4,7.74763e-05,1.47782e+06,10772.8,53283.7,0.01,0.95,10,10000,0.938,0.497,958,760,0.00663605,0,0.793319
1035,10000,3.58533,3.16228,4.21697,0.0321351,0.0251189,0.0398107,0.172884,0.15,0.2,0.448812,0.4,0.5,7.74763e-05,1.31277e+06,9909.72,47332.4,0.01,0.95,10,10000,0.938,0.497,851,695,0.00693944,0,0.816686
1036,10000,3.58344,3.16228,4.21697,0.0318922,0.0251189,0.0398107,0.172342,0.15,0.2,0.548995,0.5,0.6,7.74763e-05,1.11377e+06,9796.89,40157.5,0.01,0.95,10,10000,0.938,0.497,722,541,0.00786535,0,0.749307
1037,10000,3.55227,3.16228,4.21697,0.0321251,0.0251189,0.0398107,0.173273,0.15,0.2,0.648532,0.6,0.7,7.74763e-05,772850,7669.25,27865.5,0.01,0.95,10,10000,0.938,0.497,501,405,0.00909053,0,0.808383
1038,10000,3.59915,3.16228,4.21697,0.0319574,0.0251189,0.0398107,0.173409,0.15,0.2,0.746538,0.7,0.8,7.74763e-05,680293,7341.33,24528.3,0.01,0.95,10,10000,0.938,0.497,441,348,0.0098068,0,0.789116
1039,10000,3.54532,3.16228,4.21697,0.0315895,0.0251189,0.0398107,0.172372,0.15,0.2,0.846542,0.8,0.9,7.74763e-05,424219,5240.91,15295.4,0.01,0.95,10,10000,0.938,0.497,275,244,0.0117118,0,0.887273
1040,10000,3.58069,3.16228,4.21697,0.0320687,0.0251189,0.0398107,0.174741,0.15,0.2,0.949292,0.9,1,7.74763e-05,277671,4329.75,10011.6,0.01,0.95,10,10000,0.938,0.497,180,156,0.0146472,0,0.866667
1041,10000,3.64826,3.16228,4.21697,0.0317074,0.0251189,0.0398107,0.173891,0.15,0.2,1.17256,1,1.5,0.000387382,95950.6,1186.22,3459.55,0.01,0.95,10,10000,0.938,0.497,311,257,0.0114117,0,0.826367
1042,10000,3.58613,3.16228,4.21697,0.0327126,0.0251189,0.0398107,0.224865,0.2,0.25,0.0682758,0,0.1,7.74763e-05,293097,4979.96,10567.8,0.01,0.95,10,10000,0.938,0.497,190,144,0.0152453,0,0.757895
1043,10000,3.61262,3.16228,4.21697,0.0320243,0.0251189,0.0398107,0.223301,0.2,0.25,0.155564,0.1,0.2,7.74763e-05,762052,9041.66,27476.2,0.01,0.95,10,10000,0.938,0.497,494,321,0.0102109,0,0.649798
1044,10000,3.58506,3.16228,4.21697,0.0321911,0.0251189,0.0398107,0.222583,0.2,0.25,0.251649,0.2,0.3,7.74763e-05,987273,9712.73,35596.6,0.01,0.95,10,10000,0.938,0.497,640,449,0.00863363,0,0.701562
1045,10000,3.59583,3.16228,4.21697,0.0321715,0.0251189,0.0398107,0.224822,0.2,0.25,0.350205,0.3,0.4,7.74763e-05,959506,9414.63,34595.5,0.01,0.95,10,10000,0.938,0.497,622,446,0.00866262,0,0.717042
1046,10000,3.60201,3.16228,4.21697,0.0317493,0.0251189,0.0398107,0.223636,0.2,0.25,0.450736,0.4,0.5,7.74763e-05,888546,8615.87,32037,0.01,0.95,10,10000,0.938,0.497,576,440,0.00872148,0,0.763889
1047,10000,3.5701,3.16228,4.21697,0.0321305,0.0251189,0.0398107,0.223895,0.2,0.25,0.547107,0.5,0.6,7.74763e-05,768222,8227.06,27698.6,0.01,0.95,10,10000,0.938,0.497,498,368,0.00953658,0,0.738956
1048,10000,3.58964,3.16228,4.21697,0.0316812,0.0251189,0.0398107,0.224788,0.2,0.25,0.649486,0.6,0.7,7.74763e-05,567682,6829.8,20468.1,0.01,0.95,10,10000,0.938,0.497,368,284,0.0108557,0,0.771739
1049,10000,3.62354,3.16228,4.21697,0.0322664,0.0251189,0.0398107,0.223504,0.2,0.25,0.748302,0.7,0.8,7.74763e-05,476668,6204.63,17186.5,0.01,0.95,10,10000,0.938,0.497,309,241,0.0117844,0,0.779935
1050,10000,3.62451,3.16228,4.21697,0.0320512,0.0251189,0.0398107,0.222874,0.2,0.25,0.846147,0.8,0.9,7.74763e-05,340918,5853.51,12292,0.01,0.95,10,10000,0.938,0.497,221,150,0.0149373,0,0.678733
1051,10000,3.64374,3.16228,4.21697,0.032236,0.0251189,0.0398107,0.22336,0.2,0.25,0.945206,0.9,1,7.74763e-05,254531,4858.96,9177.26,0.01,0.95,10,10000,0.938,0.497,165,118,0.0168413,0,0.715152
1052,10000,3.61908,3.16228,4.21697,0.0318632,0.0251189,0.0398107,0.223028,0.2,0.25,1.16658,1,1.5,0.000387382,86386.4,1233.35,3114.71,0.01,0.95,10,10000,0.938,0.497,280,207,0.0127154,0,0.739286
1053,10000,3.62494,3.16228,4.21697,0.0322316,0.0251189,0.0398107,0.269938,0.25,0.3,0.0684056,0,0.1,7.74763e-05,180486,3896.33,6507.51,0.01,0.95,10,10000,0.938,0.497,117,89,0.019392,0,0.760684
1054,10000,3.59635,3.16228,4.21697,0.0322262,0.0251189,0.0398107,0.274345,0.25,0.3,0.153824,0.1,0.2,7.74763e-05,448901,5870.87,16185.4,0.01,0.95,10,10000,0.938,0.497,291,234,0.0119594,0,0.804124
1055,10000,3.61737,3.16228,4.21697,0.0317045,0.0251189,0.0398107,0.273849,0.25,0.3,0.251784,0.2,0.3,7.74763e-05,703432,7689.82,25362.6,0.01,0.95,10,10000,0.938,0.497,456,347,0.00982092,0,0.760965
1056,10000,3.65258,3.16228,4.21697,0.0318802,0.0251189,0.0398107,0.273203,0.25,0.3,0.348962,0.3,0.4,7.74763e-05,646356,7796.53,23304.7,0.01,0.95,10,10000,0.938,0.497,419,297,0.0106155,0,0.708831
1057,10000,3.63296,3.16228,4.21697,0.0313319,0.0251189,0.0398107,0.274606,0.25,0.3,0.448003,0.4,0.5,7.74763e-05,637100,7735.33,22971,0.01,0.95,10,10000,0.938,0.497,413,293,0.0106877,0,0.709443
1058,10000,3.63448,3.16228,4.21697,0.0312388,0.0251189,0.0398107,0.27388,0.25,0.3,0.552275,0.5,0.6,7.74763e-05,522946,6885.7,18855.1,0.01,0.95,10,10000,0.938,0.497,339,246,0.011664,0,0.725664
1059,10000,3.60061,3.16228,4.21697,0.0314344,0.0251189,0.0398107,0.273251,0.25,0.3,0.647943,0.6,0.7,7.74763e-05,504435,6508.43,18187.7,0.01,0.95,10,10000,0.938,0.497,327,249,0.0115936,0,0.761468
1060,10000,3.60822,3.16228,4.21697,0.0321384,0.0251189,0.0398107,0.274042,0.25,0.3,0.746821,0.7,0.8,7.74763e-05,336290,5666.96,12125.1,0.01,0.95,10,10000,0.938,0.497,218,153,0.0147901,0,0.701835
1061,10000,3.59578,3.16228,4.21697,0.0324488,0.0251189,0.0398107,0.274313,0.25,0.3,0.84628,0.8,0.9,7.74763e-05,252989,5087.78,9121.64,0.01,0.95,10,10000,0.938,0.497,164,110,0.017443,0,0.670732
1062,10000,3.60409,3.16228,4.21697,0.0316284,0.0251189,0.0398107,0.271968,0.25,0.3,0.947945,0.9,1,7.74763e-05,205168,4261.3,7397.43,0.01,0.95,10,10000,0.938,0.497,133,98,0.0184801,0,0.736842
1063,10000,3.63452,3.16228,4.21697,0.0317957,0.0251189,0.0398107,0.272712,0.25,0.3,1.18922,1,1.5,0.000387382,70034.7,1210.62,2525.14,0.01,0.95,10,10000,0.938,0.497,227,150,0.0149373,0,0.660793
1064,10000,3.58326,3.16228,4.21697,0.0321433,0.0251189,0.0398107,0.342541,0.3,0.4,0.0684221,0,0.1,0.000154953,84072.5,1660.74,3031.28,0.01,0.95,10,10000,0.938,0.497,109,96,0.0186716,0,0.880734
1065,10000,3.61263,3.16228,4.21697,0.0316724,0.0251189,0.0398107,0.348669,0.3,0.4,0.153642,0.1,0.2,0.000154953,256074,3067.4,9232.88,0.01,0.95,10,10000,0.938,0.497,332,274,0.011052,0,0.825301
1066,10000,3.61622,3.16228,4.21697,0.0322347,0.0251189,0.0398107,0.344537,0.3,0.4,0.250808,0.2,0.3,0.000154953,371770,3832.12,13404.4,0.01,0.95,10,10000,0.938,0.497,482,381,0.00937247,0,0.790456
1067,10000,3.59628,3.16228,4.21697,0.0320101,0.0251189,0.0398107,0.342297,0.3,0.4,0.352272,0.3,0.4,0.000154953,421134,4067.61,15184.2,0.01,0.95,10,10000,0.938,0.497,546,433,0.0087917,0,0.79304
1068,10000,3.63041,3.16228,4.21697,0.0315749,0.0251189,0.0398107,0.347082,0.3,0.4,0.446649,0.4,0.5,0.000154953,418820,4205.58,15100.8,0.01,0.95,10,10000,0.938,0.497,543,412,0.00901297,0,0.758748
1069,10000,3.60925,3.16228,4.21697,0.031567,0.0251189,0.0398107,0.34551,0.3,0.4,0.548879,0.5,0.6,0.000154953,353259,3586.47,12736.9,0.01,0.95,10,10000,0.938,0.497,458,380,0.0093848,0,0.829694
1070,10000,3.64202,3.16228,4.21697,0.0316058,0.0251189,0.0398107,0.347965,0.3,0.4,0.649459,0.6,0.7,0.000154953,322406,3441.63,11624.5,0.01,0.95,10,10000,0.938,0.497,418,345,0.00984934,0,0.825359
1071,10000,3.62102,3.16228,4.21697,0.0311887,0.0251189,0.0398107,0.346401,0.3,0.4,0.747641,0.7,0.8,0.000154953,240648,2998.23,8676.68,0.01,0.95,10,10000,0.938,0.497,312,255,0.0114564,0,0.817308
1072,10000,3.60721,3.16228,4.21697,0.031721,0.0251189,0.0398107,0.343542,0.3,0.4,0.847231,0.8,0.9,0.000154953,165060,2332.26,5951.31,0.01,0.95,10,10000,0.938,0.497,214,188,0.0133425,0,0.878505
1073,10000,3.64239,3.16228,4.21697,0.0316282,0.0251189,0.0398107,0.346696,0.3,0.4,0.952103,0.9,1,0.000154953,118781,2191.76,4282.72,0.01,0.95,10,10000,0.938,0.497,154,120,0.0167004,0,0.779221
1074,10000,3.61543,3.16228,4.21697,0.031472,0.0251189,0.0398107,0.346304,0.3,0.4,1.18218,1,1.5,0.000774763,55688.4,730.052,2007.87,0.01,0.95,10,10000,0.938,0.497,361,253,0.0115016,0,0.700831
1075,10000,3.63604,3.16228,4.21697,0.031146,0.0251189,0.0398107,0.448285,0.4,0.5,0.0712503,0,0.1,0.000154953,46278.4,1315.68,1668.59,0.01,0.95,10,10000,0.938,0.497,60,49,0.0261348,0,0.816667
1076,10000,3.58805,3.16228,4.21697,0.0316445,0.0251189,0.0398107,0.444098,0.4,0.5,0.155399,0.1,0.2,0.000154953,128037,2237.83,4616.44,0.01,0.95,10,10000,0.938,0.497,166,132,0.0159232,0,0.795181
1077,10000,3.6132,3.16228,4.21697,0.0316659,0.0251189,0.0398107,0.442907,0.4,0.5,0.252419,0.2,0.3,0.000154953,181257,2513.3,6535.32,0.01,0.95,10,10000,0.938,0.497,235,200,0.0129361,0,0.851064
1078,10000,3.60527,3.16228,4.21697,0.0316422,0.0251189,0.0398107,0.442663,0.4,0.5,0.353257,0.3,0.4,0.000154953,198997,2660.48,7174.95,0.01,0.95,10,10000,0.938,0.497,258,217,0.012419,0,0.841085
1079,10000,3.58787,3.16228,4.21697,0.0322057,0.0251189,0.0398107,0.4466,0.4,0.5,0.454144,0.4,0.5,0.000154953,207482,2782.42,7480.86,0.01,0.95,10,10000,0.938,0.497,269,220,0.012334,0,0.817844
1080,10000,3.55947,3.16228,4.21697,0.0317371,0.0251189,0.0398107,0.44467,0.4,0.5,0.549504,0.5,0.6,0.000154953,192827,2676.38,6952.47,0.01,0.95,10,10000,0.938,0.497,250,205,0.0127773,0,0.82
1081,10000,3.60313,3.16228,4.21697,0.0322126,0.0251189,0.0398107,0.446012,0.4,0.5,0.643946,0.6,0.7,0.000154953,155033,2313.35,5589.79,0.01,0.95,10,10000,0.938,0.497,201,172,0.0139493,0,0.855721
1082,10000,3.60558,3.16228,4.21697,0.0321022,0.0251189,0.0398107,0.443139,0.4,0.5,0.748021,0.7,0.8,0.000154953,128037,2090.07,4616.44,0.01,0.95,10,10000,0.938,0.497,166,143,0.0152985,0,0.861446
1083,10000,3.59641,3.16228,4.21697,0.0325952,0.0251189,0.0398107,0.442717,0.4,0.5,0.846237,0.8,0.9,0.000154953,103355,1927.75,3726.52,0.01,0.95,10,10000,0.938,0.497,134,112,0.0172865,0,0.835821
1084,10000,3.58759,3.16228,4.21697,0.032427,0.0251189,0.0398107,0.446018,0.4,0.5,0.946959,0.9,1,0.000154953,65561.1,1429.72,2363.84,0.01,0.95,10,10000,0.938,0.497,85,77,0.0208483,0,0.905882
1085,10000,3.58253,3.16228,4.21697,0.0322927,0.0251189,0.0398107,0.448686,0.4,0.5,1.16841,1,1.5,0.000774763,28538.4,497.696,1028.97,0.01,0.95,10,10000,0.938,0.497,185,138,0.0155732,0,0.745946
1086,10000,3.5065,3.16228,4.21697,0.0326265,0.0251189,0.0398107,0.552259,0.5,0.6,0.0666063,0,0.1,0.000154953,16197.5,678.188,584.008,0.01,0.95,10,10000,0.938,0.497,21,20,0.0409074,0,0.952381
1087,10000,3.63466,3.16228,4.21697,0.0323328,0.0251189,0.0398107,0.548333,0.5,0.6,0.159208,0.1,0.2,0.000154953,67875,1751.07,2447.27,0.01,0.95,10,10000,0.938,0.497,88,64,0.0228679,0,0.727273
1088,10000,3.55719,3.16228,4.21697,0.0315899,0.0251189,0.0398107,0.548726,0.5,0.6,0.254251,0.2,0.3,0.000154953,101813,2010.83,3670.9,0.01,0.95,10,10000,0.938,0.497,132,104,0.0179391,0,0.787879
1089,10000,3.53884,3.16228,4.21697,0.0321742,0.0251189,0.0398107,0.546082,0.5,0.6,0.34648,0.3,0.4,0.000154953,107983,2014.7,3893.38,0.01,0.95,10,10000,0.938,0.497,140,114,0.0171342,0,0.814286
1090,10000,3.59791,3.16228,4.21697,0.0325907,0.0251189,0.0398107,0.546928,0.5,0.6,0.446439,0.4,0.5,0.000154953,100270,1908.65,3615.28,0.01,0.95,10,10000,0.938,0.497,130,108,0.0176037,0,0.830769
1091,10000,3.63028,3.16228,4.21697,0.0316435,0.0251189,0.0398107,0.547592,0.5,0.6,0.546662,0.5,0.6,0.000154953,92556.9,1960.52,3337.19,0.01,0.95,10,10000,0.938,0.497,120,92,0.0190732,0,0.766667
1092,10000,3.57541,3.16228,4.21697,0.0316031,0.0251189,0.0398107,0.538504,0.5,0.6,0.655881,0.6,0.7,0.000154953,79444.7,1691.63,2864.42,0.01,0.95,10,10000,0.938,0.497,103,86,0.0197273,0,0.834951
1093,10000,3.59752,3.16228,4.21697,0.0319875,0.0251189,0.0398107,0.541563,0.5,0.6,0.749731,0.7,0.8,0.000154953,61704.6,1468.01,2224.79,0.01,0.95,10,10000,0.938,0.497,80,68,0.0221851,0,0.85
1094,10000,3.56115,3.16228,4.21697,0.0319504,0.0251189,0.0398107,0.546578,0.5,0.6,0.849188,0.8,0.9,0.000154953,44735.8,1234.65,1612.97,0.01,0.95,10,10000,0.938,0.497,58,50,0.0258721,0,0.862069
1095,10000,3.5997,3.16228,4.21697,0.0316811,0.0251189,0.0398107,0.549208,0.5,0.6,0.950866,0.9,1,0.000154953,40108,1287.08,1446.11,0.01,0.95,10,10000,0.938,0.497,52,40,0.0289259,0,0.769231
1096,10000,3.66384,3.16228,4.21697,0.0316238,0.0251189,0.0398107,0.546633,0.5,0.6,1.18486,1,1.5,0.000774763,17277.3,393.025,622.941,0.01,0.95,10,10000,0.938,0.497,112,82,0.0202027,0,0.732143
1097,10000,3.58163,3.16228,4.21697,0.03178,0.0251189,0.0398107,0.637385,0.6,0.7,0.0693981,0,0.1,0.000154953,13883.5,669.323,500.578,0.01,0.95,10,10000,0.938,0.497,18,16,0.0457358,0,0.888889
1098,10000,3.63204,3.16228,4.21697,0.0319042,0.0251189,0.0398107,0.641338,0.6,0.7,0.157123,0.1,0.2,0.000154953,36251.4,1123.98,1307.06,0.01,0.95,10,10000,0.938,0.497,47,40,0.0289259,0,0.851064
1099,10000,3.59649,3.16228,4.21697,0.0310092,0.0251189,0.0398107,0.638941,0.6,0.7,0.253909,0.2,0.3,0.000154953,55534.1,1265.79,2002.31,0.01,0.95,10,10000,0.938,0.497,72,68,0.0221851,0,0.944444
1100,10000,3.5769,3.16228,4.21697,0.0319637,0.0251189,0.0398107,0.645103,0.6,0.7,0.350627,0.3,0.4,0.000154953,57848.1,1606.04,2085.74,0.01,0.95,10,10000,0.938,0.497,75,55,0.0246681,0,0.733333
1101,10000,3.52361,3.16228,4.21697,0.0327347,0.0251189,0.0398107,0.644744,0.6,0.7,0.449094,0.4,0.5,0.000154953,60162,1328.83,2169.17,0.01,0.95,10,10000,0.938,0.497,78,73,0.0214119,0,0.935897
1102,10000,3.62745,3.16228,4.21697,0.0306158,0.0251189,0.0398107,0.643493,0.6,0.7,0.549643,0.5,0.6,0.000154953,60933.3,1624.61,2196.98,0.01,0.95,10,10000,0.938,0.497,79,59,0.0238172,0,0.746835
1103,10000,3.60587,3.16228,4.21697,0.0323883,0.0251189,0.0398107,0.648354,0.6,0.7,0.648444,0.6,0.7,0.000154953,36251.4,1148.79,1307.06,0.01,0.95,10,10000,0.938,0.497,47,39,0.0292944,0,0.829787
1104,10000,3.59717,3.16228,4.21697,0.031393,0.0251189,0.0398107,0.638694,0.6,0.7,0.750733,0.7,0.8,0.000154953,40108,1211.93,1446.11,0.01,0.95,10,10000,0.938,0.497,52,43,0.0278986,0,0.826923
1105,10000,3.62189,3.16228,4.21697,0.0320726,0.0251189,0.0398107,0.640471,0.6,0.7,0.848208,0.8,0.9,0.000154953,30081,1085.04,1084.59,0.01,0.95,10,10000,0.938,0.497,39,31,0.0328576,0,0.794872
1106,10000,3.59043,3.16228,4.21697,0.031749,0.0251189,0.0398107,0.639782,0.6,0.7,0.941993,0.9,1,0.000154953,21596.6,831.446,778.677,0.01,0.95,10,10000,0.938,0.497,28,25,0.0365887,0,0.892857
1107,10000,3.58697,3.16228,4.21697,0.0332682,0.0251189,0.0398107,0.648107,0.6,0.7,1.19783,1,1.5,0.000774763,5707.67,196.664,205.793,0.01,0.95,10,10000,0.938,0.497,37,32,0.0323401,0,0.864865
1108,10000,3.55126,3.16228,4.21697,0.0313913,0.0251189,0.0398107,0.745274,0.7,0.8,0.0716055,0,0.1,0.000154953,6170.46,515.245,222.479,0.01,0.95,10,10000,0.938,0.497,8,6,0.0746863,0,0.75
1109,10000,3.5766,3.16228,4.21697,0.0313189,0.0251189,0.0398107,0.74858,0.7,0.8,0.152324,0.1,0.2,0.000154953,16197.5,867.541,584.008,0.01,0.95,10,10000,0.938,0.497,21,15,0.0472358,0,0.714286
1110,10000,3.50357,3.16228,4.21697,0.0307736,0.0251189,0.0398107,0.748738,0.7,0.8,0.241332,0.2,0.3,0.000154953,17740.1,883.858,639.627,0.01,0.95,10,10000,0.938,0.497,23,17,0.0443703,0,0.73913
1111,10000,3.60988,3.16228,4.21697,0.0310229,0.0251189,0.0398107,0.735572,0.7,0.8,0.348889,0.3,0.4,0.000154953,33937.5,1269.19,1223.63,0.01,0.95,10,10000,0.938,0.497,44,31,0.0328576,0,0.704545
1112,10000,3.52919,3.16228,4.21697,0.0328665,0.0251189,0.0398107,0.742401,0.7,0.8,0.445264,0.4,0.5,0.000154953,27767.1,1061.31,1001.16,0.01,0.95,10,10000,0.938,0.497,36,28,0.0345731,0,0.777778
1113,10000,3.60398,3.16228,4.21697,0.03099,0.0251189,0.0398107,0.753328,0.7,0.8,0.547518,0.5,0.6,0.000154953,24681.8,849.763,889.916,0.01,0.95,10,10000,0.938,0.497,32,30,0.0334007,0,0.9375
1114,10000,3.60302,3.16228,4.21697,0.0303303,0.0251189,0.0398107,0.736132,0.7,0.8,0.649568,0.6,0.7,0.000154953,18511.4,854.028,667.437,0.01,0.95,10,10000,0.938,0.497,24,19,0.0419701,0,0.791667
1115,10000,3.57777,3.16228,4.21697,0.034323,0.0251189,0.0398107,0.746893,0.7,0.8,0.748194,0.7,0.8,0.000154953,25453.1,1186.58,917.726,0.01,0.95,10,10000,0.938,0.497,33,21,0.0399215,0,0.636364
1116,10000,3.84708,3.16228,4.21697,0.030958,0.0251189,0.0398107,0.730271,0.7,0.8,0.862087,0.8,0.9,0.000154953,11569.6,718.241,417.148,0.01,0.95,10,10000,0.938,0.497,15,11,0.0551595,0,0.733333
1117,10000,3.61712,3.16228,4.21697,0.0326054,0.0251189,0.0398107,0.742602,0.7,0.8,0.945106,0.9,1,0.000154953,11569.6,584.233,417.148,0.01,0.95,10,10000,0.938,0.497,15,14,0.0488937,0,0.933333
1118,10000,3.52184,3.16228,4.21697,0.0323095,0.0251189,0.0398107,0.741553,0.7,0.8,1.17015,1,1.5,0.000774763,4936.37,192.999,177.983,0.01,0.95,10,10000,0.938,0.497,32,26,0.0358782,0,0.8125
1119,10000,3.61183,3.16228,4.21697,0.0289126,0.0251189,0.0398107,0.810613,0.8,0.9,0.0883715,0,0.1,0.000154953,3085.23,488.804,111.24,0.01,0.95,10,10000,0.938,0.497,4,2,0.129361,0,0.5
1120,10000,3.3906,3.16228,4.21697,0.0285926,0.0251189,0.0398107,0.866049,0.8,0.9,0.175355,0.1,0.2,0.000154953,3856.54,386.434,139.049,0.01,0.95,10,10000,0.938,0.497,5,4,0.0914717,0,0.8
1121,10000,3.46446,3.16228,4.21697,0.0336515,0.0251189,0.0398107,0.831255,0.8,0.9,0.244229,0.2,0.3,0.000154953,16968.8,834.09,611.817,0.01,0.95,10,10000,0.938,0.497,22,17,0.0443703,0,0.772727
1122,10000,3.5469,3.16228,4.21697,0.0332438,0.0251189,0.0398107,0.839952,0.8,0.9,0.356272,0.3,0.4,0.000154953,15426.1,697.645,556.198,0.01,0.95,10,10000,0.938,0.497,20,18,0.0431202,0,0.9
1123,10000,3.61838,3.16228,4.21697,0.0306045,0.0251189,0.0398107,0.841519,0.8,0.9,0.445609,0.4,0.5,0.000154953,15426.1,772.867,556.198,0.01,0.95,10,10000,0.938,0.497,20,16,0.0457358,0,0.8
1124,10000,3.54355,3.16228,4.21697,0.0305229,0.0251189,0.0398107,0.839707,0.8,0.9,0.557085,0.5,0.6,0.000154953,11569.6,906.267,417.148,0.01,0.95,10,10000,0.938,0.497,15,8,0.0646803,0,0.533333
1125,10000,3.46295,3.16228,4.21697,0.0319551,0.0251189,0.0398107,0.83807,0.8,0.9,0.657646,0.6,0.7,0.000154953,13112.2,901.31,472.768,0.01,0.95,10,10000,0.938,0.497,17,10,0.0578518,0,0.588235
1126,10000,3.58393,3.16228,4.21697,0.0311745,0.0251189,0.0398107,0.83164,0.8,0.9,0.749986,0.7,0.8,0.000154953,11569.6,624.946,417.148,0.01,0.95,10,10000,0.938,0.497,15,13,0.0507394,0,0.866667
1127,10000,3.59652,3.16228,4.21697,0.0325746,0.0251189,0.0398107,0.835185,0.8,0.9,0.874453,0.8,0.9,0.000154953,7713.07,493.309,278.099,0.01,0.95,10,10000,0.938,0.497,10,9,0.0609811,0,0.9
1128,10000,3.43289,3.16228,4.21697,0.0327339,0.0251189,0.0398107,0.850944,0.8,0.9,0.94571,0.9,1,0.000154953,6170.46,452.545,222.479,0.01,0.95,10,10000,0.938,0.497,8,7,0.0691461,0,0.875
1129,10000,3.65201,3.16228,4.21697,0.0323496,0.0251189,0.0398107,0.848734,0.8,0.9,1.08594,1,1.5,0.000774763,2159.66,141.669,77.8677,0.01,0.95,10,10000,0.938,0.497,14,10,0.0578518,0,0.714286
1130,10000,3.42474,3.16228,4.21697,0.0316801,0.0251189,0.0398107,0.944604,0.9,1,0.0154725,0,0.1,0.000154953,2313.92,345.637,83.4296,0.01,0.95,10,10000,0.938,0.497,3,2,0.129361,0,0.666667
1131,10000,3.70868,3.16228,4.21697,0.0327171,0.0251189,0.0398107,0.92175,0.9,1,0.17453,0.1,0.2,0.000154953,2313.92,-nan,83.4296,0.01,0.95,10,10000,0.938,0.497,3,4,0.0914717,0,1.33333
1132,10000,3.4507,3.16228,4.21697,0.0331938,0.0251189,0.0398107,0.917863,0.9,1,0.281594,0.2,0.3,0.000154953,6170.46,452.545,222.479,0.01,0.95,10,10000,0.938,0.497,8,7,0.0691461,0,0.875
1133,10000,3.82075,3.16228,4.21697,0.0337355,0.0251189,0.0398107,0.927232,0.9,1,0.342508,0.3,0.4,0.000154953,2313.92,345.637,83.4296,0.01,0.95,10,10000,0.938,0.497,3,2,0.129361,0,0.666667
1134,10000,3.55201,3.16228,4.21697,0.0324413,0.0251189,0.0398107,0.920488,0.9,1,0.434516,0.4,0.5,0.000154953,3856.54,386.434,139.049,0.01,0.95,10,10000,0.938,0.497,5,4,0.0914717,0,0.8
1135,10000,3.57629,3.16228,4.21697,0.0336531,0.0251189,0.0398107,0.92008,0.9,1,0.568423,0.5,0.6,0.000154953,5399.15,431.085,194.669,0.01,0.95,10,10000,0.938,0.497,7,6,0.0746863,0,0.857143
1136,10000,3.37362,3.16228,4.21697,0.0324503,0.0251189,0.0398107,0.918606,0.9,1,0.617071,0.6,0.7,0.000154953,6170.46,691.273,222.479,0.01,0.95,10,10000,0.938,0.497,8,4,0.0914717,0,0.5
1137,10000,3.627,3.16228,4.21697,0.0334519,0.0251189,0.0398107,0.925797,0.9,1,0.755301,0.7,0.8,0.000154953,1542.61,-nan,55.6198,0.01,0.95,10,10000,0.938,0.497,2,3,0.105622,0,1.5
1138,10000,3.77599,3.16228,4.21697,0.0345228,0.0251189,0.0398107,0.962356,0.9,1,0.830596,0.8,0.9,0.000154953,1542.61,345.637,55.6198,0.01,0.95,10,10000,0.938,0.497,2,1,0.182943,0,0.5
1139,10000,3.18088,3.16228,4.21697,0.0329051,0.0251189,0.0398107,0.92308,0.9,1,0.954124,0.9,1,0.000154953,1542.61,345.637,55.6198,0.01,0.95,10,10000,0.938,0.497,2,1,0.182943,0,0.5
1140,10000,3.65303,3.16228,4.21697,0.0333288,0.0251189,0.0398107,0.949118,0.9,1,1.1806,1,1.5,0.000774763,462.784,48.8804,16.6859,0.01,0.95,10,10000,0.938,0.497,3,3,0.105622,0,1
1141,10000,3.72815,3.16228,4.21697,0.0495072,0.0398107,0.0630957,0.0798841,0.05,0.1,0.0651776,0,0.1,0.000122792,333849,3664.13,12037.1,0.01,0.95,10,10000,0.938,0.497,343,307,0.0104411,0,0.895044
1142,10000,3.69849,3.16228,4.21697,0.0491502,0.0398107,0.0630957,0.0798079,0.05,0.1,0.156053,0.1,0.2,0.000122792,801043,6096.09,28882,0.01,0.95,10,10000,0.938,0.497,823,679,0.00702072,0,0.82503
1143,10000,3.68998,3.16228,4.21697,0.0489928,0.0398107,0.0630957,0.0777742,0.05,0.1,0.252084,0.2,0.3,0.000122792,1.12321e+06,7016.53,40498,0.01,0.95,10,10000,0.938,0.497,1154,984,0.00583202,0,0.852686
1144,10000,3.69589,3.16228,4.21697,0.048938,0.0398107,0.0630957,0.076395,0.05,0.1,0.347901,0.3,0.4,0.000122792,1.19135e+06,7272.79,42954.6,0.01,0.95,10,10000,0.938,0.497,1224,1036,0.00568377,0,0.846405
1145,10000,3.6701,3.16228,4.21697,0.0494758,0.0398107,0.0630957,0.075899,0.05,0.1,0.451088,0.4,0.5,0.000122792,1.14365e+06,7116.58,41235,0.01,0.95,10,10000,0.938,0.497,1175,996,0.00579678,0,0.84766
1146,10000,3.67064,3.16228,4.21697,0.0498652,0.0398107,0.0630957,0.0764334,0.05,0.1,0.5484,0.5,0.6,0.000122792,864309,6106.93,31163.1,0.01,0.95,10,10000,0.938,0.497,888,764,0.00661866,0,0.86036
1147,10000,3.65862,3.16228,4.21697,0.0494822,0.0398107,0.0630957,0.0777728,0.05,0.1,0.647524,0.6,0.7,0.000122792,620006,5298.93,22354.6,0.01,0.95,10,10000,0.938,0.497,637,533,0.00792416,0,0.836735
1148,10000,3.68142,3.16228,4.21697,0.0491849,0.0398107,0.0630957,0.0766642,0.05,0.1,0.746942,0.7,0.8,0.000122792,482767,4989.99,17406.4,0.01,0.95,10,10000,0.938,0.497,496,384,0.00933579,0,0.774194
1149,10000,3.71458,3.16228,4.21697,0.0491163,0.0398107,0.0630957,0.0773819,0.05,0.1,0.844059,0.8,0.9,0.000122792,268637,3287.22,9685.83,0.01,0.95,10,10000,0.938,0.497,276,247,0.0116404,0,0.894928
1150,10000,3.69744,3.16228,4.21697,0.0495161,0.0398107,0.0630957,0.0777146,0.05,0.1,0.946378,0.9,1,0.000122792,169358,3041.61,6106.29,0.01,0.95,10,10000,0.938,0.497,174,130,0.0160452,0,0.747126
1151,10000,3.69176,3.16228,4.21697,0.0480558,0.0398107,0.0630957,0.0786508,0.05,0.1,1.14324,1,1.5,0.00061396,38543.5,602.263,1389.71,0.01,0.95,10,10000,0.938,0.497,198,162,0.0143734,0,0.818182
1152,10000,3.60994,3.16228,4.21697,0.0497619,0.0398107,0.0630957,0.123893,0.1,0.15,0.0653638,0,0.1,0.000122792,338716,3706.6,12212.6,0.01,0.95,10,10000,0.938,0.497,348,310,0.0103905,0,0.890805
1153,10000,3.61914,3.16228,4.21697,0.0501007,0.0398107,0.0630957,0.122992,0.1,0.15,0.153151,0.1,0.2,0.000122792,856523,5661.96,30882.4,0.01,0.95,10,10000,0.938,0.497,880,819,0.00639256,0,0.930682
1154,10000,3.64137,3.16228,4.21697,0.0502926,0.0398107,0.0630957,0.123979,0.1,0.15,0.252161,0.2,0.3,0.000122792,1.09304e+06,6776,39410.1,0.01,0.95,10,10000,0.938,0.497,1123,981,0.00584093,0,0.873553
1155,10000,3.63784,3.16228,4.21697,0.050511,0.0398107,0.0630957,0.123901,0.1,0.15,0.348516,0.3,0.4,0.000122792,1.08817e+06,6436.62,39234.6,0.01,0.95,10,10000,0.938,0.497,1118,1031,0.00569754,0,0.922182
1156,10000,3.61894,3.16228,4.21697,0.0502773,0.0398107,0.0630957,0.123497,0.1,0.15,0.449963,0.4,0.5,0.000122792,931469,6002.51,33584.6,0.01,0.95,10,10000,0.938,0.497,957,875,0.00618462,0,0.914316
1157,10000,3.63817,3.16228,4.21697,0.0503765,0.0398107,0.0630957,0.123433,0.1,0.15,0.548233,0.5,0.6,0.000122792,792284,5476.36,28566.2,0.01,0.95,10,10000,0.938,0.497,814,753,0.00666683,0,0.925061
1158,10000,3.62022,3.16228,4.21697,0.0500431,0.0398107,0.0630957,0.122813,0.1,0.15,0.647251,0.6,0.7,0.000122792,599566,4731.73,21617.7,0.01,0.95,10,10000,0.938,0.497,616,574,0.00763591,0,0.931818
1159,10000,3.61742,3.16228,4.21697,0.0501413,0.0398107,0.0630957,0.123368,0.1,0.15,0.743144,0.7,0.8,0.000122792,435075,4469.83,15686.8,0.01,0.95,10,10000,0.938,0.497,447,371,0.00949795,0,0.829978
1160,10000,3.61593,3.16228,4.21697,0.0502762,0.0398107,0.0630957,0.125203,0.1,0.15,0.84635,0.8,0.9,0.000122792,282263,3204.48,10177.1,0.01,0.95,10,10000,0.938,0.497,290,274,0.011052,0,0.944828
1161,10000,3.65962,3.16228,4.21697,0.0503628,0.0398107,0.0630957,0.125052,0.1,0.15,0.946037,0.9,1,0.000122792,197584,2914.79,7124,0.01,0.95,10,10000,0.938,0.497,203,175,0.0138292,0,0.862069
1162,10000,3.68137,3.16228,4.21697,0.0493506,0.0398107,0.0630957,0.125186,0.1,0.15,1.1623,1,1.5,0.00061396,50418,577.573,1817.85,0.01,0.95,10,10000,0.938,0.497,259,257,0.0114117,0,0.992278
1163,10000,3.59292,3.16228,4.21697,0.0502631,0.0398107,0.0630957,0.173167,0.15,0.2,0.0636969,0,0.1,0.000122792,227757,3085.19,8211.9,0.01,0.95,10,10000,0.938,0.497,234,205,0.0127773,0,0.876068
1164,10000,3.61458,3.16228,4.21697,0.0502511,0.0398107,0.0630957,0.172474,0.15,0.2,0.154827,0.1,0.2,0.000122792,594699,4699.66,21442.2,0.01,0.95,10,10000,0.938,0.497,611,571,0.00765594,0,0.934534
1165,10000,3.59644,3.16228,4.21697,0.050394,0.0398107,0.0630957,0.17421,0.15,0.2,0.24997,0.2,0.3,0.000122792,779630,5494.06,28110,0.01,0.95,10,10000,0.938,0.497,801,732,0.00676178,0,0.913858
1166,10000,3.61855,3.16228,4.21697,0.0497225,0.0398107,0.0630957,0.173761,0.15,0.2,0.348678,0.3,0.4,0.000122792,830243,5593.32,29934.8,0.01,0.95,10,10000,0.938,0.497,853,791,0.00650472,0,0.927315
1167,10000,3.60859,3.16228,4.21697,0.0504589,0.0398107,0.0630957,0.173484,0.15,0.2,0.450614,0.4,0.5,0.000122792,725124,5487.49,26144.7,0.01,0.95,10,10000,0.938,0.497,745,655,0.00714819,0,0.879195
1168,10000,3.6226,3.16228,4.21697,0.0503495,0.0398107,0.0630957,0.172945,0.15,0.2,0.547411,0.5,0.6,0.000122792,624872,5138.11,22530.1,0.01,0.95,10,10000,0.938,0.497,642,559,0.00773768,0,0.870717
1169,10000,3.64423,3.16228,4.21697,0.0504769,0.0398107,0.0630957,0.173585,0.15,0.2,0.645417,0.6,0.7,0.000122792,462328,4285.81,16669.5,0.01,0.95,10,10000,0.938,0.497,475,428,0.0088429,0,0.901053
1170,10000,3.5943,3.16228,4.21697,0.0503091,0.0398107,0.0630957,0.174149,0.15,0.2,0.749994,0.7,0.8,0.000122792,319249,3534.62,11510.7,0.01,0.95,10,10000,0.938,0.497,328,298,0.0105976,0,0.908537
1171,10000,3.62218,3.16228,4.21697,0.0504379,0.0398107,0.0630957,0.176682,0.15,0.2,0.850566,0.8,0.9,0.000122792,232624,3096.61,8387.37,0.01,0.95,10,10000,0.938,0.497,239,211,0.0125943,0,0.882845
1172,10000,3.6284,3.16228,4.21697,0.0489805,0.0398107,0.0630957,0.174436,0.15,0.2,0.950214,0.9,1,0.000122792,178118,2643.99,6422.13,0.01,0.95,10,10000,0.938,0.497,183,166,0.0141992,0,0.907104
1173,10000,3.66702,3.16228,4.21697,0.0502714,0.0398107,0.0630957,0.172034,0.15,0.2,1.17651,1,1.5,0.00061396,51196.7,642.678,1845.92,0.01,0.95,10,10000,0.938,0.497,263,235,0.0119339,0,0.893536
1174,10000,3.60613,3.16228,4.21697,0.0507183,0.0398107,0.0630957,0.222962,0.2,0.25,0.0629028,0,0.1,0.000122792,145998,2315.83,5264.04,0.01,0.95,10,10000,0.938,0.497,150,141,0.0154066,0,0.94
1175,10000,3.60299,3.16228,4.21697,0.0503074,0.0398107,0.0630957,0.223712,0.2,0.25,0.151969,0.1,0.2,0.000122792,405875,3993.72,14634,0.01,0.95,10,10000,0.938,0.497,417,378,0.00940959,0,0.906475
1176,10000,3.61336,3.16228,4.21697,0.0501808,0.0398107,0.0630957,0.223728,0.2,0.25,0.250283,0.2,0.3,0.000122792,524620,4554.04,18915.5,0.01,0.95,10,10000,0.938,0.497,539,487,0.00828996,0,0.903525
1177,10000,3.60989,3.16228,4.21697,0.0504109,0.0398107,0.0630957,0.223908,0.2,0.25,0.349466,0.3,0.4,0.000122792,527540,4676.36,19020.7,0.01,0.95,10,10000,0.938,0.497,542,477,0.0083764,0,0.880074
1178,10000,3.62356,3.16228,4.21697,0.0505304,0.0398107,0.0630957,0.224807,0.2,0.25,0.450262,0.4,0.5,0.000122792,516834,4578.75,18634.7,0.01,0.95,10,10000,0.938,0.497,531,473,0.00841175,0,0.890772
1179,10000,3.61073,3.16228,4.21697,0.0502506,0.0398107,0.0630957,0.223742,0.2,0.25,0.546574,0.5,0.6,0.000122792,396142,3984.25,14283.1,0.01,0.95,10,10000,0.938,0.497,407,365,0.00957569,0,0.896806
1180,10000,3.61235,3.16228,4.21697,0.0493945,0.0398107,0.0630957,0.224252,0.2,0.25,0.648145,0.6,0.7,0.000122792,332876,3659.92,12002,0.01,0.95,10,10000,0.938,0.497,342,306,0.0104582,0,0.894737
1181,10000,3.56815,3.16228,4.21697,0.0501194,0.0398107,0.0630957,0.225619,0.2,0.25,0.750503,0.7,0.8,0.000122792,227757,3309.42,8211.9,0.01,0.95,10,10000,0.938,0.497,234,189,0.0133072,0,0.807692
1182,10000,3.628,3.16228,4.21697,0.050492,0.0398107,0.0630957,0.223001,0.2,0.25,0.845039,0.8,0.9,0.000122792,170331,2642.06,6141.38,0.01,0.95,10,10000,0.938,0.497,175,155,0.0146944,0,0.885714
1183,10000,3.61405,3.16228,4.21697,0.0502905,0.0398107,0.0630957,0.222291,0.2,0.25,0.95033,0.9,1,0.000122792,117772,2075.48,4246.33,0.01,0.95,10,10000,0.938,0.497,121,114,0.0171342,0,0.942149
1184,10000,3.64178,3.16228,4.21697,0.050612,0.0398107,0.0630957,0.223304,0.2,0.25,1.17852,1,1.5,0.00061396,43604.8,598.914,1572.19,0.01,0.95,10,10000,0.938,0.497,224,198,0.0130012,0,0.883929
1185,10000,3.6442,3.16228,4.21697,0.0493082,0.0398107,0.0630957,0.275549,0.25,0.3,0.06769,0,0.1,0.000122792,102199,2086.51,3684.83,0.01,0.95,10,10000,0.938,0.497,105,91,0.0191777,0,0.866667
1186,10000,3.59161,3.16228,4.21697,0.0502842,0.0398107,0.0630957,0.274413,0.25,0.3,0.153712,0.1,0.2,0.000122792,229704,2990.72,8282.09,0.01,0.95,10,10000,0.938,0.497,236,215,0.0124766,0,0.911017
1187,10000,3.60374,3.16228,4.21697,0.0508391,0.0398107,0.0630957,0.273466,0.25,0.3,0.251148,0.2,0.3,0.000122792,380569,3812.12,13721.6,0.01,0.95,10,10000,0.938,0.497,391,360,0.00964196,0,0.920716
1188,10000,3.61468,3.16228,4.21697,0.0498941,0.0398107,0.0630957,0.274129,0.25,0.3,0.349612,0.3,0.4,0.000122792,380569,3983.33,13721.6,0.01,0.95,10,10000,0.938,0.497,391,343,0.00987801,0,0.877238
1189,10000,3.60365,3.16228,4.21697,0.051212,0.0398107,0.0630957,0.273475,0.25,0.3,0.45091,0.4,0.5,0.000122792,334823,3572.81,12072.2,0.01,0.95,10,10000,0.938,0.497,344,317,0.0102751,0,0.921512
1190,10000,3.6145,3.16228,4.21697,0.0501557,0.0398107,0.0630957,0.273413,0.25,0.3,0.547442,0.5,0.6,0.000122792,308543,3839.78,11124.7,0.01,0.95,10,10000,0.938,0.497,317,257,0.0114117,0,0.810726
1191,10000,3.5836,3.16228,4.21697,0.0506181,0.0398107,0.0630957,0.273715,0.25,0.3,0.647184,0.6,0.7,0.000122792,244304,3259.35,8808.49,0.01,0.95,10,10000,0.938,0.497,251,215,0.0124766,0,0.856574
1192,10000,3.57889,3.16228,4.21697,0.0497396,0.0398107,0.0630957,0.273646,0.25,0.3,0.747832,0.7,0.8,0.000122792,213157,2941.58,7685.5,0.01,0.95,10,10000,0.938,0.497,219,195,0.0131008,0,0.890411
1193,10000,3.61824,3.16228,4.21697,0.0521942,0.0398107,0.0630957,0.275755,0.25,0.3,0.847443,0.8,0.9,0.000122792,146972,2870.23,5299.13,0.01,0.95,10,10000,0.938,0.497,151,111,0.0173642,0,0.735099
1194,10000,3.57149,3.16228,4.21697,0.0516202,0.0398107,0.0630957,0.273813,0.25,0.3,0.949965,0.9,1,0.000122792,95385.5,1932.78,3439.17,0.01,0.95,10,10000,0.938,0.497,98,89,0.019392,0,0.908163
1195,10000,3.56118,3.16228,4.21697,0.0497589,0.0398107,0.0630957,0.27544,0.25,0.3,1.21317,1,1.5,0.00061396,35234.2,576.127,1270.39,0.01,0.95,10,10000,0.938,0.497,181,148,0.0150379,0,0.81768
1196,10000,3.59397,3.16228,4.21697,0.05138,0.0398107,0.0630957,0.34413,0.3,0.4,0.0660693,0,0.1,0.000245584,48666.1,964.63,1754.68,0.01,0.95,10,10000,0.938,0.497,100,92,0.0190732,0,0.92
1197,10000,3.63098,3.16228,4.21697,0.0500352,0.0398107,0.0630957,0.34109,0.3,0.4,0.152804,0.1,0.2,0.000245584,145512,1679.73,5246.49,0.01,0.95,10,10000,0.938,0.497,299,273,0.0110722,0,0.913043
1198,10000,3.6343,3.16228,4.21697,0.0497634,0.0398107,0.0630957,0.344973,0.3,0.4,0.253099,0.2,0.3,0.000245584,205857,2018.09,7422.3,0.01,0.95,10,10000,0.938,0.497,423,382,0.0093602,0,0.903073
1199,10000,3.63466,3.16228,4.21697,0.0510045,0.0398107,0.0630957,0.344758,0.3,0.4,0.350741,0.3,0.4,0.000245584,219484,1994.18,7913.61,0.01,0.95,10,10000,0.938,0.497,451,427,0.00885325,0,0.946785
1200,10000,3.58443,3.16228,4.21697,0.0504332,0.0398107,0.0630957,0.34594,0.3,0.4,0.451197,0.4,0.5,0.000245584,217537,2026.83,7843.42,0.01,0.95,10,10000,0.938,0.497,447,414,0.00899118,0,0.926174
1201,10000,3.57548,3.16228,4.21697,0.0510241,0.0398107,0.0630957,0.344017,0.3,0.4,0.549358,0.5,0.6,0.000245584,188824,1975.56,6808.16,0.01,0.95,10,10000,0.938,0.497,388,342,0.00989245,0,0.881443
1202,10000,3.57171,3.16228,4.21697,0.0505914,0.0398107,0.0630957,0.348134,0.3,0.4,0.646448,0.6,0.7,0.000245584,166438,1983.72,6001.01,0.01,0.95,10,10000,0.938,0.497,342,279,0.0109525,0,0.815789
1203,10000,3.61103,3.16228,4.21697,0.0505256,0.0398107,0.0630957,0.345736,0.3,0.4,0.746717,0.7,0.8,0.000245584,117772,1664.57,4246.33,0.01,0.95,10,10000,0.938,0.497,242,198,0.0130012,0,0.818182
1204,10000,3.57423,3.16228,4.21697,0.0499207,0.0398107,0.0630957,0.346861,0.3,0.4,0.848022,0.8,0.9,0.000245584,83705.6,1426.6,3018.05,0.01,0.95,10,10000,0.938,0.497,172,138,0.0155732,0,0.802326
1205,10000,3.59619,3.16228,4.21697,0.0497585,0.0398107,0.0630957,0.343837,0.3,0.4,0.946849,0.9,1,0.000245584,58885.9,1063.92,2123.16,0.01,0.95,10,10000,0.938,0.497,121,111,0.0173642,0,0.917355
1206,10000,3.58891,3.16228,4.21697,0.0508948,0.0398107,0.0630957,0.342994,0.3,0.4,1.18667,1,1.5,0.00122792,27934.3,400.15,1007.19,0.01,0.95,10,10000,0.938,0.497,287,208,0.0126848,0,0.724739
1207,10000,3.61372,3.16228,4.21697,0.0514784,0.0398107,0.0630957,0.448383,0.4,0.5,0.0714508,0,0.1,0.000245584,29686.3,730.439,1070.35,0.01,0.95,10,10000,0.938,0.497,61,58,0.0240216,0,0.95082
1208,10000,3.60561,3.16228,4.21697,0.0510855,0.0398107,0.0630957,0.446716,0.4,0.5,0.152726,0.1,0.2,0.000245584,85165.6,1177.77,3070.69,0.01,0.95,10,10000,0.938,0.497,175,175,0.0138292,0,1
1209,10000,3.5744,3.16228,4.21697,0.0504107,0.0398107,0.0630957,0.441793,0.4,0.5,0.25349,0.2,0.3,0.000245584,92952.2,1296.64,3351.44,0.01,0.95,10,10000,0.938,0.497,191,181,0.0135981,0,0.947644
1210,10000,3.59239,3.16228,4.21697,0.0500943,0.0398107,0.0630957,0.443601,0.4,0.5,0.354359,0.3,0.4,0.000245584,115825,1565.75,4176.14,0.01,0.95,10,10000,0.938,0.497,238,207,0.0127154,0,0.869748
1211,10000,3.60957,3.16228,4.21697,0.0503871,0.0398107,0.0630957,0.447101,0.4,0.5,0.449344,0.4,0.5,0.000245584,110959,1467.93,4000.67,0.01,0.95,10,10000,0.938,0.497,228,208,0.0126848,0,0.912281
1212,10000,3.57408,3.16228,4.21697,0.0494276,0.0398107,0.0630957,0.446079,0.4,0.5,0.54603,0.5,0.6,0.000245584,99278.8,1389.24,3579.55,0.01,0.95,10,10000,0.938,0.497,204,186,0.0134141,0,0.911765
1213,10000,3.6344,3.16228,4.21697,0.0504198,0.0398107,0.0630957,0.43981,0.4,0.5,0.6436,0.6,0.7,0.000245584,86138.9,1267.71,3105.78,0.01,0.95,10,10000,0.938,0.497,177,165,0.0142421,0,0.932203
1214,10000,3.59986,3.16228,4.21697,0.0502128,0.0398107,0.0630957,0.44904,0.4,0.5,0.748374,0.7,0.8,0.000245584,68132.5,1147.95,2456.55,0.01,0.95,10,10000,0.938,0.497,140,128,0.0161701,0,0.914286
1215,10000,3.59055,3.16228,4.21697,0.0501744,0.0398107,0.0630957,0.444801,0.4,0.5,0.851266,0.8,0.9,0.000245584,49152.7,1018.39,1772.23,0.01,0.95,10,10000,0.938,0.497,101,88,0.0195018,0,0.871287
1216,10000,3.60199,3.16228,4.21697,0.0493993,0.0398107,0.0630957,0.445421,0.4,0.5,0.945949,0.9,1,0.000245584,41852.8,1021.07,1509.02,0.01,0.95,10,10000,0.938,0.497,86,68,0.0221851,0,0.790698
1217,10000,3.6216,3.16228,4.21697,0.0510915,0.0398107,0.0630957,0.446786,0.4,0.5,1.17136,1,1.5,0.00122792,16643.8,295.513,600.101,0.01,0.95,10,10000,0.938,0.497,171,131,0.0159838,0,0.766082
1218,10000,3.5735,3.16228,4.21697,0.0507075,0.0398107,0.0630957,0.55129,0.5,0.6,0.0612867,0,0.1,0.000245584,18006.4,603.641,649.232,0.01,0.95,10,10000,0.938,0.497,37,33,0.0318464,0,0.891892
1219,10000,3.58678,3.16228,4.21697,0.0504871,0.0398107,0.0630957,0.540525,0.5,0.6,0.153686,0.1,0.2,0.000245584,37472.9,878.584,1351.1,0.01,0.95,10,10000,0.938,0.497,77,68,0.0221851,0,0.883117
1220,10000,3.58754,3.16228,4.21697,0.0502569,0.0398107,0.0630957,0.548462,0.5,0.6,0.248755,0.2,0.3,0.000245584,54019.3,1026.68,1947.69,0.01,0.95,10,10000,0.938,0.497,111,101,0.0182035,0,0.90991
1221,10000,3.66074,3.16228,4.21697,0.0503584,0.0398107,0.0630957,0.541624,0.5,0.6,0.351849,0.3,0.4,0.000245584,54992.7,1034.23,1982.79,0.01,0.95,10,10000,0.938,0.497,113,103,0.0180259,0,0.911504
1222,10000,3.59555,3.16228,4.21697,0.0498668,0.0398107,0.0630957,0.548317,0.5,0.6,0.445445,0.4,0.5,0.000245584,63265.9,1148.78,2281.08,0.01,0.95,10,10000,0.938,0.497,130,114,0.0171342,0,0.876923
1223,10000,3.61046,3.16228,4.21697,0.0507452,0.0398107,0.0630957,0.540736,0.5,0.6,0.54177,0.5,0.6,0.000245584,54506,976.493,1965.24,0.01,0.95,10,10000,0.938,0.497,112,108,0.0176037,0,0.964286
1224,10000,3.56689,3.16228,4.21697,0.0509159,0.0398107,0.0630957,0.542579,0.5,0.6,0.649334,0.6,0.7,0.000245584,49639.4,1074.72,1789.77,0.01,0.95,10,10000,0.938,0.497,102,84,0.0199608,0,0.823529
1225,10000,3.55299,3.16228,4.21697,0.0496882,0.0398107,0.0630957,0.535125,0.5,0.6,0.744873,0.7,0.8,0.000245584,29686.3,706.851,1070.35,0.01,0.95,10,10000,0.938,0.497,61,60,0.0236179,0,0.983607
1226,10000,3.53746,3.16228,4.21697,0.0502067,0.0398107,0.0630957,0.54274,0.5,0.6,0.849336,0.8,0.9,0.000245584,23846.4,704.836,859.793,0.01,0.95,10,10000,0.938,0.497,49,43,0.0278986,0,0.877551
1227,10000,3.59953,3.16228,4.21697,0.0509128,0.0398107,0.0630957,0.540716,0.5,0.6,0.94958,0.9,1,0.000245584,16546.5,534.638,596.591,0.01,0.95,10,10000,0.938,0.497,34,33,0.0318464,0,0.970588
1228,10000,3.65254,3.16228,4.21697,0.0506837,0.0398107,0.0630957,0.545558,0.5,0.6,1.18632,1,1.5,0.00122792,7786.57,208.378,280.749,0.01,0.95,10,10000,0.938,0.497,80,59,0.0238172,0,0.7375
1229,10000,3.74613,3.16228,4.21697,0.0516986,0.0398107,0.0630957,0.640605,0.6,0.7,0.0640057,0,0.1,0.000245584,9246.55,409.071,333.389,0.01,0.95,10,10000,0.938,0.497,19,18,0.0431202,0,0.947368
1230,10000,3.52484,3.16228,4.21697,0.0504923,0.0398107,0.0630957,0.644695,0.6,0.7,0.155716,0.1,0.2,0.000245584,17519.8,-nan,631.685,0.01,0.95,10,10000,0.938,0.497,36,37,0.0300757,0,1.02778
1231,10000,3.58952,3.16228,4.21697,0.0494496,0.0398107,0.0630957,0.644172,0.6,0.7,0.25106,0.2,0.3,0.000245584,26766.3,750.412,965.074,0.01,0.95,10,10000,0.938,0.497,55,48,0.0264056,0,0.872727
1232,10000,3.58396,3.16228,4.21697,0.0492754,0.0398107,0.0630957,0.644596,0.6,0.7,0.34649,0.3,0.4,0.000245584,40879.5,835.651,1473.93,0.01,0.95,10,10000,0.938,0.497,84,82,0.0202027,0,0.97619
1233,10000,3.54919,3.16228,4.21697,0.0511751,0.0398107,0.0630957,0.649546,0.6,0.7,0.455412,0.4,0.5,0.000245584,29686.3,742.552,1070.35,0.01,0.95,10,10000,0.938,0.497,61,57,0.0242314,0,0.934426
1234,10000,3.56539,3.16228,4.21697,0.0509612,0.0398107,0.0630957,0.64709,0.6,0.7,0.550827,0.5,0.6,0.000245584,35039.6,787.617,1263.37,0.01,0.95,10,10000,0.938,0.497,72,69,0.0220238,0,0.958333
1235,10000,3.64085,3.16228,4.21697,0.0505491,0.0398107,0.0630957,0.648503,0.6,0.7,0.650209,0.6,0.7,0.000245584,27739.7,684.07,1000.17,0.01,0.95,10,10000,0.938,0.497,57,56,0.0244468,0,0.982456
1236,10000,3.63125,3.16228,4.21697,0.04992,0.0398107,0.0630957,0.640715,0.6,0.7,0.748767,0.7,0.8,0.000245584,25793,816.104,929.98,0.01,0.95,10,10000,0.938,0.497,53,41,0.028571,0,0.773585
1237,10000,3.52961,3.16228,4.21697,0.0495616,0.0398107,0.0630957,0.645309,0.6,0.7,0.843186,0.8,0.9,0.000245584,13139.8,480.084,473.764,0.01,0.95,10,10000,0.938,0.497,27,26,0.0358782,0,0.962963
1238,10000,3.66534,3.16228,4.21697,0.0500928,0.0398107,0.0630957,0.638329,0.6,0.7,0.93745,0.9,1,0.000245584,9246.55,388.079,333.389,0.01,0.95,10,10000,0.938,0.497,19,19,0.0419701,0,1
1239,10000,3.58583,3.16228,4.21697,0.0511133,0.0398107,0.0630957,0.639846,0.6,0.7,1.17226,1,1.5,0.00122792,3406.62,129.019,122.828,0.01,0.95,10,10000,0.938,0.497,35,28,0.0345731,0,0.8
1240,10000,3.58933,3.16228,4.21697,0.05006,0.0398107,0.0630957,0.737849,0.7,0.8,0.0700371,0,0.1,0.000245584,3406.62,235.555,122.828,0.01,0.95,10,10000,0.938,0.497,7,7,0.0691461,0,1
1241,10000,3.71802,3.16228,4.21697,0.0505496,0.0398107,0.0630957,0.744199,0.7,0.8,0.157281,0.1,0.2,0.000245584,6813.25,-nan,245.655,0.01,0.95,10,10000,0.938,0.497,14,15,0.0472358,0,1.07143
1242,10000,3.59217,3.16228,4.21697,0.0512012,0.0398107,0.0630957,0.74598,0.7,0.8,0.247641,0.2,0.3,0.000245584,16546.5,534.638,596.591,0.01,0.95,10,10000,0.938,0.497,34,33,0.0318464,0,0.970588
1243,10000,3.56801,3.16228,4.21697,0.0504136,0.0398107,0.0630957,0.747295,0.7,0.8,0.345126,0.3,0.4,0.000245584,17033.1,573.976,614.138,0.01,0.95,10,10000,0.938,0.497,35,32,0.0323401,0,0.914286
1244,10000,3.58722,3.16228,4.21697,0.0513866,0.0398107,0.0630957,0.740988,0.7,0.8,0.446681,0.4,0.5,0.000245584,19953.1,628.695,719.419,0.01,0.95,10,10000,0.938,0.497,41,37,0.0300757,0,0.902439
1245,10000,3.59894,3.16228,4.21697,0.0514053,0.0398107,0.0630957,0.736801,0.7,0.8,0.546924,0.5,0.6,0.000245584,16546.5,-nan,596.591,0.01,0.95,10,10000,0.938,0.497,34,35,0.0309231,0,1.02941
1246,10000,3.51656,3.16228,4.21697,0.049094,0.0398107,0.0630957,0.747459,0.7,0.8,0.652114,0.6,0.7,0.000245584,16059.8,577.699,579.044,0.01,0.95,10,10000,0.938,0.497,33,29,0.0339717,0,0.878788
1247,10000,3.62869,3.16228,4.21697,0.0484778,0.0398107,0.0630957,0.751735,0.7,0.8,0.758942,0.7,0.8,0.000245584,10706.5,457.451,386.03,0.01,0.95,10,10000,0.938,0.497,22,20,0.0409074,0,0.909091
1248,10000,3.55346,3.16228,4.21697,0.0510112,0.0398107,0.0630957,0.744668,0.7,0.8,0.840453,0.8,0.9,0.000245584,8273.23,-nan,298.296,0.01,0.95,10,10000,0.938,0.497,17,20,0.0409074,0,1.17647
1249,10000,3.58584,3.16228,4.21697,0.0478173,0.0398107,0.0630957,0.73688,0.7,0.8,0.955114,0.9,1,0.000245584,5839.93,308.414,210.562,0.01,0.95,10,10000,0.938,0.497,12,12,0.0528112,0,1
1250,10000,3.65412,3.16228,4.21697,0.0479196,0.0398107,0.0630957,0.725534,0.7,0.8,1.13542,1,1.5,0.00122792,1849.31,96.1099,66.6778,0.01,0.95,10,10000,0.938,0.497,19,15,0.0472358,0,0.789474
1251,10000,3.72316,3.16228,4.21697,0.0534421,0.0398107,0.0630957,0.836559,0.8,0.9,0.0614796,0,0.1,0.000245584,2919.96,308.414,105.281,0.01,0.95,10,10000,0.938,0.497,6,4,0.0914717,0,0.666667
1252,10000,3.54894,3.16228,4.21697,0.0530594,0.0398107,0.0630957,0.839264,0.8,0.9,0.155016,0.1,0.2,0.000245584,6813.25,357.833,245.655,0.01,0.95,10,10000,0.938,0.497,14,13,0.0507394,0,0.928571
1253,10000,3.60814,3.16228,4.21697,0.0481984,0.0398107,0.0630957,0.8654,0.8,0.9,0.277647,0.2,0.3,0.000245584,5353.27,390.623,193.015,0.01,0.95,10,10000,0.938,0.497,11,8,0.0646803,0,0.727273
1254,10000,3.74822,3.16228,4.21697,0.0498943,0.0398107,0.0630957,0.841761,0.8,0.9,0.355985,0.3,0.4,0.000245584,13139.8,579.925,473.764,0.01,0.95,10,10000,0.938,0.497,27,21,0.0399215,0,0.777778
1255,10000,3.45253,3.16228,4.21697,0.0486203,0.0398107,0.0630957,0.846235,0.8,0.9,0.443567,0.4,0.5,0.000245584,8273.23,438.751,298.296,0.01,0.95,10,10000,0.938,0.497,17,14,0.0488937,0,0.823529
1256,10000,3.54846,3.16228,4.21697,0.0510921,0.0398107,0.0630957,0.842781,0.8,0.9,0.551798,0.5,0.6,0.000245584,7299.91,368.625,263.202,0.01,0.95,10,10000,0.938,0.497,15,14,0.0488937,0,0.933333
1257,10000,3.57407,3.16228,4.21697,0.0491981,0.0398107,0.0630957,0.836186,0.8,0.9,0.640883,0.6,0.7,0.000245584,6326.59,441.182,228.108,0.01,0.95,10,10000,0.938,0.497,13,9,0.0609811,0,0.692308
1258,10000,3.57705,3.16228,4.21697,0.0502563,0.0398107,0.0630957,0.852062,0.8,0.9,0.745161,0.7,0.8,0.000245584,3893.29,251.819,140.374,0.01,0.95,10,10000,0.938,0.497,8,8,0.0646803,0,1
1259,10000,3.70792,3.16228,4.21697,0.0480252,0.0398107,0.0630957,0.865035,0.8,0.9,0.842782,0.8,0.9,0.000245584,4866.61,311.256,175.468,0.01,0.95,10,10000,0.938,0.497,10,9,0.0609811,0,0.9
1260,10000,3.57537,3.16228,4.21697,0.054943,0.0398107,0.0630957,0.80984,0.8,0.9,0.903767,0.9,1,0.000245584,0,0,0,0.01,0.95,10,10000,0.938,0.497,0,1,0.182943,0,0
1261,10000,3.55752,3.16228,4.21697,0.0514086,0.0398107,0.0630957,0.832214,0.8,0.9,1.20463,1,1.5,0.00122792,875.989,-nan,31.5842,0.01,0.95,10,10000,0.938,0.497,9,10,0.0578518,0,1.11111
1262,10000,3.27122,3.16228,4.21697,0.061145,0.0398107,0.0630957,0.926995,0.9,1,0.0235967,0,0.1,0.000245584,973.321,218.081,35.0936,0.01,0.95,10,10000,0.938,0.497,2,1,0.182943,0,0.5
1263,10000,3.69353,3.16228,4.21697,0.0523942,0.0398107,0.0630957,0.92936,0.9,1,0.147852,0.1,0.2,0.000245584,1946.64,-nan,70.1872,0.01,0.95,10,10000,0.938,0.497,4,6,0.0746863,0,1.5
1264,10000,3.63033,3.16228,4.21697,0.0460153,0.0398107,0.0630957,0.936567,0.9,1,0.227195,0.2,0.3,0.000245584,2919.96,218.081,105.281,0.01,0.95,10,10000,0.938,0.497,6,6,0.0746863,0,1
1265,10000,3.23413,3.16228,4.21697,0.0540755,0.0398107,0.0630957,0.92487,0.9,1,0.362704,0.3,0.4,0.000245584,486.661,-nan,17.5468,0.01,0.95,10,10000,0.938,0.497,1,2,0.129361,0,2
1266,10000,3.46241,3.16228,4.21697,0.0499476,0.0398107,0.0630957,0.93255,0.9,1,0.471092,0.4,0.5,0.000245584,1946.64,178.063,70.1872,0.01,0.95,10,10000,0.938,0.497,4,4,0.0914717,0,1
1267,10000,3.55047,3.16228,4.21697,0.0524363,0.0398107,0.0630957,0.920984,0.9,1,0.547106,0.5,0.6,0.000245584,1946.64,178.063,70.1872,0.01,0.95,10,10000,0.938,0.497,4,4,0.0914717,0,1
1268,10000,3.65455,3.16228,4.21697,0.0498648,0.0398107,0.0630957,0.945291,0.9,1,0.657628,0.6,0.7,0.000245584,3406.62,271.995,122.828,0.01,0.95,10,10000,0.938,0.497,7,6,0.0746863,0,0.857143
1269,10000,3.65302,3.16228,4.21697,0.0482594,0.0398107,0.0630957,0.912277,0.9,1,0.727456,0.7,0.8,0.000245584,0,0,0,0.01,0.95,10,10000,0.938,0.497,0,2,0.129361,0,0
1270,10000,3.40342,3.16228,4.21697,0.0522155,0.0398107,0.0630957,0.910244,0.9,1,0.919581,0.9,1,0.000245584,486.661,89.0314,17.5468,0.01,0.95,10,10000,0.938,0.497,1,1,0.182943,0,1
1271,10000,3.58405,3.16228,4.21697,0.0624369,0.0398107,0.0630957,0.945781,0.9,1,1.05245,1,1.5,0.00122792,97.3321,17.8063,3.50936,0.01,0.95,10,10000,0.938,0.497,1,1,0.182943,0,1
1272,10000,3.81721,3.16228,4.21697,0.0746409,0.0630957,0.1,0.0842867,0.05,0.1,0.0632684,0,0.1,0.000194613,78607.8,1697.09,2834.24,0.01,0.95,10,10000,0.938,0.497,128,92,0.0190732,0,0.71875
1273,10000,3.74227,3.16228,4.21697,0.0758351,0.0630957,0.1,0.0837444,0.05,0.1,0.15567,0.1,0.2,0.000194613,183623,2245.44,6620.62,0.01,0.95,10,10000,0.938,0.497,299,256,0.011434,0,0.856187
1274,10000,3.76724,3.16228,4.21697,0.0758744,0.0630957,0.1,0.0824981,0.05,0.1,0.252786,0.2,0.3,0.000194613,276355,3001.64,9964.14,0.01,0.95,10,10000,0.938,0.497,450,348,0.0098068,0,0.773333
1275,10000,3.78172,3.16228,4.21697,0.0758999,0.0630957,0.1,0.081373,0.05,0.1,0.347378,0.3,0.4,0.000194613,307062,3349.62,11071.3,0.01,0.95,10,10000,0.938,0.497,500,360,0.00964196,0,0.72
1276,10000,3.7544,3.16228,4.21697,0.0759004,0.0630957,0.1,0.0809994,0.05,0.1,0.447283,0.4,0.5,0.000194613,266529,2966.69,9609.86,0.01,0.95,10,10000,0.938,0.497,434,333,0.0100252,0,0.767281
1277,10000,3.7776,3.16228,4.21697,0.0756626,0.0630957,0.1,0.0801569,0.05,0.1,0.546599,0.5,0.6,0.000194613,245035,2815.71,8834.87,0.01,0.95,10,10000,0.938,0.497,399,310,0.0103905,0,0.776942
1278,10000,3.76641,3.16228,4.21697,0.0755507,0.0630957,0.1,0.0795144,0.05,0.1,0.646528,0.6,0.7,0.000194613,175025,2540.51,6310.62,0.01,0.95,10,10000,0.938,0.497,285,204,0.0128086,0,0.715789
1279,10000,3.76067,3.16228,4.21697,0.0748357,0.0630957,0.1,0.0804866,0.05,0.1,0.744673,0.7,0.8,0.000194613,105015,1864.56,3786.37,0.01,0.95,10,10000,0.938,0.497,171,131,0.0159838,0,0.766082
1280,10000,3.77954,3.16228,4.21697,0.0733473,0.0630957,0.1,0.0839597,0.05,0.1,0.844697,0.8,0.9,0.000194613,47287.5,1138.38,1704.97,0.01,0.95,10,10000,0.938,0.497,77,66,0.0225188,0,0.857143
1281,10000,3.76705,3.16228,4.21697,0.0719055,0.0630957,0.1,0.0837535,0.05,0.1,0.948915,0.9,1,0.000194613,33776.8,1245.72,1217.84,0.01,0.95,10,10000,0.938,0.497,55,34,0.0313745,0,0.618182
1282,10000,3.86626,3.16228,4.21697,0.07136,0.0630957,0.1,0.0839221,0.05,0.1,1.14515,1,1.5,0.000973063,6755.36,254.549,243.568,0.01,0.95,10,10000,0.938,0.497,55,33,0.0318464,0,0.6
1283,10000,3.65115,3.16228,4.21697,0.0781499,0.0630957,0.1,0.12636,0.1,0.15,0.068654,0,0.1,0.000194613,140634,1831.43,5070.64,0.01,0.95,10,10000,0.938,0.497,229,212,0.0125646,0,0.925764
1284,10000,3.68386,3.16228,4.21697,0.0786778,0.0630957,0.1,0.125826,0.1,0.15,0.155005,0.1,0.2,0.000194613,394881,3424.46,14237.6,0.01,0.95,10,10000,0.938,0.497,643,526,0.00797671,0,0.81804
1285,10000,3.66404,3.16228,4.21697,0.0790848,0.0630957,0.1,0.125554,0.1,0.15,0.249929,0.2,0.3,0.000194613,463663,3442.71,16717.6,0.01,0.95,10,10000,0.938,0.497,755,673,0.00705195,0,0.891391
1286,10000,3.68122,3.16228,4.21697,0.0774299,0.0630957,0.1,0.125206,0.1,0.15,0.349383,0.3,0.4,0.000194613,437870,3334.03,15787.6,0.01,0.95,10,10000,0.938,0.497,713,638,0.0072428,0,0.894811
1287,10000,3.69749,3.16228,4.21697,0.0783395,0.0630957,0.1,0.124879,0.1,0.15,0.445879,0.4,0.5,0.000194613,385669,3393.94,13905.5,0.01,0.95,10,10000,0.938,0.497,628,512,0.00808503,0,0.815287
1288,10000,3.65394,3.16228,4.21697,0.076954,0.0630957,0.1,0.124285,0.1,0.15,0.549456,0.5,0.6,0.000194613,327328,2893.23,11802,0.01,0.95,10,10000,0.938,0.497,533,475,0.00839402,0,0.891182
1289,10000,3.69556,3.16228,4.21697,0.0775365,0.0630957,0.1,0.124942,0.1,0.15,0.647833,0.6,0.7,0.000194613,257932,2509.08,9299.86,0.01,0.95,10,10000,0.938,0.497,420,384,0.00933579,0,0.914286
1290,10000,3.67791,3.16228,4.21697,0.0767872,0.0630957,0.1,0.125394,0.1,0.15,0.742895,0.7,0.8,0.000194613,159672,2042.15,5757.06,0.01,0.95,10,10000,0.938,0.497,260,229,0.0120892,0,0.880769
1291,10000,3.71022,3.16228,4.21697,0.0775165,0.0630957,0.1,0.125881,0.1,0.15,0.844111,0.8,0.9,0.000194613,112999,1776.59,4074.23,0.01,0.95,10,10000,0.938,0.497,184,156,0.0146472,0,0.847826
1292,10000,3.69253,3.16228,4.21697,0.0774166,0.0630957,0.1,0.128224,0.1,0.15,0.942243,0.9,1,0.000194613,69395.9,1415.25,2502.11,0.01,0.95,10,10000,0.938,0.497,113,94,0.0188692,0,0.831858
1293,10000,3.7219,3.16228,4.21697,0.0790998,0.0630957,0.1,0.128768,0.1,0.15,1.13644,1,1.5,0.000973063,15844.4,255.21,571.277,0.01,0.95,10,10000,0.938,0.497,129,129,0.0161073,0,1
1294,10000,3.65566,3.16228,4.21697,0.0789205,0.0630957,0.1,0.173602,0.15,0.2,0.0677926,0,0.1,0.000194613,111156,1660.82,4007.8,0.01,0.95,10,10000,0.938,0.497,181,164,0.0142855,0,0.906077
1295,10000,3.62253,3.16228,4.21697,0.0794939,0.0630957,0.1,0.172341,0.15,0.2,0.1547,0.1,0.2,0.000194613,315659,2841.57,11381.3,0.01,0.95,10,10000,0.938,0.497,514,458,0.00854838,0,0.891051
1296,10000,3.6303,3.16228,4.21697,0.0794938,0.0630957,0.1,0.174147,0.15,0.2,0.250032,0.2,0.3,0.000194613,412077,3159.45,14857.6,0.01,0.95,10,10000,0.938,0.497,671,616,0.007371,0,0.918033
1297,10000,3.62874,3.16228,4.21697,0.0782772,0.0630957,0.1,0.175044,0.15,0.2,0.35003,0.3,0.4,0.000194613,403479,3127.02,14547.6,0.01,0.95,10,10000,0.938,0.497,657,603,0.00745003,0,0.917808
1298,10000,3.66452,3.16228,4.21697,0.0788164,0.0630957,0.1,0.172649,0.15,0.2,0.447504,0.4,0.5,0.000194613,349436,2885.65,12599.1,0.01,0.95,10,10000,0.938,0.497,569,527,0.00796914,0,0.926186
1299,10000,3.662,3.16228,4.21697,0.0789752,0.0630957,0.1,0.174288,0.15,0.2,0.549916,0.5,0.6,0.000194613,262231,2592.89,9454.86,0.01,0.95,10,10000,0.938,0.497,427,380,0.0093848,0,0.88993
1300,10000,3.63613,3.16228,4.21697,0.0789041,0.0630957,0.1,0.174699,0.15,0.2,0.649806,0.6,0.7,0.000194613,214943,2441.24,7749.88,0.01,0.95,10,10000,0.938,0.497,350,298,0.0105976,0,0.851429
1301,10000,3.63315,3.16228,4.21697,0.078935,0.0630957,0.1,0.174798,0.15,0.2,0.747038,0.7,0.8,0.000194613,164585,2187.4,5934.2,0.01,0.95,10,10000,0.938,0.497,268,222,0.0122784,0,0.828358
1302,10000,3.65861,3.16228,4.21697,0.0789616,0.0630957,0.1,0.173811,0.15,0.2,0.846232,0.8,0.9,0.000194613,120982,1867.44,4362.08,0.01,0.95,10,10000,0.938,0.497,197,164,0.0142855,0,0.832487
1303,10000,3.73363,3.16228,4.21697,0.0776145,0.0630957,0.1,0.174421,0.15,0.2,0.941321,0.9,1,0.000194613,66939.4,-nan,2413.54,0.01,0.95,10,10000,0.938,0.497,109,110,0.017443,0,1.00917
1304,10000,3.66414,3.16228,4.21697,0.0774351,0.0630957,0.1,0.17458,0.15,0.2,1.15314,1,1.5,0.000973063,23336.7,357.368,841.416,0.01,0.95,10,10000,0.938,0.497,190,163,0.0143292,0,0.857895
1305,10000,3.61852,3.16228,4.21697,0.0792174,0.0630957,0.1,0.223054,0.2,0.25,0.0686305,0,0.1,0.000194613,80450.1,1366.98,2900.67,0.01,0.95,10,10000,0.938,0.497,131,123,0.0164955,0,0.938931
1306,10000,3.62431,3.16228,4.21697,0.0791935,0.0630957,0.1,0.222347,0.2,0.25,0.154034,0.1,0.2,0.000194613,208188,2240.45,7506.32,0.01,0.95,10,10000,0.938,0.497,339,312,0.0103571,0,0.920354
1307,10000,3.5966,3.16228,4.21697,0.0793236,0.0630957,0.1,0.222457,0.2,0.25,0.250775,0.2,0.3,0.000194613,272057,2600.6,9809.14,0.01,0.95,10,10000,0.938,0.497,443,401,0.00913576,0,0.905192
1308,10000,3.63521,3.16228,4.21697,0.0797835,0.0630957,0.1,0.224075,0.2,0.25,0.351481,0.3,0.4,0.000194613,264687,2443.31,9543.43,0.01,0.95,10,10000,0.938,0.497,431,411,0.00902393,0,0.953596
1309,10000,3.6447,3.16228,4.21697,0.0794149,0.0630957,0.1,0.225159,0.2,0.25,0.44744,0.4,0.5,0.000194613,271442,2562.92,9787,0.01,0.95,10,10000,0.938,0.497,442,406,0.00907933,0,0.918552
1310,10000,3.64784,3.16228,4.21697,0.079579,0.0630957,0.1,0.224458,0.2,0.25,0.548093,0.5,0.6,0.000194613,212487,2367.9,7661.31,0.01,0.95,10,10000,0.938,0.497,346,303,0.0105098,0,0.875723
1311,10000,3.63291,3.16228,4.21697,0.079542,0.0630957,0.1,0.22383,0.2,0.25,0.646241,0.6,0.7,0.000194613,169498,1893.74,6111.34,0.01,0.95,10,10000,0.938,0.497,276,272,0.0110926,0,0.985507
1312,10000,3.65345,3.16228,4.21697,0.0799204,0.0630957,0.1,0.222418,0.2,0.25,0.746036,0.7,0.8,0.000194613,124667,1740.91,4494.93,0.01,0.95,10,10000,0.938,0.497,203,186,0.0134141,0,0.916256
1313,10000,3.6189,3.16228,4.21697,0.0802526,0.0630957,0.1,0.22201,0.2,0.25,0.846168,0.8,0.9,0.000194613,90890.2,1598.62,3277.09,0.01,0.95,10,10000,0.938,0.497,148,125,0.016363,0,0.844595
1314,10000,3.58567,3.16228,4.21697,0.07874,0.0630957,0.1,0.225035,0.2,0.25,0.942903,0.9,1,0.000194613,76765.4,1417.08,2767.82,0.01,0.95,10,10000,0.938,0.497,125,110,0.017443,0,0.88
1315,10000,3.67562,3.16228,4.21697,0.0796291,0.0630957,0.1,0.225592,0.2,0.25,1.16445,1,1.5,0.000973063,20880.2,305.295,752.846,0.01,0.95,10,10000,0.938,0.497,170,163,0.0143292,0,0.958824
1316,10000,3.63493,3.16228,4.21697,0.0781531,0.0630957,0.1,0.271813,0.25,0.3,0.0667936,0,0.1,0.000194613,47901.6,1128.77,1727.12,0.01,0.95,10,10000,0.938,0.497,78,68,0.0221851,0,0.871795
1317,10000,3.59385,3.16228,4.21697,0.0797356,0.0630957,0.1,0.273211,0.25,0.3,0.155091,0.1,0.2,0.000194613,133265,-nan,4804.93,0.01,0.95,10,10000,0.938,0.497,217,220,0.012334,0,1.01382
1318,10000,3.63279,3.16228,4.21697,0.0788016,0.0630957,0.1,0.273584,0.25,0.3,0.251265,0.2,0.3,0.000194613,186079,2048.21,6709.19,0.01,0.95,10,10000,0.938,0.497,303,289,0.0107614,0,0.953795
1319,10000,3.5974,3.16228,4.21697,0.0791607,0.0630957,0.1,0.273722,0.25,0.3,0.348935,0.3,0.4,0.000194613,195291,2195.34,7041.32,0.01,0.95,10,10000,0.938,0.497,318,289,0.0107614,0,0.908805
1320,10000,3.62389,3.16228,4.21697,0.0793698,0.0630957,0.1,0.274608,0.25,0.3,0.450775,0.4,0.5,0.000194613,198976,2137.95,7174.18,0.01,0.95,10,10000,0.938,0.497,324,306,0.0104582,0,0.944444
1321,10000,3.64556,3.16228,4.21697,0.0793036,0.0630957,0.1,0.274092,0.25,0.3,0.546323,0.5,0.6,0.000194613,162743,2010.43,5867.77,0.01,0.95,10,10000,0.938,0.497,265,240,0.0118089,0,0.90566
1322,10000,3.61406,3.16228,4.21697,0.0789461,0.0630957,0.1,0.273991,0.25,0.3,0.650623,0.6,0.7,0.000194613,124667,1681.63,4494.93,0.01,0.95,10,10000,0.938,0.497,203,193,0.0131686,0,0.950739
1323,10000,3.58259,3.16228,4.21697,0.0805197,0.0630957,0.1,0.274415,0.25,0.3,0.751129,0.7,0.8,0.000194613,105629,1627.05,3808.51,0.01,0.95,10,10000,0.938,0.497,172,155,0.0146944,0,0.901163
1324,10000,3.6188,3.16228,4.21697,0.0795452,0.0630957,0.1,0.275487,0.25,0.3,0.846436,0.8,0.9,0.000194613,78607.8,1321.75,2834.24,0.01,0.95,10,10000,0.938,0.497,128,123,0.0164955,0,0.960938
1325,10000,3.65231,3.16228,4.21697,0.08085,0.0630957,0.1,0.2749,0.25,0.3,0.952632,0.9,1,0.000194613,55271.1,1232.73,1992.83,0.01,0.95,10,10000,0.938,0.497,90,77,0.0208483,0,0.855556
1326,10000,3.65109,3.16228,4.21697,0.0788327,0.0630957,0.1,0.274369,0.25,0.3,1.17101,1,1.5,0.000973063,19529.1,305.591,704.132,0.01,0.95,10,10000,0.938,0.497,159,147,0.0150889,0,0.924528
1327,10000,3.60012,3.16228,4.21697,0.0816272,0.0630957,0.1,0.344404,0.3,0.4,0.0650448,0,0.1,0.000389225,34698,641.032,1251.05,0.01,0.95,10,10000,0.938,0.497,113,105,0.0178534,0,0.929204
1328,10000,3.61962,3.16228,4.21697,0.078737,0.0630957,0.1,0.348659,0.3,0.4,0.154563,0.1,0.2,0.000389225,77993.6,934.93,2812.1,0.01,0.95,10,10000,0.938,0.497,254,243,0.0117358,0,0.956693
1329,10000,3.60014,3.16228,4.21697,0.0790199,0.0630957,0.1,0.34467,0.3,0.4,0.252101,0.2,0.3,0.000389225,98259.7,1023.91,3542.8,0.01,0.95,10,10000,0.938,0.497,320,314,0.0103241,0,0.98125
1330,10000,3.59226,3.16228,4.21697,0.0796319,0.0630957,0.1,0.342903,0.3,0.4,0.350868,0.3,0.4,0.000389225,120675,1199.07,4351.01,0.01,0.95,10,10000,0.938,0.497,393,364,0.00958884,0,0.926209
1331,10000,3.59089,3.16228,4.21697,0.0799443,0.0630957,0.1,0.345347,0.3,0.4,0.448715,0.4,0.5,0.000389225,115762,1147.15,4173.87,0.01,0.95,10,10000,0.938,0.497,377,358,0.00966886,0,0.949602
1332,10000,3.59489,3.16228,4.21697,0.0800478,0.0630957,0.1,0.342066,0.3,0.4,0.547488,0.5,0.6,0.000389225,98566.8,1108.84,3553.88,0.01,0.95,10,10000,0.938,0.497,321,290,0.0107428,0,0.903427
1333,10000,3.62544,3.16228,4.21697,0.0806772,0.0630957,0.1,0.346004,0.3,0.4,0.648602,0.6,0.7,0.000389225,79221.9,960.107,2856.39,0.01,0.95,10,10000,0.938,0.497,258,242,0.01176,0,0.937984
1334,10000,3.59565,3.16228,4.21697,0.0803746,0.0630957,0.1,0.343425,0.3,0.4,0.747357,0.7,0.8,0.000389225,67246.5,858.323,2424.61,0.01,0.95,10,10000,0.938,0.497,219,212,0.0125646,0,0.968037
1335,10000,3.57577,3.16228,4.21697,0.0785614,0.0630957,0.1,0.345328,0.3,0.4,0.848769,0.8,0.9,0.000389225,52200.5,829.259,1882.11,0.01,0.95,10,10000,0.938,0.497,170,149,0.0149873,0,0.876471
1336,10000,3.62998,3.16228,4.21697,0.0789037,0.0630957,0.1,0.348175,0.3,0.4,0.9442,0.9,1,0.000389225,32241.5,704.989,1162.48,0.01,0.95,10,10000,0.938,0.497,105,84,0.0199608,0,0.8
1337,10000,3.65091,3.16228,4.21697,0.0803287,0.0630957,0.1,0.34726,0.3,0.4,1.1991,1,1.5,0.00194613,13019.4,169.878,469.422,0.01,0.95,10,10000,0.938,0.497,212,204,0.0128086,0,0.962264
1338,10000,3.71173,3.16228,4.21697,0.0800524,0.0630957,0.1,0.445218,0.4,0.5,0.0627599,0,0.1,0.000389225,15967.2,473.035,575.706,0.01,0.95,10,10000,0.938,0.497,52,44,0.0275798,0,0.846154
1339,10000,3.59728,3.16228,4.21697,0.0790806,0.0630957,0.1,0.439063,0.4,0.5,0.151915,0.1,0.2,0.000389225,46366.3,747.51,1671.76,0.01,0.95,10,10000,0.938,0.497,151,139,0.0155171,0,0.92053
1340,10000,3.58568,3.16228,4.21697,0.0804132,0.0630957,0.1,0.447143,0.4,0.5,0.253343,0.2,0.3,0.000389225,59570,867.712,2147.83,0.01,0.95,10,10000,0.938,0.497,194,174,0.0138689,0,0.896907
1341,10000,3.64599,3.16228,4.21697,0.0787107,0.0630957,0.1,0.445478,0.4,0.5,0.347623,0.3,0.4,0.000389225,62333.5,914.951,2247.47,0.01,0.95,10,10000,0.938,0.497,203,176,0.0137899,0,0.866995
1342,10000,3.63358,3.16228,4.21697,0.0790538,0.0630957,0.1,0.444343,0.4,0.5,0.449136,0.4,0.5,0.000389225,67860.6,877.754,2446.75,0.01,0.95,10,10000,0.938,0.497,221,210,0.0126243,0,0.950226
1343,10000,3.62046,3.16228,4.21697,0.0792979,0.0630957,0.1,0.446753,0.4,0.5,0.54987,0.5,0.6,0.000389225,55578.2,873.375,2003.9,0.01,0.95,10,10000,0.938,0.497,181,155,0.0146944,0,0.856354
1344,10000,3.57273,3.16228,4.21697,0.08027,0.0630957,0.1,0.44568,0.4,0.5,0.646104,0.6,0.7,0.000389225,41453.3,-nan,1494.62,0.01,0.95,10,10000,0.938,0.497,135,147,0.0150889,0,1.08889
1345,10000,3.56558,3.16228,4.21697,0.0795261,0.0630957,0.1,0.446321,0.4,0.5,0.744898,0.7,0.8,0.000389225,28863.8,580.584,1040.7,0.01,0.95,10,10000,0.938,0.497,94,88,0.0195018,0,0.93617
1346,10000,3.59111,3.16228,4.21697,0.0789038,0.0630957,0.1,0.442487,0.4,0.5,0.844597,0.8,0.9,0.000389225,22722.6,569.13,819.274,0.01,0.95,10,10000,0.938,0.497,74,62,0.0232338,0,0.837838
1347,10000,3.56593,3.16228,4.21697,0.0779466,0.0630957,0.1,0.443085,0.4,0.5,0.94952,0.9,1,0.000389225,21494.3,-nan,774.988,0.01,0.95,10,10000,0.938,0.497,70,71,0.0217114,0,1.01429
1348,10000,3.61203,3.16228,4.21697,0.079205,0.0630957,0.1,0.444751,0.4,0.5,1.18593,1,1.5,0.00194613,10071.6,170.952,363.137,0.01,0.95,10,10000,0.938,0.497,164,136,0.0156873,0,0.829268
1349,10000,3.5621,3.16228,4.21697,0.0803145,0.0630957,0.1,0.540467,0.5,0.6,0.0673871,0,0.1,0.000389225,6755.36,-nan,243.568,0.01,0.95,10,10000,0.938,0.497,22,23,0.0381463,0,1.04545
1350,10000,3.64778,3.16228,4.21697,0.0790161,0.0630957,0.1,0.539311,0.5,0.6,0.160297,0.1,0.2,0.000389225,19037.8,449.514,686.418,0.01,0.95,10,10000,0.938,0.497,62,61,0.0234235,0,0.983871
1351,10000,3.58048,3.16228,4.21697,0.0785017,0.0630957,0.1,0.546529,0.5,0.6,0.254052,0.2,0.3,0.000389225,25486.1,-nan,918.915,0.01,0.95,10,10000,0.938,0.497,83,84,0.0199608,0,1.01205
1352,10000,3.58152,3.16228,4.21697,0.0805453,0.0630957,0.1,0.548074,0.5,0.6,0.349013,0.3,0.4,0.000389225,36847.4,625.708,1328.55,0.01,0.95,10,10000,0.938,0.497,120,118,0.0168413,0,0.983333
1353,10000,3.53867,3.16228,4.21697,0.0797888,0.0630957,0.1,0.543437,0.5,0.6,0.452933,0.4,0.5,0.000389225,35005,610.4,1262.12,0.01,0.95,10,10000,0.938,0.497,114,112,0.0172865,0,0.982456
1354,10000,3.645,3.16228,4.21697,0.0777717,0.0630957,0.1,0.546017,0.5,0.6,0.547906,0.5,0.6,0.000389225,27635.5,532.922,996.414,0.01,0.95,10,10000,0.938,0.497,90,90,0.0192839,0,1
1355,10000,3.64394,3.16228,4.21697,0.0802682,0.0630957,0.1,0.546779,0.5,0.6,0.652895,0.6,0.7,0.000389225,25179.1,560.989,907.844,0.01,0.95,10,10000,0.938,0.497,82,74,0.0212667,0,0.902439
1356,10000,3.60895,3.16228,4.21697,0.0785131,0.0630957,0.1,0.543668,0.5,0.6,0.744179,0.7,0.8,0.000389225,20266.1,507.633,730.703,0.01,0.95,10,10000,0.938,0.497,66,59,0.0238172,0,0.893939
1357,10000,3.62251,3.16228,4.21697,0.0804646,0.0630957,0.1,0.538705,0.5,0.6,0.850615,0.8,0.9,0.000389225,14431.9,401.868,520.349,0.01,0.95,10,10000,0.938,0.497,47,45,0.0272716,0,0.957447
1358,10000,3.512,3.16228,4.21697,0.0827947,0.0630957,0.1,0.549192,0.5,0.6,0.945163,0.9,1,0.000389225,8597.72,-nan,309.995,0.01,0.95,10,10000,0.938,0.497,28,36,0.0304906,0,1.28571
1359,10000,3.62993,3.16228,4.21697,0.079257,0.0630957,0.1,0.54622,0.5,0.6,1.21176,1,1.5,0.00194613,4605.92,106.845,166.069,0.01,0.95,10,10000,0.938,0.497,75,68,0.0221851,0,0.906667
1360,10000,3.59215,3.16228,4.21697,0.0784761,0.0630957,0.1,0.6401,0.6,0.7,0.0521038,0,0.1,0.000389225,4605.92,232.586,166.069,0.01,0.95,10,10000,0.938,0.497,15,14,0.0488937,0,0.933333
1361,10000,3.598,3.16228,4.21697,0.0815715,0.0630957,0.1,0.642515,0.6,0.7,0.159433,0.1,0.2,0.000389225,8904.79,335.606,321.067,0.01,0.95,10,10000,0.938,0.497,29,26,0.0358782,0,0.896552
1362,10000,3.55909,3.16228,4.21697,0.0811411,0.0630957,0.1,0.642581,0.6,0.7,0.252591,0.2,0.3,0.000389225,15353.1,-nan,553.563,0.01,0.95,10,10000,0.938,0.497,50,51,0.0256172,0,1.02
1363,10000,3.58156,3.16228,4.21697,0.0802081,0.0630957,0.1,0.638661,0.6,0.7,0.351114,0.3,0.4,0.000389225,16888.4,473.477,608.919,0.01,0.95,10,10000,0.938,0.497,55,48,0.0264056,0,0.872727
1364,10000,3.59079,3.16228,4.21697,0.0791218,0.0630957,0.1,0.641603,0.6,0.7,0.454194,0.4,0.5,0.000389225,19959,504.605,719.632,0.01,0.95,10,10000,0.938,0.497,65,58,0.0240216,0,0.892308
1365,10000,3.63985,3.16228,4.21697,0.0794496,0.0630957,0.1,0.645886,0.6,0.7,0.548275,0.5,0.6,0.000389225,18116.6,446.371,653.205,0.01,0.95,10,10000,0.938,0.497,59,57,0.0242314,0,0.966102
1366,10000,3.61637,3.16228,4.21697,0.077947,0.0630957,0.1,0.645564,0.6,0.7,0.650525,0.6,0.7,0.000389225,15353.1,421.809,553.563,0.01,0.95,10,10000,0.938,0.497,50,47,0.026685,0,0.94
1367,10000,3.60202,3.16228,4.21697,0.0818639,0.0630957,0.1,0.651065,0.6,0.7,0.744184,0.7,0.8,0.000389225,8904.79,347.559,321.067,0.01,0.95,10,10000,0.938,0.497,29,25,0.0365887,0,0.862069
1368,10000,3.57061,3.16228,4.21697,0.0791823,0.0630957,0.1,0.650803,0.6,0.7,0.848606,0.8,0.9,0.000389225,6448.29,-nan,232.497,0.01,0.95,10,10000,0.938,0.497,21,23,0.0381463,0,1.09524
1369,10000,3.69305,3.16228,4.21697,0.0760785,0.0630957,0.1,0.645902,0.6,0.7,0.944443,0.9,1,0.000389225,5220.05,245.665,188.211,0.01,0.95,10,10000,0.938,0.497,17,16,0.0457358,0,0.941176
1370,10000,3.7128,3.16228,4.21697,0.0766332,0.0630957,0.1,0.657616,0.6,0.7,1.15177,1,1.5,0.00194613,1780.96,62.6257,64.2133,0.01,0.95,10,10000,0.938,0.497,29,28,0.0345731,0,0.965517
1371,10000,3.60096,3.16228,4.21697,0.0806502,0.0630957,0.1,0.732,0.7,0.8,0.0639372,0,0.1,0.000389225,1535.31,-nan,55.3563,0.01,0.95,10,10000,0.938,0.497,5,6,0.0746863,0,1.2
1372,10000,3.59608,3.16228,4.21697,0.0805266,0.0630957,0.1,0.743052,0.7,0.8,0.161107,0.1,0.2,0.000389225,7676.54,316.869,276.782,0.01,0.95,10,10000,0.938,0.497,25,22,0.0390037,0,0.88
1373,10000,3.56058,3.16228,4.21697,0.0815608,0.0630957,0.1,0.756575,0.7,0.8,0.250122,0.2,0.3,0.000389225,8290.66,302.912,298.924,0.01,0.95,10,10000,0.938,0.497,27,26,0.0358782,0,0.962963
1374,10000,3.51491,3.16228,4.21697,0.078785,0.0630957,0.1,0.73953,0.7,0.8,0.350784,0.3,0.4,0.000389225,9825.97,-nan,354.28,0.01,0.95,10,10000,0.938,0.497,32,34,0.0313745,0,1.0625
1375,10000,3.63777,3.16228,4.21697,0.0811211,0.0630957,0.1,0.750112,0.7,0.8,0.445138,0.4,0.5,0.000389225,7676.54,280.874,276.782,0.01,0.95,10,10000,0.938,0.497,25,25,0.0365887,0,1
1376,10000,3.65467,3.16228,4.21697,0.0802733,0.0630957,0.1,0.743319,0.7,0.8,0.555502,0.5,0.6,0.000389225,10133,-nan,365.352,0.01,0.95,10,10000,0.938,0.497,33,38,0.0296773,0,1.15152
1377,10000,3.49696,3.16228,4.21697,0.0801043,0.0630957,0.1,0.742269,0.7,0.8,0.657359,0.6,0.7,0.000389225,9518.91,323.026,343.209,0.01,0.95,10,10000,0.938,0.497,31,30,0.0334007,0,0.967742
1378,10000,3.62951,3.16228,4.21697,0.0790899,0.0630957,0.1,0.757427,0.7,0.8,0.745755,0.7,0.8,0.000389225,7062.42,368.898,254.639,0.01,0.95,10,10000,0.938,0.497,23,16,0.0457358,0,0.695652
1379,10000,3.60522,3.16228,4.21697,0.0797162,0.0630957,0.1,0.738875,0.7,0.8,0.842393,0.8,0.9,0.000389225,6141.23,277.736,221.425,0.01,0.95,10,10000,0.938,0.497,20,18,0.0431202,0,0.9
1380,10000,3.52666,3.16228,4.21697,0.0815698,0.0630957,0.1,0.74852,0.7,0.8,0.938988,0.9,1,0.000389225,2456.49,-nan,88.5701,0.01,0.95,10,10000,0.938,0.497,8,10,0.0578518,0,1.25
1381,10000,3.60998,3.16228,4.21697,0.0754678,0.0630957,0.1,0.739281,0.7,0.8,1.22285,1,1.5,0.00194613,614.123,54.2701,22.1425,0.01,0.95,10,10000,0.938,0.497,10,6,0.0746863,0,0.6
1382,10000,3.35883,3.16228,4.21697,0.0805516,0.0630957,0.1,0.839933,0.8,0.9,0.0826384,0,0.1,0.000389225,307.062,-nan,11.0713,0.01,0.95,10,10000,0.938,0.497,1,2,0.129361,0,2
1383,10000,3.54627,3.16228,4.21697,0.0784078,0.0630957,0.1,0.846768,0.8,0.9,0.160721,0.1,0.2,0.000389225,3684.74,230.249,132.855,0.01,0.95,10,10000,0.938,0.497,12,10,0.0578518,0,0.833333
1384,10000,3.53686,3.16228,4.21697,0.0783996,0.0630957,0.1,0.833978,0.8,0.9,0.246321,0.2,0.3,0.000389225,4605.92,248.794,166.069,0.01,0.95,10,10000,0.938,0.497,15,13,0.0507394,0,0.866667
1385,10000,3.66704,3.16228,4.21697,0.0769508,0.0630957,0.1,0.837248,0.8,0.9,0.363781,0.3,0.4,0.000389225,2763.55,-nan,99.6414,0.01,0.95,10,10000,0.938,0.497,9,12,0.0528112,0,1.33333
1386,10000,3.44096,3.16228,4.21697,0.073801,0.0630957,0.1,0.845496,0.8,0.9,0.452104,0.4,0.5,0.000389225,5834.17,303.206,210.354,0.01,0.95,10,10000,0.938,0.497,19,15,0.0472358,0,0.789474
1387,10000,3.63605,3.16228,4.21697,0.0780637,0.0630957,0.1,0.857175,0.8,0.9,0.557823,0.5,0.6,0.000389225,4298.86,210.187,154.998,0.01,0.95,10,10000,0.938,0.497,14,14,0.0488937,0,1
1388,10000,3.55899,3.16228,4.21697,0.0802901,0.0630957,0.1,0.852546,0.8,0.9,0.645606,0.6,0.7,0.000389225,5834.17,258.106,210.354,0.01,0.95,10,10000,0.938,0.497,19,18,0.0431202,0,0.947368
1389,10000,3.58337,3.16228,4.21697,0.0791174,0.0630957,0.1,0.851317,0.8,0.9,0.741677,0.7,0.8,0.000389225,3991.8,-nan,143.926,0.01,0.95,10,10000,0.938,0.497,13,14,0.0488937,0,1.07692
1390,10000,3.87013,3.16228,4.21697,0.0918835,0.0630957,0.1,0.823156,0.8,0.9,0.850106,0.8,0.9,0.000389225,921.185,217.564,33.2138,0.01,0.95,10,10000,0.938,0.497,3,1,0.182943,0,0.333333
1391,10000,3.93086,3.16228,4.21697,0.0871677,0.0630957,0.1,0.829254,0.8,0.9,0.965083,0.9,1,0.000389225,921.185,97.2978,33.2138,0.01,0.95,10,10000,0.938,0.497,3,3,0.105622,0,1
1392,10000,3.62332,3.16228,4.21697,0.0684885,0.0630957,0.1,0.84696,0.8,0.9,1.19201,1,1.5,0.00194613,122.825,-nan,4.42851,0.01,0.95,10,10000,0.938,0.497,2,3,0.105622,0,1.5
1393,10000,3.19547,3.16228,4.21697,0.0663673,0.0630957,0.1,0.940539,0.9,1,0.0448971,0,0.1,0.000389225,307.062,56.1749,11.0713,0.01,0.95,10,10000,0.938,0.497,1,1,0.182943,0,1
1394,10000,3.63148,3.16228,4.21697,0.0706074,0.0630957,0.1,0.933193,0.9,1,0.160313,0.1,0.2,0.000389225,307.062,56.1749,11.0713,0.01,0.95,10,10000,0.938,0.497,1,1,0.182943,0,1
1395,10000,3.57153,3.16228,4.21697,0.0719257,0.0630957,0.1,0.92228,0.9,1,0.200989,0.2,0.3,0.000389225,307.062,-nan,11.0713,0.01,0.95,10,10000,0.938,0.497,1,2,0.129361,0,2
1396,10000,3.49674,3.16228,4.21697,0.0706665,0.0630957,0.1,0.951158,0.9,1,0.379868,0.3,0.4,0.000389225,614.123,-nan,22.1425,0.01,0.95,10,10000,0.938,0.497,2,3,0.105622,0,1.5
1397,10000,3.65322,3.16228,4.21697,0.0682275,0.0630957,0.1,0.915321,0.9,1,0.456221,0.4,0.5,0.000389225,921.185,97.2978,33.2138,0.01,0.95,10,10000,0.938,0.497,3,3,0.105622,0,1
1398,10000,3.40126,3.16228,4.21697,0.0771261,0.0630957,0.1,0.929281,0.9,1,0.571235,0.5,0.6,0.000389225,1228.25,112.35,44.2851,0.01,0.95,10,10000,0.938,0.497,4,4,0.0914717,0,1
1399,10000,4.02216,3.16228,4.21697,0.067873,0.0630957,0.1,0.926173,0.9,1,0.648789,0.6,0.7,0.000389225,0,0,0,0.01,0.95,10,10000,0.938,0.497,0,1,0.182943,0,0
1400,10000,3.72371,3.16228,4.21697,0.0690985,0.0630957,0.1,0.918709,0.9,1,0.772342,0.7,0.8,0.000389225,614.123,79.4433,22.1425,0.01,0.95,10,10000,0.938,0.497,2,2,0.129361,0,1
1401,10000,3.6714,3.16228,4.21697,0.069534,0.0630957,0.1,0.916266,0.9,1,0.951167,0.9,1,0.000389225,0,0,0,0.01,0.95,10,10000,0.938,0.497,0,2,0.129361,0,0
1402,10000,3.41098,3.16228,4.21697,0.0843166,0.0630957,0.1,0.945057,0.9,1,1.03872,1,1.5,0.00194613,184.237,-nan,6.64276,0.01,0.95,10,10000,0.938,0.497,3,4,0.0914717,0,1.33333
1403,10000,3.91923,3.16228,4.21697,0.111067,0.1,0.251189,0.0920428,0.05,0.1,0.0756867,0,0.1,0.000797286,3297.88,198.632,118.907,0.01,0.95,10,10000,0.938,0.497,22,13,0.0507394,0,0.590909
1404,10000,3.97765,3.16228,4.21697,0.112108,0.1,0.251189,0.08812,0.05,0.1,0.157638,0.1,0.2,0.000797286,8394.61,286.383,302.672,0.01,0.95,10,10000,0.938,0.497,56,38,0.0296773,0,0.678571
1405,10000,3.90779,3.16228,4.21697,0.111725,0.1,0.251189,0.0875827,0.05,0.1,0.248966,0.2,0.3,0.000797286,11542.6,347.061,416.174,0.01,0.95,10,10000,0.938,0.497,77,50,0.0258721,0,0.649351
1406,10000,3.91407,3.16228,4.21697,0.114574,0.1,0.251189,0.0880315,0.05,0.1,0.344509,0.3,0.4,0.000797286,11242.8,351.584,405.364,0.01,0.95,10,10000,0.938,0.497,75,47,0.026685,0,0.626667
1407,10000,3.9731,3.16228,4.21697,0.112487,0.1,0.251189,0.0892198,0.05,0.1,0.449457,0.4,0.5,0.000797286,10343.4,423.218,372.935,0.01,0.95,10,10000,0.938,0.497,69,31,0.0328576,0,0.449275
1408,10000,3.90581,3.16228,4.21697,0.112255,0.1,0.251189,0.0900136,0.05,0.1,0.547341,0.5,0.6,0.000797286,8094.8,317.607,291.862,0.01,0.95,10,10000,0.938,0.497,54,31,0.0328576,0,0.574074
1409,10000,3.89887,3.16228,4.21697,0.110673,0.1,0.251189,0.0905433,0.05,0.1,0.644338,0.6,0.7,0.000797286,5246.63,275.758,189.17,0.01,0.95,10,10000,0.938,0.497,35,18,0.0431202,0,0.514286
1410,10000,4.01268,3.16228,4.21697,0.107661,0.1,0.251189,0.0864659,0.05,0.1,0.738218,0.7,0.8,0.000797286,3597.69,279.67,129.716,0.01,0.95,10,10000,0.938,0.497,24,9,0.0609811,0,0.375
1411,10000,3.99634,3.16228,4.21697,0.123817,0.1,0.251189,0.0940093,0.05,0.1,0.851126,0.8,0.9,0.000797286,1798.84,134.349,64.8582,0.01,0.95,10,10000,0.938,0.497,12,8,0.0646803,0,0.666667
1412,10000,4.06913,3.16228,4.21697,0.115301,0.1,0.251189,0.093593,0.05,0.1,0.947765,0.9,1,0.000797286,899.422,150.207,32.4291,0.01,0.95,10,10000,0.938,0.497,6,2,0.129361,0,0.333333
1413,10000,4.01889,3.16228,4.21697,0.129204,0.1,0.251189,0.0827836,0.05,0.1,1.01501,1,1.5,0.00398643,59.9615,13.4349,2.16194,0.01,0.95,10,10000,0.938,0.497,2,1,0.182943,0,0.5
1414,10000,3.82799,3.16228,4.21697,0.119523,0.1,0.251189,0.127633,0.1,0.15,0.0672527,0,0.1,0.000797286,11242.8,275.308,405.364,0.01,0.95,10,10000,0.938,0.497,75,64,0.0228679,0,0.853333
1415,10000,3.81336,3.16228,4.21697,0.115504,0.1,0.251189,0.127249,0.1,0.15,0.15499,0.1,0.2,0.000797286,31479.8,463.379,1135.02,0.01,0.95,10,10000,0.938,0.497,210,178,0.0137122,0,0.847619
1416,10000,3.849,3.16228,4.21697,0.118381,0.1,0.251189,0.126377,0.1,0.15,0.249221,0.2,0.3,0.000797286,37775.7,545.728,1362.02,0.01,0.95,10,10000,0.938,0.497,252,196,0.0130674,0,0.777778
1417,10000,3.83454,3.16228,4.21697,0.118035,0.1,0.251189,0.126362,0.1,0.15,0.349496,0.3,0.4,0.000797286,37775.7,458.409,1362.02,0.01,0.95,10,10000,0.938,0.497,252,239,0.0118336,0,0.948413
1418,10000,3.79069,3.16228,4.21697,0.116916,0.1,0.251189,0.125405,0.1,0.15,0.449843,0.4,0.5,0.000797286,30280.5,520.919,1091.78,0.01,0.95,10,10000,0.938,0.497,202,145,0.0151926,0,0.717822
1419,10000,3.8737,3.16228,4.21697,0.119489,0.1,0.251189,0.125386,0.1,0.15,0.545525,0.5,0.6,0.000797286,24434.3,379.257,880.991,0.01,0.95,10,10000,0.938,0.497,163,150,0.0149373,0,0.920245
1420,10000,3.86131,3.16228,4.21697,0.118519,0.1,0.251189,0.126806,0.1,0.15,0.641113,0.6,0.7,0.000797286,20386.9,362.636,735.06,0.01,0.95,10,10000,0.938,0.497,136,119,0.0167704,0,0.875
1421,10000,3.81797,3.16228,4.21697,0.117762,0.1,0.251189,0.129272,0.1,0.15,0.749525,0.7,0.8,0.000797286,11242.8,316.664,405.364,0.01,0.95,10,10000,0.938,0.497,75,54,0.0248954,0,0.72
1422,10000,3.86901,3.16228,4.21697,0.116839,0.1,0.251189,0.127817,0.1,0.15,0.84175,0.8,0.9,0.000797286,8094.8,247.77,291.862,0.01,0.95,10,10000,0.938,0.497,54,43,0.0278986,0,0.796296
1423,10000,3.94056,3.16228,4.21697,0.118166,0.1,0.251189,0.126843,0.1,0.15,0.946288,0.9,1,0.000797286,4347.21,203.566,156.741,0.01,0.95,10,10000,0.938,0.497,29,20,0.0409074,0,0.689655
1424,10000,3.91794,3.16228,4.21697,0.117282,0.1,0.251189,0.128446,0.1,0.15,1.12552,1,1.5,0.00398643,959.384,36.3206,34.5911,0.01,0.95,10,10000,0.938,0.497,32,27,0.0352075,0,0.84375
1425,10000,3.77964,3.16228,4.21697,0.118589,0.1,0.251189,0.1756,0.15,0.2,0.0672301,0,0.1,0.000797286,12292.1,284.216,443.198,0.01,0.95,10,10000,0.938,0.497,82,71,0.0217114,0,0.865854
1426,10000,3.78575,3.16228,4.21697,0.117819,0.1,0.251189,0.175895,0.15,0.2,0.155094,0.1,0.2,0.000797286,30430.4,451.176,1097.19,0.01,0.95,10,10000,0.938,0.497,203,174,0.0138689,0,0.857143
1427,10000,3.79155,3.16228,4.21697,0.11821,0.1,0.251189,0.174001,0.15,0.2,0.249986,0.2,0.3,0.000797286,40024.3,505.459,1443.1,0.01,0.95,10,10000,0.938,0.497,267,235,0.0119339,0,0.88015
1428,10000,3.84311,3.16228,4.21697,0.119039,0.1,0.251189,0.173549,0.15,0.2,0.348806,0.3,0.4,0.000797286,35077.5,451.174,1264.74,0.01,0.95,10,10000,0.938,0.497,234,217,0.012419,0,0.92735
1429,10000,3.84754,3.16228,4.21697,0.12047,0.1,0.251189,0.172971,0.15,0.2,0.449189,0.4,0.5,0.000797286,32828.9,467.996,1183.66,0.01,0.95,10,10000,0.938,0.497,219,188,0.0133425,0,0.858447
1430,10000,3.8026,3.16228,4.21697,0.119038,0.1,0.251189,0.175852,0.15,0.2,0.548736,0.5,0.6,0.000797286,25483.6,412.171,918.825,0.01,0.95,10,10000,0.938,0.497,170,146,0.0151405,0,0.858824
1431,10000,3.85218,3.16228,4.21697,0.117907,0.1,0.251189,0.174392,0.15,0.2,0.648317,0.6,0.7,0.000797286,20536.8,401.01,740.465,0.01,0.95,10,10000,0.938,0.497,137,107,0.0176858,0,0.781022
1432,10000,3.82611,3.16228,4.21697,0.117829,0.1,0.251189,0.173344,0.15,0.2,0.747545,0.7,0.8,0.000797286,15590,317.116,562.105,0.01,0.95,10,10000,0.938,0.497,104,91,0.0191777,0,0.875
1433,10000,3.81557,3.16228,4.21697,0.118367,0.1,0.251189,0.176065,0.15,0.2,0.845127,0.8,0.9,0.000797286,12292.1,306.476,443.198,0.01,0.95,10,10000,0.938,0.497,82,65,0.0226913,0,0.792683
1434,10000,3.78755,3.16228,4.21697,0.115478,0.1,0.251189,0.17557,0.15,0.2,0.944041,0.9,1,0.000797286,5696.34,209.334,205.384,0.01,0.95,10,10000,0.938,0.497,38,30,0.0334007,0,0.789474
1435,10000,3.87062,3.16228,4.21697,0.116657,0.1,0.251189,0.177294,0.15,0.2,1.16167,1,1.5,0.00398643,1858.81,52.5395,67.0202,0.01,0.95,10,10000,0.938,0.497,62,50,0.0258721,0,0.806452
1436,10000,3.80128,3.16228,4.21697,0.120344,0.1,0.251189,0.223424,0.2,0.25,0.0636032,0,0.1,0.000797286,9593.84,233.56,345.911,0.01,0.95,10,10000,0.938,0.497,64,60,0.0236179,0,0.9375
1437,10000,3.75619,3.16228,4.21697,0.119916,0.1,0.251189,0.221532,0.2,0.25,0.15543,0.1,0.2,0.000797286,20986.5,361.33,756.68,0.01,0.95,10,10000,0.938,0.497,140,125,0.016363,0,0.892857
1438,10000,3.79484,3.16228,4.21697,0.121223,0.1,0.251189,0.223454,0.2,0.25,0.252454,0.2,0.3,0.000797286,26682.9,414.278,962.064,0.01,0.95,10,10000,0.938,0.497,178,156,0.0146472,0,0.876404
1439,10000,3.78976,3.16228,4.21697,0.118537,0.1,0.251189,0.222309,0.2,0.25,0.347921,0.3,0.4,0.000797286,32229.3,449.811,1162.04,0.01,0.95,10,10000,0.938,0.497,215,191,0.0132373,0,0.888372
1440,10000,3.80604,3.16228,4.21697,0.119704,0.1,0.251189,0.224164,0.2,0.25,0.448464,0.4,0.5,0.000797286,30580.4,438.65,1102.59,0.01,0.95,10,10000,0.938,0.497,204,181,0.0135981,0,0.887255
1441,10000,3.78589,3.16228,4.21697,0.117768,0.1,0.251189,0.224307,0.2,0.25,0.547618,0.5,0.6,0.000797286,24584.2,382.574,886.396,0.01,0.95,10,10000,0.938,0.497,164,150,0.0149373,0,0.914634
1442,10000,3.78248,3.16228,4.21697,0.118582,0.1,0.251189,0.223157,0.2,0.25,0.648406,0.6,0.7,0.000797286,17988.4,329.338,648.582,0.01,0.95,10,10000,0.938,0.497,120,109,0.0175228,0,0.908333
1443,10000,3.82209,3.16228,4.21697,0.119421,0.1,0.251189,0.224109,0.2,0.25,0.744919,0.7,0.8,0.000797286,13041.6,300.876,470.222,0.01,0.95,10,10000,0.938,0.497,87,73,0.0214119,0,0.83908
1444,10000,3.87239,3.16228,4.21697,0.120603,0.1,0.251189,0.218956,0.2,0.25,0.854744,0.8,0.9,0.000797286,7944.89,241.659,286.457,0.01,0.95,10,10000,0.938,0.497,53,43,0.0278986,0,0.811321
1445,10000,3.84406,3.16228,4.21697,0.113628,0.1,0.251189,0.224525,0.2,0.25,0.950411,0.9,1,0.000797286,4796.92,181.603,172.955,0.01,0.95,10,10000,0.938,0.497,32,27,0.0352075,0,0.84375
1446,10000,3.78138,3.16228,4.21697,0.118062,0.1,0.251189,0.22486,0.2,0.25,1.1881,1,1.5,0.00398643,1618.96,48.6093,58.3724,0.01,0.95,10,10000,0.938,0.497,54,44,0.0275798,0,0.814815
1447,10000,3.77592,3.16228,4.21697,0.119457,0.1,0.251189,0.271598,0.25,0.3,0.0669557,0,0.1,0.000797286,6745.67,-nan,243.218,0.01,0.95,10,10000,0.938,0.497,45,51,0.0256172,0,1.13333
1448,10000,3.75015,3.16228,4.21697,0.118842,0.1,0.251189,0.270108,0.25,0.3,0.158141,0.1,0.2,0.000797286,14540.7,351.584,524.271,0.01,0.95,10,10000,0.938,0.497,97,72,0.0215601,0,0.742268
1449,10000,3.81861,3.16228,4.21697,0.120325,0.1,0.251189,0.272434,0.25,0.3,0.252853,0.2,0.3,0.000797286,20386.9,346.818,735.06,0.01,0.95,10,10000,0.938,0.497,136,125,0.016363,0,0.919118
1450,10000,3.77729,3.16228,4.21697,0.119068,0.1,0.251189,0.27405,0.25,0.3,0.348978,0.3,0.4,0.000797286,20386.9,326.949,735.06,0.01,0.95,10,10000,0.938,0.497,136,133,0.0158632,0,0.977941
1451,10000,3.82926,3.16228,4.21697,0.119097,0.1,0.251189,0.273751,0.25,0.3,0.449084,0.4,0.5,0.000797286,19187.7,320.118,691.821,0.01,0.95,10,10000,0.938,0.497,128,124,0.0164288,0,0.96875
1452,10000,3.79541,3.16228,4.21697,0.118976,0.1,0.251189,0.274459,0.25,0.3,0.548062,0.5,0.6,0.000797286,15889.8,298.807,572.915,0.01,0.95,10,10000,0.938,0.497,106,100,0.0182943,0,0.943396
1453,10000,3.78831,3.16228,4.21697,0.118851,0.1,0.251189,0.272365,0.25,0.3,0.648662,0.6,0.7,0.000797286,15590,287.857,562.105,0.01,0.95,10,10000,0.938,0.497,104,101,0.0182035,0,0.971154
1454,10000,3.79586,3.16228,4.21697,0.118505,0.1,0.251189,0.27442,0.25,0.3,0.750011,0.7,0.8,0.000797286,9743.74,-nan,351.316,0.01,0.95,10,10000,0.938,0.497,65,72,0.0215601,0,1.10769
1455,10000,3.7772,3.16228,4.21697,0.118013,0.1,0.251189,0.273885,0.25,0.3,0.847239,0.8,0.9,0.000797286,8094.8,217.048,291.862,0.01,0.95,10,10000,0.938,0.497,54,50,0.0258721,0,0.925926
1456,10000,3.87913,3.16228,4.21697,0.120181,0.1,0.251189,0.269143,0.25,0.3,0.942046,0.9,1,0.000797286,5696.34,203.679,205.384,0.01,0.95,10,10000,0.938,0.497,38,31,0.0328576,0,0.815789
1457,10000,3.75317,3.16228,4.21697,0.118011,0.1,0.251189,0.271574,0.25,0.3,1.18894,1,1.5,0.00398643,2308.52,51.3624,83.2348,0.01,0.95,10,10000,0.938,0.497,77,72,0.0215601,0,0.935065
1458,10000,3.77937,3.16228,4.21697,0.120173,0.1,0.251189,0.347563,0.3,0.4,0.0607304,0,0.1,0.00159457,3747.59,105.051,135.121,0.01,0.95,10,10000,0.938,0.497,50,46,0.0269735,0,0.92
1459,10000,3.79809,3.16228,4.21697,0.120456,0.1,0.251189,0.342577,0.3,0.4,0.153254,0.1,0.2,0.00159457,9518.88,155.747,343.208,0.01,0.95,10,10000,0.938,0.497,127,126,0.0162979,0,0.992126
1460,10000,3.8006,3.16228,4.21697,0.118484,0.1,0.251189,0.34461,0.3,0.4,0.25268,0.2,0.3,0.00159457,12217.1,179.412,440.496,0.01,0.95,10,10000,0.938,0.497,163,159,0.0145084,0,0.97546
1461,10000,3.79477,3.16228,4.21697,0.119998,0.1,0.251189,0.346573,0.3,0.4,0.34629,0.3,0.4,0.00159457,13566.3,200.453,489.139,0.01,0.95,10,10000,0.938,0.497,181,166,0.0141992,0,0.917127
1462,10000,3.79512,3.16228,4.21697,0.120177,0.1,0.251189,0.346937,0.3,0.4,0.447172,0.4,0.5,0.00159457,14390.8,212.052,518.866,0.01,0.95,10,10000,0.938,0.497,192,171,0.01399,0,0.890625
1463,10000,3.80169,3.16228,4.21697,0.119132,0.1,0.251189,0.345167,0.3,0.4,0.54862,0.5,0.6,0.00159457,12442,186.519,448.603,0.01,0.95,10,10000,0.938,0.497,166,157,0.0146005,0,0.945783
1464,10000,3.80573,3.16228,4.21697,0.118603,0.1,0.251189,0.343984,0.3,0.4,0.643724,0.6,0.7,0.00159457,8544.51,162.718,308.077,0.01,0.95,10,10000,0.938,0.497,114,102,0.0181141,0,0.894737
1465,10000,3.80831,3.16228,4.21697,0.121514,0.1,0.251189,0.354208,0.3,0.4,0.746106,0.7,0.8,0.00159457,7345.28,158.384,264.838,0.01,0.95,10,10000,0.938,0.497,98,83,0.0200806,0,0.846939
1466,10000,3.79924,3.16228,4.21697,0.121467,0.1,0.251189,0.347349,0.3,0.4,0.847173,0.8,0.9,0.00159457,4946.82,152.315,178.36,0.01,0.95,10,10000,0.938,0.497,66,46,0.0269735,0,0.69697
1467,10000,3.75119,3.16228,4.21697,0.120094,0.1,0.251189,0.340879,0.3,0.4,0.948321,0.9,1,0.00159457,3822.54,101.841,137.824,0.01,0.95,10,10000,0.938,0.497,51,49,0.0261348,0,0.960784
1468,10000,3.81578,3.16228,4.21697,0.121944,0.1,0.251189,0.346276,0.3,0.4,1.18938,1,1.5,0.00797286,1783.85,30.1684,64.3178,0.01,0.95,10,10000,0.938,0.497,119,118,0.0168413,0,0.991597
1469,10000,3.69883,3.16228,4.21697,0.118546,0.1,0.251189,0.44636,0.4,0.5,0.0628187,0,0.1,0.00159457,2248.56,77.65,81.0728,0.01,0.95,10,10000,0.938,0.497,30,29,0.0339717,0,0.966667
1470,10000,3.82108,3.16228,4.21697,0.120798,0.1,0.251189,0.446765,0.4,0.5,0.153704,0.1,0.2,0.00159457,5471.48,125.474,197.277,0.01,0.95,10,10000,0.938,0.497,73,68,0.0221851,0,0.931507
1471,10000,3.78366,3.16228,4.21697,0.119176,0.1,0.251189,0.4406,0.4,0.5,0.248892,0.2,0.3,0.00159457,7944.89,150.825,286.457,0.01,0.95,10,10000,0.938,0.497,106,99,0.0183865,0,0.933962
1472,10000,3.79064,3.16228,4.21697,0.119034,0.1,0.251189,0.443287,0.4,0.5,0.350041,0.3,0.4,0.00159457,7794.99,143.929,281.052,0.01,0.95,10,10000,0.938,0.497,104,101,0.0182035,0,0.971154
1473,10000,3.74403,3.16228,4.21697,0.116729,0.1,0.251189,0.443421,0.4,0.5,0.454664,0.4,0.5,0.00159457,6445.86,142.915,232.409,0.01,0.95,10,10000,0.938,0.497,86,76,0.020985,0,0.883721
1474,10000,3.79157,3.16228,4.21697,0.119637,0.1,0.251189,0.448426,0.4,0.5,0.545292,0.5,0.6,0.00159457,6146.05,-nan,221.599,0.01,0.95,10,10000,0.938,0.497,82,86,0.0197273,0,1.04878
1475,10000,3.7964,3.16228,4.21697,0.117801,0.1,0.251189,0.449012,0.4,0.5,0.649078,0.6,0.7,0.00159457,4647.01,127.046,167.55,0.01,0.95,10,10000,0.938,0.497,62,52,0.0253697,0,0.83871
1476,10000,3.80133,3.16228,4.21697,0.118191,0.1,0.251189,0.45261,0.4,0.5,0.749465,0.7,0.8,0.00159457,3073.03,-nan,110.8,0.01,0.95,10,10000,0.938,0.497,41,44,0.0275798,0,1.07317
1477,10000,3.78019,3.16228,4.21697,0.115596,0.1,0.251189,0.445619,0.4,0.5,0.845519,0.8,0.9,0.00159457,2923.12,111.309,105.395,0.01,0.95,10,10000,0.938,0.497,39,29,0.0339717,0,0.74359
1478,10000,3.86492,3.16228,4.21697,0.121871,0.1,0.251189,0.447742,0.4,0.5,0.947359,0.9,1,0.00159457,1723.89,-nan,62.1558,0.01,0.95,10,10000,0.938,0.497,23,29,0.0339717,0,1.26087
1479,10000,3.82936,3.16228,4.21697,0.122457,0.1,0.251189,0.439272,0.4,0.5,1.19767,1,1.5,0.00797286,779.499,20.5515,28.1052,0.01,0.95,10,10000,0.938,0.497,52,50,0.0258721,0,0.961538
1480,10000,3.81789,3.16228,4.21697,0.123881,0.1,0.251189,0.54295,0.5,0.6,0.062736,0,0.1,0.00159457,899.422,51.6375,32.4291,0.01,0.95,10,10000,0.938,0.497,12,11,0.0551595,0,0.916667
1481,10000,3.68985,3.16228,4.21697,0.118916,0.1,0.251189,0.537992,0.5,0.6,0.15667,0.1,0.2,0.00159457,2623.31,96.4553,94.5849,0.01,0.95,10,10000,0.938,0.497,35,29,0.0339717,0,0.828571
1482,10000,3.7801,3.16228,4.21697,0.12049,0.1,0.251189,0.544087,0.5,0.6,0.247778,0.2,0.3,0.00159457,3522.74,100.209,127.014,0.01,0.95,10,10000,0.938,0.497,47,44,0.0275798,0,0.93617
1483,10000,3.76108,3.16228,4.21697,0.121885,0.1,0.251189,0.544475,0.5,0.6,0.353593,0.3,0.4,0.00159457,3822.54,-nan,137.824,0.01,0.95,10,10000,0.938,0.497,51,52,0.0253697,0,1.01961
1484,10000,3.76498,3.16228,4.21697,0.119758,0.1,0.251189,0.547604,0.5,0.6,0.449055,0.4,0.5,0.00159457,4497.11,109.814,162.146,0.01,0.95,10,10000,0.938,0.497,60,58,0.0240216,0,0.966667
1485,10000,3.78728,3.16228,4.21697,0.117272,0.1,0.251189,0.550988,0.5,0.6,0.547438,0.5,0.6,0.00159457,3597.69,96.9993,129.716,0.01,0.95,10,10000,0.938,0.497,48,47,0.026685,0,0.979167
1486,10000,3.79509,3.16228,4.21697,0.117463,0.1,0.251189,0.549316,0.5,0.6,0.650023,0.6,0.7,0.00159457,3747.59,111.632,135.121,0.01,0.95,10,10000,0.938,0.497,50,43,0.0278986,0,0.86
1487,10000,3.84125,3.16228,4.21697,0.11799,0.1,0.251189,0.550692,0.5,0.6,0.7525,0.7,0.8,0.00159457,2248.56,77.65,81.0728,0.01,0.95,10,10000,0.938,0.497,30,29,0.0339717,0,0.966667
1488,10000,3.73153,3.16228,4.21697,0.116749,0.1,0.251189,0.542366,0.5,0.6,0.845792,0.8,0.9,0.00159457,1573.99,-nan,56.751,0.01,0.95,10,10000,0.938,0.497,21,27,0.0352075,0,1.28571
1489,10000,3.88143,3.16228,4.21697,0.122634,0.1,0.251189,0.548572,0.5,0.6,0.95005,0.9,1,0.00159457,974.374,-nan,35.1316,0.01,0.95,10,10000,0.938,0.497,13,14,0.0488937,0,1.07692
1490,10000,3.82275,3.16228,4.21697,0.117934,0.1,0.251189,0.537855,0.5,0.6,1.16295,1,1.5,0.00797286,434.721,16.3839,15.6741,0.01,0.95,10,10000,0.938,0.497,29,26,0.0358782,0,0.896552
1491,10000,3.91861,3.16228,4.21697,0.123593,0.1,0.251189,0.637237,0.6,0.7,0.0637936,0,0.1,0.00159457,524.663,36.2784,18.917,0.01,0.95,10,10000,0.938,0.497,7,7,0.0691461,0,1
1492,10000,3.59876,3.16228,4.21697,0.115792,0.1,0.251189,0.63622,0.6,0.7,0.148614,0.1,0.2,0.00159457,1124.28,-nan,40.5364,0.01,0.95,10,10000,0.938,0.497,15,16,0.0457358,0,1.06667
1493,10000,3.75853,3.16228,4.21697,0.122617,0.1,0.251189,0.636778,0.6,0.7,0.244343,0.2,0.3,0.00159457,1873.8,-nan,67.5607,0.01,0.95,10,10000,0.938,0.497,25,29,0.0339717,0,1.16
1494,10000,3.7738,3.16228,4.21697,0.121272,0.1,0.251189,0.646366,0.6,0.7,0.345424,0.3,0.4,0.00159457,2248.56,-nan,81.0728,0.01,0.95,10,10000,0.938,0.497,30,31,0.0328576,0,1.03333
1495,10000,3.79373,3.16228,4.21697,0.119593,0.1,0.251189,0.647127,0.6,0.7,0.441481,0.4,0.5,0.00159457,2398.46,96.8805,86.4777,0.01,0.95,10,10000,0.938,0.497,32,25,0.0365887,0,0.78125
1496,10000,3.76962,3.16228,4.21697,0.117134,0.1,0.251189,0.636275,0.6,0.7,0.541579,0.5,0.6,0.00159457,1948.75,-nan,70.2631,0.01,0.95,10,10000,0.938,0.497,26,29,0.0339717,0,1.11538
1497,10000,3.73201,3.16228,4.21697,0.116104,0.1,0.251189,0.640648,0.6,0.7,0.646031,0.6,0.7,0.00159457,1349.13,68.8334,48.6437,0.01,0.95,10,10000,0.938,0.497,18,15,0.0472358,0,0.833333
1498,10000,3.76494,3.16228,4.21697,0.121466,0.1,0.251189,0.6386,0.6,0.7,0.743766,0.7,0.8,0.00159457,1199.23,-nan,43.2388,0.01,0.95,10,10000,0.938,0.497,16,18,0.0431202,0,1.125
1499,10000,3.83967,3.16228,4.21697,0.125169,0.1,0.251189,0.641239,0.6,0.7,0.846996,0.8,0.9,0.00159457,1424.08,82.8847,51.3461,0.01,0.95,10,10000,0.938,0.497,19,13,0.0507394,0,0.684211
1500,10000,3.83261,3.16228,4.21697,0.111067,0.1,0.251189,0.658656,0.6,0.7,0.953093,0.9,1,0.00159457,749.518,59.091,27.0243,0.01,0.95,10,10000,0.938,0.497,10,7,0.0691461,0,0.7
1501,10000,3.93008,3.16228,4.21697,0.12312,0.1,0.251189,0.641707,0.6,0.7,1.21465,1,1.5,0.00797286,239.846,-nan,8.64777,0.01,0.95,10,10000,0.938,0.497,16,22,0.0390037,0,1.375
1502,10000,3.65173,3.16228,4.21697,0.103811,0.1,0.251189,0.717949,0.7,0.8,0.0231986,0,0.1,0.00159457,299.807,47.4996,10.8097,0.01,0.95,10,10000,0.938,0.497,4,2,0.129361,0,0.5
1503,10000,3.62048,3.16228,4.21697,0.112594,0.1,0.251189,0.747534,0.7,0.8,0.154625,0.1,0.2,0.00159457,749.518,59.091,27.0243,0.01,0.95,10,10000,0.938,0.497,10,7,0.0691461,0,0.7
1504,10000,3.71114,3.16228,4.21697,0.120148,0.1,0.251189,0.7434,0.7,0.8,0.243826,0.2,0.3,0.00159457,1199.23,-nan,43.2388,0.01,0.95,10,10000,0.938,0.497,16,21,0.0399215,0,1.3125
1505,10000,3.96215,3.16228,4.21697,0.119621,0.1,0.251189,0.736402,0.7,0.8,0.345424,0.3,0.4,0.00159457,1274.18,94.2263,45.9413,0.01,0.95,10,10000,0.938,0.497,17,9,0.0609811,0,0.529412
1506,10000,3.84625,3.16228,4.21697,0.121558,0.1,0.251189,0.74831,0.7,0.8,0.440999,0.4,0.5,0.00159457,1124.28,-nan,40.5364,0.01,0.95,10,10000,0.938,0.497,15,18,0.0431202,0,1.2
1507,10000,3.86446,3.16228,4.21697,0.124,0.1,0.251189,0.727985,0.7,0.8,0.550451,0.5,0.6,0.00159457,1349.13,61.5018,48.6437,0.01,0.95,10,10000,0.938,0.497,18,17,0.0443703,0,0.944444
1508,10000,3.73773,3.16228,4.21697,0.113484,0.1,0.251189,0.744609,0.7,0.8,0.658248,0.6,0.7,0.00159457,824.47,-nan,29.7267,0.01,0.95,10,10000,0.938,0.497,11,12,0.0528112,0,1.09091
1509,10000,3.67886,3.16228,4.21697,0.112577,0.1,0.251189,0.722486,0.7,0.8,0.737993,0.7,0.8,0.00159457,299.807,-nan,10.8097,0.01,0.95,10,10000,0.938,0.497,4,7,0.0691461,0,1.75
1510,10000,3.57596,3.16228,4.21697,0.118472,0.1,0.251189,0.765515,0.7,0.8,0.82822,0.8,0.9,0.00159457,224.856,23.7498,8.10728,0.01,0.95,10,10000,0.938,0.497,3,3,0.105622,0,1
1511,10000,3.78331,3.16228,4.21697,0.125571,0.1,0.251189,0.739491,0.7,0.8,0.944551,0.9,1,0.00159457,449.711,-nan,16.2146,0.01,0.95,10,10000,0.938,0.497,6,8,0.0646803,0,1.33333
1512,10000,3.87278,3.16228,4.21697,0.123831,0.1,0.251189,0.735675,0.7,0.8,1.15418,1,1.5,0.00797286,194.875,12.5072,7.02631,0.01,0.95,10,10000,0.938,0.497,13,10,0.0578518,0,0.769231
1513,10000,3.9086,3.16228,4.21697,0.128934,0.1,0.251189,0.809368,0.8,0.9,0.0626159,0,0.1,0.00159457,0,0,0,0.01,0.95,10,10000,0.938,0.497,0,2,0.129361,0,0
1514,10000,3.68835,3.16228,4.21697,0.118614,0.1,0.251189,0.803976,0.8,0.9,0.15854,0.1,0.2,0.00159457,74.9518,13.7119,2.70243,0.01,0.95,10,10000,0.938,0.497,1,1,0.182943,0,1
1515,10000,3.72587,3.16228,4.21697,0.121634,0.1,0.251189,0.836268,0.8,0.9,0.244328,0.2,0.3,0.00159457,899.422,67.1745,32.4291,0.01,0.95,10,10000,0.938,0.497,12,8,0.0646803,0,0.666667
1516,10000,3.80906,3.16228,4.21697,0.126861,0.1,0.251189,0.85512,0.8,0.9,0.35664,0.3,0.4,0.00159457,449.711,-nan,16.2146,0.01,0.95,10,10000,0.938,0.497,6,8,0.0646803,0,1.33333
1517,10000,3.74834,3.16228,4.21697,0.119512,0.1,0.251189,0.845187,0.8,0.9,0.458453,0.4,0.5,0.00159457,1049.33,74.545,37.834,0.01,0.95,10,10000,0.938,0.497,14,9,0.0609811,0,0.642857
1518,10000,3.86201,3.16228,4.21697,0.125316,0.1,0.251189,0.823627,0.8,0.9,0.563062,0.5,0.6,0.00159457,449.711,33.5873,16.2146,0.01,0.95,10,10000,0.938,0.497,6,6,0.0746863,0,1
1519,10000,3.58444,3.16228,4.21697,0.107053,0.1,0.251189,0.821166,0.8,0.9,0.63801,0.6,0.7,0.00159457,449.711,58.1749,16.2146,0.01,0.95,10,10000,0.938,0.497,6,3,0.105622,0,0.5
1520,10000,3.88337,3.16228,4.21697,0.111761,0.1,0.251189,0.877099,0.8,0.9,0.747644,0.7,0.8,0.00159457,374.759,46.8352,13.5121,0.01,0.95,10,10000,0.938,0.497,5,3,0.105622,0,0.6
1521,10000,3.9009,3.16228,4.21697,0.102698,0.1,0.251189,0.896522,0.8,0.9,0.843351,0.8,0.9,0.00159457,74.9518,-nan,2.70243,0.01,0.95,10,10000,0.938,0.497,1,2,0.129361,0,2
1522,10000,3.63543,3.16228,4.21697,0.102804,0.1,0.251189,0.802104,0.8,0.9,0.952936,0.9,1,0.00159457,74.9518,13.7119,2.70243,0.01,0.95,10,10000,0.938,0.497,1,1,0.182943,0,1
1523,10000,3.59473,3.16228,4.21697,0.111333,0.1,0.251189,0.859353,0.8,0.9,1.15428,1,1.5,0.00797286,59.9615,-nan,2.16194,0.01,0.95,10,10000,0.938,0.497,4,6,0.0746863,0,1.5
1524,10000,3.44327,3.16228,4.21697,0.101112,0.1,0.251189,0.900082,0.9,1,0.206226,0.2,0.3,0.00159457,149.904,33.5873,5.40485,0.01,0.95,10,10000,0.938,0.497,2,1,0.182943,0,0.5
1525,10000,3.65945,3.16228,4.21697,0.117709,0.1,0.251189,0.931999,0.9,1,0.335038,0.3,0.4,0.00159457,149.904,19.3916,5.40485,0.01,0.95,10,10000,0.938,0.497,2,2,0.129361,0,1
1526,10000,3.8035,3.16228,4.21697,0.113606,0.1,0.251189,0.927167,0.9,1,0.47162,0.4,0.5,0.00159457,224.856,23.7498,8.10728,0.01,0.95,10,10000,0.938,0.497,3,3,0.105622,0,1
1527,10000,3.64996,3.16228,4.21697,0.131832,0.1,0.251189,0.937185,0.9,1,0.546506,0.5,0.6,0.00159457,224.856,23.7498,8.10728,0.01,0.95,10,10000,0.938,0.497,3,3,0.105622,0,1
1528,10000,3.76569,3.16228,4.21697,0.10881,0.1,0.251189,0.911149,0.9,1,0.643021,0.6,0.7,0.00159457,74.9518,-nan,2.70243,0.01,0.95,10,10000,0.938,0.497,1,3,0.105622,0,3
1529,10000,3.59191,3.16228,4.21697,0.122091,0.1,0.251189,0.933511,0.9,1,0.812864,0.8,0.9,0.00159457,0,0,0,0.01,0.95,10,10000,0.938,0.497,0,1,0.182943,0,0
1530,10000,4.15559,3.16228,4.21697,0.152342,0.1,0.251189,0.900875,0.9,1,1.06371,1,1.5,0.00797286,0,0,0,0.01,0.95,10,10000,0.938,0.497,0,1,0.182943,0,0
1531,10000,4.27827,4.21697,5.62342,0.00224683,0.00158489,0.00251189,0.0913055,0.05,0.1,0.0996771,0,0.1,6.51889e-06,1.4667e+06,378280,52882.8,0.01,0.95,10,10000,0.938,0.497,80,1,0.182943,0,0.0125
1532,10000,4.35729,4.21697,5.62342,0.00227532,0.00158489,0.00251189,0.0841664,0.05,0.1,0.161713,0.1,0.2,6.51889e-06,3.81343e+06,241864,137495,0.01,0.95,10,10000,0.938,0.497,208,16,0.0457358,0,0.0769231
1533,10000,4.45034,4.21697,5.62342,0.00223661,0.00158489,0.00251189,0.0806732,0.05,0.1,0.252294,0.2,0.3,6.51889e-06,5.17013e+06,229654,186412,0.01,0.95,10,10000,0.938,0.497,282,32,0.0323401,0,0.113475
1534,10000,4.43615,4.21697,5.62342,0.00224403,0.00158489,0.00251189,0.0861275,0.05,0.1,0.355046,0.3,0.4,6.51889e-06,4.91346e+06,136131,177157,0.01,0.95,10,10000,0.938,0.497,268,75,0.0211245,0,0.279851
1535,10000,4.416,4.21697,5.62342,0.00226678,0.00158489,0.00251189,0.0808051,0.05,0.1,0.452207,0.4,0.5,6.51889e-06,4.40011e+06,107431,158648,0.01,0.95,10,10000,0.938,0.497,240,91,0.0191777,0,0.379167
1536,10000,4.44165,4.21697,5.62342,0.00227582,0.00158489,0.00251189,0.074603,0.05,0.1,0.548168,0.5,0.6,6.51889e-06,3.39175e+06,67932.3,122291,0.01,0.95,10,10000,0.938,0.497,185,115,0.0170596,0,0.621622
1537,10000,4.45184,4.21697,5.62342,0.00228987,0.00158489,0.00251189,0.0730502,0.05,0.1,0.645557,0.6,0.7,6.51889e-06,3.08008e+06,62737,111054,0.01,0.95,10,10000,0.938,0.497,168,109,0.0175228,0,0.64881
1538,10000,4.42603,4.21697,5.62342,0.00225751,0.00158489,0.00251189,0.0742078,0.05,0.1,0.747444,0.7,0.8,6.51889e-06,1.96172e+06,44457.4,70730.7,0.01,0.95,10,10000,0.938,0.497,107,81,0.020327,0,0.757009
1539,10000,4.44743,4.21697,5.62342,0.00230055,0.00158489,0.00251189,0.0724633,0.05,0.1,0.85338,0.8,0.9,6.51889e-06,1.37504e+06,33671.2,49577.6,0.01,0.95,10,10000,0.938,0.497,75,64,0.0228679,0,0.853333
1540,10000,4.41857,4.21697,5.62342,0.00226335,0.00158489,0.00251189,0.0749105,0.05,0.1,0.949168,0.9,1,6.51889e-06,1.04503e+06,29693.3,37679,0.01,0.95,10,10000,0.938,0.497,57,48,0.0264056,0,0.842105
1541,10000,4.43558,4.21697,5.62342,0.00227803,0.00158489,0.00251189,0.072614,0.05,0.1,1.18838,1,1.5,3.25945e-05,440011,8403.16,15864.8,0.01,0.95,10,10000,0.938,0.497,120,104,0.0179391,0,0.866667
1542,10000,4.3219,4.21697,5.62342,0.00242915,0.00158489,0.00251189,0.10583,0.1,0.15,0.0913448,0,0.1,6.51889e-06,1.00836e+06,148553,36356.9,0.01,0.95,10,10000,0.938,0.497,55,3,0.105622,0,0.0545455
1543,10000,4.35981,4.21697,5.62342,0.00237507,0.00158489,0.00251189,0.121374,0.1,0.15,0.1571,0.1,0.2,6.51889e-06,2.18172e+06,136289,78663.1,0.01,0.95,10,10000,0.938,0.497,119,16,0.0457358,0,0.134454
1544,10000,4.42972,4.21697,5.62342,0.00234338,0.00158489,0.00251189,0.127315,0.1,0.15,0.246091,0.2,0.3,6.51889e-06,3.06175e+06,124705,110393,0.01,0.95,10,10000,0.938,0.497,167,36,0.0304906,0,0.215569
1545,10000,4.40113,4.21697,5.62342,0.00227653,0.00158489,0.00251189,0.123341,0.1,0.15,0.358143,0.3,0.4,6.51889e-06,3.26342e+06,74171.6,117664,0.01,0.95,10,10000,0.938,0.497,178,95,0.0187696,0,0.533708
1546,10000,4.44301,4.21697,5.62342,0.00228988,0.00158489,0.00251189,0.121862,0.1,0.15,0.449743,0.4,0.5,6.51889e-06,3.19008e+06,69188.2,115020,0.01,0.95,10,10000,0.938,0.497,174,101,0.0182035,0,0.58046
1547,10000,4.45798,4.21697,5.62342,0.00230924,0.00158489,0.00251189,0.120591,0.1,0.15,0.548045,0.5,0.6,6.51889e-06,2.6034e+06,51792.9,93866.9,0.01,0.95,10,10000,0.938,0.497,142,106,0.017769,0,0.746479
1548,10000,4.42559,4.21697,5.62342,0.00228645,0.00158489,0.00251189,0.122754,0.1,0.15,0.648757,0.6,0.7,6.51889e-06,2.05339e+06,41362.9,74035.9,0.01,0.95,10,10000,0.938,0.497,112,95,0.0187696,0,0.848214
1549,10000,4.45683,4.21697,5.62342,0.00228729,0.00158489,0.00251189,0.123297,0.1,0.15,0.749898,0.7,0.8,6.51889e-06,1.11836e+06,38215.6,40323.1,0.01,0.95,10,10000,0.938,0.497,61,39,0.0292944,0,0.639344
1550,10000,4.45571,4.21697,5.62342,0.00224053,0.00158489,0.00251189,0.120526,0.1,0.15,0.845328,0.8,0.9,6.51889e-06,861689,25042,31068.6,0.01,0.95,10,10000,0.938,0.497,47,43,0.0278986,0,0.914894
1551,10000,4.38507,4.21697,5.62342,0.00226377,0.00158489,0.00251189,0.124626,0.1,0.15,0.952324,0.9,1,6.51889e-06,605016,23156.7,21814.1,0.01,0.95,10,10000,0.938,0.497,33,27,0.0352075,0,0.818182
1552,10000,4.41783,4.21697,5.62342,0.00225487,0.00158489,0.00251189,0.121313,0.1,0.15,1.20238,1,1.5,3.25945e-05,344676,7808.71,12427.5,0.01,0.95,10,10000,0.938,0.497,94,77,0.0208483,0,0.819149
1553,10000,4.46405,4.21697,5.62342,0.00239387,0.00158489,0.00251189,0.195249,0.15,0.2,0.0934832,0,0.1,6.51889e-06,660017,169570,23797.3,0.01,0.95,10,10000,0.938,0.497,36,1,0.182943,0,0.0277778
1554,10000,4.32491,4.21697,5.62342,0.00229761,0.00158489,0.00251189,0.176193,0.15,0.2,0.165848,0.1,0.2,6.51889e-06,1.44837e+06,129087,52221.7,0.01,0.95,10,10000,0.938,0.497,79,8,0.0646803,0,0.101266
1555,10000,4.38091,4.21697,5.62342,0.00232199,0.00158489,0.00251189,0.174048,0.15,0.2,0.250475,0.2,0.3,6.51889e-06,2.07172e+06,108571,74696.9,0.01,0.95,10,10000,0.938,0.497,113,22,0.0390037,0,0.19469
1556,10000,4.41815,4.21697,5.62342,0.0023154,0.00158489,0.00251189,0.173415,0.15,0.2,0.347301,0.3,0.4,6.51889e-06,2.10839e+06,78390.8,76019,0.01,0.95,10,10000,0.938,0.497,115,40,0.0289259,0,0.347826
1557,10000,4.38507,4.21697,5.62342,0.00229136,0.00158489,0.00251189,0.174756,0.15,0.2,0.458748,0.4,0.5,6.51889e-06,2.10839e+06,69128.9,76019,0.01,0.95,10,10000,0.938,0.497,115,49,0.0261348,0,0.426087
1558,10000,4.40418,4.21697,5.62342,0.00229013,0.00158489,0.00251189,0.172678,0.15,0.2,0.544418,0.5,0.6,6.51889e-06,1.59504e+06,48584.4,57510,0.01,0.95,10,10000,0.938,0.497,87,51,0.0256172,0,0.586207
1559,10000,4.4079,4.21697,5.62342,0.00225509,0.00158489,0.00251189,0.172527,0.15,0.2,0.652734,0.6,0.7,6.51889e-06,1.32003e+06,45108.9,47594.5,0.01,0.95,10,10000,0.938,0.497,72,41,0.028571,0,0.569444
1560,10000,4.43257,4.21697,5.62342,0.00224815,0.00158489,0.00251189,0.172869,0.15,0.2,0.744115,0.7,0.8,6.51889e-06,935024,33140.4,33712.8,0.01,0.95,10,10000,0.938,0.497,51,35,0.0309231,0,0.686275
1561,10000,4.43916,4.21697,5.62342,0.0022558,0.00158489,0.00251189,0.174538,0.15,0.2,0.843444,0.8,0.9,6.51889e-06,861689,32006.6,31068.6,0.01,0.95,10,10000,0.938,0.497,47,32,0.0323401,0,0.680851
1562,10000,4.45138,4.21697,5.62342,0.00228828,0.00158489,0.00251189,0.175888,0.15,0.2,0.957343,0.9,1,6.51889e-06,660017,27593,23797.3,0.01,0.95,10,10000,0.938,0.497,36,25,0.0365887,0,0.694444
1563,10000,4.42307,4.21697,5.62342,0.00231425,0.00158489,0.00251189,0.170914,0.15,0.2,1.2387,1,1.5,3.25945e-05,227339,6425.78,8196.83,0.01,0.95,10,10000,0.938,0.497,62,50,0.0258721,0,0.806452
1564,10000,4.69264,4.21697,5.62342,0.00237643,0.00158489,0.00251189,0.227537,0.2,0.25,0.0870204,0,0.1,6.51889e-06,220006,30740.4,7932.42,0.01,0.95,10,10000,0.938,0.497,12,3,0.105622,0,0.25
1565,10000,4.42123,4.21697,5.62342,0.00225284,0.00158489,0.00251189,0.228932,0.2,0.25,0.170357,0.1,0.2,6.51889e-06,1.11836e+06,69964.9,40323.1,0.01,0.95,10,10000,0.938,0.497,61,15,0.0472358,0,0.245902
1566,10000,4.4517,4.21697,5.62342,0.00225662,0.00158489,0.00251189,0.222755,0.2,0.25,0.261627,0.2,0.3,6.51889e-06,1.4667e+06,75135,52882.8,0.01,0.95,10,10000,0.938,0.497,80,22,0.0390037,0,0.275
1567,10000,4.43985,4.21697,5.62342,0.00225898,0.00158489,0.00251189,0.223649,0.2,0.25,0.352119,0.3,0.4,6.51889e-06,1.48504e+06,59682.9,53543.8,0.01,0.95,10,10000,0.938,0.497,81,33,0.0318464,0,0.407407
1568,10000,4.4084,4.21697,5.62342,0.00225443,0.00158489,0.00251189,0.225307,0.2,0.25,0.446553,0.4,0.5,6.51889e-06,1.39337e+06,55525.5,50238.6,0.01,0.95,10,10000,0.938,0.497,76,33,0.0318464,0,0.434211
1569,10000,4.44048,4.21697,5.62342,0.00231763,0.00158489,0.00251189,0.221683,0.2,0.25,0.547871,0.5,0.6,6.51889e-06,1.59504e+06,43676.9,57510,0.01,0.95,10,10000,0.938,0.497,87,59,0.0238172,0,0.678161
1570,10000,4.42612,4.21697,5.62342,0.00229823,0.00158489,0.00251189,0.226208,0.2,0.25,0.650462,0.6,0.7,6.51889e-06,1.21003e+06,45362.1,43628.3,0.01,0.95,10,10000,0.938,0.497,66,35,0.0309231,0,0.530303
1571,10000,4.47235,4.21697,5.62342,0.00229704,0.00158489,0.00251189,0.223747,0.2,0.25,0.746833,0.7,0.8,6.51889e-06,806687,30934.9,29085.5,0.01,0.95,10,10000,0.938,0.497,44,30,0.0334007,0,0.681818
1572,10000,4.42529,4.21697,5.62342,0.00224728,0.00158489,0.00251189,0.225746,0.2,0.25,0.841525,0.8,0.9,6.51889e-06,568348,26093.5,20492.1,0.01,0.95,10,10000,0.938,0.497,31,21,0.0399215,0,0.677419
1573,10000,4.39725,4.21697,5.62342,0.00227431,0.00158489,0.00251189,0.217537,0.2,0.25,0.950228,0.9,1,6.51889e-06,440011,18631.5,15864.8,0.01,0.95,10,10000,0.938,0.497,24,21,0.0399215,0,0.875
1574,10000,4.46556,4.21697,5.62342,0.00229402,0.00158489,0.00251189,0.224286,0.2,0.25,1.16538,1,1.5,3.25945e-05,179671,5900.4,6478.14,0.01,0.95,10,10000,0.938,0.497,49,38,0.0296773,0,0.77551
1575,10000,4.34328,4.21697,5.62342,0.0022624,0.00158489,0.00251189,0.271535,0.25,0.3,0.0590452,0,0.1,6.51889e-06,220006,18106.5,7932.42,0.01,0.95,10,10000,0.938,0.497,12,7,0.0691461,0,0.583333
1576,10000,4.44579,4.21697,5.62342,0.00227193,0.00158489,0.00251189,0.274602,0.25,0.3,0.156163,0.1,0.2,6.51889e-06,476679,18472.7,17186.9,0.01,0.95,10,10000,0.938,0.497,26,24,0.0373432,0,0.923077
1577,10000,4.41376,4.21697,5.62342,0.0022773,0.00158489,0.00251189,0.272027,0.25,0.3,0.254786,0.2,0.3,6.51889e-06,843355,25937,30407.6,0.01,0.95,10,10000,0.938,0.497,46,40,0.0289259,0,0.869565
1578,10000,4.45685,4.21697,5.62342,0.00226127,0.00158489,0.00251189,0.274721,0.25,0.3,0.354764,0.3,0.4,6.51889e-06,1.00836e+06,33562,36356.9,0.01,0.95,10,10000,0.938,0.497,55,39,0.0292944,0,0.709091
1579,10000,4.4086,4.21697,5.62342,0.00223199,0.00158489,0.00251189,0.270764,0.25,0.3,0.443744,0.4,0.5,6.51889e-06,880023,33648.5,31729.7,0.01,0.95,10,10000,0.938,0.497,48,31,0.0328576,0,0.645833
1580,10000,4.45584,4.21697,5.62342,0.00227305,0.00158489,0.00251189,0.276369,0.25,0.3,0.550515,0.5,0.6,6.51889e-06,898356,33718.2,32390.7,0.01,0.95,10,10000,0.938,0.497,49,32,0.0323401,0,0.653061
1581,10000,4.47221,4.21697,5.62342,0.00228437,0.00158489,0.00251189,0.276174,0.25,0.3,0.657106,0.6,0.7,6.51889e-06,861689,30546,31068.6,0.01,0.95,10,10000,0.938,0.497,47,34,0.0313745,0,0.723404
1582,10000,4.44566,4.21697,5.62342,0.0022693,0.00158489,0.00251189,0.272686,0.25,0.3,0.744936,0.7,0.8,6.51889e-06,733352,27385.7,26441.4,0.01,0.95,10,10000,0.938,0.497,40,30,0.0334007,0,0.75
1583,10000,4.38169,4.21697,5.62342,0.0023248,0.00158489,0.00251189,0.275993,0.25,0.3,0.857166,0.8,0.9,6.51889e-06,330008,24647.1,11898.6,0.01,0.95,10,10000,0.938,0.497,18,9,0.0609811,0,0.5
1584,10000,4.38852,4.21697,5.62342,0.00227768,0.00158489,0.00251189,0.272429,0.25,0.3,0.931287,0.9,1,6.51889e-06,421678,18340.2,15203.8,0.01,0.95,10,10000,0.938,0.497,23,20,0.0409074,0,0.869565
1585,10000,4.41898,4.21697,5.62342,0.00226336,0.00158489,0.00251189,0.271027,0.25,0.3,1.20597,1,1.5,3.25945e-05,150337,4855.33,5420.48,0.01,0.95,10,10000,0.938,0.497,41,36,0.0304906,0,0.878049
1586,10000,4.43395,4.21697,5.62342,0.00227676,0.00158489,0.00251189,0.325999,0.3,0.4,0.0585911,0,0.1,1.30378e-05,91669,5862.93,3305.17,0.01,0.95,10,10000,0.938,0.497,10,9,0.0609811,0,0.9
1587,10000,4.39858,4.21697,5.62342,0.0022368,0.00158489,0.00251189,0.351429,0.3,0.4,0.15414,0.1,0.2,1.30378e-05,330008,12252.5,11898.6,0.01,0.95,10,10000,0.938,0.497,36,29,0.0339717,0,0.805556
1588,10000,4.38979,4.21697,5.62342,0.00227626,0.00158489,0.00251189,0.347011,0.3,0.4,0.256958,0.2,0.3,1.30378e-05,412511,14785.2,14873.3,0.01,0.95,10,10000,0.938,0.497,45,33,0.0318464,0,0.733333
1589,10000,4.41504,4.21697,5.62342,0.00226637,0.00158489,0.00251189,0.350899,0.3,0.4,0.352108,0.3,0.4,1.30378e-05,394177,14647.9,14212.2,0.01,0.95,10,10000,0.938,0.497,43,31,0.0328576,0,0.72093
1590,10000,4.39714,4.21697,5.62342,0.00226294,0.00158489,0.00251189,0.350786,0.3,0.4,0.450967,0.4,0.5,1.30378e-05,504180,17119.7,18178.5,0.01,0.95,10,10000,0.938,0.497,55,38,0.0296773,0,0.690909
1591,10000,4.36497,4.21697,5.62342,0.00222062,0.00158489,0.00251189,0.343545,0.3,0.4,0.548546,0.5,0.6,1.30378e-05,385010,13854.5,13881.7,0.01,0.95,10,10000,0.938,0.497,42,32,0.0323401,0,0.761905
1592,10000,4.39748,4.21697,5.62342,0.00226506,0.00158489,0.00251189,0.337914,0.3,0.4,0.65052,0.6,0.7,1.30378e-05,339175,10768.1,12229.1,0.01,0.95,10,10000,0.938,0.497,37,35,0.0309231,0,0.945946
1593,10000,4.44884,4.21697,5.62342,0.00230043,0.00158489,0.00251189,0.348394,0.3,0.4,0.746162,0.7,0.8,1.30378e-05,256673,10246.8,9254.49,0.01,0.95,10,10000,0.938,0.497,28,24,0.0373432,0,0.857143
1594,10000,4.4345,4.21697,5.62342,0.00228514,0.00158489,0.00251189,0.346446,0.3,0.4,0.854179,0.8,0.9,1.30378e-05,302508,11578.4,10907.1,0.01,0.95,10,10000,0.938,0.497,33,27,0.0352075,0,0.818182
1595,10000,4.39912,4.21697,5.62342,0.00228342,0.00158489,0.00251189,0.351588,0.3,0.4,0.937201,0.9,1,1.30378e-05,293341,10756.9,10576.6,0.01,0.95,10,10000,0.938,0.497,32,28,0.0345731,0,0.875
1596,10000,4.41251,4.21697,5.62342,0.00224749,0.00158489,0.00251189,0.346993,0.3,0.4,1.18147,1,1.5,6.51889e-05,100836,2775.35,3635.69,0.01,0.95,10,10000,0.938,0.497,55,49,0.0261348,0,0.890909
1597,10000,4.33116,4.21697,5.62342,0.00227624,0.00158489,0.00251189,0.440645,0.4,0.5,0.0579448,0,0.1,1.30378e-05,45834.5,3749.94,1652.59,0.01,0.95,10,10000,0.938,0.497,5,5,0.0818148,0,1
1598,10000,4.54363,4.21697,5.62342,0.0023457,0.00158489,0.00251189,0.446242,0.4,0.5,0.165828,0.1,0.2,1.30378e-05,100836,6684.76,3635.69,0.01,0.95,10,10000,0.938,0.497,11,9,0.0609811,0,0.818182
1599,10000,4.39157,4.21697,5.62342,0.00224237,0.00158489,0.00251189,0.449674,0.4,0.5,0.2434,0.2,0.3,1.30378e-05,229173,8727.51,8262.93,0.01,0.95,10,10000,0.938,0.497,25,24,0.0373432,0,0.96
1600,10000,4.43637,4.21697,5.62342,0.00232547,0.00158489,0.00251189,0.440265,0.4,0.5,0.357204,0.3,0.4,1.30378e-05,183338,10220.6,6610.35,0.01,0.95,10,10000,0.938,0.497,20,14,0.0488937,0,0.7
1601,10000,4.44155,4.21697,5.62342,0.00229869,0.00158489,0.00251189,0.437742,0.4,0.5,0.445156,0.4,0.5,1.30378e-05,247506,-nan,8923.97,0.01,0.95,10,10000,0.938,0.497,27,29,0.0339717,0,1.07407
1602,10000,4.44136,4.21697,5.62342,0.002272,0.00158489,0.00251189,0.444583,0.4,0.5,0.558975,0.5,0.6,1.30378e-05,275007,11249.8,9915.52,0.01,0.95,10,10000,0.938,0.497,30,24,0.0373432,0,0.8
1603,10000,4.3759,4.21697,5.62342,0.00221899,0.00158489,0.00251189,0.453061,0.4,0.5,0.638059,0.6,0.7,1.30378e-05,201672,10937.1,7271.38,0.01,0.95,10,10000,0.938,0.497,22,15,0.0472358,0,0.681818
1604,10000,4.45208,4.21697,5.62342,0.00229351,0.00158489,0.00251189,0.452411,0.4,0.5,0.759501,0.7,0.8,1.30378e-05,201672,8616.71,7271.38,0.01,0.95,10,10000,0.938,0.497,22,20,0.0409074,0,0.909091
1605,10000,4.4247,4.21697,5.62342,0.00225309,0.00158489,0.00251189,0.441957,0.4,0.5,0.854038,0.8,0.9,1.30378e-05,155837,8264.47,5618.8,0.01,0.95,10,10000,0.938,0.497,17,14,0.0488937,0,0.823529
1606,10000,4.40116,4.21697,5.62342,0.00225951,0.00158489,0.00251189,0.446972,0.4,0.5,0.946362,0.9,1,1.30378e-05,137504,8536.22,4957.76,0.01,0.95,10,10000,0.938,0.497,15,11,0.0551595,0,0.733333
1607,10000,4.37577,4.21697,5.62342,0.00223473,0.00158489,0.00251189,0.448793,0.4,0.5,1.22166,1,1.5,6.51889e-05,56834.8,2126.19,2049.21,0.01,0.95,10,10000,0.938,0.497,31,27,0.0352075,0,0.870968
1608,10000,4.40491,4.21697,5.62342,0.00234254,0.00158489,0.00251189,0.590415,0.5,0.6,0.0777837,0,0.1,1.30378e-05,18333.8,4107.85,661.035,0.01,0.95,10,10000,0.938,0.497,2,1,0.182943,0,0.5
1609,10000,4.30354,4.21697,5.62342,0.00226988,0.00158489,0.00251189,0.542018,0.5,0.6,0.14538,0.1,0.2,1.30378e-05,55001.4,5809.38,1983.1,0.01,0.95,10,10000,0.938,0.497,6,4,0.0914717,0,0.666667
1610,10000,4.55534,4.21697,5.62342,0.00234946,0.00158489,0.00251189,0.523052,0.5,0.6,0.232391,0.2,0.3,1.30378e-05,64168.3,5952.85,2313.62,0.01,0.95,10,10000,0.938,0.497,7,5,0.0818148,0,0.714286
1611,10000,4.45125,4.21697,5.62342,0.00229793,0.00158489,0.00251189,0.555382,0.5,0.6,0.365041,0.3,0.4,1.30378e-05,82502.1,5624.91,2974.66,0.01,0.95,10,10000,0.938,0.497,9,8,0.0646803,0,0.888889
1612,10000,4.44323,4.21697,5.62342,0.00233742,0.00158489,0.00251189,0.544397,0.5,0.6,0.443717,0.4,0.5,1.30378e-05,137504,8536.22,4957.76,0.01,0.95,10,10000,0.938,0.497,15,11,0.0551595,0,0.733333
1613,10000,4.46487,4.21697,5.62342,0.00228938,0.00158489,0.00251189,0.542279,0.5,0.6,0.542176,0.5,0.6,1.30378e-05,155837,7333.99,5618.8,0.01,0.95,10,10000,0.938,0.497,17,16,0.0457358,0,0.941176
1614,10000,4.44449,4.21697,5.62342,0.00227254,0.00158489,0.00251189,0.531907,0.5,0.6,0.660591,0.6,0.7,1.30378e-05,128337,7800.66,4627.24,0.01,0.95,10,10000,0.938,0.497,14,11,0.0551595,0,0.785714
1615,10000,4.44011,4.21697,5.62342,0.00231991,0.00158489,0.00251189,0.525869,0.5,0.6,0.731752,0.7,0.8,1.30378e-05,91669,9185.44,3305.17,0.01,0.95,10,10000,0.938,0.497,10,5,0.0818148,0,0.5
1616,10000,4.48786,4.21697,5.62342,0.00238205,0.00158489,0.00251189,0.537691,0.5,0.6,0.854533,0.8,0.9,1.30378e-05,45834.5,-nan,1652.59,0.01,0.95,10,10000,0.938,0.497,5,9,0.0609811,0,1.8
1617,10000,4.2974,4.21697,5.62342,0.00213672,0.00158489,0.00251189,0.554652,0.5,0.6,0.960978,0.9,1,1.30378e-05,36667.6,3354.05,1322.07,0.01,0.95,10,10000,0.938,0.497,4,4,0.0914717,0,1
1618,10000,4.47141,4.21697,5.62342,0.00225833,0.00158489,0.00251189,0.549058,0.5,0.6,1.15397,1,1.5,6.51889e-05,25667.3,1449.11,925.449,0.01,0.95,10,10000,0.938,0.497,14,12,0.0528112,0,0.857143
1619,10000,4.39984,4.21697,5.62342,0.0023362,0.00158489,0.00251189,0.612552,0.6,0.7,0.0410878,0,0.1,1.30378e-05,18333.8,2371.67,661.035,0.01,0.95,10,10000,0.938,0.497,2,2,0.129361,0,1
1620,10000,4.37418,4.21697,5.62342,0.00219534,0.00158489,0.00251189,0.629301,0.6,0.7,0.141728,0.1,0.2,1.30378e-05,27500.7,4107.85,991.552,0.01,0.95,10,10000,0.938,0.497,3,2,0.129361,0,0.666667
1621,10000,4.46087,4.21697,5.62342,0.00235613,0.00158489,0.00251189,0.612445,0.6,0.7,0.268874,0.2,0.3,1.30378e-05,27500.7,4107.85,991.552,0.01,0.95,10,10000,0.938,0.497,3,2,0.129361,0,0.666667
1622,10000,4.46724,4.21697,5.62342,0.00231737,0.00158489,0.00251189,0.639902,0.6,0.7,0.370641,0.3,0.4,1.30378e-05,36667.6,3354.05,1322.07,0.01,0.95,10,10000,0.938,0.497,4,4,0.0914717,0,1
1623,10000,4.44003,4.21697,5.62342,0.00233534,0.00158489,0.00251189,0.668293,0.6,0.7,0.445734,0.4,0.5,1.30378e-05,64168.3,8496.19,2313.62,0.01,0.95,10,10000,0.938,0.497,7,3,0.105622,0,0.428571
1624,10000,4.4239,4.21697,5.62342,0.00225876,0.00158489,0.00251189,0.640341,0.6,0.7,0.539559,0.5,0.6,1.30378e-05,64168.3,5123.39,2313.62,0.01,0.95,10,10000,0.938,0.497,7,6,0.0746863,0,0.857143
1625,10000,4.49531,4.21697,5.62342,0.00240105,0.00158489,0.00251189,0.649695,0.6,0.7,0.684608,0.6,0.7,1.30378e-05,45834.5,5728.13,1652.59,0.01,0.95,10,10000,0.938,0.497,5,3,0.105622,0,0.6
1626,10000,4.31846,4.21697,5.62342,0.00228526,0.00158489,0.00251189,0.663078,0.6,0.7,0.753746,0.7,0.8,1.30378e-05,55001.4,5809.38,1983.1,0.01,0.95,10,10000,0.938,0.497,6,4,0.0914717,0,0.666667
1627,10000,4.33144,4.21697,5.62342,0.00220849,0.00158489,0.00251189,0.664931,0.6,0.7,0.861651,0.8,0.9,1.30378e-05,36667.6,3354.05,1322.07,0.01,0.95,10,10000,0.938,0.497,4,4,0.0914717,0,1
1628,10000,4.47717,4.21697,5.62342,0.00229095,0.00158489,0.00251189,0.636692,0.6,0.7,0.936284,0.9,1,1.30378e-05,55001.4,4860.48,1983.1,0.01,0.95,10,10000,0.938,0.497,6,5,0.0818148,0,0.833333
1629,10000,4.42933,4.21697,5.62342,0.00234396,0.00158489,0.00251189,0.659728,0.6,0.7,1.23105,1,1.5,6.51889e-05,20167.2,1471.58,727.138,0.01,0.95,10,10000,0.938,0.497,11,8,0.0646803,0,0.727273
1630,10000,4.50351,4.21697,5.62342,0.00251176,0.00158489,0.00251189,0.702601,0.7,0.8,0.0721126,0,0.1,1.30378e-05,9166.9,1677.02,330.517,0.01,0.95,10,10000,0.938,0.497,1,1,0.182943,0,1
1631,10000,4.47905,4.21697,5.62342,0.00231919,0.00158489,0.00251189,0.718472,0.7,0.8,0.181351,0.1,0.2,1.30378e-05,18333.8,-nan,661.035,0.01,0.95,10,10000,0.938,0.497,2,3,0.105622,0,1.5
1632,10000,4.46722,4.21697,5.62342,0.00231928,0.00158489,0.00251189,0.741069,0.7,0.8,0.256143,0.2,0.3,1.30378e-05,36667.6,4330.06,1322.07,0.01,0.95,10,10000,0.938,0.497,4,3,0.105622,0,0.75
1633,10000,4.72555,4.21697,5.62342,0.00249495,0.00158489,0.00251189,0.735558,0.7,0.8,0.396319,0.3,0.4,1.30378e-05,18333.8,4107.85,661.035,0.01,0.95,10,10000,0.938,0.497,2,1,0.182943,0,0.5
1634,10000,4.50414,4.21697,5.62342,0.00233463,0.00158489,0.00251189,0.750622,0.7,0.8,0.421722,0.4,0.5,1.30378e-05,36667.6,-nan,1322.07,0.01,0.95,10,10000,0.938,0.497,4,5,0.0818148,0,1.25
1635,10000,4.28607,4.21697,5.62342,0.00209959,0.00158489,0.00251189,0.774053,0.7,0.8,0.547536,0.5,0.6,1.30378e-05,36667.6,8873.98,1322.07,0.01,0.95,10,10000,0.938,0.497,4,1,0.182943,0,0.25
1636,10000,4.44013,4.21697,5.62342,0.0023481,0.00158489,0.00251189,0.722423,0.7,0.8,0.631829,0.6,0.7,1.30378e-05,18333.8,2371.67,661.035,0.01,0.95,10,10000,0.938,0.497,2,2,0.129361,0,1
1637,10000,4.4566,4.21697,5.62342,0.00233979,0.00158489,0.00251189,0.726308,0.7,0.8,1.14013,1,1.5,6.51889e-05,11000.3,972.096,396.621,0.01,0.95,10,10000,0.938,0.497,6,5,0.0818148,0,0.833333
1638,10000,4.34182,4.21697,5.62342,0.00231758,0.00158489,0.00251189,0.834351,0.8,0.9,0.185135,0.1,0.2,1.30378e-05,18333.8,2371.67,661.035,0.01,0.95,10,10000,0.938,0.497,2,2,0.129361,0,1
1639,10000,4.53621,4.21697,5.62342,0.00235963,0.00158489,0.00251189,0.875408,0.8,0.9,0.26594,0.2,0.3,1.30378e-05,9166.9,1677.02,330.517,0.01,0.95,10,10000,0.938,0.497,1,1,0.182943,0,1
1640,10000,4.44177,4.21697,5.62342,0.00237357,0.00158489,0.00251189,0.871798,0.8,0.9,0.369131,0.3,0.4,1.30378e-05,27500.7,-nan,991.552,0.01,0.95,10,10000,0.938,0.497,3,4,0.0914717,0,1.33333
1641,10000,4.30162,4.21697,5.62342,0.00205217,0.00158489,0.00251189,0.8437,0.8,0.9,0.578934,0.5,0.6,1.30378e-05,0,0,0,0.01,0.95,10,10000,0.938,0.497,0,1,0.182943,0,0
1642,10000,4.38595,4.21697,5.62342,0.00223183,0.00158489,0.00251189,0.849923,0.8,0.9,0.741296,0.7,0.8,1.30378e-05,9166.9,-nan,330.517,0.01,0.95,10,10000,0.938,0.497,1,3,0.105622,0,3
1643,10000,4.41658,4.21697,5.62342,0.00229429,0.00158489,0.00251189,0.843844,0.8,0.9,0.837168,0.8,0.9,1.30378e-05,18333.8,-nan,661.035,0.01,0.95,10,10000,0.938,0.497,2,4,0.0914717,0,2
1644,10000,4.35924,4.21697,5.62342,0.00202354,0.00158489,0.00251189,0.845693,0.8,0.9,1.23754,1,1.5,6.51889e-05,1833.38,335.405,66.1035,0.01,0.95,10,10000,0.938,0.497,1,1,0.182943,0,1
1645,10000,4.65223,4.21697,5.62342,0.00240918,0.00158489,0.00251189,0.95453,0.9,1,0.282057,0.2,0.3,1.30378e-05,9166.9,1677.02,330.517,0.01,0.95,10,10000,0.938,0.497,1,1,0.182943,0,1
1646,10000,4.37883,4.21697,5.62342,0.00206653,0.00158489,0.00251189,0.983675,0.9,1,0.726038,0.7,0.8,1.30378e-05,0,0,0,0.01,0.95,10,10000,0.938,0.497,0,1,0.182943,0,0
1647,10000,4.77409,4.21697,5.62342,0.00336068,0.00251189,0.00398107,0.0899469,0.05,0.1,0.0624938,0,0.1,1.03316e-05,4.65033e+06,297776,167670,0.01,0.95,10,10000,0.938,0.497,402,16,0.0457358,0,0.039801
1648,10000,4.80638,4.21697,5.62342,0.00326488,0.00251189,0.00398107,0.0813279,0.05,0.1,0.160368,0.1,0.2,1.03316e-05,1.12903e+07,337840,407079,0.01,0.95,10,10000,0.938,0.497,976,72,0.0215601,0,0.0737705
1649,10000,4.80152,4.21697,5.62342,0.00323964,0.00251189,0.00398107,0.0780468,0.05,0.1,0.254272,0.2,0.3,1.03316e-05,1.45641e+07,287312,525115,0.01,0.95,10,10000,0.938,0.497,1259,161,0.014418,0,0.127879
1650,10000,4.78995,4.21697,5.62342,0.00317328,0.00251189,0.00398107,0.0798655,0.05,0.1,0.351607,0.3,0.4,1.03316e-05,1.41823e+07,230318,511351,0.01,0.95,10,10000,0.938,0.497,1226,230,0.0120629,0,0.187602
1651,10000,4.81509,4.21697,5.62342,0.00324191,0.00251189,0.00398107,0.0781206,0.05,0.1,0.454122,0.4,0.5,1.03316e-05,1.28405e+07,156393,462969,0.01,0.95,10,10000,0.938,0.497,1110,375,0.00944716,0,0.337838
1652,10000,4.82498,4.21697,5.62342,0.00323483,0.00251189,0.00398107,0.0773053,0.05,0.1,0.545671,0.5,0.6,1.03316e-05,9.86748e+06,111139,355777,0.01,0.95,10,10000,0.938,0.497,853,403,0.00911306,0,0.47245
1653,10000,4.82332,4.21697,5.62342,0.00329156,0.00251189,0.00398107,0.0735355,0.05,0.1,0.649749,0.6,0.7,1.03316e-05,7.73898e+06,88868.8,279033,0.01,0.95,10,10000,0.938,0.497,669,368,0.00953658,0,0.550075
1654,10000,4.80027,4.21697,5.62342,0.00325753,0.00251189,0.00398107,0.0735154,0.05,0.1,0.751502,0.7,0.8,1.03316e-05,5.76085e+06,65018,207710,0.01,0.95,10,10000,0.938,0.497,498,344,0.00986365,0,0.690763
1655,10000,4.7568,4.21697,5.62342,0.00324623,0.00251189,0.00398107,0.0732646,0.05,0.1,0.845678,0.8,0.9,1.03316e-05,4.23388e+06,48859.8,152655,0.01,0.95,10,10000,0.938,0.497,366,298,0.0105976,0,0.814208
1656,10000,4.78781,4.21697,5.62342,0.00322798,0.00251189,0.00398107,0.0709331,0.05,0.1,0.947512,0.9,1,1.03316e-05,3.03081e+06,42221.8,109277,0.01,0.95,10,10000,0.938,0.497,262,208,0.0126848,0,0.793893
1657,10000,4.78175,4.21697,5.62342,0.00326202,0.00251189,0.00398107,0.0762384,0.05,0.1,1.18811,1,1.5,5.16582e-05,1.18456e+06,11077.7,42709.9,0.01,0.95,10,10000,0.938,0.497,512,438,0.00874137,0,0.855469
1658,10000,4.62851,4.21697,5.62342,0.00334527,0.00251189,0.00398107,0.12762,0.1,0.15,0.0695962,0,0.1,1.03316e-05,2.31359e+06,68575.5,83417.9,0.01,0.95,10,10000,0.938,0.497,200,64,0.0228679,0,0.32
1659,10000,4.69831,4.21697,5.62342,0.00331423,0.00251189,0.00398107,0.125078,0.1,0.15,0.154144,0.1,0.2,1.03316e-05,7.50762e+06,108770,270691,0.01,0.95,10,10000,0.938,0.497,649,256,0.011434,0,0.394453
1660,10000,4.73874,4.21697,5.62342,0.00328292,0.00251189,0.00398107,0.123929,0.1,0.15,0.25122,0.2,0.3,1.03316e-05,9.33536e+06,110818,336591,0.01,0.95,10,10000,0.938,0.497,807,367,0.00954957,0,0.454771
1661,10000,4.73371,4.21697,5.62342,0.00324555,0.00251189,0.00398107,0.124955,0.1,0.15,0.350228,0.3,0.4,1.03316e-05,9.32379e+06,101217,336174,0.01,0.95,10,10000,0.938,0.497,806,420,0.00892672,0,0.521092
1662,10000,4.77002,4.21697,5.62342,0.00327645,0.00251189,0.00398107,0.122604,0.1,0.15,0.450959,0.4,0.5,1.03316e-05,8.97675e+06,93868.6,323661,0.01,0.95,10,10000,0.938,0.497,776,439,0.00873141,0,0.565722
1663,10000,4.74395,4.21697,5.62342,0.00320532,0.00251189,0.00398107,0.122014,0.1,0.15,0.548969,0.5,0.6,1.03316e-05,7.19528e+06,75827.8,259430,0.01,0.95,10,10000,0.938,0.497,622,406,0.00907933,0,0.652733
1664,10000,4.74864,4.21697,5.62342,0.00324214,0.00251189,0.00398107,0.123416,0.1,0.15,0.644022,0.6,0.7,1.03316e-05,5.49479e+06,60526.5,198117,0.01,0.95,10,10000,0.938,0.497,475,349,0.00979274,0,0.734737
1665,10000,4.75277,4.21697,5.62342,0.00324003,0.00251189,0.00398107,0.123338,0.1,0.15,0.746519,0.7,0.8,1.03316e-05,3.95625e+06,46447,142645,0.01,0.95,10,10000,0.938,0.497,342,284,0.0108557,0,0.830409
1666,10000,4.7684,4.21697,5.62342,0.00326933,0.00251189,0.00398107,0.125186,0.1,0.15,0.844688,0.8,0.9,1.03316e-05,3.13492e+06,42635.4,113031,0.01,0.95,10,10000,0.938,0.497,271,217,0.012419,0,0.800738
1667,10000,4.80311,4.21697,5.62342,0.00324861,0.00251189,0.00398107,0.124281,0.1,0.15,0.948666,0.9,1,1.03316e-05,2.01283e+06,33226.3,72573.5,0.01,0.95,10,10000,0.938,0.497,174,144,0.0152453,0,0.827586
1668,10000,4.82648,4.21697,5.62342,0.00329899,0.00251189,0.00398107,0.124602,0.1,0.15,1.19819,1,1.5,5.16582e-05,913870,9931.72,32950.1,0.01,0.95,10,10000,0.938,0.497,395,330,0.0100707,0,0.835443
1669,10000,4.55794,4.21697,5.62342,0.00344494,0.00251189,0.00398107,0.171565,0.15,0.2,0.0665409,0,0.1,1.03316e-05,1.67736e+06,48868.6,60477.9,0.01,0.95,10,10000,0.938,0.497,145,62,0.0232338,0,0.427586
1670,10000,4.62465,4.21697,5.62342,0.00341998,0.00251189,0.00398107,0.173813,0.15,0.2,0.155597,0.1,0.2,1.03316e-05,4.88169e+06,77002.6,176012,0.01,0.95,10,10000,0.938,0.497,422,204,0.0128086,0,0.483412
1671,10000,4.64812,4.21697,5.62342,0.0033565,0.00251189,0.00398107,0.172604,0.15,0.2,0.249974,0.2,0.3,1.03316e-05,5.84183e+06,84263.4,210630,0.01,0.95,10,10000,0.938,0.497,505,244,0.0117118,0,0.483168
1672,10000,4.68861,4.21697,5.62342,0.00327853,0.00251189,0.00398107,0.17337,0.15,0.2,0.348441,0.3,0.4,1.03316e-05,6.42023e+06,82868.3,231485,0.01,0.95,10,10000,0.938,0.497,555,295,0.0106514,0,0.531532
1673,10000,4.71401,4.21697,5.62342,0.00329813,0.00251189,0.00398107,0.173114,0.15,0.2,0.450381,0.4,0.5,1.03316e-05,5.84183e+06,74935.4,210630,0.01,0.95,10,10000,0.938,0.497,505,290,0.0107428,0,0.574257
1674,10000,4.76809,4.21697,5.62342,0.00329946,0.00251189,0.00398107,0.174087,0.15,0.2,0.551472,0.5,0.6,1.03316e-05,4.38426e+06,64222.1,158077,0.01,0.95,10,10000,0.938,0.497,379,221,0.0123061,0,0.583113
1675,10000,4.73477,4.21697,5.62342,0.00321725,0.00251189,0.00398107,0.173673,0.15,0.2,0.650753,0.6,0.7,1.03316e-05,3.84057e+06,59156.6,138474,0.01,0.95,10,10000,0.938,0.497,332,198,0.0130012,0,0.596386
1676,10000,4.72653,4.21697,5.62342,0.00327041,0.00251189,0.00398107,0.173176,0.15,0.2,0.749058,0.7,0.8,1.03316e-05,3.14649e+06,47449.2,113448,0.01,0.95,10,10000,0.938,0.497,272,191,0.0132373,0,0.702206
1677,10000,4.77408,4.21697,5.62342,0.00323354,0.00251189,0.00398107,0.174146,0.15,0.2,0.845736,0.8,0.9,1.03316e-05,2.17478e+06,35225.3,78412.8,0.01,0.95,10,10000,0.938,0.497,188,152,0.0148387,0,0.808511
1678,10000,4.76437,4.21697,5.62342,0.00330583,0.00251189,0.00398107,0.172822,0.15,0.2,0.946084,0.9,1,1.03316e-05,1.65422e+06,29132.9,59643.8,0.01,0.95,10,10000,0.938,0.497,143,123,0.0164955,0,0.86014
1679,10000,4.80702,4.21697,5.62342,0.00325756,0.00251189,0.00398107,0.17204,0.15,0.2,1.19397,1,1.5,5.16582e-05,666315,8173.44,24024.3,0.01,0.95,10,10000,0.938,0.497,288,251,0.0115473,0,0.871528
1680,10000,4.68738,4.21697,5.62342,0.00328939,0.00251189,0.00398107,0.222708,0.2,0.25,0.0709531,0,0.1,1.03316e-05,925438,33341.1,33367.1,0.01,0.95,10,10000,0.938,0.497,80,39,0.0292944,0,0.4875
1681,10000,4.61296,4.21697,5.62342,0.00329876,0.00251189,0.00398107,0.226674,0.2,0.25,0.152954,0.1,0.2,1.03316e-05,2.73004e+06,53013,98433.1,0.01,0.95,10,10000,0.938,0.497,236,129,0.0161073,0,0.54661
1682,10000,4.67762,4.21697,5.62342,0.00334919,0.00251189,0.00398107,0.224517,0.2,0.25,0.24973,0.2,0.3,1.03316e-05,3.59764e+06,56921.7,129715,0.01,0.95,10,10000,0.938,0.497,311,187,0.0133781,0,0.601286
1683,10000,4.71181,4.21697,5.62342,0.00332715,0.00251189,0.00398107,0.224524,0.2,0.25,0.348143,0.3,0.4,1.03316e-05,4.36113e+06,70056.4,157243,0.01,0.95,10,10000,0.938,0.497,377,193,0.0131686,0,0.511936
1684,10000,4.74569,4.21697,5.62342,0.00330655,0.00251189,0.00398107,0.222823,0.2,0.25,0.448074,0.4,0.5,1.03316e-05,3.71332e+06,60980.4,133886,0.01,0.95,10,10000,0.938,0.497,321,179,0.0136738,0,0.557632
1685,10000,4.70744,4.21697,5.62342,0.00327235,0.00251189,0.00398107,0.222134,0.2,0.25,0.554684,0.5,0.6,1.03316e-05,3.48196e+06,58053.4,125544,0.01,0.95,10,10000,0.938,0.497,301,172,0.0139493,0,0.571429
1686,10000,4.75096,4.21697,5.62342,0.00325654,0.00251189,0.00398107,0.224573,0.2,0.25,0.647346,0.6,0.7,1.03316e-05,3.05395e+06,49045.9,110112,0.01,0.95,10,10000,0.938,0.497,264,174,0.0138689,0,0.659091
1687,10000,4.75943,4.21697,5.62342,0.00329978,0.00251189,0.00398107,0.223417,0.2,0.25,0.747241,0.7,0.8,1.03316e-05,2.3483e+06,41562.2,84669.1,0.01,0.95,10,10000,0.938,0.497,203,140,0.0154615,0,0.689655
1688,10000,4.78376,4.21697,5.62342,0.003286,0.00251189,0.00398107,0.224782,0.2,0.25,0.843946,0.8,0.9,1.03316e-05,1.82774e+06,36150.8,65900.1,0.01,0.95,10,10000,0.938,0.497,158,111,0.0173642,0,0.702532
1689,10000,4.7318,4.21697,5.62342,0.00325516,0.00251189,0.00398107,0.221028,0.2,0.25,0.945643,0.9,1,1.03316e-05,1.11053e+06,28000.5,40040.6,0.01,0.95,10,10000,0.938,0.497,96,68,0.0221851,0,0.708333
1690,10000,4.79206,4.21697,5.62342,0.00328071,0.00251189,0.00398107,0.223383,0.2,0.25,1.19236,1,1.5,5.16582e-05,483541,7692.01,17434.3,0.01,0.95,10,10000,0.938,0.497,209,162,0.0143734,0,0.77512
1691,10000,4.78404,4.21697,5.62342,0.0033621,0.00251189,0.00398107,0.270924,0.25,0.3,0.0665582,0,0.1,1.03316e-05,613103,21943.6,22105.7,0.01,0.95,10,10000,0.938,0.497,53,35,0.0309231,0,0.660377
1692,10000,4.7785,4.21697,5.62342,0.00332898,0.00251189,0.00398107,0.272953,0.25,0.3,0.155791,0.1,0.2,1.03316e-05,1.36502e+06,31800.8,49216.5,0.01,0.95,10,10000,0.938,0.497,118,81,0.020327,0,0.686441
1693,10000,4.69131,4.21697,5.62342,0.00328987,0.00251189,0.00398107,0.274398,0.25,0.3,0.247521,0.2,0.3,1.03316e-05,2.0591e+06,37227.7,74241.9,0.01,0.95,10,10000,0.938,0.497,178,130,0.0160452,0,0.730337
1694,10000,4.6992,4.21697,5.62342,0.00323081,0.00251189,0.00398107,0.270943,0.25,0.3,0.352784,0.3,0.4,1.03316e-05,2.57966e+06,44618.2,93010.9,0.01,0.95,10,10000,0.938,0.497,223,149,0.0149873,0,0.668161
1695,10000,4.76077,4.21697,5.62342,0.00326514,0.00251189,0.00398107,0.274432,0.25,0.3,0.446308,0.4,0.5,1.03316e-05,2.76475e+06,45061.2,99684.3,0.01,0.95,10,10000,0.938,0.497,239,165,0.0142421,0,0.690377
1696,10000,4.78752,4.21697,5.62342,0.00323632,0.00251189,0.00398107,0.273087,0.25,0.3,0.547277,0.5,0.6,1.03316e-05,2.30203e+06,38800.7,83000.8,0.01,0.95,10,10000,0.938,0.497,199,148,0.0150379,0,0.743719
1697,10000,4.76704,4.21697,5.62342,0.00325259,0.00251189,0.00398107,0.274977,0.25,0.3,0.64639,0.6,0.7,1.03316e-05,1.92028e+06,35088,69236.8,0.01,0.95,10,10000,0.938,0.497,166,125,0.016363,0,0.753012
1698,10000,4.77705,4.21697,5.62342,0.00323819,0.00251189,0.00398107,0.274915,0.25,0.3,0.745805,0.7,0.8,1.03316e-05,1.56168e+06,31065.5,56307.1,0.01,0.95,10,10000,0.938,0.497,135,104,0.0179391,0,0.77037
1699,10000,4.80126,4.21697,5.62342,0.00327939,0.00251189,0.00398107,0.274523,0.25,0.3,0.8527,0.8,0.9,1.03316e-05,1.22621e+06,33133.5,44211.5,0.01,0.95,10,10000,0.938,0.497,106,64,0.0228679,0,0.603774
1700,10000,4.73248,4.21697,5.62342,0.00319242,0.00251189,0.00398107,0.275199,0.25,0.3,0.945335,0.9,1,1.03316e-05,994846,23129,35869.7,0.01,0.95,10,10000,0.938,0.497,86,72,0.0215601,0,0.837209
1701,10000,4.77706,4.21697,5.62342,0.00322687,0.00251189,0.00398107,0.274251,0.25,0.3,1.1997,1,1.5,5.16582e-05,386370,6895.16,13930.8,0.01,0.95,10,10000,0.938,0.497,167,129,0.0161073,0,0.772455
1702,10000,4.74027,4.21697,5.62342,0.00327028,0.00251189,0.00398107,0.34638,0.3,0.4,0.0663101,0,0.1,2.06633e-05,254495,7514.97,9175.96,0.01,0.95,10,10000,0.938,0.497,44,41,0.028571,0,0.931818
1703,10000,4.71194,4.21697,5.62342,0.00335085,0.00251189,0.00398107,0.342724,0.3,0.4,0.15703,0.1,0.2,2.06633e-05,769270,15473.6,27736.4,0.01,0.95,10,10000,0.938,0.497,133,102,0.0181141,0,0.766917
1704,10000,4.69664,4.21697,5.62342,0.00325969,0.00251189,0.00398107,0.340331,0.3,0.4,0.249941,0.2,0.3,2.06633e-05,1.32453e+06,18763.2,47756.7,0.01,0.95,10,10000,0.938,0.497,229,193,0.0131686,0,0.842795
1705,10000,4.73614,4.21697,5.62342,0.00324087,0.00251189,0.00398107,0.34513,0.3,0.4,0.347129,0.3,0.4,2.06633e-05,1.42286e+06,21013.7,51302,0.01,0.95,10,10000,0.938,0.497,246,189,0.0133072,0,0.768293
1706,10000,4.75907,4.21697,5.62342,0.00325528,0.00251189,0.00398107,0.343741,0.3,0.4,0.449095,0.4,0.5,2.06633e-05,1.50962e+06,20427.5,54430.1,0.01,0.95,10,10000,0.938,0.497,261,215,0.0124766,0,0.823755
1707,10000,4.76066,4.21697,5.62342,0.00330234,0.00251189,0.00398107,0.351169,0.3,0.4,0.548752,0.5,0.6,2.06633e-05,1.35345e+06,20849.1,48799.4,0.01,0.95,10,10000,0.938,0.497,234,176,0.0137899,0,0.752137
1708,10000,4.76383,4.21697,5.62342,0.00329606,0.00251189,0.00398107,0.34493,0.3,0.4,0.65175,0.6,0.7,2.06633e-05,1.28405e+06,21107.9,46296.9,0.01,0.95,10,10000,0.938,0.497,222,159,0.0145084,0,0.716216
1709,10000,4.69424,4.21697,5.62342,0.00320212,0.00251189,0.00398107,0.346525,0.3,0.4,0.749542,0.7,0.8,2.06633e-05,931222,16855.2,33575.7,0.01,0.95,10,10000,0.938,0.497,161,125,0.016363,0,0.776398
1710,10000,4.70374,4.21697,5.62342,0.00313386,0.00251189,0.00398107,0.347272,0.3,0.4,0.848082,0.8,0.9,2.06633e-05,931222,16108.2,33575.7,0.01,0.95,10,10000,0.938,0.497,161,132,0.0159232,0,0.819876
1711,10000,4.7555,4.21697,5.62342,0.00321033,0.00251189,0.00398107,0.352733,0.3,0.4,0.94533,0.9,1,2.06633e-05,595751,13899.9,21480.1,0.01,0.95,10,10000,0.938,0.497,103,77,0.0208483,0,0.747573
1712,10000,4.78246,4.21697,5.62342,0.00328519,0.00251189,0.00398107,0.348492,0.3,0.4,1.19779,1,1.5,0.000103316,318119,4697.8,11470,0.01,0.95,10,10000,0.938,0.497,275,197,0.0130342,0,0.716364
1713,10000,4.60121,4.21697,5.62342,0.00309943,0.00251189,0.00398107,0.457521,0.4,0.5,0.0614186,0,0.1,2.06633e-05,98327.8,4910.21,3545.26,0.01,0.95,10,10000,0.938,0.497,17,15,0.0472358,0,0.882353
1714,10000,4.62605,4.21697,5.62342,0.0031898,0.00251189,0.00398107,0.445617,0.4,0.5,0.154473,0.1,0.2,2.06633e-05,410663,10730,14806.7,0.01,0.95,10,10000,0.938,0.497,71,58,0.0240216,0,0.816901
1715,10000,4.70114,4.21697,5.62342,0.00323313,0.00251189,0.00398107,0.440522,0.4,0.5,0.247104,0.2,0.3,2.06633e-05,503207,12939.3,18143.4,0.01,0.95,10,10000,0.938,0.497,87,64,0.0228679,0,0.735632
1716,10000,4.75354,4.21697,5.62342,0.00333172,0.00251189,0.00398107,0.437365,0.4,0.5,0.345313,0.3,0.4,2.06633e-05,607319,13683.3,21897.2,0.01,0.95,10,10000,0.938,0.497,105,81,0.020327,0,0.771429
1717,10000,4.72429,4.21697,5.62342,0.00329836,0.00251189,0.00398107,0.445884,0.4,0.5,0.45413,0.4,0.5,2.06633e-05,728782,13604.5,26276.6,0.01,0.95,10,10000,0.938,0.497,126,109,0.0175228,0,0.865079
1718,10000,4.75023,4.21697,5.62342,0.00330913,0.00251189,0.00398107,0.447427,0.4,0.5,0.547309,0.5,0.6,2.06633e-05,803974,15074.9,28987.7,0.01,0.95,10,10000,0.938,0.497,139,113,0.0172099,0,0.81295
1719,10000,4.73153,4.21697,5.62342,0.00330882,0.00251189,0.00398107,0.447001,0.4,0.5,0.653935,0.6,0.7,2.06633e-05,549479,12093.6,19811.7,0.01,0.95,10,10000,0.938,0.497,95,80,0.0204537,0,0.842105
1720,10000,4.7624,4.21697,5.62342,0.00337998,0.00251189,0.00398107,0.447512,0.4,0.5,0.749171,0.7,0.8,2.06633e-05,416447,11092.6,15015.2,0.01,0.95,10,10000,0.938,0.497,72,57,0.0242314,0,0.791667
1721,10000,4.68292,4.21697,5.62342,0.00331205,0.00251189,0.00398107,0.449638,0.4,0.5,0.846241,0.8,0.9,2.06633e-05,370175,10748.5,13346.9,0.01,0.95,10,10000,0.938,0.497,64,49,0.0261348,0,0.765625
1722,10000,4.74656,4.21697,5.62342,0.00327959,0.00251189,0.00398107,0.449132,0.4,0.5,0.950142,0.9,1,2.06633e-05,393311,12832.3,14181,0.01,0.95,10,10000,0.938,0.497,68,43,0.0278986,0,0.632353
1723,10000,4.76712,4.21697,5.62342,0.00322933,0.00251189,0.00398107,0.442573,0.4,0.5,1.22881,1,1.5,0.000103316,158481,2934.55,5714.12,0.01,0.95,10,10000,0.938,0.497,137,114,0.0171342,0,0.832117
1724,10000,4.50687,4.21697,5.62342,0.00346549,0.00251189,0.00398107,0.546488,0.5,0.6,0.0741398,0,0.1,2.06633e-05,46271.9,2992.88,1668.36,0.01,0.95,10,10000,0.938,0.497,8,8,0.0646803,0,1
1725,10000,4.80742,4.21697,5.62342,0.00319555,0.00251189,0.00398107,0.550448,0.5,0.6,0.14767,0.1,0.2,2.06633e-05,185088,7727.58,6673.43,0.01,0.95,10,10000,0.938,0.497,32,24,0.0373432,0,0.75
1726,10000,4.71064,4.21697,5.62342,0.00337265,0.00251189,0.00398107,0.549931,0.5,0.6,0.249611,0.2,0.3,2.06633e-05,237143,8469.27,8550.33,0.01,0.95,10,10000,0.938,0.497,41,32,0.0323401,0,0.780488
1727,10000,4.76859,4.21697,5.62342,0.00318469,0.00251189,0.00398107,0.538139,0.5,0.6,0.34854,0.3,0.4,2.06633e-05,254495,9759.41,9175.96,0.01,0.95,10,10000,0.938,0.497,44,30,0.0334007,0,0.681818
1728,10000,4.74828,4.21697,5.62342,0.00333833,0.00251189,0.00398107,0.545518,0.5,0.6,0.449224,0.4,0.5,2.06633e-05,404879,11005.8,14598.1,0.01,0.95,10,10000,0.938,0.497,70,55,0.0246681,0,0.785714
1729,10000,4.72463,4.21697,5.62342,0.00324158,0.00251189,0.00398107,0.541168,0.5,0.6,0.541045,0.5,0.6,2.06633e-05,318119,9085.46,11470,0.01,0.95,10,10000,0.938,0.497,55,47,0.026685,0,0.854545
1730,10000,4.67632,4.21697,5.62342,0.00315806,0.00251189,0.00398107,0.542005,0.5,0.6,0.655359,0.6,0.7,2.06633e-05,214008,6794.28,7716.15,0.01,0.95,10,10000,0.938,0.497,37,35,0.0309231,0,0.945946
1731,10000,4.74446,4.21697,5.62342,0.0031669,0.00251189,0.00398107,0.550762,0.5,0.6,0.735576,0.7,0.8,2.06633e-05,248711,8793.45,8967.42,0.01,0.95,10,10000,0.938,0.497,43,33,0.0318464,0,0.767442
1732,10000,4.76221,4.21697,5.62342,0.00330935,0.00251189,0.00398107,0.551952,0.5,0.6,0.842342,0.8,0.9,2.06633e-05,185088,6372.32,6673.43,0.01,0.95,10,10000,0.938,0.497,32,30,0.0334007,0,0.9375
1733,10000,4.8434,4.21697,5.62342,0.00320802,0.00251189,0.00398107,0.53528,0.5,0.6,0.945162,0.9,1,2.06633e-05,138816,-nan,5005.07,0.01,0.95,10,10000,0.938,0.497,24,26,0.0358782,0,1.08333
1734,10000,4.74939,4.21697,5.62342,0.00327756,0.00251189,0.00398107,0.544515,0.5,0.6,1.169,1,1.5,0.000103316,78662.2,1993.65,2836.21,0.01,0.95,10,10000,0.938,0.497,68,59,0.0238172,0,0.867647
1735,10000,4.74691,4.21697,5.62342,0.00337281,0.00251189,0.00398107,0.6283,0.6,0.7,0.0737176,0,0.1,2.06633e-05,11568,1496.44,417.089,0.01,0.95,10,10000,0.938,0.497,2,2,0.129361,0,1
1736,10000,4.75763,4.21697,5.62342,0.00350936,0.00251189,0.00398107,0.633572,0.6,0.7,0.16093,0.1,0.2,2.06633e-05,57839.9,4560.02,2085.45,0.01,0.95,10,10000,0.938,0.497,10,7,0.0691461,0,0.7
1737,10000,4.74491,4.21697,5.62342,0.0034343,0.00251189,0.00398107,0.626848,0.6,0.7,0.238897,0.2,0.3,2.06633e-05,52055.9,3979.35,1876.9,0.01,0.95,10,10000,0.938,0.497,9,7,0.0691461,0,0.777778
1738,10000,4.90305,4.21697,5.62342,0.00344421,0.00251189,0.00398107,0.635762,0.6,0.7,0.34204,0.3,0.4,2.06633e-05,109896,5408.44,3962.35,0.01,0.95,10,10000,0.938,0.497,19,16,0.0457358,0,0.842105
1739,10000,4.70554,4.21697,5.62342,0.00334755,0.00251189,0.00398107,0.630923,0.6,0.7,0.447435,0.4,0.5,2.06633e-05,138816,5635.4,5005.07,0.01,0.95,10,10000,0.938,0.497,24,22,0.0390037,0,0.916667
1740,10000,4.55191,4.21697,5.62342,0.0031297,0.00251189,0.00398107,0.642898,0.6,0.7,0.544899,0.5,0.6,2.06633e-05,138816,6692.28,5005.07,0.01,0.95,10,10000,0.938,0.497,24,18,0.0431202,0,0.75
1741,10000,4.7068,4.21697,5.62342,0.00316211,0.00251189,0.00398107,0.639402,0.6,0.7,0.642929,0.6,0.7,2.06633e-05,121464,6181.31,4379.44,0.01,0.95,10,10000,0.938,0.497,21,16,0.0457358,0,0.761905
1742,10000,4.59512,4.21697,5.62342,0.00325644,0.00251189,0.00398107,0.63413,0.6,0.7,0.758317,0.7,0.8,2.06633e-05,161952,7512.07,5839.25,0.01,0.95,10,10000,0.938,0.497,28,20,0.0409074,0,0.714286
1743,10000,4.67436,4.21697,5.62342,0.00330496,0.00251189,0.00398107,0.640068,0.6,0.7,0.852621,0.8,0.9,2.06633e-05,121464,5599.16,4379.44,0.01,0.95,10,10000,0.938,0.497,21,18,0.0431202,0,0.857143
1744,10000,4.7382,4.21697,5.62342,0.00323126,0.00251189,0.00398107,0.655507,0.6,0.7,0.942047,0.9,1,2.06633e-05,121464,6857.55,4379.44,0.01,0.95,10,10000,0.938,0.497,21,14,0.0488937,0,0.666667
1745,10000,4.67199,4.21697,5.62342,0.00331106,0.00251189,0.00398107,0.645,0.6,0.7,1.2464,1,1.5,0.000103316,54369.5,1927.34,1960.32,0.01,0.95,10,10000,0.938,0.497,47,34,0.0313745,0,0.723404
1746,10000,4.30889,4.21697,5.62342,0.00321996,0.00251189,0.00398107,0.723054,0.7,0.8,0.0841722,0,0.1,2.06633e-05,11568,1496.44,417.089,0.01,0.95,10,10000,0.938,0.497,2,2,0.129361,0,1
1747,10000,4.68091,4.21697,5.62342,0.00316399,0.00251189,0.00398107,0.72147,0.7,0.8,0.138177,0.1,0.2,2.06633e-05,23135.9,-nan,834.179,0.01,0.95,10,10000,0.938,0.497,4,5,0.0818148,0,1.25
1748,10000,4.82801,4.21697,5.62342,0.00305629,0.00251189,0.00398107,0.740593,0.7,0.8,0.262193,0.2,0.3,2.06633e-05,57839.9,4560.02,2085.45,0.01,0.95,10,10000,0.938,0.497,10,7,0.0691461,0,0.7
1749,10000,5.11276,4.21697,5.62342,0.00303718,0.00251189,0.00398107,0.73667,0.7,0.8,0.370895,0.3,0.4,2.06633e-05,40487.9,4426.53,1459.81,0.01,0.95,10,10000,0.938,0.497,7,4,0.0914717,0,0.571429
1750,10000,4.62267,4.21697,5.62342,0.00323134,0.00251189,0.00398107,0.747125,0.7,0.8,0.455094,0.4,0.5,2.06633e-05,69407.8,-nan,2502.54,0.01,0.95,10,10000,0.938,0.497,12,14,0.0488937,0,1.16667
1751,10000,4.62663,4.21697,5.62342,0.00316064,0.00251189,0.00398107,0.74525,0.7,0.8,0.535189,0.5,0.6,2.06633e-05,52055.9,5118.61,1876.9,0.01,0.95,10,10000,0.938,0.497,9,5,0.0818148,0,0.555556
1752,10000,4.76063,4.21697,5.62342,0.00333086,0.00251189,0.00398107,0.723042,0.7,0.8,0.64521,0.6,0.7,2.06633e-05,63623.9,5137.32,2293.99,0.01,0.95,10,10000,0.938,0.497,11,7,0.0691461,0,0.636364
1753,10000,4.70304,4.21697,5.62342,0.0034516,0.00251189,0.00398107,0.737678,0.7,0.8,0.760647,0.7,0.8,2.06633e-05,40487.9,3232.68,1459.81,0.01,0.95,10,10000,0.938,0.497,7,6,0.0746863,0,0.857143
1754,10000,4.65703,4.21697,5.62342,0.00354403,0.00251189,0.00398107,0.740409,0.7,0.8,0.860069,0.8,0.9,2.06633e-05,23135.9,2116.28,834.179,0.01,0.95,10,10000,0.938,0.497,4,4,0.0914717,0,1
1755,10000,4.53137,4.21697,5.62342,0.0030794,0.00251189,0.00398107,0.751443,0.7,0.8,0.929909,0.9,1,2.06633e-05,34703.9,3066.79,1251.27,0.01,0.95,10,10000,0.938,0.497,6,5,0.0818148,0,0.833333
1756,10000,4.66044,4.21697,5.62342,0.00328783,0.00251189,0.00398107,0.730629,0.7,0.8,1.17903,1,1.5,0.000103316,18508.8,1255.58,667.343,0.01,0.95,10,10000,0.938,0.497,16,10,0.0578518,0,0.625
1757,10000,4.46623,4.21697,5.62342,0.00308281,0.00251189,0.00398107,0.848339,0.8,0.9,0.129918,0.1,0.2,2.06633e-05,17352,1832.76,625.634,0.01,0.95,10,10000,0.938,0.497,3,3,0.105622,0,1
1758,10000,4.56768,4.21697,5.62342,0.00337788,0.00251189,0.00398107,0.846126,0.8,0.9,0.251269,0.2,0.3,2.06633e-05,52055.9,4489.32,1876.9,0.01,0.95,10,10000,0.938,0.497,9,6,0.0746863,0,0.666667
1759,10000,4.65361,4.21697,5.62342,0.00336601,0.00251189,0.00398107,0.856938,0.8,0.9,0.341534,0.3,0.4,2.06633e-05,17352,-nan,625.634,0.01,0.95,10,10000,0.938,0.497,3,4,0.0914717,0,1.33333
1760,10000,4.49843,4.21697,5.62342,0.0033977,0.00251189,0.00398107,0.835786,0.8,0.9,0.450005,0.4,0.5,2.06633e-05,28919.9,3614.24,1042.72,0.01,0.95,10,10000,0.938,0.497,5,3,0.105622,0,0.6
1761,10000,4.34112,4.21697,5.62342,0.00331719,0.00251189,0.00398107,0.849221,0.8,0.9,0.560658,0.5,0.6,2.06633e-05,17352,4098.17,625.634,0.01,0.95,10,10000,0.938,0.497,3,1,0.182943,0,0.333333
1762,10000,4.87835,4.21697,5.62342,0.00374856,0.00251189,0.00398107,0.83761,0.8,0.9,0.637446,0.6,0.7,2.06633e-05,23135.9,-nan,834.179,0.01,0.95,10,10000,0.938,0.497,4,6,0.0746863,0,1.5
1763,10000,4.88362,4.21697,5.62342,0.00282277,0.00251189,0.00398107,0.81042,0.8,0.9,0.76263,0.7,0.8,2.06633e-05,5783.99,1058.14,208.545,0.01,0.95,10,10000,0.938,0.497,1,1,0.182943,0,1
1764,10000,4.52029,4.21697,5.62342,0.00338598,0.00251189,0.00398107,0.841602,0.8,0.9,0.847329,0.8,0.9,2.06633e-05,11568,1496.44,417.089,0.01,0.95,10,10000,0.938,0.497,2,2,0.129361,0,1
1765,10000,5.02908,4.21697,5.62342,0.00290189,0.00251189,0.00398107,0.829578,0.8,0.9,0.965292,0.9,1,2.06633e-05,17352,4098.17,625.634,0.01,0.95,10,10000,0.938,0.497,3,1,0.182943,0,0.333333
1766,10000,4.47963,4.21697,5.62342,0.00332816,0.00251189,0.00398107,0.838777,0.8,0.9,1.29255,1,1.5,0.000103316,16195.2,1252.01,583.925,0.01,0.95,10,10000,0.938,0.497,14,8,0.0646803,0,0.571429
1767,10000,4.90021,4.21697,5.62342,0.00335382,0.00251189,0.00398107,0.928656,0.9,1,0.192902,0.1,0.2,2.06633e-05,11568,1496.44,417.089,0.01,0.95,10,10000,0.938,0.497,2,2,0.129361,0,1
1768,10000,4.67692,4.21697,5.62342,0.00284124,0.00251189,0.00398107,0.949645,0.9,1,0.247823,0.2,0.3,2.06633e-05,23135.9,2732.11,834.179,0.01,0.95,10,10000,0.938,0.497,4,3,0.105622,0,0.75
1769,10000,4.73826,4.21697,5.62342,0.00282933,0.00251189,0.00398107,0.944977,0.9,1,0.309659,0.3,0.4,2.06633e-05,11568,1496.44,417.089,0.01,0.95,10,10000,0.938,0.497,2,2,0.129361,0,1
1770,10000,4.54131,4.21697,5.62342,0.00290887,0.00251189,0.00398107,0.930887,0.9,1,0.563754,0.5,0.6,2.06633e-05,17352,-nan,625.634,0.01,0.95,10,10000,0.938,0.497,3,4,0.0914717,0,1.33333
1771,10000,4.41359,4.21697,5.62342,0.00363469,0.00251189,0.00398107,0.911161,0.9,1,0.60896,0.6,0.7,2.06633e-05,5783.99,1058.14,208.545,0.01,0.95,10,10000,0.938,0.497,1,1,0.182943,0,1
1772,10000,4.30939,4.21697,5.62342,0.00351952,0.00251189,0.00398107,0.955759,0.9,1,0.847262,0.8,0.9,2.06633e-05,5783.99,1058.14,208.545,0.01,0.95,10,10000,0.938,0.497,1,1,0.182943,0,1
1773,10000,4.70288,4.21697,5.62342,0.003238,0.00251189,0.00398107,0.972037,0.9,1,0.955029,0.9,1,2.06633e-05,11568,1496.44,417.089,0.01,0.95,10,10000,0.938,0.497,2,2,0.129361,0,1
1774,10000,4.60983,4.21697,5.62342,0.0036142,0.00251189,0.00398107,0.921724,0.9,1,1.12887,1,1.5,0.000103316,3470.39,366.551,125.127,0.01,0.95,10,10000,0.938,0.497,3,3,0.105622,0,1
1775,10000,4.67065,4.21697,5.62342,0.00533323,0.00398107,0.00630957,0.0788372,0.05,0.1,0.0681109,0,0.1,1.63746e-05,3.248e+06,126569,117108,0.01,0.95,10,10000,0.938,0.497,445,42,0.0282288,0,0.094382
1776,10000,4.728,4.21697,5.62342,0.00507728,0.00398107,0.00630957,0.0715729,0.05,0.1,0.154335,0.1,0.2,1.63746e-05,8.4302e+06,194720,303955,0.01,0.95,10,10000,0.938,0.497,1155,119,0.0167704,0,0.10303
1777,10000,4.77301,4.21697,5.62342,0.00509994,0.00398107,0.00630957,0.0739227,0.05,0.1,0.254163,0.2,0.3,1.63746e-05,1.0795e+07,226182,389221,0.01,0.95,10,10000,0.938,0.497,1479,145,0.0151926,0,0.0980392
1778,10000,4.74113,4.21697,5.62342,0.00520019,0.00398107,0.00630957,0.0744923,0.05,0.1,0.355159,0.3,0.4,1.63746e-05,1.116e+07,144535,402379,0.01,0.95,10,10000,0.938,0.497,1529,353,0.00973709,0,0.23087
1779,10000,4.80443,4.21697,5.62342,0.00514047,0.00398107,0.00630957,0.0733015,0.05,0.1,0.449787,0.4,0.5,1.63746e-05,1.01308e+07,107450,365273,0.01,0.95,10,10000,0.938,0.497,1388,490,0.00826454,0,0.353026
1780,10000,4.76734,4.21697,5.62342,0.00509844,0.00398107,0.00630957,0.0735298,0.05,0.1,0.552165,0.5,0.6,1.63746e-05,7.98497e+06,77440.5,287902,0.01,0.95,10,10000,0.938,0.497,1094,537,0.00789459,0,0.490859
1781,10000,4.75917,4.21697,5.62342,0.00514142,0.00398107,0.00630957,0.0720705,0.05,0.1,0.649929,0.6,0.7,1.63746e-05,5.79531e+06,58383,208953,0.01,0.95,10,10000,0.938,0.497,794,466,0.00847469,0,0.586902
1782,10000,4.80801,4.21697,5.62342,0.00507594,0.00398107,0.00630957,0.0721605,0.05,0.1,0.749306,0.7,0.8,1.63746e-05,4.42312e+06,46314.1,159478,0.01,0.95,10,10000,0.938,0.497,606,406,0.00907933,0,0.669967
1783,10000,4.80713,4.21697,5.62342,0.00499394,0.00398107,0.00630957,0.0721218,0.05,0.1,0.845558,0.8,0.9,1.63746e-05,2.87576e+06,34450,103687,0.01,0.95,10,10000,0.938,0.497,394,293,0.0106877,0,0.743655
1784,10000,4.83362,4.21697,5.62342,0.00503075,0.00398107,0.00630957,0.0734401,0.05,0.1,0.950635,0.9,1,1.63746e-05,1.9488e+06,26680.7,70265,0.01,0.95,10,10000,0.938,0.497,267,214,0.0125058,0,0.801498
1785,10000,4.81392,4.21697,5.62342,0.0050224,0.00398107,0.00630957,0.0746663,0.05,0.1,1.17808,1,1.5,8.18729e-05,837911,7602.21,30211.3,0.01,0.95,10,10000,0.938,0.497,574,476,0.0083852,0,0.829268
1786,10000,4.8812,4.21697,5.62342,0.00506959,0.00398107,0.00630957,0.130572,0.1,0.15,0.062392,0,0.1,1.63746e-05,2.16777e+06,54815.3,78159.9,0.01,0.95,10,10000,0.938,0.497,297,89,0.019392,0,0.299663
1787,10000,4.90329,4.21697,5.62342,0.00498241,0.00398107,0.00630957,0.130066,0.1,0.15,0.153589,0.1,0.2,1.63746e-05,5.8683e+06,90393.7,211584,0.01,0.95,10,10000,0.938,0.497,804,240,0.0118089,0,0.298507
1788,10000,4.86917,4.21697,5.62342,0.00495894,0.00398107,0.00630957,0.128021,0.1,0.15,0.252156,0.2,0.3,1.63746e-05,7.32077e+06,87193.6,263954,0.01,0.95,10,10000,0.938,0.497,1003,382,0.0093602,0,0.380857
1789,10000,4.84893,4.21697,5.62342,0.00499738,0.00398107,0.00630957,0.125452,0.1,0.15,0.347919,0.3,0.4,1.63746e-05,7.34997e+06,78322.9,265007,0.01,0.95,10,10000,0.938,0.497,1007,456,0.00856711,0,0.45283
1790,10000,4.78875,4.21697,5.62342,0.0050116,0.00398107,0.00630957,0.124375,0.1,0.15,0.446602,0.4,0.5,1.63746e-05,6.32083e+06,67851.1,227901,0.01,0.95,10,10000,0.938,0.497,866,435,0.00877146,0,0.502309
1791,10000,4.82687,4.21697,5.62342,0.00506045,0.00398107,0.00630957,0.124899,0.1,0.15,0.551129,0.5,0.6,1.63746e-05,5.2041e+06,57302.4,187636,0.01,0.95,10,10000,0.938,0.497,713,398,0.00917012,0,0.558205
1792,10000,4.84346,4.21697,5.62342,0.00500052,0.00398107,0.00630957,0.123556,0.1,0.15,0.650659,0.6,0.7,1.63746e-05,4.05818e+06,47544.5,146320,0.01,0.95,10,10000,0.938,0.497,556,339,0.00993612,0,0.609712
1793,10000,4.79436,4.21697,5.62342,0.00498831,0.00398107,0.00630957,0.124328,0.1,0.15,0.746399,0.7,0.8,1.63746e-05,2.97794e+06,39000.5,107371,0.01,0.95,10,10000,0.938,0.497,408,264,0.0112594,0,0.647059
1794,10000,4.85946,4.21697,5.62342,0.0050368,0.00398107,0.00630957,0.124381,0.1,0.15,0.848021,0.8,0.9,1.63746e-05,2.38673e+06,31923.1,86054.9,0.01,0.95,10,10000,0.938,0.497,327,238,0.0118585,0,0.727829
1795,10000,4.81718,4.21697,5.62342,0.00502325,0.00398107,0.00630957,0.125838,0.1,0.15,0.944539,0.9,1,1.63746e-05,1.59845e+06,23546.3,57633.1,0.01,0.95,10,10000,0.938,0.497,219,181,0.0135981,0,0.826484
1796,10000,4.81322,4.21697,5.62342,0.00502447,0.00398107,0.00630957,0.12446,0.1,0.15,1.19534,1,1.5,8.18729e-05,658359,6723.27,23737.5,0.01,0.95,10,10000,0.938,0.497,451,375,0.00944716,0,0.831486
1797,10000,4.7835,4.21697,5.62342,0.00506869,0.00398107,0.00630957,0.176057,0.15,0.2,0.0704615,0,0.1,1.63746e-05,1.45978e+06,24378.8,52633,0.01,0.95,10,10000,0.938,0.497,200,150,0.0149373,0,0.75
1798,10000,4.81225,4.21697,5.62342,0.00502573,0.00398107,0.00630957,0.173776,0.15,0.2,0.153138,0.1,0.2,1.63746e-05,3.54725e+06,38721.9,127898,0.01,0.95,10,10000,0.938,0.497,486,356,0.00969598,0,0.73251
1799,10000,4.78865,4.21697,5.62342,0.00505142,0.00398107,0.00630957,0.174808,0.15,0.2,0.252594,0.2,0.3,1.63746e-05,4.5399e+06,44779.8,163688,0.01,0.95,10,10000,0.938,0.497,622,443,0.0086919,0,0.712219
1800,10000,4.81918,4.21697,5.62342,0.00511628,0.00398107,0.00630957,0.17426,0.15,0.2,0.350024,0.3,0.4,1.63746e-05,5.16031e+06,50237.5,186058,0.01,0.95,10,10000,0.938,0.497,707,471,0.00842959,0,0.666195
1801,10000,4.77945,4.21697,5.62342,0.00508563,0.00398107,0.00630957,0.173969,0.15,0.2,0.44969,0.4,0.5,1.63746e-05,4.16766e+06,45632.4,150267,0.01,0.95,10,10000,0.938,0.497,571,375,0.00944716,0,0.656743
1802,10000,4.79749,4.21697,5.62342,0.00505569,0.00398107,0.00630957,0.172227,0.15,0.2,0.549799,0.5,0.6,1.63746e-05,3.62024e+06,44108.8,130530,0.01,0.95,10,10000,0.938,0.497,496,310,0.0103905,0,0.625
1803,10000,4.81657,4.21697,5.62342,0.00504629,0.00398107,0.00630957,0.173864,0.15,0.2,0.650581,0.6,0.7,1.63746e-05,3.04363e+06,34911,109740,0.01,0.95,10,10000,0.938,0.497,417,316,0.0102914,0,0.757794
1804,10000,4.81031,4.21697,5.62342,0.00505112,0.00398107,0.00630957,0.172812,0.15,0.2,0.75014,0.7,0.8,1.63746e-05,2.25535e+06,31349,81317.9,0.01,0.95,10,10000,0.938,0.497,309,222,0.0122784,0,0.718447
1805,10000,4.82467,4.21697,5.62342,0.00510653,0.00398107,0.00630957,0.172345,0.15,0.2,0.849734,0.8,0.9,1.63746e-05,1.55466e+06,23226.1,56054.1,0.01,0.95,10,10000,0.938,0.497,213,176,0.0137899,0,0.826291
1806,10000,4.82757,4.21697,5.62342,0.00502597,0.00398107,0.00630957,0.173545,0.15,0.2,0.949387,0.9,1,1.63746e-05,1.21161e+06,20782.3,43685.4,0.01,0.95,10,10000,0.938,0.497,166,135,0.0157453,0,0.813253
1807,10000,4.8118,4.21697,5.62342,0.00508047,0.00398107,0.00630957,0.175097,0.15,0.2,1.19679,1,1.5,8.18729e-05,525519,5978.3,18947.9,0.01,0.95,10,10000,0.938,0.497,360,301,0.0105447,0,0.836111
1808,10000,4.70203,4.21697,5.62342,0.0050094,0.00398107,0.00630957,0.223615,0.2,0.25,0.0714343,0,0.1,1.63746e-05,649600,16409.9,23421.7,0.01,0.95,10,10000,0.938,0.497,89,66,0.0225188,0,0.741573
1809,10000,4.78406,4.21697,5.62342,0.00503962,0.00398107,0.00630957,0.222036,0.2,0.25,0.156962,0.1,0.2,1.63746e-05,2.19696e+06,26659.6,79212.6,0.01,0.95,10,10000,0.938,0.497,301,259,0.0113675,0,0.860465
1810,10000,4.77589,4.21697,5.62342,0.00516108,0.00398107,0.00630957,0.222623,0.2,0.25,0.251689,0.2,0.3,1.63746e-05,3.02174e+06,34494.8,108950,0.01,0.95,10,10000,0.938,0.497,414,317,0.0102751,0,0.7657
1811,10000,4.76014,4.21697,5.62342,0.00511064,0.00398107,0.00630957,0.224239,0.2,0.25,0.349601,0.3,0.4,1.63746e-05,3.2845e+06,33210.7,118424,0.01,0.95,10,10000,0.938,0.497,450,379,0.00939717,0,0.842222
1812,10000,4.77017,4.21697,5.62342,0.00516209,0.00398107,0.00630957,0.224439,0.2,0.25,0.448017,0.4,0.5,1.63746e-05,2.83196e+06,33677.4,102108,0.01,0.95,10,10000,0.938,0.497,388,294,0.0106695,0,0.757732
1813,10000,4.81316,4.21697,5.62342,0.00515832,0.00398107,0.00630957,0.224885,0.2,0.25,0.550647,0.5,0.6,1.63746e-05,2.51081e+06,32474,90528.7,0.01,0.95,10,10000,0.938,0.497,344,253,0.0115016,0,0.735465
1814,10000,4.82006,4.21697,5.62342,0.00510089,0.00398107,0.00630957,0.223485,0.2,0.25,0.648978,0.6,0.7,1.63746e-05,2.26995e+06,30636.2,81844.2,0.01,0.95,10,10000,0.938,0.497,311,231,0.0120368,0,0.742765
1815,10000,4.76533,4.21697,5.62342,0.00512166,0.00398107,0.00630957,0.224605,0.2,0.25,0.748189,0.7,0.8,1.63746e-05,1.88311e+06,28568.2,67896.5,0.01,0.95,10,10000,0.938,0.497,258,186,0.0134141,0,0.72093
1816,10000,4.78592,4.21697,5.62342,0.00507564,0.00398107,0.00630957,0.224867,0.2,0.25,0.847332,0.8,0.9,1.63746e-05,1.20431e+06,23452.3,43422.2,0.01,0.95,10,10000,0.938,0.497,165,115,0.0170596,0,0.69697
1817,10000,4.721,4.21697,5.62342,0.0051114,0.00398107,0.00630957,0.223091,0.2,0.25,0.949523,0.9,1,1.63746e-05,999946,21982.4,36053.6,0.01,0.95,10,10000,0.938,0.497,137,92,0.0190732,0,0.671533
1818,10000,4.81914,4.21697,5.62342,0.00501525,0.00398107,0.00630957,0.222048,0.2,0.25,1.20968,1,1.5,8.18729e-05,386841,5160.54,13947.7,0.01,0.95,10,10000,0.938,0.497,265,220,0.012334,0,0.830189
1819,10000,4.79731,4.21697,5.62342,0.0050745,0.00398107,0.00630957,0.272925,0.25,0.3,0.0653956,0,0.1,1.63746e-05,467128,12914.2,16842.5,0.01,0.95,10,10000,0.938,0.497,64,52,0.0253697,0,0.8125
1820,10000,4.73235,4.21697,5.62342,0.00512416,0.00398107,0.00630957,0.271211,0.25,0.3,0.152948,0.1,0.2,1.63746e-05,1.33569e+06,21433,48159.2,0.01,0.95,10,10000,0.938,0.497,183,152,0.0148387,0,0.830601
1821,10000,4.77346,4.21697,5.62342,0.00512004,0.00398107,0.00630957,0.273177,0.25,0.3,0.251253,0.2,0.3,1.63746e-05,1.70794e+06,25720.7,61580.6,0.01,0.95,10,10000,0.938,0.497,234,181,0.0135981,0,0.773504
1822,10000,4.74532,4.21697,5.62342,0.00497862,0.00398107,0.00630957,0.274974,0.25,0.3,0.348528,0.3,0.4,1.63746e-05,1.9634e+06,25929.2,70791.3,0.01,0.95,10,10000,0.938,0.497,269,224,0.0122234,0,0.832714
1823,10000,4.74961,4.21697,5.62342,0.00506611,0.00398107,0.00630957,0.272763,0.25,0.3,0.449442,0.4,0.5,1.63746e-05,2.17507e+06,26931.5,78423.1,0.01,0.95,10,10000,0.938,0.497,298,252,0.0115244,0,0.845638
1824,10000,4.72643,4.21697,5.62342,0.0051287,0.00398107,0.00630957,0.275811,0.25,0.3,0.548029,0.5,0.6,1.63746e-05,1.9561e+06,28446.5,70528.2,0.01,0.95,10,10000,0.938,0.497,268,199,0.0129685,0,0.742537
1825,10000,4.79412,4.21697,5.62342,0.00502602,0.00398107,0.00630957,0.273536,0.25,0.3,0.648066,0.6,0.7,1.63746e-05,1.45978e+06,24907.4,52633,0.01,0.95,10,10000,0.938,0.497,200,146,0.0151405,0,0.73
1826,10000,4.7508,4.21697,5.62342,0.00515278,0.00398107,0.00630957,0.27411,0.25,0.3,0.750956,0.7,0.8,1.63746e-05,1.21891e+06,23346.2,43948.5,0.01,0.95,10,10000,0.938,0.497,167,118,0.0168413,0,0.706587
1827,10000,4.74333,4.21697,5.62342,0.00506857,0.00398107,0.00630957,0.27559,0.25,0.3,0.840928,0.8,0.9,1.63746e-05,1.05104e+06,21153.6,37895.7,0.01,0.95,10,10000,0.938,0.497,144,105,0.0178534,0,0.729167
1828,10000,4.80405,4.21697,5.62342,0.00509278,0.00398107,0.00630957,0.274595,0.25,0.3,0.948759,0.9,1,1.63746e-05,605807,14246.2,21842.7,0.01,0.95,10,10000,0.938,0.497,83,70,0.0218659,0,0.843373
1829,10000,4.77489,4.21697,5.62342,0.00506483,0.00398107,0.00630957,0.273807,0.25,0.3,1.21219,1,1.5,8.18729e-05,325530,5357.94,11737.1,0.01,0.95,10,10000,0.938,0.497,223,159,0.0145084,0,0.713004
1830,10000,4.82614,4.21697,5.62342,0.00503392,0.00398107,0.00630957,0.342257,0.3,0.4,0.0647008,0,0.1,3.27492e-05,193420,5445.75,6973.87,0.01,0.95,10,10000,0.938,0.497,53,47,0.026685,0,0.886792
1831,10000,4.76021,4.21697,5.62342,0.00505206,0.00398107,0.00630957,0.344587,0.3,0.4,0.156209,0.1,0.2,3.27492e-05,682445,11033.6,24605.9,0.01,0.95,10,10000,0.938,0.497,187,152,0.0148387,0,0.812834
1832,10000,4.73423,4.21697,5.62342,0.00512178,0.00398107,0.00630957,0.343548,0.3,0.4,0.252273,0.2,0.3,3.27492e-05,945205,12857.4,34079.8,0.01,0.95,10,10000,0.938,0.497,259,213,0.0125351,0,0.822394
1833,10000,4.751,4.21697,5.62342,0.00509017,0.00398107,0.00630957,0.345344,0.3,0.4,0.35122,0.3,0.4,3.27492e-05,1.12768e+06,13863.2,40659,0.01,0.95,10,10000,0.938,0.497,309,258,0.0113896,0,0.834951
1834,10000,4.76077,4.21697,5.62342,0.00510385,0.00398107,0.00630957,0.342257,0.3,0.4,0.45024,0.4,0.5,3.27492e-05,1.19702e+06,15018,43159,0.01,0.95,10,10000,0.938,0.497,328,258,0.0113896,0,0.786585
1835,10000,4.819,4.21697,5.62342,0.00511139,0.00398107,0.00630957,0.347589,0.3,0.4,0.550436,0.5,0.6,3.27492e-05,1.05104e+06,12847.3,37895.7,0.01,0.95,10,10000,0.938,0.497,288,252,0.0115244,0,0.875
1836,10000,4.82222,4.21697,5.62342,0.00518245,0.00398107,0.00630957,0.344681,0.3,0.4,0.64929,0.6,0.7,3.27492e-05,926958,12624,33421.9,0.01,0.95,10,10000,0.938,0.497,254,211,0.0125943,0,0.830709
1837,10000,4.73888,4.21697,5.62342,0.00507484,0.00398107,0.00630957,0.344153,0.3,0.4,0.748755,0.7,0.8,3.27492e-05,638652,10318.3,23026.9,0.01,0.95,10,10000,0.938,0.497,175,148,0.0150379,0,0.845714
1838,10000,4.73324,4.21697,5.62342,0.0051263,0.00398107,0.00630957,0.344659,0.3,0.4,0.847593,0.8,0.9,3.27492e-05,627704,12117.7,22632.2,0.01,0.95,10,10000,0.938,0.497,172,118,0.0168413,0,0.686047
1839,10000,4.79642,4.21697,5.62342,0.00502041,0.00398107,0.00630957,0.344299,0.3,0.4,0.949395,0.9,1,3.27492e-05,441582,9629.11,15921.5,0.01,0.95,10,10000,0.938,0.497,121,89,0.019392,0,0.735537
1840,10000,4.81047,4.21697,5.62342,0.00509963,0.00398107,0.00630957,0.344316,0.3,0.4,1.18021,1,1.5,0.000163746,217507,3195.28,7842.31,0.01,0.95,10,10000,0.938,0.497,298,204,0.0128086,0,0.684564
1841,10000,4.86132,4.21697,5.62342,0.00522474,0.00398107,0.00630957,0.438626,0.4,0.5,0.0739225,0,0.1,3.27492e-05,102184,4560.85,3684.31,0.01,0.95,10,10000,0.938,0.497,28,21,0.0399215,0,0.75
1842,10000,4.71042,4.21697,5.62342,0.0050459,0.00398107,0.00630957,0.444597,0.4,0.5,0.151984,0.1,0.2,3.27492e-05,229915,6533.33,8289.69,0.01,0.95,10,10000,0.938,0.497,63,50,0.0258721,0,0.793651
1843,10000,4.83371,4.21697,5.62342,0.005048,0.00398107,0.00630957,0.447733,0.4,0.5,0.250519,0.2,0.3,3.27492e-05,383191,7976.92,13816.2,0.01,0.95,10,10000,0.938,0.497,105,89,0.019392,0,0.847619
1844,10000,4.80259,4.21697,5.62342,0.00514548,0.00398107,0.00630957,0.443196,0.4,0.5,0.350866,0.3,0.4,3.27492e-05,554715,9587.13,20000.5,0.01,0.95,10,10000,0.938,0.497,152,129,0.0161073,0,0.848684
1845,10000,4.72402,4.21697,5.62342,0.00516264,0.00398107,0.00630957,0.442553,0.4,0.5,0.455581,0.4,0.5,3.27492e-05,562014,10024.8,20263.7,0.01,0.95,10,10000,0.938,0.497,154,125,0.016363,0,0.811688
1846,10000,4.73719,4.21697,5.62342,0.00520511,0.00398107,0.00630957,0.44952,0.4,0.5,0.549027,0.5,0.6,3.27492e-05,503623,9781.94,18158.4,0.01,0.95,10,10000,0.938,0.497,138,108,0.0176037,0,0.782609
1847,10000,4.76576,4.21697,5.62342,0.00512059,0.00398107,0.00630957,0.443567,0.4,0.5,0.652329,0.6,0.7,3.27492e-05,426984,8507.31,15395.1,0.01,0.95,10,10000,0.938,0.497,117,98,0.0184801,0,0.837607
1848,10000,4.81279,4.21697,5.62342,0.00502988,0.00398107,0.00630957,0.436318,0.4,0.5,0.743832,0.7,0.8,3.27492e-05,353996,7292.24,12763.5,0.01,0.95,10,10000,0.938,0.497,97,87,0.0196136,0,0.896907
1849,10000,4.79456,4.21697,5.62342,0.00504655,0.00398107,0.00630957,0.445277,0.4,0.5,0.847055,0.8,0.9,3.27492e-05,295605,7340.31,10658.2,0.01,0.95,10,10000,0.938,0.497,81,65,0.0226913,0,0.802469
1850,10000,4.77977,4.21697,5.62342,0.00510447,0.00398107,0.00630957,0.447901,0.4,0.5,0.938814,0.9,1,3.27492e-05,273708,7385.46,9868.68,0.01,0.95,10,10000,0.938,0.497,75,57,0.0242314,0,0.76
1851,10000,4.73724,4.21697,5.62342,0.00515146,0.00398107,0.00630957,0.451551,0.4,0.5,1.19578,1,1.5,0.000163746,127000,2253.14,4579.07,0.01,0.95,10,10000,0.938,0.497,174,132,0.0159232,0,0.758621
1852,10000,4.88199,4.21697,5.62342,0.00506903,0.00398107,0.00630957,0.554622,0.5,0.6,0.0589908,0,0.1,3.27492e-05,40143.8,2661.27,1447.41,0.01,0.95,10,10000,0.938,0.497,11,9,0.0609811,0,0.818182
1853,10000,4.83169,4.21697,5.62342,0.00486435,0.00398107,0.00630957,0.530783,0.5,0.6,0.156828,0.1,0.2,3.27492e-05,98534.9,3736.4,3552.72,0.01,0.95,10,10000,0.938,0.497,27,25,0.0365887,0,0.925926
1854,10000,4.70403,4.21697,5.62342,0.00499678,0.00398107,0.00630957,0.542485,0.5,0.6,0.257213,0.2,0.3,3.27492e-05,149627,5079.44,5394.88,0.01,0.95,10,10000,0.938,0.497,41,34,0.0313745,0,0.829268
1855,10000,4.686,4.21697,5.62342,0.00514807,0.00398107,0.00630957,0.540849,0.5,0.6,0.348416,0.3,0.4,3.27492e-05,222616,5755.24,8026.53,0.01,0.95,10,10000,0.938,0.497,61,55,0.0246681,0,0.901639
1856,10000,4.7295,4.21697,5.62342,0.00489575,0.00398107,0.00630957,0.555966,0.5,0.6,0.45085,0.4,0.5,3.27492e-05,251811,7243.39,9079.19,0.01,0.95,10,10000,0.938,0.497,69,51,0.0256172,0,0.73913
1857,10000,4.74611,4.21697,5.62342,0.00515508,0.00398107,0.00630957,0.543886,0.5,0.6,0.541818,0.5,0.6,3.27492e-05,277357,6383.58,10000.3,0.01,0.95,10,10000,0.938,0.497,76,69,0.0220238,0,0.907895
1858,10000,4.78914,4.21697,5.62342,0.00517372,0.00398107,0.00630957,0.544926,0.5,0.6,0.651417,0.6,0.7,3.27492e-05,211667,6160.73,7631.78,0.01,0.95,10,10000,0.938,0.497,58,47,0.026685,0,0.810345
1859,10000,4.8677,4.21697,5.62342,0.00509362,0.00398107,0.00630957,0.543101,0.5,0.6,0.737214,0.7,0.8,3.27492e-05,186121,6187.66,6710.7,0.01,0.95,10,10000,0.938,0.497,51,38,0.0296773,0,0.745098
1860,10000,4.84536,4.21697,5.62342,0.00511034,0.00398107,0.00630957,0.544633,0.5,0.6,0.855047,0.8,0.9,3.27492e-05,127730,4560.85,4605.38,0.01,0.95,10,10000,0.938,0.497,35,30,0.0334007,0,0.857143
1861,10000,4.58047,4.21697,5.62342,0.00520381,0.00398107,0.00630957,0.54822,0.5,0.6,0.950453,0.9,1,3.27492e-05,109483,4042.77,3947.47,0.01,0.95,10,10000,0.938,0.497,30,27,0.0352075,0,0.9
1862,10000,4.80713,4.21697,5.62342,0.00525706,0.00398107,0.00630957,0.547691,0.5,0.6,1.22352,1,1.5,0.000163746,66419.8,1649.27,2394.8,0.01,0.95,10,10000,0.938,0.497,91,68,0.0221851,0,0.747253
1863,10000,4.68754,4.21697,5.62342,0.00512487,0.00398107,0.00630957,0.66198,0.6,0.7,0.0572173,0,0.1,3.27492e-05,10948.3,1635.38,394.747,0.01,0.95,10,10000,0.938,0.497,3,2,0.129361,0,0.666667
1864,10000,4.77434,4.21697,5.62342,0.00514667,0.00398107,0.00630957,0.639739,0.6,0.7,0.156123,0.1,0.2,3.27492e-05,65689.9,3166.9,2368.48,0.01,0.95,10,10000,0.938,0.497,18,16,0.0457358,0,0.888889
1865,10000,4.76662,4.21697,5.62342,0.00513178,0.00398107,0.00630957,0.650383,0.6,0.7,0.246278,0.2,0.3,3.27492e-05,131380,4606.86,4736.97,0.01,0.95,10,10000,0.938,0.497,36,31,0.0328576,0,0.861111
1866,10000,4.65752,4.21697,5.62342,0.00508652,0.00398107,0.00630957,0.64084,0.6,0.7,0.360061,0.3,0.4,3.27492e-05,116782,4565.86,4210.64,0.01,0.95,10,10000,0.938,0.497,32,26,0.0358782,0,0.8125
1867,10000,4.8195,4.21697,5.62342,0.00511437,0.00398107,0.00630957,0.644947,0.6,0.7,0.449656,0.4,0.5,3.27492e-05,113133,4374.1,4079.05,0.01,0.95,10,10000,0.938,0.497,31,26,0.0358782,0,0.83871
1868,10000,4.87309,4.21697,5.62342,0.00503527,0.00398107,0.00630957,0.647039,0.6,0.7,0.545596,0.5,0.6,3.27492e-05,94885.4,3975.38,3421.14,0.01,0.95,10,10000,0.938,0.497,26,22,0.0390037,0,0.846154
1869,10000,4.71332,4.21697,5.62342,0.00529009,0.00398107,0.00630957,0.648997,0.6,0.7,0.646929,0.6,0.7,3.27492e-05,164225,4579.33,5921.21,0.01,0.95,10,10000,0.938,0.497,45,44,0.0275798,0,0.977778
1870,10000,4.66139,4.21697,5.62342,0.00503749,0.00398107,0.00630957,0.638697,0.6,0.7,0.757119,0.7,0.8,3.27492e-05,94885.4,3975.38,3421.14,0.01,0.95,10,10000,0.938,0.497,26,22,0.0390037,0,0.846154
1871,10000,4.75323,4.21697,5.62342,0.00514775,0.00398107,0.00630957,0.643677,0.6,0.7,0.834557,0.8,0.9,3.27492e-05,76638.2,3710.21,2763.23,0.01,0.95,10,10000,0.938,0.497,21,17,0.0443703,0,0.809524
1872,10000,4.75961,4.21697,5.62342,0.00538245,0.00398107,0.00630957,0.658882,0.6,0.7,0.941299,0.9,1,3.27492e-05,62040.5,2752.75,2236.9,0.01,0.95,10,10000,0.938,0.497,17,17,0.0443703,0,1
1873,10000,4.84198,4.21697,5.62342,0.00514194,0.00398107,0.00630957,0.637626,0.6,0.7,1.20319,1,1.5,0.000163746,30655.3,1103.12,1105.29,0.01,0.95,10,10000,0.938,0.497,42,32,0.0323401,0,0.761905
1874,10000,4.5004,4.21697,5.62342,0.00584327,0.00398107,0.00630957,0.731447,0.7,0.8,0.0731136,0,0.1,3.27492e-05,14597.8,1723.84,526.33,0.01,0.95,10,10000,0.938,0.497,4,3,0.105622,0,0.75
1875,10000,5.02912,4.21697,5.62342,0.00486364,0.00398107,0.00630957,0.740408,0.7,0.8,0.159795,0.1,0.2,3.27492e-05,32845,3229.62,1184.24,0.01,0.95,10,10000,0.938,0.497,9,5,0.0818148,0,0.555556
1876,10000,4.6307,4.21697,5.62342,0.00503114,0.00398107,0.00630957,0.740305,0.7,0.8,0.249456,0.2,0.3,3.27492e-05,54741.6,3656.82,1973.74,0.01,0.95,10,10000,0.938,0.497,15,10,0.0578518,0,0.666667
1877,10000,4.60171,4.21697,5.62342,0.0048898,0.00398107,0.00630957,0.748782,0.7,0.8,0.353658,0.3,0.4,3.27492e-05,54741.6,2764.3,1973.74,0.01,0.95,10,10000,0.938,0.497,15,14,0.0488937,0,0.933333
1878,10000,4.98303,4.21697,5.62342,0.00498707,0.00398107,0.00630957,0.737324,0.7,0.8,0.448383,0.4,0.5,3.27492e-05,58391,3228.55,2105.32,0.01,0.95,10,10000,0.938,0.497,16,13,0.0507394,0,0.8125
1879,10000,4.61399,4.21697,5.62342,0.00501748,0.00398107,0.00630957,0.749367,0.7,0.8,0.551504,0.5,0.6,3.27492e-05,25546.1,-nan,921.077,0.01,0.95,10,10000,0.938,0.497,7,9,0.0609811,0,1.28571
1880,10000,4.81135,4.21697,5.62342,0.00500917,0.00398107,0.00630957,0.752603,0.7,0.8,0.659435,0.6,0.7,3.27492e-05,54741.6,4288,1973.74,0.01,0.95,10,10000,0.938,0.497,15,8,0.0646803,0,0.533333
1881,10000,4.73215,4.21697,5.62342,0.00471238,0.00398107,0.00630957,0.750291,0.7,0.8,0.762784,0.7,0.8,3.27492e-05,21896.6,1635.38,789.494,0.01,0.95,10,10000,0.938,0.497,6,6,0.0746863,0,1
1882,10000,4.90867,4.21697,5.62342,0.00465098,0.00398107,0.00630957,0.727033,0.7,0.8,0.833874,0.8,0.9,3.27492e-05,36494.4,2585.76,1315.82,0.01,0.95,10,10000,0.938,0.497,10,8,0.0646803,0,0.8
1883,10000,4.61362,4.21697,5.62342,0.00455614,0.00398107,0.00630957,0.731875,0.7,0.8,0.953586,0.9,1,3.27492e-05,29195.5,3930.96,1052.66,0.01,0.95,10,10000,0.938,0.497,8,3,0.105622,0,0.375
1884,10000,4.80002,4.21697,5.62342,0.00493121,0.00398107,0.00630957,0.73949,0.7,0.8,1.21033,1,1.5,0.000163746,14597.8,731.364,526.33,0.01,0.95,10,10000,0.938,0.497,20,16,0.0457358,0,0.8
1885,10000,5.15286,4.21697,5.62342,0.00497151,0.00398107,0.00630957,0.825043,0.8,0.9,0.0968187,0,0.1,3.27492e-05,3649.44,667.641,131.582,0.01,0.95,10,10000,0.938,0.497,1,1,0.182943,0,1
1886,10000,4.63111,4.21697,5.62342,0.00463752,0.00398107,0.00630957,0.849058,0.8,0.9,0.249127,0.2,0.3,3.27492e-05,21896.6,1935.01,789.494,0.01,0.95,10,10000,0.938,0.497,6,5,0.0818148,0,0.833333
1887,10000,4.98828,4.21697,5.62342,0.00488919,0.00398107,0.00630957,0.853948,0.8,0.9,0.357139,0.3,0.4,3.27492e-05,29195.5,1888.37,1052.66,0.01,0.95,10,10000,0.938,0.497,8,8,0.0646803,0,1
1888,10000,4.39081,4.21697,5.62342,0.00496042,0.00398107,0.00630957,0.846107,0.8,0.9,0.466741,0.4,0.5,3.27492e-05,14597.8,1723.84,526.33,0.01,0.95,10,10000,0.938,0.497,4,3,0.105622,0,0.75
1889,10000,4.64117,4.21697,5.62342,0.00468988,0.00398107,0.00630957,0.858759,0.8,0.9,0.535058,0.5,0.6,3.27492e-05,18247.2,2280.43,657.912,0.01,0.95,10,10000,0.938,0.497,5,3,0.105622,0,0.6
1890,10000,5.23286,4.21697,5.62342,0.00562285,0.00398107,0.00630957,0.872009,0.8,0.9,0.659607,0.6,0.7,3.27492e-05,7298.88,944.187,263.165,0.01,0.95,10,10000,0.938,0.497,2,2,0.129361,0,1
1891,10000,5.13807,4.21697,5.62342,0.0051647,0.00398107,0.00630957,0.828067,0.8,0.9,0.747456,0.7,0.8,3.27492e-05,21896.6,2832.56,789.494,0.01,0.95,10,10000,0.938,0.497,6,3,0.105622,0,0.5
1892,10000,5.08362,4.21697,5.62342,0.00545936,0.00398107,0.00630957,0.828072,0.8,0.9,0.820301,0.8,0.9,3.27492e-05,18247.2,2280.43,657.912,0.01,0.95,10,10000,0.938,0.497,5,3,0.105622,0,0.6
1893,10000,5.21057,4.21697,5.62342,0.00432061,0.00398107,0.00630957,0.804343,0.8,0.9,0.936122,0.9,1,3.27492e-05,10948.3,2585.76,394.747,0.01,0.95,10,10000,0.938,0.497,3,1,0.182943,0,0.333333
1894,10000,4.77659,4.21697,5.62342,0.00557337,0.00398107,0.00630957,0.821846,0.8,0.9,1.12687,1,1.5,0.000163746,3649.44,298.578,131.582,0.01,0.95,10,10000,0.938,0.497,5,5,0.0818148,0,1
1895,10000,4.93315,4.21697,5.62342,0.00428872,0.00398107,0.00630957,0.950562,0.9,1,0.172445,0.1,0.2,3.27492e-05,7298.88,944.187,263.165,0.01,0.95,10,10000,0.938,0.497,2,2,0.129361,0,1
1896,10000,4.95221,4.21697,5.62342,0.0055027,0.00398107,0.00630957,0.953533,0.9,1,0.246718,0.2,0.3,3.27492e-05,14597.8,1723.84,526.33,0.01,0.95,10,10000,0.938,0.497,4,3,0.105622,0,0.75
1897,10000,4.60844,4.21697,5.62342,0.00554029,0.00398107,0.00630957,0.929562,0.9,1,0.355536,0.3,0.4,3.27492e-05,10948.3,1635.38,394.747,0.01,0.95,10,10000,0.938,0.497,3,2,0.129361,0,0.666667
1898,10000,4.71911,4.21697,5.62342,0.00448274,0.00398107,0.00630957,0.942699,0.9,1,0.435961,0.4,0.5,3.27492e-05,10948.3,-nan,394.747,0.01,0.95,10,10000,0.938,0.497,3,4,0.0914717,0,1.33333
1899,10000,4.61382,4.21697,5.62342,0.00434221,0.00398107,0.00630957,0.908612,0.9,1,0.674898,0.6,0.7,3.27492e-05,10948.3,2585.76,394.747,0.01,0.95,10,10000,0.938,0.497,3,1,0.182943,0,0.333333
1900,10000,4.39644,4.21697,5.62342,0.00486441,0.00398107,0.00630957,0.904303,0.9,1,0.727291,0.7,0.8,3.27492e-05,3649.44,667.641,131.582,0.01,0.95,10,10000,0.938,0.497,1,1,0.182943,0,1
1901,10000,5.34588,4.21697,5.62342,0.00399991,0.00398107,0.00630957,0.903786,0.9,1,0.854512,0.8,0.9,3.27492e-05,3649.44,667.641,131.582,0.01,0.95,10,10000,0.938,0.497,1,1,0.182943,0,1
1902,10000,5.30206,4.21697,5.62342,0.00438061,0.00398107,0.00630957,0.901973,0.9,1,0.941111,0.9,1,3.27492e-05,0,0,0,0.01,0.95,10,10000,0.938,0.497,0,1,0.182943,0,0
1903,10000,4.83478,4.21697,5.62342,0.00786777,0.00630957,0.01,0.0761114,0.05,0.1,0.066154,0,0.1,2.5952e-05,2.06777e+06,66717.8,74554.4,0.01,0.95,10,10000,0.938,0.497,449,60,0.0236179,0,0.13363
1904,10000,4.78061,4.21697,5.62342,0.00827947,0.00630957,0.01,0.0763703,0.05,0.1,0.157059,0.1,0.2,2.5952e-05,5.34212e+06,94460.5,192613,0.01,0.95,10,10000,0.938,0.497,1160,196,0.0130674,0,0.168966
1905,10000,4.76621,4.21697,5.62342,0.00822471,0.00630957,0.01,0.073483,0.05,0.1,0.255821,0.2,0.3,2.5952e-05,7.11515e+06,86878.9,256540,0.01,0.95,10,10000,0.938,0.497,1545,392,0.00924004,0,0.253722
1906,10000,4.78519,4.21697,5.62342,0.00812463,0.00630957,0.01,0.074542,0.05,0.1,0.350827,0.3,0.4,2.5952e-05,7.00923e+06,68036.3,252721,0.01,0.95,10,10000,0.938,0.497,1522,576,0.00762264,0,0.378449
1907,10000,4.78544,4.21697,5.62342,0.008056,0.00630957,0.01,0.0730483,0.05,0.1,0.448864,0.4,0.5,2.5952e-05,6.29541e+06,54999.3,226984,0.01,0.95,10,10000,0.938,0.497,1367,664,0.00709958,0,0.485735
1908,10000,4.81861,4.21697,5.62342,0.00794754,0.00630957,0.01,0.0726888,0.05,0.1,0.549106,0.5,0.6,2.5952e-05,5.14409e+06,46520.5,185473,0.01,0.95,10,10000,0.938,0.497,1117,599,0.00747486,0,0.536258
1909,10000,4.80405,4.21697,5.62342,0.00799923,0.00630957,0.01,0.0720339,0.05,0.1,0.651,0.6,0.7,2.5952e-05,3.64738e+06,34357.7,131508,0.01,0.95,10,10000,0.938,0.497,792,511,0.00809294,0,0.645202
1910,10000,4.83835,4.21697,5.62342,0.0080533,0.00630957,0.01,0.0722914,0.05,0.1,0.75027,0.7,0.8,2.5952e-05,2.69869e+06,28659.1,97302.6,0.01,0.95,10,10000,0.938,0.497,586,394,0.00921656,0,0.672355
1911,10000,4.79941,4.21697,5.62342,0.00796226,0.00630957,0.01,0.0724583,0.05,0.1,0.847777,0.8,0.9,2.5952e-05,1.92961e+06,22856.7,69573.1,0.01,0.95,10,10000,0.938,0.497,419,304,0.0104925,0,0.725537
1912,10000,4.83014,4.21697,5.62342,0.00798539,0.00630957,0.01,0.0733117,0.05,0.1,0.946778,0.9,1,2.5952e-05,1.43685e+06,19477.5,51806.2,0.01,0.95,10,10000,0.938,0.497,312,230,0.0120629,0,0.737179
1913,10000,4.87626,4.21697,5.62342,0.00794556,0.00630957,0.01,0.0744048,0.05,0.1,1.18259,1,1.5,0.00012976,545264,5080,19659.8,0.01,0.95,10,10000,0.938,0.497,592,467,0.00846561,0,0.788851
1914,10000,4.87062,4.21697,5.62342,0.00815642,0.00630957,0.01,0.128969,0.1,0.15,0.0669935,0,0.1,2.5952e-05,1.45987e+06,44766.1,52636.4,0.01,0.95,10,10000,0.938,0.497,317,64,0.0228679,0,0.201893
1915,10000,4.88568,4.21697,5.62342,0.00815519,0.00630957,0.01,0.127857,0.1,0.15,0.158072,0.1,0.2,2.5952e-05,3.65198e+06,55239.6,131674,0.01,0.95,10,10000,0.938,0.497,793,247,0.0116404,0,0.311475
1916,10000,4.84689,4.21697,5.62342,0.0080989,0.00630957,0.01,0.12429,0.1,0.15,0.251047,0.2,0.3,2.5952e-05,5.08883e+06,56171.2,183480,0.01,0.95,10,10000,0.938,0.497,1105,440,0.00872148,0,0.39819
1917,10000,4.78305,4.21697,5.62342,0.00805751,0.00630957,0.01,0.1235,0.1,0.15,0.351176,0.3,0.4,2.5952e-05,4.61448e+06,50649.2,166378,0.01,0.95,10,10000,0.938,0.497,1002,435,0.00877146,0,0.434132
1918,10000,4.79756,4.21697,5.62342,0.00807336,0.00630957,0.01,0.123418,0.1,0.15,0.448825,0.4,0.5,2.5952e-05,4.40725e+06,44188.5,158906,0.01,0.95,10,10000,0.938,0.497,957,494,0.00823101,0,0.516196
1919,10000,4.79856,4.21697,5.62342,0.00798025,0.00630957,0.01,0.12339,0.1,0.15,0.548987,0.5,0.6,2.5952e-05,3.41251e+06,38577.4,123040,0.01,0.95,10,10000,0.938,0.497,741,387,0.00929954,0,0.522267
1920,10000,4.83073,4.21697,5.62342,0.00797333,0.00630957,0.01,0.124415,0.1,0.15,0.65011,0.6,0.7,2.5952e-05,2.82303e+06,31850.9,101786,0.01,0.95,10,10000,0.938,0.497,613,368,0.00953658,0,0.600326
1921,10000,4.82063,4.21697,5.62342,0.00809225,0.00630957,0.01,0.124846,0.1,0.15,0.749568,0.7,0.8,2.5952e-05,1.94803e+06,26305.6,70237.2,0.01,0.95,10,10000,0.938,0.497,423,256,0.011434,0,0.605201
1922,10000,4.85247,4.21697,5.62342,0.00810667,0.00630957,0.01,0.12472,0.1,0.15,0.846153,0.8,0.9,2.5952e-05,1.46448e+06,22263.8,52802.5,0.01,0.95,10,10000,0.938,0.497,318,199,0.0129685,0,0.625786
1923,10000,4.80292,4.21697,5.62342,0.00794724,0.00630957,0.01,0.122428,0.1,0.15,0.943934,0.9,1,2.5952e-05,1.0454e+06,18252.2,37692.3,0.01,0.95,10,10000,0.938,0.497,227,148,0.0150379,0,0.651982
1924,10000,4.84927,4.21697,5.62342,0.0080123,0.00630957,0.01,0.124669,0.1,0.15,1.19824,1,1.5,0.00012976,433817,4618.47,15641.5,0.01,0.95,10,10000,0.938,0.497,471,363,0.00960204,0,0.770701
1925,10000,4.85843,4.21697,5.62342,0.00781037,0.00630957,0.01,0.174966,0.15,0.2,0.0639677,0,0.1,2.5952e-05,898028,16638.1,32378.9,0.01,0.95,10,10000,0.938,0.497,195,130,0.0160452,0,0.666667
1926,10000,4.88035,4.21697,5.62342,0.00792703,0.00630957,0.01,0.174463,0.15,0.2,0.155221,0.1,0.2,2.5952e-05,2.32106e+06,27357.1,83686.9,0.01,0.95,10,10000,0.938,0.497,504,326,0.0101323,0,0.646825
1927,10000,4.85345,4.21697,5.62342,0.00797186,0.00630957,0.01,0.174488,0.15,0.2,0.250333,0.2,0.3,2.5952e-05,3.06251e+06,33729.9,110420,0.01,0.95,10,10000,0.938,0.497,665,390,0.0092637,0,0.586466
1928,10000,4.83662,4.21697,5.62342,0.00800794,0.00630957,0.01,0.174341,0.15,0.2,0.349572,0.3,0.4,2.5952e-05,3.33882e+06,33279.7,120383,0.01,0.95,10,10000,0.938,0.497,725,460,0.00852978,0,0.634483
1929,10000,4.83476,4.21697,5.62342,0.00788712,0.00630957,0.01,0.174405,0.15,0.2,0.448671,0.4,0.5,2.5952e-05,2.89211e+06,32422.8,104277,0.01,0.95,10,10000,0.938,0.497,628,374,0.00945978,0,0.595541
1930,10000,4.82533,4.21697,5.62342,0.00811988,0.00630957,0.01,0.174097,0.15,0.2,0.549527,0.5,0.6,2.5952e-05,2.35329e+06,28930,84849.2,0.01,0.95,10,10000,0.938,0.497,511,309,0.0104073,0,0.604697
1931,10000,4.84599,4.21697,5.62342,0.00812261,0.00630957,0.01,0.1739,0.15,0.2,0.64832,0.6,0.7,2.5952e-05,2.01711e+06,25129.2,72727.9,0.01,0.95,10,10000,0.938,0.497,438,289,0.0107614,0,0.659817
1932,10000,4.81083,4.21697,5.62342,0.00787216,0.00630957,0.01,0.174697,0.15,0.2,0.747092,0.7,0.8,2.5952e-05,1.575e+06,22327.5,56787.6,0.01,0.95,10,10000,0.938,0.497,342,224,0.0122234,0,0.654971
1933,10000,4.86545,4.21697,5.62342,0.00785497,0.00630957,0.01,0.173169,0.15,0.2,0.844496,0.8,0.9,2.5952e-05,994739,17788.4,35865.8,0.01,0.95,10,10000,0.938,0.497,216,141,0.0154066,0,0.652778
1934,10000,4.87131,4.21697,5.62342,0.00801736,0.00630957,0.01,0.171501,0.15,0.2,0.944307,0.9,1,2.5952e-05,861186,17848.4,31050.5,0.01,0.95,10,10000,0.938,0.497,187,110,0.017443,0,0.588235
1935,10000,4.84872,4.21697,5.62342,0.0079607,0.00630957,0.01,0.17475,0.15,0.2,1.19161,1,1.5,0.00012976,312238,3933.72,11257.9,0.01,0.95,10,10000,0.938,0.497,339,260,0.0113457,0,0.766962
1936,10000,4.78856,4.21697,5.62342,0.00813997,0.00630957,0.01,0.222364,0.2,0.25,0.0682402,0,0.1,2.5952e-05,589475,10981.4,21253.8,0.01,0.95,10,10000,0.938,0.497,128,110,0.017443,0,0.859375
1937,10000,4.82804,4.21697,5.62342,0.00807124,0.00630957,0.01,0.223321,0.2,0.25,0.155984,0.1,0.2,2.5952e-05,1.57961e+06,18233.4,56953.6,0.01,0.95,10,10000,0.938,0.497,343,290,0.0107428,0,0.845481
1938,10000,4.845,4.21697,5.62342,0.00797615,0.00630957,0.01,0.223716,0.2,0.25,0.250639,0.2,0.3,2.5952e-05,1.99408e+06,20883.6,71897.7,0.01,0.95,10,10000,0.938,0.497,433,358,0.00966886,0,0.82679
1939,10000,4.84723,4.21697,5.62342,0.00805497,0.00630957,0.01,0.224425,0.2,0.25,0.350177,0.3,0.4,2.5952e-05,2.0125e+06,21447.5,72561.9,0.01,0.95,10,10000,0.938,0.497,437,352,0.00975092,0,0.805492
1940,10000,4.85135,4.21697,5.62342,0.00799132,0.00630957,0.01,0.223918,0.2,0.25,0.44747,0.4,0.5,2.5952e-05,1.96185e+06,20825.5,70735.4,0.01,0.95,10,10000,0.938,0.497,426,350,0.00977874,0,0.821596
1941,10000,4.8959,4.21697,5.62342,0.00801704,0.00630957,0.01,0.222954,0.2,0.25,0.550681,0.5,0.6,2.5952e-05,1.73158e+06,20971.5,62433.1,0.01,0.95,10,10000,0.938,0.497,376,284,0.0108557,0,0.755319
1942,10000,4.79512,4.21697,5.62342,0.00784399,0.00630957,0.01,0.224956,0.2,0.25,0.649031,0.6,0.7,2.5952e-05,1.32171e+06,17582.6,47655.1,0.01,0.95,10,10000,0.938,0.497,287,228,0.0121157,0,0.794425
1943,10000,4.84561,4.21697,5.62342,0.00810809,0.00630957,0.01,0.222158,0.2,0.25,0.748966,0.7,0.8,2.5952e-05,1.17434e+06,17314.3,42341.6,0.01,0.95,10,10000,0.938,0.497,255,192,0.0132028,0,0.752941
1944,10000,4.89815,4.21697,5.62342,0.00807139,0.00630957,0.01,0.226102,0.2,0.25,0.845226,0.8,0.9,2.5952e-05,778291,14480.5,28061.7,0.01,0.95,10,10000,0.938,0.497,169,123,0.0164955,0,0.727811
1945,10000,4.79854,4.21697,5.62342,0.00796266,0.00630957,0.01,0.224654,0.2,0.25,0.937346,0.9,1,2.5952e-05,589475,12103,21253.8,0.01,0.95,10,10000,0.938,0.497,128,98,0.0184801,0,0.765625
1946,10000,4.84287,4.21697,5.62342,0.00802175,0.00630957,0.01,0.223825,0.2,0.25,1.18972,1,1.5,0.00012976,262501,3710.48,9464.59,0.01,0.95,10,10000,0.938,0.497,285,211,0.0125943,0,0.740351
1947,10000,4.7351,4.21697,5.62342,0.00803176,0.00630957,0.01,0.276857,0.25,0.3,0.0666266,0,0.1,2.5952e-05,331580,8338.97,11955.3,0.01,0.95,10,10000,0.938,0.497,72,61,0.0234235,0,0.847222
1948,10000,4.76066,4.21697,5.62342,0.00811391,0.00630957,0.01,0.27171,0.25,0.3,0.15159,0.1,0.2,2.5952e-05,884212,13962,31880.7,0.01,0.95,10,10000,0.938,0.497,192,158,0.0145542,0,0.822917
1949,10000,4.77847,4.21697,5.62342,0.00794318,0.00630957,0.01,0.271721,0.25,0.3,0.249382,0.2,0.3,2.5952e-05,1.2204e+06,15484.4,44002.1,0.01,0.95,10,10000,0.938,0.497,265,233,0.011985,0,0.879245
1950,10000,4.81292,4.21697,5.62342,0.00810545,0.00630957,0.01,0.273772,0.25,0.3,0.353345,0.3,0.4,2.5952e-05,1.4e+06,17051.9,50477.8,0.01,0.95,10,10000,0.938,0.497,304,259,0.0113675,0,0.851974
1951,10000,4.78097,4.21697,5.62342,0.00802112,0.00630957,0.01,0.273952,0.25,0.3,0.450685,0.4,0.5,2.5952e-05,1.4e+06,17638.3,50477.8,0.01,0.95,10,10000,0.938,0.497,304,249,0.0115936,0,0.819079
1952,10000,4.83417,4.21697,5.62342,0.00810474,0.00630957,0.01,0.274487,0.25,0.3,0.547759,0.5,0.6,2.5952e-05,1.19737e+06,16439.8,43171.8,0.01,0.95,10,10000,0.938,0.497,260,211,0.0125943,0,0.811538
1953,10000,4.85376,4.21697,5.62342,0.00802982,0.00630957,0.01,0.272997,0.25,0.3,0.647382,0.6,0.7,2.5952e-05,1.05921e+06,14895,38190.5,0.01,0.95,10,10000,0.938,0.497,230,195,0.0131008,0,0.847826
1954,10000,4.83246,4.21697,5.62342,0.00807713,0.00630957,0.01,0.276154,0.25,0.3,0.748018,0.7,0.8,2.5952e-05,805923,13409.4,29058,0.01,0.95,10,10000,0.938,0.497,175,143,0.0152985,0,0.817143
1955,10000,4.84742,4.21697,5.62342,0.00798504,0.00630957,0.01,0.274478,0.25,0.3,0.846332,0.8,0.9,2.5952e-05,630922,12225.7,22748.2,0.01,0.95,10,10000,0.938,0.497,137,108,0.0176037,0,0.788321
1956,10000,4.82042,4.21697,5.62342,0.00786975,0.00630957,0.01,0.278976,0.25,0.3,0.952601,0.9,1,2.5952e-05,396053,10149.5,14279.9,0.01,0.95,10,10000,0.938,0.497,86,64,0.0228679,0,0.744186
1957,10000,4.8163,4.21697,5.62342,0.00808028,0.00630957,0.01,0.274236,0.25,0.3,1.1881,1,1.5,0.00012976,206316,3062.97,7438.84,0.01,0.95,10,10000,0.938,0.497,224,181,0.0135981,0,0.808036
1958,10000,4.82243,4.21697,5.62342,0.00791677,0.00630957,0.01,0.345203,0.3,0.4,0.064035,0,0.1,5.1904e-05,191119,4550.33,6890.89,0.01,0.95,10,10000,0.938,0.497,83,69,0.0220238,0,0.831325
1959,10000,4.82234,4.21697,5.62342,0.00800224,0.00630957,0.01,0.345244,0.3,0.4,0.155973,0.1,0.2,5.1904e-05,425988,6492.35,15359.2,0.01,0.95,10,10000,0.938,0.497,185,162,0.0143734,0,0.875676
1960,10000,4.78911,4.21697,5.62342,0.00797792,0.00630957,0.01,0.344186,0.3,0.4,0.254527,0.2,0.3,5.1904e-05,624014,8200.04,22499.2,0.01,0.95,10,10000,0.938,0.497,271,226,0.0121692,0,0.833948
1961,10000,4.78481,4.21697,5.62342,0.00790746,0.00630957,0.01,0.343666,0.3,0.4,0.347747,0.3,0.4,5.1904e-05,822041,8881.99,29639.1,0.01,0.95,10,10000,0.938,0.497,357,318,0.010259,0,0.890756
1962,10000,4.82208,4.21697,5.62342,0.00800572,0.00630957,0.01,0.345453,0.3,0.4,0.451175,0.4,0.5,5.1904e-05,723028,8512.16,26069.1,0.01,0.95,10,10000,0.938,0.497,314,273,0.0110722,0,0.869427
1963,10000,4.81486,4.21697,5.62342,0.00808807,0.00630957,0.01,0.340535,0.3,0.4,0.549857,0.5,0.6,5.1904e-05,647041,8090.73,23329.4,0.01,0.95,10,10000,0.938,0.497,281,243,0.0117358,0,0.864769
1964,10000,4.82333,4.21697,5.62342,0.00803719,0.00630957,0.01,0.345593,0.3,0.4,0.648544,0.6,0.7,5.1904e-05,571054,7615.28,20589.6,0.01,0.95,10,10000,0.938,0.497,248,214,0.0125058,0,0.862903
1965,10000,4.8302,4.21697,5.62342,0.00796676,0.00630957,0.01,0.343405,0.3,0.4,0.751483,0.7,0.8,5.1904e-05,499672,7301.91,18015.9,0.01,0.95,10,10000,0.938,0.497,217,182,0.0135607,0,0.83871
1966,10000,4.81299,4.21697,5.62342,0.00793706,0.00630957,0.01,0.34546,0.3,0.4,0.848425,0.8,0.9,5.1904e-05,375330,6356.87,13532.7,0.01,0.95,10,10000,0.938,0.497,163,136,0.0156873,0,0.834356
1967,10000,4.86969,4.21697,5.62342,0.00794498,0.00630957,0.01,0.344241,0.3,0.4,0.948188,0.9,1,5.1904e-05,306251,5876.04,11042,0.01,0.95,10,10000,0.938,0.497,133,108,0.0176037,0,0.81203
1968,10000,4.83132,4.21697,5.62342,0.00810968,0.00630957,0.01,0.344608,0.3,0.4,1.18247,1,1.5,0.00025952,145527,1901.25,5247.04,0.01,0.95,10,10000,0.938,0.497,316,242,0.01176,0,0.765823
1969,10000,4.72499,4.21697,5.62342,0.00814486,0.00630957,0.01,0.437141,0.4,0.5,0.0656287,0,0.1,5.1904e-05,69079.1,2825.85,2490.68,0.01,0.95,10,10000,0.938,0.497,30,24,0.0373432,0,0.8
1970,10000,4.77706,4.21697,5.62342,0.00794447,0.00630957,0.01,0.443027,0.4,0.5,0.153158,0.1,0.2,5.1904e-05,211843,4506.39,7638.09,0.01,0.95,10,10000,0.938,0.497,92,82,0.0202027,0,0.891304
1971,10000,4.75227,4.21697,5.62342,0.0078886,0.00630957,0.01,0.441691,0.4,0.5,0.250584,0.2,0.3,5.1904e-05,310856,5390.88,11208.1,0.01,0.95,10,10000,0.938,0.497,135,122,0.0165629,0,0.903704
1972,10000,4.72811,4.21697,5.62342,0.00793295,0.00630957,0.01,0.444833,0.4,0.5,0.356356,0.3,0.4,5.1904e-05,354606,6036.31,12785.5,0.01,0.95,10,10000,0.938,0.497,154,132,0.0159232,0,0.857143
1973,10000,4.84506,4.21697,5.62342,0.00806139,0.00630957,0.01,0.441903,0.4,0.5,0.451545,0.4,0.5,5.1904e-05,331580,6430.39,11955.3,0.01,0.95,10,10000,0.938,0.497,144,110,0.017443,0,0.763889
1974,10000,4.81652,4.21697,5.62342,0.00799616,0.00630957,0.01,0.444647,0.4,0.5,0.549317,0.5,0.6,5.1904e-05,338488,5856.76,12204.3,0.01,0.95,10,10000,0.938,0.497,147,127,0.0162336,0,0.863946
1975,10000,4.78646,4.21697,5.62342,0.00796434,0.00630957,0.01,0.44683,0.4,0.5,0.649684,0.6,0.7,5.1904e-05,276316,5276.98,9962.73,0.01,0.95,10,10000,0.938,0.497,120,104,0.0179391,0,0.866667
1976,10000,4.81993,4.21697,5.62342,0.008182,0.00630957,0.01,0.444143,0.4,0.5,0.744256,0.7,0.8,5.1904e-05,255593,4813.87,9215.52,0.01,0.95,10,10000,0.938,0.497,111,102,0.0181141,0,0.918919
1977,10000,4.80964,4.21697,5.62342,0.00783466,0.00630957,0.01,0.444509,0.4,0.5,0.852859,0.8,0.9,5.1904e-05,223356,4797.89,8053.21,0.01,0.95,10,10000,0.938,0.497,97,83,0.0200806,0,0.85567
1978,10000,4.82623,4.21697,5.62342,0.00818267,0.00630957,0.01,0.441025,0.4,0.5,0.943346,0.9,1,5.1904e-05,165790,4352.55,5977.64,0.01,0.95,10,10000,0.938,0.497,72,58,0.0240216,0,0.805556
1979,10000,4.83819,4.21697,5.62342,0.00801649,0.00630957,0.01,0.442924,0.4,0.5,1.18888,1,1.5,0.00025952,79671.2,1410.96,2872.59,0.01,0.95,10,10000,0.938,0.497,173,132,0.0159232,0,0.763006
1980,10000,4.6016,4.21697,5.62342,0.00826934,0.00630957,0.01,0.53705,0.5,0.6,0.0649575,0,0.1,5.1904e-05,36842.2,-nan,1328.36,0.01,0.95,10,10000,0.938,0.497,16,17,0.0443703,0,1.0625
1981,10000,4.71433,4.21697,5.62342,0.00806844,0.00630957,0.01,0.544123,0.5,0.6,0.157549,0.1,0.2,5.1904e-05,94408.1,2902.48,3403.93,0.01,0.95,10,10000,0.938,0.497,41,38,0.0296773,0,0.926829
1982,10000,4.74955,4.21697,5.62342,0.00786142,0.00630957,0.01,0.548559,0.5,0.6,0.252763,0.2,0.3,5.1904e-05,101316,2924.31,3653,0.01,0.95,10,10000,0.938,0.497,44,42,0.0282288,0,0.954545
1983,10000,4.79342,4.21697,5.62342,0.00809159,0.00630957,0.01,0.545725,0.5,0.6,0.353241,0.3,0.4,5.1904e-05,186514,4814.92,6724.84,0.01,0.95,10,10000,0.938,0.497,81,62,0.0232338,0,0.765432
1984,10000,4.80889,4.21697,5.62342,0.00810957,0.00630957,0.01,0.548767,0.5,0.6,0.454047,0.4,0.5,5.1904e-05,161185,4069.68,5811.59,0.01,0.95,10,10000,0.938,0.497,70,60,0.0236179,0,0.857143
1985,10000,4.73031,4.21697,5.62342,0.00817545,0.00630957,0.01,0.554164,0.5,0.6,0.552751,0.5,0.6,5.1904e-05,156579,4555.76,5645.55,0.01,0.95,10,10000,0.938,0.497,68,50,0.0258721,0,0.735294
1986,10000,4.84438,4.21697,5.62342,0.00808894,0.00630957,0.01,0.543829,0.5,0.6,0.649712,0.6,0.7,5.1904e-05,154277,4007.63,5562.52,0.01,0.95,10,10000,0.938,0.497,67,57,0.0242314,0,0.850746
1987,10000,4.76453,4.21697,5.62342,0.00808499,0.00630957,0.01,0.549841,0.5,0.6,0.747201,0.7,0.8,5.1904e-05,133553,3818.47,4815.32,0.01,0.95,10,10000,0.938,0.497,58,48,0.0264056,0,0.827586
1988,10000,4.72451,4.21697,5.62342,0.00828439,0.00630957,0.01,0.54338,0.5,0.6,0.845171,0.8,0.9,5.1904e-05,99013.4,3104.6,3569.98,0.01,0.95,10,10000,0.938,0.497,43,38,0.0296773,0,0.883721
1989,10000,4.8775,4.21697,5.62342,0.00792988,0.00630957,0.01,0.5416,0.5,0.6,0.950322,0.9,1,5.1904e-05,110527,3528.32,3985.09,0.01,0.95,10,10000,0.938,0.497,48,39,0.0292944,0,0.8125
1990,10000,4.88086,4.21697,5.62342,0.00791854,0.00630957,0.01,0.540719,0.5,0.6,1.19635,1,1.5,0.00025952,47894.8,1013.26,1726.87,0.01,0.95,10,10000,0.938,0.497,104,87,0.0196136,0,0.836538
1991,10000,4.62789,4.21697,5.62342,0.00861375,0.00630957,0.01,0.637665,0.6,0.7,0.0741475,0,0.1,5.1904e-05,13815.8,1031.85,498.136,0.01,0.95,10,10000,0.938,0.497,6,6,0.0746863,0,1
1992,10000,4.79273,4.21697,5.62342,0.00776539,0.00630957,0.01,0.642713,0.6,0.7,0.153264,0.1,0.2,5.1904e-05,62171.2,2743.92,2241.61,0.01,0.95,10,10000,0.938,0.497,27,21,0.0399215,0,0.777778
1993,10000,4.74868,4.21697,5.62342,0.00777688,0.00630957,0.01,0.635586,0.6,0.7,0.243245,0.2,0.3,5.1904e-05,62171.2,2541.21,2241.61,0.01,0.95,10,10000,0.938,0.497,27,23,0.0381463,0,0.851852
1994,10000,4.67839,4.21697,5.62342,0.00766648,0.00630957,0.01,0.640849,0.6,0.7,0.352808,0.3,0.4,5.1904e-05,87500.2,3399.97,3154.86,0.01,0.95,10,10000,0.938,0.497,38,28,0.0345731,0,0.736842
1995,10000,4.90423,4.21697,5.62342,0.0083042,0.00630957,0.01,0.658397,0.6,0.7,0.447539,0.4,0.5,5.1904e-05,82894.9,2598.72,2988.82,0.01,0.95,10,10000,0.938,0.497,36,35,0.0309231,0,0.972222
1996,10000,4.64019,4.21697,5.62342,0.00800772,0.00630957,0.01,0.642609,0.6,0.7,0.546155,0.5,0.6,5.1904e-05,69079.1,3032.38,2490.68,0.01,0.95,10,10000,0.938,0.497,30,22,0.0390037,0,0.733333
1997,10000,4.80597,4.21697,5.62342,0.00829052,0.00630957,0.01,0.635853,0.6,0.7,0.651619,0.6,0.7,5.1904e-05,59868.5,2609.76,2158.59,0.01,0.95,10,10000,0.938,0.497,26,21,0.0399215,0,0.807692
1998,10000,4.75514,4.21697,5.62342,0.00818705,0.00630957,0.01,0.647684,0.6,0.7,0.742561,0.7,0.8,5.1904e-05,64473.8,2670.02,2324.64,0.01,0.95,10,10000,0.938,0.497,28,23,0.0381463,0,0.821429
1999,10000,4.71518,4.21697,5.62342,0.0077755,0.00630957,0.01,0.633634,0.6,0.7,0.856646,0.8,0.9,5.1904e-05,48355.4,2123.92,1743.48,0.01,0.95,10,10000,0.938,0.497,21,19,0.0419701,0,0.904762
2000,10000,4.82307,4.21697,5.62342,0.00765388,0.00630957,0.01,0.638856,0.6,0.7,0.942825,0.9,1,5.1904e-05,46052.7,2082.73,1660.45,0.01,0.95,10,10000,0.938,0.497,20,18,0.0431202,0,0.9
2001,10000,4.7764,4.21697,5.62342,0.00795711,0.00630957,0.01,0.646474,0.6,0.7,1.22962,1,1.5,0.00025952,16579,549.539,597.764,0.01,0.95,10,10000,0.938,0.497,36,33,0.0318464,0,0.916667
2002,10000,4.52748,4.21697,5.62342,0.00853055,0.00630957,0.01,0.711886,0.7,0.8,0.0576633,0,0.1,5.1904e-05,4605.27,595.74,166.045,0.01,0.95,10,10000,0.938,0.497,2,2,0.129361,0,1
2003,10000,4.94212,4.21697,5.62342,0.00789548,0.00630957,0.01,0.730525,0.7,0.8,0.144793,0.1,0.2,5.1904e-05,16118.5,1114.53,581.159,0.01,0.95,10,10000,0.938,0.497,7,7,0.0691461,0,1
2004,10000,4.88474,4.21697,5.62342,0.00794268,0.00630957,0.01,0.739815,0.7,0.8,0.246911,0.2,0.3,5.1904e-05,23026.4,1631.5,830.227,0.01,0.95,10,10000,0.938,0.497,10,8,0.0646803,0,0.8
2005,10000,4.87613,4.21697,5.62342,0.00816506,0.00630957,0.01,0.749552,0.7,0.8,0.357174,0.3,0.4,5.1904e-05,55263.3,2340.02,1992.55,0.01,0.95,10,10000,0.938,0.497,24,21,0.0399215,0,0.875
2006,10000,4.69907,4.21697,5.62342,0.0080676,0.00630957,0.01,0.730395,0.7,0.8,0.445831,0.4,0.5,5.1904e-05,39144.8,2207.52,1411.39,0.01,0.95,10,10000,0.938,0.497,17,13,0.0507394,0,0.764706
2007,10000,4.95115,4.21697,5.62342,0.00871516,0.00630957,0.01,0.748406,0.7,0.8,0.56418,0.5,0.6,5.1904e-05,41447.5,2114.67,1494.41,0.01,0.95,10,10000,0.938,0.497,18,15,0.0472358,0,0.833333
2008,10000,4.93637,4.21697,5.62342,0.00794588,0.00630957,0.01,0.739662,0.7,0.8,0.640673,0.6,0.7,5.1904e-05,32236.9,1576.18,1162.32,0.01,0.95,10,10000,0.938,0.497,14,14,0.0488937,0,1
2009,10000,4.95289,4.21697,5.62342,0.0081244,0.00630957,0.01,0.745254,0.7,0.8,0.752153,0.7,0.8,5.1904e-05,34539.5,1865.69,1245.34,0.01,0.95,10,10000,0.938,0.497,15,13,0.0507394,0,0.866667
2010,10000,4.98628,4.21697,5.62342,0.00795274,0.00630957,0.01,0.745612,0.7,0.8,0.850083,0.8,0.9,5.1904e-05,29934.3,1773.63,1079.3,0.01,0.95,10,10000,0.938,0.497,13,11,0.0551595,0,0.846154
2011,10000,4.63337,4.21697,5.62342,0.00764746,0.00630957,0.01,0.751308,0.7,0.8,0.949137,0.9,1,5.1904e-05,27631.6,1586.38,996.273,0.01,0.95,10,10000,0.938,0.497,12,11,0.0551595,0,0.916667
2012,10000,4.92716,4.21697,5.62342,0.00810137,0.00630957,0.01,0.747126,0.7,0.8,1.18255,1,1.5,0.00025952,12894.8,514.779,464.927,0.01,0.95,10,10000,0.938,0.497,28,24,0.0373432,0,0.857143
2013,10000,4.87839,4.21697,5.62342,0.00820897,0.00630957,0.01,0.825863,0.8,0.9,0.0899392,0,0.1,5.1904e-05,9210.55,1459.26,332.091,0.01,0.95,10,10000,0.938,0.497,4,2,0.129361,0,0.5
2014,10000,4.34968,4.21697,5.62342,0.00820698,0.00630957,0.01,0.892851,0.8,0.9,0.138954,0.1,0.2,5.1904e-05,4605.27,595.74,166.045,0.01,0.95,10,10000,0.938,0.497,2,2,0.129361,0,1
2015,10000,4.75636,4.21697,5.62342,0.00789436,0.00630957,0.01,0.844959,0.8,0.9,0.252663,0.2,0.3,5.1904e-05,20723.7,1412.92,747.205,0.01,0.95,10,10000,0.938,0.497,9,8,0.0646803,0,0.888889
2016,10000,4.82798,4.21697,5.62342,0.00853175,0.00630957,0.01,0.867971,0.8,0.9,0.356717,0.3,0.4,5.1904e-05,18421.1,1538.2,664.182,0.01,0.95,10,10000,0.938,0.497,8,6,0.0746863,0,0.75
2017,10000,4.78877,4.21697,5.62342,0.00791715,0.00630957,0.01,0.838589,0.8,0.9,0.457543,0.4,0.5,5.1904e-05,23026.4,1631.5,830.227,0.01,0.95,10,10000,0.938,0.497,10,8,0.0646803,0,0.8
2018,10000,4.98705,4.21697,5.62342,0.00818362,0.00630957,0.01,0.845384,0.8,0.9,0.52346,0.5,0.6,5.1904e-05,13815.8,1031.85,498.136,0.01,0.95,10,10000,0.938,0.497,6,6,0.0746863,0,1
2019,10000,4.8549,4.21697,5.62342,0.00761184,0.00630957,0.01,0.863166,0.8,0.9,0.662045,0.6,0.7,5.1904e-05,13815.8,1220.9,498.136,0.01,0.95,10,10000,0.938,0.497,6,5,0.0818148,0,0.833333
2020,10000,4.63527,4.21697,5.62342,0.00827987,0.00630957,0.01,0.867004,0.8,0.9,0.73797,0.7,0.8,5.1904e-05,16118.5,1114.53,581.159,0.01,0.95,10,10000,0.938,0.497,7,7,0.0691461,0,1
2021,10000,5.43487,4.21697,5.62342,0.00843485,0.00630957,0.01,0.853035,0.8,0.9,0.851503,0.8,0.9,5.1904e-05,2302.64,421.252,83.0227,0.01,0.95,10,10000,0.938,0.497,1,1,0.182943,0,1
2022,10000,4.68342,4.21697,5.62342,0.00678888,0.00630957,0.01,0.893546,0.8,0.9,0.995524,0.9,1,5.1904e-05,2302.64,421.252,83.0227,0.01,0.95,10,10000,0.938,0.497,1,1,0.182943,0,1
2023,10000,4.8299,4.21697,5.62342,0.00761817,0.00630957,0.01,0.843533,0.8,0.9,1.20299,1,1.5,0.00025952,3223.69,222.906,116.232,0.01,0.95,10,10000,0.938,0.497,7,7,0.0691461,0,1
2024,10000,4.96231,4.21697,5.62342,0.0077122,0.00630957,0.01,0.950133,0.9,1,0.156236,0.1,0.2,5.1904e-05,4605.27,595.74,166.045,0.01,0.95,10,10000,0.938,0.497,2,2,0.129361,0,1
2025,10000,5.32709,4.21697,5.62342,0.00663949,0.00630957,0.01,0.948587,0.9,1,0.239627,0.2,0.3,5.1904e-05,4605.27,1031.85,166.045,0.01,0.95,10,10000,0.938,0.497,2,1,0.182943,0,0.5
2026,10000,5.44849,4.21697,5.62342,0.00844635,0.00630957,0.01,0.91956,0.9,1,0.347289,0.3,0.4,5.1904e-05,4605.27,1031.85,166.045,0.01,0.95,10,10000,0.938,0.497,2,1,0.182943,0,0.5
2027,10000,4.75395,4.21697,5.62342,0.00977942,0.00630957,0.01,0.932994,0.9,1,0.455186,0.4,0.5,5.1904e-05,2302.64,421.252,83.0227,0.01,0.95,10,10000,0.938,0.497,1,1,0.182943,0,1
2028,10000,5.02638,4.21697,5.62342,0.00832098,0.00630957,0.01,0.949428,0.9,1,0.645427,0.6,0.7,5.1904e-05,9210.55,842.504,332.091,0.01,0.95,10,10000,0.938,0.497,4,4,0.0914717,0,1
2029,10000,5.0855,4.21697,5.62342,0.00701881,0.00630957,0.01,0.90992,0.9,1,0.788725,0.7,0.8,5.1904e-05,2302.64,421.252,83.0227,0.01,0.95,10,10000,0.938,0.497,1,1,0.182943,0,1
2030,10000,4.65584,4.21697,5.62342,0.00838926,0.00630957,0.01,0.92604,0.9,1,0.821574,0.8,0.9,5.1904e-05,4605.27,595.74,166.045,0.01,0.95,10,10000,0.938,0.497,2,2,0.129361,0,1
2031,10000,4.72588,4.21697,5.62342,0.0135271,0.01,0.0158489,0.0729054,0.05,0.1,0.0681901,0,0.1,4.11309e-05,1.34536e+06,27687.7,48507.7,0.01,0.95,10,10000,0.938,0.497,463,135,0.0157453,0,0.291577
2032,10000,4.79026,4.21697,5.62342,0.0129072,0.01,0.0158489,0.0743386,0.05,0.1,0.157638,0.1,0.2,4.11309e-05,3.32127e+06,40250.2,119750,0.01,0.95,10,10000,0.938,0.497,1143,380,0.0093848,0,0.332458
2033,10000,4.79267,4.21697,5.62342,0.0127529,0.01,0.0158489,0.0739333,0.05,0.1,0.253121,0.2,0.3,4.11309e-05,4.43127e+06,43068.9,159772,0.01,0.95,10,10000,0.938,0.497,1525,575,0.00762927,0,0.377049
2034,10000,4.827,4.21697,5.62342,0.0126409,0.01,0.0158489,0.0730995,0.05,0.1,0.348845,0.3,0.4,4.11309e-05,4.35281e+06,39087.5,156943,0.01,0.95,10,10000,0.938,0.497,1498,650,0.00717563,0,0.433912
2035,10000,4.82781,4.21697,5.62342,0.0126547,0.01,0.0158489,0.073458,0.05,0.1,0.446286,0.4,0.5,4.11309e-05,3.83268e+06,34217.7,138189,0.01,0.95,10,10000,0.938,0.497,1319,637,0.00724848,0,0.482942
2036,10000,4.83122,4.21697,5.62342,0.0125913,0.01,0.0158489,0.0745228,0.05,0.1,0.548767,0.5,0.6,4.11309e-05,3.15274e+06,31112.4,113674,0.01,0.95,10,10000,0.938,0.497,1085,522,0.00800721,0,0.481106
2037,10000,4.87666,4.21697,5.62342,0.0126071,0.01,0.0158489,0.0737991,0.05,0.1,0.648323,0.6,0.7,4.11309e-05,2.34494e+06,22250.2,84548,0.01,0.95,10,10000,0.938,0.497,807,509,0.00810882,0,0.630731
2038,10000,4.81487,4.21697,5.62342,0.0127206,0.01,0.0158489,0.0739113,0.05,0.1,0.74848,0.7,0.8,4.11309e-05,1.67662e+06,18367.9,60451.3,0.01,0.95,10,10000,0.938,0.497,577,376,0.00943459,0,0.651646
2039,10000,4.82922,4.21697,5.62342,0.0125166,0.01,0.0158489,0.0725921,0.05,0.1,0.85206,0.8,0.9,4.11309e-05,1.22041e+06,15365.7,44002.7,0.01,0.95,10,10000,0.938,0.497,420,281,0.0109135,0,0.669048
2040,10000,4.85762,4.21697,5.62342,0.0125791,0.01,0.0158489,0.0735018,0.05,0.1,0.946058,0.9,1,4.11309e-05,883348,12352.8,31849.6,0.01,0.95,10,10000,0.938,0.497,304,219,0.0123622,0,0.720395
2041,10000,4.84123,4.21697,5.62342,0.0126346,0.01,0.0158489,0.0744256,0.05,0.1,1.18495,1,1.5,0.000205655,301036,2996,10854,0.01,0.95,10,10000,0.938,0.497,518,409,0.00904597,0,0.789575
2042,10000,4.78726,4.21697,5.62342,0.0132558,0.01,0.0158489,0.127464,0.1,0.15,0.0687176,0,0.1,4.11309e-05,932746,16326.8,33630.6,0.01,0.95,10,10000,0.938,0.497,321,163,0.0143292,0,0.507788
2043,10000,4.80621,4.21697,5.62342,0.0126563,0.01,0.0158489,0.124184,0.1,0.15,0.157064,0.1,0.2,4.11309e-05,2.20837e+06,24563.9,79623.9,0.01,0.95,10,10000,0.938,0.497,760,399,0.00915863,0,0.525
2044,10000,4.83225,4.21697,5.62342,0.0127176,0.01,0.0158489,0.124551,0.1,0.15,0.250278,0.2,0.3,4.11309e-05,2.87088e+06,28291.9,103511,0.01,0.95,10,10000,0.938,0.497,988,511,0.00809294,0,0.517206
2045,10000,4.80968,4.21697,5.62342,0.0127615,0.01,0.0158489,0.124346,0.1,0.15,0.350121,0.3,0.4,4.11309e-05,2.71106e+06,26299,97748.8,0.01,0.95,10,10000,0.938,0.497,933,515,0.00806145,0,0.551983
2046,10000,4.8253,4.21697,5.62342,0.0127119,0.01,0.0158489,0.124121,0.1,0.15,0.447575,0.4,0.5,4.11309e-05,2.69072e+06,26134.4,97015.4,0.01,0.95,10,10000,0.938,0.497,926,513,0.00807715,0,0.553996
2047,10000,4.83482,4.21697,5.62342,0.0125193,0.01,0.0158489,0.123557,0.1,0.15,0.550126,0.5,0.6,4.11309e-05,2.17059e+06,22523.2,78261.9,0.01,0.95,10,10000,0.938,0.497,747,439,0.00873141,0,0.587684
2048,10000,4.8508,4.21697,5.62342,0.0125761,0.01,0.0158489,0.123444,0.1,0.15,0.647797,0.6,0.7,4.11309e-05,1.68824e+06,20090.2,60870.4,0.01,0.95,10,10000,0.938,0.497,581,336,0.00998038,0,0.578313
2049,10000,4.78657,4.21697,5.62342,0.0126195,0.01,0.0158489,0.125688,0.1,0.15,0.749594,0.7,0.8,4.11309e-05,1.12452e+06,15505.2,40545.3,0.01,0.95,10,10000,0.938,0.497,387,242,0.01176,0,0.625323
2050,10000,4.83897,4.21697,5.62342,0.0127284,0.01,0.0158489,0.122285,0.1,0.15,0.84885,0.8,0.9,4.11309e-05,810704,12973.5,29230.4,0.01,0.95,10,10000,0.938,0.497,279,178,0.0137122,0,0.637993
2051,10000,4.81139,4.21697,5.62342,0.0125384,0.01,0.0158489,0.12336,0.1,0.15,0.944727,0.9,1,4.11309e-05,595679,10400.1,21477.5,0.01,0.95,10,10000,0.938,0.497,205,143,0.0152985,0,0.697561
2052,10000,4.87048,4.21697,5.62342,0.0126474,0.01,0.0158489,0.123682,0.1,0.15,1.18788,1,1.5,0.000205655,244664,2683.66,8821.49,0.01,0.95,10,10000,0.938,0.497,421,335,0.00999527,0,0.795724
2053,10000,4.78124,4.21697,5.62342,0.0127038,0.01,0.0158489,0.174546,0.15,0.2,0.0660313,0,0.1,4.11309e-05,560810,8637.98,20220.3,0.01,0.95,10,10000,0.938,0.497,193,163,0.0143292,0,0.84456
2054,10000,4.81596,4.21697,5.62342,0.0128834,0.01,0.0158489,0.174274,0.15,0.2,0.155182,0.1,0.2,4.11309e-05,1.44125e+06,15998.9,51965.1,0.01,0.95,10,10000,0.938,0.497,496,351,0.0097648,0,0.707661
2055,10000,4.83001,4.21697,5.62342,0.0127427,0.01,0.0158489,0.173933,0.15,0.2,0.250711,0.2,0.3,4.11309e-05,1.98753e+06,19311.1,71661.5,0.01,0.95,10,10000,0.938,0.497,684,467,0.00846561,0,0.682749
2056,10000,4.86609,4.21697,5.62342,0.0127049,0.01,0.0158489,0.173768,0.15,0.2,0.349539,0.3,0.4,4.11309e-05,2.04855e+06,20683.2,73861.6,0.01,0.95,10,10000,0.938,0.497,705,448,0.00864326,0,0.635461
2057,10000,4.81838,4.21697,5.62342,0.0126473,0.01,0.0158489,0.175677,0.15,0.2,0.447496,0.4,0.5,4.11309e-05,1.73764e+06,18687.9,62651.4,0.01,0.95,10,10000,0.938,0.497,598,390,0.0092637,0,0.652174
2058,10000,4.84095,4.21697,5.62342,0.0126818,0.01,0.0158489,0.174432,0.15,0.2,0.546838,0.5,0.6,4.11309e-05,1.5691e+06,20198,56574.9,0.01,0.95,10,10000,0.938,0.497,540,294,0.0106695,0,0.544444
2059,10000,4.82625,4.21697,5.62342,0.0126058,0.01,0.0158489,0.175482,0.15,0.2,0.64659,0.6,0.7,4.11309e-05,1.17683e+06,15737.6,42431.2,0.01,0.95,10,10000,0.938,0.497,405,256,0.011434,0,0.632099
2060,10000,4.84968,4.21697,5.62342,0.0127434,0.01,0.0158489,0.175627,0.15,0.2,0.746425,0.7,0.8,4.11309e-05,871725,13525.4,31430.5,0.01,0.95,10,10000,0.938,0.497,300,190,0.0132721,0,0.633333
2061,10000,4.84572,4.21697,5.62342,0.0127926,0.01,0.0158489,0.176586,0.15,0.2,0.84936,0.8,0.9,4.11309e-05,682851,11617.1,24620.5,0.01,0.95,10,10000,0.938,0.497,235,155,0.0146944,0,0.659574
2062,10000,4.82742,4.21697,5.62342,0.0127276,0.01,0.0158489,0.174815,0.15,0.2,0.941819,0.9,1,4.11309e-05,447485,9514.08,16134.3,0.01,0.95,10,10000,0.938,0.497,154,100,0.0182943,0,0.649351
2063,10000,4.85162,4.21697,5.62342,0.0125808,0.01,0.0158489,0.175437,0.15,0.2,1.20395,1,1.5,0.000205655,169696,2536.63,6118.47,0.01,0.95,10,10000,0.938,0.497,292,198,0.0130012,0,0.678082
2064,10000,4.85463,4.21697,5.62342,0.0128283,0.01,0.0158489,0.224497,0.2,0.25,0.068076,0,0.1,4.11309e-05,363219,6984.24,13096,0.01,0.95,10,10000,0.938,0.497,125,105,0.0178534,0,0.84
2065,10000,4.80229,4.21697,5.62342,0.0125963,0.01,0.0158489,0.222597,0.2,0.25,0.156061,0.1,0.2,4.11309e-05,845573,10748.6,30487.6,0.01,0.95,10,10000,0.938,0.497,291,242,0.01176,0,0.831615
2066,10000,4.8293,4.21697,5.62342,0.0127293,0.01,0.0158489,0.224039,0.2,0.25,0.25031,0.2,0.3,4.11309e-05,1.22623e+06,12095.9,44212.2,0.01,0.95,10,10000,0.938,0.497,422,379,0.00939717,0,0.898104
2067,10000,4.82301,4.21697,5.62342,0.0126399,0.01,0.0158489,0.223857,0.2,0.25,0.348476,0.3,0.4,4.11309e-05,1.37442e+06,14393,49555.4,0.01,0.95,10,10000,0.938,0.497,473,371,0.00949795,0,0.784355
2068,10000,4.86599,4.21697,5.62342,0.0126776,0.01,0.0158489,0.224129,0.2,0.25,0.449022,0.4,0.5,4.11309e-05,1.31049e+06,14548.5,47250.5,0.01,0.95,10,10000,0.938,0.497,451,339,0.00993612,0,0.751663
2069,10000,4.8249,4.21697,5.62342,0.0126727,0.01,0.0158489,0.223115,0.2,0.25,0.546249,0.5,0.6,4.11309e-05,1.04607e+06,13021.2,37716.6,0.01,0.95,10,10000,0.938,0.497,360,270,0.0111336,0,0.75
2070,10000,4.85594,4.21697,5.62342,0.0123853,0.01,0.0158489,0.22253,0.2,0.25,0.64771,0.6,0.7,4.11309e-05,877536,13178.9,31640,0.01,0.95,10,10000,0.938,0.497,302,199,0.0129685,0,0.65894
2071,10000,4.836,4.21697,5.62342,0.012646,0.01,0.0158489,0.223558,0.2,0.25,0.746916,0.7,0.8,4.11309e-05,700286,12519.2,25249.2,0.01,0.95,10,10000,0.938,0.497,241,146,0.0151405,0,0.605809
2072,10000,4.90463,4.21697,5.62342,0.0126676,0.01,0.0158489,0.223632,0.2,0.25,0.843067,0.8,0.9,4.11309e-05,447485,9803.19,16134.3,0.01,0.95,10,10000,0.938,0.497,154,96,0.0186716,0,0.623377
2073,10000,4.8626,4.21697,5.62342,0.0131244,0.01,0.0158489,0.22466,0.2,0.25,0.946066,0.9,1,4.11309e-05,354501,8986.52,12781.7,0.01,0.95,10,10000,0.938,0.497,122,73,0.0214119,0,0.598361
2074,10000,4.81359,4.21697,5.62342,0.012548,0.01,0.0158489,0.222932,0.2,0.25,1.20129,1,1.5,0.000205655,132502,2399.48,4777.43,0.01,0.95,10,10000,0.938,0.497,228,141,0.0154066,0,0.618421
2075,10000,4.79584,4.21697,5.62342,0.0125924,0.01,0.0158489,0.274709,0.25,0.3,0.0628063,0,0.1,4.11309e-05,220837,5290.04,7962.39,0.01,0.95,10,10000,0.938,0.497,76,66,0.0225188,0,0.868421
2076,10000,4.81755,4.21697,5.62342,0.0128415,0.01,0.0158489,0.274772,0.25,0.3,0.154904,0.1,0.2,4.11309e-05,476543,7554.01,17182,0.01,0.95,10,10000,0.938,0.497,164,147,0.0150889,0,0.896341
2077,10000,4.80712,4.21697,5.62342,0.012801,0.01,0.0158489,0.272804,0.25,0.3,0.25015,0.2,0.3,4.11309e-05,799081,10282.4,28811.3,0.01,0.95,10,10000,0.938,0.497,275,233,0.011985,0,0.847273
2078,10000,4.83442,4.21697,5.62342,0.0127875,0.01,0.0158489,0.273477,0.25,0.3,0.350973,0.3,0.4,4.11309e-05,854290,10416,30801.9,0.01,0.95,10,10000,0.938,0.497,294,255,0.0114564,0,0.867347
2079,10000,4.83297,4.21697,5.62342,0.012723,0.01,0.0158489,0.275206,0.25,0.3,0.449297,0.4,0.5,4.11309e-05,845573,10598,30487.6,0.01,0.95,10,10000,0.938,0.497,291,246,0.011664,0,0.845361
2080,10000,4.85927,4.21697,5.62342,0.0126073,0.01,0.0158489,0.274397,0.25,0.3,0.54897,0.5,0.6,4.11309e-05,688663,10365.8,24830.1,0.01,0.95,10,10000,0.938,0.497,237,182,0.0135607,0,0.767932
2081,10000,4.80636,4.21697,5.62342,0.012893,0.01,0.0158489,0.273908,0.25,0.3,0.648684,0.6,0.7,4.11309e-05,630548,10197,22734.7,0.01,0.95,10,10000,0.938,0.497,217,161,0.014418,0,0.741935
2082,10000,4.88221,4.21697,5.62342,0.0126147,0.01,0.0158489,0.272998,0.25,0.3,0.745603,0.7,0.8,4.11309e-05,464920,8235.32,16762.9,0.01,0.95,10,10000,0.938,0.497,160,128,0.0161701,0,0.8
2083,10000,4.87524,4.21697,5.62342,0.0126956,0.01,0.0158489,0.275406,0.25,0.3,0.845262,0.8,0.9,4.11309e-05,339973,7339.34,12257.9,0.01,0.95,10,10000,0.938,0.497,117,89,0.019392,0,0.760684
2084,10000,4.81414,4.21697,5.62342,0.0126253,0.01,0.0158489,0.273667,0.25,0.3,0.95509,0.9,1,4.11309e-05,235366,6493.44,8486.23,0.01,0.95,10,10000,0.938,0.497,81,57,0.0242314,0,0.703704
2085,10000,4.8301,4.21697,5.62342,0.0124574,0.01,0.0158489,0.273464,0.25,0.3,1.19263,1,1.5,0.000205655,112162,2267.35,4044.06,0.01,0.95,10,10000,0.938,0.497,193,115,0.0170596,0,0.595855
2086,10000,4.75963,4.21697,5.62342,0.0125031,0.01,0.0158489,0.336908,0.3,0.4,0.0641447,0,0.1,8.22618e-05,91531.1,2248.16,3300.2,0.01,0.95,10,10000,0.938,0.497,63,59,0.0238172,0,0.936508
2087,10000,4.7995,4.21697,5.62342,0.0125972,0.01,0.0158489,0.343049,0.3,0.4,0.159686,0.1,0.2,8.22618e-05,294934,4507.41,10634,0.01,0.95,10,10000,0.938,0.497,203,168,0.0141144,0,0.827586
2088,10000,4.7842,4.21697,5.62342,0.0127265,0.01,0.0158489,0.341832,0.3,0.4,0.250001,0.2,0.3,8.22618e-05,457656,5411.99,16501,0.01,0.95,10,10000,0.938,0.497,315,272,0.0110926,0,0.863492
2089,10000,4.81354,4.21697,5.62342,0.0127255,0.01,0.0158489,0.3462,0.3,0.4,0.349604,0.3,0.4,8.22618e-05,451844,5146.83,16291.5,0.01,0.95,10,10000,0.938,0.497,311,282,0.0108941,0,0.906752
2090,10000,4.85893,4.21697,5.62342,0.0125952,0.01,0.0158489,0.344359,0.3,0.4,0.450556,0.4,0.5,8.22618e-05,485260,5700.6,17496.3,0.01,0.95,10,10000,0.938,0.497,334,281,0.0109135,0,0.841317
2091,10000,4.82628,4.21697,5.62342,0.0125733,0.01,0.0158489,0.344662,0.3,0.4,0.550846,0.5,0.6,8.22618e-05,489619,5431.64,17653.5,0.01,0.95,10,10000,0.938,0.497,337,301,0.0105447,0,0.893175
2092,10000,4.8864,4.21697,5.62342,0.0126035,0.01,0.0158489,0.347988,0.3,0.4,0.650588,0.6,0.7,8.22618e-05,373389,4965.11,13462.7,0.01,0.95,10,10000,0.938,0.497,257,218,0.0123905,0,0.848249
2093,10000,4.81469,4.21697,5.62342,0.0127299,0.01,0.0158489,0.348966,0.3,0.4,0.745898,0.7,0.8,8.22618e-05,292028,4335.48,10529.2,0.01,0.95,10,10000,0.938,0.497,201,173,0.0139089,0,0.860697
2094,10000,4.80421,4.21697,5.62342,0.0127623,0.01,0.0158489,0.343562,0.3,0.4,0.841887,0.8,0.9,8.22618e-05,268782,4281.51,9691.07,0.01,0.95,10,10000,0.938,0.497,185,154,0.014742,0,0.832432
2095,10000,4.7933,4.21697,5.62342,0.0123897,0.01,0.0158489,0.346691,0.3,0.4,0.945002,0.9,1,8.22618e-05,177251,3552.97,6390.87,0.01,0.95,10,10000,0.938,0.497,122,99,0.0183865,0,0.811475
2096,10000,4.84544,4.21697,5.62342,0.0125548,0.01,0.0158489,0.344252,0.3,0.4,1.19124,1,1.5,0.000411309,78164.7,1156.33,2818.27,0.01,0.95,10,10000,0.938,0.497,269,195,0.0131008,0,0.724907
2097,10000,4.72702,4.21697,5.62342,0.0129831,0.01,0.0158489,0.443242,0.4,0.5,0.0633765,0,0.1,8.22618e-05,39227.6,1544.12,1414.37,0.01,0.95,10,10000,0.938,0.497,27,24,0.0373432,0,0.888889
2098,10000,4.66358,4.21697,5.62342,0.012431,0.01,0.0158489,0.443642,0.4,0.5,0.153388,0.1,0.2,8.22618e-05,129306,2682.64,4662.19,0.01,0.95,10,10000,0.938,0.497,89,83,0.0200806,0,0.932584
2099,10000,4.85012,4.21697,5.62342,0.0129031,0.01,0.0158489,0.447986,0.4,0.5,0.249451,0.2,0.3,8.22618e-05,200497,3560.05,7229.01,0.01,0.95,10,10000,0.938,0.497,138,120,0.0167004,0,0.869565
2100,10000,4.76191,4.21697,5.62342,0.0127704,0.01,0.0158489,0.443013,0.4,0.5,0.352813,0.3,0.4,8.22618e-05,222290,3825.39,8014.77,0.01,0.95,10,10000,0.938,0.497,153,130,0.0160452,0,0.849673
2101,10000,4.74974,4.21697,5.62342,0.0128615,0.01,0.0158489,0.443598,0.4,0.5,0.451605,0.4,0.5,8.22618e-05,225196,3842.68,8119.54,0.01,0.95,10,10000,0.938,0.497,155,132,0.0159232,0,0.851613
2102,10000,4.80576,4.21697,5.62342,0.0125328,0.01,0.0158489,0.442866,0.4,0.5,0.545903,0.5,0.6,8.22618e-05,213573,3773.26,7700.47,0.01,0.95,10,10000,0.938,0.497,147,124,0.0164288,0,0.843537
2103,10000,4.81592,4.21697,5.62342,0.0127063,0.01,0.0158489,0.44181,0.4,0.5,0.64716,0.6,0.7,8.22618e-05,197591,3488.55,7124.24,0.01,0.95,10,10000,0.938,0.497,136,120,0.0167004,0,0.882353
2104,10000,4.86613,4.21697,5.62342,0.0129553,0.01,0.0158489,0.447209,0.4,0.5,0.744688,0.7,0.8,8.22618e-05,151099,3165.27,5447.95,0.01,0.95,10,10000,0.938,0.497,104,88,0.0195018,0,0.846154
2105,10000,4.87951,4.21697,5.62342,0.0128375,0.01,0.0158489,0.439911,0.4,0.5,0.84429,0.8,0.9,8.22618e-05,110418,2680.74,3981.19,0.01,0.95,10,10000,0.938,0.497,76,65,0.0226913,0,0.855263
2106,10000,4.87297,4.21697,5.62342,0.0127642,0.01,0.0158489,0.440796,0.4,0.5,0.94819,0.9,1,8.22618e-05,98795.5,2503.91,3562.12,0.01,0.95,10,10000,0.938,0.497,68,59,0.0238172,0,0.867647
2107,10000,4.78901,4.21697,5.62342,0.0124809,0.01,0.0158489,0.448053,0.4,0.5,1.20773,1,1.5,0.000411309,41842.8,788.095,1508.66,0.01,0.95,10,10000,0.938,0.497,144,114,0.0171342,0,0.791667
2108,10000,4.62157,4.21697,5.62342,0.0122304,0.01,0.0158489,0.539927,0.5,0.6,0.0507255,0,0.1,8.22618e-05,20340.2,1236.34,733.378,0.01,0.95,10,10000,0.938,0.497,14,11,0.0551595,0,0.785714
2109,10000,4.87531,4.21697,5.62342,0.0124503,0.01,0.0158489,0.541931,0.5,0.6,0.159662,0.1,0.2,8.22618e-05,43586.2,1556.33,1571.52,0.01,0.95,10,10000,0.938,0.497,30,28,0.0345731,0,0.933333
2110,10000,4.83815,4.21697,5.62342,0.0128728,0.01,0.0158489,0.547397,0.5,0.6,0.244711,0.2,0.3,8.22618e-05,68285.1,2117.19,2462.05,0.01,0.95,10,10000,0.938,0.497,47,40,0.0289259,0,0.851064
2111,10000,4.74581,4.21697,5.62342,0.012695,0.01,0.0158489,0.542695,0.5,0.6,0.356774,0.3,0.4,8.22618e-05,117683,2742.41,4243.12,0.01,0.95,10,10000,0.938,0.497,81,70,0.0218659,0,0.864198
2112,10000,4.8248,4.21697,5.62342,0.0128894,0.01,0.0158489,0.538932,0.5,0.6,0.453116,0.4,0.5,8.22618e-05,101701,2530.71,3666.89,0.01,0.95,10,10000,0.938,0.497,70,61,0.0234235,0,0.871429
2113,10000,4.72702,4.21697,5.62342,0.0126747,0.01,0.0158489,0.548671,0.5,0.6,0.549428,0.5,0.6,8.22618e-05,117683,2922.24,4243.12,0.01,0.95,10,10000,0.938,0.497,81,65,0.0226913,0,0.802469
2114,10000,4.87988,4.21697,5.62342,0.0126503,0.01,0.0158489,0.543062,0.5,0.6,0.653002,0.6,0.7,8.22618e-05,72643.7,2350.51,2619.21,0.01,0.95,10,10000,0.938,0.497,50,39,0.0292944,0,0.78
2115,10000,4.88609,4.21697,5.62342,0.0124258,0.01,0.0158489,0.547367,0.5,0.6,0.746937,0.7,0.8,8.22618e-05,77002.4,2296.95,2776.36,0.01,0.95,10,10000,0.938,0.497,53,44,0.0275798,0,0.830189
2116,10000,4.76654,4.21697,5.62342,0.0125688,0.01,0.0158489,0.555951,0.5,0.6,0.850454,0.8,0.9,8.22618e-05,50850.6,1984.41,1833.44,0.01,0.95,10,10000,0.938,0.497,35,27,0.0352075,0,0.771429
2117,10000,4.79308,4.21697,5.62342,0.0127089,0.01,0.0158489,0.543645,0.5,0.6,0.949701,0.9,1,8.22618e-05,55209.2,2145.25,1990.6,0.01,0.95,10,10000,0.938,0.497,38,28,0.0345731,0,0.736842
2118,10000,4.76097,4.21697,5.62342,0.0123353,0.01,0.0158489,0.546678,0.5,0.6,1.21968,1,1.5,0.000411309,20340.2,513.562,733.378,0.01,0.95,10,10000,0.938,0.497,70,60,0.0236179,0,0.857143
2119,10000,5.26943,4.21697,5.62342,0.0119687,0.01,0.0158489,0.617853,0.6,0.7,0.0783015,0,0.1,8.22618e-05,11623,1564.95,419.073,0.01,0.95,10,10000,0.938,0.497,8,3,0.105622,0,0.375
2120,10000,4.83437,4.21697,5.62342,0.0128323,0.01,0.0158489,0.6425,0.6,0.7,0.146408,0.1,0.2,8.22618e-05,20340.2,1236.34,733.378,0.01,0.95,10,10000,0.938,0.497,14,11,0.0551595,0,0.785714
2121,10000,4.95966,4.21697,5.62342,0.0126252,0.01,0.0158489,0.639999,0.6,0.7,0.253454,0.2,0.3,8.22618e-05,53756.4,2013.97,1938.21,0.01,0.95,10,10000,0.938,0.497,37,29,0.0339717,0,0.783784
2122,10000,4.81886,4.21697,5.62342,0.0125916,0.01,0.0158489,0.637782,0.6,0.7,0.358689,0.3,0.4,8.22618e-05,40680.5,1510.77,1466.76,0.01,0.95,10,10000,0.938,0.497,28,26,0.0358782,0,0.928571
2123,10000,4.67753,4.21697,5.62342,0.0124838,0.01,0.0158489,0.6459,0.6,0.7,0.452303,0.4,0.5,8.22618e-05,55209.2,2145.25,1990.6,0.01,0.95,10,10000,0.938,0.497,38,28,0.0345731,0,0.736842
2124,10000,4.82197,4.21697,5.62342,0.0130941,0.01,0.0158489,0.645853,0.6,0.7,0.545289,0.5,0.6,8.22618e-05,62473.6,2054.06,2252.52,0.01,0.95,10,10000,0.938,0.497,43,36,0.0304906,0,0.837209
2125,10000,4.68265,4.21697,5.62342,0.0128703,0.01,0.0158489,0.643749,0.6,0.7,0.645999,0.6,0.7,8.22618e-05,53756.4,1802.11,1938.21,0.01,0.95,10,10000,0.938,0.497,37,33,0.0318464,0,0.891892
2126,10000,4.74531,4.21697,5.62342,0.0130759,0.01,0.0158489,0.646636,0.6,0.7,0.747582,0.7,0.8,8.22618e-05,36321.9,1439.9,1309.6,0.01,0.95,10,10000,0.938,0.497,25,23,0.0381463,0,0.92
2127,10000,4.87364,4.21697,5.62342,0.0130799,0.01,0.0158489,0.647804,0.6,0.7,0.834517,0.8,0.9,8.22618e-05,26151.7,-nan,942.915,0.01,0.95,10,10000,0.938,0.497,18,19,0.0419701,0,1.05556
2128,10000,4.84196,4.21697,5.62342,0.012313,0.01,0.0158489,0.655286,0.6,0.7,0.942187,0.9,1,8.22618e-05,24698.9,1309.85,890.53,0.01,0.95,10,10000,0.938,0.497,17,14,0.0488937,0,0.823529
2129,10000,4.72158,4.21697,5.62342,0.0129544,0.01,0.0158489,0.642109,0.6,0.7,1.21404,1,1.5,0.000411309,15981.6,473.813,576.226,0.01,0.95,10,10000,0.938,0.497,55,45,0.0272716,0,0.818182
2130,10000,5.0062,4.21697,5.62342,0.0103892,0.01,0.0158489,0.717686,0.7,0.8,0.0439939,0,0.1,8.22618e-05,2905.75,375.889,104.768,0.01,0.95,10,10000,0.938,0.497,2,2,0.129361,0,1
2131,10000,4.96632,4.21697,5.62342,0.0124727,0.01,0.0158489,0.746579,0.7,0.8,0.16292,0.1,0.2,8.22618e-05,14528.7,929.223,523.841,0.01,0.95,10,10000,0.938,0.497,10,9,0.0609811,0,0.9
2132,10000,4.86815,4.21697,5.62342,0.0125956,0.01,0.0158489,0.736543,0.7,0.8,0.24574,0.2,0.3,8.22618e-05,27604.6,1434.63,995.299,0.01,0.95,10,10000,0.938,0.497,19,15,0.0472358,0,0.789474
2133,10000,4.69798,4.21697,5.62342,0.0133472,0.01,0.0158489,0.742877,0.7,0.8,0.349626,0.3,0.4,8.22618e-05,29057.5,1382.61,1047.68,0.01,0.95,10,10000,0.938,0.497,20,17,0.0443703,0,0.85
2134,10000,4.70328,4.21697,5.62342,0.0135476,0.01,0.0158489,0.738115,0.7,0.8,0.43407,0.4,0.5,8.22618e-05,31963.2,1571.14,1152.45,0.01,0.95,10,10000,0.938,0.497,22,17,0.0443703,0,0.772727
2135,10000,4.81084,4.21697,5.62342,0.0131393,0.01,0.0158489,0.75378,0.7,0.8,0.53726,0.5,0.6,8.22618e-05,29057.5,1534.56,1047.68,0.01,0.95,10,10000,0.938,0.497,20,15,0.0472358,0,0.75
2136,10000,4.61885,4.21697,5.62342,0.0129088,0.01,0.0158489,0.747096,0.7,0.8,0.652241,0.6,0.7,8.22618e-05,20340.2,1444.99,733.378,0.01,0.95,10,10000,0.938,0.497,14,9,0.0609811,0,0.642857
2137,10000,4.54001,4.21697,5.62342,0.0121707,0.01,0.0158489,0.756583,0.7,0.8,0.76525,0.7,0.8,8.22618e-05,11623,751.778,419.073,0.01,0.95,10,10000,0.938,0.497,8,8,0.0646803,0,1
2138,10000,4.7098,4.21697,5.62342,0.0122753,0.01,0.0158489,0.757133,0.7,0.8,0.820741,0.8,0.9,8.22618e-05,13075.9,1285.74,471.457,0.01,0.95,10,10000,0.938,0.497,9,5,0.0818148,0,0.555556
2139,10000,4.58805,4.21697,5.62342,0.0129681,0.01,0.0158489,0.726835,0.7,0.8,0.909539,0.9,1,8.22618e-05,4358.62,-nan,157.152,0.01,0.95,10,10000,0.938,0.497,3,4,0.0914717,0,1.33333
2140,10000,5.01851,4.21697,5.62342,0.0125131,0.01,0.0158489,0.750499,0.7,0.8,1.23377,1,1.5,0.000411309,5230.35,266.855,188.583,0.01,0.95,10,10000,0.938,0.497,18,15,0.0472358,0,0.833333
2141,10000,4.99801,4.21697,5.62342,0.0112247,0.01,0.0158489,0.832366,0.8,0.9,0.0574246,0,0.1,8.22618e-05,2905.75,375.889,104.768,0.01,0.95,10,10000,0.938,0.497,2,2,0.129361,0,1
2142,10000,4.75017,4.21697,5.62342,0.0132515,0.01,0.0158489,0.839104,0.8,0.9,0.164154,0.1,0.2,8.22618e-05,11623,751.778,419.073,0.01,0.95,10,10000,0.938,0.497,8,8,0.0646803,0,1
2143,10000,4.90547,4.21697,5.62342,0.0138722,0.01,0.0158489,0.855411,0.8,0.9,0.262208,0.2,0.3,8.22618e-05,7264.37,727.906,261.921,0.01,0.95,10,10000,0.938,0.497,5,4,0.0914717,0,0.8
2144,10000,4.72767,4.21697,5.62342,0.0115106,0.01,0.0158489,0.843198,0.8,0.9,0.349316,0.3,0.4,8.22618e-05,10170.1,1111.9,366.689,0.01,0.95,10,10000,0.938,0.497,7,4,0.0914717,0,0.571429
2145,10000,4.77441,4.21697,5.62342,0.0139481,0.01,0.0158489,0.842686,0.8,0.9,0.449159,0.4,0.5,8.22618e-05,13075.9,891.5,471.457,0.01,0.95,10,10000,0.938,0.497,9,8,0.0646803,0,0.888889
2146,10000,4.82063,4.21697,5.62342,0.0132965,0.01,0.0158489,0.844374,0.8,0.9,0.570265,0.5,0.6,8.22618e-05,10170.1,943.474,366.689,0.01,0.95,10,10000,0.938,0.497,7,5,0.0818148,0,0.714286
2147,10000,4.55419,4.21697,5.62342,0.0123693,0.01,0.0158489,0.832311,0.8,0.9,0.651146,0.6,0.7,8.22618e-05,10170.1,703.224,366.689,0.01,0.95,10,10000,0.938,0.497,7,7,0.0691461,0,1
2148,10000,5.10802,4.21697,5.62342,0.0127961,0.01,0.0158489,0.832925,0.8,0.9,0.72968,0.7,0.8,8.22618e-05,7264.37,727.906,261.921,0.01,0.95,10,10000,0.938,0.497,5,4,0.0914717,0,0.8
2149,10000,5.3016,4.21697,5.62342,0.0132296,0.01,0.0158489,0.860332,0.8,0.9,0.85915,0.8,0.9,8.22618e-05,4358.62,651.059,157.152,0.01,0.95,10,10000,0.938,0.497,3,2,0.129361,0,0.666667
2150,10000,4.72125,4.21697,5.62342,0.0123396,0.01,0.0158489,0.849587,0.8,0.9,0.923031,0.9,1,8.22618e-05,4358.62,651.059,157.152,0.01,0.95,10,10000,0.938,0.497,3,2,0.129361,0,0.666667
2151,10000,4.7239,4.21697,5.62342,0.0121454,0.01,0.0158489,0.830898,0.8,0.9,1.12251,1,1.5,0.000411309,3486.9,217.886,125.722,0.01,0.95,10,10000,0.938,0.497,12,10,0.0578518,0,0.833333
2152,10000,4.96507,4.21697,5.62342,0.013685,0.01,0.0158489,0.973321,0.9,1,0.170308,0.1,0.2,8.22618e-05,2905.75,375.889,104.768,0.01,0.95,10,10000,0.938,0.497,2,2,0.129361,0,1
2153,10000,4.60973,4.21697,5.62342,0.0147596,0.01,0.0158489,0.969609,0.9,1,0.252292,0.2,0.3,8.22618e-05,5811.5,686.277,209.537,0.01,0.95,10,10000,0.938,0.497,4,3,0.105622,0,0.75
2154,10000,4.64773,4.21697,5.62342,0.0118782,0.01,0.0158489,0.938025,0.9,1,0.357994,0.3,0.4,8.22618e-05,7264.37,-nan,261.921,0.01,0.95,10,10000,0.938,0.497,5,6,0.0746863,0,1.2
2155,10000,5.07254,4.21697,5.62342,0.0116164,0.01,0.0158489,0.926682,0.9,1,0.462449,0.4,0.5,8.22618e-05,7264.37,594.333,261.921,0.01,0.95,10,10000,0.938,0.497,5,5,0.0818148,0,1
2156,10000,4.68445,4.21697,5.62342,0.0111398,0.01,0.0158489,0.932615,0.9,1,0.629525,0.6,0.7,8.22618e-05,4358.62,460.368,157.152,0.01,0.95,10,10000,0.938,0.497,3,3,0.105622,0,1
2157,10000,4.32726,4.21697,5.62342,0.0100358,0.01,0.0158489,0.903827,0.9,1,0.729021,0.7,0.8,8.22618e-05,1452.87,265.794,52.3841,0.01,0.95,10,10000,0.938,0.497,1,1,0.182943,0,1
2158,10000,4.67529,4.21697,5.62342,0.0121573,0.01,0.0158489,0.964341,0.9,1,0.864684,0.8,0.9,8.22618e-05,1452.87,265.794,52.3841,0.01,0.95,10,10000,0.938,0.497,1,1,0.182943,0,1
2159,10000,4.51482,4.21697,5.62342,0.0128982,0.01,0.0158489,0.913459,0.9,1,1.05207,1,1.5,0.000411309,871.725,130.212,31.4305,0.01,0.95,10,10000,0.938,0.497,3,2,0.129361,0,0.666667
2160,10000,4.78101,4.21697,5.62342,0.0203242,0.0158489,0.0251189,0.0701115,0.05,0.1,0.0649885,0,0.1,6.51889e-05,834188,10815.3,30077.1,0.01,0.95,10,10000,0.938,0.497,455,277,0.010992,0,0.608791
2161,10000,4.75982,4.21697,5.62342,0.0202643,0.0158489,0.0251189,0.0707743,0.05,0.1,0.151244,0.1,0.2,6.51889e-05,2.17806e+06,18276.1,78530.9,0.01,0.95,10,10000,0.938,0.497,1188,679,0.00702072,0,0.571549
2162,10000,4.77941,4.21697,5.62342,0.020333,0.0158489,0.0251189,0.07101,0.05,0.1,0.248963,0.2,0.3,6.51889e-05,2.50256e+06,21224.9,90231.2,0.01,0.95,10,10000,0.938,0.497,1365,694,0.00694444,0,0.508425
2163,10000,4.73586,4.21697,5.62342,0.0205606,0.0158489,0.0251189,0.0694354,0.05,0.1,0.348389,0.3,0.4,6.51889e-05,2.55207e+06,20645.6,92016,0.01,0.95,10,10000,0.938,0.497,1392,748,0.00668907,0,0.537356
2164,10000,4.75636,4.21697,5.62342,0.0204018,0.0158489,0.0251189,0.0706976,0.05,0.1,0.449384,0.4,0.5,6.51889e-05,2.35956e+06,18817.7,85075.2,0.01,0.95,10,10000,0.938,0.497,1287,747,0.00669355,0,0.58042
2165,10000,4.78188,4.21697,5.62342,0.0204016,0.0158489,0.0251189,0.0702971,0.05,0.1,0.548844,0.5,0.6,6.51889e-05,1.72888e+06,15005.5,62335.6,0.01,0.95,10,10000,0.938,0.497,943,604,0.00744386,0,0.640509
2166,10000,4.73255,4.21697,5.62342,0.0203338,0.0158489,0.0251189,0.0716563,0.05,0.1,0.647364,0.6,0.7,6.51889e-05,1.25953e+06,12271.5,45413.1,0.01,0.95,10,10000,0.938,0.497,687,466,0.00847469,0,0.678311
2167,10000,4.82534,4.21697,5.62342,0.0201695,0.0158489,0.0251189,0.0715764,0.05,0.1,0.746382,0.7,0.8,6.51889e-05,1.03586e+06,10625.9,37348.5,0.01,0.95,10,10000,0.938,0.497,565,407,0.00906817,0,0.720354
2168,10000,4.81566,4.21697,5.62342,0.020013,0.0158489,0.0251189,0.0734481,0.05,0.1,0.847224,0.8,0.9,6.51889e-05,722352,8560.12,26044.8,0.01,0.95,10,10000,0.938,0.497,394,297,0.0106155,0,0.753807
2169,10000,4.81281,4.21697,5.62342,0.0202275,0.0158489,0.0251189,0.0716236,0.05,0.1,0.948232,0.9,1,6.51889e-05,445511,6669.14,16063.1,0.01,0.95,10,10000,0.938,0.497,243,185,0.0134503,0,0.761317
2170,10000,4.87691,4.21697,5.62342,0.0201378,0.0158489,0.0251189,0.0740367,0.05,0.1,1.18818,1,1.5,0.000325945,151804,1647.5,5473.37,0.01,0.95,10,10000,0.938,0.497,414,337,0.00996556,0,0.81401
2171,10000,4.84205,4.21697,5.62342,0.0199911,0.0158489,0.0251189,0.125589,0.1,0.15,0.064984,0,0.1,6.51889e-05,511513,8253.66,18442.9,0.01,0.95,10,10000,0.938,0.497,279,176,0.0137899,0,0.630824
2172,10000,4.87219,4.21697,5.62342,0.0200026,0.0158489,0.0251189,0.12452,0.1,0.15,0.154216,0.1,0.2,6.51889e-05,1.38054e+06,13685.8,49775.9,0.01,0.95,10,10000,0.938,0.497,753,469,0.00844754,0,0.622842
2173,10000,4.84647,4.21697,5.62342,0.0200357,0.0158489,0.0251189,0.125752,0.1,0.15,0.249718,0.2,0.3,6.51889e-05,1.75638e+06,16444.3,63327.1,0.01,0.95,10,10000,0.938,0.497,958,546,0.00782925,0,0.569937
2174,10000,4.86566,4.21697,5.62342,0.0197981,0.0158489,0.0251189,0.124807,0.1,0.15,0.349949,0.3,0.4,6.51889e-05,1.64638e+06,16713.6,59360.9,0.01,0.95,10,10000,0.938,0.497,898,477,0.0083764,0,0.53118
2175,10000,4.86776,4.21697,5.62342,0.0197615,0.0158489,0.0251189,0.124449,0.1,0.15,0.449081,0.4,0.5,6.51889e-05,1.49237e+06,14777.2,53808.2,0.01,0.95,10,10000,0.938,0.497,814,481,0.0083415,0,0.590909
2176,10000,4.83727,4.21697,5.62342,0.0200286,0.0158489,0.0251189,0.123505,0.1,0.15,0.548967,0.5,0.6,6.51889e-05,1.2137e+06,13354.9,43760.5,0.01,0.95,10,10000,0.938,0.497,662,390,0.0092637,0,0.589124
2177,10000,4.83157,4.21697,5.62342,0.0199107,0.0158489,0.0251189,0.12443,0.1,0.15,0.647852,0.6,0.7,6.51889e-05,938691,11734.6,33845,0.01,0.95,10,10000,0.938,0.497,512,302,0.0105272,0,0.589844
2178,10000,4.79645,4.21697,5.62342,0.0200205,0.0158489,0.0251189,0.123048,0.1,0.15,0.747853,0.7,0.8,6.51889e-05,595849,8814.35,21483.6,0.01,0.95,10,10000,0.938,0.497,325,208,0.0126848,0,0.64
2179,10000,4.86476,4.21697,5.62342,0.0198191,0.0158489,0.0251189,0.123575,0.1,0.15,0.847917,0.8,0.9,6.51889e-05,495013,7243.22,17847.9,0.01,0.95,10,10000,0.938,0.497,270,198,0.0130012,0,0.733333
2180,10000,4.84824,4.21697,5.62342,0.0204072,0.0158489,0.0251189,0.124199,0.1,0.15,0.947712,0.9,1,6.51889e-05,352009,5868.74,12691.9,0.01,0.95,10,10000,0.938,0.497,192,148,0.0150379,0,0.770833
2181,10000,4.83298,4.21697,5.62342,0.0198812,0.0158489,0.0251189,0.124623,0.1,0.15,1.17559,1,1.5,0.000325945,125770,1542.1,4534.7,0.01,0.95,10,10000,0.938,0.497,343,270,0.0111336,0,0.787172
2182,10000,4.79071,4.21697,5.62342,0.020004,0.0158489,0.0251189,0.173634,0.15,0.2,0.0654499,0,0.1,6.51889e-05,337342,5454.06,12163,0.01,0.95,10,10000,0.938,0.497,184,151,0.0148877,0,0.820652
2183,10000,4.81652,4.21697,5.62342,0.0200896,0.0158489,0.0251189,0.173493,0.15,0.2,0.156476,0.1,0.2,6.51889e-05,837855,9338.16,30209.3,0.01,0.95,10,10000,0.938,0.497,457,339,0.00993612,0,0.741794
2184,10000,4.83843,4.21697,5.62342,0.0199902,0.0158489,0.0251189,0.173559,0.15,0.2,0.249474,0.2,0.3,6.51889e-05,1.1312e+06,10807,40785.8,0.01,0.95,10,10000,0.938,0.497,617,460,0.00852978,0,0.745543
2185,10000,4.82397,4.21697,5.62342,0.0198789,0.0158489,0.0251189,0.173687,0.15,0.2,0.349291,0.3,0.4,6.51889e-05,1.14586e+06,11872.6,41314.7,0.01,0.95,10,10000,0.938,0.497,625,416,0.00896954,0,0.6656
2186,10000,4.81091,4.21697,5.62342,0.0201629,0.0158489,0.0251189,0.174656,0.15,0.2,0.44978,0.4,0.5,6.51889e-05,1.08903e+06,11582.5,39265.5,0.01,0.95,10,10000,0.938,0.497,594,395,0.00920488,0,0.664983
2187,10000,4.81339,4.21697,5.62342,0.0198528,0.0158489,0.0251189,0.173758,0.15,0.2,0.547066,0.5,0.6,6.51889e-05,892856,10606.2,32192.4,0.01,0.95,10,10000,0.938,0.497,487,319,0.0102429,0,0.655031
2188,10000,4.83784,4.21697,5.62342,0.0202163,0.0158489,0.0251189,0.175038,0.15,0.2,0.644984,0.6,0.7,6.51889e-05,628850,8717.98,22673.5,0.01,0.95,10,10000,0.938,0.497,343,231,0.0120368,0,0.673469
2189,10000,4.77954,4.21697,5.62342,0.0199404,0.0158489,0.0251189,0.175263,0.15,0.2,0.745926,0.7,0.8,6.51889e-05,484012,7674.29,17451.3,0.01,0.95,10,10000,0.938,0.497,264,177,0.0137509,0,0.670455
2190,10000,4.75876,4.21697,5.62342,0.02033,0.0158489,0.0251189,0.174137,0.15,0.2,0.847442,0.8,0.9,6.51889e-05,320842,6641.78,11568.1,0.01,0.95,10,10000,0.938,0.497,175,108,0.0176037,0,0.617143
2191,10000,4.88247,4.21697,5.62342,0.0199675,0.0158489,0.0251189,0.171918,0.15,0.2,0.957084,0.9,1,6.51889e-05,242006,5740.97,8725.66,0.01,0.95,10,10000,0.938,0.497,132,82,0.0202027,0,0.621212
2192,10000,4.82809,4.21697,5.62342,0.0200235,0.0158489,0.0251189,0.173161,0.15,0.2,1.18241,1,1.5,0.000325945,99369.2,1515.33,3582.81,0.01,0.95,10,10000,0.938,0.497,271,188,0.0133425,0,0.693727
2193,10000,4.76957,4.21697,5.62342,0.0195648,0.0158489,0.0251189,0.223494,0.2,0.25,0.0719335,0,0.1,6.51889e-05,207172,4342.65,7469.69,0.01,0.95,10,10000,0.938,0.497,113,91,0.0191777,0,0.80531
2194,10000,4.83112,4.21697,5.62342,0.0201522,0.0158489,0.0251189,0.22279,0.2,0.25,0.155578,0.1,0.2,6.51889e-05,535347,6984.57,19302.2,0.01,0.95,10,10000,0.938,0.497,292,235,0.0119339,0,0.804795
2195,10000,4.83652,4.21697,5.62342,0.0200441,0.0158489,0.0251189,0.222142,0.2,0.25,0.249284,0.2,0.3,6.51889e-05,707685,8044.58,25515.9,0.01,0.95,10,10000,0.938,0.497,386,310,0.0103905,0,0.803109
2196,10000,4.81109,4.21697,5.62342,0.0204974,0.0158489,0.0251189,0.223369,0.2,0.25,0.349538,0.3,0.4,6.51889e-05,773687,8368.21,27895.7,0.01,0.95,10,10000,0.938,0.497,422,341,0.00990694,0,0.808057
2197,10000,4.79282,4.21697,5.62342,0.0203023,0.0158489,0.0251189,0.224991,0.2,0.25,0.445234,0.4,0.5,6.51889e-05,678351,8128.59,24458.3,0.01,0.95,10,10000,0.938,0.497,370,286,0.0108177,0,0.772973
2198,10000,4.84915,4.21697,5.62342,0.0200923,0.0158489,0.0251189,0.224139,0.2,0.25,0.54682,0.5,0.6,6.51889e-05,617849,8279.87,22276.9,0.01,0.95,10,10000,0.938,0.497,337,240,0.0118089,0,0.712166
2199,10000,4.84039,4.21697,5.62342,0.0200689,0.0158489,0.0251189,0.225265,0.2,0.25,0.650298,0.6,0.7,6.51889e-05,484012,7359.15,17451.3,0.01,0.95,10,10000,0.938,0.497,264,187,0.0133781,0,0.708333
2200,10000,4.82394,4.21697,5.62342,0.020573,0.0158489,0.0251189,0.223247,0.2,0.25,0.748865,0.7,0.8,6.51889e-05,418011,7092.18,15071.6,0.01,0.95,10,10000,0.938,0.497,228,154,0.014742,0,0.675439
2201,10000,4.83562,4.21697,5.62342,0.0195519,0.0158489,0.0251189,0.225395,0.2,0.25,0.846217,0.8,0.9,6.51889e-05,302508,6263,10907.1,0.01,0.95,10,10000,0.938,0.497,165,106,0.017769,0,0.642424
2202,10000,4.91183,4.21697,5.62342,0.0201235,0.0158489,0.0251189,0.225682,0.2,0.25,0.94938,0.9,1,6.51889e-05,177838,5318.91,6412.04,0.01,0.95,10,10000,0.938,0.497,97,54,0.0248954,0,0.556701
2203,10000,4.78761,4.21697,5.62342,0.0197885,0.0158489,0.0251189,0.224332,0.2,0.25,1.2022,1,1.5,0.000325945,90935.7,1581.71,3278.73,0.01,0.95,10,10000,0.938,0.497,248,153,0.0147901,0,0.616935
2204,10000,4.90237,4.21697,5.62342,0.0200644,0.0158489,0.0251189,0.270808,0.25,0.3,0.0648999,0,0.1,6.51889e-05,108169,3111.17,3900.1,0.01,0.95,10,10000,0.938,0.497,59,48,0.0264056,0,0.813559
2205,10000,4.79949,4.21697,5.62342,0.0203884,0.0158489,0.0251189,0.272072,0.25,0.3,0.152474,0.1,0.2,6.51889e-05,324508,5388.7,11700.3,0.01,0.95,10,10000,0.938,0.497,177,144,0.0152453,0,0.813559
2206,10000,4.81482,4.21697,5.62342,0.0203076,0.0158489,0.0251189,0.272511,0.25,0.3,0.248231,0.2,0.3,6.51889e-05,445511,6225.82,16063.1,0.01,0.95,10,10000,0.938,0.497,243,201,0.0129038,0,0.82716
2207,10000,4.84007,4.21697,5.62342,0.0199153,0.0158489,0.0251189,0.27329,0.25,0.3,0.34987,0.3,0.4,6.51889e-05,539014,6804.67,19434.4,0.01,0.95,10,10000,0.938,0.497,294,245,0.0116878,0,0.833333
2208,10000,4.77754,4.21697,5.62342,0.0199595,0.0158489,0.0251189,0.275083,0.25,0.3,0.452447,0.4,0.5,6.51889e-05,452845,6472.36,16327.6,0.01,0.95,10,10000,0.938,0.497,247,197,0.0130342,0,0.797571
2209,10000,4.85432,4.21697,5.62342,0.0200775,0.0158489,0.0251189,0.272315,0.25,0.3,0.545074,0.5,0.6,6.51889e-05,399677,5687.8,14410.6,0.01,0.95,10,10000,0.938,0.497,218,188,0.0133425,0,0.862385
2210,10000,4.84665,4.21697,5.62342,0.0199825,0.0158489,0.0251189,0.275839,0.25,0.3,0.650001,0.6,0.7,6.51889e-05,341009,5755.88,12295.2,0.01,0.95,10,10000,0.938,0.497,186,144,0.0152453,0,0.774194
2211,10000,4.79646,4.21697,5.62342,0.0201046,0.0158489,0.0251189,0.275295,0.25,0.3,0.750038,0.7,0.8,6.51889e-05,262173,4926.62,9452.8,0.01,0.95,10,10000,0.938,0.497,143,114,0.0171342,0,0.797203
2212,10000,4.83477,4.21697,5.62342,0.0198862,0.0158489,0.0251189,0.276227,0.25,0.3,0.848672,0.8,0.9,6.51889e-05,198005,4590.16,7139.18,0.01,0.95,10,10000,0.938,0.497,108,79,0.0205827,0,0.731481
2213,10000,4.84111,4.21697,5.62342,0.0202559,0.0158489,0.0251189,0.27471,0.25,0.3,0.946631,0.9,1,6.51889e-05,157671,4195.8,5684.9,0.01,0.95,10,10000,0.938,0.497,86,61,0.0234235,0,0.709302
2214,10000,4.81603,4.21697,5.62342,0.0200152,0.0158489,0.0251189,0.276448,0.25,0.3,1.18867,1,1.5,0.000325945,66735.1,1366.26,2406.17,0.01,0.95,10,10000,0.938,0.497,182,111,0.0173642,0,0.60989
2215,10000,4.88172,4.21697,5.62342,0.0201751,0.0158489,0.0251189,0.346047,0.3,0.4,0.06604,0,0.1,0.000130378,72418.5,1854.78,2611.09,0.01,0.95,10,10000,0.938,0.497,79,62,0.0232338,0,0.78481
2216,10000,4.77842,4.21697,5.62342,0.0201908,0.0158489,0.0251189,0.343882,0.3,0.4,0.153165,0.1,0.2,0.000130378,175088,2715.43,6312.88,0.01,0.95,10,10000,0.938,0.497,191,161,0.014418,0,0.842932
2217,10000,4.78606,4.21697,5.62342,0.0200509,0.0158489,0.0251189,0.342505,0.3,0.4,0.25303,0.2,0.3,0.000130378,267674,3394.73,9651.11,0.01,0.95,10,10000,0.938,0.497,292,243,0.0117358,0,0.832192
2218,10000,4.82793,4.21697,5.62342,0.0198539,0.0158489,0.0251189,0.341983,0.3,0.4,0.351304,0.3,0.4,0.000130378,307091,3656.1,11072.3,0.01,0.95,10,10000,0.938,0.497,335,277,0.010992,0,0.826866
2219,10000,4.78452,4.21697,5.62342,0.0198941,0.0158489,0.0251189,0.345442,0.3,0.4,0.45135,0.4,0.5,0.000130378,293341,3489.42,10576.6,0.01,0.95,10,10000,0.938,0.497,320,272,0.0110926,0,0.85
2220,10000,4.82583,4.21697,5.62342,0.0203071,0.0158489,0.0251189,0.345879,0.3,0.4,0.549163,0.5,0.6,0.000130378,250256,3284.76,9023.12,0.01,0.95,10,10000,0.938,0.497,273,227,0.0121424,0,0.831502
2221,10000,4.7982,4.21697,5.62342,0.0197783,0.0158489,0.0251189,0.346194,0.3,0.4,0.648913,0.6,0.7,0.000130378,212672,3108.87,7668,0.01,0.95,10,10000,0.938,0.497,232,187,0.0133781,0,0.806034
2222,10000,4.88823,4.21697,5.62342,0.0203708,0.0158489,0.0251189,0.347005,0.3,0.4,0.74379,0.7,0.8,0.000130378,171421,2595.06,6180.67,0.01,0.95,10,10000,0.938,0.497,187,164,0.0142855,0,0.877005
2223,10000,4.88255,4.21697,5.62342,0.0198562,0.0158489,0.0251189,0.342831,0.3,0.4,0.850896,0.8,0.9,0.000130378,138420,2537.89,4990.81,0.01,0.95,10,10000,0.938,0.497,151,120,0.0167004,0,0.794702
2224,10000,4.78996,4.21697,5.62342,0.0204573,0.0158489,0.0251189,0.346524,0.3,0.4,0.949817,0.9,1,0.000130378,103586,2232.42,3734.85,0.01,0.95,10,10000,0.938,0.497,113,88,0.0195018,0,0.778761
2225,10000,4.82997,4.21697,5.62342,0.0200596,0.0158489,0.0251189,0.346936,0.3,0.4,1.17804,1,1.5,0.000651889,44551.1,756.869,1606.31,0.01,0.95,10,10000,0.938,0.497,243,157,0.0146005,0,0.646091
2226,10000,4.9352,4.21697,5.62342,0.0209829,0.0158489,0.0251189,0.441343,0.4,0.5,0.067398,0,0.1,0.000130378,21083.9,1003.1,760.19,0.01,0.95,10,10000,0.938,0.497,23,18,0.0431202,0,0.782609
2227,10000,4.82868,4.21697,5.62342,0.0197328,0.0158489,0.0251189,0.451459,0.4,0.5,0.154575,0.1,0.2,0.000130378,101753,2080.91,3668.74,0.01,0.95,10,10000,0.938,0.497,111,93,0.0189703,0,0.837838
2228,10000,4.80949,4.21697,5.62342,0.0199182,0.0158489,0.0251189,0.444772,0.4,0.5,0.251913,0.2,0.3,0.000130378,105419,2263.62,3800.95,0.01,0.95,10,10000,0.938,0.497,115,89,0.019392,0,0.773913
2229,10000,4.83094,4.21697,5.62342,0.0199643,0.0158489,0.0251189,0.443396,0.4,0.5,0.349257,0.3,0.4,0.000130378,133837,2460.65,4825.55,0.01,0.95,10,10000,0.938,0.497,146,118,0.0168413,0,0.808219
2230,10000,4.80499,4.21697,5.62342,0.0195828,0.0158489,0.0251189,0.440828,0.4,0.5,0.448437,0.4,0.5,0.000130378,140254,2673.33,5056.92,0.01,0.95,10,10000,0.938,0.497,153,115,0.0170596,0,0.751634
2231,10000,4.78226,4.21697,5.62342,0.0197757,0.0158489,0.0251189,0.442617,0.4,0.5,0.54828,0.5,0.6,0.000130378,144837,2588.57,5222.17,0.01,0.95,10,10000,0.938,0.497,158,126,0.0162979,0,0.797468
2232,10000,4.80571,4.21697,5.62342,0.0202027,0.0158489,0.0251189,0.446788,0.4,0.5,0.653761,0.6,0.7,0.000130378,94419.1,1894.6,3404.33,0.01,0.95,10,10000,0.938,0.497,103,92,0.0190732,0,0.893204
2233,10000,4.77741,4.21697,5.62342,0.0203004,0.0158489,0.0251189,0.445432,0.4,0.5,0.745527,0.7,0.8,0.000130378,87085.6,1937.53,3139.92,0.01,0.95,10,10000,0.938,0.497,95,79,0.0205827,0,0.831579
2234,10000,4.86467,4.21697,5.62342,0.0195713,0.0158489,0.0251189,0.442949,0.4,0.5,0.8416,0.8,0.9,0.000130378,69668.5,1785.67,2511.93,0.01,0.95,10,10000,0.938,0.497,76,61,0.0234235,0,0.802632
2235,10000,4.74038,4.21697,5.62342,0.0202098,0.0158489,0.0251189,0.44461,0.4,0.5,0.949603,0.9,1,0.000130378,52251.3,1567.82,1883.95,0.01,0.95,10,10000,0.938,0.497,57,45,0.0272716,0,0.789474
2236,10000,4.82876,4.21697,5.62342,0.0191903,0.0158489,0.0251189,0.446047,0.4,0.5,1.20034,1,1.5,0.000651889,25117.3,521.953,905.618,0.01,0.95,10,10000,0.938,0.497,137,99,0.0183865,0,0.722628
2237,10000,4.75898,4.21697,5.62342,0.0198794,0.0158489,0.0251189,0.549662,0.5,0.6,0.0643415,0,0.1,0.000130378,11000.3,821.571,396.621,0.01,0.95,10,10000,0.938,0.497,12,8,0.0646803,0,0.666667
2238,10000,4.79206,4.21697,5.62342,0.0206861,0.0158489,0.0251189,0.546523,0.5,0.6,0.147563,0.1,0.2,0.000130378,38501,1385.45,1388.17,0.01,0.95,10,10000,0.938,0.497,42,32,0.0323401,0,0.761905
2239,10000,4.77024,4.21697,5.62342,0.020151,0.0158489,0.0251189,0.547627,0.5,0.6,0.251603,0.2,0.3,0.000130378,55918.1,1654.57,2016.16,0.01,0.95,10,10000,0.938,0.497,61,47,0.026685,0,0.770492
2240,10000,4.81819,4.21697,5.62342,0.0202248,0.0158489,0.0251189,0.542204,0.5,0.6,0.356381,0.3,0.4,0.000130378,67835.1,1797.06,2445.83,0.01,0.95,10,10000,0.938,0.497,74,58,0.0240216,0,0.783784
2241,10000,4.76551,4.21697,5.62342,0.0206008,0.0158489,0.0251189,0.55337,0.5,0.6,0.441783,0.4,0.5,0.000130378,72418.5,1879.64,2611.09,0.01,0.95,10,10000,0.938,0.497,79,61,0.0234235,0,0.772152
2242,10000,4.82886,4.21697,5.62342,0.0202115,0.0158489,0.0251189,0.545355,0.5,0.6,0.54613,0.5,0.6,0.000130378,65085,1803.9,2346.67,0.01,0.95,10,10000,0.938,0.497,71,54,0.0248954,0,0.760563
2243,10000,4.76483,4.21697,5.62342,0.0201495,0.0158489,0.0251189,0.547648,0.5,0.6,0.644052,0.6,0.7,0.000130378,55918.1,1519.68,2016.16,0.01,0.95,10,10000,0.938,0.497,61,52,0.0253697,0,0.852459
2244,10000,4.84894,4.21697,5.62342,0.0201817,0.0158489,0.0251189,0.543373,0.5,0.6,0.758843,0.7,0.8,0.000130378,51334.7,1751.29,1850.9,0.01,0.95,10,10000,0.938,0.497,56,38,0.0296773,0,0.678571
2245,10000,4.90862,4.21697,5.62342,0.0202703,0.0158489,0.0251189,0.546318,0.5,0.6,0.842177,0.8,0.9,0.000130378,31167.5,1007.06,1123.76,0.01,0.95,10,10000,0.938,0.497,34,33,0.0318464,0,0.970588
2246,10000,4.78743,4.21697,5.62342,0.0199839,0.0158489,0.0251189,0.540352,0.5,0.6,0.941589,0.9,1,0.000130378,26584,1074.91,958.5,0.01,0.95,10,10000,0.938,0.497,29,24,0.0373432,0,0.827586
2247,10000,4.84754,4.21697,5.62342,0.0192727,0.0158489,0.0251189,0.539195,0.5,0.6,1.20207,1,1.5,0.000651889,12100.3,307.782,436.283,0.01,0.95,10,10000,0.938,0.497,66,58,0.0240216,0,0.878788
2248,10000,4.78534,4.21697,5.62342,0.0202464,0.0158489,0.0251189,0.651852,0.6,0.7,0.0570259,0,0.1,0.000130378,3666.76,335.405,132.207,0.01,0.95,10,10000,0.938,0.497,4,4,0.0914717,0,1
2249,10000,4.8363,4.21697,5.62342,0.0209173,0.0158489,0.0251189,0.637127,0.6,0.7,0.156186,0.1,0.2,0.000130378,27500.7,1050.4,991.552,0.01,0.95,10,10000,0.938,0.497,30,26,0.0358782,0,0.866667
2250,10000,4.62683,4.21697,5.62342,0.0201365,0.0158489,0.0251189,0.637801,0.6,0.7,0.248625,0.2,0.3,0.000130378,24750.6,1285.58,892.397,0.01,0.95,10,10000,0.938,0.497,27,17,0.0443703,0,0.62963
2251,10000,4.7948,4.21697,5.62342,0.019492,0.0158489,0.0251189,0.64837,0.6,0.7,0.358962,0.3,0.4,0.000130378,35750.9,1160.84,1289.02,0.01,0.95,10,10000,0.938,0.497,39,35,0.0309231,0,0.897436
2252,10000,4.83404,4.21697,5.62342,0.0196361,0.0158489,0.0251189,0.64829,0.6,0.7,0.455088,0.4,0.5,0.000130378,46751.2,1460.82,1685.64,0.01,0.95,10,10000,0.938,0.497,51,41,0.028571,0,0.803922
2253,10000,4.77793,4.21697,5.62342,0.0205353,0.0158489,0.0251189,0.63835,0.6,0.7,0.541613,0.5,0.6,0.000130378,36667.6,1233.7,1322.07,0.01,0.95,10,10000,0.938,0.497,40,34,0.0313745,0,0.85
2254,10000,4.66874,4.21697,5.62342,0.0201989,0.0158489,0.0251189,0.641807,0.6,0.7,0.633194,0.6,0.7,0.000130378,24750.6,871.407,892.397,0.01,0.95,10,10000,0.938,0.497,27,27,0.0352075,0,1
2255,10000,4.71576,4.21697,5.62342,0.018958,0.0158489,0.0251189,0.64161,0.6,0.7,0.755581,0.7,0.8,0.000130378,21083.9,1050.46,760.19,0.01,0.95,10,10000,0.938,0.497,23,17,0.0443703,0,0.73913
2256,10000,4.52859,4.21697,5.62342,0.0199935,0.0158489,0.0251189,0.649572,0.6,0.7,0.852981,0.8,0.9,0.000130378,17417.1,1076,627.983,0.01,0.95,10,10000,0.938,0.497,19,12,0.0528112,0,0.631579
2257,10000,4.8087,4.21697,5.62342,0.0187514,0.0158489,0.0251189,0.638265,0.6,0.7,0.930704,0.9,1,0.000130378,15583.7,1152.42,561.88,0.01,0.95,10,10000,0.938,0.497,17,9,0.0609811,0,0.529412
2258,10000,4.71454,4.21697,5.62342,0.0192318,0.0158489,0.0251189,0.651669,0.6,0.7,1.18683,1,1.5,0.000651889,6783.51,269.177,244.583,0.01,0.95,10,10000,0.938,0.497,37,27,0.0352075,0,0.72973
2259,10000,4.48762,4.21697,5.62342,0.0183311,0.0158489,0.0251189,0.734106,0.7,0.8,0.0304317,0,0.1,0.000130378,1833.38,237.167,66.1035,0.01,0.95,10,10000,0.938,0.497,2,2,0.129361,0,1
2260,10000,4.91406,4.21697,5.62342,0.020713,0.0158489,0.0251189,0.749847,0.7,0.8,0.16178,0.1,0.2,0.000130378,13750.4,694.354,495.776,0.01,0.95,10,10000,0.938,0.497,15,14,0.0488937,0,0.933333
2261,10000,4.71014,4.21697,5.62342,0.0191745,0.0158489,0.0251189,0.73611,0.7,0.8,0.248538,0.2,0.3,0.000130378,17417.1,905.179,627.983,0.01,0.95,10,10000,0.938,0.497,19,15,0.0472358,0,0.789474
2262,10000,4.7488,4.21697,5.62342,0.0183248,0.0158489,0.0251189,0.740029,0.7,0.8,0.350364,0.3,0.4,0.000130378,21083.9,1156.21,760.19,0.01,0.95,10,10000,0.938,0.497,23,15,0.0472358,0,0.652174
2263,10000,4.94438,4.21697,5.62342,0.0193012,0.0158489,0.0251189,0.748962,0.7,0.8,0.444913,0.4,0.5,0.000130378,24750.6,1182.71,892.397,0.01,0.95,10,10000,0.938,0.497,27,19,0.0419701,0,0.703704
2264,10000,4.95231,4.21697,5.62342,0.0215298,0.0158489,0.0251189,0.752583,0.7,0.8,0.544651,0.5,0.6,0.000130378,17417.1,905.179,627.983,0.01,0.95,10,10000,0.938,0.497,19,15,0.0472358,0,0.789474
2265,10000,5.01374,4.21697,5.62342,0.020414,0.0158489,0.0251189,0.747696,0.7,0.8,0.655015,0.6,0.7,0.000130378,14667,810.969,528.828,0.01,0.95,10,10000,0.938,0.497,16,13,0.0507394,0,0.8125
2266,10000,4.9286,4.21697,5.62342,0.0200587,0.0158489,0.0251189,0.75598,0.7,0.8,0.75763,0.7,0.8,0.000130378,7333.52,474.334,264.414,0.01,0.95,10,10000,0.938,0.497,8,8,0.0646803,0,1
2267,10000,4.89512,4.21697,5.62342,0.0188516,0.0158489,0.0251189,0.738083,0.7,0.8,0.864291,0.8,0.9,0.000130378,11917,653.107,429.673,0.01,0.95,10,10000,0.938,0.497,13,12,0.0528112,0,0.923077
2268,10000,4.75494,4.21697,5.62342,0.0198075,0.0158489,0.0251189,0.740684,0.7,0.8,0.94955,0.9,1,0.000130378,7333.52,612.363,264.414,0.01,0.95,10,10000,0.938,0.497,8,6,0.0746863,0,0.75
2269,10000,4.73896,4.21697,5.62342,0.0206016,0.0158489,0.0251189,0.733652,0.7,0.8,1.20119,1,1.5,0.000651889,3666.76,204.412,132.207,0.01,0.95,10,10000,0.938,0.497,20,14,0.0488937,0,0.7
2270,10000,4.84228,4.21697,5.62342,0.0213449,0.0158489,0.0251189,0.81231,0.8,0.9,0.0580721,0,0.1,0.000130378,1833.38,237.167,66.1035,0.01,0.95,10,10000,0.938,0.497,2,2,0.129361,0,1
2271,10000,4.54257,4.21697,5.62342,0.0188304,0.0158489,0.0251189,0.839506,0.8,0.9,0.153922,0.1,0.2,0.000130378,1833.38,237.167,66.1035,0.01,0.95,10,10000,0.938,0.497,2,2,0.129361,0,1
2272,10000,4.99957,4.21697,5.62342,0.021493,0.0158489,0.0251189,0.845921,0.8,0.9,0.259135,0.2,0.3,0.000130378,5500.14,410.785,198.31,0.01,0.95,10,10000,0.938,0.497,6,6,0.0746863,0,1
2273,10000,4.83199,4.21697,5.62342,0.0195281,0.0158489,0.0251189,0.841528,0.8,0.9,0.330624,0.3,0.4,0.000130378,8250.21,562.491,297.466,0.01,0.95,10,10000,0.938,0.497,9,8,0.0646803,0,0.888889
2274,10000,4.74267,4.21697,5.62342,0.0203001,0.0158489,0.0251189,0.822952,0.8,0.9,0.463616,0.4,0.5,0.000130378,7333.52,537.844,264.414,0.01,0.95,10,10000,0.938,0.497,8,7,0.0691461,0,0.875
2275,10000,4.77079,4.21697,5.62342,0.0200289,0.0158489,0.0251189,0.837752,0.8,0.9,0.546843,0.5,0.6,0.000130378,11917,906.99,429.673,0.01,0.95,10,10000,0.938,0.497,13,8,0.0646803,0,0.615385
2276,10000,4.80857,4.21697,5.62342,0.0214408,0.0158489,0.0251189,0.840308,0.8,0.9,0.641157,0.6,0.7,0.000130378,11000.3,821.571,396.621,0.01,0.95,10,10000,0.938,0.497,12,8,0.0646803,0,0.666667
2277,10000,4.82609,4.21697,5.62342,0.0188899,0.0158489,0.0251189,0.846902,0.8,0.9,0.764927,0.7,0.8,0.000130378,8250.21,503.107,297.466,0.01,0.95,10,10000,0.938,0.497,9,9,0.0609811,0,1
2278,10000,4.6427,4.21697,5.62342,0.0199917,0.0158489,0.0251189,0.833367,0.8,0.9,0.848008,0.8,0.9,0.000130378,3666.76,335.405,132.207,0.01,0.95,10,10000,0.938,0.497,4,4,0.0914717,0,1
2279,10000,4.38417,4.21697,5.62342,0.0193043,0.0158489,0.0251189,0.847593,0.8,0.9,0.974562,0.9,1,0.000130378,4583.45,459.272,165.259,0.01,0.95,10,10000,0.938,0.497,5,4,0.0914717,0,0.8
2280,10000,4.94699,4.21697,5.62342,0.0210009,0.0158489,0.0251189,0.829732,0.8,0.9,1.12237,1,1.5,0.000651889,1650.04,142.3,59.4931,0.01,0.95,10,10000,0.938,0.497,9,6,0.0746863,0,0.666667
2281,10000,4.47884,4.21697,5.62342,0.01671,0.0158489,0.0251189,0.92164,0.9,1,0.0721013,0,0.1,0.000130378,916.69,167.702,33.0517,0.01,0.95,10,10000,0.938,0.497,1,1,0.182943,0,1
2282,10000,4.70302,4.21697,5.62342,0.0176192,0.0158489,0.0251189,0.912444,0.9,1,0.139992,0.1,0.2,0.000130378,916.69,167.702,33.0517,0.01,0.95,10,10000,0.938,0.497,1,1,0.182943,0,1
2283,10000,4.54264,4.21697,5.62342,0.019947,0.0158489,0.0251189,0.902939,0.9,1,0.263065,0.2,0.3,0.000130378,2750.07,649.509,99.1552,0.01,0.95,10,10000,0.938,0.497,3,1,0.182943,0,0.333333
2284,10000,4.78161,4.21697,5.62342,0.0190831,0.0158489,0.0251189,0.96136,0.9,1,0.45635,0.4,0.5,0.000130378,1833.38,410.785,66.1035,0.01,0.95,10,10000,0.938,0.497,2,1,0.182943,0,0.5
2285,10000,4.9951,4.21697,5.62342,0.0210635,0.0158489,0.0251189,0.914875,0.9,1,0.549868,0.5,0.6,0.000130378,2750.07,410.785,99.1552,0.01,0.95,10,10000,0.938,0.497,3,2,0.129361,0,0.666667
2286,10000,4.96986,4.21697,5.62342,0.0191069,0.0158489,0.0251189,0.934672,0.9,1,0.639009,0.6,0.7,0.000130378,1833.38,237.167,66.1035,0.01,0.95,10,10000,0.938,0.497,2,2,0.129361,0,1
2287,10000,4.40344,4.21697,5.62342,0.0166167,0.0158489,0.0251189,0.917797,0.9,1,0.76632,0.7,0.8,0.000130378,1833.38,410.785,66.1035,0.01,0.95,10,10000,0.938,0.497,2,1,0.182943,0,0.5
2288,10000,5.31451,4.21697,5.62342,0.024983,0.0158489,0.0251189,0.907473,0.9,1,0.992688,0.9,1,0.000130378,1833.38,410.785,66.1035,0.01,0.95,10,10000,0.938,0.497,2,1,0.182943,0,0.5
2289,10000,4.74075,4.21697,5.62342,0.0206226,0.0158489,0.0251189,0.913352,0.9,1,1.18263,1,1.5,0.000651889,366.676,47.4334,13.2207,0.01,0.95,10,10000,0.938,0.497,2,2,0.129361,0,1
2290,10000,4.79644,4.21697,5.62342,0.0317576,0.0251189,0.0398107,0.0707286,0.05,0.1,0.0639623,0,0.1,0.000103316,463876,5467.41,16725.3,0.01,0.95,10,10000,0.938,0.497,401,301,0.0105447,0,0.750623
2291,10000,4.80298,4.21697,5.62342,0.032058,0.0251189,0.0398107,0.0716033,0.05,0.1,0.154997,0.1,0.2,0.000103316,1.13829e+06,8218.96,41041.6,0.01,0.95,10,10000,0.938,0.497,984,777,0.00656306,0,0.789634
2292,10000,4.7694,4.21697,5.62342,0.0318186,0.0251189,0.0398107,0.0725329,0.05,0.1,0.251618,0.2,0.3,0.000103316,1.3951e+06,9450.29,50301,0.01,0.95,10,10000,0.938,0.497,1206,909,0.00606785,0,0.753731
2293,10000,4.78173,4.21697,5.62342,0.032043,0.0251189,0.0398107,0.0714261,0.05,0.1,0.349331,0.3,0.4,0.000103316,1.40088e+06,8887.61,50509.5,0.01,0.95,10,10000,0.938,0.497,1211,986,0.0058261,0,0.814203
2294,10000,4.82371,4.21697,5.62342,0.032075,0.0251189,0.0398107,0.0727718,0.05,0.1,0.450017,0.4,0.5,0.000103316,1.21695e+06,8142.89,43877.8,0.01,0.95,10,10000,0.938,0.497,1052,874,0.00618815,0,0.830798
2295,10000,4.80207,4.21697,5.62342,0.0317935,0.0251189,0.0398107,0.0730431,0.05,0.1,0.548571,0.5,0.6,0.000103316,1.0388e+06,7610.73,37454.6,0.01,0.95,10,10000,0.938,0.497,898,736,0.00674338,0,0.819599
2296,10000,4.81105,4.21697,5.62342,0.0319822,0.0251189,0.0398107,0.0728141,0.05,0.1,0.647667,0.6,0.7,0.000103316,716058,6176.75,25817.8,0.01,0.95,10,10000,0.938,0.497,619,521,0.0080149,0,0.84168
2297,10000,4.7971,4.21697,5.62342,0.0322973,0.0251189,0.0398107,0.0721511,0.05,0.1,0.745483,0.7,0.8,0.000103316,540224,5307.3,19478.1,0.01,0.95,10,10000,0.938,0.497,467,398,0.00917012,0,0.852248
2298,10000,4.84155,4.21697,5.62342,0.0317122,0.0251189,0.0398107,0.0749736,0.05,0.1,0.845029,0.8,0.9,0.000103316,392154,4360.75,14139.3,0.01,0.95,10,10000,0.938,0.497,339,301,0.0105447,0,0.887906
2299,10000,4.81933,4.21697,5.62342,0.0318468,0.0251189,0.0398107,0.072993,0.05,0.1,0.94471,0.9,1,0.000103316,256809,3313.5,9259.38,0.01,0.95,10,10000,0.938,0.497,222,211,0.0125943,0,0.95045
2300,10000,4.89835,4.21697,5.62342,0.03192,0.0251189,0.0398107,0.0732896,0.05,0.1,1.16619,1,1.5,0.000516582,79356.3,894.456,2861.23,0.01,0.95,10,10000,0.938,0.497,343,298,0.0105976,0,0.868805
2301,10000,4.74379,4.21697,5.62342,0.0324207,0.0251189,0.0398107,0.122919,0.1,0.15,0.0648691,0,0.1,0.000103316,299611,5736.62,10802.6,0.01,0.95,10,10000,0.938,0.497,259,135,0.0157453,0,0.521236
2302,10000,4.75966,4.21697,5.62342,0.0325203,0.0251189,0.0398107,0.123028,0.1,0.15,0.152612,0.1,0.2,0.000103316,744978,8723.46,26860.5,0.01,0.95,10,10000,0.938,0.497,644,354,0.00972333,0,0.549689
2303,10000,4.79185,4.21697,5.62342,0.0320966,0.0251189,0.0398107,0.122762,0.1,0.15,0.252369,0.2,0.3,0.000103316,875696,9155.63,31573.7,0.01,0.95,10,10000,0.938,0.497,757,436,0.0087614,0,0.575958
2304,10000,4.7746,4.21697,5.62342,0.0324124,0.0251189,0.0398107,0.122671,0.1,0.15,0.349915,0.3,0.4,0.000103316,925438,9089.26,33367.1,0.01,0.95,10,10000,0.938,0.497,800,484,0.00831561,0,0.605
2305,10000,4.78797,4.21697,5.62342,0.0320885,0.0251189,0.0398107,0.122842,0.1,0.15,0.448633,0.4,0.5,0.000103316,778525,7904.74,28070.1,0.01,0.95,10,10000,0.938,0.497,673,438,0.00874137,0,0.650817
2306,10000,4.78482,4.21697,5.62342,0.0319732,0.0251189,0.0398107,0.124339,0.1,0.15,0.548916,0.5,0.6,0.000103316,689451,7408.87,24858.5,0.01,0.95,10,10000,0.938,0.497,596,390,0.0092637,0,0.654362
2307,10000,4.82376,4.21697,5.62342,0.0318448,0.0251189,0.0398107,0.123247,0.1,0.15,0.645083,0.6,0.7,0.000103316,480071,6260.32,17309.2,0.01,0.95,10,10000,0.938,0.497,415,267,0.011196,0,0.643373
2308,10000,4.80495,4.21697,5.62342,0.0317431,0.0251189,0.0398107,0.12275,0.1,0.15,0.748009,0.7,0.8,0.000103316,381743,4955.12,13763.9,0.01,0.95,10,10000,0.938,0.497,330,248,0.0116169,0,0.751515
2309,10000,4.76707,4.21697,5.62342,0.0319995,0.0251189,0.0398107,0.124668,0.1,0.15,0.847361,0.8,0.9,0.000103316,273004,4518.53,9843.31,0.01,0.95,10,10000,0.938,0.497,236,161,0.014418,0,0.682203
2310,10000,4.78576,4.21697,5.62342,0.0320507,0.0251189,0.0398107,0.121319,0.1,0.15,0.944619,0.9,1,0.000103316,190872,3572.7,6881.97,0.01,0.95,10,10000,0.938,0.497,165,121,0.0166312,0,0.733333
2311,10000,4.83214,4.21697,5.62342,0.0320952,0.0251189,0.0398107,0.123491,0.1,0.15,1.17505,1,1.5,0.000516582,65243.4,837.933,2352.38,0.01,0.95,10,10000,0.938,0.497,282,236,0.0119086,0,0.836879
2312,10000,4.87476,4.21697,5.62342,0.0314573,0.0251189,0.0398107,0.175322,0.15,0.2,0.0651809,0,0.1,0.000103316,186244,4245.78,6715.14,0.01,0.95,10,10000,0.938,0.497,161,92,0.0190732,0,0.571429
2313,10000,4.89846,4.21697,5.62342,0.0317872,0.0251189,0.0398107,0.174882,0.15,0.2,0.152411,0.1,0.2,0.000103316,475444,6307.78,17142.4,0.01,0.95,10,10000,0.938,0.497,411,260,0.0113457,0,0.632603
2314,10000,4.86266,4.21697,5.62342,0.0316348,0.0251189,0.0398107,0.174978,0.15,0.2,0.252947,0.2,0.3,0.000103316,630455,7094.07,22731.4,0.01,0.95,10,10000,0.938,0.497,545,356,0.00969598,0,0.653211
2315,10000,4.82512,4.21697,5.62342,0.0315246,0.0251189,0.0398107,0.173997,0.15,0.2,0.349025,0.3,0.4,0.000103316,647807,6719,23357,0.01,0.95,10,10000,0.938,0.497,560,400,0.00914717,0,0.714286
2316,10000,4.8597,4.21697,5.62342,0.0319824,0.0251189,0.0398107,0.174918,0.15,0.2,0.447048,0.4,0.5,0.000103316,601535,6775.89,21688.6,0.01,0.95,10,10000,0.938,0.497,520,350,0.00977874,0,0.673077
2317,10000,4.82563,4.21697,5.62342,0.0319397,0.0251189,0.0398107,0.173521,0.15,0.2,0.548567,0.5,0.6,0.000103316,469660,5570.72,16933.8,0.01,0.95,10,10000,0.938,0.497,406,300,0.0105622,0,0.738916
2318,10000,4.84979,4.21697,5.62342,0.0320028,0.0251189,0.0398107,0.171676,0.15,0.2,0.650182,0.6,0.7,0.000103316,401409,5748.22,14473,0.01,0.95,10,10000,0.938,0.497,347,222,0.0122784,0,0.639769
2319,10000,4.86259,4.21697,5.62342,0.0316632,0.0251189,0.0398107,0.173467,0.15,0.2,0.746696,0.7,0.8,0.000103316,305395,4586.25,11011.2,0.01,0.95,10,10000,0.938,0.497,264,190,0.0132721,0,0.719697
2320,10000,4.82561,4.21697,5.62342,0.0317498,0.0251189,0.0398107,0.175367,0.15,0.2,0.850106,0.8,0.9,0.000103316,217478,4238.21,7841.28,0.01,0.95,10,10000,0.938,0.497,188,120,0.0167004,0,0.638298
2321,10000,4.94165,4.21697,5.62342,0.032879,0.0251189,0.0398107,0.172769,0.15,0.2,0.946475,0.9,1,0.000103316,135345,3268.67,4879.94,0.01,0.95,10,10000,0.938,0.497,117,77,0.0208483,0,0.65812
2322,10000,4.81815,4.21697,5.62342,0.0319491,0.0251189,0.0398107,0.17424,0.15,0.2,1.20427,1,1.5,0.000516582,57608.5,883.882,2077.1,0.01,0.95,10,10000,0.938,0.497,249,181,0.0135981,0,0.726908
2323,10000,4.91686,4.21697,5.62342,0.0309303,0.0251189,0.0398107,0.222152,0.2,0.25,0.0632112,0,0.1,0.000103316,97171,2352.12,3503.55,0.01,0.95,10,10000,0.938,0.497,84,68,0.0221851,0,0.809524
2324,10000,4.88105,4.21697,5.62342,0.0311182,0.0251189,0.0398107,0.224825,0.2,0.25,0.154822,0.1,0.2,0.000103316,284572,4220.85,10260.4,0.01,0.95,10,10000,0.938,0.497,246,188,0.0133425,0,0.764228
2325,10000,4.82484,4.21697,5.62342,0.0317617,0.0251189,0.0398107,0.223124,0.2,0.25,0.250474,0.2,0.3,0.000103316,396782,5032.52,14306.2,0.01,0.95,10,10000,0.938,0.497,343,259,0.0113675,0,0.755102
2326,10000,4.82895,4.21697,5.62342,0.0313345,0.0251189,0.0398107,0.223368,0.2,0.25,0.349494,0.3,0.4,0.000103316,460405,5217.14,16600.2,0.01,0.95,10,10000,0.938,0.497,398,315,0.0103077,0,0.791457
2327,10000,4.82688,4.21697,5.62342,0.0314409,0.0251189,0.0398107,0.224027,0.2,0.25,0.448159,0.4,0.5,0.000103316,395625,4906.08,14264.5,0.01,0.95,10,10000,0.938,0.497,342,266,0.011217,0,0.777778
2328,10000,4.83149,4.21697,5.62342,0.0318973,0.0251189,0.0398107,0.223305,0.2,0.25,0.549626,0.5,0.6,0.000103316,325060,4473.08,11720.2,0.01,0.95,10,10000,0.938,0.497,281,217,0.012419,0,0.772242
2329,10000,4.83553,4.21697,5.62342,0.0317983,0.0251189,0.0398107,0.22571,0.2,0.25,0.645546,0.6,0.7,0.000103316,267220,4100.22,9634.76,0.01,0.95,10,10000,0.938,0.497,231,176,0.0137899,0,0.761905
2330,10000,4.87422,4.21697,5.62342,0.0321359,0.0251189,0.0398107,0.22278,0.2,0.25,0.745425,0.7,0.8,0.000103316,195499,3591.3,7048.81,0.01,0.95,10,10000,0.938,0.497,169,125,0.016363,0,0.739645
2331,10000,4.8288,4.21697,5.62342,0.0317755,0.0251189,0.0398107,0.224083,0.2,0.25,0.841888,0.8,0.9,0.000103316,159638,3459.28,5755.83,0.01,0.95,10,10000,0.938,0.497,138,94,0.0188692,0,0.681159
2332,10000,4.85259,4.21697,5.62342,0.0322602,0.0251189,0.0398107,0.226759,0.2,0.25,0.941524,0.9,1,0.000103316,96014.2,2465.25,3461.84,0.01,0.95,10,10000,0.938,0.497,83,63,0.0230487,0,0.759036
2333,10000,4.82745,4.21697,5.62342,0.0316128,0.0251189,0.0398107,0.223553,0.2,0.25,1.20483,1,1.5,0.000516582,39793.8,768.213,1434.79,0.01,0.95,10,10000,0.938,0.497,172,118,0.0168413,0,0.686047
2334,10000,4.77592,4.21697,5.62342,0.0319945,0.0251189,0.0398107,0.274411,0.25,0.3,0.0645842,0,0.1,0.000103316,74035,2046.77,2669.37,0.01,0.95,10,10000,0.938,0.497,64,52,0.0253697,0,0.8125
2335,10000,4.80258,4.21697,5.62342,0.0324646,0.0251189,0.0398107,0.274872,0.25,0.3,0.156583,0.1,0.2,0.000103316,172363,3190.53,6214.63,0.01,0.95,10,10000,0.938,0.497,149,118,0.0168413,0,0.791946
2336,10000,4.80513,4.21697,5.62342,0.0313477,0.0251189,0.0398107,0.272711,0.25,0.3,0.252178,0.2,0.3,0.000103316,255652,3941.74,9217.67,0.01,0.95,10,10000,0.938,0.497,221,172,0.0139493,0,0.778281
2337,10000,4.87234,4.21697,5.62342,0.0320637,0.0251189,0.0398107,0.271966,0.25,0.3,0.353889,0.3,0.4,0.000103316,301924,4320.65,10886,0.01,0.95,10,10000,0.938,0.497,261,201,0.0129038,0,0.770115
2338,10000,4.74122,4.21697,5.62342,0.0322235,0.0251189,0.0398107,0.275255,0.25,0.3,0.446108,0.4,0.5,0.000103316,267220,3971.52,9634.76,0.01,0.95,10,10000,0.938,0.497,231,183,0.0135236,0,0.792208
2339,10000,4.84764,4.21697,5.62342,0.0318401,0.0251189,0.0398107,0.274803,0.25,0.3,0.550333,0.5,0.6,0.000103316,235987,3686.91,8508.62,0.01,0.95,10,10000,0.938,0.497,204,164,0.0142855,0,0.803922
2340,10000,4.8164,4.21697,5.62342,0.0322673,0.0251189,0.0398107,0.274997,0.25,0.3,0.64053,0.6,0.7,0.000103316,195499,3332.38,7048.81,0.01,0.95,10,10000,0.938,0.497,169,137,0.0156299,0,0.810651
2341,10000,4.78941,4.21697,5.62342,0.0323496,0.0251189,0.0398107,0.273957,0.25,0.3,0.744257,0.7,0.8,0.000103316,150384,3027.5,5422.16,0.01,0.95,10,10000,0.938,0.497,130,101,0.0182035,0,0.776923
2342,10000,4.8582,4.21697,5.62342,0.0317762,0.0251189,0.0398107,0.276434,0.25,0.3,0.848162,0.8,0.9,0.000103316,113366,2749.36,4087.47,0.01,0.95,10,10000,0.938,0.497,98,72,0.0215601,0,0.734694
2343,10000,4.90605,4.21697,5.62342,0.0313958,0.0251189,0.0398107,0.274548,0.25,0.3,0.946092,0.9,1,0.000103316,82132.6,2177.59,2961.33,0.01,0.95,10,10000,0.938,0.497,71,57,0.0242314,0,0.802817
2344,10000,4.82095,4.21697,5.62342,0.0316358,0.0251189,0.0398107,0.271575,0.25,0.3,1.17975,1,1.5,0.000516582,37248.9,783.106,1343.03,0.01,0.95,10,10000,0.938,0.497,161,103,0.0180259,0,0.639752
2345,10000,4.815,4.21697,5.62342,0.0312932,0.0251189,0.0398107,0.345337,0.3,0.4,0.0690401,0,0.1,0.000206633,37017.5,1023.39,1334.69,0.01,0.95,10,10000,0.938,0.497,64,52,0.0253697,0,0.8125
2346,10000,4.77803,4.21697,5.62342,0.0310247,0.0251189,0.0398107,0.346144,0.3,0.4,0.152236,0.1,0.2,0.000206633,108739,1771.03,3920.64,0.01,0.95,10,10000,0.938,0.497,188,151,0.0148877,0,0.803191
2347,10000,4.79841,4.21697,5.62342,0.0318477,0.0251189,0.0398107,0.343388,0.3,0.4,0.248891,0.2,0.3,0.000206633,148070,1997.86,5338.74,0.01,0.95,10,10000,0.938,0.497,256,214,0.0125058,0,0.835938
2348,10000,4.81507,4.21697,5.62342,0.0315939,0.0251189,0.0398107,0.343319,0.3,0.4,0.349367,0.3,0.4,0.000206633,154432,2049.75,5568.14,0.01,0.95,10,10000,0.938,0.497,267,222,0.0122784,0,0.831461
2349,10000,4.80817,4.21697,5.62342,0.0319187,0.0251189,0.0398107,0.345129,0.3,0.4,0.448322,0.4,0.5,0.000206633,176990,2444.71,6381.47,0.01,0.95,10,10000,0.938,0.497,306,223,0.0122508,0,0.728758
2350,10000,4.81801,4.21697,5.62342,0.0317147,0.0251189,0.0398107,0.345511,0.3,0.4,0.550144,0.5,0.6,0.000206633,132453,1893.22,4775.67,0.01,0.95,10,10000,0.938,0.497,229,191,0.0132373,0,0.834061
2351,10000,4.80858,4.21697,5.62342,0.0320044,0.0251189,0.0398107,0.348017,0.3,0.4,0.645845,0.6,0.7,0.000206633,111053,1801.59,4004.06,0.01,0.95,10,10000,0.938,0.497,192,153,0.0147901,0,0.796875
2352,10000,4.87824,4.21697,5.62342,0.0321409,0.0251189,0.0398107,0.346945,0.3,0.4,0.747292,0.7,0.8,0.000206633,98906.2,1745.28,3566.11,0.01,0.95,10,10000,0.938,0.497,171,132,0.0159232,0,0.77193
2353,10000,4.80642,4.21697,5.62342,0.0320891,0.0251189,0.0398107,0.340394,0.3,0.4,0.844782,0.8,0.9,0.000206633,76348.6,1608.24,2752.79,0.01,0.95,10,10000,0.938,0.497,132,96,0.0186716,0,0.727273
2354,10000,4.86446,4.21697,5.62342,0.0311787,0.0251189,0.0398107,0.345218,0.3,0.4,0.946164,0.9,1,0.000206633,58996.7,1290.32,2127.16,0.01,0.95,10,10000,0.938,0.497,102,83,0.0200806,0,0.813725
2355,10000,4.84035,4.21697,5.62342,0.0315392,0.0251189,0.0398107,0.34336,0.3,0.4,1.18997,1,1.5,0.00103316,21863.5,385.881,788.299,0.01,0.95,10,10000,0.938,0.497,189,137,0.0156299,0,0.724868
2356,10000,4.68344,4.21697,5.62342,0.0326935,0.0251189,0.0398107,0.438958,0.4,0.5,0.0712646,0,0.1,0.000206633,17352,662.762,625.634,0.01,0.95,10,10000,0.938,0.497,30,26,0.0358782,0,0.866667
2357,10000,4.78425,4.21697,5.62342,0.0324614,0.0251189,0.0398107,0.449667,0.4,0.5,0.160054,0.1,0.2,0.000206633,52634.3,1291.75,1897.76,0.01,0.95,10,10000,0.938,0.497,91,69,0.0220238,0,0.758242
2358,10000,4.8255,4.21697,5.62342,0.0316467,0.0251189,0.0398107,0.441356,0.4,0.5,0.251051,0.2,0.3,0.000206633,82711,1554.26,2982.19,0.01,0.95,10,10000,0.938,0.497,143,114,0.0171342,0,0.797203
2359,10000,4.83816,4.21697,5.62342,0.0321101,0.0251189,0.0398107,0.442447,0.4,0.5,0.348652,0.3,0.4,0.000206633,72299.8,1401.71,2606.81,0.01,0.95,10,10000,0.938,0.497,125,104,0.0179391,0,0.832
2360,10000,4.77067,4.21697,5.62342,0.0313486,0.0251189,0.0398107,0.447906,0.4,0.5,0.447405,0.4,0.5,0.000206633,75770.2,1504.73,2731.93,0.01,0.95,10,10000,0.938,0.497,131,103,0.0180259,0,0.78626
2361,10000,4.81219,4.21697,5.62342,0.031324,0.0251189,0.0398107,0.448826,0.4,0.5,0.548541,0.5,0.6,0.000206633,77505.4,1600.38,2794.5,0.01,0.95,10,10000,0.938,0.497,134,99,0.0183865,0,0.738806
2362,10000,4.734,4.21697,5.62342,0.0319393,0.0251189,0.0398107,0.441815,0.4,0.5,0.645074,0.6,0.7,0.000206633,60731.9,1264.26,2189.72,0.01,0.95,10,10000,0.938,0.497,105,89,0.019392,0,0.847619
2363,10000,4.77639,4.21697,5.62342,0.031294,0.0251189,0.0398107,0.447652,0.4,0.5,0.746277,0.7,0.8,0.000206633,50899.1,1250.96,1835.19,0.01,0.95,10,10000,0.938,0.497,88,68,0.0221851,0,0.772727
2364,10000,4.74068,4.21697,5.62342,0.0321205,0.0251189,0.0398107,0.445762,0.4,0.5,0.842778,0.8,0.9,0.000206633,44536.7,1228.31,1605.79,0.01,0.95,10,10000,0.938,0.497,77,56,0.0244468,0,0.727273
2365,10000,4.87111,4.21697,5.62342,0.0316992,0.0251189,0.0398107,0.442906,0.4,0.5,0.942739,0.9,1,0.000206633,27184.7,900.388,980.16,0.01,0.95,10,10000,0.938,0.497,47,37,0.0300757,0,0.787234
2366,10000,4.85546,4.21697,5.62342,0.0324174,0.0251189,0.0398107,0.444526,0.4,0.5,1.18203,1,1.5,0.00103316,13650.2,272.798,492.165,0.01,0.95,10,10000,0.938,0.497,118,98,0.0184801,0,0.830508
2367,10000,4.74202,4.21697,5.62342,0.0357033,0.0251189,0.0398107,0.536527,0.5,0.6,0.0620187,0,0.1,0.000206633,5783.99,334.614,208.545,0.01,0.95,10,10000,0.938,0.497,10,10,0.0578518,0,1
2368,10000,4.89285,4.21697,5.62342,0.0316181,0.0251189,0.0398107,0.551361,0.5,0.6,0.151021,0.1,0.2,0.000206633,23714.3,805.039,855.033,0.01,0.95,10,10000,0.938,0.497,41,34,0.0313745,0,0.829268
2369,10000,4.86977,4.21697,5.62342,0.0312607,0.0251189,0.0398107,0.550984,0.5,0.6,0.255475,0.2,0.3,0.000206633,29498.3,867.595,1063.58,0.01,0.95,10,10000,0.938,0.497,51,44,0.0275798,0,0.862745
2370,10000,4.77484,4.21697,5.62342,0.0326742,0.0251189,0.0398107,0.541578,0.5,0.6,0.355543,0.3,0.4,0.000206633,35860.7,1013.61,1292.98,0.01,0.95,10,10000,0.938,0.497,62,50,0.0258721,0,0.806452
2371,10000,4.81507,4.21697,5.62342,0.0317537,0.0251189,0.0398107,0.55229,0.5,0.6,0.451937,0.4,0.5,0.000206633,46271.9,1255.09,1668.36,0.01,0.95,10,10000,0.938,0.497,80,58,0.0240216,0,0.725
2372,10000,4.82252,4.21697,5.62342,0.0325795,0.0251189,0.0398107,0.534481,0.5,0.6,0.540302,0.5,0.6,0.000206633,36439.1,1146.56,1313.83,0.01,0.95,10,10000,0.938,0.497,63,44,0.0275798,0,0.698413
2373,10000,4.71443,4.21697,5.62342,0.0314391,0.0251189,0.0398107,0.555914,0.5,0.6,0.646507,0.6,0.7,0.000206633,25449.5,1027.46,917.596,0.01,0.95,10,10000,0.938,0.497,44,28,0.0345731,0,0.636364
2374,10000,4.71817,4.21697,5.62342,0.0314877,0.0251189,0.0398107,0.53874,0.5,0.6,0.742232,0.7,0.8,0.000206633,23135.9,887.483,834.179,0.01,0.95,10,10000,0.938,0.497,40,29,0.0339717,0,0.725
2375,10000,4.93094,4.21697,5.62342,0.0309954,0.0251189,0.0398107,0.547779,0.5,0.6,0.840759,0.8,0.9,0.000206633,21400.8,717.431,771.615,0.01,0.95,10,10000,0.938,0.497,37,33,0.0318464,0,0.891892
2376,10000,4.64481,4.21697,5.62342,0.0307474,0.0251189,0.0398107,0.544885,0.5,0.6,0.949412,0.9,1,0.000206633,10989.6,603.896,396.235,0.01,0.95,10,10000,0.938,0.497,19,14,0.0488937,0,0.736842
2377,10000,4.80704,4.21697,5.62342,0.032935,0.0251189,0.0398107,0.539808,0.5,0.6,1.17094,1,1.5,0.00103316,5321.27,183.171,191.861,0.01,0.95,10,10000,0.938,0.497,46,35,0.0309231,0,0.76087
2378,10000,5.03314,4.21697,5.62342,0.0361435,0.0251189,0.0398107,0.656782,0.6,0.7,0.0622221,0,0.1,0.000206633,4627.19,386.379,166.836,0.01,0.95,10,10000,0.938,0.497,8,6,0.0746863,0,0.75
2379,10000,4.7793,4.21697,5.62342,0.0311801,0.0251189,0.0398107,0.641391,0.6,0.7,0.152218,0.1,0.2,0.000206633,15616.8,663.116,563.071,0.01,0.95,10,10000,0.938,0.497,27,22,0.0390037,0,0.814815
2380,10000,4.88293,4.21697,5.62342,0.0305635,0.0251189,0.0398107,0.634085,0.6,0.7,0.264766,0.2,0.3,0.000206633,12146.4,724.238,437.944,0.01,0.95,10,10000,0.938,0.497,21,13,0.0507394,0,0.619048
2381,10000,4.78176,4.21697,5.62342,0.0316618,0.0251189,0.0398107,0.645568,0.6,0.7,0.352226,0.3,0.4,0.000206633,21979.2,931.646,792.47,0.01,0.95,10,10000,0.938,0.497,38,25,0.0365887,0,0.657895
2382,10000,4.73353,4.21697,5.62342,0.0332202,0.0251189,0.0398107,0.650692,0.6,0.7,0.45476,0.4,0.5,0.000206633,17352,1003.84,625.634,0.01,0.95,10,10000,0.938,0.497,30,15,0.0472358,0,0.5
2383,10000,4.70948,4.21697,5.62342,0.0336027,0.0251189,0.0398107,0.646982,0.6,0.7,0.557559,0.5,0.6,0.000206633,17352,761.702,625.634,0.01,0.95,10,10000,0.938,0.497,30,22,0.0390037,0,0.733333
2384,10000,4.72869,4.21697,5.62342,0.0318531,0.0251189,0.0398107,0.647146,0.6,0.7,0.655226,0.6,0.7,0.000206633,13881.6,669.228,500.507,0.01,0.95,10,10000,0.938,0.497,24,18,0.0431202,0,0.75
2385,10000,4.82386,4.21697,5.62342,0.0304529,0.0251189,0.0398107,0.638461,0.6,0.7,0.739958,0.7,0.8,0.000206633,16773.6,785.452,604.779,0.01,0.95,10,10000,0.938,0.497,29,20,0.0409074,0,0.689655
2386,10000,4.86102,4.21697,5.62342,0.0318379,0.0251189,0.0398107,0.654389,0.6,0.7,0.852142,0.8,0.9,0.000206633,14460,771.247,521.362,0.01,0.95,10,10000,0.938,0.497,25,16,0.0457358,0,0.64
2387,10000,5.03252,4.21697,5.62342,0.0333924,0.0251189,0.0398107,0.639975,0.6,0.7,0.965782,0.9,1,0.000206633,5205.59,397.935,187.69,0.01,0.95,10,10000,0.938,0.497,9,7,0.0691461,0,0.777778
2388,10000,4.50817,4.21697,5.62342,0.0324924,0.0251189,0.0398107,0.635967,0.6,0.7,1.21756,1,1.5,0.00103316,3239.03,185.14,116.785,0.01,0.95,10,10000,0.938,0.497,28,15,0.0472358,0,0.535714
2389,10000,4.73203,4.21697,5.62342,0.0331276,0.0251189,0.0398107,0.74621,0.7,0.8,0.0847084,0,0.1,0.000206633,2313.59,211.628,83.4179,0.01,0.95,10,10000,0.938,0.497,4,4,0.0914717,0,1
2390,10000,4.78014,4.21697,5.62342,0.0312441,0.0251189,0.0398107,0.734462,0.7,0.8,0.145188,0.1,0.2,0.000206633,5783.99,369.93,208.545,0.01,0.95,10,10000,0.938,0.497,10,9,0.0609811,0,0.9
2391,10000,4.5274,4.21697,5.62342,0.0300947,0.0251189,0.0398107,0.752979,0.7,0.8,0.261597,0.2,0.3,0.000206633,8097.58,575.259,291.962,0.01,0.95,10,10000,0.938,0.497,14,9,0.0609811,0,0.642857
2392,10000,4.61342,4.21697,5.62342,0.0308081,0.0251189,0.0398107,0.733002,0.7,0.8,0.351062,0.3,0.4,0.000206633,8675.98,626.005,312.817,0.01,0.95,10,10000,0.938,0.497,15,9,0.0609811,0,0.6
2393,10000,4.66198,4.21697,5.62342,0.0322675,0.0251189,0.0398107,0.75238,0.7,0.8,0.442295,0.4,0.5,0.000206633,13303.2,729.53,479.653,0.01,0.95,10,10000,0.938,0.497,23,15,0.0472358,0,0.652174
2394,10000,4.81277,4.21697,5.62342,0.0331077,0.0251189,0.0398107,0.741181,0.7,0.8,0.550888,0.5,0.6,0.000206633,13881.6,733.102,500.507,0.01,0.95,10,10000,0.938,0.497,24,16,0.0457358,0,0.666667
2395,10000,4.9289,4.21697,5.62342,0.0312185,0.0251189,0.0398107,0.733221,0.7,0.8,0.638909,0.6,0.7,0.000206633,8097.58,457.17,291.962,0.01,0.95,10,10000,0.938,0.497,14,12,0.0528112,0,0.857143
2396,10000,4.79301,4.21697,5.62342,0.0314269,0.0251189,0.0398107,0.754239,0.7,0.8,0.754647,0.7,0.8,0.000206633,10411.2,531.183,375.38,0.01,0.95,10,10000,0.938,0.497,18,15,0.0472358,0,0.833333
2397,10000,4.78975,4.21697,5.62342,0.0314048,0.0251189,0.0398107,0.744634,0.7,0.8,0.861983,0.8,0.9,0.000206633,9254.38,881.08,333.671,0.01,0.95,10,10000,0.938,0.497,16,6,0.0746863,0,0.375
2398,10000,4.76974,4.21697,5.62342,0.027261,0.0251189,0.0398107,0.736345,0.7,0.8,0.937784,0.9,1,0.000206633,2313.59,211.628,83.4179,0.01,0.95,10,10000,0.938,0.497,4,4,0.0914717,0,1
2399,10000,4.68426,4.21697,5.62342,0.0334447,0.0251189,0.0398107,0.742967,0.7,0.8,1.16949,1,1.5,0.00103316,2082.24,135.358,75.0761,0.01,0.95,10,10000,0.938,0.497,18,11,0.0551595,0,0.611111
2400,10000,4.39345,4.21697,5.62342,0.0259683,0.0251189,0.0398107,0.854367,0.8,0.9,0.0694411,0,0.1,0.000206633,578.399,105.814,20.8545,0.01,0.95,10,10000,0.938,0.497,1,1,0.182943,0,1
2401,10000,4.98806,4.21697,5.62342,0.0349254,0.0251189,0.0398107,0.851461,0.8,0.9,0.14706,0.1,0.2,0.000206633,2313.59,-nan,83.4179,0.01,0.95,10,10000,0.938,0.497,4,5,0.0818148,0,1.25
2402,10000,4.79708,4.21697,5.62342,0.0306445,0.0251189,0.0398107,0.853109,0.8,0.9,0.249615,0.2,0.3,0.000206633,4048.79,536.079,145.981,0.01,0.95,10,10000,0.938,0.497,7,3,0.105622,0,0.428571
2403,10000,4.7995,4.21697,5.62342,0.0341876,0.0251189,0.0398107,0.849978,0.8,0.9,0.349577,0.3,0.4,0.000206633,2891.99,-nan,104.272,0.01,0.95,10,10000,0.938,0.497,5,6,0.0746863,0,1.2
2404,10000,4.89428,4.21697,5.62342,0.0291699,0.0251189,0.0398107,0.843586,0.8,0.9,0.433204,0.4,0.5,0.000206633,6362.39,513.732,229.399,0.01,0.95,10,10000,0.938,0.497,11,7,0.0691461,0,0.636364
2405,10000,5.00803,4.21697,5.62342,0.0334141,0.0251189,0.0398107,0.809221,0.8,0.9,0.519908,0.5,0.6,0.000206633,4048.79,1009.4,145.981,0.01,0.95,10,10000,0.938,0.497,7,1,0.182943,0,0.142857
2406,10000,4.76728,4.21697,5.62342,0.0287086,0.0251189,0.0398107,0.842799,0.8,0.9,0.627206,0.6,0.7,0.000206633,1735.2,183.276,62.5634,0.01,0.95,10,10000,0.938,0.497,3,3,0.105622,0,1
2407,10000,5.20636,4.21697,5.62342,0.0258332,0.0251189,0.0398107,0.804657,0.8,0.9,0.73112,0.7,0.8,0.000206633,1735.2,409.817,62.5634,0.01,0.95,10,10000,0.938,0.497,3,1,0.182943,0,0.333333
2408,10000,4.82269,4.21697,5.62342,0.0299823,0.0251189,0.0398107,0.8509,0.8,0.9,1.14242,1,1.5,0.00103316,1388.16,114.246,50.0507,0.01,0.95,10,10000,0.938,0.497,12,7,0.0691461,0,0.583333
2409,10000,5.12238,4.21697,5.62342,0.028203,0.0251189,0.0398107,0.963936,0.9,1,0.145698,0.1,0.2,0.000206633,1735.2,409.817,62.5634,0.01,0.95,10,10000,0.938,0.497,3,1,0.182943,0,0.333333
2410,10000,4.44268,4.21697,5.62342,0.0268698,0.0251189,0.0398107,0.926353,0.9,1,0.238817,0.2,0.3,0.000206633,1156.8,259.191,41.7089,0.01,0.95,10,10000,0.938,0.497,2,1,0.182943,0,0.5
2411,10000,5.04571,4.21697,5.62342,0.0273805,0.0251189,0.0398107,0.98088,0.9,1,0.318153,0.3,0.4,0.000206633,1156.8,149.644,41.7089,0.01,0.95,10,10000,0.938,0.497,2,2,0.129361,0,1
2412,10000,4.72746,4.21697,5.62342,0.0296253,0.0251189,0.0398107,0.93077,0.9,1,0.469668,0.4,0.5,0.000206633,4048.79,375.603,145.981,0.01,0.95,10,10000,0.938,0.497,7,5,0.0818148,0,0.714286
2413,10000,4.28305,4.21697,5.62342,0.0397979,0.0251189,0.0398107,0.90452,0.9,1,0.537394,0.5,0.6,0.000206633,3470.39,859.639,125.127,0.01,0.95,10,10000,0.938,0.497,6,1,0.182943,0,0.166667
2414,10000,4.50505,4.21697,5.62342,0.0317187,0.0251189,0.0398107,0.940884,0.9,1,0.634722,0.6,0.7,0.000206633,2313.59,366.551,83.4179,0.01,0.95,10,10000,0.938,0.497,4,2,0.129361,0,0.5
2415,10000,4.94747,4.21697,5.62342,0.036075,0.0251189,0.0398107,0.913862,0.9,1,0.854312,0.8,0.9,0.000206633,1156.8,259.191,41.7089,0.01,0.95,10,10000,0.938,0.497,2,1,0.182943,0,0.5
2416,10000,4.82295,4.21697,5.62342,0.0498346,0.0398107,0.0630957,0.0741167,0.05,0.1,0.0644711,0,0.1,0.000163746,256191,2990.56,9237.08,0.01,0.95,10,10000,0.938,0.497,351,289,0.0107614,0,0.823362
2417,10000,4.84629,4.21697,5.62342,0.0505417,0.0398107,0.0630957,0.0741085,0.05,0.1,0.153568,0.1,0.2,0.000163746,600698,4344.22,21658.5,0.01,0.95,10,10000,0.938,0.497,823,720,0.0068179,0,0.874848
2418,10000,4.83618,4.21697,5.62342,0.0503311,0.0398107,0.0630957,0.0735309,0.05,0.1,0.251302,0.2,0.3,0.000163746,777331,5031.04,28027,0.01,0.95,10,10000,0.938,0.497,1065,913,0.00605454,0,0.857277
2419,10000,4.8519,4.21697,5.62342,0.0501002,0.0398107,0.0630957,0.073322,0.05,0.1,0.348966,0.3,0.4,0.000163746,789739,4937.32,28474.4,0.01,0.95,10,10000,0.938,0.497,1082,956,0.00591681,0,0.883549
2420,10000,4.84601,4.21697,5.62342,0.0500184,0.0398107,0.0630957,0.0729017,0.05,0.1,0.451944,0.4,0.5,0.000163746,722589,4814.34,26053.3,0.01,0.95,10,10000,0.938,0.497,990,856,0.00625288,0,0.864646
2421,10000,4.83172,4.21697,5.62342,0.0498397,0.0398107,0.0630957,0.0741422,0.05,0.1,0.547728,0.5,0.6,0.000163746,547416,4097.66,19737.4,0.01,0.95,10,10000,0.938,0.497,750,665,0.00709424,0,0.886667
2422,10000,4.8511,4.21697,5.62342,0.0504573,0.0398107,0.0630957,0.0735125,0.05,0.1,0.647501,0.6,0.7,0.000163746,440122,3759.74,15868.8,0.01,0.95,10,10000,0.938,0.497,603,521,0.0080149,0,0.864013
2423,10000,4.8611,4.21697,5.62342,0.0498741,0.0398107,0.0630957,0.0722117,0.05,0.1,0.74435,0.7,0.8,0.000163746,316041,3149.65,11395,0.01,0.95,10,10000,0.938,0.497,433,379,0.00939717,0,0.875289
2424,10000,4.86535,4.21697,5.62342,0.0501548,0.0398107,0.0630957,0.0733431,0.05,0.1,0.849628,0.8,0.9,0.000163746,212397,2634.16,7658.1,0.01,0.95,10,10000,0.938,0.497,291,249,0.0115936,0,0.85567
2425,10000,4.77994,4.21697,5.62342,0.0505181,0.0398107,0.0630957,0.0745021,0.05,0.1,0.946403,0.9,1,0.000163746,132110,1919.76,4763.28,0.01,0.95,10,10000,0.938,0.497,181,169,0.0140726,0,0.933702
2426,10000,4.97259,4.21697,5.62342,0.0493238,0.0398107,0.0630957,0.0749419,0.05,0.1,1.16007,1,1.5,0.000818729,41165.7,509.886,1484.25,0.01,0.95,10,10000,0.938,0.497,282,246,0.011664,0,0.87234
2427,10000,4.80567,4.21697,5.62342,0.0507031,0.0398107,0.0630957,0.121277,0.1,0.15,0.0672103,0,0.1,0.000163746,142328,2154.69,5131.71,0.01,0.95,10,10000,0.938,0.497,195,167,0.0141566,0,0.85641
2428,10000,4.83581,4.21697,5.62342,0.0510367,0.0398107,0.0630957,0.122722,0.1,0.15,0.151631,0.1,0.2,0.000163746,383191,3673.79,13816.2,0.01,0.95,10,10000,0.938,0.497,525,430,0.00882231,0,0.819048
2429,10000,4.82104,4.21697,5.62342,0.0503185,0.0398107,0.0630957,0.122093,0.1,0.15,0.248851,0.2,0.3,0.000163746,509462,4221.63,18368.9,0.01,0.95,10,10000,0.938,0.497,698,574,0.00763591,0,0.82235
2430,10000,4.81405,4.21697,5.62342,0.0501785,0.0398107,0.0630957,0.123521,0.1,0.15,0.347135,0.3,0.4,0.000163746,564203,4364.52,20342.6,0.01,0.95,10,10000,0.938,0.497,773,649,0.00718116,0,0.839586
2431,10000,4.83608,4.21697,5.62342,0.0504527,0.0398107,0.0630957,0.123049,0.1,0.15,0.446211,0.4,0.5,0.000163746,457640,3876.09,16500.4,0.01,0.95,10,10000,0.938,0.497,627,535,0.00790933,0,0.85327
2432,10000,4.79366,4.21697,5.62342,0.0504445,0.0398107,0.0630957,0.123274,0.1,0.15,0.548693,0.5,0.6,0.000163746,387570,3651.29,13974.1,0.01,0.95,10,10000,0.938,0.497,531,441,0.00871159,0,0.830508
2433,10000,4.79447,4.21697,5.62342,0.0504929,0.0398107,0.0630957,0.123646,0.1,0.15,0.646751,0.6,0.7,0.000163746,299254,3102.1,10789.8,0.01,0.95,10,10000,0.938,0.497,410,354,0.00972333,0,0.863415
2434,10000,4.85034,4.21697,5.62342,0.0508079,0.0398107,0.0630957,0.123772,0.1,0.15,0.746585,0.7,0.8,0.000163746,190501,2293.77,6868.6,0.01,0.95,10,10000,0.938,0.497,261,245,0.0116878,0,0.938697
2435,10000,4.86747,4.21697,5.62342,0.0509687,0.0398107,0.0630957,0.124327,0.1,0.15,0.850635,0.8,0.9,0.000163746,151087,2336.41,5447.51,0.01,0.95,10,10000,0.938,0.497,207,167,0.0141566,0,0.806763
2436,10000,4.85646,4.21697,5.62342,0.0500124,0.0398107,0.0630957,0.121272,0.1,0.15,0.94496,0.9,1,0.000163746,102914,1739.15,3710.62,0.01,0.95,10,10000,0.938,0.497,141,128,0.0161701,0,0.907801
2437,10000,4.85541,4.21697,5.62342,0.0498396,0.0398107,0.0630957,0.123015,0.1,0.15,1.17614,1,1.5,0.000818729,43209.4,530.017,1557.94,0.01,0.95,10,10000,0.938,0.497,296,254,0.0114789,0,0.858108
2438,10000,4.71163,4.21697,5.62342,0.0509609,0.0398107,0.0630957,0.17422,0.15,0.2,0.0628962,0,0.1,0.000163746,91965.9,1744.82,3315.88,0.01,0.95,10,10000,0.938,0.497,126,107,0.0176858,0,0.849206
2439,10000,4.78083,4.21697,5.62342,0.0502826,0.0398107,0.0630957,0.171957,0.15,0.2,0.154684,0.1,0.2,0.000163746,253271,3070.28,9131.82,0.01,0.95,10,10000,0.938,0.497,347,275,0.0110319,0,0.792507
2440,10000,4.77419,4.21697,5.62342,0.0504347,0.0398107,0.0630957,0.171291,0.15,0.2,0.254133,0.2,0.3,0.000163746,326260,3595.11,11763.5,0.01,0.95,10,10000,0.938,0.497,447,341,0.00990694,0,0.762864
2441,10000,4.79431,4.21697,5.62342,0.0508767,0.0398107,0.0630957,0.171752,0.15,0.2,0.349266,0.3,0.4,0.000163746,372973,3665.36,13447.7,0.01,0.95,10,10000,0.938,0.497,511,413,0.00900206,0,0.808219
2442,10000,4.76611,4.21697,5.62342,0.0512355,0.0398107,0.0630957,0.173717,0.15,0.2,0.450239,0.4,0.5,0.000163746,298524,3300.62,10763.4,0.01,0.95,10,10000,0.938,0.497,409,328,0.0101014,0,0.801956
2443,10000,4.77984,4.21697,5.62342,0.0509947,0.0398107,0.0630957,0.172961,0.15,0.2,0.552897,0.5,0.6,0.000163746,235024,2969.04,8473.91,0.01,0.95,10,10000,0.938,0.497,322,254,0.0114789,0,0.78882
2444,10000,4.81915,4.21697,5.62342,0.0509055,0.0398107,0.0630957,0.172493,0.15,0.2,0.646166,0.6,0.7,0.000163746,216777,2814.41,7815.99,0.01,0.95,10,10000,0.938,0.497,297,238,0.0118585,0,0.801347
2445,10000,4.79268,4.21697,5.62342,0.0504192,0.0398107,0.0630957,0.174704,0.15,0.2,0.749359,0.7,0.8,0.000163746,148167,2433.66,5342.25,0.01,0.95,10,10000,0.938,0.497,203,154,0.014742,0,0.758621
2446,10000,4.88047,4.21697,5.62342,0.0492547,0.0398107,0.0630957,0.173892,0.15,0.2,0.849801,0.8,0.9,0.000163746,106564,1918.03,3842.21,0.01,0.95,10,10000,0.938,0.497,146,121,0.0166312,0,0.828767
2447,10000,4.81731,4.21697,5.62342,0.0508448,0.0398107,0.0630957,0.17146,0.15,0.2,0.950984,0.9,1,0.000163746,90506.1,2059.06,3263.24,0.01,0.95,10,10000,0.938,0.497,124,85,0.019843,0,0.685484
2448,10000,4.76402,4.21697,5.62342,0.050773,0.0398107,0.0630957,0.172159,0.15,0.2,1.17282,1,1.5,0.000818729,30071.4,464.26,1084.24,0.01,0.95,10,10000,0.938,0.497,206,167,0.0141566,0,0.81068
2449,10000,4.73607,4.21697,5.62342,0.0510514,0.0398107,0.0630957,0.226038,0.2,0.25,0.0664386,0,0.1,0.000163746,62770.4,1494.77,2263.22,0.01,0.95,10,10000,0.938,0.497,86,70,0.0218659,0,0.813953
2450,10000,4.79132,4.21697,5.62342,0.0514876,0.0398107,0.0630957,0.223462,0.2,0.25,0.156319,0.1,0.2,0.000163746,166414,2240.92,6000.16,0.01,0.95,10,10000,0.938,0.497,228,204,0.0128086,0,0.894737
2451,10000,4.80064,4.21697,5.62342,0.0505293,0.0398107,0.0630957,0.224544,0.2,0.25,0.247847,0.2,0.3,0.000163746,206558,2627.49,7447.56,0.01,0.95,10,10000,0.938,0.497,283,239,0.0118336,0,0.844523
2452,10000,4.81389,4.21697,5.62342,0.0514025,0.0398107,0.0630957,0.2233,0.2,0.25,0.350415,0.3,0.4,0.000163746,250352,3136.26,9026.55,0.01,0.95,10,10000,0.938,0.497,343,263,0.0112808,0,0.766764
2453,10000,4.81193,4.21697,5.62342,0.0511403,0.0398107,0.0630957,0.223133,0.2,0.25,0.450371,0.4,0.5,0.000163746,214587,2826.07,7737.04,0.01,0.95,10,10000,0.938,0.497,294,233,0.011985,0,0.792517
2454,10000,4.85984,4.21697,5.62342,0.0507579,0.0398107,0.0630957,0.22382,0.2,0.25,0.55064,0.5,0.6,0.000163746,208018,3007.91,7500.2,0.01,0.95,10,10000,0.938,0.497,285,205,0.0127773,0,0.719298
2455,10000,4.82263,4.21697,5.62342,0.0505305,0.0398107,0.0630957,0.223802,0.2,0.25,0.646687,0.6,0.7,0.000163746,149627,2377.59,5394.88,0.01,0.95,10,10000,0.938,0.497,205,161,0.014418,0,0.785366
2456,10000,4.78154,4.21697,5.62342,0.050032,0.0398107,0.0630957,0.226113,0.2,0.25,0.746014,0.7,0.8,0.000163746,123351,2141.8,4447.48,0.01,0.95,10,10000,0.938,0.497,169,134,0.0158039,0,0.792899
2457,10000,4.82547,4.21697,5.62342,0.0496463,0.0398107,0.0630957,0.225118,0.2,0.25,0.839685,0.8,0.9,0.000163746,74448.6,1750.13,2684.28,0.01,0.95,10,10000,0.938,0.497,102,76,0.020985,0,0.745098
2458,10000,4.86544,4.21697,5.62342,0.05148,0.0398107,0.0630957,0.224299,0.2,0.25,0.942997,0.9,1,0.000163746,51092.1,1431.34,1842.15,0.01,0.95,10,10000,0.938,0.497,70,53,0.0251292,0,0.757143
2459,10000,4.82793,4.21697,5.62342,0.0508571,0.0398107,0.0630957,0.224195,0.2,0.25,1.17454,1,1.5,0.000818729,26713.9,501.628,963.183,0.01,0.95,10,10000,0.938,0.497,183,125,0.016363,0,0.68306
2460,10000,4.83481,4.21697,5.62342,0.0513961,0.0398107,0.0630957,0.270463,0.25,0.3,0.0677351,0,0.1,0.000163746,45253,1279.09,1631.62,0.01,0.95,10,10000,0.938,0.497,62,50,0.0258721,0,0.806452
2461,10000,4.75748,4.21697,5.62342,0.0516497,0.0398107,0.0630957,0.27402,0.25,0.3,0.158335,0.1,0.2,0.000163746,92695.8,1792.56,3342.19,0.01,0.95,10,10000,0.938,0.497,127,105,0.0178534,0,0.826772
2462,10000,4.82359,4.21697,5.62342,0.0502837,0.0398107,0.0630957,0.27474,0.25,0.3,0.249577,0.2,0.3,0.000163746,138679,2330.14,5000.13,0.01,0.95,10,10000,0.938,0.497,190,146,0.0151405,0,0.768421
2463,10000,4.79289,4.21697,5.62342,0.050709,0.0398107,0.0630957,0.272298,0.25,0.3,0.354256,0.3,0.4,0.000163746,151817,2162.42,5473.83,0.01,0.95,10,10000,0.938,0.497,208,184,0.0134868,0,0.884615
2464,10000,4.82827,4.21697,5.62342,0.0508514,0.0398107,0.0630957,0.273814,0.25,0.3,0.449381,0.4,0.5,0.000163746,161305,2328.8,5815.94,0.01,0.95,10,10000,0.938,0.497,221,186,0.0134141,0,0.841629
2465,10000,4.79926,4.21697,5.62342,0.0504161,0.0398107,0.0630957,0.273372,0.25,0.3,0.547233,0.5,0.6,0.000163746,137219,2174.21,4947.5,0.01,0.95,10,10000,0.938,0.497,188,156,0.0146472,0,0.829787
2466,10000,4.83013,4.21697,5.62342,0.0509684,0.0398107,0.0630957,0.27386,0.25,0.3,0.647945,0.6,0.7,0.000163746,89776.2,1932.73,3236.93,0.01,0.95,10,10000,0.938,0.497,123,91,0.0191777,0,0.739837
2467,10000,4.78692,4.21697,5.62342,0.0498873,0.0398107,0.0630957,0.275357,0.25,0.3,0.75086,0.7,0.8,0.000163746,80287.7,1621.4,2894.81,0.01,0.95,10,10000,0.938,0.497,110,94,0.0188692,0,0.854545
2468,10000,4.8653,4.21697,5.62342,0.0500672,0.0398107,0.0630957,0.276124,0.25,0.3,0.848813,0.8,0.9,0.000163746,60580.7,1442.36,2184.27,0.01,0.95,10,10000,0.938,0.497,83,69,0.0220238,0,0.831325
2469,10000,4.84272,4.21697,5.62342,0.0501949,0.0398107,0.0630957,0.274402,0.25,0.3,0.942599,0.9,1,0.000163746,35034.6,1094.61,1263.19,0.01,0.95,10,10000,0.938,0.497,48,40,0.0289259,0,0.833333
2470,10000,4.79014,4.21697,5.62342,0.0489736,0.0398107,0.0630957,0.272384,0.25,0.3,1.17483,1,1.5,0.000818729,21166.7,460.726,763.178,0.01,0.95,10,10000,0.938,0.497,145,95,0.0187696,0,0.655172
2471,10000,4.75935,4.21697,5.62342,0.050513,0.0398107,0.0630957,0.343637,0.3,0.4,0.0676921,0,0.1,0.000327492,19707,603.201,710.545,0.01,0.95,10,10000,0.938,0.497,54,43,0.0278986,0,0.796296
2472,10000,4.78409,4.21697,5.62342,0.0509611,0.0398107,0.0630957,0.345173,0.3,0.4,0.156049,0.1,0.2,0.000327492,53281.8,932.443,1921.1,0.01,0.95,10,10000,0.938,0.497,146,125,0.016363,0,0.856164
2473,10000,4.7803,4.21697,5.62342,0.050964,0.0398107,0.0630957,0.345949,0.3,0.4,0.254955,0.2,0.3,0.000327492,85761.8,1215.42,3092.19,0.01,0.95,10,10000,0.938,0.497,235,195,0.0131008,0,0.829787
2474,10000,4.80175,4.21697,5.62342,0.05162,0.0398107,0.0630957,0.342264,0.3,0.4,0.34973,0.3,0.4,0.000327492,92330.8,1255.66,3329.03,0.01,0.95,10,10000,0.938,0.497,253,211,0.0125943,0,0.833992
2475,10000,4.79154,4.21697,5.62342,0.0503935,0.0398107,0.0630957,0.340865,0.3,0.4,0.445112,0.4,0.5,0.000327492,90871,1249.12,3276.4,0.01,0.95,10,10000,0.938,0.497,249,207,0.0127154,0,0.831325
2476,10000,4.85663,4.21697,5.62342,0.0506824,0.0398107,0.0630957,0.343144,0.3,0.4,0.54633,0.5,0.6,0.000327492,73353.7,1089.02,2644.81,0.01,0.95,10,10000,0.938,0.497,201,173,0.0139089,0,0.860697
2477,10000,4.80282,4.21697,5.62342,0.0505492,0.0398107,0.0630957,0.347386,0.3,0.4,0.647046,0.6,0.7,0.000327492,62040.5,1046.79,2236.9,0.01,0.95,10,10000,0.938,0.497,170,139,0.0155171,0,0.817647
2478,10000,4.78964,4.21697,5.62342,0.0504382,0.0398107,0.0630957,0.345693,0.3,0.4,0.749265,0.7,0.8,0.000327492,49632.4,844.337,1789.52,0.01,0.95,10,10000,0.938,0.497,136,125,0.016363,0,0.919118
2479,10000,4.83411,4.21697,5.62342,0.0508064,0.0398107,0.0630957,0.351008,0.3,0.4,0.850635,0.8,0.9,0.000327492,38319.1,863.356,1381.62,0.01,0.95,10,10000,0.938,0.497,105,81,0.020327,0,0.771429
2480,10000,4.80056,4.21697,5.62342,0.0499146,0.0398107,0.0630957,0.346158,0.3,0.4,0.942843,0.9,1,0.000327492,25911,667.245,934.235,0.01,0.95,10,10000,0.938,0.497,71,59,0.0238172,0,0.830986
2481,10000,4.81259,4.21697,5.62342,0.0509865,0.0398107,0.0630957,0.346658,0.3,0.4,1.19774,1,1.5,0.00163746,14086.8,221.649,507.908,0.01,0.95,10,10000,0.938,0.497,193,159,0.0145084,0,0.823834
2482,10000,4.80599,4.21697,5.62342,0.0501767,0.0398107,0.0630957,0.434468,0.4,0.5,0.0568184,0,0.1,0.000327492,11313.3,484.052,407.905,0.01,0.95,10,10000,0.938,0.497,31,23,0.0381463,0,0.741935
2483,10000,4.81757,4.21697,5.62342,0.0500517,0.0398107,0.0630957,0.440786,0.4,0.5,0.163124,0.1,0.2,0.000327492,28465.6,688.556,1026.34,0.01,0.95,10,10000,0.938,0.497,78,66,0.0225188,0,0.846154
2484,10000,4.76127,4.21697,5.62342,0.0511145,0.0398107,0.0630957,0.442774,0.4,0.5,0.25344,0.2,0.3,0.000327492,37589.2,776.89,1355.3,0.01,0.95,10,10000,0.938,0.497,103,89,0.019392,0,0.864078
2485,10000,4.78291,4.21697,5.62342,0.0511769,0.0398107,0.0630957,0.440864,0.4,0.5,0.352425,0.3,0.4,0.000327492,47442.7,939.822,1710.57,0.01,0.95,10,10000,0.938,0.497,130,103,0.0180259,0,0.792308
2486,10000,4.80802,4.21697,5.62342,0.0510885,0.0398107,0.0630957,0.441834,0.4,0.5,0.4491,0.4,0.5,0.000327492,40508.8,884.554,1460.56,0.01,0.95,10,10000,0.938,0.497,111,86,0.0197273,0,0.774775
2487,10000,4.73988,4.21697,5.62342,0.0494239,0.0398107,0.0630957,0.438142,0.4,0.5,0.548285,0.5,0.6,0.000327492,36129.4,735.155,1302.67,0.01,0.95,10,10000,0.938,0.497,99,89,0.019392,0,0.89899
2488,10000,4.759,4.21697,5.62342,0.0517949,0.0398107,0.0630957,0.450052,0.4,0.5,0.652801,0.6,0.7,0.000327492,40508.8,828.434,1460.56,0.01,0.95,10,10000,0.938,0.497,111,93,0.0189703,0,0.837838
2489,10000,4.77621,4.21697,5.62342,0.0501811,0.0398107,0.0630957,0.447618,0.4,0.5,0.752322,0.7,0.8,0.000327492,24086.3,594.163,868.444,0.01,0.95,10,10000,0.938,0.497,66,60,0.0236179,0,0.909091
2490,10000,4.80071,4.21697,5.62342,0.0506797,0.0398107,0.0630957,0.449585,0.4,0.5,0.849886,0.8,0.9,0.000327492,21166.7,616.073,763.178,0.01,0.95,10,10000,0.938,0.497,58,47,0.026685,0,0.810345
2491,10000,4.75808,4.21697,5.62342,0.0501959,0.0398107,0.0630957,0.444218,0.4,0.5,0.942702,0.9,1,0.000327492,12773,483.752,460.538,0.01,0.95,10,10000,0.938,0.497,35,28,0.0345731,0,0.8
2492,10000,4.80387,4.21697,5.62342,0.0497974,0.0398107,0.0630957,0.441999,0.4,0.5,1.17899,1,1.5,0.00163746,6714.97,141.283,242.112,0.01,0.95,10,10000,0.938,0.497,92,83,0.0200806,0,0.902174
2493,10000,4.74578,4.21697,5.62342,0.0511796,0.0398107,0.0630957,0.545793,0.5,0.6,0.0689084,0,0.1,0.000327492,5109.21,362.963,184.215,0.01,0.95,10,10000,0.938,0.497,14,9,0.0609811,0,0.642857
2494,10000,4.73533,4.21697,5.62342,0.0498789,0.0398107,0.0630957,0.54354,0.5,0.6,0.142565,0.1,0.2,0.000327492,14962.7,534.373,539.488,0.01,0.95,10,10000,0.938,0.497,41,32,0.0323401,0,0.780488
2495,10000,4.74848,4.21697,5.62342,0.0495719,0.0398107,0.0630957,0.555162,0.5,0.6,0.254012,0.2,0.3,0.000327492,15692.6,492.046,565.804,0.01,0.95,10,10000,0.938,0.497,43,38,0.0296773,0,0.883721
2496,10000,4.80151,4.21697,5.62342,0.0517089,0.0398107,0.0630957,0.540713,0.5,0.6,0.340144,0.3,0.4,0.000327492,26276,710.16,947.393,0.01,0.95,10,10000,0.938,0.497,72,56,0.0244468,0,0.777778
2497,10000,4.87167,4.21697,5.62342,0.050298,0.0398107,0.0630957,0.538958,0.5,0.6,0.450182,0.4,0.5,0.000327492,24086.3,672.757,868.444,0.01,0.95,10,10000,0.938,0.497,66,52,0.0253697,0,0.787879
2498,10000,4.78347,4.21697,5.62342,0.0508365,0.0398107,0.0630957,0.545766,0.5,0.6,0.552561,0.5,0.6,0.000327492,26276,642.364,947.393,0.01,0.95,10,10000,0.938,0.497,72,63,0.0230487,0,0.875
2499,10000,4.83743,4.21697,5.62342,0.051861,0.0398107,0.0630957,0.544943,0.5,0.6,0.63793,0.6,0.7,0.000327492,19707,580.502,710.545,0.01,0.95,10,10000,0.938,0.497,54,45,0.0272716,0,0.833333
2500,10000,4.87641,4.21697,5.62342,0.0509614,0.0398107,0.0630957,0.544689,0.5,0.6,0.751685,0.7,0.8,0.000327492,19342,576.966,697.387,0.01,0.95,10,10000,0.938,0.497,53,44,0.0275798,0,0.830189
2501,10000,4.65261,4.21697,5.62342,0.0503439,0.0398107,0.0630957,0.55389,0.5,0.6,0.848644,0.8,0.9,0.000327492,10583.4,427.933,381.589,0.01,0.95,10,10000,0.938,0.497,29,24,0.0373432,0,0.827586
2502,10000,4.7204,4.21697,5.62342,0.0517743,0.0398107,0.0630957,0.544131,0.5,0.6,0.947643,0.9,1,0.000327492,6933.93,291.018,250.007,0.01,0.95,10,10000,0.938,0.497,19,19,0.0419701,0,1
2503,10000,4.74504,4.21697,5.62342,0.0498045,0.0398107,0.0630957,0.547408,0.5,0.6,1.1856,1,1.5,0.00163746,3649.44,113.264,131.582,0.01,0.95,10,10000,0.938,0.497,50,41,0.028571,0,0.82
2504,10000,4.58427,4.21697,5.62342,0.0472037,0.0398107,0.0630957,0.644389,0.6,0.7,0.0641274,0,0.1,0.000327492,2554.61,236.989,92.1077,0.01,0.95,10,10000,0.938,0.497,7,5,0.0818148,0,0.714286
2505,10000,4.81402,4.21697,5.62342,0.0514072,0.0398107,0.0630957,0.646425,0.6,0.7,0.164497,0.1,0.2,0.000327492,5839.1,284.303,210.532,0.01,0.95,10,10000,0.938,0.497,16,15,0.0472358,0,0.9375
2506,10000,4.76796,4.21697,5.62342,0.051327,0.0398107,0.0630957,0.643929,0.6,0.7,0.250572,0.2,0.3,0.000327492,13867.9,495.861,500.013,0.01,0.95,10,10000,0.938,0.497,38,31,0.0328576,0,0.815789
2507,10000,4.81789,4.21697,5.62342,0.0513401,0.0398107,0.0630957,0.638358,0.6,0.7,0.343487,0.3,0.4,0.000327492,13867.9,469.799,500.013,0.01,0.95,10,10000,0.938,0.497,38,33,0.0318464,0,0.868421
2508,10000,4.71434,4.21697,5.62342,0.0503513,0.0398107,0.0630957,0.644428,0.6,0.7,0.448894,0.4,0.5,0.000327492,8758.65,355.569,315.798,0.01,0.95,10,10000,0.938,0.497,24,22,0.0390037,0,0.916667
2509,10000,4.7476,4.21697,5.62342,0.0519863,0.0398107,0.0630957,0.649537,0.6,0.7,0.550848,0.5,0.6,0.000327492,8758.65,355.569,315.798,0.01,0.95,10,10000,0.938,0.497,24,22,0.0390037,0,0.916667
2510,10000,4.80065,4.21697,5.62342,0.0513079,0.0398107,0.0630957,0.64816,0.6,0.7,0.657023,0.6,0.7,0.000327492,9123.6,347.451,328.956,0.01,0.95,10,10000,0.938,0.497,25,24,0.0373432,0,0.96
2511,10000,4.81964,4.21697,5.62342,0.0496537,0.0398107,0.0630957,0.643783,0.6,0.7,0.746199,0.7,0.8,0.000327492,9853.49,452.324,355.272,0.01,0.95,10,10000,0.938,0.497,27,20,0.0409074,0,0.740741
2512,10000,4.8087,4.21697,5.62342,0.0469109,0.0398107,0.0630957,0.646252,0.6,0.7,0.861795,0.8,0.9,0.000327492,4379.33,273.651,157.899,0.01,0.95,10,10000,0.938,0.497,12,10,0.0578518,0,0.833333
2513,10000,4.93493,4.21697,5.62342,0.0455116,0.0398107,0.0630957,0.655631,0.6,0.7,0.963336,0.9,1,0.000327492,2919.55,280.091,105.266,0.01,0.95,10,10000,0.938,0.497,8,5,0.0818148,0,0.625
2514,10000,4.71478,4.21697,5.62342,0.0498406,0.0398107,0.0630957,0.643524,0.6,0.7,1.21696,1,1.5,0.00163746,1897.71,86.1231,68.4228,0.01,0.95,10,10000,0.938,0.497,26,20,0.0409074,0,0.769231
2515,10000,4.86921,4.21697,5.62342,0.0478802,0.0398107,0.0630957,0.765081,0.7,0.8,0.0624497,0,0.1,0.000327492,2189.66,163.538,78.9494,0.01,0.95,10,10000,0.938,0.497,6,6,0.0746863,0,1
2516,10000,4.57785,4.21697,5.62342,0.0525978,0.0398107,0.0630957,0.752632,0.7,0.8,0.155005,0.1,0.2,0.000327492,1824.72,149.289,65.7912,0.01,0.95,10,10000,0.938,0.497,5,5,0.0818148,0,1
2517,10000,4.86108,4.21697,5.62342,0.0510051,0.0398107,0.0630957,0.751579,0.7,0.8,0.240276,0.2,0.3,0.000327492,4379.33,298.578,157.899,0.01,0.95,10,10000,0.938,0.497,12,9,0.0609811,0,0.75
2518,10000,4.7619,4.21697,5.62342,0.0502321,0.0398107,0.0630957,0.732568,0.7,0.8,0.359634,0.3,0.4,0.000327492,6204.05,426.455,223.69,0.01,0.95,10,10000,0.938,0.497,17,10,0.0578518,0,0.588235
2519,10000,4.74802,4.21697,5.62342,0.0489086,0.0398107,0.0630957,0.740042,0.7,0.8,0.456218,0.4,0.5,0.000327492,5109.21,249.808,184.215,0.01,0.95,10,10000,0.938,0.497,14,14,0.0488937,0,1
2520,10000,4.80146,4.21697,5.62342,0.0451688,0.0398107,0.0630957,0.748401,0.7,0.8,0.547107,0.5,0.6,0.000327492,5109.21,362.963,184.215,0.01,0.95,10,10000,0.938,0.497,14,9,0.0609811,0,0.642857
2521,10000,4.71112,4.21697,5.62342,0.0520195,0.0398107,0.0630957,0.727967,0.7,0.8,0.649205,0.6,0.7,0.000327492,4744.27,281.102,171.057,0.01,0.95,10,10000,0.938,0.497,13,11,0.0551595,0,0.846154
2522,10000,4.59065,4.21697,5.62342,0.0507076,0.0398107,0.0630957,0.765301,0.7,0.8,0.758496,0.7,0.8,0.000327492,3649.44,258.576,131.582,0.01,0.95,10,10000,0.938,0.497,10,8,0.0646803,0,0.8
2523,10000,5.08939,4.21697,5.62342,0.0547069,0.0398107,0.0630957,0.724985,0.7,0.8,0.862756,0.8,0.9,0.000327492,1824.72,182.841,65.7912,0.01,0.95,10,10000,0.938,0.497,5,4,0.0914717,0,0.8
2524,10000,4.68012,4.21697,5.62342,0.0541346,0.0398107,0.0630957,0.761441,0.7,0.8,0.986313,0.9,1,0.000327492,1094.83,115.639,39.4747,0.01,0.95,10,10000,0.938,0.497,3,3,0.105622,0,1
2525,10000,5.07645,4.21697,5.62342,0.0510716,0.0398107,0.0630957,0.74897,0.7,0.8,1.17712,1,1.5,0.00163746,948.854,52.0017,34.2114,0.01,0.95,10,10000,0.938,0.497,13,12,0.0528112,0,0.923077
2526,10000,4.82246,4.21697,5.62342,0.0536669,0.0398107,0.0630957,0.840301,0.8,0.9,0.0672184,0,0.1,0.000327492,1094.83,115.639,39.4747,0.01,0.95,10,10000,0.938,0.497,3,3,0.105622,0,1
2527,10000,4.74556,4.21697,5.62342,0.047771,0.0398107,0.0630957,0.838974,0.8,0.9,0.165427,0.1,0.2,0.000327492,2554.61,279.294,92.1077,0.01,0.95,10,10000,0.938,0.497,7,4,0.0914717,0,0.571429
2528,10000,4.68027,4.21697,5.62342,0.0512063,0.0398107,0.0630957,0.848805,0.8,0.9,0.232794,0.2,0.3,0.000327492,2554.61,176.641,92.1077,0.01,0.95,10,10000,0.938,0.497,7,7,0.0691461,0,1
2529,10000,4.68543,4.21697,5.62342,0.0537663,0.0398107,0.0630957,0.856458,0.8,0.9,0.346623,0.3,0.4,0.000327492,4014.38,242.566,144.741,0.01,0.95,10,10000,0.938,0.497,11,10,0.0578518,0,0.909091
2530,10000,4.75729,4.21697,5.62342,0.0522162,0.0398107,0.0630957,0.843793,0.8,0.9,0.450164,0.4,0.5,0.000327492,2189.66,163.538,78.9494,0.01,0.95,10,10000,0.938,0.497,6,6,0.0746863,0,1
2531,10000,4.57217,4.21697,5.62342,0.0494577,0.0398107,0.0630957,0.855881,0.8,0.9,0.548058,0.5,0.6,0.000327492,4014.38,266.127,144.741,0.01,0.95,10,10000,0.938,0.497,11,9,0.0609811,0,0.818182
2532,10000,4.94,4.21697,5.62342,0.0517447,0.0398107,0.0630957,0.854852,0.8,0.9,0.624245,0.6,0.7,0.000327492,4379.33,327.076,157.899,0.01,0.95,10,10000,0.938,0.497,12,8,0.0646803,0,0.666667
2533,10000,4.40233,4.21697,5.62342,0.0589897,0.0398107,0.0630957,0.841154,0.8,0.9,0.74512,0.7,0.8,0.000327492,2189.66,365.682,78.9494,0.01,0.95,10,10000,0.938,0.497,6,2,0.129361,0,0.333333
2534,10000,5.22889,4.21697,5.62342,0.0486482,0.0398107,0.0630957,0.827299,0.8,0.9,0.813874,0.8,0.9,0.000327492,1094.83,163.538,39.4747,0.01,0.95,10,10000,0.938,0.497,3,2,0.129361,0,0.666667
2535,10000,4.61277,4.21697,5.62342,0.0434679,0.0398107,0.0630957,0.869665,0.8,0.9,0.901993,0.9,1,0.000327492,364.944,66.7641,13.1582,0.01,0.95,10,10000,0.938,0.497,1,1,0.182943,0,1
2536,10000,4.65268,4.21697,5.62342,0.051408,0.0398107,0.0630957,0.923902,0.9,1,0.161564,0.1,0.2,0.000327492,1094.83,115.639,39.4747,0.01,0.95,10,10000,0.938,0.497,3,3,0.105622,0,1
2537,10000,4.70654,4.21697,5.62342,0.0453468,0.0398107,0.0630957,0.91188,0.9,1,0.264099,0.2,0.3,0.000327492,1824.72,149.289,65.7912,0.01,0.95,10,10000,0.938,0.497,5,5,0.0818148,0,1
2538,10000,4.25379,4.21697,5.62342,0.0539487,0.0398107,0.0630957,0.92454,0.9,1,0.349,0.3,0.4,0.000327492,729.888,163.538,26.3165,0.01,0.95,10,10000,0.938,0.497,2,1,0.182943,0,0.5
2539,10000,4.35128,4.21697,5.62342,0.0529043,0.0398107,0.0630957,0.922077,0.9,1,0.424393,0.4,0.5,0.000327492,729.888,94.4187,26.3165,0.01,0.95,10,10000,0.938,0.497,2,2,0.129361,0,1
2540,10000,4.65544,4.21697,5.62342,0.0508268,0.0398107,0.0630957,0.934169,0.9,1,0.568435,0.5,0.6,0.000327492,1094.83,115.639,39.4747,0.01,0.95,10,10000,0.938,0.497,3,3,0.105622,0,1
2541,10000,4.7872,4.21697,5.62342,0.0510561,0.0398107,0.0630957,0.920064,0.9,1,0.751053,0.7,0.8,0.000327492,1094.83,115.639,39.4747,0.01,0.95,10,10000,0.938,0.497,3,3,0.105622,0,1
2542,10000,4.5049,4.21697,5.62342,0.0457701,0.0398107,0.0630957,0.918738,0.9,1,0.856052,0.8,0.9,0.000327492,364.944,-nan,13.1582,0.01,0.95,10,10000,0.938,0.497,1,2,0.129361,0,2
2543,10000,4.88584,4.21697,5.62342,0.0776881,0.0630957,0.1,0.0756213,0.05,0.1,0.0663834,0,0.1,0.00025952,102237,1431.55,3686.21,0.01,0.95,10,10000,0.938,0.497,222,193,0.0131686,0,0.869369
2544,10000,4.93372,4.21697,5.62342,0.0788485,0.0630957,0.1,0.0765084,0.05,0.1,0.154133,0.1,0.2,0.00025952,269408,2338.38,9713.66,0.01,0.95,10,10000,0.938,0.497,585,505,0.00814087,0,0.863248
2545,10000,4.88928,4.21697,5.62342,0.078682,0.0630957,0.1,0.0766758,0.05,0.1,0.249422,0.2,0.3,0.00025952,323751,2592.82,11673,0.01,0.95,10,10000,0.938,0.497,703,599,0.00747486,0,0.852063
2546,10000,4.91863,4.21697,5.62342,0.0786238,0.0630957,0.1,0.0752513,0.05,0.1,0.347197,0.3,0.4,0.00025952,343553,2813.58,12387,0.01,0.95,10,10000,0.938,0.497,746,598,0.00748111,0,0.801609
2547,10000,4.87458,4.21697,5.62342,0.0782583,0.0630957,0.1,0.0749128,0.05,0.1,0.446023,0.4,0.5,0.00025952,294737,2447.7,10626.9,0.01,0.95,10,10000,0.938,0.497,640,552,0.00778659,0,0.8625
2548,10000,4.88691,4.21697,5.62342,0.0783027,0.0630957,0.1,0.074891,0.05,0.1,0.547581,0.5,0.6,0.00025952,265264,2346.08,9564.22,0.01,0.95,10,10000,0.938,0.497,576,491,0.00825612,0,0.852431
2549,10000,4.89386,4.21697,5.62342,0.0779047,0.0630957,0.1,0.0762273,0.05,0.1,0.646784,0.6,0.7,0.00025952,187435,1908.74,6758.05,0.01,0.95,10,10000,0.938,0.497,407,360,0.00964196,0,0.884521
2550,10000,4.95417,4.21697,5.62342,0.0776923,0.0630957,0.1,0.0759534,0.05,0.1,0.746311,0.7,0.8,0.00025952,127566,1682.96,4599.46,0.01,0.95,10,10000,0.938,0.497,277,227,0.0121424,0,0.819495
2551,10000,4.9047,4.21697,5.62342,0.0769576,0.0630957,0.1,0.076579,0.05,0.1,0.846999,0.8,0.9,0.00025952,77368.6,1138.5,2789.56,0.01,0.95,10,10000,0.938,0.497,168,161,0.014418,0,0.958333
2552,10000,4.96344,4.21697,5.62342,0.0758263,0.0630957,0.1,0.0780621,0.05,0.1,0.951227,0.9,1,0.00025952,48355.4,1026.5,1743.48,0.01,0.95,10,10000,0.938,0.497,105,87,0.0196136,0,0.828571
2553,10000,4.92749,4.21697,5.62342,0.0776137,0.0630957,0.1,0.0778662,0.05,0.1,1.13449,1,1.5,0.0012976,12434.2,236.12,448.323,0.01,0.95,10,10000,0.938,0.497,135,110,0.017443,0,0.814815
2554,10000,4.79037,4.21697,5.62342,0.0804378,0.0630957,0.1,0.122542,0.1,0.15,0.0671197,0,0.1,0.00025952,82894.9,1256.67,2988.82,0.01,0.95,10,10000,0.938,0.497,180,161,0.014418,0,0.894444
2555,10000,4.83671,4.21697,5.62342,0.078964,0.0630957,0.1,0.123146,0.1,0.15,0.153085,0.1,0.2,0.00025952,210461,1996.89,7588.28,0.01,0.95,10,10000,0.938,0.497,457,410,0.00903493,0,0.897155
2556,10000,4.82981,4.21697,5.62342,0.0790693,0.0630957,0.1,0.123434,0.1,0.15,0.250235,0.2,0.3,0.00025952,287830,2364.64,10377.8,0.01,0.95,10,10000,0.938,0.497,625,553,0.00777954,0,0.8848
2557,10000,4.84494,4.21697,5.62342,0.0797332,0.0630957,0.1,0.122815,0.1,0.15,0.350863,0.3,0.4,0.00025952,276777,2337.52,9979.33,0.01,0.95,10,10000,0.938,0.497,601,527,0.00796914,0,0.876872
2558,10000,4.85606,4.21697,5.62342,0.0792484,0.0630957,0.1,0.123387,0.1,0.15,0.450935,0.4,0.5,0.00025952,248224,2207.98,8949.85,0.01,0.95,10,10000,0.938,0.497,539,474,0.00840287,0,0.879406
2559,10000,4.85064,4.21697,5.62342,0.0797994,0.0630957,0.1,0.123412,0.1,0.15,0.548417,0.5,0.6,0.00025952,193421,1964.92,6973.91,0.01,0.95,10,10000,0.938,0.497,420,366,0.0095626,0,0.871429
2560,10000,4.83124,4.21697,5.62342,0.0797933,0.0630957,0.1,0.124691,0.1,0.15,0.646716,0.6,0.7,0.00025952,158882,1732.58,5728.57,0.01,0.95,10,10000,0.938,0.497,345,310,0.0103905,0,0.898551
2561,10000,4.8662,4.21697,5.62342,0.0798845,0.0630957,0.1,0.12494,0.1,0.15,0.743159,0.7,0.8,0.00025952,122961,1619.51,4433.41,0.01,0.95,10,10000,0.938,0.497,267,224,0.0122234,0,0.838951
2562,10000,4.81078,4.21697,5.62342,0.0797047,0.0630957,0.1,0.126332,0.1,0.15,0.845188,0.8,0.9,0.00025952,83355.4,1224.81,3005.42,0.01,0.95,10,10000,0.938,0.497,181,167,0.0141566,0,0.922652
2563,10000,4.83253,4.21697,5.62342,0.0781363,0.0630957,0.1,0.124529,0.1,0.15,0.951062,0.9,1,0.00025952,60789.6,1076.7,2191.8,0.01,0.95,10,10000,0.938,0.497,132,118,0.0168413,0,0.893939
2564,10000,4.96823,4.21697,5.62342,0.0792877,0.0630957,0.1,0.125446,0.1,0.15,1.15452,1,1.5,0.0012976,18329,281.008,660.861,0.01,0.95,10,10000,0.938,0.497,199,166,0.0141992,0,0.834171
2565,10000,4.7984,4.21697,5.62342,0.079761,0.0630957,0.1,0.173909,0.15,0.2,0.0665236,0,0.1,0.00025952,51579.1,940.739,1859.71,0.01,0.95,10,10000,0.938,0.497,112,106,0.017769,0,0.946429
2566,10000,4.80905,4.21697,5.62342,0.0797444,0.0630957,0.1,0.173085,0.15,0.2,0.154189,0.1,0.2,0.00025952,134934,1549.48,4865.13,0.01,0.95,10,10000,0.938,0.497,293,272,0.0110926,0,0.928328
2567,10000,4.80812,4.21697,5.62342,0.079233,0.0630957,0.1,0.173408,0.15,0.2,0.254004,0.2,0.3,0.00025952,162106,1761.61,5844.8,0.01,0.95,10,10000,0.938,0.497,352,314,0.0103241,0,0.892045
2568,10000,4.82195,4.21697,5.62342,0.0797568,0.0630957,0.1,0.173439,0.15,0.2,0.350263,0.3,0.4,0.00025952,174079,1768.9,6276.52,0.01,0.95,10,10000,0.938,0.497,378,349,0.00979274,0,0.92328
2569,10000,4.82431,4.21697,5.62342,0.0796642,0.0630957,0.1,0.173909,0.15,0.2,0.44923,0.4,0.5,0.00025952,164869,1829.5,5944.43,0.01,0.95,10,10000,0.938,0.497,358,309,0.0104073,0,0.863128
2570,10000,4.80199,4.21697,5.62342,0.0789087,0.0630957,0.1,0.171826,0.15,0.2,0.549596,0.5,0.6,0.00025952,140461,1651.12,5064.39,0.01,0.95,10,10000,0.938,0.497,305,270,0.0111336,0,0.885246
2571,10000,4.81235,4.21697,5.62342,0.0799665,0.0630957,0.1,0.173196,0.15,0.2,0.647354,0.6,0.7,0.00025952,111908,1402.85,4034.91,0.01,0.95,10,10000,0.938,0.497,243,227,0.0121424,0,0.934156
2572,10000,4.83572,4.21697,5.62342,0.0797244,0.0630957,0.1,0.172624,0.15,0.2,0.742081,0.7,0.8,0.00025952,82434.4,1358.28,2972.21,0.01,0.95,10,10000,0.938,0.497,179,146,0.0151405,0,0.815642
2573,10000,4.8093,4.21697,5.62342,0.0800131,0.0630957,0.1,0.174728,0.15,0.2,0.840807,0.8,0.9,0.00025952,60329.1,1073.49,2175.2,0.01,0.95,10,10000,0.938,0.497,131,117,0.0169131,0,0.89313
2574,10000,4.84347,4.21697,5.62342,0.0801189,0.0630957,0.1,0.17061,0.15,0.2,0.946076,0.9,1,0.00025952,34079,807.835,1228.74,0.01,0.95,10,10000,0.938,0.497,74,66,0.0225188,0,0.891892
2575,10000,4.91384,4.21697,5.62342,0.0788466,0.0630957,0.1,0.17382,0.15,0.2,1.15938,1,1.5,0.0012976,15013.2,224.573,541.308,0.01,0.95,10,10000,0.938,0.497,163,156,0.0146472,0,0.957055
2576,10000,4.80553,4.21697,5.62342,0.0789889,0.0630957,0.1,0.225776,0.2,0.25,0.0677375,0,0.1,0.00025952,31315.9,705.04,1129.11,0.01,0.95,10,10000,0.938,0.497,68,67,0.0223501,0,0.985294
2577,10000,4.81075,4.21697,5.62342,0.0802556,0.0630957,0.1,0.223684,0.2,0.25,0.157577,0.1,0.2,0.00025952,85658.1,1294.01,3088.45,0.01,0.95,10,10000,0.938,0.497,186,164,0.0142855,0,0.88172
2578,10000,4.81987,4.21697,5.62342,0.0798498,0.0630957,0.1,0.222301,0.2,0.25,0.249078,0.2,0.3,0.00025952,113750,1459.66,4101.32,0.01,0.95,10,10000,0.938,0.497,247,223,0.0122508,0,0.902834
2579,10000,4.77157,4.21697,5.62342,0.0788513,0.0630957,0.1,0.224025,0.2,0.25,0.351673,0.3,0.4,0.00025952,131250,1564.09,4732.3,0.01,0.95,10,10000,0.938,0.497,285,258,0.0113896,0,0.905263
2580,10000,4.81241,4.21697,5.62342,0.0798386,0.0630957,0.1,0.223843,0.2,0.25,0.449168,0.4,0.5,0.00025952,126645,1541.76,4566.25,0.01,0.95,10,10000,0.938,0.497,275,248,0.0116169,0,0.901818
2581,10000,4.82706,4.21697,5.62342,0.0794663,0.0630957,0.1,0.22537,0.2,0.25,0.547869,0.5,0.6,0.00025952,97171.3,1378.52,3503.56,0.01,0.95,10,10000,0.938,0.497,211,186,0.0134141,0,0.881517
2582,10000,4.85428,4.21697,5.62342,0.0797987,0.0630957,0.1,0.223019,0.2,0.25,0.651531,0.6,0.7,0.00025952,78750.2,1347.68,2839.38,0.01,0.95,10,10000,0.938,0.497,171,137,0.0156299,0,0.80117
2583,10000,4.76699,4.21697,5.62342,0.0776154,0.0630957,0.1,0.221118,0.2,0.25,0.747275,0.7,0.8,0.00025952,48355.4,987.233,1743.48,0.01,0.95,10,10000,0.938,0.497,105,91,0.0191777,0,0.866667
2584,10000,4.83868,4.21697,5.62342,0.0804038,0.0630957,0.1,0.222923,0.2,0.25,0.847805,0.8,0.9,0.00025952,48815.9,1103.11,1760.08,0.01,0.95,10,10000,0.938,0.497,106,81,0.020327,0,0.764151
2585,10000,4.74288,4.21697,5.62342,0.0805785,0.0630957,0.1,0.22285,0.2,0.25,0.945619,0.9,1,0.00025952,32236.9,863.31,1162.32,0.01,0.95,10,10000,0.938,0.497,70,56,0.0244468,0,0.8
2586,10000,4.85988,4.21697,5.62342,0.0806837,0.0630957,0.1,0.22225,0.2,0.25,1.20831,1,1.5,0.0012976,12250,235.042,441.681,0.01,0.95,10,10000,0.938,0.497,133,108,0.0176037,0,0.81203
2587,10000,4.81713,4.21697,5.62342,0.082626,0.0630957,0.1,0.271931,0.25,0.3,0.0683441,0,0.1,0.00025952,16118.5,629.011,581.159,0.01,0.95,10,10000,0.938,0.497,35,27,0.0352075,0,0.771429
2588,10000,4.79276,4.21697,5.62342,0.0798161,0.0630957,0.1,0.274636,0.25,0.3,0.157021,0.1,0.2,0.00025952,60789.6,1101.8,2191.8,0.01,0.95,10,10000,0.938,0.497,132,115,0.0170596,0,0.871212
2589,10000,4.80955,4.21697,5.62342,0.0791788,0.0630957,0.1,0.273767,0.25,0.3,0.248811,0.2,0.3,0.00025952,84276.5,1264.89,3038.63,0.01,0.95,10,10000,0.938,0.497,183,164,0.0142855,0,0.896175
2590,10000,4.81755,4.21697,5.62342,0.0800049,0.0630957,0.1,0.273305,0.25,0.3,0.351268,0.3,0.4,0.00025952,70000.1,-nan,2523.89,0.01,0.95,10,10000,0.938,0.497,152,155,0.0146944,0,1.01974
2591,10000,4.86482,4.21697,5.62342,0.0792941,0.0630957,0.1,0.273149,0.25,0.3,0.4503,0.4,0.5,0.00025952,82894.9,1270.89,2988.82,0.01,0.95,10,10000,0.938,0.497,180,159,0.0145084,0,0.883333
2592,10000,4.84749,4.21697,5.62342,0.0810734,0.0630957,0.1,0.277081,0.25,0.3,0.548692,0.5,0.6,0.00025952,51579.1,924.056,1859.71,0.01,0.95,10,10000,0.938,0.497,112,108,0.0176037,0,0.964286
2593,10000,4.8253,4.21697,5.62342,0.0804613,0.0630957,0.1,0.27478,0.25,0.3,0.645619,0.6,0.7,0.00025952,58487,1043.84,2108.78,0.01,0.95,10,10000,0.938,0.497,127,115,0.0170596,0,0.905512
2594,10000,4.81066,4.21697,5.62342,0.0810556,0.0630957,0.1,0.275069,0.25,0.3,0.748852,0.7,0.8,0.00025952,39605.3,888.539,1427.99,0.01,0.95,10,10000,0.938,0.497,86,75,0.0211245,0,0.872093
2595,10000,4.85047,4.21697,5.62342,0.0776719,0.0630957,0.1,0.276472,0.25,0.3,0.840314,0.8,0.9,0.00025952,29013.2,772.168,1046.09,0.01,0.95,10,10000,0.938,0.497,63,54,0.0248954,0,0.857143
2596,10000,4.80155,4.21697,5.62342,0.0818613,0.0630957,0.1,0.272586,0.25,0.3,0.940644,0.9,1,0.00025952,18421.1,604.191,664.182,0.01,0.95,10,10000,0.938,0.497,40,35,0.0309231,0,0.875
2597,10000,4.84047,4.21697,5.62342,0.0800393,0.0630957,0.1,0.274106,0.25,0.3,1.19005,1,1.5,0.0012976,9671.07,201.323,348.696,0.01,0.95,10,10000,0.938,0.497,105,89,0.019392,0,0.847619
2598,10000,4.86034,4.21697,5.62342,0.0795083,0.0630957,0.1,0.336289,0.3,0.4,0.0681351,0,0.1,0.00051904,11973.7,315.686,431.718,0.01,0.95,10,10000,0.938,0.497,52,50,0.0258721,0,0.961538
2599,10000,4.78102,4.21697,5.62342,0.0811155,0.0630957,0.1,0.343578,0.3,0.4,0.155999,0.1,0.2,0.00051904,31546.1,511.399,1137.41,0.01,0.95,10,10000,0.938,0.497,137,132,0.0159232,0,0.963504
2600,10000,4.80933,4.21697,5.62342,0.0789569,0.0630957,0.1,0.345625,0.3,0.4,0.250822,0.2,0.3,0.00051904,40526.4,601.777,1461.2,0.01,0.95,10,10000,0.938,0.497,176,163,0.0143292,0,0.926136
2601,10000,4.81291,4.21697,5.62342,0.0803816,0.0630957,0.1,0.342285,0.3,0.4,0.349501,0.3,0.4,0.00051904,47204,692.007,1701.97,0.01,0.95,10,10000,0.938,0.497,205,177,0.0137509,0,0.863415
2602,10000,4.8503,4.21697,5.62342,0.0796445,0.0630957,0.1,0.342461,0.3,0.4,0.446369,0.4,0.5,0.00051904,51809.3,700.138,1868.01,0.01,0.95,10,10000,0.938,0.497,225,202,0.0128719,0,0.897778
2603,10000,4.77337,4.21697,5.62342,0.0789879,0.0630957,0.1,0.343844,0.3,0.4,0.549063,0.5,0.6,0.00051904,36611.9,569.291,1320.06,0.01,0.95,10,10000,0.938,0.497,159,148,0.0150379,0,0.930818
2604,10000,4.82145,4.21697,5.62342,0.0809338,0.0630957,0.1,0.344088,0.3,0.4,0.648641,0.6,0.7,0.00051904,38223.8,590.623,1378.18,0.01,0.95,10,10000,0.938,0.497,166,152,0.0148387,0,0.915663
2605,10000,4.84913,4.21697,5.62342,0.0795638,0.0630957,0.1,0.347929,0.3,0.4,0.749184,0.7,0.8,0.00051904,25329,521.134,913.25,0.01,0.95,10,10000,0.938,0.497,110,92,0.0190732,0,0.836364
2606,10000,4.85768,4.21697,5.62342,0.0804039,0.0630957,0.1,0.340266,0.3,0.4,0.843164,0.8,0.9,0.00051904,17960.6,417.758,647.577,0.01,0.95,10,10000,0.938,0.497,78,69,0.0220238,0,0.884615
2607,10000,4.85375,4.21697,5.62342,0.0810537,0.0630957,0.1,0.342933,0.3,0.4,0.944006,0.9,1,0.00051904,13815.8,366.874,498.136,0.01,0.95,10,10000,0.938,0.497,60,53,0.0251292,0,0.883333
2608,10000,4.76987,4.21697,5.62342,0.0807878,0.0630957,0.1,0.339635,0.3,0.4,1.17659,1,1.5,0.0025952,5894.75,115.234,212.538,0.01,0.95,10,10000,0.938,0.497,128,104,0.0179391,0,0.8125
2609,10000,4.76104,4.21697,5.62342,0.0765008,0.0630957,0.1,0.449774,0.4,0.5,0.069269,0,0.1,0.00051904,5986.85,232.008,215.859,0.01,0.95,10,10000,0.938,0.497,26,24,0.0373432,0,0.923077
2610,10000,4.75164,4.21697,5.62342,0.0797571,0.0630957,0.1,0.449143,0.4,0.5,0.154424,0.1,0.2,0.00051904,17730.3,399.666,639.275,0.01,0.95,10,10000,0.938,0.497,77,71,0.0217114,0,0.922078
2611,10000,4.7597,4.21697,5.62342,0.0781416,0.0630957,0.1,0.447418,0.4,0.5,0.255699,0.2,0.3,0.00051904,19342.1,409.792,697.391,0.01,0.95,10,10000,0.938,0.497,84,79,0.0205827,0,0.940476
2612,10000,4.84947,4.21697,5.62342,0.0794578,0.0630957,0.1,0.443793,0.4,0.5,0.350104,0.3,0.4,0.00051904,23717.2,444.462,855.134,0.01,0.95,10,10000,0.938,0.497,103,99,0.0183865,0,0.961165
2613,10000,4.76511,4.21697,5.62342,0.0797239,0.0630957,0.1,0.444799,0.4,0.5,0.444231,0.4,0.5,0.00051904,22796.1,483.27,821.925,0.01,0.95,10,10000,0.938,0.497,99,85,0.019843,0,0.858586
2614,10000,4.79428,4.21697,5.62342,0.0793687,0.0630957,0.1,0.439034,0.4,0.5,0.550349,0.5,0.6,0.00051904,22796.1,432.04,821.925,0.01,0.95,10,10000,0.938,0.497,99,96,0.0186716,0,0.969697
2615,10000,4.85361,4.21697,5.62342,0.0819832,0.0630957,0.1,0.451668,0.4,0.5,0.645372,0.6,0.7,0.00051904,17960.6,452.023,647.577,0.01,0.95,10,10000,0.938,0.497,78,63,0.0230487,0,0.807692
2616,10000,4.75083,4.21697,5.62342,0.0801793,0.0630957,0.1,0.445778,0.4,0.5,0.743707,0.7,0.8,0.00051904,12894.8,-nan,464.927,0.01,0.95,10,10000,0.938,0.497,56,62,0.0232338,0,1.10714
2617,10000,4.80524,4.21697,5.62342,0.0797997,0.0630957,0.1,0.455164,0.4,0.5,0.861456,0.8,0.9,0.00051904,10592.1,400.779,381.905,0.01,0.95,10,10000,0.938,0.497,46,31,0.0328576,0,0.673913
2618,10000,4.86384,4.21697,5.62342,0.0825257,0.0630957,0.1,0.445295,0.4,0.5,0.954336,0.9,1,0.00051904,5526.33,244.181,199.255,0.01,0.95,10,10000,0.938,0.497,24,20,0.0409074,0,0.833333
2619,10000,4.8138,4.21697,5.62342,0.0799597,0.0630957,0.1,0.450327,0.4,0.5,1.16723,1,1.5,0.0025952,3453.95,84.5789,124.534,0.01,0.95,10,10000,0.938,0.497,75,64,0.0228679,0,0.853333
2620,10000,4.74529,4.21697,5.62342,0.077438,0.0630957,0.1,0.546115,0.5,0.6,0.067629,0,0.1,0.00051904,3223.69,169.309,116.232,0.01,0.95,10,10000,0.938,0.497,14,13,0.0507394,0,0.928571
2621,10000,4.98439,4.21697,5.62342,0.0784106,0.0630957,0.1,0.543986,0.5,0.6,0.14693,0.1,0.2,0.00051904,7598.7,-nan,273.975,0.01,0.95,10,10000,0.938,0.497,33,34,0.0313745,0,1.0303
2622,10000,4.79399,4.21697,5.62342,0.0788043,0.0630957,0.1,0.539887,0.5,0.6,0.258888,0.2,0.3,0.00051904,10592.1,304.989,381.905,0.01,0.95,10,10000,0.938,0.497,46,43,0.0278986,0,0.934783
2623,10000,4.67069,4.21697,5.62342,0.0777769,0.0630957,0.1,0.541769,0.5,0.6,0.349296,0.3,0.4,0.00051904,11973.7,347.827,431.718,0.01,0.95,10,10000,0.938,0.497,52,45,0.0272716,0,0.865385
2624,10000,4.70263,4.21697,5.62342,0.077844,0.0630957,0.1,0.543146,0.5,0.6,0.449959,0.4,0.5,0.00051904,11973.7,315.686,431.718,0.01,0.95,10,10000,0.938,0.497,52,50,0.0258721,0,0.961538
2625,10000,4.77887,4.21697,5.62342,0.0816125,0.0630957,0.1,0.544337,0.5,0.6,0.54619,0.5,0.6,0.00051904,7598.7,-nan,273.975,0.01,0.95,10,10000,0.938,0.497,33,37,0.0300757,0,1.12121
2626,10000,4.81298,4.21697,5.62342,0.0809615,0.0630957,0.1,0.544477,0.5,0.6,0.642043,0.6,0.7,0.00051904,8980.28,291.591,323.789,0.01,0.95,10,10000,0.938,0.497,39,35,0.0309231,0,0.897436
2627,10000,4.60105,4.21697,5.62342,0.0815226,0.0630957,0.1,0.543753,0.5,0.6,0.746354,0.7,0.8,0.00051904,9671.07,356.964,348.696,0.01,0.95,10,10000,0.938,0.497,42,31,0.0328576,0,0.738095
2628,10000,4.82351,4.21697,5.62342,0.0765884,0.0630957,0.1,0.543813,0.5,0.6,0.847375,0.8,0.9,0.00051904,4605.27,-nan,166.045,0.01,0.95,10,10000,0.938,0.497,20,22,0.0390037,0,1.1
2629,10000,4.70154,4.21697,5.62342,0.0811824,0.0630957,0.1,0.547777,0.5,0.6,0.93963,0.9,1,0.00051904,3453.95,-nan,124.534,0.01,0.95,10,10000,0.938,0.497,15,16,0.0457358,0,1.06667
2630,10000,4.84851,4.21697,5.62342,0.0764794,0.0630957,0.1,0.538488,0.5,0.6,1.18209,1,1.5,0.0025952,1519.74,-nan,54.795,0.01,0.95,10,10000,0.938,0.497,33,35,0.0309231,0,1.06061
2631,10000,4.86783,4.21697,5.62342,0.0832904,0.0630957,0.1,0.688505,0.6,0.7,0.091684,0,0.1,0.00051904,460.527,59.574,16.6045,0.01,0.95,10,10000,0.938,0.497,2,2,0.129361,0,1
2632,10000,4.70008,4.21697,5.62342,0.0778531,0.0630957,0.1,0.636785,0.6,0.7,0.151037,0.1,0.2,0.00051904,3914.48,235.173,141.139,0.01,0.95,10,10000,0.938,0.497,17,12,0.0528112,0,0.705882
2633,10000,4.82308,4.21697,5.62342,0.0790482,0.0630957,0.1,0.647264,0.6,0.7,0.250022,0.2,0.3,0.00051904,4835.54,-nan,174.348,0.01,0.95,10,10000,0.938,0.497,21,22,0.0390037,0,1.04762
2634,10000,4.7608,4.21697,5.62342,0.0779627,0.0630957,0.1,0.632229,0.6,0.7,0.349534,0.3,0.4,0.00051904,5756.59,219.227,207.557,0.01,0.95,10,10000,0.938,0.497,25,24,0.0373432,0,0.96
2635,10000,4.75101,4.21697,5.62342,0.0788724,0.0630957,0.1,0.644641,0.6,0.7,0.463554,0.4,0.5,0.00051904,7828.96,312.19,282.277,0.01,0.95,10,10000,0.938,0.497,34,26,0.0358782,0,0.764706
2636,10000,4.79088,4.21697,5.62342,0.0826691,0.0630957,0.1,0.640967,0.6,0.7,0.552913,0.5,0.6,0.00051904,7598.7,273.339,273.975,0.01,0.95,10,10000,0.938,0.497,33,29,0.0339717,0,0.878788
2637,10000,4.73374,4.21697,5.62342,0.0789636,0.0630957,0.1,0.650735,0.6,0.7,0.656125,0.6,0.7,0.00051904,4605.27,-nan,166.045,0.01,0.95,10,10000,0.938,0.497,20,23,0.0381463,0,1.15
2638,10000,4.76462,4.21697,5.62342,0.079737,0.0630957,0.1,0.645863,0.6,0.7,0.7515,0.7,0.8,0.00051904,3453.95,-nan,124.534,0.01,0.95,10,10000,0.938,0.497,15,18,0.0431202,0,1.2
2639,10000,4.88538,4.21697,5.62342,0.0758363,0.0630957,0.1,0.634239,0.6,0.7,0.838774,0.8,0.9,0.00051904,2532.9,167.915,91.325,0.01,0.95,10,10000,0.938,0.497,11,9,0.0609811,0,0.818182
2640,10000,4.82931,4.21697,5.62342,0.0788432,0.0630957,0.1,0.624939,0.6,0.7,0.950935,0.9,1,0.00051904,2302.64,163.15,83.0227,0.01,0.95,10,10000,0.938,0.497,10,8,0.0646803,0,0.8
2641,10000,4.78149,4.21697,5.62342,0.0856281,0.0630957,0.1,0.65077,0.6,0.7,1.13134,1,1.5,0.0025952,1243.42,52.798,44.8323,0.01,0.95,10,10000,0.938,0.497,27,22,0.0390037,0,0.814815
2642,10000,5.04323,4.21697,5.62342,0.0871623,0.0630957,0.1,0.757309,0.7,0.8,0.0595966,0,0.1,0.00051904,690.791,72.963,24.9068,0.01,0.95,10,10000,0.938,0.497,3,3,0.105622,0,1
2643,10000,4.76906,4.21697,5.62342,0.0733793,0.0630957,0.1,0.752843,0.7,0.8,0.149708,0.1,0.2,0.00051904,2072.37,126.376,74.7205,0.01,0.95,10,10000,0.938,0.497,9,9,0.0609811,0,1
2644,10000,4.62467,4.21697,5.62342,0.0742613,0.0630957,0.1,0.758213,0.7,0.8,0.26806,0.2,0.3,0.00051904,2302.64,147.271,83.0227,0.01,0.95,10,10000,0.938,0.497,10,9,0.0609811,0,0.9
2645,10000,4.85359,4.21697,5.62342,0.0745974,0.0630957,0.1,0.759557,0.7,0.8,0.338985,0.3,0.4,0.00051904,1381.58,-nan,49.8136,0.01,0.95,10,10000,0.938,0.497,6,9,0.0609811,0,1.5
2646,10000,4.55532,4.21697,5.62342,0.0790554,0.0630957,0.1,0.734863,0.7,0.8,0.438534,0.4,0.5,0.00051904,3453.95,186.569,124.534,0.01,0.95,10,10000,0.938,0.497,15,13,0.0507394,0,0.866667
2647,10000,4.94584,4.21697,5.62342,0.0799824,0.0630957,0.1,0.74755,0.7,0.8,0.547356,0.5,0.6,0.00051904,3914.48,184.223,141.139,0.01,0.95,10,10000,0.938,0.497,17,16,0.0457358,0,0.941176
2648,10000,4.74933,4.21697,5.62342,0.0788844,0.0630957,0.1,0.748966,0.7,0.8,0.657673,0.6,0.7,0.00051904,2532.9,-nan,91.325,0.01,0.95,10,10000,0.938,0.497,11,12,0.0528112,0,1.09091
2649,10000,4.93428,4.21697,5.62342,0.0778322,0.0630957,0.1,0.721768,0.7,0.8,0.74716,0.7,0.8,0.00051904,2532.9,204.52,91.325,0.01,0.95,10,10000,0.938,0.497,11,7,0.0691461,0,0.636364
2650,10000,4.93919,4.21697,5.62342,0.0785368,0.0630957,0.1,0.732021,0.7,0.8,0.830748,0.8,0.9,0.00051904,1151.32,-nan,41.5114,0.01,0.95,10,10000,0.938,0.497,5,9,0.0609811,0,1.8
2651,10000,4.72476,4.21697,5.62342,0.0806216,0.0630957,0.1,0.72493,0.7,0.8,0.932583,0.9,1,0.00051904,690.791,-nan,24.9068,0.01,0.95,10,10000,0.938,0.497,3,4,0.0914717,0,1.33333
2652,10000,4.77347,4.21697,5.62342,0.0771284,0.0630957,0.1,0.742066,0.7,0.8,1.16577,1,1.5,0.0025952,552.633,34.5324,19.9255,0.01,0.95,10,10000,0.938,0.497,12,10,0.0578518,0,0.833333
2653,10000,5.15634,4.21697,5.62342,0.0829901,0.0630957,0.1,0.819767,0.8,0.9,0.128608,0.1,0.2,0.00051904,921.055,145.926,33.2091,0.01,0.95,10,10000,0.938,0.497,4,2,0.129361,0,0.5
2654,10000,4.84485,4.21697,5.62342,0.078432,0.0630957,0.1,0.843714,0.8,0.9,0.230062,0.2,0.3,0.00051904,1381.58,-nan,49.8136,0.01,0.95,10,10000,0.938,0.497,6,7,0.0691461,0,1.16667
2655,10000,4.74915,4.21697,5.62342,0.084094,0.0630957,0.1,0.857124,0.8,0.9,0.365719,0.3,0.4,0.00051904,2072.37,158.42,74.7205,0.01,0.95,10,10000,0.938,0.497,9,7,0.0691461,0,0.777778
2656,10000,4.94052,4.21697,5.62342,0.0784522,0.0630957,0.1,0.830348,0.8,0.9,0.470934,0.4,0.5,0.00051904,1611.85,-nan,58.1159,0.01,0.95,10,10000,0.938,0.497,7,8,0.0646803,0,1.14286
2657,10000,4.66843,4.21697,5.62342,0.0813374,0.0630957,0.1,0.839063,0.8,0.9,0.571326,0.5,0.6,0.00051904,690.791,-nan,24.9068,0.01,0.95,10,10000,0.938,0.497,3,5,0.0818148,0,1.66667
2658,10000,4.33704,4.21697,5.62342,0.0860884,0.0630957,0.1,0.865111,0.8,0.9,0.667112,0.6,0.7,0.00051904,690.791,72.963,24.9068,0.01,0.95,10,10000,0.938,0.497,3,3,0.105622,0,1
2659,10000,4.73024,4.21697,5.62342,0.0770108,0.0630957,0.1,0.866335,0.8,0.9,0.736726,0.7,0.8,0.00051904,1151.32,115.365,41.5114,0.01,0.95,10,10000,0.938,0.497,5,4,0.0914717,0,0.8
2660,10000,4.78452,4.21697,5.62342,0.0778797,0.0630957,0.1,0.815249,0.8,0.9,0.813755,0.8,0.9,0.00051904,0,0,0,0.01,0.95,10,10000,0.938,0.497,0,1,0.182943,0,0
2661,10000,4.64793,4.21697,5.62342,0.0734797,0.0630957,0.1,0.804103,0.8,0.9,0.940612,0.9,1,0.00051904,690.791,103.185,24.9068,0.01,0.95,10,10000,0.938,0.497,3,2,0.129361,0,0.666667
2662,10000,4.95775,4.21697,5.62342,0.0986042,0.0630957,0.1,0.808302,0.8,0.9,1.0277,1,1.5,0.0025952,138.158,32.63,4.98136,0.01,0.95,10,10000,0.938,0.497,3,1,0.182943,0,0.333333
2663,10000,5.17821,4.21697,5.62342,0.0899022,0.0630957,0.1,0.91442,0.9,1,0.0984768,0,0.1,0.00051904,230.264,42.1252,8.30227,0.01,0.95,10,10000,0.938,0.497,1,1,0.182943,0,1
2664,10000,5.27659,4.21697,5.62342,0.0636124,0.0630957,0.1,0.968171,0.9,1,0.215582,0.2,0.3,0.00051904,230.264,42.1252,8.30227,0.01,0.95,10,10000,0.938,0.497,1,1,0.182943,0,1
2665,10000,4.68386,4.21697,5.62342,0.0835216,0.0630957,0.1,0.907996,0.9,1,0.34737,0.3,0.4,0.00051904,460.527,103.185,16.6045,0.01,0.95,10,10000,0.938,0.497,2,1,0.182943,0,0.5
2666,10000,4.37203,4.21697,5.62342,0.0757842,0.0630957,0.1,0.952648,0.9,1,0.539253,0.5,0.6,0.00051904,230.264,-nan,8.30227,0.01,0.95,10,10000,0.938,0.497,1,2,0.129361,0,2
2667,10000,4.39853,4.21697,5.62342,0.0895017,0.0630957,0.1,0.912953,0.9,1,0.627388,0.6,0.7,0.00051904,460.527,103.185,16.6045,0.01,0.95,10,10000,0.938,0.497,2,1,0.182943,0,0.5
2668,10000,4.98403,4.21697,5.62342,0.074137,0.0630957,0.1,0.921579,0.9,1,0.750733,0.7,0.8,0.00051904,690.791,103.185,24.9068,0.01,0.95,10,10000,0.938,0.497,3,2,0.129361,0,0.666667
2669,10000,4.99952,4.21697,5.62342,0.0697172,0.0630957,0.1,0.929792,0.9,1,0.844677,0.8,0.9,0.00051904,230.264,42.1252,8.30227,0.01,0.95,10,10000,0.938,0.497,1,1,0.182943,0,1
2670,10000,5.12356,4.21697,5.62342,0.0908654,0.0630957,0.1,0.927298,0.9,1,1.20596,1,1.5,0.0025952,46.0527,-nan,1.66045,0.01,0.95,10,10000,0.938,0.497,1,2,0.129361,0,2
2671,10000,5.0293,4.21697,5.62342,0.132085,0.1,0.251189,0.0828191,0.05,0.1,0.0654941,0,0.1,0.0010632,14276.3,321.092,514.74,0.01,0.95,10,10000,0.938,0.497,127,87,0.0196136,0,0.685039
2672,10000,4.99806,4.21697,5.62342,0.12901,0.1,0.251189,0.0811794,0.05,0.1,0.155281,0.1,0.2,0.0010632,35522.1,420.571,1280.77,0.01,0.95,10,10000,0.938,0.497,316,272,0.0110926,0,0.860759
2673,10000,5.01002,4.21697,5.62342,0.132127,0.1,0.251189,0.0809913,0.05,0.1,0.250031,0.2,0.3,0.0010632,48674.3,541.395,1754.98,0.01,0.95,10,10000,0.938,0.497,433,333,0.0100252,0,0.769053
2674,10000,5.01259,4.21697,5.62342,0.129651,0.1,0.251189,0.0804172,0.05,0.1,0.35129,0.3,0.4,0.0010632,39906.2,503.626,1438.84,0.01,0.95,10,10000,0.938,0.497,355,264,0.0112594,0,0.743662
2675,10000,4.96169,4.21697,5.62342,0.129337,0.1,0.251189,0.0809591,0.05,0.1,0.448641,0.4,0.5,0.0010632,35859.4,457.583,1292.93,0.01,0.95,10,10000,0.938,0.497,319,250,0.0115704,0,0.783699
2676,10000,4.99931,4.21697,5.62342,0.127587,0.1,0.251189,0.0800066,0.05,0.1,0.548234,0.5,0.6,0.0010632,27203.7,406.711,980.842,0.01,0.95,10,10000,0.938,0.497,242,185,0.0134503,0,0.764463
2677,10000,5.01342,4.21697,5.62342,0.12735,0.1,0.251189,0.0805177,0.05,0.1,0.649876,0.6,0.7,0.0010632,25405.1,421.724,915.993,0.01,0.95,10,10000,0.938,0.497,226,158,0.0145542,0,0.699115
2678,10000,5.0804,4.21697,5.62342,0.13083,0.1,0.251189,0.0821164,0.05,0.1,0.747954,0.7,0.8,0.0010632,15288,330.023,551.217,0.01,0.95,10,10000,0.938,0.497,136,94,0.0188692,0,0.691176
2679,10000,5.04205,4.21697,5.62342,0.127252,0.1,0.251189,0.0810897,0.05,0.1,0.843865,0.8,0.9,0.0010632,9442.6,281.511,340.458,0.01,0.95,10,10000,0.938,0.497,84,52,0.0253697,0,0.619048
2680,10000,4.95878,4.21697,5.62342,0.122758,0.1,0.251189,0.0834901,0.05,0.1,0.944535,0.9,1,0.0010632,3822,134.958,137.804,0.01,0.95,10,10000,0.938,0.497,34,30,0.0334007,0,0.882353
2681,10000,5.0936,4.21697,5.62342,0.117376,0.1,0.251189,0.0830727,0.05,0.1,1.13498,1,1.5,0.00531599,1034.19,36.4345,37.2882,0.01,0.95,10,10000,0.938,0.497,46,34,0.0313745,0,0.73913
2682,10000,4.95822,4.21697,5.62342,0.140662,0.1,0.251189,0.125036,0.1,0.15,0.0640794,0,0.1,0.0010632,20796.2,336.859,749.817,0.01,0.95,10,10000,0.938,0.497,185,151,0.0148877,0,0.816216
2683,10000,4.8863,4.21697,5.62342,0.141429,0.1,0.251189,0.12353,0.1,0.15,0.155856,0.1,0.2,0.0010632,52496.3,486.353,1892.78,0.01,0.95,10,10000,0.938,0.497,467,425,0.00887406,0,0.910064
2684,10000,4.92649,4.21697,5.62342,0.143319,0.1,0.251189,0.123971,0.1,0.15,0.249412,0.2,0.3,0.0010632,69807.8,576.719,2516.95,0.01,0.95,10,10000,0.938,0.497,621,548,0.00781495,0,0.882448
2685,10000,4.92479,4.21697,5.62342,0.140508,0.1,0.251189,0.125005,0.1,0.15,0.351916,0.3,0.4,0.0010632,61826.5,548.132,2229.19,0.01,0.95,10,10000,0.938,0.497,550,480,0.00835019,0,0.872727
2686,10000,4.92801,4.21697,5.62342,0.143353,0.1,0.251189,0.125688,0.1,0.15,0.446545,0.4,0.5,0.0010632,59241.1,575.468,2135.97,0.01,0.95,10,10000,0.938,0.497,527,424,0.00888452,0,0.804554
2687,10000,4.88245,4.21697,5.62342,0.14359,0.1,0.251189,0.125711,0.1,0.15,0.546363,0.5,0.6,0.0010632,40693.1,445.851,1467.21,0.01,0.95,10,10000,0.938,0.497,362,315,0.0103077,0,0.870166
2688,10000,4.9344,4.21697,5.62342,0.139431,0.1,0.251189,0.124599,0.1,0.15,0.648661,0.6,0.7,0.0010632,32599.4,415.355,1175.39,0.01,0.95,10,10000,0.938,0.497,290,241,0.0117844,0,0.831034
2689,10000,4.96896,4.21697,5.62342,0.138499,0.1,0.251189,0.127053,0.1,0.15,0.74753,0.7,0.8,0.0010632,25405.1,371.409,915.993,0.01,0.95,10,10000,0.938,0.497,226,185,0.0134503,0,0.818584
2690,10000,4.94098,4.21697,5.62342,0.135271,0.1,0.251189,0.125218,0.1,0.15,0.84663,0.8,0.9,0.0010632,16299.7,312.186,587.695,0.01,0.95,10,10000,0.938,0.497,145,112,0.0172865,0,0.772414
2691,10000,4.9057,4.21697,5.62342,0.138065,0.1,0.251189,0.12566,0.1,0.15,0.947354,0.9,1,0.0010632,10117.1,197.277,364.776,0.01,0.95,10,10000,0.938,0.497,90,89,0.019392,0,0.988889
2692,10000,4.96251,4.21697,5.62342,0.143421,0.1,0.251189,0.128605,0.1,0.15,1.16354,1,1.5,0.00531599,2967.67,55.9126,107.001,0.01,0.95,10,10000,0.938,0.497,132,110,0.017443,0,0.833333
2693,10000,4.90644,4.21697,5.62342,0.147619,0.1,0.251189,0.173901,0.15,0.2,0.0658137,0,0.1,0.0010632,14838.4,277.396,535.005,0.01,0.95,10,10000,0.938,0.497,132,111,0.0173642,0,0.840909
2694,10000,4.87232,4.21697,5.62342,0.145885,0.1,0.251189,0.173709,0.15,0.2,0.15514,0.1,0.2,0.0010632,33386.3,385.612,1203.76,0.01,0.95,10,10000,0.938,0.497,297,272,0.0110926,0,0.915825
2695,10000,4.87362,4.21697,5.62342,0.145588,0.1,0.251189,0.172687,0.15,0.2,0.251329,0.2,0.3,0.0010632,49011.6,468.619,1767.14,0.01,0.95,10,10000,0.938,0.497,436,398,0.00917012,0,0.912844
2696,10000,4.89009,4.21697,5.62342,0.144089,0.1,0.251189,0.174148,0.15,0.2,0.348513,0.3,0.4,0.0010632,51934.3,508.161,1872.52,0.01,0.95,10,10000,0.938,0.497,462,398,0.00917012,0,0.861472
2697,10000,4.84719,4.21697,5.62342,0.144683,0.1,0.251189,0.173233,0.15,0.2,0.448303,0.4,0.5,0.0010632,49011.6,464.31,1767.14,0.01,0.95,10,10000,0.938,0.497,436,402,0.00912439,0,0.922018
2698,10000,4.88918,4.21697,5.62342,0.144191,0.1,0.251189,0.173041,0.15,0.2,0.548408,0.5,0.6,0.0010632,42266.9,485.428,1523.95,0.01,0.95,10,10000,0.938,0.497,376,303,0.0105098,0,0.805851
2699,10000,4.87414,4.21697,5.62342,0.141265,0.1,0.251189,0.17405,0.15,0.2,0.64684,0.6,0.7,0.0010632,28889.8,356.419,1041.64,0.01,0.95,10,10000,0.938,0.497,257,237,0.0118835,0,0.922179
2700,10000,4.93235,4.21697,5.62342,0.145361,0.1,0.251189,0.171789,0.15,0.2,0.746638,0.7,0.8,0.0010632,22145.1,338.279,798.454,0.01,0.95,10,10000,0.938,0.497,197,166,0.0141992,0,0.84264
2701,10000,4.9535,4.21697,5.62342,0.143416,0.1,0.251189,0.175813,0.15,0.2,0.847853,0.8,0.9,0.0010632,16637,305.122,599.854,0.01,0.95,10,10000,0.938,0.497,148,119,0.0167704,0,0.804054
2702,10000,4.87327,4.21697,5.62342,0.142562,0.1,0.251189,0.172803,0.15,0.2,0.946191,0.9,1,0.0010632,11466,-nan,413.413,0.01,0.95,10,10000,0.938,0.497,102,106,0.017769,0,1.03922
2703,10000,4.87017,4.21697,5.62342,0.144837,0.1,0.251189,0.173667,0.15,0.2,1.17495,1,1.5,0.00531599,3777.04,65.0496,136.183,0.01,0.95,10,10000,0.938,0.497,168,135,0.0157453,0,0.803571
2704,10000,4.85058,4.21697,5.62342,0.142825,0.1,0.251189,0.22329,0.2,0.25,0.0676029,0,0.1,0.0010632,10454.3,235.96,376.935,0.01,0.95,10,10000,0.938,0.497,93,77,0.0208483,0,0.827957
2705,10000,4.88897,4.21697,5.62342,0.14345,0.1,0.251189,0.223963,0.2,0.25,0.154026,0.1,0.2,0.0010632,25292.7,357.585,911.94,0.01,0.95,10,10000,0.938,0.497,225,192,0.0132028,0,0.853333
2706,10000,4.82078,4.21697,5.62342,0.145491,0.1,0.251189,0.222437,0.2,0.25,0.249387,0.2,0.3,0.0010632,34622.9,386.421,1248.34,0.01,0.95,10,10000,0.938,0.497,308,287,0.0107988,0,0.931818
2707,10000,4.82056,4.21697,5.62342,0.143154,0.1,0.251189,0.222185,0.2,0.25,0.349695,0.3,0.4,0.0010632,36983.5,422.797,1333.46,0.01,0.95,10,10000,0.938,0.497,329,288,0.01078,0,0.87538
2708,10000,4.84599,4.21697,5.62342,0.143026,0.1,0.251189,0.224221,0.2,0.25,0.450126,0.4,0.5,0.0010632,31587.7,362.358,1138.91,0.01,0.95,10,10000,0.938,0.497,281,267,0.011196,0,0.950178
2709,10000,4.90981,4.21697,5.62342,0.14634,0.1,0.251189,0.222009,0.2,0.25,0.546068,0.5,0.6,0.0010632,29564.3,378.346,1065.96,0.01,0.95,10,10000,0.938,0.497,263,230,0.0120629,0,0.874525
2710,10000,4.88827,4.21697,5.62342,0.146403,0.1,0.251189,0.224902,0.2,0.25,0.645456,0.6,0.7,0.0010632,23381.7,337.952,843.038,0.01,0.95,10,10000,0.938,0.497,208,181,0.0135981,0,0.870192
2711,10000,4.88292,4.21697,5.62342,0.144796,0.1,0.251189,0.221378,0.2,0.25,0.744337,0.7,0.8,0.0010632,16749.4,273.974,603.907,0.01,0.95,10,10000,0.938,0.497,149,136,0.0156873,0,0.912752
2712,10000,4.9302,4.21697,5.62342,0.147174,0.1,0.251189,0.225671,0.2,0.25,0.849042,0.8,0.9,0.0010632,11803.2,218.915,425.572,0.01,0.95,10,10000,0.938,0.497,105,101,0.0182035,0,0.961905
2713,10000,4.86728,4.21697,5.62342,0.143822,0.1,0.251189,0.223275,0.2,0.25,0.953377,0.9,1,0.0010632,9779.83,191.818,352.617,0.01,0.95,10,10000,0.938,0.497,87,87,0.0196136,0,1
2714,10000,4.8323,4.21697,5.62342,0.150412,0.1,0.251189,0.224623,0.2,0.25,1.17803,1,1.5,0.00531599,3777.04,63.4657,136.183,0.01,0.95,10,10000,0.938,0.497,168,139,0.0155171,0,0.827381
2715,10000,4.88506,4.21697,5.62342,0.156387,0.1,0.251189,0.273079,0.25,0.3,0.0673578,0,0.1,0.0010632,8430.89,185.37,303.98,0.01,0.95,10,10000,0.938,0.497,75,72,0.0215601,0,0.96
2716,10000,4.92127,4.21697,5.62342,0.149928,0.1,0.251189,0.273485,0.25,0.3,0.150963,0.1,0.2,0.0010632,16074.9,245.922,579.589,0.01,0.95,10,10000,0.938,0.497,143,143,0.0152985,0,1
2717,10000,4.8378,4.21697,5.62342,0.149042,0.1,0.251189,0.273763,0.25,0.3,0.252704,0.2,0.3,0.0010632,20346.5,279.748,733.605,0.01,0.95,10,10000,0.938,0.497,181,179,0.0136738,0,0.98895
2718,10000,4.83854,4.21697,5.62342,0.146617,0.1,0.251189,0.272925,0.25,0.3,0.352389,0.3,0.4,0.0010632,26304.4,351.716,948.418,0.01,0.95,10,10000,0.938,0.497,234,208,0.0126848,0,0.888889
2719,10000,4.80755,4.21697,5.62342,0.146248,0.1,0.251189,0.273396,0.25,0.3,0.445952,0.4,0.5,0.0010632,27091.3,339.784,976.789,0.01,0.95,10,10000,0.938,0.497,241,226,0.0121692,0,0.937759
2720,10000,4.88861,4.21697,5.62342,0.143523,0.1,0.251189,0.272944,0.25,0.3,0.548947,0.5,0.6,0.0010632,22482.4,318.3,810.613,0.01,0.95,10,10000,0.938,0.497,200,182,0.0135607,0,0.91
2721,10000,4.86209,4.21697,5.62342,0.152094,0.1,0.251189,0.273297,0.25,0.3,0.647599,0.6,0.7,0.0010632,16524.5,-nan,595.801,0.01,0.95,10,10000,0.938,0.497,147,157,0.0146005,0,1.06803
2722,10000,4.82277,4.21697,5.62342,0.147035,0.1,0.251189,0.272765,0.25,0.3,0.749078,0.7,0.8,0.0010632,13489.4,259.813,486.368,0.01,0.95,10,10000,0.938,0.497,120,103,0.0180259,0,0.858333
2723,10000,4.83644,4.21697,5.62342,0.144989,0.1,0.251189,0.270348,0.25,0.3,0.84761,0.8,0.9,0.0010632,9892.24,211.33,356.67,0.01,0.95,10,10000,0.938,0.497,88,80,0.0204537,0,0.909091
2724,10000,5.00082,4.21697,5.62342,0.147095,0.1,0.251189,0.271335,0.25,0.3,0.946355,0.9,1,0.0010632,6182.65,161.073,222.919,0.01,0.95,10,10000,0.938,0.497,55,52,0.0253697,0,0.945455
2725,10000,4.93876,4.21697,5.62342,0.147491,0.1,0.251189,0.27324,0.25,0.3,1.19721,1,1.5,0.00531599,2158.31,-nan,77.8189,0.01,0.95,10,10000,0.938,0.497,96,108,0.0176037,0,1.125
2726,10000,4.95985,4.21697,5.62342,0.154773,0.1,0.251189,0.342391,0.3,0.4,0.0717952,0,0.1,0.0021264,3540.97,86.9722,127.672,0.01,0.95,10,10000,0.938,0.497,63,59,0.0238172,0,0.936508
2727,10000,4.90355,4.21697,5.62342,0.153779,0.1,0.251189,0.343396,0.3,0.4,0.15452,0.1,0.2,0.0021264,10060.9,152.176,362.75,0.01,0.95,10,10000,0.938,0.497,179,161,0.014418,0,0.899441
2728,10000,4.83159,4.21697,5.62342,0.145624,0.1,0.251189,0.342933,0.3,0.4,0.252984,0.2,0.3,0.0021264,13658,172.636,492.448,0.01,0.95,10,10000,0.938,0.497,243,225,0.0121962,0,0.925926
2729,10000,4.8365,4.21697,5.62342,0.151715,0.1,0.251189,0.343999,0.3,0.4,0.350841,0.3,0.4,0.0021264,15063.2,181.4,543.111,0.01,0.95,10,10000,0.938,0.497,268,248,0.0116169,0,0.925373
2730,10000,4.84181,4.21697,5.62342,0.146072,0.1,0.251189,0.347897,0.3,0.4,0.453181,0.4,0.5,0.0021264,13826.7,180.064,498.527,0.01,0.95,10,10000,0.938,0.497,246,219,0.0123622,0,0.890244
2731,10000,4.84773,4.21697,5.62342,0.148998,0.1,0.251189,0.345927,0.3,0.4,0.551559,0.5,0.6,0.0021264,11128.8,156.893,401.254,0.01,0.95,10,10000,0.938,0.497,198,182,0.0135607,0,0.919192
2732,10000,4.85398,4.21697,5.62342,0.148866,0.1,0.251189,0.345317,0.3,0.4,0.647595,0.6,0.7,0.0021264,10566.7,144.019,380.988,0.01,0.95,10,10000,0.938,0.497,188,184,0.0134868,0,0.978723
2733,10000,4.86168,4.21697,5.62342,0.151541,0.1,0.251189,0.34934,0.3,0.4,0.753147,0.7,0.8,0.0021264,7306.77,-nan,263.449,0.01,0.95,10,10000,0.938,0.497,130,132,0.0159232,0,1.01538
2734,10000,4.83005,4.21697,5.62342,0.155922,0.1,0.251189,0.348302,0.3,0.4,0.846153,0.8,0.9,0.0021264,5733.01,126.669,206.706,0.01,0.95,10,10000,0.938,0.497,102,82,0.0202027,0,0.803922
2735,10000,4.83417,4.21697,5.62342,0.144258,0.1,0.251189,0.340273,0.3,0.4,0.94561,0.9,1,0.0021264,3428.56,-nan,123.619,0.01,0.95,10,10000,0.938,0.497,61,68,0.0221851,0,1.11475
2736,10000,4.8418,4.21697,5.62342,0.148204,0.1,0.251189,0.346066,0.3,0.4,1.19762,1,1.5,0.010632,1854.8,29.4739,66.8756,0.01,0.95,10,10000,0.938,0.497,165,147,0.0150889,0,0.890909
2737,10000,4.81537,4.21697,5.62342,0.145169,0.1,0.251189,0.438611,0.4,0.5,0.0552648,0,0.1,0.0021264,1573.77,-nan,56.7429,0.01,0.95,10,10000,0.938,0.497,28,30,0.0334007,0,1.07143
2738,10000,4.81143,4.21697,5.62342,0.150754,0.1,0.251189,0.44626,0.4,0.5,0.148212,0.1,0.2,0.0021264,4440.27,93.7367,160.096,0.01,0.95,10,10000,0.938,0.497,79,77,0.0208483,0,0.974684
2739,10000,4.79818,4.21697,5.62342,0.147123,0.1,0.251189,0.442933,0.4,0.5,0.254928,0.2,0.3,0.0021264,5789.21,-nan,208.733,0.01,0.95,10,10000,0.938,0.497,103,110,0.017443,0,1.06796
2740,10000,4.89482,4.21697,5.62342,0.144032,0.1,0.251189,0.441482,0.4,0.5,0.353416,0.3,0.4,0.0021264,7812.62,132.188,281.688,0.01,0.95,10,10000,0.938,0.497,139,127,0.0162336,0,0.913669
2741,10000,4.85464,4.21697,5.62342,0.146289,0.1,0.251189,0.445047,0.4,0.5,0.443895,0.4,0.5,0.0021264,7250.57,125.24,261.423,0.01,0.95,10,10000,0.938,0.497,129,120,0.0167004,0,0.930233
2742,10000,4.9239,4.21697,5.62342,0.149592,0.1,0.251189,0.446786,0.4,0.5,0.552153,0.5,0.6,0.0021264,6182.65,127.206,222.919,0.01,0.95,10,10000,0.938,0.497,110,92,0.0190732,0,0.836364
2743,10000,4.9163,4.21697,5.62342,0.152094,0.1,0.251189,0.45309,0.4,0.5,0.647186,0.6,0.7,0.0021264,4327.86,96.2908,156.043,0.01,0.95,10,10000,0.938,0.497,77,72,0.0215601,0,0.935065
2744,10000,4.89689,4.21697,5.62342,0.141449,0.1,0.251189,0.444837,0.4,0.5,0.745661,0.7,0.8,0.0021264,3934.42,97.9031,141.857,0.01,0.95,10,10000,0.938,0.497,70,61,0.0234235,0,0.871429
2745,10000,4.89314,4.21697,5.62342,0.150681,0.1,0.251189,0.44949,0.4,0.5,0.848049,0.8,0.9,0.0021264,2866.5,86.0153,103.353,0.01,0.95,10,10000,0.938,0.497,51,43,0.0278986,0,0.843137
2746,10000,4.80904,4.21697,5.62342,0.142058,0.1,0.251189,0.440918,0.4,0.5,0.945316,0.9,1,0.0021264,2585.47,85.0273,93.2206,0.01,0.95,10,10000,0.938,0.497,46,37,0.0300757,0,0.804348
2747,10000,4.85885,4.21697,5.62342,0.149007,0.1,0.251189,0.440718,0.4,0.5,1.19065,1,1.5,0.010632,888.054,-nan,32.0192,0.01,0.95,10,10000,0.938,0.497,79,87,0.0196136,0,1.10127
2748,10000,4.88082,4.21697,5.62342,0.143569,0.1,0.251189,0.546392,0.5,0.6,0.064665,0,0.1,0.0021264,843.089,-nan,30.398,0.01,0.95,10,10000,0.938,0.497,15,16,0.0457358,0,1.06667
2749,10000,4.76971,4.21697,5.62342,0.146438,0.1,0.251189,0.542066,0.5,0.6,0.158341,0.1,0.2,0.0021264,2754.09,81.4037,99.3002,0.01,0.95,10,10000,0.938,0.497,49,43,0.0278986,0,0.877551
2750,10000,4.87327,4.21697,5.62342,0.152589,0.1,0.251189,0.541635,0.5,0.6,0.251265,0.2,0.3,0.0021264,2978.91,87.1556,107.406,0.01,0.95,10,10000,0.938,0.497,53,45,0.0272716,0,0.849057
2751,10000,4.67266,4.21697,5.62342,0.145865,0.1,0.251189,0.539375,0.5,0.6,0.345064,0.3,0.4,0.0021264,3316.15,98.8126,119.565,0.01,0.95,10,10000,0.938,0.497,59,46,0.0269735,0,0.779661
2752,10000,4.82,4.21697,5.62342,0.152418,0.1,0.251189,0.543939,0.5,0.6,0.449341,0.4,0.5,0.0021264,2529.27,-nan,91.194,0.01,0.95,10,10000,0.938,0.497,45,63,0.0230487,0,1.4
2753,10000,4.79852,4.21697,5.62342,0.14724,0.1,0.251189,0.539801,0.5,0.6,0.544222,0.5,0.6,0.0021264,3653.39,90.9408,131.725,0.01,0.95,10,10000,0.938,0.497,65,59,0.0238172,0,0.907692
2754,10000,4.75986,4.21697,5.62342,0.148102,0.1,0.251189,0.549813,0.5,0.6,0.645468,0.6,0.7,0.0021264,2641.68,83.7138,95.2471,0.01,0.95,10,10000,0.938,0.497,47,39,0.0292944,0,0.829787
2755,10000,4.90408,4.21697,5.62342,0.160052,0.1,0.251189,0.532843,0.5,0.6,0.758039,0.7,0.8,0.0021264,1742.38,-nan,62.8225,0.01,0.95,10,10000,0.938,0.497,31,34,0.0313745,0,1.09677
2756,10000,4.89562,4.21697,5.62342,0.152474,0.1,0.251189,0.54133,0.5,0.6,0.855848,0.8,0.9,0.0021264,1967.21,79.1357,70.9287,0.01,0.95,10,10000,0.938,0.497,35,26,0.0358782,0,0.742857
2757,10000,4.73038,4.21697,5.62342,0.163154,0.1,0.251189,0.535135,0.5,0.6,0.946961,0.9,1,0.0021264,1236.53,52.8325,44.5837,0.01,0.95,10,10000,0.938,0.497,22,20,0.0409074,0,0.909091
2758,10000,4.97848,4.21697,5.62342,0.163331,0.1,0.251189,0.549314,0.5,0.6,1.1592,1,1.5,0.010632,393.442,12.5191,14.1857,0.01,0.95,10,10000,0.938,0.497,35,34,0.0313745,0,0.971429
2759,10000,4.65593,4.21697,5.62342,0.116138,0.1,0.251189,0.661363,0.6,0.7,0.0648564,0,0.1,0.0021264,562.059,49.6692,20.2653,0.01,0.95,10,10000,0.938,0.497,10,6,0.0746863,0,0.6
2760,10000,4.9857,4.21697,5.62342,0.164832,0.1,0.251189,0.649905,0.6,0.7,0.151522,0.1,0.2,0.0021264,1798.59,58.1666,64.8491,0.01,0.95,10,10000,0.938,0.497,32,32,0.0323401,0,1
2761,10000,4.79017,4.21697,5.62342,0.149091,0.1,0.251189,0.635734,0.6,0.7,0.257389,0.2,0.3,0.0021264,1742.38,65.1826,62.8225,0.01,0.95,10,10000,0.938,0.497,31,27,0.0352075,0,0.870968
2762,10000,4.80377,4.21697,5.62342,0.137671,0.1,0.251189,0.653987,0.6,0.7,0.354216,0.3,0.4,0.0021264,2079.62,73.6636,74.9817,0.01,0.95,10,10000,0.938,0.497,37,31,0.0328576,0,0.837838
2763,10000,4.72788,4.21697,5.62342,0.138229,0.1,0.251189,0.648601,0.6,0.7,0.448799,0.4,0.5,0.0021264,1798.59,60.0136,64.8491,0.01,0.95,10,10000,0.938,0.497,32,31,0.0328576,0,0.96875
2764,10000,4.81922,4.21697,5.62342,0.145452,0.1,0.251189,0.63642,0.6,0.7,0.547404,0.5,0.6,0.0021264,1573.77,62.8271,56.7429,0.01,0.95,10,10000,0.938,0.497,28,24,0.0373432,0,0.857143
2765,10000,4.95531,4.21697,5.62342,0.142004,0.1,0.251189,0.643765,0.6,0.7,0.641895,0.6,0.7,0.0021264,1742.38,67.3666,62.8225,0.01,0.95,10,10000,0.938,0.497,31,26,0.0358782,0,0.83871
2766,10000,4.66106,4.21697,5.62342,0.139214,0.1,0.251189,0.637543,0.6,0.7,0.74203,0.7,0.8,0.0021264,1292.74,56.2256,46.6103,0.01,0.95,10,10000,0.938,0.497,23,20,0.0409074,0,0.869565
2767,10000,4.74541,4.21697,5.62342,0.175385,0.1,0.251189,0.654765,0.6,0.7,0.85488,0.8,0.9,0.0021264,674.471,35.6196,24.3184,0.01,0.95,10,10000,0.938,0.497,12,12,0.0528112,0,1
2768,10000,5.02763,4.21697,5.62342,0.149899,0.1,0.251189,0.650549,0.6,0.7,0.950571,0.9,1,0.0021264,843.089,42.5736,30.398,0.01,0.95,10,10000,0.938,0.497,15,14,0.0488937,0,0.933333
2769,10000,4.84016,4.21697,5.62342,0.15599,0.1,0.251189,0.638966,0.6,0.7,1.15472,1,1.5,0.010632,224.824,-nan,8.10613,0.01,0.95,10,10000,0.938,0.497,20,23,0.0381463,0,1.15
2770,10000,5.23326,4.21697,5.62342,0.202665,0.1,0.251189,0.748936,0.7,0.8,0.0631609,0,0.1,0.0021264,112.412,-nan,4.05307,0.01,0.95,10,10000,0.938,0.497,2,4,0.0914717,0,2
2771,10000,4.78193,4.21697,5.62342,0.160516,0.1,0.251189,0.749071,0.7,0.8,0.168867,0.1,0.2,0.0021264,786.883,51.6178,28.3715,0.01,0.95,10,10000,0.938,0.497,14,10,0.0578518,0,0.714286
2772,10000,5.08144,4.21697,5.62342,0.149003,0.1,0.251189,0.746685,0.7,0.8,0.262118,0.2,0.3,0.0021264,899.295,41.13,32.4245,0.01,0.95,10,10000,0.938,0.497,16,16,0.0457358,0,1
2773,10000,4.86706,4.21697,5.62342,0.135902,0.1,0.251189,0.743929,0.7,0.8,0.367807,0.3,0.4,0.0021264,1292.74,53.8051,46.6103,0.01,0.95,10,10000,0.938,0.497,23,21,0.0399215,0,0.913043
2774,10000,4.90098,4.21697,5.62342,0.146487,0.1,0.251189,0.751224,0.7,0.8,0.444317,0.4,0.5,0.0021264,1292.74,49.3132,46.6103,0.01,0.95,10,10000,0.938,0.497,23,23,0.0381463,0,1
2775,10000,4.88715,4.21697,5.62342,0.13923,0.1,0.251189,0.74422,0.7,0.8,0.545661,0.5,0.6,0.0021264,1180.32,57.1418,42.5572,0.01,0.95,10,10000,0.938,0.497,21,17,0.0443703,0,0.809524
2776,10000,4.87885,4.21697,5.62342,0.156611,0.1,0.251189,0.740539,0.7,0.8,0.66535,0.6,0.7,0.0021264,562.059,-nan,20.2653,0.01,0.95,10,10000,0.938,0.497,10,13,0.0507394,0,1.3
2777,10000,4.91914,4.21697,5.62342,0.166518,0.1,0.251189,0.753588,0.7,0.8,0.762389,0.7,0.8,0.0021264,562.059,32.5161,20.2653,0.01,0.95,10,10000,0.938,0.497,10,10,0.0578518,0,1
2778,10000,4.96992,4.21697,5.62342,0.171193,0.1,0.251189,0.752903,0.7,0.8,0.840438,0.8,0.9,0.0021264,337.236,-nan,12.1592,0.01,0.95,10,10000,0.938,0.497,6,7,0.0691461,0,1.16667
2779,10000,4.78216,4.21697,5.62342,0.154005,0.1,0.251189,0.772688,0.7,0.8,0.966209,0.9,1,0.0021264,393.442,36.4993,14.1857,0.01,0.95,10,10000,0.938,0.497,7,5,0.0818148,0,0.714286
2780,10000,4.98371,4.21697,5.62342,0.151212,0.1,0.251189,0.734993,0.7,0.8,1.10869,1,1.5,0.010632,123.653,8.19739,4.45837,0.01,0.95,10,10000,0.938,0.497,11,9,0.0609811,0,0.818182
2781,10000,5.10197,4.21697,5.62342,0.123543,0.1,0.251189,0.870743,0.8,0.9,0.0769017,0,0.1,0.0021264,281.03,45.9848,10.1327,0.01,0.95,10,10000,0.938,0.497,5,2,0.129361,0,0.4
2782,10000,4.72545,4.21697,5.62342,0.152879,0.1,0.251189,0.840266,0.8,0.9,0.14903,0.1,0.2,0.0021264,281.03,22.9924,10.1327,0.01,0.95,10,10000,0.938,0.497,5,5,0.0818148,0,1
2783,10000,4.78318,4.21697,5.62342,0.153009,0.1,0.251189,0.866957,0.8,0.9,0.246386,0.2,0.3,0.0021264,337.236,-nan,12.1592,0.01,0.95,10,10000,0.938,0.497,6,8,0.0646803,0,1.33333
2784,10000,4.87348,4.21697,5.62342,0.125663,0.1,0.251189,0.842561,0.8,0.9,0.338539,0.3,0.4,0.0021264,562.059,49.6692,20.2653,0.01,0.95,10,10000,0.938,0.497,10,6,0.0746863,0,0.6
2785,10000,4.60726,4.21697,5.62342,0.148555,0.1,0.251189,0.845035,0.8,0.9,0.450144,0.4,0.5,0.0021264,337.236,25.1869,12.1592,0.01,0.95,10,10000,0.938,0.497,6,6,0.0746863,0,1
2786,10000,4.73546,4.21697,5.62342,0.149926,0.1,0.251189,0.832118,0.8,0.9,0.531396,0.5,0.6,0.0021264,393.442,27.2049,14.1857,0.01,0.95,10,10000,0.938,0.497,7,7,0.0691461,0,1
2787,10000,4.99386,4.21697,5.62342,0.145585,0.1,0.251189,0.835579,0.8,0.9,0.644075,0.6,0.7,0.0021264,505.853,30.8475,18.2388,0.01,0.95,10,10000,0.938,0.497,9,9,0.0609811,0,1
2788,10000,4.90187,4.21697,5.62342,0.126888,0.1,0.251189,0.850926,0.8,0.9,0.735021,0.7,0.8,0.0021264,224.824,-nan,8.10613,0.01,0.95,10,10000,0.938,0.497,4,8,0.0646803,0,2
2789,10000,5.01789,4.21697,5.62342,0.156491,0.1,0.251189,0.837535,0.8,0.9,0.852265,0.8,0.9,0.0021264,224.824,-nan,8.10613,0.01,0.95,10,10000,0.938,0.497,4,7,0.0691461,0,1.75
2790,10000,4.8803,4.21697,5.62342,0.1491,0.1,0.251189,0.832557,0.8,0.9,1.23191,1,1.5,0.010632,44.9647,4.113,1.62123,0.01,0.95,10,10000,0.938,0.497,4,4,0.0914717,0,1
2791,10000,4.89211,4.21697,5.62342,0.186168,0.1,0.251189,0.941512,0.9,1,0.0489178,0,0.1,0.0021264,0,0,0,0.01,0.95,10,10000,0.938,0.497,0,2,0.129361,0,0
2792,10000,4.49687,4.21697,5.62342,0.141756,0.1,0.251189,0.937795,0.9,1,0.155696,0.1,0.2,0.0021264,112.412,-nan,4.05307,0.01,0.95,10,10000,0.938,0.497,2,3,0.105622,0,1.5
2793,10000,4.58304,4.21697,5.62342,0.109969,0.1,0.251189,0.917904,0.9,1,0.265227,0.2,0.3,0.0021264,168.618,25.1869,6.0796,0.01,0.95,10,10000,0.938,0.497,3,2,0.129361,0,0.666667
2794,10000,5.188,4.21697,5.62342,0.124798,0.1,0.251189,0.901572,0.9,1,0.394262,0.3,0.4,0.0021264,56.2059,10.2825,2.02653,0.01,0.95,10,10000,0.938,0.497,1,1,0.182943,0,1
2795,10000,4.81782,4.21697,5.62342,0.148407,0.1,0.251189,0.924329,0.9,1,0.431605,0.4,0.5,0.0021264,0,0,0,0.01,0.95,10,10000,0.938,0.497,0,3,0.105622,0,0
2796,10000,5.36026,4.21697,5.62342,0.136722,0.1,0.251189,0.954103,0.9,1,0.65448,0.6,0.7,0.0021264,56.2059,-nan,2.02653,0.01,0.95,10,10000,0.938,0.497,1,2,0.129361,0,2
2797,10000,5.23226,4.21697,5.62342,0.170442,0.1,0.251189,0.948063,0.9,1,0.831687,0.8,0.9,0.0021264,112.412,-nan,4.05307,0.01,0.95,10,10000,0.938,0.497,2,3,0.105622,0,1.5
2798,10000,4.95221,4.21697,5.62342,0.150766,0.1,0.251189,0.951881,0.9,1,1.28461,1,1.5,0.010632,0,0,0,0.01,0.95,10,10000,0.938,0.497,0,3,0.105622,0,0
2799,10000,5.31321,4.21697,5.62342,0.252769,0.251189,0.630957,0.095087,0.05,0.1,0.314365,0.3,0.4,0.00267062,0,0,0,0.01,0.95,10,10000,0.938,0.497,0,1,0.182943,0,0
2800,10000,5.39434,4.21697,5.62342,0.281494,0.251189,0.630957,0.118601,0.1,0.15,0.0788341,0,0.1,0.00267062,44.7522,-nan,1.61356,0.01,0.95,10,10000,0.938,0.497,1,2,0.129361,0,2
2801,10000,5.49851,4.21697,5.62342,0.271618,0.251189,0.630957,0.129602,0.1,0.15,0.171165,0.1,0.2,0.00267062,492.274,32.6345,17.7492,0.01,0.95,10,10000,0.938,0.497,11,9,0.0609811,0,0.818182
2802,10000,5.42719,4.21697,5.62342,0.266307,0.251189,0.630957,0.123257,0.1,0.15,0.232647,0.2,0.3,0.00267062,492.274,29.7453,17.7492,0.01,0.95,10,10000,0.938,0.497,11,10,0.0578518,0,0.909091
2803,10000,5.44891,4.21697,5.62342,0.280114,0.251189,0.630957,0.128453,0.1,0.15,0.351012,0.3,0.4,0.00267062,447.522,28.6224,16.1356,0.01,0.95,10,10000,0.938,0.497,10,9,0.0609811,0,0.9
2804,10000,5.43709,4.21697,5.62342,0.266502,0.251189,0.630957,0.132228,0.1,0.15,0.445655,0.4,0.5,0.00267062,581.778,44.2786,20.9763,0.01,0.95,10,10000,0.938,0.497,13,8,0.0646803,0,0.615385
2805,10000,5.50954,4.21697,5.62342,0.275562,0.251189,0.630957,0.136517,0.1,0.15,0.521248,0.5,0.6,0.00267062,492.274,68.335,17.7492,0.01,0.95,10,10000,0.938,0.497,11,3,0.105622,0,0.272727
2806,10000,5.53837,4.21697,5.62342,0.280584,0.251189,0.630957,0.134748,0.1,0.15,0.663239,0.6,0.7,0.00267062,134.256,20.0542,4.84069,0.01,0.95,10,10000,0.938,0.497,3,2,0.129361,0,0.666667
2807,10000,5.30988,4.21697,5.62342,0.257493,0.251189,0.630957,0.128287,0.1,0.15,0.847596,0.8,0.9,0.00267062,44.7522,-nan,1.61356,0.01,0.95,10,10000,0.938,0.497,1,2,0.129361,0,2
2808,10000,5.52913,4.21697,5.62342,0.305399,0.251189,0.630957,0.148717,0.1,0.15,1.14244,1,1.5,0.0133531,17.9009,4.01085,0.645425,0.01,0.95,10,10000,0.938,0.497,2,1,0.182943,0,0.5
2809,10000,5.46212,4.21697,5.62342,0.286623,0.251189,0.630957,0.164652,0.15,0.2,0.0746552,0,0.1,0.00267062,89.5043,-nan,3.22712,0.01,0.95,10,10000,0.938,0.497,2,3,0.105622,0,1.5
2810,10000,5.56972,4.21697,5.62342,0.27924,0.251189,0.630957,0.168364,0.15,0.2,0.10641,0.1,0.2,0.00267062,134.256,14.1805,4.84069,0.01,0.95,10,10000,0.938,0.497,3,3,0.105622,0,1
2811,10000,5.33446,4.21697,5.62342,0.274705,0.251189,0.630957,0.190034,0.15,0.2,0.243746,0.2,0.3,0.00267062,402.769,54.9208,14.5221,0.01,0.95,10,10000,0.938,0.497,9,3,0.105622,0,0.333333
2812,10000,5.43115,4.21697,5.62342,0.270344,0.251189,0.630957,0.17771,0.15,0.2,0.339328,0.3,0.4,0.00267062,358.017,23.1566,12.9085,0.01,0.95,10,10000,0.938,0.497,8,8,0.0646803,0,1
2813,10000,5.40617,4.21697,5.62342,0.265302,0.251189,0.630957,0.180183,0.15,0.2,0.461541,0.4,0.5,0.00267062,626.53,44.5092,22.5899,0.01,0.95,10,10000,0.938,0.497,14,9,0.0609811,0,0.642857
2814,10000,5.41792,4.21697,5.62342,0.267543,0.251189,0.630957,0.174125,0.15,0.2,0.564904,0.5,0.6,0.00267062,358.017,23.1566,12.9085,0.01,0.95,10,10000,0.938,0.497,8,8,0.0646803,0,1
2815,10000,5.33406,4.21697,5.62342,0.267319,0.251189,0.630957,0.170159,0.15,0.2,0.63059,0.6,0.7,0.00267062,268.513,20.0542,9.68137,0.01,0.95,10,10000,0.938,0.497,6,6,0.0746863,0,1
2816,10000,5.43157,4.21697,5.62342,0.261464,0.251189,0.630957,0.170062,0.15,0.2,0.768675,0.7,0.8,0.00267062,179.009,16.3742,6.45425,0.01,0.95,10,10000,0.938,0.497,4,4,0.0914717,0,1
2817,10000,5.41135,4.21697,5.62342,0.276485,0.251189,0.630957,0.184896,0.15,0.2,0.828303,0.8,0.9,0.00267062,223.761,36.6139,8.06781,0.01,0.95,10,10000,0.938,0.497,5,2,0.129361,0,0.4
2818,10000,5.52333,4.21697,5.62342,0.269498,0.251189,0.630957,0.179974,0.15,0.2,0.965635,0.9,1,0.00267062,44.7522,-nan,1.61356,0.01,0.95,10,10000,0.938,0.497,1,2,0.129361,0,2
2819,10000,5.40916,4.21697,5.62342,0.276357,0.251189,0.630957,0.165256,0.15,0.2,1.21725,1,1.5,0.0133531,35.8017,4.22781,1.29085,0.01,0.95,10,10000,0.938,0.497,4,3,0.105622,0,0.75
2820,10000,5.34392,4.21697,5.62342,0.266418,0.251189,0.630957,0.219936,0.2,0.25,0.156924,0.1,0.2,0.00267062,358.017,29.8951,12.9085,0.01,0.95,10,10000,0.938,0.497,8,6,0.0746863,0,0.75
2821,10000,5.4751,4.21697,5.62342,0.27623,0.251189,0.630957,0.219508,0.2,0.25,0.24659,0.2,0.3,0.00267062,268.513,-nan,9.68137,0.01,0.95,10,10000,0.938,0.497,6,10,0.0578518,0,1.66667
2822,10000,5.39487,4.21697,5.62342,0.261575,0.251189,0.630957,0.222688,0.2,0.25,0.351351,0.3,0.4,0.00267062,492.274,29.7453,17.7492,0.01,0.95,10,10000,0.938,0.497,11,10,0.0578518,0,0.909091
2823,10000,5.47492,4.21697,5.62342,0.276545,0.251189,0.630957,0.231658,0.2,0.25,0.454836,0.4,0.5,0.00267062,402.769,30.7893,14.5221,0.01,0.95,10,10000,0.938,0.497,9,7,0.0691461,0,0.777778
2824,10000,5.39481,4.21697,5.62342,0.282386,0.251189,0.630957,0.220974,0.2,0.25,0.529591,0.5,0.6,0.00267062,313.265,25.012,11.2949,0.01,0.95,10,10000,0.938,0.497,7,6,0.0746863,0,0.857143
2825,10000,5.49915,4.21697,5.62342,0.278827,0.251189,0.630957,0.223337,0.2,0.25,0.627812,0.6,0.7,0.00267062,134.256,14.1805,4.84069,0.01,0.95,10,10000,0.938,0.497,3,3,0.105622,0,1
2826,10000,5.38747,4.21697,5.62342,0.268442,0.251189,0.630957,0.224188,0.2,0.25,0.748255,0.7,0.8,0.00267062,134.256,-nan,4.84069,0.01,0.95,10,10000,0.938,0.497,3,5,0.0818148,0,1.66667
2827,10000,5.56568,4.21697,5.62342,0.297653,0.251189,0.630957,0.234125,0.2,0.25,0.905525,0.9,1,0.00267062,44.7522,8.18711,1.61356,0.01,0.95,10,10000,0.938,0.497,1,1,0.182943,0,1
2828,10000,5.53464,4.21697,5.62342,0.272289,0.251189,0.630957,0.220883,0.2,0.25,1.29444,1,1.5,0.0133531,8.95043,-nan,0.322712,0.01,0.95,10,10000,0.938,0.497,1,2,0.129361,0,2
2829,10000,5.29993,4.21697,5.62342,0.270692,0.251189,0.630957,0.272429,0.25,0.3,0.148789,0.1,0.2,0.00267062,179.009,16.3742,6.45425,0.01,0.95,10,10000,0.938,0.497,4,4,0.0914717,0,1
2830,10000,5.36163,4.21697,5.62342,0.270592,0.251189,0.630957,0.273941,0.25,0.3,0.235685,0.2,0.3,0.00267062,223.761,36.6139,8.06781,0.01,0.95,10,10000,0.938,0.497,5,2,0.129361,0,0.4
2831,10000,5.48428,4.21697,5.62342,0.277661,0.251189,0.630957,0.267931,0.25,0.3,0.340038,0.3,0.4,0.00267062,358.017,34.3469,12.9085,0.01,0.95,10,10000,0.938,0.497,8,5,0.0818148,0,0.625
2832,10000,5.34536,4.21697,5.62342,0.255042,0.251189,0.630957,0.269235,0.25,0.3,0.427451,0.4,0.5,0.00267062,134.256,-nan,4.84069,0.01,0.95,10,10000,0.938,0.497,3,4,0.0914717,0,1.33333
2833,10000,5.47601,4.21697,5.62342,0.270041,0.251189,0.630957,0.272941,0.25,0.3,0.529814,0.5,0.6,0.00267062,179.009,21.139,6.45425,0.01,0.95,10,10000,0.938,0.497,4,3,0.105622,0,0.75
2834,10000,5.31216,4.21697,5.62342,0.263984,0.251189,0.630957,0.274976,0.25,0.3,0.653206,0.6,0.7,0.00267062,89.5043,-nan,3.22712,0.01,0.95,10,10000,0.938,0.497,2,4,0.0914717,0,2
2835,10000,5.39056,4.21697,5.62342,0.272528,0.251189,0.630957,0.272208,0.25,0.3,0.758179,0.7,0.8,0.00267062,44.7522,-nan,1.61356,0.01,0.95,10,10000,0.938,0.497,1,3,0.105622,0,3
2836,10000,5.46535,4.21697,5.62342,0.262333,0.251189,0.630957,0.260633,0.25,0.3,0.914652,0.9,1,0.00267062,44.7522,8.18711,1.61356,0.01,0.95,10,10000,0.938,0.497,1,1,0.182943,0,1
2837,10000,5.51606,4.21697,5.62342,0.27613,0.251189,0.630957,0.274711,0.25,0.3,1.16191,1,1.5,0.0133531,17.9009,2.31566,0.645425,0.01,0.95,10,10000,0.938,0.497,2,2,0.129361,0,1
2838,10000,5.4904,4.21697,5.62342,0.269128,0.251189,0.630957,0.324011,0.3,0.4,0.042549,0,0.1,0.00534125,67.1282,7.09025,2.42034,0.01,0.95,10,10000,0.938,0.497,3,3,0.105622,0,1
2839,10000,5.42397,4.21697,5.62342,0.266874,0.251189,0.630957,0.317364,0.3,0.4,0.159977,0.1,0.2,0.00534125,67.1282,7.09025,2.42034,0.01,0.95,10,10000,0.938,0.497,3,3,0.105622,0,1
2840,10000,5.35163,4.21697,5.62342,0.264832,0.251189,0.630957,0.335841,0.3,0.4,0.247125,0.2,0.3,0.00534125,134.256,14.1805,4.84069,0.01,0.95,10,10000,0.938,0.497,6,4,0.0914717,0,0.666667
2841,10000,5.45329,4.21697,5.62342,0.25905,0.251189,0.630957,0.331138,0.3,0.4,0.361455,0.3,0.4,0.00534125,67.1282,-nan,2.42034,0.01,0.95,10,10000,0.938,0.497,3,4,0.0914717,0,1.33333
2842,10000,5.33969,4.21697,5.62342,0.265835,0.251189,0.630957,0.333634,0.3,0.4,0.529605,0.5,0.6,0.00534125,89.5043,8.18711,3.22712,0.01,0.95,10,10000,0.938,0.497,4,4,0.0914717,0,1
2843,10000,5.53254,4.21697,5.62342,0.277034,0.251189,0.630957,0.314231,0.3,0.4,0.612816,0.6,0.7,0.00534125,67.1282,10.0271,2.42034,0.01,0.95,10,10000,0.938,0.497,3,2,0.129361,0,0.666667
2844,10000,5.41219,4.21697,5.62342,0.2818,0.251189,0.630957,0.346493,0.3,0.4,0.767774,0.7,0.8,0.00534125,44.7522,-nan,1.61356,0.01,0.95,10,10000,0.938,0.497,2,3,0.105622,0,1.5
2845,10000,5.34969,4.21697,5.62342,0.263678,0.251189,0.630957,0.335144,0.3,0.4,0.819584,0.8,0.9,0.00534125,89.5043,10.5695,3.22712,0.01,0.95,10,10000,0.938,0.497,4,3,0.105622,0,0.75
2846,10000,5.35566,4.21697,5.62342,0.283905,0.251189,0.630957,0.335438,0.3,0.4,0.958259,0.9,1,0.00534125,44.7522,10.0271,1.61356,0.01,0.95,10,10000,0.938,0.497,2,1,0.182943,0,0.5
2847,10000,5.31699,4.21697,5.62342,0.25554,0.251189,0.630957,0.371399,0.3,0.4,1.22617,1,1.5,0.0267062,22.3761,3.66139,0.806781,0.01,0.95,10,10000,0.938,0.497,5,2,0.129361,0,0.4
2848,10000,5.40718,4.21697,5.62342,0.264658,0.251189,0.630957,0.450177,0.4,0.5,0.0668373,0,0.1,0.00534125,44.7522,5.78916,1.61356,0.01,0.95,10,10000,0.938,0.497,2,2,0.129361,0,1
2849,10000,5.43361,4.21697,5.62342,0.265858,0.251189,0.630957,0.476315,0.4,0.5,0.161773,0.1,0.2,0.00534125,44.7522,5.78916,1.61356,0.01,0.95,10,10000,0.938,0.497,2,2,0.129361,0,1
2850,10000,5.32539,4.21697,5.62342,0.259426,0.251189,0.630957,0.454683,0.4,0.5,0.28307,0.2,0.3,0.00534125,44.7522,5.78916,1.61356,0.01,0.95,10,10000,0.938,0.497,2,2,0.129361,0,1
2851,10000,5.49959,4.21697,5.62342,0.255755,0.251189,0.630957,0.463706,0.4,0.5,0.352171,0.3,0.4,0.00534125,111.88,18.3069,4.0339,0.01,0.95,10,10000,0.938,0.497,5,2,0.129361,0,0.4
2852,10000,5.16424,4.21697,5.62342,0.255181,0.251189,0.630957,0.432922,0.4,0.5,0.407694,0.4,0.5,0.00534125,22.3761,4.09356,0.806781,0.01,0.95,10,10000,0.938,0.497,1,1,0.182943,0,1
2853,10000,5.35888,4.21697,5.62342,0.272352,0.251189,0.630957,0.439484,0.4,0.5,0.551772,0.5,0.6,0.00534125,89.5043,-nan,3.22712,0.01,0.95,10,10000,0.938,0.497,4,6,0.0746863,0,1.5
2854,10000,5.44138,4.21697,5.62342,0.273354,0.251189,0.630957,0.460263,0.4,0.5,0.678141,0.6,0.7,0.00534125,67.1282,10.0271,2.42034,0.01,0.95,10,10000,0.938,0.497,3,2,0.129361,0,0.666667
2855,10000,5.18398,4.21697,5.62342,0.25784,0.251189,0.630957,0.4431,0.4,0.5,0.765231,0.7,0.8,0.00534125,89.5043,14.1805,3.22712,0.01,0.95,10,10000,0.938,0.497,4,2,0.129361,0,0.5
2856,10000,5.41484,4.21697,5.62342,0.270244,0.251189,0.630957,0.449248,0.4,0.5,0.842239,0.8,0.9,0.00534125,0,0,0,0.01,0.95,10,10000,0.938,0.497,0,3,0.105622,0,0
2857,10000,5.52663,4.21697,5.62342,0.258639,0.251189,0.630957,0.473429,0.4,0.5,1.2139,1,1.5,0.0267062,4.47522,0.818711,0.161356,0.01,0.95,10,10000,0.938,0.497,1,1,0.182943,0,1
2858,10000,5.34252,4.21697,5.62342,0.263115,0.251189,0.630957,0.565326,0.5,0.6,0.0306266,0,0.1,0.00534125,22.3761,4.09356,0.806781,0.01,0.95,10,10000,0.938,0.497,1,1,0.182943,0,1
2859,10000,5.31871,4.21697,5.62342,0.271699,0.251189,0.630957,0.530305,0.5,0.6,0.151502,0.1,0.2,0.00534125,22.3761,-nan,0.806781,0.01,0.95,10,10000,0.938,0.497,1,4,0.0914717,0,4
2860,10000,5.33628,4.21697,5.62342,0.269543,0.251189,0.630957,0.547483,0.5,0.6,0.256094,0.2,0.3,0.00534125,44.7522,-nan,1.61356,0.01,0.95,10,10000,0.938,0.497,2,3,0.105622,0,1.5
2861,10000,5.32498,4.21697,5.62342,0.257871,0.251189,0.630957,0.566068,0.5,0.6,0.354334,0.3,0.4,0.00534125,22.3761,-nan,0.806781,0.01,0.95,10,10000,0.938,0.497,1,3,0.105622,0,3
2862,10000,5.46436,4.21697,5.62342,0.283636,0.251189,0.630957,0.561439,0.5,0.6,0.415903,0.4,0.5,0.00534125,67.1282,10.0271,2.42034,0.01,0.95,10,10000,0.938,0.497,3,2,0.129361,0,0.666667
2863,10000,5.49161,4.21697,5.62342,0.275296,0.251189,0.630957,0.547142,0.5,0.6,0.671641,0.6,0.7,0.00534125,44.7522,5.78916,1.61356,0.01,0.95,10,10000,0.938,0.497,2,2,0.129361,0,1
2864,10000,5.57419,4.21697,5.62342,0.265423,0.251189,0.630957,0.551577,0.5,0.6,0.70387,0.7,0.8,0.00534125,0,0,0,0.01,0.95,10,10000,0.938,0.497,0,1,0.182943,0,0
2865,10000,5.06579,4.21697,5.62342,0.254849,0.251189,0.630957,0.524651,0.5,0.6,0.802987,0.8,0.9,0.00534125,22.3761,4.09356,0.806781,0.01,0.95,10,10000,0.938,0.497,1,1,0.182943,0,1
2866,10000,5.53235,4.21697,5.62342,0.274663,0.251189,0.630957,0.602197,0.6,0.7,0.268696,0.2,0.3,0.00534125,67.1282,15.8543,2.42034,0.01,0.95,10,10000,0.938,0.497,3,1,0.182943,0,0.333333
2867,10000,5.29081,4.21697,5.62342,0.262873,0.251189,0.630957,0.65192,0.6,0.7,0.354949,0.3,0.4,0.00534125,44.7522,10.0271,1.61356,0.01,0.95,10,10000,0.938,0.497,2,1,0.182943,0,0.5
2868,10000,5.46137,4.21697,5.62342,0.251899,0.251189,0.630957,0.636001,0.6,0.7,0.439103,0.4,0.5,0.00534125,44.7522,10.0271,1.61356,0.01,0.95,10,10000,0.938,0.497,2,1,0.182943,0,0.5
2869,10000,5.60663,4.21697,5.62342,0.258631,0.251189,0.630957,0.665719,0.6,0.7,0.590778,0.5,0.6,0.00534125,22.3761,4.09356,0.806781,0.01,0.95,10,10000,0.938,0.497,1,1,0.182943,0,1
2870,10000,5.26027,4.21697,5.62342,0.260819,0.251189,0.630957,0.783418,0.7,0.8,0.405937,0.4,0.5,0.00534125,0,0,0,0.01,0.95,10,10000,0.938,0.497,0,1,0.182943,0,0
2871,10000,5.75691,5.62342,7.49894,0.00377859,0.00251189,0.00398107,0.0865084,0.05,0.1,0.155172,0.1,0.2,1.37774e-05,346991,30111.1,12511,0.01,0.95,10,10000,0.938,0.497,40,8,0.0646803,0,0.2
2872,10000,5.81594,5.62342,7.49894,0.00369034,0.00251189,0.00398107,0.0880677,0.05,0.1,0.257211,0.2,0.3,1.37774e-05,468438,30218.5,16889.8,0.01,0.95,10,10000,0.938,0.497,54,14,0.0488937,0,0.259259
2873,10000,5.83054,5.62342,7.49894,0.00376052,0.00251189,0.00398107,0.0795967,0.05,0.1,0.354265,0.3,0.4,1.37774e-05,537837,30324.1,19392,0.01,0.95,10,10000,0.938,0.497,62,18,0.0431202,0,0.290323
2874,10000,5.82234,5.62342,7.49894,0.0038374,0.00251189,0.00398107,0.0764252,0.05,0.1,0.447919,0.4,0.5,1.37774e-05,433739,20532.5,15638.7,0.01,0.95,10,10000,0.938,0.497,50,23,0.0381463,0,0.46
2875,10000,5.75567,5.62342,7.49894,0.00367969,0.00251189,0.00398107,0.0751997,0.05,0.1,0.548894,0.5,0.6,1.37774e-05,338317,14430.3,12198.2,0.01,0.95,10,10000,0.938,0.497,39,25,0.0365887,0,0.641026
2876,10000,5.77916,5.62342,7.49894,0.00372556,0.00251189,0.00398107,0.0761969,0.05,0.1,0.654351,0.6,0.7,1.37774e-05,312292,13898.3,11259.9,0.01,0.95,10,10000,0.938,0.497,36,23,0.0381463,0,0.638889
2877,10000,5.79408,5.62342,7.49894,0.00373822,0.00251189,0.00398107,0.0744112,0.05,0.1,0.740873,0.7,0.8,1.37774e-05,216870,11055.5,7819.35,0.01,0.95,10,10000,0.938,0.497,25,17,0.0443703,0,0.68
2878,10000,5.78011,5.62342,7.49894,0.0037376,0.00251189,0.00398107,0.0734385,0.05,0.1,0.851621,0.8,0.9,1.37774e-05,173496,8255.24,6255.48,0.01,0.95,10,10000,0.938,0.497,20,17,0.0443703,0,0.85
2879,10000,5.78804,5.62342,7.49894,0.00375894,0.00251189,0.00398107,0.0770233,0.05,0.1,0.956382,0.9,1,1.37774e-05,138797,6347.98,5004.38,0.01,0.95,10,10000,0.938,0.497,16,16,0.0457358,0,1
2880,10000,5.78869,5.62342,7.49894,0.00374126,0.00251189,0.00398107,0.0770518,0.05,0.1,1.19572,1,1.5,6.88871e-05,71133.2,2606.76,2564.75,0.01,0.95,10,10000,0.938,0.497,41,31,0.0328576,0,0.756098
2881,10000,5.63131,5.62342,7.49894,0.00394788,0.00251189,0.00398107,0.106896,0.1,0.15,0.0314886,0,0.1,1.37774e-05,86747.9,21875.2,3127.74,0.01,0.95,10,10000,0.938,0.497,10,1,0.182943,0,0.1
2882,10000,5.73921,5.62342,7.49894,0.00379728,0.00251189,0.00398107,0.122939,0.1,0.15,0.178668,0.1,0.2,1.37774e-05,208195,18815.9,7506.57,0.01,0.95,10,10000,0.938,0.497,24,7,0.0691461,0,0.291667
2883,10000,5.77073,5.62342,7.49894,0.00383835,0.00251189,0.00398107,0.122925,0.1,0.15,0.246307,0.2,0.3,1.37774e-05,251569,18723.8,9070.44,0.01,0.95,10,10000,0.938,0.497,29,10,0.0578518,0,0.344828
2884,10000,5.74753,5.62342,7.49894,0.00370474,0.00251189,0.00398107,0.120482,0.1,0.15,0.349764,0.3,0.4,1.37774e-05,294943,13380.8,10634.3,0.01,0.95,10,10000,0.938,0.497,34,22,0.0390037,0,0.647059
2885,10000,5.78407,5.62342,7.49894,0.00368621,0.00251189,0.00398107,0.122065,0.1,0.15,0.457897,0.4,0.5,1.37774e-05,303617,15382.2,10947.1,0.01,0.95,10,10000,0.938,0.497,35,19,0.0419701,0,0.542857
2886,10000,5.78199,5.62342,7.49894,0.00377672,0.00251189,0.00398107,0.120445,0.1,0.15,0.548254,0.5,0.6,1.37774e-05,268918,12804.6,9695.99,0.01,0.95,10,10000,0.938,0.497,31,20,0.0409074,0,0.645161
2887,10000,5.76393,5.62342,7.49894,0.0037151,0.00251189,0.00398107,0.121979,0.1,0.15,0.652484,0.6,0.7,1.37774e-05,251569,10172,9070.44,0.01,0.95,10,10000,0.938,0.497,29,24,0.0373432,0,0.827586
2888,10000,5.77941,5.62342,7.49894,0.00377478,0.00251189,0.00398107,0.12688,0.1,0.15,0.7498,0.7,0.8,1.37774e-05,156146,8440.32,5629.93,0.01,0.95,10,10000,0.938,0.497,18,14,0.0488937,0,0.777778
2889,10000,5.74098,5.62342,7.49894,0.00375395,0.00251189,0.00398107,0.124794,0.1,0.15,0.858035,0.8,0.9,1.37774e-05,138797,7197.93,5004.38,0.01,0.95,10,10000,0.938,0.497,16,14,0.0488937,0,0.875
2890,10000,5.85,5.62342,7.49894,0.00376197,0.00251189,0.00398107,0.127252,0.1,0.15,0.973153,0.9,1,1.37774e-05,26024.4,-nan,938.322,0.01,0.95,10,10000,0.938,0.497,3,6,0.0746863,0,2
2891,10000,5.79045,5.62342,7.49894,0.00376497,0.00251189,0.00398107,0.119757,0.1,0.15,1.15904,1,1.5,6.88871e-05,26024.4,1505.56,938.322,0.01,0.95,10,10000,0.938,0.497,15,12,0.0528112,0,0.8
2892,10000,5.81606,5.62342,7.49894,0.00357512,0.00251189,0.00398107,0.196187,0.15,0.2,0.157411,0.1,0.2,1.37774e-05,112772,28610,4066.06,0.01,0.95,10,10000,0.938,0.497,13,1,0.182943,0,0.0769231
2893,10000,5.91344,5.62342,7.49894,0.0039324,0.00251189,0.00398107,0.16866,0.15,0.2,0.288896,0.2,0.3,1.37774e-05,138797,35344.1,5004.38,0.01,0.95,10,10000,0.938,0.497,16,1,0.182943,0,0.0625
2894,10000,5.75079,5.62342,7.49894,0.00373289,0.00251189,0.00398107,0.171365,0.15,0.2,0.365814,0.3,0.4,1.37774e-05,182170,16261.9,6568.25,0.01,0.95,10,10000,0.938,0.497,21,7,0.0691461,0,0.333333
2895,10000,5.79317,5.62342,7.49894,0.00369467,0.00251189,0.00398107,0.175929,0.15,0.2,0.451272,0.4,0.5,1.37774e-05,234219,13938.7,8444.89,0.01,0.95,10,10000,0.938,0.497,27,14,0.0488937,0,0.518519
2896,10000,5.76887,5.62342,7.49894,0.00373461,0.00251189,0.00398107,0.174824,0.15,0.2,0.562793,0.5,0.6,1.37774e-05,199520,12126.2,7193.8,0.01,0.95,10,10000,0.938,0.497,23,13,0.0507394,0,0.565217
2897,10000,5.81846,5.62342,7.49894,0.003789,0.00251189,0.00398107,0.179427,0.15,0.2,0.639489,0.6,0.7,1.37774e-05,138797,8195.21,5004.38,0.01,0.95,10,10000,0.938,0.497,16,12,0.0528112,0,0.75
2898,10000,5.73546,5.62342,7.49894,0.00366952,0.00251189,0.00398107,0.173936,0.15,0.2,0.737926,0.7,0.8,1.37774e-05,86747.9,6146.4,3127.74,0.01,0.95,10,10000,0.938,0.497,10,8,0.0646803,0,0.8
2899,10000,5.8206,5.62342,7.49894,0.00375019,0.00251189,0.00398107,0.177078,0.15,0.2,0.852069,0.8,0.9,1.37774e-05,138797,8770.99,5004.38,0.01,0.95,10,10000,0.938,0.497,16,11,0.0551595,0,0.6875
2900,10000,5.83811,5.62342,7.49894,0.00389413,0.00251189,0.00398107,0.166884,0.15,0.2,0.91759,0.9,1,1.37774e-05,34699.1,4097.6,1251.1,0.01,0.95,10,10000,0.938,0.497,4,3,0.105622,0,0.75
2901,10000,5.82874,5.62342,7.49894,0.00379813,0.00251189,0.00398107,0.173674,0.15,0.2,1.23323,1,1.5,6.88871e-05,22554.4,1716.6,813.212,0.01,0.95,10,10000,0.938,0.497,13,8,0.0646803,0,0.615385
2902,10000,6.00541,5.62342,7.49894,0.00383465,0.00251189,0.00398107,0.218729,0.2,0.25,0.0293965,0,0.1,1.37774e-05,34699.1,8397.59,1251.1,0.01,0.95,10,10000,0.938,0.497,4,1,0.182943,0,0.25
2903,10000,5.77727,5.62342,7.49894,0.00363631,0.00251189,0.00398107,0.238586,0.2,0.25,0.150866,0.1,0.2,1.37774e-05,60723.5,10284.9,2189.42,0.01,0.95,10,10000,0.938,0.497,7,2,0.129361,0,0.285714
2904,10000,5.86636,5.62342,7.49894,0.00377746,0.00251189,0.00398107,0.232215,0.2,0.25,0.255025,0.2,0.3,1.37774e-05,182170,13925.8,6568.25,0.01,0.95,10,10000,0.938,0.497,21,9,0.0609811,0,0.428571
2905,10000,5.69184,5.62342,7.49894,0.00351712,0.00251189,0.00398107,0.22588,0.2,0.25,0.378725,0.3,0.4,1.37774e-05,34699.1,5497.51,1251.1,0.01,0.95,10,10000,0.938,0.497,4,2,0.129361,0,0.5
2906,10000,5.82596,5.62342,7.49894,0.00375312,0.00251189,0.00398107,0.231711,0.2,0.25,0.445774,0.4,0.5,1.37774e-05,199520,12811.2,7193.8,0.01,0.95,10,10000,0.938,0.497,23,12,0.0528112,0,0.521739
2907,10000,5.75099,5.62342,7.49894,0.00379907,0.00251189,0.00398107,0.221492,0.2,0.25,0.559171,0.5,0.6,1.37774e-05,130122,10192.7,4691.61,0.01,0.95,10,10000,0.938,0.497,15,8,0.0646803,0,0.533333
2908,10000,5.81533,5.62342,7.49894,0.00375662,0.00251189,0.00398107,0.223718,0.2,0.25,0.649694,0.6,0.7,1.37774e-05,86747.9,6146.4,3127.74,0.01,0.95,10,10000,0.938,0.497,10,8,0.0646803,0,0.8
2909,10000,5.72773,5.62342,7.49894,0.0036702,0.00251189,0.00398107,0.213998,0.2,0.25,0.767332,0.7,0.8,1.37774e-05,60723.5,6638.88,2189.42,0.01,0.95,10,10000,0.938,0.497,7,4,0.0914717,0,0.571429
2910,10000,5.77669,5.62342,7.49894,0.00385902,0.00251189,0.00398107,0.225784,0.2,0.25,0.813581,0.8,0.9,1.37774e-05,60723.5,5633.27,2189.42,0.01,0.95,10,10000,0.938,0.497,7,5,0.0818148,0,0.714286
2911,10000,5.71902,5.62342,7.49894,0.00376724,0.00251189,0.00398107,0.235035,0.2,0.25,0.966562,0.9,1,1.37774e-05,60723.5,8040.08,2189.42,0.01,0.95,10,10000,0.938,0.497,7,3,0.105622,0,0.428571
2912,10000,5.87956,5.62342,7.49894,0.0038544,0.00251189,0.00398107,0.215558,0.2,0.25,1.16748,1,1.5,6.88871e-05,17349.6,1533.18,625.548,0.01,0.95,10,10000,0.938,0.497,10,6,0.0746863,0,0.6
2913,10000,5.72663,5.62342,7.49894,0.00388124,0.00251189,0.00398107,0.260554,0.25,0.3,0.0849469,0,0.1,1.37774e-05,8674.79,1586.99,312.774,0.01,0.95,10,10000,0.938,0.497,1,1,0.182943,0,1
2914,10000,5.72809,5.62342,7.49894,0.00372291,0.00251189,0.00398107,0.277907,0.25,0.3,0.139737,0.1,0.2,1.37774e-05,86747.9,6839.09,3127.74,0.01,0.95,10,10000,0.938,0.497,10,7,0.0691461,0,0.7
2915,10000,5.81429,5.62342,7.49894,0.00378727,0.00251189,0.00398107,0.272378,0.25,0.3,0.250798,0.2,0.3,1.37774e-05,69398.3,5089.71,2502.19,0.01,0.95,10,10000,0.938,0.497,8,7,0.0691461,0,0.875
2916,10000,5.76224,5.62342,7.49894,0.00367708,0.00251189,0.00398107,0.278463,0.25,0.3,0.348305,0.3,0.4,1.37774e-05,86747.9,8692.33,3127.74,0.01,0.95,10,10000,0.938,0.497,10,5,0.0818148,0,0.5
2917,10000,5.77239,5.62342,7.49894,0.00370679,0.00251189,0.00398107,0.265577,0.25,0.3,0.445096,0.4,0.5,1.37774e-05,104097,7774.65,3753.29,0.01,0.95,10,10000,0.938,0.497,12,8,0.0646803,0,0.666667
2918,10000,5.79855,5.62342,7.49894,0.00380511,0.00251189,0.00398107,0.269693,0.25,0.3,0.533196,0.5,0.6,1.37774e-05,78073.1,7676.86,2814.96,0.01,0.95,10,10000,0.938,0.497,9,5,0.0818148,0,0.555556
2919,10000,5.79348,5.62342,7.49894,0.00377611,0.00251189,0.00398107,0.276463,0.25,0.3,0.662754,0.6,0.7,1.37774e-05,60723.5,4198.79,2189.42,0.01,0.95,10,10000,0.938,0.497,7,7,0.0691461,0,1
2920,10000,5.72229,5.62342,7.49894,0.00376447,0.00251189,0.00398107,0.273729,0.25,0.3,0.73553,0.7,0.8,1.37774e-05,86747.9,7665.91,3127.74,0.01,0.95,10,10000,0.938,0.497,10,6,0.0746863,0,0.6
2921,10000,5.79585,5.62342,7.49894,0.00378448,0.00251189,0.00398107,0.2703,0.25,0.3,0.828371,0.8,0.9,1.37774e-05,43373.9,5420.62,1563.87,0.01,0.95,10,10000,0.938,0.497,5,3,0.105622,0,0.6
2922,10000,5.74751,5.62342,7.49894,0.00374121,0.00251189,0.00398107,0.253671,0.25,0.3,0.94258,0.9,1,1.37774e-05,0,0,0,0.01,0.95,10,10000,0.938,0.497,0,3,0.105622,0,0
2923,10000,5.77884,5.62342,7.49894,0.00368566,0.00251189,0.00398107,0.274217,0.25,0.3,1.27119,1,1.5,6.88871e-05,15614.6,1064.59,562.993,0.01,0.95,10,10000,0.938,0.497,9,8,0.0646803,0,0.888889
2924,10000,5.75643,5.62342,7.49894,0.0035327,0.00251189,0.00398107,0.360986,0.3,0.4,0.0325959,0,0.1,2.75548e-05,4337.39,793.497,156.387,0.01,0.95,10,10000,0.938,0.497,1,1,0.182943,0,1
2925,10000,5.76675,5.62342,7.49894,0.0037346,0.00251189,0.00398107,0.348628,0.3,0.4,0.142182,0.1,0.2,2.75548e-05,30361.7,2816.64,1094.71,0.01,0.95,10,10000,0.938,0.497,7,5,0.0818148,0,0.714286
2926,10000,5.7421,5.62342,7.49894,0.00377993,0.00251189,0.00398107,0.348715,0.3,0.4,0.248376,0.2,0.3,2.75548e-05,56386.1,3932.06,2033.03,0.01,0.95,10,10000,0.938,0.497,13,9,0.0609811,0,0.692308
2927,10000,5.81404,5.62342,7.49894,0.00385408,0.00251189,0.00398107,0.353344,0.3,0.4,0.342905,0.3,0.4,2.75548e-05,43373.9,3832.96,1563.87,0.01,0.95,10,10000,0.938,0.497,10,6,0.0746863,0,0.6
2928,10000,5.77305,5.62342,7.49894,0.00378734,0.00251189,0.00398107,0.344929,0.3,0.4,0.466065,0.4,0.5,2.75548e-05,52048.7,2988.21,1876.64,0.01,0.95,10,10000,0.938,0.497,12,11,0.0551595,0,0.916667
2929,10000,5.9354,5.62342,7.49894,0.00382741,0.00251189,0.00398107,0.352553,0.3,0.4,0.556447,0.5,0.6,2.75548e-05,52048.7,4283.63,1876.64,0.01,0.95,10,10000,0.938,0.497,12,7,0.0691461,0,0.583333
2930,10000,5.88142,5.62342,7.49894,0.00378966,0.00251189,0.00398107,0.331255,0.3,0.4,0.638258,0.6,0.7,2.75548e-05,26024.4,4346.16,938.322,0.01,0.95,10,10000,0.938,0.497,6,2,0.129361,0,0.333333
2931,10000,5.78527,5.62342,7.49894,0.0037255,0.00251189,0.00398107,0.333551,0.3,0.4,0.740717,0.7,0.8,2.75548e-05,30361.7,2099.4,1094.71,0.01,0.95,10,10000,0.938,0.497,7,7,0.0691461,0,1
2932,10000,5.81487,5.62342,7.49894,0.0036835,0.00251189,0.00398107,0.348526,0.3,0.4,0.83553,0.8,0.9,2.75548e-05,21687,2173.08,781.935,0.01,0.95,10,10000,0.938,0.497,5,4,0.0914717,0,0.8
2933,10000,5.73661,5.62342,7.49894,0.00368308,0.00251189,0.00398107,0.341474,0.3,0.4,0.947075,0.9,1,2.75548e-05,26024.4,2299.77,938.322,0.01,0.95,10,10000,0.938,0.497,6,5,0.0818148,0,0.833333
2934,10000,5.74517,5.62342,7.49894,0.0036883,0.00251189,0.00398107,0.354909,0.3,0.4,1.24464,1,1.5,0.000137774,8674.79,683.909,312.774,0.01,0.95,10,10000,0.938,0.497,10,7,0.0691461,0,0.7
2935,10000,5.95729,5.62342,7.49894,0.00382428,0.00251189,0.00398107,0.489155,0.4,0.5,0.0713534,0,0.1,2.75548e-05,4337.39,793.497,156.387,0.01,0.95,10,10000,0.938,0.497,1,1,0.182943,0,1
2936,10000,5.80188,5.62342,7.49894,0.00380689,0.00251189,0.00398107,0.422463,0.4,0.5,0.16856,0.1,0.2,2.75548e-05,34699.1,4671.99,1251.1,0.01,0.95,10,10000,0.938,0.497,8,3,0.105622,0,0.375
2937,10000,5.90767,5.62342,7.49894,0.00394557,0.00251189,0.00398107,0.432741,0.4,0.5,0.224936,0.2,0.3,2.75548e-05,4337.39,-nan,156.387,0.01,0.95,10,10000,0.938,0.497,1,2,0.129361,0,2
2938,10000,5.71527,5.62342,7.49894,0.00375525,0.00251189,0.00398107,0.44014,0.4,0.5,0.34251,0.3,0.4,2.75548e-05,21687,1774.31,781.935,0.01,0.95,10,10000,0.938,0.497,5,5,0.0818148,0,1
2939,10000,5.83452,5.62342,7.49894,0.0036701,0.00251189,0.00398107,0.445634,0.4,0.5,0.432363,0.4,0.5,2.75548e-05,34699.1,3328.91,1251.1,0.01,0.95,10,10000,0.938,0.497,8,5,0.0818148,0,0.625
2940,10000,5.74146,5.62342,7.49894,0.00357976,0.00251189,0.00398107,0.443207,0.4,0.5,0.53179,0.5,0.6,2.75548e-05,4337.39,793.497,156.387,0.01,0.95,10,10000,0.938,0.497,1,1,0.182943,0,1
2941,10000,5.74558,5.62342,7.49894,0.00369276,0.00251189,0.00398107,0.44232,0.4,0.5,0.665129,0.6,0.7,2.75548e-05,30361.7,2099.4,1094.71,0.01,0.95,10,10000,0.938,0.497,7,7,0.0691461,0,1
2942,10000,5.8198,5.62342,7.49894,0.00375847,0.00251189,0.00398107,0.451723,0.4,0.5,0.753702,0.7,0.8,2.75548e-05,17349.6,1586.99,625.548,0.01,0.95,10,10000,0.938,0.497,4,4,0.0914717,0,1
2943,10000,5.79137,5.62342,7.49894,0.00379367,0.00251189,0.00398107,0.434411,0.4,0.5,0.913857,0.9,1,2.75548e-05,13012.2,1374.38,469.161,0.01,0.95,10,10000,0.938,0.497,3,3,0.105622,0,1
2944,10000,5.74182,5.62342,7.49894,0.00376029,0.00251189,0.00398107,0.464153,0.4,0.5,1.13619,1,1.5,0.000137774,6072.35,563.327,218.942,0.01,0.95,10,10000,0.938,0.497,7,5,0.0818148,0,0.714286
2945,10000,5.77704,5.62342,7.49894,0.0037447,0.00251189,0.00398107,0.585584,0.5,0.6,0.0976361,0,0.1,2.75548e-05,4337.39,793.497,156.387,0.01,0.95,10,10000,0.938,0.497,1,1,0.182943,0,1
2946,10000,5.83441,5.62342,7.49894,0.0036013,0.00251189,0.00398107,0.501179,0.5,0.6,0.201537,0.2,0.3,2.75548e-05,4337.39,793.497,156.387,0.01,0.95,10,10000,0.938,0.497,1,1,0.182943,0,1
2947,10000,5.74446,5.62342,7.49894,0.00377271,0.00251189,0.00398107,0.557298,0.5,0.6,0.360687,0.3,0.4,2.75548e-05,17349.6,2748.76,625.548,0.01,0.95,10,10000,0.938,0.497,4,2,0.129361,0,0.5
2948,10000,5.75099,5.62342,7.49894,0.00391165,0.00251189,0.00398107,0.566171,0.5,0.6,0.451972,0.4,0.5,2.75548e-05,13012.2,1374.38,469.161,0.01,0.95,10,10000,0.938,0.497,3,3,0.105622,0,1
2949,10000,5.63335,5.62342,7.49894,0.0034747,0.00251189,0.00398107,0.578275,0.5,0.6,0.549751,0.5,0.6,2.75548e-05,0,0,0,0.01,0.95,10,10000,0.938,0.497,0,1,0.182943,0,0
2950,10000,5.77377,5.62342,7.49894,0.00370028,0.00251189,0.00398107,0.508389,0.5,0.6,0.65308,0.6,0.7,2.75548e-05,13012.2,1943.66,469.161,0.01,0.95,10,10000,0.938,0.497,3,2,0.129361,0,0.666667
2951,10000,6.09267,5.62342,7.49894,0.00395052,0.00251189,0.00398107,0.52457,0.5,0.6,0.852924,0.8,0.9,2.75548e-05,4337.39,793.497,156.387,0.01,0.95,10,10000,0.938,0.497,1,1,0.182943,0,1
2952,10000,5.76068,5.62342,7.49894,0.00379338,0.00251189,0.00398107,0.518623,0.5,0.6,1.21385,1,1.5,0.000137774,2602.44,-nan,93.8322,0.01,0.95,10,10000,0.938,0.497,3,4,0.0914717,0,1.33333
2953,10000,5.79078,5.62342,7.49894,0.0036654,0.00251189,0.00398107,0.655507,0.6,0.7,0.154933,0.1,0.2,2.75548e-05,13012.2,1374.38,469.161,0.01,0.95,10,10000,0.938,0.497,3,3,0.105622,0,1
2954,10000,5.69785,5.62342,7.49894,0.00375407,0.00251189,0.00398107,0.647885,0.6,0.7,0.345433,0.3,0.4,2.75548e-05,13012.2,1943.66,469.161,0.01,0.95,10,10000,0.938,0.497,3,2,0.129361,0,0.666667
2955,10000,5.85437,5.62342,7.49894,0.00393109,0.00251189,0.00398107,0.626744,0.6,0.7,0.46122,0.4,0.5,2.75548e-05,4337.39,793.497,156.387,0.01,0.95,10,10000,0.938,0.497,1,1,0.182943,0,1
2956,10000,5.94527,5.62342,7.49894,0.00382438,0.00251189,0.00398107,0.611345,0.6,0.7,0.550718,0.5,0.6,2.75548e-05,4337.39,793.497,156.387,0.01,0.95,10,10000,0.938,0.497,1,1,0.182943,0,1
2957,10000,5.77065,5.62342,7.49894,0.00396461,0.00251189,0.00398107,0.667364,0.6,0.7,0.649143,0.6,0.7,2.75548e-05,4337.39,793.497,156.387,0.01,0.95,10,10000,0.938,0.497,1,1,0.182943,0,1
2958,10000,5.72233,5.62342,7.49894,0.00359314,0.00251189,0.00398107,0.60817,0.6,0.7,0.749435,0.7,0.8,2.75548e-05,4337.39,793.497,156.387,0.01,0.95,10,10000,0.938,0.497,1,1,0.182943,0,1
2959,10000,5.80378,5.62342,7.49894,0.00375519,0.00251189,0.00398107,0.626265,0.6,0.7,0.86063,0.8,0.9,2.75548e-05,13012.2,1374.38,469.161,0.01,0.95,10,10000,0.938,0.497,3,3,0.105622,0,1
2960,10000,5.87332,5.62342,7.49894,0.00382013,0.00251189,0.00398107,0.670415,0.6,0.7,1.08727,1,1.5,0.000137774,1734.96,224.435,62.5548,0.01,0.95,10,10000,0.938,0.497,2,2,0.129361,0,1
2961,10000,5.81471,5.62342,7.49894,0.00360651,0.00251189,0.00398107,0.737161,0.7,0.8,0.278385,0.2,0.3,2.75548e-05,8674.79,1122.17,312.774,0.01,0.95,10,10000,0.938,0.497,2,2,0.129361,0,1
2962,10000,5.66788,5.62342,7.49894,0.00356648,0.00251189,0.00398107,0.722361,0.7,0.8,0.80359,0.8,0.9,2.75548e-05,4337.39,793.497,156.387,0.01,0.95,10,10000,0.938,0.497,1,1,0.182943,0,1
2963,10000,5.85574,5.62342,7.49894,0.00371992,0.00251189,0.00398107,0.832038,0.8,0.9,0.534206,0.5,0.6,2.75548e-05,4337.39,-nan,156.387,0.01,0.95,10,10000,0.938,0.497,1,3,0.105622,0,3
2964,10000,5.81385,5.62342,7.49894,0.00377567,0.00251189,0.00398107,0.820086,0.8,0.9,0.827145,0.8,0.9,2.75548e-05,4337.39,793.497,156.387,0.01,0.95,10,10000,0.938,0.497,1,1,0.182943,0,1
2965,10000,6.2265,5.62342,7.49894,0.00530808,0.00398107,0.00630957,0.0819965,0.05,0.1,0.0674004,0,0.1,2.18358e-05,1.06731e+06,60141.9,38482.5,0.01,0.95,10,10000,0.938,0.497,195,20,0.0409074,0,0.102564
2966,10000,6.35065,5.62342,7.49894,0.00529586,0.00398107,0.00630957,0.0826175,0.05,0.1,0.164291,0.1,0.2,2.18358e-05,2.34809e+06,79246.4,84661.6,0.01,0.95,10,10000,0.938,0.497,429,55,0.0246681,0,0.128205
2967,10000,6.26372,5.62342,7.49894,0.00524432,0.00398107,0.00630957,0.0841046,0.05,0.1,0.252749,0.2,0.3,2.18358e-05,3.28404e+06,80907.4,118408,0.01,0.95,10,10000,0.938,0.497,600,101,0.0182035,0,0.168333
2968,10000,6.27875,5.62342,7.49894,0.00521224,0.00398107,0.00630957,0.0813802,0.05,0.1,0.354489,0.3,0.4,2.18358e-05,3.43182e+06,67765.3,123736,0.01,0.95,10,10000,0.938,0.497,627,151,0.0148877,0,0.240829
2969,10000,6.25607,5.62342,7.49894,0.00518037,0.00398107,0.00630957,0.078288,0.05,0.1,0.449872,0.4,0.5,2.18358e-05,3.05963e+06,47428.5,110317,0.01,0.95,10,10000,0.938,0.497,559,223,0.0122508,0,0.398927
2970,10000,6.27483,5.62342,7.49894,0.00518717,0.00398107,0.00630957,0.0759732,0.05,0.1,0.546817,0.5,0.6,2.18358e-05,2.4083e+06,37992.4,86832.4,0.01,0.95,10,10000,0.938,0.497,440,206,0.0127463,0,0.468182
2971,10000,6.34868,5.62342,7.49894,0.00516952,0.00398107,0.00630957,0.0752451,0.05,0.1,0.648616,0.6,0.7,2.18358e-05,1.8938e+06,27649.6,68281.9,0.01,0.95,10,10000,0.938,0.497,346,216,0.0124477,0,0.624277
2972,10000,6.26894,5.62342,7.49894,0.00517241,0.00398107,0.00630957,0.0744021,0.05,0.1,0.74579,0.7,0.8,2.18358e-05,1.56539e+06,22830.9,56441.1,0.01,0.95,10,10000,0.938,0.497,286,203,0.0128401,0,0.70979
2973,10000,6.27608,5.62342,7.49894,0.00523502,0.00398107,0.00630957,0.0730852,0.05,0.1,0.845578,0.8,0.9,2.18358e-05,1.12752e+06,18505.8,40653.4,0.01,0.95,10,10000,0.938,0.497,206,155,0.0146944,0,0.752427
2974,10000,6.27436,5.62342,7.49894,0.00520229,0.00398107,0.00630957,0.0732448,0.05,0.1,0.949761,0.9,1,2.18358e-05,684176,13374.2,24668.3,0.01,0.95,10,10000,0.938,0.497,125,103,0.0180259,0,0.824
2975,10000,6.28975,5.62342,7.49894,0.0052099,0.00398107,0.00630957,0.0740407,0.05,0.1,1.19148,1,1.5,0.000109179,317457,3987.88,11446.1,0.01,0.95,10,10000,0.938,0.497,290,245,0.0116878,0,0.844828
2976,10000,6.08719,5.62342,7.49894,0.00522619,0.00398107,0.00630957,0.119002,0.1,0.15,0.0612326,0,0.1,2.18358e-05,640388,20777.4,23089.5,0.01,0.95,10,10000,0.938,0.497,117,50,0.0258721,0,0.42735
2977,10000,6.15003,5.62342,7.49894,0.00530302,0.00398107,0.00630957,0.123411,0.1,0.15,0.159575,0.1,0.2,2.18358e-05,1.53255e+06,29300.2,55257,0.01,0.95,10,10000,0.938,0.497,280,138,0.0155732,0,0.492857
2978,10000,6.17082,5.62342,7.49894,0.00520432,0.00398107,0.00630957,0.124921,0.1,0.15,0.251781,0.2,0.3,2.18358e-05,2.15105e+06,33864.9,77557.1,0.01,0.95,10,10000,0.938,0.497,393,201,0.0129038,0,0.51145
2979,10000,6.24484,5.62342,7.49894,0.00526047,0.00398107,0.00630957,0.122936,0.1,0.15,0.349364,0.3,0.4,2.18358e-05,1.98685e+06,29122.7,71636.7,0.01,0.95,10,10000,0.938,0.497,363,218,0.0123905,0,0.600551
2980,10000,6.26929,5.62342,7.49894,0.00535243,0.00398107,0.00630957,0.121838,0.1,0.15,0.449529,0.4,0.5,2.18358e-05,1.69128e+06,27137.7,60980,0.01,0.95,10,10000,0.938,0.497,309,183,0.0135236,0,0.592233
2981,10000,6.18646,5.62342,7.49894,0.00514924,0.00398107,0.00630957,0.12208,0.1,0.15,0.550721,0.5,0.6,2.18358e-05,1.49971e+06,23797.8,54072.9,0.01,0.95,10,10000,0.938,0.497,274,179,0.0136738,0,0.653285
2982,10000,6.22566,5.62342,7.49894,0.00519246,0.00398107,0.00630957,0.12174,0.1,0.15,0.646108,0.6,0.7,2.18358e-05,1.30267e+06,18952.6,46968.4,0.01,0.95,10,10000,0.938,0.497,238,190,0.0132721,0,0.798319
2983,10000,6.24791,5.62342,7.49894,0.00512877,0.00398107,0.00630957,0.12109,0.1,0.15,0.746828,0.7,0.8,2.18358e-05,853851,16482.3,30786,0.01,0.95,10,10000,0.938,0.497,156,114,0.0171342,0,0.730769
2984,10000,6.25906,5.62342,7.49894,0.00520735,0.00398107,0.00630957,0.12431,0.1,0.15,0.850975,0.8,0.9,2.18358e-05,777223,14464.8,28023.2,0.01,0.95,10,10000,0.938,0.497,142,115,0.0170596,0,0.809859
2985,10000,6.24179,5.62342,7.49894,0.00530956,0.00398107,0.00630957,0.12176,0.1,0.15,0.9504,0.9,1,2.18358e-05,503553,11578.5,18155.9,0.01,0.95,10,10000,0.938,0.497,92,75,0.0211245,0,0.815217
2986,10000,6.21403,5.62342,7.49894,0.00527347,0.00398107,0.00630957,0.121946,0.1,0.15,1.18957,1,1.5,0.000109179,256155,3425.05,9235.81,0.01,0.95,10,10000,0.938,0.497,234,208,0.0126848,0,0.888889
2987,10000,6.0909,5.62342,7.49894,0.00541401,0.00398107,0.00630957,0.172559,0.15,0.2,0.0588002,0,0.1,2.18358e-05,372191,15196.5,13419.6,0.01,0.95,10,10000,0.938,0.497,68,31,0.0328576,0,0.455882
2988,10000,6.16095,5.62342,7.49894,0.00542119,0.00398107,0.00630957,0.172967,0.15,0.2,0.148713,0.1,0.2,2.18358e-05,974266,23491,35127.7,0.01,0.95,10,10000,0.938,0.497,178,87,0.0196136,0,0.488764
2989,10000,6.13444,5.62342,7.49894,0.00533292,0.00398107,0.00630957,0.173384,0.15,0.2,0.250933,0.2,0.3,2.18358e-05,1.19868e+06,23848.4,43218.9,0.01,0.95,10,10000,0.938,0.497,219,122,0.0165629,0,0.557078
2990,10000,6.19409,5.62342,7.49894,0.00536967,0.00398107,0.00630957,0.1713,0.15,0.2,0.348811,0.3,0.4,2.18358e-05,1.50519e+06,26627.3,54270.3,0.01,0.95,10,10000,0.938,0.497,275,154,0.014742,0,0.56
2991,10000,6.20762,5.62342,7.49894,0.00532984,0.00398107,0.00630957,0.17378,0.15,0.2,0.448417,0.4,0.5,2.18358e-05,1.32456e+06,25174.7,47757.8,0.01,0.95,10,10000,0.938,0.497,242,134,0.0158039,0,0.553719
2992,10000,6.2312,5.62342,7.49894,0.00520402,0.00398107,0.00630957,0.175482,0.15,0.2,0.546905,0.5,0.6,2.18358e-05,1.1111e+06,22155.9,40061.3,0.01,0.95,10,10000,0.938,0.497,203,119,0.0167704,0,0.586207
2993,10000,6.25884,5.62342,7.49894,0.00530617,0.00398107,0.00630957,0.173764,0.15,0.2,0.648809,0.6,0.7,2.18358e-05,881218,19937.2,31772.8,0.01,0.95,10,10000,0.938,0.497,161,93,0.0189703,0,0.57764
2994,10000,6.22276,5.62342,7.49894,0.00530651,0.00398107,0.00630957,0.171249,0.15,0.2,0.7484,0.7,0.8,2.18358e-05,738910,16182.9,26641.8,0.01,0.95,10,10000,0.938,0.497,135,92,0.0190732,0,0.681481
2995,10000,6.29947,5.62342,7.49894,0.00515055,0.00398107,0.00630957,0.17212,0.15,0.2,0.841225,0.8,0.9,2.18358e-05,580181,14375.6,20918.7,0.01,0.95,10,10000,0.938,0.497,106,72,0.0215601,0,0.679245
2996,10000,6.24564,5.62342,7.49894,0.00519709,0.00398107,0.00630957,0.169827,0.15,0.2,0.949292,0.9,1,2.18358e-05,405032,10579.4,14603.6,0.01,0.95,10,10000,0.938,0.497,74,59,0.0238172,0,0.797297
2997,10000,6.1888,5.62342,7.49894,0.00515043,0.00398107,0.00630957,0.17336,0.15,0.2,1.19123,1,1.5,0.000109179,177338,3035.19,6394.02,0.01,0.95,10,10000,0.938,0.497,162,134,0.0158039,0,0.82716
2998,10000,6.31529,5.62342,7.49894,0.00549005,0.00398107,0.00630957,0.222758,0.2,0.25,0.0669133,0,0.1,2.18358e-05,197043,9362.7,7104.47,0.01,0.95,10,10000,0.938,0.497,36,21,0.0399215,0,0.583333
2999,10000,6.13237,5.62342,7.49894,0.00530704,0.00398107,0.00630957,0.22591,0.2,0.25,0.14663,0.1,0.2,2.18358e-05,530920,15677.8,19142.6,0.01,0.95,10,10000,0.938,0.497,97,55,0.0246681,0,0.56701
3000,10000,6.16937,5.62342,7.49894,0.00526441,0.00398107,0.00630957,0.225687,0.2,0.25,0.250882,0.2,0.3,2.18358e-05,804590,17301.4,29009.9,0.01,0.95,10,10000,0.938,0.497,147,97,0.0185751,0,0.659864
3001,10000,6.16938,5.62342,7.49894,0.00526631,0.00398107,0.00630957,0.223291,0.2,0.25,0.349286,0.3,0.4,2.18358e-05,930479,19397.9,33548.9,0.01,0.95,10,10000,0.938,0.497,170,106,0.017769,0,0.623529
3002,10000,6.19986,5.62342,7.49894,0.00534405,0.00398107,0.00630957,0.223329,0.2,0.25,0.447206,0.4,0.5,2.18358e-05,766277,19587.8,27628.5,0.01,0.95,10,10000,0.938,0.497,140,75,0.0211245,0,0.535714
3003,10000,6.23496,5.62342,7.49894,0.00525262,0.00398107,0.00630957,0.222343,0.2,0.25,0.542662,0.5,0.6,2.18358e-05,656808,15807.9,23681.6,0.01,0.95,10,10000,0.938,0.497,120,78,0.0207143,0,0.65
3004,10000,6.24053,5.62342,7.49894,0.00517355,0.00398107,0.00630957,0.222014,0.2,0.25,0.642849,0.6,0.7,2.18358e-05,569234,13598.3,20524,0.01,0.95,10,10000,0.938,0.497,104,75,0.0211245,0,0.721154
3005,10000,6.15593,5.62342,7.49894,0.00518036,0.00398107,0.00630957,0.228985,0.2,0.25,0.746971,0.7,0.8,2.18358e-05,487133,13587.7,17563.8,0.01,0.95,10,10000,0.938,0.497,89,58,0.0240216,0,0.651685
3006,10000,6.22624,5.62342,7.49894,0.00511313,0.00398107,0.00630957,0.221876,0.2,0.25,0.844869,0.8,0.9,2.18358e-05,405032,10883.6,14603.6,0.01,0.95,10,10000,0.938,0.497,74,57,0.0242314,0,0.77027
3007,10000,6.22519,5.62342,7.49894,0.00519865,0.00398107,0.00630957,0.22717,0.2,0.25,0.944625,0.9,1,2.18358e-05,240830,8574.82,8683.24,0.01,0.95,10,10000,0.938,0.497,44,33,0.0318464,0,0.75
3008,10000,6.17358,5.62342,7.49894,0.00518095,0.00398107,0.00630957,0.220787,0.2,0.25,1.23513,1,1.5,0.000109179,120415,2698.5,4341.62,0.01,0.95,10,10000,0.938,0.497,110,83,0.0200806,0,0.754545
3009,10000,6.28003,5.62342,7.49894,0.00541633,0.00398107,0.00630957,0.269568,0.25,0.3,0.0695661,0,0.1,2.18358e-05,103995,5118.02,3749.58,0.01,0.95,10,10000,0.938,0.497,19,16,0.0457358,0,0.842105
3010,10000,6.16689,5.62342,7.49894,0.00522125,0.00398107,0.00630957,0.274517,0.25,0.3,0.15536,0.1,0.2,2.18358e-05,377665,9624.68,13616.9,0.01,0.95,10,10000,0.938,0.497,69,59,0.0238172,0,0.855072
3011,10000,6.24978,5.62342,7.49894,0.00525485,0.00398107,0.00630957,0.272256,0.25,0.3,0.247987,0.2,0.3,2.18358e-05,415979,10375.4,14998.3,0.01,0.95,10,10000,0.938,0.497,76,63,0.0230487,0,0.828947
3012,10000,6.16723,5.62342,7.49894,0.00526297,0.00398107,0.00630957,0.273778,0.25,0.3,0.351185,0.3,0.4,2.18358e-05,492606,11239.8,17761.2,0.01,0.95,10,10000,0.938,0.497,90,75,0.0211245,0,0.833333
3013,10000,6.2137,5.62342,7.49894,0.00529542,0.00398107,0.00630957,0.274064,0.25,0.3,0.447784,0.4,0.5,2.18358e-05,530920,12558.4,19142.6,0.01,0.95,10,10000,0.938,0.497,97,74,0.0212667,0,0.762887
3014,10000,6.30093,5.62342,7.49894,0.00511578,0.00398107,0.00630957,0.27361,0.25,0.3,0.552605,0.5,0.6,2.18358e-05,388612,9722.57,14011.6,0.01,0.95,10,10000,0.938,0.497,71,61,0.0234235,0,0.859155
3015,10000,6.31205,5.62342,7.49894,0.00526899,0.00398107,0.00630957,0.274184,0.25,0.3,0.649354,0.6,0.7,2.18358e-05,454293,12615.1,16379.8,0.01,0.95,10,10000,0.938,0.497,83,57,0.0242314,0,0.686747
3016,10000,6.29304,5.62342,7.49894,0.00527004,0.00398107,0.00630957,0.275132,0.25,0.3,0.740366,0.7,0.8,2.18358e-05,339351,11016.7,12235.5,0.01,0.95,10,10000,0.938,0.497,62,42,0.0282288,0,0.677419
3017,10000,6.27675,5.62342,7.49894,0.00518011,0.00398107,0.00630957,0.273798,0.25,0.3,0.857779,0.8,0.9,2.18358e-05,290090,9751.58,10459.4,0.01,0.95,10,10000,0.938,0.497,53,38,0.0296773,0,0.716981
3018,10000,6.2158,5.62342,7.49894,0.00541241,0.00398107,0.00630957,0.272342,0.25,0.3,0.933667,0.9,1,2.18358e-05,153255,6346.68,5525.7,0.01,0.95,10,10000,0.938,0.497,28,23,0.0381463,0,0.821429
3019,10000,6.26135,5.62342,7.49894,0.00525371,0.00398107,0.00630957,0.274332,0.25,0.3,1.1965,1,1.5,0.000109179,108373,2786.25,3907.46,0.01,0.95,10,10000,0.938,0.497,99,67,0.0223501,0,0.676768
3020,10000,6.23261,5.62342,7.49894,0.0052209,0.00398107,0.00630957,0.343496,0.3,0.4,0.0577546,0,0.1,4.36716e-05,60207.4,2959.46,2170.81,0.01,0.95,10,10000,0.938,0.497,22,17,0.0443703,0,0.772727
3021,10000,6.15134,5.62342,7.49894,0.00515057,0.00398107,0.00630957,0.347036,0.3,0.4,0.156602,0.1,0.2,4.36716e-05,164202,4749.69,5920.39,0.01,0.95,10,10000,0.938,0.497,60,48,0.0264056,0,0.8
3022,10000,6.32203,5.62342,7.49894,0.00520742,0.00398107,0.00630957,0.338803,0.3,0.4,0.253291,0.2,0.3,4.36716e-05,268197,5490.7,9669.97,0.01,0.95,10,10000,0.938,0.497,98,88,0.0195018,0,0.897959
3023,10000,6.21869,5.62342,7.49894,0.00526927,0.00398107,0.00630957,0.341993,0.3,0.4,0.35289,0.3,0.4,4.36716e-05,268197,6161.49,9669.97,0.01,0.95,10,10000,0.938,0.497,98,77,0.0208483,0,0.785714
3024,10000,6.28114,5.62342,7.49894,0.0051005,0.00398107,0.00630957,0.337519,0.3,0.4,0.449449,0.4,0.5,4.36716e-05,254513,6007.08,9176.61,0.01,0.95,10,10000,0.938,0.497,93,73,0.0214119,0,0.784946
3025,10000,6.28529,5.62342,7.49894,0.00521163,0.00398107,0.00630957,0.34689,0.3,0.4,0.552042,0.5,0.6,4.36716e-05,265460,6013.29,9571.3,0.01,0.95,10,10000,0.938,0.497,97,78,0.0207143,0,0.804124
3026,10000,6.24661,5.62342,7.49894,0.00526612,0.00398107,0.00630957,0.346766,0.3,0.4,0.650784,0.6,0.7,4.36716e-05,287354,5981.86,10360.7,0.01,0.95,10,10000,0.938,0.497,105,89,0.019392,0,0.847619
3027,10000,6.15171,5.62342,7.49894,0.00502357,0.00398107,0.00630957,0.343302,0.3,0.4,0.758161,0.7,0.8,4.36716e-05,169676,5508.36,6117.74,0.01,0.95,10,10000,0.938,0.497,62,42,0.0282288,0,0.677419
3028,10000,6.21206,5.62342,7.49894,0.00531604,0.00398107,0.00630957,0.354395,0.3,0.4,0.846367,0.8,0.9,4.36716e-05,191569,4766.96,6907.12,0.01,0.95,10,10000,0.938,0.497,70,61,0.0234235,0,0.871429
3029,10000,6.14672,5.62342,7.49894,0.0051539,0.00398107,0.00630957,0.343733,0.3,0.4,0.949364,0.9,1,4.36716e-05,93047.9,3597.44,3354.89,0.01,0.95,10,10000,0.938,0.497,34,27,0.0352075,0,0.794118
3030,10000,6.32382,5.62342,7.49894,0.00522197,0.00398107,0.00630957,0.348089,0.3,0.4,1.21352,1,1.5,0.000218358,71154.3,1302.16,2565.5,0.01,0.95,10,10000,0.938,0.497,130,113,0.0172099,0,0.869231
3031,10000,6.19417,5.62342,7.49894,0.00538646,0.00398107,0.00630957,0.4477,0.4,0.5,0.0691131,0,0.1,4.36716e-05,38313.8,1873.3,1381.42,0.01,0.95,10,10000,0.938,0.497,14,14,0.0488937,0,1
3032,10000,6.12682,5.62342,7.49894,0.00522363,0.00398107,0.00630957,0.440445,0.4,0.5,0.150538,0.1,0.2,4.36716e-05,60207.4,2822.32,2170.81,0.01,0.95,10,10000,0.938,0.497,22,18,0.0431202,0,0.818182
3033,10000,6.40863,5.62342,7.49894,0.00543473,0.00398107,0.00630957,0.446619,0.4,0.5,0.25207,0.2,0.3,4.36716e-05,103995,3718.45,3749.58,0.01,0.95,10,10000,0.938,0.497,38,31,0.0328576,0,0.815789
3034,10000,6.19737,5.62342,7.49894,0.005276,0.00398107,0.00630957,0.451165,0.4,0.5,0.347656,0.3,0.4,4.36716e-05,142309,4566.74,5131.01,0.01,0.95,10,10000,0.938,0.497,52,40,0.0289259,0,0.769231
3035,10000,6.30089,5.62342,7.49894,0.00521558,0.00398107,0.00630957,0.44529,0.4,0.5,0.457765,0.4,0.5,4.36716e-05,155992,4513.05,5624.37,0.01,0.95,10,10000,0.938,0.497,57,47,0.026685,0,0.824561
3036,10000,6.08918,5.62342,7.49894,0.0050094,0.00398107,0.00630957,0.445018,0.4,0.5,0.543242,0.5,0.6,4.36716e-05,125888,4047.89,4538.97,0.01,0.95,10,10000,0.938,0.497,46,38,0.0296773,0,0.826087
3037,10000,6.07311,5.62342,7.49894,0.00516136,0.00398107,0.00630957,0.462096,0.4,0.5,0.651912,0.6,0.7,4.36716e-05,76627.7,3173.34,2762.85,0.01,0.95,10,10000,0.938,0.497,28,23,0.0381463,0,0.821429
3038,10000,6.27045,5.62342,7.49894,0.00524399,0.00398107,0.00630957,0.444685,0.4,0.5,0.739066,0.7,0.8,4.36716e-05,90311.2,3567.34,3256.22,0.01,0.95,10,10000,0.938,0.497,33,26,0.0358782,0,0.787879
3039,10000,6.16342,5.62342,7.49894,0.00517992,0.00398107,0.00630957,0.450213,0.4,0.5,0.839014,0.8,0.9,4.36716e-05,82101.1,3358.54,2960.2,0.01,0.95,10,10000,0.938,0.497,30,24,0.0373432,0,0.8
3040,10000,6.05466,5.62342,7.49894,0.00523355,0.00398107,0.00630957,0.438638,0.4,0.5,0.94838,0.9,1,4.36716e-05,106731,3748.7,3848.25,0.01,0.95,10,10000,0.938,0.497,39,32,0.0323401,0,0.820513
3041,10000,6.23463,5.62342,7.49894,0.00524437,0.00398107,0.00630957,0.442728,0.4,0.5,1.1883,1,1.5,0.000218358,38313.8,996.13,1381.42,0.01,0.95,10,10000,0.938,0.497,70,58,0.0240216,0,0.828571
3042,10000,5.80441,5.62342,7.49894,0.00472505,0.00398107,0.00630957,0.519259,0.5,0.6,0.041911,0,0.1,4.36716e-05,8210.11,1226.37,296.02,0.01,0.95,10,10000,0.938,0.497,3,2,0.129361,0,0.666667
3043,10000,6.17954,5.62342,7.49894,0.00542024,0.00398107,0.00630957,0.546836,0.5,0.6,0.155,0.1,0.2,4.36716e-05,24630.3,1882.84,888.059,0.01,0.95,10,10000,0.938,0.497,9,7,0.0691461,0,0.777778
3044,10000,6.25323,5.62342,7.49894,0.00534332,0.00398107,0.00630957,0.531757,0.5,0.6,0.26188,0.2,0.3,4.36716e-05,49260.6,-nan,1776.12,0.01,0.95,10,10000,0.938,0.497,18,19,0.0419701,0,1.05556
3045,10000,6.10235,5.62342,7.49894,0.00502958,0.00398107,0.00630957,0.539383,0.5,0.6,0.350462,0.3,0.4,4.36716e-05,76627.7,3696.98,2762.85,0.01,0.95,10,10000,0.938,0.497,28,19,0.0419701,0,0.678571
3046,10000,6.25904,5.62342,7.49894,0.00498083,0.00398107,0.00630957,0.544358,0.5,0.6,0.431815,0.4,0.5,4.36716e-05,43787.2,2421.08,1578.77,0.01,0.95,10,10000,0.938,0.497,16,13,0.0507394,0,0.8125
3047,10000,6.08734,5.62342,7.49894,0.00523468,0.00398107,0.00630957,0.558369,0.5,0.6,0.552579,0.5,0.6,4.36716e-05,46523.9,2189.5,1677.44,0.01,0.95,10,10000,0.938,0.497,17,16,0.0457358,0,0.941176
3048,10000,6.0838,5.62342,7.49894,0.0050096,0.00398107,0.00630957,0.531224,0.5,0.6,0.653826,0.6,0.7,4.36716e-05,62944.1,2737.66,2269.48,0.01,0.95,10,10000,0.938,0.497,23,20,0.0409074,0,0.869565
3049,10000,6.18957,5.62342,7.49894,0.00527676,0.00398107,0.00630957,0.546351,0.5,0.6,0.758908,0.7,0.8,4.36716e-05,32840.4,2239.03,1184.08,0.01,0.95,10,10000,0.938,0.497,12,9,0.0609811,0,0.75
3050,10000,6.34583,5.62342,7.49894,0.00554489,0.00398107,0.00630957,0.535722,0.5,0.6,0.844298,0.8,0.9,4.36716e-05,49260.6,2513.3,1776.12,0.01,0.95,10,10000,0.938,0.497,18,15,0.0472358,0,0.833333
3051,10000,6.20239,5.62342,7.49894,0.00496549,0.00398107,0.00630957,0.532561,0.5,0.6,0.955225,0.9,1,4.36716e-05,32840.4,1885.43,1184.08,0.01,0.95,10,10000,0.938,0.497,12,11,0.0551595,0,0.916667
3052,10000,6.24422,5.62342,7.49894,0.0052005,0.00398107,0.00630957,0.544557,0.5,0.6,1.22919,1,1.5,0.000218358,18062.2,630.118,651.243,0.01,0.95,10,10000,0.938,0.497,33,30,0.0334007,0,0.909091
3053,10000,6.34898,5.62342,7.49894,0.00496712,0.00398107,0.00630957,0.628915,0.6,0.7,0.0726435,0,0.1,4.36716e-05,5473.4,708.042,197.346,0.01,0.95,10,10000,0.938,0.497,2,2,0.129361,0,1
3054,10000,6.1195,5.62342,7.49894,0.00520089,0.00398107,0.00630957,0.626396,0.6,0.7,0.152403,0.1,0.2,4.36716e-05,10946.8,-nan,394.693,0.01,0.95,10,10000,0.938,0.497,4,5,0.0818148,0,1.25
3055,10000,5.8959,5.62342,7.49894,0.0049453,0.00398107,0.00630957,0.6402,0.6,0.7,0.246868,0.2,0.3,4.36716e-05,16420.2,1734.34,592.039,0.01,0.95,10,10000,0.938,0.497,6,4,0.0914717,0,0.666667
3056,10000,6.34825,5.62342,7.49894,0.00533323,0.00398107,0.00630957,0.63469,0.6,0.7,0.347283,0.3,0.4,4.36716e-05,30103.7,2196.64,1085.41,0.01,0.95,10,10000,0.938,0.497,11,8,0.0646803,0,0.727273
3057,10000,6.00607,5.62342,7.49894,0.00532322,0.00398107,0.00630957,0.64834,0.6,0.7,0.455769,0.4,0.5,4.36716e-05,27367,1939.05,986.732,0.01,0.95,10,10000,0.938,0.497,10,8,0.0646803,0,0.8
3058,10000,6.30808,5.62342,7.49894,0.00551116,0.00398107,0.00630957,0.616661,0.6,0.7,0.561731,0.5,0.6,4.36716e-05,16420.2,1451.06,592.039,0.01,0.95,10,10000,0.938,0.497,6,5,0.0818148,0,0.833333
3059,10000,5.86966,5.62342,7.49894,0.00473737,0.00398107,0.00630957,0.651586,0.6,0.7,0.646897,0.6,0.7,4.36716e-05,8210.11,-nan,296.02,0.01,0.95,10,10000,0.938,0.497,3,4,0.0914717,0,1.33333
3060,10000,6.16768,5.62342,7.49894,0.00511528,0.00398107,0.00630957,0.661759,0.6,0.7,0.773087,0.7,0.8,4.36716e-05,30103.7,2196.64,1085.41,0.01,0.95,10,10000,0.938,0.497,11,8,0.0646803,0,0.727273
3061,10000,6.04434,5.62342,7.49894,0.00510083,0.00398107,0.00630957,0.634857,0.6,0.7,0.846125,0.8,0.9,4.36716e-05,16420.2,1734.34,592.039,0.01,0.95,10,10000,0.938,0.497,6,4,0.0914717,0,0.666667
3062,10000,6.25056,5.62342,7.49894,0.00511323,0.00398107,0.00630957,0.631628,0.6,0.7,0.950086,0.9,1,4.36716e-05,21893.6,1605.69,789.386,0.01,0.95,10,10000,0.938,0.497,8,7,0.0691461,0,0.875
3063,10000,6.47907,5.62342,7.49894,0.00508827,0.00398107,0.00630957,0.644604,0.6,0.7,1.20161,1,1.5,0.000218358,9852.13,600.794,355.224,0.01,0.95,10,10000,0.938,0.497,18,12,0.0528112,0,0.666667
3064,10000,6.08537,5.62342,7.49894,0.00567361,0.00398107,0.00630957,0.726479,0.7,0.8,0.13227,0.1,0.2,4.36716e-05,8210.11,867.171,296.02,0.01,0.95,10,10000,0.938,0.497,3,3,0.105622,0,1
3065,10000,6.23112,5.62342,7.49894,0.0050256,0.00398107,0.00630957,0.783376,0.7,0.8,0.267947,0.2,0.3,4.36716e-05,8210.11,867.171,296.02,0.01,0.95,10,10000,0.938,0.497,3,3,0.105622,0,1
3066,10000,6.28038,5.62342,7.49894,0.00530206,0.00398107,0.00630957,0.746309,0.7,0.8,0.352794,0.3,0.4,4.36716e-05,21893.6,1828.16,789.386,0.01,0.95,10,10000,0.938,0.497,8,6,0.0746863,0,0.75
3067,10000,6.02599,5.62342,7.49894,0.00473859,0.00398107,0.00630957,0.785833,0.7,0.8,0.463053,0.4,0.5,4.36716e-05,8210.11,867.171,296.02,0.01,0.95,10,10000,0.938,0.497,3,3,0.105622,0,1
3068,10000,6.52896,5.62342,7.49894,0.00559191,0.00398107,0.00630957,0.753436,0.7,0.8,0.558617,0.5,0.6,4.36716e-05,16420.2,1226.37,592.039,0.01,0.95,10,10000,0.938,0.497,6,6,0.0746863,0,1
3069,10000,6.78936,5.62342,7.49894,0.00582747,0.00398107,0.00630957,0.759442,0.7,0.8,0.632597,0.6,0.7,4.36716e-05,16420.2,2124.13,592.039,0.01,0.95,10,10000,0.938,0.497,6,3,0.105622,0,0.5
3070,10000,6.49046,5.62342,7.49894,0.00511833,0.00398107,0.00630957,0.751833,0.7,0.8,0.746852,0.7,0.8,4.36716e-05,8210.11,867.171,296.02,0.01,0.95,10,10000,0.938,0.497,3,3,0.105622,0,1
3071,10000,6.76237,5.62342,7.49894,0.00502829,0.00398107,0.00630957,0.725288,0.7,0.8,0.875097,0.8,0.9,4.36716e-05,5473.4,708.042,197.346,0.01,0.95,10,10000,0.938,0.497,2,2,0.129361,0,1
3072,10000,6.16458,5.62342,7.49894,0.00490521,0.00398107,0.00630957,0.747202,0.7,0.8,0.960502,0.9,1,4.36716e-05,8210.11,1226.37,296.02,0.01,0.95,10,10000,0.938,0.497,3,2,0.129361,0,0.666667
3073,10000,6.55679,5.62342,7.49894,0.00561051,0.00398107,0.00630957,0.745627,0.7,0.8,1.21675,1,1.5,0.000218358,4378.72,420.079,157.877,0.01,0.95,10,10000,0.938,0.497,8,5,0.0818148,0,0.625
3074,10000,7.3542,5.62342,7.49894,0.00577048,0.00398107,0.00630957,0.804732,0.8,0.9,0.129363,0.1,0.2,4.36716e-05,5473.4,1226.37,197.346,0.01,0.95,10,10000,0.938,0.497,2,1,0.182943,0,0.5
3075,10000,6.23724,5.62342,7.49894,0.00411075,0.00398107,0.00630957,0.862505,0.8,0.9,0.32369,0.3,0.4,4.36716e-05,2736.7,500.662,98.6732,0.01,0.95,10,10000,0.938,0.497,1,1,0.182943,0,1
3076,10000,6.28376,5.62342,7.49894,0.00511067,0.00398107,0.00630957,0.834329,0.8,0.9,0.455255,0.4,0.5,4.36716e-05,10946.8,1292.7,394.693,0.01,0.95,10,10000,0.938,0.497,4,3,0.105622,0,0.75
3077,10000,5.82777,5.62342,7.49894,0.00488378,0.00398107,0.00630957,0.839377,0.8,0.9,0.524515,0.5,0.6,4.36716e-05,8210.11,1939.05,296.02,0.01,0.95,10,10000,0.938,0.497,3,1,0.182943,0,0.333333
3078,10000,6.74715,5.62342,7.49894,0.00504501,0.00398107,0.00630957,0.837592,0.8,0.9,0.711991,0.7,0.8,4.36716e-05,2736.7,500.662,98.6732,0.01,0.95,10,10000,0.938,0.497,1,1,0.182943,0,1
3079,10000,6.14431,5.62342,7.49894,0.00443776,0.00398107,0.00630957,0.812297,0.8,0.9,0.887705,0.8,0.9,4.36716e-05,0,0,0,0.01,0.95,10,10000,0.938,0.497,0,1,0.182943,0,0
3080,10000,5.92537,5.62342,7.49894,0.00458815,0.00398107,0.00630957,0.840677,0.8,0.9,1.383,1,1.5,0.000218358,2736.7,447.805,98.6732,0.01,0.95,10,10000,0.938,0.497,5,2,0.129361,0,0.4
3081,10000,6.44661,5.62342,7.49894,0.00614885,0.00398107,0.00630957,0.986524,0.9,1,0.0529328,0,0.1,4.36716e-05,2736.7,500.662,98.6732,0.01,0.95,10,10000,0.938,0.497,1,1,0.182943,0,1
3082,10000,6.8637,5.62342,7.49894,0.00618761,0.00398107,0.00630957,0.969092,0.9,1,0.373423,0.3,0.4,4.36716e-05,2736.7,500.662,98.6732,0.01,0.95,10,10000,0.938,0.497,1,1,0.182943,0,1
3083,10000,5.78576,5.62342,7.49894,0.00560686,0.00398107,0.00630957,0.904276,0.9,1,0.908882,0.9,1,4.36716e-05,2736.7,500.662,98.6732,0.01,0.95,10,10000,0.938,0.497,1,1,0.182943,0,1
3084,10000,6.41691,5.62342,7.49894,0.00793804,0.00630957,0.01,0.0700306,0.05,0.1,0.073979,0,0.1,3.46075e-05,749405,37643.9,27020.2,0.01,0.95,10,10000,0.938,0.497,217,25,0.0365887,0,0.115207
3085,10000,6.42345,5.62342,7.49894,0.00814152,0.00630957,0.01,0.0772315,0.05,0.1,0.151853,0.1,0.2,3.46075e-05,2.16878e+06,60301.7,78196.6,0.01,0.95,10,10000,0.938,0.497,628,81,0.020327,0,0.128981
3086,10000,6.32128,5.62342,7.49894,0.00822251,0.00630957,0.01,0.0776656,0.05,0.1,0.257427,0.2,0.3,3.46075e-05,2.51759e+06,58571.2,90772.9,0.01,0.95,10,10000,0.938,0.497,729,114,0.0171342,0,0.156379
3087,10000,6.44392,5.62342,7.49894,0.00810406,0.00630957,0.01,0.0763384,0.05,0.1,0.351075,0.3,0.4,3.46075e-05,2.54521e+06,42795.1,91769,0.01,0.95,10,10000,0.938,0.497,737,204,0.0128086,0,0.276798
3088,10000,6.35696,5.62342,7.49894,0.00787601,0.00630957,0.01,0.0729702,0.05,0.1,0.451109,0.4,0.5,3.46075e-05,2.4796e+06,35423.2,89403.2,0.01,0.95,10,10000,0.938,0.497,718,267,0.011196,0,0.371866
3089,10000,6.39393,5.62342,7.49894,0.00802743,0.00630957,0.01,0.0743897,0.05,0.1,0.5508,0.5,0.6,3.46075e-05,2.02029e+06,27567.5,72842.4,0.01,0.95,10,10000,0.938,0.497,585,275,0.0110319,0,0.470085
3090,10000,6.39482,5.62342,7.49894,0.00799419,0.00630957,0.01,0.0738971,0.05,0.1,0.648667,0.6,0.7,3.46075e-05,1.55407e+06,22416.2,56032.6,0.01,0.95,10,10000,0.938,0.497,450,237,0.0118835,0,0.526667
3091,10000,6.41017,5.62342,7.49894,0.00802265,0.00630957,0.01,0.0730465,0.05,0.1,0.747506,0.7,0.8,3.46075e-05,1.27779e+06,17704.5,46071.3,0.01,0.95,10,10000,0.938,0.497,370,237,0.0118835,0,0.640541
3092,10000,6.4525,5.62342,7.49894,0.00812235,0.00630957,0.01,0.073163,0.05,0.1,0.849718,0.8,0.9,3.46075e-05,846102,12479.8,30506.7,0.01,0.95,10,10000,0.938,0.497,245,189,0.0133072,0,0.771429
3093,10000,6.44074,5.62342,7.49894,0.00794972,0.00630957,0.01,0.0726433,0.05,0.1,0.949739,0.9,1,3.46075e-05,597452,10580.8,21541.4,0.01,0.95,10,10000,0.938,0.497,173,132,0.0159232,0,0.763006
3094,10000,6.49491,5.62342,7.49894,0.00800489,0.00630957,0.01,0.0754248,0.05,0.1,1.18327,1,1.5,0.000173037,279041,2964.65,10061,0.01,0.95,10,10000,0.938,0.497,404,342,0.00989245,0,0.846535
3095,10000,6.58109,5.62342,7.49894,0.00800759,0.00630957,0.01,0.126442,0.1,0.15,0.0640629,0,0.1,3.46075e-05,397150,10457.4,14319.4,0.01,0.95,10,10000,0.938,0.497,115,68,0.0221851,0,0.591304
3096,10000,6.49786,5.62342,7.49894,0.00800297,0.00630957,0.01,0.127769,0.1,0.15,0.153831,0.1,0.2,3.46075e-05,1.23635e+06,18370,44577.1,0.01,0.95,10,10000,0.938,0.497,358,213,0.0125351,0,0.594972
3097,10000,6.44368,5.62342,7.49894,0.00803977,0.00630957,0.01,0.125751,0.1,0.15,0.249866,0.2,0.3,3.46075e-05,1.64731e+06,21849.4,59394.6,0.01,0.95,10,10000,0.938,0.497,477,272,0.0110926,0,0.570231
3098,10000,6.43504,5.62342,7.49894,0.00806369,0.00630957,0.01,0.124935,0.1,0.15,0.349936,0.3,0.4,3.46075e-05,1.61623e+06,21299.6,58273.9,0.01,0.95,10,10000,0.938,0.497,468,273,0.0110722,0,0.583333
3099,10000,6.46267,5.62342,7.49894,0.00799923,0.00630957,0.01,0.124257,0.1,0.15,0.449411,0.4,0.5,3.46075e-05,1.4919e+06,19742.7,53791.3,0.01,0.95,10,10000,0.938,0.497,432,265,0.0112381,0,0.613426
3100,10000,6.42064,5.62342,7.49894,0.00800376,0.00630957,0.01,0.125012,0.1,0.15,0.549095,0.5,0.6,3.46075e-05,1.33304e+06,19113.9,48063.5,0.01,0.95,10,10000,0.938,0.497,386,229,0.0120892,0,0.593264
3101,10000,6.40545,5.62342,7.49894,0.00798765,0.00630957,0.01,0.123592,0.1,0.15,0.64821,0.6,0.7,3.46075e-05,987695,16159.3,35611.8,0.01,0.95,10,10000,0.938,0.497,286,174,0.0138689,0,0.608392
3102,10000,6.4804,5.62342,7.49894,0.00804952,0.00630957,0.01,0.124221,0.1,0.15,0.746773,0.7,0.8,3.46075e-05,725231,12947.9,26148.6,0.01,0.95,10,10000,0.938,0.497,210,140,0.0154615,0,0.666667
3103,10000,6.41826,5.62342,7.49894,0.00801699,0.00630957,0.01,0.121132,0.1,0.15,0.855769,0.8,0.9,3.46075e-05,521475,10791.2,18802.1,0.01,0.95,10,10000,0.938,0.497,151,103,0.0180259,0,0.682119
3104,10000,6.52088,5.62342,7.49894,0.00816444,0.00630957,0.01,0.123193,0.1,0.15,0.946165,0.9,1,3.46075e-05,417871,8720.33,15066.6,0.01,0.95,10,10000,0.938,0.497,121,94,0.0188692,0,0.77686
3105,10000,6.47459,5.62342,7.49894,0.00805031,0.00630957,0.01,0.123742,0.1,0.15,1.19197,1,1.5,0.000173037,213425,2703.94,7695.15,0.01,0.95,10,10000,0.938,0.497,309,249,0.0115936,0,0.805825
3106,10000,6.40464,5.62342,7.49894,0.00813722,0.00630957,0.01,0.171735,0.15,0.2,0.0694871,0,0.1,3.46075e-05,328080,8062.63,11829.1,0.01,0.95,10,10000,0.938,0.497,95,70,0.0218659,0,0.736842
3107,10000,6.47195,5.62342,7.49894,0.00811985,0.00630957,0.01,0.171397,0.15,0.2,0.154184,0.1,0.2,3.46075e-05,804661,11571.8,29012.4,0.01,0.95,10,10000,0.938,0.497,233,191,0.0132373,0,0.819742
3108,10000,6.41069,5.62342,7.49894,0.00798189,0.00630957,0.01,0.173755,0.15,0.2,0.250845,0.2,0.3,3.46075e-05,1.01532e+06,12552.4,36608,0.01,0.95,10,10000,0.938,0.497,294,251,0.0115473,0,0.853741
3109,10000,6.38193,5.62342,7.49894,0.00810887,0.00630957,0.01,0.175529,0.15,0.2,0.35136,0.3,0.4,3.46075e-05,1.12583e+06,14607,40592.5,0.01,0.95,10,10000,0.938,0.497,326,247,0.0116404,0,0.757669
3110,10000,6.35663,5.62342,7.49894,0.00810122,0.00630957,0.01,0.172399,0.15,0.2,0.451177,0.4,0.5,3.46075e-05,1.08785e+06,14737,39222.8,0.01,0.95,10,10000,0.938,0.497,315,231,0.0120368,0,0.733333
3111,10000,6.44502,5.62342,7.49894,0.00804779,0.00630957,0.01,0.174195,0.15,0.2,0.547238,0.5,0.6,3.46075e-05,853009,12722.4,30755.7,0.01,0.95,10,10000,0.938,0.497,247,187,0.0133781,0,0.757085
3112,10000,6.41328,5.62342,7.49894,0.00814509,0.00630957,0.01,0.174265,0.15,0.2,0.6498,0.6,0.7,3.46075e-05,642347,11550.6,23160.2,0.01,0.95,10,10000,0.938,0.497,186,133,0.0158632,0,0.715054
3113,10000,6.37495,5.62342,7.49894,0.00796024,0.00630957,0.01,0.173955,0.15,0.2,0.744982,0.7,0.8,3.46075e-05,500754,9185.03,18055,0.01,0.95,10,10000,0.938,0.497,145,118,0.0168413,0,0.813793
3114,10000,6.42065,5.62342,7.49894,0.00800606,0.00630957,0.01,0.172708,0.15,0.2,0.844702,0.8,0.9,3.46075e-05,431685,9256.85,15564.6,0.01,0.95,10,10000,0.938,0.497,125,92,0.0190732,0,0.736
3115,10000,6.53223,5.62342,7.49894,0.0080998,0.00630957,0.01,0.172915,0.15,0.2,0.949372,0.9,1,3.46075e-05,352255,8194.64,12700.7,0.01,0.95,10,10000,0.938,0.497,102,77,0.0208483,0,0.754902
3116,10000,6.41404,5.62342,7.49894,0.00800251,0.00630957,0.01,0.17435,0.15,0.2,1.19704,1,1.5,0.000173037,163004,2313.57,5877.2,0.01,0.95,10,10000,0.938,0.497,236,195,0.0131008,0,0.826271
3117,10000,6.43461,5.62342,7.49894,0.00782437,0.00630957,0.01,0.228183,0.2,0.25,0.0689308,0,0.1,3.46075e-05,138139,4893.83,4980.68,0.01,0.95,10,10000,0.938,0.497,40,32,0.0323401,0,0.8
3118,10000,6.44424,5.62342,7.49894,0.00797521,0.00630957,0.01,0.220026,0.2,0.25,0.154515,0.1,0.2,3.46075e-05,431685,8579.48,15564.6,0.01,0.95,10,10000,0.938,0.497,125,101,0.0182035,0,0.808
3119,10000,6.35856,5.62342,7.49894,0.00811997,0.00630957,0.01,0.224015,0.2,0.25,0.251824,0.2,0.3,3.46075e-05,573277,9833.18,20669.8,0.01,0.95,10,10000,0.938,0.497,166,135,0.0157453,0,0.813253
3120,10000,6.29447,5.62342,7.49894,0.00810957,0.00630957,0.01,0.225101,0.2,0.25,0.350092,0.3,0.4,3.46075e-05,680335,10285,24529.8,0.01,0.95,10,10000,0.938,0.497,197,168,0.0141144,0,0.852792
3121,10000,6.30717,5.62342,7.49894,0.00809191,0.00630957,0.01,0.225267,0.2,0.25,0.449044,0.4,0.5,3.46075e-05,607812,10253.2,21915,0.01,0.95,10,10000,0.938,0.497,176,141,0.0154066,0,0.801136
3122,10000,6.45181,5.62342,7.49894,0.00806396,0.00630957,0.01,0.22282,0.2,0.25,0.550136,0.5,0.6,3.46075e-05,611266,10032.6,22039.5,0.01,0.95,10,10000,0.938,0.497,177,146,0.0151405,0,0.824859
3123,10000,6.40999,5.62342,7.49894,0.00825474,0.00630957,0.01,0.223926,0.2,0.25,0.647203,0.6,0.7,3.46075e-05,431685,9256.85,15564.6,0.01,0.95,10,10000,0.938,0.497,125,92,0.0190732,0,0.736
3124,10000,6.43161,5.62342,7.49894,0.00839063,0.00630957,0.01,0.222807,0.2,0.25,0.751514,0.7,0.8,3.46075e-05,431685,9583.95,15564.6,0.01,0.95,10,10000,0.938,0.497,125,88,0.0195018,0,0.704
3125,10000,6.41829,5.62342,7.49894,0.00821548,0.00630957,0.01,0.22559,0.2,0.25,0.844445,0.8,0.9,3.46075e-05,376429,9016.21,13572.3,0.01,0.95,10,10000,0.938,0.497,109,76,0.020985,0,0.697248
3126,10000,6.39685,5.62342,7.49894,0.00808759,0.00630957,0.01,0.226473,0.2,0.25,0.942718,0.9,1,3.46075e-05,196848,5593.23,7097.47,0.01,0.95,10,10000,0.938,0.497,57,48,0.0264056,0,0.842105
3127,10000,6.50265,5.62342,7.49894,0.00809931,0.00630957,0.01,0.223905,0.2,0.25,1.2327,1,1.5,0.000173037,109821,2146.05,3959.64,0.01,0.95,10,10000,0.938,0.497,159,113,0.0172099,0,0.710692
3128,10000,6.42306,5.62342,7.49894,0.00840577,0.00630957,0.01,0.276795,0.25,0.3,0.0626649,0,0.1,3.46075e-05,110511,3573.95,3984.54,0.01,0.95,10,10000,0.938,0.497,32,32,0.0323401,0,1
3129,10000,6.32794,5.62342,7.49894,0.0080286,0.00630957,0.01,0.273973,0.25,0.3,0.152462,0.1,0.2,3.46075e-05,269371,6689.98,9712.32,0.01,0.95,10,10000,0.938,0.497,78,64,0.0228679,0,0.820513
3130,10000,6.42908,5.62342,7.49894,0.00802284,0.00630957,0.01,0.273785,0.25,0.3,0.25386,0.2,0.3,3.46075e-05,386790,7445.49,13945.9,0.01,0.95,10,10000,0.938,0.497,112,100,0.0182943,0,0.892857
3131,10000,6.43592,5.62342,7.49894,0.00788881,0.00630957,0.01,0.2719,0.25,0.3,0.349168,0.3,0.4,3.46075e-05,438592,8278.28,15813.7,0.01,0.95,10,10000,0.938,0.497,127,108,0.0176037,0,0.850394
3132,10000,6.44258,5.62342,7.49894,0.00821961,0.00630957,0.01,0.272605,0.25,0.3,0.450949,0.4,0.5,3.46075e-05,493847,9212.78,17805.9,0.01,0.95,10,10000,0.938,0.497,143,115,0.0170596,0,0.804196
3133,10000,6.3751,5.62342,7.49894,0.00807251,0.00630957,0.01,0.275139,0.25,0.3,0.556501,0.5,0.6,3.46075e-05,397150,7656.96,14319.4,0.01,0.95,10,10000,0.938,0.497,115,101,0.0182035,0,0.878261
3134,10000,6.42746,5.62342,7.49894,0.00818727,0.00630957,0.01,0.275099,0.25,0.3,0.649301,0.6,0.7,3.46075e-05,352255,7944,12700.7,0.01,0.95,10,10000,0.938,0.497,102,80,0.0204537,0,0.784314
3135,10000,6.40513,5.62342,7.49894,0.00802475,0.00630957,0.01,0.274479,0.25,0.3,0.746334,0.7,0.8,3.46075e-05,307360,7148.28,11082,0.01,0.95,10,10000,0.938,0.497,89,73,0.0214119,0,0.820225
3136,10000,6.42848,5.62342,7.49894,0.00812944,0.00630957,0.01,0.272813,0.25,0.3,0.841749,0.8,0.9,3.46075e-05,221023,6210.46,7969.08,0.01,0.95,10,10000,0.938,0.497,64,51,0.0256172,0,0.796875
3137,10000,6.44112,5.62342,7.49894,0.00808053,0.00630957,0.01,0.274247,0.25,0.3,0.946683,0.9,1,3.46075e-05,186488,5708.12,6723.92,0.01,0.95,10,10000,0.938,0.497,54,43,0.0278986,0,0.796296
3138,10000,6.51986,5.62342,7.49894,0.00829163,0.00630957,0.01,0.273383,0.25,0.3,1.1995,1,1.5,0.000173037,86337,1867.4,3112.92,0.01,0.95,10,10000,0.938,0.497,125,91,0.0191777,0,0.728
3139,10000,6.48766,5.62342,7.49894,0.00776835,0.00630957,0.01,0.335349,0.3,0.4,0.0689363,0,0.1,6.92149e-05,36261.5,1755.49,1307.43,0.01,0.95,10,10000,0.938,0.497,21,17,0.0443703,0,0.809524
3140,10000,6.43758,5.62342,7.49894,0.00774937,0.00630957,0.01,0.335464,0.3,0.4,0.155746,0.1,0.2,6.92149e-05,120872,3236.97,4358.09,0.01,0.95,10,10000,0.938,0.497,70,56,0.0244468,0,0.8
3141,10000,6.3255,5.62342,7.49894,0.00836019,0.00630957,0.01,0.346675,0.3,0.4,0.251204,0.2,0.3,6.92149e-05,221023,4150.44,7969.08,0.01,0.95,10,10000,0.938,0.497,128,109,0.0175228,0,0.851562
3142,10000,6.37974,5.62342,7.49894,0.00814051,0.00630957,0.01,0.342411,0.3,0.4,0.352892,0.3,0.4,6.92149e-05,257284,4536.33,9276.51,0.01,0.95,10,10000,0.938,0.497,149,125,0.016363,0,0.838926
3143,10000,6.43784,5.62342,7.49894,0.00802658,0.00630957,0.01,0.348404,0.3,0.4,0.450754,0.4,0.5,6.92149e-05,214116,4243.77,7720.05,0.01,0.95,10,10000,0.938,0.497,124,101,0.0182035,0,0.814516
3144,10000,6.32313,5.62342,7.49894,0.0080444,0.00630957,0.01,0.340103,0.3,0.4,0.541621,0.5,0.6,6.92149e-05,208935,4140.76,7533.28,0.01,0.95,10,10000,0.938,0.497,121,100,0.0182943,0,0.826446
3145,10000,6.44053,5.62342,7.49894,0.00814753,0.00630957,0.01,0.342013,0.3,0.4,0.646451,0.6,0.7,6.92149e-05,231383,4894.68,8342.64,0.01,0.95,10,10000,0.938,0.497,134,96,0.0186716,0,0.716418
3146,10000,6.44026,5.62342,7.49894,0.0080598,0.00630957,0.01,0.346485,0.3,0.4,0.741318,0.7,0.8,6.92149e-05,184761,3588.74,6661.66,0.01,0.95,10,10000,0.938,0.497,107,97,0.0185751,0,0.906542
3147,10000,6.39082,5.62342,7.49894,0.00804857,0.00630957,0.01,0.343335,0.3,0.4,0.852276,0.8,0.9,6.92149e-05,153680,3658.48,5541,0.01,0.95,10,10000,0.938,0.497,89,71,0.0217114,0,0.797753
3148,10000,6.5054,5.62342,7.49894,0.00774245,0.00630957,0.01,0.348618,0.3,0.4,0.947209,0.9,1,6.92149e-05,100151,2967.75,3610.99,0.01,0.95,10,10000,0.938,0.497,58,46,0.0269735,0,0.793103
3149,10000,6.50196,5.62342,7.49894,0.00792767,0.00630957,0.01,0.347391,0.3,0.4,1.1912,1,1.5,0.000346075,48348.7,943.387,1743.24,0.01,0.95,10,10000,0.938,0.497,140,108,0.0176037,0,0.771429
3150,10000,6.3413,5.62342,7.49894,0.00829494,0.00630957,0.01,0.450615,0.4,0.5,0.0766287,0,0.1,6.92149e-05,20720.9,1547.57,747.102,0.01,0.95,10,10000,0.938,0.497,12,8,0.0646803,0,0.666667
3151,10000,6.24931,5.62342,7.49894,0.00824921,0.00630957,0.01,0.44352,0.4,0.5,0.149069,0.1,0.2,6.92149e-05,56982.4,2049.76,2054.53,0.01,0.95,10,10000,0.938,0.497,33,29,0.0339717,0,0.878788
3152,10000,6.51286,5.62342,7.49894,0.00806091,0.00630957,0.01,0.449767,0.4,0.5,0.256618,0.2,0.3,6.92149e-05,94970.7,2763.35,3424.22,0.01,0.95,10,10000,0.938,0.497,55,46,0.0269735,0,0.836364
3153,10000,6.33869,5.62342,7.49894,0.00813953,0.00630957,0.01,0.443222,0.4,0.5,0.358089,0.3,0.4,6.92149e-05,119145,3175.27,4295.83,0.01,0.95,10,10000,0.938,0.497,69,56,0.0244468,0,0.811594
3154,10000,6.46272,5.62342,7.49894,0.0080111,0.00630957,0.01,0.444374,0.4,0.5,0.454398,0.4,0.5,6.92149e-05,98424.1,2953.24,3548.73,0.01,0.95,10,10000,0.938,0.497,57,45,0.0272716,0,0.789474
3155,10000,6.48482,5.62342,7.49894,0.00785284,0.00630957,0.01,0.443497,0.4,0.5,0.546892,0.5,0.6,6.92149e-05,117418,3210.02,4233.58,0.01,0.95,10,10000,0.938,0.497,68,54,0.0248954,0,0.794118
3156,10000,6.47773,5.62342,7.49894,0.00780395,0.00630957,0.01,0.444764,0.4,0.5,0.649249,0.6,0.7,6.92149e-05,108785,3091.26,3922.28,0.01,0.95,10,10000,0.938,0.497,63,50,0.0258721,0,0.793651
3157,10000,6.30708,5.62342,7.49894,0.00789606,0.00630957,0.01,0.450403,0.4,0.5,0.739928,0.7,0.8,6.92149e-05,86337,2735.74,3112.92,0.01,0.95,10,10000,0.938,0.497,50,40,0.0289259,0,0.8
3158,10000,6.48125,5.62342,7.49894,0.00799142,0.00630957,0.01,0.440531,0.4,0.5,0.846117,0.8,0.9,6.92149e-05,101878,2879.36,3673.25,0.01,0.95,10,10000,0.938,0.497,59,49,0.0261348,0,0.830508
3159,10000,6.47281,5.62342,7.49894,0.00778829,0.00630957,0.01,0.448541,0.4,0.5,0.95182,0.9,1,6.92149e-05,62162.6,2179.75,2241.31,0.01,0.95,10,10000,0.938,0.497,36,31,0.0328576,0,0.861111
3160,10000,6.40618,5.62342,7.49894,0.00771386,0.00630957,0.01,0.45291,0.4,0.5,1.24776,1,1.5,0.000346075,30736,749.13,1108.2,0.01,0.95,10,10000,0.938,0.497,89,69,0.0220238,0,0.775281
3161,10000,6.3134,5.62342,7.49894,0.00858449,0.00630957,0.01,0.524058,0.5,0.6,0.0769356,0,0.1,6.92149e-05,6906.96,-nan,249.034,0.01,0.95,10,10000,0.938,0.497,4,5,0.0818148,0,1.25
3162,10000,6.55611,5.62342,7.49894,0.00793197,0.00630957,0.01,0.548867,0.5,0.6,0.154401,0.1,0.2,6.92149e-05,32808,1909.5,1182.91,0.01,0.95,10,10000,0.938,0.497,19,13,0.0507394,0,0.684211
3163,10000,6.40178,5.62342,7.49894,0.00787005,0.00630957,0.01,0.543596,0.5,0.6,0.26329,0.2,0.3,6.92149e-05,44895.2,2213.77,1618.72,0.01,0.95,10,10000,0.938,0.497,26,18,0.0431202,0,0.692308
3164,10000,6.45236,5.62342,7.49894,0.00846549,0.00630957,0.01,0.539634,0.5,0.6,0.347181,0.3,0.4,6.92149e-05,60435.9,2222.14,2179.05,0.01,0.95,10,10000,0.938,0.497,35,29,0.0339717,0,0.828571
3165,10000,6.30096,5.62342,7.49894,0.00798032,0.00630957,0.01,0.543081,0.5,0.6,0.444254,0.4,0.5,6.92149e-05,62162.6,2953.73,2241.31,0.01,0.95,10,10000,0.938,0.497,36,21,0.0399215,0,0.583333
3166,10000,6.45865,5.62342,7.49894,0.00781061,0.00630957,0.01,0.539186,0.5,0.6,0.543065,0.5,0.6,6.92149e-05,48348.7,1795.55,1743.24,0.01,0.95,10,10000,0.938,0.497,28,26,0.0358782,0,0.928571
3167,10000,6.51079,5.62342,7.49894,0.00805096,0.00630957,0.01,0.542788,0.5,0.6,0.638824,0.6,0.7,6.92149e-05,39715,1805.98,1431.94,0.01,0.95,10,10000,0.938,0.497,23,19,0.0419701,0,0.826087
3168,10000,6.32525,5.62342,7.49894,0.00794783,0.00630957,0.01,0.533039,0.5,0.6,0.750309,0.7,0.8,6.92149e-05,48348.7,1795.55,1743.24,0.01,0.95,10,10000,0.938,0.497,28,26,0.0358782,0,0.928571
3169,10000,6.35978,5.62342,7.49894,0.00823044,0.00630957,0.01,0.550319,0.5,0.6,0.840935,0.8,0.9,6.92149e-05,48348.7,1930.15,1743.24,0.01,0.95,10,10000,0.938,0.497,28,24,0.0373432,0,0.857143
3170,10000,6.5345,5.62342,7.49894,0.0082546,0.00630957,0.01,0.541802,0.5,0.6,0.965126,0.9,1,6.92149e-05,32808,2157.28,1182.91,0.01,0.95,10,10000,0.938,0.497,19,11,0.0551595,0,0.578947
3171,10000,6.38543,5.62342,7.49894,0.00783363,0.00630957,0.01,0.555337,0.5,0.6,1.22111,1,1.5,0.000346075,14850,444.28,535.423,0.01,0.95,10,10000,0.938,0.497,43,40,0.0289259,0,0.930233
3172,10000,6.12614,5.62342,7.49894,0.00930189,0.00630957,0.01,0.613967,0.6,0.7,0.0739224,0,0.1,6.92149e-05,3453.48,446.744,124.517,0.01,0.95,10,10000,0.938,0.497,2,2,0.129361,0,1
3173,10000,6.57374,5.62342,7.49894,0.00764895,0.00630957,0.01,0.659841,0.6,0.7,0.150189,0.1,0.2,6.92149e-05,12087.2,1121.32,435.809,0.01,0.95,10,10000,0.938,0.497,7,5,0.0818148,0,0.714286
3174,10000,6.14262,5.62342,7.49894,0.00843796,0.00630957,0.01,0.66121,0.6,0.7,0.242582,0.2,0.3,6.92149e-05,18994.1,1147.71,684.843,0.01,0.95,10,10000,0.938,0.497,11,10,0.0578518,0,0.909091
3175,10000,6.15455,5.62342,7.49894,0.00812182,0.00630957,0.01,0.631002,0.6,0.7,0.346858,0.3,0.4,6.92149e-05,22447.6,1565.38,809.36,0.01,0.95,10,10000,0.938,0.497,13,9,0.0609811,0,0.692308
3176,10000,6.30082,5.62342,7.49894,0.00809344,0.00630957,0.01,0.646913,0.6,0.7,0.456318,0.4,0.5,6.92149e-05,18994.1,1147.71,684.843,0.01,0.95,10,10000,0.938,0.497,11,10,0.0578518,0,0.909091
3177,10000,6.40695,5.62342,7.49894,0.00825064,0.00630957,0.01,0.652721,0.6,0.7,0.552519,0.5,0.6,6.92149e-05,24174.4,1469.39,871.619,0.01,0.95,10,10000,0.938,0.497,14,11,0.0551595,0,0.785714
3178,10000,6.3818,5.62342,7.49894,0.00775762,0.00630957,0.01,0.638647,0.6,0.7,0.648623,0.6,0.7,6.92149e-05,32808,1705.06,1182.91,0.01,0.95,10,10000,0.938,0.497,19,15,0.0472358,0,0.789474
3179,10000,6.30546,5.62342,7.49894,0.00886106,0.00630957,0.01,0.62875,0.6,0.7,0.744094,0.7,0.8,6.92149e-05,12087.2,1321.49,435.809,0.01,0.95,10,10000,0.938,0.497,7,4,0.0914717,0,0.571429
3180,10000,6.35911,5.62342,7.49894,0.0077854,0.00630957,0.01,0.633226,0.6,0.7,0.842057,0.8,0.9,6.92149e-05,12087.2,835.781,435.809,0.01,0.95,10,10000,0.938,0.497,7,7,0.0691461,0,1
3181,10000,6.54858,5.62342,7.49894,0.00818389,0.00630957,0.01,0.653452,0.6,0.7,0.961736,0.9,1,6.92149e-05,17267.4,1361.34,622.585,0.01,0.95,10,10000,0.938,0.497,10,7,0.0691461,0,0.7
3182,10000,6.46127,5.62342,7.49894,0.00820565,0.00630957,0.01,0.640285,0.6,0.7,1.13256,1,1.5,0.000346075,6561.61,405.365,236.582,0.01,0.95,10,10000,0.938,0.497,19,12,0.0528112,0,0.631579
3183,10000,6.71198,5.62342,7.49894,0.00646511,0.00630957,0.01,0.726507,0.7,0.8,0.0838159,0,0.1,6.92149e-05,1726.74,315.896,62.2585,0.01,0.95,10,10000,0.938,0.497,1,1,0.182943,0,1
3184,10000,6.08146,5.62342,7.49894,0.00829043,0.00630957,0.01,0.763227,0.7,0.8,0.250779,0.2,0.3,6.92149e-05,6906.96,1094.29,249.034,0.01,0.95,10,10000,0.938,0.497,4,2,0.129361,0,0.5
3185,10000,6.08143,5.62342,7.49894,0.00829426,0.00630957,0.01,0.728102,0.7,0.8,0.363312,0.3,0.4,6.92149e-05,6906.96,631.791,249.034,0.01,0.95,10,10000,0.938,0.497,4,4,0.0914717,0,1
3186,10000,6.47273,5.62342,7.49894,0.0091217,0.00630957,0.01,0.741655,0.7,0.8,0.450278,0.4,0.5,6.92149e-05,12087.2,965.077,435.809,0.01,0.95,10,10000,0.938,0.497,7,6,0.0746863,0,0.857143
3187,10000,6.36986,5.62342,7.49894,0.00889385,0.00630957,0.01,0.760684,0.7,0.8,0.5448,0.5,0.6,6.92149e-05,17267.4,1730.23,622.585,0.01,0.95,10,10000,0.938,0.497,10,5,0.0818148,0,0.5
3188,10000,6.77257,5.62342,7.49894,0.00849914,0.00630957,0.01,0.757118,0.7,0.8,0.634449,0.6,0.7,6.92149e-05,6906.96,631.791,249.034,0.01,0.95,10,10000,0.938,0.497,4,4,0.0914717,0,1
3189,10000,6.26983,5.62342,7.49894,0.00808718,0.00630957,0.01,0.719743,0.7,0.8,0.736142,0.7,0.8,6.92149e-05,5180.22,547.147,186.775,0.01,0.95,10,10000,0.938,0.497,3,3,0.105622,0,1
3190,10000,6.05481,5.62342,7.49894,0.00847355,0.00630957,0.01,0.732916,0.7,0.8,0.868062,0.8,0.9,6.92149e-05,5180.22,547.147,186.775,0.01,0.95,10,10000,0.938,0.497,3,3,0.105622,0,1
3191,10000,6.4964,5.62342,7.49894,0.00804769,0.00630957,0.01,0.764326,0.7,0.8,0.935084,0.9,1,6.92149e-05,13813.9,1013.12,498.068,0.01,0.95,10,10000,0.938,0.497,8,7,0.0691461,0,0.875
3192,10000,6.37397,5.62342,7.49894,0.00775201,0.00630957,0.01,0.748921,0.7,0.8,1.2892,1,1.5,0.000346075,3453.48,199.79,124.517,0.01,0.95,10,10000,0.938,0.497,10,10,0.0578518,0,1
3193,10000,6.07655,5.62342,7.49894,0.00969297,0.00630957,0.01,0.836269,0.8,0.9,0.0442932,0,0.1,6.92149e-05,1726.74,315.896,62.2585,0.01,0.95,10,10000,0.938,0.497,1,1,0.182943,0,1
3194,10000,6.88092,5.62342,7.49894,0.00770999,0.00630957,0.01,0.838848,0.8,0.9,0.168978,0.1,0.2,6.92149e-05,3453.48,446.744,124.517,0.01,0.95,10,10000,0.938,0.497,2,2,0.129361,0,1
3195,10000,7.04912,5.62342,7.49894,0.0080275,0.00630957,0.01,0.811202,0.8,0.9,0.245157,0.2,0.3,6.92149e-05,1726.74,-nan,62.2585,0.01,0.95,10,10000,0.938,0.497,1,2,0.129361,0,2
3196,10000,6.13145,5.62342,7.49894,0.00762494,0.00630957,0.01,0.834748,0.8,0.9,0.369915,0.3,0.4,6.92149e-05,10360.4,1094.29,373.551,0.01,0.95,10,10000,0.938,0.497,6,4,0.0914717,0,0.666667
3197,10000,6.4038,5.62342,7.49894,0.00848132,0.00630957,0.01,0.808009,0.8,0.9,0.408404,0.4,0.5,6.92149e-05,5180.22,773.783,186.775,0.01,0.95,10,10000,0.938,0.497,3,2,0.129361,0,0.666667
3198,10000,6.24022,5.62342,7.49894,0.00740547,0.00630957,0.01,0.832284,0.8,0.9,0.527008,0.5,0.6,6.92149e-05,6906.96,631.791,249.034,0.01,0.95,10,10000,0.938,0.497,4,4,0.0914717,0,1
3199,10000,6.31189,5.62342,7.49894,0.00740054,0.00630957,0.01,0.837831,0.8,0.9,0.645583,0.6,0.7,6.92149e-05,3453.48,446.744,124.517,0.01,0.95,10,10000,0.938,0.497,2,2,0.129361,0,1
3200,10000,7.27388,5.62342,7.49894,0.00822725,0.00630957,0.01,0.857641,0.8,0.9,0.734792,0.7,0.8,6.92149e-05,1726.74,315.896,62.2585,0.01,0.95,10,10000,0.938,0.497,1,1,0.182943,0,1
3201,10000,7.27439,5.62342,7.49894,0.00824609,0.00630957,0.01,0.82187,0.8,0.9,0.828805,0.8,0.9,6.92149e-05,1726.74,315.896,62.2585,0.01,0.95,10,10000,0.938,0.497,1,1,0.182943,0,1
3202,10000,5.95547,5.62342,7.49894,0.00681332,0.00630957,0.01,0.831531,0.8,0.9,1.48629,1,1.5,0.000346075,690.696,154.757,24.9034,0.01,0.95,10,10000,0.938,0.497,2,1,0.182943,0,0.5
3203,10000,5.70457,5.62342,7.49894,0.0083789,0.00630957,0.01,0.943509,0.9,1,0.242131,0.2,0.3,6.92149e-05,3453.48,773.783,124.517,0.01,0.95,10,10000,0.938,0.497,2,1,0.182943,0,0.5
3204,10000,6.5765,5.62342,7.49894,0.00758299,0.00630957,0.01,0.919036,0.9,1,0.323334,0.3,0.4,6.92149e-05,3453.48,446.744,124.517,0.01,0.95,10,10000,0.938,0.497,2,2,0.129361,0,1
3205,10000,6.68677,5.62342,7.49894,0.00847631,0.00630957,0.01,0.95102,0.9,1,0.492081,0.4,0.5,6.92149e-05,1726.74,315.896,62.2585,0.01,0.95,10,10000,0.938,0.497,1,1,0.182943,0,1
3206,10000,6.1779,5.62342,7.49894,0.00963352,0.00630957,0.01,0.926092,0.9,1,0.595482,0.5,0.6,6.92149e-05,3453.48,773.783,124.517,0.01,0.95,10,10000,0.938,0.497,2,1,0.182943,0,0.5
3207,10000,6.18669,5.62342,7.49894,0.00798879,0.00630957,0.01,0.979342,0.9,1,0.702142,0.7,0.8,6.92149e-05,1726.74,315.896,62.2585,0.01,0.95,10,10000,0.938,0.497,1,1,0.182943,0,1
3208,10000,6.69399,5.62342,7.49894,0.00771283,0.00630957,0.01,0.900484,0.9,1,1.01224,1,1.5,0.000346075,0,0,0,0.01,0.95,10,10000,0.938,0.497,0,1,0.182943,0,0
3209,10000,6.25578,5.62342,7.49894,0.0125666,0.01,0.0158489,0.0713014,0.05,0.1,0.069473,0,0.1,5.48488e-05,496815,20255.8,17912.9,0.01,0.95,10,10000,0.938,0.497,228,37,0.0300757,0,0.162281
3210,10000,6.37178,5.62342,7.49894,0.0129908,0.01,0.0158489,0.0771302,0.05,0.1,0.156331,0.1,0.2,5.48488e-05,1.32702e+06,25573.7,47846.3,0.01,0.95,10,10000,0.938,0.497,609,157,0.0146005,0,0.2578
3211,10000,6.31719,5.62342,7.49894,0.0131058,0.01,0.0158489,0.0733783,0.05,0.1,0.251674,0.2,0.3,5.48488e-05,1.63426e+06,24708.5,58924,0.01,0.95,10,10000,0.938,0.497,750,245,0.0116878,0,0.326667
3212,10000,6.38778,5.62342,7.49894,0.0128262,0.01,0.0158489,0.0736175,0.05,0.1,0.350627,0.3,0.4,5.48488e-05,1.64733e+06,20349.9,59395.4,0.01,0.95,10,10000,0.938,0.497,756,340,0.0099215,0,0.449735
3213,10000,6.35403,5.62342,7.49894,0.0129097,0.01,0.0158489,0.0735785,0.05,0.1,0.451342,0.4,0.5,5.48488e-05,1.47519e+06,18721.3,53188.8,0.01,0.95,10,10000,0.938,0.497,677,318,0.010259,0,0.469719
3214,10000,6.40738,5.62342,7.49894,0.0128235,0.01,0.0158489,0.0722925,0.05,0.1,0.550668,0.5,0.6,5.48488e-05,1.31394e+06,16288.3,47374.9,0.01,0.95,10,10000,0.938,0.497,603,320,0.0102268,0,0.53068
3215,10000,6.35686,5.62342,7.49894,0.0128699,0.01,0.0158489,0.072068,0.05,0.1,0.650195,0.6,0.7,5.48488e-05,984913,13338.3,35511.6,0.01,0.95,10,10000,0.938,0.497,452,260,0.0113457,0,0.575221
3216,10000,6.3699,5.62342,7.49894,0.0127465,0.01,0.0158489,0.0726618,0.05,0.1,0.74603,0.7,0.8,5.48488e-05,723432,10044.3,26083.7,0.01,0.95,10,10000,0.938,0.497,332,228,0.0121157,0,0.686747
3217,10000,6.45705,5.62342,7.49894,0.012508,0.01,0.0158489,0.0730174,0.05,0.1,0.846644,0.8,0.9,5.48488e-05,492457,7754.97,17755.8,0.01,0.95,10,10000,0.938,0.497,226,169,0.0140726,0,0.747788
3218,10000,6.37624,5.62342,7.49894,0.0127413,0.01,0.0158489,0.0722492,0.05,0.1,0.950812,0.9,1,5.48488e-05,353000,6748.79,12727.6,0.01,0.95,10,10000,0.938,0.497,162,117,0.0169131,0,0.722222
3219,10000,6.45587,5.62342,7.49894,0.0126137,0.01,0.0158489,0.0746418,0.05,0.1,1.20556,1,1.5,0.000274244,144251,1826.68,5201.03,0.01,0.95,10,10000,0.938,0.497,331,256,0.011434,0,0.773414
3220,10000,6.45509,5.62342,7.49894,0.0130808,0.01,0.0158489,0.124759,0.1,0.15,0.0627743,0,0.1,5.48488e-05,265839,6738.96,9584.98,0.01,0.95,10,10000,0.938,0.497,122,73,0.0214119,0,0.598361
3221,10000,6.33866,5.62342,7.49894,0.0127074,0.01,0.0158489,0.125621,0.1,0.15,0.155058,0.1,0.2,5.48488e-05,799697,12478.6,28833.5,0.01,0.95,10,10000,0.938,0.497,367,200,0.0129361,0,0.544959
3222,10000,6.37809,5.62342,7.49894,0.0128293,0.01,0.0158489,0.126996,0.1,0.15,0.249242,0.2,0.3,5.48488e-05,1.04593e+06,13749,37711.4,0.01,0.95,10,10000,0.938,0.497,480,276,0.0110119,0,0.575
3223,10000,6.37568,5.62342,7.49894,0.0127349,0.01,0.0158489,0.12392,0.1,0.15,0.350951,0.3,0.4,5.48488e-05,1.09822e+06,14289,39597,0.01,0.95,10,10000,0.938,0.497,504,284,0.0108557,0,0.563492
3224,10000,6.37479,5.62342,7.49894,0.0125673,0.01,0.0158489,0.123503,0.1,0.15,0.450283,0.4,0.5,5.48488e-05,899932,12733.6,32447.5,0.01,0.95,10,10000,0.938,0.497,413,238,0.0118585,0,0.576271
3225,10000,6.46417,5.62342,7.49894,0.0126781,0.01,0.0158489,0.126898,0.1,0.15,0.551091,0.5,0.6,5.48488e-05,804055,12264.5,28990.6,0.01,0.95,10,10000,0.938,0.497,369,207,0.0127154,0,0.560976
3226,10000,6.38553,5.62342,7.49894,0.0125316,0.01,0.0158489,0.124191,0.1,0.15,0.646097,0.6,0.7,5.48488e-05,655883,11070.3,23648.2,0.01,0.95,10,10000,0.938,0.497,301,169,0.0140726,0,0.561462
3227,10000,6.39674,5.62342,7.49894,0.0125944,0.01,0.0158489,0.122447,0.1,0.15,0.748362,0.7,0.8,5.48488e-05,475025,9079.85,17127.3,0.01,0.95,10,10000,0.938,0.497,218,129,0.0161073,0,0.591743
3228,10000,6.43562,5.62342,7.49894,0.0126093,0.01,0.0158489,0.124301,0.1,0.15,0.844412,0.8,0.9,5.48488e-05,379148,6979.79,13670.4,0.01,0.95,10,10000,0.938,0.497,174,126,0.0162979,0,0.724138
3229,10000,6.37504,5.62342,7.49894,0.0125025,0.01,0.0158489,0.125717,0.1,0.15,0.951382,0.9,1,5.48488e-05,257123,6470.68,9270.72,0.01,0.95,10,10000,0.938,0.497,118,73,0.0214119,0,0.618644
3230,10000,6.44167,5.62342,7.49894,0.0128801,0.01,0.0158489,0.123735,0.1,0.15,1.18792,1,1.5,0.000274244,117231,1720.39,4226.82,0.01,0.95,10,10000,0.938,0.497,269,197,0.0130342,0,0.732342
3231,10000,6.3535,5.62342,7.49894,0.0126927,0.01,0.0158489,0.17356,0.15,0.2,0.0684952,0,0.1,5.48488e-05,185216,4287.78,6678.06,0.01,0.95,10,10000,0.938,0.497,85,72,0.0215601,0,0.847059
3232,10000,6.353,5.62342,7.49894,0.0125771,0.01,0.0158489,0.174001,0.15,0.2,0.151202,0.1,0.2,5.48488e-05,505531,7131.47,18227.2,0.01,0.95,10,10000,0.938,0.497,232,195,0.0131008,0,0.840517
3233,10000,6.46417,5.62342,7.49894,0.0125373,0.01,0.0158489,0.174213,0.15,0.2,0.249342,0.2,0.3,5.48488e-05,690747,8973.12,24905.2,0.01,0.95,10,10000,0.938,0.497,317,244,0.0117118,0,0.769716
3234,10000,6.32929,5.62342,7.49894,0.0127674,0.01,0.0158489,0.175643,0.15,0.2,0.351128,0.3,0.4,5.48488e-05,692926,8775.16,24983.8,0.01,0.95,10,10000,0.938,0.497,318,252,0.0115244,0,0.792453
3235,10000,6.46679,5.62342,7.49894,0.0125733,0.01,0.0158489,0.173426,0.15,0.2,0.445403,0.4,0.5,5.48488e-05,647166,9121.26,23333.9,0.01,0.95,10,10000,0.938,0.497,297,215,0.0124766,0,0.723906
3236,10000,6.42828,5.62342,7.49894,0.0127359,0.01,0.0158489,0.174579,0.15,0.2,0.543055,0.5,0.6,5.48488e-05,557827,8812.71,20112.7,0.01,0.95,10,10000,0.938,0.497,256,176,0.0137899,0,0.6875
3237,10000,6.46922,5.62342,7.49894,0.0124755,0.01,0.0158489,0.175663,0.15,0.2,0.647479,0.6,0.7,5.48488e-05,444518,7427.96,16027.3,0.01,0.95,10,10000,0.938,0.497,204,151,0.0148877,0,0.740196
3238,10000,6.4759,5.62342,7.49894,0.0125755,0.01,0.0158489,0.173712,0.15,0.2,0.748102,0.7,0.8,5.48488e-05,339926,7249.47,12256.2,0.01,0.95,10,10000,0.938,0.497,156,100,0.0182943,0,0.641026
3239,10000,6.41205,5.62342,7.49894,0.0125427,0.01,0.0158489,0.174421,0.15,0.2,0.844377,0.8,0.9,5.48488e-05,276734,6170.08,9977.8,0.01,0.95,10,10000,0.938,0.497,127,88,0.0195018,0,0.692913
3240,10000,6.43236,5.62342,7.49894,0.0127538,0.01,0.0158489,0.173104,0.15,0.2,0.944359,0.9,1,5.48488e-05,183037,5166.91,6599.49,0.01,0.95,10,10000,0.938,0.497,84,56,0.0244468,0,0.666667
3241,10000,6.54641,5.62342,7.49894,0.0125919,0.01,0.0158489,0.172393,0.15,0.2,1.21773,1,1.5,0.000274244,91518.5,1642.71,3299.75,0.01,0.95,10,10000,0.938,0.497,210,139,0.0155171,0,0.661905
3242,10000,6.44498,5.62342,7.49894,0.0129509,0.01,0.0158489,0.222319,0.2,0.25,0.0602907,0,0.1,5.48488e-05,108951,3054.07,3928.27,0.01,0.95,10,10000,0.938,0.497,50,46,0.0269735,0,0.92
3243,10000,6.37416,5.62342,7.49894,0.0129537,0.01,0.0158489,0.220851,0.2,0.25,0.153889,0.1,0.2,5.48488e-05,298525,5364.85,10763.5,0.01,0.95,10,10000,0.938,0.497,137,118,0.0168413,0,0.861314
3244,10000,6.36483,5.62342,7.49894,0.0126443,0.01,0.0158489,0.225471,0.2,0.25,0.250405,0.2,0.3,5.48488e-05,477204,6289.26,17205.8,0.01,0.95,10,10000,0.938,0.497,219,205,0.0127773,0,0.936073
3245,10000,6.38014,5.62342,7.49894,0.0127142,0.01,0.0158489,0.224193,0.2,0.25,0.350726,0.3,0.4,5.48488e-05,429265,6163.48,15477.4,0.01,0.95,10,10000,0.938,0.497,197,178,0.0137122,0,0.903553
3246,10000,6.43113,5.62342,7.49894,0.0129724,0.01,0.0158489,0.22297,0.2,0.25,0.445512,0.4,0.5,5.48488e-05,420549,6308.54,15163.1,0.01,0.95,10,10000,0.938,0.497,193,168,0.0141144,0,0.870466
3247,10000,6.32658,5.62342,7.49894,0.0126526,0.01,0.0158489,0.22339,0.2,0.25,0.550427,0.5,0.6,5.48488e-05,400938,6667.84,14456,0.01,0.95,10,10000,0.938,0.497,184,146,0.0151405,0,0.793478
3248,10000,6.47723,5.62342,7.49894,0.012506,0.01,0.0158489,0.22394,0.2,0.25,0.650238,0.6,0.7,5.48488e-05,329031,5909.34,11863.4,0.01,0.95,10,10000,0.938,0.497,151,123,0.0164955,0,0.81457
3249,10000,6.44572,5.62342,7.49894,0.0125515,0.01,0.0158489,0.223885,0.2,0.25,0.749529,0.7,0.8,5.48488e-05,233154,4794.02,8406.5,0.01,0.95,10,10000,0.938,0.497,107,91,0.0191777,0,0.850467
3250,10000,6.37195,5.62342,7.49894,0.0125701,0.01,0.0158489,0.225277,0.2,0.25,0.840864,0.8,0.9,5.48488e-05,209185,4773.26,7542.28,0.01,0.95,10,10000,0.938,0.497,96,77,0.0208483,0,0.802083
3251,10000,6.29871,5.62342,7.49894,0.0125038,0.01,0.0158489,0.23084,0.2,0.25,0.944262,0.9,1,5.48488e-05,130741,4450.02,4713.92,0.01,0.95,10,10000,0.938,0.497,60,39,0.0292944,0,0.65
3252,10000,6.46883,5.62342,7.49894,0.0128302,0.01,0.0158489,0.223879,0.2,0.25,1.20082,1,1.5,0.000274244,55346.9,1255.78,1995.56,0.01,0.95,10,10000,0.938,0.497,127,86,0.0197273,0,0.677165
3253,10000,6.58119,5.62342,7.49894,0.0126114,0.01,0.0158489,0.277847,0.25,0.3,0.0644082,0,0.1,5.48488e-05,52296.3,2214.39,1885.57,0.01,0.95,10,10000,0.938,0.497,24,21,0.0399215,0,0.875
3254,10000,6.45605,5.62342,7.49894,0.0127483,0.01,0.0158489,0.272499,0.25,0.3,0.152072,0.1,0.2,5.48488e-05,174321,4042.9,6285.23,0.01,0.95,10,10000,0.938,0.497,80,70,0.0218659,0,0.875
3255,10000,6.32134,5.62342,7.49894,0.0126777,0.01,0.0158489,0.271592,0.25,0.3,0.242554,0.2,0.3,5.48488e-05,215722,4573.24,7777.97,0.01,0.95,10,10000,0.938,0.497,99,85,0.019843,0,0.858586
3256,10000,6.43317,5.62342,7.49894,0.0124717,0.01,0.0158489,0.273598,0.25,0.3,0.348494,0.3,0.4,5.48488e-05,252765,5110.21,9113.58,0.01,0.95,10,10000,0.938,0.497,116,96,0.0186716,0,0.827586
3257,10000,6.39667,5.62342,7.49894,0.0126106,0.01,0.0158489,0.272642,0.25,0.3,0.452641,0.4,0.5,5.48488e-05,313778,5310.82,11313.4,0.01,0.95,10,10000,0.938,0.497,144,129,0.0161073,0,0.895833
3258,10000,6.42275,5.62342,7.49894,0.0128255,0.01,0.0158489,0.2745,0.25,0.3,0.548532,0.5,0.6,5.48488e-05,263660,5008.81,9506.41,0.01,0.95,10,10000,0.938,0.497,121,105,0.0178534,0,0.867769
3259,10000,6.40563,5.62342,7.49894,0.0127831,0.01,0.0158489,0.278299,0.25,0.3,0.645433,0.6,0.7,5.48488e-05,235333,4901.76,8485.06,0.01,0.95,10,10000,0.938,0.497,108,90,0.0192839,0,0.833333
3260,10000,6.29638,5.62342,7.49894,0.0130194,0.01,0.0158489,0.272935,0.25,0.3,0.750736,0.7,0.8,5.48488e-05,143815,4081.37,5185.32,0.01,0.95,10,10000,0.938,0.497,66,51,0.0256172,0,0.772727
3261,10000,6.39109,5.62342,7.49894,0.0129739,0.01,0.0158489,0.271268,0.25,0.3,0.84561,0.8,0.9,5.48488e-05,143815,3831.88,5185.32,0.01,0.95,10,10000,0.938,0.497,66,55,0.0246681,0,0.833333
3262,10000,6.39161,5.62342,7.49894,0.0125832,0.01,0.0158489,0.272673,0.25,0.3,0.938956,0.9,1,5.48488e-05,93697.5,3155.45,3378.31,0.01,0.95,10,10000,0.938,0.497,43,35,0.0309231,0,0.813953
3263,10000,6.51163,5.62342,7.49894,0.0124821,0.01,0.0158489,0.275468,0.25,0.3,1.21401,1,1.5,0.000274244,50988.9,1015.91,1838.43,0.01,0.95,10,10000,0.938,0.497,117,98,0.0184801,0,0.837607
3264,10000,6.43459,5.62342,7.49894,0.0127951,0.01,0.0158489,0.343227,0.3,0.4,0.0696588,0,0.1,0.000109698,29416.7,1464.68,1060.63,0.01,0.95,10,10000,0.938,0.497,27,18,0.0431202,0,0.666667
3265,10000,6.36003,5.62342,7.49894,0.012758,0.01,0.0158489,0.340056,0.3,0.4,0.151919,0.1,0.2,0.000109698,119846,2289.99,4321.1,0.01,0.95,10,10000,0.938,0.497,110,100,0.0182943,0,0.909091
3266,10000,6.30185,5.62342,7.49894,0.0125885,0.01,0.0158489,0.345122,0.3,0.4,0.249316,0.2,0.3,0.000109698,140546,2646.8,5067.47,0.01,0.95,10,10000,0.938,0.497,129,109,0.0175228,0,0.844961
3267,10000,6.34281,5.62342,7.49894,0.0128962,0.01,0.0158489,0.343396,0.3,0.4,0.351245,0.3,0.4,0.000109698,187395,2920.66,6756.62,0.01,0.95,10,10000,0.938,0.497,172,153,0.0147901,0,0.889535
3268,10000,6.40084,5.62342,7.49894,0.0127846,0.01,0.0158489,0.345459,0.3,0.4,0.448303,0.4,0.5,0.000109698,162336,2655.38,5853.12,0.01,0.95,10,10000,0.938,0.497,149,136,0.0156873,0,0.912752
3269,10000,6.38495,5.62342,7.49894,0.0127979,0.01,0.0158489,0.341421,0.3,0.4,0.546101,0.5,0.6,0.000109698,156889,2912.48,5656.71,0.01,0.95,10,10000,0.938,0.497,144,116,0.0169859,0,0.805556
3270,10000,6.3852,5.62342,7.49894,0.0124,0.01,0.0158489,0.346671,0.3,0.4,0.650965,0.6,0.7,0.000109698,157978,2738.21,5695.99,0.01,0.95,10,10000,0.938,0.497,145,126,0.0162979,0,0.868966
3271,10000,6.35978,5.62342,7.49894,0.0128633,0.01,0.0158489,0.344589,0.3,0.4,0.74615,0.7,0.8,0.000109698,89339.5,1966.15,3221.18,0.01,0.95,10,10000,0.938,0.497,82,75,0.0211245,0,0.914634
3272,10000,6.37993,5.62342,7.49894,0.0133504,0.01,0.0158489,0.34137,0.3,0.4,0.846009,0.8,0.9,0.000109698,83891.9,2159.57,3024.77,0.01,0.95,10,10000,0.938,0.497,77,61,0.0234235,0,0.792208
3273,10000,6.48204,5.62342,7.49894,0.012817,0.01,0.0158489,0.340818,0.3,0.4,0.943424,0.9,1,0.000109698,64280.8,1848.85,2317.68,0.01,0.95,10,10000,0.938,0.497,59,48,0.0264056,0,0.813559
3274,10000,6.33444,5.62342,7.49894,0.0125559,0.01,0.0158489,0.345832,0.3,0.4,1.1956,1,1.5,0.000548488,30724.1,562.128,1107.77,0.01,0.95,10,10000,0.938,0.497,141,117,0.0169131,0,0.829787
3275,10000,6.1838,5.62342,7.49894,0.0120423,0.01,0.0158489,0.43889,0.4,0.5,0.0717926,0,0.1,0.000109698,19611.1,1000.57,707.088,0.01,0.95,10,10000,0.938,0.497,18,15,0.0472358,0,0.833333
3276,10000,6.44102,5.62342,7.49894,0.0130164,0.01,0.0158489,0.441965,0.4,0.5,0.160151,0.1,0.2,0.000109698,38132.7,-nan,1374.89,0.01,0.95,10,10000,0.938,0.497,35,36,0.0304906,0,1.02857
3277,10000,6.20874,5.62342,7.49894,0.0125883,0.01,0.0158489,0.438006,0.4,0.5,0.260648,0.2,0.3,0.000109698,59922.8,1711.39,2160.55,0.01,0.95,10,10000,0.938,0.497,55,47,0.026685,0,0.854545
3278,10000,6.35627,5.62342,7.49894,0.01243,0.01,0.0158489,0.44594,0.4,0.5,0.354111,0.3,0.4,0.000109698,81712.9,2085,2946.2,0.01,0.95,10,10000,0.938,0.497,75,61,0.0234235,0,0.813333
3279,10000,6.23701,5.62342,7.49894,0.0125228,0.01,0.0158489,0.444188,0.4,0.5,0.457645,0.4,0.5,0.000109698,66459.9,1868.07,2396.24,0.01,0.95,10,10000,0.938,0.497,61,50,0.0258721,0,0.819672
3280,10000,6.44293,5.62342,7.49894,0.0126442,0.01,0.0158489,0.444271,0.4,0.5,0.546919,0.5,0.6,0.000109698,62101.8,1672.51,2239.11,0.01,0.95,10,10000,0.938,0.497,57,51,0.0256172,0,0.894737
3281,10000,6.3013,5.62342,7.49894,0.0131136,0.01,0.0158489,0.445206,0.4,0.5,0.648261,0.6,0.7,0.000109698,56654.3,1678.41,2042.7,0.01,0.95,10,10000,0.938,0.497,52,44,0.0275798,0,0.846154
3282,10000,6.29293,5.62342,7.49894,0.0123693,0.01,0.0158489,0.4448,0.4,0.5,0.753779,0.7,0.8,0.000109698,50117.3,1575.91,1807,0.01,0.95,10,10000,0.938,0.497,46,39,0.0292944,0,0.847826
3283,10000,6.53254,5.62342,7.49894,0.0127153,0.01,0.0158489,0.447518,0.4,0.5,0.846218,0.8,0.9,0.000109698,40311.7,1351.39,1453.46,0.01,0.95,10,10000,0.938,0.497,37,33,0.0318464,0,0.891892
3284,10000,6.34019,5.62342,7.49894,0.0123381,0.01,0.0158489,0.442508,0.4,0.5,0.953906,0.9,1,0.000109698,30506.2,-nan,1099.92,0.01,0.95,10,10000,0.938,0.497,28,29,0.0339717,0,1.03571
3285,10000,6.37775,5.62342,7.49894,0.0128445,0.01,0.0158489,0.447986,0.4,0.5,1.17986,1,1.5,0.000548488,16124.7,398.319,581.384,0.01,0.95,10,10000,0.938,0.497,74,63,0.0230487,0,0.851351
3286,10000,6.10223,5.62342,7.49894,0.0134223,0.01,0.0158489,0.571088,0.5,0.6,0.0603784,0,0.1,0.000109698,4358.02,514.637,157.131,0.01,0.95,10,10000,0.938,0.497,4,3,0.105622,0,0.75
3287,10000,6.15083,5.62342,7.49894,0.0130973,0.01,0.0158489,0.540705,0.5,0.6,0.14742,0.1,0.2,0.000109698,19611.1,945.448,707.088,0.01,0.95,10,10000,0.938,0.497,18,16,0.0457358,0,0.888889
3288,10000,6.49126,5.62342,7.49894,0.01322,0.01,0.0158489,0.544263,0.5,0.6,0.25973,0.2,0.3,0.000109698,29416.7,1202.39,1060.63,0.01,0.95,10,10000,0.938,0.497,27,23,0.0381463,0,0.851852
3289,10000,6.50017,5.62342,7.49894,0.0126313,0.01,0.0158489,0.540429,0.5,0.6,0.348234,0.3,0.4,0.000109698,29416.7,1115.47,1060.63,0.01,0.95,10,10000,0.938,0.497,27,25,0.0365887,0,0.925926
3290,10000,6.38922,5.62342,7.49894,0.0132149,0.01,0.0158489,0.545539,0.5,0.6,0.453552,0.4,0.5,0.000109698,30506.2,1361.6,1099.92,0.01,0.95,10,10000,0.938,0.497,28,21,0.0399215,0,0.75
3291,10000,6.36745,5.62342,7.49894,0.0133409,0.01,0.0158489,0.540049,0.5,0.6,0.545349,0.5,0.6,0.000109698,28327.2,1234.82,1021.35,0.01,0.95,10,10000,0.938,0.497,26,21,0.0399215,0,0.807692
3292,10000,6.18504,5.62342,7.49894,0.0121926,0.01,0.0158489,0.561048,0.5,0.6,0.655869,0.6,0.7,0.000109698,21790.1,985.454,785.654,0.01,0.95,10,10000,0.938,0.497,20,18,0.0431202,0,0.9
3293,10000,6.20816,5.62342,7.49894,0.0135722,0.01,0.0158489,0.55401,0.5,0.6,0.735681,0.7,0.8,0.000109698,26148.1,1206.35,942.785,0.01,0.95,10,10000,0.938,0.497,24,19,0.0419701,0,0.791667
3294,10000,6.36999,5.62342,7.49894,0.0130071,0.01,0.0158489,0.556356,0.5,0.6,0.856531,0.8,0.9,0.000109698,17432.1,1101.59,628.523,0.01,0.95,10,10000,0.938,0.497,16,11,0.0551595,0,0.6875
3295,10000,6.54677,5.62342,7.49894,0.01321,0.01,0.0158489,0.553245,0.5,0.6,0.951837,0.9,1,0.000109698,19611.1,1274.84,707.088,0.01,0.95,10,10000,0.938,0.497,18,11,0.0551595,0,0.611111
3296,10000,6.38965,5.62342,7.49894,0.0128125,0.01,0.0158489,0.545427,0.5,0.6,1.21465,1,1.5,0.000548488,11330.9,310.493,408.54,0.01,0.95,10,10000,0.938,0.497,52,48,0.0264056,0,0.923077
3297,10000,6.13864,5.62342,7.49894,0.0120466,0.01,0.0158489,0.649503,0.6,0.7,0.0717004,0,0.1,0.000109698,2179.01,281.878,78.5654,0.01,0.95,10,10000,0.938,0.497,2,2,0.129361,0,1
3298,10000,6.18288,5.62342,7.49894,0.0122146,0.01,0.0158489,0.652224,0.6,0.7,0.160351,0.1,0.2,0.000109698,11984.6,967.697,432.11,0.01,0.95,10,10000,0.938,0.497,11,7,0.0691461,0,0.636364
3299,10000,6.47053,5.62342,7.49894,0.0123273,0.01,0.0158489,0.641883,0.6,0.7,0.246274,0.2,0.3,0.000109698,18521.6,871.66,667.806,0.01,0.95,10,10000,0.938,0.497,17,16,0.0457358,0,0.941176
3300,10000,6.23988,5.62342,7.49894,0.0133203,0.01,0.0158489,0.639445,0.6,0.7,0.353691,0.3,0.4,0.000109698,17432.1,963.854,628.523,0.01,0.95,10,10000,0.938,0.497,16,13,0.0507394,0,0.8125
3301,10000,6.3626,5.62342,7.49894,0.0122426,0.01,0.0158489,0.642621,0.6,0.7,0.448403,0.4,0.5,0.000109698,19611.1,945.448,707.088,0.01,0.95,10,10000,0.938,0.497,18,16,0.0457358,0,0.888889
3302,10000,6.46844,5.62342,7.49894,0.0130388,0.01,0.0158489,0.650187,0.6,0.7,0.549386,0.5,0.6,0.000109698,16342.6,945.448,589.24,0.01,0.95,10,10000,0.938,0.497,15,12,0.0528112,0,0.8
3303,10000,6.62978,5.62342,7.49894,0.0116264,0.01,0.0158489,0.651692,0.6,0.7,0.639745,0.6,0.7,0.000109698,13074.1,891.377,471.392,0.01,0.95,10,10000,0.938,0.497,12,9,0.0609811,0,0.75
3304,10000,6.25842,5.62342,7.49894,0.0132112,0.01,0.0158489,0.643627,0.6,0.7,0.728967,0.7,0.8,0.000109698,21790.1,1361.6,785.654,0.01,0.95,10,10000,0.938,0.497,20,12,0.0528112,0,0.6
3305,10000,6.47932,5.62342,7.49894,0.0137212,0.01,0.0158489,0.636983,0.6,0.7,0.858046,0.8,0.9,0.000109698,8716.05,563.756,314.262,0.01,0.95,10,10000,0.938,0.497,8,8,0.0646803,0,1
3306,10000,6.38569,5.62342,7.49894,0.0127197,0.01,0.0158489,0.640907,0.6,0.7,0.942568,0.9,1,0.000109698,11984.6,661.063,432.11,0.01,0.95,10,10000,0.938,0.497,11,11,0.0551595,0,1
3307,10000,6.35181,5.62342,7.49894,0.0129923,0.01,0.0158489,0.645259,0.6,0.7,1.19255,1,1.5,0.000548488,6101.23,252.667,219.983,0.01,0.95,10,10000,0.938,0.497,28,23,0.0381463,0,0.821429
3308,10000,6.65586,5.62342,7.49894,0.0122991,0.01,0.0158489,0.756715,0.7,0.8,0.149933,0.1,0.2,0.000109698,5447.53,545.855,196.413,0.01,0.95,10,10000,0.938,0.497,5,4,0.0914717,0,0.8
3309,10000,5.99403,5.62342,7.49894,0.0125969,0.01,0.0158489,0.743069,0.7,0.8,0.272067,0.2,0.3,0.000109698,6537.04,488.227,235.696,0.01,0.95,10,10000,0.938,0.497,6,6,0.0746863,0,1
3310,10000,6.56072,5.62342,7.49894,0.012852,0.01,0.0158489,0.747927,0.7,0.8,0.347425,0.3,0.4,0.000109698,7626.54,608.926,274.979,0.01,0.95,10,10000,0.938,0.497,7,6,0.0746863,0,0.857143
3311,10000,6.5926,5.62342,7.49894,0.0122923,0.01,0.0158489,0.748311,0.7,0.8,0.458218,0.4,0.5,0.000109698,9805.55,668.533,353.544,0.01,0.95,10,10000,0.938,0.497,9,8,0.0646803,0,0.888889
3312,10000,6.48893,5.62342,7.49894,0.0114434,0.01,0.0158489,0.751925,0.7,0.8,0.560147,0.5,0.6,0.000109698,9805.55,845.634,353.544,0.01,0.95,10,10000,0.938,0.497,9,6,0.0746863,0,0.666667
3313,10000,6.30104,5.62342,7.49894,0.0121781,0.01,0.0158489,0.744934,0.7,0.8,0.645115,0.6,0.7,0.000109698,7626.54,608.926,274.979,0.01,0.95,10,10000,0.938,0.497,7,6,0.0746863,0,0.857143
3314,10000,6.62351,5.62342,7.49894,0.0129009,0.01,0.0158489,0.719807,0.7,0.8,0.74135,0.7,0.8,0.000109698,3268.52,-nan,117.848,0.01,0.95,10,10000,0.938,0.497,3,4,0.0914717,0,1.33333
3315,10000,6.7093,5.62342,7.49894,0.0117149,0.01,0.0158489,0.727716,0.7,0.8,0.847218,0.8,0.9,0.000109698,4358.02,398.636,157.131,0.01,0.95,10,10000,0.938,0.497,4,4,0.0914717,0,1
3316,10000,6.01231,5.62342,7.49894,0.0155291,0.01,0.0158489,0.7341,0.7,0.8,0.968982,0.9,1,0.000109698,1089.51,199.318,39.2827,0.01,0.95,10,10000,0.938,0.497,1,1,0.182943,0,1
3317,10000,6.55643,5.62342,7.49894,0.0119313,0.01,0.0158489,0.750467,0.7,0.8,1.21344,1,1.5,0.000548488,1525.31,121.785,54.9958,0.01,0.95,10,10000,0.938,0.497,7,6,0.0746863,0,0.857143
3318,10000,6.48385,5.62342,7.49894,0.0130889,0.01,0.0158489,0.855329,0.8,0.9,0.0465647,0,0.1,0.000109698,1089.51,199.318,39.2827,0.01,0.95,10,10000,0.938,0.497,1,1,0.182943,0,1
3319,10000,6.9784,5.62342,7.49894,0.0127025,0.01,0.0158489,0.846775,0.8,0.9,0.277581,0.2,0.3,0.000109698,2179.01,488.227,78.5654,0.01,0.95,10,10000,0.938,0.497,2,1,0.182943,0,0.5
3320,10000,6.73303,5.62342,7.49894,0.0122755,0.01,0.0158489,0.861584,0.8,0.9,0.334133,0.3,0.4,0.000109698,3268.52,488.227,117.848,0.01,0.95,10,10000,0.938,0.497,3,2,0.129361,0,0.666667
3321,10000,6.25799,5.62342,7.49894,0.0134794,0.01,0.0158489,0.835203,0.8,0.9,0.445224,0.4,0.5,0.000109698,3268.52,488.227,117.848,0.01,0.95,10,10000,0.938,0.497,3,2,0.129361,0,0.666667
3322,10000,5.85967,5.62342,7.49894,0.0142858,0.01,0.0158489,0.851725,0.8,0.9,0.565542,0.5,0.6,0.000109698,3268.52,488.227,117.848,0.01,0.95,10,10000,0.938,0.497,3,2,0.129361,0,0.666667
3323,10000,6.45228,5.62342,7.49894,0.0114343,0.01,0.0158489,0.865359,0.8,0.9,0.759211,0.7,0.8,0.000109698,2179.01,488.227,78.5654,0.01,0.95,10,10000,0.938,0.497,2,1,0.182943,0,0.5
3324,10000,6.11347,5.62342,7.49894,0.0123407,0.01,0.0158489,0.865559,0.8,0.9,0.90749,0.9,1,0.000109698,1089.51,199.318,39.2827,0.01,0.95,10,10000,0.938,0.497,1,1,0.182943,0,1
3325,10000,6.10329,5.62342,7.49894,0.0144122,0.01,0.0158489,0.859655,0.8,0.9,1.20566,1,1.5,0.000548488,1307.41,138.091,47.1392,0.01,0.95,10,10000,0.938,0.497,6,4,0.0914717,0,0.666667
3326,10000,5.69197,5.62342,7.49894,0.0125506,0.01,0.0158489,0.978647,0.9,1,0.223393,0.2,0.3,0.000109698,1089.51,199.318,39.2827,0.01,0.95,10,10000,0.938,0.497,1,1,0.182943,0,1
3327,10000,7.29811,5.62342,7.49894,0.0108017,0.01,0.0158489,0.913116,0.9,1,0.508847,0.5,0.6,0.000109698,1089.51,199.318,39.2827,0.01,0.95,10,10000,0.938,0.497,1,1,0.182943,0,1
3328,10000,6.52522,5.62342,7.49894,0.01287,0.01,0.0158489,0.925955,0.9,1,0.759775,0.7,0.8,0.000109698,3268.52,488.227,117.848,0.01,0.95,10,10000,0.938,0.497,3,2,0.129361,0,0.666667
3329,10000,7.22948,5.62342,7.49894,0.0142199,0.01,0.0158489,0.903134,0.9,1,0.863602,0.8,0.9,0.000109698,1089.51,199.318,39.2827,0.01,0.95,10,10000,0.938,0.497,1,1,0.182943,0,1
3330,10000,6.87259,5.62342,7.49894,0.0102897,0.01,0.0158489,0.900468,0.9,1,1.15715,1,1.5,0.000548488,0,0,0,0.01,0.95,10,10000,0.938,0.497,0,1,0.182943,0,0
3331,10000,6.38032,5.62342,7.49894,0.0205902,0.0158489,0.0251189,0.0783045,0.05,0.1,0.0646476,0,0.1,8.69306e-05,269470,6692.04,9715.87,0.01,0.95,10,10000,0.938,0.497,196,85,0.019843,0,0.433673
3332,10000,6.39179,5.62342,7.49894,0.0203857,0.0158489,0.0251189,0.0738435,0.05,0.1,0.154123,0.1,0.2,8.69306e-05,819408,11401.5,29544.2,0.01,0.95,10,10000,0.938,0.497,596,268,0.011175,0,0.449664
3333,10000,6.40593,5.62342,7.49894,0.0200269,0.0158489,0.0251189,0.0746792,0.05,0.1,0.251046,0.2,0.3,8.69306e-05,1.03938e+06,13037.8,37475.5,0.01,0.95,10,10000,0.938,0.497,756,332,0.0100403,0,0.439153
3334,10000,6.38655,5.62342,7.49894,0.0198887,0.0158489,0.0251189,0.0739234,0.05,0.1,0.350301,0.3,0.4,8.69306e-05,972016,12415.7,35046.5,0.01,0.95,10,10000,0.938,0.497,707,318,0.010259,0,0.449788
3335,10000,6.41395,5.62342,7.49894,0.0200555,0.0158489,0.0251189,0.0746163,0.05,0.1,0.446497,0.4,0.5,8.69306e-05,914273,11313.6,32964.6,0.01,0.95,10,10000,0.938,0.497,665,329,0.010086,0,0.494737
3336,10000,6.42259,5.62342,7.49894,0.0201388,0.0158489,0.0251189,0.0741523,0.05,0.1,0.548609,0.5,0.6,8.69306e-05,753416,9702.11,27164.8,0.01,0.95,10,10000,0.938,0.497,548,295,0.0106514,0,0.538321
3337,10000,6.40464,5.62342,7.49894,0.0201735,0.0158489,0.0251189,0.0729107,0.05,0.1,0.646885,0.6,0.7,8.69306e-05,556813,7777.6,20076.2,0.01,0.95,10,10000,0.938,0.497,405,241,0.0117844,0,0.595062
3338,10000,6.44884,5.62342,7.49894,0.0206905,0.0158489,0.0251189,0.0713137,0.05,0.1,0.748199,0.7,0.8,8.69306e-05,442700,6798.6,15961.8,0.01,0.95,10,10000,0.938,0.497,322,197,0.0130342,0,0.611801
3339,10000,6.38146,5.62342,7.49894,0.0199522,0.0158489,0.0251189,0.0727209,0.05,0.1,0.848362,0.8,0.9,8.69306e-05,287343,5293.59,10360.3,0.01,0.95,10,10000,0.938,0.497,209,134,0.0158039,0,0.641148
3340,10000,6.35925,5.62342,7.49894,0.0199213,0.0158489,0.0251189,0.0746443,0.05,0.1,0.949315,0.9,1,8.69306e-05,266720,4318.36,9616.73,0.01,0.95,10,10000,0.938,0.497,194,154,0.014742,0,0.793814
3341,10000,6.39411,5.62342,7.49894,0.0203758,0.0158489,0.0251189,0.0728281,0.05,0.1,1.17257,1,1.5,0.000434653,98164,1226.13,3539.35,0.01,0.95,10,10000,0.938,0.497,357,268,0.011175,0,0.7507
3342,10000,6.38129,5.62342,7.49894,0.0201762,0.0158489,0.0251189,0.127454,0.1,0.15,0.0674526,0,0.1,8.69306e-05,202102,4061.21,7286.9,0.01,0.95,10,10000,0.938,0.497,147,106,0.017769,0,0.721088
3343,10000,6.47465,5.62342,7.49894,0.0202035,0.0158489,0.0251189,0.123904,0.1,0.15,0.15269,0.1,0.2,8.69306e-05,453699,6104.13,16358.4,0.01,0.95,10,10000,0.938,0.497,330,237,0.0118835,0,0.718182
3344,10000,6.40446,5.62342,7.49894,0.0204157,0.0158489,0.0251189,0.124985,0.1,0.15,0.250954,0.2,0.3,8.69306e-05,629679,7562.75,22703.4,0.01,0.95,10,10000,0.938,0.497,458,308,0.0104242,0,0.672489
3345,10000,6.3906,5.62342,7.49894,0.0200997,0.0158489,0.0251189,0.124444,0.1,0.15,0.350259,0.3,0.4,8.69306e-05,664051,8236.08,23942.7,0.01,0.95,10,10000,0.938,0.497,483,300,0.0105622,0,0.621118
3346,10000,6.41201,5.62342,7.49894,0.0201118,0.0158489,0.0251189,0.125387,0.1,0.15,0.45125,0.4,0.5,8.69306e-05,544439,7434.78,19630,0.01,0.95,10,10000,0.938,0.497,396,247,0.0116404,0,0.623737
3347,10000,6.44277,5.62342,7.49894,0.0199839,0.0158489,0.0251189,0.125138,0.1,0.15,0.547175,0.5,0.6,8.69306e-05,464698,7341.78,16754.9,0.01,0.95,10,10000,0.938,0.497,338,192,0.0132028,0,0.568047
3348,10000,6.4022,5.62342,7.49894,0.0200707,0.0158489,0.0251189,0.122603,0.1,0.15,0.64791,0.6,0.7,8.69306e-05,354710,5713.41,12789.3,0.01,0.95,10,10000,0.938,0.497,258,172,0.0139493,0,0.666667
3349,10000,6.28071,5.62342,7.49894,0.0199562,0.0158489,0.0251189,0.12486,0.1,0.15,0.749337,0.7,0.8,8.69306e-05,279094,5134.22,10062.9,0.01,0.95,10,10000,0.938,0.497,203,133,0.0158632,0,0.655172
3350,10000,6.38099,5.62342,7.49894,0.0198599,0.0158489,0.0251189,0.12553,0.1,0.15,0.846229,0.8,0.9,8.69306e-05,210351,4819.72,7584.33,0.01,0.95,10,10000,0.938,0.497,153,90,0.0192839,0,0.588235
3351,10000,6.37896,5.62342,7.49894,0.0201436,0.0158489,0.0251189,0.122156,0.1,0.15,0.943883,0.9,1,8.69306e-05,144359,3530.73,5204.93,0.01,0.95,10,10000,0.938,0.497,105,73,0.0214119,0,0.695238
3352,10000,6.44621,5.62342,7.49894,0.0199397,0.0158489,0.0251189,0.122189,0.1,0.15,1.20621,1,1.5,0.000434653,72316.9,1089.34,2607.42,0.01,0.95,10,10000,0.938,0.497,263,189,0.0133072,0,0.718631
3353,10000,6.45568,5.62342,7.49894,0.0199076,0.0158489,0.0251189,0.172226,0.15,0.2,0.0717878,0,0.1,8.69306e-05,114112,2650.59,4114.37,0.01,0.95,10,10000,0.938,0.497,83,71,0.0217114,0,0.855422
3354,10000,6.30975,5.62342,7.49894,0.0196747,0.0158489,0.0251189,0.173299,0.15,0.2,0.153698,0.1,0.2,8.69306e-05,273594,4067.12,9864.58,0.01,0.95,10,10000,0.938,0.497,199,172,0.0139493,0,0.864322
3355,10000,6.40257,5.62342,7.49894,0.0198311,0.0158489,0.0251189,0.172719,0.15,0.2,0.246669,0.2,0.3,8.69306e-05,400080,5140.03,14425.1,0.01,0.95,10,10000,0.938,0.497,291,239,0.0118336,0,0.821306
3356,10000,6.38106,5.62342,7.49894,0.0199555,0.0158489,0.0251189,0.17315,0.15,0.2,0.349814,0.3,0.4,8.69306e-05,380832,5357.72,13731.1,0.01,0.95,10,10000,0.938,0.497,277,210,0.0126243,0,0.758123
3357,10000,6.3864,5.62342,7.49894,0.020071,0.0158489,0.0251189,0.173484,0.15,0.2,0.447971,0.4,0.5,8.69306e-05,368459,5315.73,13285,0.01,0.95,10,10000,0.938,0.497,268,201,0.0129038,0,0.75
3358,10000,6.37973,5.62342,7.49894,0.0199017,0.0158489,0.0251189,0.172115,0.15,0.2,0.548765,0.5,0.6,8.69306e-05,331338,5313.84,11946.6,0.01,0.95,10,10000,0.938,0.497,241,169,0.0140726,0,0.701245
3359,10000,6.36565,5.62342,7.49894,0.0199425,0.0158489,0.0251189,0.175906,0.15,0.2,0.648517,0.6,0.7,8.69306e-05,276344,4799,9963.73,0.01,0.95,10,10000,0.938,0.497,201,143,0.0152985,0,0.711443
3360,10000,6.49275,5.62342,7.49894,0.0199758,0.0158489,0.0251189,0.173584,0.15,0.2,0.750292,0.7,0.8,8.69306e-05,197978,4587.65,7138.19,0.01,0.95,10,10000,0.938,0.497,144,87,0.0196136,0,0.604167
3361,10000,6.33108,5.62342,7.49894,0.020196,0.0158489,0.0251189,0.176523,0.15,0.2,0.84604,0.8,0.9,8.69306e-05,122361,3245.63,4411.8,0.01,0.95,10,10000,0.938,0.497,89,62,0.0232338,0,0.696629
3362,10000,6.53456,5.62342,7.49894,0.0194698,0.0158489,0.0251189,0.172276,0.15,0.2,0.950804,0.9,1,8.69306e-05,101739,3273.4,3668.24,0.01,0.95,10,10000,0.938,0.497,74,45,0.0272716,0,0.608108
3363,10000,6.42783,5.62342,7.49894,0.0201231,0.0158489,0.0251189,0.171388,0.15,0.2,1.202,1,1.5,0.000434653,53069.1,1003.88,1913.43,0.01,0.95,10,10000,0.938,0.497,193,126,0.0162979,0,0.65285
3364,10000,6.35424,5.62342,7.49894,0.0200129,0.0158489,0.0251189,0.223343,0.2,0.25,0.0700891,0,0.1,8.69306e-05,70117.1,2062.26,2528.11,0.01,0.95,10,10000,0.938,0.497,51,44,0.0275798,0,0.862745
3365,10000,6.33897,5.62342,7.49894,0.0201629,0.0158489,0.0251189,0.223617,0.2,0.25,0.158046,0.1,0.2,8.69306e-05,197978,3281.16,7138.19,0.01,0.95,10,10000,0.938,0.497,144,132,0.0159232,0,0.916667
3366,10000,6.39961,5.62342,7.49894,0.0201252,0.0158489,0.0251189,0.223891,0.2,0.25,0.247591,0.2,0.3,8.69306e-05,251597,3992.12,9071.45,0.01,0.95,10,10000,0.938,0.497,183,154,0.014742,0,0.84153
3367,10000,6.3738,5.62342,7.49894,0.0199769,0.0158489,0.0251189,0.223352,0.2,0.25,0.348417,0.3,0.4,8.69306e-05,262596,4116.63,9468.02,0.01,0.95,10,10000,0.938,0.497,191,159,0.0145084,0,0.832461
3368,10000,6.39938,5.62342,7.49894,0.0200363,0.0158489,0.0251189,0.225514,0.2,0.25,0.449569,0.4,0.5,8.69306e-05,269470,4151.88,9715.87,0.01,0.95,10,10000,0.938,0.497,196,164,0.0142855,0,0.836735
3369,10000,6.38955,5.62342,7.49894,0.0198026,0.0158489,0.0251189,0.225639,0.2,0.25,0.54962,0.5,0.6,8.69306e-05,270845,4202.58,9765.44,0.01,0.95,10,10000,0.938,0.497,197,163,0.0143292,0,0.827411
3370,10000,6.38468,5.62342,7.49894,0.0202564,0.0158489,0.0251189,0.225112,0.2,0.25,0.651221,0.6,0.7,8.69306e-05,195228,3826.13,7039.05,0.01,0.95,10,10000,0.938,0.497,142,108,0.0176037,0,0.760563
3371,10000,6.42592,5.62342,7.49894,0.0197474,0.0158489,0.0251189,0.223677,0.2,0.25,0.74568,0.7,0.8,8.69306e-05,148483,3408.06,5353.64,0.01,0.95,10,10000,0.938,0.497,108,80,0.0204537,0,0.740741
3372,10000,6.51725,5.62342,7.49894,0.0201347,0.0158489,0.0251189,0.225109,0.2,0.25,0.844109,0.8,0.9,8.69306e-05,112737,3342.6,4064.8,0.01,0.95,10,10000,0.938,0.497,82,52,0.0253697,0,0.634146
3373,10000,6.31734,5.62342,7.49894,0.0199,0.0158489,0.0251189,0.223961,0.2,0.25,0.947214,0.9,1,8.69306e-05,86615.3,3156.54,3122.96,0.01,0.95,10,10000,0.938,0.497,63,36,0.0304906,0,0.571429
3374,10000,6.34979,5.62342,7.49894,0.0194899,0.0158489,0.0251189,0.225014,0.2,0.25,1.20013,1,1.5,0.000434653,39595.6,867.199,1427.64,0.01,0.95,10,10000,0.938,0.497,144,94,0.0188692,0,0.652778
3375,10000,6.43571,5.62342,7.49894,0.0203389,0.0158489,0.0251189,0.275964,0.25,0.3,0.073745,0,0.1,8.69306e-05,32996.3,1457.94,1189.7,0.01,0.95,10,10000,0.938,0.497,24,20,0.0409074,0,0.833333
3376,10000,6.29497,5.62342,7.49894,0.0201568,0.0158489,0.0251189,0.275628,0.25,0.3,0.156597,0.1,0.2,8.69306e-05,126486,2812.36,4560.51,0.01,0.95,10,10000,0.938,0.497,92,78,0.0207143,0,0.847826
3377,10000,6.48223,5.62342,7.49894,0.020274,0.0158489,0.0251189,0.274286,0.25,0.3,0.252545,0.2,0.3,8.69306e-05,163607,3168.21,5898.92,0.01,0.95,10,10000,0.938,0.497,119,102,0.0181141,0,0.857143
3378,10000,6.35613,5.62342,7.49894,0.0199854,0.0158489,0.0251189,0.27362,0.25,0.3,0.347186,0.3,0.4,8.69306e-05,196603,3462.42,7088.62,0.01,0.95,10,10000,0.938,0.497,143,123,0.0164955,0,0.86014
3379,10000,6.37194,5.62342,7.49894,0.0204357,0.0158489,0.0251189,0.274104,0.25,0.3,0.448102,0.4,0.5,8.69306e-05,155358,3226.77,5601.5,0.01,0.95,10,10000,0.938,0.497,113,92,0.0190732,0,0.814159
3380,10000,6.38459,5.62342,7.49894,0.0201479,0.0158489,0.0251189,0.272181,0.25,0.3,0.550498,0.5,0.6,8.69306e-05,147109,2804.1,5304.07,0.01,0.95,10,10000,0.938,0.497,107,99,0.0183865,0,0.925234
3381,10000,6.36628,5.62342,7.49894,0.0199419,0.0158489,0.0251189,0.272473,0.25,0.3,0.64194,0.6,0.7,8.69306e-05,133360,3154.51,4808.37,0.01,0.95,10,10000,0.938,0.497,97,74,0.0212667,0,0.762887
3382,10000,6.40097,5.62342,7.49894,0.0200966,0.0158489,0.0251189,0.273522,0.25,0.3,0.75088,0.7,0.8,8.69306e-05,112737,2706.19,4064.8,0.01,0.95,10,10000,0.938,0.497,82,68,0.0221851,0,0.829268
3383,10000,6.37973,5.62342,7.49894,0.0197686,0.0158489,0.0251189,0.273627,0.25,0.3,0.845044,0.8,0.9,8.69306e-05,76991.4,2254.54,2775.96,0.01,0.95,10,10000,0.938,0.497,56,46,0.0269735,0,0.821429
3384,10000,6.269,5.62342,7.49894,0.0191206,0.0158489,0.0251189,0.272456,0.25,0.3,0.943994,0.9,1,8.69306e-05,56368.7,1820.5,2032.4,0.01,0.95,10,10000,0.938,0.497,41,36,0.0304906,0,0.878049
3385,10000,6.41611,5.62342,7.49894,0.0202734,0.0158489,0.0251189,0.275647,0.25,0.3,1.19235,1,1.5,0.000434653,31621.5,691.605,1140.13,0.01,0.95,10,10000,0.938,0.497,115,87,0.0196136,0,0.756522
3386,10000,6.47259,5.62342,7.49894,0.0200036,0.0158489,0.0251189,0.348852,0.3,0.4,0.0705123,0,0.1,0.000173861,20622.7,815.015,743.562,0.01,0.95,10,10000,0.938,0.497,30,25,0.0365887,0,0.833333
3387,10000,6.51511,5.62342,7.49894,0.0194452,0.0158489,0.0251189,0.342098,0.3,0.4,0.162558,0.1,0.2,0.000173861,52244.1,1140.51,1883.69,0.01,0.95,10,10000,0.938,0.497,76,73,0.0214119,0,0.960526
3388,10000,6.38023,5.62342,7.49894,0.0200929,0.0158489,0.0251189,0.34229,0.3,0.4,0.250105,0.2,0.3,0.000173861,86615.3,1616.89,3122.96,0.01,0.95,10,10000,0.938,0.497,126,109,0.0175228,0,0.865079
3389,10000,6.32887,5.62342,7.49894,0.0201165,0.0158489,0.0251189,0.342493,0.3,0.4,0.351772,0.3,0.4,0.000173861,91427.3,1674.7,3296.46,0.01,0.95,10,10000,0.938,0.497,133,114,0.0171342,0,0.857143
3390,10000,6.26965,5.62342,7.49894,0.0199794,0.0158489,0.0251189,0.346451,0.3,0.4,0.446594,0.4,0.5,0.000173861,81803.3,1543.99,2949.46,0.01,0.95,10,10000,0.938,0.497,119,105,0.0178534,0,0.882353
3391,10000,6.28939,5.62342,7.49894,0.0194461,0.0158489,0.0251189,0.34198,0.3,0.4,0.552514,0.5,0.6,0.000173861,84553,1657.2,3048.6,0.01,0.95,10,10000,0.938,0.497,123,102,0.0181141,0,0.829268
3392,10000,6.30696,5.62342,7.49894,0.0203228,0.0158489,0.0251189,0.346468,0.3,0.4,0.645875,0.6,0.7,0.000173861,79741.1,1556.17,2875.1,0.01,0.95,10,10000,0.938,0.497,116,100,0.0182943,0,0.862069
3393,10000,6.26547,5.62342,7.49894,0.0201257,0.0158489,0.0251189,0.348208,0.3,0.4,0.749828,0.7,0.8,0.000173861,57056.1,1341.73,2057.19,0.01,0.95,10,10000,0.938,0.497,83,70,0.0218659,0,0.843373
3394,10000,6.32032,5.62342,7.49894,0.0197089,0.0158489,0.0251189,0.346493,0.3,0.4,0.844293,0.8,0.9,0.000173861,48119.6,1389.95,1734.98,0.01,0.95,10,10000,0.938,0.497,70,51,0.0256172,0,0.728571
3395,10000,6.37828,5.62342,7.49894,0.0193325,0.0158489,0.0251189,0.342809,0.3,0.4,0.943082,0.9,1,0.000173861,34371.1,944.31,1239.27,0.01,0.95,10,10000,0.938,0.497,50,47,0.026685,0,0.94
3396,10000,6.32008,5.62342,7.49894,0.0201917,0.0158489,0.0251189,0.343681,0.3,0.4,1.20217,1,1.5,0.000869306,18148,361.287,654.334,0.01,0.95,10,10000,0.938,0.497,132,103,0.0180259,0,0.780303
3397,10000,6.54839,5.62342,7.49894,0.0222647,0.0158489,0.0251189,0.449637,0.4,0.5,0.0724141,0,0.1,0.000173861,9623.92,584.969,346.995,0.01,0.95,10,10000,0.938,0.497,14,11,0.0551595,0,0.785714
3398,10000,6.25191,5.62342,7.49894,0.0202481,0.0158489,0.0251189,0.443232,0.4,0.5,0.14678,0.1,0.2,0.000173861,19247.8,714.815,693.991,0.01,0.95,10,10000,0.938,0.497,28,26,0.0358782,0,0.928571
3399,10000,6.33343,5.62342,7.49894,0.0206046,0.0158489,0.0251189,0.453096,0.4,0.5,0.258237,0.2,0.3,0.000173861,35746,1018.3,1288.84,0.01,0.95,10,10000,0.938,0.497,52,46,0.0269735,0,0.884615
3400,10000,6.33736,5.62342,7.49894,0.0204463,0.0158489,0.0251189,0.446505,0.4,0.5,0.347683,0.3,0.4,0.000173861,41932.8,1048.88,1511.91,0.01,0.95,10,10000,0.938,0.497,61,57,0.0242314,0,0.934426
3401,10000,6.41266,5.62342,7.49894,0.0196918,0.0158489,0.0251189,0.438145,0.4,0.5,0.451522,0.4,0.5,0.000173861,46057.3,1143.19,1660.62,0.01,0.95,10,10000,0.938,0.497,67,60,0.0236179,0,0.895522
3402,10000,6.27294,5.62342,7.49894,0.0199757,0.0158489,0.0251189,0.444927,0.4,0.5,0.548479,0.5,0.6,0.000173861,47432.2,1322.93,1710.19,0.01,0.95,10,10000,0.938,0.497,69,53,0.0251292,0,0.768116
3403,10000,6.31276,5.62342,7.49894,0.0196865,0.0158489,0.0251189,0.448292,0.4,0.5,0.642583,0.6,0.7,0.000173861,41245.4,1152.6,1487.12,0.01,0.95,10,10000,0.938,0.497,60,50,0.0258721,0,0.833333
3404,10000,6.29762,5.62342,7.49894,0.0204245,0.0158489,0.0251189,0.443692,0.4,0.5,0.752177,0.7,0.8,0.000173861,41245.4,1152.6,1487.12,0.01,0.95,10,10000,0.938,0.497,60,50,0.0258721,0,0.833333
3405,10000,6.39085,5.62342,7.49894,0.0197552,0.0158489,0.0251189,0.447463,0.4,0.5,0.844886,0.8,0.9,0.000173861,24747.2,843.62,892.274,0.01,0.95,10,10000,0.938,0.497,36,32,0.0323401,0,0.888889
3406,10000,6.24192,5.62342,7.49894,0.0204177,0.0158489,0.0251189,0.442984,0.4,0.5,0.948232,0.9,1,0.000173861,16498.2,728.971,594.849,0.01,0.95,10,10000,0.938,0.497,24,20,0.0409074,0,0.833333
3407,10000,6.41161,5.62342,7.49894,0.0198682,0.0158489,0.0251189,0.445963,0.4,0.5,1.19152,1,1.5,0.000869306,9348.95,229.98,337.081,0.01,0.95,10,10000,0.938,0.497,68,61,0.0234235,0,0.897059
3408,10000,6.363,5.62342,7.49894,0.0198157,0.0158489,0.0251189,0.512509,0.5,0.6,0.0713537,0,0.1,0.000173861,4124.54,435.644,148.712,0.01,0.95,10,10000,0.938,0.497,6,4,0.0914717,0,0.666667
3409,10000,6.27644,5.62342,7.49894,0.0201718,0.0158489,0.0251189,0.541077,0.5,0.6,0.17353,0.1,0.2,0.000173861,7561.65,610.568,272.639,0.01,0.95,10,10000,0.938,0.497,11,7,0.0691461,0,0.636364
3410,10000,6.46994,5.62342,7.49894,0.0199102,0.0158489,0.0251189,0.552082,0.5,0.6,0.251684,0.2,0.3,0.000173861,16498.2,698.584,594.849,0.01,0.95,10,10000,0.938,0.497,24,21,0.0399215,0,0.875
3411,10000,6.31992,5.62342,7.49894,0.0198997,0.0158489,0.0251189,0.553099,0.5,0.6,0.351502,0.3,0.4,0.000173861,21310.1,851.829,768.347,0.01,0.95,10,10000,0.938,0.497,31,25,0.0365887,0,0.806452
3412,10000,6.28378,5.62342,7.49894,0.0209562,0.0158489,0.0251189,0.545725,0.5,0.6,0.460334,0.4,0.5,0.000173861,20622.7,873.652,743.562,0.01,0.95,10,10000,0.938,0.497,30,23,0.0381463,0,0.766667
3413,10000,6.48812,5.62342,7.49894,0.0205965,0.0158489,0.0251189,0.541896,0.5,0.6,0.549999,0.5,0.6,0.000173861,21997.5,949.825,793.132,0.01,0.95,10,10000,0.938,0.497,32,23,0.0381463,0,0.71875
3414,10000,6.35618,5.62342,7.49894,0.0202153,0.0158489,0.0251189,0.543752,0.5,0.6,0.649459,0.6,0.7,0.000173861,17873,845.099,644.42,0.01,0.95,10,10000,0.938,0.497,26,19,0.0419701,0,0.730769
3415,10000,6.32136,5.62342,7.49894,0.0200705,0.0158489,0.0251189,0.550523,0.5,0.6,0.749955,0.7,0.8,0.000173861,15810.7,825.858,570.064,0.01,0.95,10,10000,0.938,0.497,23,16,0.0457358,0,0.695652
3416,10000,6.097,5.62342,7.49894,0.0187038,0.0158489,0.0251189,0.552027,0.5,0.6,0.865807,0.8,0.9,0.000173861,10311.3,640.128,371.781,0.01,0.95,10,10000,0.938,0.497,15,11,0.0551595,0,0.733333
3417,10000,6.36246,5.62342,7.49894,0.0208053,0.0158489,0.0251189,0.538204,0.5,0.6,0.939353,0.9,1,0.000173861,5499.38,403.328,198.283,0.01,0.95,10,10000,0.938,0.497,8,7,0.0691461,0,0.875
3418,10000,6.49244,5.62342,7.49894,0.0198049,0.0158489,0.0251189,0.545138,0.5,0.6,1.22292,1,1.5,0.000869306,4399.51,156.308,158.626,0.01,0.95,10,10000,0.938,0.497,32,29,0.0339717,0,0.90625
3419,10000,5.93182,5.62342,7.49894,0.0235813,0.0158489,0.0251189,0.619464,0.6,0.7,0.0796535,0,0.1,0.000173861,687.423,-nan,24.7854,0.01,0.95,10,10000,0.938,0.497,1,2,0.129361,0,2
3420,10000,6.06162,5.62342,7.49894,0.0191612,0.0158489,0.0251189,0.641538,0.6,0.7,0.137288,0.1,0.2,0.000173861,4124.54,435.644,148.712,0.01,0.95,10,10000,0.938,0.497,6,4,0.0914717,0,0.666667
3421,10000,6.63789,5.62342,7.49894,0.0201832,0.0158489,0.0251189,0.636025,0.6,0.7,0.264756,0.2,0.3,0.000173861,10311.3,520.694,371.781,0.01,0.95,10,10000,0.938,0.497,15,14,0.0488937,0,0.933333
3422,10000,6.45894,5.62342,7.49894,0.020299,0.0158489,0.0251189,0.64199,0.6,0.7,0.353442,0.3,0.4,0.000173861,13748.5,654.177,495.708,0.01,0.95,10,10000,0.938,0.497,20,17,0.0443703,0,0.85
3423,10000,6.30384,5.62342,7.49894,0.0187625,0.0158489,0.0251189,0.643501,0.6,0.7,0.446071,0.4,0.5,0.000173861,13061,577.825,470.922,0.01,0.95,10,10000,0.938,0.497,19,18,0.0431202,0,0.947368
3424,10000,6.1936,5.62342,7.49894,0.0221806,0.0158489,0.0251189,0.631454,0.6,0.7,0.543822,0.5,0.6,0.000173861,8936.5,529.495,322.21,0.01,0.95,10,10000,0.938,0.497,13,11,0.0551595,0,0.846154
3425,10000,6.67174,5.62342,7.49894,0.0195835,0.0158489,0.0251189,0.633303,0.6,0.7,0.638733,0.6,0.7,0.000173861,10998.8,570.391,396.566,0.01,0.95,10,10000,0.938,0.497,16,14,0.0488937,0,0.875
3426,10000,6.32096,5.62342,7.49894,0.0200838,0.0158489,0.0251189,0.639919,0.6,0.7,0.753145,0.7,0.8,0.000173861,6186.81,377.278,223.068,0.01,0.95,10,10000,0.938,0.497,9,9,0.0609811,0,1
3427,10000,6.67481,5.62342,7.49894,0.0215547,0.0158489,0.0251189,0.637505,0.6,0.7,0.859484,0.8,0.9,0.000173861,4811.96,332.728,173.498,0.01,0.95,10,10000,0.938,0.497,7,7,0.0691461,0,1
3428,10000,6.28564,5.62342,7.49894,0.0210967,0.0158489,0.0251189,0.636967,0.6,0.7,0.953899,0.9,1,0.000173861,4124.54,-nan,148.712,0.01,0.95,10,10000,0.938,0.497,6,7,0.0691461,0,1.16667
3429,10000,6.41524,5.62342,7.49894,0.0199999,0.0158489,0.0251189,0.636692,0.6,0.7,1.19818,1,1.5,0.000869306,2749.69,162.105,99.1415,0.01,0.95,10,10000,0.938,0.497,20,13,0.0507394,0,0.65
3430,10000,6.40436,5.62342,7.49894,0.0218143,0.0158489,0.0251189,0.753793,0.7,0.8,0.138329,0.1,0.2,0.000173861,2749.69,324.71,99.1415,0.01,0.95,10,10000,0.938,0.497,4,3,0.105622,0,0.75
3431,10000,6.42096,5.62342,7.49894,0.0189021,0.0158489,0.0251189,0.709257,0.7,0.8,0.278169,0.2,0.3,0.000173861,687.423,-nan,24.7854,0.01,0.95,10,10000,0.938,0.497,1,2,0.129361,0,2
3432,10000,6.1142,5.62342,7.49894,0.0201924,0.0158489,0.0251189,0.72491,0.7,0.8,0.34045,0.3,0.4,0.000173861,2749.69,324.71,99.1415,0.01,0.95,10,10000,0.938,0.497,4,3,0.105622,0,0.75
3433,10000,6.30142,5.62342,7.49894,0.0191141,0.0158489,0.0251189,0.753465,0.7,0.8,0.459947,0.4,0.5,0.000173861,8249.08,473.595,297.425,0.01,0.95,10,10000,0.938,0.497,12,11,0.0551595,0,0.916667
3434,10000,6.5066,5.62342,7.49894,0.0204029,0.0158489,0.0251189,0.766117,0.7,0.8,0.544198,0.5,0.6,0.000173861,5499.38,403.328,198.283,0.01,0.95,10,10000,0.938,0.497,8,7,0.0691461,0,0.875
3435,10000,6.2369,5.62342,7.49894,0.0209013,0.0158489,0.0251189,0.750038,0.7,0.8,0.626611,0.6,0.7,0.000173861,4811.96,332.728,173.498,0.01,0.95,10,10000,0.938,0.497,7,7,0.0691461,0,1
3436,10000,6.72428,5.62342,7.49894,0.01932,0.0158489,0.0251189,0.735525,0.7,0.8,0.737857,0.7,0.8,0.000173861,4811.96,526.09,173.498,0.01,0.95,10,10000,0.938,0.497,7,4,0.0914717,0,0.571429
3437,10000,6.308,5.62342,7.49894,0.0205637,0.0158489,0.0251189,0.708748,0.7,0.8,0.837708,0.8,0.9,0.000173861,1374.85,308.047,49.5708,0.01,0.95,10,10000,0.938,0.497,2,1,0.182943,0,0.5
3438,10000,7.02496,5.62342,7.49894,0.0186844,0.0158489,0.0251189,0.723914,0.7,0.8,0.984243,0.9,1,0.000173861,2062.27,308.047,74.3562,0.01,0.95,10,10000,0.938,0.497,3,2,0.129361,0,0.666667
3439,10000,6.66897,5.62342,7.49894,0.0201913,0.0158489,0.0251189,0.741958,0.7,0.8,1.1231,1,1.5,0.000869306,1649.82,123.219,59.4849,0.01,0.95,10,10000,0.938,0.497,12,8,0.0646803,0,0.666667
3440,10000,6.36433,5.62342,7.49894,0.0207504,0.0158489,0.0251189,0.897052,0.8,0.9,0.0980493,0,0.1,0.000173861,687.423,125.759,24.7854,0.01,0.95,10,10000,0.938,0.497,1,1,0.182943,0,1
3441,10000,7.27064,5.62342,7.49894,0.0227846,0.0158489,0.0251189,0.862456,0.8,0.9,0.19349,0.1,0.2,0.000173861,2062.27,308.047,74.3562,0.01,0.95,10,10000,0.938,0.497,3,2,0.129361,0,0.666667
3442,10000,6.50197,5.62342,7.49894,0.0214244,0.0158489,0.0251189,0.834573,0.8,0.9,0.251751,0.2,0.3,0.000173861,1374.85,308.047,49.5708,0.01,0.95,10,10000,0.938,0.497,2,1,0.182943,0,0.5
3443,10000,5.73817,5.62342,7.49894,0.0216393,0.0158489,0.0251189,0.884046,0.8,0.9,0.388173,0.3,0.4,0.000173861,2062.27,487.064,74.3562,0.01,0.95,10,10000,0.938,0.497,3,1,0.182943,0,0.333333
3444,10000,6.32912,5.62342,7.49894,0.0168164,0.0158489,0.0251189,0.851687,0.8,0.9,0.436483,0.4,0.5,0.000173861,1374.85,177.851,49.5708,0.01,0.95,10,10000,0.938,0.497,2,2,0.129361,0,1
3445,10000,6.19483,5.62342,7.49894,0.0162949,0.0158489,0.0251189,0.823004,0.8,0.9,0.548614,0.5,0.6,0.000173861,2749.69,324.71,99.1415,0.01,0.95,10,10000,0.938,0.497,4,3,0.105622,0,0.75
3446,10000,7.0043,5.62342,7.49894,0.0178958,0.0158489,0.0251189,0.885998,0.8,0.9,0.668531,0.6,0.7,0.000173861,4811.96,637.126,173.498,0.01,0.95,10,10000,0.938,0.497,7,3,0.105622,0,0.428571
3447,10000,6.86086,5.62342,7.49894,0.0172913,0.0158489,0.0251189,0.828341,0.8,0.9,0.720415,0.7,0.8,0.000173861,2749.69,435.644,99.1415,0.01,0.95,10,10000,0.938,0.497,4,2,0.129361,0,0.5
3448,10000,5.78652,5.62342,7.49894,0.0191168,0.0158489,0.0251189,0.837494,0.8,0.9,0.838695,0.8,0.9,0.000173861,2749.69,324.71,99.1415,0.01,0.95,10,10000,0.938,0.497,4,3,0.105622,0,0.75
3449,10000,6.49316,5.62342,7.49894,0.021043,0.0158489,0.0251189,0.862292,0.8,0.9,0.941257,0.9,1,0.000173861,2062.27,217.822,74.3562,0.01,0.95,10,10000,0.938,0.497,3,3,0.105622,0,1
3450,10000,6.08116,5.62342,7.49894,0.0193458,0.0158489,0.0251189,0.851197,0.8,0.9,1.21772,1,1.5,0.000869306,549.938,87.1287,19.8283,0.01,0.95,10,10000,0.938,0.497,4,2,0.129361,0,0.5
3451,10000,5.76401,5.62342,7.49894,0.0213014,0.0158489,0.0251189,0.958972,0.9,1,0.269704,0.2,0.3,0.000173861,687.423,125.759,24.7854,0.01,0.95,10,10000,0.938,0.497,1,1,0.182943,0,1
3452,10000,7.20357,5.62342,7.49894,0.0229446,0.0158489,0.0251189,0.962463,0.9,1,0.313538,0.3,0.4,0.000173861,1374.85,308.047,49.5708,0.01,0.95,10,10000,0.938,0.497,2,1,0.182943,0,0.5
3453,10000,6.81567,5.62342,7.49894,0.018212,0.0158489,0.0251189,0.960322,0.9,1,0.756015,0.7,0.8,0.000173861,1374.85,177.851,49.5708,0.01,0.95,10,10000,0.938,0.497,2,2,0.129361,0,1
3454,10000,5.88383,5.62342,7.49894,0.0166312,0.0158489,0.0251189,0.924012,0.9,1,1.00281,1,1.5,0.000869306,137.485,25.1519,4.95708,0.01,0.95,10,10000,0.938,0.497,1,1,0.182943,0,1
3455,10000,6.32661,5.62342,7.49894,0.0321868,0.0251189,0.0398107,0.0714111,0.05,0.1,0.0641834,0,0.1,0.000137774,170026,3305.26,6130.37,0.01,0.95,10,10000,0.938,0.497,196,122,0.0165629,0,0.622449
3456,10000,6.41349,5.62342,7.49894,0.0319141,0.0251189,0.0398107,0.0719662,0.05,0.1,0.150569,0.1,0.2,0.000137774,496198,6380.67,17890.7,0.01,0.95,10,10000,0.938,0.497,572,299,0.0105799,0,0.522727
3457,10000,6.4032,5.62342,7.49894,0.0326249,0.0251189,0.0398107,0.0708214,0.05,0.1,0.251434,0.2,0.3,0.000137774,533499,6650.85,19235.6,0.01,0.95,10,10000,0.938,0.497,615,319,0.0102429,0,0.518699
3458,10000,6.3587,5.62342,7.49894,0.0318876,0.0251189,0.0398107,0.0705988,0.05,0.1,0.348139,0.3,0.4,0.000137774,614175,7205.4,22144.4,0.01,0.95,10,10000,0.938,0.497,708,362,0.00961529,0,0.511299
3459,10000,6.37504,5.62342,7.49894,0.0322377,0.0251189,0.0398107,0.071925,0.05,0.1,0.448007,0.4,0.5,0.000137774,532632,6278.5,19204.3,0.01,0.95,10,10000,0.938,0.497,614,346,0.0098351,0,0.563518
3460,10000,6.34421,5.62342,7.49894,0.0319321,0.0251189,0.0398107,0.0708035,0.05,0.1,0.54981,0.5,0.6,0.000137774,427667,5142.86,15419.8,0.01,0.95,10,10000,0.938,0.497,493,315,0.0103077,0,0.638945
3461,10000,6.39151,5.62342,7.49894,0.031613,0.0251189,0.0398107,0.0704685,0.05,0.1,0.649875,0.6,0.7,0.000137774,316630,4239.82,11416.2,0.01,0.95,10,10000,0.938,0.497,365,247,0.0116404,0,0.676712
3462,10000,6.43573,5.62342,7.49894,0.0326522,0.0251189,0.0398107,0.0722375,0.05,0.1,0.750399,0.7,0.8,0.000137774,234219,3718.79,8444.89,0.01,0.95,10,10000,0.938,0.497,270,178,0.0137122,0,0.659259
3463,10000,6.38509,5.62342,7.49894,0.0324012,0.0251189,0.0398107,0.071684,0.05,0.1,0.847298,0.8,0.9,0.000137774,178701,2948.21,6443.14,0.01,0.95,10,10000,0.938,0.497,206,154,0.014742,0,0.747573
3464,10000,6.41921,5.62342,7.49894,0.0315297,0.0251189,0.0398107,0.0731696,0.05,0.1,0.947527,0.9,1,0.000137774,125784,2634.12,4535.22,0.01,0.95,10,10000,0.938,0.497,145,100,0.0182943,0,0.689655
3465,10000,6.40787,5.62342,7.49894,0.0322115,0.0251189,0.0398107,0.0739791,0.05,0.1,1.17578,1,1.5,0.000688871,43720.9,606.011,1576.38,0.01,0.95,10,10000,0.938,0.497,252,206,0.0127463,0,0.81746
3466,10000,6.34215,5.62342,7.49894,0.0309623,0.0251189,0.0398107,0.126997,0.1,0.15,0.0660614,0,0.1,0.000137774,117110,2423.39,4222.45,0.01,0.95,10,10000,0.938,0.497,135,99,0.0183865,0,0.733333
3467,10000,6.41144,5.62342,7.49894,0.0312514,0.0251189,0.0398107,0.123278,0.1,0.15,0.154136,0.1,0.2,0.000137774,270653,3582.07,9758.54,0.01,0.95,10,10000,0.938,0.497,312,237,0.0118835,0,0.759615
3468,10000,6.39488,5.62342,7.49894,0.0316811,0.0251189,0.0398107,0.123987,0.1,0.15,0.252266,0.2,0.3,0.000137774,359136,4006.99,12948.8,0.01,0.95,10,10000,0.938,0.497,414,326,0.0101323,0,0.78744
3469,10000,6.42897,5.62342,7.49894,0.0319122,0.0251189,0.0398107,0.123688,0.1,0.15,0.348452,0.3,0.4,0.000137774,379956,4871.25,13699.5,0.01,0.95,10,10000,0.938,0.497,438,278,0.0109722,0,0.634703
3470,10000,6.38227,5.62342,7.49894,0.031504,0.0251189,0.0398107,0.123626,0.1,0.15,0.450647,0.4,0.5,0.000137774,328774,4609.06,11854.1,0.01,0.95,10,10000,0.938,0.497,379,235,0.0119339,0,0.620053
3471,10000,6.36873,5.62342,7.49894,0.0316378,0.0251189,0.0398107,0.12505,0.1,0.15,0.5496,0.5,0.6,0.000137774,264581,4217.17,9539.6,0.01,0.95,10,10000,0.938,0.497,305,184,0.0134868,0,0.603279
3472,10000,6.43358,5.62342,7.49894,0.0314817,0.0251189,0.0398107,0.124418,0.1,0.15,0.6478,0.6,0.7,0.000137774,265448,4137.29,9570.88,0.01,0.95,10,10000,0.938,0.497,306,190,0.0132721,0,0.620915
3473,10000,6.39234,5.62342,7.49894,0.0321938,0.0251189,0.0398107,0.124653,0.1,0.15,0.744572,0.7,0.8,0.000137774,165688,3539.11,5973.98,0.01,0.95,10,10000,0.938,0.497,191,106,0.017769,0,0.554974
3474,10000,6.3661,5.62342,7.49894,0.0310141,0.0251189,0.0398107,0.12382,0.1,0.15,0.852628,0.8,0.9,0.000137774,127519,2806.63,4597.78,0.01,0.95,10,10000,0.938,0.497,147,94,0.0188692,0,0.639456
3475,10000,6.42547,5.62342,7.49894,0.0322259,0.0251189,0.0398107,0.123991,0.1,0.15,0.947663,0.9,1,0.000137774,78940.5,1871.23,2846.24,0.01,0.95,10,10000,0.938,0.497,91,72,0.0215601,0,0.791209
3476,10000,6.47071,5.62342,7.49894,0.0317672,0.0251189,0.0398107,0.122888,0.1,0.15,1.20527,1,1.5,0.000688871,37648.6,636.851,1357.44,0.01,0.95,10,10000,0.938,0.497,217,152,0.0148387,0,0.700461
3477,10000,6.49662,5.62342,7.49894,0.0314655,0.0251189,0.0398107,0.173648,0.15,0.2,0.0639526,0,0.1,0.000137774,78073.1,1801.91,2814.96,0.01,0.95,10,10000,0.938,0.497,90,74,0.0212667,0,0.822222
3478,10000,6.31883,5.62342,7.49894,0.031641,0.0251189,0.0398107,0.174387,0.15,0.2,0.154924,0.1,0.2,0.000137774,174363,2696.53,6286.75,0.01,0.95,10,10000,0.938,0.497,201,165,0.0142421,0,0.820896
3479,10000,6.41332,5.62342,7.49894,0.0318856,0.0251189,0.0398107,0.17329,0.15,0.2,0.252445,0.2,0.3,0.000137774,223809,3178.15,8069.57,0.01,0.95,10,10000,0.938,0.497,258,202,0.0128719,0,0.782946
3480,10000,6.4063,5.62342,7.49894,0.0317433,0.0251189,0.0398107,0.175109,0.15,0.2,0.35028,0.3,0.4,0.000137774,239424,3073.52,8632.56,0.01,0.95,10,10000,0.938,0.497,276,234,0.0119594,0,0.847826
3481,10000,6.37074,5.62342,7.49894,0.0316957,0.0251189,0.0398107,0.17307,0.15,0.2,0.447695,0.4,0.5,0.000137774,220340,3112.99,7944.46,0.01,0.95,10,10000,0.938,0.497,254,202,0.0128719,0,0.795276
3482,10000,6.38847,5.62342,7.49894,0.0318109,0.0251189,0.0398107,0.173005,0.15,0.2,0.548862,0.5,0.6,0.000137774,185640,3160.52,6693.36,0.01,0.95,10,10000,0.938,0.497,214,150,0.0149373,0,0.700935
3483,10000,6.42941,5.62342,7.49894,0.0318815,0.0251189,0.0398107,0.174249,0.15,0.2,0.650762,0.6,0.7,0.000137774,172628,2894.07,6224.2,0.01,0.95,10,10000,0.938,0.497,199,149,0.0149873,0,0.748744
3484,10000,6.45847,5.62342,7.49894,0.0325053,0.0251189,0.0398107,0.176342,0.15,0.2,0.746314,0.7,0.8,0.000137774,129254,2810.02,4660.33,0.01,0.95,10,10000,0.938,0.497,149,96,0.0186716,0,0.644295
3485,10000,6.40334,5.62342,7.49894,0.0316053,0.0251189,0.0398107,0.173787,0.15,0.2,0.847723,0.8,0.9,0.000137774,94555.2,2514.42,3409.23,0.01,0.95,10,10000,0.938,0.497,109,66,0.0225188,0,0.605505
3486,10000,6.40785,5.62342,7.49894,0.0312783,0.0251189,0.0398107,0.175044,0.15,0.2,0.949184,0.9,1,0.000137774,71133.2,2051.08,2564.75,0.01,0.95,10,10000,0.938,0.497,82,54,0.0248954,0,0.658537
3487,10000,6.37153,5.62342,7.49894,0.0324374,0.0251189,0.0398107,0.173102,0.15,0.2,1.22478,1,1.5,0.000688871,33484.7,656.499,1207.31,0.01,0.95,10,10000,0.938,0.497,193,120,0.0167004,0,0.621762
3488,10000,6.37662,5.62342,7.49894,0.0324775,0.0251189,0.0398107,0.221833,0.2,0.25,0.0607993,0,0.1,0.000137774,41639,1220.67,1501.31,0.01,0.95,10,10000,0.938,0.497,48,43,0.0278986,0,0.895833
3489,10000,6.40924,5.62342,7.49894,0.0314612,0.0251189,0.0398107,0.222135,0.2,0.25,0.151627,0.1,0.2,0.000137774,117977,2245.98,4253.72,0.01,0.95,10,10000,0.938,0.497,136,110,0.017443,0,0.808824
3490,10000,6.35387,5.62342,7.49894,0.0319948,0.0251189,0.0398107,0.223056,0.2,0.25,0.253293,0.2,0.3,0.000137774,132724,2410.74,4785.44,0.01,0.95,10,10000,0.938,0.497,153,122,0.0165629,0,0.797386
3491,10000,6.40651,5.62342,7.49894,0.0318811,0.0251189,0.0398107,0.225274,0.2,0.25,0.350825,0.3,0.4,0.000137774,144869,2474.55,5223.32,0.01,0.95,10,10000,0.938,0.497,167,136,0.0156873,0,0.814371
3492,10000,6.39203,5.62342,7.49894,0.0320942,0.0251189,0.0398107,0.222084,0.2,0.25,0.447789,0.4,0.5,0.000137774,163086,2715.9,5880.15,0.01,0.95,10,10000,0.938,0.497,188,147,0.0150889,0,0.781915
3493,10000,6.38695,5.62342,7.49894,0.031415,0.0251189,0.0398107,0.222784,0.2,0.25,0.548287,0.5,0.6,0.000137774,124917,2269.48,4503.94,0.01,0.95,10,10000,0.938,0.497,144,119,0.0167704,0,0.826389
3494,10000,6.36691,5.62342,7.49894,0.0325123,0.0251189,0.0398107,0.223585,0.2,0.25,0.648835,0.6,0.7,0.000137774,98025.1,2112.58,3534.34,0.01,0.95,10,10000,0.938,0.497,113,88,0.0195018,0,0.778761
3495,10000,6.42955,5.62342,7.49894,0.0317023,0.0251189,0.0398107,0.224689,0.2,0.25,0.752284,0.7,0.8,0.000137774,74603.2,1820.07,2689.86,0.01,0.95,10,10000,0.938,0.497,86,68,0.0221851,0,0.790698
3496,10000,6.4844,5.62342,7.49894,0.0326871,0.0251189,0.0398107,0.225009,0.2,0.25,0.844433,0.8,0.9,0.000137774,61591,1813.9,2220.69,0.01,0.95,10,10000,0.938,0.497,71,50,0.0258721,0,0.704225
3497,10000,6.474,5.62342,7.49894,0.0313938,0.0251189,0.0398107,0.226946,0.2,0.25,0.949246,0.9,1,0.000137774,44241.4,1534.55,1595.15,0.01,0.95,10,10000,0.938,0.497,51,36,0.0304906,0,0.705882
3498,10000,6.44118,5.62342,7.49894,0.0309659,0.0251189,0.0398107,0.226278,0.2,0.25,1.21323,1,1.5,0.000688871,19084.5,503.049,688.102,0.01,0.95,10,10000,0.938,0.497,110,67,0.0223501,0,0.609091
3499,10000,6.59825,5.62342,7.49894,0.0324847,0.0251189,0.0398107,0.274888,0.25,0.3,0.0687163,0,0.1,0.000137774,24289.4,1171.87,875.767,0.01,0.95,10,10000,0.938,0.497,28,19,0.0419701,0,0.678571
3500,10000,6.45751,5.62342,7.49894,0.0322976,0.0251189,0.0398107,0.273431,0.25,0.3,0.154369,0.1,0.2,0.000137774,66795.8,1651.4,2408.36,0.01,0.95,10,10000,0.938,0.497,77,64,0.0228679,0,0.831169
3501,10000,6.3891,5.62342,7.49894,0.0329313,0.0251189,0.0398107,0.273685,0.25,0.3,0.252041,0.2,0.3,0.000137774,101495,2113.67,3659.45,0.01,0.95,10,10000,0.938,0.497,117,93,0.0189703,0,0.794872
3502,10000,6.36187,5.62342,7.49894,0.032468,0.0251189,0.0398107,0.27384,0.25,0.3,0.351441,0.3,0.4,0.000137774,104965,2062.61,3784.56,0.01,0.95,10,10000,0.938,0.497,121,101,0.0182035,0,0.834711
3503,10000,6.34656,5.62342,7.49894,0.0318464,0.0251189,0.0398107,0.271937,0.25,0.3,0.451951,0.4,0.5,0.000137774,104965,2171.53,3784.56,0.01,0.95,10,10000,0.938,0.497,121,95,0.0187696,0,0.785124
3504,10000,6.32709,5.62342,7.49894,0.0321476,0.0251189,0.0398107,0.274915,0.25,0.3,0.546737,0.5,0.6,0.000137774,100628,1981.13,3628.18,0.01,0.95,10,10000,0.938,0.497,116,99,0.0183865,0,0.853448
3505,10000,6.44732,5.62342,7.49894,0.031475,0.0251189,0.0398107,0.272242,0.25,0.3,0.649959,0.6,0.7,0.000137774,72000.7,1592.59,2596.02,0.01,0.95,10,10000,0.938,0.497,83,75,0.0211245,0,0.903614
3506,10000,6.37391,5.62342,7.49894,0.0317644,0.0251189,0.0398107,0.277075,0.25,0.3,0.746118,0.7,0.8,0.000137774,54651.1,1552.99,1970.48,0.01,0.95,10,10000,0.938,0.497,63,50,0.0258721,0,0.793651
3507,10000,6.32373,5.62342,7.49894,0.031507,0.0251189,0.0398107,0.273425,0.25,0.3,0.840585,0.8,0.9,0.000137774,42506.4,1282.75,1532.59,0.01,0.95,10,10000,0.938,0.497,49,42,0.0282288,0,0.857143
3508,10000,6.52152,5.62342,7.49894,0.0321217,0.0251189,0.0398107,0.27471,0.25,0.3,0.955407,0.9,1,0.000137774,26891.8,1006.02,969.599,0.01,0.95,10,10000,0.938,0.497,31,27,0.0352075,0,0.870968
3509,10000,6.40768,5.62342,7.49894,0.0318887,0.0251189,0.0398107,0.275047,0.25,0.3,1.18621,1,1.5,0.000688871,16135.1,403.212,581.759,0.01,0.95,10,10000,0.938,0.497,93,68,0.0221851,0,0.731183
3510,10000,6.30064,5.62342,7.49894,0.0318775,0.0251189,0.0398107,0.352715,0.3,0.4,0.0594973,0,0.1,0.000275548,14313.4,531.025,516.077,0.01,0.95,10,10000,0.938,0.497,33,28,0.0345731,0,0.848485
3511,10000,6.33395,5.62342,7.49894,0.0308563,0.0251189,0.0398107,0.345567,0.3,0.4,0.149384,0.1,0.2,0.000275548,36000.4,889.841,1298.01,0.01,0.95,10,10000,0.938,0.497,83,66,0.0225188,0,0.795181
3512,10000,6.42715,5.62342,7.49894,0.0315627,0.0251189,0.0398107,0.344144,0.3,0.4,0.251302,0.2,0.3,0.000275548,50747.5,976.394,1829.73,0.01,0.95,10,10000,0.938,0.497,117,102,0.0181141,0,0.871795
3513,10000,6.27922,5.62342,7.49894,0.032237,0.0251189,0.0398107,0.344268,0.3,0.4,0.348876,0.3,0.4,0.000275548,60289.8,1173.72,2173.78,0.01,0.95,10,10000,0.938,0.497,139,108,0.0176037,0,0.776978
3514,10000,6.40088,5.62342,7.49894,0.0311838,0.0251189,0.0398107,0.343011,0.3,0.4,0.447195,0.4,0.5,0.000275548,57253.6,1087.14,2064.31,0.01,0.95,10,10000,0.938,0.497,132,109,0.0175228,0,0.825758
3515,10000,6.34513,5.62342,7.49894,0.0310863,0.0251189,0.0398107,0.345515,0.3,0.4,0.547115,0.5,0.6,0.000275548,57687.3,1160.36,2079.95,0.01,0.95,10,10000,0.938,0.497,133,102,0.0181141,0,0.766917
3516,10000,6.42262,5.62342,7.49894,0.0317025,0.0251189,0.0398107,0.341914,0.3,0.4,0.641091,0.6,0.7,0.000275548,50747.5,1011.1,1829.73,0.01,0.95,10,10000,0.938,0.497,117,98,0.0184801,0,0.837607
3517,10000,6.26372,5.62342,7.49894,0.0325625,0.0251189,0.0398107,0.340739,0.3,0.4,0.747103,0.7,0.8,0.000275548,38169.1,949.429,1376.2,0.01,0.95,10,10000,0.938,0.497,88,67,0.0223501,0,0.761364
3518,10000,6.39069,5.62342,7.49894,0.0316089,0.0251189,0.0398107,0.338246,0.3,0.4,0.847659,0.8,0.9,0.000275548,38169.1,960.973,1376.2,0.01,0.95,10,10000,0.938,0.497,88,66,0.0225188,0,0.75
3519,10000,6.37746,5.62342,7.49894,0.0306845,0.0251189,0.0398107,0.333819,0.3,0.4,0.947038,0.9,1,0.000275548,18650.8,613.216,672.464,0.01,0.95,10,10000,0.938,0.497,43,36,0.0304906,0,0.837209
3520,10000,6.47056,5.62342,7.49894,0.0316162,0.0251189,0.0398107,0.347375,0.3,0.4,1.19031,1,1.5,0.00137774,10149.5,209.493,365.945,0.01,0.95,10,10000,0.938,0.497,117,94,0.0188692,0,0.803419
3521,10000,6.3788,5.62342,7.49894,0.0317592,0.0251189,0.0398107,0.447633,0.4,0.5,0.070923,0,0.1,0.000275548,6506.09,376.389,234.58,0.01,0.95,10,10000,0.938,0.497,15,12,0.0528112,0,0.8
3522,10000,6.47537,5.62342,7.49894,0.0324665,0.0251189,0.0398107,0.442897,0.4,0.5,0.159818,0.1,0.2,0.000275548,18650.8,613.216,672.464,0.01,0.95,10,10000,0.938,0.497,43,36,0.0304906,0,0.837209
3523,10000,6.37764,5.62342,7.49894,0.0319138,0.0251189,0.0398107,0.438075,0.4,0.5,0.249237,0.2,0.3,0.000275548,18650.8,628.103,672.464,0.01,0.95,10,10000,0.938,0.497,43,35,0.0309231,0,0.813953
3524,10000,6.37532,5.62342,7.49894,0.0325648,0.0251189,0.0398107,0.453638,0.4,0.5,0.351065,0.3,0.4,0.000275548,26024.4,793.497,938.322,0.01,0.95,10,10000,0.938,0.497,60,45,0.0272716,0,0.75
3525,10000,6.29263,5.62342,7.49894,0.0319026,0.0251189,0.0398107,0.443136,0.4,0.5,0.460535,0.4,0.5,0.000275548,27325.6,739.161,985.238,0.01,0.95,10,10000,0.938,0.497,63,53,0.0251292,0,0.84127
3526,10000,6.28145,5.62342,7.49894,0.0310606,0.0251189,0.0398107,0.44601,0.4,0.5,0.547524,0.5,0.6,0.000275548,32096.7,1000.63,1157.26,0.01,0.95,10,10000,0.938,0.497,74,47,0.026685,0,0.635135
3527,10000,6.4387,5.62342,7.49894,0.0312497,0.0251189,0.0398107,0.457824,0.4,0.5,0.649164,0.6,0.7,0.000275548,29928,834.721,1079.07,0.01,0.95,10,10000,0.938,0.497,69,53,0.0251292,0,0.768116
3528,10000,6.36097,5.62342,7.49894,0.0332597,0.0251189,0.0398107,0.447134,0.4,0.5,0.747127,0.7,0.8,0.000275548,14747.1,520.734,531.716,0.01,0.95,10,10000,0.938,0.497,34,30,0.0334007,0,0.882353
3529,10000,6.23427,5.62342,7.49894,0.0310105,0.0251189,0.0398107,0.442145,0.4,0.5,0.851386,0.8,0.9,0.000275548,19952,641.548,719.38,0.01,0.95,10,10000,0.938,0.497,46,38,0.0296773,0,0.826087
3530,10000,6.39858,5.62342,7.49894,0.0313901,0.0251189,0.0398107,0.446758,0.4,0.5,0.945903,0.9,1,0.000275548,13879.7,493.123,500.438,0.01,0.95,10,10000,0.938,0.497,32,29,0.0339717,0,0.90625
3531,10000,6.45943,5.62342,7.49894,0.0317728,0.0251189,0.0398107,0.447973,0.4,0.5,1.16682,1,1.5,0.00137774,5551.86,172.424,200.175,0.01,0.95,10,10000,0.938,0.497,64,45,0.0272716,0,0.703125
3532,10000,6.74015,5.62342,7.49894,0.0342832,0.0251189,0.0398107,0.533031,0.5,0.6,0.0572077,0,0.1,0.000275548,3903.65,298.41,140.748,0.01,0.95,10,10000,0.938,0.497,9,7,0.0691461,0,0.777778
3533,10000,6.61426,5.62342,7.49894,0.0319528,0.0251189,0.0398107,0.547996,0.5,0.6,0.171031,0.1,0.2,0.000275548,6506.09,469.439,234.58,0.01,0.95,10,10000,0.938,0.497,15,9,0.0609811,0,0.6
3534,10000,6.47315,5.62342,7.49894,0.0316985,0.0251189,0.0398107,0.553801,0.5,0.6,0.246933,0.2,0.3,0.000275548,9542.26,492.352,344.051,0.01,0.95,10,10000,0.938,0.497,22,16,0.0457358,0,0.727273
3535,10000,6.63282,5.62342,7.49894,0.0318145,0.0251189,0.0398107,0.539998,0.5,0.6,0.352853,0.3,0.4,0.000275548,14747.1,588.062,531.716,0.01,0.95,10,10000,0.938,0.497,34,26,0.0358782,0,0.764706
3536,10000,6.48004,5.62342,7.49894,0.0320299,0.0251189,0.0398107,0.547558,0.5,0.6,0.458809,0.4,0.5,0.000275548,14747.1,553.014,531.716,0.01,0.95,10,10000,0.938,0.497,34,28,0.0345731,0,0.823529
3537,10000,6.47785,5.62342,7.49894,0.0312429,0.0251189,0.0398107,0.554924,0.5,0.6,0.541575,0.5,0.6,0.000275548,18650.8,693.075,672.464,0.01,0.95,10,10000,0.938,0.497,43,31,0.0328576,0,0.72093
3538,10000,6.35662,5.62342,7.49894,0.0332403,0.0251189,0.0398107,0.553117,0.5,0.6,0.651587,0.6,0.7,0.000275548,13445.9,519.865,484.799,0.01,0.95,10,10000,0.938,0.497,31,26,0.0358782,0,0.83871
3539,10000,6.65488,5.62342,7.49894,0.0345069,0.0251189,0.0398107,0.542992,0.5,0.6,0.742552,0.7,0.8,0.000275548,8674.79,458.126,312.774,0.01,0.95,10,10000,0.938,0.497,20,15,0.0472358,0,0.75
3540,10000,6.25973,5.62342,7.49894,0.031965,0.0251189,0.0398107,0.552361,0.5,0.6,0.845261,0.8,0.9,0.000275548,10409.7,524.937,375.329,0.01,0.95,10,10000,0.938,0.497,24,17,0.0443703,0,0.708333
3541,10000,6.54446,5.62342,7.49894,0.031551,0.0251189,0.0398107,0.551899,0.5,0.6,0.94957,0.9,1,0.000275548,7807.31,507.523,281.496,0.01,0.95,10,10000,0.938,0.497,18,11,0.0551595,0,0.611111
3542,10000,6.54254,5.62342,7.49894,0.0314095,0.0251189,0.0398107,0.551241,0.5,0.6,1.18395,1,1.5,0.00137774,2168.7,101.356,78.1935,0.01,0.95,10,10000,0.938,0.497,25,19,0.0419701,0,0.76
3543,10000,6.81058,5.62342,7.49894,0.0260753,0.0251189,0.0398107,0.600055,0.6,0.7,0.0739224,0,0.1,0.000275548,433.739,79.3497,15.6387,0.01,0.95,10,10000,0.938,0.497,1,1,0.182943,0,1
3544,10000,6.11152,5.62342,7.49894,0.031972,0.0251189,0.0398107,0.641162,0.6,0.7,0.160771,0.1,0.2,0.000275548,3036.17,402.004,109.471,0.01,0.95,10,10000,0.938,0.497,7,3,0.105622,0,0.428571
3545,10000,6.5279,5.62342,7.49894,0.0326217,0.0251189,0.0398107,0.647249,0.6,0.7,0.247873,0.2,0.3,0.000275548,4771.13,348.146,172.026,0.01,0.95,10,10000,0.938,0.497,11,8,0.0646803,0,0.727273
3546,10000,6.51692,5.62342,7.49894,0.0334573,0.0251189,0.0398107,0.625414,0.6,0.7,0.348037,0.3,0.4,0.000275548,6072.35,398.333,218.942,0.01,0.95,10,10000,0.938,0.497,14,10,0.0578518,0,0.714286
3547,10000,6.6457,5.62342,7.49894,0.0330203,0.0251189,0.0398107,0.629065,0.6,0.7,0.45229,0.4,0.5,0.000275548,6939.83,507.397,250.219,0.01,0.95,10,10000,0.938,0.497,16,9,0.0609811,0,0.5625
3548,10000,6.54324,5.62342,7.49894,0.0306267,0.0251189,0.0398107,0.644185,0.6,0.7,0.552112,0.5,0.6,0.000275548,6506.09,434.616,234.58,0.01,0.95,10,10000,0.938,0.497,15,10,0.0578518,0,0.666667
3549,10000,6.12374,5.62342,7.49894,0.0349184,0.0251189,0.0398107,0.657992,0.6,0.7,0.648344,0.6,0.7,0.000275548,5204.87,428.363,187.664,0.01,0.95,10,10000,0.938,0.497,12,7,0.0691461,0,0.583333
3550,10000,6.75123,5.62342,7.49894,0.0302121,0.0251189,0.0398107,0.668392,0.6,0.7,0.740053,0.7,0.8,0.000275548,6506.09,614.64,234.58,0.01,0.95,10,10000,0.938,0.497,15,6,0.0746863,0,0.4
3551,10000,6.27736,5.62342,7.49894,0.0306517,0.0251189,0.0398107,0.646367,0.6,0.7,0.869199,0.8,0.9,0.000275548,5638.61,393.206,203.303,0.01,0.95,10,10000,0.938,0.497,13,9,0.0609811,0,0.692308
3552,10000,6.3875,5.62342,7.49894,0.0312041,0.0251189,0.0398107,0.632868,0.6,0.7,0.932464,0.9,1,0.000275548,2602.44,336.652,93.8322,0.01,0.95,10,10000,0.938,0.497,6,3,0.105622,0,0.5
3553,10000,6.219,5.62342,7.49894,0.0294331,0.0251189,0.0398107,0.635859,0.6,0.7,1.15178,1,1.5,0.00137774,1648.21,95.9292,59.427,0.01,0.95,10,10000,0.938,0.497,19,13,0.0507394,0,0.684211
3554,10000,6.42038,5.62342,7.49894,0.0308198,0.0251189,0.0398107,0.738063,0.7,0.8,0.0599266,0,0.1,0.000275548,1734.96,158.699,62.5548,0.01,0.95,10,10000,0.938,0.497,4,4,0.0914717,0,1
3555,10000,6.64654,5.62342,7.49894,0.0316888,0.0251189,0.0398107,0.754205,0.7,0.8,0.181433,0.1,0.2,0.000275548,1734.96,419.879,62.5548,0.01,0.95,10,10000,0.938,0.497,4,1,0.182943,0,0.25
3556,10000,6.2815,5.62342,7.49894,0.0329218,0.0251189,0.0398107,0.74685,0.7,0.8,0.254565,0.2,0.3,0.000275548,4337.39,383.296,156.387,0.01,0.95,10,10000,0.938,0.497,10,6,0.0746863,0,0.6
3557,10000,6.68812,5.62342,7.49894,0.0289776,0.0251189,0.0398107,0.753744,0.7,0.8,0.38166,0.3,0.4,0.000275548,3469.91,332.891,125.11,0.01,0.95,10,10000,0.938,0.497,8,5,0.0818148,0,0.625
3558,10000,6.60531,5.62342,7.49894,0.0315001,0.0251189,0.0398107,0.742439,0.7,0.8,0.453548,0.4,0.5,0.000275548,2168.7,217.308,78.1935,0.01,0.95,10,10000,0.938,0.497,5,4,0.0914717,0,0.8
3559,10000,6.18029,5.62342,7.49894,0.0296934,0.0251189,0.0398107,0.746753,0.7,0.8,0.515462,0.5,0.6,0.000275548,4771.13,429.76,172.026,0.01,0.95,10,10000,0.938,0.497,11,6,0.0746863,0,0.545455
3560,10000,6.02548,5.62342,7.49894,0.0332842,0.0251189,0.0398107,0.745823,0.7,0.8,0.668005,0.6,0.7,0.000275548,4337.39,307.32,156.387,0.01,0.95,10,10000,0.938,0.497,10,8,0.0646803,0,0.8
3561,10000,7.35656,5.62342,7.49894,0.0391654,0.0251189,0.0398107,0.766549,0.7,0.8,0.775087,0.7,0.8,0.000275548,867.479,194.366,31.2774,0.01,0.95,10,10000,0.938,0.497,2,1,0.182943,0,0.5
3562,10000,6.14159,5.62342,7.49894,0.0294149,0.0251189,0.0398107,0.760644,0.7,0.8,0.869757,0.8,0.9,0.000275548,3036.17,331.944,109.471,0.01,0.95,10,10000,0.938,0.497,7,4,0.0914717,0,0.571429
3563,10000,6.56836,5.62342,7.49894,0.0330634,0.0251189,0.0398107,0.754381,0.7,0.8,0.913584,0.9,1,0.000275548,867.479,112.217,31.2774,0.01,0.95,10,10000,0.938,0.497,2,2,0.129361,0,1
3564,10000,6.44521,5.62342,7.49894,0.0295109,0.0251189,0.0398107,0.723988,0.7,0.8,1.28907,1,1.5,0.00137774,954.226,97.0535,34.4051,0.01,0.95,10,10000,0.938,0.497,11,5,0.0818148,0,0.454545
3565,10000,7.06679,5.62342,7.49894,0.030125,0.0251189,0.0398107,0.815886,0.8,0.9,0.146593,0.1,0.2,0.000275548,433.739,79.3497,15.6387,0.01,0.95,10,10000,0.938,0.497,1,1,0.182943,0,1
3566,10000,5.95563,5.62342,7.49894,0.0295487,0.0251189,0.0398107,0.801844,0.8,0.9,0.22358,0.2,0.3,0.000275548,867.479,194.366,31.2774,0.01,0.95,10,10000,0.938,0.497,2,1,0.182943,0,0.5
3567,10000,5.95184,5.62342,7.49894,0.0294542,0.0251189,0.0398107,0.833416,0.8,0.9,0.33399,0.3,0.4,0.000275548,2602.44,274.876,93.8322,0.01,0.95,10,10000,0.938,0.497,6,4,0.0914717,0,0.666667
3568,10000,5.85915,5.62342,7.49894,0.0286053,0.0251189,0.0398107,0.809651,0.8,0.9,0.400296,0.4,0.5,0.000275548,0,0,0,0.01,0.95,10,10000,0.938,0.497,0,1,0.182943,0,0
3569,10000,6.35035,5.62342,7.49894,0.0296362,0.0251189,0.0398107,0.819495,0.8,0.9,0.652632,0.6,0.7,0.000275548,0,0,0,0.01,0.95,10,10000,0.938,0.497,0,2,0.129361,0,0
3570,10000,6.21307,5.62342,7.49894,0.0331027,0.0251189,0.0398107,0.859434,0.8,0.9,0.739957,0.7,0.8,0.000275548,2168.7,217.308,78.1935,0.01,0.95,10,10000,0.938,0.497,5,4,0.0914717,0,0.8
3571,10000,6.78924,5.62342,7.49894,0.0364408,0.0251189,0.0398107,0.854894,0.8,0.9,0.932086,0.9,1,0.000275548,1301.22,194.366,46.9161,0.01,0.95,10,10000,0.938,0.497,3,2,0.129361,0,0.666667
3572,10000,7.22579,5.62342,7.49894,0.0322478,0.0251189,0.0398107,0.859109,0.8,0.9,1.08046,1,1.5,0.00137774,260.244,27.4876,9.38322,0.01,0.95,10,10000,0.938,0.497,3,3,0.105622,0,1
3573,10000,6.6876,5.62342,7.49894,0.0333898,0.0251189,0.0398107,0.944931,0.9,1,0.395335,0.3,0.4,0.000275548,867.479,194.366,31.2774,0.01,0.95,10,10000,0.938,0.497,2,1,0.182943,0,0.5
3574,10000,7.43916,5.62342,7.49894,0.0306625,0.0251189,0.0398107,0.996533,0.9,1,0.405705,0.4,0.5,0.000275548,867.479,194.366,31.2774,0.01,0.95,10,10000,0.938,0.497,2,1,0.182943,0,0.5
3575,10000,6.81726,5.62342,7.49894,0.0306359,0.0251189,0.0398107,0.90388,0.9,1,0.956979,0.9,1,0.000275548,0,0,0,0.01,0.95,10,10000,0.938,0.497,0,1,0.182943,0,0
3576,10000,6.34322,5.62342,7.49894,0.0520158,0.0398107,0.0630957,0.0712773,0.05,0.1,0.0670168,0,0.1,0.000218358,101805,1809.41,3670.64,0.01,0.95,10,10000,0.938,0.497,186,135,0.0157453,0,0.725806
3577,10000,6.32346,5.62342,7.49894,0.0510568,0.0398107,0.0630957,0.0721666,0.05,0.1,0.153214,0.1,0.2,0.000218358,284617,2911.87,10262,0.01,0.95,10,10000,0.938,0.497,520,396,0.00919325,0,0.761538
3578,10000,6.37497,5.62342,7.49894,0.0511943,0.0398107,0.0630957,0.0713624,0.05,0.1,0.251991,0.2,0.3,0.000218358,334425,3045.9,12057.9,0.01,0.95,10,10000,0.938,0.497,611,486,0.00829848,0,0.795417
3579,10000,6.37248,5.62342,7.49894,0.0503897,0.0398107,0.0630957,0.072398,0.05,0.1,0.35057,0.3,0.4,0.000218358,369455,3256.09,13320.9,0.01,0.95,10,10000,0.938,0.497,675,526,0.00797671,0,0.779259
3580,10000,6.37752,5.62342,7.49894,0.0501733,0.0398107,0.0630957,0.0713572,0.05,0.1,0.449477,0.4,0.5,0.000218358,320194,3074.55,11544.8,0.01,0.95,10,10000,0.938,0.497,585,448,0.00864326,0,0.765812
3581,10000,6.3618,5.62342,7.49894,0.0508489,0.0398107,0.0630957,0.0732353,0.05,0.1,0.549004,0.5,0.6,0.000218358,237546,2501.66,8564.83,0.01,0.95,10,10000,0.938,0.497,434,356,0.00969598,0,0.820276
3582,10000,6.40107,5.62342,7.49894,0.0513326,0.0398107,0.0630957,0.0738794,0.05,0.1,0.64864,0.6,0.7,0.000218358,207989,2423.71,7499.16,0.01,0.95,10,10000,0.938,0.497,380,299,0.0105799,0,0.786842
3583,10000,6.39869,5.62342,7.49894,0.0503155,0.0398107,0.0630957,0.0717575,0.05,0.1,0.747456,0.7,0.8,0.000218358,142309,1923.05,5131.01,0.01,0.95,10,10000,0.938,0.497,260,215,0.0124766,0,0.826923
3584,10000,6.38243,5.62342,7.49894,0.050974,0.0398107,0.0630957,0.0724084,0.05,0.1,0.847532,0.8,0.9,0.000218358,91953.2,1593.5,3315.42,0.01,0.95,10,10000,0.938,0.497,168,134,0.0158039,0,0.797619
3585,10000,6.445,5.62342,7.49894,0.0499266,0.0398107,0.0630957,0.070516,0.05,0.1,0.947358,0.9,1,0.000218358,66228.2,1216.69,2387.89,0.01,0.95,10,10000,0.938,0.497,121,109,0.0175228,0,0.900826
3586,10000,6.45772,5.62342,7.49894,0.0502768,0.0398107,0.0630957,0.0728359,0.05,0.1,1.16631,1,1.5,0.00109179,27804.9,341.296,1002.52,0.01,0.95,10,10000,0.938,0.497,254,237,0.0118835,0,0.933071
3587,10000,6.50194,5.62342,7.49894,0.0525688,0.0398107,0.0630957,0.122559,0.1,0.15,0.0665234,0,0.1,0.000218358,51997.3,1436.59,1874.79,0.01,0.95,10,10000,0.938,0.497,95,60,0.0236179,0,0.631579
3588,10000,6.43458,5.62342,7.49894,0.049898,0.0398107,0.0630957,0.124289,0.1,0.15,0.155162,0.1,0.2,0.000218358,148877,2459.98,5367.82,0.01,0.95,10,10000,0.938,0.497,272,169,0.0140726,0,0.621324
3589,10000,6.37895,5.62342,7.49894,0.0501539,0.0398107,0.0630957,0.123002,0.1,0.15,0.252556,0.2,0.3,0.000218358,200327,2866.39,7222.88,0.01,0.95,10,10000,0.938,0.497,366,226,0.0121692,0,0.617486
3590,10000,6.47479,5.62342,7.49894,0.0499775,0.0398107,0.0630957,0.122242,0.1,0.15,0.349667,0.3,0.4,0.000218358,199232,2609.74,7183.41,0.01,0.95,10,10000,0.938,0.497,364,254,0.0114789,0,0.697802
3591,10000,6.36985,5.62342,7.49894,0.0510412,0.0398107,0.0630957,0.122571,0.1,0.15,0.452523,0.4,0.5,0.000218358,195948,2762.88,7065,0.01,0.95,10,10000,0.938,0.497,358,229,0.0120892,0,0.639665
3592,10000,6.42327,5.62342,7.49894,0.0505098,0.0398107,0.0630957,0.122964,0.1,0.15,0.548076,0.5,0.6,0.000218358,180075,2396.93,6492.7,0.01,0.95,10,10000,0.938,0.497,329,240,0.0118089,0,0.729483
3593,10000,6.39945,5.62342,7.49894,0.0517193,0.0398107,0.0630957,0.123537,0.1,0.15,0.647656,0.6,0.7,0.000218358,136835,2083.76,4933.66,0.01,0.95,10,10000,0.938,0.497,250,183,0.0135236,0,0.732
3594,10000,6.48978,5.62342,7.49894,0.0510929,0.0398107,0.0630957,0.124424,0.1,0.15,0.745537,0.7,0.8,0.000218358,90858.5,1796.02,3275.95,0.01,0.95,10,10000,0.938,0.497,166,113,0.0172099,0,0.680723
3595,10000,6.46692,5.62342,7.49894,0.0519634,0.0398107,0.0630957,0.122786,0.1,0.15,0.847566,0.8,0.9,0.000218358,73343.6,1551.51,2644.44,0.01,0.95,10,10000,0.938,0.497,134,96,0.0186716,0,0.716418
3596,10000,6.32256,5.62342,7.49894,0.0513874,0.0398107,0.0630957,0.121949,0.1,0.15,0.942841,0.9,1,0.000218358,41050.5,1283.73,1480.1,0.01,0.95,10,10000,0.938,0.497,75,47,0.026685,0,0.626667
3597,10000,6.46871,5.62342,7.49894,0.0506672,0.0398107,0.0630957,0.123128,0.1,0.15,1.20938,1,1.5,0.00109179,20361.1,361.883,734.129,0.01,0.95,10,10000,0.938,0.497,186,135,0.0157453,0,0.725806
3598,10000,6.33286,5.62342,7.49894,0.050499,0.0398107,0.0630957,0.171701,0.15,0.2,0.0682316,0,0.1,0.000218358,36671.8,1097.08,1322.22,0.01,0.95,10,10000,0.938,0.497,67,48,0.0264056,0,0.716418
3599,10000,6.46653,5.62342,7.49894,0.0510633,0.0398107,0.0630957,0.172722,0.15,0.2,0.153126,0.1,0.2,0.000218358,116036,1920.67,4183.74,0.01,0.95,10,10000,0.938,0.497,212,155,0.0146944,0,0.731132
3600,10000,6.4511,5.62342,7.49894,0.0496993,0.0398107,0.0630957,0.175411,0.15,0.2,0.251748,0.2,0.3,0.000218358,130267,2072.52,4696.84,0.01,0.95,10,10000,0.938,0.497,238,170,0.0140311,0,0.714286
3601,10000,6.48867,5.62342,7.49894,0.049865,0.0398107,0.0630957,0.174247,0.15,0.2,0.350459,0.3,0.4,0.000218358,141214,1957.17,5091.54,0.01,0.95,10,10000,0.938,0.497,258,208,0.0126848,0,0.806202
3602,10000,6.45641,5.62342,7.49894,0.0499359,0.0398107,0.0630957,0.172747,0.15,0.2,0.444014,0.4,0.5,0.000218358,129720,2024.11,4677.11,0.01,0.95,10,10000,0.938,0.497,237,174,0.0138689,0,0.734177
3603,10000,6.40976,5.62342,7.49894,0.050752,0.0398107,0.0630957,0.171346,0.15,0.2,0.549665,0.5,0.6,0.000218358,108921,1796.99,3927.19,0.01,0.95,10,10000,0.938,0.497,199,152,0.0148387,0,0.763819
3604,10000,6.39591,5.62342,7.49894,0.0495523,0.0398107,0.0630957,0.17454,0.15,0.2,0.651834,0.6,0.7,0.000218358,87027.1,1579.29,3137.81,0.01,0.95,10,10000,0.938,0.497,159,124,0.0164288,0,0.779874
3605,10000,6.43624,5.62342,7.49894,0.0499557,0.0398107,0.0630957,0.175751,0.15,0.2,0.744248,0.7,0.8,0.000218358,60207.4,1389.28,2170.81,0.01,0.95,10,10000,0.938,0.497,110,80,0.0204537,0,0.727273
3606,10000,6.41604,5.62342,7.49894,0.0504755,0.0398107,0.0630957,0.176707,0.15,0.2,0.845931,0.8,0.9,0.000218358,57470.7,1362.43,2072.14,0.01,0.95,10,10000,0.938,0.497,105,76,0.020985,0,0.72381
3607,10000,6.47091,5.62342,7.49894,0.0506281,0.0398107,0.0630957,0.173192,0.15,0.2,0.944901,0.9,1,0.000218358,35577.1,1148.3,1282.75,0.01,0.95,10,10000,0.938,0.497,65,43,0.0278986,0,0.661538
3608,10000,6.51222,5.62342,7.49894,0.0501097,0.0398107,0.0630957,0.172877,0.15,0.2,1.19106,1,1.5,0.00109179,13902.4,299.481,501.26,0.01,0.95,10,10000,0.938,0.497,127,92,0.0190732,0,0.724409
3609,10000,6.36216,5.62342,7.49894,0.0491073,0.0398107,0.0630957,0.22421,0.2,0.25,0.0616145,0,0.1,0.000218358,26272.3,895.611,947.263,0.01,0.95,10,10000,0.938,0.497,48,36,0.0304906,0,0.75
3610,10000,6.45185,5.62342,7.49894,0.0503659,0.0398107,0.0630957,0.224502,0.2,0.25,0.156274,0.1,0.2,0.000218358,68964.9,1319.12,2486.56,0.01,0.95,10,10000,0.938,0.497,126,106,0.017769,0,0.84127
3611,10000,6.39723,5.62342,7.49894,0.0502918,0.0398107,0.0630957,0.222811,0.2,0.25,0.248334,0.2,0.3,0.000218358,85932.4,1553.07,3098.34,0.01,0.95,10,10000,0.938,0.497,157,124,0.0164288,0,0.789809
3612,10000,6.4991,5.62342,7.49894,0.0510717,0.0398107,0.0630957,0.222666,0.2,0.25,0.349513,0.3,0.4,0.000218358,78817,1506.27,2841.79,0.01,0.95,10,10000,0.938,0.497,144,112,0.0172865,0,0.777778
3613,10000,6.37461,5.62342,7.49894,0.0510394,0.0398107,0.0630957,0.221784,0.2,0.25,0.451216,0.4,0.5,0.000218358,78269.7,1302.48,2822.05,0.01,0.95,10,10000,0.938,0.497,143,131,0.0159838,0,0.916084
3614,10000,6.39314,5.62342,7.49894,0.0503367,0.0398107,0.0630957,0.222376,0.2,0.25,0.543855,0.5,0.6,0.000218358,58018.1,1166.16,2091.87,0.01,0.95,10,10000,0.938,0.497,106,93,0.0189703,0,0.877358
3615,10000,6.5043,5.62342,7.49894,0.0504933,0.0398107,0.0630957,0.223406,0.2,0.25,0.648769,0.6,0.7,0.000218358,60754.8,1289.63,2190.54,0.01,0.95,10,10000,0.938,0.497,111,89,0.019392,0,0.801802
3616,10000,6.43802,5.62342,7.49894,0.0498735,0.0398107,0.0630957,0.223526,0.2,0.25,0.750908,0.7,0.8,0.000218358,53639.4,1232.3,1933.99,0.01,0.95,10,10000,0.938,0.497,98,77,0.0208483,0,0.785714
3617,10000,6.46543,5.62342,7.49894,0.0494394,0.0398107,0.0630957,0.226816,0.2,0.25,0.843913,0.8,0.9,0.000218358,40503.2,1088.36,1460.36,0.01,0.95,10,10000,0.938,0.497,74,57,0.0242314,0,0.77027
3618,10000,6.20909,5.62342,7.49894,0.0524542,0.0398107,0.0630957,0.224346,0.2,0.25,0.943004,0.9,1,0.000218358,26819.7,862.117,966.997,0.01,0.95,10,10000,0.938,0.497,49,39,0.0292944,0,0.795918
3619,10000,6.47219,5.62342,7.49894,0.0526911,0.0398107,0.0630957,0.223049,0.2,0.25,1.18637,1,1.5,0.00109179,12698.3,315.171,457.844,0.01,0.95,10,10000,0.938,0.497,116,74,0.0212667,0,0.637931
3620,10000,6.41361,5.62342,7.49894,0.0507637,0.0398107,0.0630957,0.274672,0.25,0.3,0.0680234,0,0.1,0.000218358,16967.6,614.35,611.774,0.01,0.95,10,10000,0.938,0.497,31,28,0.0345731,0,0.903226
3621,10000,6.39861,5.62342,7.49894,0.0510593,0.0398107,0.0630957,0.275137,0.25,0.3,0.148413,0.1,0.2,0.000218358,33935.1,1026.69,1223.55,0.01,0.95,10,10000,0.938,0.497,62,46,0.0269735,0,0.741935
3622,10000,6.38673,5.62342,7.49894,0.0497342,0.0398107,0.0630957,0.277069,0.25,0.3,0.25008,0.2,0.3,0.000218358,51997.3,1235.57,1874.79,0.01,0.95,10,10000,0.938,0.497,95,73,0.0214119,0,0.768421
3623,10000,6.39851,5.62342,7.49894,0.0491828,0.0398107,0.0630957,0.271376,0.25,0.3,0.348575,0.3,0.4,0.000218358,59112.8,1174.4,2131.34,0.01,0.95,10,10000,0.938,0.497,108,95,0.0187696,0,0.87963
3624,10000,6.30684,5.62342,7.49894,0.0505507,0.0398107,0.0630957,0.274002,0.25,0.3,0.450066,0.4,0.5,0.000218358,50355.3,1059.47,1815.59,0.01,0.95,10,10000,0.938,0.497,92,83,0.0200806,0,0.902174
3625,10000,6.41481,5.62342,7.49894,0.0513876,0.0398107,0.0630957,0.273889,0.25,0.3,0.549135,0.5,0.6,0.000218358,56376.1,1275.36,2032.67,0.01,0.95,10,10000,0.938,0.497,103,80,0.0204537,0,0.776699
3626,10000,6.23359,5.62342,7.49894,0.0521856,0.0398107,0.0630957,0.271265,0.25,0.3,0.649044,0.6,0.7,0.000218358,43787.2,1125.99,1578.77,0.01,0.95,10,10000,0.938,0.497,80,62,0.0232338,0,0.775
3627,10000,6.31652,5.62342,7.49894,0.0505608,0.0398107,0.0630957,0.274817,0.25,0.3,0.748013,0.7,0.8,0.000218358,36124.5,851.335,1302.49,0.01,0.95,10,10000,0.938,0.497,66,63,0.0230487,0,0.954545
3628,10000,6.33554,5.62342,7.49894,0.0501519,0.0398107,0.0630957,0.275603,0.25,0.3,0.855996,0.8,0.9,0.000218358,30103.7,859.759,1085.41,0.01,0.95,10,10000,0.938,0.497,55,47,0.026685,0,0.854545
3629,10000,6.43307,5.62342,7.49894,0.0514673,0.0398107,0.0630957,0.267071,0.25,0.3,0.938872,0.9,1,0.000218358,18062.2,760.94,651.243,0.01,0.95,10,10000,0.938,0.497,33,24,0.0373432,0,0.727273
3630,10000,6.33435,5.62342,7.49894,0.0514607,0.0398107,0.0630957,0.272047,0.25,0.3,1.18561,1,1.5,0.00109179,7553.3,210.669,272.338,0.01,0.95,10,10000,0.938,0.497,69,53,0.0251292,0,0.768116
3631,10000,6.00094,5.62342,7.49894,0.051314,0.0398107,0.0630957,0.341997,0.3,0.4,0.0626864,0,0.1,0.000436716,6294.41,428.298,226.948,0.01,0.95,10,10000,0.938,0.497,23,11,0.0551595,0,0.478261
3632,10000,6.3794,5.62342,7.49894,0.0501713,0.0398107,0.0630957,0.343759,0.3,0.4,0.158824,0.1,0.2,0.000436716,21346.3,537.233,769.651,0.01,0.95,10,10000,0.938,0.497,78,63,0.0230487,0,0.807692
3633,10000,6.44817,5.62342,7.49894,0.0504012,0.0398107,0.0630957,0.341585,0.3,0.4,0.249782,0.2,0.3,0.000436716,28461.7,632.906,1026.2,0.01,0.95,10,10000,0.938,0.497,104,82,0.0202027,0,0.788462
3634,10000,6.31022,5.62342,7.49894,0.0504743,0.0398107,0.0630957,0.342442,0.3,0.4,0.349904,0.3,0.4,0.000436716,26819.7,643.352,966.997,0.01,0.95,10,10000,0.938,0.497,98,73,0.0214119,0,0.744898
3635,10000,6.32952,5.62342,7.49894,0.0498674,0.0398107,0.0630957,0.349428,0.3,0.4,0.449677,0.4,0.5,0.000436716,30924.7,691.971,1115.01,0.01,0.95,10,10000,0.938,0.497,113,84,0.0199608,0,0.743363
3636,10000,6.41891,5.62342,7.49894,0.0499951,0.0398107,0.0630957,0.349121,0.3,0.4,0.543901,0.5,0.6,0.000436716,25725,616.128,927.528,0.01,0.95,10,10000,0.938,0.497,94,72,0.0215601,0,0.765957
3637,10000,6.3443,5.62342,7.49894,0.0516516,0.0398107,0.0630957,0.343926,0.3,0.4,0.650857,0.6,0.7,0.000436716,24630.3,531.032,888.059,0.01,0.95,10,10000,0.938,0.497,90,80,0.0204537,0,0.888889
3638,10000,6.43947,5.62342,7.49894,0.0516465,0.0398107,0.0630957,0.349709,0.3,0.4,0.749295,0.7,0.8,0.000436716,23809.3,597.371,858.457,0.01,0.95,10,10000,0.938,0.497,87,66,0.0225188,0,0.758621
3639,10000,6.40285,5.62342,7.49894,0.0515039,0.0398107,0.0630957,0.345666,0.3,0.4,0.839464,0.8,0.9,0.000436716,15599.2,468.058,562.437,0.01,0.95,10,10000,0.938,0.497,57,45,0.0272716,0,0.789474
3640,10000,6.31424,5.62342,7.49894,0.0504288,0.0398107,0.0630957,0.345614,0.3,0.4,0.951548,0.9,1,0.000436716,9578.46,-nan,345.356,0.01,0.95,10,10000,0.938,0.497,35,36,0.0304906,0,1.02857
3641,10000,6.40279,5.62342,7.49894,0.0501519,0.0398107,0.0630957,0.350745,0.3,0.4,1.19249,1,1.5,0.00218358,4488.19,120.962,161.824,0.01,0.95,10,10000,0.938,0.497,82,59,0.0238172,0,0.719512
3642,10000,6.27093,5.62342,7.49894,0.0489722,0.0398107,0.0630957,0.426959,0.4,0.5,0.0695075,0,0.1,0.000436716,1915.69,-nan,69.0712,0.01,0.95,10,10000,0.938,0.497,7,9,0.0609811,0,1.28571
3643,10000,6.44705,5.62342,7.49894,0.0487004,0.0398107,0.0630957,0.442271,0.4,0.5,0.151552,0.1,0.2,0.000436716,9578.46,468.326,345.356,0.01,0.95,10,10000,0.938,0.497,35,20,0.0409074,0,0.571429
3644,10000,6.41478,5.62342,7.49894,0.0479698,0.0398107,0.0630957,0.441814,0.4,0.5,0.24707,0.2,0.3,0.000436716,11767.8,527.678,424.295,0.01,0.95,10,10000,0.938,0.497,43,24,0.0373432,0,0.55814
3645,10000,6.47552,5.62342,7.49894,0.0486728,0.0398107,0.0630957,0.434299,0.4,0.5,0.35235,0.3,0.4,0.000436716,13683.5,472.028,493.366,0.01,0.95,10,10000,0.938,0.497,50,36,0.0304906,0,0.72
3646,10000,6.46014,5.62342,7.49894,0.0502141,0.0398107,0.0630957,0.449781,0.4,0.5,0.447003,0.4,0.5,0.000436716,15599.2,524.179,562.437,0.01,0.95,10,10000,0.938,0.497,57,39,0.0292944,0,0.684211
3647,10000,6.37576,5.62342,7.49894,0.0505652,0.0398107,0.0630957,0.44224,0.4,0.5,0.542578,0.5,0.6,0.000436716,11220.5,433.386,404.56,0.01,0.95,10,10000,0.938,0.497,41,29,0.0339717,0,0.707317
3648,10000,6.31827,5.62342,7.49894,0.050034,0.0398107,0.0630957,0.446374,0.4,0.5,0.653622,0.6,0.7,0.000436716,12862.5,466.661,463.764,0.01,0.95,10,10000,0.938,0.497,47,33,0.0318464,0,0.702128
3649,10000,6.45369,5.62342,7.49894,0.0509661,0.0398107,0.0630957,0.443731,0.4,0.5,0.752266,0.7,0.8,0.000436716,11494.1,471.438,414.427,0.01,0.95,10,10000,0.938,0.497,42,27,0.0352075,0,0.642857
3650,10000,6.31873,5.62342,7.49894,0.050222,0.0398107,0.0630957,0.436945,0.4,0.5,0.838566,0.8,0.9,0.000436716,9031.12,421.015,325.622,0.01,0.95,10,10000,0.938,0.497,33,21,0.0399215,0,0.636364
3651,10000,6.4575,5.62342,7.49894,0.0537089,0.0398107,0.0630957,0.441771,0.4,0.5,0.937787,0.9,1,0.000436716,7936.44,371.638,286.152,0.01,0.95,10,10000,0.938,0.497,29,20,0.0409074,0,0.689655
3652,10000,6.33131,5.62342,7.49894,0.0505184,0.0398107,0.0630957,0.441491,0.4,0.5,1.17835,1,1.5,0.00218358,2517.77,86.6676,90.7793,0.01,0.95,10,10000,0.938,0.497,46,35,0.0309231,0,0.76087
3653,10000,6.31136,5.62342,7.49894,0.0498729,0.0398107,0.0630957,0.559235,0.5,0.6,0.0773383,0,0.1,0.000436716,1368.35,137.112,49.3366,0.01,0.95,10,10000,0.938,0.497,5,4,0.0914717,0,0.8
3654,10000,6.24419,5.62342,7.49894,0.0482529,0.0398107,0.0630957,0.544225,0.5,0.6,0.151298,0.1,0.2,0.000436716,6568.08,382.23,236.816,0.01,0.95,10,10000,0.938,0.497,24,14,0.0488937,0,0.583333
3655,10000,6.4445,5.62342,7.49894,0.048492,0.0398107,0.0630957,0.543519,0.5,0.6,0.246829,0.2,0.3,0.000436716,6841.76,348.776,246.683,0.01,0.95,10,10000,0.938,0.497,25,17,0.0443703,0,0.68
3656,10000,6.48562,5.62342,7.49894,0.04757,0.0398107,0.0630957,0.54609,0.5,0.6,0.354218,0.3,0.4,0.000436716,7936.44,371.638,286.152,0.01,0.95,10,10000,0.938,0.497,29,20,0.0409074,0,0.689655
3657,10000,6.29788,5.62342,7.49894,0.0509008,0.0398107,0.0630957,0.535054,0.5,0.6,0.444528,0.4,0.5,0.000436716,9852.13,424.825,355.224,0.01,0.95,10,10000,0.938,0.497,36,24,0.0373432,0,0.666667
3658,10000,6.40082,5.62342,7.49894,0.0513508,0.0398107,0.0630957,0.530993,0.5,0.6,0.549554,0.5,0.6,0.000436716,6568.08,331.212,236.816,0.01,0.95,10,10000,0.938,0.497,24,17,0.0443703,0,0.708333
3659,10000,6.40114,5.62342,7.49894,0.0489181,0.0398107,0.0630957,0.540376,0.5,0.6,0.647191,0.6,0.7,0.000436716,7389.1,383.798,266.418,0.01,0.95,10,10000,0.938,0.497,27,17,0.0443703,0,0.62963
3660,10000,6.43582,5.62342,7.49894,0.0507088,0.0398107,0.0630957,0.547563,0.5,0.6,0.742626,0.7,0.8,0.000436716,4926.06,342.505,177.612,0.01,0.95,10,10000,0.938,0.497,18,10,0.0578518,0,0.555556
3661,10000,6.30305,5.62342,7.49894,0.0471928,0.0398107,0.0630957,0.538921,0.5,0.6,0.848951,0.8,0.9,0.000436716,3010.37,271.16,108.541,0.01,0.95,10,10000,0.938,0.497,11,6,0.0746863,0,0.545455
3662,10000,6.24224,5.62342,7.49894,0.0518879,0.0398107,0.0630957,0.529285,0.5,0.6,0.953017,0.9,1,0.000436716,3284.04,300.397,118.408,0.01,0.95,10,10000,0.938,0.497,12,6,0.0746863,0,0.5
3663,10000,6.26388,5.62342,7.49894,0.0496836,0.0398107,0.0630957,0.553691,0.5,0.6,1.18012,1,1.5,0.00218358,1860.96,87.348,67.0978,0.01,0.95,10,10000,0.938,0.497,34,21,0.0399215,0,0.617647
3664,10000,5.95799,5.62342,7.49894,0.0436201,0.0398107,0.0630957,0.644374,0.6,0.7,0.0758862,0,0.1,0.000436716,1094.68,173.434,39.4693,0.01,0.95,10,10000,0.938,0.497,4,2,0.129361,0,0.5
3665,10000,6.58183,5.62342,7.49894,0.0470288,0.0398107,0.0630957,0.634487,0.6,0.7,0.139871,0.1,0.2,0.000436716,1915.69,177.717,69.0712,0.01,0.95,10,10000,0.938,0.497,7,5,0.0818148,0,0.714286
3666,10000,6.65418,5.62342,7.49894,0.0449824,0.0398107,0.0630957,0.619682,0.6,0.7,0.243245,0.2,0.3,0.000436716,1915.69,177.717,69.0712,0.01,0.95,10,10000,0.938,0.497,7,5,0.0818148,0,0.714286
3667,10000,6.27186,5.62342,7.49894,0.0484163,0.0398107,0.0630957,0.648639,0.6,0.7,0.354019,0.3,0.4,0.000436716,2736.7,193.905,98.6732,0.01,0.95,10,10000,0.938,0.497,10,8,0.0646803,0,0.8
3668,10000,6.49428,5.62342,7.49894,0.0518812,0.0398107,0.0630957,0.636683,0.6,0.7,0.451086,0.4,0.5,0.000436716,4652.39,319.797,167.744,0.01,0.95,10,10000,0.938,0.497,17,10,0.0578518,0,0.588235
3669,10000,6.4637,5.62342,7.49894,0.0504816,0.0398107,0.0630957,0.634771,0.6,0.7,0.569806,0.5,0.6,0.000436716,2463.03,188.284,88.8059,0.01,0.95,10,10000,0.938,0.497,9,7,0.0691461,0,0.777778
3670,10000,6.45367,5.62342,7.49894,0.0516752,0.0398107,0.0630957,0.638042,0.6,0.7,0.665322,0.6,0.7,0.000436716,4652.39,319.797,167.744,0.01,0.95,10,10000,0.938,0.497,17,10,0.0578518,0,0.588235
3671,10000,6.52553,5.62342,7.49894,0.0474647,0.0398107,0.0630957,0.656433,0.6,0.7,0.774719,0.7,0.8,0.000436716,2463.03,280.996,88.8059,0.01,0.95,10,10000,0.938,0.497,9,4,0.0914717,0,0.444444
3672,10000,6.43792,5.62342,7.49894,0.0517093,0.0398107,0.0630957,0.666031,0.6,0.7,0.85075,0.8,0.9,0.000436716,1915.69,209.442,69.0712,0.01,0.95,10,10000,0.938,0.497,7,4,0.0914717,0,0.571429
3673,10000,6.34658,5.62342,7.49894,0.0499257,0.0398107,0.0630957,0.633887,0.6,0.7,0.962429,0.9,1,0.000436716,1915.69,209.442,69.0712,0.01,0.95,10,10000,0.938,0.497,7,4,0.0914717,0,0.571429
3674,10000,6.30781,5.62342,7.49894,0.0484353,0.0398107,0.0630957,0.635778,0.6,0.7,1.11749,1,1.5,0.00218358,985.213,73.5819,35.5224,0.01,0.95,10,10000,0.938,0.497,18,9,0.0609811,0,0.5
3675,10000,5.93691,5.62342,7.49894,0.0516005,0.0398107,0.0630957,0.740252,0.7,0.8,0.240512,0.2,0.3,0.000436716,1642.02,145.106,59.2039,0.01,0.95,10,10000,0.938,0.497,6,5,0.0818148,0,0.833333
3676,10000,6.76885,5.62342,7.49894,0.0545034,0.0398107,0.0630957,0.748393,0.7,0.8,0.346121,0.3,0.4,0.000436716,1094.68,173.434,39.4693,0.01,0.95,10,10000,0.938,0.497,4,2,0.129361,0,0.5
3677,10000,6.27295,5.62342,7.49894,0.0527523,0.0398107,0.0630957,0.731181,0.7,0.8,0.46044,0.4,0.5,0.000436716,1915.69,253.647,69.0712,0.01,0.95,10,10000,0.938,0.497,7,3,0.105622,0,0.428571
3678,10000,7.02172,5.62342,7.49894,0.0487975,0.0398107,0.0630957,0.777905,0.7,0.8,0.557888,0.5,0.6,0.000436716,1915.69,324.466,69.0712,0.01,0.95,10,10000,0.938,0.497,7,2,0.129361,0,0.285714
3679,10000,6.3162,5.62342,7.49894,0.049545,0.0398107,0.0630957,0.742411,0.7,0.8,0.658818,0.6,0.7,0.000436716,2463.03,335.854,88.8059,0.01,0.95,10,10000,0.938,0.497,9,3,0.105622,0,0.333333
3680,10000,5.98051,5.62342,7.49894,0.049058,0.0398107,0.0630957,0.759219,0.7,0.8,0.733723,0.7,0.8,0.000436716,547.34,70.8042,19.7346,0.01,0.95,10,10000,0.938,0.497,2,2,0.129361,0,1
3681,10000,5.82298,5.62342,7.49894,0.0476841,0.0398107,0.0630957,0.729827,0.7,0.8,0.892898,0.8,0.9,0.000436716,0,0,0,0.01,0.95,10,10000,0.938,0.497,0,1,0.182943,0,0
3682,10000,6.00263,5.62342,7.49894,0.0494747,0.0398107,0.0630957,0.724982,0.7,0.8,1.21572,1,1.5,0.00218358,328.404,34.6869,11.8408,0.01,0.95,10,10000,0.938,0.497,6,4,0.0914717,0,0.666667
3683,10000,6.97588,5.62342,7.49894,0.0448058,0.0398107,0.0630957,0.861072,0.8,0.9,0.0677433,0,0.1,0.000436716,547.34,122.637,19.7346,0.01,0.95,10,10000,0.938,0.497,2,1,0.182943,0,0.5
3684,10000,7.10053,5.62342,7.49894,0.0537758,0.0398107,0.0630957,0.828434,0.8,0.9,0.194388,0.1,0.2,0.000436716,547.34,122.637,19.7346,0.01,0.95,10,10000,0.938,0.497,2,1,0.182943,0,0.5
3685,10000,5.91656,5.62342,7.49894,0.0552456,0.0398107,0.0630957,0.808692,0.8,0.9,0.277154,0.2,0.3,0.000436716,821.011,193.905,29.602,0.01,0.95,10,10000,0.938,0.497,3,1,0.182943,0,0.333333
3686,10000,6.25591,5.62342,7.49894,0.0554766,0.0398107,0.0630957,0.831277,0.8,0.9,0.3384,0.3,0.4,0.000436716,821.011,122.637,29.602,0.01,0.95,10,10000,0.938,0.497,3,2,0.129361,0,0.666667
3687,10000,5.90215,5.62342,7.49894,0.0539942,0.0398107,0.0630957,0.836999,0.8,0.9,0.44067,0.4,0.5,0.000436716,2189.36,182.816,78.9386,0.01,0.95,10,10000,0.938,0.497,8,6,0.0746863,0,0.75
3688,10000,5.8322,5.62342,7.49894,0.0505456,0.0398107,0.0630957,0.815601,0.8,0.9,0.73984,0.7,0.8,0.000436716,1642.02,406.739,59.2039,0.01,0.95,10,10000,0.938,0.497,6,1,0.182943,0,0.166667
3689,10000,6.58161,5.62342,7.49894,0.0426427,0.0398107,0.0630957,0.859648,0.8,0.9,1.04578,1,1.5,0.00218358,109.468,24.5273,3.94693,0.01,0.95,10,10000,0.938,0.497,2,1,0.182943,0,0.5
3690,10000,6.34349,5.62342,7.49894,0.0398675,0.0398107,0.0630957,0.934339,0.9,1,0.078482,0,0.1,0.000436716,273.67,50.0662,9.86732,0.01,0.95,10,10000,0.938,0.497,1,1,0.182943,0,1
3691,10000,6.06996,5.62342,7.49894,0.0399019,0.0398107,0.0630957,0.970907,0.9,1,0.28146,0.2,0.3,0.000436716,821.011,193.905,29.602,0.01,0.95,10,10000,0.938,0.497,3,1,0.182943,0,0.333333
3692,10000,6.04659,5.62342,7.49894,0.0413234,0.0398107,0.0630957,0.960134,0.9,1,0.360915,0.3,0.4,0.000436716,273.67,50.0662,9.86732,0.01,0.95,10,10000,0.938,0.497,1,1,0.182943,0,1
3693,10000,6.4505,5.62342,7.49894,0.0514553,0.0398107,0.0630957,0.956309,0.9,1,0.488965,0.4,0.5,0.000436716,547.34,70.8042,19.7346,0.01,0.95,10,10000,0.938,0.497,2,2,0.129361,0,1
3694,10000,6.47711,5.62342,7.49894,0.079087,0.0630957,0.1,0.0708661,0.05,0.1,0.0693508,0,0.1,0.000346075,63198.7,943.311,2278.66,0.01,0.95,10,10000,0.938,0.497,183,165,0.0142421,0,0.901639
3695,10000,6.41902,5.62342,7.49894,0.0798444,0.0630957,0.1,0.0728965,0.05,0.1,0.155471,0.1,0.2,0.000346075,150226,1492.83,5416.49,0.01,0.95,10,10000,0.938,0.497,435,381,0.00937247,0,0.875862
3696,10000,6.43918,5.62342,7.49894,0.0803705,0.0630957,0.1,0.0723064,0.05,0.1,0.252542,0.2,0.3,0.000346075,184416,1634.36,6649.2,0.01,0.95,10,10000,0.938,0.497,534,474,0.00840287,0,0.88764
3697,10000,6.43211,5.62342,7.49894,0.0789069,0.0630957,0.1,0.0732434,0.05,0.1,0.349175,0.3,0.4,0.000346075,188560,1711.06,6798.63,0.01,0.95,10,10000,0.938,0.497,546,466,0.00847469,0,0.85348
3698,10000,6.44714,5.62342,7.49894,0.0792503,0.0630957,0.1,0.0728429,0.05,0.1,0.448383,0.4,0.5,0.000346075,160932,1597.22,5802.49,0.01,0.95,10,10000,0.938,0.497,466,393,0.00922827,0,0.843348
3699,10000,6.4663,5.62342,7.49894,0.0807471,0.0630957,0.1,0.0722816,0.05,0.1,0.549788,0.5,0.6,0.000346075,140557,1474.94,5067.84,0.01,0.95,10,10000,0.938,0.497,407,348,0.0098068,0,0.855037
3700,10000,6.50713,5.62342,7.49894,0.0794753,0.0630957,0.1,0.0737274,0.05,0.1,0.64732,0.6,0.7,0.000346075,115692,1291.99,4171.32,0.01,0.95,10,10000,0.938,0.497,335,298,0.0105976,0,0.889552
3701,10000,6.40932,5.62342,7.49894,0.0809426,0.0630957,0.1,0.0742346,0.05,0.1,0.746454,0.7,0.8,0.000346075,74940.5,1035.16,2702.02,0.01,0.95,10,10000,0.938,0.497,217,194,0.0131346,0,0.894009
3702,10000,6.43849,5.62342,7.49894,0.0798135,0.0630957,0.1,0.0743853,0.05,0.1,0.850252,0.8,0.9,0.000346075,50420.8,894.83,1817.95,0.01,0.95,10,10000,0.938,0.497,146,123,0.0164955,0,0.842466
3703,10000,6.54133,5.62342,7.49894,0.081101,0.0630957,0.1,0.0726372,0.05,0.1,0.945453,0.9,1,0.000346075,35916.2,644.303,1294.98,0.01,0.95,10,10000,0.938,0.497,104,104,0.0179391,0,1
3704,10000,6.51136,5.62342,7.49894,0.0782135,0.0630957,0.1,0.0738111,0.05,0.1,1.18527,1,1.5,0.00173037,11810.9,186.942,425.848,0.01,0.95,10,10000,0.938,0.497,171,150,0.0149373,0,0.877193
3705,10000,6.31635,5.62342,7.49894,0.0780408,0.0630957,0.1,0.12378,0.1,0.15,0.0627358,0,0.1,0.000346075,32462.7,659.992,1170.46,0.01,0.95,10,10000,0.938,0.497,94,87,0.0196136,0,0.925532
3706,10000,6.43864,5.62342,7.49894,0.0791947,0.0630957,0.1,0.124339,0.1,0.15,0.152872,0.1,0.2,0.000346075,86682.3,1142.46,3125.38,0.01,0.95,10,10000,0.938,0.497,251,218,0.0123905,0,0.868526
3707,10000,6.39805,5.62342,7.49894,0.0793362,0.0630957,0.1,0.123549,0.1,0.15,0.252052,0.2,0.3,0.000346075,115346,1298.35,4158.87,0.01,0.95,10,10000,0.938,0.497,334,295,0.0106514,0,0.883234
3708,10000,6.40164,5.62342,7.49894,0.0806255,0.0630957,0.1,0.122469,0.1,0.15,0.348916,0.3,0.4,0.000346075,119836,1298.46,4320.74,0.01,0.95,10,10000,0.938,0.497,347,313,0.0103406,0,0.902017
3709,10000,6.37539,5.62342,7.49894,0.0793241,0.0630957,0.1,0.122941,0.1,0.15,0.450333,0.4,0.5,0.000346075,110511,1293.78,3984.54,0.01,0.95,10,10000,0.938,0.497,320,277,0.010992,0,0.865625
3710,10000,6.44097,5.62342,7.49894,0.0797356,0.0630957,0.1,0.122694,0.1,0.15,0.552387,0.5,0.6,0.000346075,99460.2,1282.32,3586.09,0.01,0.95,10,10000,0.938,0.497,288,237,0.0118835,0,0.822917
3711,10000,6.44958,5.62342,7.49894,0.0801637,0.0630957,0.1,0.124014,0.1,0.15,0.648128,0.6,0.7,0.000346075,65270.7,950.547,2353.37,0.01,0.95,10,10000,0.938,0.497,189,172,0.0139493,0,0.910053
3712,10000,6.38074,5.62342,7.49894,0.0797785,0.0630957,0.1,0.121884,0.1,0.15,0.752389,0.7,0.8,0.000346075,47658,904.885,1718.33,0.01,0.95,10,10000,0.938,0.497,138,111,0.0173642,0,0.804348
3713,10000,6.34741,5.62342,7.49894,0.0790988,0.0630957,0.1,0.123352,0.1,0.15,0.843909,0.8,0.9,0.000346075,46622,878.572,1680.98,0.01,0.95,10,10000,0.938,0.497,135,111,0.0173642,0,0.822222
3714,10000,6.33307,5.62342,7.49894,0.0785854,0.0630957,0.1,0.12283,0.1,0.15,0.941487,0.9,1,0.000346075,26591.8,640.16,958.78,0.01,0.95,10,10000,0.938,0.497,77,66,0.0225188,0,0.857143
3715,10000,6.46313,5.62342,7.49894,0.078516,0.0630957,0.1,0.12352,0.1,0.15,1.19034,1,1.5,0.00173037,11603.7,193.786,418.377,0.01,0.95,10,10000,0.938,0.497,168,140,0.0154615,0,0.833333
3716,10000,6.48638,5.62342,7.49894,0.0804089,0.0630957,0.1,0.17308,0.15,0.2,0.0660431,0,0.1,0.000346075,21411.6,575.785,772.005,0.01,0.95,10,10000,0.938,0.497,62,53,0.0251292,0,0.854839
3717,10000,6.46797,5.62342,7.49894,0.0787407,0.0630957,0.1,0.172208,0.15,0.2,0.151731,0.1,0.2,0.000346075,54910.3,853.819,1979.82,0.01,0.95,10,10000,0.938,0.497,159,148,0.0150379,0,0.930818
3718,10000,6.3804,5.62342,7.49894,0.0804731,0.0630957,0.1,0.173586,0.15,0.2,0.249539,0.2,0.3,0.000346075,70105.6,969.328,2527.69,0.01,0.95,10,10000,0.938,0.497,203,188,0.0133425,0,0.926108
3719,10000,6.43095,5.62342,7.49894,0.0811615,0.0630957,0.1,0.173649,0.15,0.2,0.348547,0.3,0.4,0.000346075,83574.2,1132.15,3013.31,0.01,0.95,10,10000,0.938,0.497,242,208,0.0126848,0,0.859504
3720,10000,6.40735,5.62342,7.49894,0.079169,0.0630957,0.1,0.172266,0.15,0.2,0.449741,0.4,0.5,0.000346075,73904.4,1090.07,2664.66,0.01,0.95,10,10000,0.938,0.497,214,179,0.0136738,0,0.836449
3721,10000,6.37045,5.62342,7.49894,0.07893,0.0630957,0.1,0.174572,0.15,0.2,0.54764,0.5,0.6,0.000346075,63889.4,1040.7,2303.56,0.01,0.95,10,10000,0.938,0.497,185,150,0.0149373,0,0.810811
3722,10000,6.45031,5.62342,7.49894,0.0795495,0.0630957,0.1,0.174084,0.15,0.2,0.649906,0.6,0.7,0.000346075,54219.6,948.013,1954.92,0.01,0.95,10,10000,0.938,0.497,157,129,0.0161073,0,0.821656
3723,10000,6.41042,5.62342,7.49894,0.079871,0.0630957,0.1,0.172802,0.15,0.2,0.746271,0.7,0.8,0.000346075,37988.3,921.347,1369.69,0.01,0.95,10,10000,0.938,0.497,110,75,0.0211245,0,0.681818
3724,10000,6.39582,5.62342,7.49894,0.0789781,0.0630957,0.1,0.172893,0.15,0.2,0.841596,0.8,0.9,0.000346075,26246.4,620.372,946.329,0.01,0.95,10,10000,0.938,0.497,76,67,0.0223501,0,0.881579
3725,10000,6.4792,5.62342,7.49894,0.0784197,0.0630957,0.1,0.172719,0.15,0.2,0.94896,0.9,1,0.000346075,22447.6,665.758,809.36,0.01,0.95,10,10000,0.938,0.497,65,48,0.0264056,0,0.738462
3726,10000,6.38292,5.62342,7.49894,0.0786994,0.0630957,0.1,0.169168,0.15,0.2,1.1818,1,1.5,0.00173037,9600.67,195.689,346.157,0.01,0.95,10,10000,0.938,0.497,139,102,0.0181141,0,0.733813
3727,10000,6.28034,5.62342,7.49894,0.0825061,0.0630957,0.1,0.225069,0.2,0.25,0.0761989,0,0.1,0.000346075,12432.5,412.098,448.261,0.01,0.95,10,10000,0.938,0.497,36,33,0.0318464,0,0.916667
3728,10000,6.3358,5.62342,7.49894,0.0823361,0.0630957,0.1,0.224385,0.2,0.25,0.151727,0.1,0.2,0.000346075,29009.2,600.109,1045.94,0.01,0.95,10,10000,0.938,0.497,84,81,0.020327,0,0.964286
3729,10000,6.47545,5.62342,7.49894,0.0791651,0.0630957,0.1,0.224396,0.2,0.25,0.249962,0.2,0.3,0.000346075,46622,778.945,1680.98,0.01,0.95,10,10000,0.938,0.497,135,127,0.0162336,0,0.940741
3730,10000,6.33142,5.62342,7.49894,0.0794562,0.0630957,0.1,0.221863,0.2,0.25,0.350789,0.3,0.4,0.000346075,51456.8,882.704,1855.3,0.01,0.95,10,10000,0.938,0.497,149,129,0.0161073,0,0.865772
3731,10000,6.39878,5.62342,7.49894,0.0814169,0.0630957,0.1,0.224604,0.2,0.25,0.447193,0.4,0.5,0.000346075,44549.9,793.932,1606.27,0.01,0.95,10,10000,0.938,0.497,129,116,0.0169859,0,0.899225
3732,10000,6.36922,5.62342,7.49894,0.0804802,0.0630957,0.1,0.22554,0.2,0.25,0.543758,0.5,0.6,0.000346075,43859.2,734.782,1581.37,0.01,0.95,10,10000,0.938,0.497,127,123,0.0164955,0,0.968504
3733,10000,6.39769,5.62342,7.49894,0.0789066,0.0630957,0.1,0.224018,0.2,0.25,0.653495,0.6,0.7,0.000346075,31772,764.5,1145.56,0.01,0.95,10,10000,0.938,0.497,92,71,0.0217114,0,0.771739
3734,10000,6.53189,5.62342,7.49894,0.0774224,0.0630957,0.1,0.227,0.2,0.25,0.753617,0.7,0.8,0.000346075,30045.3,638.781,1083.3,0.01,0.95,10,10000,0.938,0.497,87,80,0.0204537,0,0.91954
3735,10000,6.559,5.62342,7.49894,0.0788281,0.0630957,0.1,0.22228,0.2,0.25,0.842887,0.8,0.9,0.000346075,22447.6,633.955,809.36,0.01,0.95,10,10000,0.938,0.497,65,51,0.0256172,0,0.784615
3736,10000,6.37127,5.62342,7.49894,0.0792724,0.0630957,0.1,0.22038,0.2,0.25,0.946709,0.9,1,0.000346075,10015.1,340.23,361.099,0.01,0.95,10,10000,0.938,0.497,29,29,0.0339717,0,1
3737,10000,6.49554,5.62342,7.49894,0.0808137,0.0630957,0.1,0.224491,0.2,0.25,1.21264,1,1.5,0.00173037,4696.73,136.654,169.343,0.01,0.95,10,10000,0.938,0.497,68,50,0.0258721,0,0.735294
3738,10000,6.33508,5.62342,7.49894,0.0782635,0.0630957,0.1,0.272766,0.25,0.3,0.0648056,0,0.1,0.000346075,9324.39,328.288,336.196,0.01,0.95,10,10000,0.938,0.497,27,27,0.0352075,0,1
3739,10000,6.33421,5.62342,7.49894,0.0775741,0.0630957,0.1,0.270432,0.25,0.3,0.148515,0.1,0.2,0.000346075,23138.3,639.316,834.264,0.01,0.95,10,10000,0.938,0.497,67,53,0.0251292,0,0.791045
3740,10000,6.33523,5.62342,7.49894,0.0786789,0.0630957,0.1,0.270325,0.25,0.3,0.258558,0.2,0.3,0.000346075,34880.1,776.04,1257.62,0.01,0.95,10,10000,0.938,0.497,101,81,0.020327,0,0.80198
3741,10000,6.39546,5.62342,7.49894,0.0806653,0.0630957,0.1,0.273337,0.25,0.3,0.34963,0.3,0.4,0.000346075,30390.6,634.559,1095.75,0.01,0.95,10,10000,0.938,0.497,88,82,0.0202027,0,0.931818
3742,10000,6.36815,5.62342,7.49894,0.0805764,0.0630957,0.1,0.274856,0.25,0.3,0.450118,0.4,0.5,0.000346075,37297.6,776.872,1344.78,0.01,0.95,10,10000,0.938,0.497,108,90,0.0192839,0,0.833333
3743,10000,6.42829,5.62342,7.49894,0.0801711,0.0630957,0.1,0.273983,0.25,0.3,0.544887,0.5,0.6,0.000346075,31081.3,709.184,1120.65,0.01,0.95,10,10000,0.938,0.497,90,75,0.0211245,0,0.833333
3744,10000,6.45645,5.62342,7.49894,0.0812773,0.0630957,0.1,0.272687,0.25,0.3,0.652578,0.6,0.7,0.000346075,26246.4,645.85,946.329,0.01,0.95,10,10000,0.938,0.497,76,64,0.0228679,0,0.842105
3745,10000,6.48018,5.62342,7.49894,0.0797507,0.0630957,0.1,0.274561,0.25,0.3,0.745368,0.7,0.8,0.000346075,20720.9,569.231,747.102,0.01,0.95,10,10000,0.938,0.497,60,51,0.0256172,0,0.85
3746,10000,6.47328,5.62342,7.49894,0.0796022,0.0630957,0.1,0.276973,0.25,0.3,0.853685,0.8,0.9,0.000346075,11051.1,477.174,398.454,0.01,0.95,10,10000,0.938,0.497,32,23,0.0381463,0,0.71875
3747,10000,6.65233,5.62342,7.49894,0.0788537,0.0630957,0.1,0.274372,0.25,0.3,0.944113,0.9,1,0.000346075,8633.7,-nan,311.292,0.01,0.95,10,10000,0.938,0.497,25,26,0.0358782,0,1.04
3748,10000,6.54977,5.62342,7.49894,0.0769123,0.0630957,0.1,0.271924,0.25,0.3,1.1746,1,1.5,0.00173037,3936.97,124.906,141.949,0.01,0.95,10,10000,0.938,0.497,57,42,0.0282288,0,0.736842
3749,10000,6.48903,5.62342,7.49894,0.0775228,0.0630957,0.1,0.35152,0.3,0.4,0.0641172,0,0.1,0.000692149,3798.83,148.168,136.969,0.01,0.95,10,10000,0.938,0.497,22,22,0.0390037,0,1
3750,10000,6.30803,5.62342,7.49894,0.0823649,0.0630957,0.1,0.350763,0.3,0.4,0.154596,0.1,0.2,0.000692149,12950.5,321.487,466.939,0.01,0.95,10,10000,0.938,0.497,75,63,0.0230487,0,0.84
3751,10000,6.43175,5.62342,7.49894,0.0791078,0.0630957,0.1,0.341737,0.3,0.4,0.2508,0.2,0.3,0.000692149,16749.4,-nan,603.907,0.01,0.95,10,10000,0.938,0.497,97,103,0.0180259,0,1.06186
3752,10000,6.3571,5.62342,7.49894,0.079406,0.0630957,0.1,0.347457,0.3,0.4,0.351168,0.3,0.4,0.000692149,19857.5,386.246,715.972,0.01,0.95,10,10000,0.938,0.497,115,100,0.0182943,0,0.869565
3753,10000,6.31256,5.62342,7.49894,0.078541,0.0630957,0.1,0.344445,0.3,0.4,0.449086,0.4,0.5,0.000692149,17267.4,363.703,622.585,0.01,0.95,10,10000,0.938,0.497,100,86,0.0197273,0,0.86
3754,10000,6.39449,5.62342,7.49894,0.0799216,0.0630957,0.1,0.348918,0.3,0.4,0.545699,0.5,0.6,0.000692149,16749.4,341.461,603.907,0.01,0.95,10,10000,0.938,0.497,97,88,0.0195018,0,0.907216
3755,10000,6.29757,5.62342,7.49894,0.0803629,0.0630957,0.1,0.345722,0.3,0.4,0.64673,0.6,0.7,0.000692149,14504.6,338.407,522.971,0.01,0.95,10,10000,0.938,0.497,84,71,0.0217114,0,0.845238
3756,10000,6.34586,5.62342,7.49894,0.0782021,0.0630957,0.1,0.346493,0.3,0.4,0.737583,0.7,0.8,0.000692149,8979.04,246.047,323.744,0.01,0.95,10,10000,0.938,0.497,52,48,0.0264056,0,0.923077
3757,10000,6.62601,5.62342,7.49894,0.0798222,0.0630957,0.1,0.345592,0.3,0.4,0.841007,0.8,0.9,0.000692149,7770.33,271.96,280.163,0.01,0.95,10,10000,0.938,0.497,45,34,0.0313745,0,0.755556
3758,10000,6.41502,5.62342,7.49894,0.0792945,0.0630957,0.1,0.352858,0.3,0.4,0.952015,0.9,1,0.000692149,8115.67,262.902,292.615,0.01,0.95,10,10000,0.938,0.497,47,38,0.0296773,0,0.808511
3759,10000,6.4376,5.62342,7.49894,0.0810756,0.0630957,0.1,0.344506,0.3,0.4,1.1873,1,1.5,0.00346075,2521.04,56.2461,90.8974,0.01,0.95,10,10000,0.938,0.497,73,70,0.0218659,0,0.958904
3760,10000,6.42481,5.62342,7.49894,0.0806606,0.0630957,0.1,0.444483,0.4,0.5,0.0627192,0,0.1,0.000692149,2590.11,149.842,93.3877,0.01,0.95,10,10000,0.938,0.497,15,12,0.0528112,0,0.8
3761,10000,6.06822,5.62342,7.49894,0.0783861,0.0630957,0.1,0.444065,0.4,0.5,0.145795,0.1,0.2,0.000692149,3453.48,141.273,124.517,0.01,0.95,10,10000,0.938,0.497,20,20,0.0409074,0,1
3762,10000,6.32425,5.62342,7.49894,0.0821483,0.0630957,0.1,0.448904,0.4,0.5,0.252731,0.2,0.3,0.000692149,9151.72,262.65,329.97,0.01,0.95,10,10000,0.938,0.497,53,46,0.0269735,0,0.867925
3763,10000,6.42383,5.62342,7.49894,0.0776014,0.0630957,0.1,0.444761,0.4,0.5,0.352104,0.3,0.4,0.000692149,9151.72,248.039,329.97,0.01,0.95,10,10000,0.938,0.497,53,49,0.0261348,0,0.924528
3764,10000,6.4855,5.62342,7.49894,0.0785399,0.0630957,0.1,0.447865,0.4,0.5,0.453122,0.4,0.5,0.000692149,7424.98,238.383,267.711,0.01,0.95,10,10000,0.938,0.497,43,37,0.0300757,0,0.860465
3765,10000,6.44763,5.62342,7.49894,0.0801716,0.0630957,0.1,0.43349,0.4,0.5,0.546032,0.5,0.6,0.000692149,7252.31,230.736,261.486,0.01,0.95,10,10000,0.938,0.497,42,37,0.0300757,0,0.880952
3766,10000,6.26617,5.62342,7.49894,0.0827499,0.0630957,0.1,0.442907,0.4,0.5,0.641512,0.6,0.7,0.000692149,5870.91,266.349,211.679,0.01,0.95,10,10000,0.938,0.497,34,22,0.0390037,0,0.647059
3767,10000,6.41195,5.62342,7.49894,0.0803802,0.0630957,0.1,0.436751,0.4,0.5,0.74937,0.7,0.8,0.000692149,5352.89,-nan,193.001,0.01,0.95,10,10000,0.938,0.497,31,32,0.0323401,0,1.03226
3768,10000,6.26873,5.62342,7.49894,0.0794825,0.0630957,0.1,0.445124,0.4,0.5,0.843019,0.8,0.9,0.000692149,4834.87,264.297,174.324,0.01,0.95,10,10000,0.938,0.497,28,16,0.0457358,0,0.571429
3769,10000,6.69885,5.62342,7.49894,0.0840202,0.0630957,0.1,0.453221,0.4,0.5,0.942392,0.9,1,0.000692149,3108.13,158.578,112.065,0.01,0.95,10,10000,0.938,0.497,18,15,0.0472358,0,0.833333
3770,10000,6.46743,5.62342,7.49894,0.0808429,0.0630957,0.1,0.448821,0.4,0.5,1.14088,1,1.5,0.00346075,1381.39,43.0761,49.8068,0.01,0.95,10,10000,0.938,0.497,40,37,0.0300757,0,0.925
3771,10000,6.31753,5.62342,7.49894,0.0913671,0.0630957,0.1,0.54473,0.5,0.6,0.0547623,0,0.1,0.000692149,518.022,54.7147,18.6775,0.01,0.95,10,10000,0.938,0.497,3,3,0.105622,0,1
3772,10000,6.38055,5.62342,7.49894,0.0795527,0.0630957,0.1,0.537964,0.5,0.6,0.160091,0.1,0.2,0.000692149,1899.41,-nan,68.4843,0.01,0.95,10,10000,0.938,0.497,11,14,0.0488937,0,1.27273
3773,10000,6.51049,5.62342,7.49894,0.0820706,0.0630957,0.1,0.541467,0.5,0.6,0.252371,0.2,0.3,0.000692149,3626.15,159.272,130.743,0.01,0.95,10,10000,0.938,0.497,21,19,0.0419701,0,0.904762
3774,10000,6.23496,5.62342,7.49894,0.0790615,0.0630957,0.1,0.560445,0.5,0.6,0.34097,0.3,0.4,0.000692149,4316.85,185.611,155.646,0.01,0.95,10,10000,0.938,0.497,25,21,0.0399215,0,0.84
3775,10000,6.33718,5.62342,7.49894,0.0814262,0.0630957,0.1,0.532647,0.5,0.6,0.443335,0.4,0.5,0.000692149,2935.46,176.355,105.839,0.01,0.95,10,10000,0.938,0.497,17,12,0.0528112,0,0.705882
3776,10000,6.44325,5.62342,7.49894,0.0827229,0.0630957,0.1,0.542562,0.5,0.6,0.550664,0.5,0.6,0.000692149,4144.17,168.238,149.42,0.01,0.95,10,10000,0.938,0.497,24,22,0.0390037,0,0.916667
3777,10000,6.4164,5.62342,7.49894,0.08167,0.0630957,0.1,0.535569,0.5,0.6,0.64934,0.6,0.7,0.000692149,3280.8,180.286,118.291,0.01,0.95,10,10000,0.938,0.497,19,14,0.0488937,0,0.736842
3778,10000,6.3144,5.62342,7.49894,0.0801915,0.0630957,0.1,0.553982,0.5,0.6,0.748753,0.7,0.8,0.000692149,2417.44,118.197,87.1619,0.01,0.95,10,10000,0.938,0.497,14,14,0.0488937,0,1
3779,10000,6.19531,5.62342,7.49894,0.0784952,0.0630957,0.1,0.538671,0.5,0.6,0.855164,0.8,0.9,0.000692149,1554.07,134.023,56.0326,0.01,0.95,10,10000,0.938,0.497,9,6,0.0746863,0,0.666667
3780,10000,6.37639,5.62342,7.49894,0.0819282,0.0630957,0.1,0.542003,0.5,0.6,0.935021,0.9,1,0.000692149,1726.74,-nan,62.2585,0.01,0.95,10,10000,0.938,0.497,10,11,0.0551595,0,1.1
3781,10000,6.35073,5.62342,7.49894,0.0842764,0.0630957,0.1,0.537119,0.5,0.6,1.20039,1,1.5,0.00346075,725.231,31.8545,26.1486,0.01,0.95,10,10000,0.938,0.497,21,19,0.0419701,0,0.904762
3782,10000,6.20737,5.62342,7.49894,0.0884332,0.0630957,0.1,0.699058,0.6,0.7,0.0809801,0,0.1,0.000692149,345.348,77.3783,12.4517,0.01,0.95,10,10000,0.938,0.497,2,1,0.182943,0,0.5
3783,10000,6.2707,5.62342,7.49894,0.0784889,0.0630957,0.1,0.640681,0.6,0.7,0.142821,0.1,0.2,0.000692149,1899.41,171.09,68.4843,0.01,0.95,10,10000,0.938,0.497,11,6,0.0746863,0,0.545455
3784,10000,6.20695,5.62342,7.49894,0.0750209,0.0630957,0.1,0.642651,0.6,0.7,0.248754,0.2,0.3,0.000692149,1381.39,89.3488,49.8068,0.01,0.95,10,10000,0.938,0.497,8,8,0.0646803,0,1
3785,10000,6.3818,5.62342,7.49894,0.0832192,0.0630957,0.1,0.647747,0.6,0.7,0.350536,0.3,0.4,0.000692149,2072.09,109.429,74.7102,0.01,0.95,10,10000,0.938,0.497,12,12,0.0528112,0,1
3786,10000,6.51812,5.62342,7.49894,0.0805861,0.0630957,0.1,0.645174,0.6,0.7,0.448041,0.4,0.5,0.000692149,2590.11,-nan,93.3877,0.01,0.95,10,10000,0.938,0.497,15,18,0.0431202,0,1.2
3787,10000,6.15227,5.62342,7.49894,0.0810817,0.0630957,0.1,0.661044,0.6,0.7,0.544697,0.5,0.6,0.000692149,2244.76,144.071,80.936,0.01,0.95,10,10000,0.938,0.497,13,10,0.0578518,0,0.769231
3788,10000,6.42954,5.62342,7.49894,0.077957,0.0630957,0.1,0.636787,0.6,0.7,0.63938,0.6,0.7,0.000692149,2072.09,-nan,74.7102,0.01,0.95,10,10000,0.938,0.497,12,13,0.0507394,0,1.08333
3789,10000,6.42436,5.62342,7.49894,0.083455,0.0630957,0.1,0.644245,0.6,0.7,0.729322,0.7,0.8,0.000692149,1726.74,173.023,62.2585,0.01,0.95,10,10000,0.938,0.497,10,5,0.0818148,0,0.5
3790,10000,6.20521,5.62342,7.49894,0.0840878,0.0630957,0.1,0.640872,0.6,0.7,0.871939,0.8,0.9,0.000692149,690.696,-nan,24.9034,0.01,0.95,10,10000,0.938,0.497,4,5,0.0818148,0,1.25
3791,10000,6.18528,5.62342,7.49894,0.0741244,0.0630957,0.1,0.639382,0.6,0.7,0.952993,0.9,1,0.000692149,1554.07,105.955,56.0326,0.01,0.95,10,10000,0.938,0.497,9,8,0.0646803,0,0.888889
3792,10000,6.50521,5.62342,7.49894,0.0760335,0.0630957,0.1,0.641338,0.6,0.7,1.09375,1,1.5,0.00346075,276.278,17.8698,9.96136,0.01,0.95,10,10000,0.938,0.497,8,8,0.0646803,0,1
3793,10000,6.86213,5.62342,7.49894,0.0829524,0.0630957,0.1,0.712833,0.7,0.8,0.0908386,0,0.1,0.000692149,345.348,44.6744,12.4517,0.01,0.95,10,10000,0.938,0.497,2,2,0.129361,0,1
3794,10000,6.72412,5.62342,7.49894,0.0819445,0.0630957,0.1,0.742845,0.7,0.8,0.177035,0.1,0.2,0.000692149,690.696,-nan,24.9034,0.01,0.95,10,10000,0.938,0.497,4,5,0.0818148,0,1.25
3795,10000,6.99698,5.62342,7.49894,0.0898785,0.0630957,0.1,0.719967,0.7,0.8,0.245558,0.2,0.3,0.000692149,1554.07,134.023,56.0326,0.01,0.95,10,10000,0.938,0.497,9,6,0.0746863,0,0.666667
3796,10000,6.33519,5.62342,7.49894,0.0816948,0.0630957,0.1,0.758669,0.7,0.8,0.353313,0.3,0.4,0.000692149,1381.39,115.349,49.8068,0.01,0.95,10,10000,0.938,0.497,8,6,0.0746863,0,0.75
3797,10000,6.11234,5.62342,7.49894,0.0747526,0.0630957,0.1,0.751177,0.7,0.8,0.441819,0.4,0.5,0.000692149,1208.72,83.5781,43.5809,0.01,0.95,10,10000,0.938,0.497,7,7,0.0691461,0,1
3798,10000,6.50016,5.62342,7.49894,0.0774673,0.0630957,0.1,0.727935,0.7,0.8,0.563652,0.5,0.6,0.000692149,1381.39,115.349,49.8068,0.01,0.95,10,10000,0.938,0.497,8,6,0.0746863,0,0.75
3799,10000,6.36578,5.62342,7.49894,0.0844101,0.0630957,0.1,0.752172,0.7,0.8,0.655985,0.6,0.7,0.000692149,1381.39,101.312,49.8068,0.01,0.95,10,10000,0.938,0.497,8,7,0.0691461,0,0.875
3800,10000,6.61562,5.62342,7.49894,0.0704627,0.0630957,0.1,0.766469,0.7,0.8,0.74173,0.7,0.8,0.000692149,863.37,86.5116,31.1292,0.01,0.95,10,10000,0.938,0.497,5,4,0.0914717,0,0.8
3801,10000,6.06597,5.62342,7.49894,0.0872033,0.0630957,0.1,0.716527,0.7,0.8,0.813062,0.8,0.9,0.000692149,690.696,-nan,24.9034,0.01,0.95,10,10000,0.938,0.497,4,5,0.0818148,0,1.25
3802,10000,6.31553,5.62342,7.49894,0.0843922,0.0630957,0.1,0.734827,0.7,0.8,0.914802,0.9,1,0.000692149,518.022,-nan,18.6775,0.01,0.95,10,10000,0.938,0.497,3,4,0.0914717,0,1.33333
3803,10000,6.26873,5.62342,7.49894,0.0832822,0.0630957,0.1,0.734666,0.7,0.8,1.03989,1,1.5,0.00346075,103.604,15.4757,3.73551,0.01,0.95,10,10000,0.938,0.497,3,2,0.129361,0,0.666667
3804,10000,5.81342,5.62342,7.49894,0.0807859,0.0630957,0.1,0.844759,0.8,0.9,0.157031,0.1,0.2,0.000692149,172.674,31.5896,6.22585,0.01,0.95,10,10000,0.938,0.497,1,1,0.182943,0,1
3805,10000,6.52125,5.62342,7.49894,0.0886608,0.0630957,0.1,0.837622,0.8,0.9,0.218953,0.2,0.3,0.000692149,345.348,77.3783,12.4517,0.01,0.95,10,10000,0.938,0.497,2,1,0.182943,0,0.5
3806,10000,6.83399,5.62342,7.49894,0.0817545,0.0630957,0.1,0.848752,0.8,0.9,0.365843,0.3,0.4,0.000692149,518.022,-nan,18.6775,0.01,0.95,10,10000,0.938,0.497,3,4,0.0914717,0,1.33333
3807,10000,6.22892,5.62342,7.49894,0.0668137,0.0630957,0.1,0.875212,0.8,0.9,0.498296,0.4,0.5,0.000692149,1036.04,256.635,37.3551,0.01,0.95,10,10000,0.938,0.497,6,1,0.182943,0,0.166667
3808,10000,6.42455,5.62342,7.49894,0.0788874,0.0630957,0.1,0.812328,0.8,0.9,0.548763,0.5,0.6,0.000692149,172.674,-nan,6.22585,0.01,0.95,10,10000,0.938,0.497,1,2,0.129361,0,2
3809,10000,5.83761,5.62342,7.49894,0.0759059,0.0630957,0.1,0.836888,0.8,0.9,0.630071,0.6,0.7,0.000692149,518.022,77.3783,18.6775,0.01,0.95,10,10000,0.938,0.497,3,2,0.129361,0,0.666667
3810,10000,6.44871,5.62342,7.49894,0.0665898,0.0630957,0.1,0.863635,0.8,0.9,0.786987,0.7,0.8,0.000692149,345.348,44.6744,12.4517,0.01,0.95,10,10000,0.938,0.497,2,2,0.129361,0,1
3811,10000,5.78908,5.62342,7.49894,0.0818357,0.0630957,0.1,0.823412,0.8,0.9,0.839132,0.8,0.9,0.000692149,345.348,44.6744,12.4517,0.01,0.95,10,10000,0.938,0.497,2,2,0.129361,0,1
3812,10000,6.22298,5.62342,7.49894,0.0709845,0.0630957,0.1,0.83099,0.8,0.9,0.968667,0.9,1,0.000692149,690.696,109.429,24.9034,0.01,0.95,10,10000,0.938,0.497,4,2,0.129361,0,0.5
3813,10000,5.78724,5.62342,7.49894,0.0869008,0.0630957,0.1,0.85088,0.8,0.9,1.1799,1,1.5,0.00346075,69.0696,8.93488,2.49034,0.01,0.95,10,10000,0.938,0.497,2,2,0.129361,0,1
3814,10000,6.05252,5.62342,7.49894,0.0914074,0.0630957,0.1,0.936617,0.9,1,0.253044,0.2,0.3,0.000692149,345.348,44.6744,12.4517,0.01,0.95,10,10000,0.938,0.497,2,2,0.129361,0,1
3815,10000,6.19686,5.62342,7.49894,0.085779,0.0630957,0.1,0.90269,0.9,1,0.557072,0.5,0.6,0.000692149,172.674,31.5896,6.22585,0.01,0.95,10,10000,0.938,0.497,1,1,0.182943,0,1
3816,10000,5.72352,5.62342,7.49894,0.064288,0.0630957,0.1,0.903854,0.9,1,0.655551,0.6,0.7,0.000692149,0,0,0,0.01,0.95,10,10000,0.938,0.497,0,1,0.182943,0,0
3817,10000,6.52567,5.62342,7.49894,0.0753081,0.0630957,0.1,0.938331,0.9,1,0.744913,0.7,0.8,0.000692149,345.348,44.6744,12.4517,0.01,0.95,10,10000,0.938,0.497,2,2,0.129361,0,1
3818,10000,6.10901,5.62342,7.49894,0.0633415,0.0630957,0.1,0.903467,0.9,1,1.15637,1,1.5,0.00346075,0,0,0,0.01,0.95,10,10000,0.938,0.497,0,1,0.182943,0,0
3819,10000,6.48278,5.62342,7.49894,0.149911,0.1,0.251189,0.0763735,0.05,0.1,0.0662903,0,0.1,0.00141779,14499.1,223.336,522.774,0.01,0.95,10,10000,0.938,0.497,172,155,0.0146944,0,0.901163
3820,10000,6.5054,5.62342,7.49894,0.145873,0.1,0.251189,0.0758688,0.05,0.1,0.153708,0.1,0.2,0.00141779,38018.1,370.208,1370.76,0.01,0.95,10,10000,0.938,0.497,451,396,0.00919325,0,0.878049
3821,10000,6.5529,5.62342,7.49894,0.145891,0.1,0.251189,0.0768758,0.05,0.1,0.250037,0.2,0.3,0.00141779,51505.6,451.166,1857.06,0.01,0.95,10,10000,0.938,0.497,611,509,0.00810882,0,0.833061
3822,10000,6.53787,5.62342,7.49894,0.144361,0.1,0.251189,0.0759321,0.05,0.1,0.350961,0.3,0.4,0.00141779,53697.4,447.283,1936.09,0.01,0.95,10,10000,0.938,0.497,637,549,0.00780783,0,0.861852
3823,10000,6.55123,5.62342,7.49894,0.145079,0.1,0.251189,0.0755239,0.05,0.1,0.449556,0.4,0.5,0.00141779,43328.8,409.851,1562.24,0.01,0.95,10,10000,0.938,0.497,514,433,0.0087917,0,0.842412
3824,10000,6.49274,5.62342,7.49894,0.144142,0.1,0.251189,0.0761229,0.05,0.1,0.547391,0.5,0.6,0.00141779,33466,348.75,1206.63,0.01,0.95,10,10000,0.938,0.497,397,347,0.00982092,0,0.874055
3825,10000,6.61636,5.62342,7.49894,0.141998,0.1,0.251189,0.0758438,0.05,0.1,0.648877,0.6,0.7,0.00141779,23687.5,319.924,854.066,0.01,0.95,10,10000,0.938,0.497,281,222,0.0122784,0,0.790036
3826,10000,6.61439,5.62342,7.49894,0.140233,0.1,0.251189,0.0776425,0.05,0.1,0.746348,0.7,0.8,0.00141779,17955.3,255.664,647.388,0.01,0.95,10,10000,0.938,0.497,213,186,0.0134141,0,0.873239
3827,10000,6.53144,5.62342,7.49894,0.141361,0.1,0.251189,0.0767495,0.05,0.1,0.843257,0.8,0.9,0.00141779,13234.7,239.192,477.183,0.01,0.95,10,10000,0.938,0.497,157,124,0.0164288,0,0.789809
3828,10000,6.55541,5.62342,7.49894,0.134533,0.1,0.251189,0.0786997,0.05,0.1,0.943011,0.9,1,0.00141779,5985.11,137.484,215.796,0.01,0.95,10,10000,0.938,0.497,71,67,0.0223501,0,0.943662
3829,10000,6.59987,5.62342,7.49894,0.139437,0.1,0.251189,0.0795487,0.05,0.1,1.15661,1,1.5,0.00708897,2444.62,50.4224,88.1421,0.01,0.95,10,10000,0.938,0.497,145,102,0.0181141,0,0.703448
3830,10000,6.49677,5.62342,7.49894,0.152781,0.1,0.251189,0.123277,0.1,0.15,0.065223,0,0.1,0.00141779,12223.1,213.354,440.71,0.01,0.95,10,10000,0.938,0.497,145,125,0.016363,0,0.862069
3831,10000,6.45823,5.62342,7.49894,0.149586,0.1,0.251189,0.1246,0.1,0.15,0.153432,0.1,0.2,0.00141779,27059.4,299.665,975.642,0.01,0.95,10,10000,0.938,0.497,321,295,0.0106514,0,0.919003
3832,10000,6.42679,5.62342,7.49894,0.154884,0.1,0.251189,0.122785,0.1,0.15,0.248092,0.2,0.3,0.00141779,36163.5,353.213,1303.89,0.01,0.95,10,10000,0.938,0.497,429,386,0.00931157,0,0.899767
3833,10000,6.44257,5.62342,7.49894,0.154999,0.1,0.251189,0.121761,0.1,0.15,0.351938,0.3,0.4,0.00141779,38355.3,363.27,1382.92,0.01,0.95,10,10000,0.938,0.497,455,410,0.00903493,0,0.901099
3834,10000,6.42904,5.62342,7.49894,0.155104,0.1,0.251189,0.124169,0.1,0.15,0.448542,0.4,0.5,0.00141779,32454.5,308.949,1170.16,0.01,0.95,10,10000,0.938,0.497,385,377,0.00942206,0,0.979221
3835,10000,6.42984,5.62342,7.49894,0.15759,0.1,0.251189,0.123923,0.1,0.15,0.547467,0.5,0.6,0.00141779,27565.2,301.073,993.878,0.01,0.95,10,10000,0.938,0.497,327,302,0.0105272,0,0.923547
3836,10000,6.47763,5.62342,7.49894,0.155408,0.1,0.251189,0.124358,0.1,0.15,0.647981,0.6,0.7,0.00141779,22170.2,285.923,799.357,0.01,0.95,10,10000,0.938,0.497,263,228,0.0121157,0,0.86692
3837,10000,6.48066,5.62342,7.49894,0.146827,0.1,0.251189,0.125063,0.1,0.15,0.750155,0.7,0.8,0.00141779,15342.1,242.949,553.167,0.01,0.95,10,10000,0.938,0.497,182,154,0.014742,0,0.846154
3838,10000,6.44921,5.62342,7.49894,0.154389,0.1,0.251189,0.123157,0.1,0.15,0.8447,0.8,0.9,0.00141779,12560.3,232.498,452.868,0.01,0.95,10,10000,0.938,0.497,149,118,0.0168413,0,0.791946
3839,10000,6.52007,5.62342,7.49894,0.157382,0.1,0.251189,0.123674,0.1,0.15,0.946449,0.9,1,0.00141779,8598.32,155.751,310.017,0.01,0.95,10,10000,0.938,0.497,102,102,0.0181141,0,1
3840,10000,6.4867,5.62342,7.49894,0.149524,0.1,0.251189,0.123993,0.1,0.15,1.17577,1,1.5,0.00708897,2798.67,41.955,100.907,0.01,0.95,10,10000,0.938,0.497,166,157,0.0146005,0,0.945783
3841,10000,6.51359,5.62342,7.49894,0.159595,0.1,0.251189,0.172782,0.15,0.2,0.0669361,0,0.1,0.00141779,7586.76,147.937,273.544,0.01,0.95,10,10000,0.938,0.497,90,89,0.019392,0,0.988889
3842,10000,6.41952,5.62342,7.49894,0.155273,0.1,0.251189,0.173032,0.15,0.2,0.15373,0.1,0.2,0.00141779,20484.2,264.34,738.57,0.01,0.95,10,10000,0.938,0.497,243,220,0.012334,0,0.90535
3843,10000,6.38728,5.62342,7.49894,0.15819,0.1,0.251189,0.173475,0.15,0.2,0.251835,0.2,0.3,0.00141779,27312.3,288.96,984.76,0.01,0.95,10,10000,0.938,0.497,324,311,0.0103738,0,0.959877
3844,10000,6.46238,5.62342,7.49894,0.155403,0.1,0.251189,0.172802,0.15,0.2,0.35085,0.3,0.4,0.00141779,27902.4,307.266,1006.04,0.01,0.95,10,10000,0.938,0.497,331,301,0.0105447,0,0.909366
3845,10000,6.45458,5.62342,7.49894,0.154393,0.1,0.251189,0.174142,0.15,0.2,0.451391,0.4,0.5,0.00141779,25204.9,285.141,908.775,0.01,0.95,10,10000,0.938,0.497,299,279,0.0109525,0,0.93311
3846,10000,6.41674,5.62342,7.49894,0.158332,0.1,0.251189,0.173194,0.15,0.2,0.549389,0.5,0.6,0.00141779,19304.1,275.922,696.018,0.01,0.95,10,10000,0.938,0.497,229,191,0.0132373,0,0.834061
3847,10000,6.45634,5.62342,7.49894,0.151423,0.1,0.251189,0.172554,0.15,0.2,0.642574,0.6,0.7,0.00141779,16859.5,236.3,607.876,0.01,0.95,10,10000,0.938,0.497,200,184,0.0134868,0,0.92
3848,10000,6.43666,5.62342,7.49894,0.162878,0.1,0.251189,0.1744,0.15,0.2,0.744258,0.7,0.8,0.00141779,11127.2,204.817,401.198,0.01,0.95,10,10000,0.938,0.497,132,113,0.0172099,0,0.856061
3849,10000,6.38213,5.62342,7.49894,0.154987,0.1,0.251189,0.174539,0.15,0.2,0.849338,0.8,0.9,0.00141779,9525.59,180.751,343.45,0.01,0.95,10,10000,0.938,0.497,113,102,0.0181141,0,0.902655
3850,10000,6.43395,5.62342,7.49894,0.149266,0.1,0.251189,0.17464,0.15,0.2,0.951694,0.9,1,0.00141779,4467.76,121.09,161.087,0.01,0.95,10,10000,0.938,0.497,53,49,0.0261348,0,0.924528
3851,10000,6.40828,5.62342,7.49894,0.155089,0.1,0.251189,0.177344,0.15,0.2,1.17656,1,1.5,0.00708897,2360.32,45.7098,85.1027,0.01,0.95,10,10000,0.938,0.497,140,109,0.0175228,0,0.778571
3852,10000,6.32141,5.62342,7.49894,0.149721,0.1,0.251189,0.219359,0.2,0.25,0.0639007,0,0.1,0.00141779,4889.24,130.296,176.284,0.01,0.95,10,10000,0.938,0.497,58,52,0.0253697,0,0.896552
3853,10000,6.43905,5.62342,7.49894,0.161982,0.1,0.251189,0.224209,0.2,0.25,0.151214,0.1,0.2,0.00141779,12897.5,206.352,465.025,0.01,0.95,10,10000,0.938,0.497,153,141,0.0154066,0,0.921569
3854,10000,6.47298,5.62342,7.49894,0.152994,0.1,0.251189,0.223561,0.2,0.25,0.253013,0.2,0.3,0.00141779,14246.2,223.103,513.655,0.01,0.95,10,10000,0.938,0.497,169,151,0.0148877,0,0.893491
3855,10000,6.45879,5.62342,7.49894,0.154779,0.1,0.251189,0.223402,0.2,0.25,0.347284,0.3,0.4,0.00141779,15089.2,214.56,544.049,0.01,0.95,10,10000,0.938,0.497,179,172,0.0139493,0,0.960894
3856,10000,6.38998,5.62342,7.49894,0.156877,0.1,0.251189,0.223655,0.2,0.25,0.45086,0.4,0.5,0.00141779,16522.3,227.214,595.719,0.01,0.95,10,10000,0.938,0.497,196,186,0.0134141,0,0.94898
3857,10000,6.35894,5.62342,7.49894,0.154874,0.1,0.251189,0.223264,0.2,0.25,0.550696,0.5,0.6,0.00141779,14583.4,219.976,525.813,0.01,0.95,10,10000,0.938,0.497,173,159,0.0145084,0,0.919075
3858,10000,6.3698,5.62342,7.49894,0.154346,0.1,0.251189,0.224508,0.2,0.25,0.651574,0.6,0.7,0.00141779,11717.3,187.128,422.474,0.01,0.95,10,10000,0.938,0.497,139,135,0.0157453,0,0.971223
3859,10000,6.44913,5.62342,7.49894,0.155264,0.1,0.251189,0.223344,0.2,0.25,0.74406,0.7,0.8,0.00141779,9525.59,177.555,343.45,0.01,0.95,10,10000,0.938,0.497,113,104,0.0179391,0,0.920354
3860,10000,6.47884,5.62342,7.49894,0.153079,0.1,0.251189,0.225629,0.2,0.25,0.848311,0.8,0.9,0.00141779,5310.73,-nan,191.481,0.01,0.95,10,10000,0.938,0.497,63,65,0.0226913,0,1.03175
3861,10000,6.34489,5.62342,7.49894,0.1498,0.1,0.251189,0.219431,0.2,0.25,0.940842,0.9,1,0.00141779,4973.54,133.452,179.324,0.01,0.95,10,10000,0.938,0.497,59,52,0.0253697,0,0.881356
3862,10000,6.49069,5.62342,7.49894,0.159929,0.1,0.251189,0.223244,0.2,0.25,1.20567,1,1.5,0.00708897,2090.57,38.7851,75.3767,0.01,0.95,10,10000,0.938,0.497,124,109,0.0175228,0,0.879032
3863,10000,6.27048,5.62342,7.49894,0.153984,0.1,0.251189,0.269357,0.25,0.3,0.0651769,0,0.1,0.00141779,1854.54,82.9726,66.8664,0.01,0.95,10,10000,0.938,0.497,22,19,0.0419701,0,0.863636
3864,10000,6.43933,5.62342,7.49894,0.160267,0.1,0.251189,0.271802,0.25,0.3,0.150899,0.1,0.2,0.00141779,7165.27,165.877,258.347,0.01,0.95,10,10000,0.938,0.497,85,72,0.0215601,0,0.847059
3865,10000,6.37092,5.62342,7.49894,0.157285,0.1,0.251189,0.273358,0.25,0.3,0.248992,0.2,0.3,0.00141779,11717.3,201.154,422.474,0.01,0.95,10,10000,0.938,0.497,139,125,0.016363,0,0.899281
3866,10000,6.39905,5.62342,7.49894,0.160401,0.1,0.251189,0.270885,0.25,0.3,0.350727,0.3,0.4,0.00141779,11548.7,188.592,416.395,0.01,0.95,10,10000,0.938,0.497,137,131,0.0159838,0,0.956204
3867,10000,6.3968,5.62342,7.49894,0.159574,0.1,0.251189,0.274928,0.25,0.3,0.447457,0.4,0.5,0.00141779,9104.11,167.866,328.253,0.01,0.95,10,10000,0.938,0.497,108,103,0.0180259,0,0.953704
3868,10000,6.44173,5.62342,7.49894,0.154304,0.1,0.251189,0.273474,0.25,0.3,0.549142,0.5,0.6,0.00141779,10874.3,201.568,392.08,0.01,0.95,10,10000,0.938,0.497,129,111,0.0173642,0,0.860465
3869,10000,6.37818,5.62342,7.49894,0.15253,0.1,0.251189,0.270125,0.25,0.3,0.639947,0.6,0.7,0.00141779,8008.24,155.136,288.741,0.01,0.95,10,10000,0.938,0.497,95,92,0.0190732,0,0.968421
3870,10000,6.4566,5.62342,7.49894,0.161028,0.1,0.251189,0.273352,0.25,0.3,0.746186,0.7,0.8,0.00141779,6996.67,164.534,252.269,0.01,0.95,10,10000,0.938,0.497,83,70,0.0218659,0,0.843373
3871,10000,6.41694,5.62342,7.49894,0.15301,0.1,0.251189,0.273057,0.25,0.3,0.83835,0.8,0.9,0.00141779,4299.16,110.132,155.008,0.01,0.95,10,10000,0.938,0.497,51,51,0.0256172,0,1
3872,10000,6.49451,5.62342,7.49894,0.152866,0.1,0.251189,0.277387,0.25,0.3,0.946945,0.9,1,0.00141779,4299.16,121.515,155.008,0.01,0.95,10,10000,0.938,0.497,51,46,0.0269735,0,0.901961
3873,10000,6.42355,5.62342,7.49894,0.156347,0.1,0.251189,0.275439,0.25,0.3,1.21079,1,1.5,0.00708897,1163.3,25.6203,41.9435,0.01,0.95,10,10000,0.938,0.497,69,69,0.0220238,0,1
3874,10000,6.3426,5.62342,7.49894,0.155539,0.1,0.251189,0.353539,0.3,0.4,0.0696186,0,0.1,0.00283559,1095.86,40.86,39.512,0.01,0.95,10,10000,0.938,0.497,26,25,0.0365887,0,0.961538
3875,10000,6.41819,5.62342,7.49894,0.158497,0.1,0.251189,0.337079,0.3,0.4,0.157738,0.1,0.2,0.00283559,3835.53,73.5565,138.292,0.01,0.95,10,10000,0.938,0.497,91,91,0.0191777,0,1
3876,10000,6.384,5.62342,7.49894,0.162554,0.1,0.251189,0.346446,0.3,0.4,0.251802,0.2,0.3,0.00283559,4931.39,92.4471,177.804,0.01,0.95,10,10000,0.938,0.497,117,105,0.0178534,0,0.897436
3877,10000,6.37561,5.62342,7.49894,0.152376,0.1,0.251189,0.344477,0.3,0.4,0.35411,0.3,0.4,0.00283559,6828.08,113.94,246.19,0.01,0.95,10,10000,0.938,0.497,162,138,0.0155732,0,0.851852
3878,10000,6.45249,5.62342,7.49894,0.156657,0.1,0.251189,0.343103,0.3,0.4,0.447765,0.4,0.5,0.00283559,6406.59,103.575,230.993,0.01,0.95,10,10000,0.938,0.497,152,139,0.0155171,0,0.914474
3879,10000,6.39701,5.62342,7.49894,0.165245,0.1,0.251189,0.345179,0.3,0.4,0.549128,0.5,0.6,0.00283559,5057.84,-nan,182.363,0.01,0.95,10,10000,0.938,0.497,120,130,0.0160452,0,1.08333
3880,10000,6.42349,5.62342,7.49894,0.15673,0.1,0.251189,0.341312,0.3,0.4,0.652927,0.6,0.7,0.00283559,5310.73,105.831,191.481,0.01,0.95,10,10000,0.938,0.497,126,101,0.0182035,0,0.801587
3881,10000,6.35907,5.62342,7.49894,0.155342,0.1,0.251189,0.344675,0.3,0.4,0.748267,0.7,0.8,0.00283559,4088.42,87.8231,147.41,0.01,0.95,10,10000,0.938,0.497,97,83,0.0200806,0,0.85567
3882,10000,6.55544,5.62342,7.49894,0.155514,0.1,0.251189,0.349433,0.3,0.4,0.842782,0.8,0.9,0.00283559,2908.26,-nan,104.859,0.01,0.95,10,10000,0.938,0.497,69,70,0.0218659,0,1.01449
3883,10000,6.45557,5.62342,7.49894,0.154611,0.1,0.251189,0.345963,0.3,0.4,0.944642,0.9,1,0.00283559,2023.13,60.575,72.9452,0.01,0.95,10,10000,0.938,0.497,48,42,0.0282288,0,0.875
3884,10000,6.44685,5.62342,7.49894,0.15479,0.1,0.251189,0.346746,0.3,0.4,1.17644,1,1.5,0.0141779,741.816,16.7881,26.7466,0.01,0.95,10,10000,0.938,0.497,88,75,0.0211245,0,0.852273
3885,10000,6.59193,5.62342,7.49894,0.13681,0.1,0.251189,0.440621,0.4,0.5,0.0652845,0,0.1,0.00283559,674.378,37.2877,24.3151,0.01,0.95,10,10000,0.938,0.497,16,13,0.0507394,0,0.8125
3886,10000,6.29988,5.62342,7.49894,0.14986,0.1,0.251189,0.442665,0.4,0.5,0.162039,0.1,0.2,0.00283559,1728.09,55.811,62.3073,0.01,0.95,10,10000,0.938,0.497,41,36,0.0304906,0,0.878049
3887,10000,6.27294,5.62342,7.49894,0.15435,0.1,0.251189,0.445348,0.4,0.5,0.247143,0.2,0.3,0.00283559,2486.77,67.8857,89.6618,0.01,0.95,10,10000,0.938,0.497,59,51,0.0256172,0,0.864407
3888,10000,6.30973,5.62342,7.49894,0.160858,0.1,0.251189,0.439791,0.4,0.5,0.348522,0.3,0.4,0.00283559,2908.26,-nan,104.859,0.01,0.95,10,10000,0.938,0.497,69,71,0.0217114,0,1.02899
3889,10000,6.31844,5.62342,7.49894,0.163707,0.1,0.251189,0.446056,0.4,0.5,0.450315,0.4,0.5,0.00283559,2528.92,70.6708,91.1814,0.01,0.95,10,10000,0.938,0.497,60,50,0.0258721,0,0.833333
3890,10000,6.45447,5.62342,7.49894,0.142699,0.1,0.251189,0.44082,0.4,0.5,0.542608,0.5,0.6,0.00283559,2866.11,-nan,103.339,0.01,0.95,10,10000,0.938,0.497,68,69,0.0220238,0,1.01471
3891,10000,6.25864,5.62342,7.49894,0.154873,0.1,0.251189,0.440638,0.4,0.5,0.637796,0.6,0.7,0.00283559,2191.73,62.4363,79.0239,0.01,0.95,10,10000,0.938,0.497,52,46,0.0269735,0,0.884615
3892,10000,6.35894,5.62342,7.49894,0.166349,0.1,0.251189,0.440993,0.4,0.5,0.743002,0.7,0.8,0.00283559,1559.5,49.5107,56.2286,0.01,0.95,10,10000,0.938,0.497,37,35,0.0309231,0,0.945946
3893,10000,6.41551,5.62342,7.49894,0.16599,0.1,0.251189,0.439624,0.4,0.5,0.850966,0.8,0.9,0.00283559,1685.95,51.27,60.7876,0.01,0.95,10,10000,0.938,0.497,40,38,0.0296773,0,0.95
3894,10000,6.35898,5.62342,7.49894,0.158413,0.1,0.251189,0.439289,0.4,0.5,0.953182,0.9,1,0.00283559,1138.01,40.0666,41.0317,0.01,0.95,10,10000,0.938,0.497,27,27,0.0352075,0,1
3895,10000,6.54681,5.62342,7.49894,0.162027,0.1,0.251189,0.444918,0.4,0.5,1.18356,1,1.5,0.0141779,421.486,-nan,15.1969,0.01,0.95,10,10000,0.938,0.497,50,56,0.0244468,0,1.12
3896,10000,6.29134,5.62342,7.49894,0.145591,0.1,0.251189,0.527549,0.5,0.6,0.0816616,0,0.1,0.00283559,126.446,-nan,4.55907,0.01,0.95,10,10000,0.938,0.497,3,5,0.0818148,0,1.66667
3897,10000,6.32611,5.62342,7.49894,0.160072,0.1,0.251189,0.545034,0.5,0.6,0.161239,0.1,0.2,0.00283559,758.676,-nan,27.3544,0.01,0.95,10,10000,0.938,0.497,18,19,0.0419701,0,1.05556
3898,10000,6.47147,5.62342,7.49894,0.152738,0.1,0.251189,0.543335,0.5,0.6,0.253116,0.2,0.3,0.00283559,1601.65,52.8296,57.7483,0.01,0.95,10,10000,0.938,0.497,38,34,0.0313745,0,0.894737
3899,10000,6.48224,5.62342,7.49894,0.163409,0.1,0.251189,0.541766,0.5,0.6,0.354885,0.3,0.4,0.00283559,1770.24,51.1761,63.827,0.01,0.95,10,10000,0.938,0.497,42,41,0.028571,0,0.97619
3900,10000,6.44058,5.62342,7.49894,0.163892,0.1,0.251189,0.550691,0.5,0.6,0.448135,0.4,0.5,0.00283559,1685.95,53.9145,60.7876,0.01,0.95,10,10000,0.938,0.497,40,36,0.0304906,0,0.9
3901,10000,6.61284,5.62342,7.49894,0.157454,0.1,0.251189,0.552194,0.5,0.6,0.547551,0.5,0.6,0.00283559,1138.01,46.5157,41.0317,0.01,0.95,10,10000,0.938,0.497,27,23,0.0381463,0,0.851852
3902,10000,6.39079,5.62342,7.49894,0.159531,0.1,0.251189,0.539634,0.5,0.6,0.652761,0.6,0.7,0.00283559,1264.46,48.2963,45.5907,0.01,0.95,10,10000,0.938,0.497,30,26,0.0358782,0,0.866667
3903,10000,6.36145,5.62342,7.49894,0.14996,0.1,0.251189,0.548544,0.5,0.6,0.745043,0.7,0.8,0.00283559,885.121,35.3354,31.9135,0.01,0.95,10,10000,0.938,0.497,21,21,0.0399215,0,1
3904,10000,6.52949,5.62342,7.49894,0.152925,0.1,0.251189,0.541694,0.5,0.6,0.855782,0.8,0.9,0.00283559,590.081,33.3145,21.2757,0.01,0.95,10,10000,0.938,0.497,14,12,0.0528112,0,0.857143
3905,10000,6.32935,5.62342,7.49894,0.180588,0.1,0.251189,0.543854,0.5,0.6,0.946932,0.9,1,0.00283559,421.486,26.9572,15.1969,0.01,0.95,10,10000,0.938,0.497,10,9,0.0609811,0,0.9
3906,10000,6.46377,5.62342,7.49894,0.165608,0.1,0.251189,0.536296,0.5,0.6,1.18678,1,1.5,0.0141779,303.47,12.3076,10.9418,0.01,0.95,10,10000,0.938,0.497,36,26,0.0358782,0,0.722222
3907,10000,6.74908,5.62342,7.49894,0.153959,0.1,0.251189,0.652257,0.6,0.7,0.0677487,0,0.1,0.00283559,126.446,-nan,4.55907,0.01,0.95,10,10000,0.938,0.497,3,6,0.0746863,0,2
3908,10000,6.46378,5.62342,7.49894,0.157547,0.1,0.251189,0.641546,0.6,0.7,0.153662,0.1,0.2,0.00283559,505.784,34.4838,18.2363,0.01,0.95,10,10000,0.938,0.497,12,9,0.0609811,0,0.75
3909,10000,6.3184,5.62342,7.49894,0.151886,0.1,0.251189,0.637541,0.6,0.7,0.25791,0.2,0.3,0.00283559,969.419,44.0828,34.9529,0.01,0.95,10,10000,0.938,0.497,23,19,0.0419701,0,0.826087
3910,10000,6.20271,5.62342,7.49894,0.162824,0.1,0.251189,0.652624,0.6,0.7,0.348273,0.3,0.4,0.00283559,505.784,-nan,18.2363,0.01,0.95,10,10000,0.938,0.497,12,14,0.0488937,0,1.16667
3911,10000,6.37015,5.62342,7.49894,0.152642,0.1,0.251189,0.651336,0.6,0.7,0.451496,0.4,0.5,0.00283559,758.676,-nan,27.3544,0.01,0.95,10,10000,0.938,0.497,18,23,0.0381463,0,1.27778
3912,10000,6.63452,5.62342,7.49894,0.176526,0.1,0.251189,0.635213,0.6,0.7,0.547573,0.5,0.6,0.00283559,590.081,49.9718,21.2757,0.01,0.95,10,10000,0.938,0.497,14,7,0.0691461,0,0.5
3913,10000,6.59909,5.62342,7.49894,0.145629,0.1,0.251189,0.646455,0.6,0.7,0.650783,0.6,0.7,0.00283559,547.932,27.8017,19.756,0.01,0.95,10,10000,0.938,0.497,13,13,0.0507394,0,1
3914,10000,6.32867,5.62342,7.49894,0.179439,0.1,0.251189,0.649093,0.6,0.7,0.754476,0.7,0.8,0.00283559,252.892,18.8876,9.11814,0.01,0.95,10,10000,0.938,0.497,6,6,0.0746863,0,1
3915,10000,6.49585,5.62342,7.49894,0.137834,0.1,0.251189,0.638586,0.6,0.7,0.835615,0.8,0.9,0.00283559,421.486,24.3837,15.1969,0.01,0.95,10,10000,0.938,0.497,10,10,0.0578518,0,1
3916,10000,6.3779,5.62342,7.49894,0.147139,0.1,0.251189,0.648485,0.6,0.7,0.941199,0.9,1,0.00283559,295.04,-nan,10.6378,0.01,0.95,10,10000,0.938,0.497,7,8,0.0646803,0,1.14286
3917,10000,6.37553,5.62342,7.49894,0.140245,0.1,0.251189,0.632732,0.6,0.7,1.13655,1,1.5,0.0141779,126.446,-nan,4.55907,0.01,0.95,10,10000,0.938,0.497,15,18,0.0431202,0,1.2
3918,10000,6.04795,5.62342,7.49894,0.176934,0.1,0.251189,0.734964,0.7,0.8,0.0634339,0,0.1,0.00283559,84.2973,10.9047,3.03938,0.01,0.95,10,10000,0.938,0.497,2,2,0.129361,0,1
3919,10000,6.37765,5.62342,7.49894,0.164643,0.1,0.251189,0.753426,0.7,0.8,0.156356,0.1,0.2,0.00283559,210.743,34.4838,7.59845,0.01,0.95,10,10000,0.938,0.497,5,2,0.129361,0,0.4
3920,10000,6.07905,5.62342,7.49894,0.159402,0.1,0.251189,0.734302,0.7,0.8,0.268329,0.2,0.3,0.00283559,252.892,-nan,9.11814,0.01,0.95,10,10000,0.938,0.497,6,8,0.0646803,0,1.33333
3921,10000,6.53428,5.62342,7.49894,0.156506,0.1,0.251189,0.753398,0.7,0.8,0.364454,0.3,0.4,0.00283559,421.486,37.2468,15.1969,0.01,0.95,10,10000,0.938,0.497,10,6,0.0746863,0,0.6
3922,10000,6.41137,5.62342,7.49894,0.190629,0.1,0.251189,0.749948,0.7,0.8,0.41602,0.4,0.5,0.00283559,379.338,-nan,13.6772,0.01,0.95,10,10000,0.938,0.497,9,11,0.0551595,0,1.22222
3923,10000,6.54817,5.62342,7.49894,0.15713,0.1,0.251189,0.73493,0.7,0.8,0.552066,0.5,0.6,0.00283559,252.892,22.3481,9.11814,0.01,0.95,10,10000,0.938,0.497,6,5,0.0818148,0,0.833333
3924,10000,6.68119,5.62342,7.49894,0.154228,0.1,0.251189,0.738951,0.7,0.8,0.65647,0.6,0.7,0.00283559,463.635,28.0148,16.7166,0.01,0.95,10,10000,0.938,0.497,11,10,0.0578518,0,0.909091
3925,10000,6.36962,5.62342,7.49894,0.149473,0.1,0.251189,0.742285,0.7,0.8,0.845938,0.8,0.9,0.00283559,126.446,-nan,4.55907,0.01,0.95,10,10000,0.938,0.497,3,4,0.0914717,0,1.33333
3926,10000,6.56687,5.62342,7.49894,0.150162,0.1,0.251189,0.733072,0.7,0.8,0.942759,0.9,1,0.00283559,295.04,20.4009,10.6378,0.01,0.95,10,10000,0.938,0.497,7,7,0.0691461,0,1
3927,10000,6.41098,5.62342,7.49894,0.137542,0.1,0.251189,0.741632,0.7,0.8,1.18453,1,1.5,0.0141779,109.586,9.16072,3.9512,0.01,0.95,10,10000,0.938,0.497,13,7,0.0691461,0,0.538462
3928,10000,6.24334,5.62342,7.49894,0.138468,0.1,0.251189,0.835739,0.8,0.9,0.154476,0.1,0.2,0.00283559,126.446,-nan,4.55907,0.01,0.95,10,10000,0.938,0.497,3,5,0.0818148,0,1.66667
3929,10000,5.84522,5.62342,7.49894,0.18117,0.1,0.251189,0.815336,0.8,0.9,0.278017,0.2,0.3,0.00283559,42.1486,7.71082,1.51969,0.01,0.95,10,10000,0.938,0.497,1,1,0.182943,0,1
3930,10000,6.66965,5.62342,7.49894,0.12478,0.1,0.251189,0.816487,0.8,0.9,0.38545,0.3,0.4,0.00283559,126.446,29.8639,4.55907,0.01,0.95,10,10000,0.938,0.497,3,1,0.182943,0,0.333333
3931,10000,6.27287,5.62342,7.49894,0.173054,0.1,0.251189,0.853496,0.8,0.9,0.450059,0.4,0.5,0.00283559,210.743,-nan,7.59845,0.01,0.95,10,10000,0.938,0.497,5,8,0.0646803,0,1.6
3932,10000,6.32371,5.62342,7.49894,0.163963,0.1,0.251189,0.863593,0.8,0.9,0.577642,0.5,0.6,0.00283559,84.2973,-nan,3.03938,0.01,0.95,10,10000,0.938,0.497,2,4,0.0914717,0,2
3933,10000,7.11271,5.62342,7.49894,0.12546,0.1,0.251189,0.844373,0.8,0.9,0.623321,0.6,0.7,0.00283559,84.2973,18.8876,3.03938,0.01,0.95,10,10000,0.938,0.497,2,1,0.182943,0,0.5
3934,10000,6.24255,5.62342,7.49894,0.155771,0.1,0.251189,0.819664,0.8,0.9,0.72947,0.7,0.8,0.00283559,84.2973,-nan,3.03938,0.01,0.95,10,10000,0.938,0.497,2,3,0.105622,0,1.5
3935,10000,5.86158,5.62342,7.49894,0.126816,0.1,0.251189,0.841877,0.8,0.9,0.814195,0.8,0.9,0.00283559,42.1486,7.71082,1.51969,0.01,0.95,10,10000,0.938,0.497,1,1,0.182943,0,1
3936,10000,6.52002,5.62342,7.49894,0.177087,0.1,0.251189,0.83859,0.8,0.9,0.976639,0.9,1,0.00283559,42.1486,-nan,1.51969,0.01,0.95,10,10000,0.938,0.497,1,4,0.0914717,0,4
3937,10000,6.42589,5.62342,7.49894,0.190962,0.1,0.251189,0.84467,0.8,0.9,1.21177,1,1.5,0.0141779,33.7189,3.98185,1.21575,0.01,0.95,10,10000,0.938,0.497,4,3,0.105622,0,0.75
3938,10000,5.67642,5.62342,7.49894,0.10564,0.1,0.251189,0.928248,0.9,1,0.605318,0.6,0.7,0.00283559,84.2973,18.8876,3.03938,0.01,0.95,10,10000,0.938,0.497,2,1,0.182943,0,0.5
3939,10000,5.79303,5.62342,7.49894,0.226174,0.1,0.251189,0.964021,0.9,1,0.773884,0.7,0.8,0.00283559,0,0,0,0.01,0.95,10,10000,0.938,0.497,0,1,0.182943,0,0
3940,10000,5.99901,5.62342,7.49894,0.194933,0.1,0.251189,0.967279,0.9,1,0.892562,0.8,0.9,0.00283559,42.1486,7.71082,1.51969,0.01,0.95,10,10000,0.938,0.497,1,1,0.182943,0,1
3941,10000,6.05877,5.62342,7.49894,0.172604,0.1,0.251189,0.923059,0.9,1,1.07505,1,1.5,0.0141779,8.42973,1.54216,0.303938,0.01,0.95,10,10000,0.938,0.497,1,1,0.182943,0,1
3942,10000,6.64152,5.62342,7.49894,0.296683,0.251189,0.630957,0.0916801,0.05,0.1,0.0728217,0,0.1,0.00356132,469.833,26.5256,16.9401,0.01,0.95,10,10000,0.938,0.497,14,12,0.0528112,0,0.857143
3943,10000,6.8235,5.62342,7.49894,0.292476,0.251189,0.630957,0.0861088,0.05,0.1,0.140235,0.1,0.2,0.00356132,1241.7,50.7419,44.7702,0.01,0.95,10,10000,0.938,0.497,37,26,0.0358782,0,0.702703
3944,10000,6.7785,5.62342,7.49894,0.287149,0.251189,0.630957,0.0846646,0.05,0.1,0.245571,0.2,0.3,0.00356132,1677.97,60.4853,60.5002,0.01,0.95,10,10000,0.938,0.497,50,34,0.0313745,0,0.68
3945,10000,6.87791,5.62342,7.49894,0.293027,0.251189,0.630957,0.0819414,0.05,0.1,0.349457,0.3,0.4,0.00356132,1644.42,61.7202,59.2902,0.01,0.95,10,10000,0.938,0.497,49,32,0.0323401,0,0.653061
3946,10000,6.98352,5.62342,7.49894,0.287017,0.251189,0.630957,0.0813609,0.05,0.1,0.441086,0.4,0.5,0.00356132,1073.9,53.4486,38.7202,0.01,0.95,10,10000,0.938,0.497,32,19,0.0419701,0,0.59375
3947,10000,6.78291,5.62342,7.49894,0.286755,0.251189,0.630957,0.0819472,0.05,0.1,0.564867,0.5,0.6,0.00356132,637.63,31.3805,22.9901,0.01,0.95,10,10000,0.938,0.497,19,16,0.0457358,0,0.842105
3948,10000,6.97551,5.62342,7.49894,0.293621,0.251189,0.630957,0.085412,0.05,0.1,0.660786,0.6,0.7,0.00356132,671.19,72.6434,24.2001,0.01,0.95,10,10000,0.938,0.497,20,5,0.0818148,0,0.25
3949,10000,7.24333,5.62342,7.49894,0.293478,0.251189,0.630957,0.090754,0.05,0.1,0.725474,0.7,0.8,0.00356132,100.678,10.6339,3.63001,0.01,0.95,10,10000,0.938,0.497,3,3,0.105622,0,1
3950,10000,6.58931,5.62342,7.49894,0.294896,0.251189,0.630957,0.0810428,0.05,0.1,0.83667,0.8,0.9,0.00356132,167.797,20.9703,6.05002,0.01,0.95,10,10000,0.938,0.497,5,3,0.105622,0,0.6
3951,10000,6.96214,5.62342,7.49894,0.288927,0.251189,0.630957,0.0866947,0.05,0.1,0.921756,0.9,1,0.00356132,201.357,21.2678,7.26003,0.01,0.95,10,10000,0.938,0.497,6,4,0.0914717,0,0.666667
3952,10000,6.74796,5.62342,7.49894,0.267239,0.251189,0.630957,0.0936254,0.05,0.1,1.17123,1,1.5,0.0178066,33.5595,4.19407,1.21,0.01,0.95,10,10000,0.938,0.497,5,3,0.105622,0,0.6
3953,10000,6.61232,5.62342,7.49894,0.312261,0.251189,0.630957,0.122111,0.1,0.15,0.0767917,0,0.1,0.00356132,604.071,-nan,21.7801,0.01,0.95,10,10000,0.938,0.497,18,20,0.0409074,0,1.11111
3954,10000,6.52549,5.62342,7.49894,0.305498,0.251189,0.630957,0.120951,0.1,0.15,0.150598,0.1,0.2,0.00356132,2047.13,60.573,73.8103,0.01,0.95,10,10000,0.938,0.497,61,47,0.026685,0,0.770492
3955,10000,6.56206,5.62342,7.49894,0.296687,0.251189,0.630957,0.124246,0.1,0.15,0.251083,0.2,0.3,0.00356132,2516.96,60.8017,90.7504,0.01,0.95,10,10000,0.938,0.497,75,65,0.0226913,0,0.866667
3956,10000,6.64488,5.62342,7.49894,0.303784,0.251189,0.630957,0.126854,0.1,0.15,0.351768,0.3,0.4,0.00356132,2718.32,58.0549,98.0104,0.01,0.95,10,10000,0.938,0.497,81,77,0.0208483,0,0.950617
3957,10000,6.61185,5.62342,7.49894,0.294633,0.251189,0.630957,0.127316,0.1,0.15,0.452194,0.4,0.5,0.00356132,2315.6,60.7941,83.4903,0.01,0.95,10,10000,0.938,0.497,69,57,0.0242314,0,0.826087
3958,10000,6.566,5.62342,7.49894,0.309314,0.251189,0.630957,0.12325,0.1,0.15,0.542216,0.5,0.6,0.00356132,1443.06,51.0208,52.0302,0.01,0.95,10,10000,0.938,0.497,43,33,0.0318464,0,0.767442
3959,10000,6.56772,5.62342,7.49894,0.303768,0.251189,0.630957,0.129142,0.1,0.15,0.650059,0.6,0.7,0.00356132,1443.06,41.2067,52.0302,0.01,0.95,10,10000,0.938,0.497,43,42,0.0282288,0,0.976744
3960,10000,6.5508,5.62342,7.49894,0.288209,0.251189,0.630957,0.128662,0.1,0.15,0.745732,0.7,0.8,0.00356132,838.987,46.8911,30.2501,0.01,0.95,10,10000,0.938,0.497,25,15,0.0472358,0,0.6
3961,10000,6.70732,5.62342,7.49894,0.310118,0.251189,0.630957,0.123279,0.1,0.15,0.85583,0.8,0.9,0.00356132,503.392,23.7781,18.1501,0.01,0.95,10,10000,0.938,0.497,15,15,0.0472358,0,1
3962,10000,6.84479,5.62342,7.49894,0.286877,0.251189,0.630957,0.128358,0.1,0.15,0.937425,0.9,1,0.00356132,402.714,27.4566,14.5201,0.01,0.95,10,10000,0.938,0.497,12,9,0.0609811,0,0.75
3963,10000,6.29466,5.62342,7.49894,0.284584,0.251189,0.630957,0.129482,0.1,0.15,1.1306,1,1.5,0.0178066,87.2547,7.29393,3.14601,0.01,0.95,10,10000,0.938,0.497,13,7,0.0691461,0,0.538462
3964,10000,6.38021,5.62342,7.49894,0.309024,0.251189,0.630957,0.167931,0.15,0.2,0.0653263,0,0.1,0.00356132,570.511,28.4897,20.5701,0.01,0.95,10,10000,0.938,0.497,17,15,0.0472358,0,0.882353
3965,10000,6.51093,5.62342,7.49894,0.303676,0.251189,0.630957,0.176658,0.15,0.2,0.152913,0.1,0.2,0.00356132,1644.42,49.6249,59.2902,0.01,0.95,10,10000,0.938,0.497,49,42,0.0282288,0,0.857143
3966,10000,6.49779,5.62342,7.49894,0.30726,0.251189,0.630957,0.175397,0.15,0.2,0.25579,0.2,0.3,0.00356132,2147.81,53.9582,77.4403,0.01,0.95,10,10000,0.938,0.497,64,58,0.0240216,0,0.90625
3967,10000,6.62852,5.62342,7.49894,0.313451,0.251189,0.630957,0.1747,0.15,0.2,0.344498,0.3,0.4,0.00356132,2349.16,68.9156,84.7003,0.01,0.95,10,10000,0.938,0.497,70,50,0.0258721,0,0.714286
3968,10000,6.68841,5.62342,7.49894,0.321347,0.251189,0.630957,0.171096,0.15,0.2,0.451056,0.4,0.5,0.00356132,2147.81,55.6922,77.4403,0.01,0.95,10,10000,0.938,0.497,64,56,0.0244468,0,0.875
3969,10000,6.42118,5.62342,7.49894,0.319031,0.251189,0.630957,0.17341,0.15,0.2,0.542455,0.5,0.6,0.00356132,1879.33,52.0953,67.7603,0.01,0.95,10,10000,0.938,0.497,56,49,0.0261348,0,0.875
3970,10000,6.43608,5.62342,7.49894,0.301021,0.251189,0.630957,0.17386,0.15,0.2,0.636862,0.6,0.7,0.00356132,1275.26,44.3788,45.9802,0.01,0.95,10,10000,0.938,0.497,38,32,0.0323401,0,0.842105
3971,10000,6.37127,5.62342,7.49894,0.291798,0.251189,0.630957,0.173864,0.15,0.2,0.745375,0.7,0.8,0.00356132,1208.14,50.5082,43.5602,0.01,0.95,10,10000,0.938,0.497,36,25,0.0365887,0,0.694444
3972,10000,6.64,5.62342,7.49894,0.307207,0.251189,0.630957,0.172448,0.15,0.2,0.84164,0.8,0.9,0.00356132,637.63,-nan,22.9901,0.01,0.95,10,10000,0.938,0.497,19,21,0.0399215,0,1.10526
3973,10000,6.72522,5.62342,7.49894,0.305719,0.251189,0.630957,0.182625,0.15,0.2,0.949792,0.9,1,0.00356132,503.392,31.2506,18.1501,0.01,0.95,10,10000,0.938,0.497,15,11,0.0551595,0,0.733333
3974,10000,6.69748,5.62342,7.49894,0.313495,0.251189,0.630957,0.176021,0.15,0.2,1.19207,1,1.5,0.0178066,161.086,6.27153,5.80802,0.01,0.95,10,10000,0.938,0.497,24,23,0.0381463,0,0.958333
3975,10000,6.43962,5.62342,7.49894,0.310023,0.251189,0.630957,0.221469,0.2,0.25,0.0606035,0,0.1,0.00356132,268.476,-nan,9.68004,0.01,0.95,10,10000,0.938,0.497,8,10,0.0578518,0,1.25
3976,10000,6.72779,5.62342,7.49894,0.314996,0.251189,0.630957,0.223591,0.2,0.25,0.157756,0.1,0.2,0.00356132,771.868,29.4439,27.8301,0.01,0.95,10,10000,0.938,0.497,23,23,0.0381463,0,1
3977,10000,6.67291,5.62342,7.49894,0.316277,0.251189,0.630957,0.226009,0.2,0.25,0.246717,0.2,0.3,0.00356132,1644.42,56.3994,59.2902,0.01,0.95,10,10000,0.938,0.497,49,36,0.0304906,0,0.734694
3978,10000,6.6793,5.62342,7.49894,0.315483,0.251189,0.630957,0.223982,0.2,0.25,0.347702,0.3,0.4,0.00356132,1241.7,-nan,44.7702,0.01,0.95,10,10000,0.938,0.497,37,41,0.028571,0,1.10811
3979,10000,6.53327,5.62342,7.49894,0.315165,0.251189,0.630957,0.22247,0.2,0.25,0.453545,0.4,0.5,0.00356132,1644.42,45.6933,59.2902,0.01,0.95,10,10000,0.938,0.497,49,46,0.0269735,0,0.938776
3980,10000,6.54507,5.62342,7.49894,0.308466,0.251189,0.630957,0.227123,0.2,0.25,0.546073,0.5,0.6,0.00356132,1073.9,-nan,38.7202,0.01,0.95,10,10000,0.938,0.497,32,34,0.0313745,0,1.0625
3981,10000,6.64067,5.62342,7.49894,0.328338,0.251189,0.630957,0.229044,0.2,0.25,0.668083,0.6,0.7,0.00356132,738.309,38.0945,26.6201,0.01,0.95,10,10000,0.938,0.497,22,16,0.0457358,0,0.727273
3982,10000,6.47453,5.62342,7.49894,0.311972,0.251189,0.630957,0.22667,0.2,0.25,0.738835,0.7,0.8,0.00356132,570.511,-nan,20.5701,0.01,0.95,10,10000,0.938,0.497,17,18,0.0431202,0,1.05882
3983,10000,6.39507,5.62342,7.49894,0.304725,0.251189,0.630957,0.225363,0.2,0.25,0.848085,0.8,0.9,0.00356132,436.273,23.9099,15.7301,0.01,0.95,10,10000,0.938,0.497,13,12,0.0528112,0,0.923077
3984,10000,6.78849,5.62342,7.49894,0.344816,0.251189,0.630957,0.226956,0.2,0.25,0.946223,0.9,1,0.00356132,436.273,25.8496,15.7301,0.01,0.95,10,10000,0.938,0.497,13,11,0.0551595,0,0.846154
3985,10000,6.52445,5.62342,7.49894,0.298346,0.251189,0.630957,0.224176,0.2,0.25,1.20937,1,1.5,0.0178066,208.069,8.04466,7.50203,0.01,0.95,10,10000,0.938,0.497,31,26,0.0358782,0,0.83871
3986,10000,6.36892,5.62342,7.49894,0.29716,0.251189,0.630957,0.277718,0.25,0.3,0.0604566,0,0.1,0.00356132,100.678,-nan,3.63001,0.01,0.95,10,10000,0.938,0.497,3,6,0.0746863,0,2
3987,10000,6.45105,5.62342,7.49894,0.305983,0.251189,0.630957,0.277646,0.25,0.3,0.155615,0.1,0.2,0.00356132,536.952,-nan,19.3601,0.01,0.95,10,10000,0.938,0.497,16,17,0.0443703,0,1.0625
3988,10000,6.34876,5.62342,7.49894,0.320083,0.251189,0.630957,0.281176,0.25,0.3,0.254618,0.2,0.3,0.00356132,671.19,27.4566,24.2001,0.01,0.95,10,10000,0.938,0.497,20,20,0.0409074,0,1
3989,10000,6.58763,5.62342,7.49894,0.311748,0.251189,0.630957,0.274472,0.25,0.3,0.345876,0.3,0.4,0.00356132,973.225,35.4266,35.0901,0.01,0.95,10,10000,0.938,0.497,29,27,0.0352075,0,0.931034
3990,10000,6.54495,5.62342,7.49894,0.306281,0.251189,0.630957,0.270571,0.25,0.3,0.447918,0.4,0.5,0.00356132,1342.38,48.8179,48.4002,0.01,0.95,10,10000,0.938,0.497,40,31,0.0328576,0,0.775
3991,10000,6.56269,5.62342,7.49894,0.321468,0.251189,0.630957,0.271992,0.25,0.3,0.551272,0.5,0.6,0.00356132,1174.58,50.2851,42.3502,0.01,0.95,10,10000,0.938,0.497,35,24,0.0373432,0,0.685714
3992,10000,6.65573,5.62342,7.49894,0.299022,0.251189,0.630957,0.270548,0.25,0.3,0.647694,0.6,0.7,0.00356132,503.392,-nan,18.1501,0.01,0.95,10,10000,0.938,0.497,15,18,0.0431202,0,1.2
3993,10000,6.4994,5.62342,7.49894,0.301162,0.251189,0.630957,0.27172,0.25,0.3,0.740623,0.7,0.8,0.00356132,570.511,45.635,20.5701,0.01,0.95,10,10000,0.938,0.497,17,8,0.0646803,0,0.470588
3994,10000,6.91248,5.62342,7.49894,0.336878,0.251189,0.630957,0.275069,0.25,0.3,0.851547,0.8,0.9,0.00356132,268.476,25.7566,9.68004,0.01,0.95,10,10000,0.938,0.497,8,5,0.0818148,0,0.625
3995,10000,6.21435,5.62342,7.49894,0.307976,0.251189,0.630957,0.274667,0.25,0.3,0.936151,0.9,1,0.00356132,335.595,26.4579,12.1,0.01,0.95,10,10000,0.938,0.497,10,7,0.0691461,0,0.7
3996,10000,6.63945,5.62342,7.49894,0.315967,0.251189,0.630957,0.268903,0.25,0.3,1.186,1,1.5,0.0178066,46.9833,-nan,1.69401,0.01,0.95,10,10000,0.938,0.497,7,11,0.0551595,0,1.57143
3997,10000,6.41749,5.62342,7.49894,0.333841,0.251189,0.630957,0.345159,0.3,0.4,0.065715,0,0.1,0.00712264,151.018,13.0238,5.44502,0.01,0.95,10,10000,0.938,0.497,9,6,0.0746863,0,0.666667
3998,10000,6.52829,5.62342,7.49894,0.301031,0.251189,0.630957,0.338619,0.3,0.4,0.160533,0.1,0.2,0.00712264,335.595,15.1772,12.1,0.01,0.95,10,10000,0.938,0.497,20,18,0.0431202,0,0.9
3999,10000,6.4464,5.62342,7.49894,0.302258,0.251189,0.630957,0.367808,0.3,0.4,0.241165,0.2,0.3,0.00712264,402.714,24.6757,14.5201,0.01,0.95,10,10000,0.938,0.497,24,13,0.0507394,0,0.541667
4000,10000,6.59174,5.62342,7.49894,0.309692,0.251189,0.630957,0.338273,0.3,0.4,0.364767,0.3,0.4,0.00712264,587.291,22.2424,21.1751,0.01,0.95,10,10000,0.938,0.497,35,28,0.0345731,0,0.8
4001,10000,6.59861,5.62342,7.49894,0.309572,0.251189,0.630957,0.3413,0.3,0.4,0.442511,0.4,0.5,0.00712264,536.952,-nan,19.3601,0.01,0.95,10,10000,0.938,0.497,32,33,0.0318464,0,1.03125
4002,10000,6.60573,5.62342,7.49894,0.321589,0.251189,0.630957,0.341366,0.3,0.4,0.545263,0.5,0.6,0.00712264,687.97,21.1509,24.8051,0.01,0.95,10,10000,0.938,0.497,41,38,0.0296773,0,0.926829
4003,10000,6.34354,5.62342,7.49894,0.313789,0.251189,0.630957,0.345068,0.3,0.4,0.641241,0.6,0.7,0.00712264,469.833,23.6013,16.9401,0.01,0.95,10,10000,0.938,0.497,28,18,0.0431202,0,0.642857
4004,10000,6.45282,5.62342,7.49894,0.314593,0.251189,0.630957,0.350725,0.3,0.4,0.749697,0.7,0.8,0.00712264,335.595,14.4328,12.1,0.01,0.95,10,10000,0.938,0.497,20,19,0.0419701,0,0.95
4005,10000,6.6191,5.62342,7.49894,0.31491,0.251189,0.630957,0.345377,0.3,0.4,0.839557,0.8,0.9,0.00712264,184.577,-nan,6.65503,0.01,0.95,10,10000,0.938,0.497,11,12,0.0528112,0,1.09091
4006,10000,6.48707,5.62342,7.49894,0.327658,0.251189,0.630957,0.344906,0.3,0.4,0.965579,0.9,1,0.00712264,151.018,11.5444,5.44502,0.01,0.95,10,10000,0.938,0.497,9,7,0.0691461,0,0.777778
4007,10000,6.67373,5.62342,7.49894,0.303693,0.251189,0.630957,0.34501,0.3,0.4,1.27397,1,1.5,0.0356132,63.763,3.13805,2.29901,0.01,0.95,10,10000,0.938,0.497,19,16,0.0457358,0,0.842105
4008,10000,5.90959,5.62342,7.49894,0.285446,0.251189,0.630957,0.436914,0.4,0.5,0.0583805,0,0.1,0.00712264,83.8987,10.4852,3.02501,0.01,0.95,10,10000,0.938,0.497,5,3,0.105622,0,0.6
4009,10000,6.59508,5.62342,7.49894,0.292064,0.251189,0.630957,0.422399,0.4,0.5,0.142908,0.1,0.2,0.00712264,100.678,10.6339,3.63001,0.01,0.95,10,10000,0.938,0.497,6,4,0.0914717,0,0.666667
4010,10000,6.85165,5.62342,7.49894,0.326266,0.251189,0.630957,0.437002,0.4,0.5,0.226251,0.2,0.3,0.00712264,251.696,19.7158,9.07504,0.01,0.95,10,10000,0.938,0.497,15,8,0.0646803,0,0.533333
4011,10000,6.33132,5.62342,7.49894,0.301117,0.251189,0.630957,0.455714,0.4,0.5,0.34318,0.3,0.4,0.00712264,285.256,15.1279,10.285,0.01,0.95,10,10000,0.938,0.497,17,14,0.0488937,0,0.823529
4012,10000,6.70115,5.62342,7.49894,0.346157,0.251189,0.630957,0.459714,0.4,0.5,0.448624,0.4,0.5,0.00712264,151.018,13.0238,5.44502,0.01,0.95,10,10000,0.938,0.497,9,6,0.0746863,0,0.666667
4013,10000,6.67738,5.62342,7.49894,0.289675,0.251189,0.630957,0.443258,0.4,0.5,0.561677,0.5,0.6,0.00712264,302.035,16.3262,10.89,0.01,0.95,10,10000,0.938,0.497,18,14,0.0488937,0,0.777778
4014,10000,6.66695,5.62342,7.49894,0.307228,0.251189,0.630957,0.445028,0.4,0.5,0.635111,0.6,0.7,0.00712264,234.916,-nan,8.47003,0.01,0.95,10,10000,0.938,0.497,14,16,0.0457358,0,1.14286
4015,10000,6.6066,5.62342,7.49894,0.308214,0.251189,0.630957,0.430207,0.4,0.5,0.759688,0.7,0.8,0.00712264,251.696,19.7158,9.07504,0.01,0.95,10,10000,0.938,0.497,15,8,0.0646803,0,0.533333
4016,10000,6.47898,5.62342,7.49894,0.306767,0.251189,0.630957,0.446749,0.4,0.5,0.846953,0.8,0.9,0.00712264,167.797,-nan,6.05002,0.01,0.95,10,10000,0.938,0.497,10,11,0.0551595,0,1.1
4017,10000,6.77445,5.62342,7.49894,0.299832,0.251189,0.630957,0.424341,0.4,0.5,0.941185,0.9,1,0.00712264,117.458,8.12178,4.23502,0.01,0.95,10,10000,0.938,0.497,7,7,0.0691461,0,1
4018,10000,6.5497,5.62342,7.49894,0.309704,0.251189,0.630957,0.46802,0.4,0.5,1.13854,1,1.5,0.0356132,26.8476,2.57566,0.968004,0.01,0.95,10,10000,0.938,0.497,8,5,0.0818148,0,0.625
4019,10000,6.58038,5.62342,7.49894,0.301033,0.251189,0.630957,0.533965,0.5,0.6,0.0729363,0,0.1,0.00712264,100.678,13.0238,3.63001,0.01,0.95,10,10000,0.938,0.497,6,3,0.105622,0,0.5
4020,10000,6.47539,5.62342,7.49894,0.313591,0.251189,0.630957,0.551144,0.5,0.6,0.173317,0.1,0.2,0.00712264,50.3392,-nan,1.81501,0.01,0.95,10,10000,0.938,0.497,3,6,0.0746863,0,2
4021,10000,6.25047,5.62342,7.49894,0.301232,0.251189,0.630957,0.532408,0.5,0.6,0.264246,0.2,0.3,0.00712264,134.238,9.84508,4.84002,0.01,0.95,10,10000,0.938,0.497,8,7,0.0691461,0,0.875
4022,10000,6.46044,5.62342,7.49894,0.296635,0.251189,0.630957,0.535399,0.5,0.6,0.335166,0.3,0.4,0.00712264,134.238,8.68255,4.84002,0.01,0.95,10,10000,0.938,0.497,8,8,0.0646803,0,1
4023,10000,6.53722,5.62342,7.49894,0.303984,0.251189,0.630957,0.534973,0.5,0.6,0.457394,0.4,0.5,0.00712264,117.458,-nan,4.23502,0.01,0.95,10,10000,0.938,0.497,7,8,0.0646803,0,1.14286
4024,10000,6.697,5.62342,7.49894,0.328859,0.251189,0.630957,0.553249,0.5,0.6,0.554537,0.5,0.6,0.00712264,33.5595,-nan,1.21,0.01,0.95,10,10000,0.938,0.497,2,3,0.105622,0,1.5
4025,10000,6.60799,5.62342,7.49894,0.299943,0.251189,0.630957,0.549467,0.5,0.6,0.649501,0.6,0.7,0.00712264,117.458,-nan,4.23502,0.01,0.95,10,10000,0.938,0.497,7,9,0.0609811,0,1.28571
4026,10000,6.60682,5.62342,7.49894,0.267925,0.251189,0.630957,0.569085,0.5,0.6,0.777961,0.7,0.8,0.00712264,83.8987,8.40684,3.02501,0.01,0.95,10,10000,0.938,0.497,5,4,0.0914717,0,0.8
4027,10000,6.50251,5.62342,7.49894,0.30155,0.251189,0.630957,0.550288,0.5,0.6,0.844803,0.8,0.9,0.00712264,100.678,-nan,3.63001,0.01,0.95,10,10000,0.938,0.497,6,7,0.0691461,0,1.16667
4028,10000,6.73852,5.62342,7.49894,0.293413,0.251189,0.630957,0.556048,0.5,0.6,0.92714,0.9,1,0.00712264,83.8987,13.7283,3.02501,0.01,0.95,10,10000,0.938,0.497,5,2,0.129361,0,0.4
4029,10000,6.55466,5.62342,7.49894,0.292902,0.251189,0.630957,0.534329,0.5,0.6,1.21204,1,1.5,0.0356132,16.7797,1.68137,0.605002,0.01,0.95,10,10000,0.938,0.497,5,4,0.0914717,0,0.8
4030,10000,6.59072,5.62342,7.49894,0.287711,0.251189,0.630957,0.64731,0.6,0.7,0.130782,0.1,0.2,0.00712264,83.8987,10.4852,3.02501,0.01,0.95,10,10000,0.938,0.497,5,3,0.105622,0,0.6
4031,10000,6.22637,5.62342,7.49894,0.282783,0.251189,0.630957,0.637565,0.6,0.7,0.288978,0.2,0.3,0.00712264,67.119,7.92604,2.42001,0.01,0.95,10,10000,0.938,0.497,4,3,0.105622,0,0.75
4032,10000,6.41419,5.62342,7.49894,0.272067,0.251189,0.630957,0.666948,0.6,0.7,0.365597,0.3,0.4,0.00712264,117.458,15.552,4.23502,0.01,0.95,10,10000,0.938,0.497,7,3,0.105622,0,0.428571
4033,10000,6.82221,5.62342,7.49894,0.304874,0.251189,0.630957,0.670922,0.6,0.7,0.471463,0.4,0.5,0.00712264,50.3392,7.51931,1.81501,0.01,0.95,10,10000,0.938,0.497,3,2,0.129361,0,0.666667
4034,10000,5.79958,5.62342,7.49894,0.323648,0.251189,0.630957,0.650596,0.6,0.7,0.575883,0.5,0.6,0.00712264,67.119,16.2436,2.42001,0.01,0.95,10,10000,0.938,0.497,4,1,0.182943,0,0.25
4035,10000,6.59597,5.62342,7.49894,0.301547,0.251189,0.630957,0.622997,0.6,0.7,0.740635,0.7,0.8,0.00712264,0,0,0,0.01,0.95,10,10000,0.938,0.497,0,1,0.182943,0,0
4036,10000,6.46183,5.62342,7.49894,0.305819,0.251189,0.630957,0.681076,0.6,0.7,0.866106,0.8,0.9,0.00712264,83.8987,20.5925,3.02501,0.01,0.95,10,10000,0.938,0.497,5,1,0.182943,0,0.2
4037,10000,5.62496,5.62342,7.49894,0.273597,0.251189,0.630957,0.669809,0.6,0.7,0.946362,0.9,1,0.00712264,0,0,0,0.01,0.95,10,10000,0.938,0.497,0,1,0.182943,0,0
4038,10000,6.77914,5.62342,7.49894,0.391184,0.251189,0.630957,0.600819,0.6,0.7,1.15017,1,1.5,0.0356132,6.7119,1.50386,0.242001,0.01,0.95,10,10000,0.938,0.497,2,1,0.182943,0,0.5
4039,10000,6.90825,5.62342,7.49894,0.275251,0.251189,0.630957,0.725844,0.7,0.8,0.183387,0.1,0.2,0.00712264,16.7797,-nan,0.605002,0.01,0.95,10,10000,0.938,0.497,1,2,0.129361,0,2
4040,10000,6.02655,5.62342,7.49894,0.259257,0.251189,0.630957,0.772603,0.7,0.8,0.267547,0.2,0.3,0.00712264,33.5595,4.34127,1.21,0.01,0.95,10,10000,0.938,0.497,2,2,0.129361,0,1
4041,10000,5.71766,5.62342,7.49894,0.30311,0.251189,0.630957,0.766488,0.7,0.8,0.395866,0.3,0.4,0.00712264,16.7797,3.06974,0.605002,0.01,0.95,10,10000,0.938,0.497,1,1,0.182943,0,1
4042,10000,6.69558,5.62342,7.49894,0.294052,0.251189,0.630957,0.742473,0.7,0.8,0.452135,0.4,0.5,0.00712264,33.5595,-nan,1.21,0.01,0.95,10,10000,0.938,0.497,2,4,0.0914717,0,2
4043,10000,6.61013,5.62342,7.49894,0.298364,0.251189,0.630957,0.708364,0.7,0.8,0.570499,0.5,0.6,0.00712264,16.7797,3.06974,0.605002,0.01,0.95,10,10000,0.938,0.497,1,1,0.182943,0,1
4044,10000,6.07724,5.62342,7.49894,0.304329,0.251189,0.630957,0.766028,0.7,0.8,0.682316,0.6,0.7,0.00712264,50.3392,7.51931,1.81501,0.01,0.95,10,10000,0.938,0.497,3,2,0.129361,0,0.666667
4045,10000,5.72371,5.62342,7.49894,0.321246,0.251189,0.630957,0.703499,0.7,0.8,0.708861,0.7,0.8,0.00712264,16.7797,3.06974,0.605002,0.01,0.95,10,10000,0.938,0.497,1,1,0.182943,0,1
4046,10000,5.86483,5.62342,7.49894,0.265195,0.251189,0.630957,0.781847,0.7,0.8,0.961385,0.9,1,0.00712264,0,0,0,0.01,0.95,10,10000,0.938,0.497,0,1,0.182943,0,0
4047,10000,6.67808,5.62342,7.49894,0.268168,0.251189,0.630957,0.713371,0.7,0.8,1.28375,1,1.5,0.0356132,0,0,0,0.01,0.95,10,10000,0.938,0.497,0,2,0.129361,0,0
4048,10000,7.58176,7.49894,10,0.00622825,0.00398107,0.00630957,0.0818072,0.05,0.1,0.139478,0.1,0.2,2.91186e-05,16417.8,2601.14,591.954,0.01,0.95,10,10000,0.938,0.497,4,2,0.129361,0,0.5
4049,10000,7.56807,7.49894,10,0.00620673,0.00398107,0.00630957,0.085474,0.05,0.1,0.257393,0.2,0.3,2.91186e-05,28731.2,7162.98,1035.92,0.01,0.95,10,10000,0.938,0.497,7,1,0.182943,0,0.142857
4050,10000,7.6136,7.49894,10,0.0062016,0.00398107,0.00630957,0.0859906,0.05,0.1,0.359342,0.3,0.4,2.91186e-05,24626.8,3185.73,887.931,0.01,0.95,10,10000,0.938,0.497,6,3,0.105622,0,0.5
4051,10000,7.52973,7.49894,10,0.00604325,0.00398107,0.00630957,0.0868543,0.05,0.1,0.430368,0.4,0.5,2.91186e-05,4104.46,750.884,147.988,0.01,0.95,10,10000,0.938,0.497,1,1,0.182943,0,1
4052,10000,7.62692,7.49894,10,0.00624645,0.00398107,0.00630957,0.0736039,0.05,0.1,0.566256,0.5,0.6,2.91186e-05,8208.92,1061.91,295.977,0.01,0.95,10,10000,0.938,0.497,2,2,0.129361,0,1
4053,10000,7.5493,7.49894,10,0.0061721,0.00398107,0.00630957,0.0694076,0.05,0.1,0.667192,0.6,0.7,2.91186e-05,8208.92,1839.28,295.977,0.01,0.95,10,10000,0.938,0.497,2,1,0.182943,0,0.5
4054,10000,7.59735,7.49894,10,0.00614794,0.00398107,0.00630957,0.0579511,0.05,0.1,0.777674,0.7,0.8,2.91186e-05,12313.4,1300.57,443.965,0.01,0.95,10,10000,0.938,0.497,3,3,0.105622,0,1
4055,10000,7.58057,7.49894,10,0.00612197,0.00398107,0.00630957,0.0696442,0.05,0.1,0.825342,0.8,0.9,2.91186e-05,4104.46,750.884,147.988,0.01,0.95,10,10000,0.938,0.497,1,1,0.182943,0,1
4056,10000,7.5301,7.49894,10,0.00617824,0.00398107,0.00630957,0.0745869,0.05,0.1,1.21492,1,1.5,0.000145593,1641.78,212.382,59.1954,0.01,0.95,10,10000,0.938,0.497,2,2,0.129361,0,1
4057,10000,7.61605,7.49894,10,0.00613267,0.00398107,0.00630957,0.120867,0.1,0.15,0.475115,0.4,0.5,2.91186e-05,8208.92,1061.91,295.977,0.01,0.95,10,10000,0.938,0.497,2,2,0.129361,0,1
4058,10000,7.59685,7.49894,10,0.00616053,0.00398107,0.00630957,0.116864,0.1,0.15,0.559517,0.5,0.6,2.91186e-05,8208.92,1839.28,295.977,0.01,0.95,10,10000,0.938,0.497,2,1,0.182943,0,0.5
4059,10000,7.63752,7.49894,10,0.00625278,0.00398107,0.00630957,0.123,0.1,0.15,0.621974,0.6,0.7,2.91186e-05,12313.4,1839.28,443.965,0.01,0.95,10,10000,0.938,0.497,3,2,0.129361,0,0.666667
4060,10000,7.6016,7.49894,10,0.00612575,0.00398107,0.00630957,0.102677,0.1,0.15,0.718438,0.7,0.8,2.91186e-05,4104.46,750.884,147.988,0.01,0.95,10,10000,0.938,0.497,1,1,0.182943,0,1
4061,10000,7.55685,7.49894,10,0.00619346,0.00398107,0.00630957,0.114966,0.1,0.15,0.873016,0.8,0.9,2.91186e-05,8208.92,1061.91,295.977,0.01,0.95,10,10000,0.938,0.497,2,2,0.129361,0,1
4062,10000,7.5696,7.49894,10,0.00616431,0.00398107,0.00630957,0.12932,0.1,0.15,0.924837,0.9,1,2.91186e-05,16417.8,1938.77,591.954,0.01,0.95,10,10000,0.938,0.497,4,3,0.105622,0,0.75
4063,10000,7.57193,7.49894,10,0.0060453,0.00398107,0.00630957,0.109354,0.1,0.15,1.21213,1,1.5,0.000145593,2462.68,367.857,88.7931,0.01,0.95,10,10000,0.938,0.497,3,2,0.129361,0,0.666667
4064,10000,7.63113,7.49894,10,0.0062695,0.00398107,0.00630957,0.182652,0.15,0.2,0.541953,0.5,0.6,2.91186e-05,8208.92,1061.91,295.977,0.01,0.95,10,10000,0.938,0.497,2,2,0.129361,0,1
4065,10000,7.54949,7.49894,10,0.0060675,0.00398107,0.00630957,0.155373,0.15,0.2,0.636453,0.6,0.7,2.91186e-05,8208.92,1839.28,295.977,0.01,0.95,10,10000,0.938,0.497,2,1,0.182943,0,0.5
4066,10000,7.52144,7.49894,10,0.00616082,0.00398107,0.00630957,0.1785,0.15,0.2,0.830135,0.8,0.9,2.91186e-05,4104.46,750.884,147.988,0.01,0.95,10,10000,0.938,0.497,1,1,0.182943,0,1
4067,10000,7.54182,7.49894,10,0.00625404,0.00398107,0.00630957,0.237534,0.2,0.25,0.431688,0.4,0.5,2.91186e-05,4104.46,750.884,147.988,0.01,0.95,10,10000,0.938,0.497,1,1,0.182943,0,1
4068,10000,7.64638,7.49894,10,0.00624169,0.00398107,0.00630957,0.223418,0.2,0.25,0.500852,0.5,0.6,2.91186e-05,4104.46,750.884,147.988,0.01,0.95,10,10000,0.938,0.497,1,1,0.182943,0,1
4069,10000,7.54878,7.49894,10,0.00624527,0.00398107,0.00630957,0.234863,0.2,0.25,0.692798,0.6,0.7,2.91186e-05,4104.46,750.884,147.988,0.01,0.95,10,10000,0.938,0.497,1,1,0.182943,0,1
4070,10000,7.52887,7.49894,10,0.00612896,0.00398107,0.00630957,0.224965,0.2,0.25,0.722354,0.7,0.8,2.91186e-05,4104.46,750.884,147.988,0.01,0.95,10,10000,0.938,0.497,1,1,0.182943,0,1
4071,10000,7.62496,7.49894,10,0.00630176,0.00398107,0.00630957,0.205675,0.2,0.25,0.852542,0.8,0.9,2.91186e-05,8208.92,1839.28,295.977,0.01,0.95,10,10000,0.938,0.497,2,1,0.182943,0,0.5
4072,10000,7.55255,7.49894,10,0.00606248,0.00398107,0.00630957,0.22857,0.2,0.25,1.11708,1,1.5,0.000145593,820.892,150.177,29.5977,0.01,0.95,10,10000,0.938,0.497,1,1,0.182943,0,1
4073,10000,7.67382,7.49894,10,0.0062169,0.00398107,0.00630957,0.25343,0.25,0.3,0.668104,0.6,0.7,2.91186e-05,4104.46,750.884,147.988,0.01,0.95,10,10000,0.938,0.497,1,1,0.182943,0,1
4074,10000,7.52206,7.49894,10,0.00623682,0.00398107,0.00630957,0.301129,0.3,0.4,0.169554,0.1,0.2,5.82372e-05,2052.23,375.442,73.9942,0.01,0.95,10,10000,0.938,0.497,1,1,0.182943,0,1
4075,10000,7.53773,7.49894,10,0.006276,0.00398107,0.00630957,0.337603,0.3,0.4,0.266495,0.2,0.3,5.82372e-05,4104.46,919.641,147.988,0.01,0.95,10,10000,0.938,0.497,2,1,0.182943,0,0.5
4076,10000,7.60966,7.49894,10,0.00626888,0.00398107,0.00630957,0.380903,0.3,0.4,0.530518,0.5,0.6,5.82372e-05,2052.23,375.442,73.9942,0.01,0.95,10,10000,0.938,0.497,1,1,0.182943,0,1
4077,10000,7.60107,7.49894,10,0.0062573,0.00398107,0.00630957,0.345356,0.3,0.4,0.675856,0.6,0.7,5.82372e-05,4104.46,530.955,147.988,0.01,0.95,10,10000,0.938,0.497,2,2,0.129361,0,1
4078,10000,7.58622,7.49894,10,0.00606924,0.00398107,0.00630957,0.405941,0.4,0.5,0.210512,0.2,0.3,5.82372e-05,0,0,0,0.01,0.95,10,10000,0.938,0.497,0,1,0.182943,0,0
4079,10000,7.57381,7.49894,10,0.00621911,0.00398107,0.00630957,0.434354,0.4,0.5,1.44619,1,1.5,0.000291186,410.446,75.0884,14.7988,0.01,0.95,10,10000,0.938,0.497,1,1,0.182943,0,1
4080,10000,7.52994,7.49894,10,0.00610767,0.00398107,0.00630957,0.551367,0.5,0.6,0.743644,0.7,0.8,5.82372e-05,2052.23,375.442,73.9942,0.01,0.95,10,10000,0.938,0.497,1,1,0.182943,0,1
4081,10000,7.60953,7.49894,10,0.00618021,0.00398107,0.00630957,0.69426,0.6,0.7,0.342256,0.3,0.4,5.82372e-05,0,0,0,0.01,0.95,10,10000,0.938,0.497,0,1,0.182943,0,0
4082,10000,8.29999,7.49894,10,0.00884698,0.00630957,0.01,0.0792656,0.05,0.1,0.0615417,0,0.1,4.61499e-05,165743,17091,5975.95,0.01,0.95,10,10000,0.938,0.497,64,6,0.0746863,0,0.09375
4083,10000,7.96378,7.49894,10,0.00828065,0.00630957,0.01,0.0841509,0.05,0.1,0.15101,0.1,0.2,4.61499e-05,409178,19099.3,14753.1,0.01,0.95,10,10000,0.938,0.497,158,28,0.0345731,0,0.177215
4084,10000,8.07442,7.49894,10,0.00833847,0.00630957,0.01,0.0845956,0.05,0.1,0.248091,0.2,0.3,4.61499e-05,525716,19612.8,18955,0.01,0.95,10,10000,0.938,0.497,203,43,0.0278986,0,0.211823
4085,10000,8.27771,7.49894,10,0.00872601,0.00630957,0.01,0.0796255,0.05,0.1,0.360109,0.3,0.4,4.61499e-05,668152,17381.5,24090.6,0.01,0.95,10,10000,0.938,0.497,258,83,0.0200806,0,0.321705
4086,10000,8.26632,7.49894,10,0.00851613,0.00630957,0.01,0.0764961,0.05,0.1,0.449317,0.4,0.5,4.61499e-05,502409,12007.7,18114.6,0.01,0.95,10,10000,0.938,0.497,194,90,0.0192839,0,0.463918
4087,10000,8.198,7.49894,10,0.00852899,0.00630957,0.01,0.073129,0.05,0.1,0.552785,0.5,0.6,4.61499e-05,453204,10652.6,16340.5,0.01,0.95,10,10000,0.938,0.497,175,90,0.0192839,0,0.514286
4088,10000,8.19422,7.49894,10,0.0083667,0.00630957,0.01,0.0772178,0.05,0.1,0.64847,0.6,0.7,4.61499e-05,344435,7640.7,12418.8,0.01,0.95,10,10000,0.938,0.497,133,90,0.0192839,0,0.676692
4089,10000,8.23226,7.49894,10,0.00861912,0.00630957,0.01,0.0764054,0.05,0.1,0.747915,0.7,0.8,4.61499e-05,274512,5790.21,9897.67,0.01,0.95,10,10000,0.938,0.497,106,88,0.0195018,0,0.830189
4090,10000,8.14523,7.49894,10,0.00864668,0.00630957,0.01,0.0748972,0.05,0.1,0.845155,0.8,0.9,4.61499e-05,248615,5734.95,8963.93,0.01,0.95,10,10000,0.938,0.497,96,76,0.020985,0,0.791667
4091,10000,8.17602,7.49894,10,0.00843562,0.00630957,0.01,0.0767558,0.05,0.1,0.942667,0.9,1,4.61499e-05,163153,4485.97,5882.58,0.01,0.95,10,10000,0.938,0.497,63,52,0.0253697,0,0.825397
4092,10000,8.18375,7.49894,10,0.00849646,0.00630957,0.01,0.0756339,0.05,0.1,1.22429,1,1.5,0.00023075,80281.8,1435.16,2894.6,0.01,0.95,10,10000,0.938,0.497,155,125,0.016363,0,0.806452
4093,10000,8.08949,7.49894,10,0.00867319,0.00630957,0.01,0.126205,0.1,0.15,0.0642884,0,0.1,4.61499e-05,124307,4989.2,4481.96,0.01,0.95,10,10000,0.938,0.497,48,29,0.0339717,0,0.604167
4094,10000,8.06744,7.49894,10,0.00846489,0.00630957,0.01,0.123255,0.1,0.15,0.153642,0.1,0.2,4.61499e-05,274512,8141.29,9897.67,0.01,0.95,10,10000,0.938,0.497,106,56,0.0244468,0,0.528302
4095,10000,8.06944,7.49894,10,0.00857396,0.00630957,0.01,0.124896,0.1,0.15,0.254818,0.2,0.3,4.61499e-05,328896,8248.4,11858.5,0.01,0.95,10,10000,0.938,0.497,127,75,0.0211245,0,0.590551
4096,10000,8.17877,7.49894,10,0.00861505,0.00630957,0.01,0.125412,0.1,0.15,0.356517,0.3,0.4,4.61499e-05,388460,9079.21,14006.1,0.01,0.95,10,10000,0.938,0.497,150,87,0.0196136,0,0.58
4097,10000,8.07049,7.49894,10,0.00837711,0.00630957,0.01,0.122455,0.1,0.15,0.450824,0.4,0.5,4.61499e-05,365153,8492.99,13165.8,0.01,0.95,10,10000,0.938,0.497,141,86,0.0197273,0,0.609929
4098,10000,8.07595,7.49894,10,0.0082831,0.00630957,0.01,0.123019,0.1,0.15,0.544858,0.5,0.6,4.61499e-05,266743,6559.59,9617.55,0.01,0.95,10,10000,0.938,0.497,103,72,0.0215601,0,0.699029
4099,10000,8.12595,7.49894,10,0.00851409,0.00630957,0.01,0.128137,0.1,0.15,0.653781,0.6,0.7,4.61499e-05,209769,5947.37,7563.31,0.01,0.95,10,10000,0.938,0.497,81,55,0.0246681,0,0.679012
4100,10000,8.13664,7.49894,10,0.00847609,0.00630957,0.01,0.123727,0.1,0.15,0.752727,0.7,0.8,4.61499e-05,168333,4678.15,6069.33,0.01,0.95,10,10000,0.938,0.497,65,52,0.0253697,0,0.8
4101,10000,8.24278,7.49894,10,0.00865772,0.00630957,0.01,0.121962,0.1,0.15,0.84974,0.8,0.9,4.61499e-05,142435,3920.31,5135.58,0.01,0.95,10,10000,0.938,0.497,55,49,0.0261348,0,0.890909
4102,10000,8.16669,7.49894,10,0.00835917,0.00630957,0.01,0.123052,0.1,0.15,0.949453,0.9,1,4.61499e-05,90640.7,3537.19,3268.1,0.01,0.95,10,10000,0.938,0.497,35,27,0.0352075,0,0.771429
4103,10000,8.15373,7.49894,10,0.00845247,0.00630957,0.01,0.12641,0.1,0.15,1.19662,1,1.5,0.00023075,60081.9,1225.55,2166.28,0.01,0.95,10,10000,0.938,0.497,116,95,0.0187696,0,0.818966
4104,10000,7.96899,7.49894,10,0.00836572,0.00630957,0.01,0.169752,0.15,0.2,0.072156,0,0.1,4.61499e-05,56974.2,3848.97,2054.23,0.01,0.95,10,10000,0.938,0.497,22,11,0.0551595,0,0.5
4105,10000,7.9729,7.49894,10,0.00857412,0.00630957,0.01,0.176002,0.15,0.2,0.15831,0.1,0.2,4.61499e-05,199410,5995.83,7189.82,0.01,0.95,10,10000,0.938,0.497,77,50,0.0258721,0,0.649351
4106,10000,8.10969,7.49894,10,0.00876103,0.00630957,0.01,0.1708,0.15,0.2,0.246815,0.2,0.3,4.61499e-05,217538,6670.64,7843.44,0.01,0.95,10,10000,0.938,0.497,84,50,0.0258721,0,0.595238
4107,10000,8.05899,7.49894,10,0.00856762,0.00630957,0.01,0.171852,0.15,0.2,0.339626,0.3,0.4,4.61499e-05,248615,7234.08,8963.93,0.01,0.95,10,10000,0.938,0.497,96,56,0.0244468,0,0.583333
4108,10000,8.06113,7.49894,10,0.00867268,0.00630957,0.01,0.172863,0.15,0.2,0.448618,0.4,0.5,4.61499e-05,201999,5833.11,7283.19,0.01,0.95,10,10000,0.938,0.497,78,53,0.0251292,0,0.679487
4109,10000,7.94441,7.49894,10,0.00836136,0.00630957,0.01,0.172514,0.15,0.2,0.541397,0.5,0.6,4.61499e-05,181281,6054.94,6536.2,0.01,0.95,10,10000,0.938,0.497,70,42,0.0282288,0,0.6
4110,10000,8.02565,7.49894,10,0.00809531,0.00630957,0.01,0.175902,0.15,0.2,0.640294,0.6,0.7,4.61499e-05,157974,6076.8,5695.83,0.01,0.95,10,10000,0.938,0.497,61,33,0.0318464,0,0.540984
4111,10000,8.16458,7.49894,10,0.00858137,0.00630957,0.01,0.17812,0.15,0.2,0.756252,0.7,0.8,4.61499e-05,98410,4171.37,3548.22,0.01,0.95,10,10000,0.938,0.497,38,25,0.0365887,0,0.657895
4112,10000,8.10804,7.49894,10,0.00836602,0.00630957,0.01,0.176731,0.15,0.2,0.854764,0.8,0.9,4.61499e-05,77692.1,3536.35,2801.23,0.01,0.95,10,10000,0.938,0.497,30,21,0.0399215,0,0.7
4113,10000,8.26575,7.49894,10,0.00857845,0.00630957,0.01,0.170958,0.15,0.2,0.952935,0.9,1,4.61499e-05,67333.1,3320.18,2427.73,0.01,0.95,10,10000,0.938,0.497,26,18,0.0431202,0,0.692308
4114,10000,8.10857,7.49894,10,0.0083688,0.00630957,0.01,0.168801,0.15,0.2,1.18026,1,1.5,0.00023075,35220.4,933.916,1269.89,0.01,0.95,10,10000,0.938,0.497,68,56,0.0244468,0,0.823529
4115,10000,8.2712,7.49894,10,0.00801327,0.00630957,0.01,0.222807,0.2,0.25,0.0679139,0,0.1,4.61499e-05,18128.1,2400.25,653.62,0.01,0.95,10,10000,0.938,0.497,7,3,0.105622,0,0.428571
4116,10000,8.27381,7.49894,10,0.00864581,0.00630957,0.01,0.226764,0.2,0.25,0.146333,0.1,0.2,4.61499e-05,85461.3,3485.39,3081.35,0.01,0.95,10,10000,0.938,0.497,33,25,0.0365887,0,0.757576
4117,10000,8.00528,7.49894,10,0.00862866,0.00630957,0.01,0.224956,0.2,0.25,0.249201,0.2,0.3,4.61499e-05,132077,4892.43,4762.09,0.01,0.95,10,10000,0.938,0.497,51,33,0.0318464,0,0.647059
4118,10000,8.06671,7.49894,10,0.00876639,0.00630957,0.01,0.226522,0.2,0.25,0.349913,0.3,0.4,4.61499e-05,145025,5485.58,5228.96,0.01,0.95,10,10000,0.938,0.497,56,33,0.0318464,0,0.589286
4119,10000,8.13591,7.49894,10,0.00853271,0.00630957,0.01,0.22233,0.2,0.25,0.44687,0.4,0.5,4.61499e-05,163153,4875.36,5882.58,0.01,0.95,10,10000,0.938,0.497,63,47,0.026685,0,0.746032
4120,10000,8.17678,7.49894,10,0.00855285,0.00630957,0.01,0.223909,0.2,0.25,0.549345,0.5,0.6,4.61499e-05,103589,4198.15,3734.97,0.01,0.95,10,10000,0.938,0.497,40,27,0.0352075,0,0.675
4121,10000,8.08638,7.49894,10,0.00856241,0.00630957,0.01,0.219862,0.2,0.25,0.647359,0.6,0.7,4.61499e-05,113948,4057.17,4108.47,0.01,0.95,10,10000,0.938,0.497,44,33,0.0318464,0,0.75
4122,10000,8.29537,7.49894,10,0.00856698,0.00630957,0.01,0.225394,0.2,0.25,0.749966,0.7,0.8,4.61499e-05,88051,3994.65,3174.72,0.01,0.95,10,10000,0.938,0.497,34,22,0.0390037,0,0.647059
4123,10000,8.33808,7.49894,10,0.00850011,0.00630957,0.01,0.21686,0.2,0.25,0.851555,0.8,0.9,4.61499e-05,69922.9,3793.9,2521.1,0.01,0.95,10,10000,0.938,0.497,27,16,0.0457358,0,0.592593
4124,10000,8.07686,7.49894,10,0.00853332,0.00630957,0.01,0.217766,0.2,0.25,0.945422,0.9,1,4.61499e-05,85461.3,4280.57,3081.35,0.01,0.95,10,10000,0.938,0.497,33,19,0.0419701,0,0.575758
4125,10000,8.20214,7.49894,10,0.00844293,0.00630957,0.01,0.221943,0.2,0.25,1.21129,1,1.5,0.00023075,33148.6,1047.38,1195.19,0.01,0.95,10,10000,0.938,0.497,64,44,0.0275798,0,0.6875
4126,10000,8.05876,7.49894,10,0.00900834,0.00630957,0.01,0.278375,0.25,0.3,0.0725149,0,0.1,4.61499e-05,20717.9,1519.46,746.994,0.01,0.95,10,10000,0.938,0.497,8,7,0.0691461,0,0.875
4127,10000,8.3778,7.49894,10,0.00875154,0.00630957,0.01,0.275972,0.25,0.3,0.137803,0.1,0.2,4.61499e-05,51794.7,2342.41,1867.48,0.01,0.95,10,10000,0.938,0.497,20,18,0.0431202,0,0.9
4128,10000,8.18105,7.49894,10,0.00868041,0.00630957,0.01,0.271491,0.25,0.3,0.262062,0.2,0.3,4.61499e-05,72512.6,3236.5,2614.48,0.01,0.95,10,10000,0.938,0.497,28,21,0.0399215,0,0.75
4129,10000,8.15739,7.49894,10,0.00853333,0.00630957,0.01,0.272114,0.25,0.3,0.350494,0.3,0.4,4.61499e-05,88051,3203.65,3174.72,0.01,0.95,10,10000,0.938,0.497,34,29,0.0339717,0,0.852941
4130,10000,8.1478,7.49894,10,0.00843095,0.00630957,0.01,0.275419,0.25,0.3,0.451322,0.4,0.5,4.61499e-05,95820.2,3802.24,3454.85,0.01,0.95,10,10000,0.938,0.497,37,27,0.0352075,0,0.72973
4131,10000,8.18878,7.49894,10,0.00871338,0.00630957,0.01,0.27283,0.25,0.3,0.554446,0.5,0.6,4.61499e-05,90640.7,3332.72,3268.1,0.01,0.95,10,10000,0.938,0.497,35,29,0.0339717,0,0.828571
4132,10000,8.11359,7.49894,10,0.00869286,0.00630957,0.01,0.271624,0.25,0.3,0.655587,0.6,0.7,4.61499e-05,80281.8,3968.35,2894.6,0.01,0.95,10,10000,0.938,0.497,31,19,0.0419701,0,0.612903
4133,10000,7.90769,7.49894,10,0.00809517,0.00630957,0.01,0.277674,0.25,0.3,0.747971,0.7,0.8,4.61499e-05,54384.4,2912.85,1960.86,0.01,0.95,10,10000,0.938,0.497,21,15,0.0472358,0,0.714286
4134,10000,8.22968,7.49894,10,0.00859576,0.00630957,0.01,0.268219,0.25,0.3,0.853784,0.8,0.9,4.61499e-05,56974.2,2939.7,2054.23,0.01,0.95,10,10000,0.938,0.497,22,16,0.0457358,0,0.727273
4135,10000,7.9111,7.49894,10,0.00815291,0.00630957,0.01,0.279286,0.25,0.3,0.942704,0.9,1,4.61499e-05,23307.6,1781.73,840.368,0.01,0.95,10,10000,0.938,0.497,9,7,0.0691461,0,0.777778
4136,10000,8.21836,7.49894,10,0.00825746,0.00630957,0.01,0.27374,0.25,0.3,1.2627,1,1.5,0.00023075,19164,831.922,690.969,0.01,0.95,10,10000,0.938,0.497,37,24,0.0373432,0,0.648649
4137,10000,7.98485,7.49894,10,0.00864647,0.00630957,0.01,0.364753,0.3,0.4,0.0585353,0,0.1,9.22999e-05,15538.4,1059.39,560.245,0.01,0.95,10,10000,0.938,0.497,12,9,0.0609811,0,0.75
4138,10000,8.23842,7.49894,10,0.0083354,0.00630957,0.01,0.336574,0.3,0.4,0.154701,0.1,0.2,9.22999e-05,18128.1,1023.47,653.62,0.01,0.95,10,10000,0.938,0.497,14,12,0.0528112,0,0.857143
4139,10000,8.16834,7.49894,10,0.00848786,0.00630957,0.01,0.339745,0.3,0.4,0.266028,0.2,0.3,9.22999e-05,50499.8,1773.69,1820.8,0.01,0.95,10,10000,0.938,0.497,39,32,0.0323401,0,0.820513
4140,10000,8.08035,7.49894,10,0.00853714,0.00630957,0.01,0.342113,0.3,0.4,0.345648,0.3,0.4,9.22999e-05,42730.6,1585.3,1540.68,0.01,0.95,10,10000,0.938,0.497,33,28,0.0345731,0,0.848485
4141,10000,8.11722,7.49894,10,0.00839446,0.00630957,0.01,0.343668,0.3,0.4,0.447468,0.4,0.5,9.22999e-05,59563.9,1872.95,2147.61,0.01,0.95,10,10000,0.938,0.497,46,39,0.0292944,0,0.847826
4142,10000,8.13802,7.49894,10,0.00866564,0.00630957,0.01,0.352115,0.3,0.4,0.544153,0.5,0.6,9.22999e-05,46615.2,1948.82,1680.74,0.01,0.95,10,10000,0.938,0.497,36,25,0.0365887,0,0.694444
4143,10000,8.0512,7.49894,10,0.00833016,0.00630957,0.01,0.328236,0.3,0.4,0.648378,0.6,0.7,9.22999e-05,41435.8,1987.6,1493.99,0.01,0.95,10,10000,0.938,0.497,32,20,0.0409074,0,0.625
4144,10000,8.13513,7.49894,10,0.00863248,0.00630957,0.01,0.346369,0.3,0.4,0.746524,0.7,0.8,9.22999e-05,38846,1434.43,1400.61,0.01,0.95,10,10000,0.938,0.497,30,27,0.0352075,0,0.9
4145,10000,8.21273,7.49894,10,0.00821131,0.00630957,0.01,0.338438,0.3,0.4,0.854966,0.8,0.9,9.22999e-05,34961.4,1484.53,1260.55,0.01,0.95,10,10000,0.938,0.497,27,22,0.0390037,0,0.814815
4146,10000,8.14075,7.49894,10,0.00849524,0.00630957,0.01,0.342435,0.3,0.4,0.949958,0.9,1,9.22999e-05,33666.6,2205.3,1213.87,0.01,0.95,10,10000,0.938,0.497,26,12,0.0528112,0,0.461538
4147,10000,8.16557,7.49894,10,0.00864033,0.00630957,0.01,0.340218,0.3,0.4,1.16535,1,1.5,0.000461499,11653.8,407.881,420.184,0.01,0.95,10,10000,0.938,0.497,45,34,0.0313745,0,0.755556
4148,10000,8.23954,7.49894,10,0.00794956,0.00630957,0.01,0.424714,0.4,0.5,0.0618948,0,0.1,9.22999e-05,5179.47,473.775,186.748,0.01,0.95,10,10000,0.938,0.497,4,4,0.0914717,0,1
4149,10000,7.79982,7.49894,10,0.00855133,0.00630957,0.01,0.438921,0.4,0.5,0.174822,0.1,0.2,9.22999e-05,15538.4,1059.39,560.245,0.01,0.95,10,10000,0.938,0.497,12,9,0.0609811,0,0.75
4150,10000,8.11152,7.49894,10,0.00838164,0.00630957,0.01,0.443742,0.4,0.5,0.266901,0.2,0.3,9.22999e-05,16833.3,997.386,606.933,0.01,0.95,10,10000,0.938,0.497,13,11,0.0551595,0,0.846154
4151,10000,7.96967,7.49894,10,0.00840305,0.00630957,0.01,0.438735,0.4,0.5,0.353483,0.3,0.4,9.22999e-05,10358.9,864.991,373.497,0.01,0.95,10,10000,0.938,0.497,8,6,0.0746863,0,0.75
4152,10000,8.15035,7.49894,10,0.00866144,0.00630957,0.01,0.441138,0.4,0.5,0.458394,0.4,0.5,9.22999e-05,20717.9,947.55,746.994,0.01,0.95,10,10000,0.938,0.497,16,16,0.0457358,0,1
4153,10000,7.97397,7.49894,10,0.00828634,0.00630957,0.01,0.448551,0.4,0.5,0.54168,0.5,0.6,9.22999e-05,18128.1,1101.88,653.62,0.01,0.95,10,10000,0.938,0.497,14,11,0.0551595,0,0.785714
4154,10000,8.17735,7.49894,10,0.00860409,0.00630957,0.01,0.449217,0.4,0.5,0.644854,0.6,0.7,9.22999e-05,19423,1049.16,700.307,0.01,0.95,10,10000,0.938,0.497,15,13,0.0507394,0,0.866667
4155,10000,8.24454,7.49894,10,0.00878677,0.00630957,0.01,0.437022,0.4,0.5,0.745923,0.7,0.8,9.22999e-05,19423,980.807,700.307,0.01,0.95,10,10000,0.938,0.497,15,14,0.0488937,0,0.933333
4156,10000,8.34477,7.49894,10,0.0088928,0.00630957,0.01,0.437246,0.4,0.5,0.856649,0.8,0.9,9.22999e-05,12948.7,749.104,466.871,0.01,0.95,10,10000,0.938,0.497,10,10,0.0578518,0,1
4157,10000,8.15353,7.49894,10,0.00908433,0.00630957,0.01,0.437447,0.4,0.5,0.967874,0.9,1,9.22999e-05,6474.34,-nan,233.436,0.01,0.95,10,10000,0.938,0.497,5,6,0.0746863,0,1.2
4158,10000,8.15629,7.49894,10,0.00865048,0.00630957,0.01,0.447269,0.4,0.5,1.17603,1,1.5,0.000461499,7251.26,279.166,261.448,0.01,0.95,10,10000,0.938,0.497,28,25,0.0365887,0,0.892857
4159,10000,7.856,7.49894,10,0.00967072,0.00630957,0.01,0.556608,0.5,0.6,0.0983974,0,0.1,9.22999e-05,1294.87,236.888,46.6871,0.01,0.95,10,10000,0.938,0.497,1,1,0.182943,0,1
4160,10000,7.73497,7.49894,10,0.00764425,0.00630957,0.01,0.571158,0.5,0.6,0.14953,0.1,0.2,9.22999e-05,5179.47,611.641,186.748,0.01,0.95,10,10000,0.938,0.497,4,3,0.105622,0,0.75
4161,10000,8.27839,7.49894,10,0.00841739,0.00630957,0.01,0.532226,0.5,0.6,0.266006,0.2,0.3,9.22999e-05,3884.6,-nan,140.061,0.01,0.95,10,10000,0.938,0.497,3,4,0.0914717,0,1.33333
4162,10000,8.28488,7.49894,10,0.00825919,0.00630957,0.01,0.54709,0.5,0.6,0.349235,0.3,0.4,9.22999e-05,16833.3,1407.15,606.933,0.01,0.95,10,10000,0.938,0.497,13,7,0.0691461,0,0.538462
4163,10000,8.12038,7.49894,10,0.0086511,0.00630957,0.01,0.547295,0.5,0.6,0.439159,0.4,0.5,9.22999e-05,7769.21,580.254,280.123,0.01,0.95,10,10000,0.938,0.497,6,6,0.0746863,0,1
4164,10000,7.86496,7.49894,10,0.0085199,0.00630957,0.01,0.532393,0.5,0.6,0.562274,0.5,0.6,9.22999e-05,12948.7,1020.86,466.871,0.01,0.95,10,10000,0.938,0.497,10,7,0.0691461,0,0.7
4165,10000,7.90536,7.49894,10,0.00942032,0.00630957,0.01,0.566481,0.5,0.6,0.656572,0.6,0.7,9.22999e-05,6474.34,648.743,233.436,0.01,0.95,10,10000,0.938,0.497,5,4,0.0914717,0,0.8
4166,10000,8.07566,7.49894,10,0.00777612,0.00630957,0.01,0.546846,0.5,0.6,0.744603,0.7,0.8,9.22999e-05,10358.9,670.019,373.497,0.01,0.95,10,10000,0.938,0.497,8,8,0.0646803,0,1
4167,10000,8.29585,7.49894,10,0.00955472,0.00630957,0.01,0.526434,0.5,0.6,0.83978,0.8,0.9,9.22999e-05,3884.6,580.254,140.061,0.01,0.95,10,10000,0.938,0.497,3,2,0.129361,0,0.666667
4168,10000,8.44901,7.49894,10,0.00934938,0.00630957,0.01,0.52734,0.5,0.6,0.944992,0.9,1,9.22999e-05,6474.34,529.697,233.436,0.01,0.95,10,10000,0.938,0.497,5,5,0.0818148,0,1
4169,10000,8.44959,7.49894,10,0.00859555,0.00630957,0.01,0.546625,0.5,0.6,1.13758,1,1.5,0.000461499,2848.71,207.868,102.712,0.01,0.95,10,10000,0.938,0.497,11,8,0.0646803,0,0.727273
4170,10000,7.83492,7.49894,10,0.00825114,0.00630957,0.01,0.67014,0.6,0.7,0.127814,0.1,0.2,9.22999e-05,2589.74,-nan,93.3742,0.01,0.95,10,10000,0.938,0.497,2,3,0.105622,0,1.5
4171,10000,9.41235,7.49894,10,0.00959263,0.00630957,0.01,0.651512,0.6,0.7,0.271277,0.2,0.3,9.22999e-05,1294.87,236.888,46.6871,0.01,0.95,10,10000,0.938,0.497,1,1,0.182943,0,1
4172,10000,8.00555,7.49894,10,0.00839319,0.00630957,0.01,0.639169,0.6,0.7,0.369834,0.3,0.4,9.22999e-05,9064.07,723.703,326.81,0.01,0.95,10,10000,0.938,0.497,7,6,0.0746863,0,0.857143
4173,10000,7.56811,7.49894,10,0.00872545,0.00630957,0.01,0.633306,0.6,0.7,0.442941,0.4,0.5,9.22999e-05,6474.34,809.125,233.436,0.01,0.95,10,10000,0.938,0.497,5,3,0.105622,0,0.6
4174,10000,8.18517,7.49894,10,0.00834517,0.00630957,0.01,0.664671,0.6,0.7,0.539685,0.5,0.6,9.22999e-05,2589.74,-nan,93.3742,0.01,0.95,10,10000,0.938,0.497,2,3,0.105622,0,1.5
4175,10000,7.85895,7.49894,10,0.00809573,0.00630957,0.01,0.658087,0.6,0.7,0.666227,0.6,0.7,9.22999e-05,6474.34,648.743,233.436,0.01,0.95,10,10000,0.938,0.497,5,4,0.0914717,0,0.8
4176,10000,8.80231,7.49894,10,0.00984361,0.00630957,0.01,0.637033,0.6,0.7,0.724279,0.7,0.8,9.22999e-05,1294.87,236.888,46.6871,0.01,0.95,10,10000,0.938,0.497,1,1,0.182943,0,1
4177,10000,8.09463,7.49894,10,0.00838063,0.00630957,0.01,0.638329,0.6,0.7,0.817812,0.8,0.9,9.22999e-05,1294.87,236.888,46.6871,0.01,0.95,10,10000,0.938,0.497,1,1,0.182943,0,1
4178,10000,7.53206,7.49894,10,0.00728414,0.00630957,0.01,0.62513,0.6,0.7,0.97792,0.9,1,9.22999e-05,1294.87,236.888,46.6871,0.01,0.95,10,10000,0.938,0.497,1,1,0.182943,0,1
4179,10000,8.28567,7.49894,10,0.00855386,0.00630957,0.01,0.659052,0.6,0.7,1.20033,1,1.5,0.000461499,1553.84,137.313,56.0245,0.01,0.95,10,10000,0.938,0.497,6,5,0.0818148,0,0.833333
4180,10000,7.77187,7.49894,10,0.00767593,0.00630957,0.01,0.738924,0.7,0.8,0.14239,0.1,0.2,9.22999e-05,2589.74,335.01,93.3742,0.01,0.95,10,10000,0.938,0.497,2,2,0.129361,0,1
4181,10000,8.22743,7.49894,10,0.00880863,0.00630957,0.01,0.730166,0.7,0.8,0.380198,0.3,0.4,9.22999e-05,2589.74,335.01,93.3742,0.01,0.95,10,10000,0.938,0.497,2,2,0.129361,0,1
4182,10000,8.76777,7.49894,10,0.00901637,0.00630957,0.01,0.773172,0.7,0.8,0.4648,0.4,0.5,9.22999e-05,3884.6,917.461,140.061,0.01,0.95,10,10000,0.938,0.497,3,1,0.182943,0,0.333333
4183,10000,7.95274,7.49894,10,0.00878559,0.00630957,0.01,0.728748,0.7,0.8,0.544729,0.5,0.6,9.22999e-05,3884.6,410.301,140.061,0.01,0.95,10,10000,0.938,0.497,3,3,0.105622,0,1
4184,10000,7.69379,7.49894,10,0.0081701,0.00630957,0.01,0.743524,0.7,0.8,0.663728,0.6,0.7,9.22999e-05,3884.6,580.254,140.061,0.01,0.95,10,10000,0.938,0.497,3,2,0.129361,0,0.666667
4185,10000,8.6947,7.49894,10,0.00991302,0.00630957,0.01,0.733602,0.7,0.8,0.708304,0.7,0.8,9.22999e-05,1294.87,236.888,46.6871,0.01,0.95,10,10000,0.938,0.497,1,1,0.182943,0,1
4186,10000,7.87496,7.49894,10,0.00998118,0.00630957,0.01,0.72845,0.7,0.8,0.90751,0.9,1,9.22999e-05,1294.87,236.888,46.6871,0.01,0.95,10,10000,0.938,0.497,1,1,0.182943,0,1
4187,10000,8.37157,7.49894,10,0.00861403,0.00630957,0.01,0.746909,0.7,0.8,1.22352,1,1.5,0.000461499,776.921,82.0602,28.0123,0.01,0.95,10,10000,0.938,0.497,3,3,0.105622,0,1
4188,10000,7.89784,7.49894,10,0.00873029,0.00630957,0.01,0.828668,0.8,0.9,0.504002,0.5,0.6,9.22999e-05,1294.87,236.888,46.6871,0.01,0.95,10,10000,0.938,0.497,1,1,0.182943,0,1
4189,10000,8.07433,7.49894,10,0.00912651,0.00630957,0.01,0.920732,0.9,1,0.403096,0.4,0.5,9.22999e-05,0,0,0,0.01,0.95,10,10000,0.938,0.497,0,1,0.182943,0,0
4190,10000,9.28892,7.49894,10,0.00921533,0.00630957,0.01,0.925297,0.9,1,0.557458,0.5,0.6,9.22999e-05,1294.87,236.888,46.6871,0.01,0.95,10,10000,0.938,0.497,1,1,0.182943,0,1
4191,10000,8.94967,7.49894,10,0.00954572,0.00630957,0.01,0.929373,0.9,1,0.616527,0.6,0.7,9.22999e-05,1294.87,236.888,46.6871,0.01,0.95,10,10000,0.938,0.497,1,1,0.182943,0,1
4192,10000,7.62901,7.49894,10,0.00788656,0.00630957,0.01,0.953797,0.9,1,1.47472,1,1.5,0.000461499,258.974,47.3775,9.33742,0.01,0.95,10,10000,0.938,0.497,1,1,0.182943,0,1
4193,10000,8.35032,7.49894,10,0.0129867,0.01,0.0158489,0.0739695,0.05,0.1,0.0621492,0,0.1,7.31423e-05,179743,8382.39,6480.71,0.01,0.95,10,10000,0.938,0.497,110,27,0.0352075,0,0.245455
4194,10000,8.52746,7.49894,10,0.0129318,0.01,0.0158489,0.0807353,0.05,0.1,0.155622,0.1,0.2,7.31423e-05,473867,14848.8,17085.5,0.01,0.95,10,10000,0.938,0.497,290,61,0.0234235,0,0.210345
4195,10000,8.54331,7.49894,10,0.0128271,0.01,0.0158489,0.077886,0.05,0.1,0.254803,0.2,0.3,7.31423e-05,648707,15691,23389.5,0.01,0.95,10,10000,0.938,0.497,397,100,0.0182943,0,0.251889
4196,10000,8.45068,7.49894,10,0.01265,0.01,0.0158489,0.0759189,0.05,0.1,0.35358,0.3,0.4,7.31423e-05,648707,13586.3,23389.5,0.01,0.95,10,10000,0.938,0.497,397,128,0.0161701,0,0.322418
4197,10000,8.55048,7.49894,10,0.0127685,0.01,0.0158489,0.0748927,0.05,0.1,0.448214,0.4,0.5,7.31423e-05,619295,10823.3,22329,0.01,0.95,10,10000,0.938,0.497,379,170,0.0140311,0,0.448549
4198,10000,8.50813,7.49894,10,0.012831,0.01,0.0158489,0.0745822,0.05,0.1,0.547029,0.5,0.6,7.31423e-05,475501,8693.05,17144.4,0.01,0.95,10,10000,0.938,0.497,291,149,0.0149873,0,0.512027
4199,10000,8.47098,7.49894,10,0.0124533,0.01,0.0158489,0.0755087,0.05,0.1,0.648971,0.6,0.7,7.31423e-05,352949,6659.62,12725.8,0.01,0.95,10,10000,0.938,0.497,216,131,0.0159838,0,0.606481
4200,10000,8.55561,7.49894,10,0.0129381,0.01,0.0158489,0.0764828,0.05,0.1,0.751474,0.7,0.8,7.31423e-05,307196,5773.49,11076.1,0.01,0.95,10,10000,0.938,0.497,188,126,0.0162979,0,0.670213
4201,10000,8.64947,7.49894,10,0.0125411,0.01,0.0158489,0.0726576,0.05,0.1,0.849242,0.8,0.9,7.31423e-05,215691,4543.4,7776.85,0.01,0.95,10,10000,0.938,0.497,132,96,0.0186716,0,0.727273
4202,10000,8.50666,7.49894,10,0.0127945,0.01,0.0158489,0.0757442,0.05,0.1,0.951138,0.9,1,7.31423e-05,155232,3607.9,5596.98,0.01,0.95,10,10000,0.938,0.497,95,75,0.0211245,0,0.789474
4203,10000,8.62609,7.49894,10,0.0124922,0.01,0.0158489,0.0738367,0.05,0.1,1.20376,1,1.5,0.000365711,84315.6,1154.58,3040.04,0.01,0.95,10,10000,0.938,0.497,258,211,0.0125943,0,0.817829
4204,10000,8.56142,7.49894,10,0.0129286,0.01,0.0158489,0.121827,0.1,0.15,0.0640821,0,0.1,7.31423e-05,99675.4,2663.95,3593.85,0.01,0.95,10,10000,0.938,0.497,61,53,0.0251292,0,0.868852
4205,10000,8.61015,7.49894,10,0.0126156,0.01,0.0158489,0.124115,0.1,0.15,0.154412,0.1,0.2,7.31423e-05,326805,5576.1,11783.1,0.01,0.95,10,10000,0.938,0.497,200,146,0.0151405,0,0.73
4206,10000,8.57981,7.49894,10,0.0127252,0.01,0.0158489,0.125389,0.1,0.15,0.251003,0.2,0.3,7.31423e-05,423212,6481.7,15259.1,0.01,0.95,10,10000,0.938,0.497,259,184,0.0134868,0,0.710425
4207,10000,8.46672,7.49894,10,0.0125203,0.01,0.0158489,0.125292,0.1,0.15,0.351792,0.3,0.4,7.31423e-05,436284,6907.89,15730.4,0.01,0.95,10,10000,0.938,0.497,267,178,0.0137122,0,0.666667
4208,10000,8.56626,7.49894,10,0.0128455,0.01,0.0158489,0.124386,0.1,0.15,0.446648,0.4,0.5,7.31423e-05,364387,6464.72,13138.2,0.01,0.95,10,10000,0.938,0.497,223,144,0.0152453,0,0.64574
4209,10000,8.54464,7.49894,10,0.0128145,0.01,0.0158489,0.122812,0.1,0.15,0.545739,0.5,0.6,7.31423e-05,276150,5137.89,9956.73,0.01,0.95,10,10000,0.938,0.497,169,123,0.0164955,0,0.727811
4210,10000,8.56203,7.49894,10,0.0129244,0.01,0.0158489,0.123028,0.1,0.15,0.650252,0.6,0.7,7.31423e-05,294124,5532.94,10604.8,0.01,0.95,10,10000,0.938,0.497,180,124,0.0164288,0,0.688889
4211,10000,8.62646,7.49894,10,0.012742,0.01,0.0158489,0.122113,0.1,0.15,0.752287,0.7,0.8,7.31423e-05,212423,4605.82,7659.02,0.01,0.95,10,10000,0.938,0.497,130,92,0.0190732,0,0.707692
4212,10000,8.4983,7.49894,10,0.0125342,0.01,0.0158489,0.124125,0.1,0.15,0.848556,0.8,0.9,7.31423e-05,140526,3267.07,5066.74,0.01,0.95,10,10000,0.938,0.497,86,72,0.0215601,0,0.837209
4213,10000,8.59426,7.49894,10,0.0125934,0.01,0.0158489,0.126352,0.1,0.15,0.943171,0.9,1,7.31423e-05,119284,3485.89,4300.83,0.01,0.95,10,10000,0.938,0.497,73,51,0.0256172,0,0.69863
4214,10000,8.55298,7.49894,10,0.0125406,0.01,0.0158489,0.122489,0.1,0.15,1.22,1,1.5,0.000365711,63400.1,1089.99,2285.92,0.01,0.95,10,10000,0.938,0.497,194,143,0.0152985,0,0.737113
4215,10000,8.40574,7.49894,10,0.0123971,0.01,0.0158489,0.174304,0.15,0.2,0.0609526,0,0.1,7.31423e-05,55556.8,1961.76,2003.13,0.01,0.95,10,10000,0.938,0.497,34,30,0.0334007,0,0.882353
4216,10000,8.50372,7.49894,10,0.0129824,0.01,0.0158489,0.174463,0.15,0.2,0.155968,0.1,0.2,7.31423e-05,133990,3059.92,4831.07,0.01,0.95,10,10000,0.938,0.497,82,72,0.0215601,0,0.878049
4217,10000,8.53803,7.49894,10,0.0127372,0.01,0.0158489,0.17439,0.15,0.2,0.250457,0.2,0.3,7.31423e-05,251640,4399.13,9072.99,0.01,0.95,10,10000,0.938,0.497,154,128,0.0161701,0,0.831169
4218,10000,8.45962,7.49894,10,0.0128873,0.01,0.0158489,0.171308,0.15,0.2,0.343331,0.3,0.4,7.31423e-05,246737,4282.85,8896.25,0.01,0.95,10,10000,0.938,0.497,151,128,0.0161701,0,0.847682
4219,10000,8.39325,7.49894,10,0.0129691,0.01,0.0158489,0.172927,0.15,0.2,0.451644,0.4,0.5,7.31423e-05,215691,3970.19,7776.85,0.01,0.95,10,10000,0.938,0.497,132,113,0.0172099,0,0.856061
4220,10000,8.47277,7.49894,10,0.0126226,0.01,0.0158489,0.176546,0.15,0.2,0.548669,0.5,0.6,7.31423e-05,196083,3976.01,7069.86,0.01,0.95,10,10000,0.938,0.497,120,97,0.0185751,0,0.808333
4221,10000,8.4692,7.49894,10,0.0130133,0.01,0.0158489,0.174498,0.15,0.2,0.648237,0.6,0.7,7.31423e-05,153598,3295.22,5538.06,0.01,0.95,10,10000,0.938,0.497,94,82,0.0202027,0,0.87234
4222,10000,8.43535,7.49894,10,0.0127386,0.01,0.0158489,0.175446,0.15,0.2,0.746502,0.7,0.8,7.31423e-05,120918,3114.27,4359.75,0.01,0.95,10,10000,0.938,0.497,74,60,0.0236179,0,0.810811
4223,10000,8.60655,7.49894,10,0.0133761,0.01,0.0158489,0.175015,0.15,0.2,0.847615,0.8,0.9,7.31423e-05,120918,3071.04,4359.75,0.01,0.95,10,10000,0.938,0.497,74,61,0.0234235,0,0.824324
4224,10000,8.73092,7.49894,10,0.012776,0.01,0.0158489,0.175024,0.15,0.2,0.949611,0.9,1,7.31423e-05,89871.3,2820.89,3240.35,0.01,0.95,10,10000,0.938,0.497,55,42,0.0282288,0,0.763636
4225,10000,8.62567,7.49894,10,0.0128401,0.01,0.0158489,0.173578,0.15,0.2,1.18037,1,1.5,0.000365711,48040.3,965.361,1732.12,0.01,0.95,10,10000,0.938,0.497,147,106,0.017769,0,0.721088
4226,10000,8.5973,7.49894,10,0.0132297,0.01,0.0158489,0.223148,0.2,0.25,0.0651907,0,0.1,7.31423e-05,39216.6,1809.27,1413.97,0.01,0.95,10,10000,0.938,0.497,24,19,0.0419701,0,0.791667
4227,10000,8.45502,7.49894,10,0.012619,0.01,0.0158489,0.219506,0.2,0.25,0.152675,0.1,0.2,7.31423e-05,104577,2669.05,3770.59,0.01,0.95,10,10000,0.938,0.497,64,57,0.0242314,0,0.890625
4228,10000,8.28211,7.49894,10,0.0124627,0.01,0.0158489,0.222807,0.2,0.25,0.251151,0.2,0.3,7.31423e-05,140526,3306.4,5066.74,0.01,0.95,10,10000,0.938,0.497,86,71,0.0217114,0,0.825581
4229,10000,8.50799,7.49894,10,0.012899,0.01,0.0158489,0.223888,0.2,0.25,0.356952,0.3,0.4,7.31423e-05,171572,3865.64,6186.13,0.01,0.95,10,10000,0.938,0.497,105,81,0.020327,0,0.771429
4230,10000,8.46829,7.49894,10,0.0125603,0.01,0.0158489,0.222755,0.2,0.25,0.446357,0.4,0.5,7.31423e-05,153598,3518.37,5538.06,0.01,0.95,10,10000,0.938,0.497,94,76,0.020985,0,0.808511
4231,10000,8.46715,7.49894,10,0.0129399,0.01,0.0158489,0.222152,0.2,0.25,0.545367,0.5,0.6,7.31423e-05,117650,3226.67,4241.92,0.01,0.95,10,10000,0.938,0.497,72,55,0.0246681,0,0.763889
4232,10000,8.55004,7.49894,10,0.0127239,0.01,0.0158489,0.223756,0.2,0.25,0.645293,0.6,0.7,7.31423e-05,122552,3451.79,4418.67,0.01,0.95,10,10000,0.938,0.497,75,54,0.0248954,0,0.72
4233,10000,8.52295,7.49894,10,0.0130037,0.01,0.0158489,0.22303,0.2,0.25,0.752275,0.7,0.8,7.31423e-05,107846,2964.99,3888.43,0.01,0.95,10,10000,0.938,0.497,66,53,0.0251292,0,0.80303
4234,10000,8.49767,7.49894,10,0.0126364,0.01,0.0158489,0.225768,0.2,0.25,0.847512,0.8,0.9,7.31423e-05,86603.2,2583.34,3122.52,0.01,0.95,10,10000,0.938,0.497,53,44,0.0275798,0,0.830189
4235,10000,8.68764,7.49894,10,0.0129703,0.01,0.0158489,0.222585,0.2,0.25,0.947324,0.9,1,7.31423e-05,52288.7,2183.1,1885.3,0.01,0.95,10,10000,0.938,0.497,32,24,0.0373432,0,0.75
4236,10000,8.58394,7.49894,10,0.012889,0.01,0.0158489,0.225378,0.2,0.25,1.21625,1,1.5,0.000365711,26798,659.71,966.215,0.01,0.95,10,10000,0.938,0.497,82,66,0.0225188,0,0.804878
4237,10000,8.43248,7.49894,10,0.0133218,0.01,0.0158489,0.271976,0.25,0.3,0.0649163,0,0.1,7.31423e-05,26144.4,1272.96,942.649,0.01,0.95,10,10000,0.938,0.497,16,15,0.0472358,0,0.9375
4238,10000,8.50582,7.49894,10,0.0129854,0.01,0.0158489,0.273635,0.25,0.3,0.145145,0.1,0.2,7.31423e-05,57190.8,1872.63,2062.04,0.01,0.95,10,10000,0.938,0.497,35,33,0.0318464,0,0.942857
4239,10000,8.45538,7.49894,10,0.0123581,0.01,0.0158489,0.268569,0.25,0.3,0.256121,0.2,0.3,7.31423e-05,75165.1,2363.52,2710.11,0.01,0.95,10,10000,0.938,0.497,46,39,0.0292944,0,0.847826
4240,10000,8.38163,7.49894,10,0.0127667,0.01,0.0158489,0.272556,0.25,0.3,0.353606,0.3,0.4,7.31423e-05,86603.2,2392.25,3122.52,0.01,0.95,10,10000,0.938,0.497,53,48,0.0264056,0,0.90566
4241,10000,8.57424,7.49894,10,0.0128077,0.01,0.0158489,0.272402,0.25,0.3,0.450317,0.4,0.5,7.31423e-05,102943,2830.48,3711.68,0.01,0.95,10,10000,0.938,0.497,63,52,0.0253697,0,0.825397
4242,10000,8.47863,7.49894,10,0.0129962,0.01,0.0158489,0.274181,0.25,0.3,0.547642,0.5,0.6,7.31423e-05,98041.4,2434.35,3534.93,0.01,0.95,10,10000,0.938,0.497,60,57,0.0242314,0,0.95
4243,10000,8.44051,7.49894,10,0.0122653,0.01,0.0158489,0.27302,0.25,0.3,0.651558,0.6,0.7,7.31423e-05,109480,2758.78,3947.34,0.01,0.95,10,10000,0.938,0.497,67,59,0.0238172,0,0.880597
4244,10000,8.66516,7.49894,10,0.0126455,0.01,0.0158489,0.271882,0.25,0.3,0.750535,0.7,0.8,7.31423e-05,70263,2102.12,2533.37,0.01,0.95,10,10000,0.938,0.497,43,40,0.0289259,0,0.930233
4245,10000,8.49618,7.49894,10,0.0131608,0.01,0.0158489,0.27005,0.25,0.3,0.842782,0.8,0.9,7.31423e-05,53922.8,2271.7,1944.21,0.01,0.95,10,10000,0.938,0.497,33,24,0.0373432,0,0.727273
4246,10000,8.44484,7.49894,10,0.0126708,0.01,0.0158489,0.26959,0.25,0.3,0.950767,0.9,1,7.31423e-05,40850.6,2521.59,1472.89,0.01,0.95,10,10000,0.938,0.497,25,13,0.0507394,0,0.52
4247,10000,8.5341,7.49894,10,0.0128019,0.01,0.0158489,0.27216,0.25,0.3,1.21303,1,1.5,0.000365711,21569.1,664.121,777.685,0.01,0.95,10,10000,0.938,0.497,66,46,0.0269735,0,0.69697
4248,10000,8.44926,7.49894,10,0.0131072,0.01,0.0158489,0.331754,0.3,0.4,0.0648209,0,0.1,0.000146285,12255.2,708.984,441.867,0.01,0.95,10,10000,0.938,0.497,15,12,0.0528112,0,0.8
4249,10000,8.36447,7.49894,10,0.0127072,0.01,0.0158489,0.344991,0.3,0.4,0.15634,0.1,0.2,0.000146285,30229.4,1013.4,1089.94,0.01,0.95,10,10000,0.938,0.497,37,33,0.0318464,0,0.891892
4250,10000,8.528,7.49894,10,0.0127231,0.01,0.0158489,0.345754,0.3,0.4,0.248693,0.2,0.3,0.000146285,51471.7,1462.64,1855.84,0.01,0.95,10,10000,0.938,0.497,63,50,0.0258721,0,0.793651
4251,10000,8.52321,7.49894,10,0.0131256,0.01,0.0158489,0.338117,0.3,0.4,0.355408,0.3,0.4,0.000146285,54739.8,1379.39,1973.67,0.01,0.95,10,10000,0.938,0.497,67,59,0.0238172,0,0.880597
4252,10000,8.6121,7.49894,10,0.0124928,0.01,0.0158489,0.346215,0.3,0.4,0.448677,0.4,0.5,0.000146285,47386.7,1379.22,1708.55,0.01,0.95,10,10000,0.938,0.497,58,47,0.026685,0,0.810345
4253,10000,8.57802,7.49894,10,0.0123396,0.01,0.0158489,0.345309,0.3,0.4,0.558196,0.5,0.6,0.000146285,62909.9,1619.45,2268.25,0.01,0.95,10,10000,0.938,0.497,77,61,0.0234235,0,0.792208
4254,10000,8.42483,7.49894,10,0.0127395,0.01,0.0158489,0.350898,0.3,0.4,0.651571,0.6,0.7,0.000146285,61275.9,1585.34,2209.33,0.01,0.95,10,10000,0.938,0.497,75,60,0.0236179,0,0.8
4255,10000,8.4978,7.49894,10,0.0129002,0.01,0.0158489,0.34111,0.3,0.4,0.752816,0.7,0.8,0.000146285,42484.6,1283.74,1531.8,0.01,0.95,10,10000,0.938,0.497,52,43,0.0278986,0,0.826923
4256,10000,8.74605,7.49894,10,0.0126039,0.01,0.0158489,0.35457,0.3,0.4,0.849291,0.8,0.9,0.000146285,25327.4,859.489,913.191,0.01,0.95,10,10000,0.938,0.497,31,30,0.0334007,0,0.967742
4257,10000,8.65098,7.49894,10,0.0123224,0.01,0.0158489,0.349616,0.3,0.4,0.930833,0.9,1,0.000146285,18791.3,854.504,677.529,0.01,0.95,10,10000,0.938,0.497,23,19,0.0419701,0,0.826087
4258,10000,8.44124,7.49894,10,0.0128901,0.01,0.0158489,0.348778,0.3,0.4,1.1896,1,1.5,0.000731423,13399,325.709,483.107,0.01,0.95,10,10000,0.938,0.497,82,67,0.0223501,0,0.817073
4259,10000,8.64923,7.49894,10,0.0125295,0.01,0.0158489,0.446438,0.4,0.5,0.0577036,0,0.1,0.000146285,8170.12,578.883,294.578,0.01,0.95,10,10000,0.938,0.497,10,8,0.0646803,0,0.8
4260,10000,8.40066,7.49894,10,0.0119169,0.01,0.0158489,0.433579,0.4,0.5,0.155823,0.1,0.2,0.000146285,13072.2,636.479,471.324,0.01,0.95,10,10000,0.938,0.497,16,15,0.0472358,0,0.9375
4261,10000,8.3691,7.49894,10,0.0124604,0.01,0.0158489,0.44826,0.4,0.5,0.24489,0.2,0.3,0.000146285,20425.3,878.222,736.444,0.01,0.95,10,10000,0.938,0.497,25,21,0.0399215,0,0.84
4262,10000,8.27521,7.49894,10,0.0129056,0.01,0.0158489,0.447535,0.4,0.5,0.348608,0.3,0.4,0.000146285,23693.3,1029.64,854.275,0.01,0.95,10,10000,0.938,0.497,29,22,0.0390037,0,0.758621
4263,10000,8.42624,7.49894,10,0.0122439,0.01,0.0158489,0.444348,0.4,0.5,0.444233,0.4,0.5,0.000146285,21242.3,889.981,765.902,0.01,0.95,10,10000,0.938,0.497,26,22,0.0390037,0,0.846154
4264,10000,8.48492,7.49894,10,0.0127232,0.01,0.0158489,0.449721,0.4,0.5,0.552019,0.5,0.6,0.000146285,28595.4,963.598,1031.02,0.01,0.95,10,10000,0.938,0.497,35,32,0.0323401,0,0.914286
4265,10000,8.39062,7.49894,10,0.0131745,0.01,0.0158489,0.440526,0.4,0.5,0.648368,0.6,0.7,0.000146285,24510.3,968.656,883.733,0.01,0.95,10,10000,0.938,0.497,30,25,0.0365887,0,0.833333
4266,10000,8.49442,7.49894,10,0.0122121,0.01,0.0158489,0.439294,0.4,0.5,0.747262,0.7,0.8,0.000146285,19608.3,945.311,706.986,0.01,0.95,10,10000,0.938,0.497,24,18,0.0431202,0,0.75
4267,10000,8.41673,7.49894,10,0.0131635,0.01,0.0158489,0.454326,0.4,0.5,0.842658,0.8,0.9,0.000146285,20425.3,915.294,736.444,0.01,0.95,10,10000,0.938,0.497,25,20,0.0409074,0,0.8
4268,10000,8.60537,7.49894,10,0.013547,0.01,0.0158489,0.44035,0.4,0.5,0.949091,0.9,1,0.000146285,13889.2,736.581,500.782,0.01,0.95,10,10000,0.938,0.497,17,14,0.0488937,0,0.823529
4269,10000,8.52456,7.49894,10,0.0124552,0.01,0.0158489,0.448596,0.4,0.5,1.23214,1,1.5,0.000731423,7679.91,254.367,276.903,0.01,0.95,10,10000,0.938,0.497,47,37,0.0300757,0,0.787234
4270,10000,8.37472,7.49894,10,0.012294,0.01,0.0158489,0.538866,0.5,0.6,0.0568985,0,0.1,0.000146285,4902.07,433.196,176.747,0.01,0.95,10,10000,0.938,0.497,6,5,0.0818148,0,0.833333
4271,10000,8.4198,7.49894,10,0.0144911,0.01,0.0158489,0.550768,0.5,0.6,0.154334,0.1,0.2,0.000146285,4902.07,366.118,176.747,0.01,0.95,10,10000,0.938,0.497,6,6,0.0746863,0,1
4272,10000,8.36297,7.49894,10,0.0128583,0.01,0.0158489,0.539331,0.5,0.6,0.239652,0.2,0.3,0.000146285,8987.13,-nan,324.035,0.01,0.95,10,10000,0.938,0.497,11,13,0.0507394,0,1.18182
4273,10000,8.70756,7.49894,10,0.013983,0.01,0.0158489,0.558348,0.5,0.6,0.348864,0.3,0.4,0.000146285,13072.2,597.867,471.324,0.01,0.95,10,10000,0.938,0.497,16,16,0.0457358,0,1
4274,10000,8.47786,7.49894,10,0.0130331,0.01,0.0158489,0.534738,0.5,0.6,0.43246,0.4,0.5,0.000146285,10621.2,629.312,382.951,0.01,0.95,10,10000,0.938,0.497,13,11,0.0551595,0,0.846154
4275,10000,8.04126,7.49894,10,0.0122724,0.01,0.0158489,0.545118,0.5,0.6,0.551893,0.5,0.6,0.000146285,10621.2,538.91,382.951,0.01,0.95,10,10000,0.938,0.497,13,13,0.0507394,0,1
4276,10000,8.95695,7.49894,10,0.0133201,0.01,0.0158489,0.551911,0.5,0.6,0.637531,0.6,0.7,0.000146285,7353.1,501.327,265.12,0.01,0.95,10,10000,0.938,0.497,9,8,0.0646803,0,0.888889
4277,10000,8.4302,7.49894,10,0.0122705,0.01,0.0158489,0.548035,0.5,0.6,0.751742,0.7,0.8,0.000146285,8987.13,495.726,324.035,0.01,0.95,10,10000,0.938,0.497,11,11,0.0551595,0,1
4278,10000,8.03355,7.49894,10,0.0135007,0.01,0.0158489,0.540236,0.5,0.6,0.839429,0.8,0.9,0.000146285,10621.2,740.662,382.951,0.01,0.95,10,10000,0.938,0.497,13,9,0.0609811,0,0.692308
4279,10000,8.32547,7.49894,10,0.0126792,0.01,0.0158489,0.525392,0.5,0.6,0.931537,0.9,1,0.000146285,3268.05,385.922,117.831,0.01,0.95,10,10000,0.938,0.497,4,3,0.105622,0,0.75
4280,10000,8.69795,7.49894,10,0.0131753,0.01,0.0158489,0.559901,0.5,0.6,1.24163,1,1.5,0.000731423,2614.44,165.215,94.2649,0.01,0.95,10,10000,0.938,0.497,16,11,0.0551595,0,0.6875
4281,10000,9.60104,7.49894,10,0.0112715,0.01,0.0158489,0.664721,0.6,0.7,0.0826656,0,0.1,0.000146285,817.012,149.467,29.4578,0.01,0.95,10,10000,0.938,0.497,1,1,0.182943,0,1
4282,10000,9.68924,7.49894,10,0.0105022,0.01,0.0158489,0.69992,0.6,0.7,0.15526,0.1,0.2,0.000146285,817.012,149.467,29.4578,0.01,0.95,10,10000,0.938,0.497,1,1,0.182943,0,1
4283,10000,8.41249,7.49894,10,0.0127332,0.01,0.0158489,0.644847,0.6,0.7,0.239271,0.2,0.3,0.000146285,6536.09,732.235,235.662,0.01,0.95,10,10000,0.938,0.497,8,4,0.0914717,0,0.5
4284,10000,7.54302,7.49894,10,0.0108461,0.01,0.0158489,0.608408,0.6,0.7,0.33479,0.3,0.4,0.000146285,3268.05,790.904,117.831,0.01,0.95,10,10000,0.938,0.497,4,1,0.182943,0,0.25
4285,10000,8.35034,7.49894,10,0.0140186,0.01,0.0158489,0.638412,0.6,0.7,0.432514,0.4,0.5,0.000146285,3268.05,298.934,117.831,0.01,0.95,10,10000,0.938,0.497,4,4,0.0914717,0,1
4286,10000,8.29713,7.49894,10,0.0124927,0.01,0.0158489,0.637074,0.6,0.7,0.547959,0.5,0.6,0.000146285,5719.08,530.555,206.204,0.01,0.95,10,10000,0.938,0.497,7,5,0.0818148,0,0.714286
4287,10000,8.58785,7.49894,10,0.012726,0.01,0.0158489,0.664173,0.6,0.7,0.638193,0.6,0.7,0.000146285,3268.05,298.934,117.831,0.01,0.95,10,10000,0.938,0.497,4,4,0.0914717,0,1
4288,10000,8.72271,7.49894,10,0.0133328,0.01,0.0158489,0.622519,0.6,0.7,0.84609,0.8,0.9,0.000146285,3268.05,298.934,117.831,0.01,0.95,10,10000,0.938,0.497,4,4,0.0914717,0,1
4289,10000,8.58994,7.49894,10,0.0141476,0.01,0.0158489,0.653161,0.6,0.7,0.953231,0.9,1,0.000146285,3268.05,385.922,117.831,0.01,0.95,10,10000,0.938,0.497,4,3,0.105622,0,0.75
4290,10000,8.4337,7.49894,10,0.0125155,0.01,0.0158489,0.650159,0.6,0.7,1.22517,1,1.5,0.000731423,1960.83,146.447,70.6986,0.01,0.95,10,10000,0.938,0.497,12,8,0.0646803,0,0.666667
4291,10000,8.26293,7.49894,10,0.0122429,0.01,0.0158489,0.751367,0.7,0.8,0.0957849,0,0.1,0.000146285,817.012,149.467,29.4578,0.01,0.95,10,10000,0.938,0.497,1,1,0.182943,0,1
4292,10000,8.08165,7.49894,10,0.0120208,0.01,0.0158489,0.700889,0.7,0.8,0.195571,0.1,0.2,0.000146285,1634.02,211.378,58.9155,0.01,0.95,10,10000,0.938,0.497,2,2,0.129361,0,1
4293,10000,7.87444,7.49894,10,0.014367,0.01,0.0158489,0.721957,0.7,0.8,0.250745,0.2,0.3,0.000146285,2451.03,578.883,88.3733,0.01,0.95,10,10000,0.938,0.497,3,1,0.182943,0,0.333333
4294,10000,9.37115,7.49894,10,0.0124324,0.01,0.0158489,0.733689,0.7,0.8,0.354583,0.3,0.4,0.000146285,3268.05,385.922,117.831,0.01,0.95,10,10000,0.938,0.497,4,3,0.105622,0,0.75
4295,10000,8.70893,7.49894,10,0.0119497,0.01,0.0158489,0.772653,0.7,0.8,0.425983,0.4,0.5,0.000146285,3268.05,385.922,117.831,0.01,0.95,10,10000,0.938,0.497,4,3,0.105622,0,0.75
4296,10000,8.56332,7.49894,10,0.012774,0.01,0.0158489,0.7471,0.7,0.8,0.863277,0.8,0.9,0.000146285,5719.08,625.265,206.204,0.01,0.95,10,10000,0.938,0.497,7,4,0.0914717,0,0.571429
4297,10000,9.04827,7.49894,10,0.0136904,0.01,0.0158489,0.735644,0.7,0.8,1.24245,1,1.5,0.000731423,980.414,126.827,35.3493,0.01,0.95,10,10000,0.938,0.497,6,3,0.105622,0,0.5
4298,10000,7.98144,7.49894,10,0.0118492,0.01,0.0158489,0.842879,0.8,0.9,0.549878,0.5,0.6,0.000146285,1634.02,211.378,58.9155,0.01,0.95,10,10000,0.938,0.497,2,2,0.129361,0,1
4299,10000,8.48375,7.49894,10,0.0151372,0.01,0.0158489,0.856825,0.8,0.9,0.632202,0.6,0.7,0.000146285,2451.03,578.883,88.3733,0.01,0.95,10,10000,0.938,0.497,3,1,0.182943,0,0.333333
4300,10000,8.7569,7.49894,10,0.0133081,0.01,0.0158489,0.865965,0.8,0.9,0.764909,0.7,0.8,0.000146285,1634.02,211.378,58.9155,0.01,0.95,10,10000,0.938,0.497,2,2,0.129361,0,1
4301,10000,8.13082,7.49894,10,0.0110552,0.01,0.0158489,0.817827,0.8,0.9,0.966666,0.9,1,0.000146285,817.012,149.467,29.4578,0.01,0.95,10,10000,0.938,0.497,1,1,0.182943,0,1
4302,10000,7.81776,7.49894,10,0.0106878,0.01,0.0158489,0.934465,0.9,1,0.732139,0.7,0.8,0.000146285,817.012,149.467,29.4578,0.01,0.95,10,10000,0.938,0.497,1,1,0.182943,0,1
4303,10000,8.82505,7.49894,10,0.0139574,0.01,0.0158489,0.965655,0.9,1,0.894551,0.8,0.9,0.000146285,817.012,149.467,29.4578,0.01,0.95,10,10000,0.938,0.497,1,1,0.182943,0,1
4304,10000,8.32167,7.49894,10,0.0204065,0.0158489,0.0251189,0.0757184,0.05,0.1,0.0654976,0,0.1,0.000115924,114439,4372.68,4126.17,0.01,0.95,10,10000,0.938,0.497,111,38,0.0296773,0,0.342342
4305,10000,8.5944,7.49894,10,0.0206949,0.0158489,0.0251189,0.0755288,0.05,0.1,0.155827,0.1,0.2,0.000115924,307234,6882.22,11077.5,0.01,0.95,10,10000,0.938,0.497,298,109,0.0175228,0,0.365772
4306,10000,8.5217,7.49894,10,0.0204408,0.0158489,0.0251189,0.07584,0.05,0.1,0.254552,0.2,0.3,0.000115924,410332,7472.83,14794.7,0.01,0.95,10,10000,0.938,0.497,398,161,0.014418,0,0.404523
4307,10000,8.59574,7.49894,10,0.0204974,0.0158489,0.0251189,0.0747263,0.05,0.1,0.350674,0.3,0.4,0.000115924,395899,6314.01,14274.3,0.01,0.95,10,10000,0.938,0.497,384,196,0.0130674,0,0.510417
4308,10000,8.56827,7.49894,10,0.0202265,0.0158489,0.0251189,0.0728871,0.05,0.1,0.446865,0.4,0.5,0.000115924,397960,6122.12,14348.7,0.01,0.95,10,10000,0.938,0.497,386,207,0.0127154,0,0.536269
4309,10000,8.6314,7.49894,10,0.0200247,0.0158489,0.0251189,0.0738564,0.05,0.1,0.548084,0.5,0.6,0.000115924,334039,5495.43,12044,0.01,0.95,10,10000,0.938,0.497,324,179,0.0136738,0,0.552469
4310,10000,8.62526,7.49894,10,0.0202738,0.0158489,0.0251189,0.0726757,0.05,0.1,0.649403,0.6,0.7,0.000115924,262901,4801.74,9479.04,0.01,0.95,10,10000,0.938,0.497,255,144,0.0152453,0,0.564706
4311,10000,8.59767,7.49894,10,0.0199846,0.0158489,0.0251189,0.0726192,0.05,0.1,0.75223,0.7,0.8,0.000115924,190732,4215.38,6876.95,0.01,0.95,10,10000,0.938,0.497,185,100,0.0182943,0,0.540541
4312,10000,8.51715,7.49894,10,0.0197448,0.0158489,0.0251189,0.0725497,0.05,0.1,0.846646,0.8,0.9,0.000115924,162896,3177.65,5873.29,0.01,0.95,10,10000,0.938,0.497,158,113,0.0172099,0,0.71519
4313,10000,8.70112,7.49894,10,0.0197868,0.0158489,0.0251189,0.0701463,0.05,0.1,0.95475,0.9,1,0.000115924,100006,2586.95,3605.75,0.01,0.95,10,10000,0.938,0.497,97,66,0.0225188,0,0.680412
4314,10000,8.61384,7.49894,10,0.0199461,0.0158489,0.0251189,0.0725348,0.05,0.1,1.19491,1,1.5,0.000579621,46600.6,703.589,1680.21,0.01,0.95,10,10000,0.938,0.497,226,178,0.0137122,0,0.787611
4315,10000,8.5391,7.49894,10,0.0206882,0.0158489,0.0251189,0.125711,0.1,0.15,0.0661667,0,0.1,0.000115924,70107,2039.8,2527.74,0.01,0.95,10,10000,0.938,0.497,68,50,0.0258721,0,0.735294
4316,10000,8.4362,7.49894,10,0.020041,0.0158489,0.0251189,0.124901,0.1,0.15,0.152952,0.1,0.2,0.000115924,186608,3214.06,6728.26,0.01,0.95,10,10000,0.938,0.497,181,139,0.0155171,0,0.767956
4317,10000,8.54895,7.49894,10,0.0200507,0.0158489,0.0251189,0.121675,0.1,0.15,0.251024,0.2,0.3,0.000115924,211352,3463.78,7620.41,0.01,0.95,10,10000,0.938,0.497,205,155,0.0146944,0,0.756098
4318,10000,8.57828,7.49894,10,0.0200253,0.0158489,0.0251189,0.1249,0.1,0.15,0.345224,0.3,0.4,0.000115924,227848,3815.4,8215.17,0.01,0.95,10,10000,0.938,0.497,221,155,0.0146944,0,0.701357
4319,10000,8.55083,7.49894,10,0.0199372,0.0158489,0.0251189,0.124492,0.1,0.15,0.450575,0.4,0.5,0.000115924,236096,3971.26,8512.55,0.01,0.95,10,10000,0.938,0.497,229,156,0.0146472,0,0.681223
4320,10000,8.68455,7.49894,10,0.0199952,0.0158489,0.0251189,0.125486,0.1,0.15,0.547948,0.5,0.6,0.000115924,198980,3593.32,7174.33,0.01,0.95,10,10000,0.938,0.497,193,134,0.0158039,0,0.694301
4321,10000,8.61496,7.49894,10,0.0199738,0.0158489,0.0251189,0.126718,0.1,0.15,0.641943,0.6,0.7,0.000115924,154648,3393.36,5575.91,0.01,0.95,10,10000,0.938,0.497,150,95,0.0187696,0,0.633333
4322,10000,8.63947,7.49894,10,0.0197955,0.0158489,0.0251189,0.124849,0.1,0.15,0.741755,0.7,0.8,0.000115924,114439,2700.01,4126.17,0.01,0.95,10,10000,0.938,0.497,111,78,0.0207143,0,0.702703
4323,10000,8.60162,7.49894,10,0.0206773,0.0158489,0.0251189,0.124836,0.1,0.15,0.847042,0.8,0.9,0.000115924,103099,2627.86,3717.27,0.01,0.95,10,10000,0.938,0.497,100,68,0.0221851,0,0.68
4324,10000,8.58738,7.49894,10,0.0199175,0.0158489,0.0251189,0.120093,0.1,0.15,0.94731,0.9,1,0.000115924,79385.9,2497.23,2862.3,0.01,0.95,10,10000,0.938,0.497,77,47,0.026685,0,0.61039
4325,10000,8.5452,7.49894,10,0.01979,0.0158489,0.0251189,0.126115,0.1,0.15,1.19846,1,1.5,0.000579621,31135.8,653.921,1122.62,0.01,0.95,10,10000,0.938,0.497,151,101,0.0182035,0,0.668874
4326,10000,8.68177,7.49894,10,0.0204754,0.0158489,0.0251189,0.1722,0.15,0.2,0.0649824,0,0.1,0.000115924,41239.4,1352.61,1486.91,0.01,0.95,10,10000,0.938,0.497,40,35,0.0309231,0,0.875
4327,10000,8.57004,7.49894,10,0.0201934,0.0158489,0.0251189,0.173659,0.15,0.2,0.155901,0.1,0.2,0.000115924,118563,2226.32,4274.86,0.01,0.95,10,10000,0.938,0.497,115,104,0.0179391,0,0.904348
4328,10000,8.47663,7.49894,10,0.0199419,0.0158489,0.0251189,0.171854,0.15,0.2,0.253551,0.2,0.3,0.000115924,157741,2540.42,5687.43,0.01,0.95,10,10000,0.938,0.497,153,140,0.0154615,0,0.915033
4329,10000,8.52126,7.49894,10,0.0202235,0.0158489,0.0251189,0.17345,0.15,0.2,0.348723,0.3,0.4,0.000115924,163927,2804.97,5910.46,0.01,0.95,10,10000,0.938,0.497,159,133,0.0158632,0,0.836478
4330,10000,8.55652,7.49894,10,0.0197983,0.0158489,0.0251189,0.172087,0.15,0.2,0.452078,0.4,0.5,0.000115924,143307,2496.26,5167.01,0.01,0.95,10,10000,0.938,0.497,139,123,0.0164955,0,0.884892
4331,10000,8.6269,7.49894,10,0.0196459,0.0158489,0.0251189,0.174415,0.15,0.2,0.549947,0.5,0.6,0.000115924,127842,2555.12,4609.42,0.01,0.95,10,10000,0.938,0.497,124,100,0.0182943,0,0.806452
4332,10000,8.75747,7.49894,10,0.0203986,0.0158489,0.0251189,0.175161,0.15,0.2,0.64505,0.6,0.7,0.000115924,98974.6,2117.77,3568.58,0.01,0.95,10,10000,0.938,0.497,96,83,0.0200806,0,0.864583
4333,10000,8.60896,7.49894,10,0.0196333,0.0158489,0.0251189,0.171511,0.15,0.2,0.753305,0.7,0.8,0.000115924,69076,2033.38,2490.57,0.01,0.95,10,10000,0.938,0.497,67,49,0.0261348,0,0.731343
4334,10000,8.6894,7.49894,10,0.0196369,0.0158489,0.0251189,0.17343,0.15,0.2,0.847567,0.8,0.9,0.000115924,48456.3,1502.4,1747.12,0.01,0.95,10,10000,0.938,0.497,47,40,0.0289259,0,0.851064
4335,10000,8.54537,7.49894,10,0.0199813,0.0158489,0.0251189,0.175813,0.15,0.2,0.952332,0.9,1,0.000115924,63921.1,2038.33,2304.71,0.01,0.95,10,10000,0.938,0.497,62,43,0.0278986,0,0.693548
4336,10000,8.73648,7.49894,10,0.0204068,0.0158489,0.0251189,0.17247,0.15,0.2,1.20621,1,1.5,0.000579621,25980.8,604.211,936.753,0.01,0.95,10,10000,0.938,0.497,126,83,0.0200806,0,0.65873
4337,10000,8.61521,7.49894,10,0.0194558,0.0158489,0.0251189,0.2224,0.2,0.25,0.06822,0,0.1,0.000115924,18557.7,845.976,669.109,0.01,0.95,10,10000,0.938,0.497,18,17,0.0443703,0,0.944444
4338,10000,8.5532,7.49894,10,0.0201404,0.0158489,0.0251189,0.220873,0.2,0.25,0.157352,0.1,0.2,0.000115924,73200,1805.29,2639.26,0.01,0.95,10,10000,0.938,0.497,71,62,0.0232338,0,0.873239
4339,10000,8.49608,7.49894,10,0.0202817,0.0158489,0.0251189,0.226261,0.2,0.25,0.250881,0.2,0.3,0.000115924,86602.8,1924.95,3122.51,0.01,0.95,10,10000,0.938,0.497,84,75,0.0211245,0,0.892857
4340,10000,8.60465,7.49894,10,0.0199683,0.0158489,0.0251189,0.222667,0.2,0.25,0.349292,0.3,0.4,0.000115924,102068,2141.64,3680.1,0.01,0.95,10,10000,0.938,0.497,99,86,0.0197273,0,0.868687
4341,10000,8.61904,7.49894,10,0.0201639,0.0158489,0.0251189,0.221855,0.2,0.25,0.448323,0.4,0.5,0.000115924,94850.7,2205.69,3419.89,0.01,0.95,10,10000,0.938,0.497,92,74,0.0212667,0,0.804348
4342,10000,8.66677,7.49894,10,0.0197792,0.0158489,0.0251189,0.223831,0.2,0.25,0.549936,0.5,0.6,0.000115924,67014.1,1617.28,2416.23,0.01,0.95,10,10000,0.938,0.497,65,61,0.0234235,0,0.938462
4343,10000,8.58717,7.49894,10,0.0202588,0.0158489,0.0251189,0.222932,0.2,0.25,0.648613,0.6,0.7,0.000115924,78354.9,2064.39,2825.13,0.01,0.95,10,10000,0.938,0.497,76,59,0.0238172,0,0.776316
4344,10000,8.42272,7.49894,10,0.0199739,0.0158489,0.0251189,0.221353,0.2,0.25,0.751654,0.7,0.8,0.000115924,54642.2,1598.7,1970.15,0.01,0.95,10,10000,0.938,0.497,53,45,0.0272716,0,0.849057
4345,10000,8.50313,7.49894,10,0.0197967,0.0158489,0.0251189,0.222432,0.2,0.25,0.84963,0.8,0.9,0.000115924,45363.4,1339.53,1635.6,0.01,0.95,10,10000,0.938,0.497,44,41,0.028571,0,0.931818
4346,10000,8.45544,7.49894,10,0.0204944,0.0158489,0.0251189,0.224821,0.2,0.25,0.950477,0.9,1,0.000115924,51549.3,1567.27,1858.64,0.01,0.95,10,10000,0.938,0.497,50,42,0.0282288,0,0.84
4347,10000,8.7201,7.49894,10,0.0200159,0.0158489,0.0251189,0.223215,0.2,0.25,1.1885,1,1.5,0.000579621,18557.7,438.295,669.109,0.01,0.95,10,10000,0.938,0.497,90,72,0.0215601,0,0.8
4348,10000,8.85249,7.49894,10,0.0201835,0.0158489,0.0251189,0.267381,0.25,0.3,0.0749979,0,0.1,0.000115924,16495.8,855.464,594.764,0.01,0.95,10,10000,0.938,0.497,16,14,0.0488937,0,0.875
4349,10000,8.48667,7.49894,10,0.0205937,0.0158489,0.0251189,0.276649,0.25,0.3,0.14654,0.1,0.2,0.000115924,31960.6,1157.21,1152.35,0.01,0.95,10,10000,0.938,0.497,31,28,0.0345731,0,0.903226
4350,10000,8.52084,7.49894,10,0.0203219,0.0158489,0.0251189,0.270738,0.25,0.3,0.246309,0.2,0.3,0.000115924,52580.3,1642.96,1895.81,0.01,0.95,10,10000,0.938,0.497,51,41,0.028571,0,0.803922
4351,10000,8.33906,7.49894,10,0.0196875,0.0158489,0.0251189,0.277019,0.25,0.3,0.351197,0.3,0.4,0.000115924,52580.3,1346.96,1895.81,0.01,0.95,10,10000,0.938,0.497,51,51,0.0256172,0,1
4352,10000,8.48228,7.49894,10,0.0200404,0.0158489,0.0251189,0.278775,0.25,0.3,0.443105,0.4,0.5,0.000115924,55673.2,1639.95,2007.33,0.01,0.95,10,10000,0.938,0.497,54,45,0.0272716,0,0.833333
4353,10000,8.44023,7.49894,10,0.019786,0.0158489,0.0251189,0.272152,0.25,0.3,0.541973,0.5,0.6,0.000115924,51549.3,1416.26,1858.64,0.01,0.95,10,10000,0.938,0.497,50,47,0.026685,0,0.94
4354,10000,8.45134,7.49894,10,0.0203519,0.0158489,0.0251189,0.27073,0.25,0.3,0.658029,0.6,0.7,0.000115924,37115.5,1378.02,1338.22,0.01,0.95,10,10000,0.938,0.497,36,29,0.0339717,0,0.805556
4355,10000,8.43019,7.49894,10,0.0203209,0.0158489,0.0251189,0.277786,0.25,0.3,0.749042,0.7,0.8,0.000115924,35053.5,1166.5,1263.87,0.01,0.95,10,10000,0.938,0.497,34,32,0.0323401,0,0.941176
4356,10000,8.18591,7.49894,10,0.0198756,0.0158489,0.0251189,0.272204,0.25,0.3,0.854261,0.8,0.9,0.000115924,16495.8,754.448,594.764,0.01,0.95,10,10000,0.938,0.497,16,16,0.0457358,0,1
4357,10000,8.409,7.49894,10,0.0205406,0.0158489,0.0251189,0.273171,0.25,0.3,0.946824,0.9,1,0.000115924,18557.7,1003.12,669.109,0.01,0.95,10,10000,0.938,0.497,18,14,0.0488937,0,0.777778
4358,10000,8.65711,7.49894,10,0.0202809,0.0158489,0.0251189,0.276192,0.25,0.3,1.2096,1,1.5,0.000579621,13609,357.013,490.68,0.01,0.95,10,10000,0.938,0.497,66,56,0.0244468,0,0.848485
4359,10000,8.60921,7.49894,10,0.0189083,0.0158489,0.0251189,0.344313,0.3,0.4,0.0663459,0,0.1,0.000231848,3608.45,249.51,130.105,0.01,0.95,10,10000,0.938,0.497,7,7,0.0691461,0,1
4360,10000,8.626,7.49894,10,0.0203346,0.0158489,0.0251189,0.333547,0.3,0.4,0.15677,0.1,0.2,0.000231848,20619.7,693.759,743.454,0.01,0.95,10,10000,0.938,0.497,40,34,0.0313745,0,0.85
4361,10000,8.61542,7.49894,10,0.020084,0.0158489,0.0251189,0.340357,0.3,0.4,0.255756,0.2,0.3,0.000231848,30414.1,859.591,1096.6,0.01,0.95,10,10000,0.938,0.497,59,49,0.0261348,0,0.830508
4362,10000,8.56171,7.49894,10,0.019803,0.0158489,0.0251189,0.349117,0.3,0.4,0.353515,0.3,0.4,0.000231848,36084.5,966.349,1301.05,0.01,0.95,10,10000,0.938,0.497,70,56,0.0244468,0,0.8
4363,10000,8.50982,7.49894,10,0.0199455,0.0158489,0.0251189,0.34422,0.3,0.4,0.446976,0.4,0.5,0.000231848,39177.5,990.539,1412.56,0.01,0.95,10,10000,0.938,0.497,76,62,0.0232338,0,0.815789
4364,10000,8.65037,7.49894,10,0.0201339,0.0158489,0.0251189,0.336924,0.3,0.4,0.55157,0.5,0.6,0.000231848,33507,916.439,1208.11,0.01,0.95,10,10000,0.938,0.497,65,53,0.0251292,0,0.815385
4365,10000,8.50504,7.49894,10,0.0196336,0.0158489,0.0251189,0.34774,0.3,0.4,0.646442,0.6,0.7,0.000231848,28867.6,829.929,1040.84,0.01,0.95,10,10000,0.938,0.497,56,47,0.026685,0,0.839286
4366,10000,8.61765,7.49894,10,0.0199117,0.0158489,0.0251189,0.342929,0.3,0.4,0.749775,0.7,0.8,0.000231848,27836.6,804.55,1003.66,0.01,0.95,10,10000,0.938,0.497,54,46,0.0269735,0,0.851852
4367,10000,8.67211,7.49894,10,0.019816,0.0158489,0.0251189,0.350077,0.3,0.4,0.838895,0.8,0.9,0.000231848,18042.3,625.785,650.523,0.01,0.95,10,10000,0.938,0.497,35,31,0.0328576,0,0.885714
4368,10000,8.64394,7.49894,10,0.0190467,0.0158489,0.0251189,0.341505,0.3,0.4,0.948589,0.9,1,0.000231848,9794.36,456.879,353.141,0.01,0.95,10,10000,0.938,0.497,19,17,0.0443703,0,0.894737
4369,10000,8.75506,7.49894,10,0.0195568,0.0158489,0.0251189,0.341704,0.3,0.4,1.21517,1,1.5,0.00115924,6907.6,182.205,249.057,0.01,0.95,10,10000,0.938,0.497,67,56,0.0244468,0,0.835821
4370,10000,8.497,7.49894,10,0.021159,0.0158489,0.0251189,0.478627,0.4,0.5,0.0577933,0,0.1,0.000231848,2061.97,243.497,74.3454,0.01,0.95,10,10000,0.938,0.497,4,3,0.105622,0,0.75
4371,10000,8.52002,7.49894,10,0.0213864,0.0158489,0.0251189,0.443475,0.4,0.5,0.160567,0.1,0.2,0.000231848,7732.39,390.464,278.795,0.01,0.95,10,10000,0.938,0.497,15,14,0.0488937,0,0.933333
4372,10000,8.66263,7.49894,10,0.0203943,0.0158489,0.0251189,0.428836,0.4,0.5,0.252619,0.2,0.3,0.000231848,10309.9,421.749,371.727,0.01,0.95,10,10000,0.938,0.497,20,20,0.0409074,0,1
4373,10000,8.25363,7.49894,10,0.0211477,0.0158489,0.0251189,0.444907,0.4,0.5,0.349397,0.3,0.4,0.000231848,14949.3,649.648,539.004,0.01,0.95,10,10000,0.938,0.497,29,22,0.0390037,0,0.758621
4374,10000,8.76135,7.49894,10,0.019869,0.0158489,0.0251189,0.431443,0.4,0.5,0.454803,0.4,0.5,0.000231848,16495.8,-nan,594.764,0.01,0.95,10,10000,0.938,0.497,32,34,0.0313745,0,1.0625
4375,10000,8.46913,7.49894,10,0.0197175,0.0158489,0.0251189,0.443776,0.4,0.5,0.538482,0.5,0.6,0.000231848,11856.3,590.715,427.486,0.01,0.95,10,10000,0.938,0.497,23,17,0.0443703,0,0.73913
4376,10000,8.59614,7.49894,10,0.0196484,0.0158489,0.0251189,0.439944,0.4,0.5,0.650989,0.6,0.7,0.000231848,18042.3,625.785,650.523,0.01,0.95,10,10000,0.938,0.497,35,31,0.0328576,0,0.885714
4377,10000,8.61067,7.49894,10,0.0199317,0.0158489,0.0251189,0.442545,0.4,0.5,0.740218,0.7,0.8,0.000231848,9794.36,411.07,353.141,0.01,0.95,10,10000,0.938,0.497,19,19,0.0419701,0,1
4378,10000,8.58135,7.49894,10,0.021104,0.0158489,0.0251189,0.423436,0.4,0.5,0.8578,0.8,0.9,0.000231848,9278.87,603.183,334.554,0.01,0.95,10,10000,0.938,0.497,18,11,0.0551595,0,0.611111
4379,10000,8.23093,7.49894,10,0.0210851,0.0158489,0.0251189,0.451202,0.4,0.5,0.948145,0.9,1,0.000231848,7732.39,447.333,278.795,0.01,0.95,10,10000,0.938,0.497,15,12,0.0528112,0,0.8
4380,10000,8.63008,7.49894,10,0.01971,0.0158489,0.0251189,0.446015,0.4,0.5,1.17293,1,1.5,0.00115924,4123.94,122.309,148.691,0.01,0.95,10,10000,0.938,0.497,40,39,0.0292944,0,0.975
4381,10000,8.51575,7.49894,10,0.0191347,0.0158489,0.0251189,0.508456,0.5,0.6,0.038487,0,0.1,0.000231848,1030.99,133.369,37.1727,0.01,0.95,10,10000,0.938,0.497,2,2,0.129361,0,1
4382,10000,8.74139,7.49894,10,0.0218704,0.0158489,0.0251189,0.544882,0.5,0.6,0.155156,0.1,0.2,0.000231848,3608.45,288.11,130.105,0.01,0.95,10,10000,0.938,0.497,7,6,0.0746863,0,0.857143
4383,10000,8.41418,7.49894,10,0.0188878,0.0158489,0.0251189,0.540628,0.5,0.6,0.254656,0.2,0.3,0.000231848,2577.46,258.268,92.9318,0.01,0.95,10,10000,0.938,0.497,5,4,0.0914717,0,0.8
4384,10000,8.58757,7.49894,10,0.0208586,0.0158489,0.0251189,0.562976,0.5,0.6,0.347843,0.3,0.4,0.000231848,6701.41,397.064,241.623,0.01,0.95,10,10000,0.938,0.497,13,11,0.0551595,0,0.846154
4385,10000,8.52385,7.49894,10,0.0211622,0.0158489,0.0251189,0.551125,0.5,0.6,0.443867,0.4,0.5,0.000231848,8247.89,427.732,297.382,0.01,0.95,10,10000,0.938,0.497,16,14,0.0488937,0,0.875
4386,10000,8.55864,7.49894,10,0.0197675,0.0158489,0.0251189,0.534887,0.5,0.6,0.543216,0.5,0.6,0.000231848,3092.96,326.686,111.518,0.01,0.95,10,10000,0.938,0.497,6,4,0.0914717,0,0.666667
4387,10000,8.85486,7.49894,10,0.0202797,0.0158489,0.0251189,0.535566,0.5,0.6,0.65562,0.6,0.7,0.000231848,5670.42,375.912,204.45,0.01,0.95,10,10000,0.938,0.497,11,9,0.0609811,0,0.818182
4388,10000,8.80626,7.49894,10,0.0196327,0.0158489,0.0251189,0.543469,0.5,0.6,0.73626,0.7,0.8,0.000231848,3092.96,231.002,111.518,0.01,0.95,10,10000,0.938,0.497,6,6,0.0746863,0,1
4389,10000,8.75263,7.49894,10,0.0212736,0.0158489,0.0251189,0.550775,0.5,0.6,0.83804,0.8,0.9,0.000231848,7216.9,473.412,260.209,0.01,0.95,10,10000,0.938,0.497,14,10,0.0578518,0,0.714286
4390,10000,8.12442,7.49894,10,0.0198215,0.0158489,0.0251189,0.565331,0.5,0.6,0.920913,0.9,1,0.000231848,2061.97,243.497,74.3454,0.01,0.95,10,10000,0.938,0.497,4,3,0.105622,0,0.75
4391,10000,8.46387,7.49894,10,0.021239,0.0158489,0.0251189,0.530694,0.5,0.6,1.19235,1,1.5,0.00115924,1752.68,105.297,63.1936,0.01,0.95,10,10000,0.938,0.497,17,12,0.0528112,0,0.705882
4392,10000,7.84769,7.49894,10,0.0216552,0.0158489,0.0251189,0.654627,0.6,0.7,0.0646421,0,0.1,0.000231848,1030.99,133.369,37.1727,0.01,0.95,10,10000,0.938,0.497,2,2,0.129361,0,1
4393,10000,8.59234,7.49894,10,0.0215293,0.0158489,0.0251189,0.646094,0.6,0.7,0.137819,0.1,0.2,0.000231848,2577.46,210.875,92.9318,0.01,0.95,10,10000,0.938,0.497,5,5,0.0818148,0,1
4394,10000,7.96293,7.49894,10,0.0204067,0.0158489,0.0251189,0.615134,0.6,0.7,0.232976,0.2,0.3,0.000231848,1546.48,231.002,55.7591,0.01,0.95,10,10000,0.938,0.497,3,2,0.129361,0,0.666667
4395,10000,8.65077,7.49894,10,0.0189348,0.0158489,0.0251189,0.650478,0.6,0.7,0.365172,0.3,0.4,0.000231848,3092.96,273.325,111.518,0.01,0.95,10,10000,0.938,0.497,6,5,0.0818148,0,0.833333
4396,10000,8.83613,7.49894,10,0.0185087,0.0158489,0.0251189,0.636966,0.6,0.7,0.451082,0.4,0.5,0.000231848,2577.46,210.875,92.9318,0.01,0.95,10,10000,0.938,0.497,5,5,0.0818148,0,1
4397,10000,8.56526,7.49894,10,0.020268,0.0158489,0.0251189,0.647634,0.6,0.7,0.551247,0.5,0.6,0.000231848,4123.94,302.452,148.691,0.01,0.95,10,10000,0.938,0.497,8,7,0.0691461,0,0.875
4398,10000,8.50027,7.49894,10,0.0239109,0.0158489,0.0251189,0.688168,0.6,0.7,0.678894,0.6,0.7,0.000231848,1030.99,133.369,37.1727,0.01,0.95,10,10000,0.938,0.497,2,2,0.129361,0,1
4399,10000,8.37779,7.49894,10,0.020864,0.0158489,0.0251189,0.626249,0.6,0.7,0.742733,0.7,0.8,0.000231848,2577.46,258.268,92.9318,0.01,0.95,10,10000,0.938,0.497,5,4,0.0914717,0,0.8
4400,10000,7.95677,7.49894,10,0.0174309,0.0158489,0.0251189,0.675571,0.6,0.7,0.820349,0.8,0.9,0.000231848,1546.48,231.002,55.7591,0.01,0.95,10,10000,0.938,0.497,3,2,0.129361,0,0.666667
4401,10000,8.29766,7.49894,10,0.0195284,0.0158489,0.0251189,0.667202,0.6,0.7,0.951756,0.9,1,0.000231848,3092.96,400.107,111.518,0.01,0.95,10,10000,0.938,0.497,6,3,0.105622,0,0.5
4402,10000,8.46632,7.49894,10,0.019242,0.0158489,0.0251189,0.621098,0.6,0.7,1.3674,1,1.5,0.00115924,824.789,68.8714,29.7382,0.01,0.95,10,10000,0.938,0.497,8,6,0.0746863,0,0.75
4403,10000,7.77615,7.49894,10,0.0160016,0.0158489,0.0251189,0.792476,0.7,0.8,0.0408485,0,0.1,0.000231848,515.493,94.306,18.5864,0.01,0.95,10,10000,0.938,0.497,1,1,0.182943,0,1
4404,10000,8.48415,7.49894,10,0.0179372,0.0158489,0.0251189,0.723762,0.7,0.8,0.252749,0.2,0.3,0.000231848,2577.46,322.116,92.9318,0.01,0.95,10,10000,0.938,0.497,5,3,0.105622,0,0.6
4405,10000,8.09259,7.49894,10,0.0188399,0.0158489,0.0251189,0.738618,0.7,0.8,0.348435,0.3,0.4,0.000231848,3608.45,334.753,130.105,0.01,0.95,10,10000,0.938,0.497,7,5,0.0818148,0,0.714286
4406,10000,7.95544,7.49894,10,0.0182269,0.0158489,0.0251189,0.731957,0.7,0.8,0.433773,0.4,0.5,0.000231848,2061.97,243.497,74.3454,0.01,0.95,10,10000,0.938,0.497,4,3,0.105622,0,0.75
4407,10000,8.94305,7.49894,10,0.0207342,0.0158489,0.0251189,0.719529,0.7,0.8,0.51359,0.5,0.6,0.000231848,1546.48,163.343,55.7591,0.01,0.95,10,10000,0.938,0.497,3,3,0.105622,0,1
4408,10000,7.62776,7.49894,10,0.0189405,0.0158489,0.0251189,0.710728,0.7,0.8,0.682935,0.6,0.7,0.000231848,515.493,94.306,18.5864,0.01,0.95,10,10000,0.938,0.497,1,1,0.182943,0,1
4409,10000,8.37372,7.49894,10,0.0238541,0.0158489,0.0251189,0.774564,0.7,0.8,0.868306,0.8,0.9,0.000231848,1030.99,133.369,37.1727,0.01,0.95,10,10000,0.938,0.497,2,2,0.129361,0,1
4410,10000,7.74931,7.49894,10,0.0166489,0.0158489,0.0251189,0.757782,0.7,0.8,0.991816,0.9,1,0.000231848,1030.99,231.002,37.1727,0.01,0.95,10,10000,0.938,0.497,2,1,0.182943,0,0.5
4411,10000,9.15492,7.49894,10,0.0241448,0.0158489,0.0251189,0.768345,0.7,0.8,1.16916,1,1.5,0.00115924,412.394,65.3371,14.8691,0.01,0.95,10,10000,0.938,0.497,4,2,0.129361,0,0.5
4412,10000,9.02154,7.49894,10,0.0190081,0.0158489,0.0251189,0.858912,0.8,0.9,0.210788,0.2,0.3,0.000231848,515.493,94.306,18.5864,0.01,0.95,10,10000,0.938,0.497,1,1,0.182943,0,1
4413,10000,8.19498,7.49894,10,0.0231514,0.0158489,0.0251189,0.821205,0.8,0.9,0.380745,0.3,0.4,0.000231848,515.493,94.306,18.5864,0.01,0.95,10,10000,0.938,0.497,1,1,0.182943,0,1
4414,10000,8.60935,7.49894,10,0.0210653,0.0158489,0.0251189,0.884923,0.8,0.9,0.464834,0.4,0.5,0.000231848,515.493,94.306,18.5864,0.01,0.95,10,10000,0.938,0.497,1,1,0.182943,0,1
4415,10000,7.93218,7.49894,10,0.0192706,0.0158489,0.0251189,0.852578,0.8,0.9,0.564484,0.5,0.6,0.000231848,1546.48,231.002,55.7591,0.01,0.95,10,10000,0.938,0.497,3,2,0.129361,0,0.666667
4416,10000,9.15353,7.49894,10,0.0164309,0.0158489,0.0251189,0.816727,0.8,0.9,0.676579,0.6,0.7,0.000231848,1030.99,133.369,37.1727,0.01,0.95,10,10000,0.938,0.497,2,2,0.129361,0,1
4417,10000,8.52416,7.49894,10,0.0229866,0.0158489,0.0251189,0.858175,0.8,0.9,0.820864,0.8,0.9,0.000231848,1030.99,133.369,37.1727,0.01,0.95,10,10000,0.938,0.497,2,2,0.129361,0,1
4418,10000,8.08645,7.49894,10,0.0213128,0.0158489,0.0251189,0.852188,0.8,0.9,1.22862,1,1.5,0.00115924,309.296,46.2003,11.1518,0.01,0.95,10,10000,0.938,0.497,3,2,0.129361,0,0.666667
4419,10000,8.35747,7.49894,10,0.0319995,0.0251189,0.0398107,0.0753184,0.05,0.1,0.0646599,0,0.1,0.000183725,77411.3,2117.94,2791.1,0.01,0.95,10,10000,0.938,0.497,119,65,0.0226913,0,0.546218
4420,10000,8.56695,7.49894,10,0.0320398,0.0251189,0.0398107,0.0762735,0.05,0.1,0.15213,0.1,0.2,0.000183725,165881,2785.33,5980.94,0.01,0.95,10,10000,0.938,0.497,255,162,0.0143734,0,0.635294
4421,10000,8.56972,7.49894,10,0.0315693,0.0251189,0.0398107,0.076406,0.05,0.1,0.248593,0.2,0.3,0.000183725,240691,3636.66,8678.22,0.01,0.95,10,10000,0.938,0.497,370,210,0.0126243,0,0.567568
4422,10000,8.61038,7.49894,10,0.0317066,0.0251189,0.0398107,0.0755404,0.05,0.1,0.347881,0.3,0.4,0.000183725,228331,3646.88,8232.58,0.01,0.95,10,10000,0.938,0.497,351,191,0.0132373,0,0.54416
4423,10000,8.60334,7.49894,10,0.0315299,0.0251189,0.0398107,0.0734811,0.05,0.1,0.451055,0.4,0.5,0.000183725,221175,3473.21,7974.58,0.01,0.95,10,10000,0.938,0.497,340,194,0.0131346,0,0.570588
4424,10000,8.63008,7.49894,10,0.0319011,0.0251189,0.0398107,0.072585,0.05,0.1,0.544732,0.5,0.6,0.000183725,175639,3153.14,6332.76,0.01,0.95,10,10000,0.938,0.497,270,150,0.0149373,0,0.555556
4425,10000,8.62986,7.49894,10,0.0318127,0.0251189,0.0398107,0.0727069,0.05,0.1,0.652118,0.6,0.7,0.000183725,152871,3014.41,5511.84,0.01,0.95,10,10000,0.938,0.497,235,126,0.0162979,0,0.53617
4426,10000,8.67813,7.49894,10,0.0318123,0.0251189,0.0398107,0.0697817,0.05,0.1,0.749019,0.7,0.8,0.000183725,106034,2204.29,3823.11,0.01,0.95,10,10000,0.938,0.497,163,105,0.0178534,0,0.644172
4427,10000,8.52461,7.49894,10,0.0326894,0.0251189,0.0398107,0.0747843,0.05,0.1,0.850619,0.8,0.9,0.000183725,74158.7,1559.07,2673.83,0.01,0.95,10,10000,0.938,0.497,114,91,0.0191777,0,0.798246
4428,10000,8.64185,7.49894,10,0.03201,0.0251189,0.0398107,0.0767733,0.05,0.1,0.944274,0.9,1,0.000183725,57895.8,1574.47,2087.46,0.01,0.95,10,10000,0.938,0.497,89,60,0.0236179,0,0.674157
4429,10000,8.62096,7.49894,10,0.0318977,0.0251189,0.0398107,0.0728951,0.05,0.1,1.20808,1,1.5,0.000918627,24719.6,415.348,891.277,0.01,0.95,10,10000,0.938,0.497,190,146,0.0151405,0,0.768421
4430,10000,8.56616,7.49894,10,0.0310212,0.0251189,0.0398107,0.123233,0.1,0.15,0.0641962,0,0.1,0.000183725,44235,1328.77,1594.92,0.01,0.95,10,10000,0.938,0.497,68,48,0.0264056,0,0.705882
4431,10000,8.63145,7.49894,10,0.0314185,0.0251189,0.0398107,0.122952,0.1,0.15,0.158192,0.1,0.2,0.000183725,94975.2,1721.57,3424.38,0.01,0.95,10,10000,0.938,0.497,146,120,0.0167004,0,0.821918
4432,10000,8.69904,7.49894,10,0.0319538,0.0251189,0.0398107,0.123601,0.1,0.15,0.249903,0.2,0.3,0.000183725,131404,2067.28,4737.84,0.01,0.95,10,10000,0.938,0.497,202,162,0.0143734,0,0.80198
4433,10000,8.65904,7.49894,10,0.0321574,0.0251189,0.0398107,0.123162,0.1,0.15,0.350836,0.3,0.4,0.000183725,139861,2222.35,5042.75,0.01,0.95,10,10000,0.938,0.497,215,164,0.0142855,0,0.762791
4434,10000,8.65421,7.49894,10,0.0315768,0.0251189,0.0398107,0.124298,0.1,0.15,0.447532,0.4,0.5,0.000183725,135958,2252.62,4902.02,0.01,0.95,10,10000,0.938,0.497,209,154,0.014742,0,0.736842
4435,10000,8.65913,7.49894,10,0.0322716,0.0251189,0.0398107,0.122468,0.1,0.15,0.548875,0.5,0.6,0.000183725,106684,2130.91,3846.56,0.01,0.95,10,10000,0.938,0.497,164,111,0.0173642,0,0.676829
4436,10000,8.67854,7.49894,10,0.0316621,0.0251189,0.0398107,0.127527,0.1,0.15,0.65278,0.6,0.7,0.000183725,109937,2320.65,3963.84,0.01,0.95,10,10000,0.938,0.497,169,104,0.0179391,0,0.615385
4437,10000,8.72151,7.49894,10,0.0318092,0.0251189,0.0398107,0.124058,0.1,0.15,0.747314,0.7,0.8,0.000183725,68304.1,1997.92,2462.74,0.01,0.95,10,10000,0.938,0.497,105,57,0.0242314,0,0.542857
4438,10000,8.63459,7.49894,10,0.0325035,0.0251189,0.0398107,0.123646,0.1,0.15,0.840704,0.8,0.9,0.000183725,47487.6,1430.62,1712.19,0.01,0.95,10,10000,0.938,0.497,73,49,0.0261348,0,0.671233
4439,10000,8.72594,7.49894,10,0.0317545,0.0251189,0.0398107,0.124027,0.1,0.15,0.949347,0.9,1,0.000183725,39030.9,1303.66,1407.28,0.01,0.95,10,10000,0.938,0.497,60,40,0.0289259,0,0.666667
4440,10000,8.65385,7.49894,10,0.031988,0.0251189,0.0398107,0.122762,0.1,0.15,1.17416,1,1.5,0.000918627,18084.3,430.12,652.039,0.01,0.95,10,10000,0.938,0.497,139,83,0.0200806,0,0.597122
4441,10000,8.61094,7.49894,10,0.0320132,0.0251189,0.0398107,0.170495,0.15,0.2,0.0645751,0,0.1,0.000183725,25370.1,915.113,914.732,0.01,0.95,10,10000,0.938,0.497,39,31,0.0328576,0,0.794872
4442,10000,8.78831,7.49894,10,0.0309692,0.0251189,0.0398107,0.171765,0.15,0.2,0.148775,0.1,0.2,0.000183725,54643.3,1214.58,1970.19,0.01,0.95,10,10000,0.938,0.497,84,75,0.0211245,0,0.892857
4443,10000,8.51565,7.49894,10,0.0318102,0.0251189,0.0398107,0.17343,0.15,0.2,0.249293,0.2,0.3,0.000183725,88470.1,1684.24,3189.83,0.01,0.95,10,10000,0.938,0.497,136,110,0.017443,0,0.808824
4444,10000,8.5953,7.49894,10,0.0320535,0.0251189,0.0398107,0.174309,0.15,0.2,0.350515,0.3,0.4,0.000183725,76760.8,1534.06,2767.65,0.01,0.95,10,10000,0.938,0.497,118,98,0.0184801,0,0.830508
4445,10000,8.6569,7.49894,10,0.0318706,0.0251189,0.0398107,0.173093,0.15,0.2,0.450248,0.4,0.5,0.000183725,83265.9,1614.63,3002.2,0.01,0.95,10,10000,0.938,0.497,128,105,0.0178534,0,0.820312
4446,10000,8.60538,7.49894,10,0.0318695,0.0251189,0.0398107,0.176371,0.15,0.2,0.552205,0.5,0.6,0.000183725,69605.1,1531.43,2509.65,0.01,0.95,10,10000,0.938,0.497,107,84,0.0199608,0,0.785047
4447,10000,8.50045,7.49894,10,0.0326314,0.0251189,0.0398107,0.175036,0.15,0.2,0.645204,0.6,0.7,0.000183725,57245.3,1280.59,2064.01,0.01,0.95,10,10000,0.938,0.497,88,76,0.020985,0,0.863636
4448,10000,8.69761,7.49894,10,0.0326843,0.0251189,0.0398107,0.176394,0.15,0.2,0.748691,0.7,0.8,0.000183725,44235,1209.31,1594.92,0.01,0.95,10,10000,0.938,0.497,68,54,0.0248954,0,0.794118
4449,10000,8.46914,7.49894,10,0.0322259,0.0251189,0.0398107,0.171041,0.15,0.2,0.843936,0.8,0.9,0.000183725,29273.2,1049.21,1055.46,0.01,0.95,10,10000,0.938,0.497,45,33,0.0318464,0,0.733333
4450,10000,8.49621,7.49894,10,0.0322842,0.0251189,0.0398107,0.17698,0.15,0.2,0.942364,0.9,1,0.000183725,33826.8,1347.82,1219.64,0.01,0.95,10,10000,0.938,0.497,52,30,0.0334007,0,0.576923
4451,10000,8.70158,7.49894,10,0.0320334,0.0251189,0.0398107,0.171901,0.15,0.2,1.20843,1,1.5,0.000918627,12620,363.423,455.02,0.01,0.95,10,10000,0.938,0.497,97,57,0.0242314,0,0.587629
4452,10000,8.70295,7.49894,10,0.0319986,0.0251189,0.0398107,0.218543,0.2,0.25,0.0642566,0,0.1,0.000183725,20166,730.156,727.094,0.01,0.95,10,10000,0.938,0.497,31,28,0.0345731,0,0.903226
4453,10000,8.85078,7.49894,10,0.0313689,0.0251189,0.0398107,0.22095,0.2,0.25,0.150038,0.1,0.2,0.000183725,39030.9,1054.15,1407.28,0.01,0.95,10,10000,0.938,0.497,60,52,0.0253697,0,0.866667
4454,10000,8.76566,7.49894,10,0.0313033,0.0251189,0.0398107,0.224245,0.2,0.25,0.254282,0.2,0.3,0.000183725,52691.7,1259.29,1899.83,0.01,0.95,10,10000,0.938,0.497,81,68,0.0221851,0,0.839506
4455,10000,8.5641,7.49894,10,0.0316683,0.0251189,0.0398107,0.222523,0.2,0.25,0.346324,0.3,0.4,0.000183725,55944.3,1381.59,2017.1,0.01,0.95,10,10000,0.938,0.497,86,67,0.0223501,0,0.77907
4456,10000,8.57734,7.49894,10,0.0318327,0.0251189,0.0398107,0.22012,0.2,0.25,0.4535,0.4,0.5,0.000183725,52041.2,1176.78,1876.37,0.01,0.95,10,10000,0.938,0.497,80,72,0.0215601,0,0.9
4457,10000,8.72489,7.49894,10,0.0318777,0.0251189,0.0398107,0.22468,0.2,0.25,0.548874,0.5,0.6,0.000183725,50740.2,1120.72,1829.46,0.01,0.95,10,10000,0.938,0.497,78,73,0.0214119,0,0.935897
4458,10000,8.69404,7.49894,10,0.0308189,0.0251189,0.0398107,0.223765,0.2,0.25,0.649532,0.6,0.7,0.000183725,37079.4,981.083,1336.92,0.01,0.95,10,10000,0.938,0.497,57,52,0.0253697,0,0.912281
4459,10000,8.71593,7.49894,10,0.03162,0.0251189,0.0398107,0.226613,0.2,0.25,0.750397,0.7,0.8,0.000183725,37729.9,1078.75,1360.37,0.01,0.95,10,10000,0.938,0.497,58,48,0.0264056,0,0.827586
4460,10000,8.58309,7.49894,10,0.0334335,0.0251189,0.0398107,0.222751,0.2,0.25,0.849888,0.8,0.9,0.000183725,21467,796.423,774.004,0.01,0.95,10,10000,0.938,0.497,33,28,0.0345731,0,0.848485
4461,10000,8.28126,7.49894,10,0.0320724,0.0251189,0.0398107,0.225885,0.2,0.25,0.945526,0.9,1,0.000183725,16913.4,870.704,609.821,0.01,0.95,10,10000,0.938,0.497,26,17,0.0443703,0,0.653846
4462,10000,8.77617,7.49894,10,0.0323381,0.0251189,0.0398107,0.229237,0.2,0.25,1.18631,1,1.5,0.000918627,7155.67,212.147,258.001,0.01,0.95,10,10000,0.938,0.497,55,45,0.0272716,0,0.818182
4463,10000,8.60518,7.49894,10,0.029361,0.0251189,0.0398107,0.276744,0.25,0.3,0.0589683,0,0.1,0.000183725,7155.67,474.374,258.001,0.01,0.95,10,10000,0.938,0.497,11,9,0.0609811,0,0.818182
4464,10000,8.64415,7.49894,10,0.0317554,0.0251189,0.0398107,0.280584,0.25,0.3,0.156312,0.1,0.2,0.000183725,28622.7,926.797,1032,0.01,0.95,10,10000,0.938,0.497,44,37,0.0300757,0,0.840909
4465,10000,8.57935,7.49894,10,0.0322219,0.0251189,0.0398107,0.274467,0.25,0.3,0.249192,0.2,0.3,0.000183725,25370.1,743.201,914.732,0.01,0.95,10,10000,0.938,0.497,39,39,0.0292944,0,1
4466,10000,8.52212,7.49894,10,0.0324988,0.0251189,0.0398107,0.27234,0.25,0.3,0.35323,0.3,0.4,0.000183725,29923.7,940.933,1078.91,0.01,0.95,10,10000,0.938,0.497,46,39,0.0292944,0,0.847826
4467,10000,8.57774,7.49894,10,0.0315635,0.0251189,0.0398107,0.274257,0.25,0.3,0.459812,0.4,0.5,0.000183725,38380.4,1047.74,1383.82,0.01,0.95,10,10000,0.938,0.497,59,51,0.0256172,0,0.864407
4468,10000,8.76446,7.49894,10,0.0314615,0.0251189,0.0398107,0.271562,0.25,0.3,0.552605,0.5,0.6,0.000183725,35127.8,1236.76,1266.55,0.01,0.95,10,10000,0.938,0.497,54,36,0.0304906,0,0.666667
4469,10000,8.56138,7.49894,10,0.0316189,0.0251189,0.0398107,0.277291,0.25,0.3,0.655144,0.6,0.7,0.000183725,29923.7,962.184,1078.91,0.01,0.95,10,10000,0.938,0.497,46,38,0.0296773,0,0.826087
4470,10000,8.60233,7.49894,10,0.0312524,0.0251189,0.0398107,0.27288,0.25,0.3,0.748047,0.7,0.8,0.000183725,21467,748.896,774.004,0.01,0.95,10,10000,0.938,0.497,33,30,0.0334007,0,0.909091
4471,10000,8.58686,7.49894,10,0.0309016,0.0251189,0.0398107,0.273002,0.25,0.3,0.83264,0.8,0.9,0.000183725,14311.3,640.293,516.002,0.01,0.95,10,10000,0.938,0.497,22,19,0.0419701,0,0.863636
4472,10000,8.60068,7.49894,10,0.0313747,0.0251189,0.0398107,0.27567,0.25,0.3,0.95565,0.9,1,0.000183725,8456.7,463.467,304.911,0.01,0.95,10,10000,0.938,0.497,13,12,0.0528112,0,0.923077
4473,10000,8.54171,7.49894,10,0.0309612,0.0251189,0.0398107,0.271341,0.25,0.3,1.2256,1,1.5,0.000918627,6635.25,216.037,239.237,0.01,0.95,10,10000,0.938,0.497,51,39,0.0292944,0,0.764706
4474,10000,8.86003,7.49894,10,0.0304183,0.0251189,0.0398107,0.346362,0.3,0.4,0.0703855,0,0.1,0.000367451,2927.32,223.776,105.546,0.01,0.95,10,10000,0.938,0.497,9,7,0.0691461,0,0.777778
4475,10000,8.80678,7.49894,10,0.0332467,0.0251189,0.0398107,0.337441,0.3,0.4,0.157,0.1,0.2,0.000367451,10408.2,406.934,375.274,0.01,0.95,10,10000,0.938,0.497,32,26,0.0358782,0,0.8125
4476,10000,8.58549,7.49894,10,0.0327222,0.0251189,0.0398107,0.339799,0.3,0.4,0.247947,0.2,0.3,0.000367451,20166,579.659,727.094,0.01,0.95,10,10000,0.938,0.497,62,49,0.0261348,0,0.790323
4477,10000,8.63538,7.49894,10,0.0316549,0.0251189,0.0398107,0.339749,0.3,0.4,0.350602,0.3,0.4,0.000367451,22442.8,589.215,809.186,0.01,0.95,10,10000,0.938,0.497,69,57,0.0242314,0,0.826087
4478,10000,8.55922,7.49894,10,0.0319277,0.0251189,0.0398107,0.34395,0.3,0.4,0.450343,0.4,0.5,0.000367451,21792.3,509.378,785.731,0.01,0.95,10,10000,0.938,0.497,67,64,0.0228679,0,0.955224
4479,10000,8.47301,7.49894,10,0.0313429,0.0251189,0.0398107,0.344293,0.3,0.4,0.551579,0.5,0.6,0.000367451,19515.5,527.075,703.64,0.01,0.95,10,10000,0.938,0.497,60,52,0.0253697,0,0.866667
4480,10000,8.76782,7.49894,10,0.0329167,0.0251189,0.0398107,0.345842,0.3,0.4,0.64808,0.6,0.7,0.000367451,16262.9,484.431,586.366,0.01,0.95,10,10000,0.938,0.497,50,43,0.0278986,0,0.86
4481,10000,8.60256,7.49894,10,0.0328429,0.0251189,0.0398107,0.356539,0.3,0.4,0.74783,0.7,0.8,0.000367451,12359.8,407.682,445.638,0.01,0.95,10,10000,0.938,0.497,38,34,0.0313745,0,0.894737
4482,10000,8.54216,7.49894,10,0.0306334,0.0251189,0.0398107,0.348089,0.3,0.4,0.85247,0.8,0.9,0.000367451,12034.5,463.922,433.911,0.01,0.95,10,10000,0.938,0.497,37,28,0.0345731,0,0.756757
4483,10000,8.42176,7.49894,10,0.0317341,0.0251189,0.0398107,0.349631,0.3,0.4,0.957845,0.9,1,0.000367451,8781.95,419.646,316.638,0.01,0.95,10,10000,0.938,0.497,27,19,0.0419701,0,0.703704
4484,10000,8.76252,7.49894,10,0.03225,0.0251189,0.0398107,0.345894,0.3,0.4,1.19894,1,1.5,0.00183725,3382.68,90.9199,121.964,0.01,0.95,10,10000,0.938,0.497,52,49,0.0261348,0,0.942308
4485,10000,8.91842,7.49894,10,0.0281283,0.0251189,0.0398107,0.437273,0.4,0.5,0.0726031,0,0.1,0.000367451,1301.03,153.638,46.9093,0.01,0.95,10,10000,0.938,0.497,4,3,0.105622,0,0.75
4486,10000,8.55946,7.49894,10,0.0322077,0.0251189,0.0398107,0.439037,0.4,0.5,0.150965,0.1,0.2,0.000367451,7806.18,393.646,281.456,0.01,0.95,10,10000,0.938,0.497,24,17,0.0443703,0,0.708333
4487,10000,8.63839,7.49894,10,0.0315814,0.0251189,0.0398107,0.452323,0.4,0.5,0.259813,0.2,0.3,0.000367451,7806.18,330.538,281.456,0.01,0.95,10,10000,0.938,0.497,24,21,0.0399215,0,0.875
4488,10000,8.60129,7.49894,10,0.0311884,0.0251189,0.0398107,0.444068,0.4,0.5,0.356334,0.3,0.4,0.000367451,13660.8,479.399,492.548,0.01,0.95,10,10000,0.938,0.497,42,33,0.0318464,0,0.785714
4489,10000,8.2781,7.49894,10,0.0339926,0.0251189,0.0398107,0.444378,0.4,0.5,0.448293,0.4,0.5,0.000367451,5854.64,407.068,211.092,0.01,0.95,10,10000,0.938,0.497,18,10,0.0578518,0,0.555556
4490,10000,8.48276,7.49894,10,0.0324412,0.0251189,0.0398107,0.438347,0.4,0.5,0.556564,0.5,0.6,0.000367451,10083,431.413,363.547,0.01,0.95,10,10000,0.938,0.497,31,23,0.0381463,0,0.741935
4491,10000,8.69365,7.49894,10,0.0321397,0.0251189,0.0398107,0.444928,0.4,0.5,0.645686,0.6,0.7,0.000367451,7806.18,376.335,281.456,0.01,0.95,10,10000,0.938,0.497,24,18,0.0431202,0,0.75
4492,10000,8.69628,7.49894,10,0.0305544,0.0251189,0.0398107,0.433698,0.4,0.5,0.739961,0.7,0.8,0.000367451,7480.92,325.372,269.729,0.01,0.95,10,10000,0.938,0.497,23,20,0.0409074,0,0.869565
4493,10000,8.82332,7.49894,10,0.0311464,0.0251189,0.0398107,0.454606,0.4,0.5,0.858818,0.8,0.9,0.000367451,4553.61,239.156,164.183,0.01,0.95,10,10000,0.938,0.497,14,13,0.0507394,0,0.928571
4494,10000,8.74974,7.49894,10,0.0328229,0.0251189,0.0398107,0.424035,0.4,0.5,0.957595,0.9,1,0.000367451,4553.61,426.328,164.183,0.01,0.95,10,10000,0.938,0.497,14,6,0.0746863,0,0.428571
4495,10000,8.59246,7.49894,10,0.0296006,0.0251189,0.0398107,0.437699,0.4,0.5,1.17737,1,1.5,0.00183725,2016.6,73.0156,72.7094,0.01,0.95,10,10000,0.938,0.497,31,28,0.0345731,0,0.903226
4496,10000,8.58956,7.49894,10,0.0325841,0.0251189,0.0398107,0.556867,0.5,0.6,0.151157,0.1,0.2,0.000367451,1626.29,133.054,58.6366,0.01,0.95,10,10000,0.938,0.497,5,5,0.0818148,0,1
4497,10000,8.40676,7.49894,10,0.0312758,0.0251189,0.0398107,0.546138,0.5,0.6,0.258026,0.2,0.3,0.000367451,4553.61,257.085,164.183,0.01,0.95,10,10000,0.938,0.497,14,12,0.0528112,0,0.857143
4498,10000,8.21474,7.49894,10,0.0304965,0.0251189,0.0398107,0.525464,0.5,0.6,0.355187,0.3,0.4,0.000367451,4228.35,271.379,152.455,0.01,0.95,10,10000,0.938,0.497,13,10,0.0578518,0,0.769231
4499,10000,8.84202,7.49894,10,0.0319554,0.0251189,0.0398107,0.565802,0.5,0.6,0.440407,0.4,0.5,0.000367451,3577.83,237.187,129.001,0.01,0.95,10,10000,0.938,0.497,11,9,0.0609811,0,0.818182
4500,10000,8.65641,7.49894,10,0.0290882,0.0251189,0.0398107,0.538254,0.5,0.6,0.545365,0.5,0.6,0.000367451,4228.35,271.379,152.455,0.01,0.95,10,10000,0.938,0.497,13,10,0.0578518,0,0.769231
4501,10000,8.52448,7.49894,10,0.029999,0.0251189,0.0398107,0.554453,0.5,0.6,0.655261,0.6,0.7,0.000367451,3252.58,325.915,117.273,0.01,0.95,10,10000,0.938,0.497,10,5,0.0818148,0,0.5
4502,10000,8.47942,7.49894,10,0.030151,0.0251189,0.0398107,0.525877,0.5,0.6,0.755204,0.7,0.8,0.000367451,2276.8,211.217,82.0913,0.01,0.95,10,10000,0.938,0.497,7,5,0.0818148,0,0.714286
4503,10000,8.57336,7.49894,10,0.0310935,0.0251189,0.0398107,0.551685,0.5,0.6,0.861487,0.8,0.9,0.000367451,4553.61,323.492,164.183,0.01,0.95,10,10000,0.938,0.497,14,9,0.0609811,0,0.642857
4504,10000,8.65998,7.49894,10,0.0306884,0.0251189,0.0398107,0.579468,0.5,0.6,0.92669,0.9,1,0.000367451,1626.29,203.244,58.6366,0.01,0.95,10,10000,0.938,0.497,5,3,0.105622,0,0.6
4505,10000,8.60395,7.49894,10,0.0317335,0.0251189,0.0398107,0.557983,0.5,0.6,1.23379,1,1.5,0.00183725,1235.98,67.9192,44.5638,0.01,0.95,10,10000,0.938,0.497,19,14,0.0488937,0,0.736842
4506,10000,8.20331,7.49894,10,0.0312937,0.0251189,0.0398107,0.641121,0.6,0.7,0.050243,0,0.1,0.000367451,650.515,84.151,23.4547,0.01,0.95,10,10000,0.938,0.497,2,2,0.129361,0,1
4507,10000,8.12314,7.49894,10,0.0339386,0.0251189,0.0398107,0.656252,0.6,0.7,0.156045,0.1,0.2,0.000367451,975.773,103.063,35.182,0.01,0.95,10,10000,0.938,0.497,3,3,0.105622,0,1
4508,10000,8.60517,7.49894,10,0.0292768,0.0251189,0.0398107,0.62722,0.6,0.7,0.2357,0.2,0.3,0.000367451,1951.55,-nan,70.364,0.01,0.95,10,10000,0.938,0.497,6,7,0.0691461,0,1.16667
4509,10000,9.10107,7.49894,10,0.0338129,0.0251189,0.0398107,0.644359,0.6,0.7,0.331233,0.3,0.4,0.000367451,1951.55,252.453,70.364,0.01,0.95,10,10000,0.938,0.497,6,3,0.105622,0,0.5
4510,10000,8.57854,7.49894,10,0.0308125,0.0251189,0.0398107,0.624106,0.6,0.7,0.41178,0.4,0.5,0.000367451,1301.03,206.127,46.9093,0.01,0.95,10,10000,0.938,0.497,4,2,0.129361,0,0.5
4511,10000,8.27022,7.49894,10,0.0313302,0.0251189,0.0398107,0.628376,0.6,0.7,0.552338,0.5,0.6,0.000367451,975.773,145.754,35.182,0.01,0.95,10,10000,0.938,0.497,3,2,0.129361,0,0.666667
4512,10000,8.88157,7.49894,10,0.0323763,0.0251189,0.0398107,0.670606,0.6,0.7,0.666873,0.6,0.7,0.000367451,975.773,103.063,35.182,0.01,0.95,10,10000,0.938,0.497,3,3,0.105622,0,1
4513,10000,8.2031,7.49894,10,0.026438,0.0251189,0.0398107,0.659962,0.6,0.7,0.749858,0.7,0.8,0.000367451,975.773,103.063,35.182,0.01,0.95,10,10000,0.938,0.497,3,3,0.105622,0,1
4514,10000,7.67408,7.49894,10,0.0276827,0.0251189,0.0398107,0.674873,0.6,0.7,0.89239,0.8,0.9,0.000367451,1626.29,266.109,58.6366,0.01,0.95,10,10000,0.938,0.497,5,2,0.129361,0,0.4
4515,10000,8.81607,7.49894,10,0.0261515,0.0251189,0.0398107,0.659127,0.6,0.7,0.989722,0.9,1,0.000367451,1301.03,206.127,46.9093,0.01,0.95,10,10000,0.938,0.497,4,2,0.129361,0,0.5
4516,10000,7.8171,7.49894,10,0.0370279,0.0251189,0.0398107,0.604588,0.6,0.7,1.2236,1,1.5,0.00183725,130.103,29.1508,4.69093,0.01,0.95,10,10000,0.938,0.497,2,1,0.182943,0,0.5
4517,10000,7.84406,7.49894,10,0.0270251,0.0251189,0.0398107,0.771716,0.7,0.8,0.15952,0.1,0.2,0.000367451,650.515,84.151,23.4547,0.01,0.95,10,10000,0.938,0.497,2,2,0.129361,0,1
4518,10000,8.77516,7.49894,10,0.029528,0.0251189,0.0398107,0.747049,0.7,0.8,0.236878,0.2,0.3,0.000367451,1626.29,162.958,58.6366,0.01,0.95,10,10000,0.938,0.497,5,4,0.0914717,0,0.8
4519,10000,8.50714,7.49894,10,0.0351433,0.0251189,0.0398107,0.713657,0.7,0.8,0.312735,0.3,0.4,0.000367451,1301.03,314.864,46.9093,0.01,0.95,10,10000,0.938,0.497,4,1,0.182943,0,0.25
4520,10000,8.55943,7.49894,10,0.0313364,0.0251189,0.0398107,0.783322,0.7,0.8,0.566316,0.5,0.6,0.000367451,650.515,84.151,23.4547,0.01,0.95,10,10000,0.938,0.497,2,2,0.129361,0,1
4521,10000,9.20349,7.49894,10,0.0305601,0.0251189,0.0398107,0.764222,0.7,0.8,0.615909,0.6,0.7,0.000367451,1626.29,162.958,58.6366,0.01,0.95,10,10000,0.938,0.497,5,4,0.0914717,0,0.8
4522,10000,9.16951,7.49894,10,0.0314016,0.0251189,0.0398107,0.747693,0.7,0.8,0.988641,0.9,1,0.000367451,650.515,145.754,23.4547,0.01,0.95,10,10000,0.938,0.497,2,1,0.182943,0,0.5
4523,10000,8.59296,7.49894,10,0.0280958,0.0251189,0.0398107,0.72611,0.7,0.8,1.23473,1,1.5,0.00183725,325.258,40.6488,11.7273,0.01,0.95,10,10000,0.938,0.497,5,3,0.105622,0,0.6
4524,10000,9.61057,7.49894,10,0.0348355,0.0251189,0.0398107,0.89998,0.8,0.9,0.619588,0.6,0.7,0.000367451,325.258,59.5037,11.7273,0.01,0.95,10,10000,0.938,0.497,1,1,0.182943,0,1
4525,10000,9.75326,7.49894,10,0.0380938,0.0251189,0.0398107,0.881965,0.8,0.9,1.38937,1,1.5,0.00183725,130.103,29.1508,4.69093,0.01,0.95,10,10000,0.938,0.497,2,1,0.182943,0,0.5
4526,10000,9.08716,7.49894,10,0.0331064,0.0251189,0.0398107,0.974713,0.9,1,0.391448,0.3,0.4,0.000367451,975.773,230.457,35.182,0.01,0.95,10,10000,0.938,0.497,3,1,0.182943,0,0.333333
4527,10000,9.37694,7.49894,10,0.0355448,0.0251189,0.0398107,0.902157,0.9,1,1.12802,1,1.5,0.00183725,65.0515,11.9007,2.34547,0.01,0.95,10,10000,0.938,0.497,1,1,0.182943,0,1
4528,10000,8.89395,7.49894,10,0.0500361,0.0398107,0.0630957,0.0745127,0.05,0.1,0.0635727,0,0.1,0.000291186,40223.7,1236.99,1450.29,0.01,0.95,10,10000,0.938,0.497,98,52,0.0253697,0,0.530612
4529,10000,8.63847,7.49894,10,0.0502768,0.0398107,0.0630957,0.0735025,0.05,0.1,0.154441,0.1,0.2,0.000291186,99738.4,2021.84,3596.12,0.01,0.95,10,10000,0.938,0.497,243,122,0.0165629,0,0.502058
4530,10000,8.58681,7.49894,10,0.0503646,0.0398107,0.0630957,0.0747506,0.05,0.1,0.250302,0.2,0.3,0.000291186,137089,2076.94,4942.81,0.01,0.95,10,10000,0.938,0.497,334,203,0.0128401,0,0.607784
4531,10000,8.70205,7.49894,10,0.0511562,0.0398107,0.0630957,0.07277,0.05,0.1,0.348299,0.3,0.4,0.000291186,139141,2240.23,5016.81,0.01,0.95,10,10000,0.938,0.497,339,187,0.0133781,0,0.551622
4532,10000,8.62796,7.49894,10,0.0506328,0.0398107,0.0630957,0.0729342,0.05,0.1,0.449142,0.4,0.5,0.000291186,112462,1807.02,4054.88,0.01,0.95,10,10000,0.938,0.497,274,176,0.0137899,0,0.642336
4533,10000,8.60046,7.49894,10,0.0506558,0.0398107,0.0630957,0.0708383,0.05,0.1,0.547212,0.5,0.6,0.000291186,91939.9,1666.89,3314.94,0.01,0.95,10,10000,0.938,0.497,224,140,0.0154615,0,0.625
4534,10000,8.65957,7.49894,10,0.05007,0.0398107,0.0630957,0.0725239,0.05,0.1,0.649007,0.6,0.7,0.000291186,82089.2,1661.57,2959.77,0.01,0.95,10,10000,0.938,0.497,200,116,0.0169859,0,0.58
4535,10000,8.59806,7.49894,10,0.0518628,0.0398107,0.0630957,0.0725443,0.05,0.1,0.745091,0.7,0.8,0.000291186,64440,1428.51,2323.42,0.01,0.95,10,10000,0.938,0.497,157,95,0.0187696,0,0.605096
4536,10000,8.54817,7.49894,10,0.0510317,0.0398107,0.0630957,0.0713767,0.05,0.1,0.846543,0.8,0.9,0.000291186,49664,1153.77,1790.66,0.01,0.95,10,10000,0.938,0.497,121,82,0.0202027,0,0.677686
4537,10000,8.59676,7.49894,10,0.0506124,0.0398107,0.0630957,0.0737016,0.05,0.1,0.953149,0.9,1,0.000291186,25858.1,799.612,932.327,0.01,0.95,10,10000,0.938,0.497,63,45,0.0272716,0,0.714286
4538,10000,8.76001,7.49894,10,0.050215,0.0398107,0.0630957,0.0716176,0.05,0.1,1.19045,1,1.5,0.00145593,12805.9,245.499,461.724,0.01,0.95,10,10000,0.938,0.497,156,115,0.0170596,0,0.737179
4539,10000,8.45159,7.49894,10,0.0493566,0.0398107,0.0630957,0.126135,0.1,0.15,0.0667533,0,0.1,0.000291186,18880.5,555.664,680.747,0.01,0.95,10,10000,0.938,0.497,46,42,0.0282288,0,0.913043
4540,10000,8.54373,7.49894,10,0.0494542,0.0398107,0.0630957,0.124475,0.1,0.15,0.156822,0.1,0.2,0.000291186,58283.3,1053.62,2101.44,0.01,0.95,10,10000,0.938,0.497,142,119,0.0167704,0,0.838028
4541,10000,8.57869,7.49894,10,0.0501877,0.0398107,0.0630957,0.124665,0.1,0.15,0.250535,0.2,0.3,0.000291186,77984.8,1288.73,2811.78,0.01,0.95,10,10000,0.938,0.497,190,149,0.0149873,0,0.784211
4542,10000,8.58062,7.49894,10,0.0506195,0.0398107,0.0630957,0.123029,0.1,0.15,0.344965,0.3,0.4,0.000291186,87014.6,1397.35,3137.36,0.01,0.95,10,10000,0.938,0.497,212,161,0.014418,0,0.759434
4543,10000,8.70755,7.49894,10,0.050219,0.0398107,0.0630957,0.12395,0.1,0.15,0.451054,0.4,0.5,0.000291186,67723.6,1284.35,2441.81,0.01,0.95,10,10000,0.938,0.497,165,119,0.0167704,0,0.721212
4544,10000,8.54461,7.49894,10,0.0495738,0.0398107,0.0630957,0.123227,0.1,0.15,0.551966,0.5,0.6,0.000291186,60746,1269.29,2190.23,0.01,0.95,10,10000,0.938,0.497,148,101,0.0182035,0,0.682432
4545,10000,8.70444,7.49894,10,0.0503161,0.0398107,0.0630957,0.124377,0.1,0.15,0.644993,0.6,0.7,0.000291186,36940.2,882.629,1331.9,0.01,0.95,10,10000,0.938,0.497,90,71,0.0217114,0,0.788889
4546,10000,8.50349,7.49894,10,0.0485764,0.0398107,0.0630957,0.125426,0.1,0.15,0.749515,0.7,0.8,0.000291186,29962.6,1009.55,1080.32,0.01,0.95,10,10000,0.938,0.497,73,42,0.0282288,0,0.575342
4547,10000,8.73761,7.49894,10,0.0510436,0.0398107,0.0630957,0.124902,0.1,0.15,0.847255,0.8,0.9,0.000291186,24216.3,906.565,873.132,0.01,0.95,10,10000,0.938,0.497,59,34,0.0313745,0,0.576271
4548,10000,8.68148,7.49894,10,0.0489841,0.0398107,0.0630957,0.124975,0.1,0.15,0.940704,0.9,1,0.000291186,23395.4,834.462,843.534,0.01,0.95,10,10000,0.938,0.497,57,36,0.0304906,0,0.631579
4549,10000,8.68202,7.49894,10,0.049599,0.0398107,0.0630957,0.123858,0.1,0.15,1.21542,1,1.5,0.00145593,11738.8,244.922,423.247,0.01,0.95,10,10000,0.938,0.497,143,100,0.0182943,0,0.699301
4550,10000,8.64324,7.49894,10,0.0496936,0.0398107,0.0630957,0.172056,0.15,0.2,0.0620332,0,0.1,0.000291186,14365.6,484.087,517.96,0.01,0.95,10,10000,0.938,0.497,35,32,0.0323401,0,0.914286
4551,10000,8.63671,7.49894,10,0.0497885,0.0398107,0.0630957,0.177965,0.15,0.2,0.155788,0.1,0.2,0.000291186,31193.9,810.584,1124.71,0.01,0.95,10,10000,0.938,0.497,76,60,0.0236179,0,0.789474
4552,10000,8.61279,7.49894,10,0.0505121,0.0398107,0.0630957,0.172132,0.15,0.2,0.254004,0.2,0.3,0.000291186,39402.8,834.22,1420.69,0.01,0.95,10,10000,0.938,0.497,96,84,0.0199608,0,0.875
4553,10000,8.57141,7.49894,10,0.0507604,0.0398107,0.0630957,0.170728,0.15,0.2,0.350049,0.3,0.4,0.000291186,42686.4,988.585,1539.08,0.01,0.95,10,10000,0.938,0.497,104,78,0.0207143,0,0.75
4554,10000,8.57448,7.49894,10,0.0495783,0.0398107,0.0630957,0.171683,0.15,0.2,0.444653,0.4,0.5,0.000291186,48432.6,1002.52,1746.26,0.01,0.95,10,10000,0.938,0.497,118,94,0.0188692,0,0.79661
4555,10000,8.57691,7.49894,10,0.0504676,0.0398107,0.0630957,0.172382,0.15,0.2,0.549139,0.5,0.6,0.000291186,34477.5,804.395,1243.1,0.01,0.95,10,10000,0.938,0.497,84,71,0.0217114,0,0.845238
4556,10000,8.69491,7.49894,10,0.0509311,0.0398107,0.0630957,0.168917,0.15,0.2,0.649223,0.6,0.7,0.000291186,31604.4,859.541,1139.51,0.01,0.95,10,10000,0.938,0.497,77,57,0.0242314,0,0.74026
4557,10000,8.67558,7.49894,10,0.0491589,0.0398107,0.0630957,0.175589,0.15,0.2,0.748374,0.7,0.8,0.000291186,27499.9,725.377,991.523,0.01,0.95,10,10000,0.938,0.497,67,56,0.0244468,0,0.835821
4558,10000,8.71162,7.49894,10,0.050562,0.0398107,0.0630957,0.172926,0.15,0.2,0.83815,0.8,0.9,0.000291186,14365.6,457.108,517.96,0.01,0.95,10,10000,0.938,0.497,35,34,0.0313745,0,0.971429
4559,10000,8.69595,7.49894,10,0.0517588,0.0398107,0.0630957,0.169463,0.15,0.2,0.949168,0.9,1,0.000291186,16828.3,557.16,606.753,0.01,0.95,10,10000,0.938,0.497,41,35,0.0309231,0,0.853659
4560,10000,8.7296,7.49894,10,0.047736,0.0398107,0.0630957,0.174279,0.15,0.2,1.18881,1,1.5,0.00145593,6074.6,201.873,219.023,0.01,0.95,10,10000,0.938,0.497,74,43,0.0278986,0,0.581081
4561,10000,8.61571,7.49894,10,0.0523126,0.0398107,0.0630957,0.218013,0.2,0.25,0.0661325,0,0.1,0.000291186,8619.37,438.641,310.776,0.01,0.95,10,10000,0.938,0.497,21,16,0.0457358,0,0.761905
4562,10000,8.48555,7.49894,10,0.0506436,0.0398107,0.0630957,0.223003,0.2,0.25,0.152783,0.1,0.2,0.000291186,23395.4,689.264,843.534,0.01,0.95,10,10000,0.938,0.497,57,46,0.0269735,0,0.807018
4563,10000,8.46438,7.49894,10,0.0514984,0.0398107,0.0630957,0.221764,0.2,0.25,0.250484,0.2,0.3,0.000291186,33656.6,895.202,1213.51,0.01,0.95,10,10000,0.938,0.497,82,60,0.0236179,0,0.731707
4564,10000,8.6539,7.49894,10,0.0488886,0.0398107,0.0630957,0.224911,0.2,0.25,0.350724,0.3,0.4,0.000291186,32835.7,867.046,1183.91,0.01,0.95,10,10000,0.938,0.497,80,60,0.0236179,0,0.75
4565,10000,8.57482,7.49894,10,0.0509192,0.0398107,0.0630957,0.222947,0.2,0.25,0.44136,0.4,0.5,0.000291186,32835.7,890.644,1183.91,0.01,0.95,10,10000,0.938,0.497,80,58,0.0240216,0,0.725
4566,10000,8.55736,7.49894,10,0.0501792,0.0398107,0.0630957,0.222081,0.2,0.25,0.546897,0.5,0.6,0.000291186,23395.4,689.264,843.534,0.01,0.95,10,10000,0.938,0.497,57,46,0.0269735,0,0.807018
4567,10000,8.70532,7.49894,10,0.0494387,0.0398107,0.0630957,0.223664,0.2,0.25,0.650932,0.6,0.7,0.000291186,23805.9,680.645,858.333,0.01,0.95,10,10000,0.938,0.497,58,48,0.0264056,0,0.827586
4568,10000,8.42523,7.49894,10,0.0502376,0.0398107,0.0630957,0.221121,0.2,0.25,0.742378,0.7,0.8,0.000291186,18059.6,675.392,651.149,0.01,0.95,10,10000,0.938,0.497,44,31,0.0328576,0,0.704545
4569,10000,8.43725,7.49894,10,0.052126,0.0398107,0.0630957,0.225525,0.2,0.25,0.850523,0.8,0.9,0.000291186,13544.7,589.794,488.362,0.01,0.95,10,10000,0.938,0.497,33,23,0.0381463,0,0.69697
4570,10000,8.82089,7.49894,10,0.0521412,0.0398107,0.0630957,0.224207,0.2,0.25,0.940303,0.9,1,0.000291186,11492.5,442.449,414.368,0.01,0.95,10,10000,0.938,0.497,28,25,0.0365887,0,0.892857
4571,10000,8.55803,7.49894,10,0.0503493,0.0398107,0.0630957,0.222021,0.2,0.25,1.1722,1,1.5,0.00145593,4432.82,135.682,159.828,0.01,0.95,10,10000,0.938,0.497,54,43,0.0278986,0,0.796296
4572,10000,8.63004,7.49894,10,0.052268,0.0398107,0.0630957,0.278551,0.25,0.3,0.0602311,0,0.1,0.000291186,5335.8,292.427,192.385,0.01,0.95,10,10000,0.938,0.497,13,12,0.0528112,0,0.923077
4573,10000,8.51756,7.49894,10,0.0514629,0.0398107,0.0630957,0.272081,0.25,0.3,0.151571,0.1,0.2,0.000291186,15186.5,568.959,547.557,0.01,0.95,10,10000,0.938,0.497,37,29,0.0339717,0,0.783784
4574,10000,8.65872,7.49894,10,0.0492327,0.0398107,0.0630957,0.271395,0.25,0.3,0.246085,0.2,0.3,0.000291186,16417.8,597.063,591.954,0.01,0.95,10,10000,0.938,0.497,40,31,0.0328576,0,0.775
4575,10000,8.86076,7.49894,10,0.0522658,0.0398107,0.0630957,0.275173,0.25,0.3,0.352297,0.3,0.4,0.000291186,14776.1,581.632,532.758,0.01,0.95,10,10000,0.938,0.497,36,27,0.0352075,0,0.75
4576,10000,8.74012,7.49894,10,0.0504955,0.0398107,0.0630957,0.277204,0.25,0.3,0.452804,0.4,0.5,0.000291186,20522.3,664.034,739.942,0.01,0.95,10,10000,0.938,0.497,50,39,0.0292944,0,0.78
4577,10000,8.55298,7.49894,10,0.0500251,0.0398107,0.0630957,0.272481,0.25,0.3,0.553245,0.5,0.6,0.000291186,17238.7,604.959,621.551,0.01,0.95,10,10000,0.938,0.497,42,33,0.0318464,0,0.785714
4578,10000,8.3836,7.49894,10,0.0515242,0.0398107,0.0630957,0.266162,0.25,0.3,0.650114,0.6,0.7,0.000291186,13134.3,530.53,473.563,0.01,0.95,10,10000,0.938,0.497,32,25,0.0365887,0,0.78125
4579,10000,9.02097,7.49894,10,0.052186,0.0398107,0.0630957,0.27581,0.25,0.3,0.747779,0.7,0.8,0.000291186,12313.4,581.632,443.965,0.01,0.95,10,10000,0.938,0.497,30,20,0.0409074,0,0.666667
4580,10000,8.74697,7.49894,10,0.0502148,0.0398107,0.0630957,0.27508,0.25,0.3,0.84441,0.8,0.9,0.000291186,10671.6,504.591,384.77,0.01,0.95,10,10000,0.938,0.497,26,19,0.0419701,0,0.730769
4581,10000,8.92043,7.49894,10,0.050181,0.0398107,0.0630957,0.274415,0.25,0.3,0.947309,0.9,1,0.000291186,4514.91,299.309,162.787,0.01,0.95,10,10000,0.938,0.497,11,9,0.0609811,0,0.818182
4582,10000,8.7155,7.49894,10,0.0476322,0.0398107,0.0630957,0.276325,0.25,0.3,1.17048,1,1.5,0.00145593,3940.28,134.322,142.069,0.01,0.95,10,10000,0.938,0.497,48,36,0.0304906,0,0.75
4583,10000,8.90069,7.49894,10,0.0512541,0.0398107,0.0630957,0.337129,0.3,0.4,0.0506404,0,0.1,0.000582372,2257.45,149.654,81.3936,0.01,0.95,10,10000,0.938,0.497,11,9,0.0609811,0,0.818182
4584,10000,8.57945,7.49894,10,0.0515254,0.0398107,0.0630957,0.342279,0.3,0.4,0.157177,0.1,0.2,0.000582372,8208.92,314.89,295.977,0.01,0.95,10,10000,0.938,0.497,40,29,0.0339717,0,0.725
4585,10000,8.66828,7.49894,10,0.0508279,0.0398107,0.0630957,0.33771,0.3,0.4,0.246246,0.2,0.3,0.000582372,9850.71,351.253,355.172,0.01,0.95,10,10000,0.938,0.497,48,34,0.0313745,0,0.708333
4586,10000,8.54982,7.49894,10,0.0498468,0.0398107,0.0630957,0.346553,0.3,0.4,0.346762,0.3,0.4,0.000582372,10466.4,340.774,377.371,0.01,0.95,10,10000,0.938,0.497,51,39,0.0292944,0,0.764706
4587,10000,8.6534,7.49894,10,0.0526758,0.0398107,0.0630957,0.337034,0.3,0.4,0.449568,0.4,0.5,0.000582372,10055.9,323.247,362.572,0.01,0.95,10,10000,0.938,0.497,49,39,0.0292944,0,0.795918
4588,10000,8.74814,7.49894,10,0.0507331,0.0398107,0.0630957,0.340603,0.3,0.4,0.550094,0.5,0.6,0.000582372,10261.2,332.017,369.971,0.01,0.95,10,10000,0.938,0.497,50,39,0.0292944,0,0.78
4589,10000,8.67089,7.49894,10,0.0493013,0.0398107,0.0630957,0.345828,0.3,0.4,0.656335,0.6,0.7,0.000582372,8414.15,308.347,303.376,0.01,0.95,10,10000,0.938,0.497,41,31,0.0328576,0,0.756098
4590,10000,8.59463,7.49894,10,0.0499115,0.0398107,0.0630957,0.335852,0.3,0.4,0.745554,0.7,0.8,0.000582372,8824.59,290.142,318.175,0.01,0.95,10,10000,0.938,0.497,43,36,0.0304906,0,0.837209
4591,10000,8.68854,7.49894,10,0.0480713,0.0398107,0.0630957,0.346298,0.3,0.4,0.848957,0.8,0.9,0.000582372,5541.02,264.778,199.784,0.01,0.95,10,10000,0.938,0.497,27,19,0.0419701,0,0.703704
4592,10000,8.94091,7.49894,10,0.0500581,0.0398107,0.0630957,0.348779,0.3,0.4,0.944821,0.9,1,0.000582372,3488.79,174.22,125.79,0.01,0.95,10,10000,0.938,0.497,17,15,0.0472358,0,0.882353
4593,10000,8.73624,7.49894,10,0.0480376,0.0398107,0.0630957,0.336202,0.3,0.4,1.18662,1,1.5,0.00291186,2257.45,83.2572,81.3936,0.01,0.95,10,10000,0.938,0.497,55,34,0.0313745,0,0.618182
4594,10000,8.10371,7.49894,10,0.0533803,0.0398107,0.0630957,0.466379,0.4,0.5,0.0592395,0,0.1,0.000582372,820.892,75.0884,29.5977,0.01,0.95,10,10000,0.938,0.497,4,4,0.0914717,0,1
4595,10000,8.45751,7.49894,10,0.0508135,0.0398107,0.0630957,0.454216,0.4,0.5,0.162515,0.1,0.2,0.000582372,2667.9,171.228,96.1925,0.01,0.95,10,10000,0.938,0.497,13,10,0.0578518,0,0.769231
4596,10000,8.43731,7.49894,10,0.0517862,0.0398107,0.0630957,0.438339,0.4,0.5,0.241455,0.2,0.3,0.000582372,5746.25,277.234,207.184,0.01,0.95,10,10000,0.938,0.497,28,19,0.0419701,0,0.678571
4597,10000,8.65831,7.49894,10,0.0527156,0.0398107,0.0630957,0.440225,0.4,0.5,0.346942,0.3,0.4,0.000582372,5335.8,232.595,192.385,0.01,0.95,10,10000,0.938,0.497,26,21,0.0399215,0,0.807692
4598,10000,8.56307,7.49894,10,0.0504192,0.0398107,0.0630957,0.454304,0.4,0.5,0.465691,0.4,0.5,0.000582372,4925.35,272.81,177.586,0.01,0.95,10,10000,0.938,0.497,24,15,0.0472358,0,0.625
4599,10000,9.1533,7.49894,10,0.0492202,0.0398107,0.0630957,0.442873,0.4,0.5,0.561708,0.5,0.6,0.000582372,6156.69,356.176,221.983,0.01,0.95,10,10000,0.938,0.497,30,15,0.0472358,0,0.5
4600,10000,8.29275,7.49894,10,0.0514047,0.0398107,0.0630957,0.4317,0.4,0.5,0.650573,0.6,0.7,0.000582372,5541.02,275.892,199.784,0.01,0.95,10,10000,0.938,0.497,27,18,0.0431202,0,0.666667
4601,10000,8.38077,7.49894,10,0.051011,0.0398107,0.0630957,0.446376,0.4,0.5,0.752194,0.7,0.8,0.000582372,2873.12,188.47,103.592,0.01,0.95,10,10000,0.938,0.497,14,10,0.0578518,0,0.714286
4602,10000,8.41177,7.49894,10,0.0486558,0.0398107,0.0630957,0.453988,0.4,0.5,0.852409,0.8,0.9,0.000582372,2462.68,253.528,88.7931,0.01,0.95,10,10000,0.938,0.497,12,5,0.0818148,0,0.416667
4603,10000,7.8409,7.49894,10,0.0447101,0.0398107,0.0630957,0.414845,0.4,0.5,0.95162,0.9,1,0.000582372,1231.34,205.638,44.3965,0.01,0.95,10,10000,0.938,0.497,6,2,0.129361,0,0.333333
4604,10000,8.70138,7.49894,10,0.0494028,0.0398107,0.0630957,0.434292,0.4,0.5,1.15998,1,1.5,0.00291186,985.071,63.7146,35.5172,0.01,0.95,10,10000,0.938,0.497,24,12,0.0528112,0,0.5
4605,10000,7.76704,7.49894,10,0.0438567,0.0398107,0.0630957,0.54384,0.5,0.6,0.0799235,0,0.1,0.000582372,615.669,145.408,22.1983,0.01,0.95,10,10000,0.938,0.497,3,1,0.182943,0,0.333333
4606,10000,8.44885,7.49894,10,0.0489149,0.0398107,0.0630957,0.539014,0.5,0.6,0.161473,0.1,0.2,0.000582372,2052.23,161.795,73.9942,0.01,0.95,10,10000,0.938,0.497,10,7,0.0691461,0,0.7
4607,10000,8.15509,7.49894,10,0.0479528,0.0398107,0.0630957,0.535929,0.5,0.6,0.247256,0.2,0.3,0.000582372,2667.9,247.146,96.1925,0.01,0.95,10,10000,0.938,0.497,13,6,0.0746863,0,0.461538
4608,10000,8.39423,7.49894,10,0.0471479,0.0398107,0.0630957,0.524997,0.5,0.6,0.350665,0.3,0.4,0.000582372,2052.23,161.795,73.9942,0.01,0.95,10,10000,0.938,0.497,10,7,0.0691461,0,0.7
4609,10000,8.29911,7.49894,10,0.0480865,0.0398107,0.0630957,0.547977,0.5,0.6,0.459513,0.4,0.5,0.000582372,2667.9,186.045,96.1925,0.01,0.95,10,10000,0.938,0.497,13,9,0.0609811,0,0.692308
4610,10000,8.53707,7.49894,10,0.049147,0.0398107,0.0630957,0.561737,0.5,0.6,0.545628,0.5,0.6,0.000582372,2462.68,202.679,88.7931,0.01,0.95,10,10000,0.938,0.497,12,7,0.0691461,0,0.583333
4611,10000,8.50373,7.49894,10,0.0493822,0.0398107,0.0630957,0.541647,0.5,0.6,0.665541,0.6,0.7,0.000582372,2873.12,243.314,103.592,0.01,0.95,10,10000,0.938,0.497,14,7,0.0691461,0,0.5
4612,10000,8.29876,7.49894,10,0.0515963,0.0398107,0.0630957,0.538892,0.5,0.6,0.746699,0.7,0.8,0.000582372,1847.01,159.287,66.5948,0.01,0.95,10,10000,0.938,0.497,9,6,0.0746863,0,0.666667
4613,10000,9.51356,7.49894,10,0.0426392,0.0398107,0.0630957,0.533805,0.5,0.6,0.857987,0.8,0.9,0.000582372,615.669,91.9641,22.1983,0.01,0.95,10,10000,0.938,0.497,3,2,0.129361,0,0.666667
4614,10000,8.86956,7.49894,10,0.0496927,0.0398107,0.0630957,0.538696,0.5,0.6,0.961336,0.9,1,0.000582372,2052.23,161.795,73.9942,0.01,0.95,10,10000,0.938,0.497,10,7,0.0691461,0,0.7
4615,10000,8.43875,7.49894,10,0.0486164,0.0398107,0.0630957,0.55116,0.5,0.6,1.15454,1,1.5,0.00291186,533.58,40.6103,19.2385,0.01,0.95,10,10000,0.938,0.497,13,8,0.0646803,0,0.615385
4616,10000,9.42697,7.49894,10,0.0550868,0.0398107,0.0630957,0.645686,0.6,0.7,0.0520128,0,0.1,0.000582372,410.446,53.0955,14.7988,0.01,0.95,10,10000,0.938,0.497,2,2,0.129361,0,1
4617,10000,8.13769,7.49894,10,0.0512307,0.0398107,0.0630957,0.632742,0.6,0.7,0.119428,0.1,0.2,0.000582372,410.446,91.9641,14.7988,0.01,0.95,10,10000,0.938,0.497,2,1,0.182943,0,0.5
4618,10000,8.63243,7.49894,10,0.0490305,0.0398107,0.0630957,0.644657,0.6,0.7,0.333312,0.3,0.4,0.000582372,1231.34,205.638,44.3965,0.01,0.95,10,10000,0.938,0.497,6,2,0.129361,0,0.333333
4619,10000,9.34918,7.49894,10,0.0441556,0.0398107,0.0630957,0.631542,0.6,0.7,0.420361,0.4,0.5,0.000582372,1436.56,190.207,51.796,0.01,0.95,10,10000,0.938,0.497,7,3,0.105622,0,0.428571
4620,10000,8.9631,7.49894,10,0.0519823,0.0398107,0.0630957,0.617072,0.6,0.7,0.537032,0.5,0.6,0.000582372,1436.56,190.207,51.796,0.01,0.95,10,10000,0.938,0.497,7,3,0.105622,0,0.428571
4621,10000,7.98499,7.49894,10,0.0431571,0.0398107,0.0630957,0.649491,0.6,0.7,0.645498,0.6,0.7,0.000582372,1026.12,167.903,36.9971,0.01,0.95,10,10000,0.938,0.497,5,2,0.129361,0,0.4
4622,10000,8.64502,7.49894,10,0.0609143,0.0398107,0.0630957,0.624538,0.6,0.7,0.734122,0.7,0.8,0.000582372,820.892,198.665,29.5977,0.01,0.95,10,10000,0.938,0.497,4,1,0.182943,0,0.25
4623,10000,9.84288,7.49894,10,0.062296,0.0398107,0.0630957,0.67942,0.6,0.7,0.817806,0.8,0.9,0.000582372,410.446,91.9641,14.7988,0.01,0.95,10,10000,0.938,0.497,2,1,0.182943,0,0.5
4624,10000,9.1253,7.49894,10,0.0528229,0.0398107,0.0630957,0.633135,0.6,0.7,0.964422,0.9,1,0.000582372,820.892,198.665,29.5977,0.01,0.95,10,10000,0.938,0.497,4,1,0.182943,0,0.25
4625,10000,8.61052,7.49894,10,0.0447252,0.0398107,0.0630957,0.635303,0.6,0.7,1.30374,1,1.5,0.00291186,287.312,31.4117,10.3592,0.01,0.95,10,10000,0.938,0.497,7,4,0.0914717,0,0.571429
4626,10000,8.00048,7.49894,10,0.0520734,0.0398107,0.0630957,0.744199,0.7,0.8,0.120125,0.1,0.2,0.000582372,410.446,91.9641,14.7988,0.01,0.95,10,10000,0.938,0.497,2,1,0.182943,0,0.5
4627,10000,7.54201,7.49894,10,0.0409258,0.0398107,0.0630957,0.720756,0.7,0.8,0.422938,0.4,0.5,0.000582372,615.669,145.408,22.1983,0.01,0.95,10,10000,0.938,0.497,3,1,0.182943,0,0.333333
4628,10000,7.66296,7.49894,10,0.0512929,0.0398107,0.0630957,0.73351,0.7,0.8,0.773024,0.7,0.8,0.000582372,615.669,91.9641,22.1983,0.01,0.95,10,10000,0.938,0.497,3,2,0.129361,0,0.666667
4629,10000,8.56719,7.49894,10,0.043896,0.0398107,0.0630957,0.727676,0.7,0.8,1.2413,1,1.5,0.00291186,205.223,25.6476,7.39942,0.01,0.95,10,10000,0.938,0.497,5,3,0.105622,0,0.6
4630,10000,8.36317,7.49894,10,0.0451867,0.0398107,0.0630957,0.806895,0.8,0.9,0.579712,0.5,0.6,0.000582372,615.669,145.408,22.1983,0.01,0.95,10,10000,0.938,0.497,3,1,0.182943,0,0.333333
4631,10000,8.72816,7.49894,10,0.0433679,0.0398107,0.0630957,0.885148,0.8,0.9,0.642678,0.6,0.7,0.000582372,205.223,37.5442,7.39942,0.01,0.95,10,10000,0.938,0.497,1,1,0.182943,0,1
4632,10000,8.59307,7.49894,10,0.0471991,0.0398107,0.0630957,0.840965,0.8,0.9,0.825671,0.8,0.9,0.000582372,410.446,91.9641,14.7988,0.01,0.95,10,10000,0.938,0.497,2,1,0.182943,0,0.5
4633,10000,8.43086,7.49894,10,0.0807442,0.0630957,0.1,0.0729718,0.05,0.1,0.0644451,0,0.1,0.000461499,23307.6,563.431,840.368,0.01,0.95,10,10000,0.938,0.497,90,70,0.0218659,0,0.777778
4634,10000,8.59342,7.49894,10,0.0821759,0.0630957,0.1,0.0704972,0.05,0.1,0.149636,0.1,0.2,0.000461499,55161.4,914.283,1988.87,0.01,0.95,10,10000,0.938,0.497,213,155,0.0146944,0,0.7277
4635,10000,8.57741,7.49894,10,0.0799444,0.0630957,0.1,0.0716387,0.05,0.1,0.252891,0.2,0.3,0.000461499,78210,1057.31,2819.9,0.01,0.95,10,10000,0.938,0.497,302,228,0.0121157,0,0.754967
4636,10000,8.62834,7.49894,10,0.0801294,0.0630957,0.1,0.0702334,0.05,0.1,0.350824,0.3,0.4,0.000461499,76397.2,923.086,2754.54,0.01,0.95,10,10000,0.938,0.497,295,258,0.0113896,0,0.874576
4637,10000,8.56913,7.49894,10,0.0807546,0.0630957,0.1,0.0723437,0.05,0.1,0.445817,0.4,0.5,0.000461499,70958.8,976.001,2558.45,0.01,0.95,10,10000,0.938,0.497,274,215,0.0124766,0,0.784672
4638,10000,8.57743,7.49894,10,0.0812373,0.0630957,0.1,0.0722296,0.05,0.1,0.548189,0.5,0.6,0.000461499,54125.5,874.171,1951.52,0.01,0.95,10,10000,0.938,0.497,209,159,0.0145084,0,0.760766
4639,10000,8.56094,7.49894,10,0.0797628,0.0630957,0.1,0.0714629,0.05,0.1,0.64374,0.6,0.7,0.000461499,47133.2,776.567,1699.41,0.01,0.95,10,10000,0.938,0.497,182,147,0.0150889,0,0.807692
4640,10000,8.58101,7.49894,10,0.0792833,0.0630957,0.1,0.0704616,0.05,0.1,0.750106,0.7,0.8,0.000461499,34184.5,675.153,1232.54,0.01,0.95,10,10000,0.938,0.497,132,104,0.0179391,0,0.787879
4641,10000,8.68844,7.49894,10,0.0811617,0.0630957,0.1,0.0724391,0.05,0.1,0.845238,0.8,0.9,0.000461499,27451.2,666.114,989.767,0.01,0.95,10,10000,0.938,0.497,106,74,0.0212667,0,0.698113
4642,10000,8.76221,7.49894,10,0.0826495,0.0630957,0.1,0.0704218,0.05,0.1,0.94819,0.9,1,0.000461499,16315.3,504.52,588.258,0.01,0.95,10,10000,0.938,0.497,63,45,0.0272716,0,0.714286
4643,10000,8.58567,7.49894,10,0.0796493,0.0630957,0.1,0.0715679,0.05,0.1,1.17983,1,1.5,0.0023075,7769.21,143.124,280.123,0.01,0.95,10,10000,0.938,0.497,150,119,0.0167704,0,0.793333
4644,10000,8.5443,7.49894,10,0.0808522,0.0630957,0.1,0.123688,0.1,0.15,0.0646971,0,0.1,0.000461499,12948.7,385.71,466.871,0.01,0.95,10,10000,0.938,0.497,50,43,0.0278986,0,0.86
4645,10000,8.49613,7.49894,10,0.080809,0.0630957,0.1,0.121977,0.1,0.15,0.157023,0.1,0.2,0.000461499,29264,636.589,1055.13,0.01,0.95,10,10000,0.938,0.497,113,87,0.0196136,0,0.769912
4646,10000,8.5348,7.49894,10,0.0814238,0.0630957,0.1,0.123432,0.1,0.15,0.248884,0.2,0.3,0.000461499,40399.9,763.939,1456.64,0.01,0.95,10,10000,0.938,0.497,156,117,0.0169131,0,0.75
4647,10000,8.7082,7.49894,10,0.079969,0.0630957,0.1,0.123819,0.1,0.15,0.348751,0.3,0.4,0.000461499,40399.9,748.505,1456.64,0.01,0.95,10,10000,0.938,0.497,156,120,0.0167004,0,0.769231
4648,10000,8.64206,7.49894,10,0.0799646,0.0630957,0.1,0.122776,0.1,0.15,0.447464,0.4,0.5,0.000461499,41694.7,725.882,1503.33,0.01,0.95,10,10000,0.938,0.497,161,131,0.0159838,0,0.813665
4649,10000,8.64995,7.49894,10,0.0787672,0.0630957,0.1,0.123612,0.1,0.15,0.550741,0.5,0.6,0.000461499,28746.1,713.124,1036.45,0.01,0.95,10,10000,0.938,0.497,111,73,0.0214119,0,0.657658
4650,10000,8.63727,7.49894,10,0.079493,0.0630957,0.1,0.12553,0.1,0.15,0.650904,0.6,0.7,0.000461499,25120.4,581.423,905.73,0.01,0.95,10,10000,0.938,0.497,97,76,0.020985,0,0.783505
4651,10000,8.64664,7.49894,10,0.0792118,0.0630957,0.1,0.122307,0.1,0.15,0.74999,0.7,0.8,0.000461499,19941,493.002,718.982,0.01,0.95,10,10000,0.938,0.497,77,64,0.0228679,0,0.831169
4652,10000,8.60002,7.49894,10,0.08106,0.0630957,0.1,0.122469,0.1,0.15,0.848729,0.8,0.9,0.000461499,13984.6,492.361,504.221,0.01,0.95,10,10000,0.938,0.497,54,36,0.0304906,0,0.666667
4653,10000,8.59602,7.49894,10,0.0800281,0.0630957,0.1,0.122046,0.1,0.15,0.950109,0.9,1,0.000461499,12430.7,433.335,448.196,0.01,0.95,10,10000,0.938,0.497,48,35,0.0309231,0,0.729167
4654,10000,8.61434,7.49894,10,0.0810832,0.0630957,0.1,0.123842,0.1,0.15,1.18877,1,1.5,0.0023075,5127.68,109.833,184.881,0.01,0.95,10,10000,0.938,0.497,99,84,0.0199608,0,0.848485
4655,10000,8.4229,7.49894,10,0.080831,0.0630957,0.1,0.172296,0.15,0.2,0.0782147,0,0.1,0.000461499,5956.39,296.764,214.761,0.01,0.95,10,10000,0.938,0.497,23,17,0.0443703,0,0.73913
4656,10000,8.56758,7.49894,10,0.081943,0.0630957,0.1,0.173482,0.15,0.2,0.150212,0.1,0.2,0.000461499,21235.8,516.211,765.669,0.01,0.95,10,10000,0.938,0.497,82,67,0.0223501,0,0.817073
4657,10000,8.74739,7.49894,10,0.0799394,0.0630957,0.1,0.173895,0.15,0.2,0.249708,0.2,0.3,0.000461499,20199.9,529.273,728.319,0.01,0.95,10,10000,0.938,0.497,78,60,0.0236179,0,0.769231
4658,10000,8.50412,7.49894,10,0.0789606,0.0630957,0.1,0.170418,0.15,0.2,0.347169,0.3,0.4,0.000461499,24343.5,603.233,877.718,0.01,0.95,10,10000,0.938,0.497,94,69,0.0220238,0,0.734043
4659,10000,8.62687,7.49894,10,0.0797522,0.0630957,0.1,0.175323,0.15,0.2,0.449989,0.4,0.5,0.000461499,24861.5,537.647,896.393,0.01,0.95,10,10000,0.938,0.497,96,82,0.0202027,0,0.854167
4660,10000,8.59233,7.49894,10,0.0814478,0.0630957,0.1,0.171018,0.15,0.2,0.550432,0.5,0.6,0.000461499,21235.8,557.484,765.669,0.01,0.95,10,10000,0.938,0.497,82,61,0.0234235,0,0.743902
4661,10000,8.37306,7.49894,10,0.0813196,0.0630957,0.1,0.172974,0.15,0.2,0.649978,0.6,0.7,0.000461499,16056.4,438.968,578.92,0.01,0.95,10,10000,0.938,0.497,62,52,0.0253697,0,0.83871
4662,10000,8.61448,7.49894,10,0.0790117,0.0630957,0.1,0.173371,0.15,0.2,0.740081,0.7,0.8,0.000461499,12171.8,403.142,438.859,0.01,0.95,10,10000,0.938,0.497,47,37,0.0300757,0,0.787234
4663,10000,8.71349,7.49894,10,0.0800703,0.0630957,0.1,0.175004,0.15,0.2,0.858898,0.8,0.9,0.000461499,7510.23,255.136,270.785,0.01,0.95,10,10000,0.938,0.497,29,29,0.0339717,0,1
4664,10000,8.57339,7.49894,10,0.0812646,0.0630957,0.1,0.175816,0.15,0.2,0.958503,0.9,1,0.000461499,8546.13,360.038,308.135,0.01,0.95,10,10000,0.938,0.497,33,24,0.0373432,0,0.727273
4665,10000,8.67549,7.49894,10,0.0797214,0.0630957,0.1,0.171667,0.15,0.2,1.1544,1,1.5,0.0023075,3781.01,98.3099,136.326,0.01,0.95,10,10000,0.938,0.497,73,59,0.0238172,0,0.808219
4666,10000,8.76095,7.49894,10,0.0816179,0.0630957,0.1,0.235025,0.2,0.25,0.0776901,0,0.1,0.000461499,2589.74,-nan,93.3742,0.01,0.95,10,10000,0.938,0.497,10,11,0.0551595,0,1.1
4667,10000,8.61255,7.49894,10,0.0793273,0.0630957,0.1,0.216721,0.2,0.25,0.152136,0.1,0.2,0.000461499,9323.05,356.345,336.147,0.01,0.95,10,10000,0.938,0.497,36,28,0.0345731,0,0.777778
4668,10000,8.46812,7.49894,10,0.0792335,0.0630957,0.1,0.223299,0.2,0.25,0.256392,0.2,0.3,0.000461499,9841,324.6,354.822,0.01,0.95,10,10000,0.938,0.497,38,34,0.0313745,0,0.894737
4669,10000,8.49175,7.49894,10,0.0786566,0.0630957,0.1,0.224701,0.2,0.25,0.354284,0.3,0.4,0.000461499,18128.1,523.638,653.62,0.01,0.95,10,10000,0.938,0.497,70,51,0.0256172,0,0.728571
4670,10000,8.60804,7.49894,10,0.0804404,0.0630957,0.1,0.218485,0.2,0.25,0.446928,0.4,0.5,0.000461499,15538.4,426.862,560.245,0.01,0.95,10,10000,0.938,0.497,60,51,0.0256172,0,0.85
4671,10000,8.53716,7.49894,10,0.0808541,0.0630957,0.1,0.225135,0.2,0.25,0.545187,0.5,0.6,0.000461499,16315.3,420.434,588.258,0.01,0.95,10,10000,0.938,0.497,63,56,0.0244468,0,0.888889
4672,10000,8.54783,7.49894,10,0.0812713,0.0630957,0.1,0.22572,0.2,0.25,0.654631,0.6,0.7,0.000461499,12430.7,396.824,448.196,0.01,0.95,10,10000,0.938,0.497,48,39,0.0292944,0,0.8125
4673,10000,8.7959,7.49894,10,0.0776738,0.0630957,0.1,0.223416,0.2,0.25,0.745306,0.7,0.8,0.000461499,10358.9,397.364,373.497,0.01,0.95,10,10000,0.938,0.497,40,29,0.0339717,0,0.725
4674,10000,8.76465,7.49894,10,0.0799785,0.0630957,0.1,0.226272,0.2,0.25,0.840993,0.8,0.9,0.000461499,5956.39,283.386,214.761,0.01,0.95,10,10000,0.938,0.497,23,18,0.0431202,0,0.782609
4675,10000,8.29342,7.49894,10,0.0817639,0.0630957,0.1,0.216932,0.2,0.25,0.935606,0.9,1,0.000461499,4402.55,207.192,158.736,0.01,0.95,10,10000,0.938,0.497,17,16,0.0457358,0,0.941176
4676,10000,8.70988,7.49894,10,0.0802746,0.0630957,0.1,0.222062,0.2,0.25,1.16898,1,1.5,0.0023075,2589.74,78.7366,93.3742,0.01,0.95,10,10000,0.938,0.497,50,42,0.0282288,0,0.84
4677,10000,8.42435,7.49894,10,0.0785579,0.0630957,0.1,0.270627,0.25,0.3,0.0705155,0,0.1,0.000461499,4143.58,328.241,149.399,0.01,0.95,10,10000,0.938,0.497,16,8,0.0646803,0,0.5
4678,10000,8.60597,7.49894,10,0.0813805,0.0630957,0.1,0.271812,0.25,0.3,0.155495,0.1,0.2,0.000461499,6215.37,286.748,224.098,0.01,0.95,10,10000,0.938,0.497,24,19,0.0419701,0,0.791667
4679,10000,8.48257,7.49894,10,0.0831884,0.0630957,0.1,0.274322,0.25,0.3,0.246572,0.2,0.3,0.000461499,10358.9,366.985,373.497,0.01,0.95,10,10000,0.938,0.497,40,32,0.0323401,0,0.8
4680,10000,8.6322,7.49894,10,0.0836715,0.0630957,0.1,0.27597,0.25,0.3,0.345989,0.3,0.4,0.000461499,11653.8,438.454,420.184,0.01,0.95,10,10000,0.938,0.497,45,31,0.0328576,0,0.688889
4681,10000,8.41747,7.49894,10,0.0824493,0.0630957,0.1,0.273773,0.25,0.3,0.452316,0.4,0.5,0.000461499,11912.8,383.051,429.522,0.01,0.95,10,10000,0.938,0.497,46,38,0.0296773,0,0.826087
4682,10000,8.40625,7.49894,10,0.0762945,0.0630957,0.1,0.271911,0.25,0.3,0.539988,0.5,0.6,0.000461499,10358.9,386.836,373.497,0.01,0.95,10,10000,0.938,0.497,40,30,0.0334007,0,0.75
4683,10000,8.57221,7.49894,10,0.0803739,0.0630957,0.1,0.26978,0.25,0.3,0.644586,0.6,0.7,0.000461499,8028.18,331.924,289.46,0.01,0.95,10,10000,0.938,0.497,31,24,0.0373432,0,0.774194
4684,10000,8.58872,7.49894,10,0.0793184,0.0630957,0.1,0.266949,0.25,0.3,0.746145,0.7,0.8,0.000461499,6474.34,315.85,233.436,0.01,0.95,10,10000,0.938,0.497,25,18,0.0431202,0,0.72
4685,10000,8.55502,7.49894,10,0.0784971,0.0630957,0.1,0.274702,0.25,0.3,0.863503,0.8,0.9,0.000461499,7510.23,314.732,270.785,0.01,0.95,10,10000,0.938,0.497,29,23,0.0381463,0,0.793103
4686,10000,8.7012,7.49894,10,0.0815618,0.0630957,0.1,0.277,0.25,0.3,0.942007,0.9,1,0.000461499,3884.6,-nan,140.061,0.01,0.95,10,10000,0.938,0.497,15,16,0.0457358,0,1.06667
4687,10000,8.54524,7.49894,10,0.0831844,0.0630957,0.1,0.274024,0.25,0.3,1.21036,1,1.5,0.0023075,1346.66,54.253,48.5546,0.01,0.95,10,10000,0.938,0.497,26,23,0.0381463,0,0.884615
4688,10000,8.56401,7.49894,10,0.0882771,0.0630957,0.1,0.334397,0.3,0.4,0.0527882,0,0.1,0.000922999,906.407,84.0867,32.681,0.01,0.95,10,10000,0.938,0.497,7,5,0.0818148,0,0.714286
4689,10000,8.4461,7.49894,10,0.0795423,0.0630957,0.1,0.337964,0.3,0.4,0.166843,0.1,0.2,0.000922999,3496.14,160.49,126.055,0.01,0.95,10,10000,0.938,0.497,27,20,0.0409074,0,0.740741
4690,10000,8.59603,7.49894,10,0.0797044,0.0630957,0.1,0.335797,0.3,0.4,0.246538,0.2,0.3,0.000922999,5697.42,213.071,205.423,0.01,0.95,10,10000,0.938,0.497,44,31,0.0328576,0,0.704545
4691,10000,8.6489,7.49894,10,0.0791063,0.0630957,0.1,0.336994,0.3,0.4,0.339917,0.3,0.4,0.000922999,5179.47,198.682,186.748,0.01,0.95,10,10000,0.938,0.497,40,29,0.0339717,0,0.725
4692,10000,8.53008,7.49894,10,0.0799617,0.0630957,0.1,0.343903,0.3,0.4,0.449441,0.4,0.5,0.000922999,4920.5,175.938,177.411,0.01,0.95,10,10000,0.938,0.497,38,31,0.0328576,0,0.815789
4693,10000,8.58421,7.49894,10,0.0811571,0.0630957,0.1,0.335616,0.3,0.4,0.543914,0.5,0.6,0.000922999,5567.93,196.86,200.755,0.01,0.95,10,10000,0.938,0.497,43,33,0.0318464,0,0.767442
4694,10000,8.39347,7.49894,10,0.0789397,0.0630957,0.1,0.335464,0.3,0.4,0.643345,0.6,0.7,0.000922999,3107.68,131.589,112.049,0.01,0.95,10,10000,0.938,0.497,24,21,0.0399215,0,0.875
4695,10000,8.6875,7.49894,10,0.080253,0.0630957,0.1,0.335553,0.3,0.4,0.742448,0.7,0.8,0.000922999,4143.58,178.914,149.399,0.01,0.95,10,10000,0.938,0.497,32,23,0.0381463,0,0.71875
4696,10000,8.63625,7.49894,10,0.0771743,0.0630957,0.1,0.342334,0.3,0.4,0.842864,0.8,0.9,0.000922999,3366.66,152.788,121.387,0.01,0.95,10,10000,0.938,0.497,26,20,0.0409074,0,0.769231
4697,10000,8.51557,7.49894,10,0.0791577,0.0630957,0.1,0.33053,0.3,0.4,0.948153,0.9,1,0.000922999,2848.71,154.492,102.712,0.01,0.95,10,10000,0.938,0.497,22,15,0.0472358,0,0.681818
4698,10000,8.46825,7.49894,10,0.0791126,0.0630957,0.1,0.344482,0.3,0.4,1.14168,1,1.5,0.00461499,958.202,34.9011,34.5485,0.01,0.95,10,10000,0.938,0.497,37,30,0.0334007,0,0.810811
4699,10000,8.07107,7.49894,10,0.0785841,0.0630957,0.1,0.473843,0.4,0.5,0.0487493,0,0.1,0.000922999,517.947,125.349,18.6748,0.01,0.95,10,10000,0.938,0.497,4,1,0.182943,0,0.25
4700,10000,8.75986,7.49894,10,0.0823434,0.0630957,0.1,0.443235,0.4,0.5,0.162793,0.1,0.2,0.000922999,2071.79,100.874,74.6994,0.01,0.95,10,10000,0.938,0.497,16,15,0.0472358,0,0.9375
4701,10000,8.62626,7.49894,10,0.0842763,0.0630957,0.1,0.431468,0.4,0.5,0.262385,0.2,0.3,0.000922999,1812.81,128.784,65.362,0.01,0.95,10,10000,0.938,0.497,14,9,0.0609811,0,0.642857
4702,10000,8.07021,7.49894,10,0.0788781,0.0630957,0.1,0.446931,0.4,0.5,0.352543,0.3,0.4,0.000922999,2719.22,162.136,98.043,0.01,0.95,10,10000,0.938,0.497,21,13,0.0507394,0,0.619048
4703,10000,8.39089,7.49894,10,0.0859585,0.0630957,0.1,0.437976,0.4,0.5,0.456979,0.4,0.5,0.000922999,3107.68,137.313,112.049,0.01,0.95,10,10000,0.938,0.497,24,20,0.0409074,0,0.833333
4704,10000,8.54016,7.49894,10,0.0831948,0.0630957,0.1,0.45062,0.4,0.5,0.551972,0.5,0.6,0.000922999,1942.3,112.366,70.0307,0.01,0.95,10,10000,0.938,0.497,15,12,0.0528112,0,0.8
4705,10000,8.73234,7.49894,10,0.0848712,0.0630957,0.1,0.437164,0.4,0.5,0.64588,0.6,0.7,0.000922999,2201.28,109.925,79.3681,0.01,0.95,10,10000,0.938,0.497,17,15,0.0472358,0,0.882353
4706,10000,8.72679,7.49894,10,0.078541,0.0630957,0.1,0.443385,0.4,0.5,0.75456,0.7,0.8,0.000922999,2330.76,142.133,84.0368,0.01,0.95,10,10000,0.938,0.497,18,12,0.0528112,0,0.666667
4707,10000,8.21103,7.49894,10,0.0760011,0.0630957,0.1,0.438757,0.4,0.5,0.83296,0.8,0.9,0.000922999,1812.81,169.723,65.362,0.01,0.95,10,10000,0.938,0.497,14,6,0.0746863,0,0.428571
4708,10000,8.64553,7.49894,10,0.0818625,0.0630957,0.1,0.418045,0.4,0.5,0.95467,0.9,1,0.000922999,1035.89,75.973,37.3497,0.01,0.95,10,10000,0.938,0.497,8,7,0.0691461,0,0.875
4709,10000,8.46365,7.49894,10,0.0794815,0.0630957,0.1,0.44707,0.4,0.5,1.15631,1,1.5,0.00461499,388.46,30.4288,14.0061,0.01,0.95,10,10000,0.938,0.497,15,8,0.0646803,0,0.533333
4710,10000,8.16377,7.49894,10,0.0669163,0.0630957,0.1,0.500834,0.5,0.6,0.0527426,0,0.1,0.000922999,129.487,23.6888,4.66871,0.01,0.95,10,10000,0.938,0.497,1,1,0.182943,0,1
4711,10000,8.16761,7.49894,10,0.0815845,0.0630957,0.1,0.53793,0.5,0.6,0.167436,0.1,0.2,0.000922999,1035.89,116.051,37.3497,0.01,0.95,10,10000,0.938,0.497,8,4,0.0914717,0,0.5
4712,10000,8.36836,7.49894,10,0.0853663,0.0630957,0.1,0.538869,0.5,0.6,0.265172,0.2,0.3,0.000922999,1424.35,128.299,51.3558,0.01,0.95,10,10000,0.938,0.497,11,6,0.0746863,0,0.545455
4713,10000,8.34978,7.49894,10,0.0919236,0.0630957,0.1,0.563425,0.5,0.6,0.338267,0.3,0.4,0.000922999,1683.33,200.307,60.6933,0.01,0.95,10,10000,0.938,0.497,13,4,0.0914717,0,0.307692
4714,10000,8.84616,7.49894,10,0.0853162,0.0630957,0.1,0.548648,0.5,0.6,0.434835,0.4,0.5,0.000922999,1553.84,116.051,56.0245,0.01,0.95,10,10000,0.938,0.497,12,8,0.0646803,0,0.666667
4715,10000,8.66804,7.49894,10,0.0850022,0.0630957,0.1,0.574363,0.5,0.6,0.536184,0.5,0.6,0.000922999,776.921,129.749,28.0123,0.01,0.95,10,10000,0.938,0.497,6,2,0.129361,0,0.333333
4716,10000,8.39155,7.49894,10,0.087203,0.0630957,0.1,0.577206,0.5,0.6,0.667961,0.6,0.7,0.000922999,906.407,120.013,32.681,0.01,0.95,10,10000,0.938,0.497,7,3,0.105622,0,0.428571
4717,10000,8.06867,7.49894,10,0.0842258,0.0630957,0.1,0.578103,0.5,0.6,0.73421,0.7,0.8,0.000922999,1165.38,132.953,42.0184,0.01,0.95,10,10000,0.938,0.497,9,4,0.0914717,0,0.444444
4718,10000,8.80646,7.49894,10,0.0906528,0.0630957,0.1,0.564645,0.5,0.6,0.85049,0.8,0.9,0.000922999,776.921,129.749,28.0123,0.01,0.95,10,10000,0.938,0.497,6,2,0.129361,0,0.333333
4719,10000,8.78208,7.49894,10,0.0915172,0.0630957,0.1,0.561171,0.5,0.6,0.966784,0.9,1,0.000922999,388.46,-nan,14.0061,0.01,0.95,10,10000,0.938,0.497,3,4,0.0914717,0,1.33333
4720,10000,8.78902,7.49894,10,0.0821071,0.0630957,0.1,0.555958,0.5,0.6,1.16896,1,1.5,0.00461499,284.871,18.8851,10.2712,0.01,0.95,10,10000,0.938,0.497,11,9,0.0609811,0,0.818182
4721,10000,8.3011,7.49894,10,0.092056,0.0630957,0.1,0.654079,0.6,0.7,0.283998,0.2,0.3,0.000922999,647.434,105.939,23.3436,0.01,0.95,10,10000,0.938,0.497,5,2,0.129361,0,0.4
4722,10000,8.52232,7.49894,10,0.0904261,0.0630957,0.1,0.649701,0.6,0.7,0.367966,0.3,0.4,0.000922999,906.407,84.0867,32.681,0.01,0.95,10,10000,0.938,0.497,7,5,0.0818148,0,0.714286
4723,10000,8.24061,7.49894,10,0.082389,0.0630957,0.1,0.637535,0.6,0.7,0.442764,0.4,0.5,0.000922999,1035.89,116.051,37.3497,0.01,0.95,10,10000,0.938,0.497,8,4,0.0914717,0,0.5
4724,10000,8.26476,7.49894,10,0.076678,0.0630957,0.1,0.645221,0.6,0.7,0.663573,0.6,0.7,0.000922999,388.46,58.0254,14.0061,0.01,0.95,10,10000,0.938,0.497,3,2,0.129361,0,0.666667
4725,10000,8.24884,7.49894,10,0.0869087,0.0630957,0.1,0.655638,0.6,0.7,0.701497,0.7,0.8,0.000922999,517.947,125.349,18.6748,0.01,0.95,10,10000,0.938,0.497,4,1,0.182943,0,0.25
4726,10000,9.10112,7.49894,10,0.0887933,0.0630957,0.1,0.610731,0.6,0.7,0.860904,0.8,0.9,0.000922999,388.46,58.0254,14.0061,0.01,0.95,10,10000,0.938,0.497,3,2,0.129361,0,0.666667
4727,10000,8.31608,7.49894,10,0.0869138,0.0630957,0.1,0.61825,0.6,0.7,1.43472,1,1.5,0.00461499,51.7947,11.6051,1.86748,0.01,0.95,10,10000,0.938,0.497,2,1,0.182943,0,0.5
4728,10000,8.62176,7.49894,10,0.0865614,0.0630957,0.1,0.738578,0.7,0.8,0.530647,0.5,0.6,0.000922999,517.947,61.1641,18.6748,0.01,0.95,10,10000,0.938,0.497,4,3,0.105622,0,0.75
4729,10000,7.56292,7.49894,10,0.0977284,0.0630957,0.1,0.737588,0.7,0.8,0.655184,0.6,0.7,0.000922999,258.974,58.0254,9.33742,0.01,0.95,10,10000,0.938,0.497,2,1,0.182943,0,0.5
4730,10000,8.52083,7.49894,10,0.0926174,0.0630957,0.1,0.767998,0.7,0.8,0.789327,0.7,0.8,0.000922999,129.487,23.6888,4.66871,0.01,0.95,10,10000,0.938,0.497,1,1,0.182943,0,1
4731,10000,9.02876,7.49894,10,0.0990744,0.0630957,0.1,0.873815,0.8,0.9,0.162437,0.1,0.2,0.000922999,258.974,58.0254,9.33742,0.01,0.95,10,10000,0.938,0.497,2,1,0.182943,0,0.5
4732,10000,7.63487,7.49894,10,0.0785592,0.0630957,0.1,0.853262,0.8,0.9,0.280527,0.2,0.3,0.000922999,388.46,91.7461,14.0061,0.01,0.95,10,10000,0.938,0.497,3,1,0.182943,0,0.333333
4733,10000,7.96746,7.49894,10,0.0849767,0.0630957,0.1,0.881234,0.8,0.9,0.586456,0.5,0.6,0.000922999,388.46,91.7461,14.0061,0.01,0.95,10,10000,0.938,0.497,3,1,0.182943,0,0.333333
4734,10000,8.62323,7.49894,10,0.155274,0.1,0.251189,0.0713434,0.05,0.1,0.0670321,0,0.1,0.00189066,9482.08,157.644,341.881,0.01,0.95,10,10000,0.938,0.497,150,134,0.0158039,0,0.893333
4735,10000,8.60714,7.49894,10,0.15542,0.1,0.251189,0.0732225,0.05,0.1,0.153163,0.1,0.2,0.00189066,19849.1,224.091,715.671,0.01,0.95,10,10000,0.938,0.497,314,286,0.0108177,0,0.910828
4736,10000,8.63539,7.49894,10,0.156632,0.1,0.251189,0.0716979,0.05,0.1,0.247408,0.2,0.3,0.00189066,27498,264.498,991.455,0.01,0.95,10,10000,0.938,0.497,435,395,0.00920488,0,0.908046
4737,10000,8.57238,7.49894,10,0.157034,0.1,0.251189,0.0736588,0.05,0.1,0.348161,0.3,0.4,0.00189066,25412,253.652,916.241,0.01,0.95,10,10000,0.938,0.497,402,366,0.0095626,0,0.910448
4738,10000,8.61871,7.49894,10,0.156637,0.1,0.251189,0.0734405,0.05,0.1,0.44919,0.4,0.5,0.00189066,23578.8,242.751,850.144,0.01,0.95,10,10000,0.938,0.497,373,342,0.00989245,0,0.91689
4739,10000,8.61672,7.49894,10,0.156534,0.1,0.251189,0.0744287,0.05,0.1,0.549386,0.5,0.6,0.00189066,18458.4,233.273,665.529,0.01,0.95,10,10000,0.938,0.497,292,244,0.0117118,0,0.835616
4740,10000,8.69736,7.49894,10,0.150318,0.1,0.251189,0.0731611,0.05,0.1,0.651044,0.6,0.7,0.00189066,14412.8,209.436,519.659,0.01,0.95,10,10000,0.938,0.497,228,187,0.0133781,0,0.820175
4741,10000,8.68719,7.49894,10,0.153584,0.1,0.251189,0.0704854,0.05,0.1,0.74827,0.7,0.8,0.00189066,11188.9,168.454,403.42,0.01,0.95,10,10000,0.938,0.497,177,161,0.014418,0,0.909605
4742,10000,8.6484,7.49894,10,0.152711,0.1,0.251189,0.0732239,0.05,0.1,0.852118,0.8,0.9,0.00189066,6574.24,121.388,237.038,0.01,0.95,10,10000,0.938,0.497,104,101,0.0182035,0,0.971154
4743,10000,8.59305,7.49894,10,0.150682,0.1,0.251189,0.0740755,0.05,0.1,0.949673,0.9,1,0.00189066,6131.74,153.301,221.083,0.01,0.95,10,10000,0.938,0.497,97,69,0.0220238,0,0.71134
4744,10000,8.75897,7.49894,10,0.152629,0.1,0.251189,0.0751372,0.05,0.1,1.16456,1,1.5,0.00945332,1921.7,32.9901,69.2879,0.01,0.95,10,10000,0.938,0.497,152,130,0.0160452,0,0.855263
4745,10000,8.49068,7.49894,10,0.154261,0.1,0.251189,0.123358,0.1,0.15,0.0681966,0,0.1,0.00189066,4993.89,115.248,180.057,0.01,0.95,10,10000,0.938,0.497,79,70,0.0218659,0,0.886076
4746,10000,8.50189,7.49894,10,0.158674,0.1,0.251189,0.120984,0.1,0.15,0.151936,0.1,0.2,0.00189066,11062.4,169.62,398.861,0.01,0.95,10,10000,0.938,0.497,175,157,0.0146005,0,0.897143
4747,10000,8.72495,7.49894,10,0.162557,0.1,0.251189,0.122112,0.1,0.15,0.253045,0.2,0.3,0.00189066,14918.5,203.628,537.893,0.01,0.95,10,10000,0.938,0.497,236,204,0.0128086,0,0.864407
4748,10000,8.61523,7.49894,10,0.154589,0.1,0.251189,0.124368,0.1,0.15,0.350466,0.3,0.4,0.00189066,15677,203.985,565.243,0.01,0.95,10,10000,0.938,0.497,248,220,0.012334,0,0.887097
4749,10000,8.60452,7.49894,10,0.1613,0.1,0.251189,0.122393,0.1,0.15,0.446524,0.4,0.5,0.00189066,12642.8,171.08,455.842,0.01,0.95,10,10000,0.938,0.497,200,191,0.0132373,0,0.955
4750,10000,8.64079,7.49894,10,0.164081,0.1,0.251189,0.124063,0.1,0.15,0.546516,0.5,0.6,0.00189066,12706,208.062,458.121,0.01,0.95,10,10000,0.938,0.497,201,154,0.014742,0,0.766169
4751,10000,8.53176,7.49894,10,0.150328,0.1,0.251189,0.123507,0.1,0.15,0.647092,0.6,0.7,0.00189066,9418.86,159.384,339.602,0.01,0.95,10,10000,0.938,0.497,149,131,0.0159838,0,0.879195
4752,10000,8.6116,7.49894,10,0.157185,0.1,0.251189,0.1239,0.1,0.15,0.745262,0.7,0.8,0.00189066,8028.16,149.113,289.459,0.01,0.95,10,10000,0.938,0.497,127,110,0.017443,0,0.866142
4753,10000,8.57281,7.49894,10,0.157338,0.1,0.251189,0.125667,0.1,0.15,0.848052,0.8,0.9,0.00189066,6447.81,138.195,232.479,0.01,0.95,10,10000,0.938,0.497,102,85,0.019843,0,0.833333
4754,10000,8.64283,7.49894,10,0.151031,0.1,0.251189,0.124395,0.1,0.15,0.946666,0.9,1,0.00189066,3034.26,85.2959,109.402,0.01,0.95,10,10000,0.938,0.497,48,45,0.0272716,0,0.9375
4755,10000,8.57385,7.49894,10,0.155384,0.1,0.251189,0.122866,0.1,0.15,1.19765,1,1.5,0.00945332,1871.13,32.9104,67.4645,0.01,0.95,10,10000,0.938,0.497,148,125,0.016363,0,0.844595
4756,10000,8.56538,7.49894,10,0.150807,0.1,0.251189,0.173631,0.15,0.2,0.0728915,0,0.1,0.00189066,2402.13,81.3763,86.6099,0.01,0.95,10,10000,0.938,0.497,38,33,0.0318464,0,0.868421
4757,10000,8.53267,7.49894,10,0.154453,0.1,0.251189,0.172161,0.15,0.2,0.15879,0.1,0.2,0.00189066,7459.23,147.779,268.946,0.01,0.95,10,10000,0.938,0.497,118,99,0.0183865,0,0.838983
4758,10000,8.5601,7.49894,10,0.15064,0.1,0.251189,0.172706,0.15,0.2,0.252226,0.2,0.3,0.00189066,7332.81,-nan,264.388,0.01,0.95,10,10000,0.938,0.497,116,120,0.0167004,0,1.03448
4759,10000,8.69288,7.49894,10,0.161819,0.1,0.251189,0.174614,0.15,0.2,0.349739,0.3,0.4,0.00189066,9482.08,152.433,341.881,0.01,0.95,10,10000,0.938,0.497,150,139,0.0155171,0,0.926667
4760,10000,8.49579,7.49894,10,0.164771,0.1,0.251189,0.17435,0.15,0.2,0.447969,0.4,0.5,0.00189066,8976.37,148.93,323.647,0.01,0.95,10,10000,0.938,0.497,142,131,0.0159838,0,0.922535
4761,10000,8.67391,7.49894,10,0.154491,0.1,0.251189,0.174295,0.15,0.2,0.552755,0.5,0.6,0.00189066,9102.79,145.693,328.206,0.01,0.95,10,10000,0.938,0.497,144,137,0.0156299,0,0.951389
4762,10000,8.59445,7.49894,10,0.165299,0.1,0.251189,0.17483,0.15,0.2,0.653485,0.6,0.7,0.00189066,6637.45,131.64,239.317,0.01,0.95,10,10000,0.938,0.497,105,94,0.0188692,0,0.895238
4763,10000,8.57597,7.49894,10,0.156445,0.1,0.251189,0.173264,0.15,0.2,0.747137,0.7,0.8,0.00189066,5057.11,110.117,182.337,0.01,0.95,10,10000,0.938,0.497,80,75,0.0211245,0,0.9375
4764,10000,8.67458,7.49894,10,0.170654,0.1,0.251189,0.174576,0.15,0.2,0.844293,0.8,0.9,0.00189066,3539.98,107.585,127.636,0.01,0.95,10,10000,0.938,0.497,56,44,0.0275798,0,0.785714
4765,10000,8.50037,7.49894,10,0.165805,0.1,0.251189,0.17262,0.15,0.2,0.948757,0.9,1,0.00189066,2338.91,74.2554,84.3307,0.01,0.95,10,10000,0.938,0.497,37,35,0.0309231,0,0.945946
4766,10000,8.59642,7.49894,10,0.161543,0.1,0.251189,0.175037,0.15,0.2,1.20903,1,1.5,0.00945332,1289.56,30.315,46.4958,0.01,0.95,10,10000,0.938,0.497,102,76,0.020985,0,0.745098
4767,10000,8.55472,7.49894,10,0.155855,0.1,0.251189,0.218337,0.2,0.25,0.0698848,0,0.1,0.00189066,1453.92,55.4617,52.4218,0.01,0.95,10,10000,0.938,0.497,23,23,0.0381463,0,1
4768,10000,8.65695,7.49894,10,0.155702,0.1,0.251189,0.226543,0.2,0.25,0.152975,0.1,0.2,0.00189066,2781.41,87.9931,100.285,0.01,0.95,10,10000,0.938,0.497,44,38,0.0296773,0,0.863636
4769,10000,8.66645,7.49894,10,0.156708,0.1,0.251189,0.223561,0.2,0.25,0.256366,0.2,0.3,0.00189066,5815.67,113.361,209.687,0.01,0.95,10,10000,0.938,0.497,92,90,0.0192839,0,0.978261
4770,10000,8.49284,7.49894,10,0.158092,0.1,0.251189,0.221072,0.2,0.25,0.351356,0.3,0.4,0.00189066,6321.38,135.9,227.921,0.01,0.95,10,10000,0.938,0.497,100,84,0.0199608,0,0.84
4771,10000,8.61956,7.49894,10,0.154685,0.1,0.251189,0.224988,0.2,0.25,0.451992,0.4,0.5,0.00189066,7079.95,136.285,255.271,0.01,0.95,10,10000,0.938,0.497,112,100,0.0182943,0,0.892857
4772,10000,8.49673,7.49894,10,0.162815,0.1,0.251189,0.221881,0.2,0.25,0.549936,0.5,0.6,0.00189066,5183.54,111.314,186.895,0.01,0.95,10,10000,0.938,0.497,82,77,0.0208483,0,0.939024
4773,10000,8.56603,7.49894,10,0.168734,0.1,0.251189,0.225946,0.2,0.25,0.646863,0.6,0.7,0.00189066,4361.76,101.802,157.265,0.01,0.95,10,10000,0.938,0.497,69,65,0.0226913,0,0.942029
4774,10000,8.50323,7.49894,10,0.15978,0.1,0.251189,0.224658,0.2,0.25,0.746294,0.7,0.8,0.00189066,2907.84,104.876,104.844,0.01,0.95,10,10000,0.938,0.497,46,33,0.0318464,0,0.717391
4775,10000,8.77376,7.49894,10,0.16159,0.1,0.251189,0.226741,0.2,0.25,0.853876,0.8,0.9,0.00189066,2528.55,85.0743,91.1683,0.01,0.95,10,10000,0.938,0.497,40,34,0.0313745,0,0.85
4776,10000,8.73014,7.49894,10,0.15732,0.1,0.251189,0.225481,0.2,0.25,0.948248,0.9,1,0.00189066,1706.77,69.7634,61.5386,0.01,0.95,10,10000,0.938,0.497,27,23,0.0381463,0,0.851852
4777,10000,8.77041,7.49894,10,0.15824,0.1,0.251189,0.223001,0.2,0.25,1.17691,1,1.5,0.00945332,644.781,18.2246,23.2479,0.01,0.95,10,10000,0.938,0.497,51,46,0.0269735,0,0.901961
4778,10000,8.63665,7.49894,10,0.160041,0.1,0.251189,0.267713,0.25,0.3,0.0580575,0,0.1,0.00189066,821.78,48.6911,29.6297,0.01,0.95,10,10000,0.938,0.497,13,11,0.0551595,0,0.846154
4779,10000,8.52129,7.49894,10,0.158781,0.1,0.251189,0.274778,0.25,0.3,0.149674,0.1,0.2,0.00189066,2781.41,76.7106,100.285,0.01,0.95,10,10000,0.938,0.497,44,44,0.0275798,0,1
4780,10000,8.56409,7.49894,10,0.155234,0.1,0.251189,0.271177,0.25,0.3,0.249913,0.2,0.3,0.00189066,3034.26,92.7981,109.402,0.01,0.95,10,10000,0.938,0.497,48,41,0.028571,0,0.854167
4781,10000,8.52066,7.49894,10,0.152181,0.1,0.251189,0.272644,0.25,0.3,0.348203,0.3,0.4,0.00189066,3539.98,96.3682,127.636,0.01,0.95,10,10000,0.938,0.497,56,50,0.0258721,0,0.892857
4782,10000,8.71314,7.49894,10,0.16048,0.1,0.251189,0.269855,0.25,0.3,0.44835,0.4,0.5,0.00189066,3792.83,104.194,136.752,0.01,0.95,10,10000,0.938,0.497,60,51,0.0256172,0,0.85
4783,10000,8.63534,7.49894,10,0.147941,0.1,0.251189,0.274053,0.25,0.3,0.549124,0.5,0.6,0.00189066,3603.19,95.3368,129.915,0.01,0.95,10,10000,0.938,0.497,57,52,0.0253697,0,0.912281
4784,10000,8.66389,7.49894,10,0.160354,0.1,0.251189,0.274314,0.25,0.3,0.646549,0.6,0.7,0.00189066,2907.84,80.1587,104.844,0.01,0.95,10,10000,0.938,0.497,46,45,0.0272716,0,0.978261
4785,10000,8.64938,7.49894,10,0.167372,0.1,0.251189,0.27368,0.25,0.3,0.744515,0.7,0.8,0.00189066,2402.13,85.8907,86.6099,0.01,0.95,10,10000,0.938,0.497,38,31,0.0328576,0,0.815789
4786,10000,8.7301,7.49894,10,0.150004,0.1,0.251189,0.276145,0.25,0.3,0.84278,0.8,0.9,0.00189066,2149.27,85.705,77.4931,0.01,0.95,10,10000,0.938,0.497,34,26,0.0358782,0,0.764706
4787,10000,8.47963,7.49894,10,0.170489,0.1,0.251189,0.27197,0.25,0.3,0.93753,0.9,1,0.00189066,884.994,-nan,31.9089,0.01,0.95,10,10000,0.938,0.497,14,18,0.0431202,0,1.28571
4788,10000,8.96508,7.49894,10,0.148355,0.1,0.251189,0.279136,0.25,0.3,1.21237,1,1.5,0.00945332,366.64,17.1686,13.2194,0.01,0.95,10,10000,0.938,0.497,29,20,0.0409074,0,0.689655
4789,10000,8.85501,7.49894,10,0.166579,0.1,0.251189,0.32966,0.3,0.4,0.0574185,0,0.1,0.00378133,474.104,25.6093,17.0941,0.01,0.95,10,10000,0.938,0.497,15,13,0.0507394,0,0.866667
4790,10000,8.41662,7.49894,10,0.155863,0.1,0.251189,0.335957,0.3,0.4,0.156854,0.1,0.2,0.00378133,1201.06,35.6444,43.3049,0.01,0.95,10,10000,0.938,0.497,38,38,0.0296773,0,1
4791,10000,8.50003,7.49894,10,0.161739,0.1,0.251189,0.341248,0.3,0.4,0.256438,0.2,0.3,0.00378133,1643.56,45.9186,59.2594,0.01,0.95,10,10000,0.938,0.497,52,47,0.026685,0,0.903846
4792,10000,8.72245,7.49894,10,0.150404,0.1,0.251189,0.341236,0.3,0.4,0.349503,0.3,0.4,0.00378133,2338.91,54.6915,84.3307,0.01,0.95,10,10000,0.938,0.497,74,67,0.0223501,0,0.905405
4793,10000,8.57948,7.49894,10,0.154694,0.1,0.251189,0.336379,0.3,0.4,0.451263,0.4,0.5,0.00378133,1833.2,46.3763,66.097,0.01,0.95,10,10000,0.938,0.497,58,55,0.0246681,0,0.948276
4794,10000,8.70428,7.49894,10,0.158036,0.1,0.251189,0.346068,0.3,0.4,0.549322,0.5,0.6,0.00378133,2781.41,60.8003,100.285,0.01,0.95,10,10000,0.938,0.497,88,78,0.0207143,0,0.886364
4795,10000,8.56261,7.49894,10,0.161948,0.1,0.251189,0.347776,0.3,0.4,0.643234,0.6,0.7,0.00378133,1706.77,48.4074,61.5386,0.01,0.95,10,10000,0.938,0.497,54,47,0.026685,0,0.87037
4796,10000,8.67423,7.49894,10,0.164061,0.1,0.251189,0.347659,0.3,0.4,0.74521,0.7,0.8,0.00378133,1453.92,42.7896,52.4218,0.01,0.95,10,10000,0.938,0.497,46,42,0.0282288,0,0.913043
4797,10000,8.54929,7.49894,10,0.168858,0.1,0.251189,0.344299,0.3,0.4,0.854057,0.8,0.9,0.00378133,884.994,-nan,31.9089,0.01,0.95,10,10000,0.938,0.497,28,30,0.0334007,0,1.07143
4798,10000,8.79842,7.49894,10,0.154672,0.1,0.251189,0.347923,0.3,0.4,0.947553,0.9,1,0.00378133,979.815,39.1661,35.3277,0.01,0.95,10,10000,0.938,0.497,31,25,0.0365887,0,0.806452
4799,10000,8.49952,7.49894,10,0.159096,0.1,0.251189,0.343074,0.3,0.4,1.1824,1,1.5,0.0189066,297.105,8.63433,10.7123,0.01,0.95,10,10000,0.938,0.497,47,43,0.0278986,0,0.914894
4800,10000,8.56945,7.49894,10,0.148118,0.1,0.251189,0.444858,0.4,0.5,0.0611404,0,0.1,0.00378133,189.642,-nan,6.83762,0.01,0.95,10,10000,0.938,0.497,6,7,0.0691461,0,1.16667
4801,10000,8.52209,7.49894,10,0.155104,0.1,0.251189,0.44377,0.4,0.5,0.135871,0.1,0.2,0.00378133,347.676,19.1776,12.5356,0.01,0.95,10,10000,0.938,0.497,11,11,0.0551595,0,1
4802,10000,8.55874,7.49894,10,0.162296,0.1,0.251189,0.443066,0.4,0.5,0.25609,0.2,0.3,0.00378133,884.994,35.3303,31.9089,0.01,0.95,10,10000,0.938,0.497,28,24,0.0373432,0,0.857143
4803,10000,8.44204,7.49894,10,0.148386,0.1,0.251189,0.438229,0.4,0.5,0.35002,0.3,0.4,0.00378133,1169.46,37.1277,42.1653,0.01,0.95,10,10000,0.938,0.497,37,35,0.0309231,0,0.945946
4804,10000,8.40638,7.49894,10,0.165714,0.1,0.251189,0.441528,0.4,0.5,0.454112,0.4,0.5,0.00378133,979.815,34.343,35.3277,0.01,0.95,10,10000,0.938,0.497,31,29,0.0339717,0,0.935484
4805,10000,8.65563,7.49894,10,0.1549,0.1,0.251189,0.435032,0.4,0.5,0.550791,0.5,0.6,0.00378133,884.994,35.3303,31.9089,0.01,0.95,10,10000,0.938,0.497,28,24,0.0373432,0,0.857143
4806,10000,8.7568,7.49894,10,0.160767,0.1,0.251189,0.446627,0.4,0.5,0.656412,0.6,0.7,0.00378133,379.283,-nan,13.6752,0.01,0.95,10,10000,0.938,0.497,12,14,0.0488937,0,1.16667
4807,10000,8.54968,7.49894,10,0.150875,0.1,0.251189,0.442413,0.4,0.5,0.75447,0.7,0.8,0.00378133,695.352,32.5957,25.0713,0.01,0.95,10,10000,0.938,0.497,22,18,0.0431202,0,0.818182
4808,10000,8.59366,7.49894,10,0.147911,0.1,0.251189,0.428485,0.4,0.5,0.833622,0.8,0.9,0.00378133,316.069,18.2852,11.396,0.01,0.95,10,10000,0.938,0.497,10,10,0.0578518,0,1
4809,10000,8.50726,7.49894,10,0.170761,0.1,0.251189,0.443218,0.4,0.5,0.94826,0.9,1,0.00378133,410.89,26.3712,14.8148,0.01,0.95,10,10000,0.938,0.497,13,10,0.0578518,0,0.769231
4810,10000,8.68919,7.49894,10,0.161653,0.1,0.251189,0.447082,0.4,0.5,1.21438,1,1.5,0.0189066,151.713,-nan,5.4701,0.01,0.95,10,10000,0.938,0.497,24,26,0.0358782,0,1.08333
4811,10000,8.64306,7.49894,10,0.159123,0.1,0.251189,0.535178,0.5,0.6,0.0630866,0,0.1,0.00378133,158.035,15.8354,5.69802,0.01,0.95,10,10000,0.938,0.497,5,4,0.0914717,0,0.8
4812,10000,8.26327,7.49894,10,0.162559,0.1,0.251189,0.564844,0.5,0.6,0.146019,0.1,0.2,0.00378133,316.069,20.215,11.396,0.01,0.95,10,10000,0.938,0.497,10,9,0.0609811,0,0.9
4813,10000,8.80847,7.49894,10,0.172376,0.1,0.251189,0.536308,0.5,0.6,0.263874,0.2,0.3,0.00378133,505.711,-nan,18.2337,0.01,0.95,10,10000,0.938,0.497,16,17,0.0443703,0,1.0625
4814,10000,8.59218,7.49894,10,0.177627,0.1,0.251189,0.544961,0.5,0.6,0.36724,0.3,0.4,0.00378133,189.642,-nan,6.83762,0.01,0.95,10,10000,0.938,0.497,6,8,0.0646803,0,1.33333
4815,10000,8.38069,7.49894,10,0.154524,0.1,0.251189,0.551639,0.5,0.6,0.447534,0.4,0.5,0.00378133,474.104,22.3947,17.0941,0.01,0.95,10,10000,0.938,0.497,15,15,0.0472358,0,1
4816,10000,7.97685,7.49894,10,0.185273,0.1,0.251189,0.559151,0.5,0.6,0.554482,0.5,0.6,0.00378133,316.069,-nan,11.396,0.01,0.95,10,10000,0.938,0.497,10,12,0.0528112,0,1.2
4817,10000,8.79492,7.49894,10,0.140153,0.1,0.251189,0.539812,0.5,0.6,0.659472,0.6,0.7,0.00378133,347.676,19.1776,12.5356,0.01,0.95,10,10000,0.938,0.497,11,11,0.0551595,0,1
4818,10000,8.46655,7.49894,10,0.172807,0.1,0.251189,0.545389,0.5,0.6,0.765114,0.7,0.8,0.00378133,379.283,21.7753,13.6752,0.01,0.95,10,10000,0.938,0.497,12,11,0.0551595,0,0.916667
4819,10000,8.2539,7.49894,10,0.169356,0.1,0.251189,0.556798,0.5,0.6,0.842821,0.8,0.9,0.00378133,442.497,24.9823,15.9545,0.01,0.95,10,10000,0.938,0.497,14,12,0.0528112,0,0.857143
4820,10000,9.27442,7.49894,10,0.1565,0.1,0.251189,0.550144,0.5,0.6,0.937608,0.9,1,0.00378133,94.8208,-nan,3.41881,0.01,0.95,10,10000,0.938,0.497,3,5,0.0818148,0,1.66667
4821,10000,8.31519,7.49894,10,0.163003,0.1,0.251189,0.538919,0.5,0.6,1.22191,1,1.5,0.0189066,69.5352,-nan,2.50713,0.01,0.95,10,10000,0.938,0.497,11,12,0.0528112,0,1.09091
4822,10000,8.5293,7.49894,10,0.145345,0.1,0.251189,0.63229,0.6,0.7,0.049101,0,0.1,0.00378133,63.2138,8.17738,2.27921,0.01,0.95,10,10000,0.938,0.497,2,2,0.129361,0,1
4823,10000,8.77944,7.49894,10,0.12959,0.1,0.251189,0.627416,0.6,0.7,0.155678,0.1,0.2,0.00378133,126.428,14.9298,4.55842,0.01,0.95,10,10000,0.938,0.497,4,3,0.105622,0,0.75
4824,10000,8.53058,7.49894,10,0.169911,0.1,0.251189,0.65516,0.6,0.7,0.258838,0.2,0.3,0.00378133,221.248,-nan,7.97723,0.01,0.95,10,10000,0.938,0.497,7,8,0.0646803,0,1.14286
4825,10000,8.71408,7.49894,10,0.145525,0.1,0.251189,0.659812,0.6,0.7,0.353078,0.3,0.4,0.00378133,252.855,21.1139,9.11683,0.01,0.95,10,10000,0.938,0.497,8,6,0.0746863,0,0.75
4826,10000,8.56209,7.49894,10,0.171035,0.1,0.251189,0.646873,0.6,0.7,0.442774,0.4,0.5,0.00378133,379.283,21.7753,13.6752,0.01,0.95,10,10000,0.938,0.497,12,11,0.0551595,0,0.916667
4827,10000,9.18913,7.49894,10,0.149658,0.1,0.251189,0.621033,0.6,0.7,0.537694,0.5,0.6,0.00378133,94.8208,14.1636,3.41881,0.01,0.95,10,10000,0.938,0.497,3,2,0.129361,0,0.666667
4828,10000,8.4018,7.49894,10,0.177919,0.1,0.251189,0.655762,0.6,0.7,0.665357,0.6,0.7,0.00378133,284.462,17.3468,10.2564,0.01,0.95,10,10000,0.938,0.497,9,9,0.0609811,0,1
4829,10000,8.62413,7.49894,10,0.151043,0.1,0.251189,0.629059,0.6,0.7,0.752867,0.7,0.8,0.00378133,189.642,16.7586,6.83762,0.01,0.95,10,10000,0.938,0.497,6,5,0.0818148,0,0.833333
4830,10000,8.34864,7.49894,10,0.114184,0.1,0.251189,0.616536,0.6,0.7,0.817924,0.8,0.9,0.00378133,63.2138,8.17738,2.27921,0.01,0.95,10,10000,0.938,0.497,2,2,0.129361,0,1
4831,10000,8.58122,7.49894,10,0.16707,0.1,0.251189,0.646352,0.6,0.7,0.953533,0.9,1,0.00378133,158.035,12.9296,5.69802,0.01,0.95,10,10000,0.938,0.497,5,5,0.0818148,0,1
4832,10000,8.77785,7.49894,10,0.151144,0.1,0.251189,0.653655,0.6,0.7,1.08204,1,1.5,0.0189066,37.9283,-nan,1.36752,0.01,0.95,10,10000,0.938,0.497,6,7,0.0691461,0,1.16667
4833,10000,9.35557,7.49894,10,0.172222,0.1,0.251189,0.762686,0.7,0.8,0.149151,0.1,0.2,0.00378133,63.2138,8.17738,2.27921,0.01,0.95,10,10000,0.938,0.497,2,2,0.129361,0,1
4834,10000,8.79698,7.49894,10,0.126348,0.1,0.251189,0.764372,0.7,0.8,0.273397,0.2,0.3,0.00378133,158.035,19.7502,5.69802,0.01,0.95,10,10000,0.938,0.497,5,3,0.105622,0,0.6
4835,10000,8.41242,7.49894,10,0.21984,0.1,0.251189,0.734947,0.7,0.8,0.360445,0.3,0.4,0.00378133,31.6069,5.78228,1.1396,0.01,0.95,10,10000,0.938,0.497,1,1,0.182943,0,1
4836,10000,8.51736,7.49894,10,0.147248,0.1,0.251189,0.7496,0.7,0.8,0.432662,0.4,0.5,0.00378133,126.428,14.9298,4.55842,0.01,0.95,10,10000,0.938,0.497,4,3,0.105622,0,0.75
4837,10000,9.2787,7.49894,10,0.145132,0.1,0.251189,0.768439,0.7,0.8,0.514672,0.5,0.6,0.00378133,31.6069,5.78228,1.1396,0.01,0.95,10,10000,0.938,0.497,1,1,0.182943,0,1
4838,10000,7.96528,7.49894,10,0.159088,0.1,0.251189,0.76136,0.7,0.8,0.774688,0.7,0.8,0.00378133,94.8208,-nan,3.41881,0.01,0.95,10,10000,0.938,0.497,3,4,0.0914717,0,1.33333
4839,10000,8.22036,7.49894,10,0.13664,0.1,0.251189,0.729616,0.7,0.8,0.846354,0.8,0.9,0.00378133,158.035,19.7502,5.69802,0.01,0.95,10,10000,0.938,0.497,5,3,0.105622,0,0.6
4840,10000,9.76482,7.49894,10,0.114237,0.1,0.251189,0.762683,0.7,0.8,0.924321,0.9,1,0.00378133,63.2138,14.1636,2.27921,0.01,0.95,10,10000,0.938,0.497,2,1,0.182943,0,0.5
4841,10000,8.00131,7.49894,10,0.139624,0.1,0.251189,0.74701,0.7,0.8,1.21614,1,1.5,0.0189066,25.2855,2.31291,0.911683,0.01,0.95,10,10000,0.938,0.497,4,4,0.0914717,0,1
4842,10000,7.90767,7.49894,10,0.208965,0.1,0.251189,0.854295,0.8,0.9,0.126279,0.1,0.2,0.00378133,31.6069,5.78228,1.1396,0.01,0.95,10,10000,0.938,0.497,1,1,0.182943,0,1
4843,10000,8.88514,7.49894,10,0.151803,0.1,0.251189,0.842315,0.8,0.9,0.271259,0.2,0.3,0.00378133,94.8208,-nan,3.41881,0.01,0.95,10,10000,0.938,0.497,3,4,0.0914717,0,1.33333
4844,10000,8.82451,7.49894,10,0.190976,0.1,0.251189,0.807983,0.8,0.9,0.352754,0.3,0.4,0.00378133,31.6069,5.78228,1.1396,0.01,0.95,10,10000,0.938,0.497,1,1,0.182943,0,1
4845,10000,7.91103,7.49894,10,0.107148,0.1,0.251189,0.853744,0.8,0.9,0.447962,0.4,0.5,0.00378133,63.2138,14.1636,2.27921,0.01,0.95,10,10000,0.938,0.497,2,1,0.182943,0,0.5
4846,10000,8.15998,7.49894,10,0.135165,0.1,0.251189,0.82678,0.8,0.9,0.60967,0.6,0.7,0.00378133,31.6069,5.78228,1.1396,0.01,0.95,10,10000,0.938,0.497,1,1,0.182943,0,1
4847,10000,9.10054,7.49894,10,0.207999,0.1,0.251189,0.829994,0.8,0.9,0.745496,0.7,0.8,0.00378133,31.6069,-nan,1.1396,0.01,0.95,10,10000,0.938,0.497,1,2,0.129361,0,2
4848,10000,8.18315,7.49894,10,0.129134,0.1,0.251189,0.803984,0.8,0.9,0.919125,0.9,1,0.00378133,0,0,0,0.01,0.95,10,10000,0.938,0.497,0,1,0.182943,0,0
4849,10000,8.66835,7.49894,10,0.123337,0.1,0.251189,0.963468,0.9,1,0.510493,0.5,0.6,0.00378133,31.6069,5.78228,1.1396,0.01,0.95,10,10000,0.938,0.497,1,1,0.182943,0,1
4850,10000,9.79797,7.49894,10,0.106666,0.1,0.251189,0.903803,0.9,1,1.19437,1,1.5,0.0189066,0,0,0,0.01,0.95,10,10000,0.938,0.497,0,1,0.182943,0,0
4851,10000,8.55238,7.49894,10,0.326981,0.251189,0.630957,0.0737848,0.05,0.1,0.0670228,0,0.1,0.00474911,629.15,28.1933,22.6843,0.01,0.95,10,10000,0.938,0.497,25,20,0.0409074,0,0.8
4852,10000,8.59508,7.49894,10,0.313824,0.251189,0.630957,0.0735436,0.05,0.1,0.147279,0.1,0.2,0.00474911,1711.29,49.7908,61.7013,0.01,0.95,10,10000,0.938,0.497,68,50,0.0258721,0,0.735294
4853,10000,8.92406,7.49894,10,0.313978,0.251189,0.630957,0.079438,0.05,0.1,0.252456,0.2,0.3,0.00474911,1962.95,42.8025,70.7751,0.01,0.95,10,10000,0.938,0.497,78,74,0.0212667,0,0.948718
4854,10000,8.94163,7.49894,10,0.341622,0.251189,0.630957,0.0794874,0.05,0.1,0.346644,0.3,0.4,0.00474911,2516.6,60.0759,90.7373,0.01,0.95,10,10000,0.938,0.497,100,74,0.0212667,0,0.74
4855,10000,8.88903,7.49894,10,0.318902,0.251189,0.630957,0.0803105,0.05,0.1,0.449632,0.4,0.5,0.00474911,1862.28,49.3349,67.1456,0.01,0.95,10,10000,0.938,0.497,74,58,0.0240216,0,0.783784
4856,10000,8.78075,7.49894,10,0.318301,0.251189,0.630957,0.0816983,0.05,0.1,0.543666,0.5,0.6,0.00474911,1308.63,44.6755,47.1834,0.01,0.95,10,10000,0.938,0.497,52,37,0.0300757,0,0.711538
4857,10000,8.78286,7.49894,10,0.327324,0.251189,0.630957,0.0789975,0.05,0.1,0.645708,0.6,0.7,0.00474911,679.482,29.9889,24.4991,0.01,0.95,10,10000,0.938,0.497,27,21,0.0399215,0,0.777778
4858,10000,9.03314,7.49894,10,0.323126,0.251189,0.630957,0.0789902,0.05,0.1,0.737882,0.7,0.8,0.00474911,780.146,29.1853,28.1286,0.01,0.95,10,10000,0.938,0.497,31,27,0.0352075,0,0.870968
4859,10000,8.79541,7.49894,10,0.320351,0.251189,0.630957,0.0767621,0.05,0.1,0.858309,0.8,0.9,0.00474911,528.486,22.1277,19.0548,0.01,0.95,10,10000,0.938,0.497,21,20,0.0409074,0,0.952381
4860,10000,9.15159,7.49894,10,0.320612,0.251189,0.630957,0.083669,0.05,0.1,0.933699,0.9,1,0.00474911,251.66,17.831,9.07373,0.01,0.95,10,10000,0.938,0.497,10,8,0.0646803,0,0.8
4861,10000,9.12621,7.49894,10,0.307638,0.251189,0.630957,0.0830741,0.05,0.1,1.19479,1,1.5,0.0237456,75.498,-nan,2.72212,0.01,0.95,10,10000,0.938,0.497,15,16,0.0457358,0,1.06667
4862,10000,8.64533,7.49894,10,0.312108,0.251189,0.630957,0.124226,0.1,0.15,0.070495,0,0.1,0.00474911,528.486,21.098,19.0548,0.01,0.95,10,10000,0.938,0.497,21,21,0.0399215,0,1
4863,10000,8.71777,7.49894,10,0.332763,0.251189,0.630957,0.125412,0.1,0.15,0.148403,0.1,0.2,0.00474911,1384.13,36.7243,49.9055,0.01,0.95,10,10000,0.938,0.497,55,51,0.0256172,0,0.927273
4864,10000,8.65649,7.49894,10,0.34296,0.251189,0.630957,0.122114,0.1,0.15,0.249772,0.2,0.3,0.00474911,1786.79,44.0666,64.4235,0.01,0.95,10,10000,0.938,0.497,71,62,0.0232338,0,0.873239
4865,10000,8.84792,7.49894,10,0.325585,0.251189,0.630957,0.121824,0.1,0.15,0.339944,0.3,0.4,0.00474911,2113.94,53.7894,76.2193,0.01,0.95,10,10000,0.938,0.497,84,64,0.0228679,0,0.761905
4866,10000,8.69224,7.49894,10,0.336403,0.251189,0.630957,0.124537,0.1,0.15,0.444229,0.4,0.5,0.00474911,1560.29,43.3714,56.2571,0.01,0.95,10,10000,0.938,0.497,62,51,0.0256172,0,0.822581
4867,10000,8.52232,7.49894,10,0.319393,0.251189,0.630957,0.121553,0.1,0.15,0.55341,0.5,0.6,0.00474911,1384.13,34.1438,49.9055,0.01,0.95,10,10000,0.938,0.497,55,55,0.0246681,0,1
4868,10000,8.87551,7.49894,10,0.337966,0.251189,0.630957,0.122037,0.1,0.15,0.646889,0.6,0.7,0.00474911,1056.97,42.1959,38.1097,0.01,0.95,10,10000,0.938,0.497,42,28,0.0345731,0,0.666667
4869,10000,8.72598,7.49894,10,0.3264,0.251189,0.630957,0.126985,0.1,0.15,0.745493,0.7,0.8,0.00474911,1006.64,32.1911,36.2949,0.01,0.95,10,10000,0.938,0.497,40,36,0.0304906,0,0.9
4870,10000,9.04759,7.49894,10,0.304683,0.251189,0.630957,0.125706,0.1,0.15,0.837096,0.8,0.9,0.00474911,528.486,23.2128,19.0548,0.01,0.95,10,10000,0.938,0.497,21,19,0.0419701,0,0.904762
4871,10000,8.69995,7.49894,10,0.287868,0.251189,0.630957,0.128778,0.1,0.15,0.947332,0.9,1,0.00474911,301.992,22.5547,10.8885,0.01,0.95,10,10000,0.938,0.497,12,8,0.0646803,0,0.666667
4872,10000,8.98586,7.49894,10,0.317401,0.251189,0.630957,0.127628,0.1,0.15,1.20569,1,1.5,0.0237456,150.996,6.87296,5.44424,0.01,0.95,10,10000,0.938,0.497,30,21,0.0399215,0,0.7
4873,10000,8.57646,7.49894,10,0.352806,0.251189,0.630957,0.179322,0.15,0.2,0.0698081,0,0.1,0.00474911,352.324,23.1117,12.7032,0.01,0.95,10,10000,0.938,0.497,14,10,0.0578518,0,0.714286
4874,10000,8.56003,7.49894,10,0.330154,0.251189,0.630957,0.16503,0.15,0.2,0.153469,0.1,0.2,0.00474911,805.312,28.6115,29.0359,0.01,0.95,10,10000,0.938,0.497,32,29,0.0339717,0,0.90625
4875,10000,8.70178,7.49894,10,0.332297,0.251189,0.630957,0.172755,0.15,0.2,0.250474,0.2,0.3,0.00474911,1056.97,-nan,38.1097,0.01,0.95,10,10000,0.938,0.497,42,46,0.0269735,0,1.09524
4876,10000,8.77475,7.49894,10,0.353568,0.251189,0.630957,0.171274,0.15,0.2,0.35629,0.3,0.4,0.00474911,1308.63,36.5612,47.1834,0.01,0.95,10,10000,0.938,0.497,52,47,0.026685,0,0.903846
4877,10000,8.6818,7.49894,10,0.3225,0.251189,0.630957,0.174497,0.15,0.2,0.45009,0.4,0.5,0.00474911,1308.63,41.1539,47.1834,0.01,0.95,10,10000,0.938,0.497,52,41,0.028571,0,0.788462
4878,10000,8.64063,7.49894,10,0.370602,0.251189,0.630957,0.173516,0.15,0.2,0.540573,0.5,0.6,0.00474911,956.308,31.5433,34.4802,0.01,0.95,10,10000,0.938,0.497,38,34,0.0313745,0,0.894737
4879,10000,8.65192,7.49894,10,0.36654,0.251189,0.630957,0.170079,0.15,0.2,0.64739,0.6,0.7,0.00474911,754.98,-nan,27.2212,0.01,0.95,10,10000,0.938,0.497,30,34,0.0313745,0,1.13333
4880,10000,8.58754,7.49894,10,0.328503,0.251189,0.630957,0.175083,0.15,0.2,0.740765,0.7,0.8,0.00474911,503.32,28.0588,18.1475,0.01,0.95,10,10000,0.938,0.497,20,14,0.0488937,0,0.7
4881,10000,8.63313,7.49894,10,0.351174,0.251189,0.630957,0.170034,0.15,0.2,0.844483,0.8,0.9,0.00474911,578.818,35.1787,20.8696,0.01,0.95,10,10000,0.938,0.497,23,13,0.0507394,0,0.565217
4882,10000,8.55223,7.49894,10,0.344988,0.251189,0.630957,0.171458,0.15,0.2,0.943157,0.9,1,0.00474911,352.324,27.2373,12.7032,0.01,0.95,10,10000,0.938,0.497,14,8,0.0646803,0,0.571429
4883,10000,8.60171,7.49894,10,0.34026,0.251189,0.630957,0.175298,0.15,0.2,1.25402,1,1.5,0.0237456,100.664,4.78978,3.62949,0.01,0.95,10,10000,0.938,0.497,20,17,0.0443703,0,0.85
4884,10000,8.99772,7.49894,10,0.382953,0.251189,0.630957,0.218781,0.2,0.25,0.0661786,0,0.1,0.00474911,201.328,16.8113,7.25898,0.01,0.95,10,10000,0.938,0.497,8,6,0.0746863,0,0.75
4885,10000,8.28445,7.49894,10,0.326073,0.251189,0.630957,0.218175,0.2,0.25,0.158877,0.1,0.2,0.00474911,327.158,16.5998,11.7958,0.01,0.95,10,10000,0.938,0.497,13,13,0.0507394,0,1
4886,10000,8.53828,7.49894,10,0.329624,0.251189,0.630957,0.222125,0.2,0.25,0.260429,0.2,0.3,0.00474911,805.312,-nan,29.0359,0.01,0.95,10,10000,0.938,0.497,32,35,0.0309231,0,1.09375
4887,10000,8.53401,7.49894,10,0.340714,0.251189,0.630957,0.221781,0.2,0.25,0.356723,0.3,0.4,0.00474911,1031.81,43.2643,37.2023,0.01,0.95,10,10000,0.938,0.497,41,26,0.0358782,0,0.634146
4888,10000,8.69019,7.49894,10,0.333098,0.251189,0.630957,0.225414,0.2,0.25,0.454614,0.4,0.5,0.00474911,1006.64,30.6121,36.2949,0.01,0.95,10,10000,0.938,0.497,40,38,0.0296773,0,0.95
4889,10000,8.68764,7.49894,10,0.324042,0.251189,0.630957,0.221605,0.2,0.25,0.547918,0.5,0.6,0.00474911,1157.64,44.8895,41.7391,0.01,0.95,10,10000,0.938,0.497,46,30,0.0334007,0,0.652174
4890,10000,8.63679,7.49894,10,0.360611,0.251189,0.630957,0.226752,0.2,0.25,0.639838,0.6,0.7,0.00474911,754.98,-nan,27.2212,0.01,0.95,10,10000,0.938,0.497,30,32,0.0323401,0,1.06667
4891,10000,8.76383,7.49894,10,0.340539,0.251189,0.630957,0.223162,0.2,0.25,0.735656,0.7,0.8,0.00474911,478.154,23.532,17.2401,0.01,0.95,10,10000,0.938,0.497,19,16,0.0457358,0,0.842105
4892,10000,8.63298,7.49894,10,0.353428,0.251189,0.630957,0.226692,0.2,0.25,0.850534,0.8,0.9,0.00474911,276.826,-nan,9.9811,0.01,0.95,10,10000,0.938,0.497,11,12,0.0528112,0,1.09091
4893,10000,8.13012,7.49894,10,0.32309,0.251189,0.630957,0.219176,0.2,0.25,0.945863,0.9,1,0.00474911,301.992,17.3379,10.8885,0.01,0.95,10,10000,0.938,0.497,12,11,0.0551595,0,0.916667
4894,10000,8.77225,7.49894,10,0.347401,0.251189,0.630957,0.228357,0.2,0.25,1.16878,1,1.5,0.0237456,70.4648,-nan,2.54064,0.01,0.95,10,10000,0.938,0.497,14,18,0.0431202,0,1.28571
4895,10000,9.18373,7.49894,10,0.337815,0.251189,0.630957,0.275991,0.25,0.3,0.0849545,0,0.1,0.00474911,125.83,-nan,4.53686,0.01,0.95,10,10000,0.938,0.497,5,6,0.0746863,0,1.2
4896,10000,8.74806,7.49894,10,0.323114,0.251189,0.630957,0.273847,0.25,0.3,0.153005,0.1,0.2,0.00474911,251.66,-nan,9.07373,0.01,0.95,10,10000,0.938,0.497,10,12,0.0528112,0,1.2
4897,10000,8.64037,7.49894,10,0.31216,0.251189,0.630957,0.271217,0.25,0.3,0.255658,0.2,0.3,0.00474911,427.822,24.1264,15.4253,0.01,0.95,10,10000,0.938,0.497,17,13,0.0507394,0,0.764706
4898,10000,8.42714,7.49894,10,0.363912,0.251189,0.630957,0.274991,0.25,0.3,0.355534,0.3,0.4,0.00474911,603.984,25.5746,21.7769,0.01,0.95,10,10000,0.938,0.497,24,21,0.0399215,0,0.875
4899,10000,8.90017,7.49894,10,0.337806,0.251189,0.630957,0.273482,0.25,0.3,0.439919,0.4,0.5,0.00474911,578.818,23.0616,20.8696,0.01,0.95,10,10000,0.938,0.497,23,22,0.0390037,0,0.956522
4900,10000,8.42172,7.49894,10,0.343349,0.251189,0.630957,0.270196,0.25,0.3,0.555095,0.5,0.6,0.00474911,654.316,25.3566,23.5917,0.01,0.95,10,10000,0.938,0.497,26,24,0.0373432,0,0.923077
4901,10000,8.71834,7.49894,10,0.341091,0.251189,0.630957,0.276231,0.25,0.3,0.633282,0.6,0.7,0.00474911,301.992,-nan,10.8885,0.01,0.95,10,10000,0.938,0.497,12,14,0.0488937,0,1.16667
4902,10000,8.36413,7.49894,10,0.33033,0.251189,0.630957,0.272759,0.25,0.3,0.745267,0.7,0.8,0.00474911,276.826,-nan,9.9811,0.01,0.95,10,10000,0.938,0.497,11,13,0.0507394,0,1.18182
4903,10000,8.77377,7.49894,10,0.362221,0.251189,0.630957,0.275886,0.25,0.3,0.847801,0.8,0.9,0.00474911,150.996,-nan,5.44424,0.01,0.95,10,10000,0.938,0.497,6,8,0.0646803,0,1.33333
4904,10000,9.20279,7.49894,10,0.331047,0.251189,0.630957,0.258632,0.25,0.3,0.952578,0.9,1,0.00474911,100.664,-nan,3.62949,0.01,0.95,10,10000,0.938,0.497,4,6,0.0746863,0,1.5
4905,10000,8.37141,7.49894,10,0.339919,0.251189,0.630957,0.275785,0.25,0.3,1.19321,1,1.5,0.0237456,50.332,-nan,1.81475,0.01,0.95,10,10000,0.938,0.497,10,14,0.0488937,0,1.4
4906,10000,8.42707,7.49894,10,0.324762,0.251189,0.630957,0.337059,0.3,0.4,0.0579649,0,0.1,0.00949823,88.081,7.03265,3.1758,0.01,0.95,10,10000,0.938,0.497,7,6,0.0746863,0,0.857143
4907,10000,9.01059,7.49894,10,0.301066,0.251189,0.630957,0.344991,0.3,0.4,0.151109,0.1,0.2,0.00949823,188.745,14.7847,6.8053,0.01,0.95,10,10000,0.938,0.497,15,8,0.0646803,0,0.533333
4908,10000,8.66799,7.49894,10,0.329299,0.251189,0.630957,0.34531,0.3,0.4,0.24905,0.2,0.3,0.00949823,301.992,13.9325,10.8885,0.01,0.95,10,10000,0.938,0.497,24,19,0.0419701,0,0.791667
4909,10000,8.62838,7.49894,10,0.357149,0.251189,0.630957,0.344672,0.3,0.4,0.353132,0.3,0.4,0.00949823,390.073,15.0816,14.0643,0.01,0.95,10,10000,0.938,0.497,31,26,0.0358782,0,0.83871
4910,10000,8.33186,7.49894,10,0.320248,0.251189,0.630957,0.338671,0.3,0.4,0.43961,0.4,0.5,0.00949823,201.328,-nan,7.25898,0.01,0.95,10,10000,0.938,0.497,16,17,0.0443703,0,1.0625
4911,10000,8.99123,7.49894,10,0.335945,0.251189,0.630957,0.343854,0.3,0.4,0.550991,0.5,0.6,0.00949823,176.162,9.25207,6.35161,0.01,0.95,10,10000,0.938,0.497,14,13,0.0507394,0,0.928571
4912,10000,8.47571,7.49894,10,0.366949,0.251189,0.630957,0.352186,0.3,0.4,0.65227,0.6,0.7,0.00949823,314.575,16.7784,11.3422,0.01,0.95,10,10000,0.938,0.497,25,16,0.0457358,0,0.64
4913,10000,8.70978,7.49894,10,0.367404,0.251189,0.630957,0.350961,0.3,0.4,0.740344,0.7,0.8,0.00949823,150.996,10.2947,5.44424,0.01,0.95,10,10000,0.938,0.497,12,9,0.0609811,0,0.75
4914,10000,8.43029,7.49894,10,0.351094,0.251189,0.630957,0.340587,0.3,0.4,0.859907,0.8,0.9,0.00949823,125.83,-nan,4.53686,0.01,0.95,10,10000,0.938,0.497,10,11,0.0551595,0,1.1
4915,10000,9.24739,7.49894,10,0.35621,0.251189,0.630957,0.34432,0.3,0.4,0.946536,0.9,1,0.00949823,75.498,7.97428,2.72212,0.01,0.95,10,10000,0.938,0.497,6,4,0.0914717,0,0.666667
4916,10000,8.46964,7.49894,10,0.338486,0.251189,0.630957,0.358512,0.3,0.4,1.19997,1,1.5,0.0474911,42.7822,2.41264,1.54253,0.01,0.95,10,10000,0.938,0.497,17,13,0.0507394,0,0.764706
4917,10000,7.74365,7.49894,10,0.366913,0.251189,0.630957,0.429526,0.4,0.5,0.0582596,0,0.1,0.00949823,12.583,-nan,0.453686,0.01,0.95,10,10000,0.938,0.497,1,2,0.129361,0,2
4918,10000,8.26931,7.49894,10,0.365524,0.251189,0.630957,0.434557,0.4,0.5,0.174097,0.1,0.2,0.00949823,50.332,4.60395,1.81475,0.01,0.95,10,10000,0.938,0.497,4,4,0.0914717,0,1
4919,10000,8.9955,7.49894,10,0.318023,0.251189,0.630957,0.432501,0.4,0.5,0.240219,0.2,0.3,0.00949823,125.83,7.27949,4.53686,0.01,0.95,10,10000,0.938,0.497,10,10,0.0578518,0,1
4920,10000,8.65255,7.49894,10,0.317611,0.251189,0.630957,0.444543,0.4,0.5,0.355869,0.3,0.4,0.00949823,188.745,-nan,6.8053,0.01,0.95,10,10000,0.938,0.497,15,18,0.0431202,0,1.2
4921,10000,8.46638,7.49894,10,0.329459,0.251189,0.630957,0.438774,0.4,0.5,0.448387,0.4,0.5,0.00949823,125.83,7.27949,4.53686,0.01,0.95,10,10000,0.938,0.497,10,10,0.0578518,0,1
4922,10000,8.95599,7.49894,10,0.351269,0.251189,0.630957,0.482157,0.4,0.5,0.560018,0.5,0.6,0.00949823,75.498,12.6084,2.72212,0.01,0.95,10,10000,0.938,0.497,6,2,0.129361,0,0.333333
4923,10000,9.02889,7.49894,10,0.323241,0.251189,0.630957,0.428681,0.4,0.5,0.630008,0.6,0.7,0.00949823,100.664,8.40563,3.62949,0.01,0.95,10,10000,0.938,0.497,8,6,0.0746863,0,0.75
4924,10000,8.74148,7.49894,10,0.328887,0.251189,0.630957,0.435502,0.4,0.5,0.760058,0.7,0.8,0.00949823,88.081,-nan,3.1758,0.01,0.95,10,10000,0.938,0.497,7,10,0.0578518,0,1.42857
4925,10000,8.59347,7.49894,10,0.345758,0.251189,0.630957,0.450495,0.4,0.5,0.842319,0.8,0.9,0.00949823,62.915,-nan,2.26843,0.01,0.95,10,10000,0.938,0.497,5,9,0.0609811,0,1.8
4926,10000,7.61132,7.49894,10,0.294225,0.251189,0.630957,0.470432,0.4,0.5,0.959633,0.9,1,0.00949823,100.664,25.2169,3.62949,0.01,0.95,10,10000,0.938,0.497,8,1,0.182943,0,0.125
4927,10000,8.36401,7.49894,10,0.325526,0.251189,0.630957,0.440689,0.4,0.5,1.10458,1,1.5,0.0474911,12.583,-nan,0.453686,0.01,0.95,10,10000,0.938,0.497,5,7,0.0691461,0,1.4
4928,10000,8.11183,7.49894,10,0.373551,0.251189,0.630957,0.515658,0.5,0.6,0.0590297,0,0.1,0.00949823,12.583,2.30198,0.453686,0.01,0.95,10,10000,0.938,0.497,1,1,0.182943,0,1
4929,10000,8.64162,7.49894,10,0.271386,0.251189,0.630957,0.54834,0.5,0.6,0.154119,0.1,0.2,0.00949823,37.749,8.91551,1.36106,0.01,0.95,10,10000,0.938,0.497,3,1,0.182943,0,0.333333
4930,10000,8.60367,7.49894,10,0.270333,0.251189,0.630957,0.552731,0.5,0.6,0.266077,0.2,0.3,0.00949823,12.583,-nan,0.453686,0.01,0.95,10,10000,0.938,0.497,1,2,0.129361,0,2
4931,10000,8.52685,7.49894,10,0.33153,0.251189,0.630957,0.549404,0.5,0.6,0.354375,0.3,0.4,0.00949823,88.081,7.03265,3.1758,0.01,0.95,10,10000,0.938,0.497,7,6,0.0746863,0,0.857143
4932,10000,8.94732,7.49894,10,0.306342,0.251189,0.630957,0.528401,0.5,0.6,0.457315,0.4,0.5,0.00949823,50.332,-nan,1.81475,0.01,0.95,10,10000,0.938,0.497,4,6,0.0746863,0,1.5
4933,10000,8.20354,7.49894,10,0.299971,0.251189,0.630957,0.529382,0.5,0.6,0.545306,0.5,0.6,0.00949823,113.247,11.1355,4.08318,0.01,0.95,10,10000,0.938,0.497,9,5,0.0818148,0,0.555556
4934,10000,8.39654,7.49894,10,0.311726,0.251189,0.630957,0.522295,0.5,0.6,0.632673,0.6,0.7,0.00949823,37.749,3.98714,1.36106,0.01,0.95,10,10000,0.938,0.497,3,3,0.105622,0,1
4935,10000,9.75676,7.49894,10,0.351529,0.251189,0.630957,0.504525,0.5,0.6,0.727561,0.7,0.8,0.00949823,50.332,5.94368,1.81475,0.01,0.95,10,10000,0.938,0.497,4,3,0.105622,0,0.75
4936,10000,7.98632,7.49894,10,0.334601,0.251189,0.630957,0.531058,0.5,0.6,0.847024,0.8,0.9,0.00949823,25.166,3.25549,0.907373,0.01,0.95,10,10000,0.938,0.497,2,2,0.129361,0,1
4937,10000,8.06406,7.49894,10,0.427679,0.251189,0.630957,0.563635,0.5,0.6,0.947287,0.9,1,0.00949823,37.749,5.63867,1.36106,0.01,0.95,10,10000,0.938,0.497,3,2,0.129361,0,0.666667
4938,10000,8.36389,7.49894,10,0.365443,0.251189,0.630957,0.525598,0.5,0.6,1.10471,1,1.5,0.0474911,15.0996,1.59486,0.544424,0.01,0.95,10,10000,0.938,0.497,6,4,0.0914717,0,0.666667
4939,10000,9.14131,7.49894,10,0.276555,0.251189,0.630957,0.633912,0.6,0.7,0.290559,0.2,0.3,0.00949823,25.166,5.63867,0.907373,0.01,0.95,10,10000,0.938,0.497,2,1,0.182943,0,0.5
4940,10000,7.52386,7.49894,10,0.258381,0.251189,0.630957,0.642759,0.6,0.7,0.332038,0.3,0.4,0.00949823,25.166,5.63867,0.907373,0.01,0.95,10,10000,0.938,0.497,2,1,0.182943,0,0.5
4941,10000,8.27427,7.49894,10,0.303656,0.251189,0.630957,0.661062,0.6,0.7,0.478419,0.4,0.5,0.00949823,12.583,2.30198,0.453686,0.01,0.95,10,10000,0.938,0.497,1,1,0.182943,0,1
4942,10000,8.85042,7.49894,10,0.259233,0.251189,0.630957,0.626154,0.6,0.7,0.518176,0.5,0.6,0.00949823,50.332,7.97428,1.81475,0.01,0.95,10,10000,0.938,0.497,4,2,0.129361,0,0.5
4943,10000,8.96426,7.49894,10,0.256357,0.251189,0.630957,0.627055,0.6,0.7,0.650089,0.6,0.7,0.00949823,25.166,5.63867,0.907373,0.01,0.95,10,10000,0.938,0.497,2,1,0.182943,0,0.5
4944,10000,8.65108,7.49894,10,0.316442,0.251189,0.630957,0.654587,0.6,0.7,0.749526,0.7,0.8,0.00949823,50.332,4.60395,1.81475,0.01,0.95,10,10000,0.938,0.497,4,4,0.0914717,0,1
4945,10000,9.96623,7.49894,10,0.295061,0.251189,0.630957,0.660948,0.6,0.7,0.814239,0.8,0.9,0.00949823,12.583,2.30198,0.453686,0.01,0.95,10,10000,0.938,0.497,1,1,0.182943,0,1
4946,10000,7.93916,7.49894,10,0.285936,0.251189,0.630957,0.746444,0.7,0.8,0.489535,0.4,0.5,0.00949823,25.166,5.63867,0.907373,0.01,0.95,10,10000,0.938,0.497,2,1,0.182943,0,0.5
4947,10000,7.92072,7.49894,10,0.282831,0.251189,0.630957,0.72209,0.7,0.8,0.77567,0.7,0.8,0.00949823,12.583,2.30198,0.453686,0.01,0.95,10,10000,0.938,0.497,1,1,0.182943,0,1
4948,10000,8.59259,7.49894,10,0.340346,0.251189,0.630957,0.731438,0.7,0.8,0.846311,0.8,0.9,0.00949823,37.749,5.63867,1.36106,0.01,0.95,10,10000,0.938,0.497,3,2,0.129361,0,0.666667
4949,10000,7.86526,7.49894,10,0.269478,0.251189,0.630957,0.830229,0.8,0.9,0.382383,0.3,0.4,0.00949823,0,0,0,0.01,0.95,10,10000,0.938,0.497,0,1,0.182943,0,0
4950,10000,9.7917,7.49894,10,0.643903,0.630957,1,0.138104,0.1,0.15,0.125124,0.1,0.2,0.00461499,0,0,0,0.01,0.95,10,10000,0.938,0.497,0,1,0.182943,0,0
4951,10000,8.5478,7.49894,10,0.726603,0.630957,1,0.141421,0.1,0.15,0.255411,0.2,0.3,0.00461499,51.7947,11.6051,1.86748,0.01,0.95,10,10000,0.938,0.497,2,1,0.182943,0,0.5
4952,10000,9.41077,7.49894,10,0.815045,0.630957,1,0.181286,0.15,0.2,0.229667,0.2,0.3,0.00461499,0,0,0,0.01,0.95,10,10000,0.938,0.497,0,1,0.182943,0,0
4953,10000,10.4107,10,13.3352,0.0118872,0.01,0.0158489,0.0533167,0.05,0.1,0.499606,0.4,0.5,9.75367e-05,0,0,0,0.01,0.95,10,10000,0.938,0.497,0,1,0.182943,0,0
4954,10000,12.0329,10,13.3352,0.0161182,0.0158489,0.0251189,0.129651,0.1,0.15,1.19752,1,1.5,0.000772936,154.626,28.2878,5.57512,0.01,0.95,10,10000,0.938,0.497,1,1,0.182943,0,1
4955,10000,16.2632,13.3352,17.7828,0.0539026,0.0398107,0.0630957,0.0561906,0.05,0.1,0.911377,0.9,1,0.00051781,230.811,42.2253,8.322,0.01,0.95,10,10000,0.938,0.497,1,1,0.182943,0,1
