id, s[GeV^{2}], <Q>[GeV], Q_min[GeV], Q_max[GeV], <xB>, xB_min, xB_max, <z>, z_min, z_max, <pT>, pT_min, pT_max, Delta_bin[GeV^3], xSec_diff[pb/GeV^3], xSec_uncorr_error, xSec_corr_error, y_min, y_max, W2_min[GeV^2], W2_max[GeV^2],target_mass[GeV], product_mass[GeV], N_gen, N_reco, abs_stat_error, abs_sys_error, efficiency 
1,10000,1.52952,1,1.77828,0.000273734,0.0001,0.000398107,0.0752394,0.05,0.1,0.154755,0.1,0.2,1.16005e-06,39425.1,34978.3,1421.49,0.01,0.95,10,10000,0.938,0.139,10,2,0.661286,0,0.2
2,10000,1.37834,1,1.77828,0.000220868,0.0001,0.000398107,0.0696935,0.05,0.1,0.244386,0.2,0.3,1.16005e-06,43367.6,30774.4,1563.64,0.01,0.95,10,10000,0.938,0.139,11,3,0.539938,0,0.272727
3,10000,1.53206,1,1.77828,0.000283597,0.0001,0.000398107,0.0814358,0.05,0.1,0.358303,0.3,0.4,1.16005e-06,43367.6,22548.3,1563.64,0.01,0.95,10,10000,0.938,0.139,11,5,0.418234,0,0.454545
4,10000,1.36248,1,1.77828,0.000213983,0.0001,0.000398107,0.0784767,0.05,0.1,0.455834,0.4,0.5,1.16005e-06,43367.6,30774.4,1563.64,0.01,0.95,10,10000,0.938,0.139,11,3,0.539938,0,0.272727
5,10000,1.37566,1,1.77828,0.00022464,0.0001,0.000398107,0.07879,0.05,0.1,0.536477,0.5,0.6,1.16005e-06,35482.6,24733.4,1279.34,0.01,0.95,10,10000,0.938,0.139,9,3,0.539938,0,0.333333
6,10000,1.40177,1,1.77828,0.000234895,0.0001,0.000398107,0.0679637,0.05,0.1,0.659238,0.6,0.7,1.16005e-06,23655.1,12772.3,852.896,0.01,0.95,10,10000,0.938,0.139,6,4,0.4676,0,0.666667
7,10000,1.54596,1,1.77828,0.000274573,0.0001,0.000398107,0.0593169,0.05,0.1,0.742244,0.7,0.8,1.16005e-06,23655.1,10686,852.896,0.01,0.95,10,10000,0.938,0.139,6,5,0.418234,0,0.833333
8,10000,1.44799,1,1.77828,0.000279509,0.0001,0.000398107,0.0756379,0.05,0.1,0.830055,0.8,0.9,1.16005e-06,11827.5,9031.36,426.448,0.01,0.95,10,10000,0.938,0.139,3,2,0.661286,0,0.666667
9,10000,1.49866,1,1.77828,0.000270443,0.0001,0.000398107,0.0766818,0.05,0.1,0.94229,0.9,1,1.16005e-06,19712.6,10097.4,710.747,0.01,0.95,10,10000,0.938,0.139,5,4,0.4676,0,0.8
10,10000,1.63283,1,1.77828,0.00031088,0.0001,0.000398107,0.0739844,0.05,0.1,1.23387,1,1.5,5.80027e-06,3942.51,2518.73,142.149,0.01,0.95,10,10000,0.938,0.139,5,3,0.539938,0,0.6
11,10000,1.50925,1,1.77828,0.000276492,0.0001,0.000398107,0.123176,0.1,0.15,0.189972,0.1,0.2,1.16005e-06,15770,12772.3,568.597,0.01,0.95,10,10000,0.938,0.139,4,2,0.661286,0,0.5
12,10000,1.58019,1,1.77828,0.000329377,0.0001,0.000398107,0.11006,0.1,0.15,0.271754,0.2,0.3,1.16005e-06,11827.5,6386.14,426.448,0.01,0.95,10,10000,0.938,0.139,3,3,0.539938,0,1
13,10000,1.5131,1,1.77828,0.000290876,0.0001,0.000398107,0.110879,0.1,0.15,0.374169,0.3,0.4,1.16005e-06,27597.6,18679.4,995.045,0.01,0.95,10,10000,0.938,0.139,7,3,0.539938,0,0.428571
14,10000,1.56136,1,1.77828,0.000278705,0.0001,0.000398107,0.113259,0.1,0.15,0.453099,0.4,0.5,1.16005e-06,27597.6,13087.7,995.045,0.01,0.95,10,10000,0.938,0.139,7,5,0.418234,0,0.714286
15,10000,1.36015,1,1.77828,0.000234255,0.0001,0.000398107,0.113744,0.1,0.15,0.526984,0.5,0.6,1.16005e-06,23655.1,12772.3,852.896,0.01,0.95,10,10000,0.938,0.139,6,4,0.4676,0,0.666667
16,10000,1.26769,1,1.77828,0.000190477,0.0001,0.000398107,0.11202,0.1,0.15,0.678972,0.6,0.7,1.16005e-06,23655.1,15642.8,852.896,0.01,0.95,10,10000,0.938,0.139,6,3,0.539938,0,0.5
17,10000,1.36245,1,1.77828,0.000256773,0.0001,0.000398107,0.113788,0.1,0.15,0.708689,0.7,0.8,1.16005e-06,11827.5,9031.36,426.448,0.01,0.95,10,10000,0.938,0.139,3,2,0.661286,0,0.666667
18,10000,1.53689,1,1.77828,0.000297309,0.0001,0.000398107,0.132591,0.1,0.15,0.839206,0.8,0.9,1.16005e-06,15770,7374.07,568.597,0.01,0.95,10,10000,0.938,0.139,4,4,0.4676,0,1
19,10000,1.72229,1,1.77828,0.00033997,0.0001,0.000398107,0.10528,0.1,0.15,0.978266,0.9,1,1.16005e-06,7885.02,9031.36,284.299,0.01,0.95,10,10000,0.938,0.139,2,1,0.9352,0,0.5
20,10000,1.39936,1,1.77828,0.00024005,0.0001,0.000398107,0.119315,0.1,0.15,1.28619,1,1.5,5.80027e-06,3942.51,2019.47,142.149,0.01,0.95,10,10000,0.938,0.139,5,4,0.4676,0,0.8
21,10000,1.03506,1,1.77828,0.000161126,0.0001,0.000398107,0.160601,0.15,0.2,0.0872702,0,0.1,1.16005e-06,3942.51,3687.04,142.149,0.01,0.95,10,10000,0.938,0.139,1,1,0.9352,0,1
22,10000,1.58029,1,1.77828,0.000335102,0.0001,0.000398107,0.198768,0.15,0.2,0.168703,0.1,0.2,1.16005e-06,0,0,0,0.01,0.95,10,10000,0.938,0.139,0,1,0.9352,0,0
23,10000,1.23304,1,1.77828,0.000170957,0.0001,0.000398107,0.171693,0.15,0.2,0.399683,0.3,0.4,1.16005e-06,3942.51,3687.04,142.149,0.01,0.95,10,10000,0.938,0.139,1,1,0.9352,0,1
24,10000,1.46423,1,1.77828,0.000246321,0.0001,0.000398107,0.161246,0.15,0.2,0.446948,0.4,0.5,1.16005e-06,7885.02,5214.26,284.299,0.01,0.95,10,10000,0.938,0.139,2,2,0.661286,0,1
25,10000,1.40734,1,1.77828,0.000312485,0.0001,0.000398107,0.166643,0.15,0.2,0.583425,0.5,0.6,1.16005e-06,3942.51,3687.04,142.149,0.01,0.95,10,10000,0.938,0.139,1,1,0.9352,0,1
26,10000,1.57211,1,1.77828,0.000386134,0.0001,0.000398107,0.198472,0.15,0.2,0.697975,0.6,0.7,1.16005e-06,7885.02,9031.36,284.299,0.01,0.95,10,10000,0.938,0.139,2,1,0.9352,0,0.5
27,10000,1.57019,1,1.77828,0.000296854,0.0001,0.000398107,0.182344,0.15,0.2,0.827944,0.8,0.9,1.16005e-06,3942.51,3687.04,142.149,0.01,0.95,10,10000,0.938,0.139,1,1,0.9352,0,1
28,10000,1.45727,1,1.77828,0.000257338,0.0001,0.000398107,0.17259,0.15,0.2,1.17655,1,1.5,5.80027e-06,7885.02,2578,284.299,0.01,0.95,10,10000,0.938,0.139,10,9,0.311733,0,0.9
29,10000,1.04464,1,1.77828,0.000125085,0.0001,0.000398107,0.206708,0.2,0.25,0.954905,0.9,1,1.16005e-06,7885.02,9031.36,284.299,0.01,0.95,10,10000,0.938,0.139,2,1,0.9352,0,0.5
30,10000,1.37837,1,1.77828,0.000242552,0.0001,0.000398107,0.228272,0.2,0.25,1.08832,1,1.5,5.80027e-06,3942.51,2019.47,142.149,0.01,0.95,10,10000,0.938,0.139,5,4,0.4676,0,0.8
31,10000,1.50004,1,1.77828,0.0002502,0.0001,0.000398107,0.279609,0.25,0.3,0.57309,0.5,0.6,1.16005e-06,7885.02,9031.36,284.299,0.01,0.95,10,10000,0.938,0.139,2,1,0.9352,0,0.5
32,10000,1.30877,1,1.77828,0.000194792,0.0001,0.000398107,0.259034,0.25,0.3,0.734469,0.7,0.8,1.16005e-06,3942.51,3687.04,142.149,0.01,0.95,10,10000,0.938,0.139,1,1,0.9352,0,1
33,10000,1.58529,1,1.77828,0.000312446,0.0001,0.000398107,0.257793,0.25,0.3,0.84426,0.8,0.9,1.16005e-06,11827.5,9031.36,426.448,0.01,0.95,10,10000,0.938,0.139,3,2,0.661286,0,0.666667
34,10000,1.46703,1,1.77828,0.000277047,0.0001,0.000398107,0.284216,0.25,0.3,1.17274,1,1.5,5.80027e-06,3942.51,2518.73,142.149,0.01,0.95,10,10000,0.938,0.139,5,3,0.539938,0,0.6
35,10000,1.73441,1,1.77828,0.000344465,0.0001,0.000398107,0.389487,0.3,0.4,0.600129,0.6,0.7,2.32011e-06,1971.26,1843.52,71.0747,0.01,0.95,10,10000,0.938,0.139,1,1,0.9352,0,1
36,10000,1.6354,1,1.77828,0.000449271,0.000398107,0.000630957,0.0707986,0.05,0.1,0.518402,0.5,0.6,9.06113e-07,5047.41,4720.34,181.987,0.01,0.95,10,10000,0.938,0.139,1,1,0.9352,0,1
37,10000,1.77202,1,1.77828,0.000429892,0.000398107,0.000630957,0.057108,0.05,0.1,0.622308,0.6,0.7,9.06113e-07,5047.41,4720.34,181.987,0.01,0.95,10,10000,0.938,0.139,1,1,0.9352,0,1
38,10000,1.63647,1,1.77828,0.000444521,0.000398107,0.000630957,0.194073,0.15,0.2,0.22708,0.2,0.3,9.06113e-07,5047.41,4720.34,181.987,0.01,0.95,10,10000,0.938,0.139,1,1,0.9352,0,1
39,10000,1.6578,1,1.77828,0.000461776,0.000398107,0.000630957,0.156783,0.15,0.2,0.314836,0.3,0.4,9.06113e-07,5047.41,4720.34,181.987,0.01,0.95,10,10000,0.938,0.139,1,1,0.9352,0,1
40,10000,1.69002,1,1.77828,0.000485316,0.000398107,0.000630957,0.215999,0.2,0.25,0.209761,0.2,0.3,9.06113e-07,5047.41,4720.34,181.987,0.01,0.95,10,10000,0.938,0.139,1,1,0.9352,0,1
41,10000,1.42443,1,1.77828,0.00041064,0.000398107,0.000630957,0.312644,0.3,0.4,0.911136,0.9,1,1.81223e-06,2523.71,2360.17,90.9936,0.01,0.95,10,10000,0.938,0.139,1,1,0.9352,0,1
42,10000,1.86925,1.77828,2.37137,0.000389463,0.0001,0.000398107,0.0867948,0.05,0.1,0.19513,0.1,0.2,8.84026e-07,5173.52,4838.28,186.534,0.01,0.95,10,10000,0.938,0.139,1,1,0.9352,0,1
43,10000,1.79922,1.77828,2.37137,0.000365297,0.0001,0.000398107,0.0664862,0.05,0.1,0.414574,0.4,0.5,8.84026e-07,15520.6,18738.6,559.602,0.01,0.95,10,10000,0.938,0.139,3,1,0.9352,0,0.333333
44,10000,1.86141,1.77828,2.37137,0.00038327,0.0001,0.000398107,0.0660444,0.05,0.1,0.648921,0.6,0.7,8.84026e-07,10347,6842.36,373.068,0.01,0.95,10,10000,0.938,0.139,2,2,0.661286,0,1
45,10000,1.81554,1.77828,2.37137,0.00037292,0.0001,0.000398107,0.0839807,0.05,0.1,0.908851,0.9,1,8.84026e-07,5173.52,4838.28,186.534,0.01,0.95,10,10000,0.938,0.139,1,1,0.9352,0,1
46,10000,1.83835,1.77828,2.37137,0.000375742,0.0001,0.000398107,0.114213,0.1,0.15,0.289588,0.2,0.3,8.84026e-07,5173.52,4838.28,186.534,0.01,0.95,10,10000,0.938,0.139,1,1,0.9352,0,1
47,10000,1.86673,1.77828,2.37137,0.000383656,0.0001,0.000398107,0.11877,0.1,0.15,0.337488,0.3,0.4,8.84026e-07,5173.52,4838.28,186.534,0.01,0.95,10,10000,0.938,0.139,1,1,0.9352,0,1
48,10000,1.80249,1.77828,2.37137,0.000361279,0.0001,0.000398107,0.103519,0.1,0.15,0.545786,0.5,0.6,8.84026e-07,5173.52,4838.28,186.534,0.01,0.95,10,10000,0.938,0.139,1,1,0.9352,0,1
49,10000,1.82574,1.77828,2.37137,0.000375135,0.0001,0.000398107,0.14478,0.1,0.15,0.740533,0.7,0.8,8.84026e-07,5173.52,4838.28,186.534,0.01,0.95,10,10000,0.938,0.139,1,1,0.9352,0,1
50,10000,1.83872,1.77828,2.37137,0.000377453,0.0001,0.000398107,0.191355,0.15,0.2,0.896991,0.8,0.9,8.84026e-07,5173.52,4838.28,186.534,0.01,0.95,10,10000,0.938,0.139,1,1,0.9352,0,1
51,10000,1.80778,1.77828,2.37137,0.000423933,0.000398107,0.000630957,0.081397,0.05,0.1,0.118467,0.1,0.2,6.90508e-07,19870.3,23990.1,716.432,0.01,0.95,10,10000,0.938,0.139,3,1,0.9352,0,0.333333
52,10000,2.08763,1.77828,2.37137,0.000583376,0.000398107,0.000630957,0.057064,0.05,0.1,0.297747,0.2,0.3,6.90508e-07,86104.4,111668,3104.54,0.01,0.95,10,10000,0.938,0.139,13,1,0.9352,0,0.0769231
53,10000,2.14087,1.77828,2.37137,0.000549837,0.000398107,0.000630957,0.0829459,0.05,0.1,0.368813,0.3,0.4,6.90508e-07,105975,57576.3,3820.97,0.01,0.95,10,10000,0.938,0.139,16,5,0.418234,0,0.3125
54,10000,2.08039,1.77828,2.37137,0.000496139,0.000398107,0.000630957,0.0874285,0.05,0.1,0.448421,0.4,0.5,6.90508e-07,39740.5,33927.1,1432.86,0.01,0.95,10,10000,0.938,0.139,6,2,0.661286,0,0.333333
55,10000,1.94387,1.77828,2.37137,0.000454885,0.000398107,0.000630957,0.0678751,0.05,0.1,0.569968,0.5,0.6,6.90508e-07,46363.9,21987.3,1671.68,0.01,0.95,10,10000,0.938,0.139,7,5,0.418234,0,0.714286
56,10000,2.02527,1.77828,2.37137,0.00046245,0.000398107,0.000630957,0.0740816,0.05,0.1,0.643623,0.6,0.7,6.90508e-07,52987.3,36470.6,1910.49,0.01,0.95,10,10000,0.938,0.139,8,3,0.539938,0,0.375
57,10000,1.83279,1.77828,2.37137,0.000415572,0.000398107,0.000630957,0.0788176,0.05,0.1,0.734559,0.7,0.8,6.90508e-07,19870.3,23990.1,716.432,0.01,0.95,10,10000,0.938,0.139,3,1,0.9352,0,0.333333
58,10000,2.1585,1.77828,2.37137,0.000534206,0.000398107,0.000630957,0.0698997,0.05,0.1,0.867886,0.8,0.9,6.90508e-07,19870.3,10728.7,716.432,0.01,0.95,10,10000,0.938,0.139,3,3,0.539938,0,1
59,10000,2.12351,1.77828,2.37137,0.000553905,0.000398107,0.000630957,0.0773717,0.05,0.1,0.925017,0.9,1,6.90508e-07,33117.1,13850.7,1194.05,0.01,0.95,10,10000,0.938,0.139,5,5,0.418234,0,1
60,10000,2.1598,1.77828,2.37137,0.000532827,0.000398107,0.000630957,0.0839727,0.05,0.1,1.13821,1,1.5,3.45254e-06,11922.2,4658.92,429.859,0.01,0.95,10,10000,0.938,0.139,9,7,0.353472,0,0.777778
61,10000,1.90763,1.77828,2.37137,0.0004393,0.000398107,0.000630957,0.121233,0.1,0.15,0.167401,0.1,0.2,6.90508e-07,6623.42,6194.22,238.811,0.01,0.95,10,10000,0.938,0.139,1,1,0.9352,0,1
62,10000,2.03505,1.77828,2.37137,0.000546333,0.000398107,0.000630957,0.128083,0.1,0.15,0.286434,0.2,0.3,6.90508e-07,6623.42,6194.22,238.811,0.01,0.95,10,10000,0.938,0.139,1,1,0.9352,0,1
63,10000,2.0768,1.77828,2.37137,0.000480675,0.000398107,0.000630957,0.106834,0.1,0.15,0.354222,0.3,0.4,6.90508e-07,13246.8,15172.7,477.621,0.01,0.95,10,10000,0.938,0.139,2,1,0.9352,0,0.5
64,10000,2.04349,1.77828,2.37137,0.000530447,0.000398107,0.000630957,0.116183,0.1,0.15,0.43632,0.4,0.5,6.90508e-07,26493.7,12388.4,955.243,0.01,0.95,10,10000,0.938,0.139,4,4,0.4676,0,1
65,10000,1.99799,1.77828,2.37137,0.00057895,0.000398107,0.000630957,0.117336,0.1,0.15,0.570608,0.5,0.6,6.90508e-07,19870.3,15172.7,716.432,0.01,0.95,10,10000,0.938,0.139,3,2,0.661286,0,0.666667
66,10000,2.04954,1.77828,2.37137,0.000473569,0.000398107,0.000630957,0.10907,0.1,0.15,0.68477,0.6,0.7,6.90508e-07,19870.3,15172.7,716.432,0.01,0.95,10,10000,0.938,0.139,3,2,0.661286,0,0.666667
67,10000,2.00095,1.77828,2.37137,0.000497874,0.000398107,0.000630957,0.114578,0.1,0.15,0.819677,0.8,0.9,6.90508e-07,26493.7,21457.4,955.243,0.01,0.95,10,10000,0.938,0.139,4,2,0.661286,0,0.5
68,10000,2.09048,1.77828,2.37137,0.000493118,0.000398107,0.000630957,0.118316,0.1,0.15,0.965402,0.9,1,6.90508e-07,26493.7,15993.4,955.243,0.01,0.95,10,10000,0.938,0.139,4,3,0.539938,0,0.75
69,10000,2.02143,1.77828,2.37137,0.000472248,0.000398107,0.000630957,0.188655,0.15,0.2,0.280252,0.2,0.3,6.90508e-07,6623.42,6194.22,238.811,0.01,0.95,10,10000,0.938,0.139,1,1,0.9352,0,1
70,10000,1.99753,1.77828,2.37137,0.000616678,0.000398107,0.000630957,0.165379,0.15,0.2,0.324212,0.3,0.4,6.90508e-07,6623.42,6194.22,238.811,0.01,0.95,10,10000,0.938,0.139,1,1,0.9352,0,1
71,10000,2.07097,1.77828,2.37137,0.000545995,0.000398107,0.000630957,0.171776,0.15,0.2,0.487238,0.4,0.5,6.90508e-07,6623.42,-nan,238.811,0.01,0.95,10,10000,0.938,0.139,1,2,0.661286,0,2
72,10000,2.28631,1.77828,2.37137,0.000604916,0.000398107,0.000630957,0.180673,0.15,0.2,0.552053,0.5,0.6,6.90508e-07,13246.8,15172.7,477.621,0.01,0.95,10,10000,0.938,0.139,2,1,0.9352,0,0.5
73,10000,1.96244,1.77828,2.37137,0.000525069,0.000398107,0.000630957,0.190209,0.15,0.2,0.656178,0.6,0.7,6.90508e-07,26493.7,21457.4,955.243,0.01,0.95,10,10000,0.938,0.139,4,2,0.661286,0,0.5
74,10000,2.12306,1.77828,2.37137,0.000563049,0.000398107,0.000630957,0.166106,0.15,0.2,0.851235,0.8,0.9,6.90508e-07,13246.8,-nan,477.621,0.01,0.95,10,10000,0.938,0.139,2,3,0.539938,0,1.5
75,10000,2.01075,1.77828,2.37137,0.000507129,0.000398107,0.000630957,0.179298,0.15,0.2,1.16175,1,1.5,3.45254e-06,6623.42,4231.46,238.811,0.01,0.95,10,10000,0.938,0.139,5,3,0.539938,0,0.6
76,10000,2.05083,1.77828,2.37137,0.000498882,0.000398107,0.000630957,0.22575,0.2,0.25,0.542596,0.5,0.6,6.90508e-07,19870.3,10728.7,716.432,0.01,0.95,10,10000,0.938,0.139,3,3,0.539938,0,1
77,10000,2.15689,1.77828,2.37137,0.000515914,0.000398107,0.000630957,0.236983,0.2,0.25,0.788945,0.7,0.8,6.90508e-07,13246.8,15172.7,477.621,0.01,0.95,10,10000,0.938,0.139,2,1,0.9352,0,0.5
78,10000,1.90596,1.77828,2.37137,0.000463747,0.000398107,0.000630957,0.230393,0.2,0.25,0.965749,0.9,1,6.90508e-07,19870.3,15172.7,716.432,0.01,0.95,10,10000,0.938,0.139,3,2,0.661286,0,0.666667
79,10000,1.81371,1.77828,2.37137,0.000484443,0.000398107,0.000630957,0.227566,0.2,0.25,1.25954,1,1.5,3.45254e-06,5298.73,6555.35,191.049,0.01,0.95,10,10000,0.938,0.139,4,1,0.9352,0,0.25
80,10000,1.99276,1.77828,2.37137,0.000567595,0.000398107,0.000630957,0.267991,0.25,0.3,0.461139,0.4,0.5,6.90508e-07,19870.3,10728.7,716.432,0.01,0.95,10,10000,0.938,0.139,3,3,0.539938,0,1
81,10000,2.06371,1.77828,2.37137,0.000592325,0.000398107,0.000630957,0.251284,0.25,0.3,0.711683,0.7,0.8,6.90508e-07,0,0,0,0.01,0.95,10,10000,0.938,0.139,0,1,0.9352,0,0
82,10000,2.0235,1.77828,2.37137,0.000504428,0.000398107,0.000630957,0.295912,0.25,0.3,0.816915,0.8,0.9,6.90508e-07,6623.42,6194.22,238.811,0.01,0.95,10,10000,0.938,0.139,1,1,0.9352,0,1
83,10000,2.25393,1.77828,2.37137,0.000584405,0.000398107,0.000630957,0.293609,0.25,0.3,1.05682,1,1.5,3.45254e-06,2649.37,3034.54,95.5243,0.01,0.95,10,10000,0.938,0.139,2,1,0.9352,0,0.5
84,10000,2.27062,1.77828,2.37137,0.000620259,0.000398107,0.000630957,0.449633,0.4,0.5,0.930907,0.9,1,1.38102e-06,3311.71,3097.11,119.405,0.01,0.95,10,10000,0.938,0.139,1,1,0.9352,0,1
85,10000,2.18847,1.77828,2.37137,0.000648936,0.000630957,0.001,0.0676328,0.05,0.1,0.260956,0.2,0.3,1.09438e-06,25074.5,21406.5,904.075,0.01,0.95,10,10000,0.938,0.139,6,2,0.661286,0,0.333333
86,10000,2.33724,1.77828,2.37137,0.000680459,0.000630957,0.001,0.0893956,0.05,0.1,0.761103,0.7,0.8,1.09438e-06,4179.09,3908.28,150.679,0.01,0.95,10,10000,0.938,0.139,1,1,0.9352,0,1
87,10000,2.28457,1.77828,2.37137,0.000676575,0.000630957,0.001,0.0701016,0.05,0.1,1.1619,1,1.5,5.47192e-06,1671.63,1105.43,60.2716,0.01,0.95,10,10000,0.938,0.139,2,2,0.661286,0,1
88,10000,2.20874,1.77828,2.37137,0.000770178,0.000630957,0.001,0.113107,0.1,0.15,0.529793,0.5,0.6,1.09438e-06,4179.09,3908.28,150.679,0.01,0.95,10,10000,0.938,0.139,1,1,0.9352,0,1
89,10000,2.34352,1.77828,2.37137,0.000728148,0.000630957,0.001,0.121857,0.1,0.15,0.887531,0.8,0.9,1.09438e-06,4179.09,-nan,150.679,0.01,0.95,10,10000,0.938,0.139,1,2,0.661286,0,2
90,10000,2.27394,1.77828,2.37137,0.000797324,0.000630957,0.001,0.162935,0.15,0.2,0.674131,0.6,0.7,1.09438e-06,8358.17,5527.14,301.358,0.01,0.95,10,10000,0.938,0.139,2,2,0.661286,0,1
91,10000,2.36734,1.77828,2.37137,0.000639643,0.000630957,0.001,0.16113,0.15,0.2,0.710728,0.7,0.8,1.09438e-06,8358.17,9573.3,301.358,0.01,0.95,10,10000,0.938,0.139,2,1,0.9352,0,0.5
92,10000,2.33878,1.77828,2.37137,0.000786781,0.000630957,0.001,0.194732,0.15,0.2,0.959179,0.9,1,1.09438e-06,8358.17,5527.14,301.358,0.01,0.95,10,10000,0.938,0.139,2,2,0.661286,0,1
93,10000,2.28312,1.77828,2.37137,0.000807104,0.000630957,0.001,0.201173,0.2,0.25,0.744252,0.7,0.8,1.09438e-06,0,0,0,0.01,0.95,10,10000,0.938,0.139,0,1,0.9352,0,0
94,10000,2.19832,1.77828,2.37137,0.00063481,0.000630957,0.001,0.201302,0.2,0.25,1.42544,1,1.5,5.47192e-06,835.817,781.656,30.1358,0.01,0.95,10,10000,0.938,0.139,1,1,0.9352,0,1
95,10000,2.22413,1.77828,2.37137,0.000642823,0.000630957,0.001,0.263537,0.25,0.3,0.707046,0.7,0.8,1.09438e-06,0,0,0,0.01,0.95,10,10000,0.938,0.139,0,1,0.9352,0,0
96,10000,1.87655,1.77828,2.37137,0.00134961,0.001,0.00158489,0.0948904,0.05,0.1,0.459116,0.4,0.5,1.73447e-06,2636.84,2465.97,95.0727,0.01,0.95,10,10000,0.938,0.139,1,1,0.9352,0,1
97,10000,2.42839,2.37137,3.16228,0.000717186,0.000630957,0.001,0.0775227,0.05,0.1,0.0973381,0,0.1,1.45939e-06,15669.3,19660.3,564.965,0.01,0.95,10,10000,0.938,0.139,5,1,0.9352,0,0.2
98,10000,2.75825,2.37137,3.16228,0.000847022,0.000630957,0.001,0.080822,0.05,0.1,0.27042,0.2,0.3,1.45939e-06,15669.3,13106.9,564.965,0.01,0.95,10,10000,0.938,0.139,5,2,0.661286,0,0.4
99,10000,2.67892,2.37137,3.16228,0.000862101,0.000630957,0.001,0.0772615,0.05,0.1,0.444662,0.4,0.5,1.45939e-06,34472.5,15873.2,1242.92,0.01,0.95,10,10000,0.938,0.139,11,6,0.381794,0,0.545455
100,10000,2.72133,2.37137,3.16228,0.000871237,0.000630957,0.001,0.0717005,0.05,0.1,0.566517,0.5,0.6,1.45939e-06,43874.1,15933.2,1581.9,0.01,0.95,10,10000,0.938,0.139,14,9,0.311733,0,0.642857
101,10000,2.74855,2.37137,3.16228,0.00084732,0.000630957,0.001,0.0668571,0.05,0.1,0.635237,0.6,0.7,1.45939e-06,28204.8,16449,1016.94,0.01,0.95,10,10000,0.938,0.139,9,4,0.4676,0,0.444444
102,10000,2.70788,2.37137,3.16228,0.000853587,0.000630957,0.001,0.079432,0.05,0.1,0.744699,0.7,0.8,1.45939e-06,15669.3,8026.29,564.965,0.01,0.95,10,10000,0.938,0.139,5,4,0.4676,0,0.8
103,10000,2.64427,2.37137,3.16228,0.000814444,0.000630957,0.001,0.0803594,0.05,0.1,0.843952,0.8,0.9,1.45939e-06,15669.3,8026.29,564.965,0.01,0.95,10,10000,0.938,0.139,5,4,0.4676,0,0.8
104,10000,2.82388,2.37137,3.16228,0.000890606,0.000630957,0.001,0.0663642,0.05,0.1,0.944153,0.9,1,1.45939e-06,12535.5,10152.5,451.972,0.01,0.95,10,10000,0.938,0.139,4,2,0.661286,0,0.5
105,10000,2.70363,2.37137,3.16228,0.00082364,0.000630957,0.001,0.0703648,0.05,0.1,1.25319,1,1.5,7.29695e-06,5640.95,2486.86,203.387,0.01,0.95,10,10000,0.938,0.139,9,6,0.381794,0,0.666667
106,10000,2.60654,2.37137,3.16228,0.000839613,0.000630957,0.001,0.111052,0.1,0.15,0.276944,0.2,0.3,1.45939e-06,9401.59,11350.9,338.979,0.01,0.95,10,10000,0.938,0.139,3,1,0.9352,0,0.333333
107,10000,2.57086,2.37137,3.16228,0.000806594,0.000630957,0.001,0.118318,0.1,0.15,0.332991,0.3,0.4,1.45939e-06,9401.59,-nan,338.979,0.01,0.95,10,10000,0.938,0.139,3,4,0.4676,0,1.33333
108,10000,2.81052,2.37137,3.16228,0.000904405,0.000630957,0.001,0.1256,0.1,0.15,0.464268,0.4,0.5,1.45939e-06,18803.2,10152.5,677.958,0.01,0.95,10,10000,0.938,0.139,6,4,0.4676,0,0.666667
109,10000,2.59345,2.37137,3.16228,0.000810956,0.000630957,0.001,0.11276,0.1,0.15,0.591365,0.5,0.6,1.45939e-06,9401.59,11350.9,338.979,0.01,0.95,10,10000,0.938,0.139,3,1,0.9352,0,0.333333
110,10000,2.62652,2.37137,3.16228,0.000823186,0.000630957,0.001,0.12955,0.1,0.15,0.686997,0.6,0.7,1.45939e-06,6267.73,7178.94,225.986,0.01,0.95,10,10000,0.938,0.139,2,1,0.9352,0,0.5
111,10000,2.6477,2.37137,3.16228,0.000846534,0.000630957,0.001,0.123227,0.1,0.15,0.738081,0.7,0.8,1.45939e-06,12535.5,7567.26,451.972,0.01,0.95,10,10000,0.938,0.139,4,3,0.539938,0,0.75
112,10000,2.53012,2.37137,3.16228,0.000791299,0.000630957,0.001,0.1144,0.1,0.15,0.852062,0.8,0.9,1.45939e-06,9401.59,7178.94,338.979,0.01,0.95,10,10000,0.938,0.139,3,2,0.661286,0,0.666667
113,10000,2.58982,2.37137,3.16228,0.000774915,0.000630957,0.001,0.112145,0.1,0.15,0.971924,0.9,1,1.45939e-06,9401.59,5076.27,338.979,0.01,0.95,10,10000,0.938,0.139,3,3,0.539938,0,1
114,10000,2.77926,2.37137,3.16228,0.000868077,0.000630957,0.001,0.126508,0.1,0.15,1.24699,1,1.5,7.29695e-06,3133.86,2002.11,112.993,0.01,0.95,10,10000,0.938,0.139,5,3,0.539938,0,0.6
115,10000,2.49264,2.37137,3.16228,0.00069852,0.000630957,0.001,0.176499,0.15,0.2,0.383306,0.3,0.4,1.45939e-06,3133.86,2930.79,112.993,0.01,0.95,10,10000,0.938,0.139,1,1,0.9352,0,1
116,10000,2.39522,2.37137,3.16228,0.000708247,0.000630957,0.001,0.177322,0.15,0.2,0.612835,0.6,0.7,1.45939e-06,3133.86,2930.79,112.993,0.01,0.95,10,10000,0.938,0.139,1,1,0.9352,0,1
117,10000,2.62805,2.37137,3.16228,0.000863938,0.000630957,0.001,0.172588,0.15,0.2,0.713248,0.7,0.8,1.45939e-06,9401.59,7178.94,338.979,0.01,0.95,10,10000,0.938,0.139,3,2,0.661286,0,0.666667
118,10000,2.70674,2.37137,3.16228,0.000863295,0.000630957,0.001,0.170333,0.15,0.2,0.807668,0.8,0.9,1.45939e-06,3133.86,-nan,112.993,0.01,0.95,10,10000,0.938,0.139,1,2,0.661286,0,2
119,10000,2.87272,2.37137,3.16228,0.000913219,0.000630957,0.001,0.178624,0.15,0.2,0.980495,0.9,1,1.45939e-06,3133.86,2930.79,112.993,0.01,0.95,10,10000,0.938,0.139,1,1,0.9352,0,1
120,10000,2.65958,2.37137,3.16228,0.000862406,0.000630957,0.001,0.173937,0.15,0.2,1.2128,1,1.5,7.29695e-06,3133.86,1605.26,112.993,0.01,0.95,10,10000,0.938,0.139,5,4,0.4676,0,0.8
121,10000,2.42776,2.37137,3.16228,0.000760493,0.000630957,0.001,0.20018,0.2,0.25,0.440932,0.4,0.5,1.45939e-06,0,0,0,0.01,0.95,10,10000,0.938,0.139,0,1,0.9352,0,0
122,10000,2.61573,2.37137,3.16228,0.00081561,0.000630957,0.001,0.214929,0.2,0.25,1.17529,1,1.5,7.29695e-06,2507.09,1513.45,90.3944,0.01,0.95,10,10000,0.938,0.139,4,3,0.539938,0,0.75
123,10000,2.62032,2.37137,3.16228,0.000807348,0.000630957,0.001,0.326488,0.3,0.4,1.23743,1,1.5,1.45939e-05,626.773,414.476,22.5986,0.01,0.95,10,10000,0.938,0.139,2,2,0.661286,0,1
124,10000,3.05628,2.37137,3.16228,0.00105125,0.001,0.00158489,0.0628195,0.05,0.1,0.125154,0.1,0.2,2.31296e-06,5932.04,4529.63,213.883,0.01,0.95,10,10000,0.938,0.139,3,2,0.661286,0,0.666667
125,10000,3.0362,2.37137,3.16228,0.00105648,0.001,0.00158489,0.0646551,0.05,0.1,0.256904,0.2,0.3,2.31296e-06,5932.04,7161.98,213.883,0.01,0.95,10,10000,0.938,0.139,3,1,0.9352,0,0.333333
126,10000,2.91408,2.37137,3.16228,0.00108767,0.001,0.00158489,0.0735674,0.05,0.1,0.473952,0.4,0.5,2.31296e-06,13841.4,11984.3,499.06,0.01,0.95,10,10000,0.938,0.139,7,2,0.661286,0,0.285714
127,10000,2.90186,2.37137,3.16228,0.00109008,0.001,0.00158489,0.0782815,0.05,0.1,0.550389,0.5,0.6,2.31296e-06,11864.1,5359.53,427.765,0.01,0.95,10,10000,0.938,0.139,6,5,0.418234,0,0.833333
128,10000,3.01706,2.37137,3.16228,0.0011289,0.001,0.00158489,0.0781709,0.05,0.1,0.635494,0.6,0.7,2.31296e-06,5932.04,3202.93,213.883,0.01,0.95,10,10000,0.938,0.139,3,3,0.539938,0,1
129,10000,2.95559,2.37137,3.16228,0.00110926,0.001,0.00158489,0.0698631,0.05,0.1,0.762537,0.7,0.8,2.31296e-06,7909.39,4774.65,285.177,0.01,0.95,10,10000,0.938,0.139,4,3,0.539938,0,0.75
130,10000,3.03758,2.37137,3.16228,0.00112293,0.001,0.00158489,0.0649135,0.05,0.1,0.82826,0.8,0.9,2.31296e-06,5932.04,3202.93,213.883,0.01,0.95,10,10000,0.938,0.139,3,3,0.539938,0,1
131,10000,3.03077,2.37137,3.16228,0.00113697,0.001,0.00158489,0.0796367,0.05,0.1,0.965099,0.9,1,2.31296e-06,5932.04,3202.93,213.883,0.01,0.95,10,10000,0.938,0.139,3,3,0.539938,0,1
132,10000,3.07486,2.37137,3.16228,0.00104729,0.001,0.00158489,0.0787376,0.05,0.1,1.16089,1,1.5,1.15648e-05,1186.41,905.926,42.7765,0.01,0.95,10,10000,0.938,0.139,3,2,0.661286,0,0.666667
133,10000,2.92223,2.37137,3.16228,0.00108431,0.001,0.00158489,0.110285,0.1,0.15,0.354061,0.3,0.4,2.31296e-06,1977.35,1849.21,71.2942,0.01,0.95,10,10000,0.938,0.139,1,1,0.9352,0,1
134,10000,2.87607,2.37137,3.16228,0.00101239,0.001,0.00158489,0.146025,0.1,0.15,0.466066,0.4,0.5,2.31296e-06,3954.69,4529.63,142.588,0.01,0.95,10,10000,0.938,0.139,2,1,0.9352,0,0.5
135,10000,3.08631,2.37137,3.16228,0.00119738,0.001,0.00158489,0.110204,0.1,0.15,0.582756,0.5,0.6,2.31296e-06,5932.04,7161.98,213.883,0.01,0.95,10,10000,0.938,0.139,3,1,0.9352,0,0.333333
136,10000,2.86206,2.37137,3.16228,0.00102361,0.001,0.00158489,0.130258,0.1,0.15,0.74241,0.7,0.8,2.31296e-06,1977.35,1849.21,71.2942,0.01,0.95,10,10000,0.938,0.139,1,1,0.9352,0,1
137,10000,2.95261,2.37137,3.16228,0.00107358,0.001,0.00158489,0.122037,0.1,0.15,0.847014,0.8,0.9,2.31296e-06,9886.73,6316.27,356.471,0.01,0.95,10,10000,0.938,0.139,5,3,0.539938,0,0.6
138,10000,3.15192,2.37137,3.16228,0.00108264,0.001,0.00158489,0.124527,0.1,0.15,0.966014,0.9,1,2.31296e-06,3954.69,4529.63,142.588,0.01,0.95,10,10000,0.938,0.139,2,1,0.9352,0,0.5
139,10000,3.0889,2.37137,3.16228,0.00109577,0.001,0.00158489,0.129079,0.1,0.15,1.17504,1,1.5,1.15648e-05,3163.75,1811.85,114.071,0.01,0.95,10,10000,0.938,0.139,8,4,0.4676,0,0.5
140,10000,3.02694,2.37137,3.16228,0.00121264,0.001,0.00158489,0.189964,0.15,0.2,0.243361,0.2,0.3,2.31296e-06,0,0,0,0.01,0.95,10,10000,0.938,0.139,0,1,0.9352,0,0
141,10000,3.05964,2.37137,3.16228,0.00106099,0.001,0.00158489,0.156257,0.15,0.2,0.367091,0.3,0.4,2.31296e-06,1977.35,1849.21,71.2942,0.01,0.95,10,10000,0.938,0.139,1,1,0.9352,0,1
142,10000,2.84061,2.37137,3.16228,0.00100077,0.001,0.00158489,0.158349,0.15,0.2,0.68986,0.6,0.7,2.31296e-06,0,0,0,0.01,0.95,10,10000,0.938,0.139,0,1,0.9352,0,0
143,10000,2.95453,2.37137,3.16228,0.00100112,0.001,0.00158489,0.216021,0.2,0.25,0.293676,0.2,0.3,2.31296e-06,1977.35,1849.21,71.2942,0.01,0.95,10,10000,0.938,0.139,1,1,0.9352,0,1
144,10000,2.82651,2.37137,3.16228,0.00101471,0.001,0.00158489,0.215276,0.2,0.25,1.49569,1,1.5,1.15648e-05,395.469,369.843,14.2588,0.01,0.95,10,10000,0.938,0.139,1,1,0.9352,0,1
145,10000,2.73964,2.37137,3.16228,0.00108845,0.001,0.00158489,0.315052,0.3,0.4,1.46432,1,1.5,2.31296e-05,197.735,184.921,7.12942,0.01,0.95,10,10000,0.938,0.139,1,1,0.9352,0,1
146,10000,3.52252,3.16228,4.21697,0.00150072,0.001,0.00158489,0.080384,0.05,0.1,0.180226,0.1,0.2,3.08438e-06,8896.81,11265.7,320.779,0.01,0.95,10,10000,0.938,0.139,6,1,0.9352,0,0.166667
147,10000,3.57088,3.16228,4.21697,0.00139059,0.001,0.00158489,0.071404,0.05,0.1,0.295389,0.2,0.3,3.08438e-06,13345.2,11766.7,481.168,0.01,0.95,10,10000,0.938,0.139,9,2,0.661286,0,0.222222
148,10000,3.55306,3.16228,4.21697,0.00140204,0.001,0.00158489,0.0750719,0.05,0.1,0.356855,0.3,0.4,3.08438e-06,11862.4,8164.76,427.705,0.01,0.95,10,10000,0.938,0.139,8,3,0.539938,0,0.375
149,10000,3.37667,3.16228,4.21697,0.0012494,0.001,0.00158489,0.0620063,0.05,0.1,0.477733,0.4,0.5,3.08438e-06,16310.8,9756.41,588.095,0.01,0.95,10,10000,0.938,0.139,11,4,0.4676,0,0.363636
150,10000,3.42854,3.16228,4.21697,0.0013054,0.001,0.00158489,0.0719738,0.05,0.1,0.5726,0.5,0.6,3.08438e-06,17793.6,8320.29,641.558,0.01,0.95,10,10000,0.938,0.139,12,6,0.381794,0,0.5
151,10000,3.41787,3.16228,4.21697,0.00131509,0.001,0.00158489,0.0741207,0.05,0.1,0.657867,0.6,0.7,3.08438e-06,22242,8906.34,801.947,0.01,0.95,10,10000,0.938,0.139,15,8,0.330643,0,0.533333
152,10000,3.66106,3.16228,4.21697,0.00151394,0.001,0.00158489,0.060676,0.05,0.1,0.747158,0.7,0.8,3.08438e-06,11862.4,5817.6,427.705,0.01,0.95,10,10000,0.938,0.139,8,5,0.418234,0,0.625
153,10000,3.40549,3.16228,4.21697,0.00132998,0.001,0.00158489,0.0717187,0.05,0.1,0.842546,0.8,0.9,3.08438e-06,11862.4,8164.76,427.705,0.01,0.95,10,10000,0.938,0.139,8,3,0.539938,0,0.375
154,10000,3.51144,3.16228,4.21697,0.00141214,0.001,0.00158489,0.0703367,0.05,0.1,0.923606,0.9,1,3.08438e-06,17793.6,7486.06,641.558,0.01,0.95,10,10000,0.938,0.139,12,7,0.353472,0,0.583333
155,10000,3.44998,3.16228,4.21697,0.00138051,0.001,0.00158489,0.073143,0.05,0.1,1.16589,1,1.5,1.54219e-05,6227.76,1898.25,224.545,0.01,0.95,10,10000,0.938,0.139,21,13,0.259378,0,0.619048
156,10000,3.51014,3.16228,4.21697,0.00135571,0.001,0.00158489,0.127809,0.1,0.15,0.253088,0.2,0.3,3.08438e-06,1482.8,1386.72,53.4632,0.01,0.95,10,10000,0.938,0.139,1,1,0.9352,0,1
157,10000,3.62771,3.16228,4.21697,0.00153548,0.001,0.00158489,0.104508,0.1,0.15,0.311526,0.3,0.4,3.08438e-06,1482.8,1386.72,53.4632,0.01,0.95,10,10000,0.938,0.139,1,1,0.9352,0,1
158,10000,3.25797,3.16228,4.21697,0.00134369,0.001,0.00158489,0.101437,0.1,0.15,0.455686,0.4,0.5,3.08438e-06,1482.8,1386.72,53.4632,0.01,0.95,10,10000,0.938,0.139,1,1,0.9352,0,1
159,10000,3.37127,3.16228,4.21697,0.00143834,0.001,0.00158489,0.118514,0.1,0.15,0.677771,0.6,0.7,3.08438e-06,5931.2,2773.43,213.853,0.01,0.95,10,10000,0.938,0.139,4,4,0.4676,0,1
160,10000,3.35223,3.16228,4.21697,0.00132041,0.001,0.00158489,0.118931,0.1,0.15,0.758153,0.7,0.8,3.08438e-06,8896.81,4803.72,320.779,0.01,0.95,10,10000,0.938,0.139,6,4,0.4676,0,0.666667
161,10000,3.38777,3.16228,4.21697,0.00142532,0.001,0.00158489,0.12704,0.1,0.15,0.82503,0.8,0.9,3.08438e-06,13345.2,11766.7,481.168,0.01,0.95,10,10000,0.938,0.139,9,2,0.661286,0,0.222222
162,10000,3.52518,3.16228,4.21697,0.00141024,0.001,0.00158489,0.122386,0.1,0.15,0.939287,0.9,1,3.08438e-06,8896.81,4019.08,320.779,0.01,0.95,10,10000,0.938,0.139,6,5,0.418234,0,0.833333
163,10000,3.43521,3.16228,4.21697,0.00132051,0.001,0.00158489,0.116334,0.1,0.15,1.18408,1,1.5,1.54219e-05,5634.64,1894,203.16,0.01,0.95,10,10000,0.938,0.139,19,11,0.281973,0,0.578947
164,10000,3.19312,3.16228,4.21697,0.00111401,0.001,0.00158489,0.182675,0.15,0.2,0.577718,0.5,0.6,3.08438e-06,1482.8,1386.72,53.4632,0.01,0.95,10,10000,0.938,0.139,1,1,0.9352,0,1
165,10000,3.44818,3.16228,4.21697,0.00128377,0.001,0.00158489,0.156748,0.15,0.2,0.624383,0.6,0.7,3.08438e-06,1482.8,1386.72,53.4632,0.01,0.95,10,10000,0.938,0.139,1,1,0.9352,0,1
166,10000,3.17397,3.16228,4.21697,0.00124724,0.001,0.00158489,0.165465,0.15,0.2,0.838416,0.8,0.9,3.08438e-06,5931.2,7337.81,213.853,0.01,0.95,10,10000,0.938,0.139,4,1,0.9352,0,0.25
167,10000,3.44808,3.16228,4.21697,0.00141753,0.001,0.00158489,0.166473,0.15,0.2,1.27238,1,1.5,1.54219e-05,2075.92,847.297,74.8484,0.01,0.95,10,10000,0.938,0.139,7,6,0.381794,0,0.857143
168,10000,3.3964,3.16228,4.21697,0.00137513,0.001,0.00158489,0.221704,0.2,0.25,1.29135,1,1.5,1.54219e-05,2075.92,1160.21,74.8484,0.01,0.95,10,10000,0.938,0.139,7,4,0.4676,0,0.571429
169,10000,3.31258,3.16228,4.21697,0.00127874,0.001,0.00158489,0.267836,0.25,0.3,0.27193,0.2,0.3,3.08438e-06,1482.8,1386.72,53.4632,0.01,0.95,10,10000,0.938,0.139,1,1,0.9352,0,1
170,10000,4.01634,3.16228,4.21697,0.00186281,0.00158489,0.00251189,0.0827093,0.05,0.1,0.197422,0.1,0.2,4.88848e-06,0,0,0,0.01,0.95,10,10000,0.938,0.139,0,1,0.9352,0,0
171,10000,3.85532,3.16228,4.21697,0.00159574,0.00158489,0.00251189,0.0508015,0.05,0.1,0.272731,0.2,0.3,4.88848e-06,6549.01,8346.46,236.128,0.01,0.95,10,10000,0.938,0.139,7,1,0.9352,0,0.142857
172,10000,3.92732,3.16228,4.21697,0.00184782,0.00158489,0.00251189,0.0798854,0.05,0.1,0.341417,0.3,0.4,4.88848e-06,14033.6,7577.26,505.988,0.01,0.95,10,10000,0.938,0.139,15,5,0.418234,0,0.333333
173,10000,3.90272,3.16228,4.21697,0.00199685,0.00158489,0.00251189,0.0753552,0.05,0.1,0.438636,0.4,0.5,4.88848e-06,10291.3,9176.52,371.058,0.01,0.95,10,10000,0.938,0.139,11,2,0.661286,0,0.181818
174,10000,3.93911,3.16228,4.21697,0.00188133,0.00158489,0.00251189,0.0762065,0.05,0.1,0.546309,0.5,0.6,4.88848e-06,7484.58,6547.5,269.86,0.01,0.95,10,10000,0.938,0.139,8,2,0.661286,0,0.25
175,10000,3.91304,3.16228,4.21697,0.00166567,0.00158489,0.00251189,0.0671399,0.05,0.1,0.664157,0.6,0.7,4.88848e-06,11226.9,6777.31,404.79,0.01,0.95,10,10000,0.938,0.139,12,4,0.4676,0,0.333333
176,10000,3.95029,3.16228,4.21697,0.00181191,0.00158489,0.00251189,0.0716502,0.05,0.1,0.751346,0.7,0.8,4.88848e-06,13098,4392.2,472.256,0.01,0.95,10,10000,0.938,0.139,14,10,0.295736,0,0.714286
177,10000,3.9529,3.16228,4.21697,0.00187323,0.00158489,0.00251189,0.076585,0.05,0.1,0.850824,0.8,0.9,4.88848e-06,12162.4,4732,438.523,0.01,0.95,10,10000,0.938,0.139,13,8,0.330643,0,0.615385
178,10000,4.05303,3.16228,4.21697,0.00177826,0.00158489,0.00251189,0.0759469,0.05,0.1,0.958252,0.9,1,4.88848e-06,7484.58,5151.55,269.86,0.01,0.95,10,10000,0.938,0.139,8,3,0.539938,0,0.375
179,10000,3.94104,3.16228,4.21697,0.00177245,0.00158489,0.00251189,0.07595,0.05,0.1,1.25831,1,1.5,2.44424e-05,4490.75,1014.34,161.916,0.01,0.95,10,10000,0.938,0.139,24,20,0.209117,0,0.833333
180,10000,3.53538,3.16228,4.21697,0.00175171,0.00158489,0.00251189,0.124381,0.1,0.15,0.578675,0.5,0.6,4.88848e-06,1871.14,-nan,67.4651,0.01,0.95,10,10000,0.938,0.139,2,3,0.539938,0,1.5
181,10000,3.68987,3.16228,4.21697,0.00165766,0.00158489,0.00251189,0.115611,0.1,0.15,0.669352,0.6,0.7,4.88848e-06,1871.14,2143.17,67.4651,0.01,0.95,10,10000,0.938,0.139,2,1,0.9352,0,0.5
182,10000,3.61321,3.16228,4.21697,0.00168628,0.00158489,0.00251189,0.114785,0.1,0.15,0.841238,0.8,0.9,4.88848e-06,3742.29,1749.89,134.93,0.01,0.95,10,10000,0.938,0.139,4,4,0.4676,0,1
183,10000,3.68829,3.16228,4.21697,0.00160292,0.00158489,0.00251189,0.12948,0.1,0.15,0.933468,0.9,1,4.88848e-06,3742.29,3030.91,134.93,0.01,0.95,10,10000,0.938,0.139,4,2,0.661286,0,0.5
184,10000,3.81436,3.16228,4.21697,0.00183627,0.00158489,0.00251189,0.119699,0.1,0.15,1.2903,1,1.5,2.44424e-05,3555.17,1122.75,128.184,0.01,0.95,10,10000,0.938,0.139,19,12,0.269969,0,0.631579
185,10000,4.11714,3.16228,4.21697,0.00182976,0.00158489,0.00251189,0.154282,0.15,0.2,0.477397,0.4,0.5,4.88848e-06,935.572,874.947,33.7325,0.01,0.95,10,10000,0.938,0.139,1,1,0.9352,0,1
186,10000,4.04604,3.16228,4.21697,0.00175681,0.00158489,0.00251189,0.153634,0.15,0.2,0.577109,0.5,0.6,4.88848e-06,1871.14,2143.17,67.4651,0.01,0.95,10,10000,0.938,0.139,2,1,0.9352,0,0.5
187,10000,3.79886,3.16228,4.21697,0.00220085,0.00158489,0.00251189,0.172935,0.15,0.2,0.673086,0.6,0.7,4.88848e-06,1871.14,2143.17,67.4651,0.01,0.95,10,10000,0.938,0.139,2,1,0.9352,0,0.5
188,10000,3.6071,3.16228,4.21697,0.00192869,0.00158489,0.00251189,0.162873,0.15,0.2,0.987953,0.9,1,4.88848e-06,935.572,874.947,33.7325,0.01,0.95,10,10000,0.938,0.139,1,1,0.9352,0,1
189,10000,3.90822,3.16228,4.21697,0.00211602,0.00158489,0.00251189,0.187154,0.15,0.2,1.21327,1,1.5,2.44424e-05,935.572,597.703,33.7325,0.01,0.95,10,10000,0.938,0.139,5,3,0.539938,0,0.6
190,10000,3.88391,3.16228,4.21697,0.00185011,0.00158489,0.00251189,0.200934,0.2,0.25,1.11223,1,1.5,2.44424e-05,748.458,925.957,26.986,0.01,0.95,10,10000,0.938,0.139,4,1,0.9352,0,0.25
191,10000,3.92834,3.16228,4.21697,0.00180378,0.00158489,0.00251189,0.264523,0.25,0.3,0.202477,0.2,0.3,4.88848e-06,0,0,0,0.01,0.95,10,10000,0.938,0.139,0,1,0.9352,0,0
192,10000,3.92426,3.16228,4.21697,0.00227609,0.00158489,0.00251189,0.255765,0.25,0.3,0.952878,0.9,1,4.88848e-06,935.572,874.947,33.7325,0.01,0.95,10,10000,0.938,0.139,1,1,0.9352,0,1
193,10000,3.54056,3.16228,4.21697,0.00282102,0.00251189,0.00398107,0.0553635,0.05,0.1,0.523657,0.5,0.6,7.74763e-06,590.313,552.06,21.284,0.01,0.95,10,10000,0.938,0.139,1,1,0.9352,0,1
194,10000,4.06463,3.16228,4.21697,0.00277498,0.00251189,0.00398107,0.112795,0.1,0.15,0.613903,0.6,0.7,7.74763e-06,590.313,552.06,21.284,0.01,0.95,10,10000,0.938,0.139,1,1,0.9352,0,1
195,10000,4.11501,3.16228,4.21697,0.00328724,0.00251189,0.00398107,0.110625,0.1,0.15,1.28035,1,1.5,3.87382e-05,236.125,156.146,8.51361,0.01,0.95,10,10000,0.938,0.139,2,2,0.661286,0,1
196,10000,3.54056,3.16228,4.21697,0.00282102,0.00251189,0.00398107,0.158799,0.15,0.2,0.80474,0.8,0.9,7.74763e-06,590.313,552.06,21.284,0.01,0.95,10,10000,0.938,0.139,1,1,0.9352,0,1
197,10000,4.68055,4.21697,5.62342,0.0023462,0.00158489,0.00251189,0.0812348,0.05,0.1,0.379225,0.3,0.4,6.51889e-06,5612.64,7187.41,202.367,0.01,0.95,10,10000,0.938,0.139,8,1,0.9352,0,0.125
198,10000,4.43205,4.21697,5.62342,0.00226527,0.00158489,0.00251189,0.0740936,0.05,0.1,0.449264,0.4,0.5,6.51889e-06,4911.06,6258.96,177.071,0.01,0.95,10,10000,0.938,0.139,7,1,0.9352,0,0.142857
199,10000,4.5502,4.21697,5.62342,0.00226453,0.00158489,0.00251189,0.0672457,0.05,0.1,0.537587,0.5,0.6,6.51889e-06,6314.22,2467.46,227.662,0.01,0.95,10,10000,0.938,0.139,9,7,0.353472,0,0.777778
200,10000,4.32953,4.21697,5.62342,0.00217579,0.00158489,0.00251189,0.0645467,0.05,0.1,0.667012,0.6,0.7,6.51889e-06,4209.48,2783.67,151.775,0.01,0.95,10,10000,0.938,0.139,6,3,0.539938,0,0.5
201,10000,4.47116,4.21697,5.62342,0.00217141,0.00158489,0.00251189,0.0738194,0.05,0.1,0.751964,0.7,0.8,6.51889e-06,7717.38,4012.52,278.254,0.01,0.95,10,10000,0.938,0.139,11,5,0.418234,0,0.454545
202,10000,4.54996,4.21697,5.62342,0.00230295,0.00158489,0.00251189,0.0783002,0.05,0.1,0.851651,0.8,0.9,6.51889e-06,5612.64,1855.78,202.367,0.01,0.95,10,10000,0.938,0.139,8,8,0.330643,0,1
203,10000,4.55151,4.21697,5.62342,0.00237327,0.00158489,0.00251189,0.0731882,0.05,0.1,0.936073,0.9,1,6.51889e-06,8418.96,2934.25,303.55,0.01,0.95,10,10000,0.938,0.139,12,9,0.311733,0,0.75
204,10000,4.49646,4.21697,5.62342,0.00220872,0.00158489,0.00251189,0.0717322,0.05,0.1,1.19476,1,1.5,3.25945e-05,6875.48,1416.89,247.899,0.01,0.95,10,10000,0.938,0.139,49,29,0.173662,0,0.591837
205,10000,4.78687,4.21697,5.62342,0.00249035,0.00158489,0.00251189,0.107297,0.1,0.15,0.379128,0.3,0.4,6.51889e-06,701.58,656.118,25.2958,0.01,0.95,10,10000,0.938,0.139,1,1,0.9352,0,1
206,10000,4.65458,4.21697,5.62342,0.00237485,0.00158489,0.00251189,0.126257,0.1,0.15,0.636259,0.6,0.7,6.51889e-06,2104.74,1136.43,75.8875,0.01,0.95,10,10000,0.938,0.139,3,3,0.539938,0,1
207,10000,4.58833,4.21697,5.62342,0.00226245,0.00158489,0.00251189,0.120624,0.1,0.15,0.757992,0.7,0.8,6.51889e-06,1403.16,927.89,50.5917,0.01,0.95,10,10000,0.938,0.139,2,2,0.661286,0,1
208,10000,4.55919,4.21697,5.62342,0.00224763,0.00158489,0.00251189,0.107416,0.1,0.15,0.805942,0.8,0.9,6.51889e-06,701.58,656.118,25.2958,0.01,0.95,10,10000,0.938,0.139,1,1,0.9352,0,1
209,10000,4.4548,4.21697,5.62342,0.00217215,0.00158489,0.00251189,0.135068,0.1,0.15,0.922704,0.9,1,6.51889e-06,2104.74,2541.13,75.8875,0.01,0.95,10,10000,0.938,0.139,3,1,0.9352,0,0.333333
210,10000,4.47881,4.21697,5.62342,0.00224268,0.00158489,0.00251189,0.121592,0.1,0.15,1.2795,1,1.5,3.25945e-05,1824.11,650.259,65.7692,0.01,0.95,10,10000,0.938,0.139,13,9,0.311733,0,0.692308
211,10000,4.39942,4.21697,5.62342,0.0024045,0.00158489,0.00251189,0.172105,0.15,0.2,1.36007,1,1.5,3.25945e-05,280.632,185.578,10.1183,0.01,0.95,10,10000,0.938,0.139,2,2,0.661286,0,1
212,10000,4.55965,4.21697,5.62342,0.00224808,0.00158489,0.00251189,0.296496,0.25,0.3,1.44313,1,1.5,3.25945e-05,280.632,321.431,10.1183,0.01,0.95,10,10000,0.938,0.139,2,1,0.9352,0,0.5
213,10000,5.24244,4.21697,5.62342,0.00314071,0.00251189,0.00398107,0.0846553,0.05,0.1,0.056947,0,0.1,1.03316e-05,885.344,1014.06,31.9215,0.01,0.95,10,10000,0.938,0.139,2,1,0.9352,0,0.5
214,10000,4.69276,4.21697,5.62342,0.00272889,0.00251189,0.00398107,0.0912017,0.05,0.1,0.146815,0.1,0.2,1.03316e-05,1328.02,1603.36,47.8823,0.01,0.95,10,10000,0.938,0.139,3,1,0.9352,0,0.333333
215,10000,5.27321,4.21697,5.62342,0.0031177,0.00251189,0.00398107,0.0808367,0.05,0.1,0.21376,0.2,0.3,1.03316e-05,3098.7,2097.35,111.725,0.01,0.95,10,10000,0.938,0.139,7,3,0.539938,0,0.428571
216,10000,5.0395,4.21697,5.62342,0.00305214,0.00251189,0.00398107,0.0919115,0.05,0.1,0.366358,0.3,0.4,1.03316e-05,3098.7,2682.94,111.725,0.01,0.95,10,10000,0.938,0.139,7,2,0.661286,0,0.285714
217,10000,5.05403,4.21697,5.62342,0.0032559,0.00251189,0.00398107,0.0630488,0.05,0.1,0.445023,0.4,0.5,1.03316e-05,4426.72,2267.5,159.608,0.01,0.95,10,10000,0.938,0.139,10,5,0.418234,0,0.5
218,10000,5.12604,4.21697,5.62342,0.00323071,0.00251189,0.00398107,0.0662979,0.05,0.1,0.538266,0.5,0.6,1.03316e-05,6197.41,3322.23,223.451,0.01,0.95,10,10000,0.938,0.139,14,5,0.418234,0,0.357143
219,10000,5.25975,4.21697,5.62342,0.00316009,0.00251189,0.00398107,0.0701867,0.05,0.1,0.655748,0.6,0.7,1.03316e-05,6197.41,2449.18,223.451,0.01,0.95,10,10000,0.938,0.139,14,8,0.330643,0,0.571429
220,10000,5.09068,4.21697,5.62342,0.00297664,0.00251189,0.00398107,0.0652471,0.05,0.1,0.744061,0.7,0.8,1.03316e-05,9296.11,2418.37,335.176,0.01,0.95,10,10000,0.938,0.139,21,16,0.2338,0,0.761905
221,10000,5.05742,4.21697,5.62342,0.00303583,0.00251189,0.00398107,0.0658442,0.05,0.1,0.856947,0.8,0.9,1.03316e-05,5754.73,1612.25,207.49,0.01,0.95,10,10000,0.938,0.139,13,12,0.269969,0,0.923077
222,10000,5.0205,4.21697,5.62342,0.00300169,0.00251189,0.00398107,0.0688245,0.05,0.1,0.957807,0.9,1,1.03316e-05,8410.77,2656.19,303.254,0.01,0.95,10,10000,0.938,0.139,19,12,0.269969,0,0.631579
223,10000,5.16075,4.21697,5.62342,0.00302308,0.00251189,0.00398107,0.072222,0.05,0.1,1.25919,1,1.5,5.16582e-05,5666.2,841.05,204.298,0.01,0.95,10,10000,0.938,0.139,64,49,0.1336,0,0.765625
224,10000,5.31888,4.21697,5.62342,0.00367462,0.00251189,0.00398107,0.118295,0.1,0.15,0.177739,0.1,0.2,1.03316e-05,442.672,413.987,15.9608,0.01,0.95,10,10000,0.938,0.139,1,1,0.9352,0,1
225,10000,5.29186,4.21697,5.62342,0.00316984,0.00251189,0.00398107,0.107382,0.1,0.15,0.326616,0.3,0.4,1.03316e-05,885.344,1014.06,31.9215,0.01,0.95,10,10000,0.938,0.139,2,1,0.9352,0,0.5
226,10000,5.46818,4.21697,5.62342,0.00333367,0.00251189,0.00398107,0.126938,0.1,0.15,0.466865,0.4,0.5,1.03316e-05,442.672,413.987,15.9608,0.01,0.95,10,10000,0.938,0.139,1,1,0.9352,0,1
227,10000,5.06317,4.21697,5.62342,0.00300372,0.00251189,0.00398107,0.109712,0.1,0.15,0.542815,0.5,0.6,1.03316e-05,1328.02,717.046,47.8823,0.01,0.95,10,10000,0.938,0.139,3,3,0.539938,0,1
228,10000,4.95493,4.21697,5.62342,0.00272259,0.00251189,0.00398107,0.11311,0.1,0.15,0.632449,0.6,0.7,1.03316e-05,442.672,413.987,15.9608,0.01,0.95,10,10000,0.938,0.139,1,1,0.9352,0,1
229,10000,4.85315,4.21697,5.62342,0.00302364,0.00251189,0.00398107,0.111298,0.1,0.15,0.750659,0.7,0.8,1.03316e-05,1770.69,1068.91,63.843,0.01,0.95,10,10000,0.938,0.139,4,3,0.539938,0,0.75
230,10000,5.06568,4.21697,5.62342,0.00313394,0.00251189,0.00398107,0.120806,0.1,0.15,0.847851,0.8,0.9,1.03316e-05,2656.03,1434.09,95.7646,0.01,0.95,10,10000,0.938,0.139,6,4,0.4676,0,0.666667
231,10000,5.20864,4.21697,5.62342,0.00315617,0.00251189,0.00398107,0.10864,0.1,0.15,0.917776,0.9,1,1.03316e-05,1328.02,1014.06,47.8823,0.01,0.95,10,10000,0.938,0.139,3,2,0.661286,0,0.666667
232,10000,4.94145,4.21697,5.62342,0.00305043,0.00251189,0.00398107,0.120281,0.1,0.15,1.17645,1,1.5,5.16582e-05,1505.08,737.47,54.2666,0.01,0.95,10,10000,0.938,0.139,17,6,0.381794,0,0.352941
233,10000,5.39026,4.21697,5.62342,0.0031194,0.00251189,0.00398107,0.199984,0.15,0.2,0.530494,0.5,0.6,1.03316e-05,0,0,0,0.01,0.95,10,10000,0.938,0.139,0,1,0.9352,0,0
234,10000,4.75182,4.21697,5.62342,0.00269246,0.00251189,0.00398107,0.163099,0.15,0.2,0.751389,0.7,0.8,1.03316e-05,1328.02,1014.06,47.8823,0.01,0.95,10,10000,0.938,0.139,3,2,0.661286,0,0.666667
235,10000,4.64966,4.21697,5.62342,0.00263212,0.00251189,0.00398107,0.170913,0.15,0.2,0.866013,0.8,0.9,1.03316e-05,442.672,413.987,15.9608,0.01,0.95,10,10000,0.938,0.139,1,1,0.9352,0,1
236,10000,5.14023,4.21697,5.62342,0.00294838,0.00251189,0.00398107,0.164235,0.15,0.2,1.09393,1,1.5,5.16582e-05,265.603,202.811,9.57646,0.01,0.95,10,10000,0.938,0.139,3,2,0.661286,0,0.666667
237,10000,4.39615,4.21697,5.62342,0.00263688,0.00251189,0.00398107,0.200361,0.2,0.25,0.793128,0.7,0.8,1.03316e-05,442.672,413.987,15.9608,0.01,0.95,10,10000,0.938,0.139,1,1,0.9352,0,1
238,10000,5.57858,4.21697,5.62342,0.00432359,0.00398107,0.00630957,0.0595869,0.05,0.1,0.921485,0.9,1,1.63746e-05,279.306,261.207,10.0705,0.01,0.95,10,10000,0.938,0.139,1,1,0.9352,0,1
239,10000,5.3493,4.21697,5.62342,0.00468661,0.00398107,0.00630957,0.129599,0.1,0.15,1.20134,1,1.5,8.18729e-05,167.584,90.4848,6.04232,0.01,0.95,10,10000,0.938,0.139,3,3,0.539938,0,1
240,10000,5.01152,4.21697,5.62342,0.00444554,0.00398107,0.00630957,0.170913,0.15,0.2,0.69134,0.6,0.7,1.63746e-05,279.306,261.207,10.0705,0.01,0.95,10,10000,0.938,0.139,1,1,0.9352,0,1
241,10000,4.97727,4.21697,5.62342,0.00408108,0.00398107,0.00630957,0.160836,0.15,0.2,0.746822,0.7,0.8,1.63746e-05,279.306,261.207,10.0705,0.01,0.95,10,10000,0.938,0.139,1,1,0.9352,0,1
242,10000,5.81701,5.62342,7.49894,0.00371264,0.00251189,0.00398107,0.068899,0.05,0.1,0.55517,0.5,0.6,1.37774e-05,995.875,537.71,35.9068,0.01,0.95,10,10000,0.938,0.139,3,3,0.539938,0,1
243,10000,5.82867,5.62342,7.49894,0.00369917,0.00251189,0.00398107,0.0604821,0.05,0.1,0.635273,0.6,0.7,1.37774e-05,995.875,760.437,35.9068,0.01,0.95,10,10000,0.938,0.139,3,2,0.661286,0,0.666667
244,10000,5.7331,5.62342,7.49894,0.00370155,0.00251189,0.00398107,0.0598404,0.05,0.1,0.738921,0.7,0.8,1.37774e-05,2655.67,1520.87,95.7514,0.01,0.95,10,10000,0.938,0.139,8,4,0.4676,0,0.5
245,10000,5.9297,5.62342,7.49894,0.00375726,0.00251189,0.00398107,0.0743845,0.05,0.1,0.847936,0.8,0.9,1.37774e-05,1327.83,801.571,47.8757,0.01,0.95,10,10000,0.938,0.139,4,3,0.539938,0,0.75
246,10000,5.82022,5.62342,7.49894,0.00365043,0.00251189,0.00398107,0.05978,0.05,0.1,0.928226,0.9,1,1.37774e-05,1327.83,801.571,47.8757,0.01,0.95,10,10000,0.938,0.139,4,3,0.539938,0,0.75
247,10000,5.85184,5.62342,7.49894,0.00373078,0.00251189,0.00398107,0.0749962,0.05,0.1,1.27755,1,1.5,6.88871e-05,929.483,268.257,33.513,0.01,0.95,10,10000,0.938,0.139,14,12,0.269969,0,0.857143
248,10000,5.98445,5.62342,7.49894,0.00391163,0.00251189,0.00398107,0.133974,0.1,0.15,0.595267,0.5,0.6,1.37774e-05,0,0,0,0.01,0.95,10,10000,0.938,0.139,0,1,0.9352,0,0
249,10000,5.85786,5.62342,7.49894,0.00382854,0.00251189,0.00398107,0.1335,0.1,0.15,0.617476,0.6,0.7,1.37774e-05,663.916,760.437,23.9378,0.01,0.95,10,10000,0.938,0.139,2,1,0.9352,0,0.5
250,10000,5.8054,5.62342,7.49894,0.0037532,0.00251189,0.00398107,0.116896,0.1,0.15,1.25916,1,1.5,6.88871e-05,398.35,215.084,14.3627,0.01,0.95,10,10000,0.938,0.139,6,4,0.4676,0,0.666667
251,10000,5.79996,5.62342,7.49894,0.00375776,0.00251189,0.00398107,0.161776,0.15,0.2,1.27456,1,1.5,6.88871e-05,132.783,87.8077,4.78757,0.01,0.95,10,10000,0.938,0.139,2,2,0.661286,0,1
252,10000,6.19149,5.62342,7.49894,0.00585667,0.00398107,0.00630957,0.0923827,0.05,0.1,0.0857644,0,0.1,2.18358e-05,418.902,479.802,15.1037,0.01,0.95,10,10000,0.938,0.139,2,1,0.9352,0,0.5
253,10000,6.21878,5.62342,7.49894,0.00519851,0.00398107,0.00630957,0.071039,0.05,0.1,0.477765,0.4,0.5,2.18358e-05,1675.61,1465.82,60.4149,0.01,0.95,10,10000,0.938,0.139,8,2,0.661286,0,0.25
254,10000,6.98549,5.62342,7.49894,0.00544596,0.00398107,0.00630957,0.0795601,0.05,0.1,0.534484,0.5,0.6,2.18358e-05,1885.06,1313.99,67.9667,0.01,0.95,10,10000,0.938,0.139,9,3,0.539938,0,0.333333
255,10000,6.21388,5.62342,7.49894,0.00460156,0.00398107,0.00630957,0.0624413,0.05,0.1,0.664377,0.6,0.7,2.18358e-05,1466.16,598.418,52.863,0.01,0.95,10,10000,0.938,0.139,7,6,0.381794,0,0.857143
256,10000,6.5579,5.62342,7.49894,0.00523052,0.00398107,0.00630957,0.0692173,0.05,0.1,0.743892,0.7,0.8,2.18358e-05,2513.41,1057.43,90.6223,0.01,0.95,10,10000,0.938,0.139,12,7,0.353472,0,0.583333
257,10000,6.66533,5.62342,7.49894,0.00516821,0.00398107,0.00630957,0.0720326,0.05,0.1,0.844988,0.8,0.9,2.18358e-05,2722.86,1163.55,98.1742,0.01,0.95,10,10000,0.938,0.139,13,7,0.353472,0,0.538462
258,10000,6.50275,5.62342,7.49894,0.00490081,0.00398107,0.00630957,0.0662735,0.05,0.1,0.947136,0.9,1,2.18358e-05,3770.12,983.302,135.933,0.01,0.95,10,10000,0.938,0.139,18,15,0.241468,0,0.833333
259,10000,6.57451,5.62342,7.49894,0.0049003,0.00398107,0.00630957,0.0679984,0.05,0.1,1.24292,1,1.5,0.000109179,3057.98,463.798,110.257,0.01,0.95,10,10000,0.938,0.139,73,50,0.132257,0,0.684932
260,10000,6.24395,5.62342,7.49894,0.00466872,0.00398107,0.00630957,0.108633,0.1,0.15,0.154212,0.1,0.2,2.18358e-05,209.451,195.878,7.55186,0.01,0.95,10,10000,0.938,0.139,1,1,0.9352,0,1
261,10000,6.66739,5.62342,7.49894,0.00531527,0.00398107,0.00630957,0.110045,0.1,0.15,0.326829,0.3,0.4,2.18358e-05,209.451,195.878,7.55186,0.01,0.95,10,10000,0.938,0.139,1,1,0.9352,0,1
262,10000,6.2438,5.62342,7.49894,0.00466854,0.00398107,0.00630957,0.13306,0.1,0.15,0.520606,0.5,0.6,2.18358e-05,418.902,479.802,15.1037,0.01,0.95,10,10000,0.938,0.139,2,1,0.9352,0,0.5
263,10000,6.76407,5.62342,7.49894,0.00524072,0.00398107,0.00630957,0.129614,0.1,0.15,0.864311,0.8,0.9,2.18358e-05,837.803,678.543,30.2074,0.01,0.95,10,10000,0.938,0.139,4,2,0.661286,0,0.5
264,10000,5.69711,5.62342,7.49894,0.00399747,0.00398107,0.00630957,0.129755,0.1,0.15,0.985054,0.9,1,2.18358e-05,209.451,195.878,7.55186,0.01,0.95,10,10000,0.938,0.139,1,1,0.9352,0,1
265,10000,6.24956,5.62342,7.49894,0.00500086,0.00398107,0.00630957,0.117071,0.1,0.15,1.21072,1,1.5,0.000109179,502.682,211.486,18.1245,0.01,0.95,10,10000,0.938,0.139,12,7,0.353472,0,0.583333
266,10000,5.94383,5.62342,7.49894,0.00420565,0.00398107,0.00630957,0.163432,0.15,0.2,0.85029,0.8,0.9,2.18358e-05,418.902,479.802,15.1037,0.01,0.95,10,10000,0.938,0.139,2,1,0.9352,0,0.5
267,10000,5.88604,5.62342,7.49894,0.00505258,0.00398107,0.00630957,0.164608,0.15,0.2,1.16064,1,1.5,0.000109179,293.231,139.06,10.5726,0.01,0.95,10,10000,0.938,0.139,7,5,0.418234,0,0.714286
268,10000,6.33785,5.62342,7.49894,0.00442691,0.00398107,0.00630957,0.210169,0.2,0.25,1.18009,1,1.5,0.000109179,83.7803,95.9604,3.02074,0.01,0.95,10,10000,0.938,0.139,2,1,0.9352,0,0.5
269,10000,7.14606,5.62342,7.49894,0.00788012,0.00630957,0.01,0.0693731,0.05,0.1,0.663163,0.6,0.7,3.46075e-05,792.926,358.2,28.5894,0.01,0.95,10,10000,0.938,0.139,6,5,0.418234,0,0.833333
270,10000,7.05459,5.62342,7.49894,0.00745522,0.00630957,0.01,0.0618847,0.05,0.1,0.760872,0.7,0.8,3.46075e-05,264.309,-nan,9.52978,0.01,0.95,10,10000,0.938,0.139,2,3,0.539938,0,1.5
271,10000,7.27016,5.62342,7.49894,0.00701932,0.00630957,0.01,0.0901932,0.05,0.1,1.32012,1,1.5,0.000173037,79.2926,60.5468,2.85894,0.01,0.95,10,10000,0.938,0.139,3,2,0.661286,0,0.666667
272,10000,6.08824,5.62342,7.49894,0.00633406,0.00630957,0.01,0.158107,0.15,0.2,0.603312,0.6,0.7,3.46075e-05,132.154,123.591,4.76489,0.01,0.95,10,10000,0.938,0.139,1,1,0.9352,0,1
273,10000,7.23249,5.62342,7.49894,0.0124361,0.01,0.0158489,0.0673554,0.05,0.1,0.71497,0.7,0.8,5.48488e-05,83.3843,77.981,3.00646,0.01,0.95,10,10000,0.938,0.139,1,1,0.9352,0,1
274,10000,7.53299,7.49894,10,0.00601821,0.00398107,0.00630957,0.0564943,0.05,0.1,0.448142,0.4,0.5,2.91186e-05,157.065,146.888,5.66308,0.01,0.95,10,10000,0.938,0.139,1,1,0.9352,0,1
275,10000,7.58234,7.49894,10,0.00612241,0.00398107,0.00630957,0.0536085,0.05,0.1,1.29972,1,1.5,0.000145593,125.652,-nan,4.53046,0.01,0.95,10,10000,0.938,0.139,4,5,0.418234,0,1.25
276,10000,8.67501,7.49894,10,0.00893393,0.00630957,0.01,0.0611097,0.05,0.1,0.250258,0.2,0.3,4.61499e-05,297.304,227.018,10.7195,0.01,0.95,10,10000,0.938,0.139,3,2,0.661286,0,0.666667
277,10000,9.26254,7.49894,10,0.00933522,0.00630957,0.01,0.0544896,0.05,0.1,0.492106,0.4,0.5,4.61499e-05,396.406,490.415,14.2926,0.01,0.95,10,10000,0.938,0.139,4,1,0.9352,0,0.25
278,10000,7.65974,7.49894,10,0.00909335,0.00630957,0.01,0.0590281,0.05,0.1,0.551793,0.5,0.6,4.61499e-05,396.406,321.052,14.2926,0.01,0.95,10,10000,0.938,0.139,4,2,0.661286,0,0.5
279,10000,8.18073,7.49894,10,0.00835398,0.00630957,0.01,0.0638459,0.05,0.1,0.627866,0.6,0.7,4.61499e-05,297.304,227.018,10.7195,0.01,0.95,10,10000,0.938,0.139,3,2,0.661286,0,0.666667
280,10000,8.26203,7.49894,10,0.00829028,0.00630957,0.01,0.0562124,0.05,0.1,0.755706,0.7,0.8,4.61499e-05,891.913,448.324,32.1584,0.01,0.95,10,10000,0.938,0.139,9,5,0.418234,0,0.555556
281,10000,8.06535,7.49894,10,0.00799078,0.00630957,0.01,0.0598681,0.05,0.1,0.863719,0.8,0.9,4.61499e-05,792.812,297.236,28.5852,0.01,0.95,10,10000,0.938,0.139,8,7,0.353472,0,0.875
282,10000,8.39681,7.49894,10,0.00855881,0.00630957,0.01,0.0649571,0.05,0.1,0.959304,0.9,1,4.61499e-05,693.71,328.98,25.0121,0.01,0.95,10,10000,0.938,0.139,7,5,0.418234,0,0.714286
283,10000,8.47773,7.49894,10,0.0082392,0.00630957,0.01,0.0666008,0.05,0.1,1.2555,1,1.5,0.00023075,792.812,155.464,28.5852,0.01,0.95,10,10000,0.938,0.139,40,29,0.173662,0,0.725
284,10000,7.77953,7.49894,10,0.00759535,0.00630957,0.01,0.144511,0.1,0.15,0.237898,0.2,0.3,4.61499e-05,99.1015,92.6797,3.57315,0.01,0.95,10,10000,0.938,0.139,1,1,0.9352,0,1
285,10000,8.14726,7.49894,10,0.00830102,0.00630957,0.01,0.12515,0.1,0.15,0.667543,0.6,0.7,4.61499e-05,198.203,131.069,7.14631,0.01,0.95,10,10000,0.938,0.139,2,2,0.661286,0,1
286,10000,7.6037,7.49894,10,0.00705855,0.00630957,0.01,0.145618,0.1,0.15,0.88749,0.8,0.9,4.61499e-05,99.1015,92.6797,3.57315,0.01,0.95,10,10000,0.938,0.139,1,1,0.9352,0,1
287,10000,8.469,7.49894,10,0.00951242,0.00630957,0.01,0.130872,0.1,0.15,0.951848,0.9,1,4.61499e-05,198.203,131.069,7.14631,0.01,0.95,10,10000,0.938,0.139,2,2,0.661286,0,1
288,10000,7.63196,7.49894,10,0.00688954,0.00630957,0.01,0.120023,0.1,0.15,1.34321,1,1.5,0.00023075,99.1015,82.8952,3.57315,0.01,0.95,10,10000,0.938,0.139,5,2,0.661286,0,0.4
289,10000,7.90593,7.49894,10,0.00673328,0.00630957,0.01,0.174401,0.15,0.2,0.879317,0.8,0.9,4.61499e-05,99.1015,92.6797,3.57315,0.01,0.95,10,10000,0.938,0.139,1,1,0.9352,0,1
290,10000,7.62432,7.49894,10,0.00755402,0.00630957,0.01,0.184108,0.15,0.2,1.10927,1,1.5,0.00023075,39.6406,45.4036,1.42926,0.01,0.95,10,10000,0.938,0.139,2,1,0.9352,0,0.5
291,10000,7.7645,7.49894,10,0.00711692,0.00630957,0.01,0.218011,0.2,0.25,1.10532,1,1.5,0.00023075,19.8203,-nan,0.714631,0.01,0.95,10,10000,0.938,0.139,1,2,0.661286,0,2
292,10000,9.91531,7.49894,10,0.0106704,0.01,0.0158489,0.0643106,0.05,0.1,0.221771,0.2,0.3,7.31423e-05,62.5292,58.4773,2.25452,0.01,0.95,10,10000,0.938,0.139,1,1,0.9352,0,1
293,10000,8.7474,7.49894,10,0.0110202,0.01,0.0158489,0.0885682,0.05,0.1,0.449989,0.4,0.5,7.31423e-05,125.058,-nan,4.50904,0.01,0.95,10,10000,0.938,0.139,2,3,0.539938,0,1.5
294,10000,9.14964,7.49894,10,0.0110117,0.01,0.0158489,0.0548771,0.05,0.1,0.533757,0.5,0.6,7.31423e-05,62.5292,58.4773,2.25452,0.01,0.95,10,10000,0.938,0.139,1,1,0.9352,0,1
295,10000,9.15566,7.49894,10,0.0127424,0.01,0.0158489,0.0685974,0.05,0.1,0.651541,0.6,0.7,7.31423e-05,125.058,82.6994,4.50904,0.01,0.95,10,10000,0.938,0.139,2,2,0.661286,0,1
296,10000,8.2336,7.49894,10,0.0104371,0.01,0.0158489,0.0720474,0.05,0.1,0.764655,0.7,0.8,7.31423e-05,312.646,392.278,11.2726,0.01,0.95,10,10000,0.938,0.139,5,1,0.9352,0,0.2
297,10000,9.55845,7.49894,10,0.0111937,0.01,0.0158489,0.0740801,0.05,0.1,0.805055,0.8,0.9,7.31423e-05,125.058,-nan,4.50904,0.01,0.95,10,10000,0.938,0.139,2,3,0.539938,0,1.5
298,10000,8.9108,7.49894,10,0.0106969,0.01,0.0158489,0.0659781,0.05,0.1,0.968846,0.9,1,7.31423e-05,187.588,101.286,6.76357,0.01,0.95,10,10000,0.938,0.139,3,3,0.539938,0,1
299,10000,9.55422,7.49894,10,0.0111061,0.01,0.0158489,0.0709444,0.05,0.1,1.32025,1,1.5,0.000365711,162.576,45.5473,5.86176,0.01,0.95,10,10000,0.938,0.139,13,12,0.269969,0,0.923077
300,10000,8.69864,7.49894,10,0.0119749,0.01,0.0158489,0.144567,0.1,0.15,0.557534,0.5,0.6,7.31423e-05,125.058,143.24,4.50904,0.01,0.95,10,10000,0.938,0.139,2,1,0.9352,0,0.5
301,10000,9.14149,7.49894,10,0.0145715,0.01,0.0158489,0.129372,0.1,0.15,1.27077,1,1.5,0.000365711,25.0117,16.5399,0.901809,0.01,0.95,10,10000,0.938,0.139,2,2,0.661286,0,1
302,10000,8.69864,7.49894,10,0.0119749,0.01,0.0158489,0.166304,0.15,0.2,0.575929,0.5,0.6,7.31423e-05,62.5292,58.4773,2.25452,0.01,0.95,10,10000,0.938,0.139,1,1,0.9352,0,1
303,10000,9.99953,7.49894,10,0.0222715,0.0158489,0.0251189,0.055707,0.05,0.1,0.958449,0.9,1,0.000115924,39.4528,36.8962,1.42249,0.01,0.95,10,10000,0.938,0.139,1,1,0.9352,0,1
304,10000,9.98758,7.49894,10,0.0189146,0.0158489,0.0251189,0.149519,0.1,0.15,0.514211,0.5,0.6,0.000115924,0,0,0,0.01,0.95,10,10000,0.938,0.139,0,1,0.9352,0,0
305,10000,9.98758,7.49894,10,0.0189146,0.0158489,0.0251189,0.302246,0.3,0.4,1.17895,1,1.5,0.00115924,3.94528,3.68962,0.142249,0.01,0.95,10,10000,0.938,0.139,1,1,0.9352,0,1
306,10000,8.96852,7.49894,10,0.0275722,0.0251189,0.0398107,0.122242,0.1,0.15,0.619608,0.6,0.7,0.000183725,24.8933,23.2802,0.89754,0.01,0.95,10,10000,0.938,0.139,1,1,0.9352,0,1
307,10000,9.99954,7.49894,10,0.0573228,0.0398107,0.0630957,0.0572637,0.05,0.1,0.450071,0.4,0.5,0.000291186,15.7065,14.6888,0.566308,0.01,0.95,10,10000,0.938,0.139,1,1,0.9352,0,1
308,10000,9.99916,7.49894,10,0.0596217,0.0398107,0.0630957,0.117144,0.1,0.15,0.555773,0.5,0.6,0.000291186,15.7065,14.6888,0.566308,0.01,0.95,10,10000,0.938,0.139,1,1,0.9352,0,1
309,10000,9.99869,7.49894,10,0.14565,0.1,0.251189,0.0574839,0.05,0.1,0.679423,0.6,0.7,0.00189066,4.83801,3.19931,0.174437,0.01,0.95,10,10000,0.938,0.139,2,2,0.661286,0,1
310,10000,10.6516,10,13.3352,0.013817,0.01,0.0158489,0.0764271,0.05,0.1,0.0650839,0,0.1,9.75367e-05,246268,6826.43,8879.31,0.01,0.95,10,10000,0.938,0.139,5252,1871,0.0216206,0,0.356245
311,10000,10.6448,10,13.3352,0.0139013,0.01,0.0158489,0.0762855,0.05,0.1,0.154646,0.1,0.2,9.75367e-05,566341,9437.81,20419.7,0.01,0.95,10,10000,0.938,0.139,12078,4996,0.013231,0,0.413645
312,10000,10.6411,10,13.3352,0.013866,0.01,0.0158489,0.0746331,0.05,0.1,0.252283,0.2,0.3,9.75367e-05,714280,9731.8,25753.7,0.01,0.95,10,10000,0.938,0.139,15233,7197,0.0110237,0,0.472461
313,10000,10.6483,10,13.3352,0.0138535,0.01,0.0158489,0.0733074,0.05,0.1,0.349994,0.3,0.4,9.75367e-05,652900,8424.7,23540.7,0.01,0.95,10,10000,0.938,0.139,13924,7628,0.0107078,0,0.547831
314,10000,10.6568,10,13.3352,0.013821,0.01,0.0158489,0.0725294,0.05,0.1,0.449223,0.4,0.5,9.75367e-05,547022,7083.27,19723.2,0.01,0.95,10,10000,0.938,0.139,11666,7209,0.0110146,0,0.61795
315,10000,10.6691,10,13.3352,0.013819,0.01,0.0158489,0.0722164,0.05,0.1,0.549091,0.5,0.6,9.75367e-05,418402,5663.91,15085.7,0.01,0.95,10,10000,0.938,0.139,8923,6219,0.0118589,0,0.696963
316,10000,10.6615,10,13.3352,0.0138011,0.01,0.0158489,0.0720592,0.05,0.1,0.647619,0.6,0.7,9.75367e-05,320683,4669.54,11562.4,0.01,0.95,10,10000,0.938,0.139,6839,5146,0.0130368,0,0.752449
317,10000,10.6625,10,13.3352,0.0137993,0.01,0.0158489,0.0721053,0.05,0.1,0.747511,0.7,0.8,9.75367e-05,235671,3788.51,8497.22,0.01,0.95,10,10000,0.938,0.139,5026,4045,0.0147043,0,0.804815
318,10000,10.6795,10,13.3352,0.0138548,0.01,0.0158489,0.0717339,0.05,0.1,0.848414,0.8,0.9,9.75367e-05,171712,3203.03,6191.17,0.01,0.95,10,10000,0.938,0.139,3662,2981,0.0171287,0,0.814036
319,10000,10.666,10,13.3352,0.0138279,0.01,0.0158489,0.0719387,0.05,0.1,0.947471,0.9,1,9.75367e-05,131293,2804.21,4733.83,0.01,0.95,10,10000,0.938,0.139,2800,2276,0.0196028,0,0.812857
320,10000,10.6841,10,13.3352,0.0138316,0.01,0.0158489,0.0726762,0.05,0.1,1.19392,1,1.5,0.000487684,62729.8,876.891,2261.76,0.01,0.95,10,10000,0.938,0.139,6689,5363,0.0127703,0,0.801764
321,10000,10.6693,10,13.3352,0.0138487,0.01,0.0158489,0.121297,0.1,0.15,0.0656775,0,0.1,9.75367e-05,69491.4,2075.72,2505.55,0.01,0.95,10,10000,0.938,0.139,1482,1180,0.0272247,0,0.796221
322,10000,10.6414,10,13.3352,0.0137724,0.01,0.0158489,0.121711,0.1,0.15,0.154369,0.1,0.2,9.75367e-05,191547,3495.6,6906.32,0.01,0.95,10,10000,0.938,0.139,4085,3197,0.0165399,0,0.782619
323,10000,10.6407,10,13.3352,0.0138112,0.01,0.0158489,0.121799,0.1,0.15,0.251363,0.2,0.3,9.75367e-05,268306,4190.86,9673.92,0.01,0.95,10,10000,0.938,0.139,5722,4408,0.0140859,0,0.77036
324,10000,10.6502,10,13.3352,0.013795,0.01,0.0158489,0.122324,0.1,0.15,0.350154,0.3,0.4,9.75367e-05,282748,4263.47,10194.6,0.01,0.95,10,10000,0.938,0.139,6030,4697,0.0136456,0,0.778939
325,10000,10.6435,10,13.3352,0.0138218,0.01,0.0158489,0.122419,0.1,0.15,0.448683,0.4,0.5,9.75367e-05,245893,3927.51,8865.79,0.01,0.95,10,10000,0.938,0.139,5244,4146,0.0145241,0,0.790618
326,10000,10.644,10,13.3352,0.0138118,0.01,0.0158489,0.122235,0.1,0.15,0.5487,0.5,0.6,9.75367e-05,204020,3640.18,7356.03,0.01,0.95,10,10000,0.938,0.139,4351,3368,0.0161146,0,0.774075
327,10000,10.6464,10,13.3352,0.0137999,0.01,0.0158489,0.122084,0.1,0.15,0.648131,0.6,0.7,9.75367e-05,161818,3169.18,5834.44,0.01,0.95,10,10000,0.938,0.139,3451,2746,0.0178465,0,0.795711
328,10000,10.6626,10,13.3352,0.0138149,0.01,0.0158489,0.122383,0.1,0.15,0.747507,0.7,0.8,9.75367e-05,127166,2812.65,4585.05,0.01,0.95,10,10000,0.938,0.139,2712,2155,0.0201456,0,0.794617
329,10000,10.6898,10,13.3352,0.013843,0.01,0.0158489,0.122755,0.1,0.15,0.848305,0.8,0.9,9.75367e-05,93780.6,2388.16,3381.31,0.01,0.95,10,10000,0.938,0.139,2000,1611,0.0233,0,0.8055
330,10000,10.6541,10,13.3352,0.013862,0.01,0.0158489,0.122951,0.1,0.15,0.947248,0.9,1,9.75367e-05,74321.1,2152.31,2679.69,0.01,0.95,10,10000,0.938,0.139,1585,1258,0.0263672,0,0.793691
331,10000,10.6599,10,13.3352,0.0138258,0.01,0.0158489,0.122786,0.1,0.15,1.20001,1,1.5,0.000487684,37109,726.415,1337.98,0.01,0.95,10,10000,0.938,0.139,3957,2895,0.0173812,0,0.731615
332,10000,10.6294,10,13.3352,0.0136407,0.01,0.0158489,0.17171,0.15,0.2,0.0664074,0,0.1,9.75367e-05,30478.7,1428.07,1098.92,0.01,0.95,10,10000,0.938,0.139,650,494,0.0420766,0,0.76
333,10000,10.6486,10,13.3352,0.0137768,0.01,0.0158489,0.171554,0.15,0.2,0.15372,0.1,0.2,9.75367e-05,84871.4,2375.51,3060.08,0.01,0.95,10,10000,0.938,0.139,1810,1381,0.0251656,0,0.762983
334,10000,10.667,10,13.3352,0.0138041,0.01,0.0158489,0.171088,0.15,0.2,0.251668,0.2,0.3,9.75367e-05,128901,2970.26,4647.61,0.01,0.95,10,10000,0.938,0.139,2749,2060,0.0206049,0,0.749363
335,10000,10.6396,10,13.3352,0.0137989,0.01,0.0158489,0.172301,0.15,0.2,0.350718,0.3,0.4,9.75367e-05,144235,3118.16,5200.45,0.01,0.95,10,10000,0.938,0.139,3076,2327,0.0193868,0,0.756502
336,10000,10.6371,10,13.3352,0.0138106,0.01,0.0158489,0.172064,0.15,0.2,0.448678,0.4,0.5,9.75367e-05,131340,3026.94,4735.52,0.01,0.95,10,10000,0.938,0.139,2801,2074,0.0205353,0,0.74045
337,10000,10.6544,10,13.3352,0.0138127,0.01,0.0158489,0.172527,0.15,0.2,0.549478,0.5,0.6,9.75367e-05,111177,2751.98,4008.54,0.01,0.95,10,10000,0.938,0.139,2371,1782,0.0221539,0,0.751582
338,10000,10.6437,10,13.3352,0.0138474,0.01,0.0158489,0.172713,0.15,0.2,0.648687,0.6,0.7,9.75367e-05,91670.5,2531.03,3305.23,0.01,0.95,10,10000,0.938,0.139,1955,1446,0.0245935,0,0.739642
339,10000,10.6546,10,13.3352,0.0138001,0.01,0.0158489,0.172556,0.15,0.2,0.748493,0.7,0.8,9.75367e-05,75493.4,2252.87,2721.95,0.01,0.95,10,10000,0.938,0.139,1610,1220,0.0267747,0,0.757764
340,10000,10.6456,10,13.3352,0.0138405,0.01,0.0158489,0.172593,0.15,0.2,0.848885,0.8,0.9,9.75367e-05,59691.3,2069.44,2152.2,0.01,0.95,10,10000,0.938,0.139,1273,926,0.0307326,0,0.727416
341,10000,10.6343,10,13.3352,0.0138694,0.01,0.0158489,0.172362,0.15,0.2,0.948224,0.9,1,9.75367e-05,45905.6,1741.33,1655.15,0.01,0.95,10,10000,0.938,0.139,979,750,0.0341487,0,0.766088
342,10000,10.663,10,13.3352,0.0138706,0.01,0.0158489,0.173119,0.15,0.2,1.20399,1,1.5,0.000487684,24354.8,597.632,878.125,0.01,0.95,10,10000,0.938,0.139,2597,1863,0.021667,0,0.717366
343,10000,10.6681,10,13.3352,0.0137894,0.01,0.0158489,0.221067,0.2,0.25,0.0670612,0,0.1,9.75367e-05,15192.5,1064.1,547.772,0.01,0.95,10,10000,0.938,0.139,324,230,0.0616653,0,0.709877
344,10000,10.6227,10,13.3352,0.01372,0.01,0.0158489,0.222325,0.2,0.25,0.15428,0.1,0.2,9.75367e-05,44264.4,1922.18,1595.98,0.01,0.95,10,10000,0.938,0.139,944,622,0.0374981,0,0.658898
345,10000,10.6419,10,13.3352,0.0137599,0.01,0.0158489,0.221434,0.2,0.25,0.251793,0.2,0.3,9.75367e-05,64989.9,2262.71,2343.25,0.01,0.95,10,10000,0.938,0.139,1386,949,0.0303579,0,0.684704
346,10000,10.653,10,13.3352,0.0138236,0.01,0.0158489,0.221631,0.2,0.25,0.350696,0.3,0.4,9.75367e-05,76149.8,2464.37,2745.62,0.01,0.95,10,10000,0.938,0.139,1624,1103,0.028159,0,0.679187
347,10000,10.654,10,13.3352,0.0138367,0.01,0.0158489,0.223035,0.2,0.25,0.449997,0.4,0.5,9.75367e-05,73899.1,2364.48,2664.47,0.01,0.95,10,10000,0.938,0.139,1576,1108,0.0280954,0,0.703046
348,10000,10.6641,10,13.3352,0.0137714,0.01,0.0158489,0.223238,0.2,0.25,0.549356,0.5,0.6,9.75367e-05,66959.3,2316.08,2414.25,0.01,0.95,10,10000,0.938,0.139,1428,967,0.030074,0,0.677171
349,10000,10.6738,10,13.3352,0.0138635,0.01,0.0158489,0.223064,0.2,0.25,0.648038,0.6,0.7,9.75367e-05,54064.5,2101.01,1949.32,0.01,0.95,10,10000,0.938,0.139,1153,771,0.0336804,0,0.66869
350,10000,10.6526,10,13.3352,0.0139188,0.01,0.0158489,0.222481,0.2,0.25,0.750099,0.7,0.8,9.75367e-05,49563,2034.97,1787.02,0.01,0.95,10,10000,0.938,0.139,1057,696,0.0354487,0,0.658467
351,10000,10.6303,10,13.3352,0.0137866,0.01,0.0158489,0.222396,0.2,0.25,0.848113,0.8,0.9,9.75367e-05,37465.3,1703.95,1350.83,0.01,0.95,10,10000,0.938,0.139,799,553,0.0397687,0,0.692115
352,10000,10.6365,10,13.3352,0.0138245,0.01,0.0158489,0.222525,0.2,0.25,0.947194,0.9,1,9.75367e-05,27665.3,1424.92,997.486,0.01,0.95,10,10000,0.938,0.139,590,423,0.045471,0,0.716949
353,10000,10.6684,10,13.3352,0.0138079,0.01,0.0158489,0.22247,0.2,0.25,1.20367,1,1.5,0.000487684,16449.1,531.801,593.081,0.01,0.95,10,10000,0.938,0.139,1754,1133,0.0277837,0,0.645952
354,10000,10.6151,10,13.3352,0.0138251,0.01,0.0158489,0.272626,0.25,0.3,0.0693894,0,0.1,9.75367e-05,8815.37,900.169,317.843,0.01,0.95,10,10000,0.938,0.139,188,116,0.0868311,0,0.617021
355,10000,10.6612,10,13.3352,0.0137874,0.01,0.0158489,0.271645,0.25,0.3,0.152688,0.1,0.2,9.75367e-05,24476.7,1555.93,882.521,0.01,0.95,10,10000,0.938,0.139,522,306,0.0534618,0,0.586207
356,10000,10.639,10,13.3352,0.0137901,0.01,0.0158489,0.271571,0.25,0.3,0.252154,0.2,0.3,9.75367e-05,37090.2,1793.27,1337.31,0.01,0.95,10,10000,0.938,0.139,791,508,0.0414928,0,0.642225
357,10000,10.6224,10,13.3352,0.0137151,0.01,0.0158489,0.272297,0.25,0.3,0.351327,0.3,0.4,9.75367e-05,40935.2,1931.11,1475.94,0.01,0.95,10,10000,0.938,0.139,873,542,0.0401703,0,0.620848
358,10000,10.646,10,13.3352,0.0137384,0.01,0.0158489,0.271291,0.25,0.3,0.447307,0.4,0.5,9.75367e-05,43092.2,1982.75,1553.71,0.01,0.95,10,10000,0.938,0.139,919,570,0.0391712,0,0.620239
359,10000,10.6399,10,13.3352,0.0137987,0.01,0.0158489,0.272788,0.25,0.3,0.548802,0.5,0.6,9.75367e-05,40607,1972.85,1464.11,0.01,0.95,10,10000,0.938,0.139,866,519,0.0410507,0,0.599307
360,10000,10.6127,10,13.3352,0.0136757,0.01,0.0158489,0.272677,0.25,0.3,0.647524,0.6,0.7,9.75367e-05,34229.9,1766.5,1234.18,0.01,0.95,10,10000,0.938,0.139,730,453,0.0439395,0,0.620548
361,10000,10.6281,10,13.3352,0.0139114,0.01,0.0158489,0.272691,0.25,0.3,0.749195,0.7,0.8,9.75367e-05,30478.7,1661.99,1098.92,0.01,0.95,10,10000,0.938,0.139,650,405,0.0464705,0,0.623077
362,10000,10.6335,10,13.3352,0.0139269,0.01,0.0158489,0.273048,0.25,0.3,0.850301,0.8,0.9,9.75367e-05,23726.5,1519.64,855.471,0.01,0.95,10,10000,0.938,0.139,506,300,0.0539938,0,0.592885
363,10000,10.6448,10,13.3352,0.0139606,0.01,0.0158489,0.272822,0.25,0.3,0.952674,0.9,1,9.75367e-05,19365.7,1356.6,698.24,0.01,0.95,10,10000,0.938,0.139,413,249,0.0592659,0,0.602906
364,10000,10.6143,10,13.3352,0.013767,0.01,0.0158489,0.273376,0.25,0.3,1.20627,1,1.5,0.000487684,11319.3,480.656,408.124,0.01,0.95,10,10000,0.938,0.139,1207,692,0.035551,0,0.573322
365,10000,10.6972,10,13.3352,0.0139223,0.01,0.0158489,0.337488,0.3,0.4,0.0686305,0,0.1,0.000195073,3821.56,446.442,137.788,0.01,0.95,10,10000,0.938,0.139,163,92,0.0975013,0,0.564417
366,10000,10.6474,10,13.3352,0.0138211,0.01,0.0158489,0.339601,0.3,0.4,0.157134,0.1,0.2,0.000195073,11863.2,834.474,427.735,0.01,0.95,10,10000,0.938,0.139,506,262,0.0577768,0,0.517787
367,10000,10.628,10,13.3352,0.0137109,0.01,0.0158489,0.339335,0.3,0.4,0.251579,0.2,0.3,0.000195073,17583.9,967.685,633.995,0.01,0.95,10,10000,0.938,0.139,750,417,0.0457969,0,0.556
368,10000,10.6346,10,13.3352,0.0137423,0.01,0.0158489,0.341425,0.3,0.4,0.350629,0.3,0.4,0.000195073,20608.3,1076.12,743.042,0.01,0.95,10,10000,0.938,0.139,879,470,0.0431376,0,0.534699
369,10000,10.6354,10,13.3352,0.013793,0.01,0.0158489,0.344095,0.3,0.4,0.45236,0.4,0.5,0.000195073,21522.6,1048.39,776.01,0.01,0.95,10,10000,0.938,0.139,918,526,0.0407767,0,0.572985
370,10000,10.635,10,13.3352,0.0137394,0.01,0.0158489,0.340599,0.3,0.4,0.551213,0.5,0.6,0.000195073,21686.8,1109.42,781.927,0.01,0.95,10,10000,0.938,0.139,925,491,0.042205,0,0.530811
371,10000,10.6401,10,13.3352,0.0139149,0.01,0.0158489,0.342062,0.3,0.4,0.647531,0.6,0.7,0.000195073,18732.7,1008.61,675.416,0.01,0.95,10,10000,0.938,0.139,799,438,0.0446856,0,0.548185
372,10000,10.6798,10,13.3352,0.0137997,0.01,0.0158489,0.343111,0.3,0.4,0.749963,0.7,0.8,0.000195073,16270.9,928.963,586.657,0.01,0.95,10,10000,0.938,0.139,694,387,0.0475389,0,0.557637
373,10000,10.6715,10,13.3352,0.0138773,0.01,0.0158489,0.343593,0.3,0.4,0.847011,0.8,0.9,0.000195073,13856.1,851.104,499.588,0.01,0.95,10,10000,0.938,0.139,591,333,0.0512486,0,0.563452
374,10000,10.6735,10,13.3352,0.0138373,0.01,0.0158489,0.343354,0.3,0.4,0.946897,0.9,1,0.000195073,11042.7,744.903,398.149,0.01,0.95,10,10000,0.938,0.139,471,273,0.0566009,0,0.579618
375,10000,10.6378,10,13.3352,0.013776,0.01,0.0158489,0.341792,0.3,0.4,1.2254,1,1.5,0.000975367,6531.82,257.874,235.508,0.01,0.95,10,10000,0.938,0.139,1393,800,0.0330643,0,0.5743
376,10000,10.6689,10,13.3352,0.013807,0.01,0.0158489,0.442457,0.4,0.5,0.0667175,0,0.1,0.000195073,1523.93,303.07,54.9462,0.01,0.95,10,10000,0.938,0.139,65,33,0.162797,0,0.507692
377,10000,10.5775,10,13.3352,0.0135255,0.01,0.0158489,0.440623,0.4,0.5,0.153853,0.1,0.2,0.000195073,4689.03,551.79,169.065,0.01,0.95,10,10000,0.938,0.139,200,96,0.0954484,0,0.48
378,10000,10.6048,10,13.3352,0.0137392,0.01,0.0158489,0.439737,0.4,0.5,0.254646,0.2,0.3,0.000195073,6822.54,620.8,245.99,0.01,0.95,10,10000,0.938,0.139,291,155,0.0751171,0,0.532646
379,10000,10.6173,10,13.3352,0.0136176,0.01,0.0158489,0.446329,0.4,0.5,0.35096,0.3,0.4,0.000195073,8276.14,709.499,298.4,0.01,0.95,10,10000,0.938,0.139,353,178,0.0700962,0,0.504249
380,10000,10.6623,10,13.3352,0.0137281,0.01,0.0158489,0.443318,0.4,0.5,0.450199,0.4,0.5,0.000195073,9120.16,771.501,328.832,0.01,0.95,10,10000,0.938,0.139,389,186,0.0685722,0,0.478149
381,10000,10.5926,10,13.3352,0.0135843,0.01,0.0158489,0.440493,0.4,0.5,0.550048,0.5,0.6,0.000195073,9143.61,722.79,329.677,0.01,0.95,10,10000,0.938,0.139,390,206,0.0651585,0,0.528205
382,10000,10.6521,10,13.3352,0.0137037,0.01,0.0158489,0.444605,0.4,0.5,0.645932,0.6,0.7,0.000195073,7150.77,631.47,257.825,0.01,0.95,10,10000,0.938,0.139,305,164,0.0730268,0,0.537705
383,10000,10.6025,10,13.3352,0.0135957,0.01,0.0158489,0.440249,0.4,0.5,0.74953,0.7,0.8,0.000195073,7455.56,660.601,268.814,0.01,0.95,10,10000,0.938,0.139,318,165,0.0728052,0,0.518868
384,10000,10.7432,10,13.3352,0.0137201,0.01,0.0158489,0.437893,0.4,0.5,0.84618,0.8,0.9,0.000195073,6142.63,602.443,221.476,0.01,0.95,10,10000,0.938,0.139,262,135,0.0804892,0,0.515267
385,10000,10.675,10,13.3352,0.0138972,0.01,0.0158489,0.439591,0.4,0.5,0.948871,0.9,1,0.000195073,4689.03,509.861,169.065,0.01,0.95,10,10000,0.938,0.139,200,108,0.0899896,0,0.54
386,10000,10.6517,10,13.3352,0.0137794,0.01,0.0158489,0.442846,0.4,0.5,1.19243,1,1.5,0.000975367,3268.25,206.245,117.839,0.01,0.95,10,10000,0.938,0.139,697,334,0.0511719,0,0.479197
387,10000,10.5929,10,13.3352,0.0141616,0.01,0.0158489,0.534248,0.5,0.6,0.0621804,0,0.1,0.000195073,773.69,213.839,27.8958,0.01,0.95,10,10000,0.938,0.139,33,17,0.226819,0,0.515152
388,10000,10.5571,10,13.3352,0.0142847,0.01,0.0158489,0.545098,0.5,0.6,0.153828,0.1,0.2,0.000195073,2063.17,367.389,74.3887,0.01,0.95,10,10000,0.938,0.139,88,42,0.144304,0,0.477273
389,10000,10.641,10,13.3352,0.0138972,0.01,0.0158489,0.543269,0.5,0.6,0.250931,0.2,0.3,0.000195073,3094.76,491.062,111.583,0.01,0.95,10,10000,0.938,0.139,132,55,0.126102,0,0.416667
390,10000,10.6909,10,13.3352,0.0135893,0.01,0.0158489,0.54007,0.5,0.6,0.353116,0.3,0.4,0.000195073,3024.42,447.528,109.047,0.01,0.95,10,10000,0.938,0.139,129,61,0.11974,0,0.472868
391,10000,10.6561,10,13.3352,0.0137128,0.01,0.0158489,0.542452,0.5,0.6,0.445387,0.4,0.5,0.000195073,3751.22,468.654,135.252,0.01,0.95,10,10000,0.938,0.139,160,83,0.102652,0,0.51875
392,10000,10.6763,10,13.3352,0.013912,0.01,0.0158489,0.545554,0.5,0.6,0.554334,0.5,0.6,0.000195073,4196.68,538.185,151.313,0.01,0.95,10,10000,0.938,0.139,179,82,0.103276,0,0.458101
393,10000,10.5145,10,13.3352,0.0136276,0.01,0.0158489,0.534436,0.5,0.6,0.652652,0.6,0.7,0.000195073,3610.55,531.279,130.18,0.01,0.95,10,10000,0.938,0.139,154,64,0.1169,0,0.415584
394,10000,10.6269,10,13.3352,0.0137713,0.01,0.0158489,0.536389,0.5,0.6,0.750196,0.7,0.8,0.000195073,2672.75,430.69,96.3672,0.01,0.95,10,10000,0.938,0.139,114,52,0.129689,0,0.45614
395,10000,10.6483,10,13.3352,0.013668,0.01,0.0158489,0.541342,0.5,0.6,0.846328,0.8,0.9,0.000195073,2578.97,413.339,92.9859,0.01,0.95,10,10000,0.938,0.139,110,52,0.129689,0,0.472727
396,10000,10.7554,10,13.3352,0.0138782,0.01,0.0158489,0.544504,0.5,0.6,0.953844,0.9,1,0.000195073,2438.3,413.845,87.914,0.01,0.95,10,10000,0.938,0.139,104,47,0.136413,0,0.451923
397,10000,10.7115,10,13.3352,0.0137335,0.01,0.0158489,0.546034,0.5,0.6,1.21195,1,1.5,0.000975367,1472.36,135.743,53.0865,0.01,0.95,10,10000,0.938,0.139,314,155,0.0751171,0,0.493631
398,10000,10.8033,10,13.3352,0.0138894,0.01,0.0158489,0.628103,0.6,0.7,0.0584943,0,0.1,0.000195073,328.232,175.954,11.8346,0.01,0.95,10,10000,0.938,0.139,14,5,0.418234,0,0.357143
399,10000,10.4781,10,13.3352,0.0130795,0.01,0.0158489,0.625311,0.6,0.7,0.149165,0.1,0.2,0.000195073,679.909,318.708,24.5145,0.01,0.95,10,10000,0.938,0.139,29,7,0.353472,0,0.241379
400,10000,10.8052,10,13.3352,0.0138256,0.01,0.0158489,0.644322,0.6,0.7,0.251004,0.2,0.3,0.000195073,1078.48,257.571,38.885,0.01,0.95,10,10000,0.938,0.139,46,23,0.195003,0,0.5
401,10000,10.4487,10,13.3352,0.013207,0.01,0.0158489,0.637749,0.6,0.7,0.350431,0.3,0.4,0.000195073,1664.61,390.237,60.0182,0.01,0.95,10,10000,0.938,0.139,71,26,0.183408,0,0.366197
402,10000,10.5201,10,13.3352,0.0136588,0.01,0.0158489,0.644635,0.6,0.7,0.440525,0.4,0.5,0.000195073,1523.93,353.544,54.9462,0.01,0.95,10,10000,0.938,0.139,65,26,0.183408,0,0.4
403,10000,10.8013,10,13.3352,0.0139846,0.01,0.0158489,0.642686,0.6,0.7,0.544955,0.5,0.6,0.000195073,1500.49,280.408,54.1009,0.01,0.95,10,10000,0.938,0.139,64,36,0.155867,0,0.5625
404,10000,10.5429,10,13.3352,0.0136677,0.01,0.0158489,0.637588,0.6,0.7,0.658617,0.6,0.7,0.000195073,1500.49,339.255,54.1009,0.01,0.95,10,10000,0.938,0.139,64,27,0.179979,0,0.421875
405,10000,10.664,10,13.3352,0.0137258,0.01,0.0158489,0.642588,0.6,0.7,0.746782,0.7,0.8,0.000195073,2063.17,436.32,74.3887,0.01,0.95,10,10000,0.938,0.139,88,32,0.165322,0,0.363636
406,10000,10.6316,10,13.3352,0.0138927,0.01,0.0158489,0.642427,0.6,0.7,0.855205,0.8,0.9,0.000195073,1547.38,335.698,55.7916,0.01,0.95,10,10000,0.938,0.139,66,29,0.173662,0,0.439394
407,10000,10.673,10,13.3352,0.0136112,0.01,0.0158489,0.64494,0.6,0.7,0.957708,0.9,1,0.000195073,1336.37,358.875,48.1836,0.01,0.95,10,10000,0.938,0.139,57,20,0.209117,0,0.350877
408,10000,10.6381,10,13.3352,0.0138395,0.01,0.0158489,0.645036,0.6,0.7,1.16846,1,1.5,0.000975367,815.891,108.518,29.4174,0.01,0.95,10,10000,0.938,0.139,174,77,0.106576,0,0.442529
409,10000,10.6418,10,13.3352,0.014568,0.01,0.0158489,0.727485,0.7,0.8,0.0726282,0,0.1,0.000195073,211.006,82.4567,7.60794,0.01,0.95,10,10000,0.938,0.139,9,7,0.353472,0,0.777778
410,10000,10.6379,10,13.3352,0.0137248,0.01,0.0158489,0.745936,0.7,0.8,0.144017,0.1,0.2,0.000195073,281.342,131.555,10.1439,0.01,0.95,10,10000,0.938,0.139,12,6,0.381794,0,0.5
411,10000,10.5577,10,13.3352,0.0131488,0.01,0.0158489,0.739193,0.7,0.8,0.243423,0.2,0.3,0.000195073,656.464,191.815,23.6691,0.01,0.95,10,10000,0.938,0.139,28,15,0.241468,0,0.535714
412,10000,10.8292,10,13.3352,0.0136468,0.01,0.0158489,0.737525,0.7,0.8,0.345322,0.3,0.4,0.000195073,586.129,296.878,21.1332,0.01,0.95,10,10000,0.938,0.139,25,6,0.381794,0,0.24
413,10000,10.6625,10,13.3352,0.0136124,0.01,0.0158489,0.729284,0.7,0.8,0.448845,0.4,0.5,0.000195073,890.915,347.233,32.1224,0.01,0.95,10,10000,0.938,0.139,38,10,0.295736,0,0.263158
414,10000,10.6398,10,13.3352,0.0142493,0.01,0.0158489,0.746678,0.7,0.8,0.549902,0.5,0.6,0.000195073,539.238,176.999,19.4425,0.01,0.95,10,10000,0.938,0.139,23,12,0.269969,0,0.521739
415,10000,10.4548,10,13.3352,0.01353,0.01,0.0158489,0.737671,0.7,0.8,0.658651,0.6,0.7,0.000195073,679.909,209.324,24.5145,0.01,0.95,10,10000,0.938,0.139,29,14,0.249943,0,0.482759
416,10000,10.3666,10,13.3352,0.0133478,0.01,0.0158489,0.761678,0.7,0.8,0.748085,0.7,0.8,0.000195073,656.464,265.133,23.6691,0.01,0.95,10,10000,0.938,0.139,28,9,0.311733,0,0.321429
417,10000,10.597,10,13.3352,0.0133295,0.01,0.0158489,0.765826,0.7,0.8,0.85341,0.8,0.9,0.000195073,539.238,213.207,19.4425,0.01,0.95,10,10000,0.938,0.139,23,9,0.311733,0,0.391304
418,10000,10.7113,10,13.3352,0.0139783,0.01,0.0158489,0.747715,0.7,0.8,0.954821,0.9,1,0.000195073,562.683,197.001,20.2878,0.01,0.95,10,10000,0.938,0.139,24,11,0.281973,0,0.458333
419,10000,10.5607,10,13.3352,0.0140434,0.01,0.0158489,0.737253,0.7,0.8,1.23161,1,1.5,0.000975367,337.61,71.0415,12.1727,0.01,0.95,10,10000,0.938,0.139,72,31,0.167967,0,0.430556
420,10000,10.7878,10,13.3352,0.0157882,0.01,0.0158489,0.833293,0.8,0.9,0.0418821,0,0.1,0.000195073,23.4451,21.9259,0.845327,0.01,0.95,10,10000,0.938,0.139,1,1,0.9352,0,1
421,10000,10.3894,10,13.3352,0.0136914,0.01,0.0158489,0.869081,0.8,0.9,0.134418,0.1,0.2,0.000195073,164.116,77.8292,5.91729,0.01,0.95,10,10000,0.938,0.139,7,5,0.418234,0,0.714286
422,10000,10.5114,10,13.3352,0.0132122,0.01,0.0158489,0.840158,0.8,0.9,0.255561,0.2,0.3,0.000195073,304.787,144.334,10.9892,0.01,0.95,10,10000,0.938,0.139,13,6,0.381794,0,0.461538
423,10000,10.8486,10,13.3352,0.0139203,0.01,0.0158489,0.854317,0.8,0.9,0.355103,0.3,0.4,0.000195073,281.342,98.0556,10.1439,0.01,0.95,10,10000,0.938,0.139,12,9,0.311733,0,0.75
424,10000,10.2765,10,13.3352,0.0148566,0.01,0.0158489,0.826392,0.8,0.9,0.453191,0.4,0.5,0.000195073,281.342,200.954,10.1439,0.01,0.95,10,10000,0.938,0.139,12,3,0.539938,0,0.25
425,10000,10.6125,10,13.3352,0.0145215,0.01,0.0158489,0.838777,0.8,0.9,0.554118,0.5,0.6,0.000195073,211.006,123.059,7.60794,0.01,0.95,10,10000,0.938,0.139,9,4,0.4676,0,0.444444
426,10000,10.8467,10,13.3352,0.0133564,0.01,0.0158489,0.855067,0.8,0.9,0.630616,0.6,0.7,0.000195073,375.122,203.805,13.5252,0.01,0.95,10,10000,0.938,0.139,16,5,0.418234,0,0.3125
427,10000,10.7705,10,13.3352,0.0138302,0.01,0.0158489,0.851233,0.8,0.9,0.787273,0.7,0.8,0.000195073,234.451,302.228,8.45327,0.01,0.95,10,10000,0.938,0.139,10,1,0.9352,0,0.1
428,10000,10.5186,10,13.3352,0.0146512,0.01,0.0158489,0.858915,0.8,0.9,0.8294,0.8,0.9,0.000195073,328.232,175.954,11.8346,0.01,0.95,10,10000,0.938,0.139,14,5,0.418234,0,0.357143
429,10000,10.6046,10,13.3352,0.0144269,0.01,0.0158489,0.847462,0.8,0.9,0.961218,0.9,1,0.000195073,257.897,134.089,9.29859,0.01,0.95,10,10000,0.938,0.139,11,5,0.418234,0,0.454545
430,10000,10.708,10,13.3352,0.014312,0.01,0.0158489,0.835009,0.8,0.9,1.21657,1,1.5,0.000975367,215.695,62.4701,7.77701,0.01,0.95,10,10000,0.938,0.139,46,17,0.226819,0,0.369565
431,10000,10.7325,10,13.3352,0.0128983,0.01,0.0158489,0.97603,0.9,1,0.219238,0.2,0.3,0.000195073,117.226,74.8912,4.22663,0.01,0.95,10,10000,0.938,0.139,5,3,0.539938,0,0.6
432,10000,10.6989,10,13.3352,0.0138261,0.01,0.0158489,0.961011,0.9,1,0.38417,0.3,0.4,0.000195073,304.787,273.854,10.9892,0.01,0.95,10,10000,0.938,0.139,13,2,0.661286,0,0.153846
433,10000,11.3892,10,13.3352,0.0146435,0.01,0.0158489,0.965793,0.9,1,0.489119,0.4,0.5,0.000195073,164.116,142.096,5.91729,0.01,0.95,10,10000,0.938,0.139,7,2,0.661286,0,0.285714
434,10000,10.6577,10,13.3352,0.01392,0.01,0.0158489,0.919187,0.9,1,0.628461,0.6,0.7,0.000195073,187.561,129.096,6.76261,0.01,0.95,10,10000,0.938,0.139,8,3,0.539938,0,0.375
435,10000,10.6392,10,13.3352,0.0143648,0.01,0.0158489,0.953942,0.9,1,0.778007,0.7,0.8,0.000195073,187.561,107.415,6.76261,0.01,0.95,10,10000,0.938,0.139,8,4,0.4676,0,0.5
436,10000,10.3127,10,13.3352,0.0128687,0.01,0.0158489,0.946788,0.9,1,0.859533,0.8,0.9,0.000195073,93.7806,75.9535,3.38131,0.01,0.95,10,10000,0.938,0.139,4,2,0.661286,0,0.5
437,10000,11.3391,10,13.3352,0.0152791,0.01,0.0158489,0.91245,0.9,1,0.964482,0.9,1,0.000195073,117.226,147.083,4.22663,0.01,0.95,10,10000,0.938,0.139,5,1,0.9352,0,0.2
438,10000,11.5969,10,13.3352,0.0153911,0.01,0.0158489,0.948773,0.9,1,1.07409,1,1.5,0.000975367,18.7561,15.1907,0.676261,0.01,0.95,10,10000,0.938,0.139,4,2,0.661286,0,0.5
439,10000,11.173,10,13.3352,0.0207339,0.0158489,0.0251189,0.0700927,0.05,0.1,0.063919,0,0.1,0.000154587,400882,4875.13,14454,0.01,0.95,10,10000,0.938,0.139,13550,8234,0.0103062,0,0.607675
440,10000,11.1947,10,13.3352,0.0206738,0.0158489,0.0251189,0.0717276,0.05,0.1,0.153565,0.1,0.2,0.000154587,936348,7534.24,33760.5,0.01,0.95,10,10000,0.938,0.139,31649,18935,0.00679629,0,0.598281
441,10000,11.2325,10,13.3352,0.0205655,0.0158489,0.0251189,0.0722988,0.05,0.1,0.250644,0.2,0.3,0.000154587,1.15711e+06,8296.82,41720.4,0.01,0.95,10,10000,0.938,0.139,39111,23710,0.00607349,0,0.606223
442,10000,11.2827,10,13.3352,0.0203955,0.0158489,0.0251189,0.0724167,0.05,0.1,0.349013,0.3,0.4,0.000154587,1.08836e+06,7929.29,39241.3,0.01,0.95,10,10000,0.938,0.139,36787,22760,0.00619895,0,0.618697
443,10000,11.3045,10,13.3352,0.020326,0.0158489,0.0251189,0.0723149,0.05,0.1,0.44828,0.4,0.5,0.000154587,886970,6962.26,31980.2,0.01,0.95,10,10000,0.938,0.139,29980,19267,0.00673748,0,0.642662
444,10000,11.3261,10,13.3352,0.0202868,0.0158489,0.0251189,0.0718757,0.05,0.1,0.548336,0.5,0.6,0.000154587,695730,5921.26,25084.9,0.01,0.95,10,10000,0.938,0.139,23516,15956,0.00740359,0,0.678517
445,10000,11.3311,10,13.3352,0.0202636,0.0158489,0.0251189,0.0712686,0.05,0.1,0.648573,0.6,0.7,0.000154587,524904,4940.18,18925.7,0.01,0.95,10,10000,0.938,0.139,17742,12687,0.00830281,0,0.715083
446,10000,11.3339,10,13.3352,0.0202776,0.0158489,0.0251189,0.0711624,0.05,0.1,0.747881,0.7,0.8,0.000154587,390853,4112.3,14092.4,0.01,0.95,10,10000,0.938,0.139,13211,9888,0.00940481,0,0.748467
447,10000,11.363,10,13.3352,0.0201894,0.0158489,0.0251189,0.0717437,0.05,0.1,0.847846,0.8,0.9,0.000154587,289966,3437.03,10454.9,0.01,0.95,10,10000,0.938,0.139,9801,7614,0.0107176,0,0.77686
448,10000,11.3764,10,13.3352,0.0201785,0.0158489,0.0251189,0.0720187,0.05,0.1,0.947846,0.9,1,0.000154587,218991,2987.9,7895.84,0.01,0.95,10,10000,0.938,0.139,7402,5748,0.0123352,0,0.776547
449,10000,11.4126,10,13.3352,0.0201842,0.0158489,0.0251189,0.0729975,0.05,0.1,1.19432,1,1.5,0.000772936,106578,967.062,3842.74,0.01,0.95,10,10000,0.938,0.139,18012,13364,0.00808977,0,0.74195
450,10000,11.2785,10,13.3352,0.020379,0.0158489,0.0251189,0.122187,0.1,0.15,0.0664546,0,0.1,0.000154587,120146,2204.3,4331.94,0.01,0.95,10,10000,0.938,0.139,4061,3169,0.0166128,0,0.78035
451,10000,11.2685,10,13.3352,0.0203658,0.0158489,0.0251189,0.121451,0.1,0.15,0.154562,0.1,0.2,0.000154587,327836,3658.89,11820.3,0.01,0.95,10,10000,0.938,0.139,11081,8596,0.0100869,0,0.775742
452,10000,11.2735,10,13.3352,0.0203497,0.0158489,0.0251189,0.121651,0.1,0.15,0.250832,0.2,0.3,0.000154587,446858,4252.4,16111.7,0.01,0.95,10,10000,0.938,0.139,15104,11782,0.00861579,0,0.780058
453,10000,11.2889,10,13.3352,0.0203069,0.0158489,0.0251189,0.122156,0.1,0.15,0.349588,0.3,0.4,0.000154587,465645,4362.2,16789.1,0.01,0.95,10,10000,0.938,0.139,15739,12204,0.00846551,0,0.775399
454,10000,11.2995,10,13.3352,0.0202985,0.0158489,0.0251189,0.122627,0.1,0.15,0.44824,0.4,0.5,0.000154587,412805,4090.9,14883.9,0.01,0.95,10,10000,0.938,0.139,13953,10872,0.00896912,0,0.779187
455,10000,11.318,10,13.3352,0.0202473,0.0158489,0.0251189,0.122883,0.1,0.15,0.548494,0.5,0.6,0.000154587,344226,3731.57,12411.2,0.01,0.95,10,10000,0.938,0.139,11635,9078,0.00981543,0,0.780232
456,10000,11.3345,10,13.3352,0.020235,0.0158489,0.0251189,0.12279,0.1,0.15,0.647794,0.6,0.7,0.000154587,273073,3369.67,9845.79,0.01,0.95,10,10000,0.938,0.139,9230,7081,0.0111137,0,0.767172
457,10000,11.3234,10,13.3352,0.0202405,0.0158489,0.0251189,0.122728,0.1,0.15,0.747713,0.7,0.8,0.000154587,210737,2947.72,7598.22,0.01,0.95,10,10000,0.938,0.139,7123,5493,0.0126183,0,0.771164
458,10000,11.3528,10,13.3352,0.0202586,0.0158489,0.0251189,0.122983,0.1,0.15,0.847874,0.8,0.9,0.000154587,159258,2586.38,5742.14,0.01,0.95,10,10000,0.938,0.139,5383,4104,0.0145982,0,0.7624
459,10000,11.373,10,13.3352,0.0202287,0.0158489,0.0251189,0.122975,0.1,0.15,0.947811,0.9,1,0.000154587,124111,2332.6,4474.88,0.01,0.95,10,10000,0.938,0.139,4195,3114,0.0167589,0,0.742312
460,10000,11.371,10,13.3352,0.0201627,0.0158489,0.0251189,0.122753,0.1,0.15,1.20178,1,1.5,0.000772936,63235.8,753.738,2280,0.01,0.95,10,10000,0.938,0.139,10687,7812,0.0105809,0,0.730982
461,10000,11.2443,10,13.3352,0.0204185,0.0158489,0.0251189,0.172124,0.15,0.2,0.0666255,0,0.1,0.000154587,53283.3,1531.02,1921.16,0.01,0.95,10,10000,0.938,0.139,1801,1334,0.0256051,0,0.7407
462,10000,11.2444,10,13.3352,0.0203507,0.0158489,0.0251189,0.171562,0.15,0.2,0.155005,0.1,0.2,0.000154587,147365,2546.38,5313.32,0.01,0.95,10,10000,0.938,0.139,4981,3689,0.0153975,0,0.740614
463,10000,11.2658,10,13.3352,0.0203929,0.0158489,0.0251189,0.171734,0.15,0.2,0.251668,0.2,0.3,0.000154587,212394,3010.47,7657.96,0.01,0.95,10,10000,0.938,0.139,7179,5420,0.012703,0,0.75498
464,10000,11.2683,10,13.3352,0.020406,0.0158489,0.0251189,0.172043,0.15,0.2,0.350031,0.3,0.4,0.000154587,234346,3183.22,8449.46,0.01,0.95,10,10000,0.938,0.139,7921,5931,0.0121434,0,0.748769
465,10000,11.2745,10,13.3352,0.0203566,0.0158489,0.0251189,0.172525,0.15,0.2,0.448703,0.4,0.5,0.000154587,221861,3053.22,7999.31,0.01,0.95,10,10000,0.938,0.139,7499,5716,0.0123697,0,0.762235
466,10000,11.2597,10,13.3352,0.0202604,0.0158489,0.0251189,0.172278,0.15,0.2,0.548807,0.5,0.6,0.000154587,191980,2892.44,6921.92,0.01,0.95,10,10000,0.938,0.139,6489,4835,0.0134495,0,0.745107
467,10000,11.2945,10,13.3352,0.0203397,0.0158489,0.0251189,0.172713,0.15,0.2,0.648178,0.6,0.7,0.000154587,150797,2572.02,5437.05,0.01,0.95,10,10000,0.938,0.139,5097,3782,0.015207,0,0.742005
468,10000,11.2688,10,13.3352,0.020235,0.0158489,0.0251189,0.172417,0.15,0.2,0.747529,0.7,0.8,0.000154587,128696,2355,4640.22,0.01,0.95,10,10000,0.938,0.139,4350,3264,0.0163693,0,0.750345
469,10000,11.2916,10,13.3352,0.0202289,0.0158489,0.0251189,0.172884,0.15,0.2,0.848346,0.8,0.9,0.000154587,96300.5,2076.68,3472.16,0.01,0.95,10,10000,0.938,0.139,3255,2384,0.0191536,0,0.732412
470,10000,11.3193,10,13.3352,0.0202324,0.0158489,0.0251189,0.172647,0.15,0.2,0.948226,0.9,1,0.000154587,77306.6,1826.45,2787.33,0.01,0.95,10,10000,0.938,0.139,2613,1959,0.0211294,0,0.749713
471,10000,11.3372,10,13.3352,0.0202491,0.0158489,0.0251189,0.173039,0.15,0.2,1.20105,1,1.5,0.000772936,40863.3,620.764,1473.35,0.01,0.95,10,10000,0.938,0.139,6906,4894,0.0133682,0,0.708659
472,10000,11.1658,10,13.3352,0.0205359,0.0158489,0.0251189,0.220919,0.2,0.25,0.0662527,0,0.1,0.000154587,27691.9,1195.67,998.447,0.01,0.95,10,10000,0.938,0.139,936,625,0.037408,0,0.667735
473,10000,11.3029,10,13.3352,0.0204556,0.0158489,0.0251189,0.221601,0.2,0.25,0.155356,0.1,0.2,0.000154587,77720.8,1990.44,2802.26,0.01,0.95,10,10000,0.938,0.139,2627,1769,0.0222352,0,0.673392
474,10000,11.2166,10,13.3352,0.0203474,0.0158489,0.0251189,0.222335,0.2,0.25,0.252597,0.2,0.3,0.000154587,111774,2403.4,4030.06,0.01,0.95,10,10000,0.938,0.139,3778,2521,0.0186259,0,0.667284
475,10000,11.2497,10,13.3352,0.0203286,0.0158489,0.0251189,0.222392,0.2,0.25,0.35071,0.3,0.4,0.000154587,130590,2598.76,4708.49,0.01,0.95,10,10000,0.938,0.139,4414,2944,0.017236,0,0.666969
476,10000,11.2201,10,13.3352,0.0203317,0.0158489,0.0251189,0.222265,0.2,0.25,0.448901,0.4,0.5,0.000154587,125028,2548.65,4507.94,0.01,0.95,10,10000,0.938,0.139,4226,2810,0.0176421,0,0.664931
477,10000,11.2533,10,13.3352,0.0203557,0.0158489,0.0251189,0.222557,0.2,0.25,0.549138,0.5,0.6,0.000154587,115324,2416.88,4158.06,0.01,0.95,10,10000,0.938,0.139,3898,2636,0.0182151,0,0.676244
478,10000,11.2729,10,13.3352,0.0203496,0.0158489,0.0251189,0.222236,0.2,0.25,0.649015,0.6,0.7,0.000154587,92691,2156.52,3342.02,0.01,0.95,10,10000,0.938,0.139,3133,2132,0.020254,0,0.680498
479,10000,11.2768,10,13.3352,0.0202631,0.0158489,0.0251189,0.222902,0.2,0.25,0.74775,0.7,0.8,0.000154587,75797.8,2026.66,2732.93,0.01,0.95,10,10000,0.938,0.139,2562,1656,0.0229813,0,0.64637
480,10000,11.3531,10,13.3352,0.0202002,0.0158489,0.0251189,0.222753,0.2,0.25,0.848928,0.8,0.9,0.000154587,62188.5,1787.58,2242.24,0.01,0.95,10,10000,0.938,0.139,2102,1408,0.0249232,0,0.669838
481,10000,11.2758,10,13.3352,0.0203792,0.0158489,0.0251189,0.222309,0.2,0.25,0.948562,0.9,1,0.000154587,49348.4,1589.48,1779.28,0.01,0.95,10,10000,0.938,0.139,1668,1120,0.0279444,0,0.671463
482,10000,11.3089,10,13.3352,0.0203212,0.0158489,0.0251189,0.223209,0.2,0.25,1.20795,1,1.5,0.000772936,27786.6,551.763,1001.86,0.01,0.95,10,10000,0.938,0.139,4696,3013,0.0170375,0,0.64161
483,10000,11.2229,10,13.3352,0.0204574,0.0158489,0.0251189,0.272905,0.25,0.3,0.0664111,0,0.1,0.000154587,14703.9,951.777,530.158,0.01,0.95,10,10000,0.938,0.139,497,294,0.054542,0,0.591549
484,10000,11.2401,10,13.3352,0.0204891,0.0158489,0.0251189,0.272198,0.25,0.3,0.154569,0.1,0.2,0.000154587,42810.1,1637.55,1543.54,0.01,0.95,10,10000,0.938,0.139,1447,846,0.0321528,0,0.584658
485,10000,11.251,10,13.3352,0.0203823,0.0158489,0.0251189,0.272469,0.25,0.3,0.253398,0.2,0.3,0.000154587,61300.9,1961.16,2210.24,0.01,0.95,10,10000,0.938,0.139,2072,1210,0.0268851,0,0.583977
486,10000,11.1984,10,13.3352,0.0203906,0.0158489,0.0251189,0.272489,0.25,0.3,0.350125,0.3,0.4,0.000154587,75087.7,2192.59,2707.33,0.01,0.95,10,10000,0.938,0.139,2538,1461,0.0244669,0,0.57565
487,10000,11.2469,10,13.3352,0.020441,0.0158489,0.0251189,0.27245,0.25,0.3,0.450456,0.4,0.5,0.000154587,74052.2,2121.32,2669.99,0.01,0.95,10,10000,0.938,0.139,2503,1495,0.0241871,0,0.597283
488,10000,11.2526,10,13.3352,0.0203341,0.0158489,0.0251189,0.273207,0.25,0.3,0.548348,0.5,0.6,0.000154587,68164.7,2068.57,2457.72,0.01,0.95,10,10000,0.938,0.139,2304,1345,0.0255002,0,0.583767
489,10000,11.2478,10,13.3352,0.020367,0.0158489,0.0251189,0.271927,0.25,0.3,0.649644,0.6,0.7,0.000154587,59230,1910.57,2135.57,0.01,0.95,10,10000,0.938,0.139,2002,1184,0.0271787,0,0.591409
490,10000,11.2308,10,13.3352,0.0202863,0.0158489,0.0251189,0.273122,0.25,0.3,0.747712,0.7,0.8,0.000154587,50886.9,1779.87,1834.75,0.01,0.95,10,10000,0.938,0.139,1720,1010,0.0294268,0,0.587209
491,10000,11.2447,10,13.3352,0.0201763,0.0158489,0.0251189,0.272883,0.25,0.3,0.848748,0.8,0.9,0.000154587,40561.6,1579.43,1462.47,0.01,0.95,10,10000,0.938,0.139,1371,812,0.0328191,0,0.592268
492,10000,11.2821,10,13.3352,0.0202887,0.0158489,0.0251189,0.272049,0.25,0.3,0.95002,0.9,1,0.000154587,33461.1,1389.97,1206.46,0.01,0.95,10,10000,0.938,0.139,1131,700,0.0353472,0,0.618921
493,10000,11.2907,10,13.3352,0.0203417,0.0158489,0.0251189,0.272985,0.25,0.3,1.21418,1,1.5,0.000772936,18899.2,474.774,681.419,0.01,0.95,10,10000,0.938,0.139,3194,1933,0.021271,0,0.605197
494,10000,11.2699,10,13.3352,0.0205811,0.0158489,0.0251189,0.341428,0.3,0.4,0.0639224,0,0.1,0.000309175,7278.01,528.625,262.412,0.01,0.95,10,10000,0.938,0.139,492,248,0.0593852,0,0.504065
495,10000,11.1965,10,13.3352,0.0203661,0.0158489,0.0251189,0.339422,0.3,0.4,0.155282,0.1,0.2,0.000309175,20384.3,839.1,734.968,0.01,0.95,10,10000,0.938,0.139,1378,751,0.0341259,0,0.544993
496,10000,11.2236,10,13.3352,0.0202451,0.0158489,0.0251189,0.3421,0.3,0.4,0.252929,0.2,0.3,0.000309175,29348.7,1053.84,1058.18,0.01,0.95,10,10000,0.938,0.139,1984,1011,0.0294123,0,0.509577
497,10000,11.2412,10,13.3352,0.0205579,0.0158489,0.0251189,0.340808,0.3,0.4,0.351288,0.3,0.4,0.000309175,35813.1,1132.5,1291.26,0.01,0.95,10,10000,0.938,0.139,2421,1285,0.0260887,0,0.530772
498,10000,11.2521,10,13.3352,0.020298,0.0158489,0.0251189,0.34153,0.3,0.4,0.452067,0.4,0.5,0.000309175,38372.3,1179.16,1383.53,0.01,0.95,10,10000,0.938,0.139,2594,1365,0.0253127,0,0.526214
499,10000,11.2448,10,13.3352,0.0202754,0.0158489,0.0251189,0.341853,0.3,0.4,0.54926,0.5,0.6,0.000309175,35827.9,1127.09,1291.79,0.01,0.95,10,10000,0.938,0.139,2422,1295,0.0259878,0,0.534682
500,10000,11.3069,10,13.3352,0.0202746,0.0158489,0.0251189,0.342619,0.3,0.4,0.649374,0.6,0.7,0.000309175,31863.5,1072.24,1148.85,0.01,0.95,10,10000,0.938,0.139,2154,1137,0.0277347,0,0.527855
501,10000,11.2515,10,13.3352,0.0203825,0.0158489,0.0251189,0.341235,0.3,0.4,0.74743,0.7,0.8,0.000309175,28002.6,1000.58,1009.65,0.01,0.95,10,10000,0.938,0.139,1893,1006,0.0294853,0,0.531432
502,10000,11.2477,10,13.3352,0.0205114,0.0158489,0.0251189,0.34238,0.3,0.4,0.849416,0.8,0.9,0.000309175,22174.3,892.377,799.504,0.01,0.95,10,10000,0.938,0.139,1499,794,0.033189,0,0.529686
503,10000,11.254,10,13.3352,0.020348,0.0158489,0.0251189,0.341901,0.3,0.4,0.947849,0.9,1,0.000309175,18594.4,856.345,670.431,0.01,0.95,10,10000,0.938,0.139,1257,621,0.0375283,0,0.494033
504,10000,11.2858,10,13.3352,0.0203264,0.0158489,0.0251189,0.342074,0.3,0.4,1.20912,1,1.5,0.00154587,10943.6,280.978,394.578,0.01,0.95,10,10000,0.938,0.139,3699,1953,0.0211618,0,0.527981
505,10000,11.177,10,13.3352,0.0206338,0.0158489,0.0251189,0.440854,0.4,0.5,0.0665422,0,0.1,0.000309175,2677.48,333.424,96.5379,0.01,0.95,10,10000,0.938,0.139,181,86,0.100845,0,0.475138
506,10000,11.2248,10,13.3352,0.0204265,0.0158489,0.0251189,0.443108,0.4,0.5,0.153515,0.1,0.2,0.000309175,8195.15,579.325,295.48,0.01,0.95,10,10000,0.938,0.139,554,266,0.0573408,0,0.480144
507,10000,11.15,10,13.3352,0.0206668,0.0158489,0.0251189,0.444062,0.4,0.5,0.253775,0.2,0.3,0.000309175,12440.7,722.974,448.554,0.01,0.95,10,10000,0.938,0.139,841,396,0.0469956,0,0.470868
508,10000,11.2568,10,13.3352,0.0201979,0.0158489,0.0251189,0.441606,0.4,0.5,0.350525,0.3,0.4,0.000309175,14082.6,780.909,507.757,0.01,0.95,10,10000,0.938,0.139,952,438,0.0446856,0,0.460084
509,10000,11.1893,10,13.3352,0.0202262,0.0158489,0.0251189,0.4443,0.4,0.5,0.449342,0.4,0.5,0.000309175,14112.2,740.094,508.824,0.01,0.95,10,10000,0.938,0.139,954,477,0.0428199,0,0.5
510,10000,11.1808,10,13.3352,0.0203116,0.0158489,0.0251189,0.442653,0.4,0.5,0.549759,0.5,0.6,0.000309175,15916.9,772.589,573.894,0.01,0.95,10,10000,0.938,0.139,1076,552,0.0398047,0,0.513011
511,10000,11.2354,10,13.3352,0.0201487,0.0158489,0.0251189,0.44193,0.4,0.5,0.649461,0.6,0.7,0.000309175,13594.5,785.141,490.156,0.01,0.95,10,10000,0.938,0.139,919,408,0.0462993,0,0.443961
512,10000,11.2261,10,13.3352,0.0202703,0.0158489,0.0251189,0.442558,0.4,0.5,0.752225,0.7,0.8,0.000309175,11715.8,700.279,422.42,0.01,0.95,10,10000,0.938,0.139,792,374,0.048358,0,0.472222
513,10000,11.2537,10,13.3352,0.0202903,0.0158489,0.0251189,0.443036,0.4,0.5,0.849617,0.8,0.9,0.000309175,10606.4,674.89,382.418,0.01,0.95,10,10000,0.938,0.139,717,332,0.0513258,0,0.46304
514,10000,11.2674,10,13.3352,0.0201959,0.0158489,0.0251189,0.44317,0.4,0.5,0.948915,0.9,1,0.000309175,9008.75,627.772,324.815,0.01,0.95,10,10000,0.938,0.139,609,278,0.0560896,0,0.456486
515,10000,11.3002,10,13.3352,0.0203762,0.0158489,0.0251189,0.442406,0.4,0.5,1.21281,1,1.5,0.00154587,5662.64,215.361,204.17,0.01,0.95,10,10000,0.938,0.139,1914,919,0.0308494,0,0.480146
516,10000,11.1619,10,13.3352,0.0201742,0.0158489,0.0251189,0.539186,0.5,0.6,0.0563785,0,0.1,0.000309175,1124.25,243.208,40.5352,0.01,0.95,10,10000,0.938,0.139,76,30,0.170743,0,0.394737
517,10000,11.2519,10,13.3352,0.020528,0.0158489,0.0251189,0.542834,0.5,0.6,0.154952,0.1,0.2,0.000309175,3328.36,390.732,120.006,0.01,0.95,10,10000,0.938,0.139,225,99,0.0939911,0,0.44
518,10000,11.2768,10,13.3352,0.0205723,0.0158489,0.0251189,0.541871,0.5,0.6,0.253844,0.2,0.3,0.000309175,5207.03,490.506,187.742,0.01,0.95,10,10000,0.938,0.139,352,154,0.0753606,0,0.4375
519,10000,11.1677,10,13.3352,0.020585,0.0158489,0.0251189,0.540594,0.5,0.6,0.353373,0.3,0.4,0.000309175,6227.73,566.444,224.544,0.01,0.95,10,10000,0.938,0.139,421,169,0.0719384,0,0.401425
520,10000,11.2079,10,13.3352,0.0203863,0.0158489,0.0251189,0.541811,0.5,0.6,0.449045,0.4,0.5,0.000309175,7144.87,550.157,257.612,0.01,0.95,10,10000,0.938,0.139,483,226,0.0622086,0,0.467909
521,10000,11.2313,10,13.3352,0.0204185,0.0158489,0.0251189,0.544205,0.5,0.6,0.551173,0.5,0.6,0.000309175,6627.13,560.695,238.945,0.01,0.95,10,10000,0.938,0.139,448,192,0.0674922,0,0.428571
522,10000,11.2995,10,13.3352,0.0204538,0.0158489,0.0251189,0.5433,0.5,0.6,0.648129,0.6,0.7,0.000309175,6715.88,547.584,242.145,0.01,0.95,10,10000,0.938,0.139,454,204,0.0654771,0,0.449339
523,10000,11.1946,10,13.3352,0.0207249,0.0158489,0.0251189,0.54428,0.5,0.6,0.745465,0.7,0.8,0.000309175,5695.19,525.868,205.343,0.01,0.95,10,10000,0.938,0.139,385,162,0.0734762,0,0.420779
524,10000,11.2508,10,13.3352,0.0204114,0.0158489,0.0251189,0.546864,0.5,0.6,0.852287,0.8,0.9,0.000309175,5384.54,522.499,194.142,0.01,0.95,10,10000,0.938,0.139,364,148,0.076873,0,0.406593
525,10000,11.2674,10,13.3352,0.0203323,0.0158489,0.0251189,0.544597,0.5,0.6,0.945353,0.9,1,0.000309175,4378.64,431.704,157.874,0.01,0.95,10,10000,0.938,0.139,296,138,0.0796095,0,0.466216
526,10000,11.329,10,13.3352,0.0203104,0.0158489,0.0251189,0.544212,0.5,0.6,1.21869,1,1.5,0.00154587,2730.73,146.547,98.4579,0.01,0.95,10,10000,0.938,0.139,923,457,0.0437468,0,0.495125
527,10000,11.0908,10,13.3352,0.0192405,0.0158489,0.0251189,0.634245,0.6,0.7,0.0719602,0,0.1,0.000309175,488.159,153.16,17.6008,0.01,0.95,10,10000,0.938,0.139,33,14,0.249943,0,0.424242
528,10000,11.193,10,13.3352,0.0215054,0.0158489,0.0251189,0.653001,0.6,0.7,0.148395,0.1,0.2,0.000309175,1405.31,261.113,50.669,0.01,0.95,10,10000,0.938,0.139,95,40,0.147868,0,0.421053
529,10000,11.3142,10,13.3352,0.020862,0.0158489,0.0251189,0.647317,0.6,0.7,0.248009,0.2,0.3,0.000309175,1997.01,307.307,72.0034,0.01,0.95,10,10000,0.938,0.139,135,58,0.122798,0,0.42963
530,10000,11.1934,10,13.3352,0.0206945,0.0158489,0.0251189,0.643037,0.6,0.7,0.355745,0.3,0.4,0.000309175,2499.97,322.968,90.1376,0.01,0.95,10,10000,0.938,0.139,169,80,0.104559,0,0.473373
531,10000,11.1129,10,13.3352,0.0202305,0.0158489,0.0251189,0.651274,0.6,0.7,0.450248,0.4,0.5,0.000309175,3431.91,418.054,123.739,0.01,0.95,10,10000,0.938,0.139,232,94,0.0964585,0,0.405172
532,10000,11.2253,10,13.3352,0.0206914,0.0158489,0.0251189,0.647171,0.6,0.7,0.545011,0.5,0.6,0.000309175,2899.37,352.243,104.538,0.01,0.95,10,10000,0.938,0.139,196,91,0.0980356,0,0.464286
533,10000,11.3045,10,13.3352,0.0205907,0.0158489,0.0251189,0.647079,0.6,0.7,0.647901,0.6,0.7,0.000309175,2899.37,368.078,104.538,0.01,0.95,10,10000,0.938,0.139,196,85,0.101437,0,0.433673
534,10000,11.2362,10,13.3352,0.0198703,0.0158489,0.0251189,0.645105,0.6,0.7,0.751545,0.7,0.8,0.000309175,2544.34,335.05,91.7376,0.01,0.95,10,10000,0.938,0.139,172,78,0.105891,0,0.453488
535,10000,11.0764,10,13.3352,0.0198929,0.0158489,0.0251189,0.639966,0.6,0.7,0.850673,0.8,0.9,0.000309175,2337.25,348.474,84.2706,0.01,0.95,10,10000,0.938,0.139,158,63,0.117824,0,0.398734
536,10000,11.1747,10,13.3352,0.0204177,0.0158489,0.0251189,0.64452,0.6,0.7,0.948282,0.9,1,0.000309175,2130.15,307.488,76.8036,0.01,0.95,10,10000,0.938,0.139,144,65,0.115997,0,0.451389
537,10000,11.3689,10,13.3352,0.0203067,0.0158489,0.0251189,0.647505,0.6,0.7,1.24079,1,1.5,0.00154587,1437.85,123.745,51.8424,0.01,0.95,10,10000,0.938,0.139,486,190,0.0678465,0,0.390947
538,10000,10.8998,10,13.3352,0.0189329,0.0158489,0.0251189,0.744005,0.7,0.8,0.0729073,0,0.1,0.000309175,207.098,111.018,7.46702,0.01,0.95,10,10000,0.938,0.139,14,5,0.418234,0,0.357143
539,10000,11.0795,10,13.3352,0.0205721,0.0158489,0.0251189,0.738041,0.7,0.8,0.160079,0.1,0.2,0.000309175,517.744,163.688,18.6675,0.01,0.95,10,10000,0.938,0.139,35,14,0.249943,0,0.4
540,10000,11.1569,10,13.3352,0.0210607,0.0158489,0.0251189,0.741414,0.7,0.8,0.25047,0.2,0.3,0.000309175,946.733,242.931,34.1349,0.01,0.95,10,10000,0.938,0.139,64,22,0.199385,0,0.34375
541,10000,11.4206,10,13.3352,0.0203192,0.0158489,0.0251189,0.735716,0.7,0.8,0.355883,0.3,0.4,0.000309175,1316.55,242.413,47.4689,0.01,0.95,10,10000,0.938,0.139,89,40,0.147868,0,0.449438
542,10000,11.0846,10,13.3352,0.0199467,0.0158489,0.0251189,0.748197,0.7,0.8,0.450405,0.4,0.5,0.000309175,1568.03,266.869,56.536,0.01,0.95,10,10000,0.938,0.139,106,47,0.136413,0,0.443396
543,10000,11.3742,10,13.3352,0.0203108,0.0158489,0.0251189,0.740342,0.7,0.8,0.534249,0.5,0.6,0.000309175,1316.55,322.866,47.4689,0.01,0.95,10,10000,0.938,0.139,89,25,0.18704,0,0.280899
544,10000,11.2556,10,13.3352,0.0211126,0.0158489,0.0251189,0.743298,0.7,0.8,0.655583,0.6,0.7,0.000309175,1538.44,280.477,55.4693,0.01,0.95,10,10000,0.938,0.139,104,42,0.144304,0,0.403846
545,10000,10.7368,10,13.3352,0.0200949,0.0158489,0.0251189,0.739169,0.7,0.8,0.743571,0.7,0.8,0.000309175,1257.38,255.089,45.3355,0.01,0.95,10,10000,0.938,0.139,85,34,0.160385,0,0.4
546,10000,11.2832,10,13.3352,0.0204105,0.0158489,0.0251189,0.739409,0.7,0.8,0.846426,0.8,0.9,0.000309175,1257.38,250.492,45.3355,0.01,0.95,10,10000,0.938,0.139,85,35,0.158078,0,0.411765
547,10000,11.5572,10,13.3352,0.020457,0.0158489,0.0251189,0.737513,0.7,0.8,0.956259,0.9,1,0.000309175,917.147,216.768,33.0682,0.01,0.95,10,10000,0.938,0.139,62,25,0.18704,0,0.403226
548,10000,11.3138,10,13.3352,0.0203021,0.0158489,0.0251189,0.737829,0.7,0.8,1.2355,1,1.5,0.00154587,639.045,87.3127,23.0411,0.01,0.95,10,10000,0.938,0.139,216,77,0.106576,0,0.356481
549,10000,11.0577,10,13.3352,0.019155,0.0158489,0.0251189,0.827049,0.8,0.9,0.155989,0.1,0.2,0.000309175,236.683,115.192,8.53373,0.01,0.95,10,10000,0.938,0.139,16,6,0.381794,0,0.375
550,10000,11.3935,10,13.3352,0.0190322,0.0158489,0.0251189,0.827469,0.8,0.9,0.269733,0.2,0.3,0.000309175,369.817,171.438,13.334,0.01,0.95,10,10000,0.938,0.139,25,7,0.353472,0,0.28
551,10000,11.1761,10,13.3352,0.0209581,0.0158489,0.0251189,0.838922,0.8,0.9,0.346863,0.3,0.4,0.000309175,621.293,165.827,22.401,0.01,0.95,10,10000,0.938,0.139,42,19,0.21455,0,0.452381
552,10000,11.7724,10,13.3352,0.0215542,0.0158489,0.0251189,0.838283,0.8,0.9,0.437173,0.4,0.5,0.000309175,650.879,169.207,23.4678,0.01,0.95,10,10000,0.938,0.139,44,20,0.209117,0,0.454545
553,10000,10.9481,10,13.3352,0.0196628,0.0158489,0.0251189,0.833802,0.8,0.9,0.550835,0.5,0.6,0.000309175,828.391,167.343,29.8681,0.01,0.95,10,10000,0.938,0.139,56,31,0.167967,0,0.553571
554,10000,11.7153,10,13.3352,0.0210607,0.0158489,0.0251189,0.854768,0.8,0.9,0.657914,0.6,0.7,0.000309175,502.952,174.259,18.1342,0.01,0.95,10,10000,0.938,0.139,34,12,0.269969,0,0.352941
555,10000,11.163,10,13.3352,0.0202433,0.0158489,0.0251189,0.845482,0.8,0.9,0.758706,0.7,0.8,0.000309175,443.781,193.183,16.0007,0.01,0.95,10,10000,0.938,0.139,30,8,0.330643,0,0.266667
556,10000,11.985,10,13.3352,0.0195869,0.0158489,0.0251189,0.84967,0.8,0.9,0.845237,0.8,0.9,0.000309175,458.574,175.644,16.5341,0.01,0.95,10,10000,0.938,0.139,31,10,0.295736,0,0.322581
557,10000,10.7731,10,13.3352,0.0222055,0.0158489,0.0251189,0.850203,0.8,0.9,0.968804,0.9,1,0.000309175,310.647,172.456,11.2005,0.01,0.95,10,10000,0.938,0.139,21,5,0.418234,0,0.238095
558,10000,11.3165,10,13.3352,0.0205775,0.0158489,0.0251189,0.842148,0.8,0.9,1.21456,1,1.5,0.00154587,245.559,44.738,8.85375,0.01,0.95,10,10000,0.938,0.139,83,40,0.147868,0,0.481928
559,10000,10.7159,10,13.3352,0.0190985,0.0158489,0.0251189,0.942807,0.9,1,0.0834779,0,0.1,0.000309175,88.7562,33.8866,3.20015,0.01,0.95,10,10000,0.938,0.139,6,6,0.381794,0,1
560,10000,11.125,10,13.3352,0.0167046,0.0158489,0.0251189,0.959641,0.9,1,0.145161,0.1,0.2,0.000309175,88.7562,58.6932,3.20015,0.01,0.95,10,10000,0.938,0.139,6,3,0.539938,0,0.5
561,10000,11.5972,10,13.3352,0.0169212,0.0158489,0.0251189,0.939667,0.9,1,0.265282,0.2,0.3,0.000309175,192.305,116.978,6.93366,0.01,0.95,10,10000,0.938,0.139,13,4,0.4676,0,0.307692
562,10000,10.5525,10,13.3352,0.0191405,0.0158489,0.0251189,0.940554,0.9,1,0.348489,0.3,0.4,0.000309175,251.476,112.023,9.06709,0.01,0.95,10,10000,0.938,0.139,17,7,0.353472,0,0.411765
563,10000,11.1309,10,13.3352,0.0204209,0.0158489,0.0251189,0.948474,0.9,1,0.455695,0.4,0.5,0.000309175,310.647,130.694,11.2005,0.01,0.95,10,10000,0.938,0.139,21,8,0.330643,0,0.380952
564,10000,10.9854,10,13.3352,0.0198328,0.0158489,0.0251189,0.942889,0.9,1,0.550285,0.5,0.6,0.000309175,310.647,172.456,11.2005,0.01,0.95,10,10000,0.938,0.139,21,5,0.418234,0,0.238095
565,10000,10.8676,10,13.3352,0.0193105,0.0158489,0.0251189,0.951312,0.9,1,0.648668,0.6,0.7,0.000309175,369.817,234.569,13.334,0.01,0.95,10,10000,0.938,0.139,25,4,0.4676,0,0.16
566,10000,11.1754,10,13.3352,0.0203152,0.0158489,0.0251189,0.950586,0.9,1,0.750002,0.7,0.8,0.000309175,281.061,108.245,10.1338,0.01,0.95,10,10000,0.938,0.139,19,9,0.311733,0,0.473684
567,10000,11.3514,10,13.3352,0.021525,0.0158489,0.0251189,0.92872,0.9,1,0.865851,0.8,0.9,0.000309175,147.927,75.7726,5.33358,0.01,0.95,10,10000,0.938,0.139,10,5,0.418234,0,0.5
568,10000,10.6332,10,13.3352,0.0200989,0.0158489,0.0251189,0.9227,0.9,1,0.954715,0.9,1,0.000309175,147.927,75.7726,5.33358,0.01,0.95,10,10000,0.938,0.139,10,5,0.418234,0,0.5
569,10000,11.0805,10,13.3352,0.0209576,0.0158489,0.0251189,0.939184,0.9,1,1.23682,1,1.5,0.00154587,76.922,30.8377,2.77346,0.01,0.95,10,10000,0.938,0.139,26,9,0.311733,0,0.346154
570,10000,11.3645,10,13.3352,0.0319098,0.0251189,0.0398107,0.0691004,0.05,0.1,0.0640112,0,0.1,0.000245002,266849,2653.16,9621.39,0.01,0.95,10,10000,0.938,0.139,14295,10930,0.00894529,0,0.764603
571,10000,11.3721,10,13.3352,0.0319611,0.0251189,0.0398107,0.070951,0.05,0.1,0.153736,0.1,0.2,0.000245002,635977,4143.58,22930.5,0.01,0.95,10,10000,0.938,0.139,34069,25678,0.00583611,0,0.753706
572,10000,11.3846,10,13.3352,0.0319765,0.0251189,0.0398107,0.0715947,0.05,0.1,0.250061,0.2,0.3,0.000245002,789404,4682.51,28462.4,0.01,0.95,10,10000,0.938,0.139,42288,31310,0.00528522,0,0.740399
573,10000,11.3921,10,13.3352,0.0319676,0.0251189,0.0398107,0.0726274,0.05,0.1,0.348272,0.3,0.4,0.000245002,734503,4650.88,26482.9,0.01,0.95,10,10000,0.938,0.139,39347,28067,0.00558221,0,0.71332
574,10000,11.3914,10,13.3352,0.0319404,0.0251189,0.0398107,0.0725359,0.05,0.1,0.447793,0.4,0.5,0.000245002,600509,4347.6,21651.7,0.01,0.95,10,10000,0.938,0.139,32169,21974,0.00630885,0,0.68308
575,10000,11.3957,10,13.3352,0.0318542,0.0251189,0.0398107,0.0724239,0.05,0.1,0.547414,0.5,0.6,0.000245002,460971,3836.38,16620.5,0.01,0.95,10,10000,0.938,0.139,24694,16710,0.00723463,0,0.676683
576,10000,11.4228,10,13.3352,0.0318674,0.0251189,0.0398107,0.0721249,0.05,0.1,0.647455,0.6,0.7,0.000245002,345570,3372.32,12459.7,0.01,0.95,10,10000,0.938,0.139,18512,12277,0.00844031,0,0.663191
577,10000,11.4369,10,13.3352,0.03184,0.0251189,0.0398107,0.0717177,0.05,0.1,0.747509,0.7,0.8,0.000245002,253278,2884.49,9132.08,0.01,0.95,10,10000,0.938,0.139,13568,9009,0.00985295,0,0.663989
578,10000,11.4263,10,13.3352,0.0317229,0.0251189,0.0398107,0.0715321,0.05,0.1,0.847223,0.8,0.9,0.000245002,191433,2485.07,6902.23,0.01,0.95,10,10000,0.938,0.139,10255,6892,0.011265,0,0.672062
579,10000,11.4394,10,13.3352,0.0316667,0.0251189,0.0398107,0.0720085,0.05,0.1,0.948049,0.9,1,0.000245002,140360,2119.12,5060.74,0.01,0.95,10,10000,0.938,0.139,7519,5081,0.0131199,0,0.675755
580,10000,11.4663,10,13.3352,0.0317141,0.0251189,0.0398107,0.0729733,0.05,0.1,1.19384,1,1.5,0.00122501,68886.2,682.071,2483.73,0.01,0.95,10,10000,0.938,0.139,18451,12027,0.00852758,0,0.651835
581,10000,11.3477,10,13.3352,0.0319531,0.0251189,0.0398107,0.12103,0.1,0.15,0.066974,0,0.1,0.000245002,80456.2,1413.92,2900.89,0.01,0.95,10,10000,0.938,0.139,4310,3418,0.0159963,0,0.793039
582,10000,11.3456,10,13.3352,0.0319094,0.0251189,0.0398107,0.12132,0.1,0.15,0.153999,0.1,0.2,0.000245002,226528,2360.39,8167.58,0.01,0.95,10,10000,0.938,0.139,12135,9683,0.00950385,0,0.79794
583,10000,11.3474,10,13.3352,0.0319264,0.0251189,0.0398107,0.121375,0.1,0.15,0.251049,0.2,0.3,0.000245002,313760,2747.29,11312.8,0.01,0.95,10,10000,0.938,0.139,16808,13591,0.00802193,0,0.808603
584,10000,11.3575,10,13.3352,0.0319039,0.0251189,0.0398107,0.122028,0.1,0.15,0.349486,0.3,0.4,0.000245002,330430,2843.46,11913.8,0.01,0.95,10,10000,0.938,0.139,17701,14168,0.00785688,0,0.800407
585,10000,11.3784,10,13.3352,0.0318531,0.0251189,0.0398107,0.122423,0.1,0.15,0.447878,0.4,0.5,0.000245002,285106,2673.34,10279.6,0.01,0.95,10,10000,0.938,0.139,15273,12048,0.00852014,0,0.788843
586,10000,11.389,10,13.3352,0.0319131,0.0251189,0.0398107,0.122393,0.1,0.15,0.547581,0.5,0.6,0.000245002,229533,2467.8,8275.95,0.01,0.95,10,10000,0.938,0.139,12296,9368,0.00966231,0,0.761874
587,10000,11.3854,10,13.3352,0.0319164,0.0251189,0.0398107,0.122807,0.1,0.15,0.64768,0.6,0.7,0.000245002,183294,2264.98,6608.78,0.01,0.95,10,10000,0.938,0.139,9819,7235,0.0109947,0,0.736837
588,10000,11.3991,10,13.3352,0.0318425,0.0251189,0.0398107,0.123112,0.1,0.15,0.747378,0.7,0.8,0.000245002,139613,2084.74,5033.82,0.01,0.95,10,10000,0.938,0.139,7479,5146,0.0130368,0,0.68806
589,10000,11.4171,10,13.3352,0.031706,0.0251189,0.0398107,0.123646,0.1,0.15,0.847132,0.8,0.9,0.000245002,105172,1862.44,3792.02,0.01,0.95,10,10000,0.938,0.139,5634,3731,0.0153106,0,0.662229
590,10000,11.3995,10,13.3352,0.0316369,0.0251189,0.0398107,0.123463,0.1,0.15,0.947337,0.9,1,0.000245002,79130.8,1675.48,2853.1,0.01,0.95,10,10000,0.938,0.139,4239,2672,0.018092,0,0.630337
591,10000,11.4457,10,13.3352,0.0316895,0.0251189,0.0398107,0.122883,0.1,0.15,1.20398,1,1.5,0.00122501,42050,560.611,1516.13,0.01,0.95,10,10000,0.938,0.139,11263,6849,0.0113003,0,0.608097
592,10000,11.3554,10,13.3352,0.0319358,0.0251189,0.0398107,0.17153,0.15,0.2,0.0659818,0,0.1,0.000245002,37129.3,1000.18,1338.72,0.01,0.95,10,10000,0.938,0.139,1989,1501,0.0241387,0,0.754651
593,10000,11.3321,10,13.3352,0.0319262,0.0251189,0.0398107,0.171738,0.15,0.2,0.154649,0.1,0.2,0.000245002,105638,1704.5,3808.85,0.01,0.95,10,10000,0.938,0.139,5659,4216,0.014403,0,0.745008
594,10000,11.3324,10,13.3352,0.0317766,0.0251189,0.0398107,0.171942,0.15,0.2,0.251416,0.2,0.3,0.000245002,152531,2034.15,5499.57,0.01,0.95,10,10000,0.938,0.139,8171,6140,0.0119349,0,0.751438
595,10000,11.3612,10,13.3352,0.0318502,0.0251189,0.0398107,0.171799,0.15,0.2,0.350104,0.3,0.4,0.000245002,166793,2152.75,6013.79,0.01,0.95,10,10000,0.938,0.139,8935,6614,0.0114993,0,0.740235
596,10000,11.3579,10,13.3352,0.0318564,0.0251189,0.0398107,0.17221,0.15,0.2,0.448794,0.4,0.5,0.000245002,155555,2063.37,5608.61,0.01,0.95,10,10000,0.938,0.139,8333,6227,0.0118513,0,0.74727
597,10000,11.3643,10,13.3352,0.0318162,0.0251189,0.0398107,0.172259,0.15,0.2,0.548473,0.5,0.6,0.000245002,132911,1933.47,4792.19,0.01,0.95,10,10000,0.938,0.139,7120,5230,0.0129316,0,0.734551
598,10000,11.3734,10,13.3352,0.0318164,0.0251189,0.0398107,0.172561,0.15,0.2,0.647481,0.6,0.7,0.000245002,106665,1751.23,3845.86,0.01,0.95,10,10000,0.938,0.139,5714,4139,0.0145364,0,0.724361
599,10000,11.3836,10,13.3352,0.031786,0.0251189,0.0398107,0.173242,0.15,0.2,0.746796,0.7,0.8,0.000245002,83648.3,1572.73,3015.98,0.01,0.95,10,10000,0.938,0.139,4481,3188,0.0165632,0,0.711448
600,10000,11.3868,10,13.3352,0.031842,0.0251189,0.0398107,0.172914,0.15,0.2,0.847522,0.8,0.9,0.000245002,66717,1417.83,2405.52,0.01,0.95,10,10000,0.938,0.139,3574,2512,0.0186593,0,0.702854
601,10000,11.3927,10,13.3352,0.0317521,0.0251189,0.0398107,0.173166,0.15,0.2,0.947089,0.9,1,0.000245002,50681.8,1274.27,1827.36,0.01,0.95,10,10000,0.938,0.139,2715,1833,0.0218435,0,0.675138
602,10000,11.4433,10,13.3352,0.0317665,0.0251189,0.0398107,0.17327,0.15,0.2,1.20242,1,1.5,0.00122501,26993,432.105,973.245,0.01,0.95,10,10000,0.938,0.139,7230,4637,0.0137336,0,0.641355
603,10000,11.3095,10,13.3352,0.0320798,0.0251189,0.0398107,0.221824,0.2,0.25,0.0668459,0,0.1,0.000245002,19470,807.188,702.002,0.01,0.95,10,10000,0.938,0.139,1043,684,0.0357583,0,0.655801
604,10000,11.3716,10,13.3352,0.0319131,0.0251189,0.0398107,0.222177,0.2,0.25,0.155693,0.1,0.2,0.000245002,55908.6,1382,2015.81,0.01,0.95,10,10000,0.938,0.139,2995,1937,0.0212491,0,0.646745
605,10000,11.3215,10,13.3352,0.0316814,0.0251189,0.0398107,0.221701,0.2,0.25,0.251966,0.2,0.3,0.000245002,82061.6,1660.53,2958.77,0.01,0.95,10,10000,0.938,0.139,4396,2875,0.0174416,0,0.654004
606,10000,11.3112,10,13.3352,0.0318566,0.0251189,0.0398107,0.222504,0.2,0.25,0.349612,0.3,0.4,0.000245002,93392.6,1779.54,3367.32,0.01,0.95,10,10000,0.938,0.139,5003,3252,0.0163994,0,0.65001
607,10000,11.3332,10,13.3352,0.0319297,0.0251189,0.0398107,0.222287,0.2,0.25,0.449687,0.4,0.5,0.000245002,91955.2,1758.04,3315.49,0.01,0.95,10,10000,0.938,0.139,4926,3221,0.0164782,0,0.653877
608,10000,11.3441,10,13.3352,0.0317718,0.0251189,0.0398107,0.222069,0.2,0.25,0.548669,0.5,0.6,0.000245002,78720.1,1614.15,2838.29,0.01,0.95,10,10000,0.938,0.139,4217,2786,0.017718,0,0.660659
609,10000,11.3337,10,13.3352,0.0317819,0.0251189,0.0398107,0.222309,0.2,0.25,0.648693,0.6,0.7,0.000245002,66735.7,1499.88,2406.19,0.01,0.95,10,10000,0.938,0.139,3575,2333,0.0193619,0,0.652587
610,10000,11.3577,10,13.3352,0.031785,0.0251189,0.0398107,0.222715,0.2,0.25,0.747826,0.7,0.8,0.000245002,54097.9,1339.99,1950.53,0.01,0.95,10,10000,0.938,0.139,2898,1911,0.0213931,0,0.65942
611,10000,11.386,10,13.3352,0.0318253,0.0251189,0.0398107,0.223024,0.2,0.25,0.847573,0.8,0.9,0.000245002,40974.8,1159.27,1477.37,0.01,0.95,10,10000,0.938,0.139,2195,1459,0.0244837,0,0.664692
612,10000,11.3388,10,13.3352,0.0316506,0.0251189,0.0398107,0.223773,0.2,0.25,0.948331,0.9,1,0.000245002,32275.8,1052.98,1163.72,0.01,0.95,10,10000,0.938,0.139,1729,1114,0.0280196,0,0.644303
613,10000,11.4291,10,13.3352,0.0318126,0.0251189,0.0398107,0.223127,0.2,0.25,1.20612,1,1.5,0.00122501,17890.8,357.802,645.061,0.01,0.95,10,10000,0.938,0.139,4792,3003,0.0170658,0,0.626669
614,10000,11.292,10,13.3352,0.0320502,0.0251189,0.0398107,0.27236,0.25,0.3,0.0659186,0,0.1,0.000245002,10957.7,689.489,395.086,0.01,0.95,10,10000,0.938,0.139,587,321,0.0521978,0,0.546848
615,10000,11.3082,10,13.3352,0.0318222,0.0251189,0.0398107,0.272317,0.25,0.3,0.155102,0.1,0.2,0.000245002,32257.1,1146.16,1163.05,0.01,0.95,10,10000,0.938,0.139,1728,989,0.0297376,0,0.572338
616,10000,11.3491,10,13.3352,0.0318884,0.0251189,0.0398107,0.27299,0.25,0.3,0.252056,0.2,0.3,0.000245002,47321.7,1394.88,1706.21,0.01,0.95,10,10000,0.938,0.139,2535,1441,0.0246361,0,0.568442
617,10000,11.3099,10,13.3352,0.0319316,0.0251189,0.0398107,0.272567,0.25,0.3,0.350301,0.3,0.4,0.000245002,53967.2,1487.31,1945.82,0.01,0.95,10,10000,0.938,0.139,2891,1647,0.023044,0,0.569699
618,10000,11.3122,10,13.3352,0.0319497,0.0251189,0.0398107,0.27275,0.25,0.3,0.448972,0.4,0.5,0.000245002,53145.9,1463.28,1916.2,0.01,0.95,10,10000,0.938,0.139,2847,1642,0.023079,0,0.576747
619,10000,11.3835,10,13.3352,0.0319141,0.0251189,0.0398107,0.273478,0.25,0.3,0.550173,0.5,0.6,0.000245002,49188.4,1392.11,1773.51,0.01,0.95,10,10000,0.938,0.139,2635,1544,0.0238002,0,0.585958
620,10000,11.3805,10,13.3352,0.0317483,0.0251189,0.0398107,0.27329,0.25,0.3,0.647421,0.6,0.7,0.000245002,42094.8,1296.38,1517.75,0.01,0.95,10,10000,0.938,0.139,2255,1309,0.0258485,0,0.580488
621,10000,11.3704,10,13.3352,0.0318053,0.0251189,0.0398107,0.272711,0.25,0.3,0.749519,0.7,0.8,0.000245002,33526.5,1141.16,1208.82,0.01,0.95,10,10000,0.938,0.139,1796,1063,0.0286839,0,0.591871
622,10000,11.3084,10,13.3352,0.0317641,0.0251189,0.0398107,0.272529,0.25,0.3,0.848966,0.8,0.9,0.000245002,28635.7,1049.66,1032.47,0.01,0.95,10,10000,0.938,0.139,1534,914,0.0309337,0,0.595828
623,10000,11.3325,10,13.3352,0.0317468,0.0251189,0.0398107,0.273314,0.25,0.3,0.949648,0.9,1,0.000245002,22886.1,941.584,825.172,0.01,0.95,10,10000,0.938,0.139,1226,727,0.0346846,0,0.592985
624,10000,11.3657,10,13.3352,0.0319251,0.0251189,0.0398107,0.273367,0.25,0.3,1.20347,1,1.5,0.00122501,11977,304.997,431.835,0.01,0.95,10,10000,0.938,0.139,3208,1899,0.0214606,0,0.591958
625,10000,11.3803,10,13.3352,0.0322349,0.0251189,0.0398107,0.340523,0.3,0.4,0.0650886,0,0.1,0.000490003,5404.19,352.824,194.851,0.01,0.95,10,10000,0.938,0.139,579,303,0.0537258,0,0.523316
626,10000,11.346,10,13.3352,0.031759,0.0251189,0.0398107,0.341688,0.3,0.4,0.155916,0.1,0.2,0.000490003,15391.2,595.403,554.938,0.01,0.95,10,10000,0.938,0.139,1649,863,0.0318346,0,0.523347
627,10000,11.3521,10,13.3352,0.0320715,0.0251189,0.0398107,0.341485,0.3,0.4,0.250983,0.2,0.3,0.000490003,23978.2,749.761,864.546,0.01,0.95,10,10000,0.938,0.139,2569,1327,0.0256725,0,0.516543
628,10000,11.3051,10,13.3352,0.0318203,0.0251189,0.0398107,0.340106,0.3,0.4,0.351226,0.3,0.4,0.000490003,27618.3,806.601,995.792,0.01,0.95,10,10000,0.938,0.139,2959,1523,0.0239637,0,0.514701
629,10000,11.3624,10,13.3352,0.0319749,0.0251189,0.0398107,0.342322,0.3,0.4,0.4503,0.4,0.5,0.000490003,28887.7,818.013,1041.56,0.01,0.95,10,10000,0.938,0.139,3095,1613,0.0232856,0,0.521163
630,10000,11.3491,10,13.3352,0.0318505,0.0251189,0.0398107,0.34158,0.3,0.4,0.548887,0.5,0.6,0.000490003,26507.6,809.124,955.745,0.01,0.95,10,10000,0.938,0.139,2840,1411,0.0248967,0,0.496831
631,10000,11.3541,10,13.3352,0.0318999,0.0251189,0.0398107,0.342161,0.3,0.4,0.650218,0.6,0.7,0.000490003,23259.5,740.465,838.633,0.01,0.95,10,10000,0.938,0.139,2492,1282,0.0261192,0,0.514446
632,10000,11.3651,10,13.3352,0.0317275,0.0251189,0.0398107,0.343252,0.3,0.4,0.748793,0.7,0.8,0.000490003,20207.4,672.595,728.587,0.01,0.95,10,10000,0.938,0.139,2165,1157,0.027494,0,0.534411
633,10000,11.3292,10,13.3352,0.0317424,0.0251189,0.0398107,0.343048,0.3,0.4,0.847758,0.8,0.9,0.000490003,15755.2,610.075,568.063,0.01,0.95,10,10000,0.938,0.139,1688,867,0.0317611,0,0.513626
634,10000,11.3476,10,13.3352,0.0317673,0.0251189,0.0398107,0.342501,0.3,0.4,0.947532,0.9,1,0.000490003,13104.5,541.299,472.488,0.01,0.95,10,10000,0.938,0.139,1404,751,0.0341259,0,0.5349
635,10000,11.3906,10,13.3352,0.0319464,0.0251189,0.0398107,0.343829,0.3,0.4,1.20317,1,1.5,0.00245002,7595.73,183.811,273.868,0.01,0.95,10,10000,0.938,0.139,4069,2185,0.0200068,0,0.536987
636,10000,11.3518,10,13.3352,0.0324618,0.0251189,0.0398107,0.439279,0.4,0.5,0.0653476,0,0.1,0.000490003,2174.74,231.441,78.4115,0.01,0.95,10,10000,0.938,0.139,233,116,0.0868311,0,0.497854
637,10000,11.3829,10,13.3352,0.0318657,0.0251189,0.0398107,0.445054,0.4,0.5,0.153174,0.1,0.2,0.000490003,6001.55,398.674,216.389,0.01,0.95,10,10000,0.938,0.139,643,303,0.0537258,0,0.471229
638,10000,11.3284,10,13.3352,0.0322575,0.0251189,0.0398107,0.44048,0.4,0.5,0.254558,0.2,0.3,0.000490003,9305.66,484.18,335.52,0.01,0.95,10,10000,0.938,0.139,997,488,0.0423345,0,0.489468
639,10000,11.2986,10,13.3352,0.0323238,0.0251189,0.0398107,0.442832,0.4,0.5,0.349756,0.3,0.4,0.000490003,12059.1,568.07,434.797,0.01,0.95,10,10000,0.938,0.139,1292,604,0.0380527,0,0.467492
640,10000,11.3823,10,13.3352,0.0325412,0.0251189,0.0398107,0.442962,0.4,0.5,0.450796,0.4,0.5,0.000490003,11965.8,566.685,431.431,0.01,0.95,10,10000,0.938,0.139,1282,598,0.0382432,0,0.466459
641,10000,11.3296,10,13.3352,0.0318317,0.0251189,0.0398107,0.442591,0.4,0.5,0.54943,0.5,0.6,0.000490003,12273.8,571.135,442.537,0.01,0.95,10,10000,0.938,0.139,1315,618,0.0376193,0,0.469962
642,10000,11.3639,10,13.3352,0.03194,0.0251189,0.0398107,0.443355,0.4,0.5,0.650451,0.6,0.7,0.000490003,10939.1,550.16,394.413,0.01,0.95,10,10000,0.938,0.139,1172,534,0.0404701,0,0.455631
643,10000,11.3784,10,13.3352,0.0320579,0.0251189,0.0398107,0.443117,0.4,0.5,0.749849,0.7,0.8,0.000490003,9641.67,489.397,347.635,0.01,0.95,10,10000,0.938,0.139,1033,511,0.0413708,0,0.494676
644,10000,11.2631,10,13.3352,0.0318872,0.0251189,0.0398107,0.443855,0.4,0.5,0.846824,0.8,0.9,0.000490003,7578.93,422.494,273.262,0.01,0.95,10,10000,0.938,0.139,812,418,0.0457421,0,0.514778
645,10000,11.3327,10,13.3352,0.0319465,0.0251189,0.0398107,0.442326,0.4,0.5,0.948356,0.9,1,0.000490003,5842.87,389.901,210.668,0.01,0.95,10,10000,0.938,0.139,626,299,0.054084,0,0.477636
646,10000,11.4167,10,13.3352,0.032004,0.0251189,0.0398107,0.441831,0.4,0.5,1.20359,1,1.5,0.00245002,3836.14,141.813,138.314,0.01,0.95,10,10000,0.938,0.139,2055,976,0.029935,0,0.474939
647,10000,11.1297,10,13.3352,0.0325206,0.0251189,0.0398107,0.538815,0.5,0.6,0.0641063,0,0.1,0.000490003,924.033,178.214,33.3165,0.01,0.95,10,10000,0.938,0.139,99,38,0.151709,0,0.383838
648,10000,11.1726,10,13.3352,0.0328687,0.0251189,0.0398107,0.543093,0.5,0.6,0.155047,0.1,0.2,0.000490003,2352.08,268.501,84.8056,0.01,0.95,10,10000,0.938,0.139,252,106,0.0908346,0,0.420635
649,10000,11.3638,10,13.3352,0.0315385,0.0251189,0.0398107,0.540003,0.5,0.6,0.248369,0.2,0.3,0.000490003,4013.47,326.684,144.708,0.01,0.95,10,10000,0.938,0.139,430,202,0.0658004,0,0.469767
650,10000,11.3043,10,13.3352,0.031928,0.0251189,0.0398107,0.543185,0.5,0.6,0.351152,0.3,0.4,0.000490003,4918.84,367.056,177.351,0.01,0.95,10,10000,0.938,0.139,527,242,0.0601169,0,0.459203
651,10000,11.2586,10,13.3352,0.032173,0.0251189,0.0398107,0.547476,0.5,0.6,0.448044,0.4,0.5,0.000490003,5469.53,411.019,197.207,0.01,0.95,10,10000,0.938,0.139,586,245,0.0597477,0,0.418089
652,10000,11.3581,10,13.3352,0.0323139,0.0251189,0.0398107,0.544469,0.5,0.6,0.550773,0.5,0.6,0.000490003,5226.85,409.698,188.457,0.01,0.95,10,10000,0.938,0.139,560,227,0.0620714,0,0.405357
653,10000,11.4026,10,13.3352,0.0319706,0.0251189,0.0398107,0.543717,0.5,0.6,0.649511,0.6,0.7,0.000490003,4862.84,362.254,175.332,0.01,0.95,10,10000,0.938,0.139,521,242,0.0601169,0,0.464491
654,10000,11.4124,10,13.3352,0.0320744,0.0251189,0.0398107,0.54089,0.5,0.6,0.747901,0.7,0.8,0.000490003,4405.49,353.458,158.842,0.01,0.95,10,10000,0.938,0.139,472,211,0.0643818,0,0.447034
655,10000,11.4701,10,13.3352,0.0317048,0.0251189,0.0398107,0.54189,0.5,0.6,0.848535,0.8,0.9,0.000490003,3966.81,352.147,143.025,0.01,0.95,10,10000,0.938,0.139,425,176,0.0704933,0,0.414118
656,10000,11.2719,10,13.3352,0.0316878,0.0251189,0.0398107,0.545411,0.5,0.6,0.945645,0.9,1,0.000490003,3257.45,339.254,117.449,0.01,0.95,10,10000,0.938,0.139,349,131,0.0817088,0,0.375358
657,10000,11.3398,10,13.3352,0.031818,0.0251189,0.0398107,0.543688,0.5,0.6,1.21702,1,1.5,0.00245002,1948.87,103.523,70.2675,0.01,0.95,10,10000,0.938,0.139,1044,478,0.042775,0,0.457854
658,10000,11.3333,10,13.3352,0.0318405,0.0251189,0.0398107,0.644576,0.6,0.7,0.0672494,0,0.1,0.000490003,457.349,110.337,16.49,0.01,0.95,10,10000,0.938,0.139,49,23,0.195003,0,0.469388
659,10000,11.436,10,13.3352,0.0323013,0.0251189,0.0398107,0.642676,0.6,0.7,0.148607,0.1,0.2,0.000490003,1129.37,193.032,40.7201,0.01,0.95,10,10000,0.938,0.139,121,48,0.134984,0,0.396694
660,10000,11.1833,10,13.3352,0.0320568,0.0251189,0.0398107,0.64133,0.6,0.7,0.254758,0.2,0.3,0.000490003,1689.39,204.155,60.9119,0.01,0.95,10,10000,0.938,0.139,181,90,0.0985787,0,0.497238
661,10000,11.2491,10,13.3352,0.0320588,0.0251189,0.0398107,0.635282,0.6,0.7,0.349621,0.3,0.4,0.000490003,2100.07,260.06,75.7192,0.01,0.95,10,10000,0.938,0.139,225,91,0.0980356,0,0.404444
662,10000,11.5174,10,13.3352,0.0312746,0.0251189,0.0398107,0.646546,0.6,0.7,0.455249,0.4,0.5,0.000490003,2520.09,277.262,90.8631,0.01,0.95,10,10000,0.938,0.139,270,114,0.0875895,0,0.422222
663,10000,11.3249,10,13.3352,0.0317929,0.0251189,0.0398107,0.642714,0.6,0.7,0.551209,0.5,0.6,0.000490003,2408.08,272.511,86.8247,0.01,0.95,10,10000,0.938,0.139,258,108,0.0899896,0,0.418605
664,10000,11.312,10,13.3352,0.0324899,0.0251189,0.0398107,0.641705,0.6,0.7,0.653942,0.6,0.7,0.000490003,2296.08,253.644,82.7864,0.01,0.95,10,10000,0.938,0.139,246,111,0.0887652,0,0.45122
665,10000,11.4716,10,13.3352,0.0317359,0.0251189,0.0398107,0.640325,0.6,0.7,0.747639,0.7,0.8,0.000490003,2165.41,253.66,78.075,0.01,0.95,10,10000,0.938,0.139,232,100,0.09352,0,0.431034
666,10000,11.1664,10,13.3352,0.0325439,0.0251189,0.0398107,0.645093,0.6,0.7,0.847645,0.8,0.9,0.000490003,1838.73,228.459,66.2964,0.01,0.95,10,10000,0.938,0.139,197,88,0.0996926,0,0.446701
667,10000,11.283,10,13.3352,0.0315369,0.0251189,0.0398107,0.635491,0.6,0.7,0.949076,0.9,1,0.000490003,1558.72,229.474,56.2005,0.01,0.95,10,10000,0.938,0.139,167,65,0.115997,0,0.389222
668,10000,11.2637,10,13.3352,0.0316128,0.0251189,0.0398107,0.642268,0.6,0.7,1.2095,1,1.5,0.00245002,1011.77,76.834,36.4799,0.01,0.95,10,10000,0.938,0.139,542,237,0.0607478,0,0.437269
669,10000,11.203,10,13.3352,0.0323368,0.0251189,0.0398107,0.719353,0.7,0.8,0.0506149,0,0.1,0.000490003,149.339,108.556,5.38448,0.01,0.95,10,10000,0.938,0.139,16,3,0.539938,0,0.1875
670,10000,11.2916,10,13.3352,0.0316098,0.0251189,0.0398107,0.741953,0.7,0.8,0.161738,0.1,0.2,0.000490003,578.687,161.574,20.8649,0.01,0.95,10,10000,0.938,0.139,62,19,0.21455,0,0.306452
671,10000,11.1378,10,13.3352,0.0322521,0.0251189,0.0398107,0.74547,0.7,0.8,0.251463,0.2,0.3,0.000490003,905.365,161.1,32.6434,0.01,0.95,10,10000,0.938,0.139,97,43,0.142617,0,0.443299
672,10000,11.4423,10,13.3352,0.0314611,0.0251189,0.0398107,0.745447,0.7,0.8,0.355034,0.3,0.4,0.000490003,1138.71,214.532,41.0567,0.01,0.95,10,10000,0.938,0.139,122,41,0.146054,0,0.336066
673,10000,11.4877,10,13.3352,0.0314645,0.0251189,0.0398107,0.735728,0.7,0.8,0.44664,0.4,0.5,0.000490003,1073.37,182.272,38.7009,0.01,0.95,10,10000,0.938,0.139,115,48,0.134984,0,0.417391
674,10000,11.4636,10,13.3352,0.0316997,0.0251189,0.0398107,0.743228,0.7,0.8,0.553466,0.5,0.6,0.000490003,1334.71,202.583,48.1238,0.01,0.95,10,10000,0.938,0.139,143,60,0.120734,0,0.41958
675,10000,11.2099,10,13.3352,0.0307486,0.0251189,0.0398107,0.747086,0.7,0.8,0.654192,0.6,0.7,0.000490003,1166.71,195.183,42.0662,0.01,0.95,10,10000,0.938,0.139,125,50,0.132257,0,0.4
676,10000,11.4216,10,13.3352,0.0311665,0.0251189,0.0398107,0.760385,0.7,0.8,0.753697,0.7,0.8,0.000490003,840.03,241.054,30.2877,0.01,0.95,10,10000,0.938,0.139,90,19,0.21455,0,0.211111
677,10000,11.3698,10,13.3352,0.0317313,0.0251189,0.0398107,0.737939,0.7,0.8,0.847825,0.8,0.9,0.000490003,812.029,171.508,29.2781,0.01,0.95,10,10000,0.938,0.139,87,32,0.165322,0,0.367816
678,10000,11.4435,10,13.3352,0.0316727,0.0251189,0.0398107,0.741041,0.7,0.8,0.949961,0.9,1,0.000490003,840.03,165.618,30.2877,0.01,0.95,10,10000,0.938,0.139,90,36,0.155867,0,0.4
679,10000,11.3363,10,13.3352,0.0322895,0.0251189,0.0398107,0.745678,0.7,0.8,1.21458,1,1.5,0.00245002,481.617,53.5627,17.3649,0.01,0.95,10,10000,0.938,0.139,258,111,0.0887652,0,0.430233
680,10000,10.811,10,13.3352,0.0274029,0.0251189,0.0398107,0.85099,0.8,0.9,0.0549547,0,0.1,0.000490003,74.6693,51.394,2.69224,0.01,0.95,10,10000,0.938,0.139,8,3,0.539938,0,0.375
681,10000,11.4153,10,13.3352,0.0333547,0.0251189,0.0398107,0.85049,0.8,0.9,0.15317,0.1,0.2,0.000490003,336.012,97.981,12.1151,0.01,0.95,10,10000,0.938,0.139,36,16,0.2338,0,0.444444
682,10000,11.5133,10,13.3352,0.0333565,0.0251189,0.0398107,0.836614,0.8,0.9,0.256216,0.2,0.3,0.000490003,466.683,127.44,16.8265,0.01,0.95,10,10000,0.938,0.139,50,19,0.21455,0,0.38
683,10000,11.2021,10,13.3352,0.0314337,0.0251189,0.0398107,0.834871,0.8,0.9,0.360237,0.3,0.4,0.000490003,354.679,96.5886,12.7881,0.01,0.95,10,10000,0.938,0.139,38,18,0.220429,0,0.473684
684,10000,11.1063,10,13.3352,0.0304949,0.0251189,0.0398107,0.849218,0.8,0.9,0.468402,0.4,0.5,0.000490003,438.682,137.333,15.8169,0.01,0.95,10,10000,0.938,0.139,47,15,0.241468,0,0.319149
685,10000,11.3207,10,13.3352,0.0312752,0.0251189,0.0398107,0.847036,0.8,0.9,0.547323,0.5,0.6,0.000490003,597.354,167.256,21.5379,0.01,0.95,10,10000,0.938,0.139,64,19,0.21455,0,0.296875
686,10000,11.2159,10,13.3352,0.0322467,0.0251189,0.0398107,0.835156,0.8,0.9,0.644501,0.6,0.7,0.000490003,522.685,105.587,18.8457,0.01,0.95,10,10000,0.938,0.139,56,31,0.167967,0,0.553571
687,10000,11.3921,10,13.3352,0.0329295,0.0251189,0.0398107,0.8388,0.8,0.9,0.748012,0.7,0.8,0.000490003,597.354,162.272,21.5379,0.01,0.95,10,10000,0.938,0.139,64,20,0.209117,0,0.3125
688,10000,11.4265,10,13.3352,0.032619,0.0251189,0.0398107,0.84951,0.8,0.9,0.847849,0.8,0.9,0.000490003,336.012,123.332,12.1151,0.01,0.95,10,10000,0.938,0.139,36,11,0.281973,0,0.305556
689,10000,11.151,10,13.3352,0.0352583,0.0251189,0.0398107,0.843983,0.8,0.9,0.948822,0.9,1,0.000490003,298.677,93.3152,10.769,0.01,0.95,10,10000,0.938,0.139,32,14,0.249943,0,0.4375
690,10000,11.2325,10,13.3352,0.0307138,0.0251189,0.0398107,0.844842,0.8,0.9,1.19598,1,1.5,0.00245002,229.608,44.6059,8.27864,0.01,0.95,10,10000,0.938,0.139,123,39,0.149752,0,0.317073
691,10000,11.4494,10,13.3352,0.0364025,0.0251189,0.0398107,0.952129,0.9,1,0.0656977,0,0.1,0.000490003,37.3347,22.5378,1.34612,0.01,0.95,10,10000,0.938,0.139,4,3,0.539938,0,0.75
692,10000,11.1349,10,13.3352,0.0369643,0.0251189,0.0398107,0.933851,0.9,1,0.173293,0.1,0.2,0.000490003,102.67,72.8566,3.70183,0.01,0.95,10,10000,0.938,0.139,11,3,0.539938,0,0.272727
693,10000,11.2164,10,13.3352,0.0296201,0.0251189,0.0398107,0.945479,0.9,1,0.248979,0.2,0.3,0.000490003,93.3366,82.809,3.3653,0.01,0.95,10,10000,0.938,0.139,10,2,0.661286,0,0.2
694,10000,11.3949,10,13.3352,0.0338789,0.0251189,0.0398107,0.952775,0.9,1,0.352908,0.3,0.4,0.000490003,214.674,84.879,7.74019,0.01,0.95,10,10000,0.938,0.139,23,9,0.311733,0,0.391304
695,10000,11.6694,10,13.3352,0.0314272,0.0251189,0.0398107,0.943484,0.9,1,0.444317,0.4,0.5,0.000490003,261.343,88.4446,9.42284,0.01,0.95,10,10000,0.938,0.139,28,12,0.269969,0,0.428571
696,10000,11.4147,10,13.3352,0.0312781,0.0251189,0.0398107,0.947,0.9,1,0.561423,0.5,0.6,0.000490003,280.01,86.6627,10.0959,0.01,0.95,10,10000,0.938,0.139,30,14,0.249943,0,0.466667
697,10000,11.9701,10,13.3352,0.031152,0.0251189,0.0398107,0.944004,0.9,1,0.66486,0.6,0.7,0.000490003,233.342,87.2884,8.41325,0.01,0.95,10,10000,0.938,0.139,25,10,0.295736,0,0.4
698,10000,11.3386,10,13.3352,0.0300237,0.0251189,0.0398107,0.93752,0.9,1,0.757388,0.7,0.8,0.000490003,177.34,80.0691,6.39407,0.01,0.95,10,10000,0.938,0.139,19,7,0.353472,0,0.368421
699,10000,11.5492,10,13.3352,0.0317814,0.0251189,0.0398107,0.952457,0.9,1,0.85084,0.8,0.9,0.000490003,56.002,25.2986,2.01918,0.01,0.95,10,10000,0.938,0.139,6,5,0.418234,0,0.833333
700,10000,11.401,10,13.3352,0.0310396,0.0251189,0.0398107,0.933663,0.9,1,0.950484,0.9,1,0.000490003,112.004,47.1219,4.03836,0.01,0.95,10,10000,0.938,0.139,12,7,0.353472,0,0.583333
701,10000,11.1488,10,13.3352,0.0315923,0.0251189,0.0398107,0.930433,0.9,1,1.21633,1,1.5,0.00245002,50.4018,21.7522,1.81726,0.01,0.95,10,10000,0.938,0.139,27,8,0.330643,0,0.296296
702,10000,11.4319,10,13.3352,0.0502715,0.0398107,0.0630957,0.0694198,0.05,0.1,0.0646771,0,0.1,0.000388303,163294,1733.91,5887.64,0.01,0.95,10,10000,0.938,0.139,13864,9948,0.00937641,0,0.717542
703,10000,11.4112,10,13.3352,0.0503204,0.0398107,0.0630957,0.070565,0.05,0.1,0.153639,0.1,0.2,0.000388303,403193,2725.87,14537.3,0.01,0.95,10,10000,0.938,0.139,34232,24548,0.00596893,0,0.717107
704,10000,11.3994,10,13.3352,0.050544,0.0398107,0.0630957,0.0712301,0.05,0.1,0.249812,0.2,0.3,0.000388303,504074,3070.44,18174.6,0.01,0.95,10,10000,0.938,0.139,42797,30400,0.00536374,0,0.71033
705,10000,11.424,10,13.3352,0.0503571,0.0398107,0.0630957,0.0722716,0.05,0.1,0.348135,0.3,0.4,0.000388303,462249,3037.21,16666.6,0.01,0.95,10,10000,0.938,0.139,39246,26723,0.00572087,0,0.68091
706,10000,11.4336,10,13.3352,0.0504107,0.0398107,0.0630957,0.0727204,0.05,0.1,0.447671,0.4,0.5,0.000388303,369872,2818.18,13335.9,0.01,0.95,10,10000,0.938,0.139,31403,20362,0.00655382,0,0.648409
707,10000,11.4378,10,13.3352,0.0503283,0.0398107,0.0630957,0.0727018,0.05,0.1,0.547596,0.5,0.6,0.000388303,286058,2565.47,10314,0.01,0.95,10,10000,0.938,0.139,24287,15022,0.00763028,0,0.61852
708,10000,11.4269,10,13.3352,0.0502003,0.0398107,0.0630957,0.072543,0.05,0.1,0.647728,0.6,0.7,0.000388303,210784,2261.34,7599.91,0.01,0.95,10,10000,0.938,0.139,17896,10668,0.00905447,0,0.596111
709,10000,11.4265,10,13.3352,0.0504524,0.0398107,0.0630957,0.0718631,0.05,0.1,0.74773,0.7,0.8,0.000388303,157157,1952.77,5666.38,0.01,0.95,10,10000,0.938,0.139,13343,7953,0.0104867,0,0.596043
710,10000,11.423,10,13.3352,0.0503525,0.0398107,0.0630957,0.0717228,0.05,0.1,0.84796,0.8,0.9,0.000388303,113825,1639.39,4104.02,0.01,0.95,10,10000,0.938,0.139,9664,5871,0.0122053,0,0.607512
711,10000,11.4169,10,13.3352,0.0503909,0.0398107,0.0630957,0.0713634,0.05,0.1,0.947681,0.9,1,0.000388303,86958.8,1407.46,3135.35,0.01,0.95,10,10000,0.938,0.139,7383,4598,0.0137918,0,0.622782
712,10000,11.4218,10,13.3352,0.0506345,0.0398107,0.0630957,0.0722008,0.05,0.1,1.19874,1,1.5,0.00194151,40418.3,407.554,1457.3,0.01,0.95,10,10000,0.938,0.139,17158,11459,0.00873637,0,0.667852
713,10000,11.4091,10,13.3352,0.0498276,0.0398107,0.0630957,0.120951,0.1,0.15,0.0661523,0,0.1,0.000388303,53638.2,1005.17,1933.95,0.01,0.95,10,10000,0.938,0.139,4554,3220,0.0164807,0,0.707071
714,10000,11.4153,10,13.3352,0.0501161,0.0398107,0.0630957,0.12112,0.1,0.15,0.15397,0.1,0.2,0.000388303,148547,1686.72,5355.95,0.01,0.95,10,10000,0.938,0.139,12612,8822,0.00995683,0,0.699493
715,10000,11.3922,10,13.3352,0.0500479,0.0398107,0.0630957,0.121412,0.1,0.15,0.250914,0.2,0.3,0.000388303,202256,1964.72,7292.45,0.01,0.95,10,10000,0.938,0.139,17172,12039,0.00852333,0,0.701083
716,10000,11.3933,10,13.3352,0.0501301,0.0398107,0.0630957,0.121869,0.1,0.15,0.349059,0.3,0.4,0.000388303,210689,2008.84,7596.51,0.01,0.95,10,10000,0.938,0.139,17888,12512,0.00836067,0,0.699463
717,10000,11.3967,10,13.3352,0.0502247,0.0398107,0.0630957,0.122239,0.1,0.15,0.448316,0.4,0.5,0.000388303,182869,1891.82,6593.44,0.01,0.95,10,10000,0.938,0.139,15526,10708,0.00903754,0,0.689682
718,10000,11.4151,10,13.3352,0.0501771,0.0398107,0.0630957,0.12247,0.1,0.15,0.547364,0.5,0.6,0.000388303,145285,1696.46,5238.32,0.01,0.95,10,10000,0.938,0.139,12335,8440,0.0101797,0,0.684232
719,10000,11.4274,10,13.3352,0.0503343,0.0398107,0.0630957,0.12273,0.1,0.15,0.647909,0.6,0.7,0.000388303,113389,1541.93,4088.31,0.01,0.95,10,10000,0.938,0.139,9627,6343,0.0117424,0,0.658876
720,10000,11.4071,10,13.3352,0.0503575,0.0398107,0.0630957,0.122999,0.1,0.15,0.748139,0.7,0.8,0.000388303,84061.4,1331.09,3030.88,0.01,0.95,10,10000,0.938,0.139,7137,4686,0.0136617,0,0.656578
721,10000,11.4469,10,13.3352,0.05033,0.0398107,0.0630957,0.123771,0.1,0.15,0.847235,0.8,0.9,0.000388303,65616.6,1214.59,2365.84,0.01,0.95,10,10000,0.938,0.139,5571,3501,0.0158055,0,0.628433
722,10000,11.452,10,13.3352,0.0505179,0.0398107,0.0630957,0.123517,0.1,0.15,0.947003,0.9,1,0.000388303,48290.8,1082.71,1741.15,0.01,0.95,10,10000,0.938,0.139,4100,2443,0.0189209,0,0.595854
723,10000,11.4358,10,13.3352,0.0506441,0.0398107,0.0630957,0.122503,0.1,0.15,1.20666,1,1.5,0.00194151,25191.3,363.785,908.286,0.01,0.95,10,10000,0.938,0.139,10694,6025,0.0120483,0,0.5634
724,10000,11.4058,10,13.3352,0.0503931,0.0398107,0.0630957,0.171831,0.15,0.2,0.0664483,0,0.1,0.000388303,25959.3,784.992,935.975,0.01,0.95,10,10000,0.938,0.139,2204,1334,0.0256051,0,0.605263
725,10000,11.3939,10,13.3352,0.0497827,0.0398107,0.0630957,0.171186,0.15,0.2,0.15449,0.1,0.2,0.000388303,70598.8,1310.83,2545.48,0.01,0.95,10,10000,0.938,0.139,5994,3565,0.015663,0,0.594761
726,10000,11.4058,10,13.3352,0.0500231,0.0398107,0.0630957,0.171966,0.15,0.2,0.252014,0.2,0.3,0.000388303,100421,1535.08,3620.74,0.01,0.95,10,10000,0.938,0.139,8526,5202,0.0129664,0,0.610134
727,10000,11.387,10,13.3352,0.0499525,0.0398107,0.0630957,0.171805,0.15,0.2,0.350121,0.3,0.4,0.000388303,112400,1613.98,4052.63,0.01,0.95,10,10000,0.938,0.139,9543,5873,0.0122032,0,0.615425
728,10000,11.4018,10,13.3352,0.050151,0.0398107,0.0630957,0.172232,0.15,0.2,0.449119,0.4,0.5,0.000388303,104037,1551.55,3751.12,0.01,0.95,10,10000,0.938,0.139,8833,5442,0.0126773,0,0.616099
729,10000,11.3848,10,13.3352,0.0501566,0.0398107,0.0630957,0.172506,0.15,0.2,0.547813,0.5,0.6,0.000388303,83496,1377.09,3010.49,0.01,0.95,10,10000,0.938,0.139,7089,4424,0.0140604,0,0.624065
730,10000,11.3824,10,13.3352,0.0501019,0.0398107,0.0630957,0.173078,0.15,0.2,0.648038,0.6,0.7,0.000388303,67442.3,1232.22,2431.67,0.01,0.95,10,10000,0.938,0.139,5726,3595,0.0155975,0,0.627838
731,10000,11.3724,10,13.3352,0.0501285,0.0398107,0.0630957,0.173013,0.15,0.2,0.747403,0.7,0.8,0.000388303,52896.1,1112.69,1907.2,0.01,0.95,10,10000,0.938,0.139,4491,2745,0.0178498,0,0.611222
732,10000,11.4284,10,13.3352,0.0504906,0.0398107,0.0630957,0.173312,0.15,0.2,0.847117,0.8,0.9,0.000388303,40905.9,983.747,1474.88,0.01,0.95,10,10000,0.938,0.139,3473,2107,0.0203738,0,0.60668
733,10000,11.3893,10,13.3352,0.0503793,0.0398107,0.0630957,0.172793,0.15,0.2,0.946943,0.9,1,0.000388303,31577.5,847.283,1138.54,0.01,0.95,10,10000,0.938,0.139,2681,1672,0.0228711,0,0.623648
734,10000,11.4376,10,13.3352,0.0503737,0.0398107,0.0630957,0.173392,0.15,0.2,1.20614,1,1.5,0.00194151,16506,291.016,595.134,0.01,0.95,10,10000,0.938,0.139,7007,4015,0.0147592,0,0.572998
735,10000,11.4475,10,13.3352,0.0497826,0.0398107,0.0630957,0.222273,0.2,0.25,0.0673857,0,0.1,0.000388303,13651,648.394,492.194,0.01,0.95,10,10000,0.938,0.139,1159,581,0.0387986,0,0.501294
736,10000,11.4247,10,13.3352,0.0502123,0.0398107,0.0630957,0.22239,0.2,0.25,0.154493,0.1,0.2,0.000388303,38514.9,1065.35,1388.67,0.01,0.95,10,10000,0.938,0.139,3270,1694,0.0227221,0,0.518043
737,10000,11.3672,10,13.3352,0.049977,0.0398107,0.0630957,0.222595,0.2,0.25,0.251896,0.2,0.3,0.000388303,56735.8,1289.69,2045.64,0.01,0.95,10,10000,0.938,0.139,4817,2505,0.0186853,0,0.520033
738,10000,11.3927,10,13.3352,0.0501788,0.0398107,0.0630957,0.222408,0.2,0.25,0.349468,0.3,0.4,0.000388303,63249.2,1342.08,2280.48,0.01,0.95,10,10000,0.938,0.139,5370,2853,0.0175087,0,0.531285
739,10000,11.4033,10,13.3352,0.0500883,0.0398107,0.0630957,0.222387,0.2,0.25,0.44958,0.4,0.5,0.000388303,61576.7,1322.13,2220.18,0.01,0.95,10,10000,0.938,0.139,5228,2784,0.0177243,0,0.532517
740,10000,11.3953,10,13.3352,0.0503531,0.0398107,0.0630957,0.22277,0.2,0.25,0.54881,0.5,0.6,0.000388303,53190.6,1211.91,1917.81,0.01,0.95,10,10000,0.938,0.139,4516,2454,0.0188785,0,0.543401
741,10000,11.4027,10,13.3352,0.0502041,0.0398107,0.0630957,0.223142,0.2,0.25,0.648148,0.6,0.7,0.000388303,42943.5,1098.16,1548.35,0.01,0.95,10,10000,0.938,0.139,3646,1957,0.0211402,0,0.536753
742,10000,11.4024,10,13.3352,0.0498999,0.0398107,0.0630957,0.222419,0.2,0.25,0.747423,0.7,0.8,0.000388303,33803.6,943.901,1218.81,0.01,0.95,10,10000,0.938,0.139,2870,1613,0.0232856,0,0.562021
743,10000,11.4022,10,13.3352,0.049738,0.0398107,0.0630957,0.223404,0.2,0.25,0.84782,0.8,0.9,0.000388303,26277.3,812.741,947.441,0.01,0.95,10,10000,0.938,0.139,2231,1297,0.0259678,0,0.581354
744,10000,11.4206,10,13.3352,0.0498716,0.0398107,0.0630957,0.222885,0.2,0.25,0.946268,0.9,1,0.000388303,21189.1,761.476,763.983,0.01,0.95,10,10000,0.938,0.139,1799,984,0.0298131,0,0.546971
745,10000,11.4245,10,13.3352,0.0503524,0.0398107,0.0630957,0.223955,0.2,0.25,1.20263,1,1.5,0.00194151,11361.3,246.596,409.638,0.01,0.95,10,10000,0.938,0.139,4823,2681,0.0180616,0,0.555878
746,10000,11.3699,10,13.3352,0.0497895,0.0398107,0.0630957,0.272731,0.25,0.3,0.0652899,0,0.1,0.000388303,7443.86,482.683,268.392,0.01,0.95,10,10000,0.938,0.139,632,313,0.0528606,0,0.495253
747,10000,11.3579,10,13.3352,0.050127,0.0398107,0.0630957,0.27313,0.25,0.3,0.155538,0.1,0.2,0.000388303,21895.8,846.583,789.463,0.01,0.95,10,10000,0.938,0.139,1859,890,0.031348,0,0.478752
748,10000,11.3824,10,13.3352,0.050289,0.0398107,0.0630957,0.272522,0.25,0.3,0.254074,0.2,0.3,0.000388303,32661.1,1058.39,1177.61,0.01,0.95,10,10000,0.938,0.139,2773,1281,0.0261294,0,0.461955
749,10000,11.3877,10,13.3352,0.0502213,0.0398107,0.0630957,0.272774,0.25,0.3,0.3515,0.3,0.4,0.000388303,37772.9,1120.26,1361.92,0.01,0.95,10,10000,0.938,0.139,3207,1518,0.0240032,0,0.47334
750,10000,11.3682,10,13.3352,0.0502714,0.0398107,0.0630957,0.27207,0.25,0.3,0.450921,0.4,0.5,0.000388303,38585.6,1117.46,1391.22,0.01,0.95,10,10000,0.938,0.139,3276,1582,0.0235126,0,0.482906
751,10000,11.3636,10,13.3352,0.050085,0.0398107,0.0630957,0.272555,0.25,0.3,0.548307,0.5,0.6,0.000388303,34239.4,1045.19,1234.52,0.01,0.95,10,10000,0.938,0.139,2907,1419,0.0248264,0,0.488132
752,10000,11.4138,10,13.3352,0.0498704,0.0398107,0.0630957,0.272927,0.25,0.3,0.647955,0.6,0.7,0.000388303,29751.9,952.841,1072.72,0.01,0.95,10,10000,0.938,0.139,2526,1275,0.0261908,0,0.504751
753,10000,11.4318,10,13.3352,0.0500457,0.0398107,0.0630957,0.273813,0.25,0.3,0.747292,0.7,0.8,0.000388303,23556.5,863.001,849.342,0.01,0.95,10,10000,0.938,0.139,2000,983,0.0298282,0,0.4915
754,10000,11.3599,10,13.3352,0.0502527,0.0398107,0.0630957,0.273126,0.25,0.3,0.84815,0.8,0.9,0.000388303,19104.3,769.004,688.816,0.01,0.95,10,10000,0.938,0.139,1622,810,0.0328596,0,0.499383
755,10000,11.3863,10,13.3352,0.0504017,0.0398107,0.0630957,0.273142,0.25,0.3,0.947289,0.9,1,0.000388303,14817,657.177,534.236,0.01,0.95,10,10000,0.938,0.139,1258,657,0.0364856,0,0.522258
756,10000,11.4102,10,13.3352,0.0503897,0.0398107,0.0630957,0.273272,0.25,0.3,1.20751,1,1.5,0.00194151,7988.01,216.038,288.012,0.01,0.95,10,10000,0.938,0.139,3391,1768,0.0222415,0,0.52138
757,10000,11.3886,10,13.3352,0.0500185,0.0398107,0.0630957,0.343577,0.3,0.4,0.0683073,0,0.1,0.000776605,4045.83,274.304,145.874,0.01,0.95,10,10000,0.938,0.139,687,298,0.0541747,0,0.43377
758,10000,11.4022,10,13.3352,0.0502515,0.0398107,0.0630957,0.342387,0.3,0.4,0.154047,0.1,0.2,0.000776605,11136.3,448.898,401.526,0.01,0.95,10,10000,0.938,0.139,1891,838,0.0323059,0,0.443152
759,10000,11.3621,10,13.3352,0.0501083,0.0398107,0.0630957,0.341789,0.3,0.4,0.254244,0.2,0.3,0.000776605,16984.2,554.942,612.375,0.01,0.95,10,10000,0.938,0.139,2884,1276,0.0261806,0,0.442441
760,10000,11.4004,10,13.3352,0.0502503,0.0398107,0.0630957,0.343157,0.3,0.4,0.351306,0.3,0.4,0.000776605,19345.8,597.128,697.522,0.01,0.95,10,10000,0.938,0.139,3285,1435,0.0246876,0,0.436834
761,10000,11.4249,10,13.3352,0.0504506,0.0398107,0.0630957,0.341469,0.3,0.4,0.448974,0.4,0.5,0.000776605,20517.7,606.524,739.777,0.01,0.95,10,10000,0.938,0.139,3484,1555,0.0237159,0,0.446326
762,10000,11.3461,10,13.3352,0.050579,0.0398107,0.0630957,0.34173,0.3,0.4,0.549334,0.5,0.6,0.000776605,19039.5,577.058,686.481,0.01,0.95,10,10000,0.938,0.139,3233,1471,0.0243836,0,0.454995
763,10000,11.3572,10,13.3352,0.0503813,0.0398107,0.0630957,0.341955,0.3,0.4,0.64827,0.6,0.7,0.000776605,16271.7,539.624,586.683,0.01,0.95,10,10000,0.938,0.139,2763,1235,0.0266116,0,0.446978
764,10000,11.3964,10,13.3352,0.0501426,0.0398107,0.0630957,0.343911,0.3,0.4,0.749567,0.7,0.8,0.000776605,13285.9,488.976,479.029,0.01,0.95,10,10000,0.938,0.139,2256,1004,0.0295146,0,0.445035
765,10000,11.4035,10,13.3352,0.0504199,0.0398107,0.0630957,0.342765,0.3,0.4,0.847497,0.8,0.9,0.000776605,10806.5,436.749,389.636,0.01,0.95,10,10000,0.938,0.139,1835,829,0.0324808,0,0.451771
766,10000,11.4229,10,13.3352,0.0498093,0.0398107,0.0630957,0.34319,0.3,0.4,0.948996,0.9,1,0.000776605,8645.24,385.462,311.708,0.01,0.95,10,10000,0.938,0.139,1468,677,0.0359426,0,0.461172
767,10000,11.3847,10,13.3352,0.0502823,0.0398107,0.0630957,0.343214,0.3,0.4,1.2121,1,1.5,0.00388303,4838.51,127.888,174.455,0.01,0.95,10,10000,0.938,0.139,4108,1919,0.0213485,0,0.467137
768,10000,11.3307,10,13.3352,0.0492336,0.0398107,0.0630957,0.438586,0.4,0.5,0.0642113,0,0.1,0.000776605,1548.84,190.244,55.8442,0.01,0.95,10,10000,0.938,0.139,263,95,0.0959495,0,0.361217
769,10000,11.2525,10,13.3352,0.0503707,0.0398107,0.0630957,0.444212,0.4,0.5,0.154123,0.1,0.2,0.000776605,4452.18,295.787,160.526,0.01,0.95,10,10000,0.938,0.139,756,314,0.0527764,0,0.415344
770,10000,11.3158,10,13.3352,0.0503557,0.0398107,0.0630957,0.440165,0.4,0.5,0.253022,0.2,0.3,0.000776605,7008.06,380.478,252.679,0.01,0.95,10,10000,0.938,0.139,1190,475,0.0429099,0,0.39916
771,10000,11.4257,10,13.3352,0.0506867,0.0398107,0.0630957,0.441493,0.4,0.5,0.351954,0.3,0.4,0.000776605,8680.57,410.571,312.982,0.01,0.95,10,10000,0.938,0.139,1474,618,0.0376193,0,0.419267
772,10000,11.3136,10,13.3352,0.0504213,0.0398107,0.0630957,0.443097,0.4,0.5,0.451269,0.4,0.5,0.000776605,9069.25,430.514,326.997,0.01,0.95,10,10000,0.938,0.139,1540,620,0.0375585,0,0.402597
773,10000,11.363,10,13.3352,0.0502635,0.0398107,0.0630957,0.44322,0.4,0.5,0.552494,0.5,0.6,0.000776605,8521.57,420.732,307.249,0.01,0.95,10,10000,0.938,0.139,1447,575,0.0390005,0,0.397374
774,10000,11.256,10,13.3352,0.0500978,0.0398107,0.0630957,0.442195,0.4,0.5,0.647006,0.6,0.7,0.000776605,7473.3,384.174,269.454,0.01,0.95,10,10000,0.938,0.139,1269,525,0.0408155,0,0.413712
775,10000,11.4031,10,13.3352,0.050536,0.0398107,0.0630957,0.443095,0.4,0.5,0.749086,0.7,0.8,0.000776605,6801.94,355.67,245.247,0.01,0.95,10,10000,0.938,0.139,1155,501,0.0417816,0,0.433766
776,10000,11.3469,10,13.3352,0.0501146,0.0398107,0.0630957,0.44279,0.4,0.5,0.847465,0.8,0.9,0.000776605,5482.78,328.073,197.684,0.01,0.95,10,10000,0.938,0.139,931,387,0.0475389,0,0.415682
777,10000,11.342,10,13.3352,0.0506385,0.0398107,0.0630957,0.444875,0.4,0.5,0.9488,0.9,1,0.000776605,4357.95,279.681,157.128,0.01,0.95,10,10000,0.938,0.139,740,330,0.0514811,0,0.445946
778,10000,11.4024,10,13.3352,0.050176,0.0398107,0.0630957,0.442843,0.4,0.5,1.20807,1,1.5,0.00388303,2471.08,99.5877,89.096,0.01,0.95,10,10000,0.938,0.139,2098,857,0.0319458,0,0.408484
779,10000,11.2101,10,13.3352,0.0502352,0.0398107,0.0630957,0.539289,0.5,0.6,0.0669297,0,0.1,0.000776605,694.917,116.874,25.0556,0.01,0.95,10,10000,0.938,0.139,118,49,0.1336,0,0.415254
780,10000,11.2351,10,13.3352,0.0504903,0.0398107,0.0630957,0.544593,0.5,0.6,0.149493,0.1,0.2,0.000776605,2067.08,215.423,74.5297,0.01,0.95,10,10000,0.938,0.139,351,131,0.0817088,0,0.373219
781,10000,11.417,10,13.3352,0.0501022,0.0398107,0.0630957,0.546461,0.5,0.6,0.255784,0.2,0.3,0.000776605,3133.02,253.171,112.962,0.01,0.95,10,10000,0.938,0.139,532,214,0.0639289,0,0.402256
782,10000,11.3889,10,13.3352,0.0512887,0.0398107,0.0630957,0.544571,0.5,0.6,0.348867,0.3,0.4,0.000776605,3904.49,283.09,140.778,0.01,0.95,10,10000,0.938,0.139,663,266,0.0573408,0,0.401207
783,10000,11.3041,10,13.3352,0.0503681,0.0398107,0.0630957,0.544603,0.5,0.6,0.453845,0.4,0.5,0.000776605,4216.61,296.294,152.032,0.01,0.95,10,10000,0.938,0.139,716,284,0.0554939,0,0.396648
784,10000,11.3586,10,13.3352,0.0499559,0.0398107,0.0630957,0.542624,0.5,0.6,0.546417,0.5,0.6,0.000776605,4128.28,328.312,148.847,0.01,0.95,10,10000,0.938,0.139,701,231,0.0615316,0,0.329529
785,10000,11.4856,10,13.3352,0.0502835,0.0398107,0.0630957,0.542424,0.5,0.6,0.648017,0.6,0.7,0.000776605,3804.38,292.324,137.169,0.01,0.95,10,10000,0.938,0.139,646,241,0.0602415,0,0.373065
786,10000,11.4229,10,13.3352,0.0500196,0.0398107,0.0630957,0.547203,0.5,0.6,0.749779,0.7,0.8,0.000776605,2974.01,254.644,107.229,0.01,0.95,10,10000,0.938,0.139,505,193,0.0673172,0,0.382178
787,10000,11.4101,10,13.3352,0.0498461,0.0398107,0.0630957,0.54318,0.5,0.6,0.847942,0.8,0.9,0.000776605,2897.45,244.17,104.469,0.01,0.95,10,10000,0.938,0.139,492,197,0.0666302,0,0.400407
788,10000,11.4419,10,13.3352,0.0507844,0.0398107,0.0630957,0.541407,0.5,0.6,0.945715,0.9,1,0.000776605,2167.2,217.991,78.1395,0.01,0.95,10,10000,0.938,0.139,368,140,0.0790388,0,0.380435
789,10000,11.4604,10,13.3352,0.0502217,0.0398107,0.0630957,0.545147,0.5,0.6,1.20632,1,1.5,0.00388303,1365.1,77.3642,49.2194,0.01,0.95,10,10000,0.938,0.139,1159,441,0.0445333,0,0.3805
790,10000,11.3558,10,13.3352,0.0489589,0.0398107,0.0630957,0.643997,0.6,0.7,0.0673754,0,0.1,0.000776605,359.237,114.886,12.9525,0.01,0.95,10,10000,0.938,0.139,61,15,0.241468,0,0.245902
791,10000,11.3634,10,13.3352,0.049597,0.0398107,0.0630957,0.642038,0.6,0.7,0.160334,0.1,0.2,0.000776605,995.262,166.029,35.8847,0.01,0.95,10,10000,0.938,0.139,169,53,0.12846,0,0.313609
792,10000,11.2462,10,13.3352,0.0493802,0.0398107,0.0630957,0.641792,0.6,0.7,0.24946,0.2,0.3,0.000776605,1425.17,201.669,51.3852,0.01,0.95,10,10000,0.938,0.139,242,74,0.108715,0,0.305785
793,10000,11.4274,10,13.3352,0.0497774,0.0398107,0.0630957,0.645123,0.6,0.7,0.35309,0.3,0.4,0.000776605,1825.63,207.651,65.824,0.01,0.95,10,10000,0.938,0.139,310,111,0.0887652,0,0.358065
794,10000,11.3915,10,13.3352,0.0509507,0.0398107,0.0630957,0.641668,0.6,0.7,0.451663,0.4,0.5,0.000776605,1884.52,198.01,67.9473,0.01,0.95,10,10000,0.938,0.139,320,127,0.0829856,0,0.396875
795,10000,11.3379,10,13.3352,0.0501694,0.0398107,0.0630957,0.642853,0.6,0.7,0.551097,0.5,0.6,0.000776605,2084.75,246.946,75.1668,0.01,0.95,10,10000,0.938,0.139,354,106,0.0908346,0,0.299435
796,10000,11.4729,10,13.3352,0.049976,0.0398107,0.0630957,0.639961,0.6,0.7,0.651806,0.6,0.7,0.000776605,1931.63,221.019,69.646,0.01,0.95,10,10000,0.938,0.139,328,111,0.0887652,0,0.338415
797,10000,11.3095,10,13.3352,0.0499481,0.0398107,0.0630957,0.64115,0.6,0.7,0.75558,0.7,0.8,0.000776605,1307.39,194.655,47.1385,0.01,0.95,10,10000,0.938,0.139,222,67,0.114253,0,0.301802
798,10000,11.4058,10,13.3352,0.0500296,0.0398107,0.0630957,0.650343,0.6,0.7,0.849615,0.8,0.9,0.000776605,1472.28,202.551,53.0839,0.01,0.95,10,10000,0.938,0.139,250,78,0.105891,0,0.312
799,10000,11.1427,10,13.3352,0.0492983,0.0398107,0.0630957,0.646778,0.6,0.7,0.950377,0.9,1,0.000776605,1148.38,200.552,41.4054,0.01,0.95,10,10000,0.938,0.139,195,50,0.132257,0,0.25641
800,10000,11.4427,10,13.3352,0.0482919,0.0398107,0.0630957,0.645595,0.6,0.7,1.21775,1,1.5,0.00388303,686.672,61.2447,24.7583,0.01,0.95,10,10000,0.938,0.139,583,185,0.0687573,0,0.317324
801,10000,10.6989,10,13.3352,0.0476353,0.0398107,0.0630957,0.747583,0.7,0.8,0.0634542,0,0.1,0.000776605,117.783,73.891,4.24671,0.01,0.95,10,10000,0.938,0.139,20,4,0.4676,0,0.2
802,10000,11.5665,10,13.3352,0.0510205,0.0398107,0.0630957,0.732728,0.7,0.8,0.155932,0.1,0.2,0.000776605,388.682,141.49,14.0141,0.01,0.95,10,10000,0.938,0.139,66,12,0.269969,0,0.181818
803,10000,11.3951,10,13.3352,0.047686,0.0398107,0.0630957,0.735138,0.7,0.8,0.253256,0.2,0.3,0.000776605,830.367,170.955,29.9393,0.01,0.95,10,10000,0.938,0.139,141,36,0.155867,0,0.255319
804,10000,11.5757,10,13.3352,0.0504893,0.0398107,0.0630957,0.740819,0.7,0.8,0.359594,0.3,0.4,0.000776605,665.471,124.362,23.9939,0.01,0.95,10,10000,0.938,0.139,113,41,0.146054,0,0.362832
805,10000,11.6464,10,13.3352,0.0490516,0.0398107,0.0630957,0.743673,0.7,0.8,0.446451,0.4,0.5,0.000776605,1030.6,184.989,37.1587,0.01,0.95,10,10000,0.938,0.139,175,47,0.136413,0,0.268571
806,10000,11.1957,10,13.3352,0.0464787,0.0398107,0.0630957,0.743589,0.7,0.8,0.54406,0.5,0.6,0.000776605,800.921,175.896,28.8776,0.01,0.95,10,10000,0.938,0.139,136,32,0.165322,0,0.235294
807,10000,11.4249,10,13.3352,0.0484315,0.0398107,0.0630957,0.742695,0.7,0.8,0.651456,0.6,0.7,0.000776605,853.923,154.745,30.7886,0.01,0.95,10,10000,0.938,0.139,145,45,0.139411,0,0.310345
808,10000,11.3974,10,13.3352,0.0491866,0.0398107,0.0630957,0.742102,0.7,0.8,0.740118,0.7,0.8,0.000776605,783.254,163.175,28.2406,0.01,0.95,10,10000,0.938,0.139,133,35,0.158078,0,0.263158
809,10000,11.5532,10,13.3352,0.0486517,0.0398107,0.0630957,0.732666,0.7,0.8,0.850398,0.8,0.9,0.000776605,606.58,127.979,21.8706,0.01,0.95,10,10000,0.938,0.139,103,33,0.162797,0,0.320388
810,10000,11.2009,10,13.3352,0.0503938,0.0398107,0.0630957,0.725256,0.7,0.8,0.955341,0.9,1,0.000776605,553.578,130.392,19.9595,0.01,0.95,10,10000,0.938,0.139,94,27,0.179979,0,0.287234
811,10000,11.2759,10,13.3352,0.0496732,0.0398107,0.0630957,0.745039,0.7,0.8,1.19397,1,1.5,0.00388303,328.613,48.579,11.8483,0.01,0.95,10,10000,0.938,0.139,279,70,0.111778,0,0.250896
812,10000,11.3,10,13.3352,0.0455131,0.0398107,0.0630957,0.84277,0.8,0.9,0.0616645,0,0.1,0.000776605,82.4478,50.4772,2.9727,0.01,0.95,10,10000,0.938,0.139,14,4,0.4676,0,0.285714
813,10000,10.5669,10,13.3352,0.0439189,0.0398107,0.0630957,0.855149,0.8,0.9,0.16164,0.1,0.2,0.000776605,217.898,103.644,7.85641,0.01,0.95,10,10000,0.938,0.139,37,7,0.353472,0,0.189189
814,10000,11.1802,10,13.3352,0.0455101,0.0398107,0.0630957,0.841472,0.8,0.9,0.241164,0.2,0.3,0.000776605,353.348,171.404,12.7401,0.01,0.95,10,10000,0.938,0.139,60,7,0.353472,0,0.116667
815,10000,11.258,10,13.3352,0.0454702,0.0398107,0.0630957,0.8457,0.8,0.9,0.345898,0.3,0.4,0.000776605,371.015,195.497,13.3771,0.01,0.95,10,10000,0.938,0.139,63,6,0.381794,0,0.0952381
816,10000,11.2065,10,13.3352,0.0458012,0.0398107,0.0630957,0.837137,0.8,0.9,0.455808,0.4,0.5,0.000776605,500.576,139.058,18.0485,0.01,0.95,10,10000,0.938,0.139,85,20,0.209117,0,0.235294
817,10000,10.9898,10,13.3352,0.0446828,0.0398107,0.0630957,0.842974,0.8,0.9,0.545107,0.5,0.6,0.000776605,553.578,214.195,19.9595,0.01,0.95,10,10000,0.938,0.139,94,11,0.281973,0,0.117021
818,10000,11.6726,10,13.3352,0.0455171,0.0398107,0.0630957,0.838071,0.8,0.9,0.645478,0.6,0.7,0.000776605,424.017,154.995,15.2882,0.01,0.95,10,10000,0.938,0.139,72,12,0.269969,0,0.166667
819,10000,11.257,10,13.3352,0.0472957,0.0398107,0.0630957,0.837418,0.8,0.9,0.750856,0.7,0.8,0.000776605,329.791,113.735,11.8908,0.01,0.95,10,10000,0.938,0.139,56,13,0.259378,0,0.232143
820,10000,11.564,10,13.3352,0.0469751,0.0398107,0.0630957,0.829774,0.8,0.9,0.849379,0.8,0.9,0.000776605,323.902,95.5331,11.6785,0.01,0.95,10,10000,0.938,0.139,55,17,0.226819,0,0.309091
821,10000,11.2048,10,13.3352,0.0471469,0.0398107,0.0630957,0.826525,0.8,0.9,0.943585,0.9,1,0.000776605,223.787,78.4055,8.06875,0.01,0.95,10,10000,0.938,0.139,38,12,0.269969,0,0.315789
822,10000,11.4371,10,13.3352,0.0481748,0.0398107,0.0630957,0.831669,0.8,0.9,1.23722,1,1.5,0.00388303,128.383,43.8985,4.62891,0.01,0.95,10,10000,0.938,0.139,109,14,0.249943,0,0.12844
823,10000,10.4949,10,13.3352,0.0410737,0.0398107,0.0630957,0.976311,0.9,1,0.0605712,0,0.1,0.000776605,23.5565,29.143,0.849342,0.01,0.95,10,10000,0.938,0.139,4,1,0.9352,0,0.25
824,10000,12.9992,10,13.3352,0.042598,0.0398107,0.0630957,0.917951,0.9,1,0.18575,0.1,0.2,0.000776605,123.672,161.606,4.45904,0.01,0.95,10,10000,0.938,0.139,21,1,0.9352,0,0.047619
825,10000,10.13,10,13.3352,0.0423334,0.0398107,0.0630957,0.906833,0.9,1,0.285133,0.2,0.3,0.000776605,88.3369,79.8114,3.18503,0.01,0.95,10,10000,0.938,0.139,15,2,0.661286,0,0.133333
826,10000,11.2565,10,13.3352,0.0429718,0.0398107,0.0630957,0.951954,0.9,1,0.360603,0.3,0.4,0.000776605,123.672,90.999,4.45904,0.01,0.95,10,10000,0.938,0.139,21,3,0.539938,0,0.142857
827,10000,11.0309,10,13.3352,0.0454065,0.0398107,0.0630957,0.923416,0.9,1,0.431216,0.4,0.5,0.000776605,206.119,189.989,7.43174,0.01,0.95,10,10000,0.938,0.139,35,2,0.661286,0,0.0571429
828,10000,10.4429,10,13.3352,0.0399528,0.0398107,0.0630957,0.96851,0.9,1,0.570654,0.5,0.6,0.000776605,176.674,231.708,6.37006,0.01,0.95,10,10000,0.938,0.139,30,1,0.9352,0,0.0333333
829,10000,10.8498,10,13.3352,0.0419025,0.0398107,0.0630957,0.937904,0.9,1,0.652023,0.6,0.7,0.000776605,159.006,101.179,5.73306,0.01,0.95,10,10000,0.938,0.139,27,4,0.4676,0,0.148148
830,10000,12.2193,10,13.3352,0.0494117,0.0398107,0.0630957,0.942708,0.9,1,0.771708,0.7,0.8,0.000776605,141.339,129.397,5.09605,0.01,0.95,10,10000,0.938,0.139,24,2,0.661286,0,0.0833333
831,10000,10.2813,10,13.3352,0.0408575,0.0398107,0.0630957,0.9343,0.9,1,0.838014,0.8,0.9,0.000776605,76.5586,68.7888,2.76036,0.01,0.95,10,10000,0.938,0.139,13,2,0.661286,0,0.153846
832,10000,11.3237,10,13.3352,0.0555999,0.0398107,0.0630957,0.907324,0.9,1,0.952776,0.9,1,0.000776605,64.7804,83.7069,2.33569,0.01,0.95,10,10000,0.938,0.139,11,1,0.9352,0,0.0909091
833,10000,11.8609,10,13.3352,0.0452174,0.0398107,0.0630957,0.902414,0.9,1,1.34926,1,1.5,0.00388303,31.8013,29.1846,1.14661,0.01,0.95,10,10000,0.938,0.139,27,2,0.661286,0,0.0740741
834,10000,11.3779,10,13.3352,0.0797018,0.0630957,0.1,0.0689274,0.05,0.1,0.0648239,0,0.1,0.000615419,98854.6,1088.35,3564.25,0.01,0.95,10,10000,0.938,0.139,13302,9356,0.0096685,0,0.703353
835,10000,11.3902,10,13.3352,0.0800174,0.0630957,0.1,0.0703033,0.05,0.1,0.153883,0.1,0.2,0.000615419,248236,1779.11,8950.29,0.01,0.95,10,10000,0.938,0.139,33403,22556,0.00622692,0,0.675269
836,10000,11.3986,10,13.3352,0.0800292,0.0630957,0.1,0.0710986,0.05,0.1,0.250136,0.2,0.3,0.000615419,304404,1987.01,10975.5,0.01,0.95,10,10000,0.938,0.139,40961,27348,0.00565512,0,0.667659
837,10000,11.4057,10,13.3352,0.0800059,0.0630957,0.1,0.0717796,0.05,0.1,0.348606,0.3,0.4,0.000615419,281560,1930.76,10151.8,0.01,0.95,10,10000,0.938,0.139,37887,24950,0.00592065,0,0.658537
838,10000,11.3849,10,13.3352,0.0803361,0.0630957,0.1,0.0723627,0.05,0.1,0.447807,0.4,0.5,0.000615419,223675,1725.34,8064.72,0.01,0.95,10,10000,0.938,0.139,30098,19752,0.00665425,0,0.656256
839,10000,11.3791,10,13.3352,0.0805063,0.0630957,0.1,0.0725288,0.05,0.1,0.547528,0.5,0.6,0.000615419,171580,1523.27,6186.4,0.01,0.95,10,10000,0.938,0.139,23088,14989,0.00763868,0,0.649212
840,10000,11.4017,10,13.3352,0.08044,0.0630957,0.1,0.072321,0.05,0.1,0.647443,0.6,0.7,0.000615419,125816,1297.6,4536.37,0.01,0.95,10,10000,0.938,0.139,16930,11069,0.00888895,0,0.65381
841,10000,11.4064,10,13.3352,0.0804052,0.0630957,0.1,0.0722414,0.05,0.1,0.747635,0.7,0.8,0.000615419,93615.4,1092.2,3375.35,0.01,0.95,10,10000,0.938,0.139,12597,8510,0.0101377,0,0.675558
842,10000,11.3805,10,13.3352,0.0802957,0.0630957,0.1,0.071451,0.05,0.1,0.847643,0.8,0.9,0.000615419,67523.2,918.1,2434.58,0.01,0.95,10,10000,0.938,0.139,9086,6222,0.011856,0,0.68479
843,10000,11.4114,10,13.3352,0.0802492,0.0630957,0.1,0.0713751,0.05,0.1,0.946895,0.9,1,0.000615419,50073.9,768.107,1805.44,0.01,0.95,10,10000,0.938,0.139,6738,4791,0.0135111,0,0.711042
844,10000,11.4384,10,13.3352,0.0799784,0.0630957,0.1,0.0727414,0.05,0.1,1.1978,1,1.5,0.0030771,22893.7,220.571,825.443,0.01,0.95,10,10000,0.938,0.139,15403,11692,0.00864888,0,0.759073
845,10000,11.3539,10,13.3352,0.0795756,0.0630957,0.1,0.120797,0.1,0.15,0.0665288,0,0.1,0.000615419,33523.8,729.477,1208.72,0.01,0.95,10,10000,0.938,0.139,4511,2621,0.0182672,0,0.581024
846,10000,11.3756,10,13.3352,0.0794974,0.0630957,0.1,0.120834,0.1,0.15,0.154875,0.1,0.2,0.000615419,95265.2,1228.68,3434.84,0.01,0.95,10,10000,0.938,0.139,12819,7457,0.0108298,0,0.581715
847,10000,11.3536,10,13.3352,0.0798368,0.0630957,0.1,0.121112,0.1,0.15,0.25163,0.2,0.3,0.000615419,129220,1408.56,4659.09,0.01,0.95,10,10000,0.938,0.139,17388,10343,0.00919562,0,0.594836
848,10000,11.3464,10,13.3352,0.0802023,0.0630957,0.1,0.121462,0.1,0.15,0.349061,0.3,0.4,0.000615419,131353,1392.16,4735.99,0.01,0.95,10,10000,0.938,0.139,17675,10810,0.0089948,0,0.611598
849,10000,11.3643,10,13.3352,0.0801914,0.0630957,0.1,0.121961,0.1,0.15,0.448878,0.4,0.5,0.000615419,113250,1271.23,4083.27,0.01,0.95,10,10000,0.938,0.139,15239,9538,0.00957582,0,0.625894
850,10000,11.3612,10,13.3352,0.0804599,0.0630957,0.1,0.122097,0.1,0.15,0.548271,0.5,0.6,0.000615419,89186.2,1110.58,3215.65,0.01,0.95,10,10000,0.938,0.139,12001,7674,0.0106756,0,0.639447
851,10000,11.3564,10,13.3352,0.0806288,0.0630957,0.1,0.122356,0.1,0.15,0.64805,0.6,0.7,0.000615419,68310.9,947.314,2462.99,0.01,0.95,10,10000,0.938,0.139,9192,6085,0.0119888,0,0.661989
852,10000,11.3579,10,13.3352,0.0809234,0.0630957,0.1,0.122763,0.1,0.15,0.747766,0.7,0.8,0.000615419,50646.1,807.837,1826.07,0.01,0.95,10,10000,0.938,0.139,6815,4570,0.013834,0,0.67058
853,10000,11.376,10,13.3352,0.0804931,0.0630957,0.1,0.12285,0.1,0.15,0.846433,0.8,0.9,0.000615419,38228,699.321,1378.33,0.01,0.95,10,10000,0.938,0.139,5144,3466,0.0158851,0,0.673795
854,10000,11.4166,10,13.3352,0.0805903,0.0630957,0.1,0.122916,0.1,0.15,0.94741,0.9,1,0.000615419,27935.2,611.371,1007.22,0.01,0.95,10,10000,0.938,0.139,3759,2458,0.0188631,0,0.653897
855,10000,11.4103,10,13.3352,0.0804168,0.0630957,0.1,0.123069,0.1,0.15,1.20967,1,1.5,0.0030771,15167.8,200.152,546.883,0.01,0.95,10,10000,0.938,0.139,10205,6732,0.0113981,0,0.659677
856,10000,11.3545,10,13.3352,0.080448,0.0630957,0.1,0.17213,0.15,0.2,0.0651056,0,0.1,0.000615419,16379.2,578.432,590.559,0.01,0.95,10,10000,0.938,0.139,2204,1064,0.0286704,0,0.482759
857,10000,11.3419,10,13.3352,0.0802904,0.0630957,0.1,0.171289,0.15,0.2,0.155119,0.1,0.2,0.000615419,45458.9,971.239,1639.04,0.01,0.95,10,10000,0.938,0.139,6117,2918,0.0173126,0,0.477031
858,10000,11.3381,10,13.3352,0.0802193,0.0630957,0.1,0.172033,0.15,0.2,0.251832,0.2,0.3,0.000615419,65316,1136.55,2355,0.01,0.95,10,10000,0.938,0.139,8789,4348,0.0141827,0,0.494709
859,10000,11.3402,10,13.3352,0.0801953,0.0630957,0.1,0.172047,0.15,0.2,0.349838,0.3,0.4,0.000615419,71900.4,1149.59,2592.4,0.01,0.95,10,10000,0.938,0.139,9675,5055,0.0131536,0,0.522481
860,10000,11.3254,10,13.3352,0.080039,0.0630957,0.1,0.172292,0.15,0.2,0.449033,0.4,0.5,0.000615419,65888.2,1080.47,2375.63,0.01,0.95,10,10000,0.938,0.139,8866,4759,0.0135565,0,0.53677
861,10000,11.3355,10,13.3352,0.0803023,0.0630957,0.1,0.172481,0.15,0.2,0.547876,0.5,0.6,0.000615419,54740.9,985.318,1973.71,0.01,0.95,10,10000,0.938,0.139,7366,3951,0.0148782,0,0.536383
862,10000,11.3444,10,13.3352,0.0803707,0.0630957,0.1,0.172492,0.15,0.2,0.648707,0.6,0.7,0.000615419,41832.3,828.168,1508.28,0.01,0.95,10,10000,0.938,0.139,5629,3196,0.0165425,0,0.567774
863,10000,11.3191,10,13.3352,0.0803135,0.0630957,0.1,0.172916,0.15,0.2,0.748055,0.7,0.8,0.000615419,32134.1,709.289,1158.61,0.01,0.95,10,10000,0.938,0.139,4324,2537,0.0185671,0,0.586725
864,10000,11.3475,10,13.3352,0.0800709,0.0630957,0.1,0.172918,0.15,0.2,0.847468,0.8,0.9,0.000615419,24182.3,601.936,871.905,0.01,0.95,10,10000,0.938,0.139,3254,1969,0.0210757,0,0.605101
865,10000,11.3268,10,13.3352,0.0809055,0.0630957,0.1,0.172935,0.15,0.2,0.947415,0.9,1,0.000615419,18943.1,518.351,683.001,0.01,0.95,10,10000,0.938,0.139,2549,1602,0.0233654,0,0.628482
866,10000,11.3315,10,13.3352,0.080568,0.0630957,0.1,0.173148,0.15,0.2,1.20369,1,1.5,0.0030771,9714.54,162.018,350.263,0.01,0.95,10,10000,0.938,0.139,6536,4246,0.0143521,0,0.649633
867,10000,11.3944,10,13.3352,0.0796416,0.0630957,0.1,0.22247,0.2,0.25,0.0670103,0,0.1,0.000615419,8568.59,423.193,308.945,0.01,0.95,10,10000,0.938,0.139,1153,547,0.0399863,0,0.474415
868,10000,11.3618,10,13.3352,0.0799555,0.0630957,0.1,0.221736,0.2,0.25,0.155277,0.1,0.2,0.000615419,24843.7,758.928,895.753,0.01,0.95,10,10000,0.938,0.139,3343,1464,0.0244418,0,0.43793
869,10000,11.3283,10,13.3352,0.0804811,0.0630957,0.1,0.222867,0.2,0.25,0.250567,0.2,0.3,0.000615419,38740.7,917.392,1396.82,0.01,0.95,10,10000,0.938,0.139,5213,2401,0.0190857,0,0.460579
870,10000,11.3516,10,13.3352,0.0803912,0.0630957,0.1,0.22208,0.2,0.25,0.350054,0.3,0.4,0.000615419,41230.3,950.347,1486.58,0.01,0.95,10,10000,0.938,0.139,5548,2539,0.0185598,0,0.457642
871,10000,11.3308,10,13.3352,0.0805849,0.0630957,0.1,0.222398,0.2,0.25,0.449235,0.4,0.5,0.000615419,41178.3,918.501,1484.7,0.01,0.95,10,10000,0.938,0.139,5541,2669,0.0181021,0,0.481682
872,10000,11.3284,10,13.3352,0.0806683,0.0630957,0.1,0.222917,0.2,0.25,0.548626,0.5,0.6,0.000615419,34489.9,848.477,1243.55,0.01,0.95,10,10000,0.938,0.139,4641,2204,0.0199204,0,0.474898
873,10000,11.2965,10,13.3352,0.0807227,0.0630957,0.1,0.222985,0.2,0.25,0.647667,0.6,0.7,0.000615419,27912.9,759.594,1006.42,0.01,0.95,10,10000,0.938,0.139,3756,1797,0.0220613,0,0.478435
874,10000,11.3404,10,13.3352,0.0808521,0.0630957,0.1,0.223222,0.2,0.25,0.747248,0.7,0.8,0.000615419,21900.8,636.912,789.645,0.01,0.95,10,10000,0.938,0.139,2947,1531,0.023901,0,0.519511
875,10000,11.3065,10,13.3352,0.080491,0.0630957,0.1,0.222723,0.2,0.25,0.847636,0.8,0.9,0.000615419,16728.4,552.945,603.153,0.01,0.95,10,10000,0.938,0.139,2251,1181,0.0272132,0,0.524656
876,10000,11.3201,10,13.3352,0.0806024,0.0630957,0.1,0.222378,0.2,0.25,0.946527,0.9,1,0.000615419,12678.2,478.859,457.121,0.01,0.95,10,10000,0.938,0.139,1706,902,0.0311387,0,0.528722
877,10000,11.3111,10,13.3352,0.0810295,0.0630957,0.1,0.22321,0.2,0.25,1.21096,1,1.5,0.0030771,6431.27,142.852,231.883,0.01,0.95,10,10000,0.938,0.139,4327,2515,0.0186481,0,0.581234
878,10000,11.3594,10,13.3352,0.0802249,0.0630957,0.1,0.273036,0.25,0.3,0.0658598,0,0.1,0.000615419,5514.22,380.072,198.818,0.01,0.95,10,10000,0.938,0.139,742,295,0.0544494,0,0.397574
879,10000,11.3294,10,13.3352,0.0798325,0.0630957,0.1,0.273529,0.25,0.3,0.15378,0.1,0.2,0.000615419,15034.1,597.697,542.06,0.01,0.95,10,10000,0.938,0.139,2023,869,0.0317245,0,0.42956
880,10000,11.2868,10,13.3352,0.0798105,0.0630957,0.1,0.272555,0.25,0.3,0.251024,0.2,0.3,0.000615419,22458.2,728.065,809.741,0.01,0.95,10,10000,0.938,0.139,3022,1305,0.025888,0,0.431833
881,10000,11.3044,10,13.3352,0.0807041,0.0630957,0.1,0.272795,0.25,0.3,0.351356,0.3,0.4,0.000615419,26084.8,791.56,940.5,0.01,0.95,10,10000,0.938,0.139,3510,1495,0.0241871,0,0.425926
882,10000,11.2943,10,13.3352,0.0804166,0.0630957,0.1,0.273204,0.25,0.3,0.449425,0.4,0.5,0.000615419,25356.5,766.463,914.241,0.01,0.95,10,10000,0.938,0.139,3412,1495,0.0241871,0,0.438159
883,10000,11.3362,10,13.3352,0.0811898,0.0630957,0.1,0.272645,0.25,0.3,0.548545,0.5,0.6,0.000615419,22495.3,712.75,811.081,0.01,0.95,10,10000,0.938,0.139,3027,1353,0.0254247,0,0.446977
884,10000,11.3041,10,13.3352,0.0813172,0.0630957,0.1,0.273202,0.25,0.3,0.649296,0.6,0.7,0.000615419,18987.6,650.073,684.609,0.01,0.95,10,10000,0.938,0.139,2555,1155,0.0275178,0,0.452055
885,10000,11.3302,10,13.3352,0.0807341,0.0630957,0.1,0.273457,0.25,0.3,0.750145,0.7,0.8,0.000615419,15271.9,605.353,550.635,0.01,0.95,10,10000,0.938,0.139,2055,876,0.0315975,0,0.426277
886,10000,11.3341,10,13.3352,0.0802748,0.0630957,0.1,0.273114,0.25,0.3,0.847934,0.8,0.9,0.000615419,11065.6,484.245,398.976,0.01,0.95,10,10000,0.938,0.139,1489,699,0.0353725,0,0.469443
887,10000,11.3073,10,13.3352,0.0805909,0.0630957,0.1,0.272783,0.25,0.3,0.947162,0.9,1,0.000615419,8798.97,438.946,317.251,0.01,0.95,10,10000,0.938,0.139,1184,542,0.0401703,0,0.45777
888,10000,11.357,10,13.3352,0.0809157,0.0630957,0.1,0.273979,0.25,0.3,1.2056,1,1.5,0.0030771,4600.14,133.107,165.86,0.01,0.95,10,10000,0.938,0.139,3095,1562,0.0236627,0,0.504685
889,10000,11.2766,10,13.3352,0.0785759,0.0630957,0.1,0.339844,0.3,0.4,0.0655953,0,0.1,0.00123084,2690.23,196.65,96.9975,0.01,0.95,10,10000,0.938,0.139,724,267,0.0572333,0,0.368785
890,10000,11.3838,10,13.3352,0.0806413,0.0630957,0.1,0.343094,0.3,0.4,0.154929,0.1,0.2,0.00123084,7728.82,327.587,278.667,0.01,0.95,10,10000,0.938,0.139,2080,789,0.033294,0,0.379327
891,10000,11.3353,10,13.3352,0.0798401,0.0630957,0.1,0.341696,0.3,0.4,0.253987,0.2,0.3,0.00123084,11414.9,389.331,411.569,0.01,0.95,10,10000,0.938,0.139,3072,1208,0.0269074,0,0.393229
892,10000,11.3383,10,13.3352,0.0800414,0.0630957,0.1,0.343056,0.3,0.4,0.351706,0.3,0.4,0.00123084,14153.4,425.032,510.308,0.01,0.95,10,10000,0.938,0.139,3809,1546,0.0237848,0,0.405881
893,10000,11.3029,10,13.3352,0.0801453,0.0630957,0.1,0.342065,0.3,0.4,0.450622,0.4,0.5,0.00123084,14034.5,432.83,506.021,0.01,0.95,10,10000,0.938,0.139,3777,1479,0.0243176,0,0.391581
894,10000,11.3317,10,13.3352,0.0801713,0.0630957,0.1,0.34256,0.3,0.4,0.54806,0.5,0.6,0.00123084,12901.2,414.525,465.159,0.01,0.95,10,10000,0.938,0.139,3472,1362,0.0253405,0,0.392281
895,10000,11.3132,10,13.3352,0.0808783,0.0630957,0.1,0.343343,0.3,0.4,0.650685,0.6,0.7,0.00123084,10887.2,367.022,392.545,0.01,0.95,10,10000,0.938,0.139,2930,1219,0.0267857,0,0.416041
896,10000,11.3262,10,13.3352,0.0808295,0.0630957,0.1,0.342145,0.3,0.4,0.748683,0.7,0.8,0.00123084,9259.73,340.299,333.864,0.01,0.95,10,10000,0.938,0.139,2492,1028,0.0291681,0,0.41252
897,10000,11.2583,10,13.3352,0.0808037,0.0630957,0.1,0.342809,0.3,0.4,0.848926,0.8,0.9,0.00123084,7305.23,302.496,263.394,0.01,0.95,10,10000,0.938,0.139,1966,810,0.0328596,0,0.412004
898,10000,11.2928,10,13.3352,0.0809802,0.0630957,0.1,0.341263,0.3,0.4,0.945463,0.9,1,0.00123084,5577.39,268.257,201.096,0.01,0.95,10,10000,0.938,0.139,1501,604,0.0380527,0,0.402398
899,10000,11.319,10,13.3352,0.0808993,0.0630957,0.1,0.34246,0.3,0.4,1.21139,1,1.5,0.00615419,2934.72,84.0231,105.813,0.01,0.95,10,10000,0.938,0.139,3949,1680,0.0228165,0,0.425424
900,10000,11.2859,10,13.3352,0.0800217,0.0630957,0.1,0.439569,0.4,0.5,0.0662335,0,0.1,0.00123084,1111.02,134.093,40.0583,0.01,0.95,10,10000,0.938,0.139,299,100,0.09352,0,0.334448
901,10000,11.3312,10,13.3352,0.0788908,0.0630957,0.1,0.439743,0.4,0.5,0.155233,0.1,0.2,0.00123084,3526.28,252.59,127.142,0.01,0.95,10,10000,0.938,0.139,949,289,0.0550118,0,0.304531
902,10000,11.2705,10,13.3352,0.0796709,0.0630957,0.1,0.442469,0.4,0.5,0.252525,0.2,0.3,0.00123084,5250.4,297.019,189.306,0.01,0.95,10,10000,0.938,0.139,1413,458,0.043699,0,0.324133
903,10000,11.3275,10,13.3352,0.0796422,0.0630957,0.1,0.441849,0.4,0.5,0.352352,0.3,0.4,0.00123084,5941.53,308.29,214.225,0.01,0.95,10,10000,0.938,0.139,1599,540,0.0402446,0,0.337711
904,10000,11.2965,10,13.3352,0.0795222,0.0630957,0.1,0.440868,0.4,0.5,0.452504,0.4,0.5,0.00123084,6443.16,329.748,232.312,0.01,0.95,10,10000,0.938,0.139,1734,560,0.0395194,0,0.322953
905,10000,11.3338,10,13.3352,0.0800181,0.0630957,0.1,0.439468,0.4,0.5,0.549586,0.5,0.6,0.00123084,6123.61,340.857,220.79,0.01,0.95,10,10000,0.938,0.139,1648,482,0.0425972,0,0.292476
906,10000,11.2291,10,13.3352,0.0804837,0.0630957,0.1,0.442239,0.4,0.5,0.648719,0.6,0.7,0.00123084,5387.88,300.498,194.263,0.01,0.95,10,10000,0.938,0.139,1450,471,0.0430917,0,0.324828
907,10000,11.3306,10,13.3352,0.0801837,0.0630957,0.1,0.440671,0.4,0.5,0.749394,0.7,0.8,0.00123084,4470.08,274.451,161.171,0.01,0.95,10,10000,0.938,0.139,1203,389,0.0474165,0,0.323358
908,10000,11.3497,10,13.3352,0.0800857,0.0630957,0.1,0.441708,0.4,0.5,0.848275,0.8,0.9,0.00123084,3693.49,259.371,133.171,0.01,0.95,10,10000,0.938,0.139,994,301,0.053904,0,0.302817
909,10000,11.3362,10,13.3352,0.0809636,0.0630957,0.1,0.442792,0.4,0.5,0.947334,0.9,1,0.00123084,3095.25,229.578,111.601,0.01,0.95,10,10000,0.938,0.139,833,267,0.0572333,0,0.320528
910,10000,11.2777,10,13.3352,0.0804082,0.0630957,0.1,0.443501,0.4,0.5,1.19916,1,1.5,0.00615419,1597.04,73.4202,57.5822,0.01,0.95,10,10000,0.938,0.139,2149,694,0.0354997,0,0.322941
911,10000,11.2008,10,13.3352,0.0752529,0.0630957,0.1,0.547289,0.5,0.6,0.0600617,0,0.1,0.00123084,538.788,114.82,19.4263,0.01,0.95,10,10000,0.938,0.139,145,34,0.160385,0,0.234483
912,10000,11.3379,10,13.3352,0.074111,0.0630957,0.1,0.538936,0.5,0.6,0.154944,0.1,0.2,0.00123084,1482.6,218.75,53.4558,0.01,0.95,10,10000,0.938,0.139,399,73,0.109457,0,0.182957
913,10000,11.091,10,13.3352,0.0738571,0.0630957,0.1,0.53881,0.5,0.6,0.252387,0.2,0.3,0.00123084,2337.23,251.364,84.2699,0.01,0.95,10,10000,0.938,0.139,629,135,0.0804892,0,0.214626
914,10000,11.3114,10,13.3352,0.0746465,0.0630957,0.1,0.537733,0.5,0.6,0.352083,0.3,0.4,0.00123084,2850,297.865,102.758,0.01,0.95,10,10000,0.938,0.139,767,145,0.0776641,0,0.189048
915,10000,11.1623,10,13.3352,0.0766106,0.0630957,0.1,0.538358,0.5,0.6,0.45173,0.4,0.5,0.00123084,3002.35,302.186,108.251,0.01,0.95,10,10000,0.938,0.139,808,156,0.0748759,0,0.193069
916,10000,11.1965,10,13.3352,0.0780974,0.0630957,0.1,0.531593,0.5,0.6,0.550294,0.5,0.6,0.00123084,2976.34,294.232,107.313,0.01,0.95,10,10000,0.938,0.139,801,161,0.0737041,0,0.200999
917,10000,11.1628,10,13.3352,0.0793482,0.0630957,0.1,0.540244,0.5,0.6,0.65222,0.6,0.7,0.00123084,2630.77,270.645,94.8539,0.01,0.95,10,10000,0.938,0.139,708,148,0.076873,0,0.20904
918,10000,11.3438,10,13.3352,0.0789305,0.0630957,0.1,0.541815,0.5,0.6,0.749726,0.7,0.8,0.00123084,2348.37,246.543,84.6718,0.01,0.95,10,10000,0.938,0.139,632,141,0.078758,0,0.223101
919,10000,11.3088,10,13.3352,0.0776729,0.0630957,0.1,0.534968,0.5,0.6,0.849554,0.8,0.9,0.00123084,1939.64,226.766,69.9346,0.01,0.95,10,10000,0.938,0.139,522,114,0.0875895,0,0.218391
920,10000,11.2301,10,13.3352,0.0794643,0.0630957,0.1,0.543531,0.5,0.6,0.943991,0.9,1,0.00123084,1512.32,202.656,54.5276,0.01,0.95,10,10000,0.938,0.139,407,87,0.100264,0,0.213759
921,10000,11.2891,10,13.3352,0.0806374,0.0630957,0.1,0.541682,0.5,0.6,1.22234,1,1.5,0.00615419,855.373,66.8053,30.8409,0.01,0.95,10,10000,0.938,0.139,1151,255,0.0585645,0,0.221546
922,10000,10.8338,10,13.3352,0.0837728,0.0630957,0.1,0.628639,0.6,0.7,0.0572312,0,0.1,0.00123084,230.378,149.869,8.30641,0.01,0.95,10,10000,0.938,0.139,62,4,0.4676,0,0.0645161
923,10000,10.9366,10,13.3352,0.0708736,0.0630957,0.1,0.62692,0.6,0.7,0.156814,0.1,0.2,0.00123084,665.125,274.265,23.9814,0.01,0.95,10,10000,0.938,0.139,179,10,0.295736,0,0.0558659
924,10000,11.3291,10,13.3352,0.0696889,0.0630957,0.1,0.628108,0.6,0.7,0.262244,0.2,0.3,0.00123084,1081.29,306.389,38.9865,0.01,0.95,10,10000,0.938,0.139,291,21,0.204077,0,0.0721649
925,10000,11.2614,10,13.3352,0.0751176,0.0630957,0.1,0.628937,0.6,0.7,0.347777,0.3,0.4,0.00123084,1315.39,322.205,47.4269,0.01,0.95,10,10000,0.938,0.139,354,28,0.176736,0,0.079096
926,10000,11.3604,10,13.3352,0.0714244,0.0630957,0.1,0.641561,0.6,0.7,0.453122,0.4,0.5,0.00123084,1493.74,360.18,53.8577,0.01,0.95,10,10000,0.938,0.139,402,29,0.173662,0,0.0721393
927,10000,11.0666,10,13.3352,0.0756166,0.0630957,0.1,0.632614,0.6,0.7,0.549635,0.5,0.6,0.00123084,1467.73,295.19,52.9199,0.01,0.95,10,10000,0.938,0.139,395,41,0.146054,0,0.103797
928,10000,10.8833,10,13.3352,0.0771267,0.0630957,0.1,0.634116,0.6,0.7,0.647263,0.6,0.7,0.00123084,1374.84,299.996,49.5705,0.01,0.95,10,10000,0.938,0.139,370,35,0.158078,0,0.0945946
929,10000,11.1557,10,13.3352,0.0749151,0.0630957,0.1,0.636735,0.6,0.7,0.754978,0.7,0.8,0.00123084,1062.71,269.307,38.3167,0.01,0.95,10,10000,0.938,0.139,286,26,0.183408,0,0.0909091
930,10000,11.082,10,13.3352,0.0797299,0.0630957,0.1,0.63714,0.6,0.7,0.857788,0.8,0.9,0.00123084,1066.43,221.099,38.4507,0.01,0.95,10,10000,0.938,0.139,287,38,0.151709,0,0.132404
931,10000,10.9585,10,13.3352,0.077477,0.0630957,0.1,0.645323,0.6,0.7,0.947826,0.9,1,0.00123084,813.756,189.647,29.3404,0.01,0.95,10,10000,0.938,0.139,219,30,0.170743,0,0.136986
932,10000,11.1626,10,13.3352,0.0816533,0.0630957,0.1,0.645719,0.6,0.7,1.2209,1,1.5,0.00615419,529.87,65.1568,19.1047,0.01,0.95,10,10000,0.938,0.139,713,107,0.0904092,0,0.15007
933,10000,12.5568,10,13.3352,0.0847659,0.0630957,0.1,0.743182,0.7,0.8,0.0963357,0,0.1,0.00123084,137.484,180.6,4.95705,0.01,0.95,10,10000,0.938,0.139,37,1,0.9352,0,0.027027
934,10000,10.2627,10,13.3352,0.0810892,0.0630957,0.1,0.76087,0.7,0.8,0.247074,0.2,0.3,0.00123084,512.778,389.417,18.4885,0.01,0.95,10,10000,0.938,0.139,138,3,0.539938,0,0.0217391
935,10000,10.743,10,13.3352,0.0900973,0.0630957,0.1,0.729816,0.7,0.8,0.333537,0.3,0.4,0.00123084,650.262,381.855,23.4455,0.01,0.95,10,10000,0.938,0.139,175,5,0.418234,0,0.0285714
936,10000,10.6001,10,13.3352,0.0727946,0.0630957,0.1,0.737404,0.7,0.8,0.441673,0.4,0.5,0.00123084,743.156,398.237,26.7949,0.01,0.95,10,10000,0.938,0.139,200,6,0.381794,0,0.03
937,10000,10.7605,10,13.3352,0.0832045,0.0630957,0.1,0.744081,0.7,0.8,0.534297,0.5,0.6,0.00123084,806.325,474.163,29.0724,0.01,0.95,10,10000,0.938,0.139,217,5,0.418234,0,0.0230415
938,10000,10.8729,10,13.3352,0.086526,0.0630957,0.1,0.736132,0.7,0.8,0.644922,0.6,0.7,0.00123084,728.293,360.798,26.259,0.01,0.95,10,10000,0.938,0.139,196,7,0.353472,0,0.0357143
939,10000,10.4674,10,13.3352,0.0883115,0.0630957,0.1,0.750706,0.7,0.8,0.743453,0.7,0.8,0.00123084,646.546,298.83,23.3115,0.01,0.95,10,10000,0.938,0.139,174,8,0.330643,0,0.045977
940,10000,10.3698,10,13.3352,0.0794719,0.0630957,0.1,0.739817,0.7,0.8,0.835605,0.8,0.9,0.00123084,438.462,256.576,15.809,0.01,0.95,10,10000,0.938,0.139,118,5,0.418234,0,0.0423729
941,10000,11.2356,10,13.3352,0.0728592,0.0630957,0.1,0.746059,0.7,0.8,0.97001,0.9,1,0.00123084,490.483,287.347,17.6846,0.01,0.95,10,10000,0.938,0.139,132,5,0.418234,0,0.0378788
942,10000,10.7959,10,13.3352,0.0798966,0.0630957,0.1,0.738132,0.7,0.8,1.1989,1,1.5,0.00615419,249.7,66.1967,9.00308,0.01,0.95,10,10000,0.938,0.139,336,24,0.190897,0,0.0714286
943,10000,10.0091,10,13.3352,0.0999525,0.0630957,0.1,0.868054,0.8,0.9,0.152727,0.1,0.2,0.00123084,141.2,185.514,5.09103,0.01,0.95,10,10000,0.938,0.139,38,1,0.9352,0,0.0263158
944,10000,10.9947,10,13.3352,0.0829174,0.0630957,0.1,0.836833,0.8,0.9,0.232605,0.2,0.3,0.00123084,234.094,152.326,8.44039,0.01,0.95,10,10000,0.938,0.139,63,4,0.4676,0,0.0634921
945,10000,10.1763,10,13.3352,0.0974404,0.0630957,0.1,0.804959,0.8,0.9,0.389757,0.3,0.4,0.00123084,304.694,401.749,10.9859,0.01,0.95,10,10000,0.938,0.139,82,1,0.9352,0,0.0121951
946,10000,10.3392,10,13.3352,0.098118,0.0630957,0.1,0.863943,0.8,0.9,0.457799,0.4,0.5,0.00123084,312.126,236.198,11.2538,0.01,0.95,10,10000,0.938,0.139,84,3,0.539938,0,0.0357143
947,10000,10.1075,10,13.3352,0.0988797,0.0630957,0.1,0.85985,0.8,0.9,0.572405,0.5,0.6,0.00123084,390.157,514.781,14.0673,0.01,0.95,10,10000,0.938,0.139,105,1,0.9352,0,0.00952381
948,10000,10.6247,10,13.3352,0.0836837,0.0630957,0.1,0.890297,0.8,0.9,0.634757,0.6,0.7,0.00123084,375.294,349.233,13.5314,0.01,0.95,10,10000,0.938,0.139,101,2,0.661286,0,0.019802
949,10000,10.7025,10,13.3352,0.0973737,0.0630957,0.1,0.817748,0.8,0.9,0.736326,0.7,0.8,0.00123084,271.252,251.931,9.78013,0.01,0.95,10,10000,0.938,0.139,73,2,0.661286,0,0.0273973
950,10000,11.7909,10,13.3352,0.0862727,0.0630957,0.1,0.865119,0.8,0.9,0.853447,0.8,0.9,0.00123084,260.105,241.506,9.37821,0.01,0.95,10,10000,0.938,0.139,70,2,0.661286,0,0.0285714
951,10000,10.3238,10,13.3352,0.0966961,0.0630957,0.1,0.841987,0.8,0.9,1.18461,1,1.5,0.00615419,101.812,59.6672,3.6709,0.01,0.95,10,10000,0.938,0.139,137,5,0.418234,0,0.0364964
952,10000,10.2349,10,13.3352,0.0969243,0.0630957,0.1,0.916335,0.9,1,0.440731,0.4,0.5,0.00123084,100.326,131.454,3.61731,0.01,0.95,10,10000,0.938,0.139,27,1,0.9352,0,0.037037
953,10000,10.4502,10,13.3352,0.0970069,0.0630957,0.1,0.92373,0.9,1,0.57032,0.5,0.6,0.00123084,96.6103,126.54,3.48333,0.01,0.95,10,10000,0.938,0.139,26,1,0.9352,0,0.0384615
954,10000,10.2755,10,13.3352,0.0966346,0.0630957,0.1,0.905201,0.9,1,0.740824,0.7,0.8,0.00123084,81.7472,74.6923,2.94744,0.01,0.95,10,10000,0.938,0.139,22,2,0.661286,0,0.0909091
955,10000,10.2028,10,13.3352,0.0900393,0.0630957,0.1,0.924222,0.9,1,0.934322,0.9,1,0.00123084,52.0209,67.5617,1.87564,0.01,0.95,10,10000,0.938,0.139,14,1,0.9352,0,0.0714286
956,10000,11.3659,10,13.3352,0.162645,0.1,0.251189,0.0700405,0.05,0.1,0.0657941,0,0.1,0.00252124,40566.4,308.625,1462.64,0.01,0.95,10,10000,0.938,0.139,22363,18035,0.0069638,0,0.806466
957,10000,11.3862,10,13.3352,0.163139,0.1,0.251189,0.0704492,0.05,0.1,0.154172,0.1,0.2,0.00252124,104748,489.952,3776.73,0.01,0.95,10,10000,0.938,0.139,57744,47244,0.0043026,0,0.818163
958,10000,11.3902,10,13.3352,0.163054,0.1,0.251189,0.0713128,0.05,0.1,0.249912,0.2,0.3,0.00252124,129984,541.508,4686.64,0.01,0.95,10,10000,0.938,0.139,71656,59173,0.00384452,0,0.825793
959,10000,11.4019,10,13.3352,0.162532,0.1,0.251189,0.0722479,0.05,0.1,0.348004,0.3,0.4,0.00252124,116366,517.748,4195.64,0.01,0.95,10,10000,0.938,0.139,64149,52324,0.00408841,0,0.815664
960,10000,11.4185,10,13.3352,0.161298,0.1,0.251189,0.0728455,0.05,0.1,0.447174,0.4,0.5,0.00252124,91066.3,467.658,3283.44,0.01,0.95,10,10000,0.938,0.139,50202,39942,0.00467939,0,0.795626
961,10000,11.4296,10,13.3352,0.160387,0.1,0.251189,0.0729893,0.05,0.1,0.547399,0.5,0.6,0.00252124,67453.5,409.038,2432.07,0.01,0.95,10,10000,0.938,0.139,37185,29012,0.00549055,0,0.780207
962,10000,11.4349,10,13.3352,0.159564,0.1,0.251189,0.0728221,0.05,0.1,0.647076,0.6,0.7,0.00252124,49121.3,358.394,1771.09,0.01,0.95,10,10000,0.938,0.139,27079,20451,0.00653954,0,0.755235
963,10000,11.456,10,13.3352,0.158838,0.1,0.251189,0.0727553,0.05,0.1,0.746831,0.7,0.8,0.00252124,35688.6,306.47,1286.77,0.01,0.95,10,10000,0.938,0.139,19674,14799,0.00768756,0,0.752211
964,10000,11.4644,10,13.3352,0.158361,0.1,0.251189,0.0726495,0.05,0.1,0.847832,0.8,0.9,0.00252124,24989.6,253.822,901.014,0.01,0.95,10,10000,0.938,0.139,13776,10496,0.00912835,0,0.761905
965,10000,11.4615,10,13.3352,0.156906,0.1,0.251189,0.0724065,0.05,0.1,0.947491,0.9,1,0.00252124,18100.1,214.677,652.608,0.01,0.95,10,10000,0.938,0.139,9978,7661,0.0106847,0,0.767789
966,10000,11.4904,10,13.3352,0.154249,0.1,0.251189,0.0734042,0.05,0.1,1.1934,1,1.5,0.0126062,7559.66,59.556,272.567,0.01,0.95,10,10000,0.938,0.139,20837,16813,0.00721243,0,0.806882
967,10000,11.3475,10,13.3352,0.166143,0.1,0.251189,0.121582,0.1,0.15,0.0660866,0,0.1,0.00252124,14827.6,187.302,534.618,0.01,0.95,10,10000,0.938,0.139,8174,6562,0.0115448,0,0.802789
968,10000,11.3427,10,13.3352,0.165473,0.1,0.251189,0.121821,0.1,0.15,0.154751,0.1,0.2,0.00252124,42010.4,312.216,1514.71,0.01,0.95,10,10000,0.938,0.139,23159,18809,0.00681901,0,0.812168
969,10000,11.3582,10,13.3352,0.165719,0.1,0.251189,0.122161,0.1,0.15,0.251135,0.2,0.3,0.00252124,58343.6,365.644,2103.61,0.01,0.95,10,10000,0.938,0.139,32163,26316,0.00576494,0,0.818207
970,10000,11.3672,10,13.3352,0.164539,0.1,0.251189,0.122275,0.1,0.15,0.349524,0.3,0.4,0.00252124,58309.2,361.491,2102.37,0.01,0.95,10,10000,0.938,0.139,32144,26647,0.00572902,0,0.828988
971,10000,11.3743,10,13.3352,0.163789,0.1,0.251189,0.122614,0.1,0.15,0.447872,0.4,0.5,0.00252124,48800.2,329.762,1759.52,0.01,0.95,10,10000,0.938,0.139,26902,22376,0.00625192,0,0.83176
972,10000,11.391,10,13.3352,0.163054,0.1,0.251189,0.122714,0.1,0.15,0.547811,0.5,0.6,0.00252124,37344.8,284.167,1346.49,0.01,0.95,10,10000,0.938,0.139,20587,17425,0.00708464,0,0.846408
973,10000,11.3932,10,13.3352,0.161756,0.1,0.251189,0.12284,0.1,0.15,0.647443,0.6,0.7,0.00252124,27790.5,247.394,1002,0.01,0.95,10,10000,0.938,0.139,15320,12830,0.00825641,0,0.837467
974,10000,11.4108,10,13.3352,0.160613,0.1,0.251189,0.123165,0.1,0.15,0.747402,0.7,0.8,0.00252124,20400.2,211.791,735.541,0.01,0.95,10,10000,0.938,0.139,11246,9427,0.00963203,0,0.838254
975,10000,11.453,10,13.3352,0.159412,0.1,0.251189,0.123173,0.1,0.15,0.847638,0.8,0.9,0.00252124,14885.7,181.863,536.711,0.01,0.95,10,10000,0.938,0.139,8206,6837,0.0113102,0,0.833171
976,10000,11.4666,10,13.3352,0.15834,0.1,0.251189,0.123193,0.1,0.15,0.947078,0.9,1,0.00252124,11052.7,162.249,398.51,0.01,0.95,10,10000,0.938,0.139,6093,4872,0.0133983,0,0.799606
977,10000,11.4564,10,13.3352,0.156572,0.1,0.251189,0.123614,0.1,0.15,1.19674,1,1.5,0.0126062,5601.26,55.1868,201.956,0.01,0.95,10,10000,0.938,0.139,15439,11379,0.00876703,0,0.73703
978,10000,11.3388,10,13.3352,0.167341,0.1,0.251189,0.172095,0.15,0.2,0.0660715,0,0.1,0.00252124,7651.45,133.827,275.877,0.01,0.95,10,10000,0.938,0.139,4218,3408,0.0160197,0,0.807966
979,10000,11.3194,10,13.3352,0.167324,0.1,0.251189,0.172652,0.15,0.2,0.154766,0.1,0.2,0.00252124,21310.9,220.893,768.374,0.01,0.95,10,10000,0.938,0.139,11748,9617,0.0095364,0,0.818607
980,10000,11.3456,10,13.3352,0.166523,0.1,0.251189,0.17243,0.15,0.2,0.2518,0.2,0.3,0.00252124,30859.7,267.912,1112.66,0.01,0.95,10,10000,0.938,0.139,17012,13797,0.00796182,0,0.811016
981,10000,11.3643,10,13.3352,0.166109,0.1,0.251189,0.172918,0.15,0.2,0.350162,0.3,0.4,0.00252124,33279.6,275.964,1199.91,0.01,0.95,10,10000,0.938,0.139,18346,15023,0.00763003,0,0.818871
982,10000,11.3458,10,13.3352,0.165028,0.1,0.251189,0.172966,0.15,0.2,0.448983,0.4,0.5,0.00252124,29560.9,258.615,1065.83,0.01,0.95,10,10000,0.938,0.139,16296,13434,0.00806867,0,0.824374
983,10000,11.3664,10,13.3352,0.165035,0.1,0.251189,0.173142,0.15,0.2,0.547848,0.5,0.6,0.00252124,23674.5,231.711,853.596,0.01,0.95,10,10000,0.938,0.139,13051,10744,0.00902239,0,0.823232
984,10000,11.3821,10,13.3352,0.165448,0.1,0.251189,0.173041,0.15,0.2,0.648038,0.6,0.7,0.00252124,17613.9,199.919,635.079,0.01,0.95,10,10000,0.938,0.139,9710,7991,0.0104617,0,0.822966
985,10000,11.3956,10,13.3352,0.163038,0.1,0.251189,0.173393,0.15,0.2,0.746947,0.7,0.8,0.00252124,13358.3,173.04,481.64,0.01,0.95,10,10000,0.938,0.139,7364,6104,0.0119701,0,0.828897
986,10000,11.3957,10,13.3352,0.162569,0.1,0.251189,0.173039,0.15,0.2,0.84762,0.8,0.9,0.00252124,9762.94,146.165,352.008,0.01,0.95,10,10000,0.938,0.139,5382,4524,0.0139041,0,0.84058
987,10000,11.4129,10,13.3352,0.162311,0.1,0.251189,0.173529,0.15,0.2,0.947532,0.9,1,0.00252124,7199.76,127.33,259.591,0.01,0.95,10,10000,0.938,0.139,3969,3281,0.0163268,0,0.826657
988,10000,11.4215,10,13.3352,0.158374,0.1,0.251189,0.173225,0.15,0.2,1.20389,1,1.5,0.0126062,3507.91,40.0671,126.48,0.01,0.95,10,10000,0.938,0.139,9669,7918,0.0105099,0,0.818906
989,10000,11.3261,10,13.3352,0.167617,0.1,0.251189,0.222904,0.2,0.25,0.0667965,0,0.1,0.00252124,4378.99,98.9871,157.887,0.01,0.95,10,10000,0.938,0.139,2414,2003,0.020896,0,0.829743
990,10000,11.3312,10,13.3352,0.167829,0.1,0.251189,0.223019,0.2,0.25,0.155234,0.1,0.2,0.00252124,12268.1,168.841,442.332,0.01,0.95,10,10000,0.938,0.139,6763,5488,0.012624,0,0.811474
991,10000,11.3419,10,13.3352,0.168069,0.1,0.251189,0.223076,0.2,0.25,0.251747,0.2,0.3,0.00252124,17737.3,200.131,639.527,0.01,0.95,10,10000,0.938,0.139,9778,8070,0.0104104,0,0.825322
992,10000,11.3372,10,13.3352,0.167145,0.1,0.251189,0.223166,0.2,0.25,0.349887,0.3,0.4,0.00252124,19977.6,211.784,720.301,0.01,0.95,10,10000,0.938,0.139,11013,9120,0.0097928,0,0.828112
993,10000,11.3514,10,13.3352,0.167668,0.1,0.251189,0.222937,0.2,0.25,0.44904,0.4,0.5,0.00252124,19262.8,209.252,694.532,0.01,0.95,10,10000,0.938,0.139,10619,8730,0.0100092,0,0.822111
994,10000,11.3508,10,13.3352,0.166838,0.1,0.251189,0.223599,0.2,0.25,0.548878,0.5,0.6,0.00252124,16063,189.682,579.158,0.01,0.95,10,10000,0.938,0.139,8855,7343,0.0109136,0,0.829249
995,10000,11.3726,10,13.3352,0.166663,0.1,0.251189,0.223759,0.2,0.25,0.647632,0.6,0.7,0.00252124,12522,168.764,451.488,0.01,0.95,10,10000,0.938,0.139,6903,5673,0.0124165,0,0.821817
996,10000,11.3902,10,13.3352,0.164748,0.1,0.251189,0.223248,0.2,0.25,0.747262,0.7,0.8,0.00252124,9452.75,147.314,340.824,0.01,0.95,10,10000,0.938,0.139,5211,4259,0.0143301,0,0.81731
997,10000,11.3655,10,13.3352,0.163574,0.1,0.251189,0.223287,0.2,0.25,0.847398,0.8,0.9,0.00252124,6916.78,126.507,249.388,0.01,0.95,10,10000,0.938,0.139,3813,3102,0.0167913,0,0.813533
998,10000,11.3629,10,13.3352,0.1634,0.1,0.251189,0.223628,0.2,0.25,0.947319,0.9,1,0.00252124,4963.1,106.831,178.947,0.01,0.95,10,10000,0.938,0.139,2736,2234,0.0197862,0,0.81652
999,10000,11.3895,10,13.3352,0.160611,0.1,0.251189,0.223724,0.2,0.25,1.2001,1,1.5,0.0126062,2441.28,33.7113,88.0216,0.01,0.95,10,10000,0.938,0.139,6729,5455,0.0126621,0,0.81067
1000,10000,11.3123,10,13.3352,0.171008,0.1,0.251189,0.273145,0.25,0.3,0.0655238,0,0.1,0.00252124,2739.14,81.0727,98.761,0.01,0.95,10,10000,0.938,0.139,1510,1202,0.0269744,0,0.796026
1001,10000,11.3148,10,13.3352,0.16839,0.1,0.251189,0.27375,0.25,0.3,0.154595,0.1,0.2,0.00252124,7511.77,131.534,270.841,0.01,0.95,10,10000,0.938,0.139,4141,3378,0.0160907,0,0.815745
1002,10000,11.3256,10,13.3352,0.168472,0.1,0.251189,0.273597,0.25,0.3,0.251906,0.2,0.3,0.00252124,10954.7,156,394.979,0.01,0.95,10,10000,0.938,0.139,6039,5032,0.0131836,0,0.833251
1003,10000,11.3448,10,13.3352,0.168413,0.1,0.251189,0.273163,0.25,0.3,0.350859,0.3,0.4,0.00252124,12763.3,168.035,460.187,0.01,0.95,10,10000,0.938,0.139,7036,5877,0.0121991,0,0.835276
1004,10000,11.331,10,13.3352,0.167732,0.1,0.251189,0.273613,0.25,0.3,0.449283,0.4,0.5,0.00252124,12264.4,164.877,442.201,0.01,0.95,10,10000,0.938,0.139,6761,5641,0.0124516,0,0.834344
1005,10000,11.3496,10,13.3352,0.168067,0.1,0.251189,0.273453,0.25,0.3,0.548337,0.5,0.6,0.00252124,10796.9,158.226,389.288,0.01,0.95,10,10000,0.938,0.139,5952,4836,0.0134481,0,0.8125
1006,10000,11.3539,10,13.3352,0.167203,0.1,0.251189,0.273429,0.25,0.3,0.647255,0.6,0.7,0.00252124,8649.14,138.883,311.849,0.01,0.95,10,10000,0.938,0.139,4768,3964,0.0148538,0,0.831376
1007,10000,11.3613,10,13.3352,0.167032,0.1,0.251189,0.273545,0.25,0.3,0.747519,0.7,0.8,0.00252124,6501.37,120.988,234.41,0.01,0.95,10,10000,0.938,0.139,3584,2963,0.0171806,0,0.82673
1008,10000,11.3624,10,13.3352,0.166547,0.1,0.251189,0.274017,0.25,0.3,0.847074,0.8,0.9,0.00252124,4785.33,102.469,172.537,0.01,0.95,10,10000,0.938,0.139,2638,2214,0.0198754,0,0.839272
1009,10000,11.3651,10,13.3352,0.165203,0.1,0.251189,0.273232,0.25,0.3,0.946728,0.9,1,0.00252124,3771.3,92.4581,135.976,0.01,0.95,10,10000,0.938,0.139,2079,1712,0.0226023,0,0.823473
1010,10000,11.4224,10,13.3352,0.162917,0.1,0.251189,0.27373,0.25,0.3,1.19988,1,1.5,0.0126062,1769.37,28.8937,63.7957,0.01,0.95,10,10000,0.938,0.139,4877,3922,0.0149331,0,0.804183
1011,10000,11.3083,10,13.3352,0.170779,0.1,0.251189,0.342131,0.3,0.4,0.0667944,0,0.1,0.00504248,1429.43,39.956,51.5389,0.01,0.95,10,10000,0.938,0.139,1576,1309,0.0258485,0,0.830584
1012,10000,11.3098,10,13.3352,0.170977,0.1,0.251189,0.34347,0.3,0.4,0.154418,0.1,0.2,0.00504248,4139.54,68.3766,149.253,0.01,0.95,10,10000,0.938,0.139,4564,3766,0.0152393,0,0.825153
1013,10000,11.2944,10,13.3352,0.170846,0.1,0.251189,0.343421,0.3,0.4,0.2519,0.2,0.3,0.00504248,6091.41,82.1819,219.629,0.01,0.95,10,10000,0.938,0.139,6716,5602,0.0124949,0,0.834127
1014,10000,11.3262,10,13.3352,0.169099,0.1,0.251189,0.342969,0.3,0.4,0.350621,0.3,0.4,0.00504248,7057.36,89.4873,254.457,0.01,0.95,10,10000,0.938,0.139,7781,6403,0.0116873,0,0.822902
1015,10000,11.3143,10,13.3352,0.170408,0.1,0.251189,0.343648,0.3,0.4,0.450029,0.4,0.5,0.00504248,7021.08,89.5084,253.149,0.01,0.95,10,10000,0.938,0.139,7741,6349,0.0117369,0,0.820178
1016,10000,11.3261,10,13.3352,0.168209,0.1,0.251189,0.343638,0.3,0.4,0.548574,0.5,0.6,0.00504248,6338.11,84.3608,228.524,0.01,0.95,10,10000,0.938,0.139,6988,5786,0.0122946,0,0.827991
1017,10000,11.3329,10,13.3352,0.168469,0.1,0.251189,0.344097,0.3,0.4,0.647119,0.6,0.7,0.00504248,5344.95,77.1503,192.715,0.01,0.95,10,10000,0.938,0.139,5893,4903,0.0133559,0,0.832004
1018,10000,11.3693,10,13.3352,0.169273,0.1,0.251189,0.345155,0.3,0.4,0.747947,0.7,0.8,0.00504248,4206.66,69.8891,151.673,0.01,0.95,10,10000,0.938,0.139,4638,3765,0.0152413,0,0.811772
1019,10000,11.3435,10,13.3352,0.167846,0.1,0.251189,0.344758,0.3,0.4,0.847232,0.8,0.9,0.00504248,3079.26,58.3045,111.024,0.01,0.95,10,10000,0.938,0.139,3395,2839,0.0175518,0,0.83623
1020,10000,11.3615,10,13.3352,0.165278,0.1,0.251189,0.344368,0.3,0.4,0.947139,0.9,1,0.00504248,2416.25,52.6917,87.119,0.01,0.95,10,10000,0.938,0.139,2664,2176,0.0200482,0,0.816817
1021,10000,11.376,10,13.3352,0.16527,0.1,0.251189,0.345273,0.3,0.4,1.19753,1,1.5,0.0252124,1153.34,16.2099,41.5843,0.01,0.95,10,10000,0.938,0.139,6358,5220,0.012944,0,0.821013
1022,10000,11.3074,10,13.3352,0.173468,0.1,0.251189,0.444316,0.4,0.5,0.0686819,0,0.1,0.00504248,653.039,26.4738,23.5457,0.01,0.95,10,10000,0.938,0.139,720,612,0.0378032,0,0.85
1023,10000,11.2725,10,13.3352,0.171295,0.1,0.251189,0.444299,0.4,0.5,0.154769,0.1,0.2,0.00504248,1955.49,48.2092,70.5062,0.01,0.95,10,10000,0.938,0.139,2156,1726,0.0225104,0,0.800557
1024,10000,11.2623,10,13.3352,0.172588,0.1,0.251189,0.444456,0.4,0.5,0.252114,0.2,0.3,0.00504248,2911.47,57.7278,104.974,0.01,0.95,10,10000,0.938,0.139,3210,2628,0.0182428,0,0.818692
1025,10000,11.2779,10,13.3352,0.171337,0.1,0.251189,0.443554,0.4,0.5,0.350882,0.3,0.4,0.00504248,3326.87,61.5866,119.952,0.01,0.95,10,10000,0.938,0.139,3668,3010,0.0170459,0,0.820611
1026,10000,11.2725,10,13.3352,0.171699,0.1,0.251189,0.444783,0.4,0.5,0.449687,0.4,0.5,0.00504248,3540.92,63.9196,127.67,0.01,0.95,10,10000,0.938,0.139,3904,3181,0.0165815,0,0.814805
1027,10000,11.2868,10,13.3352,0.170495,0.1,0.251189,0.44404,0.4,0.5,0.549314,0.5,0.6,0.00504248,3194.45,60.3695,115.178,0.01,0.95,10,10000,0.938,0.139,3522,2889,0.0173993,0,0.820273
1028,10000,11.2971,10,13.3352,0.170744,0.1,0.251189,0.444784,0.4,0.5,0.647898,0.6,0.7,0.00504248,2715.56,54.2055,97.9108,0.01,0.95,10,10000,0.938,0.139,2994,2533,0.0185818,0,0.846025
1029,10000,11.3176,10,13.3352,0.169315,0.1,0.251189,0.443938,0.4,0.5,0.748221,0.7,0.8,0.00504248,2213.08,50.194,79.7937,0.01,0.95,10,10000,0.938,0.139,2440,2004,0.0208908,0,0.821311
1030,10000,11.3097,10,13.3352,0.168083,0.1,0.251189,0.444732,0.4,0.5,0.848934,0.8,0.9,0.00504248,1820.35,46.7245,65.6336,0.01,0.95,10,10000,0.938,0.139,2007,1598,0.0233946,0,0.796213
1031,10000,11.3074,10,13.3352,0.167143,0.1,0.251189,0.445107,0.4,0.5,0.948009,0.9,1,0.00504248,1343.27,40.2278,48.4321,0.01,0.95,10,10000,0.938,0.139,1481,1176,0.027271,0,0.794058
1032,10000,11.3596,10,13.3352,0.166133,0.1,0.251189,0.445973,0.4,0.5,1.19934,1,1.5,0.0252124,688.775,12.8684,24.8341,0.01,0.95,10,10000,0.938,0.139,3797,3019,0.0170205,0,0.795101
1033,10000,11.2908,10,13.3352,0.17152,0.1,0.251189,0.544238,0.5,0.6,0.0680436,0,0.1,0.00504248,308.38,19.5124,11.1188,0.01,0.95,10,10000,0.938,0.139,340,266,0.0573408,0,0.782353
1034,10000,11.2658,10,13.3352,0.17381,0.1,0.251189,0.544231,0.5,0.6,0.15393,0.1,0.2,0.00504248,892.487,31.7808,32.1791,0.01,0.95,10,10000,0.938,0.139,984,811,0.0328393,0,0.824187
1035,10000,11.2878,10,13.3352,0.175319,0.1,0.251189,0.544638,0.5,0.6,0.252909,0.2,0.3,0.00504248,1332.38,39.1804,48.0397,0.01,0.95,10,10000,0.938,0.139,1469,1198,0.0270194,0,0.815521
1036,10000,11.281,10,13.3352,0.175088,0.1,0.251189,0.543867,0.5,0.6,0.34962,0.3,0.4,0.00504248,1626.25,43.1919,58.6353,0.01,0.95,10,10000,0.938,0.139,1793,1466,0.0244252,0,0.817624
1037,10000,11.2643,10,13.3352,0.175235,0.1,0.251189,0.544687,0.5,0.6,0.44866,0.4,0.5,0.00504248,1707.88,44.4721,61.5785,0.01,0.95,10,10000,0.938,0.139,1883,1531,0.023901,0,0.813064
1038,10000,11.2298,10,13.3352,0.171656,0.1,0.251189,0.544122,0.5,0.6,0.548059,0.5,0.6,0.00504248,1658.9,43.2416,59.8125,0.01,0.95,10,10000,0.938,0.139,1829,1511,0.0240587,0,0.826134
1039,10000,11.2848,10,13.3352,0.173588,0.1,0.251189,0.545571,0.5,0.6,0.648345,0.6,0.7,0.00504248,1470.25,41.6066,53.0105,0.01,0.95,10,10000,0.938,0.139,1621,1305,0.025888,0,0.805059
1040,10000,11.2847,10,13.3352,0.170578,0.1,0.251189,0.545407,0.5,0.6,0.748258,0.7,0.8,0.00504248,1219.91,37.8351,43.9846,0.01,0.95,10,10000,0.938,0.139,1345,1085,0.0283916,0,0.806691
1041,10000,11.2911,10,13.3352,0.171094,0.1,0.251189,0.546134,0.5,0.6,0.849502,0.8,0.9,0.00504248,964.14,33.5869,34.7626,0.01,0.95,10,10000,0.938,0.139,1063,859,0.0319086,0,0.80809
1042,10000,11.3207,10,13.3352,0.171445,0.1,0.251189,0.544375,0.5,0.6,0.948072,0.9,1,0.00504248,770.949,29.4147,27.797,0.01,0.95,10,10000,0.938,0.139,850,704,0.0352467,0,0.828235
1043,10000,11.3561,10,13.3352,0.169299,0.1,0.251189,0.544808,0.5,0.6,1.202,1,1.5,0.0252124,390.191,9.58416,14.0685,0.01,0.95,10,10000,0.938,0.139,2151,1732,0.0224714,0,0.805207
1044,10000,11.1556,10,13.3352,0.17754,0.1,0.251189,0.647003,0.6,0.7,0.0675049,0,0.1,0.00504248,173.237,13.588,6.24614,0.01,0.95,10,10000,0.938,0.139,191,163,0.0732505,0,0.853403
1045,10000,11.2317,10,13.3352,0.174043,0.1,0.251189,0.644328,0.6,0.7,0.153267,0.1,0.2,0.00504248,470.733,22.4392,16.9725,0.01,0.95,10,10000,0.938,0.139,519,442,0.0444829,0,0.851638
1046,10000,11.255,10,13.3352,0.174288,0.1,0.251189,0.645061,0.6,0.7,0.252306,0.2,0.3,0.00504248,721.064,29.3683,25.9983,0.01,0.95,10,10000,0.938,0.139,795,634,0.0371415,0,0.797484
1047,10000,11.262,10,13.3352,0.173869,0.1,0.251189,0.6438,0.6,0.7,0.352005,0.3,0.4,0.00504248,894.301,31.9014,32.2445,0.01,0.95,10,10000,0.938,0.139,986,810,0.0328596,0,0.821501
1048,10000,11.2711,10,13.3352,0.173018,0.1,0.251189,0.645171,0.6,0.7,0.451335,0.4,0.5,0.00504248,914.255,32.5237,32.9639,0.01,0.95,10,10000,0.938,0.139,1008,820,0.0326586,0,0.813492
1049,10000,11.2787,10,13.3352,0.171688,0.1,0.251189,0.645291,0.6,0.7,0.549262,0.5,0.6,0.00504248,860.742,31.8699,31.0345,0.01,0.95,10,10000,0.938,0.139,949,763,0.0338565,0,0.804004
1050,10000,11.2685,10,13.3352,0.174227,0.1,0.251189,0.647073,0.6,0.7,0.649713,0.6,0.7,0.00504248,758.251,28.9,27.3391,0.01,0.95,10,10000,0.938,0.139,836,700,0.0353472,0,0.837321
1051,10000,11.2383,10,13.3352,0.172761,0.1,0.251189,0.645565,0.6,0.7,0.74684,0.7,0.8,0.00504248,681.156,28.6597,24.5594,0.01,0.95,10,10000,0.938,0.139,751,596,0.0383073,0,0.793609
1052,10000,11.2967,10,13.3352,0.176358,0.1,0.251189,0.645432,0.6,0.7,0.84899,0.8,0.9,0.00504248,528.781,24.226,19.0655,0.01,0.95,10,10000,0.938,0.139,583,486,0.0424215,0,0.833619
1053,10000,11.252,10,13.3352,0.173218,0.1,0.251189,0.644171,0.6,0.7,0.948269,0.9,1,0.00504248,488.873,24.41,17.6266,0.01,0.95,10,10000,0.938,0.139,539,425,0.0453639,0,0.788497
1054,10000,11.2684,10,13.3352,0.169439,0.1,0.251189,0.645635,0.6,0.7,1.20386,1,1.5,0.0252124,232.917,7.55,8.39796,0.01,0.95,10,10000,0.938,0.139,1284,1010,0.0294268,0,0.786604
1055,10000,11.3048,10,13.3352,0.175192,0.1,0.251189,0.74673,0.7,0.8,0.0633097,0,0.1,0.00504248,75.2809,8.93888,2.71429,0.01,0.95,10,10000,0.938,0.139,83,71,0.110988,0,0.855422
1056,10000,11.2148,10,13.3352,0.176108,0.1,0.251189,0.746571,0.7,0.8,0.155256,0.1,0.2,0.00504248,254.867,16.3505,9.18935,0.01,0.95,10,10000,0.938,0.139,281,242,0.0601169,0,0.86121
1057,10000,11.2868,10,13.3352,0.177244,0.1,0.251189,0.741837,0.7,0.8,0.253881,0.2,0.3,0.00504248,373.684,20.5935,13.4734,0.01,0.95,10,10000,0.938,0.139,412,339,0.0507931,0,0.822816
1058,10000,11.281,10,13.3352,0.17417,0.1,0.251189,0.741525,0.7,0.8,0.351365,0.3,0.4,0.00504248,431.732,22.2152,15.5663,0.01,0.95,10,10000,0.938,0.139,476,390,0.0473557,0,0.819328
1059,10000,11.2009,10,13.3352,0.175379,0.1,0.251189,0.742608,0.7,0.8,0.450156,0.4,0.5,0.00504248,485.245,23.1621,17.4957,0.01,0.95,10,10000,0.938,0.139,535,447,0.0442334,0,0.835514
1060,10000,11.2924,10,13.3352,0.174467,0.1,0.251189,0.743888,0.7,0.8,0.552103,0.5,0.6,0.00504248,443.523,22.6432,15.9914,0.01,0.95,10,10000,0.938,0.139,489,398,0.0468773,0,0.813906
1061,10000,11.2867,10,13.3352,0.17727,0.1,0.251189,0.742764,0.7,0.8,0.65022,0.6,0.7,0.00504248,441.709,22.6148,15.926,0.01,0.95,10,10000,0.938,0.139,487,396,0.0469956,0,0.813142
1062,10000,11.242,10,13.3352,0.174407,0.1,0.251189,0.742562,0.7,0.8,0.748991,0.7,0.8,0.00504248,318.357,19.2794,11.4785,0.01,0.95,10,10000,0.938,0.139,351,284,0.0554939,0,0.809117
1063,10000,11.1865,10,13.3352,0.175547,0.1,0.251189,0.742754,0.7,0.8,0.850241,0.8,0.9,0.00504248,298.403,18.3857,10.7591,0.01,0.95,10,10000,0.938,0.139,329,271,0.0568093,0,0.823708
1064,10000,11.3732,10,13.3352,0.175426,0.1,0.251189,0.743427,0.7,0.8,0.946026,0.9,1,0.00504248,254.867,17.0832,9.18935,0.01,0.95,10,10000,0.938,0.139,281,230,0.0616653,0,0.818505
1065,10000,11.2845,10,13.3352,0.173118,0.1,0.251189,0.746064,0.7,0.8,1.20471,1,1.5,0.0252124,130.064,5.3556,4.68951,0.01,0.95,10,10000,0.938,0.139,717,600,0.0381794,0,0.83682
1066,10000,11.2435,10,13.3352,0.184517,0.1,0.251189,0.848609,0.8,0.9,0.0635652,0,0.1,0.00504248,33.559,7.44718,1.20999,0.01,0.95,10,10000,0.938,0.139,37,24,0.190897,0,0.648649
1067,10000,11.2953,10,13.3352,0.172004,0.1,0.251189,0.844404,0.8,0.9,0.152569,0.1,0.2,0.00504248,126.98,11.7596,4.57833,0.01,0.95,10,10000,0.938,0.139,140,118,0.0860921,0,0.842857
1068,10000,11.2821,10,13.3352,0.176689,0.1,0.251189,0.839933,0.8,0.9,0.249946,0.2,0.3,0.00504248,149.655,12.1568,5.39588,0.01,0.95,10,10000,0.938,0.139,165,147,0.077134,0,0.890909
1069,10000,11.2615,10,13.3352,0.179945,0.1,0.251189,0.844099,0.8,0.9,0.350661,0.3,0.4,0.00504248,215.866,15.8458,7.78315,0.01,0.95,10,10000,0.938,0.139,238,193,0.0673172,0,0.810924
1070,10000,11.3291,10,13.3352,0.171217,0.1,0.251189,0.842635,0.8,0.9,0.449111,0.4,0.5,0.00504248,204.075,14.9517,7.35802,0.01,0.95,10,10000,0.938,0.139,225,189,0.0680258,0,0.84
1071,10000,11.2306,10,13.3352,0.172558,0.1,0.251189,0.842881,0.8,0.9,0.545699,0.5,0.6,0.00504248,175.051,14.0801,6.31155,0.01,0.95,10,10000,0.938,0.139,193,159,0.0741662,0,0.823834
1072,10000,11.2182,10,13.3352,0.174684,0.1,0.251189,0.844371,0.8,0.9,0.643595,0.6,0.7,0.00504248,182.307,14.4126,6.57317,0.01,0.95,10,10000,0.938,0.139,201,165,0.0728052,0,0.820896
1073,10000,11.3578,10,13.3352,0.173115,0.1,0.251189,0.844834,0.8,0.9,0.748439,0.7,0.8,0.00504248,186.842,13.6859,6.73668,0.01,0.95,10,10000,0.938,0.139,206,182,0.0693216,0,0.883495
1074,10000,11.1014,10,13.3352,0.176903,0.1,0.251189,0.841314,0.8,0.9,0.8507,0.8,0.9,0.00504248,119.724,11.2654,4.31671,0.01,0.95,10,10000,0.938,0.139,132,113,0.0879762,0,0.856061
1075,10000,11.253,10,13.3352,0.166414,0.1,0.251189,0.838925,0.8,0.9,0.952201,0.9,1,0.00504248,107.026,11.1271,3.85887,0.01,0.95,10,10000,0.938,0.139,118,96,0.0954484,0,0.813559
1076,10000,11.3057,10,13.3352,0.172043,0.1,0.251189,0.838785,0.8,0.9,1.1818,1,1.5,0.0252124,50.792,3.35059,1.83133,0.01,0.95,10,10000,0.938,0.139,280,234,0.0611359,0,0.835714
1077,10000,10.7667,10,13.3352,0.157454,0.1,0.251189,0.950859,0.9,1,0.0694193,0,0.1,0.00504248,14.512,5.03249,0.523237,0.01,0.95,10,10000,0.938,0.139,16,10,0.295736,0,0.625
1078,10000,11.1101,10,13.3352,0.155171,0.1,0.251189,0.937757,0.9,1,0.152319,0.1,0.2,0.00504248,45.35,7.66126,1.63512,0.01,0.95,10,10000,0.938,0.139,50,38,0.151709,0,0.76
1079,10000,11.3092,10,13.3352,0.175398,0.1,0.251189,0.935874,0.9,1,0.250801,0.2,0.3,0.00504248,62.5829,8.52607,2.25646,0.01,0.95,10,10000,0.938,0.139,69,56,0.124971,0,0.811594
1080,10000,11.2297,10,13.3352,0.170178,0.1,0.251189,0.94211,0.9,1,0.353305,0.3,0.4,0.00504248,76.1879,10.0363,2.747,0.01,0.95,10,10000,0.938,0.139,84,63,0.117824,0,0.75
1081,10000,11.309,10,13.3352,0.171772,0.1,0.251189,0.935561,0.9,1,0.456711,0.4,0.5,0.00504248,72.5599,8.49419,2.61619,0.01,0.95,10,10000,0.938,0.139,80,71,0.110988,0,0.8875
1082,10000,11.3121,10,13.3352,0.167281,0.1,0.251189,0.93607,0.9,1,0.55306,0.5,0.6,0.00504248,80.7229,10.5509,2.91051,0.01,0.95,10,10000,0.938,0.139,89,65,0.115997,0,0.730337
1083,10000,11.1897,10,13.3352,0.168276,0.1,0.251189,0.932808,0.9,1,0.652488,0.6,0.7,0.00504248,61.6759,8.7532,2.22376,0.01,0.95,10,10000,0.938,0.139,68,53,0.12846,0,0.779412
1084,10000,11.3585,10,13.3352,0.178446,0.1,0.251189,0.934954,0.9,1,0.74383,0.7,0.8,0.00504248,44.443,6.57779,1.60241,0.01,0.95,10,10000,0.938,0.139,49,44,0.140987,0,0.897959
1085,10000,11.5873,10,13.3352,0.16544,0.1,0.251189,0.932135,0.9,1,0.850488,0.8,0.9,0.00504248,47.164,8.06108,1.70052,0.01,0.95,10,10000,0.938,0.139,52,38,0.151709,0,0.730769
1086,10000,11.1287,10,13.3352,0.177211,0.1,0.251189,0.9379,0.9,1,0.95016,0.9,1,0.00504248,27.21,4.9667,0.98107,0.01,0.95,10,10000,0.938,0.139,30,28,0.176736,0,0.933333
1087,10000,11.1443,10,13.3352,0.160107,0.1,0.251189,0.929528,0.9,1,1.17292,1,1.5,0.0252124,11.6096,1.78166,0.41859,0.01,0.95,10,10000,0.938,0.139,64,47,0.136413,0,0.734375
1088,10000,11.4298,10,13.3352,0.354033,0.251189,0.630957,0.0705519,0.05,0.1,0.0659857,0,0.1,0.00633304,6919.1,74.9138,249.472,0.01,0.95,10,10000,0.938,0.139,9581,8389,0.0102106,0,0.875587
1089,10000,11.425,10,13.3352,0.354136,0.251189,0.630957,0.0709097,0.05,0.1,0.153803,0.1,0.2,0.00633304,18343.8,121.05,661.395,0.01,0.95,10,10000,0.938,0.139,25401,22432,0.00624411,0,0.883115
1090,10000,11.427,10,13.3352,0.351462,0.251189,0.630957,0.0719451,0.05,0.1,0.249426,0.2,0.3,0.00633304,22146.8,132.229,798.512,0.01,0.95,10,10000,0.938,0.139,30667,27260,0.00566424,0,0.888903
1091,10000,11.4523,10,13.3352,0.351165,0.251189,0.630957,0.072397,0.05,0.1,0.347676,0.3,0.4,0.00633304,19001,122.568,685.09,0.01,0.95,10,10000,0.938,0.139,26311,23369,0.00611765,0,0.888184
1092,10000,11.4482,10,13.3352,0.348578,0.251189,0.630957,0.0731987,0.05,0.1,0.447129,0.4,0.5,0.00633304,13519.7,104.185,487.461,0.01,0.95,10,10000,0.938,0.139,18721,16486,0.00728361,0,0.880615
1093,10000,11.5046,10,13.3352,0.345463,0.251189,0.630957,0.0738246,0.05,0.1,0.546337,0.5,0.6,0.00633304,9612.79,91.7098,346.594,0.01,0.95,10,10000,0.938,0.139,13311,11161,0.00885223,0,0.838479
1094,10000,11.4792,10,13.3352,0.342674,0.251189,0.630957,0.0738288,0.05,0.1,0.64636,0.6,0.7,0.00633304,6318.26,75.0173,227.808,0.01,0.95,10,10000,0.938,0.139,8749,7260,0.0109758,0,0.829809
1095,10000,11.516,10,13.3352,0.339571,0.251189,0.630957,0.074121,0.05,0.1,0.747403,0.7,0.8,0.00633304,4222.52,62.7517,152.245,0.01,0.95,10,10000,0.938,0.139,5847,4722,0.0136095,0,0.807594
1096,10000,11.5342,10,13.3352,0.338529,0.251189,0.630957,0.0735694,0.05,0.1,0.846743,0.8,0.9,0.00633304,2834.51,54.6356,102.2,0.01,0.95,10,10000,0.938,0.139,3925,2943,0.0172389,0,0.749809
1097,10000,11.527,10,13.3352,0.334694,0.251189,0.630957,0.0736543,0.05,0.1,0.947364,0.9,1,0.00633304,1833.59,43.4987,66.1109,0.01,0.95,10,10000,0.938,0.139,2539,1928,0.0212986,0,0.759354
1098,10000,11.5677,10,13.3352,0.33034,0.251189,0.630957,0.0754565,0.05,0.1,1.17275,1,1.5,0.0316652,661.362,11.5544,23.8458,0.01,0.95,10,10000,0.938,0.139,4579,3525,0.0157516,0,0.769819
1099,10000,11.4252,10,13.3352,0.358217,0.251189,0.630957,0.122641,0.1,0.15,0.0668759,0,0.1,0.00633304,2791.18,46.5706,100.638,0.01,0.95,10,10000,0.938,0.139,3865,3466,0.0158851,0,0.896766
1100,10000,11.4202,10,13.3352,0.357984,0.251189,0.630957,0.122033,0.1,0.15,0.154781,0.1,0.2,0.00633304,7896.92,77.7648,284.727,0.01,0.95,10,10000,0.938,0.139,10935,9885,0.00940624,0,0.903978
1101,10000,11.4171,10,13.3352,0.356346,0.251189,0.630957,0.12251,0.1,0.15,0.25132,0.2,0.3,0.00633304,10784.9,90.9402,388.854,0.01,0.95,10,10000,0.938,0.139,14934,13490,0.0080519,0,0.903308
1102,10000,11.4293,10,13.3352,0.354245,0.251189,0.630957,0.122908,0.1,0.15,0.348845,0.3,0.4,0.00633304,10545.1,88.7033,380.209,0.01,0.95,10,10000,0.938,0.139,14602,13388,0.00808252,0,0.916861
1103,10000,11.4342,10,13.3352,0.351963,0.251189,0.630957,0.12326,0.1,0.15,0.447704,0.4,0.5,0.00633304,8451.54,80.5831,304.725,0.01,0.95,10,10000,0.938,0.139,11703,10560,0.00910065,0,0.902333
1104,10000,11.447,10,13.3352,0.348774,0.251189,0.630957,0.123383,0.1,0.15,0.547091,0.5,0.6,0.00633304,6020,67.3456,217.054,0.01,0.95,10,10000,0.938,0.139,8336,7603,0.0107254,0,0.912068
1105,10000,11.4511,10,13.3352,0.347833,0.251189,0.630957,0.123641,0.1,0.15,0.646836,0.6,0.7,0.00633304,4333.74,57.5287,156.255,0.01,0.95,10,10000,0.938,0.139,6001,5433,0.0126877,0,0.905349
1106,10000,11.4542,10,13.3352,0.344455,0.251189,0.630957,0.12362,0.1,0.15,0.746685,0.7,0.8,0.00633304,2873.51,46.0262,103.606,0.01,0.95,10,10000,0.938,0.139,3979,3672,0.0154331,0,0.922845
1107,10000,11.4863,10,13.3352,0.342992,0.251189,0.630957,0.123291,0.1,0.15,0.845892,0.8,0.9,0.00633304,2001.13,40.336,72.1518,0.01,0.95,10,10000,0.938,0.139,2771,2423,0.0189989,0,0.874414
1108,10000,11.5044,10,13.3352,0.342832,0.251189,0.630957,0.124084,0.1,0.15,0.947234,0.9,1,0.00633304,1346.12,33.3891,48.5351,0.01,0.95,10,10000,0.938,0.139,1864,1613,0.0232856,0,0.865343
1109,10000,11.5084,10,13.3352,0.33812,0.251189,0.630957,0.124358,0.1,0.15,1.18634,1,1.5,0.0316652,620.343,11.8072,22.3668,0.01,0.95,10,10000,0.938,0.139,4295,3091,0.0168211,0,0.719674
1110,10000,11.4471,10,13.3352,0.360579,0.251189,0.630957,0.172447,0.15,0.2,0.0664384,0,0.1,0.00633304,1532.44,33.9366,55.253,0.01,0.95,10,10000,0.938,0.139,2122,1938,0.0212436,0,0.913289
1111,10000,11.3965,10,13.3352,0.358194,0.251189,0.630957,0.172817,0.15,0.2,0.15496,0.1,0.2,0.00633304,4268.02,56.912,153.886,0.01,0.95,10,10000,0.938,0.139,5910,5369,0.0127631,0,0.90846
1112,10000,11.3981,10,13.3352,0.358941,0.251189,0.630957,0.172834,0.15,0.2,0.251302,0.2,0.3,0.00633304,5975.95,67.52,215.466,0.01,0.95,10,10000,0.938,0.139,8275,7496,0.0108016,0,0.905861
1113,10000,11.403,10,13.3352,0.355442,0.251189,0.630957,0.172879,0.15,0.2,0.349697,0.3,0.4,0.00633304,6438.86,70.5694,232.156,0.01,0.95,10,10000,0.938,0.139,8916,8016,0.0104454,0,0.899058
1114,10000,11.4268,10,13.3352,0.354709,0.251189,0.630957,0.173512,0.15,0.2,0.447932,0.4,0.5,0.00633304,5493.54,64.7107,198.072,0.01,0.95,10,10000,0.938,0.139,7607,6894,0.0112634,0,0.906271
1115,10000,11.437,10,13.3352,0.354694,0.251189,0.630957,0.173876,0.15,0.2,0.547813,0.5,0.6,0.00633304,4106.25,54.8481,148.053,0.01,0.95,10,10000,0.938,0.139,5686,5265,0.0128886,0,0.925958
1116,10000,11.4168,10,13.3352,0.350868,0.251189,0.630957,0.173607,0.15,0.2,0.646859,0.6,0.7,0.00633304,3016.5,47.6341,108.761,0.01,0.95,10,10000,0.938,0.139,4177,3813,0.0151451,0,0.912856
1117,10000,11.4502,10,13.3352,0.34517,0.251189,0.630957,0.173673,0.15,0.2,0.747673,0.7,0.8,0.00633304,2092.12,38.9671,75.4326,0.01,0.95,10,10000,0.938,0.139,2897,2696,0.0180113,0,0.930618
1118,10000,11.4694,10,13.3352,0.346098,0.251189,0.630957,0.173935,0.15,0.2,0.846953,0.8,0.9,0.00633304,1484.78,33.3511,53.5345,0.01,0.95,10,10000,0.938,0.139,2056,1881,0.021563,0,0.914883
1119,10000,11.4916,10,13.3352,0.339968,0.251189,0.630957,0.173744,0.15,0.2,0.947674,0.9,1,0.00633304,959.762,26.0913,34.6047,0.01,0.95,10,10000,0.938,0.139,1329,1252,0.0264303,0,0.942062
1120,10000,11.4703,10,13.3352,0.341442,0.251189,0.630957,0.173465,0.15,0.2,1.18374,1,1.5,0.0316652,410.192,7.88768,14.7897,0.01,0.95,10,10000,0.938,0.139,2840,2581,0.0184082,0,0.908803
1121,10000,11.3952,10,13.3352,0.364187,0.251189,0.630957,0.223125,0.2,0.25,0.0667906,0,0.1,0.00633304,943.152,26.6597,34.0058,0.01,0.95,10,10000,0.938,0.139,1306,1191,0.0270987,0,0.911945
1122,10000,11.4115,10,13.3352,0.363311,0.251189,0.630957,0.223014,0.2,0.25,0.155026,0.1,0.2,0.00633304,2526.87,44.1547,91.1075,0.01,0.95,10,10000,0.938,0.139,3499,3150,0.0166628,0,0.900257
1123,10000,11.3722,10,13.3352,0.360467,0.251189,0.630957,0.223126,0.2,0.25,0.251517,0.2,0.3,0.00633304,3658.51,52.1523,131.909,0.01,0.95,10,10000,0.938,0.139,5066,4654,0.0137085,0,0.918674
1124,10000,11.4036,10,13.3352,0.359632,0.251189,0.630957,0.223054,0.2,0.25,0.349742,0.3,0.4,0.00633304,4099.75,54.918,147.819,0.01,0.95,10,10000,0.938,0.139,5677,5245,0.0129131,0,0.923903
1125,10000,11.3986,10,13.3352,0.356987,0.251189,0.630957,0.223393,0.2,0.25,0.447902,0.4,0.5,0.00633304,3737.95,52.716,134.774,0.01,0.95,10,10000,0.938,0.139,5176,4755,0.0135622,0,0.918663
1126,10000,11.4327,10,13.3352,0.358166,0.251189,0.630957,0.223916,0.2,0.25,0.54746,0.5,0.6,0.00633304,2940.67,46.2952,106.027,0.01,0.95,10,10000,0.938,0.139,4072,3781,0.015209,0,0.928536
1127,10000,11.4495,10,13.3352,0.352569,0.251189,0.630957,0.22417,0.2,0.25,0.647486,0.6,0.7,0.00633304,2145.56,39.9843,77.3594,0.01,0.95,10,10000,0.938,0.139,2971,2726,0.0179119,0,0.917536
1128,10000,11.4805,10,13.3352,0.351305,0.251189,0.630957,0.223628,0.2,0.25,0.747088,0.7,0.8,0.00633304,1544.72,33.5872,55.6956,0.01,0.95,10,10000,0.938,0.139,2139,1984,0.0209959,0,0.927536
1129,10000,11.4472,10,13.3352,0.348461,0.251189,0.630957,0.223814,0.2,0.25,0.847361,0.8,0.9,0.00633304,1068.09,27.5302,38.5104,0.01,0.95,10,10000,0.938,0.139,1479,1393,0.025057,0,0.941853
1130,10000,11.4966,10,13.3352,0.34603,0.251189,0.630957,0.223002,0.2,0.25,0.947059,0.9,1,0.00633304,764.777,25.5185,27.5744,0.01,0.95,10,10000,0.938,0.139,1059,902,0.0311387,0,0.851747
1131,10000,11.4868,10,13.3352,0.335716,0.251189,0.630957,0.224317,0.2,0.25,1.18138,1,1.5,0.0316652,292.19,6.50816,10.535,0.01,0.95,10,10000,0.938,0.139,2023,1884,0.0215459,0,0.93129
1132,10000,11.3682,10,13.3352,0.360879,0.251189,0.630957,0.272198,0.25,0.3,0.0668821,0,0.1,0.00633304,605.9,22.212,21.846,0.01,0.95,10,10000,0.938,0.139,839,733,0.0345424,0,0.873659
1133,10000,11.4169,10,13.3352,0.364828,0.251189,0.630957,0.273374,0.25,0.3,0.155571,0.1,0.2,0.00633304,1712.98,35.401,61.7625,0.01,0.95,10,10000,0.938,0.139,2372,2198,0.0199476,0,0.926644
1134,10000,11.3952,10,13.3352,0.363951,0.251189,0.630957,0.273308,0.25,0.3,0.25113,0.2,0.3,0.00633304,2406.99,42.0464,86.7852,0.01,0.95,10,10000,0.938,0.139,3333,3082,0.0168457,0,0.924692
1135,10000,11.4324,10,13.3352,0.359659,0.251189,0.630957,0.273627,0.25,0.3,0.350167,0.3,0.4,0.00633304,2761.57,45.7425,99.57,0.01,0.95,10,10000,0.938,0.139,3824,3477,0.01586,0,0.909257
1136,10000,11.4014,10,13.3352,0.357691,0.251189,0.630957,0.273435,0.25,0.3,0.448885,0.4,0.5,0.00633304,2568.75,43.8951,92.6178,0.01,0.95,10,10000,0.938,0.139,3557,3252,0.0163994,0,0.914254
1137,10000,11.4334,10,13.3352,0.359687,0.251189,0.630957,0.273716,0.25,0.3,0.548415,0.5,0.6,0.00633304,2157.84,40.1066,77.802,0.01,0.95,10,10000,0.938,0.139,2988,2741,0.0178628,0,0.917336
1138,10000,11.4046,10,13.3352,0.35591,0.251189,0.630957,0.273803,0.25,0.3,0.647385,0.6,0.7,0.00633304,1595.27,34.1935,57.5183,0.01,0.95,10,10000,0.938,0.139,2209,2045,0.0206803,0,0.925758
1139,10000,11.4428,10,13.3352,0.356465,0.251189,0.630957,0.27386,0.25,0.3,0.74746,0.7,0.8,0.00633304,1151.86,29.6781,41.5309,0.01,0.95,10,10000,0.938,0.139,1595,1443,0.024619,0,0.904702
1140,10000,11.4735,10,13.3352,0.35078,0.251189,0.630957,0.272573,0.25,0.3,0.847085,0.8,0.9,0.00633304,857.937,25.8053,30.9333,0.01,0.95,10,10000,0.938,0.139,1188,1066,0.0286435,0,0.897306
1141,10000,11.449,10,13.3352,0.345839,0.251189,0.630957,0.274038,0.25,0.3,0.947318,0.9,1,0.00633304,555.348,19.8846,20.0234,0.01,0.95,10,10000,0.938,0.139,769,723,0.0347805,0,0.940182
1142,10000,11.4745,10,13.3352,0.342399,0.251189,0.630957,0.273932,0.25,0.3,1.18465,1,1.5,0.0316652,231.961,5.68981,8.36346,0.01,0.95,10,10000,0.938,0.139,1606,1526,0.0239402,0,0.950187
1143,10000,11.4004,10,13.3352,0.364455,0.251189,0.630957,0.344648,0.3,0.4,0.06583,0,0.1,0.0126661,350.974,11.1877,12.6545,0.01,0.95,10,10000,0.938,0.139,972,913,0.0309506,0,0.9393
1144,10000,11.4208,10,13.3352,0.363653,0.251189,0.630957,0.343152,0.3,0.4,0.15428,0.1,0.2,0.0126661,947.124,18.5536,34.1491,0.01,0.95,10,10000,0.938,0.139,2623,2439,0.0189364,0,0.929851
1145,10000,11.414,10,13.3352,0.361092,0.251189,0.630957,0.344151,0.3,0.4,0.252303,0.2,0.3,0.0126661,1379.7,22.2113,49.7459,0.01,0.95,10,10000,0.938,0.139,3821,3584,0.0156214,0,0.937974
1146,10000,11.3648,10,13.3352,0.360264,0.251189,0.630957,0.343963,0.3,0.4,0.351013,0.3,0.4,0.0126661,1584.08,23.5177,57.1147,0.01,0.95,10,10000,0.938,0.139,4387,4167,0.0144875,0,0.949852
1147,10000,11.4047,10,13.3352,0.358211,0.251189,0.630957,0.34367,0.3,0.4,0.449885,0.4,0.5,0.0126661,1618.38,24.8127,58.3515,0.01,0.95,10,10000,0.938,0.139,4482,4066,0.0146663,0,0.907184
1148,10000,11.3867,10,13.3352,0.357944,0.251189,0.630957,0.344582,0.3,0.4,0.548647,0.5,0.6,0.0126661,1353.34,22.1016,48.7955,0.01,0.95,10,10000,0.938,0.139,3748,3498,0.0158123,0,0.933298
1149,10000,11.3981,10,13.3352,0.354089,0.251189,0.630957,0.344737,0.3,0.4,0.647696,0.6,0.7,0.0126661,1085.42,21.3609,39.1354,0.01,0.95,10,10000,0.938,0.139,3006,2579,0.0184153,0,0.857951
1150,10000,11.4355,10,13.3352,0.350442,0.251189,0.630957,0.345229,0.3,0.4,0.747858,0.7,0.8,0.0126661,777.415,16.7152,28.0301,0.01,0.95,10,10000,0.938,0.139,2153,2014,0.0208389,0,0.935439
1151,10000,11.3973,10,13.3352,0.34927,0.251189,0.630957,0.344558,0.3,0.4,0.848032,0.8,0.9,0.0126661,566.903,14.6129,20.44,0.01,0.95,10,10000,0.938,0.139,1570,1432,0.0247134,0,0.912102
1152,10000,11.4233,10,13.3352,0.343158,0.251189,0.630957,0.346076,0.3,0.4,0.945854,0.9,1,0.0126661,401.526,12.0585,14.4772,0.01,0.95,10,10000,0.938,0.139,1112,1036,0.0290552,0,0.931655
1153,10000,11.4595,10,13.3352,0.342736,0.251189,0.630957,0.346063,0.3,0.4,1.18216,1,1.5,0.0633304,166.893,3.65584,6.01742,0.01,0.95,10,10000,0.938,0.139,2311,2038,0.0207158,0,0.881869
1154,10000,11.4073,10,13.3352,0.352659,0.251189,0.630957,0.443074,0.4,0.5,0.0658359,0,0.1,0.0126661,174.043,8.54511,6.2752,0.01,0.95,10,10000,0.938,0.139,482,414,0.0459626,0,0.858921
1155,10000,11.3715,10,13.3352,0.354804,0.251189,0.630957,0.443165,0.4,0.5,0.154616,0.1,0.2,0.0126661,461.105,13.166,16.6254,0.01,0.95,10,10000,0.938,0.139,1277,1166,0.0273877,0,0.913078
1156,10000,11.3362,10,13.3352,0.35577,0.251189,0.630957,0.443824,0.4,0.5,0.25097,0.2,0.3,0.0126661,711.336,17.0806,25.6476,0.01,0.95,10,10000,0.938,0.139,1970,1714,0.0225891,0,0.870051
1157,10000,11.3762,10,13.3352,0.349613,0.251189,0.630957,0.443636,0.4,0.5,0.350946,0.3,0.4,0.0126661,875.269,19.9924,31.5583,0.01,0.95,10,10000,0.938,0.139,2424,1982,0.0210064,0,0.817657
1158,10000,11.4186,10,13.3352,0.348329,0.251189,0.630957,0.444071,0.4,0.5,0.4495,0.4,0.5,0.0126661,828.689,18.9325,29.8788,0.01,0.95,10,10000,0.938,0.139,2295,1937,0.0212491,0,0.844009
1159,10000,11.3933,10,13.3352,0.348331,0.251189,0.630957,0.444164,0.4,0.5,0.54829,0.5,0.6,0.0126661,726.863,17.3923,26.2074,0.01,0.95,10,10000,0.938,0.139,2013,1737,0.0224391,0,0.862891
1160,10000,11.4436,10,13.3352,0.347484,0.251189,0.630957,0.4442,0.4,0.5,0.648023,0.6,0.7,0.0126661,595.789,15.5798,21.4815,0.01,0.95,10,10000,0.938,0.139,1650,1441,0.0246361,0,0.873333
1161,10000,11.3862,10,13.3352,0.343465,0.251189,0.630957,0.445109,0.4,0.5,0.747296,0.7,0.8,0.0126661,473.743,14.285,17.081,0.01,0.95,10,10000,0.938,0.139,1312,1110,0.02807,0,0.846037
1162,10000,11.4716,10,13.3352,0.345634,0.251189,0.630957,0.443427,0.4,0.5,0.8464,0.8,0.9,0.0126661,334.725,12.0645,12.0687,0.01,0.95,10,10000,0.938,0.139,927,780,0.0334855,0,0.841424
1163,10000,11.4019,10,13.3352,0.338,0.251189,0.630957,0.446461,0.4,0.5,0.948741,0.9,1,0.0126661,228.205,9.6105,8.22806,0.01,0.95,10,10000,0.938,0.139,632,554,0.0397328,0,0.876582
1164,10000,11.4668,10,13.3352,0.336796,0.251189,0.630957,0.444718,0.4,0.5,1.19101,1,1.5,0.0633304,104.931,3.02639,3.78335,0.01,0.95,10,10000,0.938,0.139,1453,1220,0.0267747,0,0.839642
1165,10000,11.4326,10,13.3352,0.335533,0.251189,0.630957,0.544207,0.5,0.6,0.0666927,0,0.1,0.0126661,85.9381,6.83228,3.09854,0.01,0.95,10,10000,0.938,0.139,238,175,0.0706945,0,0.735294
1166,10000,11.3694,10,13.3352,0.335566,0.251189,0.630957,0.541726,0.5,0.6,0.155626,0.1,0.2,0.0126661,255.287,11.4059,9.20449,0.01,0.95,10,10000,0.938,0.139,707,541,0.0402074,0,0.765205
1167,10000,11.3008,10,13.3352,0.33178,0.251189,0.630957,0.541945,0.5,0.6,0.250183,0.2,0.3,0.0126661,373.722,14.4578,13.4748,0.01,0.95,10,10000,0.938,0.139,1035,747,0.0342172,0,0.721739
1168,10000,11.4223,10,13.3352,0.338894,0.251189,0.630957,0.543574,0.5,0.6,0.350457,0.3,0.4,0.0126661,452.439,15.6273,16.3129,0.01,0.95,10,10000,0.938,0.139,1253,925,0.0307492,0,0.738228
1169,10000,11.3617,10,13.3352,0.335663,0.251189,0.630957,0.543133,0.5,0.6,0.45009,0.4,0.5,0.0126661,437.273,14.6024,15.7661,0.01,0.95,10,10000,0.938,0.139,1211,952,0.03031,0,0.786127
1170,10000,11.4225,10,13.3352,0.331105,0.251189,0.630957,0.543566,0.5,0.6,0.547679,0.5,0.6,0.0126661,409.47,15.2565,14.7636,0.01,0.95,10,10000,0.938,0.139,1134,810,0.0328596,0,0.714286
1171,10000,11.4606,10,13.3352,0.334806,0.251189,0.630957,0.543688,0.5,0.6,0.649347,0.6,0.7,0.0126661,331.114,13.0153,11.9385,0.01,0.95,10,10000,0.938,0.139,917,700,0.0353472,0,0.763359
1172,10000,11.4111,10,13.3352,0.330239,0.251189,0.630957,0.545854,0.5,0.6,0.748634,0.7,0.8,0.0126661,269.369,11.5655,9.71224,0.01,0.95,10,10000,0.938,0.139,746,580,0.0388321,0,0.77748
1173,10000,11.4417,10,13.3352,0.332785,0.251189,0.630957,0.542724,0.5,0.6,0.845277,0.8,0.9,0.0126661,204.735,10.788,7.38182,0.01,0.95,10,10000,0.938,0.139,567,405,0.0464705,0,0.714286
1174,10000,11.344,10,13.3352,0.329544,0.251189,0.630957,0.544097,0.5,0.6,0.947849,0.9,1,0.0126661,160.321,9.6442,5.78047,0.01,0.95,10,10000,0.938,0.139,444,313,0.0528606,0,0.704955
1175,10000,11.482,10,13.3352,0.330335,0.251189,0.630957,0.545168,0.5,0.6,1.19527,1,1.5,0.0633304,67.0895,2.6537,2.41895,0.01,0.95,10,10000,0.938,0.139,929,698,0.0353978,0,0.751346
1176,10000,11.4126,10,13.3352,0.310699,0.251189,0.630957,0.64438,0.6,0.7,0.064596,0,0.1,0.0126661,49.1075,6.04723,1.7706,0.01,0.95,10,10000,0.938,0.139,136,81,0.103911,0,0.595588
1177,10000,11.3676,10,13.3352,0.314745,0.251189,0.630957,0.639063,0.6,0.7,0.154131,0.1,0.2,0.0126661,146.961,11.1249,5.29877,0.01,0.95,10,10000,0.938,0.139,407,222,0.0627665,0,0.545455
1178,10000,11.3669,10,13.3352,0.316852,0.251189,0.630957,0.644495,0.6,0.7,0.253115,0.2,0.3,0.0126661,211.957,11.8957,7.6422,0.01,0.95,10,10000,0.938,0.139,587,377,0.0481652,0,0.642249
1179,10000,11.3853,10,13.3352,0.315508,0.251189,0.630957,0.641804,0.6,0.7,0.352293,0.3,0.4,0.0126661,250.593,13.5054,9.03524,0.01,0.95,10,10000,0.938,0.139,694,420,0.0456331,0,0.605187
1180,10000,11.3758,10,13.3352,0.313046,0.251189,0.630957,0.641004,0.6,0.7,0.447877,0.4,0.5,0.0126661,247.704,13.4775,8.93109,0.01,0.95,10,10000,0.938,0.139,686,413,0.0460182,0,0.602041
1181,10000,11.4458,10,13.3352,0.314086,0.251189,0.630957,0.642194,0.6,0.7,0.550828,0.5,0.6,0.0126661,234.705,13.7532,8.4624,0.01,0.95,10,10000,0.938,0.139,650,366,0.0488837,0,0.563077
1182,10000,11.3619,10,13.3352,0.317666,0.251189,0.630957,0.64402,0.6,0.7,0.649807,0.6,0.7,0.0126661,198.958,11.8414,7.17352,0.01,0.95,10,10000,0.938,0.139,551,341,0.0506439,0,0.618875
1183,10000,11.4331,10,13.3352,0.319016,0.251189,0.630957,0.644359,0.6,0.7,0.749227,0.7,0.8,0.0126661,176.57,12.8116,6.36633,0.01,0.95,10,10000,0.938,0.139,489,248,0.0593852,0,0.507157
1184,10000,11.4019,10,13.3352,0.316216,0.251189,0.630957,0.64353,0.6,0.7,0.851572,0.8,0.9,0.0126661,132.879,9.73123,4.79102,0.01,0.95,10,10000,0.938,0.139,368,226,0.0622086,0,0.61413
1185,10000,11.2635,10,13.3352,0.320277,0.251189,0.630957,0.64279,0.6,0.7,0.948263,0.9,1,0.0126661,100.381,8.97578,3.61931,0.01,0.95,10,10000,0.938,0.139,278,157,0.0746371,0,0.564748
1186,10000,11.4042,10,13.3352,0.323284,0.251189,0.630957,0.642673,0.6,0.7,1.18695,1,1.5,0.0633304,41.0914,2.31638,1.48157,0.01,0.95,10,10000,0.938,0.139,569,371,0.0485532,0,0.652021
1187,10000,11.3,10,13.3352,0.301201,0.251189,0.630957,0.747122,0.7,0.8,0.0568998,0,0.1,0.0126661,23.4705,5.44502,0.84624,0.01,0.95,10,10000,0.938,0.139,65,26,0.183408,0,0.4
1188,10000,11.3507,10,13.3352,0.290496,0.251189,0.630957,0.744735,0.7,0.8,0.155353,0.1,0.2,0.0126661,77.9942,9.60719,2.81212,0.01,0.95,10,10000,0.938,0.139,216,91,0.0980356,0,0.421296
1189,10000,11.3848,10,13.3352,0.294038,0.251189,0.630957,0.741046,0.7,0.8,0.250225,0.2,0.3,0.0126661,127.463,13.4822,4.59574,0.01,0.95,10,10000,0.938,0.139,353,128,0.0826608,0,0.362606
1190,10000,11.4114,10,13.3352,0.298337,0.251189,0.630957,0.739744,0.7,0.8,0.35231,0.3,0.4,0.0126661,130.713,11.8724,4.71291,0.01,0.95,10,10000,0.938,0.139,362,164,0.0730268,0,0.453039
1191,10000,11.5005,10,13.3352,0.296642,0.251189,0.630957,0.74301,0.7,0.8,0.449577,0.4,0.5,0.0126661,147.684,12.6768,5.32481,0.01,0.95,10,10000,0.938,0.139,409,184,0.0689438,0,0.449878
1192,10000,11.4943,10,13.3352,0.294311,0.251189,0.630957,0.742549,0.7,0.8,0.552559,0.5,0.6,0.0126661,131.435,12.754,4.73895,0.01,0.95,10,10000,0.938,0.139,364,148,0.076873,0,0.406593
1193,10000,11.2062,10,13.3352,0.299769,0.251189,0.630957,0.738139,0.7,0.8,0.650281,0.6,0.7,0.0126661,111.936,12.5261,4.03592,0.01,0.95,10,10000,0.938,0.139,310,114,0.0875895,0,0.367742
1194,10000,11.2531,10,13.3352,0.299298,0.251189,0.630957,0.744126,0.7,0.8,0.75014,0.7,0.8,0.0126661,98.9371,10.2296,3.56723,0.01,0.95,10,10000,0.938,0.139,274,126,0.0833142,0,0.459854
1195,10000,11.3977,10,13.3352,0.292197,0.251189,0.630957,0.739568,0.7,0.8,0.842334,0.8,0.9,0.0126661,72.2169,8.61638,2.60382,0.01,0.95,10,10000,0.938,0.139,200,94,0.0964585,0,0.47
1196,10000,11.4594,10,13.3352,0.300586,0.251189,0.630957,0.744702,0.7,0.8,0.948096,0.9,1,0.0126661,51.9962,7.73665,1.87475,0.01,0.95,10,10000,0.938,0.139,144,62,0.11877,0,0.430556
1197,10000,11.5359,10,13.3352,0.309915,0.251189,0.630957,0.737458,0.7,0.8,1.18878,1,1.5,0.0633304,21.5928,2.08313,0.778541,0.01,0.95,10,10000,0.938,0.139,299,143,0.0782053,0,0.478261
1198,10000,11.16,10,13.3352,0.278279,0.251189,0.630957,0.834541,0.8,0.9,0.0732378,0,0.1,0.0126661,12.2769,5.81257,0.442649,0.01,0.95,10,10000,0.938,0.139,34,7,0.353472,0,0.205882
1199,10000,11.5329,10,13.3352,0.272205,0.251189,0.630957,0.848858,0.8,0.9,0.146602,0.1,0.2,0.0126661,40.8025,11.8484,1.47116,0.01,0.95,10,10000,0.938,0.139,113,19,0.21455,0,0.168142
1200,10000,11.3583,10,13.3352,0.284762,0.251189,0.630957,0.838402,0.8,0.9,0.254528,0.2,0.3,0.0126661,54.8848,10.1203,1.9789,0.01,0.95,10,10000,0.938,0.139,152,44,0.140987,0,0.289474
1201,10000,11.4287,10,13.3352,0.278205,0.251189,0.630957,0.837269,0.8,0.9,0.352751,0.3,0.4,0.0126661,71.8558,12.1538,2.5908,0.01,0.95,10,10000,0.938,0.139,199,53,0.12846,0,0.266332
1202,10000,11.1406,10,13.3352,0.283907,0.251189,0.630957,0.834938,0.8,0.9,0.450898,0.4,0.5,0.0126661,75.8277,11.9867,2.73401,0.01,0.95,10,10000,0.938,0.139,210,60,0.120734,0,0.285714
1203,10000,11.3742,10,13.3352,0.281932,0.251189,0.630957,0.840643,0.8,0.9,0.553707,0.5,0.6,0.0126661,62.4676,10.9349,2.2523,0.01,0.95,10,10000,0.938,0.139,173,49,0.1336,0,0.283237
1204,10000,11.495,10,13.3352,0.281728,0.251189,0.630957,0.834457,0.8,0.9,0.652366,0.6,0.7,0.0126661,49.4686,8.3659,1.78361,0.01,0.95,10,10000,0.938,0.139,137,50,0.132257,0,0.364964
1205,10000,11.4936,10,13.3352,0.284078,0.251189,0.630957,0.832355,0.8,0.9,0.748025,0.7,0.8,0.0126661,47.6631,10.4465,1.71852,0.01,0.95,10,10000,0.938,0.139,132,32,0.165322,0,0.242424
1206,10000,11.165,10,13.3352,0.277103,0.251189,0.630957,0.846858,0.8,0.9,0.848627,0.8,0.9,0.0126661,41.1636,10.7641,1.48418,0.01,0.95,10,10000,0.938,0.139,114,23,0.195003,0,0.201754
1207,10000,11.0712,10,13.3352,0.298031,0.251189,0.630957,0.835964,0.8,0.9,0.948895,0.9,1,0.0126661,23.1094,5.6236,0.833221,0.01,0.95,10,10000,0.938,0.139,64,24,0.190897,0,0.375
1208,10000,11.2989,10,13.3352,0.28445,0.251189,0.630957,0.838191,0.8,0.9,1.19337,1,1.5,0.0633304,8.30494,1.76957,0.299439,0.01,0.95,10,10000,0.938,0.139,115,33,0.162797,0,0.286957
1209,10000,11.4203,10,13.3352,0.266969,0.251189,0.630957,0.923732,0.9,1,0.241601,0.2,0.3,0.0126661,13.7212,6.53553,0.494725,0.01,0.95,10,10000,0.938,0.139,38,7,0.353472,0,0.184211
1210,10000,11.193,10,13.3352,0.261562,0.251189,0.630957,0.933243,0.9,1,0.345753,0.3,0.4,0.0126661,22.0261,9.34536,0.794164,0.01,0.95,10,10000,0.938,0.139,61,9,0.311733,0,0.147541
1211,10000,11.884,10,13.3352,0.268653,0.251189,0.630957,0.933469,0.9,1,0.453887,0.4,0.5,0.0126661,19.4986,10.2314,0.703031,0.01,0.95,10,10000,0.938,0.139,54,6,0.381794,0,0.111111
1212,10000,11.252,10,13.3352,0.276412,0.251189,0.630957,0.947141,0.9,1,0.54517,0.5,0.6,0.0126661,15.8877,9.12627,0.57284,0.01,0.95,10,10000,0.938,0.139,44,5,0.418234,0,0.113636
1213,10000,11.2772,10,13.3352,0.284281,0.251189,0.630957,0.918147,0.9,1,0.636002,0.6,0.7,0.0126661,15.5266,11.6473,0.559821,0.01,0.95,10,10000,0.938,0.139,43,3,0.539938,0,0.0697674
1214,10000,10.7481,10,13.3352,0.26853,0.251189,0.630957,0.929298,0.9,1,0.74426,0.7,0.8,0.0126661,16.6099,12.4746,0.598878,0.01,0.95,10,10000,0.938,0.139,46,3,0.539938,0,0.0652174
1215,10000,11.3872,10,13.3352,0.294157,0.251189,0.630957,0.914296,0.9,1,0.846954,0.8,0.9,0.0126661,9.02711,4.57229,0.325477,0.01,0.95,10,10000,0.938,0.139,25,6,0.381794,0,0.24
1216,10000,11.8843,10,13.3352,0.287109,0.251189,0.630957,0.924153,0.9,1,0.950118,0.9,1,0.0126661,7.22169,6.58271,0.260382,0.01,0.95,10,10000,0.938,0.139,20,2,0.661286,0,0.1
1217,10000,11.5455,10,13.3352,0.298328,0.251189,0.630957,0.921918,0.9,1,1.17351,1,1.5,0.0633304,1.66099,0.9275,0.0598878,0.01,0.95,10,10000,0.938,0.139,23,5,0.418234,0,0.217391
1218,10000,11.55,10,13.3352,0.687793,0.630957,1,0.073121,0.05,0.1,0.0687734,0,0.1,0.00615419,109.244,9.27108,3.93885,0.01,0.95,10,10000,0.938,0.139,147,133,0.0810921,0,0.904762
1219,10000,11.5121,10,13.3352,0.684881,0.630957,1,0.0707626,0.05,0.1,0.150049,0.1,0.2,0.00615419,295.033,17.3489,10.6376,0.01,0.95,10,10000,0.938,0.139,397,309,0.0532017,0,0.778338
1220,10000,11.4516,10,13.3352,0.685714,0.630957,1,0.0726764,0.05,0.1,0.246655,0.2,0.3,0.00615419,341.109,16.2137,12.2988,0.01,0.95,10,10000,0.938,0.139,459,420,0.0456331,0,0.915033
1221,10000,11.4475,10,13.3352,0.687649,0.630957,1,0.0740213,0.05,0.1,0.346588,0.3,0.4,0.00615419,277.197,15.4871,9.99449,0.01,0.95,10,10000,0.938,0.139,373,320,0.0522793,0,0.857909
1222,10000,11.6319,10,13.3352,0.684198,0.630957,1,0.073907,0.05,0.1,0.447092,0.4,0.5,0.00615419,172.412,12.8839,6.21641,0.01,0.95,10,10000,0.938,0.139,232,187,0.0683886,0,0.806034
1223,10000,11.6514,10,13.3352,0.68745,0.630957,1,0.075425,0.05,0.1,0.544914,0.5,0.6,0.00615419,107.014,9.45667,3.85846,0.01,0.95,10,10000,0.938,0.139,144,126,0.0833142,0,0.875
1224,10000,11.4758,10,13.3352,0.685084,0.630957,1,0.0743133,0.05,0.1,0.64669,0.6,0.7,0.00615419,81.7472,9.93353,2.94744,0.01,0.95,10,10000,0.938,0.139,110,77,0.106576,0,0.7
1225,10000,11.6467,10,13.3352,0.675466,0.630957,1,0.0753347,0.05,0.1,0.740511,0.7,0.8,0.00615419,52.0209,7.33814,1.87564,0.01,0.95,10,10000,0.938,0.139,70,54,0.127265,0,0.771429
1226,10000,11.6237,10,13.3352,0.678359,0.630957,1,0.0754727,0.05,0.1,0.851889,0.8,0.9,0.00615419,26.0105,6.28068,0.937821,0.01,0.95,10,10000,0.938,0.139,35,21,0.204077,0,0.6
1227,10000,11.4125,10,13.3352,0.699063,0.630957,1,0.071836,0.05,0.1,0.954664,0.9,1,0.00615419,14.8631,4.4793,0.535898,0.01,0.95,10,10000,0.938,0.139,20,13,0.259378,0,0.65
1228,10000,11.7426,10,13.3352,0.680023,0.630957,1,0.0743865,0.05,0.1,1.1383,1,1.5,0.030771,4.60757,1.04355,0.166128,0.01,0.95,10,10000,0.938,0.139,31,22,0.199385,0,0.709677
1229,10000,11.4195,10,13.3352,0.687831,0.630957,1,0.124667,0.1,0.15,0.0622479,0,0.1,0.00615419,55.7367,6.88284,2.00962,0.01,0.95,10,10000,0.938,0.139,75,65,0.115997,0,0.866667
1230,10000,11.4717,10,13.3352,0.686459,0.630957,1,0.123055,0.1,0.15,0.156443,0.1,0.2,0.00615419,146.402,11.1974,5.27859,0.01,0.95,10,10000,0.938,0.139,197,170,0.0717266,0,0.862944
1231,10000,11.4919,10,13.3352,0.687849,0.630957,1,0.121711,0.1,0.15,0.250921,0.2,0.3,0.00615419,214.772,13.9218,7.74372,0.01,0.95,10,10000,0.938,0.139,289,242,0.0601169,0,0.83737
1232,10000,11.5946,10,13.3352,0.683709,0.630957,1,0.123795,0.1,0.15,0.346754,0.3,0.4,0.00615419,176.871,12.3277,6.37718,0.01,0.95,10,10000,0.938,0.139,238,205,0.0653172,0,0.861345
1233,10000,11.7411,10,13.3352,0.68207,0.630957,1,0.12571,0.1,0.15,0.447259,0.4,0.5,0.00615419,136.741,11.4941,4.93026,0.01,0.95,10,10000,0.938,0.139,184,148,0.076873,0,0.804348
1234,10000,11.6396,10,13.3352,0.685209,0.630957,1,0.123296,0.1,0.15,0.549117,0.5,0.6,0.00615419,86.9493,7.5821,3.135,0.01,0.95,10,10000,0.938,0.139,117,116,0.0868311,0,0.991453
1235,10000,11.7728,10,13.3352,0.683593,0.630957,1,0.12359,0.1,0.15,0.645403,0.6,0.7,0.00615419,50.5346,6.26122,1.82205,0.01,0.95,10,10000,0.938,0.139,68,62,0.11877,0,0.911765
1236,10000,11.8202,10,13.3352,0.681155,0.630957,1,0.127142,0.1,0.15,0.742812,0.7,0.8,0.00615419,34.1852,6.77639,1.23256,0.01,0.95,10,10000,0.938,0.139,46,30,0.170743,0,0.652174
1237,10000,11.5053,10,13.3352,0.700301,0.630957,1,0.12477,0.1,0.15,0.847017,0.8,0.9,0.00615419,16.3494,3.41154,0.589487,0.01,0.95,10,10000,0.938,0.139,22,21,0.204077,0,0.954545
1238,10000,11.5625,10,13.3352,0.674852,0.630957,1,0.124663,0.1,0.15,0.948075,0.9,1,0.00615419,14.8631,3.61526,0.535898,0.01,0.95,10,10000,0.938,0.139,20,17,0.226819,0,0.85
1239,10000,11.4889,10,13.3352,0.686298,0.630957,1,0.12371,0.1,0.15,1.17725,1,1.5,0.030771,6.39114,1.24532,0.230436,0.01,0.95,10,10000,0.938,0.139,43,30,0.170743,0,0.697674
1240,10000,11.6585,10,13.3352,0.685439,0.630957,1,0.170737,0.15,0.2,0.0662639,0,0.1,0.00615419,36.4147,5.17256,1.31295,0.01,0.95,10,10000,0.938,0.139,49,46,0.137888,0,0.938776
1241,10000,11.6799,10,13.3352,0.690912,0.630957,1,0.172887,0.15,0.2,0.152474,0.1,0.2,0.00615419,73.5725,8.13977,2.65269,0.01,0.95,10,10000,0.938,0.139,99,83,0.102652,0,0.838384
1242,10000,11.3741,10,13.3352,0.696629,0.630957,1,0.17302,0.15,0.2,0.250855,0.2,0.3,0.00615419,118.905,10.4241,4.28718,0.01,0.95,10,10000,0.938,0.139,160,133,0.0810921,0,0.83125
1243,10000,11.45,10,13.3352,0.686473,0.630957,1,0.171029,0.15,0.2,0.345349,0.3,0.4,0.00615419,116.676,10.2926,4.2068,0.01,0.95,10,10000,0.938,0.139,157,131,0.0817088,0,0.834395
1244,10000,11.5264,10,13.3352,0.684584,0.630957,1,0.174871,0.15,0.2,0.448143,0.4,0.5,0.00615419,104.785,9.0521,3.77808,0.01,0.95,10,10000,0.938,0.139,141,128,0.0826608,0,0.907801
1245,10000,11.6485,10,13.3352,0.682007,0.630957,1,0.173697,0.15,0.2,0.540679,0.5,0.6,0.00615419,74.3156,9.57625,2.67949,0.01,0.95,10,10000,0.938,0.139,100,69,0.112585,0,0.69
1246,10000,11.4411,10,13.3352,0.679642,0.630957,1,0.173221,0.15,0.2,0.646561,0.6,0.7,0.00615419,43.8462,-nan,1.5809,0.01,0.95,10,10000,0.938,0.139,59,67,0.114253,0,1.13559
1247,10000,11.759,10,13.3352,0.682834,0.630957,1,0.174628,0.15,0.2,0.745231,0.7,0.8,0.00615419,34.1852,6.9476,1.23256,0.01,0.95,10,10000,0.938,0.139,46,29,0.173662,0,0.630435
1248,10000,11.7274,10,13.3352,0.686094,0.630957,1,0.176241,0.15,0.2,0.848643,0.8,0.9,0.00615419,18.5789,4.43873,0.669872,0.01,0.95,10,10000,0.938,0.139,25,19,0.21455,0,0.76
1249,10000,11.9584,10,13.3352,0.682067,0.630957,1,0.170204,0.15,0.2,0.957327,0.9,1,0.00615419,6.68841,-nan,0.241154,0.01,0.95,10,10000,0.938,0.139,9,14,0.249943,0,1.55556
1250,10000,11.3448,10,13.3352,0.678326,0.630957,1,0.173742,0.15,0.2,1.1736,1,1.5,0.030771,5.35072,1.21731,0.192923,0.01,0.95,10,10000,0.938,0.139,36,23,0.195003,0,0.638889
1251,10000,11.7349,10,13.3352,0.695476,0.630957,1,0.228207,0.2,0.25,0.0668215,0,0.1,0.00615419,21.5515,4.61693,0.777052,0.01,0.95,10,10000,0.938,0.139,29,23,0.195003,0,0.793103
1252,10000,11.3522,10,13.3352,0.693978,0.630957,1,0.224614,0.2,0.25,0.149361,0.1,0.2,0.00615419,54.9936,6.22611,1.98282,0.01,0.95,10,10000,0.938,0.139,74,71,0.110988,0,0.959459
1253,10000,11.4666,10,13.3352,0.693614,0.630957,1,0.221985,0.2,0.25,0.251961,0.2,0.3,0.00615419,82.4903,8.95111,2.97423,0.01,0.95,10,10000,0.938,0.139,111,89,0.099131,0,0.801802
1254,10000,11.6256,10,13.3352,0.687864,0.630957,1,0.224577,0.2,0.25,0.349285,0.3,0.4,0.00615419,77.2882,-nan,2.78667,0.01,0.95,10,10000,0.938,0.139,104,106,0.0908346,0,1.01923
1255,10000,11.4338,10,13.3352,0.682613,0.630957,1,0.220926,0.2,0.25,0.447391,0.4,0.5,0.00615419,73.5725,9.24858,2.65269,0.01,0.95,10,10000,0.938,0.139,99,71,0.110988,0,0.717172
1256,10000,11.6302,10,13.3352,0.67611,0.630957,1,0.219873,0.2,0.25,0.550049,0.5,0.6,0.00615419,50.5346,6.16922,1.82205,0.01,0.95,10,10000,0.938,0.139,68,63,0.117824,0,0.926471
1257,10000,11.5051,10,13.3352,0.682332,0.630957,1,0.22586,0.2,0.25,0.647864,0.6,0.7,0.00615419,40.8736,5.6462,1.47372,0.01,0.95,10,10000,0.938,0.139,55,50,0.132257,0,0.909091
1258,10000,11.5521,10,13.3352,0.698999,0.630957,1,0.224059,0.2,0.25,0.748089,0.7,0.8,0.00615419,23.781,5.07556,0.857436,0.01,0.95,10,10000,0.938,0.139,32,24,0.190897,0,0.75
1259,10000,11.2975,10,13.3352,0.682245,0.630957,1,0.227014,0.2,0.25,0.845927,0.8,0.9,0.00615419,14.8631,4.4793,0.535898,0.01,0.95,10,10000,0.938,0.139,20,13,0.259378,0,0.65
1260,10000,11.9386,10,13.3352,0.690617,0.630957,1,0.217762,0.2,0.25,0.949427,0.9,1,0.00615419,11.1473,2.87757,0.401923,0.01,0.95,10,10000,0.938,0.139,15,14,0.249943,0,0.933333
1261,10000,11.5018,10,13.3352,0.679729,0.630957,1,0.221193,0.2,0.25,1.1626,1,1.5,0.030771,2.82399,0.793292,0.101821,0.01,0.95,10,10000,0.938,0.139,19,14,0.249943,0,0.736842
1262,10000,11.544,10,13.3352,0.681431,0.630957,1,0.268163,0.25,0.3,0.0676806,0,0.1,0.00615419,21.5515,5.36215,0.777052,0.01,0.95,10,10000,0.938,0.139,29,19,0.21455,0,0.655172
1263,10000,11.5023,10,13.3352,0.687787,0.630957,1,0.274521,0.25,0.3,0.160348,0.1,0.2,0.00615419,37.1578,5.01368,1.33974,0.01,0.95,10,10000,0.938,0.139,50,49,0.1336,0,0.98
1264,10000,11.7625,10,13.3352,0.690505,0.630957,1,0.277239,0.25,0.3,0.250367,0.2,0.3,0.00615419,52.7641,6.74825,1.90244,0.01,0.95,10,10000,0.938,0.139,71,61,0.11974,0,0.859155
1265,10000,11.5661,10,13.3352,0.692244,0.630957,1,0.273317,0.25,0.3,0.358023,0.3,0.4,0.00615419,52.0209,7.68146,1.87564,0.01,0.95,10,10000,0.938,0.139,70,51,0.130954,0,0.728571
1266,10000,11.694,10,13.3352,0.685122,0.630957,1,0.272561,0.25,0.3,0.441877,0.4,0.5,0.00615419,46.8188,6.80106,1.68808,0.01,0.95,10,10000,0.938,0.139,63,50,0.132257,0,0.793651
1267,10000,11.1794,10,13.3352,0.68368,0.630957,1,0.27553,0.25,0.3,0.54683,0.5,0.6,0.00615419,32.6989,4.93592,1.17897,0.01,0.95,10,10000,0.938,0.139,44,41,0.146054,0,0.931818
1268,10000,11.5548,10,13.3352,0.666215,0.630957,1,0.271934,0.25,0.3,0.656711,0.6,0.7,0.00615419,35.6715,8.57833,1.28615,0.01,0.95,10,10000,0.938,0.139,48,23,0.195003,0,0.479167
1269,10000,11.6525,10,13.3352,0.68836,0.630957,1,0.27315,0.25,0.3,0.756732,0.7,0.8,0.00615419,21.5515,7.32777,0.777052,0.01,0.95,10,10000,0.938,0.139,29,12,0.269969,0,0.413793
1270,10000,11.4995,10,13.3352,0.684405,0.630957,1,0.276003,0.25,0.3,0.852277,0.8,0.9,0.00615419,16.3494,6.42849,0.589487,0.01,0.95,10,10000,0.938,0.139,22,9,0.311733,0,0.409091
1271,10000,11.822,10,13.3352,0.665045,0.630957,1,0.26914,0.25,0.3,0.941241,0.9,1,0.00615419,3.71578,2.37388,0.133974,0.01,0.95,10,10000,0.938,0.139,5,3,0.539938,0,0.6
1272,10000,11.6855,10,13.3352,0.681928,0.630957,1,0.277538,0.25,0.3,1.24127,1,1.5,0.030771,2.22947,0.761334,0.0803846,0.01,0.95,10,10000,0.938,0.139,15,10,0.295736,0,0.666667
1273,10000,11.3274,10,13.3352,0.658223,0.630957,1,0.331766,0.3,0.4,0.0728162,0,0.1,0.0123084,5.20209,2.48974,0.187564,0.01,0.95,10,10000,0.938,0.139,14,6,0.381794,0,0.428571
1274,10000,11.7595,10,13.3352,0.678085,0.630957,1,0.339018,0.3,0.4,0.162325,0.1,0.2,0.0123084,24.1526,5.60327,0.870834,0.01,0.95,10,10000,0.938,0.139,65,26,0.183408,0,0.4
1275,10000,11.5832,10,13.3352,0.675346,0.630957,1,0.338274,0.3,0.4,0.251948,0.2,0.3,0.0123084,26.0105,4.67877,0.937821,0.01,0.95,10,10000,0.938,0.139,70,39,0.149752,0,0.557143
1276,10000,11.5662,10,13.3352,0.657899,0.630957,1,0.335434,0.3,0.4,0.362641,0.3,0.4,0.0123084,29.7262,7.05611,1.0718,0.01,0.95,10,10000,0.938,0.139,80,26,0.183408,0,0.325
1277,10000,11.6529,10,13.3352,0.667121,0.630957,1,0.338914,0.3,0.4,0.447197,0.4,0.5,0.0123084,40.1304,8.99212,1.44692,0.01,0.95,10,10000,0.938,0.139,108,30,0.170743,0,0.277778
1278,10000,11.8307,10,13.3352,0.672489,0.630957,1,0.343891,0.3,0.4,0.553062,0.5,0.6,0.0123084,26.0105,5.45175,0.937821,0.01,0.95,10,10000,0.938,0.139,70,31,0.167967,0,0.442857
1279,10000,11.7263,10,13.3352,0.672371,0.630957,1,0.339695,0.3,0.4,0.650595,0.6,0.7,0.0123084,20.0652,3.76728,0.723462,0.01,0.95,10,10000,0.938,0.139,54,34,0.160385,0,0.62963
1280,10000,11.5877,10,13.3352,0.666874,0.630957,1,0.335963,0.3,0.4,0.739986,0.7,0.8,0.0123084,17.0926,3.85834,0.616282,0.01,0.95,10,10000,0.938,0.139,46,25,0.18704,0,0.543478
1281,10000,11.9475,10,13.3352,0.693776,0.630957,1,0.35722,0.3,0.4,0.853031,0.8,0.9,0.0123084,9.28945,3.2716,0.334936,0.01,0.95,10,10000,0.938,0.139,25,11,0.281973,0,0.44
1282,10000,11.7591,10,13.3352,0.673407,0.630957,1,0.332862,0.3,0.4,0.970851,0.9,1,0.0123084,4.45894,2.085,0.160769,0.01,0.95,10,10000,0.938,0.139,12,6,0.381794,0,0.5
1283,10000,11.5659,10,13.3352,0.686631,0.630957,1,0.348494,0.3,0.4,1.1763,1,1.5,0.0615419,1.412,0.31933,0.0509103,0.01,0.95,10,10000,0.938,0.139,19,18,0.220429,0,0.947368
1284,10000,11.1959,10,13.3352,0.634442,0.630957,1,0.405898,0.4,0.5,0.123693,0.1,0.2,0.0123084,13.3768,17.5685,0.482308,0.01,0.95,10,10000,0.938,0.139,36,1,0.9352,0,0.0277778
1285,10000,11.0371,10,13.3352,0.690688,0.630957,1,0.402091,0.4,0.5,0.260723,0.2,0.3,0.0123084,16.3494,15.1152,0.589487,0.01,0.95,10,10000,0.938,0.139,44,2,0.661286,0,0.0454545
1286,10000,13.2438,10,13.3352,0.667035,0.630957,1,0.414593,0.4,0.5,0.365824,0.3,0.4,0.0123084,17.4642,16.1578,0.62968,0.01,0.95,10,10000,0.938,0.139,47,2,0.661286,0,0.0425532
1287,10000,11.9284,10,13.3352,0.650606,0.630957,1,0.425608,0.4,0.5,0.443179,0.4,0.5,0.0123084,20.8084,15.6748,0.750257,0.01,0.95,10,10000,0.938,0.139,56,3,0.539938,0,0.0535714
1288,10000,10.9076,10,13.3352,0.660113,0.630957,1,0.429637,0.4,0.5,0.553519,0.5,0.6,0.0123084,17.4642,7.81102,0.62968,0.01,0.95,10,10000,0.938,0.139,47,8,0.330643,0,0.170213
1289,10000,11.8594,10,13.3352,0.667239,0.630957,1,0.440147,0.4,0.5,0.641609,0.6,0.7,0.0123084,11.1473,5.71,0.401923,0.01,0.95,10,10000,0.938,0.139,30,6,0.381794,0,0.2
1290,10000,11.4434,10,13.3352,0.708053,0.630957,1,0.452904,0.4,0.5,0.744268,0.7,0.8,0.0123084,9.66103,8.85954,0.348333,0.01,0.95,10,10000,0.938,0.139,26,2,0.661286,0,0.0769231
1291,10000,11.1343,10,13.3352,0.667685,0.630957,1,0.427028,0.4,0.5,0.832767,0.8,0.9,0.0123084,4.45894,2.69172,0.160769,0.01,0.95,10,10000,0.938,0.139,12,4,0.4676,0,0.333333
1292,10000,12.045,10,13.3352,0.691444,0.630957,1,0.436603,0.4,0.5,1.21471,1,1.5,0.0615419,1.26337,0.619031,0.0455513,0.01,0.95,10,10000,0.938,0.139,17,6,0.381794,0,0.352941
1293,10000,10.5245,10,13.3352,0.670558,0.630957,1,0.563385,0.5,0.6,0.41346,0.4,0.5,0.0123084,14.4915,19.0429,0.5225,0.01,0.95,10,10000,0.938,0.139,39,1,0.9352,0,0.025641
1294,10000,11.0886,10,13.3352,0.633721,0.630957,1,0.586024,0.5,0.6,1.30983,1,1.5,0.0615419,0.891787,1.15462,0.0321539,0.01,0.95,10,10000,0.938,0.139,12,1,0.9352,0,0.0833333
1295,10000,13.9459,13.3352,17.7828,0.0227636,0.0158489,0.0251189,0.0749286,0.05,0.1,0.0621942,0,0.1,0.000206146,27266.5,1369.21,983.107,0.01,0.95,10,10000,0.938,0.139,1229,541,0.0402074,0,0.440195
1296,10000,13.9523,13.3352,17.7828,0.0228779,0.0158489,0.0251189,0.0752471,0.05,0.1,0.154292,0.1,0.2,0.000206146,64472.3,1995.89,2324.58,0.01,0.95,10,10000,0.938,0.139,2906,1389,0.025093,0,0.477977
1297,10000,13.9383,13.3352,17.7828,0.0229101,0.0158489,0.0251189,0.0735388,0.05,0.1,0.251501,0.2,0.3,0.000206146,81022.9,2110.1,2921.32,0.01,0.95,10,10000,0.938,0.139,3652,1906,0.0214212,0,0.521906
1298,10000,13.9342,13.3352,17.7828,0.0228177,0.0158489,0.0251189,0.073203,0.05,0.1,0.349337,0.3,0.4,0.000206146,77606.3,1935.43,2798.14,0.01,0.95,10,10000,0.938,0.139,3498,2006,0.0208804,0,0.573471
1299,10000,13.9708,13.3352,17.7828,0.0227691,0.0158489,0.0251189,0.0731477,0.05,0.1,0.448693,0.4,0.5,0.000206146,61787.8,1595.1,2227.79,0.01,0.95,10,10000,0.938,0.139,2785,1784,0.0221415,0,0.640575
1300,10000,13.9652,13.3352,17.7828,0.0227907,0.0158489,0.0251189,0.0722,0.05,0.1,0.54858,0.5,0.6,0.000206146,50251.1,1386.13,1811.83,0.01,0.95,10,10000,0.938,0.139,2265,1525,0.023948,0,0.673289
1301,10000,13.9726,13.3352,17.7828,0.0227321,0.0158489,0.0251189,0.0728914,0.05,0.1,0.647493,0.6,0.7,0.000206146,40578,1166.37,1463.06,0.01,0.95,10,10000,0.938,0.139,1829,1341,0.0255382,0,0.733188
1302,10000,13.9702,13.3352,17.7828,0.0228071,0.0158489,0.0251189,0.072493,0.05,0.1,0.749012,0.7,0.8,0.000206146,30172.8,973.256,1087.9,0.01,0.95,10,10000,0.938,0.139,1360,1039,0.0290133,0,0.763971
1303,10000,13.9746,13.3352,17.7828,0.0227709,0.0158489,0.0251189,0.0722097,0.05,0.1,0.846679,0.8,0.9,0.000206146,21010.1,760.559,757.528,0.01,0.95,10,10000,0.938,0.139,947,783,0.0334213,0,0.826822
1304,10000,13.9783,13.3352,17.7828,0.0227248,0.0158489,0.0251189,0.0717512,0.05,0.1,0.949989,0.9,1,0.000206146,17371.6,718.112,626.341,0.01,0.95,10,10000,0.938,0.139,783,619,0.0375889,0,0.790549
1305,10000,13.9725,13.3352,17.7828,0.0227902,0.0158489,0.0251189,0.0723083,0.05,0.1,1.20003,1,1.5,0.00103073,8963.11,231.391,323.169,0.01,0.95,10,10000,0.938,0.139,2020,1591,0.023446,0,0.787624
1306,10000,13.9757,13.3352,17.7828,0.022797,0.0158489,0.0251189,0.122116,0.1,0.15,0.0652782,0,0.1,0.000206146,7654.14,482.121,275.974,0.01,0.95,10,10000,0.938,0.139,345,269,0.0570201,0,0.77971
1307,10000,13.9516,13.3352,17.7828,0.0227437,0.0158489,0.0251189,0.121079,0.1,0.15,0.15483,0.1,0.2,0.000206146,22097.2,837.259,796.725,0.01,0.95,10,10000,0.938,0.139,996,756,0.0340129,0,0.759036
1308,10000,13.9805,13.3352,17.7828,0.0227925,0.0158489,0.0251189,0.121269,0.1,0.15,0.251633,0.2,0.3,0.000206146,31814.6,978.693,1147.09,0.01,0.95,10,10000,0.938,0.139,1434,1124,0.0278947,0,0.783821
1309,10000,13.9357,13.3352,17.7828,0.0227428,0.0158489,0.0251189,0.122295,0.1,0.15,0.349398,0.3,0.4,0.000206146,33389.8,1026.55,1203.89,0.01,0.95,10,10000,0.938,0.139,1505,1146,0.0276256,0,0.761462
1310,10000,13.9308,13.3352,17.7828,0.022715,0.0158489,0.0251189,0.122624,0.1,0.15,0.449829,0.4,0.5,0.000206146,27843.3,937.131,1003.91,0.01,0.95,10,10000,0.938,0.139,1255,956,0.0302465,0,0.761753
1311,10000,13.9558,13.3352,17.7828,0.0228013,0.0158489,0.0251189,0.121924,0.1,0.15,0.547021,0.5,0.6,0.000206146,23561.4,861.19,849.52,0.01,0.95,10,10000,0.938,0.139,1062,810,0.0328596,0,0.762712
1312,10000,13.9727,13.3352,17.7828,0.0227766,0.0158489,0.0251189,0.122426,0.1,0.15,0.645896,0.6,0.7,0.000206146,18281.2,741.759,659.138,0.01,0.95,10,10000,0.938,0.139,824,646,0.0367949,0,0.783981
1313,10000,13.9436,13.3352,17.7828,0.0228025,0.0158489,0.0251189,0.12247,0.1,0.15,0.747237,0.7,0.8,0.000206146,14487.4,660.258,522.351,0.01,0.95,10,10000,0.938,0.139,653,512,0.0413304,0,0.784074
1314,10000,13.9735,13.3352,17.7828,0.022819,0.0158489,0.0251189,0.123384,0.1,0.15,0.84773,0.8,0.9,0.000206146,11825.1,587.125,426.36,0.01,0.95,10,10000,0.938,0.139,533,426,0.0453106,0,0.79925
1315,10000,13.9599,13.3352,17.7828,0.0227671,0.0158489,0.0251189,0.123983,0.1,0.15,0.947511,0.9,1,0.000206146,9207.15,532.246,331.969,0.01,0.95,10,10000,0.938,0.139,415,321,0.0521978,0,0.773494
1316,10000,13.9799,13.3352,17.7828,0.0227671,0.0158489,0.0251189,0.122487,0.1,0.15,1.20646,1,1.5,0.00103073,4920.83,177.846,177.423,0.01,0.95,10,10000,0.938,0.139,1109,835,0.0323639,0,0.752931
1317,10000,14.0161,13.3352,17.7828,0.0227722,0.0158489,0.0251189,0.168628,0.15,0.2,0.0670001,0,0.1,0.000206146,3327.89,346.298,119.989,0.01,0.95,10,10000,0.938,0.139,150,105,0.0912662,0,0.7
1318,10000,13.987,13.3352,17.7828,0.0227189,0.0158489,0.0251189,0.172269,0.15,0.2,0.155024,0.1,0.2,0.000206146,9406.83,565.7,339.168,0.01,0.95,10,10000,0.938,0.139,424,308,0.053288,0,0.726415
1319,10000,14.013,13.3352,17.7828,0.0229479,0.0158489,0.0251189,0.171088,0.15,0.2,0.250335,0.2,0.3,0.000206146,14110.2,690.489,508.752,0.01,0.95,10,10000,0.938,0.139,636,464,0.0434156,0,0.72956
1320,10000,13.9613,13.3352,17.7828,0.0226849,0.0158489,0.0251189,0.173055,0.15,0.2,0.351145,0.3,0.4,0.000206146,14775.8,701.902,532.75,0.01,0.95,10,10000,0.938,0.139,666,490,0.042248,0,0.735736
1321,10000,13.9565,13.3352,17.7828,0.0228151,0.0158489,0.0251189,0.171766,0.15,0.2,0.449542,0.4,0.5,0.000206146,15641.1,735.218,563.947,0.01,0.95,10,10000,0.938,0.139,705,507,0.0415337,0,0.719149
1322,10000,13.977,13.3352,17.7828,0.0227508,0.0158489,0.0251189,0.173122,0.15,0.2,0.549408,0.5,0.6,0.000206146,12180.1,603.619,439.158,0.01,0.95,10,10000,0.938,0.139,549,432,0.0449948,0,0.786885
1323,10000,13.9212,13.3352,17.7828,0.022805,0.0158489,0.0251189,0.172426,0.15,0.2,0.648305,0.6,0.7,0.000206146,10405.2,594.536,375.165,0.01,0.95,10,10000,0.938,0.139,469,341,0.0506439,0,0.727079
1324,10000,13.9533,13.3352,17.7828,0.0228395,0.0158489,0.0251189,0.171919,0.15,0.2,0.74886,0.7,0.8,0.000206146,8918.74,572.223,321.57,0.01,0.95,10,10000,0.938,0.139,402,278,0.0560896,0,0.691542
1325,10000,13.9878,13.3352,17.7828,0.0227404,0.0158489,0.0251189,0.172893,0.15,0.2,0.849722,0.8,0.9,0.000206146,7654.14,526.024,275.974,0.01,0.95,10,10000,0.938,0.139,345,241,0.0602415,0,0.698551
1326,10000,13.9474,13.3352,17.7828,0.0229375,0.0158489,0.0251189,0.175354,0.15,0.2,0.94504,0.9,1,0.000206146,5812.71,456.523,209.58,0.01,0.95,10,10000,0.938,0.139,262,184,0.0689438,0,0.70229
1327,10000,13.9197,13.3352,17.7828,0.0227158,0.0158489,0.0251189,0.172203,0.15,0.2,1.20501,1,1.5,0.00103073,3057.22,148.509,110.23,0.01,0.95,10,10000,0.938,0.139,689,482,0.0425972,0,0.699565
1328,10000,14.1264,13.3352,17.7828,0.0228865,0.0158489,0.0251189,0.219938,0.2,0.25,0.0709837,0,0.1,0.000206146,1996.73,313.049,71.9932,0.01,0.95,10,10000,0.938,0.139,90,51,0.130954,0,0.566667
1329,10000,13.9361,13.3352,17.7828,0.0226271,0.0158489,0.0251189,0.221079,0.2,0.25,0.150232,0.1,0.2,0.000206146,5391.18,474.89,194.382,0.01,0.95,10,10000,0.938,0.139,243,154,0.0753606,0,0.633745
1330,10000,13.957,13.3352,17.7828,0.0226964,0.0158489,0.0251189,0.220552,0.2,0.25,0.254527,0.2,0.3,0.000206146,7986.93,591.544,287.973,0.01,0.95,10,10000,0.938,0.139,360,221,0.0629083,0,0.613889
1331,10000,13.9586,13.3352,17.7828,0.0227883,0.0158489,0.0251189,0.221074,0.2,0.25,0.354098,0.3,0.4,0.000206146,8519.39,633.611,307.171,0.01,0.95,10,10000,0.938,0.139,384,224,0.0624857,0,0.583333
1332,10000,13.9324,13.3352,17.7828,0.0226731,0.0158489,0.0251189,0.222449,0.2,0.25,0.448579,0.4,0.5,0.000206146,7876,545.348,283.973,0.01,0.95,10,10000,0.938,0.139,355,241,0.0602415,0,0.678873
1333,10000,13.9281,13.3352,17.7828,0.0226881,0.0158489,0.0251189,0.222382,0.2,0.25,0.548494,0.5,0.6,0.000206146,7254.79,509.418,261.575,0.01,0.95,10,10000,0.938,0.139,327,230,0.0616653,0,0.703364
1334,10000,13.9994,13.3352,17.7828,0.0226941,0.0158489,0.0251189,0.2224,0.2,0.25,0.647155,0.6,0.7,0.000206146,6345.17,507.498,228.778,0.01,0.95,10,10000,0.938,0.139,286,185,0.0687573,0,0.646853
1335,10000,13.9666,13.3352,17.7828,0.0228307,0.0158489,0.0251189,0.222101,0.2,0.25,0.747311,0.7,0.8,0.000206146,5546.48,487.157,199.981,0.01,0.95,10,10000,0.938,0.139,250,156,0.0748759,0,0.624
1336,10000,13.9305,13.3352,17.7828,0.0227875,0.0158489,0.0251189,0.223132,0.2,0.25,0.84948,0.8,0.9,0.000206146,4348.44,450.817,156.785,0.01,0.95,10,10000,0.938,0.139,196,115,0.0872078,0,0.586735
1337,10000,13.8396,13.3352,17.7828,0.0223691,0.0158489,0.0251189,0.222865,0.2,0.25,0.946384,0.9,1,0.000206146,3771.6,413.233,135.987,0.01,0.95,10,10000,0.938,0.139,170,102,0.0925986,0,0.6
1338,10000,13.9587,13.3352,17.7828,0.0227198,0.0158489,0.0251189,0.222733,0.2,0.25,1.21674,1,1.5,0.00103073,2125.41,138.523,76.6328,0.01,0.95,10,10000,0.938,0.139,479,288,0.0551072,0,0.601253
1339,10000,14.0334,13.3352,17.7828,0.0224078,0.0158489,0.0251189,0.270892,0.25,0.3,0.0669902,0,0.1,0.000206146,1397.71,245.968,50.3952,0.01,0.95,10,10000,0.938,0.139,63,39,0.149752,0,0.619048
1340,10000,13.9956,13.3352,17.7828,0.0227491,0.0158489,0.0251189,0.271639,0.25,0.3,0.155397,0.1,0.2,0.000206146,2773.24,350.998,99.9905,0.01,0.95,10,10000,0.938,0.139,125,76,0.107275,0,0.608
1341,10000,13.8805,13.3352,17.7828,0.0224508,0.0158489,0.0251189,0.273802,0.25,0.3,0.249869,0.2,0.3,0.000206146,4636.86,467.219,167.184,0.01,0.95,10,10000,0.938,0.139,209,122,0.084669,0,0.583732
1342,10000,14.0734,13.3352,17.7828,0.0228671,0.0158489,0.0251189,0.272623,0.25,0.3,0.353983,0.3,0.4,0.000206146,5546.48,513.312,199.981,0.01,0.95,10,10000,0.938,0.139,250,145,0.0776641,0,0.58
1343,10000,13.9698,13.3352,17.7828,0.0227293,0.0158489,0.0251189,0.271818,0.25,0.3,0.443534,0.4,0.5,0.000206146,5169.32,520.252,186.382,0.01,0.95,10,10000,0.938,0.139,233,126,0.0833142,0,0.540773
1344,10000,13.9237,13.3352,17.7828,0.0230101,0.0158489,0.0251189,0.271993,0.25,0.3,0.549454,0.5,0.6,0.000206146,4370.62,462.094,157.585,0.01,0.95,10,10000,0.938,0.139,197,112,0.0883681,0,0.568528
1345,10000,13.9326,13.3352,17.7828,0.0231438,0.0158489,0.0251189,0.272192,0.25,0.3,0.649985,0.6,0.7,0.000206146,3505.37,413.279,126.388,0.01,0.95,10,10000,0.938,0.139,158,90,0.0985787,0,0.56962
1346,10000,13.8588,13.3352,17.7828,0.0226083,0.0158489,0.0251189,0.270852,0.25,0.3,0.74816,0.7,0.8,0.000206146,3505.37,416.513,126.388,0.01,0.95,10,10000,0.938,0.139,158,89,0.099131,0,0.563291
1347,10000,13.8488,13.3352,17.7828,0.022613,0.0158489,0.0251189,0.273742,0.25,0.3,0.847336,0.8,0.9,0.000206146,2107.66,305.082,75.9928,0.01,0.95,10,10000,0.938,0.139,95,58,0.122798,0,0.610526
1348,10000,14.0312,13.3352,17.7828,0.022894,0.0158489,0.0251189,0.273435,0.25,0.3,0.949509,0.9,1,0.000206146,2262.96,344.9,81.5923,0.01,0.95,10,10000,0.938,0.139,102,55,0.126102,0,0.539216
1349,10000,13.939,13.3352,17.7828,0.0227243,0.0158489,0.0251189,0.271877,0.25,0.3,1.20945,1,1.5,0.00103073,1415.46,121.51,51.0352,0.01,0.95,10,10000,0.938,0.139,319,173,0.0711019,0,0.54232
1350,10000,13.7465,13.3352,17.7828,0.0223698,0.0158489,0.0251189,0.342659,0.3,0.4,0.0679882,0,0.1,0.000412291,576.834,144.427,20.798,0.01,0.95,10,10000,0.938,0.139,52,22,0.199385,0,0.423077
1351,10000,14.0643,13.3352,17.7828,0.0227379,0.0158489,0.0251189,0.336914,0.3,0.4,0.153007,0.1,0.2,0.000412291,1453.18,222.684,52.395,0.01,0.95,10,10000,0.938,0.139,131,58,0.122798,0,0.442748
1352,10000,13.9687,13.3352,17.7828,0.0226045,0.0158489,0.0251189,0.335005,0.3,0.4,0.249982,0.2,0.3,0.000412291,1763.78,223.76,63.594,0.01,0.95,10,10000,0.938,0.139,159,81,0.103911,0,0.509434
1353,10000,14.0025,13.3352,17.7828,0.0227119,0.0158489,0.0251189,0.342282,0.3,0.4,0.352331,0.3,0.4,0.000412291,2695.59,317.723,97.1908,0.01,0.95,10,10000,0.938,0.139,243,100,0.09352,0,0.411523
1354,10000,13.9401,13.3352,17.7828,0.0228831,0.0158489,0.0251189,0.338724,0.3,0.4,0.446181,0.4,0.5,0.000412291,2617.94,245.422,94.3911,0.01,0.95,10,10000,0.938,0.139,236,140,0.0790388,0,0.59322
1355,10000,13.9738,13.3352,17.7828,0.0225847,0.0158489,0.0251189,0.344623,0.3,0.4,0.547788,0.5,0.6,0.000412291,2152.03,243.575,77.5927,0.01,0.95,10,10000,0.938,0.139,194,101,0.0930559,0,0.520619
1356,10000,13.9631,13.3352,17.7828,0.0228432,0.0158489,0.0251189,0.341308,0.3,0.4,0.648547,0.6,0.7,0.000412291,2296.24,224.376,82.7922,0.01,0.95,10,10000,0.938,0.139,207,127,0.0829856,0,0.613527
1357,10000,13.9907,13.3352,17.7828,0.0227776,0.0158489,0.0251189,0.341016,0.3,0.4,0.752057,0.7,0.8,0.000412291,1919.08,237.253,69.1935,0.01,0.95,10,10000,0.938,0.139,173,86,0.100845,0,0.49711
1358,10000,13.9224,13.3352,17.7828,0.0228213,0.0158489,0.0251189,0.338738,0.3,0.4,0.847004,0.8,0.9,0.000412291,1475.36,200.197,53.195,0.01,0.95,10,10000,0.938,0.139,133,70,0.111778,0,0.526316
1359,10000,13.911,13.3352,17.7828,0.0228887,0.0158489,0.0251189,0.342862,0.3,0.4,0.952266,0.9,1,0.000412291,1342.25,178.879,48.3954,0.01,0.95,10,10000,0.938,0.139,121,70,0.111778,0,0.578512
1360,10000,14.0153,13.3352,17.7828,0.0228696,0.0158489,0.0251189,0.345429,0.3,0.4,1.22531,1,1.5,0.00206146,874.125,70.3802,31.517,0.01,0.95,10,10000,0.938,0.139,394,201,0.0659639,0,0.510152
1361,10000,13.745,13.3352,17.7828,0.021504,0.0158489,0.0251189,0.463903,0.4,0.5,0.0679903,0,0.1,0.000412291,199.673,109.593,7.19932,0.01,0.95,10,10000,0.938,0.139,18,5,0.418234,0,0.277778
1362,10000,13.9267,13.3352,17.7828,0.0220868,0.0158489,0.0251189,0.447811,0.4,0.5,0.165325,0.1,0.2,0.000412291,421.532,103.494,15.1986,0.01,0.95,10,10000,0.938,0.139,38,21,0.204077,0,0.552632
1363,10000,13.9925,13.3352,17.7828,0.0230133,0.0158489,0.0251189,0.440279,0.4,0.5,0.254225,0.2,0.3,0.000412291,654.484,130.633,23.5978,0.01,0.95,10,10000,0.938,0.139,59,32,0.165322,0,0.542373
1364,10000,13.9934,13.3352,17.7828,0.0227091,0.0158489,0.0251189,0.443436,0.4,0.5,0.361539,0.3,0.4,0.000412291,887.436,172.209,31.997,0.01,0.95,10,10000,0.938,0.139,80,36,0.155867,0,0.45
1365,10000,13.9178,13.3352,17.7828,0.0226175,0.0158489,0.0251189,0.443307,0.4,0.5,0.455311,0.4,0.5,0.000412291,1020.55,158.537,36.7965,0.01,0.95,10,10000,0.938,0.139,92,52,0.129689,0,0.565217
1366,10000,14.0201,13.3352,17.7828,0.0234322,0.0158489,0.0251189,0.437967,0.4,0.5,0.551487,0.5,0.6,0.000412291,987.273,201.413,35.5966,0.01,0.95,10,10000,0.938,0.139,89,34,0.160385,0,0.382022
1367,10000,13.991,13.3352,17.7828,0.0228793,0.0158489,0.0251189,0.443362,0.4,0.5,0.647552,0.6,0.7,0.000412291,1042.74,171.775,37.5964,0.01,0.95,10,10000,0.938,0.139,94,48,0.134984,0,0.510638
1368,10000,13.9369,13.3352,17.7828,0.0227604,0.0158489,0.0251189,0.430032,0.4,0.5,0.744455,0.7,0.8,0.000412291,687.763,192.028,24.7977,0.01,0.95,10,10000,0.938,0.139,62,19,0.21455,0,0.306452
1369,10000,13.7761,13.3352,17.7828,0.0221174,0.0158489,0.0251189,0.444955,0.4,0.5,0.853402,0.8,0.9,0.000412291,765.414,150.714,27.5974,0.01,0.95,10,10000,0.938,0.139,69,34,0.160385,0,0.492754
1370,10000,13.9129,13.3352,17.7828,0.0227652,0.0158489,0.0251189,0.447938,0.4,0.5,0.952574,0.9,1,0.000412291,621.205,141.191,22.3979,0.01,0.95,10,10000,0.938,0.139,56,26,0.183408,0,0.464286
1371,10000,13.9863,13.3352,17.7828,0.0228001,0.0158489,0.0251189,0.439436,0.4,0.5,1.20793,1,1.5,0.00206146,366.068,49.1432,13.1988,0.01,0.95,10,10000,0.938,0.139,165,75,0.107988,0,0.454545
1372,10000,14.0817,13.3352,17.7828,0.0233751,0.0158489,0.0251189,0.513537,0.5,0.6,0.0614944,0,0.1,0.000412291,88.7436,77.6329,3.1997,0.01,0.95,10,10000,0.938,0.139,8,2,0.661286,0,0.25
1373,10000,13.9715,13.3352,17.7828,0.0222493,0.0158489,0.0251189,0.534614,0.5,0.6,0.165613,0.1,0.2,0.000412291,277.324,118.851,9.99905,0.01,0.95,10,10000,0.938,0.139,25,8,0.330643,0,0.32
1374,10000,13.9906,13.3352,17.7828,0.0224342,0.0158489,0.0251189,0.547862,0.5,0.6,0.244766,0.2,0.3,0.000412291,377.16,90.4962,13.5987,0.01,0.95,10,10000,0.938,0.139,34,21,0.204077,0,0.617647
1375,10000,14.0128,13.3352,17.7828,0.0228113,0.0158489,0.0251189,0.541125,0.5,0.6,0.361497,0.3,0.4,0.000412291,465.904,150.335,16.7984,0.01,0.95,10,10000,0.938,0.139,42,14,0.249943,0,0.333333
1376,10000,13.9254,13.3352,17.7828,0.0225651,0.0158489,0.0251189,0.546859,0.5,0.6,0.445182,0.4,0.5,0.000412291,621.205,161.606,22.3979,0.01,0.95,10,10000,0.938,0.139,56,21,0.204077,0,0.375
1377,10000,13.9716,13.3352,17.7828,0.0229864,0.0158489,0.0251189,0.541411,0.5,0.6,0.54702,0.5,0.6,0.000412291,499.183,130.194,17.9983,0.01,0.95,10,10000,0.938,0.139,45,20,0.209117,0,0.444444
1378,10000,13.8163,13.3352,17.7828,0.0220622,0.0158489,0.0251189,0.557891,0.5,0.6,0.65642,0.6,0.7,0.000412291,377.16,113.706,13.5987,0.01,0.95,10,10000,0.938,0.139,34,15,0.241468,0,0.441176
1379,10000,14.0689,13.3352,17.7828,0.0226949,0.0158489,0.0251189,0.547492,0.5,0.6,0.752756,0.7,0.8,0.000412291,377.16,130.676,13.5987,0.01,0.95,10,10000,0.938,0.139,34,12,0.269969,0,0.352941
1380,10000,13.7833,13.3352,17.7828,0.0223869,0.0158489,0.0251189,0.555913,0.5,0.6,0.847862,0.8,0.9,0.000412291,299.51,86.9201,10.799,0.01,0.95,10,10000,0.938,0.139,27,15,0.241468,0,0.555556
1381,10000,14.0993,13.3352,17.7828,0.0231933,0.0158489,0.0251189,0.549431,0.5,0.6,0.96229,0.9,1,0.000412291,244.045,71.2295,8.79917,0.01,0.95,10,10000,0.938,0.139,22,14,0.249943,0,0.636364
1382,10000,13.8493,13.3352,17.7828,0.022781,0.0158489,0.0251189,0.541323,0.5,0.6,1.20759,1,1.5,0.00206146,204.11,36.0372,7.3593,0.01,0.95,10,10000,0.938,0.139,92,43,0.142617,0,0.467391
1383,10000,14.1597,13.3352,17.7828,0.0223176,0.0158489,0.0251189,0.638737,0.6,0.7,0.170098,0.1,0.2,0.000412291,88.7436,50.8226,3.1997,0.01,0.95,10,10000,0.938,0.139,8,4,0.4676,0,0.5
1384,10000,13.8644,13.3352,17.7828,0.0228048,0.0158489,0.0251189,0.654658,0.6,0.7,0.254126,0.2,0.3,0.000412291,122.023,56.1866,4.39958,0.01,0.95,10,10000,0.938,0.139,11,6,0.381794,0,0.545455
1385,10000,13.9389,13.3352,17.7828,0.0232602,0.0158489,0.0251189,0.638,0.6,0.7,0.367652,0.3,0.4,0.000412291,188.58,84.0057,6.79936,0.01,0.95,10,10000,0.938,0.139,17,7,0.353472,0,0.411765
1386,10000,14.0921,13.3352,17.7828,0.0225542,0.0158489,0.0251189,0.639537,0.6,0.7,0.453916,0.4,0.5,0.000412291,166.394,72.8303,5.99943,0.01,0.95,10,10000,0.938,0.139,15,7,0.353472,0,0.466667
1387,10000,14.0263,13.3352,17.7828,0.0229274,0.0158489,0.0251189,0.642524,0.6,0.7,0.540351,0.5,0.6,0.000412291,221.859,75.3302,7.99924,0.01,0.95,10,10000,0.938,0.139,20,11,0.281973,0,0.55
1388,10000,14.2588,13.3352,17.7828,0.0233266,0.0158489,0.0251189,0.639636,0.6,0.7,0.656531,0.6,0.7,0.000412291,144.208,61.6242,5.19951,0.01,0.95,10,10000,0.938,0.139,13,7,0.353472,0,0.538462
1389,10000,13.8572,13.3352,17.7828,0.021774,0.0158489,0.0251189,0.637371,0.6,0.7,0.747711,0.7,0.8,0.000412291,210.766,87.5677,7.59928,0.01,0.95,10,10000,0.938,0.139,19,8,0.330643,0,0.421053
1390,10000,13.9778,13.3352,17.7828,0.0228449,0.0158489,0.0251189,0.640639,0.6,0.7,0.854051,0.8,0.9,0.000412291,177.487,78.421,6.39939,0.01,0.95,10,10000,0.938,0.139,16,7,0.353472,0,0.4375
1391,10000,14.4682,13.3352,17.7828,0.0237885,0.0158489,0.0251189,0.653134,0.6,0.7,0.972702,0.9,1,0.000412291,133.115,95.0805,4.79955,0.01,0.95,10,10000,0.938,0.139,12,3,0.539938,0,0.25
1392,10000,13.8167,13.3352,17.7828,0.022321,0.0158489,0.0251189,0.645062,0.6,0.7,1.18204,1,1.5,0.00206146,79.8693,20.0733,2.87973,0.01,0.95,10,10000,0.938,0.139,36,20,0.209117,0,0.555556
1393,10000,13.7061,13.3352,17.7828,0.0201007,0.0158489,0.0251189,0.753198,0.7,0.8,0.120908,0.1,0.2,0.000412291,33.2789,40.1788,1.19989,0.01,0.95,10,10000,0.938,0.139,3,1,0.9352,0,0.333333
1394,10000,14.312,13.3352,17.7828,0.0243579,0.0158489,0.0251189,0.770015,0.7,0.8,0.253864,0.2,0.3,0.000412291,55.4648,46.3945,1.99981,0.01,0.95,10,10000,0.938,0.139,5,2,0.661286,0,0.4
1395,10000,14.1764,13.3352,17.7828,0.0231902,0.0158489,0.0251189,0.737357,0.7,0.8,0.356653,0.3,0.4,0.000412291,55.4648,23.1973,1.99981,0.01,0.95,10,10000,0.938,0.139,5,5,0.418234,0,1
1396,10000,14.4411,13.3352,17.7828,0.0235324,0.0158489,0.0251189,0.727265,0.7,0.8,0.441074,0.4,0.5,0.000412291,55.4648,35.4344,1.99981,0.01,0.95,10,10000,0.938,0.139,5,3,0.539938,0,0.6
1397,10000,13.9128,13.3352,17.7828,0.0228664,0.0158489,0.0251189,0.744678,0.7,0.8,0.552358,0.5,0.6,0.000412291,144.208,103.568,5.19951,0.01,0.95,10,10000,0.938,0.139,13,3,0.539938,0,0.230769
1398,10000,14.3815,13.3352,17.7828,0.0237759,0.0158489,0.0251189,0.749785,0.7,0.8,0.613135,0.6,0.7,0.000412291,44.3718,35.937,1.59985,0.01,0.95,10,10000,0.938,0.139,4,2,0.661286,0,0.5
1399,10000,13.766,13.3352,17.7828,0.0233394,0.0158489,0.0251189,0.742083,0.7,0.8,0.742784,0.7,0.8,0.000412291,66.5577,44.0137,2.39977,0.01,0.95,10,10000,0.938,0.139,6,3,0.539938,0,0.5
1400,10000,14.0849,13.3352,17.7828,0.0235304,0.0158489,0.0251189,0.76326,0.7,0.8,0.924744,0.9,1,0.000412291,22.1859,25.4113,0.799924,0.01,0.95,10,10000,0.938,0.139,2,1,0.9352,0,0.5
1401,10000,14.1894,13.3352,17.7828,0.0233349,0.0158489,0.0251189,0.74439,0.7,0.8,1.21561,1,1.5,0.00206146,46.5904,17.0085,1.67984,0.01,0.95,10,10000,0.938,0.139,21,10,0.295736,0,0.47619
1402,10000,13.888,13.3352,17.7828,0.0210613,0.0158489,0.0251189,0.858667,0.8,0.9,0.183428,0.1,0.2,0.000412291,33.2789,40.1788,1.19989,0.01,0.95,10,10000,0.938,0.139,3,1,0.9352,0,0.333333
1403,10000,13.652,13.3352,17.7828,0.0221234,0.0158489,0.0251189,0.866065,0.8,0.9,0.366535,0.3,0.4,0.000412291,88.7436,43.5219,3.1997,0.01,0.95,10,10000,0.938,0.139,8,5,0.418234,0,0.625
1404,10000,13.6792,13.3352,17.7828,0.0213139,0.0158489,0.0251189,0.831531,0.8,0.9,0.444772,0.4,0.5,0.000412291,33.2789,25.4113,1.19989,0.01,0.95,10,10000,0.938,0.139,3,2,0.661286,0,0.666667
1405,10000,14.2822,13.3352,17.7828,0.0227901,0.0158489,0.0251189,0.851557,0.8,0.9,0.728003,0.7,0.8,0.000412291,44.3718,35.937,1.59985,0.01,0.95,10,10000,0.938,0.139,4,2,0.661286,0,0.5
1406,10000,13.384,13.3352,17.7828,0.0240811,0.0158489,0.0251189,0.884281,0.8,0.9,0.825928,0.8,0.9,0.000412291,11.093,10.3741,0.399962,0.01,0.95,10,10000,0.938,0.139,1,1,0.9352,0,1
1407,10000,14.2608,13.3352,17.7828,0.0232627,0.0158489,0.0251189,0.850937,0.8,0.9,0.969045,0.9,1,0.000412291,33.2789,17.9685,1.19989,0.01,0.95,10,10000,0.938,0.139,3,3,0.539938,0,1
1408,10000,14.0224,13.3352,17.7828,0.0225253,0.0158489,0.0251189,0.838128,0.8,0.9,1.21289,1,1.5,0.00206146,28.8417,13.6582,1.0399,0.01,0.95,10,10000,0.938,0.139,13,6,0.381794,0,0.461538
1409,10000,13.7288,13.3352,17.7828,0.0219665,0.0158489,0.0251189,0.903774,0.9,1,0.251508,0.2,0.3,0.000412291,11.093,10.3741,0.399962,0.01,0.95,10,10000,0.938,0.139,1,1,0.9352,0,1
1410,10000,13.6096,13.3352,17.7828,0.0201387,0.0158489,0.0251189,0.934829,0.9,1,0.544366,0.5,0.6,0.000412291,22.1859,14.6712,0.799924,0.01,0.95,10,10000,0.938,0.139,2,2,0.661286,0,1
1411,10000,13.9607,13.3352,17.7828,0.0233902,0.0158489,0.0251189,0.939419,0.9,1,0.647856,0.6,0.7,0.000412291,22.1859,14.6712,0.799924,0.01,0.95,10,10000,0.938,0.139,2,2,0.661286,0,1
1412,10000,14.7738,13.3352,17.7828,0.0329633,0.0251189,0.0398107,0.0700867,0.05,0.1,0.0643606,0,0.1,0.000326715,76417.9,1382.8,2755.29,0.01,0.95,10,10000,0.938,0.139,5459,3587,0.0156149,0,0.65708
1413,10000,14.8039,13.3352,17.7828,0.0329213,0.0251189,0.0398107,0.0710155,0.05,0.1,0.154056,0.1,0.2,0.000326715,182387,2107.27,6576.04,0.01,0.95,10,10000,0.938,0.139,13029,8719,0.0100155,0,0.669199
1414,10000,14.8305,13.3352,17.7828,0.032875,0.0251189,0.0398107,0.0720547,0.05,0.1,0.250572,0.2,0.3,0.000326715,227378,2367.72,8198.23,0.01,0.95,10,10000,0.938,0.139,16243,10779,0.00900773,0,0.663609
1415,10000,14.8657,13.3352,17.7828,0.0328295,0.0251189,0.0398107,0.0724357,0.05,0.1,0.349298,0.3,0.4,0.000326715,217467,2297.87,7840.88,0.01,0.95,10,10000,0.938,0.139,15535,10415,0.00916378,0,0.670422
1416,10000,14.9272,13.3352,17.7828,0.0326783,0.0251189,0.0398107,0.0723231,0.05,0.1,0.448952,0.4,0.5,0.000326715,179965,2071.88,6488.73,0.01,0.95,10,10000,0.938,0.139,12856,8721,0.0100143,0,0.67836
1417,10000,14.927,13.3352,17.7828,0.0325998,0.0251189,0.0398107,0.0724441,0.05,0.1,0.548494,0.5,0.6,0.000326715,141413,1815.08,5098.72,0.01,0.95,10,10000,0.938,0.139,10102,6960,0.0112099,0,0.688972
1418,10000,14.9808,13.3352,17.7828,0.0324706,0.0251189,0.0398107,0.0716831,0.05,0.1,0.648117,0.6,0.7,0.000326715,107887,1558.85,3889.9,0.01,0.95,10,10000,0.938,0.139,7707,5428,0.0126936,0,0.704295
1419,10000,14.9632,13.3352,17.7828,0.0324642,0.0251189,0.0398107,0.0718453,0.05,0.1,0.748555,0.7,0.8,0.000326715,82437.3,1325.33,2972.32,0.01,0.95,10,10000,0.938,0.139,5889,4298,0.014265,0,0.729835
1420,10000,14.9702,13.3352,17.7828,0.032393,0.0251189,0.0398107,0.0713797,0.05,0.1,0.848105,0.8,0.9,0.000326715,64029.2,1151.75,2308.61,0.01,0.95,10,10000,0.938,0.139,4574,3398,0.0160433,0,0.742895
1421,10000,15.0316,13.3352,17.7828,0.0324867,0.0251189,0.0398107,0.0712461,0.05,0.1,0.948277,0.9,1,0.000326715,48028.9,981.786,1731.71,0.01,0.95,10,10000,0.938,0.139,3431,2600,0.0183408,0,0.757797
1422,10000,15.0461,13.3352,17.7828,0.0323001,0.0251189,0.0398107,0.0724427,0.05,0.1,1.20082,1,1.5,0.00163358,25485.7,328.568,918.9,0.01,0.95,10,10000,0.938,0.139,9103,6669,0.0114518,0,0.732616
1423,10000,14.9121,13.3352,17.7828,0.0325401,0.0251189,0.0398107,0.121589,0.1,0.15,0.0653067,0,0.1,0.000326715,22257.6,665.191,802.511,0.01,0.95,10,10000,0.938,0.139,1590,1212,0.0268629,0,0.762264
1424,10000,14.9013,13.3352,17.7828,0.0326993,0.0251189,0.0398107,0.121135,0.1,0.15,0.153825,0.1,0.2,0.000326715,63273.3,1104.24,2281.35,0.01,0.95,10,10000,0.938,0.139,4520,3512,0.0157807,0,0.776991
1425,10000,14.87,13.3352,17.7828,0.0325203,0.0251189,0.0398107,0.121559,0.1,0.15,0.2512,0.2,0.3,0.000326715,86622.8,1279.8,3123.23,0.01,0.95,10,10000,0.938,0.139,6188,4864,0.0134093,0,0.786037
1426,10000,14.8972,13.3352,17.7828,0.0325926,0.0251189,0.0398107,0.121196,0.1,0.15,0.349396,0.3,0.4,0.000326715,90220.4,1288.23,3252.94,0.01,0.95,10,10000,0.938,0.139,6445,5151,0.0130304,0,0.799224
1427,10000,14.8972,13.3352,17.7828,0.0324726,0.0251189,0.0398107,0.121845,0.1,0.15,0.44869,0.4,0.5,0.000326715,81961.3,1241.17,2955.16,0.01,0.95,10,10000,0.938,0.139,5855,4619,0.0137604,0,0.788898
1428,10000,14.927,13.3352,17.7828,0.0325852,0.0251189,0.0398107,0.122199,0.1,0.15,0.548575,0.5,0.6,0.000326715,67458.8,1141,2432.26,0.01,0.95,10,10000,0.938,0.139,4819,3741,0.0152901,0,0.776302
1429,10000,14.9018,13.3352,17.7828,0.0323711,0.0251189,0.0398107,0.122235,0.1,0.15,0.647555,0.6,0.7,0.000326715,55294.1,1021.38,1993.66,0.01,0.95,10,10000,0.938,0.139,3950,3109,0.0167724,0,0.787089
1430,10000,14.9447,13.3352,17.7828,0.0325186,0.0251189,0.0398107,0.122381,0.1,0.15,0.7475,0.7,0.8,0.000326715,41561.6,914.571,1498.52,0.01,0.95,10,10000,0.938,0.139,2969,2246,0.0197333,0,0.756484
1431,10000,14.9876,13.3352,17.7828,0.0323731,0.0251189,0.0398107,0.121764,0.1,0.15,0.848455,0.8,0.9,0.000326715,32994.5,828.283,1189.63,0.01,0.95,10,10000,0.938,0.139,2357,1747,0.0223747,0,0.741196
1432,10000,14.9383,13.3352,17.7828,0.032089,0.0251189,0.0398107,0.122227,0.1,0.15,0.947633,0.9,1,0.000326715,26429.2,735.195,952.918,0.01,0.95,10,10000,0.938,0.139,1888,1414,0.0248702,0,0.748941
1433,10000,14.9636,13.3352,17.7828,0.0322741,0.0251189,0.0398107,0.122132,0.1,0.15,1.20707,1,1.5,0.00163358,14186.1,251.469,511.487,0.01,0.95,10,10000,0.938,0.139,5067,3593,0.0156018,0,0.709098
1434,10000,14.7839,13.3352,17.7828,0.0324088,0.0251189,0.0398107,0.170483,0.15,0.2,0.0670824,0,0.1,0.000326715,9756.96,476.931,351.792,0.01,0.95,10,10000,0.938,0.139,697,480,0.0426858,0,0.688666
1435,10000,14.8992,13.3352,17.7828,0.0325857,0.0251189,0.0398107,0.171224,0.15,0.2,0.15568,0.1,0.2,0.000326715,27801.1,782.118,1002.38,0.01,0.95,10,10000,0.938,0.139,1986,1420,0.0248176,0,0.715005
1436,10000,14.8766,13.3352,17.7828,0.0326772,0.0251189,0.0398107,0.171794,0.15,0.2,0.251898,0.2,0.3,0.000326715,41995.5,961.27,1514.17,0.01,0.95,10,10000,0.938,0.139,3000,2145,0.0201925,0,0.715
1437,10000,14.8603,13.3352,17.7828,0.0325363,0.0251189,0.0398107,0.171697,0.15,0.2,0.349551,0.3,0.4,0.000326715,44935.2,996.423,1620.16,0.01,0.95,10,10000,0.938,0.139,3210,2289,0.0195471,0,0.713084
1438,10000,14.8581,13.3352,17.7828,0.0325207,0.0251189,0.0398107,0.171921,0.15,0.2,0.448292,0.4,0.5,0.000326715,42737.5,964.867,1540.92,0.01,0.95,10,10000,0.938,0.139,3053,2197,0.0199521,0,0.71962
1439,10000,14.8923,13.3352,17.7828,0.0326452,0.0251189,0.0398107,0.172011,0.15,0.2,0.547097,0.5,0.6,0.000326715,36984.1,900.249,1333.48,0.01,0.95,10,10000,0.938,0.139,2642,1894,0.0214889,0,0.716881
1440,10000,14.9003,13.3352,17.7828,0.0324883,0.0251189,0.0398107,0.172577,0.15,0.2,0.64781,0.6,0.7,0.000326715,32994.5,848.619,1189.63,0.01,0.95,10,10000,0.938,0.139,2357,1694,0.0227221,0,0.71871
1441,10000,14.9581,13.3352,17.7828,0.0325909,0.0251189,0.0398107,0.171936,0.15,0.2,0.748862,0.7,0.8,0.000326715,24623.4,746.981,887.809,0.01,0.95,10,10000,0.938,0.139,1759,1234,0.0266224,0,0.701535
1442,10000,14.9954,13.3352,17.7828,0.032559,0.0251189,0.0398107,0.172788,0.15,0.2,0.849397,0.8,0.9,0.000326715,18534,629.084,668.254,0.01,0.95,10,10000,0.938,0.139,1324,965,0.0301051,0,0.728852
1443,10000,14.9749,13.3352,17.7828,0.0324473,0.0251189,0.0398107,0.172709,0.15,0.2,0.946978,0.9,1,0.000326715,15160.4,585.985,546.616,0.01,0.95,10,10000,0.938,0.139,1083,760,0.0339233,0,0.701754
1444,10000,15.0092,13.3352,17.7828,0.0325427,0.0251189,0.0398107,0.173211,0.15,0.2,1.20563,1,1.5,0.00163358,8771.47,205.387,316.26,0.01,0.95,10,10000,0.938,0.139,3133,2114,0.02034,0,0.674753
1445,10000,14.845,13.3352,17.7828,0.0328466,0.0251189,0.0398107,0.221061,0.2,0.25,0.0628542,0,0.1,0.000326715,5179.45,373.801,186.748,0.01,0.95,10,10000,0.938,0.139,370,231,0.0615316,0,0.624324
1446,10000,14.842,13.3352,17.7828,0.0328761,0.0251189,0.0398107,0.221225,0.2,0.25,0.153834,0.1,0.2,0.000326715,14208.5,633.384,512.294,0.01,0.95,10,10000,0.938,0.139,1015,614,0.0377416,0,0.604926
1447,10000,14.8194,13.3352,17.7828,0.0327556,0.0251189,0.0398107,0.221271,0.2,0.25,0.253027,0.2,0.3,0.000326715,20759.8,754.795,748.505,0.01,0.95,10,10000,0.938,0.139,1483,915,0.0309168,0,0.616993
1448,10000,14.9079,13.3352,17.7828,0.0325615,0.0251189,0.0398107,0.221528,0.2,0.25,0.350518,0.3,0.4,0.000326715,25127.3,830.137,905.979,0.01,0.95,10,10000,0.938,0.139,1795,1108,0.0280954,0,0.61727
1449,10000,14.901,13.3352,17.7828,0.0323392,0.0251189,0.0398107,0.221782,0.2,0.25,0.448849,0.4,0.5,0.000326715,25407.3,843.639,916.073,0.01,0.95,10,10000,0.938,0.139,1815,1104,0.0281462,0,0.608264
1450,10000,14.909,13.3352,17.7828,0.0325363,0.0251189,0.0398107,0.222258,0.2,0.25,0.548558,0.5,0.6,0.000326715,22593.6,791.924,814.624,0.01,0.95,10,10000,0.938,0.139,1614,988,0.0297527,0,0.612144
1451,10000,14.9528,13.3352,17.7828,0.0324717,0.0251189,0.0398107,0.222282,0.2,0.25,0.648582,0.6,0.7,0.000326715,19080,729.227,687.938,0.01,0.95,10,10000,0.938,0.139,1363,832,0.0324222,0,0.610418
1452,10000,14.8578,13.3352,17.7828,0.0321563,0.0251189,0.0398107,0.222559,0.2,0.25,0.749925,0.7,0.8,0.000326715,14754.4,613.244,531.979,0.01,0.95,10,10000,0.938,0.139,1054,684,0.0357583,0,0.648956
1453,10000,14.9246,13.3352,17.7828,0.032232,0.0251189,0.0398107,0.223027,0.2,0.25,0.850144,0.8,0.9,0.000326715,12458.7,572.724,449.204,0.01,0.95,10,10000,0.938,0.139,890,565,0.0393442,0,0.634831
1454,10000,15.0168,13.3352,17.7828,0.0325483,0.0251189,0.0398107,0.221887,0.2,0.25,0.949371,0.9,1,0.000326715,10274.9,538.633,370.467,0.01,0.95,10,10000,0.938,0.139,734,444,0.0443826,0,0.604905
1455,10000,14.8569,13.3352,17.7828,0.0324135,0.0251189,0.0398107,0.222271,0.2,0.25,1.21179,1,1.5,0.00163358,5840.18,180.87,210.571,0.01,0.95,10,10000,0.938,0.139,2086,1269,0.0262527,0,0.608341
1456,10000,14.8311,13.3352,17.7828,0.0329102,0.0251189,0.0398107,0.274368,0.25,0.3,0.0690105,0,0.1,0.000326715,2911.69,309.172,104.983,0.01,0.95,10,10000,0.938,0.139,208,113,0.0879762,0,0.543269
1457,10000,14.9096,13.3352,17.7828,0.0328135,0.0251189,0.0398107,0.273504,0.25,0.3,0.154796,0.1,0.2,0.000326715,8245.13,533.984,297.282,0.01,0.95,10,10000,0.938,0.139,589,308,0.053288,0,0.52292
1458,10000,14.8018,13.3352,17.7828,0.0325344,0.0251189,0.0398107,0.272201,0.25,0.3,0.253142,0.2,0.3,0.000326715,12654.7,615.325,456.27,0.01,0.95,10,10000,0.938,0.139,904,525,0.0408155,0,0.580752
1459,10000,14.868,13.3352,17.7828,0.0324476,0.0251189,0.0398107,0.272672,0.25,0.3,0.351647,0.3,0.4,0.000326715,14236.5,682.375,513.304,0.01,0.95,10,10000,0.938,0.139,1017,554,0.0397328,0,0.544739
1460,10000,14.8871,13.3352,17.7828,0.0325913,0.0251189,0.0398107,0.272828,0.25,0.3,0.450796,0.4,0.5,0.000326715,14124.5,680.231,509.266,0.01,0.95,10,10000,0.938,0.139,1009,549,0.0399134,0,0.544103
1461,10000,14.8904,13.3352,17.7828,0.032648,0.0251189,0.0398107,0.273093,0.25,0.3,0.548032,0.5,0.6,0.000326715,13998.5,638.45,504.724,0.01,0.95,10,10000,0.938,0.139,1000,592,0.0384365,0,0.592
1462,10000,14.9332,13.3352,17.7828,0.0324909,0.0251189,0.0398107,0.272217,0.25,0.3,0.647777,0.6,0.7,0.000326715,11604.8,611.05,418.416,0.01,0.95,10,10000,0.938,0.139,829,457,0.0437468,0,0.551267
1463,10000,14.8835,13.3352,17.7828,0.0326744,0.0251189,0.0398107,0.272279,0.25,0.3,0.747996,0.7,0.8,0.000326715,10540.9,603.515,380.057,0.01,0.95,10,10000,0.938,0.139,753,394,0.0471147,0,0.52324
1464,10000,14.915,13.3352,17.7828,0.0322741,0.0251189,0.0398107,0.272867,0.25,0.3,0.84667,0.8,0.9,0.000326715,8315.12,500.796,299.806,0.01,0.95,10,10000,0.938,0.139,594,343,0.050496,0,0.577441
1465,10000,15.0678,13.3352,17.7828,0.0327572,0.0251189,0.0398107,0.274274,0.25,0.3,0.947329,0.9,1,0.000326715,7167.24,477.003,258.418,0.01,0.95,10,10000,0.938,0.139,512,285,0.0553965,0,0.556641
1466,10000,14.9525,13.3352,17.7828,0.0325151,0.0251189,0.0398107,0.273313,0.25,0.3,1.20842,1,1.5,0.00163358,3927.98,156.391,141.625,0.01,0.95,10,10000,0.938,0.139,1403,792,0.0332309,0,0.564505
1467,10000,15.0103,13.3352,17.7828,0.0325779,0.0251189,0.0398107,0.339992,0.3,0.4,0.0694501,0,0.1,0.00065343,1301.86,159.188,46.9393,0.01,0.95,10,10000,0.938,0.139,186,89,0.099131,0,0.478495
1468,10000,14.8135,13.3352,17.7828,0.0321522,0.0251189,0.0398107,0.342205,0.3,0.4,0.154992,0.1,0.2,0.00065343,3730.6,264.726,134.509,0.01,0.95,10,10000,0.938,0.139,533,262,0.0577768,0,0.491557
1469,10000,14.8451,13.3352,17.7828,0.0328842,0.0251189,0.0398107,0.340654,0.3,0.4,0.252908,0.2,0.3,0.00065343,5886.38,334.894,212.236,0.01,0.95,10,10000,0.938,0.139,841,409,0.0462427,0,0.486326
1470,10000,14.8472,13.3352,17.7828,0.033052,0.0251189,0.0398107,0.341145,0.3,0.4,0.351942,0.3,0.4,0.00065343,6992.26,367.921,252.109,0.01,0.95,10,10000,0.938,0.139,999,480,0.0426858,0,0.48048
1471,10000,14.8215,13.3352,17.7828,0.0323561,0.0251189,0.0398107,0.339686,0.3,0.4,0.446778,0.4,0.5,0.00065343,7286.23,365.097,262.709,0.01,0.95,10,10000,0.938,0.139,1041,522,0.0409326,0,0.501441
1472,10000,14.8867,13.3352,17.7828,0.0327695,0.0251189,0.0398107,0.341153,0.3,0.4,0.549525,0.5,0.6,0.00065343,6712.29,356.298,242.015,0.01,0.95,10,10000,0.938,0.139,959,469,0.0431835,0,0.489051
1473,10000,14.8799,13.3352,17.7828,0.0325954,0.0251189,0.0398107,0.341299,0.3,0.4,0.646509,0.6,0.7,0.00065343,6747.28,353.477,243.277,0.01,0.95,10,10000,0.938,0.139,964,479,0.0427304,0,0.496888
1474,10000,14.9969,13.3352,17.7828,0.0326037,0.0251189,0.0398107,0.341759,0.3,0.4,0.748423,0.7,0.8,0.00065343,5606.41,335.104,202.142,0.01,0.95,10,10000,0.938,0.139,801,375,0.0482935,0,0.468165
1475,10000,14.7863,13.3352,17.7828,0.0322938,0.0251189,0.0398107,0.344816,0.3,0.4,0.847023,0.8,0.9,0.00065343,4325.54,293.238,155.96,0.01,0.95,10,10000,0.938,0.139,618,291,0.0548224,0,0.470874
1476,10000,14.8551,13.3352,17.7828,0.0330012,0.0251189,0.0398107,0.34365,0.3,0.4,0.949491,0.9,1,0.00065343,3744.6,259.969,135.014,0.01,0.95,10,10000,0.938,0.139,535,271,0.0568093,0,0.506542
1477,10000,14.8971,13.3352,17.7828,0.032563,0.0251189,0.0398107,0.342999,0.3,0.4,1.21446,1,1.5,0.00326715,2241.16,87.2046,80.8063,0.01,0.95,10,10000,0.938,0.139,1601,849,0.032096,0,0.530294
1478,10000,14.9721,13.3352,17.7828,0.0328016,0.0251189,0.0398107,0.444344,0.4,0.5,0.0699038,0,0.1,0.00065343,566.94,94.9917,20.4413,0.01,0.95,10,10000,0.938,0.139,81,45,0.139411,0,0.555556
1479,10000,14.6856,13.3352,17.7828,0.0327094,0.0251189,0.0398107,0.442786,0.4,0.5,0.155089,0.1,0.2,0.00065343,1616.83,185.734,58.2956,0.01,0.95,10,10000,0.938,0.139,231,103,0.092148,0,0.445887
1480,10000,14.8506,13.3352,17.7828,0.0331999,0.0251189,0.0398107,0.443578,0.4,0.5,0.252562,0.2,0.3,0.00065343,2302.76,211.208,83.027,0.01,0.95,10,10000,0.938,0.139,329,158,0.0744005,0,0.480243
1481,10000,14.8135,13.3352,17.7828,0.0325262,0.0251189,0.0398107,0.442286,0.4,0.5,0.351831,0.3,0.4,0.00065343,2827.7,249.315,101.954,0.01,0.95,10,10000,0.938,0.139,404,176,0.0704933,0,0.435644
1482,10000,14.8158,13.3352,17.7828,0.0330296,0.0251189,0.0398107,0.444249,0.4,0.5,0.447051,0.4,0.5,0.00065343,3002.68,250.823,108.263,0.01,0.95,10,10000,0.938,0.139,429,194,0.0671434,0,0.452214
1483,10000,14.8402,13.3352,17.7828,0.0329554,0.0251189,0.0398107,0.442265,0.4,0.5,0.546837,0.5,0.6,0.00065343,3198.66,250.029,115.329,0.01,0.95,10,10000,0.938,0.139,457,218,0.0633397,0,0.477024
1484,10000,14.8591,13.3352,17.7828,0.0324303,0.0251189,0.0398107,0.444775,0.4,0.5,0.65083,0.6,0.7,0.00065343,2645.72,231.026,95.3928,0.01,0.95,10,10000,0.938,0.139,378,176,0.0704933,0,0.465608
1485,10000,14.8818,13.3352,17.7828,0.0327835,0.0251189,0.0398107,0.44597,0.4,0.5,0.750856,0.7,0.8,0.00065343,2554.73,226.972,92.1121,0.01,0.95,10,10000,0.938,0.139,365,170,0.0717266,0,0.465753
1486,10000,14.8049,13.3352,17.7828,0.0323971,0.0251189,0.0398107,0.44645,0.4,0.5,0.850052,0.8,0.9,0.00065343,2092.78,203.77,75.4562,0.01,0.95,10,10000,0.938,0.139,299,141,0.078758,0,0.471572
1487,10000,14.8579,13.3352,17.7828,0.0333399,0.0251189,0.0398107,0.443666,0.4,0.5,0.947137,0.9,1,0.00065343,1742.82,184.333,62.8381,0.01,0.95,10,10000,0.938,0.139,249,119,0.0857296,0,0.477912
1488,10000,14.9011,13.3352,17.7828,0.0319328,0.0251189,0.0398107,0.445183,0.4,0.5,1.21086,1,1.5,0.00326715,1090.48,68.1331,39.318,0.01,0.95,10,10000,0.938,0.139,779,348,0.050132,0,0.446727
1489,10000,14.1913,13.3352,17.7828,0.0321321,0.0251189,0.0398107,0.534322,0.5,0.6,0.0730801,0,0.1,0.00065343,209.978,85.3455,7.57085,0.01,0.95,10,10000,0.938,0.139,30,9,0.311733,0,0.3
1490,10000,14.5028,13.3352,17.7828,0.0318329,0.0251189,0.0398107,0.546061,0.5,0.6,0.155816,0.1,0.2,0.00065343,650.931,120.599,23.4696,0.01,0.95,10,10000,0.938,0.139,93,40,0.147868,0,0.430108
1491,10000,14.8766,13.3352,17.7828,0.0317165,0.0251189,0.0398107,0.539742,0.5,0.6,0.254288,0.2,0.3,0.00065343,909.903,145.769,32.807,0.01,0.95,10,10000,0.938,0.139,130,54,0.127265,0,0.415385
1492,10000,14.7886,13.3352,17.7828,0.0327567,0.0251189,0.0398107,0.537267,0.5,0.6,0.356698,0.3,0.4,0.00065343,1119.88,160.894,40.3779,0.01,0.95,10,10000,0.938,0.139,160,67,0.114253,0,0.41875
1493,10000,14.8918,13.3352,17.7828,0.0329222,0.0251189,0.0398107,0.542301,0.5,0.6,0.449615,0.4,0.5,0.00065343,1427.85,172.062,51.4818,0.01,0.95,10,10000,0.938,0.139,204,93,0.0969757,0,0.455882
1494,10000,14.7963,13.3352,17.7828,0.0327162,0.0251189,0.0398107,0.546591,0.5,0.6,0.546631,0.5,0.6,0.00065343,1504.84,176.657,54.2578,0.01,0.95,10,10000,0.938,0.139,215,98,0.0944694,0,0.455814
1495,10000,14.9998,13.3352,17.7828,0.0320823,0.0251189,0.0398107,0.540519,0.5,0.6,0.647317,0.6,0.7,0.00065343,1336.86,175.765,48.2011,0.01,0.95,10,10000,0.938,0.139,191,80,0.104559,0,0.418848
1496,10000,14.7143,13.3352,17.7828,0.0337235,0.0251189,0.0398107,0.539099,0.5,0.6,0.749415,0.7,0.8,0.00065343,1070.89,151.473,38.6114,0.01,0.95,10,10000,0.938,0.139,153,68,0.11341,0,0.444444
1497,10000,14.8156,13.3352,17.7828,0.0329387,0.0251189,0.0398107,0.54321,0.5,0.6,0.854081,0.8,0.9,0.00065343,888.906,137.137,32.05,0.01,0.95,10,10000,0.938,0.139,127,57,0.12387,0,0.448819
1498,10000,14.8278,13.3352,17.7828,0.0319767,0.0251189,0.0398107,0.545748,0.5,0.6,0.955744,0.9,1,0.00065343,965.898,141.389,34.8259,0.01,0.95,10,10000,0.938,0.139,138,63,0.117824,0,0.456522
1499,10000,14.8015,13.3352,17.7828,0.0326804,0.0251189,0.0398107,0.546926,0.5,0.6,1.21167,1,1.5,0.00326715,571.139,51.9337,20.5927,0.01,0.95,10,10000,0.938,0.139,408,168,0.0721522,0,0.411765
1500,10000,15.3076,13.3352,17.7828,0.0320607,0.0251189,0.0398107,0.632295,0.6,0.7,0.0834796,0,0.1,0.00065343,139.985,54.3289,5.04724,0.01,0.95,10,10000,0.938,0.139,20,9,0.311733,0,0.45
1501,10000,15.2421,13.3352,17.7828,0.0338369,0.0251189,0.0398107,0.631962,0.6,0.7,0.164347,0.1,0.2,0.00065343,265.972,88.8274,9.58975,0.01,0.95,10,10000,0.938,0.139,38,13,0.259378,0,0.342105
1502,10000,14.9276,13.3352,17.7828,0.0325763,0.0251189,0.0398107,0.640792,0.6,0.7,0.251817,0.2,0.3,0.00065343,475.95,108.453,17.1606,0.01,0.95,10,10000,0.938,0.139,68,27,0.179979,0,0.397059
1503,10000,15.0386,13.3352,17.7828,0.0324949,0.0251189,0.0398107,0.637721,0.6,0.7,0.349627,0.3,0.4,0.00065343,475.95,113.737,17.1606,0.01,0.95,10,10000,0.938,0.139,68,25,0.18704,0,0.367647
1504,10000,14.9208,13.3352,17.7828,0.0317376,0.0251189,0.0398107,0.643729,0.6,0.7,0.454888,0.4,0.5,0.00065343,580.938,104.126,20.946,0.01,0.95,10,10000,0.938,0.139,83,41,0.146054,0,0.493976
1505,10000,14.8413,13.3352,17.7828,0.0322253,0.0251189,0.0398107,0.63712,0.6,0.7,0.545963,0.5,0.6,0.00065343,545.942,116.085,19.6842,0.01,0.95,10,10000,0.938,0.139,78,31,0.167967,0,0.397436
1506,10000,14.9822,13.3352,17.7828,0.0307436,0.0251189,0.0398107,0.658962,0.6,0.7,0.648998,0.6,0.7,0.00065343,524.944,113.375,18.9271,0.01,0.95,10,10000,0.938,0.139,75,30,0.170743,0,0.4
1507,10000,14.6656,13.3352,17.7828,0.0330667,0.0251189,0.0398107,0.645315,0.6,0.7,0.754044,0.7,0.8,0.00065343,489.948,114.676,17.6653,0.01,0.95,10,10000,0.938,0.139,70,26,0.183408,0,0.371429
1508,10000,14.6317,13.3352,17.7828,0.0315416,0.0251189,0.0398107,0.647232,0.6,0.7,0.840196,0.8,0.9,0.00065343,447.952,125.425,16.1512,0.01,0.95,10,10000,0.938,0.139,64,19,0.21455,0,0.296875
1509,10000,15.2667,13.3352,17.7828,0.0325495,0.0251189,0.0398107,0.634794,0.6,0.7,0.944108,0.9,1,0.00065343,377.96,100.897,13.6275,0.01,0.95,10,10000,0.938,0.139,54,20,0.209117,0,0.37037
1510,10000,14.8898,13.3352,17.7828,0.0322553,0.0251189,0.0398107,0.641212,0.6,0.7,1.18907,1,1.5,0.00326715,324.766,38.5352,11.7096,0.01,0.95,10,10000,0.938,0.139,232,98,0.0944694,0,0.422414
1511,10000,13.5983,13.3352,17.7828,0.0327679,0.0251189,0.0398107,0.748004,0.7,0.8,0.0672703,0,0.1,0.00065343,34.9963,29.2733,1.26181,0.01,0.95,10,10000,0.938,0.139,5,2,0.661286,0,0.4
1512,10000,15.6337,13.3352,17.7828,0.0342843,0.0251189,0.0398107,0.722726,0.7,0.8,0.157202,0.1,0.2,0.00065343,118.987,73.9114,4.29015,0.01,0.95,10,10000,0.938,0.139,17,4,0.4676,0,0.235294
1513,10000,14.2652,13.3352,17.7828,0.0339113,0.0251189,0.0398107,0.750583,0.7,0.8,0.268223,0.2,0.3,0.00065343,244.974,100.817,8.83266,0.01,0.95,10,10000,0.938,0.139,35,9,0.311733,0,0.257143
1514,10000,15.3969,13.3352,17.7828,0.0331353,0.0251189,0.0398107,0.744817,0.7,0.8,0.351474,0.3,0.4,0.00065343,230.975,75.9241,8.32794,0.01,0.95,10,10000,0.938,0.139,33,13,0.259378,0,0.393939
1515,10000,14.4995,13.3352,17.7828,0.0329626,0.0251189,0.0398107,0.753426,0.7,0.8,0.467577,0.4,0.5,0.00065343,258.973,78.9655,9.33739,0.01,0.95,10,10000,0.938,0.139,37,15,0.241468,0,0.405405
1516,10000,15.4306,13.3352,17.7828,0.0328802,0.0251189,0.0398107,0.737967,0.7,0.8,0.558614,0.5,0.6,0.00065343,279.97,71.7046,10.0945,0.01,0.95,10,10000,0.938,0.139,40,20,0.209117,0,0.5
1517,10000,15.2075,13.3352,17.7828,0.031638,0.0251189,0.0398107,0.748622,0.7,0.8,0.65163,0.6,0.7,0.00065343,314.967,70.8026,11.3563,0.01,0.95,10,10000,0.938,0.139,45,25,0.18704,0,0.555556
1518,10000,14.144,13.3352,17.7828,0.0339909,0.0251189,0.0398107,0.737853,0.7,0.8,0.744503,0.7,0.8,0.00065343,307.967,95.7852,11.1039,0.01,0.95,10,10000,0.938,0.139,44,15,0.241468,0,0.340909
1519,10000,14.7365,13.3352,17.7828,0.031587,0.0251189,0.0398107,0.743153,0.7,0.8,0.84006,0.8,0.9,0.00065343,230.975,66.4719,8.32794,0.01,0.95,10,10000,0.938,0.139,33,16,0.2338,0,0.484848
1520,10000,14.9517,13.3352,17.7828,0.0319465,0.0251189,0.0398107,0.753745,0.7,0.8,0.949645,0.9,1,0.00065343,216.977,88.4411,7.82322,0.01,0.95,10,10000,0.938,0.139,31,9,0.311733,0,0.290323
1521,10000,14.8994,13.3352,17.7828,0.0326972,0.0251189,0.0398107,0.750775,0.7,0.8,1.2557,1,1.5,0.00326715,120.387,25.3936,4.34062,0.01,0.95,10,10000,0.938,0.139,86,32,0.165322,0,0.372093
1522,10000,15.7418,13.3352,17.7828,0.0379045,0.0251189,0.0398107,0.893845,0.8,0.9,0.0598938,0,0.1,0.00065343,6.99926,-nan,0.252362,0.01,0.95,10,10000,0.938,0.139,1,2,0.661286,0,2
1523,10000,14.9027,13.3352,17.7828,0.0291716,0.0251189,0.0398107,0.81747,0.8,0.9,0.15961,0.1,0.2,0.00065343,55.9941,32.0673,2.01889,0.01,0.95,10,10000,0.938,0.139,8,4,0.4676,0,0.5
1524,10000,17.45,13.3352,17.7828,0.0353436,0.0251189,0.0398107,0.858068,0.8,0.9,0.229386,0.2,0.3,0.00065343,97.9896,127.263,3.53307,0.01,0.95,10,10000,0.938,0.139,14,1,0.9352,0,0.0714286
1525,10000,16.3692,13.3352,17.7828,0.037139,0.0251189,0.0398107,0.866242,0.8,0.9,0.347342,0.3,0.4,0.00065343,97.9896,59.9924,3.53307,0.01,0.95,10,10000,0.938,0.139,14,4,0.4676,0,0.285714
1526,10000,14.1126,13.3352,17.7828,0.0298576,0.0251189,0.0398107,0.804897,0.8,0.9,0.459648,0.4,0.5,0.00065343,90.9903,81.7558,3.2807,0.01,0.95,10,10000,0.938,0.139,13,2,0.661286,0,0.153846
1527,10000,15.1571,13.3352,17.7828,0.0322579,0.0251189,0.0398107,0.853494,0.8,0.9,0.536701,0.5,0.6,0.00065343,97.9896,70.7017,3.53307,0.01,0.95,10,10000,0.938,0.139,14,3,0.539938,0,0.214286
1528,10000,15.1358,13.3352,17.7828,0.0334548,0.0251189,0.0398107,0.833777,0.8,0.9,0.648318,0.6,0.7,0.00065343,111.988,60.8434,4.03779,0.01,0.95,10,10000,0.938,0.139,16,5,0.418234,0,0.3125
1529,10000,14.4119,13.3352,17.7828,0.0339934,0.0251189,0.0398107,0.832912,0.8,0.9,0.75225,0.7,0.8,0.00065343,132.986,65.892,4.79487,0.01,0.95,10,10000,0.938,0.139,19,6,0.381794,0,0.315789
1530,10000,14.8299,13.3352,17.7828,0.0332491,0.0251189,0.0398107,0.838552,0.8,0.9,0.85934,0.8,0.9,0.00065343,153.984,70.5862,5.55196,0.01,0.95,10,10000,0.938,0.139,22,7,0.353472,0,0.318182
1531,10000,14.3366,13.3352,17.7828,0.0316695,0.0251189,0.0398107,0.823104,0.8,0.9,0.966737,0.9,1,0.00065343,41.9955,27.7711,1.51417,0.01,0.95,10,10000,0.938,0.139,6,3,0.539938,0,0.5
1532,10000,14.9706,13.3352,17.7828,0.0343823,0.0251189,0.0398107,0.83037,0.8,0.9,1.16073,1,1.5,0.00326715,44.7952,17.2091,1.61512,0.01,0.95,10,10000,0.938,0.139,32,10,0.295736,0,0.3125
1533,10000,14.6525,13.3352,17.7828,0.0326423,0.0251189,0.0398107,0.932699,0.9,1,0.0966302,0,0.1,0.00065343,20.9978,25.3514,0.757085,0.01,0.95,10,10000,0.938,0.139,3,1,0.9352,0,0.333333
1534,10000,13.399,13.3352,17.7828,0.0335216,0.0251189,0.0398107,0.921774,0.9,1,0.201364,0.2,0.3,0.00065343,27.997,34.6366,1.00945,0.01,0.95,10,10000,0.938,0.139,4,1,0.9352,0,0.25
1535,10000,15.4797,13.3352,17.7828,0.033165,0.0251189,0.0398107,0.93799,0.9,1,0.359008,0.3,0.4,0.00065343,55.9941,20.993,2.01889,0.01,0.95,10,10000,0.938,0.139,8,7,0.353472,0,0.875
1536,10000,16.9994,13.3352,17.7828,0.0317881,0.0251189,0.0398107,0.951932,0.9,1,0.45329,0.4,0.5,0.00065343,62.9933,80.9659,2.27126,0.01,0.95,10,10000,0.938,0.139,9,1,0.9352,0,0.111111
1537,10000,15.6211,13.3352,17.7828,0.028976,0.0251189,0.0398107,0.952988,0.9,1,0.529493,0.5,0.6,0.00065343,27.997,34.6366,1.00945,0.01,0.95,10,10000,0.938,0.139,4,1,0.9352,0,0.25
1538,10000,14.0825,13.3352,17.7828,0.0374323,0.0251189,0.0398107,0.9139,0.9,1,0.600146,0.6,0.7,0.00065343,27.997,34.6366,1.00945,0.01,0.95,10,10000,0.938,0.139,4,1,0.9352,0,0.25
1539,10000,14.5262,13.3352,17.7828,0.0284486,0.0251189,0.0398107,0.940384,0.9,1,0.753737,0.7,0.8,0.00065343,27.997,34.6366,1.00945,0.01,0.95,10,10000,0.938,0.139,4,1,0.9352,0,0.25
1540,10000,14.6892,13.3352,17.7828,0.0264208,0.0251189,0.0398107,0.988879,0.9,1,0.855541,0.8,0.9,0.00065343,34.9963,43.9099,1.26181,0.01,0.95,10,10000,0.938,0.139,5,1,0.9352,0,0.2
1541,10000,14.7178,13.3352,17.7828,0.0258042,0.0251189,0.0398107,0.993033,0.9,1,0.956867,0.9,1,0.00065343,20.9978,25.3514,0.757085,0.01,0.95,10,10000,0.938,0.139,3,1,0.9352,0,0.333333
1542,10000,14.8998,13.3352,17.7828,0.0300931,0.0251189,0.0398107,0.922561,0.9,1,1.39238,1,1.5,0.00326715,4.19955,3.20673,0.151417,0.01,0.95,10,10000,0.938,0.139,3,2,0.661286,0,0.666667
1543,10000,15.1881,13.3352,17.7828,0.0505392,0.0398107,0.0630957,0.0691631,0.05,0.1,0.0648074,0,0.1,0.00051781,55246.9,804.917,1991.96,0.01,0.95,10,10000,0.938,0.139,6255,4968,0.0132682,0,0.794245
1544,10000,15.133,13.3352,17.7828,0.0507044,0.0398107,0.0630957,0.070381,0.05,0.1,0.153898,0.1,0.2,0.00051781,131868,1252.4,4754.58,0.01,0.95,10,10000,0.938,0.139,14930,11757,0.00862494,0,0.787475
1545,10000,15.1463,13.3352,17.7828,0.0505889,0.0398107,0.0630957,0.0710179,0.05,0.1,0.250222,0.2,0.3,0.00051781,170970,1440.9,6164.39,0.01,0.95,10,10000,0.938,0.139,19357,15052,0.00762267,0,0.7776
1546,10000,15.1523,13.3352,17.7828,0.0505182,0.0398107,0.0630957,0.0716914,0.05,0.1,0.348344,0.3,0.4,0.00051781,160901,1413.25,5801.35,0.01,0.95,10,10000,0.938,0.139,18217,13976,0.00791066,0,0.767195
1547,10000,15.1674,13.3352,17.7828,0.0504819,0.0398107,0.0630957,0.0722726,0.05,0.1,0.447486,0.4,0.5,0.00051781,132646,1327.53,4782.6,0.01,0.95,10,10000,0.938,0.139,15018,11043,0.0088994,0,0.735318
1548,10000,15.181,13.3352,17.7828,0.0504281,0.0398107,0.0630957,0.0725301,0.05,0.1,0.547216,0.5,0.6,0.00051781,103454,1214.4,3730.1,0.01,0.95,10,10000,0.938,0.139,11713,8233,0.0103068,0,0.702894
1549,10000,15.211,13.3352,17.7828,0.0504392,0.0398107,0.0630957,0.0718666,0.05,0.1,0.64694,0.6,0.7,0.00051781,78379.1,1100.14,2826,0.01,0.95,10,10000,0.938,0.139,8874,5918,0.0121567,0,0.666892
1550,10000,15.2414,13.3352,17.7828,0.0504368,0.0398107,0.0630957,0.0720721,0.05,0.1,0.7477,0.7,0.8,0.00051781,60899.7,992.032,2195.77,0.01,0.95,10,10000,0.938,0.139,6895,4460,0.0140035,0,0.646846
1551,10000,15.2541,13.3352,17.7828,0.0504545,0.0398107,0.0630957,0.0714984,0.05,0.1,0.847209,0.8,0.9,0.00051781,45619.6,867.604,1644.84,0.01,0.95,10,10000,0.938,0.139,5165,3294,0.0162946,0,0.637754
1552,10000,15.2427,13.3352,17.7828,0.0500073,0.0398107,0.0630957,0.0716848,0.05,0.1,0.948269,0.9,1,0.00051781,34791,755.926,1254.41,0.01,0.95,10,10000,0.938,0.139,3939,2520,0.0186296,0,0.639756
1553,10000,15.2676,13.3352,17.7828,0.0502487,0.0398107,0.0630957,0.072172,0.05,0.1,1.20507,1,1.5,0.00258905,18071.2,248.139,651.565,0.01,0.95,10,10000,0.938,0.139,10230,6383,0.0117056,0,0.623949
1554,10000,15.1591,13.3352,17.7828,0.0504766,0.0398107,0.0630957,0.120719,0.1,0.15,0.0655488,0,0.1,0.00051781,16834.6,470.943,606.981,0.01,0.95,10,10000,0.938,0.139,1906,1409,0.0249143,0,0.739244
1555,10000,15.1588,13.3352,17.7828,0.0505497,0.0398107,0.0630957,0.12105,0.1,0.15,0.15439,0.1,0.2,0.00051781,47889.5,780.526,1726.68,0.01,0.95,10,10000,0.938,0.139,5422,4097,0.0146107,0,0.755625
1556,10000,15.1344,13.3352,17.7828,0.0504406,0.0398107,0.0630957,0.121055,0.1,0.15,0.251122,0.2,0.3,0.00051781,65934.2,910.357,2377.29,0.01,0.95,10,10000,0.938,0.139,7465,5683,0.0124055,0,0.761286
1557,10000,15.1533,13.3352,17.7828,0.0504506,0.0398107,0.0630957,0.12147,0.1,0.15,0.349431,0.3,0.4,0.00051781,68230.6,931.941,2460.09,0.01,0.95,10,10000,0.938,0.139,7725,5835,0.0122429,0,0.75534
1558,10000,15.1722,13.3352,17.7828,0.0503877,0.0398107,0.0630957,0.121815,0.1,0.15,0.448924,0.4,0.5,0.00051781,61579.8,887.146,2220.29,0.01,0.95,10,10000,0.938,0.139,6972,5253,0.0129033,0,0.753442
1559,10000,15.1522,13.3352,17.7828,0.0502466,0.0398107,0.0630957,0.122093,0.1,0.15,0.5482,0.5,0.6,0.00051781,51201.7,833.986,1846.1,0.01,0.95,10,10000,0.938,0.139,5797,4203,0.0144253,0,0.72503
1560,10000,15.1772,13.3352,17.7828,0.0502562,0.0398107,0.0630957,0.122182,0.1,0.15,0.648254,0.6,0.7,0.00051781,38712.6,732.718,1395.8,0.01,0.95,10,10000,0.938,0.139,4383,3136,0.0167,0,0.715492
1561,10000,15.2199,13.3352,17.7828,0.0504335,0.0398107,0.0630957,0.122981,0.1,0.15,0.746444,0.7,0.8,0.00051781,30798.7,659.074,1110.46,0.01,0.95,10,10000,0.938,0.139,3487,2468,0.0188249,0,0.707772
1562,10000,15.1999,13.3352,17.7828,0.050177,0.0398107,0.0630957,0.12307,0.1,0.15,0.847656,0.8,0.9,0.00051781,23494.3,599.264,847.099,0.01,0.95,10,10000,0.938,0.139,2660,1786,0.0221291,0,0.671429
1563,10000,15.2225,13.3352,17.7828,0.050786,0.0398107,0.0630957,0.122894,0.1,0.15,0.9479,0.9,1,0.00051781,18398,528.759,663.348,0.01,0.95,10,10000,0.938,0.139,2083,1404,0.0249586,0,0.674028
1564,10000,15.2634,13.3352,17.7828,0.0502236,0.0398107,0.0630957,0.123322,0.1,0.15,1.20464,1,1.5,0.00258905,10201.5,190.551,367.819,0.01,0.95,10,10000,0.938,0.139,5775,3496,0.0158168,0,0.605368
1565,10000,15.1448,13.3352,17.7828,0.0504176,0.0398107,0.0630957,0.170943,0.15,0.2,0.0670482,0,0.1,0.00051781,7595.9,354.248,273.874,0.01,0.95,10,10000,0.938,0.139,860,548,0.0399498,0,0.637209
1566,10000,15.1396,13.3352,17.7828,0.0502254,0.0398107,0.0630957,0.171639,0.15,0.2,0.154391,0.1,0.2,0.00051781,21577.7,588.091,777.993,0.01,0.95,10,10000,0.938,0.139,2443,1589,0.0234608,0,0.65043
1567,10000,15.1105,13.3352,17.7828,0.0504553,0.0398107,0.0630957,0.171866,0.15,0.2,0.251393,0.2,0.3,0.00051781,31567.1,712.364,1138.17,0.01,0.95,10,10000,0.938,0.139,3574,2320,0.019416,0,0.649133
1568,10000,15.1444,13.3352,17.7828,0.0504866,0.0398107,0.0630957,0.171572,0.15,0.2,0.349442,0.3,0.4,0.00051781,35426.9,749.682,1277.34,0.01,0.95,10,10000,0.938,0.139,4011,2627,0.0182463,0,0.654949
1569,10000,15.137,13.3352,17.7828,0.0505654,0.0398107,0.0630957,0.172286,0.15,0.2,0.449222,0.4,0.5,0.00051781,33563.3,734.256,1210.14,0.01,0.95,10,10000,0.938,0.139,3800,2468,0.0188249,0,0.649474
1570,10000,15.1356,13.3352,17.7828,0.0502515,0.0398107,0.0630957,0.172509,0.15,0.2,0.548429,0.5,0.6,0.00051781,27795.7,666.239,1002.19,0.01,0.95,10,10000,0.938,0.139,3147,2052,0.020645,0,0.65205
1571,10000,15.1335,13.3352,17.7828,0.0503366,0.0398107,0.0630957,0.172242,0.15,0.2,0.648018,0.6,0.7,0.00051781,23847.6,618.553,859.837,0.01,0.95,10,10000,0.938,0.139,2700,1755,0.0223237,0,0.65
1572,10000,15.1777,13.3352,17.7828,0.050626,0.0398107,0.0630957,0.1734,0.15,0.2,0.747996,0.7,0.8,0.00051781,18433.3,555.479,664.622,0.01,0.95,10,10000,0.938,0.139,2087,1318,0.0257601,0,0.631529
1573,10000,15.116,13.3352,17.7828,0.0502753,0.0398107,0.0630957,0.172665,0.15,0.2,0.848471,0.8,0.9,0.00051781,14785.5,493.793,533.099,0.01,0.95,10,10000,0.938,0.139,1674,1068,0.0286167,0,0.637993
1574,10000,15.1379,13.3352,17.7828,0.0500195,0.0398107,0.0630957,0.172617,0.15,0.2,0.948054,0.9,1,0.00051781,11234.9,433.386,405.079,0.01,0.95,10,10000,0.938,0.139,1272,804,0.032982,0,0.632075
1575,10000,15.2355,13.3352,17.7828,0.0501534,0.0398107,0.0630957,0.17279,0.15,0.2,1.21486,1,1.5,0.00258905,6315.2,146.479,227.698,0.01,0.95,10,10000,0.938,0.139,3575,2235,0.0197818,0,0.625175
1576,10000,15.0703,13.3352,17.7828,0.0491634,0.0398107,0.0630957,0.221375,0.2,0.25,0.0664226,0,0.1,0.00051781,4089.42,293.069,147.446,0.01,0.95,10,10000,0.938,0.139,463,249,0.0592659,0,0.537797
1577,10000,15.1047,13.3352,17.7828,0.0506948,0.0398107,0.0630957,0.221917,0.2,0.25,0.154658,0.1,0.2,0.00051781,11499.8,479.827,414.633,0.01,0.95,10,10000,0.938,0.139,1302,725,0.0347325,0,0.556836
1578,10000,15.1278,13.3352,17.7828,0.0509028,0.0398107,0.0630957,0.222851,0.2,0.25,0.254435,0.2,0.3,0.00051781,17735.5,615.743,639.464,0.01,0.95,10,10000,0.938,0.139,2008,1066,0.0286435,0,0.530876
1579,10000,15.129,13.3352,17.7828,0.0501478,0.0398107,0.0630957,0.222442,0.2,0.25,0.349582,0.3,0.4,0.00051781,19820,644.033,714.62,0.01,0.95,10,10000,0.938,0.139,2244,1210,0.0268851,0,0.539216
1580,10000,15.1849,13.3352,17.7828,0.0507251,0.0398107,0.0630957,0.222159,0.2,0.25,0.449512,0.4,0.5,0.00051781,19652.2,622.366,708.569,0.01,0.95,10,10000,0.938,0.139,2225,1253,0.0264198,0,0.563146
1581,10000,15.1865,13.3352,17.7828,0.0507168,0.0398107,0.0630957,0.221858,0.2,0.25,0.546908,0.5,0.6,0.00051781,17214.4,584.553,620.675,0.01,0.95,10,10000,0.938,0.139,1949,1092,0.0283004,0,0.560287
1582,10000,15.1076,13.3352,17.7828,0.0502848,0.0398107,0.0630957,0.222308,0.2,0.25,0.648481,0.6,0.7,0.00051781,14873.8,519.394,536.284,0.01,0.95,10,10000,0.938,0.139,1684,1006,0.0294853,0,0.597387
1583,10000,15.1282,13.3352,17.7828,0.0503202,0.0398107,0.0630957,0.22302,0.2,0.25,0.74747,0.7,0.8,0.00051781,11932.6,476.587,430.237,0.01,0.95,10,10000,0.938,0.139,1351,780,0.0334855,0,0.57735
1584,10000,15.1578,13.3352,17.7828,0.0499398,0.0398107,0.0630957,0.222688,0.2,0.25,0.849386,0.8,0.9,0.00051781,9468.38,418.781,341.387,0.01,0.95,10,10000,0.938,0.139,1072,631,0.0372297,0,0.588619
1585,10000,15.2074,13.3352,17.7828,0.0504922,0.0398107,0.0630957,0.222528,0.2,0.25,0.949683,0.9,1,0.00051781,7339.76,370.939,264.639,0.01,0.95,10,10000,0.938,0.139,831,485,0.0424652,0,0.583634
1586,10000,15.186,13.3352,17.7828,0.050025,0.0398107,0.0630957,0.222729,0.2,0.25,1.20807,1,1.5,0.00258905,4188.34,124.348,151.013,0.01,0.95,10,10000,0.938,0.139,2371,1399,0.0250032,0,0.590046
1587,10000,15.2219,13.3352,17.7828,0.0501536,0.0398107,0.0630957,0.272416,0.25,0.3,0.0649847,0,0.1,0.00051781,2190.45,230.258,78.9776,0.01,0.95,10,10000,0.938,0.139,248,120,0.0853717,0,0.483871
1588,10000,15.2179,13.3352,17.7828,0.0503172,0.0398107,0.0630957,0.272366,0.25,0.3,0.155542,0.1,0.2,0.00051781,6694.99,390.461,241.391,0.01,0.95,10,10000,0.938,0.139,758,384,0.0477242,0,0.506596
1589,10000,15.1288,13.3352,17.7828,0.0509022,0.0398107,0.0630957,0.272186,0.25,0.3,0.254696,0.2,0.3,0.00051781,9830.51,480.468,354.444,0.01,0.95,10,10000,0.938,0.139,1113,551,0.0398409,0,0.495058
1590,10000,15.1175,13.3352,17.7828,0.0499564,0.0398107,0.0630957,0.272834,0.25,0.3,0.349573,0.3,0.4,0.00051781,10978.7,495.112,395.844,0.01,0.95,10,10000,0.938,0.139,1243,639,0.0369959,0,0.514079
1591,10000,15.1717,13.3352,17.7828,0.050465,0.0398107,0.0630957,0.272455,0.25,0.3,0.449647,0.4,0.5,0.00051781,10925.7,493.35,393.933,0.01,0.95,10,10000,0.938,0.139,1237,637,0.037054,0,0.514956
1592,10000,15.0998,13.3352,17.7828,0.0501503,0.0398107,0.0630957,0.27348,0.25,0.3,0.548799,0.5,0.6,0.00051781,10342.8,509.607,372.915,0.01,0.95,10,10000,0.938,0.139,1171,551,0.0398409,0,0.470538
1593,10000,15.017,13.3352,17.7828,0.0501214,0.0398107,0.0630957,0.273008,0.25,0.3,0.64841,0.6,0.7,0.00051781,9274.06,443.86,334.381,0.01,0.95,10,10000,0.938,0.139,1050,560,0.0395194,0,0.533333
1594,10000,15.1017,13.3352,17.7828,0.0506333,0.0398107,0.0630957,0.27308,0.25,0.3,0.749612,0.7,0.8,0.00051781,7587.07,388.234,273.556,0.01,0.95,10,10000,0.938,0.139,859,481,0.0426414,0,0.559953
1595,10000,15.1919,13.3352,17.7828,0.0503079,0.0398107,0.0630957,0.274894,0.25,0.3,0.84948,0.8,0.9,0.00051781,6491.84,385.426,234.067,0.01,0.95,10,10000,0.938,0.139,735,371,0.0485532,0,0.504762
1596,10000,15.1321,13.3352,17.7828,0.0509774,0.0398107,0.0630957,0.272871,0.25,0.3,0.946895,0.9,1,0.00051781,5166.98,334.965,186.298,0.01,0.95,10,10000,0.938,0.139,585,307,0.0533747,0,0.524786
1597,10000,15.1725,13.3352,17.7828,0.0500158,0.0398107,0.0630957,0.272712,0.25,0.3,1.21027,1,1.5,0.00258905,2918.24,112.574,105.219,0.01,0.95,10,10000,0.938,0.139,1652,867,0.0317611,0,0.524818
1598,10000,15.1962,13.3352,17.7828,0.0513551,0.0398107,0.0630957,0.342457,0.3,0.4,0.0682524,0,0.1,0.00103562,1068.73,103.835,38.5334,0.01,0.95,10,10000,0.938,0.139,242,134,0.080789,0,0.553719
1599,10000,15.0784,13.3352,17.7828,0.051189,0.0398107,0.0630957,0.339315,0.3,0.4,0.155255,0.1,0.2,0.00103562,3479.98,212.693,125.473,0.01,0.95,10,10000,0.938,0.139,788,361,0.049221,0,0.458122
1600,10000,15.0734,13.3352,17.7828,0.0509667,0.0398107,0.0630957,0.340989,0.3,0.4,0.253408,0.2,0.3,0.00103562,5030.07,250.364,181.362,0.01,0.95,10,10000,0.938,0.139,1139,539,0.0402819,0,0.473222
1601,10000,15.0097,13.3352,17.7828,0.0503709,0.0398107,0.0630957,0.342454,0.3,0.4,0.352304,0.3,0.4,0.00103562,6014.89,276.74,216.87,0.01,0.95,10,10000,0.938,0.139,1362,634,0.0371415,0,0.465492
1602,10000,15.1238,13.3352,17.7828,0.0507174,0.0398107,0.0630957,0.341386,0.3,0.4,0.449582,0.4,0.5,0.00103562,6195.96,286.04,223.398,0.01,0.95,10,10000,0.938,0.139,1403,635,0.0371123,0,0.452602
1603,10000,15.1233,13.3352,17.7828,0.0508267,0.0398107,0.0630957,0.342578,0.3,0.4,0.549133,0.5,0.6,0.00103562,5979.56,277.152,215.596,0.01,0.95,10,10000,0.938,0.139,1354,626,0.0373781,0,0.462334
1604,10000,15.0698,13.3352,17.7828,0.050897,0.0398107,0.0630957,0.34244,0.3,0.4,0.649811,0.6,0.7,0.00103562,5184.64,257.081,186.935,0.01,0.95,10,10000,0.938,0.139,1174,546,0.0400229,0,0.465077
1605,10000,15.1585,13.3352,17.7828,0.0508082,0.0398107,0.0630957,0.342885,0.3,0.4,0.747414,0.7,0.8,0.00103562,4425.05,235.205,159.548,0.01,0.95,10,10000,0.938,0.139,1002,473,0.0430005,0,0.472056
1606,10000,15.2438,13.3352,17.7828,0.0503582,0.0398107,0.0630957,0.340166,0.3,0.4,0.847631,0.8,0.9,0.00103562,3846.53,214.233,138.689,0.01,0.95,10,10000,0.938,0.139,871,426,0.0453106,0,0.489093
1607,10000,15.0929,13.3352,17.7828,0.0503356,0.0398107,0.0630957,0.341904,0.3,0.4,0.94827,0.9,1,0.00103562,3038.36,200.468,109.55,0.01,0.95,10,10000,0.938,0.139,688,311,0.0530303,0,0.452035
1608,10000,15.2426,13.3352,17.7828,0.0504879,0.0398107,0.0630957,0.344227,0.3,0.4,1.20532,1,1.5,0.0051781,1785.92,67.1694,64.3922,0.01,0.95,10,10000,0.938,0.139,2022,947,0.0303899,0,0.468348
1609,10000,14.9233,13.3352,17.7828,0.0502618,0.0398107,0.0630957,0.447331,0.4,0.5,0.0645726,0,0.1,0.00103562,423.957,77.6582,15.286,0.01,0.95,10,10000,0.938,0.139,96,41,0.146054,0,0.427083
1610,10000,15.0634,13.3352,17.7828,0.0503807,0.0398107,0.0630957,0.444493,0.4,0.5,0.149675,0.1,0.2,0.00103562,1293.95,132.404,46.6541,0.01,0.95,10,10000,0.938,0.139,293,130,0.0820225,0,0.443686
1611,10000,15.2201,13.3352,17.7828,0.0510509,0.0398107,0.0630957,0.442297,0.4,0.5,0.247637,0.2,0.3,0.00103562,2009.38,174.399,72.4492,0.01,0.95,10,10000,0.938,0.139,455,185,0.0687573,0,0.406593
1612,10000,15.0544,13.3352,17.7828,0.0504937,0.0398107,0.0630957,0.445004,0.4,0.5,0.351864,0.3,0.4,0.00103562,2539.33,194.379,91.5567,0.01,0.95,10,10000,0.938,0.139,575,237,0.0607478,0,0.412174
1613,10000,15.0458,13.3352,17.7828,0.0510213,0.0398107,0.0630957,0.441323,0.4,0.5,0.450609,0.4,0.5,0.00103562,2698.31,195.416,97.289,0.01,0.95,10,10000,0.938,0.139,611,262,0.0577768,0,0.428805
1614,10000,14.8782,13.3352,17.7828,0.050628,0.0398107,0.0630957,0.444418,0.4,0.5,0.552672,0.5,0.6,0.00103562,2314.1,179.796,83.436,0.01,0.95,10,10000,0.938,0.139,524,227,0.0620714,0,0.433206
1615,10000,15.1889,13.3352,17.7828,0.0509358,0.0398107,0.0630957,0.437737,0.4,0.5,0.645673,0.6,0.7,0.00103562,2318.52,185.948,83.5953,0.01,0.95,10,10000,0.938,0.139,525,216,0.0636323,0,0.411429
1616,10000,15.1872,13.3352,17.7828,0.050372,0.0398107,0.0630957,0.443641,0.4,0.5,0.750116,0.7,0.8,0.00103562,1969.63,152.9,71.0162,0.01,0.95,10,10000,0.938,0.139,446,219,0.0631949,0,0.491031
1617,10000,15.1744,13.3352,17.7828,0.0507006,0.0398107,0.0630957,0.440097,0.4,0.5,0.85235,0.8,0.9,0.00103562,1704.66,166.614,61.4624,0.01,0.95,10,10000,0.938,0.139,386,148,0.076873,0,0.38342
1618,10000,15.1014,13.3352,17.7828,0.0500571,0.0398107,0.0630957,0.442146,0.4,0.5,0.949112,0.9,1,0.00103562,1483.85,137.685,53.501,0.01,0.95,10,10000,0.938,0.139,336,156,0.0748759,0,0.464286
1619,10000,15.2302,13.3352,17.7828,0.0500887,0.0398107,0.0630957,0.44423,0.4,0.5,1.20817,1,1.5,0.0051781,890.31,48.9221,32.1006,0.01,0.95,10,10000,0.938,0.139,1008,450,0.0440857,0,0.446429
1620,10000,15.1197,13.3352,17.7828,0.0503035,0.0398107,0.0630957,0.530991,0.5,0.6,0.0703824,0,0.1,0.00103562,189.897,56.6472,6.84685,0.01,0.95,10,10000,0.938,0.139,43,16,0.2338,0,0.372093
1621,10000,14.8769,13.3352,17.7828,0.0487476,0.0398107,0.0630957,0.54215,0.5,0.6,0.154173,0.1,0.2,0.00103562,627.103,97.1493,22.6105,0.01,0.95,10,10000,0.938,0.139,142,58,0.122798,0,0.408451
1622,10000,15.2449,13.3352,17.7828,0.0521874,0.0398107,0.0630957,0.54358,0.5,0.6,0.2545,0.2,0.3,0.00103562,918.574,123.024,33.1197,0.01,0.95,10,10000,0.938,0.139,208,79,0.105218,0,0.379808
1623,10000,14.9729,13.3352,17.7828,0.0522373,0.0398107,0.0630957,0.542347,0.5,0.6,0.344667,0.3,0.4,0.00103562,1059.89,115.307,38.215,0.01,0.95,10,10000,0.938,0.139,240,113,0.0879762,0,0.470833
1624,10000,14.9665,13.3352,17.7828,0.0501954,0.0398107,0.0630957,0.549477,0.5,0.6,0.448083,0.4,0.5,0.00103562,1214.46,142.678,43.788,0.01,0.95,10,10000,0.938,0.139,275,103,0.092148,0,0.374545
1625,10000,15.1468,13.3352,17.7828,0.0506905,0.0398107,0.0630957,0.538724,0.5,0.6,0.553907,0.5,0.6,0.00103562,1130.55,129.326,40.7626,0.01,0.95,10,10000,0.938,0.139,256,106,0.0908346,0,0.414062
1626,10000,15.1339,13.3352,17.7828,0.0500657,0.0398107,0.0630957,0.542218,0.5,0.6,0.648747,0.6,0.7,0.00103562,1161.47,137.394,41.8772,0.01,0.95,10,10000,0.938,0.139,263,101,0.0930559,0,0.38403
1627,10000,15.3772,13.3352,17.7828,0.0497305,0.0398107,0.0630957,0.548143,0.5,0.6,0.750226,0.7,0.8,0.00103562,861.163,125.501,31.0497,0.01,0.95,10,10000,0.938,0.139,195,68,0.11341,0,0.348718
1628,10000,15.2459,13.3352,17.7828,0.0507224,0.0398107,0.0630957,0.544159,0.5,0.6,0.848223,0.8,0.9,0.00103562,962.736,133.785,34.7119,0.01,0.95,10,10000,0.938,0.139,218,75,0.107988,0,0.344037
1629,10000,15.422,13.3352,17.7828,0.051424,0.0398107,0.0630957,0.545876,0.5,0.6,0.94559,0.9,1,0.00103562,675.682,115.594,24.3621,0.01,0.95,10,10000,0.938,0.139,153,50,0.132257,0,0.326797
1630,10000,15.1365,13.3352,17.7828,0.0505231,0.0398107,0.0630957,0.541554,0.5,0.6,1.21548,1,1.5,0.0051781,463.703,38.1938,16.7191,0.01,0.95,10,10000,0.938,0.139,525,207,0.0650009,0,0.394286
1631,10000,14.7449,13.3352,17.7828,0.0459245,0.0398107,0.0630957,0.661673,0.6,0.7,0.071267,0,0.1,0.00103562,83.9082,41.5749,3.02535,0.01,0.95,10,10000,0.938,0.139,19,6,0.381794,0,0.315789
1632,10000,15.5364,13.3352,17.7828,0.0511618,0.0398107,0.0630957,0.63967,0.6,0.7,0.147834,0.1,0.2,0.00103562,242.892,63.0553,8.7576,0.01,0.95,10,10000,0.938,0.139,55,21,0.204077,0,0.381818
1633,10000,15.3099,13.3352,17.7828,0.0507101,0.0398107,0.0630957,0.634944,0.6,0.7,0.261562,0.2,0.3,0.00103562,401.876,88.6823,14.4898,0.01,0.95,10,10000,0.938,0.139,91,30,0.170743,0,0.32967
1634,10000,15.3345,13.3352,17.7828,0.0515902,0.0398107,0.0630957,0.641829,0.6,0.7,0.355954,0.3,0.4,0.00103562,459.287,90.5459,16.5598,0.01,0.95,10,10000,0.938,0.139,104,37,0.153746,0,0.355769
1635,10000,15.073,13.3352,17.7828,0.0492235,0.0398107,0.0630957,0.642712,0.6,0.7,0.448114,0.4,0.5,0.00103562,441.622,91.2577,15.9229,0.01,0.95,10,10000,0.938,0.139,100,34,0.160385,0,0.34
1636,10000,15.1874,13.3352,17.7828,0.0519468,0.0398107,0.0630957,0.642365,0.6,0.7,0.550813,0.5,0.6,0.00103562,472.536,87.7563,17.0375,0.01,0.95,10,10000,0.938,0.139,107,41,0.146054,0,0.383178
1637,10000,15.0071,13.3352,17.7828,0.0512014,0.0398107,0.0630957,0.636972,0.6,0.7,0.649479,0.6,0.7,0.00103562,503.449,84.2822,18.1521,0.01,0.95,10,10000,0.938,0.139,114,49,0.1336,0,0.429825
1638,10000,14.8449,13.3352,17.7828,0.0517842,0.0398107,0.0630957,0.6426,0.6,0.7,0.744361,0.7,0.8,0.00103562,468.119,80.7762,16.8783,0.01,0.95,10,10000,0.938,0.139,106,46,0.137888,0,0.433962
1639,10000,15.5774,13.3352,17.7828,0.0499971,0.0398107,0.0630957,0.636345,0.6,0.7,0.837754,0.8,0.9,0.00103562,415.125,88.411,14.9675,0.01,0.95,10,10000,0.938,0.139,94,32,0.165322,0,0.340426
1640,10000,15.6761,13.3352,17.7828,0.0511179,0.0398107,0.0630957,0.650525,0.6,0.7,0.944114,0.9,1,0.00103562,264.973,62.3624,9.55375,0.01,0.95,10,10000,0.938,0.139,60,25,0.18704,0,0.416667
1641,10000,15.1014,13.3352,17.7828,0.0497261,0.0398107,0.0630957,0.641348,0.6,0.7,1.21748,1,1.5,0.0051781,250.841,30.2979,9.04421,0.01,0.95,10,10000,0.938,0.139,284,99,0.0939911,0,0.348592
1642,10000,15.6295,13.3352,17.7828,0.0461041,0.0398107,0.0630957,0.747201,0.7,0.8,0.0807334,0,0.1,0.00103562,44.1622,19.95,1.59229,0.01,0.95,10,10000,0.938,0.139,10,6,0.381794,0,0.6
1643,10000,15.8045,13.3352,17.7828,0.0523066,0.0398107,0.0630957,0.720474,0.7,0.8,0.159669,0.1,0.2,0.00103562,105.989,59.3349,3.8215,0.01,0.95,10,10000,0.938,0.139,24,5,0.418234,0,0.208333
1644,10000,15.3778,13.3352,17.7828,0.0510091,0.0398107,0.0630957,0.756375,0.7,0.8,0.252337,0.2,0.3,0.00103562,194.314,54.0249,7.00608,0.01,0.95,10,10000,0.938,0.139,44,18,0.220429,0,0.409091
1645,10000,15.2957,13.3352,17.7828,0.0517396,0.0398107,0.0630957,0.728306,0.7,0.8,0.368348,0.3,0.4,0.00103562,220.811,79.0844,7.96145,0.01,0.95,10,10000,0.938,0.139,50,12,0.269969,0,0.24
1646,10000,15.1484,13.3352,17.7828,0.0489389,0.0398107,0.0630957,0.735523,0.7,0.8,0.446984,0.4,0.5,0.00103562,242.892,80.2062,8.7576,0.01,0.95,10,10000,0.938,0.139,55,14,0.249943,0,0.254545
1647,10000,14.5956,13.3352,17.7828,0.050158,0.0398107,0.0630957,0.744232,0.7,0.8,0.544153,0.5,0.6,0.00103562,269.389,66.9227,9.71297,0.01,0.95,10,10000,0.938,0.139,61,23,0.195003,0,0.377049
1648,10000,15.2511,13.3352,17.7828,0.051913,0.0398107,0.0630957,0.732145,0.7,0.8,0.65356,0.6,0.7,0.00103562,251.725,100.556,9.07606,0.01,0.95,10,10000,0.938,0.139,57,10,0.295736,0,0.175439
1649,10000,15.3368,13.3352,17.7828,0.0495249,0.0398107,0.0630957,0.739755,0.7,0.8,0.741971,0.7,0.8,0.00103562,273.806,72.0211,9.8722,0.01,0.95,10,10000,0.938,0.139,62,21,0.204077,0,0.33871
1650,10000,15.1912,13.3352,17.7828,0.0469115,0.0398107,0.0630957,0.7436,0.7,0.8,0.845268,0.8,0.9,0.00103562,185.481,59.8501,6.68762,0.01,0.95,10,10000,0.938,0.139,42,14,0.249943,0,0.333333
1651,10000,14.4592,13.3352,17.7828,0.0491594,0.0398107,0.0630957,0.740499,0.7,0.8,0.950013,0.9,1,0.00103562,181.065,63.8713,6.52839,0.01,0.95,10,10000,0.938,0.139,41,12,0.269969,0,0.292683
1652,10000,15.2938,13.3352,17.7828,0.049075,0.0398107,0.0630957,0.747188,0.7,0.8,1.1967,1,1.5,0.0051781,128.954,27.4936,4.64949,0.01,0.95,10,10000,0.938,0.139,146,34,0.160385,0,0.232877
1653,10000,15.1236,13.3352,17.7828,0.0468223,0.0398107,0.0630957,0.819401,0.8,0.9,0.0376901,0,0.1,0.00103562,13.2487,10.1165,0.477687,0.01,0.95,10,10000,0.938,0.139,3,2,0.661286,0,0.666667
1654,10000,17.1655,13.3352,17.7828,0.0566918,0.0398107,0.0630957,0.802643,0.8,0.9,0.122662,0.1,0.2,0.00103562,48.5784,62.7713,1.75152,0.01,0.95,10,10000,0.938,0.139,11,1,0.9352,0,0.0909091
1655,10000,15.4264,13.3352,17.7828,0.0511694,0.0398107,0.0630957,0.84336,0.8,0.9,0.222086,0.2,0.3,0.00103562,66.2433,47.9868,2.38844,0.01,0.95,10,10000,0.938,0.139,15,3,0.539938,0,0.2
1656,10000,14.7008,13.3352,17.7828,0.0465705,0.0398107,0.0630957,0.825348,0.8,0.9,0.362841,0.3,0.4,0.00103562,88.3244,34.2791,3.18458,0.01,0.95,10,10000,0.938,0.139,20,9,0.311733,0,0.45
1657,10000,14.9263,13.3352,17.7828,0.0477814,0.0398107,0.0630957,0.842634,0.8,0.9,0.447713,0.4,0.5,0.00103562,119.238,47.9868,4.29919,0.01,0.95,10,10000,0.938,0.139,27,9,0.311733,0,0.333333
1658,10000,15.7127,13.3352,17.7828,0.0470325,0.0398107,0.0630957,0.852069,0.8,0.9,0.548095,0.5,0.6,0.00103562,176.649,73.3657,6.36916,0.01,0.95,10,10000,0.938,0.139,40,9,0.311733,0,0.225
1659,10000,15.2293,13.3352,17.7828,0.0532872,0.0398107,0.0630957,0.837673,0.8,0.9,0.644488,0.6,0.7,0.00103562,123.654,91.8568,4.45841,0.01,0.95,10,10000,0.938,0.139,28,3,0.539938,0,0.107143
1660,10000,15.8752,13.3352,17.7828,0.0485049,0.0398107,0.0630957,0.855919,0.8,0.9,0.749242,0.7,0.8,0.00103562,105.989,39.4414,3.8215,0.01,0.95,10,10000,0.938,0.139,24,10,0.295736,0,0.416667
1661,10000,16.2781,13.3352,17.7828,0.0455713,0.0398107,0.0630957,0.847134,0.8,0.9,0.856991,0.8,0.9,0.00103562,92.7406,68.2396,3.34381,0.01,0.95,10,10000,0.938,0.139,21,3,0.539938,0,0.142857
1662,10000,15.5624,13.3352,17.7828,0.0441025,0.0398107,0.0630957,0.858067,0.8,0.9,0.94821,0.9,1,0.00103562,44.1622,31.0899,1.59229,0.01,0.95,10,10000,0.938,0.139,10,3,0.539938,0,0.3
1663,10000,15.3168,13.3352,17.7828,0.047967,0.0398107,0.0630957,0.847104,0.8,0.9,1.18875,1,1.5,0.0051781,49.4617,17.8438,1.78337,0.01,0.95,10,10000,0.938,0.139,56,12,0.269969,0,0.214286
1664,10000,15.4566,13.3352,17.7828,0.0423481,0.0398107,0.0630957,0.917376,0.9,1,0.235385,0.2,0.3,0.00103562,35.3298,45.2424,1.27383,0.01,0.95,10,10000,0.938,0.139,8,1,0.9352,0,0.125
1665,10000,14.9557,13.3352,17.7828,0.042079,0.0398107,0.0630957,0.959944,0.9,1,0.445519,0.4,0.5,0.00103562,70.6595,63.9824,2.54767,0.01,0.95,10,10000,0.938,0.139,16,2,0.661286,0,0.125
1666,10000,15.929,13.3352,17.7828,0.0427724,0.0398107,0.0630957,0.933737,0.9,1,0.552998,0.5,0.6,0.00103562,52.9946,27.8893,1.91075,0.01,0.95,10,10000,0.938,0.139,12,5,0.418234,0,0.416667
1667,10000,14.0971,13.3352,17.7828,0.0497225,0.0398107,0.0630957,0.905175,0.9,1,0.644229,0.6,0.7,0.00103562,39.746,51.0859,1.43306,0.01,0.95,10,10000,0.938,0.139,9,1,0.9352,0,0.111111
1668,10000,16.0305,13.3352,17.7828,0.0480605,0.0398107,0.0630957,0.907404,0.9,1,1.20746,1,1.5,0.0051781,10.5989,13.7227,0.38215,0.01,0.95,10,10000,0.938,0.139,12,1,0.9352,0,0.0833333
1669,10000,15.1958,13.3352,17.7828,0.0795687,0.0630957,0.1,0.0689248,0.05,0.1,0.0641868,0,0.1,0.000820675,35348.8,561.867,1274.52,0.01,0.95,10,10000,0.938,0.139,6343,4479,0.0139738,0,0.706133
1670,10000,15.1831,13.3352,17.7828,0.0797453,0.0630957,0.1,0.0698953,0.05,0.1,0.153585,0.1,0.2,0.000820675,87427.4,894.574,3152.24,0.01,0.95,10,10000,0.938,0.139,15688,10902,0.00895677,0,0.694926
1671,10000,15.1948,13.3352,17.7828,0.0797764,0.0630957,0.1,0.0702691,0.05,0.1,0.250371,0.2,0.3,0.000820675,110020,995.74,3966.82,0.01,0.95,10,10000,0.938,0.139,19742,13859,0.00794399,0,0.702006
1672,10000,15.1986,13.3352,17.7828,0.0798467,0.0630957,0.1,0.0710116,0.05,0.1,0.348863,0.3,0.4,0.000820675,102914,974.544,3710.63,0.01,0.95,10,10000,0.938,0.139,18467,12765,0.0082774,0,0.691233
1673,10000,15.2219,13.3352,17.7828,0.0797331,0.0630957,0.1,0.0715907,0.05,0.1,0.447901,0.4,0.5,0.000820675,84758,914.059,3055.99,0.01,0.95,10,10000,0.938,0.139,15209,10064,0.00932221,0,0.661713
1674,10000,15.2277,13.3352,17.7828,0.0797474,0.0630957,0.1,0.0725538,0.05,0.1,0.547608,0.5,0.6,0.000820675,64578.6,810.144,2328.41,0.01,0.95,10,10000,0.938,0.139,11588,7512,0.0107901,0,0.648257
1675,10000,15.2111,13.3352,17.7828,0.0797465,0.0630957,0.1,0.0724438,0.05,0.1,0.647803,0.6,0.7,0.000820675,49643.2,734.636,1789.91,0.01,0.95,10,10000,0.938,0.139,8908,5515,0.0125931,0,0.619106
1676,10000,15.2314,13.3352,17.7828,0.0800576,0.0630957,0.1,0.0726969,0.05,0.1,0.746454,0.7,0.8,0.000820675,37628.1,667.345,1356.7,0.01,0.95,10,10000,0.938,0.139,6752,3939,0.0149009,0,0.583383
1677,10000,15.1981,13.3352,17.7828,0.0802659,0.0630957,0.1,0.071726,0.05,0.1,0.846888,0.8,0.9,0.000820675,27975.9,571.778,1008.68,0.01,0.95,10,10000,0.938,0.139,5020,2955,0.0172039,0,0.588645
1678,10000,15.1825,13.3352,17.7828,0.0804104,0.0630957,0.1,0.0714656,0.05,0.1,0.94807,0.9,1,0.000820675,21416.6,492.882,772.186,0.01,0.95,10,10000,0.938,0.139,3843,2310,0.019458,0,0.601093
1679,10000,15.2111,13.3352,17.7828,0.080137,0.0630957,0.1,0.0711834,0.05,0.1,1.20739,1,1.5,0.00410337,10944,151.49,394.593,0.01,0.95,10,10000,0.938,0.139,9819,6232,0.0118465,0,0.634688
1680,10000,15.1567,13.3352,17.7828,0.0791201,0.0630957,0.1,0.120678,0.1,0.15,0.0656253,0,0.1,0.000820675,11279.5,368.849,406.689,0.01,0.95,10,10000,0.938,0.139,2024,1165,0.0273994,0,0.575593
1681,10000,15.1924,13.3352,17.7828,0.0789778,0.0630957,0.1,0.120561,0.1,0.15,0.155646,0.1,0.2,0.000820675,31754.3,618.974,1144.92,0.01,0.95,10,10000,0.938,0.139,5698,3279,0.0163318,0,0.575465
1682,10000,15.1882,13.3352,17.7828,0.0791002,0.0630957,0.1,0.120688,0.1,0.15,0.25093,0.2,0.3,0.000820675,43892,718.735,1582.55,0.01,0.95,10,10000,0.938,0.139,7876,4613,0.0137693,0,0.585703
1683,10000,15.2253,13.3352,17.7828,0.0795219,0.0630957,0.1,0.120929,0.1,0.15,0.349792,0.3,0.4,0.000820675,46918.1,740.129,1691.66,0.01,0.95,10,10000,0.938,0.139,8419,4959,0.0132803,0,0.589025
1684,10000,15.1939,13.3352,17.7828,0.0793047,0.0630957,0.1,0.121778,0.1,0.15,0.448132,0.4,0.5,0.000820675,40436.8,671.81,1457.97,0.01,0.95,10,10000,0.938,0.139,7256,4411,0.0140811,0,0.607911
1685,10000,15.1783,13.3352,17.7828,0.0797817,0.0630957,0.1,0.122226,0.1,0.15,0.547761,0.5,0.6,0.000820675,33231.1,609.136,1198.16,0.01,0.95,10,10000,0.938,0.139,5963,3624,0.015535,0,0.607748
1686,10000,15.2365,13.3352,17.7828,0.0796192,0.0630957,0.1,0.122401,0.1,0.15,0.648889,0.6,0.7,0.000820675,25551.7,528.884,921.279,0.01,0.95,10,10000,0.938,0.139,4585,2825,0.0175952,0,0.61614
1687,10000,15.2107,13.3352,17.7828,0.0796698,0.0630957,0.1,0.122125,0.1,0.15,0.747478,0.7,0.8,0.000820675,19839.5,464.419,715.322,0.01,0.95,10,10000,0.938,0.139,3560,2204,0.0199204,0,0.619101
1688,10000,15.2236,13.3352,17.7828,0.079224,0.0630957,0.1,0.122526,0.1,0.15,0.84797,0.8,0.9,0.000820675,15018.9,410.385,541.515,0.01,0.95,10,10000,0.938,0.139,2695,1633,0.0231426,0,0.605937
1689,10000,15.1153,13.3352,17.7828,0.0793352,0.0630957,0.1,0.123055,0.1,0.15,0.947088,0.9,1,0.000820675,11714.2,363.186,422.362,0.01,0.95,10,10000,0.938,0.139,2102,1270,0.0262423,0,0.604186
1690,10000,15.1983,13.3352,17.7828,0.0805222,0.0630957,0.1,0.122924,0.1,0.15,1.20232,1,1.5,0.00410337,6234.94,123.336,224.804,0.01,0.95,10,10000,0.938,0.139,5594,3194,0.0165477,0,0.570969
1691,10000,15.1852,13.3352,17.7828,0.0795781,0.0630957,0.1,0.171149,0.15,0.2,0.0659077,0,0.1,0.000820675,5338.82,279.79,192.494,0.01,0.95,10,10000,0.938,0.139,958,478,0.042775,0,0.498956
1692,10000,15.1521,13.3352,17.7828,0.0798351,0.0630957,0.1,0.171425,0.15,0.2,0.154694,0.1,0.2,0.000820675,15581.8,494.301,561.809,0.01,0.95,10,10000,0.938,0.139,2796,1326,0.0256822,0,0.474249
1693,10000,15.2064,13.3352,17.7828,0.0794632,0.0630957,0.1,0.171169,0.15,0.2,0.252512,0.2,0.3,0.000820675,21806.7,569.235,786.252,0.01,0.95,10,10000,0.938,0.139,3913,1933,0.021271,0,0.493994
1694,10000,15.1888,13.3352,17.7828,0.0792605,0.0630957,0.1,0.171621,0.15,0.2,0.350653,0.3,0.4,0.000820675,24325.6,608.387,877.073,0.01,0.95,10,10000,0.938,0.139,4365,2118,0.0203208,0,0.485223
1695,10000,15.1531,13.3352,17.7828,0.0793016,0.0630957,0.1,0.171788,0.15,0.2,0.448666,0.4,0.5,0.000820675,22609.2,579.065,815.186,0.01,0.95,10,10000,0.938,0.139,4057,2007,0.0208752,0,0.494701
1696,10000,15.1511,13.3352,17.7828,0.0798563,0.0630957,0.1,0.172116,0.15,0.2,0.549554,0.5,0.6,0.000820675,18763.9,506.643,676.542,0.01,0.95,10,10000,0.938,0.139,3367,1769,0.0222352,0,0.525394
1697,10000,15.2188,13.3352,17.7828,0.0797487,0.0630957,0.1,0.17236,0.15,0.2,0.647499,0.6,0.7,0.000820675,14985.5,466.137,540.309,0.01,0.95,10,10000,0.938,0.139,2689,1353,0.0254247,0,0.503161
1698,10000,15.1909,13.3352,17.7828,0.0797712,0.0630957,0.1,0.172461,0.15,0.2,0.746027,0.7,0.8,0.000820675,11636.2,404.226,419.548,0.01,0.95,10,10000,0.938,0.139,2088,1076,0.0285101,0,0.515326
1699,10000,15.1369,13.3352,17.7828,0.07978,0.0630957,0.1,0.17309,0.15,0.2,0.847653,0.8,0.9,0.000820675,9468.33,348.151,341.385,0.01,0.95,10,10000,0.938,0.139,1699,937,0.0305516,0,0.551501
1700,10000,15.2273,13.3352,17.7828,0.0799462,0.0630957,0.1,0.171936,0.15,0.2,0.948004,0.9,1,0.000820675,7328.34,304.904,264.227,0.01,0.95,10,10000,0.938,0.139,1315,730,0.0346133,0,0.555133
1701,10000,15.2284,13.3352,17.7828,0.0798905,0.0630957,0.1,0.172387,0.15,0.2,1.21597,1,1.5,0.00410337,3884.3,101.287,140.05,0.01,0.95,10,10000,0.938,0.139,3485,1879,0.0215745,0,0.539168
1702,10000,15.0808,13.3352,17.7828,0.0800216,0.0630957,0.1,0.223502,0.2,0.25,0.0672579,0,0.1,0.000820675,3204.41,243.994,115.537,0.01,0.95,10,10000,0.938,0.139,575,239,0.060493,0,0.415652
1703,10000,15.1721,13.3352,17.7828,0.0798575,0.0630957,0.1,0.222792,0.2,0.25,0.154902,0.1,0.2,0.000820675,8476.36,383.546,305.619,0.01,0.95,10,10000,0.938,0.139,1521,667,0.0362111,0,0.438527
1704,10000,15.2164,13.3352,17.7828,0.0804421,0.0630957,0.1,0.222564,0.2,0.25,0.253247,0.2,0.3,0.000820675,12483.3,456.915,450.09,0.01,0.95,10,10000,0.938,0.139,2240,1011,0.0294123,0,0.451339
1705,10000,15.1174,13.3352,17.7828,0.080382,0.0630957,0.1,0.223784,0.2,0.25,0.349267,0.3,0.4,0.000820675,13720.4,482.442,494.698,0.01,0.95,10,10000,0.938,0.139,2462,1099,0.0282102,0,0.446385
1706,10000,15.2055,13.3352,17.7828,0.0796757,0.0630957,0.1,0.223083,0.2,0.25,0.450174,0.4,0.5,0.000820675,13620.1,481.518,491.081,0.01,0.95,10,10000,0.938,0.139,2444,1088,0.0283524,0,0.445172
1707,10000,15.206,13.3352,17.7828,0.0797816,0.0630957,0.1,0.223419,0.2,0.25,0.549356,0.5,0.6,0.000820675,12226.9,443.031,440.847,0.01,0.95,10,10000,0.938,0.139,2194,1022,0.0292536,0,0.465816
1708,10000,15.1621,13.3352,17.7828,0.0803887,0.0630957,0.1,0.222843,0.2,0.25,0.64927,0.6,0.7,0.000820675,9618.8,399.429,346.811,0.01,0.95,10,10000,0.938,0.139,1726,784,0.0334,0,0.454229
1709,10000,15.176,13.3352,17.7828,0.0792328,0.0630957,0.1,0.223255,0.2,0.25,0.748494,0.7,0.8,0.000820675,7919.07,368.885,285.526,0.01,0.95,10,10000,0.938,0.139,1421,628,0.0373185,0,0.441942
1710,10000,15.276,13.3352,17.7828,0.0791596,0.0630957,0.1,0.22241,0.2,0.25,0.847861,0.8,0.9,0.000820675,6280.64,315.168,226.452,0.01,0.95,10,10000,0.938,0.139,1127,531,0.0405842,0,0.471162
1711,10000,15.3745,13.3352,17.7828,0.0804888,0.0630957,0.1,0.222845,0.2,0.25,0.948515,0.9,1,0.000820675,4625.49,270.499,166.775,0.01,0.95,10,10000,0.938,0.139,830,391,0.0472951,0,0.471084
1712,10000,15.2171,13.3352,17.7828,0.0793832,0.0630957,0.1,0.221956,0.2,0.25,1.214,1,1.5,0.00410337,2593.62,91.1402,93.5143,0.01,0.95,10,10000,0.938,0.139,2327,1086,0.0283785,0,0.466695
1713,10000,15.1079,13.3352,17.7828,0.0786272,0.0630957,0.1,0.271459,0.25,0.3,0.0662414,0,0.1,0.000820675,1816.76,185.014,65.5042,0.01,0.95,10,10000,0.938,0.139,326,134,0.080789,0,0.411043
1714,10000,15.2378,13.3352,17.7828,0.0804544,0.0630957,0.1,0.273225,0.25,0.3,0.15544,0.1,0.2,0.000820675,4915.28,306.74,177.223,0.01,0.95,10,10000,0.938,0.139,882,358,0.0494268,0,0.405896
1715,10000,15.1868,13.3352,17.7828,0.080185,0.0630957,0.1,0.272667,0.25,0.3,0.253448,0.2,0.3,0.000820675,6932.67,364.259,249.961,0.01,0.95,10,10000,0.938,0.139,1244,505,0.0416158,0,0.405949
1716,10000,15.1322,13.3352,17.7828,0.0800008,0.0630957,0.1,0.272294,0.25,0.3,0.350848,0.3,0.4,0.000820675,8337.03,393.886,300.596,0.01,0.95,10,10000,0.938,0.139,1496,621,0.0375283,0,0.415107
1717,10000,15.114,13.3352,17.7828,0.0791449,0.0630957,0.1,0.27329,0.25,0.3,0.449453,0.4,0.5,0.000820675,8749.43,415.08,315.465,0.01,0.95,10,10000,0.938,0.139,1570,623,0.037468,0,0.396815
1718,10000,15.1397,13.3352,17.7828,0.0800721,0.0630957,0.1,0.273852,0.25,0.3,0.549124,0.5,0.6,0.000820675,7512.25,382.79,270.858,0.01,0.95,10,10000,0.938,0.139,1348,539,0.0402819,0,0.399852
1719,10000,15.1983,13.3352,17.7828,0.0802954,0.0630957,0.1,0.274436,0.25,0.3,0.649928,0.6,0.7,0.000820675,6581.58,350.078,237.302,0.01,0.95,10,10000,0.938,0.139,1181,490,0.042248,0,0.414903
1720,10000,15.1038,13.3352,17.7828,0.0795321,0.0630957,0.1,0.273878,0.25,0.3,0.746914,0.7,0.8,0.000820675,5076.9,316.457,183.05,0.01,0.95,10,10000,0.938,0.139,911,361,0.049221,0,0.396268
1721,10000,15.2,13.3352,17.7828,0.0791645,0.0630957,0.1,0.273604,0.25,0.3,0.845928,0.8,0.9,0.000820675,4079.35,271.503,147.083,0.01,0.95,10,10000,0.938,0.139,732,311,0.0530303,0,0.424863
1722,10000,15.1641,13.3352,17.7828,0.079712,0.0630957,0.1,0.274619,0.25,0.3,0.949194,0.9,1,0.000820675,3405.03,243.059,122.77,0.01,0.95,10,10000,0.938,0.139,611,268,0.0571264,0,0.438625
1723,10000,15.2036,13.3352,17.7828,0.0794976,0.0630957,0.1,0.271967,0.25,0.3,1.2153,1,1.5,0.00410337,1788.9,80.6991,64.4996,0.01,0.95,10,10000,0.938,0.139,1605,678,0.0359161,0,0.42243
1724,10000,15.278,13.3352,17.7828,0.0798809,0.0630957,0.1,0.34277,0.3,0.4,0.0675323,0,0.1,0.00164135,880.516,100.911,31.7474,0.01,0.95,10,10000,0.938,0.139,316,110,0.0891678,0,0.348101
1725,10000,15.0943,13.3352,17.7828,0.0806826,0.0630957,0.1,0.340826,0.3,0.4,0.158148,0.1,0.2,0.00164135,2599.75,159.514,93.7353,0.01,0.95,10,10000,0.938,0.139,933,372,0.0484879,0,0.398714
1726,10000,15.0622,13.3352,17.7828,0.0793513,0.0630957,0.1,0.340232,0.3,0.4,0.252006,0.2,0.3,0.00164135,3781.2,202.246,136.333,0.01,0.95,10,10000,0.938,0.139,1357,499,0.0418653,0,0.367723
1727,10000,15.2066,13.3352,17.7828,0.0804376,0.0630957,0.1,0.342003,0.3,0.4,0.351179,0.3,0.4,0.00164135,4519.61,215.692,162.957,0.01,0.95,10,10000,0.938,0.139,1622,621,0.0375283,0,0.382861
1728,10000,15.1745,13.3352,17.7828,0.0803121,0.0630957,0.1,0.340699,0.3,0.4,0.450925,0.4,0.5,0.00164135,4394.22,216.857,158.436,0.01,0.95,10,10000,0.938,0.139,1577,585,0.0386658,0,0.370958
1729,10000,15.0664,13.3352,17.7828,0.0796991,0.0630957,0.1,0.341016,0.3,0.4,0.549323,0.5,0.6,0.00164135,4185.24,202.999,150.901,0.01,0.95,10,10000,0.938,0.139,1502,596,0.0383073,0,0.396804
1730,10000,15.1851,13.3352,17.7828,0.0798503,0.0630957,0.1,0.344765,0.3,0.4,0.648933,0.6,0.7,0.00164135,3622.37,186.346,130.607,0.01,0.95,10,10000,0.938,0.139,1300,527,0.0407379,0,0.405385
1731,10000,15.1694,13.3352,17.7828,0.0790926,0.0630957,0.1,0.343008,0.3,0.4,0.747941,0.7,0.8,0.00164135,3051.15,177.02,110.011,0.01,0.95,10,10000,0.938,0.139,1095,420,0.0456331,0,0.383562
1732,10000,15.2705,13.3352,17.7828,0.0790706,0.0630957,0.1,0.344574,0.3,0.4,0.847948,0.8,0.9,0.00164135,2452.07,152.71,88.4106,0.01,0.95,10,10000,0.938,0.139,880,359,0.049358,0,0.407955
1733,10000,15.1111,13.3352,17.7828,0.0787638,0.0630957,0.1,0.345098,0.3,0.4,0.949075,0.9,1,0.00164135,2070.33,142.723,74.6467,0.01,0.95,10,10000,0.938,0.139,743,295,0.0544494,0,0.397039
1734,10000,15.2262,13.3352,17.7828,0.078846,0.0630957,0.1,0.341827,0.3,0.4,1.2061,1,1.5,0.00820675,1144.11,51.0383,41.2516,0.01,0.95,10,10000,0.938,0.139,2053,724,0.0347564,0,0.352655
1735,10000,15.2065,13.3352,17.7828,0.0795999,0.0630957,0.1,0.443944,0.4,0.5,0.0625204,0,0.1,0.00164135,426.326,80.8123,15.3714,0.01,0.95,10,10000,0.938,0.139,153,42,0.144304,0,0.27451
1736,10000,15.2113,13.3352,17.7828,0.0815127,0.0630957,0.1,0.439536,0.4,0.5,0.158582,0.1,0.2,0.00164135,1005.91,107.168,36.2684,0.01,0.95,10,10000,0.938,0.139,361,127,0.0829856,0,0.351801
1737,10000,14.9589,13.3352,17.7828,0.0785333,0.0630957,0.1,0.442359,0.4,0.5,0.252514,0.2,0.3,0.00164135,1549.26,153.255,55.8594,0.01,0.95,10,10000,0.938,0.139,556,154,0.0753606,0,0.276978
1738,10000,15.1979,13.3352,17.7828,0.0806815,0.0630957,0.1,0.443694,0.4,0.5,0.351349,0.3,0.4,0.00164135,1800.04,150.769,64.9014,0.01,0.95,10,10000,0.938,0.139,646,209,0.0646891,0,0.323529
1739,10000,15.0964,13.3352,17.7828,0.0800725,0.0630957,0.1,0.440392,0.4,0.5,0.453206,0.4,0.5,0.00164135,2128.84,154.434,76.7565,0.01,0.95,10,10000,0.938,0.139,764,273,0.0566009,0,0.35733
1740,10000,15.2567,13.3352,17.7828,0.0785522,0.0630957,0.1,0.441005,0.4,0.5,0.550074,0.5,0.6,0.00164135,1970.01,155.596,71.0299,0.01,0.95,10,10000,0.938,0.139,707,234,0.0611359,0,0.330976
1741,10000,15.3109,13.3352,17.7828,0.078521,0.0630957,0.1,0.444041,0.4,0.5,0.648087,0.6,0.7,0.00164135,1749.89,151.408,63.093,0.01,0.95,10,10000,0.938,0.139,628,197,0.0666302,0,0.313694
1742,10000,15.0518,13.3352,17.7828,0.0789756,0.0630957,0.1,0.447379,0.4,0.5,0.747546,0.7,0.8,0.00164135,1599.42,142.903,57.6678,0.01,0.95,10,10000,0.938,0.139,574,184,0.0689438,0,0.320557
1743,10000,15.2071,13.3352,17.7828,0.0785189,0.0630957,0.1,0.446528,0.4,0.5,0.848681,0.8,0.9,0.00164135,1200.96,134.525,43.3011,0.01,0.95,10,10000,0.938,0.139,431,120,0.0853717,0,0.278422
1744,10000,15.4503,13.3352,17.7828,0.0791099,0.0630957,0.1,0.446605,0.4,0.5,0.947749,0.9,1,0.00164135,994.76,122.004,35.8666,0.01,0.95,10,10000,0.938,0.139,357,100,0.09352,0,0.280112
1745,10000,15.3281,13.3352,17.7828,0.0779418,0.0630957,0.1,0.441712,0.4,0.5,1.21023,1,1.5,0.00820675,607.444,41.3326,21.9017,0.01,0.95,10,10000,0.938,0.139,1090,322,0.0521166,0,0.295413
1746,10000,15.4238,13.3352,17.7828,0.0741802,0.0630957,0.1,0.527138,0.5,0.6,0.071968,0,0.1,0.00164135,161.614,58.4244,5.82706,0.01,0.95,10,10000,0.938,0.139,58,12,0.269969,0,0.206897
1747,10000,15.4827,13.3352,17.7828,0.0745805,0.0630957,0.1,0.539856,0.5,0.6,0.151354,0.1,0.2,0.00164135,456.976,101.496,16.4765,0.01,0.95,10,10000,0.938,0.139,164,32,0.165322,0,0.195122
1748,10000,15.195,13.3352,17.7828,0.0759851,0.0630957,0.1,0.536559,0.5,0.6,0.250003,0.2,0.3,0.00164135,746.766,114.835,26.925,0.01,0.95,10,10000,0.938,0.139,268,65,0.115997,0,0.242537
1749,10000,15.1548,13.3352,17.7828,0.0751468,0.0630957,0.1,0.53986,0.5,0.6,0.352088,0.3,0.4,0.00164135,888.875,129.483,32.0488,0.01,0.95,10,10000,0.938,0.139,319,73,0.109457,0,0.22884
1750,10000,15.3368,13.3352,17.7828,0.0782644,0.0630957,0.1,0.539986,0.5,0.6,0.449501,0.4,0.5,0.00164135,980.828,131.935,35.3642,0.01,0.95,10,10000,0.938,0.139,352,85,0.101437,0,0.241477
1751,10000,15.2276,13.3352,17.7828,0.077266,0.0630957,0.1,0.544083,0.5,0.6,0.549681,0.5,0.6,0.00164135,919.526,123.122,33.154,0.01,0.95,10,10000,0.938,0.139,330,85,0.101437,0,0.257576
1752,10000,15.2699,13.3352,17.7828,0.0764558,0.0630957,0.1,0.540839,0.5,0.6,0.644823,0.6,0.7,0.00164135,824.787,122.43,29.7381,0.01,0.95,10,10000,0.938,0.139,296,70,0.111778,0,0.236486
1753,10000,15.1132,13.3352,17.7828,0.0767711,0.0630957,0.1,0.544745,0.5,0.6,0.751121,0.7,0.8,0.00164135,716.116,109.796,25.8199,0.01,0.95,10,10000,0.938,0.139,257,65,0.115997,0,0.252918
1754,10000,15.2833,13.3352,17.7828,0.0750094,0.0630957,0.1,0.538964,0.5,0.6,0.851525,0.8,0.9,0.00164135,677.105,117.355,24.4134,0.01,0.95,10,10000,0.938,0.139,243,52,0.129689,0,0.213992
1755,10000,14.8523,13.3352,17.7828,0.0745711,0.0630957,0.1,0.538772,0.5,0.6,0.946949,0.9,1,0.00164135,632.522,122.968,22.8059,0.01,0.95,10,10000,0.938,0.139,227,42,0.144304,0,0.185022
1756,10000,15.1018,13.3352,17.7828,0.0781922,0.0630957,0.1,0.544327,0.5,0.6,1.20591,1,1.5,0.00820675,331.587,36.1456,11.9555,0.01,0.95,10,10000,0.938,0.139,595,131,0.0817088,0,0.220168
1757,10000,14.5533,13.3352,17.7828,0.0790269,0.0630957,0.1,0.629072,0.6,0.7,0.0616814,0,0.1,0.00164135,75.2339,47.8731,2.7126,0.01,0.95,10,10000,0.938,0.139,27,4,0.4676,0,0.148148
1758,10000,15.3108,13.3352,17.7828,0.0686725,0.0630957,0.1,0.635414,0.6,0.7,0.146941,0.1,0.2,0.00164135,197.837,84.4089,7.13313,0.01,0.95,10,10000,0.938,0.139,71,9,0.311733,0,0.126761
1759,10000,14.9839,13.3352,17.7828,0.0711146,0.0630957,0.1,0.639419,0.6,0.7,0.243539,0.2,0.3,0.00164135,320.441,114.173,11.5537,0.01,0.95,10,10000,0.938,0.139,115,13,0.259378,0,0.113043
1760,10000,15.7361,13.3352,17.7828,0.0714898,0.0630957,0.1,0.621691,0.6,0.7,0.35296,0.3,0.4,0.00164135,378.956,117.698,13.6635,0.01,0.95,10,10000,0.938,0.139,136,17,0.226819,0,0.125
1761,10000,15.3102,13.3352,17.7828,0.070367,0.0630957,0.1,0.646692,0.6,0.7,0.434119,0.4,0.5,0.00164135,420.753,150.98,15.1705,0.01,0.95,10,10000,0.938,0.139,151,13,0.259378,0,0.0860927
1762,10000,15.4544,13.3352,17.7828,0.0706882,0.0630957,0.1,0.644742,0.6,0.7,0.55243,0.5,0.6,0.00164135,479.268,145.442,17.2803,0.01,0.95,10,10000,0.938,0.139,172,18,0.220429,0,0.104651
1763,10000,15.7048,13.3352,17.7828,0.0700996,0.0630957,0.1,0.639276,0.6,0.7,0.64454,0.6,0.7,0.00164135,445.831,135.015,16.0747,0.01,0.95,10,10000,0.938,0.139,160,18,0.220429,0,0.1125
1764,10000,15.5797,13.3352,17.7828,0.0725831,0.0630957,0.1,0.640019,0.6,0.7,0.742173,0.7,0.8,0.00164135,376.17,120.636,13.563,0.01,0.95,10,10000,0.938,0.139,135,16,0.2338,0,0.118519
1765,10000,14.5,13.3352,17.7828,0.0704683,0.0630957,0.1,0.632178,0.6,0.7,0.850582,0.8,0.9,0.00164135,373.383,128.487,13.4625,0.01,0.95,10,10000,0.938,0.139,134,14,0.249943,0,0.104478
1766,10000,15.5721,13.3352,17.7828,0.0691467,0.0630957,0.1,0.64387,0.6,0.7,0.958372,0.9,1,0.00164135,320.441,109.766,11.5537,0.01,0.95,10,10000,0.938,0.139,115,14,0.249943,0,0.121739
1767,10000,15.4775,13.3352,17.7828,0.074553,0.0630957,0.1,0.637802,0.6,0.7,1.23205,1,1.5,0.00820675,161.614,30.6023,5.82706,0.01,0.95,10,10000,0.938,0.139,290,45,0.139411,0,0.155172
1768,10000,13.8027,13.3352,17.7828,0.0634828,0.0630957,0.1,0.717464,0.7,0.8,0.264749,0.2,0.3,0.00164135,192.264,253.361,6.93219,0.01,0.95,10,10000,0.938,0.139,69,1,0.9352,0,0.0144928
1769,10000,14.4092,13.3352,17.7828,0.0670258,0.0630957,0.1,0.718675,0.7,0.8,0.34393,0.3,0.4,0.00164135,200.624,186.316,7.23359,0.01,0.95,10,10000,0.938,0.139,72,2,0.661286,0,0.0277778
1770,10000,15.2013,13.3352,17.7828,0.0677775,0.0630957,0.1,0.733039,0.7,0.8,0.450094,0.4,0.5,0.00164135,214.556,162.229,7.73593,0.01,0.95,10,10000,0.938,0.139,77,3,0.539938,0,0.038961
1771,10000,14.8268,13.3352,17.7828,0.0728648,0.0630957,0.1,0.729654,0.7,0.8,0.585851,0.5,0.6,0.00164135,234.061,177.123,8.43919,0.01,0.95,10,10000,0.938,0.139,84,3,0.539938,0,0.0357143
1772,10000,15.7968,13.3352,17.7828,0.068758,0.0630957,0.1,0.727003,0.7,0.8,0.635584,0.6,0.7,0.00164135,253.566,115.932,9.14246,0.01,0.95,10,10000,0.938,0.139,91,8,0.330643,0,0.0879121
1773,10000,14.7227,13.3352,17.7828,0.0716035,0.0630957,0.1,0.712799,0.7,0.8,0.735578,0.7,0.8,0.00164135,169.973,157.65,6.12846,0.01,0.95,10,10000,0.938,0.139,61,2,0.661286,0,0.0327869
1774,10000,16.0782,13.3352,17.7828,0.0663105,0.0630957,0.1,0.718927,0.7,0.8,0.846222,0.8,0.9,0.00164135,167.187,87.9846,6.028,0.01,0.95,10,10000,0.938,0.139,60,6,0.381794,0,0.1
1775,10000,15.6935,13.3352,17.7828,0.0669865,0.0630957,0.1,0.724247,0.7,0.8,0.947089,0.9,1,0.00164135,150.468,139.408,5.4252,0.01,0.95,10,10000,0.938,0.139,54,2,0.661286,0,0.037037
1776,10000,17.0936,13.3352,17.7828,0.0678411,0.0630957,0.1,0.740797,0.7,0.8,1.17358,1,1.5,0.00820675,83.5933,49.0293,3.014,0.01,0.95,10,10000,0.938,0.139,150,5,0.418234,0,0.0333333
1777,10000,14.2758,13.3352,17.7828,0.0890889,0.0630957,0.1,0.833455,0.8,0.9,0.895762,0.8,0.9,0.00164135,72.4475,94.8913,2.61213,0.01,0.95,10,10000,0.938,0.139,26,1,0.9352,0,0.0384615
1778,10000,16.1671,13.3352,17.7828,0.0754387,0.0630957,0.1,0.804061,0.8,0.9,1.37706,1,1.5,0.00820675,39.0102,51.4092,1.40653,0.01,0.95,10,10000,0.938,0.139,70,1,0.9352,0,0.0142857
1779,10000,15.1469,13.3352,17.7828,0.165552,0.1,0.251189,0.0693699,0.05,0.1,0.0660281,0,0.1,0.00336213,15171.5,179.31,547.016,0.01,0.95,10,10000,0.938,0.139,11153,8020,0.0104428,0,0.719089
1780,10000,15.1199,13.3352,17.7828,0.165765,0.1,0.251189,0.0698098,0.05,0.1,0.154491,0.1,0.2,0.00336213,39119.7,284.118,1410.48,0.01,0.95,10,10000,0.938,0.139,28758,21034,0.00644827,0,0.731414
1781,10000,15.1242,13.3352,17.7828,0.166227,0.1,0.251189,0.0706745,0.05,0.1,0.250327,0.2,0.3,0.00336213,48839.1,314.617,1760.92,0.01,0.95,10,10000,0.938,0.139,35903,26560,0.00573839,0,0.739771
1782,10000,15.1524,13.3352,17.7828,0.165016,0.1,0.251189,0.0712206,0.05,0.1,0.348671,0.3,0.4,0.00336213,44562.3,296.139,1606.72,0.01,0.95,10,10000,0.938,0.139,32759,24685,0.00595234,0,0.753533
1783,10000,15.1573,13.3352,17.7828,0.163912,0.1,0.251189,0.0715121,0.05,0.1,0.448092,0.4,0.5,0.00336213,35996.4,265.283,1297.87,0.01,0.95,10,10000,0.938,0.139,26462,20022,0.00660923,0,0.756632
1784,10000,15.1795,13.3352,17.7828,0.162857,0.1,0.251189,0.0719309,0.05,0.1,0.547358,0.5,0.6,0.00336213,27029.3,230.93,974.555,0.01,0.95,10,10000,0.938,0.139,19870,14949,0.00764889,0,0.75234
1785,10000,15.1945,13.3352,17.7828,0.162892,0.1,0.251189,0.0723123,0.05,0.1,0.646838,0.6,0.7,0.00336213,20076.8,199.167,723.878,0.01,0.95,10,10000,0.938,0.139,14759,11094,0.00887892,0,0.751677
1786,10000,15.2084,13.3352,17.7828,0.161356,0.1,0.251189,0.0727111,0.05,0.1,0.747202,0.7,0.8,0.00336213,14632.8,170.486,527.594,0.01,0.95,10,10000,0.938,0.139,10757,8059,0.0104175,0,0.749187
1787,10000,15.2364,13.3352,17.7828,0.160449,0.1,0.251189,0.0724973,0.05,0.1,0.847439,0.8,0.9,0.00336213,10950.5,149.936,394.825,0.01,0.95,10,10000,0.938,0.139,8050,5907,0.012168,0,0.733789
1788,10000,15.2497,13.3352,17.7828,0.158752,0.1,0.251189,0.0723574,0.05,0.1,0.948087,0.9,1,0.00336213,8337.32,131.16,300.606,0.01,0.95,10,10000,0.938,0.139,6129,4483,0.0139675,0,0.731441
1789,10000,15.2801,13.3352,17.7828,0.157369,0.1,0.251189,0.0728464,0.05,0.1,1.20001,1,1.5,0.0168106,4066.77,40.5491,146.63,0.01,0.95,10,10000,0.938,0.139,14948,11076,0.00888614,0,0.740969
1790,10000,15.0858,13.3352,17.7828,0.171898,0.1,0.251189,0.121604,0.1,0.15,0.0658291,0,0.1,0.00336213,5479.31,112.244,197.559,0.01,0.95,10,10000,0.938,0.139,4028,2747,0.0178433,0,0.681976
1791,10000,15.0833,13.3352,17.7828,0.171844,0.1,0.251189,0.121726,0.1,0.15,0.154606,0.1,0.2,0.00336213,15230,188.902,549.125,0.01,0.95,10,10000,0.938,0.139,11196,7541,0.0107694,0,0.673544
1792,10000,15.1028,13.3352,17.7828,0.171785,0.1,0.251189,0.121815,0.1,0.15,0.251228,0.2,0.3,0.00336213,20673.9,217.959,745.409,0.01,0.95,10,10000,0.938,0.139,15198,10369,0.00918409,0,0.682261
1793,10000,15.1241,13.3352,17.7828,0.170841,0.1,0.251189,0.121938,0.1,0.15,0.349149,0.3,0.4,0.00336213,21551.3,221.695,777.044,0.01,0.95,10,10000,0.938,0.139,15843,10863,0.00897283,0,0.685666
1794,10000,15.1162,13.3352,17.7828,0.169018,0.1,0.251189,0.122192,0.1,0.15,0.448688,0.4,0.5,0.00336213,18402.2,203.168,663.502,0.01,0.95,10,10000,0.938,0.139,13528,9377,0.00965767,0,0.693155
1795,10000,15.1101,13.3352,17.7828,0.168442,0.1,0.251189,0.122382,0.1,0.15,0.548197,0.5,0.6,0.00336213,14454.6,176.373,521.169,0.01,0.95,10,10000,0.938,0.139,10626,7566,0.0107516,0,0.712027
1796,10000,15.125,13.3352,17.7828,0.166892,0.1,0.251189,0.122581,0.1,0.15,0.64803,0.6,0.7,0.00336213,11116.4,153.925,400.808,0.01,0.95,10,10000,0.938,0.139,8172,5855,0.012222,0,0.716471
1797,10000,15.1512,13.3352,17.7828,0.165253,0.1,0.251189,0.122578,0.1,0.15,0.74767,0.7,0.8,0.00336213,8157.76,129.239,294.132,0.01,0.95,10,10000,0.938,0.139,5997,4408,0.0140859,0,0.735034
1798,10000,15.1222,13.3352,17.7828,0.164172,0.1,0.251189,0.122745,0.1,0.15,0.848136,0.8,0.9,0.00336213,6197.56,111.35,223.456,0.01,0.95,10,10000,0.938,0.139,4556,3398,0.0160433,0,0.74583
1799,10000,15.1243,13.3352,17.7828,0.163555,0.1,0.251189,0.122508,0.1,0.15,0.94817,0.9,1,0.00336213,4750.19,97.2892,171.271,0.01,0.95,10,10000,0.938,0.139,3492,2611,0.0183021,0,0.747709
1800,10000,15.1967,13.3352,17.7828,0.160641,0.1,0.251189,0.123016,0.1,0.15,1.20668,1,1.5,0.0168106,2394.68,31.0628,86.3415,0.01,0.95,10,10000,0.938,0.139,8802,6536,0.0115677,0,0.742559
1801,10000,15.1,13.3352,17.7828,0.175431,0.1,0.251189,0.171936,0.15,0.2,0.0663647,0,0.1,0.00336213,2493.44,79.1544,89.9023,0.01,0.95,10,10000,0.938,0.139,1833,1178,0.0272478,0,0.642662
1802,10000,15.093,13.3352,17.7828,0.175526,0.1,0.251189,0.172544,0.15,0.2,0.155187,0.1,0.2,0.00336213,7521.13,135.649,271.178,0.01,0.95,10,10000,0.938,0.139,5529,3618,0.0155478,0,0.654368
1803,10000,15.0976,13.3352,17.7828,0.174491,0.1,0.251189,0.172556,0.15,0.2,0.251628,0.2,0.3,0.00336213,11124.6,162.787,401.103,0.01,0.95,10,10000,0.938,0.139,8178,5448,0.0126703,0,0.666178
1804,10000,15.0913,13.3352,17.7828,0.175266,0.1,0.251189,0.172459,0.15,0.2,0.350333,0.3,0.4,0.00336213,11623.8,165.907,419.103,0.01,0.95,10,10000,0.938,0.139,8545,5715,0.0123708,0,0.668812
1805,10000,15.0814,13.3352,17.7828,0.173883,0.1,0.251189,0.172639,0.15,0.2,0.448201,0.4,0.5,0.00336213,10666.2,158.249,384.574,0.01,0.95,10,10000,0.938,0.139,7841,5274,0.0128776,0,0.672618
1806,10000,15.1116,13.3352,17.7828,0.172901,0.1,0.251189,0.172934,0.15,0.2,0.548498,0.5,0.6,0.00336213,8737.25,143.083,315.026,0.01,0.95,10,10000,0.938,0.139,6423,4326,0.0142187,0,0.673517
1807,10000,15.0873,13.3352,17.7828,0.171939,0.1,0.251189,0.172633,0.15,0.2,0.64821,0.6,0.7,0.00336213,6970.21,129.067,251.315,0.01,0.95,10,10000,0.938,0.139,5124,3406,0.0160244,0,0.664715
1808,10000,15.0877,13.3352,17.7828,0.171001,0.1,0.251189,0.172962,0.15,0.2,0.747337,0.7,0.8,0.00336213,5181.41,110.948,186.818,0.01,0.95,10,10000,0.938,0.139,3809,2542,0.0185488,0,0.667367
1809,10000,15.1205,13.3352,17.7828,0.166729,0.1,0.251189,0.173331,0.15,0.2,0.847128,0.8,0.9,0.00336213,3914.96,93.0625,141.156,0.01,0.95,10,10000,0.938,0.139,2878,2013,0.0208441,0,0.699444
1810,10000,15.1456,13.3352,17.7828,0.166612,0.1,0.251189,0.173672,0.15,0.2,0.948447,0.9,1,0.00336213,3052.53,84.2517,110.06,0.01,0.95,10,10000,0.938,0.139,2244,1519,0.0239953,0,0.676916
1811,10000,15.1644,13.3352,17.7828,0.163429,0.1,0.251189,0.172716,0.15,0.2,1.20737,1,1.5,0.0168106,1489.54,25.1166,53.706,0.01,0.95,10,10000,0.938,0.139,5475,3939,0.0149009,0,0.719452
1812,10000,15.0261,13.3352,17.7828,0.17775,0.1,0.251189,0.222484,0.2,0.25,0.0677652,0,0.1,0.00336213,1562.99,65.288,56.3545,0.01,0.95,10,10000,0.938,0.139,1149,698,0.0353978,0,0.607485
1813,10000,15.0031,13.3352,17.7828,0.176138,0.1,0.251189,0.222822,0.2,0.25,0.154582,0.1,0.2,0.00336213,4312.17,104.518,155.478,0.01,0.95,10,10000,0.938,0.139,3170,2026,0.0207771,0,0.639117
1814,10000,15.0413,13.3352,17.7828,0.177376,0.1,0.251189,0.222724,0.2,0.25,0.251854,0.2,0.3,0.00336213,6253.33,123.723,225.467,0.01,0.95,10,10000,0.938,0.139,4597,3007,0.0170544,0,0.654122
1815,10000,15.081,13.3352,17.7828,0.176374,0.1,0.251189,0.222729,0.2,0.25,0.34971,0.3,0.4,0.00336213,7050.47,131.815,254.208,0.01,0.95,10,10000,0.938,0.139,5183,3375,0.0160978,0,0.651167
1816,10000,15.0792,13.3352,17.7828,0.17545,0.1,0.251189,0.223209,0.2,0.25,0.448605,0.4,0.5,0.00336213,6823.3,128.166,246.017,0.01,0.95,10,10000,0.938,0.139,5016,3318,0.0162355,0,0.661483
1817,10000,15.0576,13.3352,17.7828,0.175129,0.1,0.251189,0.223104,0.2,0.25,0.548764,0.5,0.6,0.00336213,5702.4,118.375,205.603,0.01,0.95,10,10000,0.938,0.139,4192,2735,0.0178824,0,0.652433
1818,10000,15.1241,13.3352,17.7828,0.174852,0.1,0.251189,0.223657,0.2,0.25,0.646638,0.6,0.7,0.00336213,4642.73,106.271,167.396,0.01,0.95,10,10000,0.938,0.139,3413,2242,0.0197509,0,0.6569
1819,10000,15.1108,13.3352,17.7828,0.171839,0.1,0.251189,0.223334,0.2,0.25,0.748193,0.7,0.8,0.00336213,3645.62,93.9512,131.445,0.01,0.95,10,10000,0.938,0.139,2680,1766,0.0222541,0,0.658955
1820,10000,15.124,13.3352,17.7828,0.173116,0.1,0.251189,0.223365,0.2,0.25,0.848581,0.8,0.9,0.00336213,2678.44,81.1113,96.5727,0.01,0.95,10,10000,0.938,0.139,1969,1285,0.0260887,0,0.652616
1821,10000,15.0598,13.3352,17.7828,0.169992,0.1,0.251189,0.223717,0.2,0.25,0.947282,0.9,1,0.00336213,2078.55,70.7252,74.9431,0.01,0.95,10,10000,0.938,0.139,1528,1011,0.0294123,0,0.661649
1822,10000,15.1304,13.3352,17.7828,0.168156,0.1,0.251189,0.223485,0.2,0.25,1.20297,1,1.5,0.0168106,1052.06,22.6119,37.9326,0.01,0.95,10,10000,0.938,0.139,3867,2542,0.0185488,0,0.657357
1823,10000,15.0168,13.3352,17.7828,0.173958,0.1,0.251189,0.271997,0.25,0.3,0.0646633,0,0.1,0.00336213,937.251,48.1917,33.7931,0.01,0.95,10,10000,0.938,0.139,689,447,0.0442334,0,0.648766
1824,10000,14.9902,13.3352,17.7828,0.179604,0.1,0.251189,0.273249,0.25,0.3,0.155069,0.1,0.2,0.00336213,2538.33,78.6629,91.5209,0.01,0.95,10,10000,0.938,0.139,1866,1224,0.0267309,0,0.655949
1825,10000,15.0376,13.3352,17.7828,0.179257,0.1,0.251189,0.272938,0.25,0.3,0.252164,0.2,0.3,0.00336213,3841.51,98.6439,138.507,0.01,0.95,10,10000,0.938,0.139,2824,1805,0.0220123,0,0.639164
1826,10000,15.0243,13.3352,17.7828,0.178554,0.1,0.251189,0.272965,0.25,0.3,0.349562,0.3,0.4,0.00336213,4355.7,107.329,157.047,0.01,0.95,10,10000,0.938,0.139,3202,1987,0.02098,0,0.62055
1827,10000,15.0378,13.3352,17.7828,0.178123,0.1,0.251189,0.27338,0.25,0.3,0.448606,0.4,0.5,0.00336213,4268.64,104.048,153.908,0.01,0.95,10,10000,0.938,0.139,3138,2004,0.0208908,0,0.638623
1828,10000,15.0171,13.3352,17.7828,0.177807,0.1,0.251189,0.27327,0.25,0.3,0.549266,0.5,0.6,0.00336213,3738.12,95.089,134.78,0.01,0.95,10,10000,0.938,0.139,2748,1812,0.0219698,0,0.659389
1829,10000,15.0047,13.3352,17.7828,0.175144,0.1,0.251189,0.273464,0.25,0.3,0.646813,0.6,0.7,0.00336213,3180.4,94.2883,114.671,0.01,0.95,10,10000,0.938,0.139,2338,1396,0.02503,0,0.597092
1830,10000,15.0179,13.3352,17.7828,0.175774,0.1,0.251189,0.273856,0.25,0.3,0.747638,0.7,0.8,0.00336213,2413.18,77.1256,87.0086,0.01,0.95,10,10000,0.938,0.139,1774,1155,0.0275178,0,0.651071
1831,10000,15.0867,13.3352,17.7828,0.180362,0.1,0.251189,0.27294,0.25,0.3,0.846563,0.8,0.9,0.00336213,1923.47,70.0161,69.3518,0.01,0.95,10,10000,0.938,0.139,1414,900,0.0311733,0,0.636492
1832,10000,15.1181,13.3352,17.7828,0.17436,0.1,0.251189,0.273818,0.25,0.3,0.949013,0.9,1,0.00336213,1537.15,61.6609,55.4226,0.01,0.95,10,10000,0.938,0.139,1130,734,0.0345189,0,0.649558
1833,10000,15.1229,13.3352,17.7828,0.171502,0.1,0.251189,0.273526,0.25,0.3,1.20562,1,1.5,0.0168106,764.22,19.7686,27.5544,0.01,0.95,10,10000,0.938,0.139,2809,1784,0.0221415,0,0.635101
1834,10000,14.9675,13.3352,17.7828,0.183738,0.1,0.251189,0.341031,0.3,0.4,0.0671457,0,0.1,0.00672426,449.581,24.3044,16.2099,0.01,0.95,10,10000,0.938,0.139,661,412,0.046074,0,0.623298
1835,10000,14.9401,13.3352,17.7828,0.181514,0.1,0.251189,0.343142,0.3,0.4,0.154874,0.1,0.2,0.00672426,1360.99,43.9756,49.0711,0.01,0.95,10,10000,0.938,0.139,2001,1181,0.0272132,0,0.590205
1836,10000,14.9661,13.3352,17.7828,0.182899,0.1,0.251189,0.341955,0.3,0.4,0.251582,0.2,0.3,0.00672426,1994.21,52.6159,71.9022,0.01,0.95,10,10000,0.938,0.139,2932,1759,0.0222983,0,0.599932
1837,10000,14.975,13.3352,17.7828,0.183716,0.1,0.251189,0.343057,0.3,0.4,0.349985,0.3,0.4,0.00672426,2368.97,57.6536,85.4146,0.01,0.95,10,10000,0.938,0.139,3483,2074,0.0205353,0,0.595464
1838,10000,15.0231,13.3352,17.7828,0.1818,0.1,0.251189,0.34235,0.3,0.4,0.450187,0.4,0.5,0.00672426,2463.52,57.9266,88.8233,0.01,0.95,10,10000,0.938,0.139,3622,2202,0.0199295,0,0.607951
1839,10000,14.9205,13.3352,17.7828,0.180841,0.1,0.251189,0.343268,0.3,0.4,0.547708,0.5,0.6,0.00672426,2299.6,56.1917,82.9132,0.01,0.95,10,10000,0.938,0.139,3381,2044,0.0206854,0,0.604555
1840,10000,15.0044,13.3352,17.7828,0.182915,0.1,0.251189,0.342544,0.3,0.4,0.648078,0.6,0.7,0.00672426,1843.22,49.4911,66.4581,0.01,0.95,10,10000,0.938,0.139,2710,1676,0.0228438,0,0.61845
1841,10000,15.0157,13.3352,17.7828,0.181131,0.1,0.251189,0.343322,0.3,0.4,0.748703,0.7,0.8,0.00672426,1573.87,47.3081,56.7469,0.01,0.95,10,10000,0.938,0.139,2314,1365,0.0253127,0,0.589888
1842,10000,15.08,13.3352,17.7828,0.178338,0.1,0.251189,0.344144,0.3,0.4,0.84795,0.8,0.9,0.00672426,1137.9,40.28,41.0274,0.01,0.95,10,10000,0.938,0.139,1673,985,0.0297979,0,0.588763
1843,10000,14.9587,13.3352,17.7828,0.178182,0.1,0.251189,0.343699,0.3,0.4,0.949737,0.9,1,0.00672426,876.037,36.0943,31.586,0.01,0.95,10,10000,0.938,0.139,1288,736,0.0344719,0,0.571429
1844,10000,15.0553,13.3352,17.7828,0.178477,0.1,0.251189,0.344997,0.3,0.4,1.2087,1,1.5,0.0336213,498.144,11.8799,17.9608,0.01,0.95,10,10000,0.938,0.139,3662,2166,0.0200944,0,0.59148
1845,10000,14.8767,13.3352,17.7828,0.193979,0.1,0.251189,0.438577,0.4,0.5,0.0663051,0,0.1,0.00672426,207.447,18.709,7.4796,0.01,0.95,10,10000,0.938,0.139,305,159,0.0741662,0,0.521311
1846,10000,14.9273,13.3352,17.7828,0.194869,0.1,0.251189,0.441588,0.4,0.5,0.155869,0.1,0.2,0.00672426,631.862,31.8638,22.7821,0.01,0.95,10,10000,0.938,0.139,929,502,0.04174,0,0.540366
1847,10000,14.9413,13.3352,17.7828,0.192146,0.1,0.251189,0.443555,0.4,0.5,0.250209,0.2,0.3,0.00672426,888.28,37.8798,32.0274,0.01,0.95,10,10000,0.938,0.139,1306,703,0.0352717,0,0.538285
1848,10000,14.8834,13.3352,17.7828,0.190776,0.1,0.251189,0.442969,0.4,0.5,0.351715,0.3,0.4,0.00672426,1115.45,42.474,40.2182,0.01,0.95,10,10000,0.938,0.139,1640,882,0.0314898,0,0.537805
1849,10000,14.9615,13.3352,17.7828,0.19231,0.1,0.251189,0.444677,0.4,0.5,0.449915,0.4,0.5,0.00672426,1095.73,42.0438,39.507,0.01,0.95,10,10000,0.938,0.139,1611,868,0.0317428,0,0.538796
1850,10000,14.9294,13.3352,17.7828,0.190174,0.1,0.251189,0.443298,0.4,0.5,0.547161,0.5,0.6,0.00672426,1053.56,41.9696,37.9866,0.01,0.95,10,10000,0.938,0.139,1549,813,0.0327989,0,0.524855
1851,10000,14.8944,13.3352,17.7828,0.190612,0.1,0.251189,0.442131,0.4,0.5,0.648562,0.6,0.7,0.00672426,927.049,38.3642,33.4252,0.01,0.95,10,10000,0.938,0.139,1363,743,0.0343092,0,0.545121
1852,10000,14.9271,13.3352,17.7828,0.188023,0.1,0.251189,0.443053,0.4,0.5,0.748888,0.7,0.8,0.00672426,783.537,35.2691,28.2508,0.01,0.95,10,10000,0.938,0.139,1152,628,0.0373185,0,0.545139
1853,10000,15.0362,13.3352,17.7828,0.185883,0.1,0.251189,0.44416,0.4,0.5,0.846862,0.8,0.9,0.00672426,661.109,33.6557,23.8366,0.01,0.95,10,10000,0.938,0.139,972,501,0.0417816,0,0.515432
1854,10000,14.9252,13.3352,17.7828,0.189611,0.1,0.251189,0.444919,0.4,0.5,0.949639,0.9,1,0.00672426,522.358,28.7342,18.8339,0.01,0.95,10,10000,0.938,0.139,768,420,0.0456331,0,0.546875
1855,10000,15.0156,13.3352,17.7828,0.184222,0.1,0.251189,0.445828,0.4,0.5,1.20075,1,1.5,0.0336213,280.495,9.69223,10.1134,0.01,0.95,10,10000,0.938,0.139,2062,1081,0.0284441,0,0.524248
1856,10000,14.8698,13.3352,17.7828,0.198673,0.1,0.251189,0.542568,0.5,0.6,0.0646166,0,0.1,0.00672426,88.4199,12.6917,3.18803,0.01,0.95,10,10000,0.938,0.139,130,64,0.1169,0,0.492308
1857,10000,14.9797,13.3352,17.7828,0.194629,0.1,0.251189,0.541725,0.5,0.6,0.15737,0.1,0.2,0.00672426,289.745,21.1485,10.4469,0.01,0.95,10,10000,0.938,0.139,426,237,0.0607478,0,0.556338
1858,10000,14.9016,13.3352,17.7828,0.195043,0.1,0.251189,0.545531,0.5,0.6,0.254842,0.2,0.3,0.00672426,466.585,28.7441,16.823,0.01,0.95,10,10000,0.938,0.139,686,345,0.0503495,0,0.502915
1859,10000,14.9611,13.3352,17.7828,0.198293,0.1,0.251189,0.542943,0.5,0.6,0.349863,0.3,0.4,0.00672426,499.232,28.4028,18.0001,0.01,0.95,10,10000,0.938,0.139,734,395,0.047055,0,0.538147
1860,10000,14.8376,13.3352,17.7828,0.195997,0.1,0.251189,0.545764,0.5,0.6,0.44977,0.4,0.5,0.00672426,595.814,31.1834,21.4824,0.01,0.95,10,10000,0.938,0.139,876,468,0.0432296,0,0.534247
1861,10000,14.9155,13.3352,17.7828,0.197082,0.1,0.251189,0.544952,0.5,0.6,0.550513,0.5,0.6,0.00672426,554.325,30.4313,19.9865,0.01,0.95,10,10000,0.938,0.139,815,428,0.0452046,0,0.525153
1862,10000,15.0098,13.3352,17.7828,0.194215,0.1,0.251189,0.54338,0.5,0.6,0.648152,0.6,0.7,0.00672426,497.192,28.4131,17.9265,0.01,0.95,10,10000,0.938,0.139,731,392,0.0472347,0,0.536252
1863,10000,14.9086,13.3352,17.7828,0.193058,0.1,0.251189,0.543729,0.5,0.6,0.752278,0.7,0.8,0.00672426,408.772,25.8335,14.7385,0.01,0.95,10,10000,0.938,0.139,601,321,0.0521978,0,0.53411
1864,10000,15.0789,13.3352,17.7828,0.195588,0.1,0.251189,0.54594,0.5,0.6,0.848474,0.8,0.9,0.00672426,352.319,25.7373,12.7031,0.01,0.95,10,10000,0.938,0.139,518,249,0.0592659,0,0.480695
1865,10000,14.9742,13.3352,17.7828,0.194523,0.1,0.251189,0.540741,0.5,0.6,0.945941,0.9,1,0.00672426,278.863,21.4029,10.0545,0.01,0.95,10,10000,0.938,0.139,410,218,0.0633397,0,0.531707
1866,10000,14.8795,13.3352,17.7828,0.190671,0.1,0.251189,0.544771,0.5,0.6,1.2004,1,1.5,0.0336213,150.314,7.1901,5.41964,0.01,0.95,10,10000,0.938,0.139,1105,568,0.0392401,0,0.514027
1867,10000,15.0572,13.3352,17.7828,0.1986,0.1,0.251189,0.637776,0.6,0.7,0.0603172,0,0.1,0.00672426,44.21,8.97441,1.59401,0.01,0.95,10,10000,0.938,0.139,65,32,0.165322,0,0.492308
1868,10000,14.8443,13.3352,17.7828,0.19857,0.1,0.251189,0.642826,0.6,0.7,0.159887,0.1,0.2,0.00672426,136.711,14.7853,4.92918,0.01,0.95,10,10000,0.938,0.139,201,109,0.0895759,0,0.542289
1869,10000,15.0536,13.3352,17.7828,0.197906,0.1,0.251189,0.645575,0.6,0.7,0.249147,0.2,0.3,0.00672426,240.774,21.3729,8.68124,0.01,0.95,10,10000,0.938,0.139,354,169,0.0719384,0,0.477401
1870,10000,14.8026,13.3352,17.7828,0.195504,0.1,0.251189,0.642933,0.6,0.7,0.354927,0.3,0.4,0.00672426,272.741,20.1485,9.83383,0.01,0.95,10,10000,0.938,0.139,401,229,0.0617997,0,0.571072
1871,10000,14.873,13.3352,17.7828,0.196529,0.1,0.251189,0.645285,0.6,0.7,0.451425,0.4,0.5,0.00672426,278.863,21.1386,10.0545,0.01,0.95,10,10000,0.938,0.139,410,222,0.0627665,0,0.541463
1872,10000,14.9771,13.3352,17.7828,0.197994,0.1,0.251189,0.649327,0.6,0.7,0.551547,0.5,0.6,0.00672426,270.701,20.5977,9.76026,0.01,0.95,10,10000,0.938,0.139,398,219,0.0631949,0,0.550251
1873,10000,14.8448,13.3352,17.7828,0.196081,0.1,0.251189,0.643548,0.6,0.7,0.651016,0.6,0.7,0.00672426,264.58,22.0698,9.53955,0.01,0.95,10,10000,0.938,0.139,389,190,0.0678465,0,0.488432
1874,10000,14.9227,13.3352,17.7828,0.198209,0.1,0.251189,0.64472,0.6,0.7,0.748409,0.7,0.8,0.00672426,213.568,18.3525,7.70031,0.01,0.95,10,10000,0.938,0.139,314,172,0.0713083,0,0.547771
1875,10000,15.0079,13.3352,17.7828,0.196425,0.1,0.251189,0.643602,0.6,0.7,0.844262,0.8,0.9,0.00672426,190.443,17.8405,6.86652,0.01,0.95,10,10000,0.938,0.139,280,147,0.077134,0,0.525
1876,10000,14.9405,13.3352,17.7828,0.196803,0.1,0.251189,0.645346,0.6,0.7,0.950548,0.9,1,0.00672426,155.755,16.819,5.61583,0.01,0.95,10,10000,0.938,0.139,229,113,0.0879762,0,0.49345
1877,10000,14.9633,13.3352,17.7828,0.193282,0.1,0.251189,0.644133,0.6,0.7,1.19525,1,1.5,0.0336213,84.7471,5.42432,3.0556,0.01,0.95,10,10000,0.938,0.139,623,318,0.0524434,0,0.510433
1878,10000,14.7939,13.3352,17.7828,0.193455,0.1,0.251189,0.749286,0.7,0.8,0.0673061,0,0.1,0.00672426,26.526,6.33762,0.956408,0.01,0.95,10,10000,0.938,0.139,39,22,0.199385,0,0.564103
1879,10000,15.124,13.3352,17.7828,0.198884,0.1,0.251189,0.74069,0.7,0.8,0.155939,0.1,0.2,0.00672426,63.9344,9.97339,2.30519,0.01,0.95,10,10000,0.938,0.139,94,52,0.129689,0,0.553191
1880,10000,14.8534,13.3352,17.7828,0.194962,0.1,0.251189,0.743638,0.7,0.8,0.251773,0.2,0.3,0.00672426,108.825,13.7073,3.92372,0.01,0.95,10,10000,0.938,0.139,160,82,0.103276,0,0.5125
1881,10000,15.073,13.3352,17.7828,0.203125,0.1,0.251189,0.747316,0.7,0.8,0.349511,0.3,0.4,0.00672426,130.589,15.2659,4.70847,0.01,0.95,10,10000,0.938,0.139,192,96,0.0954484,0,0.5
1882,10000,14.8599,13.3352,17.7828,0.200382,0.1,0.251189,0.744157,0.7,0.8,0.446119,0.4,0.5,0.00672426,124.468,14.2295,4.48776,0.01,0.95,10,10000,0.938,0.139,183,98,0.0944694,0,0.535519
1883,10000,15.0443,13.3352,17.7828,0.201186,0.1,0.251189,0.740385,0.7,0.8,0.549172,0.5,0.6,0.00672426,149.634,16.852,5.39512,0.01,0.95,10,10000,0.938,0.139,220,105,0.0912662,0,0.477273
1884,10000,14.929,13.3352,17.7828,0.194696,0.1,0.251189,0.746228,0.7,0.8,0.647077,0.6,0.7,0.00672426,112.905,13.1378,4.07086,0.01,0.95,10,10000,0.938,0.139,166,93,0.0969757,0,0.560241
1885,10000,15.1979,13.3352,17.7828,0.20008,0.1,0.251189,0.748642,0.7,0.8,0.747769,0.7,0.8,0.00672426,119.027,15.3343,4.29157,0.01,0.95,10,10000,0.938,0.139,175,81,0.103911,0,0.462857
1886,10000,14.8216,13.3352,17.7828,0.193019,0.1,0.251189,0.745051,0.7,0.8,0.85222,0.8,0.9,0.00672426,112.225,13.7625,4.04634,0.01,0.95,10,10000,0.938,0.139,165,86,0.100845,0,0.521212
1887,10000,14.8251,13.3352,17.7828,0.197578,0.1,0.251189,0.74919,0.7,0.8,0.954362,0.9,1,0.00672426,80.9382,12.6569,2.91827,0.01,0.95,10,10000,0.938,0.139,119,55,0.126102,0,0.462185
1888,10000,14.9662,13.3352,17.7828,0.19618,0.1,0.251189,0.743569,0.7,0.8,1.20932,1,1.5,0.0336213,47.6107,4.20232,1.71663,0.01,0.95,10,10000,0.938,0.139,350,170,0.0717266,0,0.485714
1889,10000,15.402,13.3352,17.7828,0.215605,0.1,0.251189,0.854024,0.8,0.9,0.0809317,0,0.1,0.00672426,9.52215,4.55733,0.343326,0.01,0.95,10,10000,0.938,0.139,14,6,0.381794,0,0.428571
1890,10000,14.5328,13.3352,17.7828,0.194876,0.1,0.251189,0.855592,0.8,0.9,0.152799,0.1,0.2,0.00672426,25.1657,6.14668,0.907361,0.01,0.95,10,10000,0.938,0.139,37,21,0.204077,0,0.567568
1891,10000,14.876,13.3352,17.7828,0.189342,0.1,0.251189,0.843402,0.8,0.9,0.253602,0.2,0.3,0.00672426,49.6512,9.00186,1.7902,0.01,0.95,10,10000,0.938,0.139,73,39,0.149752,0,0.534247
1892,10000,15.077,13.3352,17.7828,0.202262,0.1,0.251189,0.841569,0.8,0.9,0.347335,0.3,0.4,0.00672426,62.5741,9.98786,2.25614,0.01,0.95,10,10000,0.938,0.139,92,50,0.132257,0,0.543478
1893,10000,14.5489,13.3352,17.7828,0.199059,0.1,0.251189,0.847583,0.8,0.9,0.451247,0.4,0.5,0.00672426,64.6146,10.0998,2.32971,0.01,0.95,10,10000,0.938,0.139,95,52,0.129689,0,0.547368
1894,10000,15.0164,13.3352,17.7828,0.201548,0.1,0.251189,0.843518,0.8,0.9,0.548394,0.5,0.6,0.00672426,65.2947,11.6013,2.35423,0.01,0.95,10,10000,0.938,0.139,96,43,0.142617,0,0.447917
1895,10000,15.0043,13.3352,17.7828,0.193826,0.1,0.251189,0.84598,0.8,0.9,0.647387,0.6,0.7,0.00672426,68.6955,11.6088,2.47685,0.01,0.95,10,10000,0.938,0.139,101,47,0.136413,0,0.465347
1896,10000,15.08,13.3352,17.7828,0.196076,0.1,0.251189,0.846256,0.8,0.9,0.753251,0.7,0.8,0.00672426,57.813,9.21542,2.08448,0.01,0.95,10,10000,0.938,0.139,85,49,0.1336,0,0.576471
1897,10000,15.1241,13.3352,17.7828,0.207366,0.1,0.251189,0.840865,0.8,0.9,0.843324,0.8,0.9,0.00672426,44.21,8.79218,1.59401,0.01,0.95,10,10000,0.938,0.139,65,33,0.162797,0,0.507692
1898,10000,14.8708,13.3352,17.7828,0.184384,0.1,0.251189,0.844915,0.8,0.9,0.949042,0.9,1,0.00672426,36.7283,6.61033,1.32426,0.01,0.95,10,10000,0.938,0.139,54,36,0.155867,0,0.666667
1899,10000,14.8812,13.3352,17.7828,0.192901,0.1,0.251189,0.835153,0.8,0.9,1.18029,1,1.5,0.0336213,14.6913,2.10743,0.529703,0.01,0.95,10,10000,0.938,0.139,108,61,0.11974,0,0.564815
1900,10000,13.7922,13.3352,17.7828,0.202922,0.1,0.251189,0.951577,0.9,1,0.0995381,0,0.1,0.00672426,2.04046,2.46352,0.0735698,0.01,0.95,10,10000,0.938,0.139,3,1,0.9352,0,0.333333
1901,10000,15.5485,13.3352,17.7828,0.17961,0.1,0.251189,0.95818,0.9,1,0.164251,0.1,0.2,0.00672426,15.6435,6.64847,0.564035,0.01,0.95,10,10000,0.938,0.139,23,8,0.330643,0,0.347826
1902,10000,14.8586,13.3352,17.7828,0.197093,0.1,0.251189,0.943401,0.9,1,0.251981,0.2,0.3,0.00672426,16.3237,5.11304,0.588559,0.01,0.95,10,10000,0.938,0.139,24,13,0.259378,0,0.541667
1903,10000,14.8316,13.3352,17.7828,0.188002,0.1,0.251189,0.937013,0.9,1,0.357812,0.3,0.4,0.00672426,17.0038,4.85814,0.613082,0.01,0.95,10,10000,0.938,0.139,25,15,0.241468,0,0.6
1904,10000,15.0301,13.3352,17.7828,0.200604,0.1,0.251189,0.936355,0.9,1,0.453608,0.4,0.5,0.00672426,32.6474,7.63295,1.17712,0.01,0.95,10,10000,0.938,0.139,48,24,0.190897,0,0.5
1905,10000,15.2459,13.3352,17.7828,0.199499,0.1,0.251189,0.949109,0.9,1,0.543982,0.5,0.6,0.00672426,22.4451,7.7513,0.809268,0.01,0.95,10,10000,0.938,0.139,33,12,0.269969,0,0.363636
1906,10000,14.9894,13.3352,17.7828,0.201025,0.1,0.251189,0.941496,0.9,1,0.641469,0.6,0.7,0.00672426,21.7649,6.79997,0.784745,0.01,0.95,10,10000,0.938,0.139,32,14,0.249943,0,0.4375
1907,10000,15.1716,13.3352,17.7828,0.197937,0.1,0.251189,0.934166,0.9,1,0.742276,0.7,0.8,0.00672426,14.2832,4.3536,0.514989,0.01,0.95,10,10000,0.938,0.139,21,13,0.259378,0,0.619048
1908,10000,13.9671,13.3352,17.7828,0.190615,0.1,0.251189,0.9347,0.9,1,0.844836,0.8,0.9,0.00672426,7.48169,3.08819,0.269756,0.01,0.95,10,10000,0.938,0.139,11,7,0.353472,0,0.636364
1909,10000,15.2922,13.3352,17.7828,0.181454,0.1,0.251189,0.958348,0.9,1,0.978104,0.9,1,0.00672426,10.8825,6.73163,0.392372,0.01,0.95,10,10000,0.938,0.139,16,4,0.4676,0,0.25
1910,10000,15.3931,13.3352,17.7828,0.206477,0.1,0.251189,0.940043,0.9,1,1.15048,1,1.5,0.0336213,4.35298,1.49805,0.156949,0.01,0.95,10,10000,0.938,0.139,32,12,0.269969,0,0.375
1911,10000,15.2092,13.3352,17.7828,0.358784,0.251189,0.630957,0.0704376,0.05,0.1,0.065778,0,0.1,0.00844525,2641.14,39.833,95.2276,0.01,0.95,10,10000,0.938,0.139,4877,4300,0.0142617,0,0.88169
1912,10000,15.1799,13.3352,17.7828,0.35798,0.251189,0.630957,0.0707104,0.05,0.1,0.154223,0.1,0.2,0.00844525,7213.45,66.0708,260.085,0.01,0.95,10,10000,0.938,0.139,13320,11696,0.0086474,0,0.878078
1913,10000,15.205,13.3352,17.7828,0.358522,0.251189,0.630957,0.0713263,0.05,0.1,0.250215,0.2,0.3,0.00844525,9050.93,72.9899,326.336,0.01,0.95,10,10000,0.938,0.139,16713,14904,0.00766043,0,0.891761
1914,10000,15.2293,13.3352,17.7828,0.356153,0.251189,0.630957,0.0721193,0.05,0.1,0.348457,0.3,0.4,0.00844525,7819.98,66.7018,281.953,0.01,0.95,10,10000,0.938,0.139,14440,13120,0.00816465,0,0.908587
1915,10000,15.2468,13.3352,17.7828,0.354042,0.251189,0.630957,0.0723239,0.05,0.1,0.446993,0.4,0.5,0.00844525,6017.7,59.4791,216.971,0.01,0.95,10,10000,0.938,0.139,11112,9916,0.00939153,0,0.892369
1916,10000,15.2414,13.3352,17.7828,0.353407,0.251189,0.630957,0.0728572,0.05,0.1,0.546888,0.5,0.6,0.00844525,4344.31,50.8735,156.636,0.01,0.95,10,10000,0.938,0.139,8022,7106,0.0110941,0,0.885814
1917,10000,15.2469,13.3352,17.7828,0.352835,0.251189,0.630957,0.0731714,0.05,0.1,0.647437,0.6,0.7,0.00844525,3014.27,43.6768,108.681,0.01,0.95,10,10000,0.938,0.139,5566,4765,0.0135479,0,0.856091
1918,10000,15.3242,13.3352,17.7828,0.347636,0.251189,0.630957,0.0730012,0.05,0.1,0.746343,0.7,0.8,0.00844525,2141.29,37.7893,77.2053,0.01,0.95,10,10000,0.938,0.139,3954,3284,0.0163193,0,0.830551
1919,10000,15.2661,13.3352,17.7828,0.343818,0.251189,0.630957,0.0742364,0.05,0.1,0.84687,0.8,0.9,0.00844525,1429.69,31.4717,51.5483,0.01,0.95,10,10000,0.938,0.139,2640,2144,0.0201972,0,0.812121
1920,10000,15.3364,13.3352,17.7828,0.341646,0.251189,0.630957,0.0735969,0.05,0.1,0.947277,0.9,1,0.00844525,1045.73,28.4362,37.7044,0.01,0.95,10,10000,0.938,0.139,1931,1467,0.0244168,0,0.75971
1921,10000,15.3709,13.3352,17.7828,0.337774,0.251189,0.630957,0.0738738,0.05,0.1,1.19057,1,1.5,0.0422263,436.923,8.4829,15.7535,0.01,0.95,10,10000,0.938,0.139,4034,2946,0.0172301,0,0.730293
1922,10000,15.1806,13.3352,17.7828,0.35983,0.251189,0.630957,0.122347,0.1,0.15,0.0661371,0,0.1,0.00844525,1053.86,25.211,37.9973,0.01,0.95,10,10000,0.938,0.139,1946,1712,0.0226023,0,0.879753
1923,10000,15.17,13.3352,17.7828,0.362938,0.251189,0.630957,0.12208,0.1,0.15,0.154202,0.1,0.2,0.00844525,3029.43,42.2927,109.228,0.01,0.95,10,10000,0.938,0.139,5594,4980,0.0132523,0,0.89024
1924,10000,15.2,13.3352,17.7828,0.36062,0.251189,0.630957,0.122548,0.1,0.15,0.250843,0.2,0.3,0.00844525,4213.26,49.0862,151.911,0.01,0.95,10,10000,0.938,0.139,7780,7049,0.0111389,0,0.906041
1925,10000,15.1925,13.3352,17.7828,0.358981,0.251189,0.630957,0.122919,0.1,0.15,0.349433,0.3,0.4,0.00844525,4099.53,48.8847,147.811,0.01,0.95,10,10000,0.938,0.139,7570,6787,0.0113518,0,0.896565
1926,10000,15.2256,13.3352,17.7828,0.358055,0.251189,0.630957,0.123043,0.1,0.15,0.447168,0.4,0.5,0.00844525,3331.07,43.1485,120.104,0.01,0.95,10,10000,0.938,0.139,6151,5643,0.0124494,0,0.917412
1927,10000,15.2341,13.3352,17.7828,0.35663,0.251189,0.630957,0.122973,0.1,0.15,0.547681,0.5,0.6,0.00844525,2483.01,37.1496,89.5261,0.01,0.95,10,10000,0.938,0.139,4585,4219,0.0143979,0,0.920174
1928,10000,15.2053,13.3352,17.7828,0.35704,0.251189,0.630957,0.123753,0.1,0.15,0.647443,0.6,0.7,0.00844525,1800.11,30.9937,64.904,0.01,0.95,10,10000,0.938,0.139,3324,3126,0.0167267,0,0.940433
1929,10000,15.204,13.3352,17.7828,0.348701,0.251189,0.630957,0.123939,0.1,0.15,0.747126,0.7,0.8,0.00844525,1302.97,27.08,46.9792,0.01,0.95,10,10000,0.938,0.139,2406,2199,0.0199431,0,0.913965
1930,10000,15.1847,13.3352,17.7828,0.345792,0.251189,0.630957,0.123657,0.1,0.15,0.847756,0.8,0.9,0.00844525,937.423,23.1584,33.7993,0.01,0.95,10,10000,0.938,0.139,1731,1568,0.0236174,0,0.905835
1931,10000,15.2751,13.3352,17.7828,0.353569,0.251189,0.630957,0.123721,0.1,0.15,0.947072,0.9,1,0.00844525,635.78,18.7225,22.9234,0.01,0.95,10,10000,0.938,0.139,1174,1085,0.0283916,0,0.924191
1932,10000,15.2794,13.3352,17.7828,0.344064,0.251189,0.630957,0.123915,0.1,0.15,1.18643,1,1.5,0.0422263,286.913,6.1078,10.3448,0.01,0.95,10,10000,0.938,0.139,2649,2233,0.0197907,0,0.84296
1933,10000,15.172,13.3352,17.7828,0.365321,0.251189,0.630957,0.172347,0.15,0.2,0.0663651,0,0.1,0.00844525,568.086,18.2943,20.4826,0.01,0.95,10,10000,0.938,0.139,1049,935,0.0305843,0,0.891325
1934,10000,15.2124,13.3352,17.7828,0.362394,0.251189,0.630957,0.172712,0.15,0.2,0.155154,0.1,0.2,0.00844525,1527.17,29.4895,55.0629,0.01,0.95,10,10000,0.938,0.139,2820,2561,0.0184799,0,0.908156
1935,10000,15.1857,13.3352,17.7828,0.362432,0.251189,0.630957,0.1728,0.15,0.2,0.252703,0.2,0.3,0.00844525,2265.85,35.771,81.6962,0.01,0.95,10,10000,0.938,0.139,4184,3817,0.0151371,0,0.912285
1936,10000,15.1712,13.3352,17.7828,0.362511,0.251189,0.630957,0.172856,0.15,0.2,0.350741,0.3,0.4,0.00844525,2375.78,36.3287,85.66,0.01,0.95,10,10000,0.938,0.139,4387,4038,0.0147171,0,0.920447
1937,10000,15.2093,13.3352,17.7828,0.360465,0.251189,0.630957,0.173166,0.15,0.2,0.448429,0.4,0.5,0.00844525,2123.42,35.2316,76.5609,0.01,0.95,10,10000,0.938,0.139,3921,3510,0.0157852,0,0.89518
1938,10000,15.231,13.3352,17.7828,0.356156,0.251189,0.630957,0.173012,0.15,0.2,0.548493,0.5,0.6,0.00844525,1624.65,30.0755,58.5776,0.01,0.95,10,10000,0.938,0.139,3000,2758,0.0178077,0,0.919333
1939,10000,15.2428,13.3352,17.7828,0.359849,0.251189,0.630957,0.173862,0.15,0.2,0.646751,0.6,0.7,0.00844525,1263.98,26.987,45.5734,0.01,0.95,10,10000,0.938,0.139,2334,2106,0.0203786,0,0.902314
1940,10000,15.1804,13.3352,17.7828,0.355607,0.251189,0.630957,0.173219,0.15,0.2,0.748044,0.7,0.8,0.00844525,904.389,22.0549,32.6082,0.01,0.95,10,10000,0.938,0.139,1670,1564,0.0236475,0,0.936527
1941,10000,15.2235,13.3352,17.7828,0.352914,0.251189,0.630957,0.173107,0.15,0.2,0.847052,0.8,0.9,0.00844525,624.407,18.2115,22.5133,0.01,0.95,10,10000,0.938,0.139,1153,1087,0.0283654,0,0.942758
1942,10000,15.2817,13.3352,17.7828,0.348064,0.251189,0.630957,0.174412,0.15,0.2,0.946981,0.9,1,0.00844525,460.859,16.4681,16.6165,0.01,0.95,10,10000,0.938,0.139,851,759,0.0339456,0,0.891892
1943,10000,15.2486,13.3352,17.7828,0.348378,0.251189,0.630957,0.173908,0.15,0.2,1.18978,1,1.5,0.0422263,204.164,4.78829,7.36125,0.01,0.95,10,10000,0.938,0.139,1885,1725,0.022517,0,0.915119
1944,10000,15.2326,13.3352,17.7828,0.367364,0.251189,0.630957,0.22259,0.2,0.25,0.0663907,0,0.1,0.00844525,356.881,14.0281,12.8675,0.01,0.95,10,10000,0.938,0.139,659,609,0.0378962,0,0.924127
1945,10000,15.1422,13.3352,17.7828,0.366224,0.251189,0.630957,0.223089,0.2,0.25,0.155293,0.1,0.2,0.00844525,913.053,22.2792,32.9206,0.01,0.95,10,10000,0.938,0.139,1686,1570,0.0236023,0,0.931198
1946,10000,15.115,13.3352,17.7828,0.361661,0.251189,0.630957,0.223281,0.2,0.25,0.251143,0.2,0.3,0.00844525,1382.58,27.6796,49.8495,0.01,0.95,10,10000,0.938,0.139,2553,2353,0.0192794,0,0.921661
1947,10000,15.1865,13.3352,17.7828,0.359989,0.251189,0.630957,0.223347,0.2,0.25,0.349926,0.3,0.4,0.00844525,1516.34,29.1723,54.6724,0.01,0.95,10,10000,0.938,0.139,2800,2563,0.0184727,0,0.915357
1948,10000,15.1538,13.3352,17.7828,0.360149,0.251189,0.630957,0.223779,0.2,0.25,0.447694,0.4,0.5,0.00844525,1422.65,28.4049,51.2944,0.01,0.95,10,10000,0.938,0.139,2627,2391,0.0191256,0,0.910164
1949,10000,15.2377,13.3352,17.7828,0.359469,0.251189,0.630957,0.223809,0.2,0.25,0.549112,0.5,0.6,0.00844525,1110.18,24.3148,40.028,0.01,0.95,10,10000,0.938,0.139,2050,1930,0.0212876,0,0.941463
1950,10000,15.2116,13.3352,17.7828,0.358974,0.251189,0.630957,0.223744,0.2,0.25,0.64756,0.6,0.7,0.00844525,861.606,22.4314,31.0657,0.01,0.95,10,10000,0.938,0.139,1591,1425,0.024774,0,0.895663
1951,10000,15.257,13.3352,17.7828,0.353007,0.251189,0.630957,0.223889,0.2,0.25,0.746081,0.7,0.8,0.00844525,616.826,18.6983,22.24,0.01,0.95,10,10000,0.938,0.139,1139,1037,0.0290412,0,0.910448
1952,10000,15.2068,13.3352,17.7828,0.355736,0.251189,0.630957,0.223635,0.2,0.25,0.848939,0.8,0.9,0.00844525,455.444,15.1306,16.4213,0.01,0.95,10,10000,0.938,0.139,841,816,0.0327385,0,0.970273
1953,10000,15.2954,13.3352,17.7828,0.349063,0.251189,0.630957,0.223989,0.2,0.25,0.94865,0.9,1,0.00844525,352.008,14.3417,12.6918,0.01,0.95,10,10000,0.938,0.139,650,582,0.0387653,0,0.895385
1954,10000,15.3005,13.3352,17.7828,0.340406,0.251189,0.630957,0.223524,0.2,0.25,1.18967,1,1.5,0.0422263,147.735,4.00532,5.32666,0.01,0.95,10,10000,0.938,0.139,1364,1271,0.026232,0,0.931818
1955,10000,15.1173,13.3352,17.7828,0.366334,0.251189,0.630957,0.273498,0.25,0.3,0.0645038,0,0.1,0.00844525,211.746,10.8987,7.63461,0.01,0.95,10,10000,0.938,0.139,391,358,0.0494268,0,0.915601
1956,10000,15.1037,13.3352,17.7828,0.357132,0.251189,0.630957,0.272463,0.25,0.3,0.155061,0.1,0.2,0.00844525,572.418,17.9328,20.6388,0.01,0.95,10,10000,0.938,0.139,1057,967,0.030074,0,0.914853
1957,10000,15.1338,13.3352,17.7828,0.367979,0.251189,0.630957,0.273342,0.25,0.3,0.254758,0.2,0.3,0.00844525,861.065,22.3405,31.0461,0.01,0.95,10,10000,0.938,0.139,1590,1430,0.0247307,0,0.899371
1958,10000,15.1365,13.3352,17.7828,0.365408,0.251189,0.630957,0.273548,0.25,0.3,0.350901,0.3,0.4,0.00844525,1024.61,24.2999,36.9429,0.01,0.95,10,10000,0.938,0.139,1892,1707,0.0226354,0,0.90222
1959,10000,15.16,13.3352,17.7828,0.361167,0.251189,0.630957,0.273304,0.25,0.3,0.448913,0.4,0.5,0.00844525,990.495,23.5151,35.7128,0.01,0.95,10,10000,0.938,0.139,1829,1679,0.0228233,0,0.917988
1960,10000,15.168,13.3352,17.7828,0.362677,0.251189,0.630957,0.273424,0.25,0.3,0.549074,0.5,0.6,0.00844525,797.162,21.3614,28.7421,0.01,0.95,10,10000,0.938,0.139,1472,1333,0.0256147,0,0.905571
1961,10000,15.25,13.3352,17.7828,0.355944,0.251189,0.630957,0.273062,0.25,0.3,0.647777,0.6,0.7,0.00844525,654.192,18.951,23.5872,0.01,0.95,10,10000,0.938,0.139,1208,1119,0.0279569,0,0.926325
1962,10000,15.2134,13.3352,17.7828,0.358645,0.251189,0.630957,0.273816,0.25,0.3,0.746855,0.7,0.8,0.00844525,440.28,14.7277,15.8745,0.01,0.95,10,10000,0.938,0.139,813,797,0.0331265,0,0.98032
1963,10000,15.1895,13.3352,17.7828,0.351482,0.251189,0.630957,0.273385,0.25,0.3,0.846092,0.8,0.9,0.00844525,334.136,13.4897,12.0475,0.01,0.95,10,10000,0.938,0.139,617,574,0.0390345,0,0.930308
1964,10000,15.2661,13.3352,17.7828,0.352488,0.251189,0.630957,0.273564,0.25,0.3,0.946062,0.9,1,0.00844525,248.571,11.9983,8.96237,0.01,0.95,10,10000,0.938,0.139,459,413,0.0460182,0,0.899782
1965,10000,15.2674,13.3352,17.7828,0.344026,0.251189,0.630957,0.27425,0.25,0.3,1.19144,1,1.5,0.0422263,108.743,3.3601,3.92079,0.01,0.95,10,10000,0.938,0.139,1004,958,0.0302149,0,0.954183
1966,10000,15.193,13.3352,17.7828,0.367078,0.251189,0.630957,0.342661,0.3,0.4,0.0675379,0,0.1,0.0168905,122.932,5.67625,4.43237,0.01,0.95,10,10000,0.938,0.139,454,431,0.045047,0,0.949339
1967,10000,15.1764,13.3352,17.7828,0.369041,0.251189,0.630957,0.34426,0.3,0.4,0.154583,0.1,0.2,0.0168905,336.844,9.46428,12.1451,0.01,0.95,10,10000,0.938,0.139,1244,1172,0.0273175,0,0.942122
1968,10000,15.1515,13.3352,17.7828,0.367747,0.251189,0.630957,0.344555,0.3,0.4,0.25151,0.2,0.3,0.0168905,473.856,11.4776,17.0851,0.01,0.95,10,10000,0.938,0.139,1750,1610,0.0233073,0,0.92
1969,10000,15.1175,13.3352,17.7828,0.367164,0.251189,0.630957,0.343678,0.3,0.4,0.349802,0.3,0.4,0.0168905,559.963,12.5657,20.1897,0.01,0.95,10,10000,0.938,0.139,2068,1888,0.021523,0,0.912959
1970,10000,15.2006,13.3352,17.7828,0.360892,0.251189,0.630957,0.344167,0.3,0.4,0.44807,0.4,0.5,0.0168905,554.006,12.4184,19.975,0.01,0.95,10,10000,0.938,0.139,2046,1881,0.021563,0,0.919355
1971,10000,15.1409,13.3352,17.7828,0.363792,0.251189,0.630957,0.345378,0.3,0.4,0.548854,0.5,0.6,0.0168905,483.875,11.3024,17.4464,0.01,0.95,10,10000,0.938,0.139,1787,1690,0.0227489,0,0.945719
1972,10000,15.1639,13.3352,17.7828,0.360279,0.251189,0.630957,0.344795,0.3,0.4,0.647697,0.6,0.7,0.0168905,396.144,10.2237,14.2832,0.01,0.95,10,10000,0.938,0.139,1463,1384,0.0251383,0,0.946001
1973,10000,15.1765,13.3352,17.7828,0.360432,0.251189,0.630957,0.345539,0.3,0.4,0.748197,0.7,0.8,0.0168905,311.121,9.04424,11.2176,0.01,0.95,10,10000,0.938,0.139,1149,1089,0.0283394,0,0.947781
1974,10000,15.1408,13.3352,17.7828,0.352736,0.251189,0.630957,0.344444,0.3,0.4,0.847976,0.8,0.9,0.0168905,225.556,8.10649,8.13252,0.01,0.95,10,10000,0.938,0.139,833,747,0.0342172,0,0.896759
1975,10000,15.145,13.3352,17.7828,0.357787,0.251189,0.630957,0.343348,0.3,0.4,0.94821,0.9,1,0.0168905,167.61,6.53887,6.04326,0.01,0.95,10,10000,0.938,0.139,619,596,0.0383073,0,0.962843
1976,10000,15.2868,13.3352,17.7828,0.342887,0.251189,0.630957,0.344594,0.3,0.4,1.19311,1,1.5,0.0844525,78.0374,2.15232,2.81368,0.01,0.95,10,10000,0.938,0.139,1441,1279,0.0261498,0,0.887578
1977,10000,15.1334,13.3352,17.7828,0.364929,0.251189,0.630957,0.447483,0.4,0.5,0.0636975,0,0.1,0.0168905,53.3427,3.85564,1.9233,0.01,0.95,10,10000,0.938,0.139,197,181,0.0695129,0,0.918782
1978,10000,15.1489,13.3352,17.7828,0.354428,0.251189,0.630957,0.442968,0.4,0.5,0.154404,0.1,0.2,0.0168905,152.717,6.66765,5.50629,0.01,0.95,10,10000,0.938,0.139,564,506,0.0415747,0,0.897163
1979,10000,15.1701,13.3352,17.7828,0.356452,0.251189,0.630957,0.443455,0.4,0.5,0.25234,0.2,0.3,0.0168905,221.223,8.17541,7.97632,0.01,0.95,10,10000,0.938,0.139,817,718,0.0349013,0,0.878825
1980,10000,15.1439,13.3352,17.7828,0.36088,0.251189,0.630957,0.444027,0.4,0.5,0.351899,0.3,0.4,0.0168905,287.563,9.23516,10.3682,0.01,0.95,10,10000,0.938,0.139,1062,943,0.0304543,0,0.887947
1981,10000,15.1435,13.3352,17.7828,0.351143,0.251189,0.630957,0.444515,0.4,0.5,0.44999,0.4,0.5,0.0168905,290,9.40683,10.4561,0.01,0.95,10,10000,0.938,0.139,1071,936,0.030568,0,0.87395
1982,10000,15.2067,13.3352,17.7828,0.352581,0.251189,0.630957,0.443307,0.4,0.5,0.549147,0.5,0.6,0.0168905,265.901,9.34354,9.5872,0.01,0.95,10,10000,0.938,0.139,982,823,0.032599,0,0.838086
1983,10000,15.1835,13.3352,17.7828,0.351079,0.251189,0.630957,0.444915,0.4,0.5,0.650027,0.6,0.7,0.0168905,220.14,8.17051,7.93726,0.01,0.95,10,10000,0.938,0.139,813,713,0.0350235,0,0.876999
1984,10000,15.2072,13.3352,17.7828,0.35391,0.251189,0.630957,0.445532,0.4,0.5,0.749653,0.7,0.8,0.0168905,174.379,7.00063,6.28733,0.01,0.95,10,10000,0.938,0.139,644,589,0.0385342,0,0.914596
1985,10000,15.2803,13.3352,17.7828,0.345585,0.251189,0.630957,0.446451,0.4,0.5,0.846223,0.8,0.9,0.0168905,138.366,6.85326,4.98886,0.01,0.95,10,10000,0.938,0.139,511,420,0.0456331,0,0.821918
1986,10000,15.2971,13.3352,17.7828,0.35041,0.251189,0.630957,0.444831,0.4,0.5,0.950849,0.9,1,0.0168905,99.3744,5.64189,3.583,0.01,0.95,10,10000,0.938,0.139,367,312,0.0529453,0,0.850136
1987,10000,15.2144,13.3352,17.7828,0.340195,0.251189,0.630957,0.444629,0.4,0.5,1.19824,1,1.5,0.0844525,46.7358,1.72147,1.68508,0.01,0.95,10,10000,0.938,0.139,863,738,0.0344252,0,0.855156
1988,10000,15.0856,13.3352,17.7828,0.333702,0.251189,0.630957,0.545058,0.5,0.6,0.0641204,0,0.1,0.0168905,27.3483,3.38304,0.986056,0.01,0.95,10,10000,0.938,0.139,101,73,0.109457,0,0.722772
1989,10000,15.1403,13.3352,17.7828,0.330356,0.251189,0.630957,0.544988,0.5,0.6,0.155841,0.1,0.2,0.0168905,83.1279,5.6737,2.99722,0.01,0.95,10,10000,0.938,0.139,307,233,0.061267,0,0.758958
1990,10000,15.1499,13.3352,17.7828,0.339325,0.251189,0.630957,0.540321,0.5,0.6,0.252509,0.2,0.3,0.0168905,120.224,6.98895,4.33474,0.01,0.95,10,10000,0.938,0.139,444,327,0.0517167,0,0.736486
1991,10000,15.2086,13.3352,17.7828,0.341843,0.251189,0.630957,0.539798,0.5,0.6,0.349216,0.3,0.4,0.0168905,146.219,7.78022,5.27198,0.01,0.95,10,10000,0.938,0.139,540,393,0.0471746,0,0.727778
1992,10000,15.2036,13.3352,17.7828,0.331903,0.251189,0.630957,0.543352,0.5,0.6,0.450597,0.4,0.5,0.0168905,150.822,7.87686,5.43795,0.01,0.95,10,10000,0.938,0.139,557,407,0.0463561,0,0.7307
1993,10000,15.1604,13.3352,17.7828,0.333814,0.251189,0.630957,0.544052,0.5,0.6,0.551486,0.5,0.6,0.0168905,141.615,7.16953,5.10601,0.01,0.95,10,10000,0.938,0.139,523,413,0.0460182,0,0.789675
1994,10000,15.1223,13.3352,17.7828,0.338468,0.251189,0.630957,0.543328,0.5,0.6,0.647067,0.6,0.7,0.0168905,121.036,7.15306,4.36403,0.01,0.95,10,10000,0.938,0.139,447,321,0.0521978,0,0.718121
1995,10000,15.1784,13.3352,17.7828,0.339825,0.251189,0.630957,0.543807,0.5,0.6,0.746221,0.7,0.8,0.0168905,95.042,5.8243,3.42679,0.01,0.95,10,10000,0.938,0.139,351,280,0.0558889,0,0.797721
1996,10000,15.1843,13.3352,17.7828,0.331145,0.251189,0.630957,0.543581,0.5,0.6,0.852063,0.8,0.9,0.0168905,82.8572,5.70876,2.98746,0.01,0.95,10,10000,0.938,0.139,306,230,0.0616653,0,0.751634
1997,10000,15.1188,13.3352,17.7828,0.337589,0.251189,0.630957,0.539859,0.5,0.6,0.948687,0.9,1,0.0168905,53.3427,4.63229,1.9233,0.01,0.95,10,10000,0.938,0.139,197,146,0.0773977,0,0.741117
1998,10000,15.1744,13.3352,17.7828,0.330315,0.251189,0.630957,0.546221,0.5,0.6,1.18312,1,1.5,0.0844525,26.4818,1.3781,0.954815,0.01,0.95,10,10000,0.938,0.139,489,389,0.0474165,0,0.795501
1999,10000,15.1033,13.3352,17.7828,0.315787,0.251189,0.630957,0.642066,0.6,0.7,0.0680776,0,0.1,0.0168905,14.0803,2.73909,0.507672,0.01,0.95,10,10000,0.938,0.139,52,32,0.165322,0,0.615385
2000,10000,15.1205,13.3352,17.7828,0.316784,0.251189,0.630957,0.636827,0.6,0.7,0.157686,0.1,0.2,0.0168905,45.761,4.83694,1.64994,0.01,0.95,10,10000,0.938,0.139,169,107,0.0904092,0,0.633136
2001,10000,15.0291,13.3352,17.7828,0.315784,0.251189,0.630957,0.640372,0.6,0.7,0.253833,0.2,0.3,0.0168905,57.9459,5.54726,2.08927,0.01,0.95,10,10000,0.938,0.139,214,132,0.0813987,0,0.616822
2002,10000,15.1424,13.3352,17.7828,0.312158,0.251189,0.630957,0.6409,0.6,0.7,0.348015,0.3,0.4,0.0168905,78.254,6.55961,2.82149,0.01,0.95,10,10000,0.938,0.139,289,174,0.0708973,0,0.602076
2003,10000,15.2797,13.3352,17.7828,0.313468,0.251189,0.630957,0.646074,0.6,0.7,0.447972,0.4,0.5,0.0168905,78.7955,6.48165,2.84101,0.01,0.95,10,10000,0.938,0.139,291,179,0.0699001,0,0.61512
2004,10000,15.08,13.3352,17.7828,0.31499,0.251189,0.630957,0.640568,0.6,0.7,0.548171,0.5,0.6,0.0168905,67.9645,5.73354,2.4505,0.01,0.95,10,10000,0.938,0.139,251,165,0.0728052,0,0.657371
2005,10000,15.0317,13.3352,17.7828,0.316743,0.251189,0.630957,0.643531,0.6,0.7,0.650947,0.6,0.7,0.0168905,71.7554,6.38277,2.58718,0.01,0.95,10,10000,0.938,0.139,265,156,0.0748759,0,0.588679
2006,10000,15.3607,13.3352,17.7828,0.31775,0.251189,0.630957,0.643781,0.6,0.7,0.746825,0.7,0.8,0.0168905,62.2783,5.89682,2.24547,0.01,0.95,10,10000,0.938,0.139,230,137,0.0798995,0,0.595652
2007,10000,15.1195,13.3352,17.7828,0.314926,0.251189,0.630957,0.647375,0.6,0.7,0.849884,0.8,0.9,0.0168905,43.324,4.82099,1.56207,0.01,0.95,10,10000,0.938,0.139,160,98,0.0944694,0,0.6125
2008,10000,15.2934,13.3352,17.7828,0.320094,0.251189,0.630957,0.641234,0.6,0.7,0.949295,0.9,1,0.0168905,31.9515,3.56733,1.15203,0.01,0.95,10,10000,0.938,0.139,118,88,0.0996926,0,0.745763
2009,10000,15.3531,13.3352,17.7828,0.318689,0.251189,0.630957,0.642757,0.6,0.7,1.18311,1,1.5,0.0844525,16.3548,1.28927,0.589681,0.01,0.95,10,10000,0.938,0.139,302,192,0.0674922,0,0.635762
2010,10000,15.1537,13.3352,17.7828,0.309978,0.251189,0.630957,0.729587,0.7,0.8,0.0509052,0,0.1,0.0168905,5.95705,2.34227,0.214785,0.01,0.95,10,10000,0.938,0.139,22,9,0.311733,0,0.409091
2011,10000,15.2016,13.3352,17.7828,0.297167,0.251189,0.630957,0.744473,0.7,0.8,0.161084,0.1,0.2,0.0168905,24.9113,5.01148,0.89819,0.01,0.95,10,10000,0.938,0.139,92,35,0.158078,0,0.380435
2012,10000,15.2591,13.3352,17.7828,0.296064,0.251189,0.630957,0.741265,0.7,0.8,0.250301,0.2,0.3,0.0168905,33.0346,4.89808,1.19108,0.01,0.95,10,10000,0.938,0.139,122,60,0.120734,0,0.491803
2013,10000,15.1587,13.3352,17.7828,0.301767,0.251189,0.630957,0.734638,0.7,0.8,0.348255,0.3,0.4,0.0168905,43.5948,6.15264,1.57183,0.01,0.95,10,10000,0.938,0.139,161,69,0.112585,0,0.428571
2014,10000,15.1403,13.3352,17.7828,0.299024,0.251189,0.630957,0.739857,0.7,0.8,0.450843,0.4,0.5,0.0168905,43.0532,6.90666,1.55231,0.01,0.95,10,10000,0.938,0.139,159,56,0.124971,0,0.352201
2015,10000,15.1247,13.3352,17.7828,0.29462,0.251189,0.630957,0.744248,0.7,0.8,0.541854,0.5,0.6,0.0168905,36.0131,5.24224,1.29847,0.01,0.95,10,10000,0.938,0.139,133,63,0.117824,0,0.473684
2016,10000,15.2085,13.3352,17.7828,0.295959,0.251189,0.630957,0.741141,0.7,0.8,0.649487,0.6,0.7,0.0168905,38.4501,5.59472,1.38634,0.01,0.95,10,10000,0.938,0.139,142,64,0.1169,0,0.450704
2017,10000,15.0593,13.3352,17.7828,0.303681,0.251189,0.630957,0.74259,0.7,0.8,0.748422,0.7,0.8,0.0168905,33.0346,5.00882,1.19108,0.01,0.95,10,10000,0.938,0.139,122,58,0.122798,0,0.47541
2018,10000,15.5214,13.3352,17.7828,0.303452,0.251189,0.630957,0.74305,0.7,0.8,0.85135,0.8,0.9,0.0168905,20.5789,3.45864,0.741983,0.01,0.95,10,10000,0.938,0.139,76,44,0.140987,0,0.578947
2019,10000,15.3691,13.3352,17.7828,0.300012,0.251189,0.630957,0.737964,0.7,0.8,0.949476,0.9,1,0.0168905,22.7451,5.08114,0.820086,0.01,0.95,10,10000,0.938,0.139,84,29,0.173662,0,0.345238
2020,10000,15.2498,13.3352,17.7828,0.299061,0.251189,0.630957,0.746951,0.7,0.8,1.22465,1,1.5,0.0844525,9.63959,1.2065,0.34756,0.01,0.95,10,10000,0.938,0.139,178,85,0.101437,0,0.477528
2021,10000,15.7099,13.3352,17.7828,0.287995,0.251189,0.630957,0.83128,0.8,0.9,0.0639203,0,0.1,0.0168905,3.2493,1.71,0.117155,0.01,0.95,10,10000,0.938,0.139,12,5,0.418234,0,0.416667
2022,10000,15.8111,13.3352,17.7828,0.274203,0.251189,0.630957,0.840572,0.8,0.9,0.157363,0.1,0.2,0.0168905,8.6648,3.78998,0.312414,0.01,0.95,10,10000,0.938,0.139,32,8,0.330643,0,0.25
2023,10000,15.1018,13.3352,17.7828,0.273901,0.251189,0.630957,0.847225,0.8,0.9,0.256318,0.2,0.3,0.0168905,14.6219,5.26326,0.527198,0.01,0.95,10,10000,0.938,0.139,54,12,0.269969,0,0.222222
2024,10000,14.8192,13.3352,17.7828,0.276558,0.251189,0.630957,0.843094,0.8,0.9,0.340714,0.3,0.4,0.0168905,17.8712,5.01704,0.644354,0.01,0.95,10,10000,0.938,0.139,66,19,0.21455,0,0.287879
2025,10000,14.9119,13.3352,17.7828,0.277187,0.251189,0.630957,0.836554,0.8,0.9,0.451688,0.4,0.5,0.0168905,19.225,5.12183,0.693168,0.01,0.95,10,10000,0.938,0.139,71,21,0.204077,0,0.295775
2026,10000,14.6513,13.3352,17.7828,0.280635,0.251189,0.630957,0.827881,0.8,0.9,0.543232,0.5,0.6,0.0168905,16.7881,5.58909,0.605302,0.01,0.95,10,10000,0.938,0.139,62,14,0.249943,0,0.225806
2027,10000,15.2245,13.3352,17.7828,0.281341,0.251189,0.630957,0.846683,0.8,0.9,0.653714,0.6,0.7,0.0168905,17.3296,6.02532,0.624828,0.01,0.95,10,10000,0.938,0.139,64,13,0.259378,0,0.203125
2028,10000,15.0674,13.3352,17.7828,0.290352,0.251189,0.630957,0.845665,0.8,0.9,0.74713,0.7,0.8,0.0168905,14.0803,4.44799,0.507672,0.01,0.95,10,10000,0.938,0.139,52,15,0.241468,0,0.288462
2029,10000,15.3056,13.3352,17.7828,0.279191,0.251189,0.630957,0.848795,0.8,0.9,0.842923,0.8,0.9,0.0168905,12.1849,4.33088,0.439332,0.01,0.95,10,10000,0.938,0.139,45,12,0.269969,0,0.266667
2030,10000,14.0655,13.3352,17.7828,0.296164,0.251189,0.630957,0.833976,0.8,0.9,0.939127,0.9,1,0.0168905,5.95705,2.51959,0.214785,0.01,0.95,10,10000,0.938,0.139,22,8,0.330643,0,0.363636
2031,10000,15.2137,13.3352,17.7828,0.273129,0.251189,0.630957,0.841082,0.8,0.9,1.19635,1,1.5,0.0844525,3.68254,1.06931,0.132776,0.01,0.95,10,10000,0.938,0.139,68,18,0.220429,0,0.264706
2032,10000,16.2701,13.3352,17.7828,0.280048,0.251189,0.630957,0.93249,0.9,1,0.157439,0.1,0.2,0.0168905,3.52008,4.56515,0.126918,0.01,0.95,10,10000,0.938,0.139,13,1,0.9352,0,0.0769231
2033,10000,15.4481,13.3352,17.7828,0.265264,0.251189,0.630957,0.932357,0.9,1,0.242976,0.2,0.3,0.0168905,7.5817,3.86813,0.273362,0.01,0.95,10,10000,0.938,0.139,28,6,0.381794,0,0.214286
2034,10000,15.2798,13.3352,17.7828,0.271075,0.251189,0.630957,0.932633,0.9,1,0.345094,0.3,0.4,0.0168905,7.5817,6.96264,0.273362,0.01,0.95,10,10000,0.938,0.139,28,2,0.661286,0,0.0714286
2035,10000,15.0924,13.3352,17.7828,0.273722,0.251189,0.630957,0.923652,0.9,1,0.443292,0.4,0.5,0.0168905,6.22783,3.47763,0.224547,0.01,0.95,10,10000,0.938,0.139,23,5,0.418234,0,0.217391
2036,10000,14.7245,13.3352,17.7828,0.26756,0.251189,0.630957,0.923822,0.9,1,0.546592,0.5,0.6,0.0168905,5.95705,4.39092,0.214785,0.01,0.95,10,10000,0.938,0.139,22,3,0.539938,0,0.136364
2037,10000,14.8924,13.3352,17.7828,0.278871,0.251189,0.630957,0.957461,0.9,1,0.662381,0.6,0.7,0.0168905,4.87395,4.42969,0.175733,0.01,0.95,10,10000,0.938,0.139,18,2,0.661286,0,0.111111
2038,10000,14.491,13.3352,17.7828,0.271642,0.251189,0.630957,0.93647,0.9,1,0.847639,0.8,0.9,0.0168905,3.2493,2.90938,0.117155,0.01,0.95,10,10000,0.938,0.139,12,2,0.661286,0,0.166667
2039,10000,15.8542,13.3352,17.7828,0.302822,0.251189,0.630957,0.962206,0.9,1,0.91856,0.9,1,0.0168905,2.43698,3.13227,0.0878664,0.01,0.95,10,10000,0.938,0.139,9,1,0.9352,0,0.111111
2040,10000,13.5979,13.3352,17.7828,0.26598,0.251189,0.630957,0.931369,0.9,1,1.02339,1,1.5,0.0844525,0.704015,0.913029,0.0253836,0.01,0.95,10,10000,0.938,0.139,13,1,0.9352,0,0.0769231
2041,10000,15.3239,13.3352,17.7828,0.689205,0.630957,1,0.0709168,0.05,0.1,0.0639637,0,0.1,0.00820675,56.2861,5.72727,2.02943,0.01,0.95,10,10000,0.938,0.139,101,92,0.0975013,0,0.910891
2042,10000,15.2513,13.3352,17.7828,0.685882,0.630957,1,0.0710041,0.05,0.1,0.150563,0.1,0.2,0.00820675,167.187,10.2879,6.028,0.01,0.95,10,10000,0.938,0.139,300,261,0.0578874,0,0.87
2043,10000,15.4575,13.3352,17.7828,0.692103,0.630957,1,0.0715031,0.05,0.1,0.245665,0.2,0.3,0.00820675,197.837,10.7181,7.13313,0.01,0.95,10,10000,0.938,0.139,355,324,0.0519555,0,0.912676
2044,10000,15.2663,13.3352,17.7828,0.684453,0.630957,1,0.0726707,0.05,0.1,0.347392,0.3,0.4,0.00820675,130.405,9.26919,4.70184,0.01,0.95,10,10000,0.938,0.139,234,199,0.0662946,0,0.850427
2045,10000,15.3633,13.3352,17.7828,0.684309,0.630957,1,0.0720742,0.05,0.1,0.447896,0.4,0.5,0.00820675,100.869,7.24812,3.63689,0.01,0.95,10,10000,0.938,0.139,181,175,0.0706945,0,0.966851
2046,10000,15.1392,13.3352,17.7828,0.68099,0.630957,1,0.072516,0.05,0.1,0.546095,0.5,0.6,0.00820675,66.3173,7.29067,2.3911,0.01,0.95,10,10000,0.938,0.139,119,90,0.0985787,0,0.756303
2047,10000,15.387,13.3352,17.7828,0.680365,0.630957,1,0.0730853,0.05,0.1,0.642241,0.6,0.7,0.00820675,46.2549,5.91872,1.66775,0.01,0.95,10,10000,0.938,0.139,83,65,0.115997,0,0.783133
2048,10000,15.7572,13.3352,17.7828,0.692726,0.630957,1,0.0754489,0.05,0.1,0.747115,0.7,0.8,0.00820675,23.4061,3.45901,0.843919,0.01,0.95,10,10000,0.938,0.139,42,41,0.146054,0,0.97619
2049,10000,15.3704,13.3352,17.7828,0.678194,0.630957,1,0.0728541,0.05,0.1,0.838468,0.8,0.9,0.00820675,16.1614,3.11366,0.582706,0.01,0.95,10,10000,0.938,0.139,29,26,0.183408,0,0.896552
2050,10000,14.8424,13.3352,17.7828,0.680005,0.630957,1,0.0790702,0.05,0.1,0.95755,0.9,1,0.00820675,8.91661,2.36383,0.321493,0.01,0.95,10,10000,0.938,0.139,16,14,0.249943,0,0.875
2051,10000,15.4192,13.3352,17.7828,0.686477,0.630957,1,0.0739947,0.05,0.1,1.19313,1,1.5,0.0410337,4.45831,0.87424,0.160747,0.01,0.95,10,10000,0.938,0.139,40,29,0.173662,0,0.725
2052,10000,15.1609,13.3352,17.7828,0.691762,0.630957,1,0.120115,0.1,0.15,0.0686011,0,0.1,0.00820675,25.078,3.73755,0.904199,0.01,0.95,10,10000,0.938,0.139,45,42,0.144304,0,0.933333
2053,10000,15.3425,13.3352,17.7828,0.687009,0.630957,1,0.12229,0.1,0.15,0.155564,0.1,0.2,0.00820675,80.8068,7.21033,2.91353,0.01,0.95,10,10000,0.938,0.139,145,125,0.0836468,0,0.862069
2054,10000,15.2603,13.3352,17.7828,0.69118,0.630957,1,0.122315,0.1,0.15,0.250128,0.2,0.3,0.00820675,100.312,7.73029,3.6168,0.01,0.95,10,10000,0.938,0.139,180,162,0.0734762,0,0.9
2055,10000,15.3544,13.3352,17.7828,0.695119,0.630957,1,0.122448,0.1,0.15,0.345739,0.3,0.4,0.00820675,88.6089,7.08798,3.19484,0.01,0.95,10,10000,0.938,0.139,159,147,0.077134,0,0.924528
2056,10000,15.3578,13.3352,17.7828,0.687054,0.630957,1,0.126013,0.1,0.15,0.449394,0.4,0.5,0.00820675,71.3329,6.84754,2.57194,0.01,0.95,10,10000,0.938,0.139,128,109,0.0895759,0,0.851562
2057,10000,15.0846,13.3352,17.7828,0.688083,0.630957,1,0.125075,0.1,0.15,0.555531,0.5,0.6,0.00820675,46.2549,5.16699,1.66775,0.01,0.95,10,10000,0.938,0.139,83,76,0.107275,0,0.915663
2058,10000,15.6265,13.3352,17.7828,0.6963,0.630957,1,0.122929,0.1,0.15,0.649526,0.6,0.7,0.00820675,34.5519,4.17048,1.24579,0.01,0.95,10,10000,0.938,0.139,62,61,0.11974,0,0.983871
2059,10000,15.1743,13.3352,17.7828,0.67214,0.630957,1,0.120244,0.1,0.15,0.741587,0.7,0.8,0.00820675,23.9634,3.58041,0.864013,0.01,0.95,10,10000,0.938,0.139,43,41,0.146054,0,0.953488
2060,10000,15.9747,13.3352,17.7828,0.680301,0.630957,1,0.118597,0.1,0.15,0.838728,0.8,0.9,0.00820675,13.3749,3.02102,0.48224,0.01,0.95,10,10000,0.938,0.139,24,20,0.209117,0,0.833333
2061,10000,14.5233,13.3352,17.7828,0.690042,0.630957,1,0.115917,0.1,0.15,0.946954,0.9,1,0.00820675,7.80204,2.83337,0.281306,0.01,0.95,10,10000,0.938,0.139,14,9,0.311733,0,0.642857
2062,10000,15.2822,13.3352,17.7828,0.674355,0.630957,1,0.123963,0.1,0.15,1.12408,1,1.5,0.0410337,2.45207,-nan,0.0884106,0.01,0.95,10,10000,0.938,0.139,22,25,0.18704,0,1.13636
2063,10000,15.4477,13.3352,17.7828,0.690999,0.630957,1,0.173064,0.15,0.2,0.0683588,0,0.1,0.00820675,17.8332,3.68232,0.642986,0.01,0.95,10,10000,0.938,0.139,32,25,0.18704,0,0.78125
2064,10000,15.2547,13.3352,17.7828,0.690856,0.630957,1,0.175019,0.15,0.2,0.159485,0.1,0.2,0.00820675,41.2393,4.66892,1.48691,0.01,0.95,10,10000,0.938,0.139,74,71,0.110988,0,0.959459
2065,10000,15.4176,13.3352,17.7828,0.679874,0.630957,1,0.173307,0.15,0.2,0.251522,0.2,0.3,0.00820675,61.3017,5.72051,2.21027,0.01,0.95,10,10000,0.938,0.139,110,105,0.0912662,0,0.954545
2066,10000,15.1834,13.3352,17.7828,0.698969,0.630957,1,0.175414,0.15,0.2,0.351568,0.3,0.4,0.00820675,62.9736,6.05421,2.27054,0.01,0.95,10,10000,0.938,0.139,113,103,0.092148,0,0.911504
2067,10000,15.3237,13.3352,17.7828,0.677432,0.630957,1,0.171869,0.15,0.2,0.447948,0.4,0.5,0.00820675,46.8122,4.77666,1.68784,0.01,0.95,10,10000,0.938,0.139,84,84,0.102039,0,1
2068,10000,15.5072,13.3352,17.7828,0.690101,0.630957,1,0.171416,0.15,0.2,0.545419,0.5,0.6,0.00820675,36.2237,5.22961,1.30607,0.01,0.95,10,10000,0.938,0.139,65,51,0.130954,0,0.784615
2069,10000,15.7466,13.3352,17.7828,0.677972,0.630957,1,0.170165,0.15,0.2,0.651368,0.6,0.7,0.00820675,26.7498,3.76453,0.964479,0.01,0.95,10,10000,0.938,0.139,48,46,0.137888,0,0.958333
2070,10000,15.4677,13.3352,17.7828,0.678852,0.630957,1,0.180815,0.15,0.2,0.744881,0.7,0.8,0.00820675,14.4895,3.98623,0.522426,0.01,0.95,10,10000,0.938,0.139,26,16,0.2338,0,0.615385
2071,10000,15.3216,13.3352,17.7828,0.688424,0.630957,1,0.170949,0.15,0.2,0.827506,0.8,0.9,0.00820675,11.7031,2.62773,0.42196,0.01,0.95,10,10000,0.938,0.139,21,19,0.21455,0,0.904762
2072,10000,15.5398,13.3352,17.7828,0.683456,0.630957,1,0.167324,0.15,0.2,0.93482,0.9,1,0.00820675,11.7031,2.89627,0.42196,0.01,0.95,10,10000,0.938,0.139,21,17,0.226819,0,0.809524
2073,10000,15.5551,13.3352,17.7828,0.666677,0.630957,1,0.180328,0.15,0.2,1.1405,1,1.5,0.0410337,1.44895,-nan,0.0522426,0.01,0.95,10,10000,0.938,0.139,13,16,0.2338,0,1.23077
2074,10000,14.948,13.3352,17.7828,0.693187,0.630957,1,0.2227,0.2,0.25,0.0728793,0,0.1,0.00820675,12.2603,2.44453,0.442053,0.01,0.95,10,10000,0.938,0.139,22,22,0.199385,0,1
2075,10000,14.8987,13.3352,17.7828,0.695505,0.630957,1,0.225166,0.2,0.25,0.153556,0.1,0.2,0.00820675,23.9634,-nan,0.864013,0.01,0.95,10,10000,0.938,0.139,43,44,0.140987,0,1.02326
2076,10000,15.3072,13.3352,17.7828,0.697771,0.630957,1,0.220445,0.2,0.25,0.252429,0.2,0.3,0.00820675,43.4685,4.9717,1.56728,0.01,0.95,10,10000,0.938,0.139,78,72,0.110214,0,0.923077
2077,10000,15.625,13.3352,17.7828,0.676067,0.630957,1,0.22393,0.2,0.25,0.355708,0.3,0.4,0.00820675,46.2549,5.84456,1.66775,0.01,0.95,10,10000,0.938,0.139,83,66,0.115115,0,0.795181
2078,10000,15.2871,13.3352,17.7828,0.68101,0.630957,1,0.222064,0.2,0.25,0.45012,0.4,0.5,0.00820675,35.1092,5.10007,1.26588,0.01,0.95,10,10000,0.938,0.139,63,50,0.132257,0,0.793651
2079,10000,15.013,13.3352,17.7828,0.697089,0.630957,1,0.227211,0.2,0.25,0.539089,0.5,0.6,0.00820675,24.5207,3.87504,0.884106,0.01,0.95,10,10000,0.938,0.139,44,39,0.149752,0,0.886364
2080,10000,15.5613,13.3352,17.7828,0.677702,0.630957,1,0.226888,0.2,0.25,0.648621,0.6,0.7,0.00820675,18.3905,-nan,0.66308,0.01,0.95,10,10000,0.938,0.139,33,36,0.155867,0,1.09091
2081,10000,15.5502,13.3352,17.7828,0.70592,0.630957,1,0.230454,0.2,0.25,0.758087,0.7,0.8,0.00820675,13.9322,3.98055,0.502333,0.01,0.95,10,10000,0.938,0.139,25,15,0.241468,0,0.6
2082,10000,16.0849,13.3352,17.7828,0.700469,0.630957,1,0.214398,0.2,0.25,0.842385,0.8,0.9,0.00820675,8.91661,3.61081,0.321493,0.01,0.95,10,10000,0.938,0.139,16,8,0.330643,0,0.5
2083,10000,16.1022,13.3352,17.7828,0.679276,0.630957,1,0.227013,0.2,0.25,0.945432,0.9,1,0.00820675,4.45831,1.67148,0.160747,0.01,0.95,10,10000,0.938,0.139,8,7,0.353472,0,0.875
2084,10000,15.8427,13.3352,17.7828,0.668783,0.630957,1,0.225093,0.2,0.25,1.27261,1,1.5,0.0410337,1.33749,0.392537,0.048224,0.01,0.95,10,10000,0.938,0.139,12,11,0.281973,0,0.916667
2085,10000,14.9022,13.3352,17.7828,0.694471,0.630957,1,0.272415,0.25,0.3,0.0671384,0,0.1,0.00820675,7.80204,2.25174,0.281306,0.01,0.95,10,10000,0.938,0.139,14,12,0.269969,0,0.857143
2086,10000,15.5312,13.3352,17.7828,0.67016,0.630957,1,0.274165,0.25,0.3,0.15808,0.1,0.2,0.00820675,18.9478,3.63224,0.683173,0.01,0.95,10,10000,0.938,0.139,34,28,0.176736,0,0.823529
2087,10000,14.9544,13.3352,17.7828,0.68041,0.630957,1,0.271295,0.25,0.3,0.261822,0.2,0.3,0.00820675,25.078,4.59485,0.904199,0.01,0.95,10,10000,0.938,0.139,45,33,0.162797,0,0.733333
2088,10000,15.243,13.3352,17.7828,0.688486,0.630957,1,0.273865,0.25,0.3,0.347813,0.3,0.4,0.00820675,26.7498,4.87597,0.964479,0.01,0.95,10,10000,0.938,0.139,48,34,0.160385,0,0.708333
2089,10000,15.2587,13.3352,17.7828,0.696489,0.630957,1,0.271857,0.25,0.3,0.443571,0.4,0.5,0.00820675,24.5207,3.61797,0.884106,0.01,0.95,10,10000,0.938,0.139,44,42,0.144304,0,0.954545
2090,10000,15.1113,13.3352,17.7828,0.688663,0.630957,1,0.273386,0.25,0.3,0.546146,0.5,0.6,0.00820675,18.9478,3.63224,0.683173,0.01,0.95,10,10000,0.938,0.139,34,28,0.176736,0,0.823529
2091,10000,15.0184,13.3352,17.7828,0.66227,0.630957,1,0.273251,0.25,0.3,0.644343,0.6,0.7,0.00820675,15.6041,3.56031,0.562613,0.01,0.95,10,10000,0.938,0.139,28,21,0.204077,0,0.75
2092,10000,14.4583,13.3352,17.7828,0.665308,0.630957,1,0.277757,0.25,0.3,0.748323,0.7,0.8,0.00820675,12.8176,4.74242,0.462146,0.01,0.95,10,10000,0.938,0.139,23,10,0.295736,0,0.434783
2093,10000,15.5138,13.3352,17.7828,0.694091,0.630957,1,0.270143,0.25,0.3,0.840162,0.8,0.9,0.00820675,7.24475,-nan,0.261213,0.01,0.95,10,10000,0.938,0.139,13,16,0.2338,0,1.23077
2094,10000,15.4783,13.3352,17.7828,0.677957,0.630957,1,0.270458,0.25,0.3,0.941979,0.9,1,0.00820675,4.45831,1.67148,0.160747,0.01,0.95,10,10000,0.938,0.139,8,7,0.353472,0,0.875
2095,10000,15.3862,13.3352,17.7828,0.681266,0.630957,1,0.270352,0.25,0.3,1.17107,1,1.5,0.0410337,1.22603,0.506066,0.0442053,0.01,0.95,10,10000,0.938,0.139,11,7,0.353472,0,0.636364
2096,10000,15.8225,13.3352,17.7828,0.675692,0.630957,1,0.312415,0.3,0.4,0.0567215,0,0.1,0.0164135,2.78644,1.4273,0.100467,0.01,0.95,10,10000,0.938,0.139,10,5,0.418234,0,0.5
2097,10000,15.3778,13.3352,17.7828,0.685424,0.630957,1,0.325929,0.3,0.4,0.15405,0.1,0.2,0.0164135,8.63797,2.18269,0.311446,0.01,0.95,10,10000,0.938,0.139,31,19,0.21455,0,0.612903
2098,10000,15.6495,13.3352,17.7828,0.679484,0.630957,1,0.341854,0.3,0.4,0.250469,0.2,0.3,0.0164135,15.0468,2.95109,0.54252,0.01,0.95,10,10000,0.938,0.139,54,32,0.165322,0,0.592593
2099,10000,15.3678,13.3352,17.7828,0.67933,0.630957,1,0.338878,0.3,0.4,0.348345,0.3,0.4,0.0164135,23.1275,4.21356,0.833873,0.01,0.95,10,10000,0.938,0.139,83,40,0.147868,0,0.481928
2100,10000,15.2746,13.3352,17.7828,0.687835,0.630957,1,0.342429,0.3,0.4,0.450905,0.4,0.5,0.0164135,18.3905,4.08004,0.66308,0.01,0.95,10,10000,0.938,0.139,66,28,0.176736,0,0.424242
2101,10000,15.4358,13.3352,17.7828,0.687878,0.630957,1,0.344956,0.3,0.4,0.546083,0.5,0.6,0.0164135,17.5546,3.14756,0.63294,0.01,0.95,10,10000,0.938,0.139,63,38,0.151709,0,0.603175
2102,10000,15.6513,13.3352,17.7828,0.673271,0.630957,1,0.334768,0.3,0.4,0.657176,0.6,0.7,0.0164135,10.8671,2.17467,0.39182,0.01,0.95,10,10000,0.938,0.139,39,28,0.176736,0,0.717949
2103,10000,15.3769,13.3352,17.7828,0.699092,0.630957,1,0.335919,0.3,0.4,0.750842,0.7,0.8,0.0164135,9.19526,3.02258,0.33154,0.01,0.95,10,10000,0.938,0.139,33,13,0.259378,0,0.393939
2104,10000,15.2017,13.3352,17.7828,0.64745,0.630957,1,0.347779,0.3,0.4,0.863625,0.8,0.9,0.0164135,4.73695,2.32104,0.170793,0.01,0.95,10,10000,0.938,0.139,17,6,0.381794,0,0.352941
2105,10000,15.442,13.3352,17.7828,0.689114,0.630957,1,0.339934,0.3,0.4,0.952797,0.9,1,0.0164135,2.22915,1.09323,0.0803733,0.01,0.95,10,10000,0.938,0.139,8,5,0.418234,0,0.625
2106,10000,15.3799,13.3352,17.7828,0.664637,0.630957,1,0.336395,0.3,0.4,1.05662,1,1.5,0.0820675,0.668746,0.312706,0.024112,0.01,0.95,10,10000,0.938,0.139,12,6,0.381794,0,0.5
2107,10000,14.0033,13.3352,17.7828,0.637751,0.630957,1,0.406854,0.4,0.5,0.177231,0.1,0.2,0.0164135,6.40882,8.38349,0.231073,0.01,0.95,10,10000,0.938,0.139,23,1,0.9352,0,0.0434783
2108,10000,16.32,13.3352,17.7828,0.66367,0.630957,1,0.428824,0.4,0.5,0.240489,0.2,0.3,0.0164135,11.1458,8.34967,0.401866,0.01,0.95,10,10000,0.938,0.139,40,3,0.539938,0,0.075
2109,10000,13.7608,13.3352,17.7828,0.669017,0.630957,1,0.417515,0.4,0.5,0.460165,0.4,0.5,0.0164135,9.75255,6.26225,0.351633,0.01,0.95,10,10000,0.938,0.139,35,4,0.4676,0,0.114286
2110,10000,15.9335,13.3352,17.7828,0.652519,0.630957,1,0.415646,0.4,0.5,0.549482,0.5,0.6,0.0164135,9.19526,5.89355,0.33154,0.01,0.95,10,10000,0.938,0.139,33,4,0.4676,0,0.121212
2111,10000,15.7074,13.3352,17.7828,0.648468,0.630957,1,0.41406,0.4,0.5,0.665786,0.6,0.7,0.0164135,6.13017,4.51853,0.221027,0.01,0.95,10,10000,0.938,0.139,22,3,0.539938,0,0.136364
2112,10000,14.4447,13.3352,17.7828,0.653393,0.630957,1,0.42929,0.4,0.5,0.721641,0.7,0.8,0.0164135,4.73695,3.45382,0.170793,0.01,0.95,10,10000,0.938,0.139,17,3,0.539938,0,0.176471
2113,10000,16.8604,13.3352,17.7828,0.661874,0.630957,1,0.407241,0.4,0.5,0.846404,0.8,0.9,0.0164135,2.5078,3.2233,0.0904199,0.01,0.95,10,10000,0.938,0.139,9,1,0.9352,0,0.111111
2114,10000,14.9803,13.3352,17.7828,0.668481,0.630957,1,0.430836,0.4,0.5,1.15042,1,1.5,0.0820675,0.724475,0.34308,0.0261213,0.01,0.95,10,10000,0.938,0.139,13,6,0.381794,0,0.461538
2115,10000,17.6419,13.3352,17.7828,0.637475,0.630957,1,0.542492,0.5,0.6,0.112249,0.1,0.2,0.0164135,3.06509,3.96059,0.110513,0.01,0.95,10,10000,0.938,0.139,11,1,0.9352,0,0.0909091
2116,10000,16.0492,13.3352,17.7828,0.731578,0.630957,1,0.587496,0.5,0.6,0.661122,0.6,0.7,0.0164135,3.34373,4.32921,0.12056,0.01,0.95,10,10000,0.938,0.139,12,1,0.9352,0,0.0833333
2117,10000,14.5254,13.3352,17.7828,0.806032,0.630957,1,0.621748,0.6,0.7,0.0266918,0,0.1,0.0164135,0.557288,0.638308,0.0200933,0.01,0.95,10,10000,0.938,0.139,2,1,0.9352,0,0.5
2118,10000,17.1397,13.3352,17.7828,0.792497,0.630957,1,0.653381,0.6,0.7,0.148005,0.1,0.2,0.0164135,1.11458,1.3789,0.0401866,0.01,0.95,10,10000,0.938,0.139,4,1,0.9352,0,0.25
2119,10000,18.2585,17.7828,23.7137,0.0373455,0.0251189,0.0398107,0.0746579,0.05,0.1,0.0645447,0,0.1,0.00043568,1973.52,228.288,71.1562,0.01,0.95,10,10000,0.938,0.139,188,97,0.0949552,0,0.515957
2120,10000,18.2758,17.7828,23.7137,0.0374924,0.0251189,0.0398107,0.07376,0.05,0.1,0.149766,0.1,0.2,0.00043568,5794.59,389.159,208.927,0.01,0.95,10,10000,0.938,0.139,552,287,0.0552031,0,0.519928
2121,10000,18.2805,17.7828,23.7137,0.0374691,0.0251189,0.0398107,0.0747215,0.05,0.1,0.251019,0.2,0.3,0.00043568,6665.87,397.165,240.342,0.01,0.95,10,10000,0.938,0.139,635,355,0.0496353,0,0.559055
2122,10000,18.3247,17.7828,23.7137,0.0375847,0.0251189,0.0398107,0.0727656,0.05,0.1,0.349351,0.3,0.4,0.00043568,6802.34,381.596,245.262,0.01,0.95,10,10000,0.938,0.139,648,389,0.0474165,0,0.600309
2123,10000,18.3022,17.7828,23.7137,0.0373394,0.0251189,0.0398107,0.0731317,0.05,0.1,0.445848,0.4,0.5,0.00043568,5668.62,338.738,204.385,0.01,0.95,10,10000,0.938,0.139,540,337,0.0509436,0,0.624074
2124,10000,18.3399,17.7828,23.7137,0.0374932,0.0251189,0.0398107,0.0728174,0.05,0.1,0.550363,0.5,0.6,0.00043568,4324.94,278.505,155.938,0.01,0.95,10,10000,0.938,0.139,412,279,0.0559889,0,0.677184
2125,10000,18.3774,17.7828,23.7137,0.0376091,0.0251189,0.0398107,0.073868,0.05,0.1,0.646342,0.6,0.7,0.00043568,3128.24,229.763,112.79,0.01,0.95,10,10000,0.938,0.139,298,210,0.0645349,0,0.704698
2126,10000,18.3172,17.7828,23.7137,0.0375128,0.0251189,0.0398107,0.071969,0.05,0.1,0.745175,0.7,0.8,0.00043568,2508.89,191.001,90.4592,0.01,0.95,10,10000,0.938,0.139,239,185,0.0687573,0,0.774059
2127,10000,18.3044,17.7828,23.7137,0.0374561,0.0251189,0.0398107,0.0746472,0.05,0.1,0.849706,0.8,0.9,0.00043568,2078.49,176.906,74.9411,0.01,0.95,10,10000,0.938,0.139,198,150,0.0763587,0,0.757576
2128,10000,18.3071,17.7828,23.7137,0.0374329,0.0251189,0.0398107,0.0710735,0.05,0.1,0.949906,0.9,1,0.00043568,1511.63,136.445,54.5026,0.01,0.95,10,10000,0.938,0.139,144,123,0.0843241,0,0.854167
2129,10000,18.3077,17.7828,23.7137,0.0375805,0.0251189,0.0398107,0.0731135,0.05,0.1,1.19732,1,1.5,0.0021784,871.287,48.9877,31.4147,0.01,0.95,10,10000,0.938,0.139,415,332,0.0513258,0,0.8
2130,10000,18.3383,17.7828,23.7137,0.037563,0.0251189,0.0398107,0.119409,0.1,0.15,0.0738826,0,0.1,0.00043568,640.344,102.088,23.0879,0.01,0.95,10,10000,0.938,0.139,61,44,0.140987,0,0.721311
2131,10000,18.363,17.7828,23.7137,0.0375046,0.0251189,0.0398107,0.121344,0.1,0.15,0.155376,0.1,0.2,0.00043568,1921.03,160.269,69.2638,0.01,0.95,10,10000,0.938,0.139,183,149,0.0766146,0,0.814208
2132,10000,18.2934,17.7828,23.7137,0.0373034,0.0251189,0.0398107,0.122083,0.1,0.15,0.251553,0.2,0.3,0.00043568,2162.47,181.435,77.9691,0.01,0.95,10,10000,0.938,0.139,206,155,0.0751171,0,0.752427
2133,10000,18.3155,17.7828,23.7137,0.0376118,0.0251189,0.0398107,0.121461,0.1,0.15,0.347908,0.3,0.4,0.00043568,2508.89,191.001,90.4592,0.01,0.95,10,10000,0.938,0.139,239,185,0.0687573,0,0.774059
2134,10000,18.3497,17.7828,23.7137,0.037546,0.0251189,0.0398107,0.121933,0.1,0.15,0.452531,0.4,0.5,0.00043568,2225.46,176.45,80.24,0.01,0.95,10,10000,0.938,0.139,212,168,0.0721522,0,0.792453
2135,10000,18.2567,17.7828,23.7137,0.0374128,0.0251189,0.0398107,0.120885,0.1,0.15,0.55665,0.5,0.6,0.00043568,1942.03,179.298,70.0208,0.01,0.95,10,10000,0.938,0.139,185,132,0.0813987,0,0.713514
2136,10000,18.2961,17.7828,23.7137,0.0373342,0.0251189,0.0398107,0.119564,0.1,0.15,0.650971,0.6,0.7,0.00043568,1595.61,143.858,57.5306,0.01,0.95,10,10000,0.938,0.139,152,126,0.0833142,0,0.828947
2137,10000,18.3403,17.7828,23.7137,0.0374478,0.0251189,0.0398107,0.120742,0.1,0.15,0.743827,0.7,0.8,0.00043568,1354.17,153.649,48.8253,0.01,0.95,10,10000,0.938,0.139,129,89,0.099131,0,0.689922
2138,10000,18.2943,17.7828,23.7137,0.0373338,0.0251189,0.0398107,0.123931,0.1,0.15,0.846598,0.8,0.9,0.00043568,1144.22,134.616,41.2555,0.01,0.95,10,10000,0.938,0.139,109,80,0.104559,0,0.733945
2139,10000,18.3331,17.7828,23.7137,0.0371371,0.0251189,0.0398107,0.122677,0.1,0.15,0.944863,0.9,1,0.00043568,734.821,96.2395,26.4943,0.01,0.95,10,10000,0.938,0.139,70,59,0.121753,0,0.842857
2140,10000,18.3196,17.7828,23.7137,0.0373912,0.0251189,0.0398107,0.12364,0.1,0.15,1.22192,1,1.5,0.0021784,518.573,40.2273,18.6974,0.01,0.95,10,10000,0.938,0.139,247,183,0.069132,0,0.740891
2141,10000,18.4778,17.7828,23.7137,0.038351,0.0251189,0.0398107,0.177909,0.15,0.2,0.0635274,0,0.1,0.00043568,272.933,65.9712,9.84075,0.01,0.95,10,10000,0.938,0.139,26,19,0.21455,0,0.730769
2142,10000,18.2658,17.7828,23.7137,0.0369698,0.0251189,0.0398107,0.171776,0.15,0.2,0.159115,0.1,0.2,0.00043568,776.811,121.894,28.0083,0.01,0.95,10,10000,0.938,0.139,74,48,0.134984,0,0.648649
2143,10000,18.39,17.7828,23.7137,0.0375353,0.0251189,0.0398107,0.170924,0.15,0.2,0.255001,0.2,0.3,0.00043568,1217.7,125.849,43.9049,0.01,0.95,10,10000,0.938,0.139,116,96,0.0954484,0,0.827586
2144,10000,18.3212,17.7828,23.7137,0.0373151,0.0251189,0.0398107,0.169182,0.15,0.2,0.352843,0.3,0.4,0.00043568,1207.21,142.787,43.5264,0.01,0.95,10,10000,0.938,0.139,115,81,0.103911,0,0.704348
2145,10000,18.3115,17.7828,23.7137,0.0375323,0.0251189,0.0398107,0.170787,0.15,0.2,0.452702,0.4,0.5,0.00043568,1165.22,144.803,42.0125,0.01,0.95,10,10000,0.938,0.139,111,75,0.107988,0,0.675676
2146,10000,18.3148,17.7828,23.7137,0.0375716,0.0251189,0.0398107,0.172697,0.15,0.2,0.552709,0.5,0.6,0.00043568,1123.23,148.8,40.4985,0.01,0.95,10,10000,0.938,0.139,107,68,0.11341,0,0.635514
2147,10000,18.3311,17.7828,23.7137,0.0374654,0.0251189,0.0398107,0.171602,0.15,0.2,0.646091,0.6,0.7,0.00043568,850.293,128.506,30.6577,0.01,0.95,10,10000,0.938,0.139,81,52,0.129689,0,0.641975
2148,10000,18.293,17.7828,23.7137,0.0379472,0.0251189,0.0398107,0.170871,0.15,0.2,0.744221,0.7,0.8,0.00043568,797.805,105.977,28.7653,0.01,0.95,10,10000,0.938,0.139,76,60,0.120734,0,0.789474
2149,10000,18.2877,17.7828,23.7137,0.0375909,0.0251189,0.0398107,0.175906,0.15,0.2,0.844712,0.8,0.9,0.00043568,472.385,82.5546,17.0321,0.01,0.95,10,10000,0.938,0.139,45,35,0.158078,0,0.777778
2150,10000,18.3569,17.7828,23.7137,0.0374026,0.0251189,0.0398107,0.170369,0.15,0.2,0.948823,0.9,1,0.00043568,430.395,84.9804,15.5181,0.01,0.95,10,10000,0.938,0.139,41,29,0.173662,0,0.707317
2151,10000,18.2838,17.7828,23.7137,0.03723,0.0251189,0.0398107,0.17601,0.15,0.2,1.2201,1,1.5,0.0021784,285.53,33.674,10.2949,0.01,0.95,10,10000,0.938,0.139,136,86,0.100845,0,0.632353
2152,10000,18.3575,17.7828,23.7137,0.0383456,0.0251189,0.0398107,0.232357,0.2,0.25,0.0667066,0,0.1,0.00043568,115.472,69.0701,4.1634,0.01,0.95,10,10000,0.938,0.139,11,4,0.4676,0,0.363636
2153,10000,18.3934,17.7828,23.7137,0.0375227,0.0251189,0.0398107,0.220403,0.2,0.25,0.152785,0.1,0.2,0.00043568,419.898,92.0935,15.1396,0.01,0.95,10,10000,0.938,0.139,40,25,0.18704,0,0.625
2154,10000,18.3727,17.7828,23.7137,0.0372135,0.0251189,0.0398107,0.221432,0.2,0.25,0.24427,0.2,0.3,0.00043568,745.318,129.833,26.8728,0.01,0.95,10,10000,0.938,0.139,71,41,0.146054,0,0.577465
2155,10000,18.3675,17.7828,23.7137,0.0373403,0.0251189,0.0398107,0.220535,0.2,0.25,0.346991,0.3,0.4,0.00043568,713.826,127.672,25.7374,0.01,0.95,10,10000,0.938,0.139,68,39,0.149752,0,0.573529
2156,10000,18.4238,17.7828,23.7137,0.0380439,0.0251189,0.0398107,0.223211,0.2,0.25,0.456976,0.4,0.5,0.00043568,650.841,102.421,23.4664,0.01,0.95,10,10000,0.938,0.139,62,45,0.139411,0,0.725806
2157,10000,18.2423,17.7828,23.7137,0.037032,0.0251189,0.0398107,0.226997,0.2,0.25,0.542977,0.5,0.6,0.00043568,703.328,118.931,25.3589,0.01,0.95,10,10000,0.938,0.139,67,42,0.144304,0,0.626866
2158,10000,18.328,17.7828,23.7137,0.0370368,0.0251189,0.0398107,0.22124,0.2,0.25,0.654789,0.6,0.7,0.00043568,514.375,108.657,18.546,0.01,0.95,10,10000,0.938,0.139,49,28,0.176736,0,0.571429
2159,10000,18.3774,17.7828,23.7137,0.0380577,0.0251189,0.0398107,0.226203,0.2,0.25,0.745239,0.7,0.8,0.00043568,367.41,83.0246,13.2472,0.01,0.95,10,10000,0.938,0.139,35,23,0.195003,0,0.657143
2160,10000,18.2942,17.7828,23.7137,0.0373521,0.0251189,0.0398107,0.222296,0.2,0.25,0.852019,0.8,0.9,0.00043568,398.903,89.0791,14.3826,0.01,0.95,10,10000,0.938,0.139,38,24,0.190897,0,0.631579
2161,10000,18.2843,17.7828,23.7137,0.0370297,0.0251189,0.0398107,0.221578,0.2,0.25,0.936344,0.9,1,0.00043568,230.944,52.8193,8.32679,0.01,0.95,10,10000,0.938,0.139,22,19,0.21455,0,0.863636
2162,10000,18.2845,17.7828,23.7137,0.037204,0.0251189,0.0398107,0.221634,0.2,0.25,1.2211,1,1.5,0.0021784,174.257,23.7757,6.28294,0.01,0.95,10,10000,0.938,0.139,83,60,0.120734,0,0.722892
2163,10000,18.4689,17.7828,23.7137,0.0372788,0.0251189,0.0398107,0.276667,0.25,0.3,0.0549938,0,0.1,0.00043568,73.4821,49.7362,2.64943,0.01,0.95,10,10000,0.938,0.139,7,3,0.539938,0,0.428571
2164,10000,18.1578,17.7828,23.7137,0.0369666,0.0251189,0.0398107,0.275989,0.25,0.3,0.149398,0.1,0.2,0.00043568,262.436,92.4259,9.46226,0.01,0.95,10,10000,0.938,0.139,25,11,0.281973,0,0.44
2165,10000,18.31,17.7828,23.7137,0.0376339,0.0251189,0.0398107,0.27881,0.25,0.3,0.241532,0.2,0.3,0.00043568,304.426,82.1021,10.9762,0.01,0.95,10,10000,0.938,0.139,29,17,0.226819,0,0.586207
2166,10000,18.2365,17.7828,23.7137,0.0370647,0.0251189,0.0398107,0.271996,0.25,0.3,0.360851,0.3,0.4,0.00043568,430.395,107.136,15.5181,0.01,0.95,10,10000,0.938,0.139,41,21,0.204077,0,0.512195
2167,10000,18.2493,17.7828,23.7137,0.0375256,0.0251189,0.0398107,0.273506,0.25,0.3,0.455899,0.4,0.5,0.00043568,430.395,94.9177,15.5181,0.01,0.95,10,10000,0.938,0.139,41,25,0.18704,0,0.609756
2168,10000,18.3129,17.7828,23.7137,0.0373871,0.0251189,0.0398107,0.26888,0.25,0.3,0.564974,0.5,0.6,0.00043568,440.892,97.7391,15.8966,0.01,0.95,10,10000,0.938,0.139,42,25,0.18704,0,0.595238
2169,10000,18.3444,17.7828,23.7137,0.0373609,0.0251189,0.0398107,0.273839,0.25,0.3,0.657751,0.6,0.7,0.00043568,409.4,97.8144,14.7611,0.01,0.95,10,10000,0.938,0.139,39,22,0.199385,0,0.564103
2170,10000,18.3158,17.7828,23.7137,0.0370742,0.0251189,0.0398107,0.277032,0.25,0.3,0.744744,0.7,0.8,0.00043568,314.923,89.1692,11.3547,0.01,0.95,10,10000,0.938,0.139,30,16,0.2338,0,0.533333
2171,10000,18.472,17.7828,23.7137,0.037621,0.0251189,0.0398107,0.280185,0.25,0.3,0.851758,0.8,0.9,0.00043568,167.959,58.2451,6.05585,0.01,0.95,10,10000,0.938,0.139,16,10,0.295736,0,0.625
2172,10000,18.6558,17.7828,23.7137,0.0385297,0.0251189,0.0398107,0.270473,0.25,0.3,0.960805,0.9,1,0.00043568,136.467,83.012,4.92038,0.01,0.95,10,10000,0.938,0.139,13,4,0.4676,0,0.307692
2173,10000,18.2102,17.7828,23.7137,0.0371475,0.0251189,0.0398107,0.27577,0.25,0.3,1.17827,1,1.5,0.0021784,117.571,22.2546,4.23909,0.01,0.95,10,10000,0.938,0.139,56,34,0.160385,0,0.607143
2174,10000,18.8337,17.7828,23.7137,0.0392834,0.0251189,0.0398107,0.316979,0.3,0.4,0.0527173,0,0.1,0.00087136,26.2436,21.9519,0.946226,0.01,0.95,10,10000,0.938,0.139,5,2,0.661286,0,0.4
2175,10000,18.123,17.7828,23.7137,0.0372658,0.0251189,0.0398107,0.33311,0.3,0.4,0.142315,0.1,0.2,0.00087136,136.467,51.2943,4.92038,0.01,0.95,10,10000,0.938,0.139,26,10,0.295736,0,0.384615
2176,10000,18.4612,17.7828,23.7137,0.0378715,0.0251189,0.0398107,0.328782,0.3,0.4,0.250104,0.2,0.3,0.00087136,131.218,43.6746,4.73113,0.01,0.95,10,10000,0.938,0.139,25,12,0.269969,0,0.48
2177,10000,18.4141,17.7828,23.7137,0.0373008,0.0251189,0.0398107,0.344315,0.3,0.4,0.354167,0.3,0.4,0.00087136,131.218,56.2351,4.73113,0.01,0.95,10,10000,0.938,0.139,25,8,0.330643,0,0.32
2178,10000,18.3284,17.7828,23.7137,0.0374576,0.0251189,0.0398107,0.33626,0.3,0.4,0.437293,0.4,0.5,0.00087136,146.964,49.7362,5.29887,0.01,0.95,10,10000,0.938,0.139,28,12,0.269969,0,0.428571
2179,10000,18.5548,17.7828,23.7137,0.0377921,0.0251189,0.0398107,0.334309,0.3,0.4,0.551588,0.5,0.6,0.00087136,183.705,49.358,6.62358,0.01,0.95,10,10000,0.938,0.139,35,18,0.220429,0,0.514286
2180,10000,18.2368,17.7828,23.7137,0.0372111,0.0251189,0.0398107,0.338511,0.3,0.4,0.654013,0.6,0.7,0.00087136,152.213,49.1803,5.48811,0.01,0.95,10,10000,0.938,0.139,29,13,0.259378,0,0.448276
2181,10000,18.4332,17.7828,23.7137,0.0368088,0.0251189,0.0398107,0.330221,0.3,0.4,0.71843,0.7,0.8,0.00087136,136.467,51.2943,4.92038,0.01,0.95,10,10000,0.938,0.139,26,10,0.295736,0,0.384615
2182,10000,18.341,17.7828,23.7137,0.0372152,0.0251189,0.0398107,0.342913,0.3,0.4,0.837521,0.8,0.9,0.00087136,173.208,54.3441,6.24509,0.01,0.95,10,10000,0.938,0.139,33,14,0.249943,0,0.424242
2183,10000,18.3849,17.7828,23.7137,0.0374216,0.0251189,0.0398107,0.349674,0.3,0.4,0.945133,0.9,1,0.00087136,110.223,46.3726,3.97415,0.01,0.95,10,10000,0.938,0.139,21,8,0.330643,0,0.380952
2184,10000,18.3575,17.7828,23.7137,0.0377267,0.0251189,0.0398107,0.342343,0.3,0.4,1.18319,1,1.5,0.0043568,61.9349,13.2102,2.23309,0.01,0.95,10,10000,0.938,0.139,59,29,0.173662,0,0.491525
2185,10000,17.9714,17.7828,23.7137,0.0367982,0.0251189,0.0398107,0.437586,0.4,0.5,0.0889339,0,0.1,0.00087136,26.2436,21.9519,0.946226,0.01,0.95,10,10000,0.938,0.139,5,2,0.661286,0,0.4
2186,10000,18.5244,17.7828,23.7137,0.0380851,0.0251189,0.0398107,0.449859,0.4,0.5,0.153438,0.1,0.2,0.00087136,47.2385,23.7446,1.70321,0.01,0.95,10,10000,0.938,0.139,9,5,0.418234,0,0.555556
2187,10000,18.2477,17.7828,23.7137,0.0373456,0.0251189,0.0398107,0.441606,0.4,0.5,0.272017,0.2,0.3,0.00087136,52.4872,31.0447,1.89245,0.01,0.95,10,10000,0.938,0.139,10,4,0.4676,0,0.4
2188,10000,18.238,17.7828,23.7137,0.0370789,0.0251189,0.0398107,0.437196,0.4,0.5,0.335474,0.3,0.4,0.00087136,110.223,33.5966,3.97415,0.01,0.95,10,10000,0.938,0.139,21,13,0.259378,0,0.619048
2189,10000,18.1651,17.7828,23.7137,0.0374423,0.0251189,0.0398107,0.462233,0.4,0.5,0.460852,0.4,0.5,0.00087136,73.4821,35.1688,2.64943,0.01,0.95,10,10000,0.938,0.139,14,6,0.381794,0,0.428571
2190,10000,17.9698,17.7828,23.7137,0.0340163,0.0251189,0.0398107,0.441078,0.4,0.5,0.549919,0.5,0.6,0.00087136,41.9898,53.771,1.51396,0.01,0.95,10,10000,0.938,0.139,8,1,0.9352,0,0.125
2191,10000,18.2668,17.7828,23.7137,0.036117,0.0251189,0.0398107,0.443285,0.4,0.5,0.632016,0.6,0.7,0.00087136,36.741,20.5342,1.32472,0.01,0.95,10,10000,0.938,0.139,7,4,0.4676,0,0.571429
2192,10000,18.6461,17.7828,23.7137,0.0382385,0.0251189,0.0398107,0.439745,0.4,0.5,0.759057,0.7,0.8,0.00087136,62.9846,33.1467,2.27094,0.01,0.95,10,10000,0.938,0.139,12,5,0.418234,0,0.416667
2193,10000,18.0977,17.7828,23.7137,0.0374972,0.0251189,0.0398107,0.411334,0.4,0.5,0.834887,0.8,0.9,0.00087136,47.2385,32.9279,1.70321,0.01,0.95,10,10000,0.938,0.139,9,3,0.539938,0,0.333333
2194,10000,18.5384,17.7828,23.7137,0.0374043,0.0251189,0.0398107,0.414786,0.4,0.5,0.951736,0.9,1,0.00087136,26.2436,-nan,0.946226,0.01,0.95,10,10000,0.938,0.139,5,6,0.381794,0,1.2
2195,10000,18.2929,17.7828,23.7137,0.0369817,0.0251189,0.0398107,0.46587,0.4,0.5,1.19796,1,1.5,0.0043568,32.5421,12.4644,1.17332,0.01,0.95,10,10000,0.938,0.139,31,10,0.295736,0,0.322581
2196,10000,18.2709,17.7828,23.7137,0.0362566,0.0251189,0.0398107,0.543552,0.5,0.6,0.0781726,0,0.1,0.00087136,5.24872,4.9086,0.189245,0.01,0.95,10,10000,0.938,0.139,1,1,0.9352,0,1
2197,10000,18.8886,17.7828,23.7137,0.0395099,0.0251189,0.0398107,0.570995,0.5,0.6,0.140598,0.1,0.2,0.00087136,20.9949,17.0039,0.756981,0.01,0.95,10,10000,0.938,0.139,4,2,0.661286,0,0.5
2198,10000,18.4204,17.7828,23.7137,0.0366833,0.0251189,0.0398107,0.500835,0.5,0.6,0.249853,0.2,0.3,0.00087136,36.741,46.8251,1.32472,0.01,0.95,10,10000,0.938,0.139,7,1,0.9352,0,0.142857
2199,10000,17.9536,17.7828,23.7137,0.0345496,0.0251189,0.0398107,0.511518,0.5,0.6,0.3756,0.3,0.4,0.00087136,10.4974,12.0236,0.378491,0.01,0.95,10,10000,0.938,0.139,2,1,0.9352,0,0.5
2200,10000,18.188,17.7828,23.7137,0.0377451,0.0251189,0.0398107,0.558973,0.5,0.6,0.434425,0.4,0.5,0.00087136,57.7359,26.5851,2.0817,0.01,0.95,10,10000,0.938,0.139,11,6,0.381794,0,0.545455
2201,10000,18.2732,17.7828,23.7137,0.0367576,0.0251189,0.0398107,0.528389,0.5,0.6,0.570861,0.5,0.6,0.00087136,36.741,24.8681,1.32472,0.01,0.95,10,10000,0.938,0.139,7,3,0.539938,0,0.428571
2202,10000,18.075,17.7828,23.7137,0.0357513,0.0251189,0.0398107,0.563087,0.5,0.6,0.635572,0.6,0.7,0.00087136,41.9898,28.9011,1.51396,0.01,0.95,10,10000,0.938,0.139,8,3,0.539938,0,0.375
2203,10000,18.5102,17.7828,23.7137,0.0364837,0.0251189,0.0398107,0.531329,0.5,0.6,0.736251,0.7,0.8,0.00087136,31.4923,26.8855,1.13547,0.01,0.95,10,10000,0.938,0.139,6,2,0.661286,0,0.333333
2204,10000,18.3334,17.7828,23.7137,0.0366608,0.0251189,0.0398107,0.530446,0.5,0.6,0.943462,0.9,1,0.00087136,20.9949,12.674,0.756981,0.01,0.95,10,10000,0.938,0.139,4,3,0.539938,0,0.75
2205,10000,18.0168,17.7828,23.7137,0.0374366,0.0251189,0.0398107,0.52946,0.5,0.6,1.2141,1,1.5,0.0043568,13.6467,5.83159,0.492038,0.01,0.95,10,10000,0.938,0.139,13,7,0.353472,0,0.538462
2206,10000,18.6975,17.7828,23.7137,0.037004,0.0251189,0.0398107,0.674594,0.6,0.7,0.38016,0.3,0.4,0.00087136,20.9949,25.9739,0.756981,0.01,0.95,10,10000,0.938,0.139,4,1,0.9352,0,0.25
2207,10000,17.8108,17.7828,23.7137,0.0360881,0.0251189,0.0398107,0.638824,0.6,0.7,0.492113,0.4,0.5,0.00087136,26.2436,32.9279,0.946226,0.01,0.95,10,10000,0.938,0.139,5,1,0.9352,0,0.2
2208,10000,17.8931,17.7828,23.7137,0.0360976,0.0251189,0.0398107,0.640692,0.6,0.7,0.573023,0.5,0.6,0.00087136,26.2436,32.9279,0.946226,0.01,0.95,10,10000,0.938,0.139,5,1,0.9352,0,0.2
2209,10000,19.0604,17.7828,23.7137,0.0397965,0.0251189,0.0398107,0.625691,0.6,0.7,0.801402,0.8,0.9,0.00087136,20.9949,25.9739,0.756981,0.01,0.95,10,10000,0.938,0.139,4,1,0.9352,0,0.25
2210,10000,18.0997,17.7828,23.7137,0.0364092,0.0251189,0.0398107,0.654102,0.6,0.7,1.16555,1,1.5,0.0043568,8.39795,5.78021,0.302792,0.01,0.95,10,10000,0.938,0.139,8,3,0.539938,0,0.375
2211,10000,18.0057,17.7828,23.7137,0.0349761,0.0251189,0.0398107,0.764375,0.7,0.8,0.0947561,0,0.1,0.00087136,5.24872,4.9086,0.189245,0.01,0.95,10,10000,0.938,0.139,1,1,0.9352,0,1
2212,10000,18.1835,17.7828,23.7137,0.0365516,0.0251189,0.0398107,0.713072,0.7,0.8,0.545354,0.5,0.6,0.00087136,5.24872,4.9086,0.189245,0.01,0.95,10,10000,0.938,0.139,1,1,0.9352,0,1
2213,10000,19.0946,17.7828,23.7137,0.0393466,0.0251189,0.0398107,0.799006,0.7,0.8,0.657039,0.6,0.7,0.00087136,5.24872,4.9086,0.189245,0.01,0.95,10,10000,0.938,0.139,1,1,0.9352,0,1
2214,10000,18.2184,17.7828,23.7137,0.0397868,0.0251189,0.0398107,0.851237,0.8,0.9,0.151228,0.1,0.2,0.00087136,10.4974,12.0236,0.378491,0.01,0.95,10,10000,0.938,0.139,2,1,0.9352,0,0.5
2215,10000,18.909,17.7828,23.7137,0.0392141,0.0251189,0.0398107,0.852419,0.8,0.9,0.361151,0.3,0.4,0.00087136,5.24872,4.9086,0.189245,0.01,0.95,10,10000,0.938,0.139,1,1,0.9352,0,1
2216,10000,18.5079,17.7828,23.7137,0.0371701,0.0251189,0.0398107,0.83474,0.8,0.9,0.657662,0.6,0.7,0.00087136,10.4974,12.0236,0.378491,0.01,0.95,10,10000,0.938,0.139,2,1,0.9352,0,0.5
2217,10000,18.4615,17.7828,23.7137,0.0364739,0.0251189,0.0398107,0.804406,0.8,0.9,1.06791,1,1.5,0.0043568,0,0,0,0.01,0.95,10,10000,0.938,0.139,0,1,0.9352,0,0
2218,10000,18.947,17.7828,23.7137,0.0381193,0.0251189,0.0398107,0.929223,0.9,1,0.380658,0.3,0.4,0.00087136,5.24872,4.9086,0.189245,0.01,0.95,10,10000,0.938,0.139,1,1,0.9352,0,1
2219,10000,19.5515,17.7828,23.7137,0.0528378,0.0398107,0.0630957,0.0699393,0.05,0.1,0.065144,0,0.1,0.000690508,12564.6,366.15,453.024,0.01,0.95,10,10000,0.938,0.139,1897,1335,0.0255955,0,0.703743
2220,10000,19.5179,17.7828,23.7137,0.0527287,0.0398107,0.0630957,0.0708955,0.05,0.1,0.154221,0.1,0.2,0.000690508,32315.7,580.093,1165.16,0.01,0.95,10,10000,0.938,0.139,4879,3488,0.0158349,0,0.714901
2221,10000,19.5418,17.7828,23.7137,0.0528448,0.0398107,0.0630957,0.0716055,0.05,0.1,0.249567,0.2,0.3,0.000690508,40594.9,652.21,1463.67,0.01,0.95,10,10000,0.938,0.139,6129,4364,0.0141567,0,0.712025
2222,10000,19.522,17.7828,23.7137,0.0527668,0.0398107,0.0630957,0.0720594,0.05,0.1,0.347596,0.3,0.4,0.000690508,38806.6,632.582,1399.19,0.01,0.95,10,10000,0.938,0.139,5859,4215,0.0144047,0,0.719406
2223,10000,19.6264,17.7828,23.7137,0.0524799,0.0398107,0.0630957,0.0725355,0.05,0.1,0.44894,0.4,0.5,0.000690508,32454.7,597.577,1170.17,0.01,0.95,10,10000,0.938,0.139,4900,3380,0.0160859,0,0.689796
2224,10000,19.6041,17.7828,23.7137,0.0521583,0.0398107,0.0630957,0.0722626,0.05,0.1,0.548171,0.5,0.6,0.000690508,26109.5,531.085,941.392,0.01,0.95,10,10000,0.938,0.139,3942,2752,0.0178271,0,0.698123
2225,10000,19.6303,17.7828,23.7137,0.0522526,0.0398107,0.0630957,0.0717121,0.05,0.1,0.648425,0.6,0.7,0.000690508,20532.6,469.825,740.313,0.01,0.95,10,10000,0.938,0.139,3100,2171,0.0200713,0,0.700323
2226,10000,19.6361,17.7828,23.7137,0.0519067,0.0398107,0.0630957,0.0720053,0.05,0.1,0.747932,0.7,0.8,0.000690508,15671,408.168,565.026,0.01,0.95,10,10000,0.938,0.139,2366,1669,0.0228916,0,0.70541
2227,10000,19.6755,17.7828,23.7137,0.0520619,0.0398107,0.0630957,0.0718957,0.05,0.1,0.847618,0.8,0.9,0.000690508,12531.5,357.852,451.83,0.01,0.95,10,10000,0.938,0.139,1892,1369,0.0252757,0,0.723573
2228,10000,19.7859,17.7828,23.7137,0.0521055,0.0398107,0.0630957,0.0718501,0.05,0.1,0.947488,0.9,1,0.000690508,9796.03,318.527,353.201,0.01,0.95,10,10000,0.938,0.139,1479,1061,0.0287109,0,0.717377
2229,10000,19.7423,17.7828,23.7137,0.0519823,0.0398107,0.0630957,0.0720309,0.05,0.1,1.20236,1,1.5,0.00345254,5362.32,105.307,193.341,0.01,0.95,10,10000,0.938,0.139,4048,2907,0.0173453,0,0.718132
2230,10000,19.7429,17.7828,23.7137,0.0518645,0.0398107,0.0630957,0.120699,0.1,0.15,0.0655677,0,0.1,0.000690508,3980.67,191.847,143.525,0.01,0.95,10,10000,0.938,0.139,601,463,0.0434624,0,0.770383
2231,10000,19.5904,17.7828,23.7137,0.052582,0.0398107,0.0630957,0.121257,0.1,0.15,0.154772,0.1,0.2,0.000690508,10935.3,327.301,394.276,0.01,0.95,10,10000,0.938,0.139,1651,1227,0.0266982,0,0.743186
2232,10000,19.5717,17.7828,23.7137,0.0522561,0.0398107,0.0630957,0.121246,0.1,0.15,0.251328,0.2,0.3,0.000690508,15419.3,386.19,555.951,0.01,0.95,10,10000,0.938,0.139,2328,1744,0.022394,0,0.749141
2233,10000,19.6411,17.7828,23.7137,0.0521793,0.0398107,0.0630957,0.121446,0.1,0.15,0.349589,0.3,0.4,0.000690508,16393,388.275,591.057,0.01,0.95,10,10000,0.938,0.139,2475,1913,0.0213819,0,0.772929
2234,10000,19.6577,17.7828,23.7137,0.0522449,0.0398107,0.0630957,0.121319,0.1,0.15,0.448158,0.4,0.5,0.000690508,14379.4,370.094,518.458,0.01,0.95,10,10000,0.938,0.139,2171,1642,0.023079,0,0.756333
2235,10000,19.6173,17.7828,23.7137,0.0521642,0.0398107,0.0630957,0.121626,0.1,0.15,0.548843,0.5,0.6,0.000690508,12809.7,348.112,461.86,0.01,0.95,10,10000,0.938,0.139,1934,1469,0.0244002,0,0.759566
2236,10000,19.5928,17.7828,23.7137,0.0518877,0.0398107,0.0630957,0.122352,0.1,0.15,0.648638,0.6,0.7,0.000690508,9683.44,301.458,349.141,0.01,0.95,10,10000,0.938,0.139,1462,1116,0.0279945,0,0.763338
2237,10000,19.6222,17.7828,23.7137,0.0520578,0.0398107,0.0630957,0.122596,0.1,0.15,0.747856,0.7,0.8,0.000690508,8219.66,285.312,296.364,0.01,0.95,10,10000,0.938,0.139,1241,916,0.0308999,0,0.738114
2238,10000,19.6125,17.7828,23.7137,0.0521776,0.0398107,0.0630957,0.123188,0.1,0.15,0.849533,0.8,0.9,0.000690508,6199.52,244.095,223.527,0.01,0.95,10,10000,0.938,0.139,936,704,0.0352467,0,0.752137
2239,10000,19.5819,17.7828,23.7137,0.0520314,0.0398107,0.0630957,0.122559,0.1,0.15,0.948098,0.9,1,0.000690508,4755.61,217.658,171.466,0.01,0.95,10,10000,0.938,0.139,718,528,0.0406993,0,0.735376
2240,10000,19.6763,17.7828,23.7137,0.0518291,0.0398107,0.0630957,0.122654,0.1,0.15,1.21109,1,1.5,0.00345254,3014.98,80.5114,108.707,0.01,0.95,10,10000,0.938,0.139,2276,1594,0.023424,0,0.700351
2241,10000,19.4539,17.7828,23.7137,0.0520448,0.0398107,0.0630957,0.170908,0.15,0.2,0.0648378,0,0.1,0.000690508,1715.47,140.165,61.852,0.01,0.95,10,10000,0.938,0.139,259,174,0.0708973,0,0.671815
2242,10000,19.5848,17.7828,23.7137,0.0519567,0.0398107,0.0630957,0.171518,0.15,0.2,0.153597,0.1,0.2,0.000690508,4907.95,239.548,176.959,0.01,0.95,10,10000,0.938,0.139,741,491,0.042205,0,0.662618
2243,10000,19.5034,17.7828,23.7137,0.0517027,0.0398107,0.0630957,0.172034,0.15,0.2,0.250295,0.2,0.3,0.000690508,7060.56,287.12,254.572,0.01,0.95,10,10000,0.938,0.139,1066,707,0.0351718,0,0.663227
2244,10000,19.6981,17.7828,23.7137,0.0525693,0.0398107,0.0630957,0.171965,0.15,0.2,0.349663,0.3,0.4,0.000690508,8252.78,311.651,297.558,0.01,0.95,10,10000,0.938,0.139,1246,822,0.0326188,0,0.659711
2245,10000,19.613,17.7828,23.7137,0.0520001,0.0398107,0.0630957,0.171823,0.15,0.2,0.447831,0.4,0.5,0.000690508,7457.97,291.228,268.901,0.01,0.95,10,10000,0.938,0.139,1126,760,0.0339233,0,0.674956
2246,10000,19.6518,17.7828,23.7137,0.0523731,0.0398107,0.0630957,0.171804,0.15,0.2,0.549193,0.5,0.6,0.000690508,6828.74,278.938,246.214,0.01,0.95,10,10000,0.938,0.139,1031,695,0.0354742,0,0.674103
2247,10000,19.6022,17.7828,23.7137,0.0519527,0.0398107,0.0630957,0.172291,0.15,0.2,0.649703,0.6,0.7,0.000690508,5596.79,251.732,201.795,0.01,0.95,10,10000,0.938,0.139,845,572,0.0391027,0,0.676923
2248,10000,19.6237,17.7828,23.7137,0.05211,0.0398107,0.0630957,0.172485,0.15,0.2,0.747504,0.7,0.8,0.000690508,4689.38,231.98,169.078,0.01,0.95,10,10000,0.938,0.139,708,475,0.0429099,0,0.670904
2249,10000,19.6402,17.7828,23.7137,0.0525392,0.0398107,0.0630957,0.172463,0.15,0.2,0.846925,0.8,0.9,0.000690508,3682.62,205.585,132.779,0.01,0.95,10,10000,0.938,0.139,556,373,0.0484228,0,0.670863
2250,10000,19.7519,17.7828,23.7137,0.0523906,0.0398107,0.0630957,0.173967,0.15,0.2,0.946914,0.9,1,0.000690508,2934.17,191.299,105.793,0.01,0.95,10,10000,0.938,0.139,443,281,0.0557893,0,0.634312
2251,10000,19.6172,17.7828,23.7137,0.0519702,0.0398107,0.0630957,0.172649,0.15,0.2,1.21077,1,1.5,0.00345254,1706.19,63.8596,61.5176,0.01,0.95,10,10000,0.938,0.139,1288,841,0.0322483,0,0.65295
2252,10000,19.7497,17.7828,23.7137,0.0532878,0.0398107,0.0630957,0.222502,0.2,0.25,0.0711914,0,0.1,0.000690508,880.915,107.008,31.7618,0.01,0.95,10,10000,0.938,0.139,133,82,0.103276,0,0.616541
2253,10000,19.6046,17.7828,23.7137,0.0515601,0.0398107,0.0630957,0.223177,0.2,0.25,0.154552,0.1,0.2,0.000690508,2424.17,180.78,87.4047,0.01,0.95,10,10000,0.938,0.139,366,220,0.0630512,0,0.601093
2254,10000,19.5337,17.7828,23.7137,0.052406,0.0398107,0.0630957,0.221913,0.2,0.25,0.254979,0.2,0.3,0.000690508,3490.54,230.802,125.853,0.01,0.95,10,10000,0.938,0.139,527,290,0.0549168,0,0.550285
2255,10000,19.5927,17.7828,23.7137,0.0527462,0.0398107,0.0630957,0.222776,0.2,0.25,0.351042,0.3,0.4,0.000690508,4801.98,263.391,173.138,0.01,0.95,10,10000,0.938,0.139,725,415,0.0459072,0,0.572414
2256,10000,19.6824,17.7828,23.7137,0.0522514,0.0398107,0.0630957,0.221379,0.2,0.25,0.450441,0.4,0.5,0.000690508,4099.9,245.473,147.824,0.01,0.95,10,10000,0.938,0.139,619,350,0.0499885,0,0.565428
2257,10000,19.7309,17.7828,23.7137,0.0523528,0.0398107,0.0630957,0.221697,0.2,0.25,0.551132,0.5,0.6,0.000690508,4265.48,240.292,153.794,0.01,0.95,10,10000,0.938,0.139,644,386,0.0476004,0,0.599379
2258,10000,19.6526,17.7828,23.7137,0.0521193,0.0398107,0.0630957,0.222437,0.2,0.25,0.64698,0.6,0.7,0.000690508,3444.18,226.612,124.182,0.01,0.95,10,10000,0.938,0.139,520,291,0.0548224,0,0.559615
2259,10000,19.5922,17.7828,23.7137,0.0528553,0.0398107,0.0630957,0.220437,0.2,0.25,0.749854,0.7,0.8,0.000690508,2828.2,200.653,101.972,0.01,0.95,10,10000,0.938,0.139,427,247,0.0595053,0,0.578454
2260,10000,19.5128,17.7828,23.7137,0.0521789,0.0398107,0.0630957,0.224528,0.2,0.25,0.846833,0.8,0.9,0.000690508,2324.82,181.946,83.8226,0.01,0.95,10,10000,0.938,0.139,351,203,0.0656382,0,0.578348
2261,10000,19.5655,17.7828,23.7137,0.0528961,0.0398107,0.0630957,0.2216,0.2,0.25,0.94814,0.9,1,0.000690508,1841.31,159.672,66.3894,0.01,0.95,10,10000,0.938,0.139,278,164,0.0730268,0,0.589928
2262,10000,19.7014,17.7828,23.7137,0.0523126,0.0398107,0.0630957,0.222223,0.2,0.25,1.21471,1,1.5,0.00345254,1151.15,56.826,41.5053,0.01,0.95,10,10000,0.938,0.139,869,508,0.0414928,0,0.58458
2263,10000,20.017,17.7828,23.7137,0.0523849,0.0398107,0.0630957,0.270667,0.25,0.3,0.0634579,0,0.1,0.000690508,483.509,92.5109,17.4332,0.01,0.95,10,10000,0.938,0.139,73,36,0.155867,0,0.493151
2264,10000,19.4957,17.7828,23.7137,0.0520475,0.0398107,0.0630957,0.273443,0.25,0.3,0.157306,0.1,0.2,0.000690508,1516.76,155.559,54.6877,0.01,0.95,10,10000,0.938,0.139,229,122,0.084669,0,0.532751
2265,10000,19.5809,17.7828,23.7137,0.0522046,0.0398107,0.0630957,0.272793,0.25,0.3,0.252659,0.2,0.3,0.000690508,2132.74,179.845,76.8971,0.01,0.95,10,10000,0.938,0.139,322,178,0.0700962,0,0.552795
2266,10000,19.5272,17.7828,23.7137,0.0519554,0.0398107,0.0630957,0.272167,0.25,0.3,0.351626,0.3,0.4,0.000690508,2649.37,213.153,95.5243,0.01,0.95,10,10000,0.938,0.139,400,202,0.0658004,0,0.505
2267,10000,19.7281,17.7828,23.7137,0.0524707,0.0398107,0.0630957,0.271172,0.25,0.3,0.449523,0.4,0.5,0.000690508,2523.52,212.767,90.9869,0.01,0.95,10,10000,0.938,0.139,381,186,0.0685722,0,0.488189
2268,10000,19.5856,17.7828,23.7137,0.0527154,0.0398107,0.0630957,0.272851,0.25,0.3,0.553548,0.5,0.6,0.000690508,2351.31,185.079,84.7778,0.01,0.95,10,10000,0.938,0.139,355,202,0.0658004,0,0.569014
2269,10000,19.48,17.7828,23.7137,0.0519321,0.0398107,0.0630957,0.27092,0.25,0.3,0.645183,0.6,0.7,0.000690508,2245.34,195.613,80.9568,0.01,0.95,10,10000,0.938,0.139,339,172,0.0713083,0,0.507375
2270,10000,19.4203,17.7828,23.7137,0.0519288,0.0398107,0.0630957,0.271299,0.25,0.3,0.750323,0.7,0.8,0.000690508,1682.35,164.925,60.6579,0.01,0.95,10,10000,0.938,0.139,254,134,0.080789,0,0.527559
2271,10000,19.7546,17.7828,23.7137,0.0530334,0.0398107,0.0630957,0.272815,0.25,0.3,0.849512,0.8,0.9,0.000690508,1371.05,152.882,49.4338,0.01,0.95,10,10000,0.938,0.139,207,105,0.0912662,0,0.507246
2272,10000,19.3344,17.7828,23.7137,0.0515986,0.0398107,0.0630957,0.271387,0.25,0.3,0.950191,0.9,1,0.000690508,1205.46,158.72,43.4636,0.01,0.95,10,10000,0.938,0.139,182,79,0.105218,0,0.434066
2273,10000,19.6159,17.7828,23.7137,0.0521197,0.0398107,0.0630957,0.271752,0.25,0.3,1.20865,1,1.5,0.00345254,704.732,47.128,25.4095,0.01,0.95,10,10000,0.938,0.139,532,286,0.0552995,0,0.537594
2274,10000,19.3222,17.7828,23.7137,0.0523938,0.0398107,0.0630957,0.344493,0.3,0.4,0.0610453,0,0.1,0.00138102,221.884,49.3251,8.00016,0.01,0.95,10,10000,0.938,0.139,67,28,0.176736,0,0.41791
2275,10000,19.4854,17.7828,23.7137,0.0517632,0.0398107,0.0630957,0.343494,0.3,0.4,0.155504,0.1,0.2,0.00138102,698.771,85.2042,25.1945,0.01,0.95,10,10000,0.938,0.139,211,92,0.0975013,0,0.436019
2276,10000,19.5856,17.7828,23.7137,0.0523855,0.0398107,0.0630957,0.340566,0.3,0.4,0.25322,0.2,0.3,0.00138102,1039.88,100.164,37.4933,0.01,0.95,10,10000,0.938,0.139,314,145,0.0776641,0,0.461783
2277,10000,19.5621,17.7828,23.7137,0.0522432,0.0398107,0.0630957,0.341952,0.3,0.4,0.351179,0.3,0.4,0.00138102,1192.22,107.774,42.9859,0.01,0.95,10,10000,0.938,0.139,360,165,0.0728052,0,0.458333
2278,10000,19.7182,17.7828,23.7137,0.0521754,0.0398107,0.0630957,0.338257,0.3,0.4,0.450809,0.4,0.5,0.00138102,1357.8,120.834,48.9562,0.01,0.95,10,10000,0.938,0.139,410,174,0.0708973,0,0.42439
2279,10000,19.6517,17.7828,23.7137,0.052309,0.0398107,0.0630957,0.339945,0.3,0.4,0.546116,0.5,0.6,0.00138102,1268.38,101.279,45.7323,0.01,0.95,10,10000,0.938,0.139,383,202,0.0658004,0,0.527415
2280,10000,19.622,17.7828,23.7137,0.0528873,0.0398107,0.0630957,0.345731,0.3,0.4,0.649214,0.6,0.7,0.00138102,1235.27,109.685,44.5382,0.01,0.95,10,10000,0.938,0.139,373,171,0.0715165,0,0.458445
2281,10000,19.3746,17.7828,23.7137,0.0521977,0.0398107,0.0630957,0.34397,0.3,0.4,0.750341,0.7,0.8,0.00138102,1049.81,115.311,37.8515,0.01,0.95,10,10000,0.938,0.139,317,118,0.0860921,0,0.37224
2282,10000,19.5502,17.7828,23.7137,0.0519598,0.0398107,0.0630957,0.345616,0.3,0.4,0.845683,0.8,0.9,0.00138102,953.772,95.4578,34.3887,0.01,0.95,10,10000,0.938,0.139,288,134,0.080789,0,0.465278
2283,10000,19.4519,17.7828,23.7137,0.0518696,0.0398107,0.0630957,0.346983,0.3,0.4,0.948884,0.9,1,0.00138102,831.239,89.0084,29.9707,0.01,0.95,10,10000,0.938,0.139,251,117,0.0864593,0,0.466135
2284,10000,19.6668,17.7828,23.7137,0.0517277,0.0398107,0.0630957,0.34381,0.3,0.4,1.22928,1,1.5,0.00690508,417.275,29.6313,15.0451,0.01,0.95,10,10000,0.938,0.139,630,272,0.0567048,0,0.431746
2285,10000,19.8094,17.7828,23.7137,0.0518285,0.0398107,0.0630957,0.437343,0.4,0.5,0.075529,0,0.1,0.00138102,132.468,39.1757,4.77621,0.01,0.95,10,10000,0.938,0.139,40,16,0.2338,0,0.4
2286,10000,19.3608,17.7828,23.7137,0.0510304,0.0398107,0.0630957,0.443655,0.4,0.5,0.160187,0.1,0.2,0.00138102,261.625,50.6756,9.43302,0.01,0.95,10,10000,0.938,0.139,79,36,0.155867,0,0.455696
2287,10000,19.5626,17.7828,23.7137,0.0527338,0.0398107,0.0630957,0.443793,0.4,0.5,0.254283,0.2,0.3,0.00138102,380.847,67.3419,13.7316,0.01,0.95,10,10000,0.938,0.139,115,45,0.139411,0,0.391304
2288,10000,19.545,17.7828,23.7137,0.053277,0.0398107,0.0630957,0.439225,0.4,0.5,0.351241,0.3,0.4,0.00138102,556.367,77.5541,20.0601,0.01,0.95,10,10000,0.938,0.139,168,71,0.110988,0,0.422619
2289,10000,19.5934,17.7828,23.7137,0.0507543,0.0398107,0.0630957,0.437057,0.4,0.5,0.450334,0.4,0.5,0.00138102,589.484,84.2719,21.2542,0.01,0.95,10,10000,0.938,0.139,178,69,0.112585,0,0.38764
2290,10000,20.0359,17.7828,23.7137,0.0532045,0.0398107,0.0630957,0.443277,0.4,0.5,0.543159,0.5,0.6,0.00138102,629.225,76.6322,22.687,0.01,0.95,10,10000,0.938,0.139,190,90,0.0985787,0,0.473684
2291,10000,19.7657,17.7828,23.7137,0.0526519,0.0398107,0.0630957,0.440483,0.4,0.5,0.651412,0.6,0.7,0.00138102,553.055,66.9177,19.9407,0.01,0.95,10,10000,0.938,0.139,167,88,0.0996926,0,0.526946
2292,10000,19.4852,17.7828,23.7137,0.051195,0.0398107,0.0630957,0.437475,0.4,0.5,0.74869,0.7,0.8,0.00138102,529.873,74.7186,19.1049,0.01,0.95,10,10000,0.938,0.139,160,69,0.112585,0,0.43125
2293,10000,19.5187,17.7828,23.7137,0.0522512,0.0398107,0.0630957,0.439344,0.4,0.5,0.846791,0.8,0.9,0.00138102,344.418,54.7059,12.4182,0.01,0.95,10,10000,0.938,0.139,104,52,0.129689,0,0.5
2294,10000,19.8067,17.7828,23.7137,0.0515143,0.0398107,0.0630957,0.437249,0.4,0.5,0.942922,0.9,1,0.00138102,360.976,61.6764,13.0152,0.01,0.95,10,10000,0.938,0.139,109,47,0.136413,0,0.431193
2295,10000,19.4521,17.7828,23.7137,0.0526357,0.0398107,0.0630957,0.445769,0.4,0.5,1.20689,1,1.5,0.00690508,215.261,20.3877,7.76135,0.01,0.95,10,10000,0.938,0.139,325,150,0.0763587,0,0.461538
2296,10000,19.802,17.7828,23.7137,0.0525384,0.0398107,0.0630957,0.544686,0.5,0.6,0.0590434,0,0.1,0.00138102,52.9873,17.1171,1.91049,0.01,0.95,10,10000,0.938,0.139,16,11,0.281973,0,0.6875
2297,10000,19.7056,17.7828,23.7137,0.0530735,0.0398107,0.0630957,0.542149,0.5,0.6,0.153366,0.1,0.2,0.00138102,102.663,37.1301,3.70157,0.01,0.95,10,10000,0.938,0.139,31,11,0.281973,0,0.354839
2298,10000,19.3846,17.7828,23.7137,0.0497521,0.0398107,0.0630957,0.546672,0.5,0.6,0.257048,0.2,0.3,0.00138102,158.962,44.6671,5.73146,0.01,0.95,10,10000,0.938,0.139,48,18,0.220429,0,0.375
2299,10000,19.3953,17.7828,23.7137,0.0534233,0.0398107,0.0630957,0.537576,0.5,0.6,0.356769,0.3,0.4,0.00138102,241.755,58.2158,8.71659,0.01,0.95,10,10000,0.938,0.139,73,25,0.18704,0,0.342466
2300,10000,19.4478,17.7828,23.7137,0.0525674,0.0398107,0.0630957,0.54333,0.5,0.6,0.451206,0.4,0.5,0.00138102,248.378,53.6435,8.9554,0.01,0.95,10,10000,0.938,0.139,75,30,0.170743,0,0.4
2301,10000,19.6281,17.7828,23.7137,0.0539254,0.0398107,0.0630957,0.545025,0.5,0.6,0.547541,0.5,0.6,0.00138102,241.755,49.9454,8.71659,0.01,0.95,10,10000,0.938,0.139,73,32,0.165322,0,0.438356
2302,10000,19.5194,17.7828,23.7137,0.0507339,0.0398107,0.0630957,0.535958,0.5,0.6,0.652802,0.6,0.7,0.00138102,185.456,49.7084,6.6867,0.01,0.95,10,10000,0.938,0.139,56,20,0.209117,0,0.357143
2303,10000,19.3679,17.7828,23.7137,0.0501804,0.0398107,0.0630957,0.545104,0.5,0.6,0.762447,0.7,0.8,0.00138102,185.456,43.2355,6.6867,0.01,0.95,10,10000,0.938,0.139,56,25,0.18704,0,0.446429
2304,10000,19.7026,17.7828,23.7137,0.0544731,0.0398107,0.0630957,0.54205,0.5,0.6,0.841712,0.8,0.9,0.00138102,175.521,49.854,6.32848,0.01,0.95,10,10000,0.938,0.139,53,18,0.220429,0,0.339623
2305,10000,19.8776,17.7828,23.7137,0.0531598,0.0398107,0.0630957,0.55135,0.5,0.6,0.947694,0.9,1,0.00138102,155.65,40.8419,5.61205,0.01,0.95,10,10000,0.938,0.139,47,20,0.209117,0,0.425532
2306,10000,19.7538,17.7828,23.7137,0.0529589,0.0398107,0.0630957,0.542134,0.5,0.6,1.21097,1,1.5,0.00690508,115.247,17.723,4.15531,0.01,0.95,10,10000,0.938,0.139,174,61,0.11974,0,0.350575
2307,10000,19.8346,17.7828,23.7137,0.0528716,0.0398107,0.0630957,0.634116,0.6,0.7,0.0778963,0,0.1,0.00138102,16.5585,10.5786,0.597027,0.01,0.95,10,10000,0.938,0.139,5,3,0.539938,0,0.6
2308,10000,19.4518,17.7828,23.7137,0.0599966,0.0398107,0.0630957,0.653038,0.6,0.7,0.151766,0.1,0.2,0.00138102,29.8054,26.2798,1.07465,0.01,0.95,10,10000,0.938,0.139,9,2,0.661286,0,0.222222
2309,10000,19.7689,17.7828,23.7137,0.0527313,0.0398107,0.0630957,0.646642,0.6,0.7,0.271048,0.2,0.3,0.00138102,76.1693,32.3718,2.74632,0.01,0.95,10,10000,0.938,0.139,23,8,0.330643,0,0.347826
2310,10000,19.6396,17.7828,23.7137,0.0516227,0.0398107,0.0630957,0.647891,0.6,0.7,0.367996,0.3,0.4,0.00138102,96.0396,36.5406,3.46276,0.01,0.95,10,10000,0.938,0.139,29,10,0.295736,0,0.344828
2311,10000,19.8632,17.7828,23.7137,0.052526,0.0398107,0.0630957,0.643435,0.6,0.7,0.460632,0.4,0.5,0.00138102,109.286,44.7744,3.94038,0.01,0.95,10,10000,0.938,0.139,33,9,0.311733,0,0.272727
2312,10000,19.69,17.7828,23.7137,0.0521104,0.0398107,0.0630957,0.651799,0.6,0.7,0.537097,0.5,0.6,0.00138102,99.3513,32.2548,3.58216,0.01,0.95,10,10000,0.938,0.139,30,13,0.259378,0,0.433333
2313,10000,19.9755,17.7828,23.7137,0.0546237,0.0398107,0.0630957,0.648244,0.6,0.7,0.630134,0.6,0.7,0.00138102,142.403,48.1261,5.13443,0.01,0.95,10,10000,0.938,0.139,43,13,0.259378,0,0.302326
2314,10000,18.8642,17.7828,23.7137,0.0519172,0.0398107,0.0630957,0.648578,0.6,0.7,0.74654,0.7,0.8,0.00138102,99.3513,35.803,3.58216,0.01,0.95,10,10000,0.938,0.139,30,11,0.281973,0,0.366667
2315,10000,19.5115,17.7828,23.7137,0.0541035,0.0398107,0.0630957,0.643271,0.6,0.7,0.857145,0.8,0.9,0.00138102,79.481,27.827,2.86573,0.01,0.95,10,10000,0.938,0.139,24,11,0.281973,0,0.458333
2316,10000,18.9929,17.7828,23.7137,0.0556084,0.0398107,0.0630957,0.644481,0.6,0.7,0.970775,0.9,1,0.00138102,79.481,23.6449,2.86573,0.01,0.95,10,10000,0.938,0.139,24,14,0.249943,0,0.583333
2317,10000,19.9085,17.7828,23.7137,0.0506964,0.0398107,0.0630957,0.636819,0.6,0.7,1.25819,1,1.5,0.00690508,48.3509,10.6302,1.74332,0.01,0.95,10,10000,0.938,0.139,73,29,0.173662,0,0.39726
2318,10000,19.1047,17.7828,23.7137,0.0407927,0.0398107,0.0630957,0.704162,0.7,0.8,0.0274044,0,0.1,0.00138102,3.31171,3.09711,0.119405,0.01,0.95,10,10000,0.938,0.139,1,1,0.9352,0,1
2319,10000,18.6164,17.7828,23.7137,0.045921,0.0398107,0.0630957,0.777512,0.7,0.8,0.132486,0.1,0.2,0.00138102,16.5585,20.776,0.597027,0.01,0.95,10,10000,0.938,0.139,5,1,0.9352,0,0.2
2320,10000,18.9708,17.7828,23.7137,0.0507305,0.0398107,0.0630957,0.75345,0.7,0.8,0.258662,0.2,0.3,0.00138102,46.3639,22.1899,1.67168,0.01,0.95,10,10000,0.938,0.139,14,6,0.381794,0,0.428571
2321,10000,18.1881,17.7828,23.7137,0.0573732,0.0398107,0.0630957,0.764204,0.7,0.8,0.336829,0.3,0.4,0.00138102,43.0522,30.9194,1.55227,0.01,0.95,10,10000,0.938,0.139,13,3,0.539938,0,0.230769
2322,10000,19.8844,17.7828,23.7137,0.0553209,0.0398107,0.0630957,0.754878,0.7,0.8,0.444027,0.4,0.5,0.00138102,69.5459,34.765,2.50751,0.01,0.95,10,10000,0.938,0.139,21,6,0.381794,0,0.285714
2323,10000,19.1145,17.7828,23.7137,0.0533419,0.0398107,0.0630957,0.722071,0.7,0.8,0.560485,0.5,0.6,0.00138102,29.8054,20.776,1.07465,0.01,0.95,10,10000,0.938,0.139,9,3,0.539938,0,0.333333
2324,10000,19.1236,17.7828,23.7137,0.0521258,0.0398107,0.0630957,0.733414,0.7,0.8,0.630081,0.6,0.7,0.00138102,52.9873,28.7881,1.91049,0.01,0.95,10,10000,0.938,0.139,16,5,0.418234,0,0.3125
2325,10000,18.9164,17.7828,23.7137,0.0446639,0.0398107,0.0630957,0.770078,0.7,0.8,0.728008,0.7,0.8,0.00138102,39.7405,28.3855,1.43286,0.01,0.95,10,10000,0.938,0.139,12,3,0.539938,0,0.25
2326,10000,19.1649,17.7828,23.7137,0.0497319,0.0398107,0.0630957,0.748543,0.7,0.8,0.838168,0.8,0.9,0.00138102,36.4288,21.7901,1.31346,0.01,0.95,10,10000,0.938,0.139,11,4,0.4676,0,0.363636
2327,10000,19.0929,17.7828,23.7137,0.0505186,0.0398107,0.0630957,0.749101,0.7,0.8,0.933037,0.9,1,0.00138102,39.7405,20.9141,1.43286,0.01,0.95,10,10000,0.938,0.139,12,5,0.418234,0,0.416667
2328,10000,19.4556,17.7828,23.7137,0.0490299,0.0398107,0.0630957,0.749914,0.7,0.8,1.19974,1,1.5,0.00690508,29.8054,8.31042,1.07465,0.01,0.95,10,10000,0.938,0.139,45,18,0.220429,0,0.4
2329,10000,20.3843,17.7828,23.7137,0.0545583,0.0398107,0.0630957,0.84302,0.8,0.9,0.249684,0.2,0.3,0.00138102,19.8703,16.9636,0.716432,0.01,0.95,10,10000,0.938,0.139,6,2,0.661286,0,0.333333
2330,10000,20.5576,17.7828,23.7137,0.0513101,0.0398107,0.0630957,0.846181,0.8,0.9,0.322066,0.3,0.4,0.00138102,13.2468,7.9967,0.477621,0.01,0.95,10,10000,0.938,0.139,4,3,0.539938,0,0.75
2331,10000,22.1668,17.7828,23.7137,0.0610993,0.0398107,0.0630957,0.823159,0.8,0.9,0.457956,0.4,0.5,0.00138102,23.182,29.5445,0.835838,0.01,0.95,10,10000,0.938,0.139,7,1,0.9352,0,0.142857
2332,10000,19.057,17.7828,23.7137,0.0456802,0.0398107,0.0630957,0.81718,0.8,0.9,0.566198,0.5,0.6,0.00138102,33.1171,29.3818,1.19405,0.01,0.95,10,10000,0.938,0.139,10,2,0.661286,0,0.2
2333,10000,19.4024,17.7828,23.7137,0.047405,0.0398107,0.0630957,0.841308,0.8,0.9,0.66647,0.6,0.7,0.00138102,29.8054,20.776,1.07465,0.01,0.95,10,10000,0.938,0.139,9,3,0.539938,0,0.333333
2334,10000,19.9442,17.7828,23.7137,0.0535649,0.0398107,0.0630957,0.802594,0.8,0.9,0.726893,0.7,0.8,0.00138102,6.62342,4.37997,0.238811,0.01,0.95,10,10000,0.938,0.139,2,2,0.661286,0,1
2335,10000,18.3291,17.7828,23.7137,0.0488988,0.0398107,0.0630957,0.833649,0.8,0.9,0.862295,0.8,0.9,0.00138102,33.1171,42.6907,1.19405,0.01,0.95,10,10000,0.938,0.139,10,1,0.9352,0,0.1
2336,10000,19.4736,17.7828,23.7137,0.0531365,0.0398107,0.0630957,0.833797,0.8,0.9,1.20512,1,1.5,0.00690508,10.5975,4.68239,0.382097,0.01,0.95,10,10000,0.938,0.139,16,7,0.353472,0,0.4375
2337,10000,18.0427,17.7828,23.7137,0.0429581,0.0398107,0.0630957,0.959753,0.9,1,0.191591,0.1,0.2,0.00138102,3.31171,3.09711,0.119405,0.01,0.95,10,10000,0.938,0.139,1,1,0.9352,0,1
2338,10000,23.5894,17.7828,23.7137,0.0621953,0.0398107,0.0630957,0.937529,0.9,1,0.672354,0.6,0.7,0.00138102,6.62342,7.58634,0.238811,0.01,0.95,10,10000,0.938,0.139,2,1,0.9352,0,0.5
2339,10000,20.4869,17.7828,23.7137,0.0479025,0.0398107,0.0630957,0.940563,0.9,1,0.918209,0.9,1,0.00138102,9.93513,7.58634,0.358216,0.01,0.95,10,10000,0.938,0.139,3,2,0.661286,0,0.666667
2340,10000,21.6657,17.7828,23.7137,0.0601132,0.0398107,0.0630957,0.916523,0.9,1,1.35498,1,1.5,0.00690508,3.97405,3.39271,0.143286,0.01,0.95,10,10000,0.938,0.139,6,2,0.661286,0,0.333333
2341,10000,20.2047,17.7828,23.7137,0.0800465,0.0630957,0.1,0.0688327,0.05,0.1,0.065021,0,0.1,0.00109438,11392.2,253.661,410.751,0.01,0.95,10,10000,0.938,0.139,2726,2142,0.0202067,0,0.785767
2342,10000,20.1535,17.7828,23.7137,0.0801189,0.0630957,0.1,0.0697489,0.05,0.1,0.153833,0.1,0.2,0.00109438,27210,395.654,981.072,0.01,0.95,10,10000,0.938,0.139,6511,5059,0.0131484,0,0.776993
2343,10000,20.1647,17.7828,23.7137,0.0802295,0.0630957,0.1,0.0702892,0.05,0.1,0.250213,0.2,0.3,0.00109438,36065.5,456.647,1300.36,0.01,0.95,10,10000,0.938,0.139,8630,6685,0.0114381,0,0.774623
2344,10000,20.2021,17.7828,23.7137,0.0802216,0.0630957,0.1,0.071023,0.05,0.1,0.348976,0.3,0.4,0.00109438,33670.9,444.717,1214.02,0.01,0.95,10,10000,0.938,0.139,8057,6181,0.0118953,0,0.767159
2345,10000,20.1952,17.7828,23.7137,0.0798597,0.0630957,0.1,0.0711421,0.05,0.1,0.448072,0.4,0.5,0.00109438,28334.2,416.373,1021.6,0.01,0.95,10,10000,0.938,0.139,6780,5071,0.0131328,0,0.747935
2346,10000,20.1647,17.7828,23.7137,0.0799405,0.0630957,0.1,0.0718104,0.05,0.1,0.547132,0.5,0.6,0.00109438,22015.4,380.962,793.778,0.01,0.95,10,10000,0.938,0.139,5268,3758,0.0152555,0,0.713364
2347,10000,20.2564,17.7828,23.7137,0.0799085,0.0630957,0.1,0.0716912,0.05,0.1,0.646799,0.6,0.7,0.00109438,17117.5,343.187,617.182,0.01,0.95,10,10000,0.938,0.139,4096,2842,0.0175425,0,0.693848
2348,10000,20.2778,17.7828,23.7137,0.0799973,0.0630957,0.1,0.0729467,0.05,0.1,0.747441,0.7,0.8,0.00109438,13180.8,316.904,475.242,0.01,0.95,10,10000,0.938,0.139,3154,2045,0.0206803,0,0.648383
2349,10000,20.2393,17.7828,23.7137,0.0801007,0.0630957,0.1,0.0721231,0.05,0.1,0.847884,0.8,0.9,0.00109438,10272.2,289.214,370.369,0.01,0.95,10,10000,0.938,0.139,2458,1523,0.0239637,0,0.619609
2350,10000,20.2891,17.7828,23.7137,0.0795174,0.0630957,0.1,0.0718159,0.05,0.1,0.946551,0.9,1,0.00109438,7990.41,265.369,288.098,0.01,0.95,10,10000,0.938,0.139,1912,1121,0.027932,0,0.586297
2351,10000,20.2683,17.7828,23.7137,0.0795865,0.0630957,0.1,0.0712025,0.05,0.1,1.20919,1,1.5,0.00547192,4541.83,88.1207,163.758,0.01,0.95,10,10000,0.938,0.139,5434,3255,0.0163919,0,0.599006
2352,10000,20.1265,17.7828,23.7137,0.079778,0.0630957,0.1,0.121829,0.1,0.15,0.0671779,0,0.1,0.00109438,3606.55,163.506,130.036,0.01,0.95,10,10000,0.938,0.139,863,570,0.0391712,0,0.660487
2353,10000,20.2578,17.7828,23.7137,0.0791194,0.0630957,0.1,0.120911,0.1,0.15,0.155371,0.1,0.2,0.00109438,9691.3,264.751,349.425,0.01,0.95,10,10000,0.938,0.139,2319,1557,0.0237006,0,0.67141
2354,10000,20.1666,17.7828,23.7137,0.0794405,0.0630957,0.1,0.120548,0.1,0.15,0.25127,0.2,0.3,0.00109438,13740.8,317.041,495.433,0.01,0.95,10,10000,0.938,0.139,3288,2191,0.0199794,0,0.666363
2355,10000,20.1746,17.7828,23.7137,0.0794762,0.0630957,0.1,0.121287,0.1,0.15,0.349718,0.3,0.4,0.00109438,14626.8,319.599,527.377,0.01,0.95,10,10000,0.938,0.139,3500,2405,0.0190698,0,0.687143
2356,10000,20.2427,17.7828,23.7137,0.079647,0.0630957,0.1,0.121408,0.1,0.15,0.448855,0.4,0.5,0.00109438,13168.3,308.459,474.79,0.01,0.95,10,10000,0.938,0.139,3151,2117,0.0203256,0,0.67185
2357,10000,20.1087,17.7828,23.7137,0.0797497,0.0630957,0.1,0.120796,0.1,0.15,0.548579,0.5,0.6,0.00109438,10694.3,281.951,385.588,0.01,0.95,10,10000,0.938,0.139,2559,1687,0.0227692,0,0.659242
2358,10000,20.2829,17.7828,23.7137,0.0800896,0.0630957,0.1,0.121666,0.1,0.15,0.64769,0.6,0.7,0.00109438,8909.81,256.334,321.248,0.01,0.95,10,10000,0.938,0.139,2132,1413,0.024879,0,0.662758
2359,10000,20.2606,17.7828,23.7137,0.079938,0.0630957,0.1,0.122038,0.1,0.15,0.748005,0.7,0.8,0.00109438,6753.4,226.965,243.497,0.01,0.95,10,10000,0.938,0.139,1616,1047,0.0289022,0,0.647896
2360,10000,20.2041,17.7828,23.7137,0.0795204,0.0630957,0.1,0.12219,0.1,0.15,0.847995,0.8,0.9,0.00109438,5186.25,201.119,186.993,0.01,0.95,10,10000,0.938,0.139,1241,792,0.0332309,0,0.638195
2361,10000,20.2769,17.7828,23.7137,0.0793764,0.0630957,0.1,0.121232,0.1,0.15,0.946035,0.9,1,0.00109438,4229.24,179.34,152.487,0.01,0.95,10,10000,0.938,0.139,1012,657,0.0364856,0,0.649209
2362,10000,20.2236,17.7828,23.7137,0.0792932,0.0630957,0.1,0.122996,0.1,0.15,1.21375,1,1.5,0.00547192,2328.59,62.7701,83.9584,0.01,0.95,10,10000,0.938,0.139,2786,1681,0.0228098,0,0.603374
2363,10000,20.2279,17.7828,23.7137,0.0803815,0.0630957,0.1,0.17067,0.15,0.2,0.06594,0,0.1,0.00109438,1550.44,124.35,55.902,0.01,0.95,10,10000,0.938,0.139,371,199,0.0662946,0,0.536388
2364,10000,20.1958,17.7828,23.7137,0.0792482,0.0630957,0.1,0.171272,0.15,0.2,0.154032,0.1,0.2,0.00109438,4605.35,215.334,166.048,0.01,0.95,10,10000,0.938,0.139,1102,587,0.0385998,0,0.532668
2365,10000,20.0813,17.7828,23.7137,0.0797399,0.0630957,0.1,0.171327,0.15,0.2,0.252524,0.2,0.3,0.00109438,6607.14,253.841,238.224,0.01,0.95,10,10000,0.938,0.139,1581,862,0.031853,0,0.545225
2366,10000,20.2063,17.7828,23.7137,0.0799087,0.0630957,0.1,0.172213,0.15,0.2,0.351414,0.3,0.4,0.00109438,7217.28,260.844,260.223,0.01,0.95,10,10000,0.938,0.139,1727,965,0.0301051,0,0.558772
2367,10000,20.1482,17.7828,23.7137,0.0797136,0.0630957,0.1,0.171981,0.15,0.2,0.448942,0.4,0.5,0.00109438,6987.43,257.09,251.935,0.01,0.95,10,10000,0.938,0.139,1672,932,0.0306335,0,0.557416
2368,10000,20.2037,17.7828,23.7137,0.0802697,0.0630957,0.1,0.171844,0.15,0.2,0.547433,0.5,0.6,0.00109438,6243.56,235.512,225.115,0.01,0.95,10,10000,0.938,0.139,1494,871,0.031688,0,0.582999
2369,10000,20.2409,17.7828,23.7137,0.0801473,0.0630957,0.1,0.171404,0.15,0.2,0.648271,0.6,0.7,0.00109438,4851.92,215.654,174.938,0.01,0.95,10,10000,0.938,0.139,1161,641,0.0369382,0,0.55211
2370,10000,20.1795,17.7828,23.7137,0.079731,0.0630957,0.1,0.172416,0.15,0.2,0.747181,0.7,0.8,0.00109438,4016.1,190.87,144.803,0.01,0.95,10,10000,0.938,0.139,961,552,0.0398047,0,0.574402
2371,10000,20.2477,17.7828,23.7137,0.0792573,0.0630957,0.1,0.17171,0.15,0.2,0.84982,0.8,0.9,0.00109438,3276.4,172.219,118.132,0.01,0.95,10,10000,0.938,0.139,784,451,0.0440368,0,0.575255
2372,10000,20.1833,17.7828,23.7137,0.0793015,0.0630957,0.1,0.171934,0.15,0.2,0.947452,0.9,1,0.00109438,2599.39,154.247,93.7224,0.01,0.95,10,10000,0.938,0.139,622,355,0.0496353,0,0.57074
2373,10000,20.3035,17.7828,23.7137,0.079779,0.0630957,0.1,0.171396,0.15,0.2,1.21937,1,1.5,0.00547192,1455.99,51.708,52.4966,0.01,0.95,10,10000,0.938,0.139,1742,992,0.0296926,0,0.56946
2374,10000,19.9797,17.7828,23.7137,0.0796893,0.0630957,0.1,0.222008,0.2,0.25,0.0659057,0,0.1,0.00109438,798.206,98.0034,28.7797,0.01,0.95,10,10000,0.938,0.139,191,89,0.099131,0,0.465969
2375,10000,20.0611,17.7828,23.7137,0.0800782,0.0630957,0.1,0.222798,0.2,0.25,0.157843,0.1,0.2,0.00109438,2352.83,163.92,84.8323,0.01,0.95,10,10000,0.938,0.139,563,273,0.0566009,0,0.484902
2376,10000,20.0397,17.7828,23.7137,0.0797112,0.0630957,0.1,0.221615,0.2,0.25,0.249998,0.2,0.3,0.00109438,3518.79,199.91,126.872,0.01,0.95,10,10000,0.938,0.139,842,410,0.0461862,0,0.486936
2377,10000,20.1789,17.7828,23.7137,0.0801719,0.0630957,0.1,0.22301,0.2,0.25,0.348677,0.3,0.4,0.00109438,4016.1,211.759,144.803,0.01,0.95,10,10000,0.938,0.139,961,474,0.0429552,0,0.493236
2378,10000,20.0827,17.7828,23.7137,0.0796875,0.0630957,0.1,0.222281,0.2,0.25,0.450333,0.4,0.5,0.00109438,4041.18,217.866,145.707,0.01,0.95,10,10000,0.938,0.139,967,459,0.0436514,0,0.474664
2379,10000,20.1291,17.7828,23.7137,0.0799364,0.0630957,0.1,0.222118,0.2,0.25,0.549449,0.5,0.6,0.00109438,3681.78,205.434,132.748,0.01,0.95,10,10000,0.938,0.139,881,426,0.0453106,0,0.483541
2380,10000,20.1777,17.7828,23.7137,0.0797951,0.0630957,0.1,0.222903,0.2,0.25,0.652118,0.6,0.7,0.00109438,3167.75,192.118,114.215,0.01,0.95,10,10000,0.938,0.139,758,362,0.049153,0,0.477573
2381,10000,20.4416,17.7828,23.7137,0.0794231,0.0630957,0.1,0.223884,0.2,0.25,0.750649,0.7,0.8,0.00109438,2570.14,164.137,92.6677,0.01,0.95,10,10000,0.938,0.139,615,318,0.0524434,0,0.517073
2382,10000,20.3902,17.7828,23.7137,0.0801492,0.0630957,0.1,0.222937,0.2,0.25,0.847024,0.8,0.9,0.00109438,2118.8,151.033,76.3943,0.01,0.95,10,10000,0.938,0.139,507,257,0.0583362,0,0.506903
2383,10000,20.3469,17.7828,23.7137,0.0794701,0.0630957,0.1,0.221679,0.2,0.25,0.949856,0.9,1,0.00109438,1550.44,133.999,55.902,0.01,0.95,10,10000,0.938,0.139,371,178,0.0700962,0,0.479784
2384,10000,20.3643,17.7828,23.7137,0.0795156,0.0630957,0.1,0.222915,0.2,0.25,1.21359,1,1.5,0.00547192,956.175,44.851,34.4754,0.01,0.95,10,10000,0.938,0.139,1144,590,0.0385016,0,0.515734
2385,10000,19.7977,17.7828,23.7137,0.0805505,0.0630957,0.1,0.272216,0.25,0.3,0.064972,0,0.1,0.00109438,530.744,82.8183,19.1362,0.01,0.95,10,10000,0.938,0.139,127,56,0.124971,0,0.440945
2386,10000,20.0507,17.7828,23.7137,0.0809653,0.0630957,0.1,0.269247,0.25,0.3,0.153054,0.1,0.2,0.00109438,1316.41,125.18,47.4639,0.01,0.95,10,10000,0.938,0.139,315,148,0.076873,0,0.469841
2387,10000,20.044,17.7828,23.7137,0.0808126,0.0630957,0.1,0.271902,0.25,0.3,0.253251,0.2,0.3,0.00109438,1926.56,156.935,69.4631,0.01,0.95,10,10000,0.938,0.139,461,205,0.0653172,0,0.444685
2388,10000,20.1069,17.7828,23.7137,0.0805292,0.0630957,0.1,0.272665,0.25,0.3,0.350069,0.3,0.4,0.00109438,2315.21,169.108,83.4762,0.01,0.95,10,10000,0.938,0.139,554,253,0.0587955,0,0.456679
2389,10000,20.1685,17.7828,23.7137,0.0803981,0.0630957,0.1,0.273454,0.25,0.3,0.452808,0.4,0.5,0.00109438,2716.41,194.163,97.9414,0.01,0.95,10,10000,0.938,0.139,650,271,0.0568093,0,0.416923
2390,10000,20.4023,17.7828,23.7137,0.0797941,0.0630957,0.1,0.27159,0.25,0.3,0.548166,0.5,0.6,0.00109438,2377.9,176.154,85.7364,0.01,0.95,10,10000,0.938,0.139,569,249,0.0592659,0,0.43761
2391,10000,20.1112,17.7828,23.7137,0.080776,0.0630957,0.1,0.272671,0.25,0.3,0.650273,0.6,0.7,0.00109438,2135.51,159.043,76.997,0.01,0.95,10,10000,0.938,0.139,511,241,0.0602415,0,0.471624
2392,10000,20.3368,17.7828,23.7137,0.0813957,0.0630957,0.1,0.272628,0.25,0.3,0.750882,0.7,0.8,0.00109438,1738.5,141.702,62.6825,0.01,0.95,10,10000,0.938,0.139,416,200,0.0661286,0,0.480769
2393,10000,20.0587,17.7828,23.7137,0.0801146,0.0630957,0.1,0.272315,0.25,0.3,0.851338,0.8,0.9,0.00109438,1404.17,126.596,50.6282,0.01,0.95,10,10000,0.938,0.139,336,163,0.0732505,0,0.485119
2394,10000,20.2361,17.7828,23.7137,0.081201,0.0630957,0.1,0.2722,0.25,0.3,0.947157,0.9,1,0.00109438,1174.32,121.25,42.3408,0.01,0.95,10,10000,0.938,0.139,281,127,0.0829856,0,0.451957
2395,10000,20.0763,17.7828,23.7137,0.0799485,0.0630957,0.1,0.273644,0.25,0.3,1.2062,1,1.5,0.00547192,654.445,38.1767,23.5964,0.01,0.95,10,10000,0.938,0.139,783,387,0.0475389,0,0.494253
2396,10000,20.2404,17.7828,23.7137,0.0782763,0.0630957,0.1,0.341476,0.3,0.4,0.063271,0,0.1,0.00218877,250.745,43.9611,9.04075,0.01,0.95,10,10000,0.938,0.139,120,46,0.137888,0,0.383333
2397,10000,20.0352,17.7828,23.7137,0.0795843,0.0630957,0.1,0.345234,0.3,0.4,0.158584,0.1,0.2,0.00218877,737.609,77.2828,26.5949,0.01,0.95,10,10000,0.938,0.139,353,130,0.0820225,0,0.368272
2398,10000,20.065,17.7828,23.7137,0.081251,0.0630957,0.1,0.341512,0.3,0.4,0.2499,0.2,0.3,0.00218877,1101.19,89.1393,39.7039,0.01,0.95,10,10000,0.938,0.139,527,213,0.0640788,0,0.404175
2399,10000,20.2673,17.7828,23.7137,0.0810173,0.0630957,0.1,0.341971,0.3,0.4,0.350576,0.3,0.4,0.00218877,1245.37,88.3698,44.9024,0.01,0.95,10,10000,0.938,0.139,596,269,0.0570201,0,0.451342
2400,10000,19.995,17.7828,23.7137,0.0803972,0.0630957,0.1,0.34167,0.3,0.4,0.452175,0.4,0.5,0.00218877,1343.58,96.1228,48.4433,0.01,0.95,10,10000,0.938,0.139,643,270,0.0569144,0,0.419907
2401,10000,20.4068,17.7828,23.7137,0.0787116,0.0630957,0.1,0.343693,0.3,0.4,0.548848,0.5,0.6,0.00218877,1287.16,97.0995,46.4092,0.01,0.95,10,10000,0.938,0.139,616,246,0.0596262,0,0.399351
2402,10000,20.277,17.7828,23.7137,0.0797874,0.0630957,0.1,0.339278,0.3,0.4,0.647396,0.6,0.7,0.00218877,1088.65,86.4674,39.2519,0.01,0.95,10,10000,0.938,0.139,521,219,0.0631949,0,0.420345
2403,10000,20.2609,17.7828,23.7137,0.08008,0.0630957,0.1,0.343655,0.3,0.4,0.75238,0.7,0.8,0.00218877,892.235,76.2626,32.17,0.01,0.95,10,10000,0.938,0.139,427,187,0.0683886,0,0.437939
2404,10000,20.2597,17.7828,23.7137,0.0810553,0.0630957,0.1,0.342182,0.3,0.4,0.848828,0.8,0.9,0.00218877,743.877,68.2093,26.8209,0.01,0.95,10,10000,0.938,0.139,356,161,0.0737041,0,0.452247
2405,10000,20.1592,17.7828,23.7137,0.0807475,0.0630957,0.1,0.342297,0.3,0.4,0.947263,0.9,1,0.00218877,654.027,63.538,23.5813,0.01,0.95,10,10000,0.938,0.139,313,143,0.0782053,0,0.456869
2406,10000,20.1441,17.7828,23.7137,0.0799804,0.0630957,0.1,0.342761,0.3,0.4,1.20923,1,1.5,0.0109438,399.103,24.0377,14.3899,0.01,0.95,10,10000,0.938,0.139,955,385,0.0476622,0,0.403141
2407,10000,20.132,17.7828,23.7137,0.0836678,0.0630957,0.1,0.447059,0.4,0.5,0.066656,0,0.1,0.00218877,110.746,32.551,3.993,0.01,0.95,10,10000,0.938,0.139,53,17,0.226819,0,0.320755
2408,10000,20.0488,17.7828,23.7137,0.0807132,0.0630957,0.1,0.443211,0.4,0.5,0.151066,0.1,0.2,0.00218877,296.715,46.4703,10.6982,0.01,0.95,10,10000,0.938,0.139,142,57,0.12387,0,0.401408
2409,10000,20.3513,17.7828,23.7137,0.0793013,0.0630957,0.1,0.444418,0.4,0.5,0.253143,0.2,0.3,0.00218877,445.073,57.9767,16.0473,0.01,0.95,10,10000,0.938,0.139,213,83,0.102652,0,0.389671
2410,10000,20.2064,17.7828,23.7137,0.0791864,0.0630957,0.1,0.441056,0.4,0.5,0.34899,0.3,0.4,0.00218877,491.043,61.9808,17.7048,0.01,0.95,10,10000,0.938,0.139,235,89,0.099131,0,0.378723
2411,10000,20.0905,17.7828,23.7137,0.0784021,0.0630957,0.1,0.440576,0.4,0.5,0.447396,0.4,0.5,0.00218877,507.759,59.8484,18.3075,0.01,0.95,10,10000,0.938,0.139,243,100,0.09352,0,0.411523
2412,10000,20.2022,17.7828,23.7137,0.0801962,0.0630957,0.1,0.43892,0.4,0.5,0.55173,0.5,0.6,0.00218877,562.087,61.8105,20.2663,0.01,0.95,10,10000,0.938,0.139,269,114,0.0875895,0,0.423792
2413,10000,20.2083,17.7828,23.7137,0.0792668,0.0630957,0.1,0.443679,0.4,0.5,0.650656,0.6,0.7,0.00218877,562.087,71.5072,20.2663,0.01,0.95,10,10000,0.938,0.139,269,90,0.0985787,0,0.334572
2414,10000,20.202,17.7828,23.7137,0.0818401,0.0630957,0.1,0.443697,0.4,0.5,0.750422,0.7,0.8,0.00218877,495.222,60.088,17.8555,0.01,0.95,10,10000,0.938,0.139,237,95,0.0959495,0,0.400844
2415,10000,19.9285,17.7828,23.7137,0.0803705,0.0630957,0.1,0.444463,0.4,0.5,0.852259,0.8,0.9,0.00218877,415.819,53.2976,14.9926,0.01,0.95,10,10000,0.938,0.139,199,84,0.102039,0,0.422111
2416,10000,19.8793,17.7828,23.7137,0.0791304,0.0630957,0.1,0.441946,0.4,0.5,0.94874,0.9,1,0.00218877,321.79,49.8184,11.6023,0.01,0.95,10,10000,0.938,0.139,154,59,0.121753,0,0.383117
2417,10000,20.2692,17.7828,23.7137,0.0789237,0.0630957,0.1,0.442229,0.4,0.5,1.22349,1,1.5,0.0109438,211.044,17.7303,7.6093,0.01,0.95,10,10000,0.938,0.139,505,199,0.0662946,0,0.394059
2418,10000,19.9312,17.7828,23.7137,0.0735438,0.0630957,0.1,0.559175,0.5,0.6,0.0675469,0,0.1,0.00218877,39.7013,19.6713,1.43145,0.01,0.95,10,10000,0.938,0.139,19,6,0.381794,0,0.315789
2419,10000,19.8814,17.7828,23.7137,0.0696156,0.0630957,0.1,0.53493,0.5,0.6,0.153514,0.1,0.2,0.00218877,112.835,37.2094,4.06834,0.01,0.95,10,10000,0.938,0.139,54,14,0.249943,0,0.259259
2420,10000,20.2292,17.7828,23.7137,0.0802707,0.0630957,0.1,0.544458,0.5,0.6,0.249607,0.2,0.3,0.00218877,162.984,40.4748,5.87649,0.01,0.95,10,10000,0.938,0.139,78,24,0.190897,0,0.307692
2421,10000,20.3264,17.7828,23.7137,0.0802414,0.0630957,0.1,0.541651,0.5,0.6,0.351013,0.3,0.4,0.00218877,179.701,42.9432,6.4792,0.01,0.95,10,10000,0.938,0.139,86,26,0.183408,0,0.302326
2422,10000,20.3641,17.7828,23.7137,0.0797236,0.0630957,0.1,0.535175,0.5,0.6,0.444121,0.4,0.5,0.00218877,252.835,54.0959,9.11609,0.01,0.95,10,10000,0.938,0.139,121,33,0.162797,0,0.272727
2423,10000,20.4136,17.7828,23.7137,0.0775352,0.0630957,0.1,0.538348,0.5,0.6,0.551644,0.5,0.6,0.00218877,275.82,52.3604,9.94482,0.01,0.95,10,10000,0.938,0.139,132,41,0.146054,0,0.310606
2424,10000,19.9641,17.7828,23.7137,0.0775703,0.0630957,0.1,0.542508,0.5,0.6,0.648969,0.6,0.7,0.00218877,229.85,44.1529,8.28735,0.01,0.95,10,10000,0.938,0.139,110,39,0.149752,0,0.354545
2425,10000,20.8253,17.7828,23.7137,0.0796347,0.0630957,0.1,0.546178,0.5,0.6,0.754853,0.7,0.8,0.00218877,202.686,44.999,7.30794,0.01,0.95,10,10000,0.938,0.139,97,30,0.170743,0,0.309278
2426,10000,20.4838,17.7828,23.7137,0.0788128,0.0630957,0.1,0.541862,0.5,0.6,0.859748,0.8,0.9,0.00218877,196.417,44.3628,7.08192,0.01,0.95,10,10000,0.938,0.139,94,29,0.173662,0,0.308511
2427,10000,20.3409,17.7828,23.7137,0.0757336,0.0630957,0.1,0.556928,0.5,0.6,0.94752,0.9,1,0.00218877,150.447,40.1296,5.42445,0.01,0.95,10,10000,0.938,0.139,72,21,0.204077,0,0.291667
2428,10000,20.289,17.7828,23.7137,0.0772072,0.0630957,0.1,0.541143,0.5,0.6,1.21433,1,1.5,0.0109438,102.388,13.3532,3.69164,0.01,0.95,10,10000,0.938,0.139,245,85,0.101437,0,0.346939
2429,10000,21.2347,17.7828,23.7137,0.0797897,0.0630957,0.1,0.666329,0.6,0.7,0.066393,0,0.1,0.00218877,20.8954,26.936,0.753396,0.01,0.95,10,10000,0.938,0.139,10,1,0.9352,0,0.1
2430,10000,20.3887,17.7828,23.7137,0.0772437,0.0630957,0.1,0.642292,0.6,0.7,0.15276,0.1,0.2,0.00218877,56.4177,26.311,2.03417,0.01,0.95,10,10000,0.938,0.139,27,7,0.353472,0,0.259259
2431,10000,20.2937,17.7828,23.7137,0.0730075,0.0630957,0.1,0.649781,0.6,0.7,0.245357,0.2,0.3,0.00218877,87.7608,42.0027,3.16426,0.01,0.95,10,10000,0.938,0.139,42,7,0.353472,0,0.166667
2432,10000,20.4155,17.7828,23.7137,0.0720128,0.0630957,0.1,0.645683,0.6,0.7,0.368427,0.3,0.4,0.00218877,114.925,48.5486,4.14368,0.01,0.95,10,10000,0.938,0.139,55,9,0.311733,0,0.163636
2433,10000,19.926,17.7828,23.7137,0.0748831,0.0630957,0.1,0.633169,0.6,0.7,0.446552,0.4,0.5,0.00218877,125.373,50.2028,4.52037,0.01,0.95,10,10000,0.938,0.139,60,10,0.295736,0,0.166667
2434,10000,20.6402,17.7828,23.7137,0.0746538,0.0630957,0.1,0.635613,0.6,0.7,0.546153,0.5,0.6,0.00218877,129.552,55.0021,4.67105,0.01,0.95,10,10000,0.938,0.139,62,9,0.311733,0,0.145161
2435,10000,21.1885,17.7828,23.7137,0.0721132,0.0630957,0.1,0.643433,0.6,0.7,0.6421,0.6,0.7,0.00218877,114.925,60.3362,4.14368,0.01,0.95,10,10000,0.938,0.139,55,6,0.381794,0,0.109091
2436,10000,20.519,17.7828,23.7137,0.0728144,0.0630957,0.1,0.618011,0.6,0.7,0.745722,0.7,0.8,0.00218877,87.7608,39.0339,3.16426,0.01,0.95,10,10000,0.938,0.139,42,8,0.330643,0,0.190476
2437,10000,21.6017,17.7828,23.7137,0.0767094,0.0630957,0.1,0.644069,0.6,0.7,0.85701,0.8,0.9,0.00218877,96.119,40.2488,3.46562,0.01,0.95,10,10000,0.938,0.139,46,9,0.311733,0,0.195652
2438,10000,20.5092,17.7828,23.7137,0.0848555,0.0630957,0.1,0.639802,0.6,0.7,0.969738,0.9,1,0.00218877,83.5817,47.8665,3.01358,0.01,0.95,10,10000,0.938,0.139,40,5,0.418234,0,0.125
2439,10000,20.6223,17.7828,23.7137,0.0748401,0.0630957,0.1,0.639537,0.6,0.7,1.20293,1,1.5,0.0109438,51.4028,12.6085,1.85335,0.01,0.95,10,10000,0.938,0.139,123,26,0.183408,0,0.211382
2440,10000,23.013,17.7828,23.7137,0.0718804,0.0630957,0.1,0.718228,0.7,0.8,0.156226,0.1,0.2,0.00218877,20.8954,26.936,0.753396,0.01,0.95,10,10000,0.938,0.139,10,1,0.9352,0,0.1
2441,10000,20.7583,17.7828,23.7137,0.0717001,0.0630957,0.1,0.719029,0.7,0.8,0.234667,0.2,0.3,0.00218877,52.2386,47.8665,1.88349,0.01,0.95,10,10000,0.938,0.139,25,2,0.661286,0,0.08
2442,10000,21.2079,17.7828,23.7137,0.0748122,0.0630957,0.1,0.708167,0.7,0.8,0.378346,0.3,0.4,0.00218877,35.5222,32.2285,1.28077,0.01,0.95,10,10000,0.938,0.139,17,2,0.661286,0,0.117647
2443,10000,21.548,17.7828,23.7137,0.0720947,0.0630957,0.1,0.701264,0.7,0.8,0.471424,0.4,0.5,0.00218877,43.8804,57.34,1.58213,0.01,0.95,10,10000,0.938,0.139,21,1,0.9352,0,0.047619
2444,10000,21.6823,17.7828,23.7137,0.0719225,0.0630957,0.1,0.763634,0.7,0.8,0.579666,0.5,0.6,0.00218877,45.97,33.8843,1.65747,0.01,0.95,10,10000,0.938,0.139,22,3,0.539938,0,0.136364
2445,10000,19.9006,17.7828,23.7137,0.0811597,0.0630957,0.1,0.70459,0.7,0.8,0.64312,0.6,0.7,0.00218877,58.5072,76.686,2.10951,0.01,0.95,10,10000,0.938,0.139,28,1,0.9352,0,0.0357143
2446,10000,20.0634,17.7828,23.7137,0.0797049,0.0630957,0.1,0.721455,0.7,0.8,0.749233,0.7,0.8,0.00218877,25.0745,32.4646,0.904075,0.01,0.95,10,10000,0.938,0.139,12,1,0.9352,0,0.0833333
2447,10000,19.6992,17.7828,23.7137,0.0738402,0.0630957,0.1,0.7359,0.7,0.8,0.844827,0.8,0.9,0.00218877,37.6118,34.1835,1.35611,0.01,0.95,10,10000,0.938,0.139,18,2,0.661286,0,0.111111
2448,10000,20.0706,17.7828,23.7137,0.0698752,0.0630957,0.1,0.728663,0.7,0.8,0.986971,0.9,1,0.00218877,43.8804,40.048,1.58213,0.01,0.95,10,10000,0.938,0.139,21,2,0.661286,0,0.0952381
2449,10000,20.8501,17.7828,23.7137,0.0723211,0.0630957,0.1,0.746356,0.7,0.8,1.19908,1,1.5,0.0109438,26.3282,11.9138,0.949278,0.01,0.95,10,10000,0.938,0.139,63,8,0.330643,0,0.126984
2450,10000,23.1449,17.7828,23.7137,0.0664043,0.0630957,0.1,0.831974,0.8,0.9,0.230281,0.2,0.3,0.00218877,37.6118,49.0485,1.35611,0.01,0.95,10,10000,0.938,0.139,18,1,0.9352,0,0.0555556
2451,10000,22.6009,17.7828,23.7137,0.0676542,0.0630957,0.1,0.833773,0.8,0.9,0.319653,0.3,0.4,0.00218877,22.985,29.7004,0.828735,0.01,0.95,10,10000,0.938,0.139,11,1,0.9352,0,0.0909091
2452,10000,23.3351,17.7828,23.7137,0.0726906,0.0630957,0.1,0.803274,0.8,0.9,0.963691,0.9,1,0.00218877,27.1641,24.4072,0.979414,0.01,0.95,10,10000,0.938,0.139,13,2,0.661286,0,0.153846
2453,10000,20.5914,17.7828,23.7137,0.0675435,0.0630957,0.1,0.810201,0.8,0.9,1.09453,1,1.5,0.0109438,15.4626,14.2639,0.557513,0.01,0.95,10,10000,0.938,0.139,37,2,0.661286,0,0.0540541
2454,10000,20.1549,17.7828,23.7137,0.160868,0.1,0.251189,0.0686912,0.05,0.1,0.0660145,0,0.1,0.00448346,5181.03,101.995,186.805,0.01,0.95,10,10000,0.938,0.139,5079,3125,0.0167294,0,0.615279
2455,10000,20.1512,17.7828,23.7137,0.163824,0.1,0.251189,0.0692232,0.05,0.1,0.154206,0.1,0.2,0.00448346,13604.9,162.937,490.533,0.01,0.95,10,10000,0.938,0.139,13337,8369,0.0102227,0,0.627502
2456,10000,20.1452,17.7828,23.7137,0.163298,0.1,0.251189,0.0698348,0.05,0.1,0.250937,0.2,0.3,0.00448346,17239.5,178.645,621.579,0.01,0.95,10,10000,0.938,0.139,16900,10992,0.00892002,0,0.650414
2457,10000,20.1816,17.7828,23.7137,0.164146,0.1,0.251189,0.0704227,0.05,0.1,0.349231,0.3,0.4,0.00448346,16153.1,170.543,582.409,0.01,0.95,10,10000,0.938,0.139,15835,10493,0.00912966,0,0.662646
2458,10000,20.1851,17.7828,23.7137,0.163654,0.1,0.251189,0.0707191,0.05,0.1,0.447993,0.4,0.5,0.00448346,13355,154.17,481.522,0.01,0.95,10,10000,0.938,0.139,13092,8743,0.0100017,0,0.667812
2459,10000,20.2221,17.7828,23.7137,0.164029,0.1,0.251189,0.0713066,0.05,0.1,0.547737,0.5,0.6,0.00448346,10169.3,133.02,366.658,0.01,0.95,10,10000,0.938,0.139,9969,6758,0.0113762,0,0.677901
2460,10000,20.2019,17.7828,23.7137,0.16309,0.1,0.251189,0.0712719,0.05,0.1,0.64776,0.6,0.7,0.00448346,7811.84,116.406,281.66,0.01,0.95,10,10000,0.938,0.139,7658,5202,0.0129664,0,0.67929
2461,10000,20.2597,17.7828,23.7137,0.164485,0.1,0.251189,0.0718747,0.05,0.1,0.747407,0.7,0.8,0.00448346,5995.06,102.895,216.155,0.01,0.95,10,10000,0.938,0.139,5877,3945,0.0148895,0,0.671261
2462,10000,20.2319,17.7828,23.7137,0.164219,0.1,0.251189,0.0722519,0.05,0.1,0.846864,0.8,0.9,0.00448346,4427.19,88.2233,159.625,0.01,0.95,10,10000,0.938,0.139,4340,2922,0.0173007,0,0.673272
2463,10000,20.2825,17.7828,23.7137,0.162183,0.1,0.251189,0.0720474,0.05,0.1,0.947352,0.9,1,0.00448346,3371.4,77.9143,121.557,0.01,0.95,10,10000,0.938,0.139,3305,2190,0.019984,0,0.662632
2464,10000,20.234,17.7828,23.7137,0.161662,0.1,0.251189,0.0721547,0.05,0.1,1.21142,1,1.5,0.0224173,1822.7,25.3222,65.7182,0.01,0.95,10,10000,0.938,0.139,8934,6013,0.0120603,0,0.673047
2465,10000,20.1435,17.7828,23.7137,0.166419,0.1,0.251189,0.1207,0.1,0.15,0.0673584,0,0.1,0.00448346,1801.48,65.5733,64.9532,0.01,0.95,10,10000,0.938,0.139,1766,961,0.0301677,0,0.544168
2466,10000,20.0862,17.7828,23.7137,0.168682,0.1,0.251189,0.121789,0.1,0.15,0.154436,0.1,0.2,0.00448346,5075.96,112.284,183.016,0.01,0.95,10,10000,0.938,0.139,4976,2630,0.0182359,0,0.528537
2467,10000,20.0892,17.7828,23.7137,0.16935,0.1,0.251189,0.121434,0.1,0.15,0.252288,0.2,0.3,0.00448346,6995.77,131.075,252.236,0.01,0.95,10,10000,0.938,0.139,6858,3655,0.0154689,0,0.532954
2468,10000,20.0418,17.7828,23.7137,0.169234,0.1,0.251189,0.121722,0.1,0.15,0.349445,0.3,0.4,0.00448346,7324.24,129.599,264.079,0.01,0.95,10,10000,0.938,0.139,7180,4022,0.0147463,0,0.560167
2469,10000,20.0894,17.7828,23.7137,0.167001,0.1,0.251189,0.12207,0.1,0.15,0.448348,0.4,0.5,0.00448346,6363.32,122.387,229.433,0.01,0.95,10,10000,0.938,0.139,6238,3429,0.0159706,0,0.549695
2470,10000,20.1533,17.7828,23.7137,0.166973,0.1,0.251189,0.121857,0.1,0.15,0.548893,0.5,0.6,0.00448346,5241.22,109.848,188.975,0.01,0.95,10,10000,0.938,0.139,5138,2870,0.0174568,0,0.558583
2471,10000,20.1199,17.7828,23.7137,0.165358,0.1,0.251189,0.121944,0.1,0.15,0.648038,0.6,0.7,0.00448346,4034.45,94.8312,145.464,0.01,0.95,10,10000,0.938,0.139,3955,2261,0.0196677,0,0.571681
2472,10000,20.0985,17.7828,23.7137,0.16548,0.1,0.251189,0.122368,0.1,0.15,0.747815,0.7,0.8,0.00448346,3035.79,78.9151,109.457,0.01,0.95,10,10000,0.938,0.139,2976,1804,0.0220184,0,0.606183
2473,10000,20.1441,17.7828,23.7137,0.165907,0.1,0.251189,0.121832,0.1,0.15,0.848006,0.8,0.9,0.00448346,2389.05,70.6728,86.1384,0.01,0.95,10,10000,0.938,0.139,2342,1401,0.0249853,0,0.598207
2474,10000,20.1485,17.7828,23.7137,0.16478,0.1,0.251189,0.122244,0.1,0.15,0.948645,0.9,1,0.00448346,1863.7,62.0125,67.1968,0.01,0.95,10,10000,0.938,0.139,1827,1103,0.028159,0,0.603722
2475,10000,20.1972,17.7828,23.7137,0.162905,0.1,0.251189,0.122513,0.1,0.15,1.2134,1,1.5,0.0224173,988.058,19.3535,35.625,0.01,0.95,10,10000,0.938,0.139,4843,3100,0.0167967,0,0.640099
2476,10000,20.0014,17.7828,23.7137,0.17395,0.1,0.251189,0.173121,0.15,0.2,0.0660053,0,0.1,0.00448346,850.754,49.6232,30.6744,0.01,0.95,10,10000,0.938,0.139,834,393,0.0471746,0,0.471223
2477,10000,19.9463,17.7828,23.7137,0.174222,0.1,0.251189,0.172229,0.15,0.2,0.153681,0.1,0.2,0.00448346,2484.94,81.0212,89.5957,0.01,0.95,10,10000,0.938,0.139,2436,1230,0.0266656,0,0.504926
2478,10000,20.0766,17.7828,23.7137,0.172719,0.1,0.251189,0.17166,0.15,0.2,0.251609,0.2,0.3,0.00448346,3552.97,99.1684,128.104,0.01,0.95,10,10000,0.938,0.139,3483,1698,0.0226953,0,0.487511
2479,10000,20.0313,17.7828,23.7137,0.172263,0.1,0.251189,0.171562,0.15,0.2,0.349763,0.3,0.4,0.00448346,4055.87,104.717,146.237,0.01,0.95,10,10000,0.938,0.139,3976,1973,0.0210543,0,0.496227
2480,10000,20.0972,17.7828,23.7137,0.172611,0.1,0.251189,0.17244,0.15,0.2,0.447173,0.4,0.5,0.00448346,3544.81,95.9869,127.81,0.01,0.95,10,10000,0.938,0.139,3475,1776,0.0221913,0,0.511079
2481,10000,20.0741,17.7828,23.7137,0.173509,0.1,0.251189,0.17233,0.15,0.2,0.547557,0.5,0.6,0.00448346,3063.33,92.2901,110.45,0.01,0.95,10,10000,0.938,0.139,3003,1459,0.0244837,0,0.485847
2482,10000,20.105,17.7828,23.7137,0.169901,0.1,0.251189,0.17296,0.15,0.2,0.64975,0.6,0.7,0.00448346,2494.12,81.9497,89.9267,0.01,0.95,10,10000,0.938,0.139,2445,1217,0.0268077,0,0.497751
2483,10000,20.0647,17.7828,23.7137,0.168515,0.1,0.251189,0.172675,0.15,0.2,0.748017,0.7,0.8,0.00448346,1992.23,72.2575,71.831,0.01,0.95,10,10000,0.938,0.139,1953,992,0.0296926,0,0.507937
2484,10000,20.1218,17.7828,23.7137,0.165142,0.1,0.251189,0.17291,0.15,0.2,0.848923,0.8,0.9,0.00448346,1490.35,62.5585,53.7353,0.01,0.95,10,10000,0.938,0.139,1461,741,0.0343554,0,0.507187
2485,10000,20.1066,17.7828,23.7137,0.168634,0.1,0.251189,0.172791,0.15,0.2,0.946523,0.9,1,0.00448346,1192.48,55.1426,42.9956,0.01,0.95,10,10000,0.938,0.139,1169,606,0.0379899,0,0.518392
2486,10000,20.1878,17.7828,23.7137,0.16703,0.1,0.251189,0.172185,0.15,0.2,1.2091,1,1.5,0.0224173,626.947,17.5977,22.6049,0.01,0.95,10,10000,0.938,0.139,3073,1631,0.0231567,0,0.530752
2487,10000,19.9144,17.7828,23.7137,0.177665,0.1,0.251189,0.223761,0.2,0.25,0.0666286,0,0.1,0.00448346,521.266,40.3574,18.7945,0.01,0.95,10,10000,0.938,0.139,511,227,0.0620714,0,0.444227
2488,10000,19.9114,17.7828,23.7137,0.176867,0.1,0.251189,0.222096,0.2,0.25,0.15625,0.1,0.2,0.00448346,1385.28,65.7387,49.947,0.01,0.95,10,10000,0.938,0.139,1358,604,0.0380527,0,0.444772
2489,10000,19.9365,17.7828,23.7137,0.172603,0.1,0.251189,0.222787,0.2,0.25,0.24901,0.2,0.3,0.00448346,2007.54,75.2918,72.3827,0.01,0.95,10,10000,0.938,0.139,1968,945,0.0304221,0,0.480183
2490,10000,19.9102,17.7828,23.7137,0.173974,0.1,0.251189,0.221707,0.2,0.25,0.349328,0.3,0.4,0.00448346,2260.52,82.8215,81.5041,0.01,0.95,10,10000,0.938,0.139,2216,1007,0.0294706,0,0.454422
2491,10000,19.9208,17.7828,23.7137,0.170248,0.1,0.251189,0.223121,0.2,0.25,0.448142,0.4,0.5,0.00448346,2351.31,85.4422,84.7775,0.01,0.95,10,10000,0.938,0.139,2305,1029,0.0291539,0,0.446421
2492,10000,19.9882,17.7828,23.7137,0.17553,0.1,0.251189,0.222367,0.2,0.25,0.548133,0.5,0.6,0.00448346,1993.25,76.0519,71.8678,0.01,0.95,10,10000,0.938,0.139,1954,919,0.0308494,0,0.470317
2493,10000,20.0224,17.7828,23.7137,0.171403,0.1,0.251189,0.223472,0.2,0.25,0.648385,0.6,0.7,0.00448346,1597.46,66.9269,57.5972,0.01,0.95,10,10000,0.938,0.139,1566,756,0.0340129,0,0.482759
2494,10000,20.0731,17.7828,23.7137,0.171065,0.1,0.251189,0.223785,0.2,0.25,0.748103,0.7,0.8,0.00448346,1193.5,56.6483,43.0324,0.01,0.95,10,10000,0.938,0.139,1170,583,0.038732,0,0.498291
2495,10000,19.9368,17.7828,23.7137,0.17056,0.1,0.251189,0.22275,0.2,0.25,0.844943,0.8,0.9,0.00448346,975.205,54.191,35.1615,0.01,0.95,10,10000,0.938,0.139,956,437,0.0447367,0,0.457113
2496,10000,19.9836,17.7828,23.7137,0.170759,0.1,0.251189,0.223259,0.2,0.25,0.950288,0.9,1,0.00448346,798.73,47.8249,28.7986,0.01,0.95,10,10000,0.938,0.139,783,372,0.0484879,0,0.475096
2497,10000,20.0867,17.7828,23.7137,0.170907,0.1,0.251189,0.223032,0.2,0.25,1.21506,1,1.5,0.0224173,429.662,15.5699,15.4917,0.01,0.95,10,10000,0.938,0.139,2106,1012,0.0293978,0,0.480532
2498,10000,19.9204,17.7828,23.7137,0.179635,0.1,0.251189,0.272328,0.25,0.3,0.0638205,0,0.1,0.00448346,288.685,32.6755,10.4087,0.01,0.95,10,10000,0.938,0.139,283,110,0.0891678,0,0.388693
2499,10000,19.6737,17.7828,23.7137,0.179285,0.1,0.251189,0.272272,0.25,0.3,0.155434,0.1,0.2,0.00448346,784.449,52.547,28.2837,0.01,0.95,10,10000,0.938,0.139,769,311,0.0530303,0,0.404421
2500,10000,19.852,17.7828,23.7137,0.173648,0.1,0.251189,0.272448,0.25,0.3,0.251241,0.2,0.3,0.00448346,1252.67,67.6537,45.1656,0.01,0.95,10,10000,0.938,0.139,1228,482,0.0425972,0,0.392508
2501,10000,19.9644,17.7828,23.7137,0.176183,0.1,0.251189,0.273609,0.25,0.3,0.349961,0.3,0.4,0.00448346,1391.4,68.6309,50.1677,0.01,0.95,10,10000,0.938,0.139,1364,569,0.0392056,0,0.417155
2502,10000,19.797,17.7828,23.7137,0.174862,0.1,0.251189,0.272052,0.25,0.3,0.450586,0.4,0.5,0.00448346,1424.04,72.375,51.3447,0.01,0.95,10,10000,0.938,0.139,1396,545,0.0400596,0,0.390401
2503,10000,19.9099,17.7828,23.7137,0.173061,0.1,0.251189,0.272743,0.25,0.3,0.548558,0.5,0.6,0.00448346,1259.81,66.0498,45.4231,0.01,0.95,10,10000,0.938,0.139,1235,506,0.0415747,0,0.409717
2504,10000,20.061,17.7828,23.7137,0.17205,0.1,0.251189,0.272633,0.25,0.3,0.648594,0.6,0.7,0.00448346,1085.37,60.4309,39.1338,0.01,0.95,10,10000,0.938,0.139,1064,446,0.044283,0,0.419173
2505,10000,19.9916,17.7828,23.7137,0.173317,0.1,0.251189,0.274,0.25,0.3,0.746242,0.7,0.8,0.00448346,810.971,52.5599,29.24,0.01,0.95,10,10000,0.938,0.139,795,330,0.0514811,0,0.415094
2506,10000,20.0265,17.7828,23.7137,0.172436,0.1,0.251189,0.274429,0.25,0.3,0.84727,0.8,0.9,0.00448346,709.982,52.515,25.5988,0.01,0.95,10,10000,0.938,0.139,696,260,0.0579986,0,0.373563
2507,10000,20.0582,17.7828,23.7137,0.174559,0.1,0.251189,0.273346,0.25,0.3,0.944455,0.9,1,0.00448346,514.125,41.2535,18.537,0.01,0.95,10,10000,0.938,0.139,504,214,0.0639289,0,0.424603
2508,10000,20.1767,17.7828,23.7137,0.170953,0.1,0.251189,0.273145,0.25,0.3,1.21207,1,1.5,0.0224173,301.13,14.4376,10.8574,0.01,0.95,10,10000,0.938,0.139,1476,605,0.0380213,0,0.409892
2509,10000,19.7895,17.7828,23.7137,0.177356,0.1,0.251189,0.341153,0.3,0.4,0.0682884,0,0.1,0.00896691,148.423,17.5472,5.35147,0.01,0.95,10,10000,0.938,0.139,291,103,0.092148,0,0.353952
2510,10000,19.8202,17.7828,23.7137,0.184254,0.1,0.251189,0.341771,0.3,0.4,0.156303,0.1,0.2,0.00896691,416.196,31.6632,15.0062,0.01,0.95,10,10000,0.938,0.139,816,255,0.0585645,0,0.3125
2511,10000,19.8887,17.7828,23.7137,0.178963,0.1,0.251189,0.33955,0.3,0.4,0.254181,0.2,0.3,0.00896691,573.29,36.0282,20.6703,0.01,0.95,10,10000,0.938,0.139,1124,370,0.0486187,0,0.329181
2512,10000,19.7862,17.7828,23.7137,0.183647,0.1,0.251189,0.341016,0.3,0.4,0.351519,0.3,0.4,0.00896691,792.609,42.9957,28.5779,0.01,0.95,10,10000,0.938,0.139,1554,499,0.0418653,0,0.321107
2513,10000,19.913,17.7828,23.7137,0.179835,0.1,0.251189,0.343168,0.3,0.4,0.450326,0.4,0.5,0.00896691,753.846,40.4962,27.1803,0.01,0.95,10,10000,0.938,0.139,1478,503,0.0416985,0,0.340325
2514,10000,19.7539,17.7828,23.7137,0.180141,0.1,0.251189,0.340891,0.3,0.4,0.547818,0.5,0.6,0.00896691,703.862,39.8301,25.3781,0.01,0.95,10,10000,0.938,0.139,1380,456,0.0437947,0,0.330435
2515,10000,19.717,17.7828,23.7137,0.174858,0.1,0.251189,0.341494,0.3,0.4,0.648608,0.6,0.7,0.00896691,627.355,38.5994,22.6196,0.01,0.95,10,10000,0.938,0.139,1230,389,0.0474165,0,0.31626
2516,10000,19.8316,17.7828,23.7137,0.181678,0.1,0.251189,0.343507,0.3,0.4,0.751698,0.7,0.8,0.00896691,536.057,34.1883,19.3278,0.01,0.95,10,10000,0.938,0.139,1051,357,0.049496,0,0.339676
2517,10000,19.8893,17.7828,23.7137,0.174657,0.1,0.251189,0.340149,0.3,0.4,0.850598,0.8,0.9,0.00896691,442.209,31.7356,15.9441,0.01,0.95,10,10000,0.938,0.139,867,284,0.0554939,0,0.327566
2518,10000,20.183,17.7828,23.7137,0.184175,0.1,0.251189,0.342033,0.3,0.4,0.94396,0.9,1,0.00896691,323.368,28.2591,11.6592,0.01,0.95,10,10000,0.938,0.139,634,194,0.0671434,0,0.305994
2519,10000,19.9908,17.7828,23.7137,0.177692,0.1,0.251189,0.34217,0.3,0.4,1.22168,1,1.5,0.0448346,185.452,9.23293,6.68658,0.01,0.95,10,10000,0.938,0.139,1818,591,0.038469,0,0.325083
2520,10000,19.5455,17.7828,23.7137,0.203037,0.1,0.251189,0.441318,0.4,0.5,0.0707809,0,0.1,0.00896691,63.7556,13.4417,2.29874,0.01,0.95,10,10000,0.938,0.139,125,34,0.160385,0,0.272
2521,10000,19.5041,17.7828,23.7137,0.198716,0.1,0.251189,0.443737,0.4,0.5,0.160591,0.1,0.2,0.00896691,172.395,23.7677,6.21579,0.01,0.95,10,10000,0.938,0.139,338,81,0.103911,0,0.239645
2522,10000,19.5619,17.7828,23.7137,0.191476,0.1,0.251189,0.443932,0.4,0.5,0.252194,0.2,0.3,0.00896691,283.585,29.1613,10.2248,0.01,0.95,10,10000,0.938,0.139,556,144,0.0779333,0,0.258993
2523,10000,19.6664,17.7828,23.7137,0.201017,0.1,0.251189,0.441338,0.4,0.5,0.351108,0.3,0.4,0.00896691,310.617,29.633,11.1995,0.01,0.95,10,10000,0.938,0.139,609,166,0.0725856,0,0.272578
2524,10000,19.5906,17.7828,23.7137,0.198665,0.1,0.251189,0.444467,0.4,0.5,0.448187,0.4,0.5,0.00896691,338.67,30.3612,12.2109,0.01,0.95,10,10000,0.938,0.139,664,187,0.0683886,0,0.281627
2525,10000,19.6122,17.7828,23.7137,0.201526,0.1,0.251189,0.442995,0.4,0.5,0.549748,0.5,0.6,0.00896691,357.031,34.7658,12.8729,0.01,0.95,10,10000,0.938,0.139,700,163,0.0732505,0,0.232857
2526,10000,19.8119,17.7828,23.7137,0.196498,0.1,0.251189,0.443266,0.4,0.5,0.650505,0.6,0.7,0.00896691,315.718,30.804,11.3834,0.01,0.95,10,10000,0.938,0.139,619,160,0.073934,0,0.258481
2527,10000,19.3936,17.7828,23.7137,0.195236,0.1,0.251189,0.441068,0.4,0.5,0.747958,0.7,0.8,0.00896691,262.163,29.4699,9.45242,0.01,0.95,10,10000,0.938,0.139,514,122,0.084669,0,0.237354
2528,10000,19.5867,17.7828,23.7137,0.196869,0.1,0.251189,0.445607,0.4,0.5,0.85561,0.8,0.9,0.00896691,201.978,26.023,7.28241,0.01,0.95,10,10000,0.938,0.139,396,93,0.0969757,0,0.234848
2529,10000,19.5776,17.7828,23.7137,0.183263,0.1,0.251189,0.444891,0.4,0.5,0.943929,0.9,1,0.00896691,176.475,23.0948,6.36291,0.01,0.95,10,10000,0.938,0.139,346,89,0.099131,0,0.257225
2530,10000,19.8289,17.7828,23.7137,0.186057,0.1,0.251189,0.439214,0.4,0.5,1.2191,1,1.5,0.0448346,107.517,8.82854,3.8766,0.01,0.95,10,10000,0.938,0.139,1054,231,0.0615316,0,0.219165
2531,10000,19.9838,17.7828,23.7137,0.226602,0.1,0.251189,0.543234,0.5,0.6,0.0668431,0,0.1,0.00896691,30.6027,12.9756,1.1034,0.01,0.95,10,10000,0.938,0.139,60,9,0.311733,0,0.15
2532,10000,19.1323,17.7828,23.7137,0.221958,0.1,0.251189,0.543293,0.5,0.6,0.161163,0.1,0.2,0.00896691,87.2176,16.9006,3.14468,0.01,0.95,10,10000,0.938,0.139,171,41,0.146054,0,0.239766
2533,10000,19.5623,17.7828,23.7137,0.208643,0.1,0.251189,0.548436,0.5,0.6,0.252055,0.2,0.3,0.00896691,122.411,21.9159,4.41358,0.01,0.95,10,10000,0.938,0.139,240,49,0.1336,0,0.204167
2534,10000,19.5826,17.7828,23.7137,0.21139,0.1,0.251189,0.535487,0.5,0.6,0.349118,0.3,0.4,0.00896691,166.275,27.5614,5.99511,0.01,0.95,10,10000,0.938,0.139,326,58,0.122798,0,0.177914
2535,10000,19.4575,17.7828,23.7137,0.218247,0.1,0.251189,0.543862,0.5,0.6,0.450666,0.4,0.5,0.00896691,167.805,25.2781,6.05028,0.01,0.95,10,10000,0.938,0.139,329,69,0.112585,0,0.209726
2536,10000,19.4234,17.7828,23.7137,0.215486,0.1,0.251189,0.54568,0.5,0.6,0.548874,0.5,0.6,0.00896691,173.415,27.0541,6.25257,0.01,0.95,10,10000,0.938,0.139,340,65,0.115997,0,0.191176
2537,10000,19.6065,17.7828,23.7137,0.220047,0.1,0.251189,0.547126,0.5,0.6,0.651648,0.6,0.7,0.00896691,132.102,21.209,4.76299,0.01,0.95,10,10000,0.938,0.139,259,60,0.120734,0,0.23166
2538,10000,19.5851,17.7828,23.7137,0.217123,0.1,0.251189,0.549984,0.5,0.6,0.74861,0.7,0.8,0.00896691,141.282,21.9665,5.09401,0.01,0.95,10,10000,0.938,0.139,277,64,0.1169,0,0.231047
2539,10000,19.8755,17.7828,23.7137,0.18741,0.1,0.251189,0.537302,0.5,0.6,0.850089,0.8,0.9,0.00896691,100.989,21.5558,3.6412,0.01,0.95,10,10000,0.938,0.139,198,35,0.158078,0,0.176768
2540,10000,19.4252,17.7828,23.7137,0.214445,0.1,0.251189,0.542888,0.5,0.6,0.941741,0.9,1,0.00896691,92.8281,17.1332,3.34697,0.01,0.95,10,10000,0.938,0.139,182,45,0.139411,0,0.247253
2541,10000,19.4187,17.7828,23.7137,0.202761,0.1,0.251189,0.54423,0.5,0.6,1.19931,1,1.5,0.0448346,63.0415,7.00811,2.27299,0.01,0.95,10,10000,0.938,0.139,618,127,0.0829856,0,0.205502
2542,10000,19.9351,17.7828,23.7137,0.235053,0.1,0.251189,0.644708,0.6,0.7,0.0735862,0,0.1,0.00896691,12.7511,5.46465,0.459748,0.01,0.95,10,10000,0.938,0.139,25,8,0.330643,0,0.32
2543,10000,18.8536,17.7828,23.7137,0.219369,0.1,0.251189,0.662303,0.6,0.7,0.152198,0.1,0.2,0.00896691,41.3136,18.8352,1.48958,0.01,0.95,10,10000,0.938,0.139,81,8,0.330643,0,0.0987654
2544,10000,18.9397,17.7828,23.7137,0.221454,0.1,0.251189,0.648764,0.6,0.7,0.248373,0.2,0.3,0.00896691,64.7757,13.9108,2.33552,0.01,0.95,10,10000,0.938,0.139,127,33,0.162797,0,0.259843
2545,10000,19.0977,17.7828,23.7137,0.218839,0.1,0.251189,0.632762,0.6,0.7,0.346602,0.3,0.4,0.00896691,74.4665,17.6975,2.68493,0.01,0.95,10,10000,0.938,0.139,146,28,0.176736,0,0.191781
2546,10000,19.8549,17.7828,23.7137,0.223664,0.1,0.251189,0.645971,0.6,0.7,0.453106,0.4,0.5,0.00896691,88.7478,16.7573,3.19985,0.01,0.95,10,10000,0.938,0.139,174,43,0.142617,0,0.247126
2547,10000,19.5761,17.7828,23.7137,0.2287,0.1,0.251189,0.641203,0.6,0.7,0.541242,0.5,0.6,0.00896691,75.9967,20.6229,2.7401,0.01,0.95,10,10000,0.938,0.139,149,22,0.199385,0,0.147651
2548,10000,19.241,17.7828,23.7137,0.226083,0.1,0.251189,0.639175,0.6,0.7,0.647871,0.6,0.7,0.00896691,67.8359,20.4187,2.44586,0.01,0.95,10,10000,0.938,0.139,133,18,0.220429,0,0.135338
2549,10000,19.7307,17.7828,23.7137,0.212587,0.1,0.251189,0.64918,0.6,0.7,0.744122,0.7,0.8,0.00896691,64.7757,17.4561,2.33552,0.01,0.95,10,10000,0.938,0.139,127,22,0.199385,0,0.173228
2550,10000,19.4063,17.7828,23.7137,0.222455,0.1,0.251189,0.640604,0.6,0.7,0.845992,0.8,0.9,0.00896691,53.5547,13.0026,1.93094,0.01,0.95,10,10000,0.938,0.139,105,26,0.183408,0,0.247619
2551,10000,19.1851,17.7828,23.7137,0.226084,0.1,0.251189,0.638197,0.6,0.7,0.947583,0.9,1,0.00896691,48.4542,15.3317,1.74704,0.01,0.95,10,10000,0.938,0.139,95,16,0.2338,0,0.168421
2552,10000,19.374,17.7828,23.7137,0.206249,0.1,0.251189,0.642541,0.6,0.7,1.2246,1,1.5,0.0448346,31.9288,5.49308,1.15121,0.01,0.95,10,10000,0.938,0.139,313,54,0.127265,0,0.172524
2553,10000,19.2174,17.7828,23.7137,0.216268,0.1,0.251189,0.726382,0.7,0.8,0.0698575,0,0.1,0.00896691,8.16071,5.04803,0.294239,0.01,0.95,10,10000,0.938,0.139,16,4,0.4676,0,0.25
2554,10000,19.5424,17.7828,23.7137,0.219126,0.1,0.251189,0.736731,0.7,0.8,0.150069,0.1,0.2,0.00896691,17.3415,7.12126,0.625257,0.01,0.95,10,10000,0.938,0.139,34,9,0.311733,0,0.264706
2555,10000,19.3021,17.7828,23.7137,0.219542,0.1,0.251189,0.73307,0.7,0.8,0.245358,0.2,0.3,0.00896691,28.5625,10.3042,1.02984,0.01,0.95,10,10000,0.938,0.139,56,12,0.269969,0,0.214286
2556,10000,19.3485,17.7828,23.7137,0.224165,0.1,0.251189,0.74167,0.7,0.8,0.337298,0.3,0.4,0.00896691,32.1328,10.7085,1.15857,0.01,0.95,10,10000,0.938,0.139,63,14,0.249943,0,0.222222
2557,10000,18.9029,17.7828,23.7137,0.218062,0.1,0.251189,0.736432,0.7,0.8,0.464908,0.4,0.5,0.00896691,28.0525,16.2108,1.01145,0.01,0.95,10,10000,0.938,0.139,55,5,0.418234,0,0.0909091
2558,10000,19.5572,17.7828,23.7137,0.230576,0.1,0.251189,0.731842,0.7,0.8,0.558196,0.5,0.6,0.00896691,42.3337,19.3124,1.52636,0.01,0.95,10,10000,0.938,0.139,83,8,0.330643,0,0.0963855
2559,10000,19.9043,17.7828,23.7137,0.226996,0.1,0.251189,0.752117,0.7,0.8,0.647207,0.6,0.7,0.00896691,38.2533,16.3505,1.37924,0.01,0.95,10,10000,0.938,0.139,75,9,0.311733,0,0.12
2560,10000,19.1853,17.7828,23.7137,0.213781,0.1,0.251189,0.750567,0.7,0.8,0.754366,0.7,0.8,0.00896691,33.6629,15.2563,1.21373,0.01,0.95,10,10000,0.938,0.139,66,8,0.330643,0,0.121212
2561,10000,19.2765,17.7828,23.7137,0.229012,0.1,0.251189,0.744461,0.7,0.8,0.850784,0.8,0.9,0.00896691,39.2734,12.2924,1.41602,0.01,0.95,10,10000,0.938,0.139,77,16,0.2338,0,0.207792
2562,10000,19.9518,17.7828,23.7137,0.219721,0.1,0.251189,0.748545,0.7,0.8,0.951889,0.9,1,0.00896691,23.4621,8.35307,0.845936,0.01,0.95,10,10000,0.938,0.139,46,12,0.269969,0,0.26087
2563,10000,19.3026,17.7828,23.7137,0.217325,0.1,0.251189,0.746131,0.7,0.8,1.24101,1,1.5,0.0448346,13.4652,3.7284,0.485494,0.01,0.95,10,10000,0.938,0.139,132,21,0.204077,0,0.159091
2564,10000,19.1151,17.7828,23.7137,0.234711,0.1,0.251189,0.835932,0.8,0.9,0.136094,0.1,0.2,0.00896691,11.221,7.07496,0.404578,0.01,0.95,10,10000,0.938,0.139,22,4,0.4676,0,0.181818
2565,10000,19.222,17.7828,23.7137,0.233781,0.1,0.251189,0.844669,0.8,0.9,0.22344,0.2,0.3,0.00896691,14.2812,6.67791,0.514918,0.01,0.95,10,10000,0.938,0.139,28,7,0.353472,0,0.25
2566,10000,19.7462,17.7828,23.7137,0.223677,0.1,0.251189,0.83409,0.8,0.9,0.364545,0.3,0.4,0.00896691,20.9118,9.28914,0.753987,0.01,0.95,10,10000,0.938,0.139,41,8,0.330643,0,0.195122
2567,10000,19.7514,17.7828,23.7137,0.226976,0.1,0.251189,0.846113,0.8,0.9,0.457582,0.4,0.5,0.00896691,20.4018,9.05032,0.735597,0.01,0.95,10,10000,0.938,0.139,40,8,0.330643,0,0.2
2568,10000,19.2057,17.7828,23.7137,0.220441,0.1,0.251189,0.842815,0.8,0.9,0.554382,0.5,0.6,0.00896691,18.3616,11.8002,0.662037,0.01,0.95,10,10000,0.938,0.139,36,4,0.4676,0,0.111111
2569,10000,19.2231,17.7828,23.7137,0.213689,0.1,0.251189,0.839349,0.8,0.9,0.654712,0.6,0.7,0.00896691,14.7913,6.93342,0.533308,0.01,0.95,10,10000,0.938,0.139,29,7,0.353472,0,0.241379
2570,10000,20.6417,17.7828,23.7137,0.224432,0.1,0.251189,0.835389,0.8,0.9,0.742921,0.7,0.8,0.00896691,19.3817,8.57263,0.698817,0.01,0.95,10,10000,0.938,0.139,38,8,0.330643,0,0.210526
2571,10000,19.4517,17.7828,23.7137,0.22674,0.1,0.251189,0.835891,0.8,0.9,0.839878,0.8,0.9,0.00896691,16.3214,8.3893,0.588477,0.01,0.95,10,10000,0.938,0.139,32,6,0.381794,0,0.1875
2572,10000,21.4585,17.7828,23.7137,0.231008,0.1,0.251189,0.819666,0.8,0.9,0.938385,0.9,1,0.00896691,16.3214,10.4504,0.588477,0.01,0.95,10,10000,0.938,0.139,32,4,0.4676,0,0.125
2573,10000,20.243,17.7828,23.7137,0.222326,0.1,0.251189,0.854677,0.8,0.9,1.13409,1,1.5,0.0448346,8.05871,3.93818,0.290561,0.01,0.95,10,10000,0.938,0.139,79,7,0.353472,0,0.0886076
2574,10000,18.7619,17.7828,23.7137,0.1925,0.1,0.251189,0.94597,0.9,1,0.0213932,0,0.1,0.00896691,2.04018,2.52401,0.0735597,0.01,0.95,10,10000,0.938,0.139,4,1,0.9352,0,0.25
2575,10000,18.3437,17.7828,23.7137,0.245801,0.1,0.251189,0.955022,0.9,1,0.294933,0.2,0.3,0.00896691,5.10045,6.5749,0.183899,0.01,0.95,10,10000,0.938,0.139,10,1,0.9352,0,0.1
2576,10000,18.8682,17.7828,23.7137,0.213107,0.1,0.251189,0.901405,0.9,1,0.335334,0.3,0.4,0.00896691,7.14062,9.27382,0.257459,0.01,0.95,10,10000,0.938,0.139,14,1,0.9352,0,0.0714286
2577,10000,19.1907,17.7828,23.7137,0.218745,0.1,0.251189,0.927617,0.9,1,0.441863,0.4,0.5,0.00896691,8.16071,5.93213,0.294239,0.01,0.95,10,10000,0.938,0.139,16,3,0.539938,0,0.1875
2578,10000,20.0389,17.7828,23.7137,0.230884,0.1,0.251189,0.914698,0.9,1,0.556229,0.5,0.6,0.00896691,5.10045,4.52516,0.183899,0.01,0.95,10,10000,0.938,0.139,10,2,0.661286,0,0.2
2579,10000,18.2326,17.7828,23.7137,0.192376,0.1,0.251189,0.944135,0.9,1,0.620112,0.6,0.7,0.00896691,6.63058,5.95765,0.239069,0.01,0.95,10,10000,0.938,0.139,13,2,0.661286,0,0.153846
2580,10000,20.3042,17.7828,23.7137,0.225995,0.1,0.251189,0.948451,0.9,1,0.760968,0.7,0.8,0.00896691,4.5904,4.04743,0.165509,0.01,0.95,10,10000,0.938,0.139,9,2,0.661286,0,0.222222
2581,10000,19.9246,17.7828,23.7137,0.22345,0.1,0.251189,0.953552,0.9,1,0.940933,0.9,1,0.00896691,5.10045,3.59068,0.183899,0.01,0.95,10,10000,0.938,0.139,10,3,0.539938,0,0.3
2582,10000,21.0322,17.7828,23.7137,0.172893,0.1,0.251189,0.950467,0.9,1,1.04043,1,1.5,0.0448346,1.63214,2.12463,0.0588477,0.01,0.95,10,10000,0.938,0.139,16,1,0.9352,0,0.0625
2583,10000,20.2266,17.7828,23.7137,0.35718,0.251189,0.630957,0.0703781,0.05,0.1,0.0664256,0,0.1,0.0112619,983.184,21.4073,35.4492,0.01,0.95,10,10000,0.938,0.139,2421,2094,0.020437,0,0.864932
2584,10000,20.2244,17.7828,23.7137,0.359645,0.251189,0.630957,0.070507,0.05,0.1,0.15353,0.1,0.2,0.0112619,2662.03,34.9994,95.9808,0.01,0.95,10,10000,0.938,0.139,6555,5711,0.0123751,0,0.871243
2585,10000,20.2075,17.7828,23.7137,0.360139,0.251189,0.630957,0.0716174,0.05,0.1,0.250444,0.2,0.3,0.0112619,3339.01,38.7043,120.39,0.01,0.95,10,10000,0.938,0.139,8222,7266,0.0109713,0,0.883727
2586,10000,20.2347,17.7828,23.7137,0.357755,0.251189,0.630957,0.0718006,0.05,0.1,0.348159,0.3,0.4,0.0112619,3023.46,37.702,109.013,0.01,0.95,10,10000,0.938,0.139,7445,6408,0.0116827,0,0.860712
2587,10000,20.2535,17.7828,23.7137,0.35768,0.251189,0.630957,0.0721619,0.05,0.1,0.447996,0.4,0.5,0.0112619,2345.67,32.4141,84.5744,0.01,0.95,10,10000,0.938,0.139,5776,5109,0.0130839,0,0.884522
2588,10000,20.2547,17.7828,23.7137,0.355253,0.251189,0.630957,0.072346,0.05,0.1,0.548166,0.5,0.6,0.0112619,1789.71,29.4555,64.529,0.01,0.95,10,10000,0.938,0.139,4407,3727,0.0153188,0,0.8457
2589,10000,20.3459,17.7828,23.7137,0.356869,0.251189,0.630957,0.0723685,0.05,0.1,0.646533,0.6,0.7,0.0112619,1257.31,23.9067,45.3328,0.01,0.95,10,10000,0.938,0.139,3096,2716,0.0179448,0,0.877261
2590,10000,20.4082,17.7828,23.7137,0.35122,0.251189,0.630957,0.073461,0.05,0.1,0.746892,0.7,0.8,0.0112619,918.613,20.7809,33.1211,0.01,0.95,10,10000,0.938,0.139,2262,1947,0.0211944,0,0.860743
2591,10000,20.29,17.7828,23.7137,0.349251,0.251189,0.630957,0.0727605,0.05,0.1,0.846393,0.8,0.9,0.0112619,683.883,18.4333,24.6578,0.01,0.95,10,10000,0.938,0.139,1684,1404,0.0249586,0,0.833729
2592,10000,20.3518,17.7828,23.7137,0.349964,0.251189,0.630957,0.0733167,0.05,0.1,0.947411,0.9,1,0.0112619,457.682,15.0882,16.502,0.01,0.95,10,10000,0.938,0.139,1127,939,0.0305191,0,0.833185
2593,10000,20.4118,17.7828,23.7137,0.339699,0.251189,0.630957,0.0736712,0.05,0.1,1.1961,1,1.5,0.0563094,228.882,5.2542,8.25245,0.01,0.95,10,10000,0.938,0.139,2818,2089,0.0204614,0,0.741306
2594,10000,20.2054,17.7828,23.7137,0.359562,0.251189,0.630957,0.121555,0.1,0.15,0.0662385,0,0.1,0.0112619,373.212,12.9992,13.4563,0.01,0.95,10,10000,0.938,0.139,919,808,0.0329002,0,0.879217
2595,10000,20.2179,17.7828,23.7137,0.360932,0.251189,0.630957,0.121832,0.1,0.15,0.154344,0.1,0.2,0.0112619,1081.06,21.8766,38.978,0.01,0.95,10,10000,0.938,0.139,2662,2370,0.0192101,0,0.890308
2596,10000,20.2511,17.7828,23.7137,0.362006,0.251189,0.630957,0.122066,0.1,0.15,0.251352,0.2,0.3,0.0112619,1482.29,25.8928,53.4447,0.01,0.95,10,10000,0.938,0.139,3650,3211,0.0165038,0,0.879726
2597,10000,20.1871,17.7828,23.7137,0.363242,0.251189,0.630957,0.122535,0.1,0.15,0.349018,0.3,0.4,0.0112619,1516.4,25.696,54.6746,0.01,0.95,10,10000,0.938,0.139,3734,3355,0.0161457,0,0.8985
2598,10000,20.2292,17.7828,23.7137,0.362507,0.251189,0.630957,0.122688,0.1,0.15,0.448,0.4,0.5,0.0112619,1273.14,23.6651,45.9039,0.01,0.95,10,10000,0.938,0.139,3135,2801,0.0176705,0,0.893461
2599,10000,20.1727,17.7828,23.7137,0.359505,0.251189,0.630957,0.12335,0.1,0.15,0.546948,0.5,0.6,0.0112619,962.473,20.4319,34.7024,0.01,0.95,10,10000,0.938,0.139,2370,2134,0.0202445,0,0.900422
2600,10000,20.2484,17.7828,23.7137,0.359467,0.251189,0.630957,0.122681,0.1,0.15,0.64669,0.6,0.7,0.0112619,746.424,18.4344,26.9127,0.01,0.95,10,10000,0.938,0.139,1838,1611,0.0233,0,0.876496
2601,10000,20.2736,17.7828,23.7137,0.353143,0.251189,0.630957,0.123238,0.1,0.15,0.747555,0.7,0.8,0.0112619,537.685,15.7119,19.3865,0.01,0.95,10,10000,0.938,0.139,1324,1155,0.0275178,0,0.872356
2602,10000,20.2887,17.7828,23.7137,0.353853,0.251189,0.630957,0.123524,0.1,0.15,0.846176,0.8,0.9,0.0112619,382.146,13.6526,13.7785,0.01,0.95,10,10000,0.938,0.139,941,793,0.0332099,0,0.842721
2603,10000,20.3434,17.7828,23.7137,0.350431,0.251189,0.630957,0.123679,0.1,0.15,0.946199,0.9,1,0.0112619,293.209,11.6326,10.5718,0.01,0.95,10,10000,0.938,0.139,722,628,0.0373185,0,0.869806
2604,10000,20.352,17.7828,23.7137,0.345285,0.251189,0.630957,0.123309,0.1,0.15,1.20418,1,1.5,0.0563094,133.122,3.55054,4.79977,0.01,0.95,10,10000,0.938,0.139,1639,1405,0.0249498,0,0.85723
2605,10000,20.1102,17.7828,23.7137,0.368313,0.251189,0.630957,0.17115,0.15,0.2,0.0679821,0,0.1,0.0112619,194.119,9.20312,6.99906,0.01,0.95,10,10000,0.938,0.139,478,429,0.0451519,0,0.89749
2606,10000,20.1601,17.7828,23.7137,0.361755,0.251189,0.630957,0.172771,0.15,0.2,0.154319,0.1,0.2,0.0112619,571.392,15.9122,20.6018,0.01,0.95,10,10000,0.938,0.139,1407,1252,0.0264303,0,0.889837
2607,10000,20.1582,17.7828,23.7137,0.361674,0.251189,0.630957,0.17263,0.15,0.2,0.250859,0.2,0.3,0.0112619,799.218,18.734,28.8162,0.01,0.95,10,10000,0.938,0.139,1968,1760,0.022292,0,0.894309
2608,10000,20.143,17.7828,23.7137,0.359369,0.251189,0.630957,0.173097,0.15,0.2,0.35065,0.3,0.4,0.0112619,859.321,18.756,30.9833,0.01,0.95,10,10000,0.938,0.139,2116,1966,0.0210918,0,0.929112
2609,10000,20.194,17.7828,23.7137,0.363428,0.251189,0.630957,0.173546,0.15,0.2,0.448152,0.4,0.5,0.0112619,788.253,18.1924,28.4209,0.01,0.95,10,10000,0.938,0.139,1941,1779,0.0221726,0,0.916538
2610,10000,20.1605,17.7828,23.7137,0.355786,0.251189,0.630957,0.173493,0.15,0.2,0.548813,0.5,0.6,0.0112619,632.714,16.4575,22.8128,0.01,0.95,10,10000,0.938,0.139,1558,1413,0.024879,0,0.906932
2611,10000,20.2225,17.7828,23.7137,0.358544,0.251189,0.630957,0.17419,0.15,0.2,0.64758,0.6,0.7,0.0112619,491.795,14.9814,17.7319,0.01,0.95,10,10000,0.938,0.139,1211,1060,0.0287244,0,0.87531
2612,10000,20.1759,17.7828,23.7137,0.360356,0.251189,0.630957,0.172219,0.15,0.2,0.745487,0.7,0.8,0.0112619,358.998,12.0589,12.9439,0.01,0.95,10,10000,0.938,0.139,884,826,0.0325398,0,0.934389
2613,10000,20.231,17.7828,23.7137,0.362842,0.251189,0.630957,0.1743,0.15,0.2,0.846453,0.8,0.9,0.0112619,260.72,11.2954,9.40041,0.01,0.95,10,10000,0.938,0.139,642,540,0.0402446,0,0.841121
2614,10000,20.2703,17.7828,23.7137,0.354981,0.251189,0.630957,0.174674,0.15,0.2,0.945247,0.9,1,0.0112619,177.469,8.84455,6.39872,0.01,0.95,10,10000,0.938,0.139,437,390,0.0473557,0,0.892449
2615,10000,20.2969,17.7828,23.7137,0.347024,0.251189,0.630957,0.174026,0.15,0.2,1.19011,1,1.5,0.0563094,92.1862,2.99472,3.32382,0.01,0.95,10,10000,0.938,0.139,1135,958,0.0302149,0,0.844053
2616,10000,20.2744,17.7828,23.7137,0.368192,0.251189,0.630957,0.222888,0.2,0.25,0.0639528,0,0.1,0.0112619,110.461,7.15564,3.98273,0.01,0.95,10,10000,0.938,0.139,272,236,0.0608763,0,0.867647
2617,10000,20.1797,17.7828,23.7137,0.366579,0.251189,0.630957,0.221959,0.2,0.25,0.154829,0.1,0.2,0.0112619,315.951,11.3267,11.3918,0.01,0.95,10,10000,0.938,0.139,778,726,0.0347085,0,0.933162
2618,10000,20.194,17.7828,23.7137,0.369592,0.251189,0.630957,0.222986,0.2,0.25,0.252515,0.2,0.3,0.0112619,461.743,13.7051,16.6484,0.01,0.95,10,10000,0.938,0.139,1137,1060,0.0287244,0,0.932278
2619,10000,20.2497,17.7828,23.7137,0.365121,0.251189,0.630957,0.223802,0.2,0.25,0.349696,0.3,0.4,0.0112619,543.371,15.5477,19.5915,0.01,0.95,10,10000,0.938,0.139,1338,1188,0.0271329,0,0.887892
2620,10000,20.1892,17.7828,23.7137,0.362707,0.251189,0.630957,0.223622,0.2,0.25,0.449002,0.4,0.5,0.0112619,500.729,14.2429,18.0541,0.01,0.95,10,10000,0.938,0.139,1233,1152,0.0275536,0,0.934307
2621,10000,20.123,17.7828,23.7137,0.361425,0.251189,0.630957,0.223359,0.2,0.25,0.548724,0.5,0.6,0.0112619,417.071,13.0565,15.0377,0.01,0.95,10,10000,0.938,0.139,1027,955,0.0302624,0,0.929893
2622,10000,20.2816,17.7828,23.7137,0.372514,0.251189,0.630957,0.223528,0.2,0.25,0.64714,0.6,0.7,0.0112619,322.449,11.5581,11.6261,0.01,0.95,10,10000,0.938,0.139,794,733,0.0345424,0,0.923174
2623,10000,20.1812,17.7828,23.7137,0.359318,0.251189,0.630957,0.223152,0.2,0.25,0.745822,0.7,0.8,0.0112619,255.441,10.8947,9.21006,0.01,0.95,10,10000,0.938,0.139,629,545,0.0400596,0,0.866455
2624,10000,20.2675,17.7828,23.7137,0.36188,0.251189,0.630957,0.223388,0.2,0.25,0.846664,0.8,0.9,0.0112619,188.433,9.13549,6.79406,0.01,0.95,10,10000,0.938,0.139,464,413,0.0460182,0,0.890086
2625,10000,20.1323,17.7828,23.7137,0.363719,0.251189,0.630957,0.222627,0.2,0.25,0.949602,0.9,1,0.0112619,135.233,7.2283,4.87591,0.01,0.95,10,10000,0.938,0.139,333,319,0.0523611,0,0.957958
2626,10000,20.3839,17.7828,23.7137,0.352492,0.251189,0.630957,0.224005,0.2,0.25,1.19455,1,1.5,0.0563094,65.708,2.44936,2.36914,0.01,0.95,10,10000,0.938,0.139,809,708,0.035147,0,0.875155
2627,10000,20.2583,17.7828,23.7137,0.380401,0.251189,0.630957,0.271781,0.25,0.3,0.0687532,0,0.1,0.0112619,70.2564,5.29297,2.53313,0.01,0.95,10,10000,0.938,0.139,173,163,0.0732505,0,0.942197
2628,10000,20.2962,17.7828,23.7137,0.36404,0.251189,0.630957,0.273309,0.25,0.3,0.155278,0.1,0.2,0.0112619,196.149,9.20265,7.07227,0.01,0.95,10,10000,0.938,0.139,483,436,0.0447879,0,0.902692
2629,10000,20.1758,17.7828,23.7137,0.36605,0.251189,0.630957,0.273347,0.25,0.3,0.250591,0.2,0.3,0.0112619,289.96,11.1183,10.4547,0.01,0.95,10,10000,0.938,0.139,714,649,0.0367098,0,0.908964
2630,10000,20.1932,17.7828,23.7137,0.359912,0.251189,0.630957,0.273299,0.25,0.3,0.3505,0.3,0.4,0.0112619,325.697,11.477,11.7432,0.01,0.95,10,10000,0.938,0.139,802,750,0.0341487,0,0.935162
2631,10000,20.2094,17.7828,23.7137,0.368525,0.251189,0.630957,0.273172,0.25,0.3,0.449603,0.4,0.5,0.0112619,330.571,11.9882,11.9189,0.01,0.95,10,10000,0.938,0.139,814,732,0.034566,0,0.899263
2632,10000,20.2903,17.7828,23.7137,0.358004,0.251189,0.630957,0.273169,0.25,0.3,0.548139,0.5,0.6,0.0112619,287.117,10.8398,10.3522,0.01,0.95,10,10000,0.938,0.139,707,657,0.0364856,0,0.929279
2633,10000,20.1223,17.7828,23.7137,0.364203,0.251189,0.630957,0.273607,0.25,0.3,0.647244,0.6,0.7,0.0112619,228.638,10.011,8.24366,0.01,0.95,10,10000,0.938,0.139,563,504,0.0416571,0,0.895204
2634,10000,20.2354,17.7828,23.7137,0.357702,0.251189,0.630957,0.27281,0.25,0.3,0.746429,0.7,0.8,0.0112619,158.788,7.9859,5.72517,0.01,0.95,10,10000,0.938,0.139,391,367,0.048817,0,0.938619
2635,10000,20.2855,17.7828,23.7137,0.359736,0.251189,0.630957,0.273756,0.25,0.3,0.847073,0.8,0.9,0.0112619,124.675,7.05678,4.49521,0.01,0.95,10,10000,0.938,0.139,307,289,0.0550118,0,0.941368
2636,10000,20.3028,17.7828,23.7137,0.350448,0.251189,0.630957,0.273687,0.25,0.3,0.946342,0.9,1,0.0112619,112.898,7.05694,4.07058,0.01,0.95,10,10000,0.938,0.139,278,248,0.0593852,0,0.892086
2637,10000,20.3911,17.7828,23.7137,0.351999,0.251189,0.630957,0.274208,0.25,0.3,1.19791,1,1.5,0.0563094,50.8445,2.18225,1.83323,0.01,0.95,10,10000,0.938,0.139,626,540,0.0402446,0,0.86262
2638,10000,20.2709,17.7828,23.7137,0.366458,0.251189,0.630957,0.341295,0.3,0.4,0.0678627,0,0.1,0.0225238,38.3771,2.72357,1.3837,0.01,0.95,10,10000,0.938,0.139,189,181,0.0695129,0,0.957672
2639,10000,20.2363,17.7828,23.7137,0.373446,0.251189,0.630957,0.342729,0.3,0.4,0.156593,0.1,0.2,0.0225238,105.791,4.79098,3.81434,0.01,0.95,10,10000,0.938,0.139,521,469,0.0431835,0,0.900192
2640,10000,20.101,17.7828,23.7137,0.366474,0.251189,0.630957,0.343241,0.3,0.4,0.252209,0.2,0.3,0.0225238,165.488,5.99705,5.96677,0.01,0.95,10,10000,0.938,0.139,815,733,0.0345424,0,0.899387
2641,10000,20.3094,17.7828,23.7137,0.370062,0.251189,0.630957,0.342809,0.3,0.4,0.350169,0.3,0.4,0.0225238,185.591,6.23998,6.69157,0.01,0.95,10,10000,0.938,0.139,914,838,0.0323059,0,0.916849
2642,10000,20.2131,17.7828,23.7137,0.365791,0.251189,0.630957,0.343902,0.3,0.4,0.448962,0.4,0.5,0.0225238,182.748,6.23488,6.58907,0.01,0.95,10,10000,0.938,0.139,900,819,0.0326785,0,0.91
2643,10000,20.2727,17.7828,23.7137,0.361744,0.251189,0.630957,0.344059,0.3,0.4,0.549937,0.5,0.6,0.0225238,175.438,6.06801,6.32551,0.01,0.95,10,10000,0.938,0.139,864,792,0.0332309,0,0.916667
2644,10000,20.1931,17.7828,23.7137,0.364334,0.251189,0.630957,0.344746,0.3,0.4,0.650507,0.6,0.7,0.0225238,140.513,5.53712,5.06626,0.01,0.95,10,10000,0.938,0.139,692,621,0.0375283,0,0.897399
2645,10000,20.1717,17.7828,23.7137,0.364307,0.251189,0.630957,0.342738,0.3,0.4,0.74818,0.7,0.8,0.0225238,106.4,4.76513,3.8363,0.01,0.95,10,10000,0.938,0.139,524,476,0.0428648,0,0.908397
2646,10000,20.1245,17.7828,23.7137,0.35834,0.251189,0.630957,0.343945,0.3,0.4,0.847479,0.8,0.9,0.0225238,85.0793,4.20627,3.06758,0.01,0.95,10,10000,0.938,0.139,419,386,0.0476004,0,0.921241
2647,10000,20.1381,17.7828,23.7137,0.355281,0.251189,0.630957,0.344088,0.3,0.4,0.948807,0.9,1,0.0225238,71.6778,3.86298,2.58438,0.01,0.95,10,10000,0.938,0.139,353,325,0.0518756,0,0.92068
2648,10000,20.2708,17.7828,23.7137,0.356196,0.251189,0.630957,0.345501,0.3,0.4,1.19591,1,1.5,0.112619,32.4073,1.15244,1.16846,0.01,0.95,10,10000,0.938,0.139,798,741,0.0343554,0,0.928571
2649,10000,19.9819,17.7828,23.7137,0.352452,0.251189,0.630957,0.442149,0.4,0.5,0.0671918,0,0.1,0.0225238,19.2901,2.17034,0.695513,0.01,0.95,10,10000,0.938,0.139,95,80,0.104559,0,0.842105
2650,10000,20.1353,17.7828,23.7137,0.367185,0.251189,0.630957,0.442966,0.4,0.5,0.157081,0.1,0.2,0.0225238,51.3725,3.24359,1.85226,0.01,0.95,10,10000,0.938,0.139,253,235,0.0610057,0,0.928854
2651,10000,20.1312,17.7828,23.7137,0.362974,0.251189,0.630957,0.441041,0.4,0.5,0.25324,0.2,0.3,0.0225238,73.3022,4.10119,2.64295,0.01,0.95,10,10000,0.938,0.139,361,315,0.0526925,0,0.872576
2652,10000,20.2338,17.7828,23.7137,0.3563,0.251189,0.630957,0.444549,0.4,0.5,0.348255,0.3,0.4,0.0225238,91.1709,4.30228,3.28721,0.01,0.95,10,10000,0.938,0.139,449,419,0.0456875,0,0.933185
2653,10000,20.3525,17.7828,23.7137,0.359827,0.251189,0.630957,0.443806,0.4,0.5,0.452233,0.4,0.5,0.0225238,103.76,5.43068,3.74113,0.01,0.95,10,10000,0.938,0.139,511,393,0.0471746,0,0.76908
2654,10000,20.1535,17.7828,23.7137,0.356063,0.251189,0.630957,0.442437,0.4,0.5,0.546827,0.5,0.6,0.0225238,77.5664,4.05792,2.79669,0.01,0.95,10,10000,0.938,0.139,382,348,0.050132,0,0.910995
2655,10000,20.2788,17.7828,23.7137,0.352312,0.251189,0.630957,0.443594,0.4,0.5,0.648504,0.6,0.7,0.0225238,76.145,4.13736,2.74545,0.01,0.95,10,10000,0.938,0.139,375,331,0.0514032,0,0.882667
2656,10000,20.2113,17.7828,23.7137,0.347789,0.251189,0.630957,0.44651,0.4,0.5,0.747564,0.7,0.8,0.0225238,65.3832,3.88521,2.35742,0.01,0.95,10,10000,0.938,0.139,322,280,0.0558889,0,0.869565
2657,10000,20.3929,17.7828,23.7137,0.354232,0.251189,0.630957,0.442447,0.4,0.5,0.846911,0.8,0.9,0.0225238,49.7481,3.30644,1.79369,0.01,0.95,10,10000,0.938,0.139,245,219,0.0631949,0,0.893878
2658,10000,20.3997,17.7828,23.7137,0.34863,0.251189,0.630957,0.447042,0.4,0.5,0.95042,0.9,1,0.0225238,38.7832,3.19329,1.39835,0.01,0.95,10,10000,0.938,0.139,191,154,0.0753606,0,0.806283
2659,10000,20.231,17.7828,23.7137,0.348043,0.251189,0.630957,0.444198,0.4,0.5,1.1964,1,1.5,0.112619,18.9246,0.947577,0.682335,0.01,0.95,10,10000,0.938,0.139,466,399,0.0468186,0,0.856223
2660,10000,19.8496,17.7828,23.7137,0.351468,0.251189,0.630957,0.549737,0.5,0.6,0.0755477,0,0.1,0.0225238,5.88855,-nan,0.212315,0.01,0.95,10,10000,0.938,0.139,29,30,0.170743,0,1.03448
2661,10000,19.766,17.7828,23.7137,0.331907,0.251189,0.630957,0.541922,0.5,0.6,0.153012,0.1,0.2,0.0225238,30.2549,3.07449,1.09086,0.01,0.95,10,10000,0.938,0.139,149,108,0.0899896,0,0.724832
2662,10000,20.0217,17.7828,23.7137,0.349759,0.251189,0.630957,0.539428,0.5,0.6,0.252481,0.2,0.3,0.0225238,32.8946,2.89643,1.18603,0.01,0.95,10,10000,0.938,0.139,162,133,0.0810921,0,0.820988
2663,10000,20.2324,17.7828,23.7137,0.342866,0.251189,0.630957,0.542087,0.5,0.6,0.353543,0.3,0.4,0.0225238,45.0778,3.82545,1.6253,0.01,0.95,10,10000,0.938,0.139,222,157,0.0746371,0,0.707207
2664,10000,20.028,17.7828,23.7137,0.34183,0.251189,0.630957,0.538379,0.5,0.6,0.448203,0.4,0.5,0.0225238,45.0778,3.52451,1.6253,0.01,0.95,10,10000,0.938,0.139,222,174,0.0708973,0,0.783784
2665,10000,19.9589,17.7828,23.7137,0.353401,0.251189,0.630957,0.539299,0.5,0.6,0.546945,0.5,0.6,0.0225238,43.2503,3.59138,1.55941,0.01,0.95,10,10000,0.938,0.139,213,159,0.0741662,0,0.746479
2666,10000,20.2451,17.7828,23.7137,0.344203,0.251189,0.630957,0.548701,0.5,0.6,0.64567,0.6,0.7,0.0225238,37.5649,3.32965,1.35442,0.01,0.95,10,10000,0.938,0.139,185,139,0.0793226,0,0.751351
2667,10000,20.098,17.7828,23.7137,0.332577,0.251189,0.630957,0.543181,0.5,0.6,0.74455,0.7,0.8,0.0225238,36.3465,3.22684,1.31049,0.01,0.95,10,10000,0.938,0.139,179,137,0.0798995,0,0.765363
2668,10000,20.0792,17.7828,23.7137,0.325612,0.251189,0.630957,0.54339,0.5,0.6,0.851734,0.8,0.9,0.0225238,30.458,2.86831,1.09818,0.01,0.95,10,10000,0.938,0.139,150,119,0.0857296,0,0.793333
2669,10000,20.1048,17.7828,23.7137,0.340414,0.251189,0.630957,0.538373,0.5,0.6,0.945147,0.9,1,0.0225238,22.945,2.57554,0.827294,0.01,0.95,10,10000,0.938,0.139,113,86,0.100845,0,0.761062
2670,10000,20.3792,17.7828,23.7137,0.332194,0.251189,0.630957,0.542841,0.5,0.6,1.21512,1,1.5,0.112619,10.64,0.760746,0.38363,0.01,0.95,10,10000,0.938,0.139,262,207,0.0650009,0,0.790076
2671,10000,20.1335,17.7828,23.7137,0.322707,0.251189,0.630957,0.649241,0.6,0.7,0.0678672,0,0.1,0.0225238,4.06107,1.3789,0.146424,0.01,0.95,10,10000,0.938,0.139,20,11,0.281973,0,0.55
2672,10000,20.4594,17.7828,23.7137,0.331978,0.251189,0.630957,0.638613,0.6,0.7,0.152516,0.1,0.2,0.0225238,11.7771,2.07197,0.424629,0.01,0.95,10,10000,0.938,0.139,58,38,0.151709,0,0.655172
2673,10000,20.2925,17.7828,23.7137,0.319978,0.251189,0.630957,0.64124,0.6,0.7,0.250957,0.2,0.3,0.0225238,17.2595,2.83222,0.622301,0.01,0.95,10,10000,0.938,0.139,85,47,0.136413,0,0.552941
2674,10000,20.1849,17.7828,23.7137,0.317841,0.251189,0.630957,0.637333,0.6,0.7,0.352663,0.3,0.4,0.0225238,24.5694,3.34139,0.885864,0.01,0.95,10,10000,0.938,0.139,121,68,0.11341,0,0.561983
2675,10000,20.0388,17.7828,23.7137,0.326398,0.251189,0.630957,0.642221,0.6,0.7,0.451083,0.4,0.5,0.0225238,28.4275,3.78357,1.02497,0.01,0.95,10,10000,0.938,0.139,140,73,0.109457,0,0.521429
2676,10000,20.4897,17.7828,23.7137,0.321525,0.251189,0.630957,0.63898,0.6,0.7,0.546136,0.5,0.6,0.0225238,19.087,2.72237,0.688192,0.01,0.95,10,10000,0.938,0.139,94,59,0.121753,0,0.62766
2677,10000,20.0613,17.7828,23.7137,0.327242,0.251189,0.630957,0.641168,0.6,0.7,0.650253,0.6,0.7,0.0225238,22.3359,3.14406,0.805331,0.01,0.95,10,10000,0.938,0.139,110,63,0.117824,0,0.572727
2678,10000,20.031,17.7828,23.7137,0.320938,0.251189,0.630957,0.645589,0.6,0.7,0.748945,0.7,0.8,0.0225238,20.5084,2.86776,0.73944,0.01,0.95,10,10000,0.938,0.139,101,62,0.11877,0,0.613861
2679,10000,20.5804,17.7828,23.7137,0.331074,0.251189,0.630957,0.640137,0.6,0.7,0.850124,0.8,0.9,0.0225238,15.432,2.32968,0.55641,0.01,0.95,10,10000,0.938,0.139,76,51,0.130954,0,0.671053
2680,10000,20.5968,17.7828,23.7137,0.331753,0.251189,0.630957,0.641366,0.6,0.7,0.955284,0.9,1,0.0225238,11.1679,1.66114,0.402665,0.01,0.95,10,10000,0.938,0.139,55,46,0.137888,0,0.836364
2681,10000,20.3461,17.7828,23.7137,0.32143,0.251189,0.630957,0.644398,0.6,0.7,1.18758,1,1.5,0.112619,5.7261,0.669597,0.206458,0.01,0.95,10,10000,0.938,0.139,141,88,0.0996926,0,0.624113
2682,10000,19.4668,17.7828,23.7137,0.277437,0.251189,0.630957,0.743195,0.7,0.8,0.0788465,0,0.1,0.0225238,2.23359,1.99164,0.0805331,0.01,0.95,10,10000,0.938,0.139,11,2,0.661286,0,0.181818
2683,10000,20.2278,17.7828,23.7137,0.290518,0.251189,0.630957,0.749938,0.7,0.8,0.15933,0.1,0.2,0.0225238,6.90381,2.08136,0.24892,0.01,0.95,10,10000,0.938,0.139,34,15,0.241468,0,0.441176
2684,10000,20.4324,17.7828,23.7137,0.291652,0.251189,0.630957,0.741438,0.7,0.8,0.258987,0.2,0.3,0.0225238,9.34045,2.80699,0.336775,0.01,0.95,10,10000,0.938,0.139,46,16,0.2338,0,0.347826
2685,10000,19.9362,17.7828,23.7137,0.312766,0.251189,0.630957,0.739122,0.7,0.8,0.335158,0.3,0.4,0.0225238,11.574,2.77631,0.417308,0.01,0.95,10,10000,0.938,0.139,57,24,0.190897,0,0.421053
2686,10000,19.7067,17.7828,23.7137,0.296905,0.251189,0.630957,0.732048,0.7,0.8,0.452486,0.4,0.5,0.0225238,11.371,2.79537,0.409987,0.01,0.95,10,10000,0.938,0.139,56,23,0.195003,0,0.410714
2687,10000,20.552,17.7828,23.7137,0.303832,0.251189,0.630957,0.741818,0.7,0.8,0.547978,0.5,0.6,0.0225238,12.7924,2.43036,0.461235,0.01,0.95,10,10000,0.938,0.139,63,35,0.158078,0,0.555556
2688,10000,20.0177,17.7828,23.7137,0.29653,0.251189,0.630957,0.737589,0.7,0.8,0.651575,0.6,0.7,0.0225238,10.7618,2.01177,0.388023,0.01,0.95,10,10000,0.938,0.139,53,34,0.160385,0,0.641509
2689,10000,20.9042,17.7828,23.7137,0.297358,0.251189,0.630957,0.737621,0.7,0.8,0.750252,0.7,0.8,0.0225238,12.3863,3.68595,0.446593,0.01,0.95,10,10000,0.938,0.139,61,17,0.226819,0,0.278689
2690,10000,19.9574,17.7828,23.7137,0.294455,0.251189,0.630957,0.738937,0.7,0.8,0.835246,0.8,0.9,0.0225238,6.70076,1.71571,0.241599,0.01,0.95,10,10000,0.938,0.139,33,19,0.21455,0,0.575758
2691,10000,19.7488,17.7828,23.7137,0.313388,0.251189,0.630957,0.739776,0.7,0.8,0.947536,0.9,1,0.0225238,5.48244,1.75233,0.197672,0.01,0.95,10,10000,0.938,0.139,27,13,0.259378,0,0.481481
2692,10000,20.1617,17.7828,23.7137,0.301525,0.251189,0.630957,0.743163,0.7,0.8,1.22442,1,1.5,0.112619,3.0458,0.644418,0.109818,0.01,0.95,10,10000,0.938,0.139,75,31,0.167967,0,0.413333
2693,10000,19.4012,17.7828,23.7137,0.266933,0.251189,0.630957,0.848571,0.8,0.9,0.0730964,0,0.1,0.0225238,2.03053,1.42948,0.0732119,0.01,0.95,10,10000,0.938,0.139,10,3,0.539938,0,0.3
2694,10000,19.0217,17.7828,23.7137,0.272115,0.251189,0.630957,0.819815,0.8,0.9,0.168804,0.1,0.2,0.0225238,2.84275,2.0511,0.102497,0.01,0.95,10,10000,0.938,0.139,14,3,0.539938,0,0.214286
2695,10000,21.0911,17.7828,23.7137,0.289349,0.251189,0.630957,0.840844,0.8,0.9,0.251008,0.2,0.3,0.0225238,3.85801,1.7419,0.139103,0.01,0.95,10,10000,0.938,0.139,19,7,0.353472,0,0.368421
2696,10000,19.5673,17.7828,23.7137,0.290725,0.251189,0.630957,0.854554,0.8,0.9,0.347564,0.3,0.4,0.0225238,5.88855,2.11381,0.212315,0.01,0.95,10,10000,0.938,0.139,29,11,0.281973,0,0.37931
2697,10000,20.7199,17.7828,23.7137,0.297218,0.251189,0.630957,0.832837,0.8,0.9,0.447625,0.4,0.5,0.0225238,5.88855,2.55655,0.212315,0.01,0.95,10,10000,0.938,0.139,29,8,0.330643,0,0.275862
2698,10000,19.5834,17.7828,23.7137,0.292044,0.251189,0.630957,0.849341,0.8,0.9,0.550522,0.5,0.6,0.0225238,6.49771,3.33986,0.234278,0.01,0.95,10,10000,0.938,0.139,32,6,0.381794,0,0.1875
2699,10000,21.7164,17.7828,23.7137,0.30463,0.251189,0.630957,0.830689,0.8,0.9,0.648877,0.6,0.7,0.0225238,6.29465,2.27659,0.226957,0.01,0.95,10,10000,0.938,0.139,31,11,0.281973,0,0.354839
2700,10000,20.2662,17.7828,23.7137,0.30695,0.251189,0.630957,0.824116,0.8,0.9,0.735614,0.7,0.8,0.0225238,4.87328,1.44976,0.175709,0.01,0.95,10,10000,0.938,0.139,24,14,0.249943,0,0.583333
2701,10000,19.4188,17.7828,23.7137,0.30939,0.251189,0.630957,0.835624,0.8,0.9,0.836325,0.8,0.9,0.0225238,3.24885,1.5812,0.117139,0.01,0.95,10,10000,0.938,0.139,16,6,0.381794,0,0.375
2702,10000,19.9596,17.7828,23.7137,0.301968,0.251189,0.630957,0.849155,0.8,0.9,0.949069,0.9,1,0.0225238,2.63969,1.40317,0.0951755,0.01,0.95,10,10000,0.938,0.139,13,5,0.418234,0,0.384615
2703,10000,19.9261,17.7828,23.7137,0.287834,0.251189,0.630957,0.834493,0.8,0.9,1.17454,1,1.5,0.112619,1.5432,0.56911,0.055641,0.01,0.95,10,10000,0.938,0.139,38,11,0.281973,0,0.289474
2704,10000,23.3111,17.7828,23.7137,0.293884,0.251189,0.630957,0.97301,0.9,1,0.186852,0.1,0.2,0.0225238,0.406107,0.465147,0.0146424,0.01,0.95,10,10000,0.938,0.139,2,1,0.9352,0,0.5
2705,10000,19.9589,17.7828,23.7137,0.263738,0.251189,0.630957,0.900092,0.9,1,0.346959,0.3,0.4,0.0225238,2.03053,2.61753,0.0732119,0.01,0.95,10,10000,0.938,0.139,10,1,0.9352,0,0.1
2706,10000,19.6515,17.7828,23.7137,0.264493,0.251189,0.630957,0.909601,0.9,1,0.491776,0.4,0.5,0.0225238,2.84275,3.69199,0.102497,0.01,0.95,10,10000,0.938,0.139,14,1,0.9352,0,0.0714286
2707,10000,20.6843,17.7828,23.7137,0.283108,0.251189,0.630957,0.920799,0.9,1,0.554971,0.5,0.6,0.0225238,2.03053,1.201,0.0732119,0.01,0.95,10,10000,0.938,0.139,10,4,0.4676,0,0.4
2708,10000,23.203,17.7828,23.7137,0.319168,0.251189,0.630957,0.951896,0.9,1,0.609092,0.6,0.7,0.0225238,1.01527,1.27386,0.036606,0.01,0.95,10,10000,0.938,0.139,5,1,0.9352,0,0.2
2709,10000,19.5682,17.7828,23.7137,0.263428,0.251189,0.630957,0.92791,0.9,1,0.732222,0.7,0.8,0.0225238,1.01527,1.27386,0.036606,0.01,0.95,10,10000,0.938,0.139,5,1,0.9352,0,0.2
2710,10000,21.0756,17.7828,23.7137,0.253304,0.251189,0.630957,0.932054,0.9,1,0.906745,0.9,1,0.0225238,0.812213,1.00483,0.0292848,0.01,0.95,10,10000,0.938,0.139,4,1,0.9352,0,0.25
2711,10000,20.4388,17.7828,23.7137,0.26975,0.251189,0.630957,0.934936,0.9,1,1.24691,1,1.5,0.112619,0.284275,0.246133,0.0102497,0.01,0.95,10,10000,0.938,0.139,7,2,0.661286,0,0.285714
2712,10000,20.0699,17.7828,23.7137,0.688365,0.630957,1,0.0733728,0.05,0.1,0.0657606,0,0.1,0.0109438,26.7462,3.48954,0.964346,0.01,0.95,10,10000,0.938,0.139,64,57,0.12387,0,0.890625
2713,10000,20.1225,17.7828,23.7137,0.697078,0.630957,1,0.0709725,0.05,0.1,0.153844,0.1,0.2,0.0109438,79.4027,5.7389,2.8629,0.01,0.95,10,10000,0.938,0.139,190,178,0.0700962,0,0.936842
2714,10000,20.2065,17.7828,23.7137,0.693485,0.630957,1,0.0727821,0.05,0.1,0.251602,0.2,0.3,0.0109438,94.4474,6.47815,3.40535,0.01,0.95,10,10000,0.938,0.139,226,204,0.0654771,0,0.902655
2715,10000,20.1241,17.7828,23.7137,0.692804,0.630957,1,0.0723787,0.05,0.1,0.347154,0.3,0.4,0.0109438,67.2833,5.69006,2.42593,0.01,0.95,10,10000,0.938,0.139,161,139,0.0793226,0,0.863354
2716,10000,20.1132,17.7828,23.7137,0.69231,0.630957,1,0.072717,0.05,0.1,0.447471,0.4,0.5,0.0109438,53.0744,4.61765,1.91362,0.01,0.95,10,10000,0.938,0.139,127,121,0.0850182,0,0.952756
2717,10000,20.1765,17.7828,23.7137,0.683801,0.630957,1,0.0785768,0.05,0.1,0.548125,0.5,0.6,0.0109438,32.179,3.96005,1.16023,0.01,0.95,10,10000,0.938,0.139,77,66,0.115115,0,0.857143
2718,10000,20.4823,17.7828,23.7137,0.684984,0.630957,1,0.0768339,0.05,0.1,0.643215,0.6,0.7,0.0109438,22.5671,2.87199,0.813667,0.01,0.95,10,10000,0.938,0.139,54,54,0.127265,0,1
2719,10000,20.3637,17.7828,23.7137,0.673683,0.630957,1,0.0682039,0.05,0.1,0.747475,0.7,0.8,0.0109438,12.5373,2.71508,0.452037,0.01,0.95,10,10000,0.938,0.139,30,23,0.195003,0,0.766667
2720,10000,20.5287,17.7828,23.7137,0.694353,0.630957,1,0.072603,0.05,0.1,0.848035,0.8,0.9,0.0109438,10.8656,-nan,0.391766,0.01,0.95,10,10000,0.938,0.139,26,29,0.173662,0,1.11538
2721,10000,20.2741,17.7828,23.7137,0.688705,0.630957,1,0.0691196,0.05,0.1,0.945912,0.9,1,0.0109438,7.10445,-nan,0.256155,0.01,0.95,10,10000,0.938,0.139,17,18,0.220429,0,1.05882
2722,10000,20.4284,17.7828,23.7137,0.67861,0.630957,1,0.0712468,0.05,0.1,1.11382,1,1.5,0.0547192,1.58805,0.472488,0.0572581,0.01,0.95,10,10000,0.938,0.139,19,13,0.259378,0,0.684211
2723,10000,20.6922,17.7828,23.7137,0.728017,0.630957,1,0.121632,0.1,0.15,0.0722318,0,0.1,0.0109438,11.7014,-nan,0.421902,0.01,0.95,10,10000,0.938,0.139,28,31,0.167967,0,1.10714
2724,10000,20.11,17.7828,23.7137,0.706205,0.630957,1,0.125629,0.1,0.15,0.157067,0.1,0.2,0.0109438,27.9999,3.29603,1.00955,0.01,0.95,10,10000,0.938,0.139,67,65,0.115997,0,0.970149
2725,10000,20.2495,17.7828,23.7137,0.689009,0.630957,1,0.121886,0.1,0.15,0.256309,0.2,0.3,0.0109438,40.5371,4.18092,1.46159,0.01,0.95,10,10000,0.938,0.139,97,89,0.099131,0,0.917526
2726,10000,20.3372,17.7828,23.7137,0.68549,0.630957,1,0.12215,0.1,0.15,0.34841,0.3,0.4,0.0109438,39.2834,4.12668,1.41638,0.01,0.95,10,10000,0.938,0.139,94,86,0.100845,0,0.914894
2727,10000,20.5875,17.7828,23.7137,0.693337,0.630957,1,0.120257,0.1,0.15,0.450176,0.4,0.5,0.0109438,30.9252,3.85169,1.11503,0.01,0.95,10,10000,0.938,0.139,74,64,0.1169,0,0.864865
2728,10000,20.2588,17.7828,23.7137,0.690431,0.630957,1,0.121392,0.1,0.15,0.548757,0.5,0.6,0.0109438,26.7462,4.10459,0.964346,0.01,0.95,10,10000,0.938,0.139,64,47,0.136413,0,0.734375
2729,10000,20.1187,17.7828,23.7137,0.699145,0.630957,1,0.123651,0.1,0.15,0.650335,0.6,0.7,0.0109438,22.1492,3.72931,0.798599,0.01,0.95,10,10000,0.938,0.139,53,39,0.149752,0,0.735849
2730,10000,20.7738,17.7828,23.7137,0.704469,0.630957,1,0.119731,0.1,0.15,0.737886,0.7,0.8,0.0109438,10.8656,-nan,0.391766,0.01,0.95,10,10000,0.938,0.139,26,29,0.173662,0,1.11538
2731,10000,19.6721,17.7828,23.7137,0.68555,0.630957,1,0.126338,0.1,0.15,0.83428,0.8,0.9,0.0109438,6.68654,2.16003,0.241087,0.01,0.95,10,10000,0.938,0.139,16,11,0.281973,0,0.6875
2732,10000,20.8874,17.7828,23.7137,0.682638,0.630957,1,0.123244,0.1,0.15,0.955194,0.9,1,0.0109438,5.0149,-nan,0.180815,0.01,0.95,10,10000,0.938,0.139,12,18,0.220429,0,1.5
2733,10000,20.5984,17.7828,23.7137,0.681673,0.630957,1,0.129713,0.1,0.15,1.1716,1,1.5,0.0547192,1.75522,0.394106,0.0632852,0.01,0.95,10,10000,0.938,0.139,21,19,0.21455,0,0.904762
2734,10000,20.7626,17.7828,23.7137,0.672472,0.630957,1,0.172364,0.15,0.2,0.068153,0,0.1,0.0109438,5.0149,1.35387,0.180815,0.01,0.95,10,10000,0.938,0.139,12,12,0.269969,0,1
2735,10000,20.5024,17.7828,23.7137,0.710134,0.630957,1,0.171611,0.15,0.2,0.15177,0.1,0.2,0.0109438,17.5522,3.22877,0.632852,0.01,0.95,10,10000,0.938,0.139,42,32,0.165322,0,0.761905
2736,10000,20.6061,17.7828,23.7137,0.7049,0.630957,1,0.171489,0.15,0.2,0.25195,0.2,0.3,0.0109438,17.1343,-nan,0.617784,0.01,0.95,10,10000,0.938,0.139,41,45,0.139411,0,1.09756
2737,10000,19.9299,17.7828,23.7137,0.69394,0.630957,1,0.17426,0.15,0.2,0.351395,0.3,0.4,0.0109438,24.2387,3.30208,0.873939,0.01,0.95,10,10000,0.938,0.139,58,52,0.129689,0,0.896552
2738,10000,20.0044,17.7828,23.7137,0.696825,0.630957,1,0.171807,0.15,0.2,0.440301,0.4,0.5,0.0109438,21.3133,3.26936,0.768464,0.01,0.95,10,10000,0.938,0.139,51,43,0.142617,0,0.843137
2739,10000,19.5355,17.7828,23.7137,0.688059,0.630957,1,0.17428,0.15,0.2,0.552397,0.5,0.6,0.0109438,15.0447,2.47907,0.542445,0.01,0.95,10,10000,0.938,0.139,36,34,0.160385,0,0.944444
2740,10000,19.9303,17.7828,23.7137,0.688626,0.630957,1,0.172158,0.15,0.2,0.655437,0.6,0.7,0.0109438,9.6119,-nan,0.346562,0.01,0.95,10,10000,0.938,0.139,23,26,0.183408,0,1.13043
2741,10000,20.846,17.7828,23.7137,0.709738,0.630957,1,0.171386,0.15,0.2,0.736879,0.7,0.8,0.0109438,11.7014,2.7746,0.421902,0.01,0.95,10,10000,0.938,0.139,28,20,0.209117,0,0.714286
2742,10000,20.0708,17.7828,23.7137,0.686291,0.630957,1,0.176234,0.15,0.2,0.858646,0.8,0.9,0.0109438,4.17909,-nan,0.150679,0.01,0.95,10,10000,0.938,0.139,10,11,0.281973,0,1.1
2743,10000,20.6924,17.7828,23.7137,0.686421,0.630957,1,0.175837,0.15,0.2,0.939348,0.9,1,0.0109438,4.597,1.71475,0.165747,0.01,0.95,10,10000,0.938,0.139,11,8,0.330643,0,0.727273
2744,10000,20.2056,17.7828,23.7137,0.702235,0.630957,1,0.173762,0.15,0.2,1.11441,1,1.5,0.0547192,1.33731,0.377991,0.0482173,0.01,0.95,10,10000,0.938,0.139,16,13,0.259378,0,0.8125
2745,10000,20.9377,17.7828,23.7137,0.736681,0.630957,1,0.219226,0.2,0.25,0.0620234,0,0.1,0.0109438,2.92536,1.3873,0.105475,0.01,0.95,10,10000,0.938,0.139,7,5,0.418234,0,0.714286
2746,10000,20.1829,17.7828,23.7137,0.707348,0.630957,1,0.225114,0.2,0.25,0.150061,0.1,0.2,0.0109438,10.4477,-nan,0.376698,0.01,0.95,10,10000,0.938,0.139,25,26,0.183408,0,1.04
2747,10000,19.5641,17.7828,23.7137,0.696396,0.630957,1,0.221734,0.2,0.25,0.259118,0.2,0.3,0.0109438,12.1194,2.17854,0.436969,0.01,0.95,10,10000,0.938,0.139,29,28,0.176736,0,0.965517
2748,10000,20.156,17.7828,23.7137,0.716374,0.630957,1,0.22511,0.2,0.25,0.339712,0.3,0.4,0.0109438,10.8656,-nan,0.391766,0.01,0.95,10,10000,0.938,0.139,26,30,0.170743,0,1.15385
2749,10000,20.0252,17.7828,23.7137,0.710661,0.630957,1,0.227637,0.2,0.25,0.467131,0.4,0.5,0.0109438,10.8656,2.23773,0.391766,0.01,0.95,10,10000,0.938,0.139,26,23,0.195003,0,0.884615
2750,10000,20.197,17.7828,23.7137,0.691842,0.630957,1,0.222133,0.2,0.25,0.54862,0.5,0.6,0.0109438,8.35817,-nan,0.301358,0.01,0.95,10,10000,0.938,0.139,20,21,0.204077,0,1.05
2751,10000,20.9133,17.7828,23.7137,0.721894,0.630957,1,0.226408,0.2,0.25,0.654219,0.6,0.7,0.0109438,5.0149,1.35387,0.180815,0.01,0.95,10,10000,0.938,0.139,12,12,0.269969,0,1
2752,10000,19.7981,17.7828,23.7137,0.674623,0.630957,1,0.223241,0.2,0.25,0.741564,0.7,0.8,0.0109438,5.43281,1.93669,0.195883,0.01,0.95,10,10000,0.938,0.139,13,9,0.311733,0,0.692308
2753,10000,20.9798,17.7828,23.7137,0.69644,0.630957,1,0.220179,0.2,0.25,0.846965,0.8,0.9,0.0109438,3.76118,1.46979,0.135611,0.01,0.95,10,10000,0.938,0.139,9,7,0.353472,0,0.777778
2754,10000,20.4459,17.7828,23.7137,0.664209,0.630957,1,0.232005,0.2,0.25,0.950649,0.9,1,0.0109438,2.50745,1.35387,0.0904075,0.01,0.95,10,10000,0.938,0.139,6,4,0.4676,0,0.666667
2755,10000,20.8066,17.7828,23.7137,0.680785,0.630957,1,0.225796,0.2,0.25,1.15359,1,1.5,0.0547192,0.752236,-nan,0.0271222,0.01,0.95,10,10000,0.938,0.139,9,12,0.269969,0,1.33333
2756,10000,20.1973,17.7828,23.7137,0.725001,0.630957,1,0.275668,0.25,0.3,0.0570542,0,0.1,0.0109438,1.67163,-nan,0.0602716,0.01,0.95,10,10000,0.938,0.139,4,6,0.381794,0,1.5
2757,10000,20.1492,17.7828,23.7137,0.675881,0.630957,1,0.280026,0.25,0.3,0.140808,0.1,0.2,0.0109438,6.68654,2.01823,0.241087,0.01,0.95,10,10000,0.938,0.139,16,12,0.269969,0,0.75
2758,10000,19.7812,17.7828,23.7137,0.67689,0.630957,1,0.269683,0.25,0.3,0.247202,0.2,0.3,0.0109438,7.10445,-nan,0.256155,0.01,0.95,10,10000,0.938,0.139,17,18,0.220429,0,1.05882
2759,10000,21.1832,17.7828,23.7137,0.676886,0.630957,1,0.269446,0.25,0.3,0.357141,0.3,0.4,0.0109438,8.35817,2.14065,0.301358,0.01,0.95,10,10000,0.938,0.139,20,16,0.2338,0,0.8
2760,10000,20.2848,17.7828,23.7137,0.671882,0.630957,1,0.276466,0.25,0.3,0.447999,0.4,0.5,0.0109438,9.6119,2.98631,0.346562,0.01,0.95,10,10000,0.938,0.139,23,13,0.259378,0,0.565217
2761,10000,20.0917,17.7828,23.7137,0.668376,0.630957,1,0.276215,0.25,0.3,0.557965,0.5,0.6,0.0109438,8.77608,1.87842,0.316426,0.01,0.95,10,10000,0.938,0.139,21,20,0.209117,0,0.952381
2762,10000,19.7515,17.7828,23.7137,0.709265,0.630957,1,0.276506,0.25,0.3,0.67224,0.6,0.7,0.0109438,2.92536,-nan,0.105475,0.01,0.95,10,10000,0.938,0.139,7,8,0.330643,0,1.14286
2763,10000,19.9069,17.7828,23.7137,0.685326,0.630957,1,0.27467,0.25,0.3,0.743994,0.7,0.8,0.0109438,5.85072,-nan,0.210951,0.01,0.95,10,10000,0.938,0.139,14,15,0.241468,0,1.07143
2764,10000,19.1751,17.7828,23.7137,0.691441,0.630957,1,0.266897,0.25,0.3,0.859828,0.8,0.9,0.0109438,2.08954,1.33493,0.0753396,0.01,0.95,10,10000,0.938,0.139,5,3,0.539938,0,0.6
2765,10000,21.1025,17.7828,23.7137,0.667504,0.630957,1,0.271806,0.25,0.3,0.975587,0.9,1,0.0109438,1.25373,0.676934,0.0452037,0.01,0.95,10,10000,0.938,0.139,3,3,0.539938,0,1
2766,10000,20.1207,17.7828,23.7137,0.665703,0.630957,1,0.272163,0.25,0.3,1.20486,1,1.5,0.0547192,1.00298,0.349567,0.036163,0.01,0.95,10,10000,0.938,0.139,12,9,0.311733,0,0.75
2767,10000,18.8441,17.7828,23.7137,0.689484,0.630957,1,0.322176,0.3,0.4,0.0770793,0,0.1,0.0218877,2.50745,1.17248,0.0904075,0.01,0.95,10,10000,0.938,0.139,12,6,0.381794,0,0.5
2768,10000,20.2192,17.7828,23.7137,0.655915,0.630957,1,0.349955,0.3,0.4,0.152898,0.1,0.2,0.0218877,4.597,1.80751,0.165747,0.01,0.95,10,10000,0.938,0.139,22,9,0.311733,0,0.409091
2769,10000,20.2233,17.7828,23.7137,0.689893,0.630957,1,0.330824,0.3,0.4,0.242064,0.2,0.3,0.0218877,5.0149,1.65814,0.180815,0.01,0.95,10,10000,0.938,0.139,24,12,0.269969,0,0.5
2770,10000,19.7872,17.7828,23.7137,0.682285,0.630957,1,0.333193,0.3,0.4,0.349315,0.3,0.4,0.0218877,5.22386,1.42431,0.188349,0.01,0.95,10,10000,0.938,0.139,25,16,0.2338,0,0.64
2771,10000,20.1682,17.7828,23.7137,0.70189,0.630957,1,0.334084,0.3,0.4,0.448202,0.4,0.5,0.0218877,5.22386,1.5668,0.188349,0.01,0.95,10,10000,0.938,0.139,25,14,0.249943,0,0.56
2772,10000,20.8945,17.7828,23.7137,0.668275,0.630957,1,0.345234,0.3,0.4,0.565178,0.5,0.6,0.0218877,5.85072,2.09144,0.210951,0.01,0.95,10,10000,0.938,0.139,28,11,0.281973,0,0.392857
2773,10000,20.9741,17.7828,23.7137,0.66918,0.630957,1,0.348189,0.3,0.4,0.642608,0.6,0.7,0.0218877,5.0149,1.29276,0.180815,0.01,0.95,10,10000,0.938,0.139,24,17,0.226819,0,0.708333
2774,10000,19.6195,17.7828,23.7137,0.660375,0.630957,1,0.331399,0.3,0.4,0.756305,0.7,0.8,0.0218877,3.55222,1.34285,0.128077,0.01,0.95,10,10000,0.938,0.139,17,9,0.311733,0,0.529412
2775,10000,20.1002,17.7828,23.7137,0.675709,0.630957,1,0.371715,0.3,0.4,0.832705,0.8,0.9,0.0218877,1.46268,0.517017,0.0527377,0.01,0.95,10,10000,0.938,0.139,7,7,0.353472,0,1
2776,10000,20.0792,17.7828,23.7137,0.664863,0.630957,1,0.329206,0.3,0.4,0.945212,0.9,1,0.0218877,1.46268,0.990012,0.0527377,0.01,0.95,10,10000,0.938,0.139,7,3,0.539938,0,0.428571
2777,10000,18.8696,17.7828,23.7137,0.668034,0.630957,1,0.348717,0.3,0.4,1.21676,1,1.5,0.109438,0.668654,0.270774,0.0241087,0.01,0.95,10,10000,0.938,0.139,16,8,0.330643,0,0.5
2778,10000,23.38,17.7828,23.7137,0.666392,0.630957,1,0.415687,0.4,0.5,0.524071,0.5,0.6,0.0218877,3.34327,4.35208,0.120543,0.01,0.95,10,10000,0.938,0.139,16,1,0.9352,0,0.0625
2779,10000,19.6755,17.7828,23.7137,0.658407,0.630957,1,0.445498,0.4,0.5,0.75362,0.7,0.8,0.0218877,1.67163,1.46235,0.0602716,0.01,0.95,10,10000,0.938,0.139,8,2,0.661286,0,0.25
2780,10000,21.5598,17.7828,23.7137,0.652436,0.630957,1,0.460122,0.4,0.5,1.43216,1,1.5,0.109438,0.50149,0.449027,0.0180815,0.01,0.95,10,10000,0.938,0.139,12,2,0.661286,0,0.166667
2781,10000,22.4183,17.7828,23.7137,0.716837,0.630957,1,0.668848,0.6,0.7,0.619944,0.6,0.7,0.0218877,1.25373,1.58755,0.0452037,0.01,0.95,10,10000,0.938,0.139,6,1,0.9352,0,0.166667
2782,10000,18.1897,17.7828,23.7137,0.769907,0.630957,1,0.713253,0.7,0.8,0.210675,0.2,0.3,0.0218877,0,0,0,0.01,0.95,10,10000,0.938,0.139,0,1,0.9352,0,0
2783,10000,23.6404,17.7828,23.7137,0.722801,0.630957,1,0.711189,0.7,0.8,0.658162,0.6,0.7,0.0218877,1.25373,1.58755,0.0452037,0.01,0.95,10,10000,0.938,0.139,6,1,0.9352,0,0.166667
2784,10000,23.9676,23.7137,31.6228,0.0617485,0.0398107,0.0630957,0.0737508,0.05,0.1,0.0626418,0,0.1,0.000920811,84.4364,29.6698,3.0444,0.01,0.95,10,10000,0.938,0.139,17,10,0.295736,0,0.588235
2785,10000,24.0516,23.7137,31.6228,0.0617705,0.0398107,0.0630957,0.0710015,0.05,0.1,0.154646,0.1,0.2,0.000920811,129.138,48.5396,4.65614,0.01,0.95,10,10000,0.938,0.139,26,10,0.295736,0,0.384615
2786,10000,23.9888,23.7137,31.6228,0.0618078,0.0398107,0.0630957,0.074526,0.05,0.1,0.246051,0.2,0.3,0.000920811,183.773,38.3902,6.62604,0.01,0.95,10,10000,0.938,0.139,37,26,0.183408,0,0.702703
2787,10000,23.9761,23.7137,31.6228,0.0613847,0.0398107,0.0630957,0.0741361,0.05,0.1,0.348091,0.3,0.4,0.000920811,223.508,41.9499,8.0587,0.01,0.95,10,10000,0.938,0.139,45,32,0.165322,0,0.711111
2788,10000,23.9765,23.7137,31.6228,0.0618054,0.0398107,0.0630957,0.0709909,0.05,0.1,0.455568,0.4,0.5,0.000920811,183.773,44.8864,6.62604,0.01,0.95,10,10000,0.938,0.139,37,21,0.204077,0,0.567568
2789,10000,23.9579,23.7137,31.6228,0.062244,0.0398107,0.0630957,0.0661487,0.05,0.1,0.532272,0.5,0.6,0.000920811,94.3701,31.721,3.40256,0.01,0.95,10,10000,0.938,0.139,19,11,0.281973,0,0.578947
2790,10000,23.9533,23.7137,31.6228,0.0616132,0.0398107,0.0630957,0.071273,0.05,0.1,0.6409,0.6,0.7,0.000920811,74.5027,22.0331,2.68623,0.01,0.95,10,10000,0.938,0.139,15,12,0.269969,0,0.8
2791,10000,23.8716,23.7137,31.6228,0.0617434,0.0398107,0.0630957,0.0642926,0.05,0.1,0.754195,0.7,0.8,0.000920811,39.7348,13.138,1.43266,0.01,0.95,10,10000,0.938,0.139,8,8,0.330643,0,1
2792,10000,23.8637,23.7137,31.6228,0.061493,0.0398107,0.0630957,0.0697156,0.05,0.1,0.862029,0.8,0.9,0.000920811,34.7679,16.4881,1.25358,0.01,0.95,10,10000,0.938,0.139,7,5,0.418234,0,0.714286
2793,10000,23.8982,23.7137,31.6228,0.0615596,0.0398107,0.0630957,0.0710662,0.05,0.1,0.944687,0.9,1,0.000920811,99.3369,24.1624,3.58164,0.01,0.95,10,10000,0.938,0.139,20,17,0.226819,0,0.85
2794,10000,24.0237,23.7137,31.6228,0.0618817,0.0398107,0.0630957,0.0746513,0.05,0.1,1.2028,1,1.5,0.00460405,25.8276,6.24284,0.931228,0.01,0.95,10,10000,0.938,0.139,26,19,0.21455,0,0.730769
2795,10000,23.8064,23.7137,31.6228,0.0606247,0.0398107,0.0630957,0.124181,0.1,0.15,0.0835119,0,0.1,0.000920811,14.9005,8.04537,0.537247,0.01,0.95,10,10000,0.938,0.139,3,3,0.539938,0,1
2796,10000,23.971,23.7137,31.6228,0.0613788,0.0398107,0.0630957,0.12549,0.1,0.15,0.131682,0.1,0.2,0.000920811,29.8011,13.4625,1.07449,0.01,0.95,10,10000,0.938,0.139,6,5,0.418234,0,0.833333
2797,10000,23.9139,23.7137,31.6228,0.0616342,0.0398107,0.0630957,0.121744,0.1,0.15,0.244789,0.2,0.3,0.000920811,84.4364,22.8908,3.0444,0.01,0.95,10,10000,0.938,0.139,17,14,0.249943,0,0.823529
2798,10000,23.9155,23.7137,31.6228,0.06158,0.0398107,0.0630957,0.114901,0.1,0.15,0.354714,0.3,0.4,0.000920811,54.6353,18.5154,1.9699,0.01,0.95,10,10000,0.938,0.139,11,9,0.311733,0,0.818182
2799,10000,24.0074,23.7137,31.6228,0.0618055,0.0398107,0.0630957,0.119941,0.1,0.15,0.450104,0.4,0.5,0.000920811,74.5027,20.5723,2.68623,0.01,0.95,10,10000,0.938,0.139,15,13,0.259378,0,0.866667
2800,10000,23.9379,23.7137,31.6228,0.0618765,0.0398107,0.0630957,0.122157,0.1,0.15,0.557354,0.5,0.6,0.000920811,69.5359,25.2525,2.50715,0.01,0.95,10,10000,0.938,0.139,14,9,0.311733,0,0.642857
2801,10000,23.9067,23.7137,31.6228,0.0615766,0.0398107,0.0630957,0.126682,0.1,0.15,0.641176,0.6,0.7,0.000920811,39.7348,16.9611,1.43266,0.01,0.95,10,10000,0.938,0.139,8,6,0.381794,0,0.75
2802,10000,23.8978,23.7137,31.6228,0.061226,0.0398107,0.0630957,0.120073,0.1,0.15,0.746311,0.7,0.8,0.000920811,39.7348,13.138,1.43266,0.01,0.95,10,10000,0.938,0.139,8,8,0.330643,0,1
2803,10000,23.8879,23.7137,31.6228,0.0613731,0.0398107,0.0630957,0.115201,0.1,0.15,0.835292,0.8,0.9,0.000920811,39.7348,14.8971,1.43266,0.01,0.95,10,10000,0.938,0.139,8,7,0.353472,0,0.875
2804,10000,23.9624,23.7137,31.6228,0.0627043,0.0398107,0.0630957,0.123037,0.1,0.15,0.934029,0.9,1,0.000920811,14.9005,11.3779,0.537247,0.01,0.95,10,10000,0.938,0.139,3,2,0.661286,0,0.666667
2805,10000,23.9747,23.7137,31.6228,0.0617583,0.0398107,0.0630957,0.115842,0.1,0.15,1.15734,1,1.5,0.00460405,17.8806,5.9419,0.644696,0.01,0.95,10,10000,0.938,0.139,18,11,0.281973,0,0.611111
2806,10000,24.1817,23.7137,31.6228,0.0622499,0.0398107,0.0630957,0.179636,0.15,0.2,0.0581827,0,0.1,0.000920811,14.9005,11.3779,0.537247,0.01,0.95,10,10000,0.938,0.139,3,2,0.661286,0,0.666667
2807,10000,23.9209,23.7137,31.6228,0.0615176,0.0398107,0.0630957,0.169075,0.15,0.2,0.160262,0.1,0.2,0.000920811,24.8342,12.7208,0.895411,0.01,0.95,10,10000,0.938,0.139,5,4,0.4676,0,0.8
2808,10000,23.8721,23.7137,31.6228,0.0616388,0.0398107,0.0630957,0.178196,0.15,0.2,0.261106,0.2,0.3,0.000920811,54.6353,18.5154,1.9699,0.01,0.95,10,10000,0.938,0.139,11,9,0.311733,0,0.818182
2809,10000,23.9224,23.7137,31.6228,0.061328,0.0398107,0.0630957,0.167666,0.15,0.2,0.337227,0.3,0.4,0.000920811,59.6022,25.0756,2.14899,0.01,0.95,10,10000,0.938,0.139,12,7,0.353472,0,0.583333
2810,10000,23.9623,23.7137,31.6228,0.0615241,0.0398107,0.0630957,0.170292,0.15,0.2,0.447583,0.4,0.5,0.000920811,34.7679,14.1907,1.25358,0.01,0.95,10,10000,0.938,0.139,7,6,0.381794,0,0.857143
2811,10000,23.9664,23.7137,31.6228,0.0617296,0.0398107,0.0630957,0.167432,0.15,0.2,0.565557,0.5,0.6,0.000920811,39.7348,27.349,1.43266,0.01,0.95,10,10000,0.938,0.139,8,3,0.539938,0,0.375
2812,10000,23.9458,23.7137,31.6228,0.0618785,0.0398107,0.0630957,0.177267,0.15,0.2,0.662479,0.6,0.7,0.000920811,44.7016,13.935,1.61174,0.01,0.95,10,10000,0.938,0.139,9,9,0.311733,0,1
2813,10000,23.873,23.7137,31.6228,0.0606577,0.0398107,0.0630957,0.191772,0.15,0.2,0.795588,0.7,0.8,0.000920811,9.93369,11.3779,0.358164,0.01,0.95,10,10000,0.938,0.139,2,1,0.9352,0,0.5
2814,10000,24.0523,23.7137,31.6228,0.0620889,0.0398107,0.0630957,0.175705,0.15,0.2,0.86091,0.8,0.9,0.000920811,19.8674,11.9933,0.716329,0.01,0.95,10,10000,0.938,0.139,4,3,0.539938,0,0.75
2815,10000,23.9076,23.7137,31.6228,0.0629699,0.0398107,0.0630957,0.162137,0.15,0.2,0.997069,0.9,1,0.000920811,4.96685,4.64499,0.179082,0.01,0.95,10,10000,0.938,0.139,1,1,0.9352,0,1
2816,10000,23.889,23.7137,31.6228,0.0612199,0.0398107,0.0630957,0.181672,0.15,0.2,1.224,1,1.5,0.00460405,5.96022,3.94141,0.214899,0.01,0.95,10,10000,0.938,0.139,6,3,0.539938,0,0.5
2817,10000,24.0439,23.7137,31.6228,0.0620946,0.0398107,0.0630957,0.226803,0.2,0.25,0.0873107,0,0.1,0.000920811,14.9005,11.3779,0.537247,0.01,0.95,10,10000,0.938,0.139,3,2,0.661286,0,0.666667
2818,10000,24.2014,23.7137,31.6228,0.0622724,0.0398107,0.0630957,0.23621,0.2,0.25,0.158565,0.1,0.2,0.000920811,4.96685,4.64499,0.179082,0.01,0.95,10,10000,0.938,0.139,1,1,0.9352,0,1
2819,10000,23.9176,23.7137,31.6228,0.0623995,0.0398107,0.0630957,0.22252,0.2,0.25,0.255144,0.2,0.3,0.000920811,9.93369,6.56901,0.358164,0.01,0.95,10,10000,0.938,0.139,2,2,0.661286,0,1
2820,10000,24.0851,23.7137,31.6228,0.0622885,0.0398107,0.0630957,0.232777,0.2,0.25,0.33475,0.3,0.4,0.000920811,29.8011,16.0907,1.07449,0.01,0.95,10,10000,0.938,0.139,6,4,0.4676,0,0.666667
2821,10000,23.8793,23.7137,31.6228,0.0620298,0.0398107,0.0630957,0.206405,0.2,0.25,0.435682,0.4,0.5,0.000920811,9.93369,11.3779,0.358164,0.01,0.95,10,10000,0.938,0.139,2,1,0.9352,0,0.5
2822,10000,24.0061,23.7137,31.6228,0.0618037,0.0398107,0.0630957,0.2255,0.2,0.25,0.579943,0.5,0.6,0.000920811,24.8342,12.7208,0.895411,0.01,0.95,10,10000,0.938,0.139,5,4,0.4676,0,0.8
2823,10000,23.9679,23.7137,31.6228,0.061398,0.0398107,0.0630957,0.230961,0.2,0.25,0.667424,0.6,0.7,0.000920811,19.8674,11.9933,0.716329,0.01,0.95,10,10000,0.938,0.139,4,3,0.539938,0,0.75
2824,10000,23.9268,23.7137,31.6228,0.0629176,0.0398107,0.0630957,0.204585,0.2,0.25,0.782533,0.7,0.8,0.000920811,9.93369,11.3779,0.358164,0.01,0.95,10,10000,0.938,0.139,2,1,0.9352,0,0.5
2825,10000,24.0445,23.7137,31.6228,0.0622161,0.0398107,0.0630957,0.230616,0.2,0.25,0.881445,0.8,0.9,0.000920811,9.93369,6.56901,0.358164,0.01,0.95,10,10000,0.938,0.139,2,2,0.661286,0,1
2826,10000,23.9084,23.7137,31.6228,0.0616731,0.0398107,0.0630957,0.226228,0.2,0.25,1.12539,1,1.5,0.00460405,8.94032,6.23191,0.322348,0.01,0.95,10,10000,0.938,0.139,9,3,0.539938,0,0.333333
2827,10000,23.7552,23.7137,31.6228,0.060871,0.0398107,0.0630957,0.268995,0.25,0.3,0.1835,0.1,0.2,0.000920811,4.96685,4.64499,0.179082,0.01,0.95,10,10000,0.938,0.139,1,1,0.9352,0,1
2828,10000,23.8431,23.7137,31.6228,0.0620593,0.0398107,0.0630957,0.276103,0.25,0.3,0.284002,0.2,0.3,0.000920811,14.9005,17.99,0.537247,0.01,0.95,10,10000,0.938,0.139,3,1,0.9352,0,0.333333
2829,10000,23.9394,23.7137,31.6228,0.0613619,0.0398107,0.0630957,0.277745,0.25,0.3,0.338482,0.3,0.4,0.000920811,14.9005,11.3779,0.537247,0.01,0.95,10,10000,0.938,0.139,3,2,0.661286,0,0.666667
2830,10000,23.9441,23.7137,31.6228,0.0608553,0.0398107,0.0630957,0.284466,0.25,0.3,0.417871,0.4,0.5,0.000920811,9.93369,6.56901,0.358164,0.01,0.95,10,10000,0.938,0.139,2,2,0.661286,0,1
2831,10000,23.8626,23.7137,31.6228,0.0614709,0.0398107,0.0630957,0.271695,0.25,0.3,0.554939,0.5,0.6,0.000920811,19.8674,16.0907,0.716329,0.01,0.95,10,10000,0.938,0.139,4,2,0.661286,0,0.5
2832,10000,23.7491,23.7137,31.6228,0.0599573,0.0398107,0.0630957,0.27107,0.25,0.3,0.60142,0.6,0.7,0.000920811,9.93369,11.3779,0.358164,0.01,0.95,10,10000,0.938,0.139,2,1,0.9352,0,0.5
2833,10000,23.8375,23.7137,31.6228,0.0612475,0.0398107,0.0630957,0.257132,0.25,0.3,0.709226,0.7,0.8,0.000920811,9.93369,11.3779,0.358164,0.01,0.95,10,10000,0.938,0.139,2,1,0.9352,0,0.5
2834,10000,24.0248,23.7137,31.6228,0.0614487,0.0398107,0.0630957,0.275623,0.25,0.3,1.27252,1,1.5,0.00460405,4.96685,2.54417,0.179082,0.01,0.95,10,10000,0.938,0.139,5,4,0.4676,0,0.8
2835,10000,23.9273,23.7137,31.6228,0.0619027,0.0398107,0.0630957,0.391944,0.3,0.4,0.167632,0.1,0.2,0.00184162,4.96685,5.68893,0.179082,0.01,0.95,10,10000,0.938,0.139,2,1,0.9352,0,0.5
2836,10000,24.0773,23.7137,31.6228,0.0626055,0.0398107,0.0630957,0.330724,0.3,0.4,0.295684,0.2,0.3,0.00184162,4.96685,5.68893,0.179082,0.01,0.95,10,10000,0.938,0.139,2,1,0.9352,0,0.5
2837,10000,23.9217,23.7137,31.6228,0.0608724,0.0398107,0.0630957,0.352391,0.3,0.4,0.344135,0.3,0.4,0.00184162,12.4171,10.3865,0.447706,0.01,0.95,10,10000,0.938,0.139,5,2,0.661286,0,0.4
2838,10000,23.9421,23.7137,31.6228,0.062386,0.0398107,0.0630957,0.359438,0.3,0.4,0.437822,0.4,0.5,0.00184162,7.45027,5.68893,0.268623,0.01,0.95,10,10000,0.938,0.139,3,2,0.661286,0,0.666667
2839,10000,23.9097,23.7137,31.6228,0.0603872,0.0398107,0.0630957,0.358024,0.3,0.4,0.568869,0.5,0.6,0.00184162,7.45027,8.99499,0.268623,0.01,0.95,10,10000,0.938,0.139,3,1,0.9352,0,0.333333
2840,10000,24.2018,23.7137,31.6228,0.0622461,0.0398107,0.0630957,0.312959,0.3,0.4,0.690413,0.6,0.7,0.00184162,4.96685,3.28451,0.179082,0.01,0.95,10,10000,0.938,0.139,2,2,0.661286,0,1
2841,10000,23.9103,23.7137,31.6228,0.0615405,0.0398107,0.0630957,0.346836,0.3,0.4,0.745628,0.7,0.8,0.00184162,17.384,7.09535,0.626788,0.01,0.95,10,10000,0.938,0.139,7,6,0.381794,0,0.857143
2842,10000,23.7549,23.7137,31.6228,0.0595295,0.0398107,0.0630957,0.319764,0.3,0.4,0.861958,0.8,0.9,0.00184162,9.93369,12.2895,0.358164,0.01,0.95,10,10000,0.938,0.139,4,1,0.9352,0,0.25
2843,10000,23.8194,23.7137,31.6228,0.0627782,0.0398107,0.0630957,0.331031,0.3,0.4,0.926755,0.9,1,0.00184162,2.48342,2.3225,0.0895411,0.01,0.95,10,10000,0.938,0.139,1,1,0.9352,0,1
2844,10000,23.9317,23.7137,31.6228,0.0604417,0.0398107,0.0630957,0.381295,0.3,0.4,1.34913,1,1.5,0.00920811,1.49005,1.799,0.0537247,0.01,0.95,10,10000,0.938,0.139,3,1,0.9352,0,0.333333
2845,10000,24.1243,23.7137,31.6228,0.0618063,0.0398107,0.0630957,0.419946,0.4,0.5,0.220605,0.2,0.3,0.00184162,4.96685,5.68893,0.179082,0.01,0.95,10,10000,0.938,0.139,2,1,0.9352,0,0.5
2846,10000,23.8127,23.7137,31.6228,0.0598516,0.0398107,0.0630957,0.44233,0.4,0.5,0.419478,0.4,0.5,0.00184162,2.48342,2.3225,0.0895411,0.01,0.95,10,10000,0.938,0.139,1,1,0.9352,0,1
2847,10000,24.0092,23.7137,31.6228,0.0630771,0.0398107,0.0630957,0.483742,0.4,0.5,0.682249,0.6,0.7,0.00184162,2.48342,2.3225,0.0895411,0.01,0.95,10,10000,0.938,0.139,1,1,0.9352,0,1
2848,10000,23.873,23.7137,31.6228,0.0611632,0.0398107,0.0630957,0.469839,0.4,0.5,0.820887,0.8,0.9,0.00184162,2.48342,2.3225,0.0895411,0.01,0.95,10,10000,0.938,0.139,1,1,0.9352,0,1
2849,10000,23.7475,23.7137,31.6228,0.0603819,0.0398107,0.0630957,0.41367,0.4,0.5,1.08926,1,1.5,0.00920811,1.98674,2.4579,0.0716329,0.01,0.95,10,10000,0.938,0.139,4,1,0.9352,0,0.25
2850,10000,23.9095,23.7137,31.6228,0.0624112,0.0398107,0.0630957,0.627176,0.6,0.7,0.528271,0.5,0.6,0.00184162,4.96685,3.28451,0.179082,0.01,0.95,10,10000,0.938,0.139,2,2,0.661286,0,1
2851,10000,24.1367,23.7137,31.6228,0.0614562,0.0398107,0.0630957,0.780484,0.7,0.8,0.64925,0.6,0.7,0.00184162,2.48342,2.3225,0.0895411,0.01,0.95,10,10000,0.938,0.139,1,1,0.9352,0,1
2852,10000,23.8227,23.7137,31.6228,0.0599408,0.0398107,0.0630957,0.737114,0.7,0.8,0.981253,0.9,1,0.00184162,2.48342,2.3225,0.0895411,0.01,0.95,10,10000,0.938,0.139,1,1,0.9352,0,1
2853,10000,25.488,23.7137,31.6228,0.0843451,0.0630957,0.1,0.070035,0.05,0.1,0.0654524,0,0.1,0.00145939,1993.14,94.7826,71.8636,0.01,0.95,10,10000,0.938,0.139,636,481,0.0426414,0,0.756289
2854,10000,25.6535,23.7137,31.6228,0.0847946,0.0630957,0.1,0.070987,0.05,0.1,0.154328,0.1,0.2,0.00145939,5145.8,156.095,185.535,0.01,0.95,10,10000,0.938,0.139,1642,1204,0.026952,0,0.733252
2855,10000,25.6796,23.7137,31.6228,0.0849129,0.0630957,0.1,0.07086,0.05,0.1,0.250724,0.2,0.3,0.00145939,6521.57,174.812,235.139,0.01,0.95,10,10000,0.938,0.139,2081,1536,0.0238621,0,0.738107
2856,10000,25.6821,23.7137,31.6228,0.0846993,0.0630957,0.1,0.0714904,0.05,0.1,0.349328,0.3,0.4,0.00145939,6314.73,174.453,227.681,0.01,0.95,10,10000,0.938,0.139,2015,1461,0.0244669,0,0.725062
2857,10000,25.6637,23.7137,31.6228,0.0846398,0.0630957,0.1,0.0724123,0.05,0.1,0.447766,0.4,0.5,0.00145939,5164.61,156.319,186.213,0.01,0.95,10,10000,0.938,0.139,1648,1209,0.0268962,0,0.733617
2858,10000,25.6477,23.7137,31.6228,0.0841407,0.0630957,0.1,0.072154,0.05,0.1,0.547448,0.5,0.6,0.00145939,4446.95,145.052,160.337,0.01,0.95,10,10000,0.938,0.139,1419,1041,0.0289854,0,0.733615
2859,10000,25.732,23.7137,31.6228,0.0839027,0.0630957,0.1,0.0716893,0.05,0.1,0.647001,0.6,0.7,0.00145939,3447.25,129.732,124.292,0.01,0.95,10,10000,0.938,0.139,1100,791,0.0332519,0,0.719091
2860,10000,25.6829,23.7137,31.6228,0.083397,0.0630957,0.1,0.0723797,0.05,0.1,0.745377,0.7,0.8,0.00145939,2782.87,114.949,100.338,0.01,0.95,10,10000,0.938,0.139,888,650,0.0366816,0,0.731982
2861,10000,25.7857,23.7137,31.6228,0.0834621,0.0630957,0.1,0.0728708,0.05,0.1,0.851259,0.8,0.9,0.00145939,2259.52,105.422,81.468,0.01,0.95,10,10000,0.938,0.139,721,516,0.0411699,0,0.715673
2862,10000,25.8404,23.7137,31.6228,0.0839595,0.0630957,0.1,0.0719957,0.05,0.1,0.947096,0.9,1,0.00145939,1651.55,89.7888,59.5473,0.01,0.95,10,10000,0.938,0.139,527,379,0.048038,0,0.719165
2863,10000,25.8499,23.7137,31.6228,0.0837899,0.0630957,0.1,0.0718025,0.05,0.1,1.21406,1,1.5,0.00729695,989.047,32.1243,35.6606,0.01,0.95,10,10000,0.938,0.139,1578,1087,0.0283654,0,0.688847
2864,10000,25.8694,23.7137,31.6228,0.0847056,0.0630957,0.1,0.122161,0.1,0.15,0.0667585,0,0.1,0.00145939,545.292,51.9604,19.6608,0.01,0.95,10,10000,0.938,0.139,174,124,0.0839834,0,0.712644
2865,10000,25.7142,23.7137,31.6228,0.0844323,0.0630957,0.1,0.121565,0.1,0.15,0.154873,0.1,0.2,0.00145939,1623.34,89.4923,58.5304,0.01,0.95,10,10000,0.938,0.139,518,370,0.0486187,0,0.714286
2866,10000,25.6929,23.7137,31.6228,0.0842015,0.0630957,0.1,0.120782,0.1,0.15,0.251366,0.2,0.3,0.00145939,2500.82,108.986,90.1685,0.01,0.95,10,10000,0.938,0.139,798,584,0.0386988,0,0.73183
2867,10000,25.7306,23.7137,31.6228,0.0839222,0.0630957,0.1,0.121415,0.1,0.15,0.349111,0.3,0.4,0.00145939,2751.53,116.243,99.2079,0.01,0.95,10,10000,0.938,0.139,878,629,0.0372889,0,0.716401
2868,10000,25.7515,23.7137,31.6228,0.0835111,0.0630957,0.1,0.120384,0.1,0.15,0.446947,0.4,0.5,0.00145939,2438.15,105.898,87.9086,0.01,0.95,10,10000,0.938,0.139,778,581,0.0387986,0,0.746787
2869,10000,25.7651,23.7137,31.6228,0.0836809,0.0630957,0.1,0.121151,0.1,0.15,0.548824,0.5,0.6,0.00145939,2005.67,96.3605,72.3156,0.01,0.95,10,10000,0.938,0.139,640,476,0.0428648,0,0.74375
2870,10000,25.765,23.7137,31.6228,0.0839131,0.0630957,0.1,0.121946,0.1,0.15,0.647331,0.6,0.7,0.00145939,1585.73,89.4925,57.1745,0.01,0.95,10,10000,0.938,0.139,506,356,0.0495655,0,0.703557
2871,10000,25.6254,23.7137,31.6228,0.0838627,0.0630957,0.1,0.121684,0.1,0.15,0.749391,0.7,0.8,0.00145939,1375.77,81.6899,49.6039,0.01,0.95,10,10000,0.938,0.139,439,317,0.0525261,0,0.722096
2872,10000,25.7306,23.7137,31.6228,0.0832003,0.0630957,0.1,0.122777,0.1,0.15,0.845851,0.8,0.9,0.00145939,1002.84,73.1981,36.1578,0.01,0.95,10,10000,0.938,0.139,320,217,0.0634855,0,0.678125
2873,10000,25.6868,23.7137,31.6228,0.0838356,0.0630957,0.1,0.12293,0.1,0.15,0.947998,0.9,1,0.00145939,817.938,64.7155,29.4912,0.01,0.95,10,10000,0.938,0.139,261,182,0.0693216,0,0.697318
2874,10000,25.8226,23.7137,31.6228,0.0841796,0.0630957,0.1,0.122864,0.1,0.15,1.21703,1,1.5,0.00729695,476.974,23.5373,17.1975,0.01,0.95,10,10000,0.938,0.139,761,488,0.0423345,0,0.641261
2875,10000,25.7917,23.7137,31.6228,0.084933,0.0630957,0.1,0.169338,0.15,0.2,0.0720573,0,0.1,0.00145939,269.512,40.7258,9.7174,0.01,0.95,10,10000,0.938,0.139,86,53,0.12846,0,0.616279
2876,10000,25.5439,23.7137,31.6228,0.0816353,0.0630957,0.1,0.170721,0.15,0.2,0.153016,0.1,0.2,0.00145939,755.261,70.4025,27.2313,0.01,0.95,10,10000,0.938,0.139,241,142,0.0784802,0,0.589212
2877,10000,25.6988,23.7137,31.6228,0.083257,0.0630957,0.1,0.169927,0.15,0.2,0.25414,0.2,0.3,0.00145939,1206.54,88.3885,43.5023,0.01,0.95,10,10000,0.938,0.139,385,229,0.0617997,0,0.594805
2878,10000,25.8503,23.7137,31.6228,0.0843555,0.0630957,0.1,0.172271,0.15,0.2,0.348937,0.3,0.4,0.00145939,1309.95,92.5298,47.2311,0.01,0.95,10,10000,0.938,0.139,418,247,0.0595053,0,0.590909
2879,10000,25.6556,23.7137,31.6228,0.0819198,0.0630957,0.1,0.17198,0.15,0.2,0.447415,0.4,0.5,0.00145939,1237.88,90.6114,44.6323,0.01,0.95,10,10000,0.938,0.139,395,231,0.0615316,0,0.58481
2880,10000,25.7431,23.7137,31.6228,0.0832783,0.0630957,0.1,0.17318,0.15,0.2,0.550377,0.5,0.6,0.00145939,1074.92,87.3811,38.7566,0.01,0.95,10,10000,0.938,0.139,343,191,0.0676687,0,0.556851
2881,10000,25.6084,23.7137,31.6228,0.0822768,0.0630957,0.1,0.171015,0.15,0.2,0.650231,0.6,0.7,0.00145939,1018.51,79.2533,36.7227,0.01,0.95,10,10000,0.938,0.139,325,200,0.0661286,0,0.615385
2882,10000,25.6463,23.7137,31.6228,0.0841378,0.0630957,0.1,0.172288,0.15,0.2,0.746583,0.7,0.8,0.00145939,723.922,65.5326,26.1014,0.01,0.95,10,10000,0.938,0.139,231,146,0.0773977,0,0.632035
2883,10000,25.8359,23.7137,31.6228,0.0845831,0.0630957,0.1,0.17251,0.15,0.2,0.850131,0.8,0.9,0.00145939,617.371,62.1587,22.2596,0.01,0.95,10,10000,0.938,0.139,197,120,0.0853717,0,0.609137
2884,10000,25.5686,23.7137,31.6228,0.0828296,0.0630957,0.1,0.171663,0.15,0.2,0.948963,0.9,1,0.00145939,551.56,59.6341,19.8868,0.01,0.95,10,10000,0.938,0.139,176,105,0.0912662,0,0.596591
2885,10000,25.8515,23.7137,31.6228,0.0847838,0.0630957,0.1,0.17288,0.15,0.2,1.22148,1,1.5,0.00729695,284.555,18.5605,10.2598,0.01,0.95,10,10000,0.938,0.139,454,283,0.0555919,0,0.623348
2886,10000,25.4381,23.7137,31.6228,0.0824356,0.0630957,0.1,0.223587,0.2,0.25,0.0685103,0,0.1,0.00145939,134.756,29.1949,4.8587,0.01,0.95,10,10000,0.938,0.139,43,26,0.183408,0,0.604651
2887,10000,26.2345,23.7137,31.6228,0.0850104,0.0630957,0.1,0.224496,0.2,0.25,0.153431,0.1,0.2,0.00145939,350.993,50.7017,12.6552,0.01,0.95,10,10000,0.938,0.139,112,61,0.11974,0,0.544643
2888,10000,25.337,23.7137,31.6228,0.0837327,0.0630957,0.1,0.222729,0.2,0.25,0.252797,0.2,0.3,0.00145939,582.899,65.0313,21.0167,0.01,0.95,10,10000,0.938,0.139,186,102,0.0925986,0,0.548387
2889,10000,25.519,23.7137,31.6228,0.08311,0.0630957,0.1,0.221779,0.2,0.25,0.352406,0.3,0.4,0.00145939,843.009,83.4639,30.3951,0.01,0.95,10,10000,0.938,0.139,269,134,0.080789,0,0.498141
2890,10000,25.5995,23.7137,31.6228,0.0838279,0.0630957,0.1,0.225059,0.2,0.25,0.447331,0.4,0.5,0.00145939,730.19,71.9218,26.3274,0.01,0.95,10,10000,0.938,0.139,233,130,0.0820225,0,0.55794
2891,10000,25.8675,23.7137,31.6228,0.0836276,0.0630957,0.1,0.223928,0.2,0.25,0.552041,0.5,0.6,0.00145939,648.71,69.2411,23.3896,0.01,0.95,10,10000,0.938,0.139,207,112,0.0883681,0,0.541063
2892,10000,25.9667,23.7137,31.6228,0.0846438,0.0630957,0.1,0.224508,0.2,0.25,0.647327,0.6,0.7,0.00145939,542.158,64.0517,19.5478,0.01,0.95,10,10000,0.938,0.139,173,92,0.0975013,0,0.531792
2893,10000,25.5485,23.7137,31.6228,0.082976,0.0630957,0.1,0.22253,0.2,0.25,0.744492,0.7,0.8,0.00145939,513.954,65.008,18.5309,0.01,0.95,10,10000,0.938,0.139,164,82,0.103276,0,0.5
2894,10000,25.8367,23.7137,31.6228,0.0840794,0.0630957,0.1,0.221423,0.2,0.25,0.85069,0.8,0.9,0.00145939,357.26,51.203,12.8812,0.01,0.95,10,10000,0.938,0.139,114,62,0.11877,0,0.54386
2895,10000,25.861,23.7137,31.6228,0.0839305,0.0630957,0.1,0.223227,0.2,0.25,0.949232,0.9,1,0.00145939,247.575,42.6003,8.92645,0.01,0.95,10,10000,0.938,0.139,79,43,0.142617,0,0.544304
2896,10000,25.6973,23.7137,31.6228,0.0826036,0.0630957,0.1,0.224051,0.2,0.25,1.2148,1,1.5,0.00729695,181.137,17.2992,6.531,0.01,0.95,10,10000,0.938,0.139,289,144,0.0779333,0,0.49827
2897,10000,26.064,23.7137,31.6228,0.0873957,0.0630957,0.1,0.273201,0.25,0.3,0.0606551,0,0.1,0.00145939,97.1498,25.5126,3.50278,0.01,0.95,10,10000,0.938,0.139,31,18,0.220429,0,0.580645
2898,10000,25.6388,23.7137,31.6228,0.0799587,0.0630957,0.1,0.271556,0.25,0.3,0.15087,0.1,0.2,0.00145939,219.37,44.1538,7.90951,0.01,0.95,10,10000,0.938,0.139,70,33,0.162797,0,0.471429
2899,10000,25.8725,23.7137,31.6228,0.0853956,0.0630957,0.1,0.27424,0.25,0.3,0.246148,0.2,0.3,0.00145939,338.457,59.3729,12.2032,0.01,0.95,10,10000,0.938,0.139,108,45,0.139411,0,0.416667
2900,10000,25.6765,23.7137,31.6228,0.0857753,0.0630957,0.1,0.275018,0.25,0.3,0.353013,0.3,0.4,0.00145939,350.993,55.0327,12.6552,0.01,0.95,10,10000,0.938,0.139,112,54,0.127265,0,0.482143
2901,10000,25.5659,23.7137,31.6228,0.0840451,0.0630957,0.1,0.273714,0.25,0.3,0.451492,0.4,0.5,0.00145939,394.867,55.8,14.2371,0.01,0.95,10,10000,0.938,0.139,126,65,0.115997,0,0.515873
2902,10000,25.7652,23.7137,31.6228,0.085852,0.0630957,0.1,0.269274,0.25,0.3,0.548233,0.5,0.6,0.00145939,379.197,63.982,13.6722,0.01,0.95,10,10000,0.938,0.139,121,49,0.1336,0,0.404959
2903,10000,25.786,23.7137,31.6228,0.0865181,0.0630957,0.1,0.2714,0.25,0.3,0.651258,0.6,0.7,0.00145939,357.26,53.5732,12.8812,0.01,0.95,10,10000,0.938,0.139,114,58,0.122798,0,0.508772
2904,10000,25.5402,23.7137,31.6228,0.0828229,0.0630957,0.1,0.269854,0.25,0.3,0.750606,0.7,0.8,0.00145939,310.252,49.508,11.1863,0.01,0.95,10,10000,0.938,0.139,99,51,0.130954,0,0.515152
2905,10000,25.6169,23.7137,31.6228,0.08294,0.0630957,0.1,0.270429,0.25,0.3,0.847777,0.8,0.9,0.00145939,256.977,44.5195,9.26543,0.01,0.95,10,10000,0.938,0.139,82,43,0.142617,0,0.52439
2906,10000,25.3272,23.7137,31.6228,0.0808161,0.0630957,0.1,0.268,0.25,0.3,0.948222,0.9,1,0.00145939,175.496,48.5225,6.32761,0.01,0.95,10,10000,0.938,0.139,56,19,0.21455,0,0.339286
2907,10000,25.8327,23.7137,31.6228,0.0843843,0.0630957,0.1,0.27468,0.25,0.3,1.20966,1,1.5,0.00729695,129.742,14.7495,4.67791,0.01,0.95,10,10000,0.938,0.139,207,102,0.0925986,0,0.492754
2908,10000,26.2501,23.7137,31.6228,0.0869572,0.0630957,0.1,0.347086,0.3,0.4,0.0705356,0,0.1,0.00291878,34.4725,11.2241,1.24292,0.01,0.95,10,10000,0.938,0.139,22,12,0.269969,0,0.545455
2909,10000,26.3322,23.7137,31.6228,0.0859515,0.0630957,0.1,0.340939,0.3,0.4,0.155638,0.1,0.2,0.00291878,94.0159,20.5752,3.38979,0.01,0.95,10,10000,0.938,0.139,60,28,0.176736,0,0.466667
2910,10000,25.747,23.7137,31.6228,0.0847451,0.0630957,0.1,0.336336,0.3,0.4,0.255855,0.2,0.3,0.00291878,145.725,25.0149,5.25418,0.01,0.95,10,10000,0.938,0.139,93,45,0.139411,0,0.483871
2911,10000,25.6385,23.7137,31.6228,0.0825899,0.0630957,0.1,0.339412,0.3,0.4,0.350024,0.3,0.4,0.00291878,205.268,27.5092,7.40104,0.01,0.95,10,10000,0.938,0.139,131,71,0.110988,0,0.541985
2912,10000,25.802,23.7137,31.6228,0.0847451,0.0630957,0.1,0.334287,0.3,0.4,0.447737,0.4,0.5,0.00291878,195.866,33.1825,7.06207,0.01,0.95,10,10000,0.938,0.139,125,49,0.1336,0,0.392
2913,10000,25.7992,23.7137,31.6228,0.0842398,0.0630957,0.1,0.338371,0.3,0.4,0.541939,0.5,0.6,0.00291878,238.174,32.1381,8.58747,0.01,0.95,10,10000,0.938,0.139,152,73,0.109457,0,0.480263
2914,10000,25.8874,23.7137,31.6228,0.0849016,0.0630957,0.1,0.343957,0.3,0.4,0.647878,0.6,0.7,0.00291878,208.402,33.1009,7.51404,0.01,0.95,10,10000,0.938,0.139,133,55,0.126102,0,0.413534
2915,10000,25.9072,23.7137,31.6228,0.0857036,0.0630957,0.1,0.343085,0.3,0.4,0.748622,0.7,0.8,0.00291878,177.063,25.9103,6.38411,0.01,0.95,10,10000,0.938,0.139,113,60,0.120734,0,0.530973
2916,10000,25.503,23.7137,31.6228,0.0827578,0.0630957,0.1,0.338861,0.3,0.4,0.841543,0.8,0.9,0.00291878,161.394,25.5936,5.81914,0.01,0.95,10,10000,0.938,0.139,103,52,0.129689,0,0.504854
2917,10000,25.7244,23.7137,31.6228,0.0840325,0.0630957,0.1,0.348578,0.3,0.4,0.940711,0.9,1,0.00291878,114.386,20.0364,4.12425,0.01,0.95,10,10000,0.938,0.139,73,41,0.146054,0,0.561644
2918,10000,25.7074,23.7137,31.6228,0.082873,0.0630957,0.1,0.34709,0.3,0.4,1.22022,1,1.5,0.0145939,73.3324,8.33587,2.64404,0.01,0.95,10,10000,0.938,0.139,234,105,0.0912662,0,0.448718
2919,10000,25.7463,23.7137,31.6228,0.0860163,0.0630957,0.1,0.436393,0.4,0.5,0.080591,0,0.1,0.00291878,14.1024,7.08863,0.508469,0.01,0.95,10,10000,0.938,0.139,9,5,0.418234,0,0.555556
2920,10000,26.3793,23.7137,31.6228,0.0846375,0.0630957,0.1,0.437699,0.4,0.5,0.140134,0.1,0.2,0.00291878,39.1733,15.6385,1.41241,0.01,0.95,10,10000,0.938,0.139,25,9,0.311733,0,0.36
2921,10000,25.508,23.7137,31.6228,0.0828703,0.0630957,0.1,0.440903,0.4,0.5,0.248601,0.2,0.3,0.00291878,67.3781,15.9036,2.42935,0.01,0.95,10,10000,0.938,0.139,43,23,0.195003,0,0.534884
2922,10000,25.3009,23.7137,31.6228,0.0815942,0.0630957,0.1,0.448768,0.4,0.5,0.354922,0.3,0.4,0.00291878,81.4804,26.7925,2.93782,0.01,0.95,10,10000,0.938,0.139,52,14,0.249943,0,0.269231
2923,10000,26.3913,23.7137,31.6228,0.0863692,0.0630957,0.1,0.447079,0.4,0.5,0.444125,0.4,0.5,0.00291878,81.4804,21.008,2.93782,0.01,0.95,10,10000,0.938,0.139,52,21,0.204077,0,0.403846
2924,10000,25.5767,23.7137,31.6228,0.0851739,0.0630957,0.1,0.436251,0.4,0.5,0.543157,0.5,0.6,0.00291878,94.0159,22.7018,3.38979,0.01,0.95,10,10000,0.938,0.139,60,24,0.190897,0,0.4
2925,10000,25.5465,23.7137,31.6228,0.0846884,0.0630957,0.1,0.450368,0.4,0.5,0.637454,0.6,0.7,0.00291878,59.5434,16.8286,2.14687,0.01,0.95,10,10000,0.938,0.139,38,17,0.226819,0,0.447368
2926,10000,25.7246,23.7137,31.6228,0.0843047,0.0630957,0.1,0.439124,0.4,0.5,0.747764,0.7,0.8,0.00291878,90.882,21.8503,3.2768,0.01,0.95,10,10000,0.938,0.139,58,24,0.190897,0,0.413793
2927,10000,25.4863,23.7137,31.6228,0.081812,0.0630957,0.1,0.451581,0.4,0.5,0.847327,0.8,0.9,0.00291878,61.1103,20.4631,2.20336,0.01,0.95,10,10000,0.938,0.139,39,13,0.259378,0,0.333333
2928,10000,25.7518,23.7137,31.6228,0.0861909,0.0630957,0.1,0.449402,0.4,0.5,0.945333,0.9,1,0.00291878,62.6773,23.212,2.25986,0.01,0.95,10,10000,0.938,0.139,40,11,0.281973,0,0.275
2929,10000,25.8643,23.7137,31.6228,0.0851943,0.0630957,0.1,0.440228,0.4,0.5,1.21284,1,1.5,0.0145939,41.367,6.56392,1.49151,0.01,0.95,10,10000,0.938,0.139,132,55,0.126102,0,0.416667
2930,10000,25.1072,23.7137,31.6228,0.0821527,0.0630957,0.1,0.538018,0.5,0.6,0.0388591,0,0.1,0.00291878,6.26773,7.75414,0.225986,0.01,0.95,10,10000,0.938,0.139,4,1,0.9352,0,0.25
2931,10000,26.2996,23.7137,31.6228,0.0860919,0.0630957,0.1,0.531736,0.5,0.6,0.154899,0.1,0.2,0.00291878,28.2048,12.6544,1.01694,0.01,0.95,10,10000,0.938,0.139,18,7,0.353472,0,0.388889
2932,10000,24.6203,23.7137,31.6228,0.0819159,0.0630957,0.1,0.533263,0.5,0.6,0.25299,0.2,0.3,0.00291878,28.2048,13.902,1.01694,0.01,0.95,10,10000,0.938,0.139,18,6,0.381794,0,0.333333
2933,10000,26.0879,23.7137,31.6228,0.08414,0.0630957,0.1,0.547132,0.5,0.6,0.355014,0.3,0.4,0.00291878,51.7087,16.9972,1.86439,0.01,0.95,10,10000,0.938,0.139,33,13,0.259378,0,0.393939
2934,10000,25.4745,23.7137,31.6228,0.0880903,0.0630957,0.1,0.539207,0.5,0.6,0.437286,0.4,0.5,0.00291878,39.1733,18.1597,1.41241,0.01,0.95,10,10000,0.938,0.139,25,7,0.353472,0,0.28
2935,10000,26.5578,23.7137,31.6228,0.0851521,0.0630957,0.1,0.552731,0.5,0.6,0.552272,0.5,0.6,0.00291878,47.0079,15.2613,1.6949,0.01,0.95,10,10000,0.938,0.139,30,13,0.259378,0,0.433333
2936,10000,26.1344,23.7137,31.6228,0.0801137,0.0630957,0.1,0.530509,0.5,0.6,0.651756,0.6,0.7,0.00291878,39.1733,14.6539,1.41241,0.01,0.95,10,10000,0.938,0.139,25,10,0.295736,0,0.4
2937,10000,25.3595,23.7137,31.6228,0.0829848,0.0630957,0.1,0.534785,0.5,0.6,0.748101,0.7,0.8,0.00291878,37.6064,13.9943,1.35592,0.01,0.95,10,10000,0.938,0.139,24,10,0.295736,0,0.416667
2938,10000,24.8735,23.7137,31.6228,0.0909039,0.0630957,0.1,0.532915,0.5,0.6,0.848959,0.8,0.9,0.00291878,32.9056,16.449,1.18643,0.01,0.95,10,10000,0.938,0.139,21,6,0.381794,0,0.285714
2939,10000,25.5739,23.7137,31.6228,0.0851806,0.0630957,0.1,0.539898,0.5,0.6,0.95214,0.9,1,0.00291878,32.9056,13.8439,1.18643,0.01,0.95,10,10000,0.938,0.139,21,8,0.330643,0,0.380952
2940,10000,25.4544,23.7137,31.6228,0.0829472,0.0630957,0.1,0.543311,0.5,0.6,1.21551,1,1.5,0.0145939,21.937,5.13451,0.790951,0.01,0.95,10,10000,0.938,0.139,70,26,0.183408,0,0.371429
2941,10000,24.6599,23.7137,31.6228,0.0974402,0.0630957,0.1,0.637347,0.6,0.7,0.118792,0.1,0.2,0.00291878,7.83466,9.83016,0.282483,0.01,0.95,10,10000,0.938,0.139,5,1,0.9352,0,0.2
2942,10000,25.7871,23.7137,31.6228,0.0873891,0.0630957,0.1,0.635171,0.6,0.7,0.260575,0.2,0.3,0.00291878,14.1024,9.83016,0.508469,0.01,0.95,10,10000,0.938,0.139,9,3,0.539938,0,0.333333
2943,10000,26.6439,23.7137,31.6228,0.0875521,0.0630957,0.1,0.620154,0.6,0.7,0.374062,0.3,0.4,0.00291878,15.6693,8.02629,0.564965,0.01,0.95,10,10000,0.938,0.139,10,5,0.418234,0,0.5
2944,10000,26.1764,23.7137,31.6228,0.0854425,0.0630957,0.1,0.657937,0.6,0.7,0.438343,0.4,0.5,0.00291878,17.2362,12.2311,0.621462,0.01,0.95,10,10000,0.938,0.139,11,3,0.539938,0,0.272727
2945,10000,25.5238,23.7137,31.6228,0.080412,0.0630957,0.1,0.644741,0.6,0.7,0.56878,0.5,0.6,0.00291878,23.504,10.2876,0.847448,0.01,0.95,10,10000,0.938,0.139,15,7,0.353472,0,0.466667
2946,10000,24.6678,23.7137,31.6228,0.0959533,0.0630957,0.1,0.657595,0.6,0.7,0.604815,0.6,0.7,0.00291878,7.83466,9.83016,0.282483,0.01,0.95,10,10000,0.938,0.139,5,1,0.9352,0,0.2
2947,10000,29.8557,23.7137,31.6228,0.0998584,0.0630957,0.1,0.670254,0.6,0.7,0.710481,0.7,0.8,0.00291878,14.1024,18.1259,0.508469,0.01,0.95,10,10000,0.938,0.139,9,1,0.9352,0,0.111111
2948,10000,25.578,23.7137,31.6228,0.0918158,0.0630957,0.1,0.650559,0.6,0.7,0.837462,0.8,0.9,0.00291878,9.40159,6.21714,0.338979,0.01,0.95,10,10000,0.938,0.139,6,3,0.539938,0,0.5
2949,10000,27.4239,23.7137,31.6228,0.0870029,0.0630957,0.1,0.623195,0.6,0.7,0.964786,0.9,1,0.00291878,10.9685,9.49684,0.395476,0.01,0.95,10,10000,0.938,0.139,7,2,0.661286,0,0.285714
2950,10000,25.7889,23.7137,31.6228,0.0827108,0.0630957,0.1,0.643433,0.6,0.7,1.19153,1,1.5,0.0145939,8.14804,2.72842,0.293782,0.01,0.95,10,10000,0.938,0.139,26,12,0.269969,0,0.461538
2951,10000,25.6309,23.7137,31.6228,0.0753373,0.0630957,0.1,0.71245,0.7,0.8,0.0983875,0,0.1,0.00291878,3.13386,3.58947,0.112993,0.01,0.95,10,10000,0.938,0.139,2,1,0.9352,0,0.5
2952,10000,24.6721,23.7137,31.6228,0.0820527,0.0630957,0.1,0.795477,0.7,0.8,0.128388,0.1,0.2,0.00291878,6.26773,7.75414,0.225986,0.01,0.95,10,10000,0.938,0.139,4,1,0.9352,0,0.25
2953,10000,25.0466,23.7137,31.6228,0.0775345,0.0630957,0.1,0.711263,0.7,0.8,0.254798,0.2,0.3,0.00291878,1.56693,1.46539,0.0564965,0.01,0.95,10,10000,0.938,0.139,1,1,0.9352,0,1
2954,10000,27.4246,23.7137,31.6228,0.08615,0.0630957,0.1,0.763303,0.7,0.8,0.471869,0.4,0.5,0.00291878,10.9685,9.49684,0.395476,0.01,0.95,10,10000,0.938,0.139,7,2,0.661286,0,0.285714
2955,10000,25.683,23.7137,31.6228,0.0782429,0.0630957,0.1,0.750745,0.7,0.8,0.543275,0.5,0.6,0.00291878,14.1024,12.4343,0.508469,0.01,0.95,10,10000,0.938,0.139,9,2,0.661286,0,0.222222
2956,10000,25.8598,23.7137,31.6228,0.0835598,0.0630957,0.1,0.73211,0.7,0.8,0.662948,0.6,0.7,0.00291878,14.1024,8.2245,0.508469,0.01,0.95,10,10000,0.938,0.139,9,4,0.4676,0,0.444444
2957,10000,24.0034,23.7137,31.6228,0.0736103,0.0630957,0.1,0.734167,0.7,0.8,0.872478,0.8,0.9,0.00291878,10.9685,13.979,0.395476,0.01,0.95,10,10000,0.938,0.139,7,1,0.9352,0,0.142857
2958,10000,24.7628,23.7137,31.6228,0.0707492,0.0630957,0.1,0.778634,0.7,0.8,0.930202,0.9,1,0.00291878,3.13386,3.58947,0.112993,0.01,0.95,10,10000,0.938,0.139,2,1,0.9352,0,0.5
2959,10000,25.791,23.7137,31.6228,0.0801313,0.0630957,0.1,0.738049,0.7,0.8,1.23954,1,1.5,0.0145939,4.70079,2.27018,0.16949,0.01,0.95,10,10000,0.938,0.139,15,6,0.381794,0,0.4
2960,10000,29.1352,23.7137,31.6228,0.0981847,0.0630957,0.1,0.86889,0.8,0.9,0.571769,0.5,0.6,0.00291878,7.83466,9.83016,0.282483,0.01,0.95,10,10000,0.938,0.139,5,1,0.9352,0,0.2
2961,10000,24.5264,23.7137,31.6228,0.0692736,0.0630957,0.1,0.833276,0.8,0.9,0.760471,0.7,0.8,0.00291878,4.70079,5.67545,0.16949,0.01,0.95,10,10000,0.938,0.139,3,1,0.9352,0,0.333333
2962,10000,26.6053,23.7137,31.6228,0.0809346,0.0630957,0.1,0.816128,0.8,0.9,0.930825,0.9,1,0.00291878,10.9685,9.49684,0.395476,0.01,0.95,10,10000,0.938,0.139,7,2,0.661286,0,0.285714
2963,10000,23.7411,23.7137,31.6228,0.0760946,0.0630957,0.1,0.829533,0.8,0.9,1.08504,1,1.5,0.0145939,0.940159,1.13509,0.0338979,0.01,0.95,10,10000,0.938,0.139,3,1,0.9352,0,0.333333
2964,10000,26.0372,23.7137,31.6228,0.0773224,0.0630957,0.1,0.934079,0.9,1,0.599033,0.5,0.6,0.00291878,0,0,0,0.01,0.95,10,10000,0.938,0.139,0,1,0.9352,0,0
2965,10000,26.947,23.7137,31.6228,0.156234,0.1,0.251189,0.0687778,0.05,0.1,0.066232,0,0.1,0.0059788,1560.51,48.6458,56.265,0.01,0.95,10,10000,0.938,0.139,2040,1249,0.026462,0,0.612255
2966,10000,26.948,23.7137,31.6228,0.157677,0.1,0.251189,0.0690372,0.05,0.1,0.153227,0.1,0.2,0.0059788,4139.95,77.5847,149.268,0.01,0.95,10,10000,0.938,0.139,5412,3411,0.0160127,0,0.630266
2967,10000,26.9185,23.7137,31.6228,0.15734,0.1,0.251189,0.0696011,0.05,0.1,0.250798,0.2,0.3,0.0059788,5509.22,88.9728,198.638,0.01,0.95,10,10000,0.938,0.139,7202,4576,0.0138249,0,0.635379
2968,10000,26.8262,23.7137,31.6228,0.158086,0.1,0.251189,0.0703627,0.05,0.1,0.349237,0.3,0.4,0.0059788,5187.94,85.8739,187.054,0.01,0.95,10,10000,0.938,0.139,6782,4341,0.0141942,0,0.640077
2969,10000,26.8967,23.7137,31.6228,0.158517,0.1,0.251189,0.0705363,0.05,0.1,0.448748,0.4,0.5,0.0059788,4546.9,79.5562,163.941,0.01,0.95,10,10000,0.938,0.139,5944,3859,0.0150545,0,0.649226
2970,10000,26.9276,23.7137,31.6228,0.158826,0.1,0.251189,0.0704354,0.05,0.1,0.547322,0.5,0.6,0.0059788,3558.58,70.2981,128.306,0.01,0.95,10,10000,0.938,0.139,4652,3025,0.0170036,0,0.650258
2971,10000,26.9786,23.7137,31.6228,0.159211,0.1,0.251189,0.0711435,0.05,0.1,0.647677,0.6,0.7,0.0059788,2668.93,61.8625,96.2298,0.01,0.95,10,10000,0.938,0.139,3489,2220,0.0198485,0,0.636285
2972,10000,26.9956,23.7137,31.6228,0.160891,0.1,0.251189,0.0708938,0.05,0.1,0.747746,0.7,0.8,0.0059788,2167.12,55.622,78.1367,0.01,0.95,10,10000,0.938,0.139,2833,1808,0.0219941,0,0.638193
2973,10000,27.0182,23.7137,31.6228,0.163125,0.1,0.251189,0.071595,0.05,0.1,0.847387,0.8,0.9,0.0059788,1648.48,50.6168,59.4368,0.01,0.95,10,10000,0.938,0.139,2155,1297,0.0259678,0,0.601856
2974,10000,27.0312,23.7137,31.6228,0.161243,0.1,0.251189,0.0717222,0.05,0.1,0.947322,0.9,1,0.0059788,1281.3,43.213,46.198,0.01,0.95,10,10000,0.938,0.139,1675,1054,0.0288061,0,0.629254
2975,10000,26.9785,23.7137,31.6228,0.1625,0.1,0.251189,0.0716658,0.05,0.1,1.20972,1,1.5,0.029894,721.048,14.8011,25.9978,0.01,0.95,10,10000,0.938,0.139,4713,2882,0.0174204,0,0.6115
2976,10000,27.0552,23.7137,31.6228,0.158862,0.1,0.251189,0.120392,0.1,0.15,0.06391,0,0.1,0.0059788,519.406,32.3194,18.7274,0.01,0.95,10,10000,0.938,0.139,679,339,0.0507931,0,0.499264
2977,10000,26.9597,23.7137,31.6228,0.160594,0.1,0.251189,0.121169,0.1,0.15,0.15382,0.1,0.2,0.0059788,1541.39,55.1648,55.5755,0.01,0.95,10,10000,0.938,0.139,2015,1020,0.0292822,0,0.506203
2978,10000,26.9357,23.7137,31.6228,0.157801,0.1,0.251189,0.121448,0.1,0.15,0.250066,0.2,0.3,0.0059788,2154.88,65.4398,77.6954,0.01,0.95,10,10000,0.938,0.139,2817,1419,0.0248264,0,0.503727
2979,10000,26.9987,23.7137,31.6228,0.158516,0.1,0.251189,0.121702,0.1,0.15,0.349217,0.3,0.4,0.0059788,2252.8,67.015,81.2258,0.01,0.95,10,10000,0.938,0.139,2945,1480,0.0243094,0,0.502547
2980,10000,26.9367,23.7137,31.6228,0.158635,0.1,0.251189,0.12222,0.1,0.15,0.449304,0.4,0.5,0.0059788,2027.9,61.196,73.117,0.01,0.95,10,10000,0.938,0.139,2651,1410,0.0249055,0,0.531875
2981,10000,26.8677,23.7137,31.6228,0.15918,0.1,0.251189,0.121702,0.1,0.15,0.548699,0.5,0.6,0.0059788,1641.6,54.2627,59.1886,0.01,0.95,10,10000,0.938,0.139,2146,1166,0.0273877,0,0.543336
2982,10000,26.9764,23.7137,31.6228,0.157832,0.1,0.251189,0.121038,0.1,0.15,0.64923,0.6,0.7,0.0059788,1389.93,51.5872,50.1145,0.01,0.95,10,10000,0.938,0.139,1817,941,0.0304866,0,0.517887
2983,10000,27.0451,23.7137,31.6228,0.160133,0.1,0.251189,0.121644,0.1,0.15,0.748079,0.7,0.8,0.0059788,1008.98,41.7274,36.3792,0.01,0.95,10,10000,0.938,0.139,1319,737,0.0344485,0,0.558757
2984,10000,27.0743,23.7137,31.6228,0.158667,0.1,0.251189,0.121354,0.1,0.15,0.847077,0.8,0.9,0.0059788,787.905,37.7148,28.4083,0.01,0.95,10,10000,0.938,0.139,1030,557,0.0396257,0,0.540777
2985,10000,26.8693,23.7137,31.6228,0.158487,0.1,0.251189,0.121518,0.1,0.15,0.946913,0.9,1,0.0059788,631.854,32.1273,22.7818,0.01,0.95,10,10000,0.938,0.139,826,480,0.0426858,0,0.581114
2986,10000,26.9587,23.7137,31.6228,0.160034,0.1,0.251189,0.121255,0.1,0.15,1.20826,1,1.5,0.029894,360.601,11.1033,13.0016,0.01,0.95,10,10000,0.938,0.139,2357,1326,0.0256822,0,0.56258
2987,10000,27.1446,23.7137,31.6228,0.156419,0.1,0.251189,0.175099,0.15,0.2,0.0633803,0,0.1,0.0059788,247.846,25.1018,8.93621,0.01,0.95,10,10000,0.938,0.139,324,135,0.0804892,0,0.416667
2988,10000,27.083,23.7137,31.6228,0.157971,0.1,0.251189,0.172119,0.15,0.2,0.156098,0.1,0.2,0.0059788,713.705,42.1011,25.733,0.01,0.95,10,10000,0.938,0.139,933,396,0.0469956,0,0.424437
2989,10000,26.8718,23.7137,31.6228,0.159433,0.1,0.251189,0.171849,0.15,0.2,0.253879,0.2,0.3,0.0059788,1040.34,49.3799,37.51,0.01,0.95,10,10000,0.938,0.139,1360,604,0.0380527,0,0.444118
2990,10000,26.776,23.7137,31.6228,0.158821,0.1,0.251189,0.171463,0.15,0.2,0.351235,0.3,0.4,0.0059788,1194.1,53.714,43.0538,0.01,0.95,10,10000,0.938,0.139,1561,677,0.0359426,0,0.433696
2991,10000,26.9064,23.7137,31.6228,0.160128,0.1,0.251189,0.173029,0.15,0.2,0.450035,0.4,0.5,0.0059788,1155.08,53.082,41.6472,0.01,0.95,10,10000,0.938,0.139,1510,650,0.0366816,0,0.430464
2992,10000,27.109,23.7137,31.6228,0.161661,0.1,0.251189,0.172189,0.15,0.2,0.54674,0.5,0.6,0.0059788,976.85,49.14,35.2208,0.01,0.95,10,10000,0.938,0.139,1277,544,0.0400964,0,0.425998
2993,10000,26.8782,23.7137,31.6228,0.159124,0.1,0.251189,0.173481,0.15,0.2,0.649846,0.6,0.7,0.0059788,812.384,44.2179,29.2909,0.01,0.95,10,10000,0.938,0.139,1062,462,0.0435094,0,0.435028
2994,10000,27.2777,23.7137,31.6228,0.156683,0.1,0.251189,0.173166,0.15,0.2,0.747512,0.7,0.8,0.0059788,647.153,38.598,23.3334,0.01,0.95,10,10000,0.938,0.139,846,381,0.0479117,0,0.450355
2995,10000,27.0115,23.7137,31.6228,0.156554,0.1,0.251189,0.173587,0.15,0.2,0.846609,0.8,0.9,0.0059788,514.816,36.2935,18.5619,0.01,0.95,10,10000,0.938,0.139,673,279,0.0559889,0,0.414562
2996,10000,26.9294,23.7137,31.6228,0.158741,0.1,0.251189,0.171239,0.15,0.2,0.950605,0.9,1,0.0059788,405.427,30.6074,14.6179,0.01,0.95,10,10000,0.938,0.139,530,238,0.06062,0,0.449057
2997,10000,26.8144,23.7137,31.6228,0.156763,0.1,0.251189,0.172222,0.15,0.2,1.21217,1,1.5,0.029894,231.017,10.2553,8.32943,0.01,0.95,10,10000,0.938,0.139,1510,686,0.0357061,0,0.454305
2998,10000,26.8029,23.7137,31.6228,0.169481,0.1,0.251189,0.220182,0.2,0.25,0.0691618,0,0.1,0.0059788,146.107,21.0574,5.26795,0.01,0.95,10,10000,0.938,0.139,191,69,0.112585,0,0.361257
2999,10000,26.5479,23.7137,31.6228,0.159926,0.1,0.251189,0.221507,0.2,0.25,0.155195,0.1,0.2,0.0059788,386.303,33.9491,13.9284,0.01,0.95,10,10000,0.938,0.139,505,185,0.0687573,0,0.366337
3000,10000,26.6897,23.7137,31.6228,0.160211,0.1,0.251189,0.222005,0.2,0.25,0.250592,0.2,0.3,0.0059788,557.653,41.9535,20.1065,0.01,0.95,10,10000,0.938,0.139,729,255,0.0585645,0,0.349794
3001,10000,26.9505,23.7137,31.6228,0.153191,0.1,0.251189,0.223383,0.2,0.25,0.350735,0.3,0.4,0.0059788,678.517,44.9879,24.4643,0.01,0.95,10,10000,0.938,0.139,887,325,0.0518756,0,0.366404
3002,10000,26.862,23.7137,31.6228,0.163235,0.1,0.251189,0.221179,0.2,0.25,0.450203,0.4,0.5,0.0059788,686.931,43.8075,24.7677,0.01,0.95,10,10000,0.938,0.139,898,347,0.0502042,0,0.386414
3003,10000,26.7989,23.7137,31.6228,0.157885,0.1,0.251189,0.223129,0.2,0.25,0.54881,0.5,0.6,0.0059788,583.662,42.0537,21.0442,0.01,0.95,10,10000,0.938,0.139,763,276,0.0562924,0,0.36173
3004,10000,26.9785,23.7137,31.6228,0.160042,0.1,0.251189,0.222649,0.2,0.25,0.647568,0.6,0.7,0.0059788,486.512,36.5686,17.5415,0.01,0.95,10,10000,0.938,0.139,636,249,0.0592659,0,0.391509
3005,10000,26.7952,23.7137,31.6228,0.150689,0.1,0.251189,0.221679,0.2,0.25,0.74738,0.7,0.8,0.0059788,393.953,33.2793,14.2042,0.01,0.95,10,10000,0.938,0.139,515,198,0.0664618,0,0.384466
3006,10000,27.2866,23.7137,31.6228,0.157886,0.1,0.251189,0.222353,0.2,0.25,0.846343,0.8,0.9,0.0059788,328.931,30.332,11.8598,0.01,0.95,10,10000,0.938,0.139,430,166,0.0725856,0,0.386047
3007,10000,26.9949,23.7137,31.6228,0.154721,0.1,0.251189,0.220839,0.2,0.25,0.946434,0.9,1,0.0059788,245.551,25.4365,8.85347,0.01,0.95,10,10000,0.938,0.139,321,130,0.0820225,0,0.404984
3008,10000,26.8861,23.7137,31.6228,0.154092,0.1,0.251189,0.222719,0.2,0.25,1.20686,1,1.5,0.029894,149.167,9.43729,5.37828,0.01,0.95,10,10000,0.938,0.139,975,357,0.049496,0,0.366154
3009,10000,27.3894,23.7137,31.6228,0.151861,0.1,0.251189,0.267907,0.25,0.3,0.0670293,0,0.1,0.0059788,68.0811,15.9604,2.4547,0.01,0.95,10,10000,0.938,0.139,89,27,0.179979,0,0.303371
3010,10000,26.7235,23.7137,31.6228,0.144699,0.1,0.251189,0.271578,0.25,0.3,0.155177,0.1,0.2,0.0059788,250.141,29.5806,9.01896,0.01,0.95,10,10000,0.938,0.139,327,105,0.0912662,0,0.321101
3011,10000,26.9553,23.7137,31.6228,0.14538,0.1,0.251189,0.271414,0.25,0.3,0.252627,0.2,0.3,0.0059788,341.936,34.9529,12.3287,0.01,0.95,10,10000,0.938,0.139,447,141,0.078758,0,0.315436
3012,10000,26.8521,23.7137,31.6228,0.14409,0.1,0.251189,0.271441,0.25,0.3,0.350342,0.3,0.4,0.0059788,420.726,37.0712,15.1695,0.01,0.95,10,10000,0.938,0.139,550,187,0.0683886,0,0.34
3013,10000,26.9176,23.7137,31.6228,0.149293,0.1,0.251189,0.271179,0.25,0.3,0.449248,0.4,0.5,0.0059788,449.03,43.0129,16.19,0.01,0.95,10,10000,0.938,0.139,587,164,0.0730268,0,0.279387
3014,10000,27.1243,23.7137,31.6228,0.149715,0.1,0.251189,0.271414,0.25,0.3,0.553821,0.5,0.6,0.0059788,377.124,36.4999,13.5974,0.01,0.95,10,10000,0.938,0.139,493,157,0.0746371,0,0.318458
3015,10000,27.0975,23.7137,31.6228,0.155645,0.1,0.251189,0.272108,0.25,0.3,0.648432,0.6,0.7,0.0059788,316.692,34.3577,11.4185,0.01,0.95,10,10000,0.938,0.139,414,126,0.0833142,0,0.304348
3016,10000,26.9802,23.7137,31.6228,0.143824,0.1,0.251189,0.271478,0.25,0.3,0.751302,0.7,0.8,0.0059788,277.679,33.9058,10.0119,0.01,0.95,10,10000,0.938,0.139,363,101,0.0930559,0,0.278237
3017,10000,27.011,23.7137,31.6228,0.152767,0.1,0.251189,0.271978,0.25,0.3,0.847713,0.8,0.9,0.0059788,227.957,26.8606,8.21911,0.01,0.95,10,10000,0.938,0.139,298,104,0.0917039,0,0.348993
3018,10000,26.6568,23.7137,31.6228,0.148265,0.1,0.251189,0.272012,0.25,0.3,0.94514,0.9,1,0.0059788,191.239,26.9262,6.89523,0.01,0.95,10,10000,0.938,0.139,250,75,0.107988,0,0.3
3019,10000,26.8518,23.7137,31.6228,0.146861,0.1,0.251189,0.274076,0.25,0.3,1.21447,1,1.5,0.029894,108.165,8.49958,3.89994,0.01,0.95,10,10000,0.938,0.139,707,236,0.0608763,0,0.333805
3020,10000,27.1501,23.7137,31.6228,0.137013,0.1,0.251189,0.335938,0.3,0.4,0.0696838,0,0.1,0.0119576,48.1923,11.134,1.7376,0.01,0.95,10,10000,0.938,0.139,126,29,0.173662,0,0.230159
3021,10000,27.1676,23.7137,31.6228,0.135778,0.1,0.251189,0.344591,0.3,0.4,0.15677,0.1,0.2,0.0119576,118.186,15.8534,4.26125,0.01,0.95,10,10000,0.938,0.139,309,84,0.102039,0,0.271845
3022,10000,27.0164,23.7137,31.6228,0.132903,0.1,0.251189,0.337328,0.3,0.4,0.248692,0.2,0.3,0.0119576,194.299,22.2403,7.00555,0.01,0.95,10,10000,0.938,0.139,508,118,0.0860921,0,0.232283
3023,10000,26.7047,23.7137,31.6228,0.134027,0.1,0.251189,0.340897,0.3,0.4,0.351907,0.3,0.4,0.0119576,208.068,21.8894,7.50201,0.01,0.95,10,10000,0.938,0.139,544,138,0.0796095,0,0.253676
3024,10000,27.563,23.7137,31.6228,0.142131,0.1,0.251189,0.338987,0.3,0.4,0.448432,0.4,0.5,0.0119576,219.16,25.0364,7.90193,0.01,0.95,10,10000,0.938,0.139,573,120,0.0853717,0,0.209424
3025,10000,27.4457,23.7137,31.6228,0.139705,0.1,0.251189,0.337779,0.3,0.4,0.547326,0.5,0.6,0.0119576,199.654,23.2277,7.19862,0.01,0.95,10,10000,0.938,0.139,522,115,0.0872078,0,0.220307
3026,10000,27.4434,23.7137,31.6228,0.137269,0.1,0.251189,0.337494,0.3,0.4,0.651031,0.6,0.7,0.0119576,187.032,21.5621,6.74353,0.01,0.95,10,10000,0.938,0.139,489,116,0.0868311,0,0.237219
3027,10000,26.8802,23.7137,31.6228,0.140659,0.1,0.251189,0.341681,0.3,0.4,0.747803,0.7,0.8,0.0119576,158.729,20.6381,5.72304,0.01,0.95,10,10000,0.938,0.139,415,92,0.0975013,0,0.221687
3028,10000,27.3123,23.7137,31.6228,0.135528,0.1,0.251189,0.343945,0.3,0.4,0.854412,0.8,0.9,0.0119576,139.987,19.1353,5.04731,0.01,0.95,10,10000,0.938,0.139,366,83,0.102652,0,0.226776
3029,10000,27.2203,23.7137,31.6228,0.138877,0.1,0.251189,0.335493,0.3,0.4,0.944394,0.9,1,0.0119576,100.592,15.183,3.62689,0.01,0.95,10,10000,0.938,0.139,263,67,0.114253,0,0.254753
3030,10000,26.9276,23.7137,31.6228,0.139774,0.1,0.251189,0.342761,0.3,0.4,1.2219,1,1.5,0.059788,66.9337,5.85808,2.41333,0.01,0.95,10,10000,0.938,0.139,875,202,0.0658004,0,0.230857
3031,10000,27.6134,23.7137,31.6228,0.136965,0.1,0.251189,0.439719,0.4,0.5,0.064351,0,0.1,0.0119576,25.2436,10.7427,0.91017,0.01,0.95,10,10000,0.938,0.139,66,9,0.311733,0,0.136364
3032,10000,27.1424,23.7137,31.6228,0.123491,0.1,0.251189,0.456139,0.4,0.5,0.153774,0.1,0.2,0.0119576,56.6068,19.53,2.04099,0.01,0.95,10,10000,0.938,0.139,148,14,0.249943,0,0.0945946
3033,10000,27.3093,23.7137,31.6228,0.119959,0.1,0.251189,0.445914,0.4,0.5,0.254377,0.2,0.3,0.0119576,78.4081,19.6819,2.82704,0.01,0.95,10,10000,0.938,0.139,205,26,0.183408,0,0.126829
3034,10000,27.2796,23.7137,31.6228,0.127301,0.1,0.251189,0.439754,0.4,0.5,0.356172,0.3,0.4,0.0119576,84.5277,20.8473,3.04769,0.01,0.95,10,10000,0.938,0.139,221,27,0.179979,0,0.122172
3035,10000,26.7318,23.7137,31.6228,0.128709,0.1,0.251189,0.440523,0.4,0.5,0.45582,0.4,0.5,0.0119576,105.946,20.268,3.81996,0.01,0.95,10,10000,0.938,0.139,277,44,0.140987,0,0.158845
3036,10000,27.8368,23.7137,31.6228,0.135945,0.1,0.251189,0.444768,0.4,0.5,0.554101,0.5,0.6,0.0119576,107.476,20.8312,3.87512,0.01,0.95,10,10000,0.938,0.139,281,43,0.142617,0,0.153025
3037,10000,26.7594,23.7137,31.6228,0.118443,0.1,0.251189,0.446952,0.4,0.5,0.655511,0.6,0.7,0.0119576,92.5598,18.5387,3.33729,0.01,0.95,10,10000,0.938,0.139,242,40,0.147868,0,0.165289
3038,10000,27.6118,23.7137,31.6228,0.128161,0.1,0.251189,0.446593,0.4,0.5,0.748711,0.7,0.8,0.0119576,70.376,17.2431,2.53744,0.01,0.95,10,10000,0.938,0.139,184,27,0.179979,0,0.146739
3039,10000,27.3953,23.7137,31.6228,0.1286,0.1,0.251189,0.450993,0.4,0.5,0.834697,0.8,0.9,0.0119576,66.9337,16.3663,2.41333,0.01,0.95,10,10000,0.938,0.139,175,27,0.179979,0,0.154286
3040,10000,28.2599,23.7137,31.6228,0.127393,0.1,0.251189,0.436126,0.4,0.5,0.947726,0.9,1,0.0119576,60.8141,17.4102,2.19268,0.01,0.95,10,10000,0.938,0.139,159,20,0.209117,0,0.125786
3041,10000,27.1119,23.7137,31.6228,0.12984,0.1,0.251189,0.440321,0.4,0.5,1.21788,1,1.5,0.059788,34.4995,5.36334,1.2439,0.01,0.95,10,10000,0.938,0.139,451,67,0.114253,0,0.148559
3042,10000,27.7022,23.7137,31.6228,0.108652,0.1,0.251189,0.537558,0.5,0.6,0.0216497,0,0.1,0.0119576,8.03204,7.33054,0.289599,0.01,0.95,10,10000,0.938,0.139,21,2,0.661286,0,0.0952381
3043,10000,27.4232,23.7137,31.6228,0.136582,0.1,0.251189,0.55616,0.5,0.6,0.13556,0.1,0.2,0.0119576,22.9487,12.0771,0.827427,0.01,0.95,10,10000,0.938,0.139,60,6,0.381794,0,0.1
3044,10000,26.9111,23.7137,31.6228,0.109196,0.1,0.251189,0.546942,0.5,0.6,0.268478,0.2,0.3,0.0119576,38.2478,22.338,1.37905,0.01,0.95,10,10000,0.938,0.139,100,5,0.418234,0,0.05
3045,10000,26.6137,23.7137,31.6228,0.144641,0.1,0.251189,0.529796,0.5,0.6,0.354818,0.3,0.4,0.0119576,36.3354,17.8258,1.31009,0.01,0.95,10,10000,0.938,0.139,95,7,0.353472,0,0.0736842
3046,10000,26.9475,23.7137,31.6228,0.135915,0.1,0.251189,0.517434,0.5,0.6,0.451421,0.4,0.5,0.0119576,41.6901,17.0316,1.50316,0.01,0.95,10,10000,0.938,0.139,109,10,0.295736,0,0.0917431
3047,10000,26.8935,23.7137,31.6228,0.120702,0.1,0.251189,0.540949,0.5,0.6,0.542082,0.5,0.6,0.0119576,46.6624,18.1833,1.68244,0.01,0.95,10,10000,0.938,0.139,122,11,0.281973,0,0.0901639
3048,10000,27.1847,23.7137,31.6228,0.132406,0.1,0.251189,0.54228,0.5,0.6,0.643083,0.6,0.7,0.0119576,44.75,22.0327,1.61348,0.01,0.95,10,10000,0.938,0.139,117,7,0.353472,0,0.0598291
3049,10000,25.9565,23.7137,31.6228,0.181368,0.1,0.251189,0.532662,0.5,0.6,0.764301,0.7,0.8,0.0119576,44.75,23.8504,1.61348,0.01,0.95,10,10000,0.938,0.139,117,6,0.381794,0,0.0512821
3050,10000,28.3134,23.7137,31.6228,0.111903,0.1,0.251189,0.55715,0.5,0.6,0.85012,0.8,0.9,0.0119576,47.4273,23.3712,1.71002,0.01,0.95,10,10000,0.938,0.139,124,7,0.353472,0,0.0564516
3051,10000,28.2064,23.7137,31.6228,0.120421,0.1,0.251189,0.522829,0.5,0.6,0.951484,0.9,1,0.0119576,37.8654,24.7856,1.36525,0.01,0.95,10,10000,0.938,0.139,99,4,0.4676,0,0.040404
3052,10000,27.4445,23.7137,31.6228,0.136084,0.1,0.251189,0.546577,0.5,0.6,1.19115,1,1.5,0.059788,17.747,4.47235,0.639877,0.01,0.95,10,10000,0.938,0.139,232,26,0.183408,0,0.112069
3053,10000,26.2812,23.7137,31.6228,0.108418,0.1,0.251189,0.618431,0.6,0.7,0.18636,0.1,0.2,0.0119576,9.56196,8.76167,0.344761,0.01,0.95,10,10000,0.938,0.139,25,2,0.661286,0,0.08
3054,10000,30.8257,23.7137,31.6228,0.107598,0.1,0.251189,0.628117,0.6,0.7,0.281134,0.2,0.3,0.0119576,15.2991,20.1073,0.551618,0.01,0.95,10,10000,0.938,0.139,40,1,0.9352,0,0.025
3055,10000,31.0388,23.7137,31.6228,0.104033,0.1,0.251189,0.661285,0.6,0.7,0.327339,0.3,0.4,0.0119576,22.9487,30.2246,0.827427,0.01,0.95,10,10000,0.938,0.139,60,1,0.9352,0,0.0166667
3056,10000,28.5673,23.7137,31.6228,0.108809,0.1,0.251189,0.631933,0.6,0.7,0.432612,0.4,0.5,0.0119576,20.6538,27.1894,0.744684,0.01,0.95,10,10000,0.938,0.139,54,1,0.9352,0,0.0185185
3057,10000,28.6332,23.7137,31.6228,0.117178,0.1,0.251189,0.605376,0.6,0.7,0.570472,0.5,0.6,0.0119576,21.8013,20.2089,0.786056,0.01,0.95,10,10000,0.938,0.139,57,2,0.661286,0,0.0350877
3058,10000,29.0054,23.7137,31.6228,0.111734,0.1,0.251189,0.626572,0.6,0.7,0.719628,0.7,0.8,0.0119576,16.4466,12.3374,0.592989,0.01,0.95,10,10000,0.938,0.139,43,3,0.539938,0,0.0697674
3059,10000,28.4067,23.7137,31.6228,0.11381,0.1,0.251189,0.636225,0.6,0.7,0.839156,0.8,0.9,0.0119576,24.8611,14.4191,0.896379,0.01,0.95,10,10000,0.938,0.139,65,5,0.418234,0,0.0769231
3060,10000,30.1253,23.7137,31.6228,0.158954,0.1,0.251189,0.624916,0.6,0.7,0.940196,0.9,1,0.0119576,14.9167,13.77,0.537828,0.01,0.95,10,10000,0.938,0.139,39,2,0.661286,0,0.0512821
3061,10000,27.6015,23.7137,31.6228,0.12399,0.1,0.251189,0.633497,0.6,0.7,1.19359,1,1.5,0.059788,9.33247,4.97661,0.336487,0.01,0.95,10,10000,0.938,0.139,122,6,0.381794,0,0.0491803
3062,10000,26.5702,23.7137,31.6228,0.108681,0.1,0.251189,0.702447,0.7,0.8,0.650937,0.6,0.7,0.0119576,12.6218,16.5663,0.455085,0.01,0.95,10,10000,0.938,0.139,33,1,0.9352,0,0.030303
3063,10000,28.2242,23.7137,31.6228,0.177398,0.1,0.251189,0.708737,0.7,0.8,0.758837,0.7,0.8,0.0119576,7.64957,6.97273,0.275809,0.01,0.95,10,10000,0.938,0.139,20,2,0.661286,0,0.1
3064,10000,27.6949,23.7137,31.6228,0.182238,0.1,0.251189,0.747644,0.7,0.8,0.994077,0.9,1,0.0119576,9.17948,8.4039,0.330971,0.01,0.95,10,10000,0.938,0.139,24,2,0.661286,0,0.0833333
3065,10000,29.262,23.7137,31.6228,0.101553,0.1,0.251189,0.705593,0.7,0.8,1.42166,1,1.5,0.059788,5.43119,7.15781,0.195824,0.01,0.95,10,10000,0.938,0.139,71,1,0.9352,0,0.0140845
3066,10000,24.8683,23.7137,31.6228,0.130325,0.1,0.251189,0.888619,0.8,0.9,0.363129,0.3,0.4,0.0119576,4.97222,6.44841,0.179276,0.01,0.95,10,10000,0.938,0.139,13,1,0.9352,0,0.0769231
3067,10000,25.1534,23.7137,31.6228,0.137726,0.1,0.251189,0.917845,0.9,1,0.765029,0.7,0.8,0.0119576,1.52991,1.89274,0.0551618,0.01,0.95,10,10000,0.938,0.139,4,1,0.9352,0,0.25
3068,10000,26.7474,23.7137,31.6228,0.373738,0.251189,0.630957,0.0703128,0.05,0.1,0.0661767,0,0.1,0.015018,344.735,12.5235,12.4296,0.01,0.95,10,10000,0.938,0.139,1132,836,0.0323446,0,0.738516
3069,10000,26.8092,23.7137,31.6228,0.370543,0.251189,0.630957,0.0703466,0.05,0.1,0.154102,0.1,0.2,0.015018,931.576,20.4943,33.5884,0.01,0.95,10,10000,0.938,0.139,3059,2272,0.0196201,0,0.742726
3070,10000,26.8148,23.7137,31.6228,0.372436,0.251189,0.630957,0.0704802,0.05,0.1,0.250689,0.2,0.3,0.015018,1223.93,23.0044,44.1294,0.01,0.95,10,10000,0.938,0.139,4019,3064,0.0168951,0,0.762379
3071,10000,26.7691,23.7137,31.6228,0.369922,0.251189,0.630957,0.0714834,0.05,0.1,0.348851,0.3,0.4,0.015018,1102.42,21.9985,39.7483,0.01,0.95,10,10000,0.938,0.139,3620,2734,0.0178857,0,0.755249
3072,10000,26.7324,23.7137,31.6228,0.367152,0.251189,0.630957,0.071783,0.05,0.1,0.446021,0.4,0.5,0.015018,893.204,19.2744,32.2049,0.01,0.95,10,10000,0.938,0.139,2933,2290,0.0195428,0,0.780771
3073,10000,26.9577,23.7137,31.6228,0.365194,0.251189,0.630957,0.0724081,0.05,0.1,0.547963,0.5,0.6,0.015018,658.407,16.6697,23.7392,0.01,0.95,10,10000,0.938,0.139,2162,1673,0.0228642,0,0.773821
3074,10000,26.8156,23.7137,31.6228,0.363932,0.251189,0.630957,0.0719677,0.05,0.1,0.647149,0.6,0.7,0.015018,517.102,14.5548,18.6444,0.01,0.95,10,10000,0.938,0.139,1698,1338,0.0255668,0,0.787986
3075,10000,26.8488,23.7137,31.6228,0.361825,0.251189,0.630957,0.071917,0.05,0.1,0.747936,0.7,0.8,0.015018,348.389,11.8972,12.5614,0.01,0.95,10,10000,0.938,0.139,1144,906,0.0310699,0,0.791958
3076,10000,26.8411,23.7137,31.6228,0.359106,0.251189,0.630957,0.0721975,0.05,0.1,0.846964,0.8,0.9,0.015018,278.955,10.3883,10.0579,0.01,0.95,10,10000,0.938,0.139,916,747,0.0342172,0,0.815502
3077,10000,27.0198,23.7137,31.6228,0.352023,0.251189,0.630957,0.0720879,0.05,0.1,0.947297,0.9,1,0.015018,207.998,9.30491,7.49948,0.01,0.95,10,10000,0.938,0.139,683,533,0.040508,0,0.780381
3078,10000,27.1377,23.7137,31.6228,0.349719,0.251189,0.630957,0.0730283,0.05,0.1,1.197,1,1.5,0.0750901,101.41,2.9658,3.65641,0.01,0.95,10,10000,0.938,0.139,1665,1267,0.0262734,0,0.760961
3079,10000,26.5552,23.7137,31.6228,0.378864,0.251189,0.630957,0.122021,0.1,0.15,0.0679172,0,0.1,0.015018,134.909,7.91403,4.86423,0.01,0.95,10,10000,0.938,0.139,443,323,0.0520359,0,0.72912
3080,10000,26.571,23.7137,31.6228,0.377566,0.251189,0.630957,0.121254,0.1,0.15,0.155431,0.1,0.2,0.015018,356.612,12.6538,12.8578,0.01,0.95,10,10000,0.938,0.139,1171,872,0.0316699,0,0.744663
3081,10000,26.7516,23.7137,31.6228,0.378024,0.251189,0.630957,0.122164,0.1,0.15,0.252146,0.2,0.3,0.015018,497.612,15.193,17.9416,0.01,0.95,10,10000,0.938,0.139,1634,1192,0.0270873,0,0.729498
3082,10000,26.5777,23.7137,31.6228,0.374369,0.251189,0.630957,0.122041,0.1,0.15,0.348742,0.3,0.4,0.015018,538.42,15.4786,19.413,0.01,0.95,10,10000,0.938,0.139,1768,1324,0.0257016,0,0.748869
3083,10000,26.7249,23.7137,31.6228,0.376229,0.251189,0.630957,0.122563,0.1,0.15,0.448383,0.4,0.5,0.015018,431.528,13.9006,15.5589,0.01,0.95,10,10000,0.938,0.139,1417,1057,0.0287652,0,0.745942
3084,10000,26.796,23.7137,31.6228,0.373236,0.251189,0.630957,0.122805,0.1,0.15,0.548567,0.5,0.6,0.015018,373.97,12.8621,13.4837,0.01,0.95,10,10000,0.938,0.139,1228,923,0.0307825,0,0.751629
3085,10000,26.8348,23.7137,31.6228,0.376994,0.251189,0.630957,0.122717,0.1,0.15,0.647064,0.6,0.7,0.015018,290.832,11.4037,10.4861,0.01,0.95,10,10000,0.938,0.139,955,713,0.0350235,0,0.746597
3086,10000,26.8166,23.7137,31.6228,0.368004,0.251189,0.630957,0.123694,0.1,0.15,0.748678,0.7,0.8,0.015018,203.126,9.57601,7.32379,0.01,0.95,10,10000,0.938,0.139,667,495,0.0420341,0,0.742129
3087,10000,26.9782,23.7137,31.6228,0.372903,0.251189,0.630957,0.122951,0.1,0.15,0.847507,0.8,0.9,0.015018,163.231,8.395,5.88539,0.01,0.95,10,10000,0.938,0.139,536,409,0.0462427,0,0.76306
3088,10000,26.7972,23.7137,31.6228,0.369313,0.251189,0.630957,0.123718,0.1,0.15,0.947145,0.9,1,0.015018,114.81,7.09378,4.13954,0.01,0.95,10,10000,0.938,0.139,377,285,0.0553965,0,0.755968
3089,10000,27.0508,23.7137,31.6228,0.365954,0.251189,0.630957,0.123036,0.1,0.15,1.21609,1,1.5,0.0750901,58.5318,2.24892,2.11039,0.01,0.95,10,10000,0.938,0.139,961,733,0.0345424,0,0.762747
3090,10000,26.1314,23.7137,31.6228,0.381103,0.251189,0.630957,0.172067,0.15,0.2,0.0700363,0,0.1,0.015018,61.8208,5.3862,2.22898,0.01,0.95,10,10000,0.938,0.139,203,147,0.077134,0,0.724138
3091,10000,26.4958,23.7137,31.6228,0.386733,0.251189,0.630957,0.173447,0.15,0.2,0.153461,0.1,0.2,0.015018,185.767,9.38213,6.69792,0.01,0.95,10,10000,0.938,0.139,610,439,0.0446347,0,0.719672
3092,10000,26.7438,23.7137,31.6228,0.3785,0.251189,0.630957,0.17197,0.15,0.2,0.252729,0.2,0.3,0.015018,277.737,11.395,10.0139,0.01,0.95,10,10000,0.938,0.139,912,662,0.0363476,0,0.725877
3093,10000,26.6797,23.7137,31.6228,0.381929,0.251189,0.630957,0.173411,0.15,0.2,0.348742,0.3,0.4,0.015018,302.709,11.3895,10.9143,0.01,0.95,10,10000,0.938,0.139,994,762,0.0338787,0,0.7666
3094,10000,26.6879,23.7137,31.6228,0.386712,0.251189,0.630957,0.173306,0.15,0.2,0.448658,0.4,0.5,0.015018,277.128,11.1764,9.99198,0.01,0.95,10,10000,0.938,0.139,910,676,0.0359692,0,0.742857
3095,10000,26.6081,23.7137,31.6228,0.378336,0.251189,0.630957,0.172977,0.15,0.2,0.547516,0.5,0.6,0.015018,209.521,9.6441,7.55438,0.01,0.95,10,10000,0.938,0.139,688,516,0.0411699,0,0.75
3096,10000,26.5572,23.7137,31.6228,0.376437,0.251189,0.630957,0.174204,0.15,0.2,0.647974,0.6,0.7,0.015018,180.894,8.88911,6.52224,0.01,0.95,10,10000,0.938,0.139,594,450,0.0440857,0,0.757576
3097,10000,26.8372,23.7137,31.6228,0.37083,0.251189,0.630957,0.173025,0.15,0.2,0.747623,0.7,0.8,0.015018,133.387,7.81821,4.80933,0.01,0.95,10,10000,0.938,0.139,438,322,0.0521166,0,0.73516
3098,10000,26.8184,23.7137,31.6228,0.369173,0.251189,0.630957,0.173675,0.15,0.2,0.846701,0.8,0.9,0.015018,100.192,6.88506,3.61249,0.01,0.95,10,10000,0.938,0.139,329,237,0.0607478,0,0.720365
3099,10000,26.4548,23.7137,31.6228,0.379713,0.251189,0.630957,0.174369,0.15,0.2,0.950973,0.9,1,0.015018,81.3111,6.52626,2.93171,0.01,0.95,10,10000,0.938,0.139,267,180,0.0697057,0,0.674157
3100,10000,26.9857,23.7137,31.6228,0.362338,0.251189,0.630957,0.173351,0.15,0.2,1.19667,1,1.5,0.0750901,41.9042,1.98069,1.51088,0.01,0.95,10,10000,0.938,0.139,688,499,0.0418653,0,0.725291
3101,10000,26.7163,23.7137,31.6228,0.37629,0.251189,0.630957,0.224647,0.2,0.25,0.0674977,0,0.1,0.015018,38.6761,4.25901,1.39449,0.01,0.95,10,10000,0.938,0.139,127,92,0.0975013,0,0.724409
3102,10000,26.5975,23.7137,31.6228,0.381992,0.251189,0.630957,0.222895,0.2,0.25,0.155366,0.1,0.2,0.015018,102.933,7.2913,3.71131,0.01,0.95,10,10000,0.938,0.139,338,230,0.0616653,0,0.680473
3103,10000,26.4793,23.7137,31.6228,0.394095,0.251189,0.630957,0.221741,0.2,0.25,0.251942,0.2,0.3,0.015018,143.436,8.22455,5.17168,0.01,0.95,10,10000,0.938,0.139,471,340,0.0507183,0,0.721868
3104,10000,26.4686,23.7137,31.6228,0.389607,0.251189,0.630957,0.221982,0.2,0.25,0.35147,0.3,0.4,0.015018,175.717,9.46494,6.33558,0.01,0.95,10,10000,0.938,0.139,577,396,0.0469956,0,0.686308
3105,10000,26.2611,23.7137,31.6228,0.388222,0.251189,0.630957,0.224146,0.2,0.25,0.447303,0.4,0.5,0.015018,166.581,8.93153,6.00617,0.01,0.95,10,10000,0.938,0.139,547,391,0.0472951,0,0.714808
3106,10000,26.6095,23.7137,31.6228,0.380142,0.251189,0.630957,0.220977,0.2,0.25,0.546624,0.5,0.6,0.015018,133.387,8.13499,4.80933,0.01,0.95,10,10000,0.938,0.139,438,306,0.0534618,0,0.69863
3107,10000,26.449,23.7137,31.6228,0.389232,0.251189,0.630957,0.223002,0.2,0.25,0.648956,0.6,0.7,0.015018,120.596,7.49738,4.34816,0.01,0.95,10,10000,0.938,0.139,396,288,0.0551072,0,0.727273
3108,10000,26.8004,23.7137,31.6228,0.384713,0.251189,0.630957,0.222886,0.2,0.25,0.749175,0.7,0.8,0.015018,90.7517,6.56865,3.2721,0.01,0.95,10,10000,0.938,0.139,298,214,0.0639289,0,0.718121
3109,10000,26.7522,23.7137,31.6228,0.379916,0.251189,0.630957,0.224505,0.2,0.25,0.847864,0.8,0.9,0.015018,65.4752,5.64759,2.36074,0.01,0.95,10,10000,0.938,0.139,215,152,0.0758547,0,0.706977
3110,10000,26.4911,23.7137,31.6228,0.378199,0.251189,0.630957,0.221747,0.2,0.25,0.947995,0.9,1,0.015018,58.1664,5.96035,2.09722,0.01,0.95,10,10000,0.938,0.139,191,116,0.0868311,0,0.60733
3111,10000,26.6117,23.7137,31.6228,0.368646,0.251189,0.630957,0.223512,0.2,0.25,1.19638,1,1.5,0.0750901,27.4691,1.60792,0.990414,0.01,0.95,10,10000,0.938,0.139,451,326,0.0517959,0,0.722838
3112,10000,26.8153,23.7137,31.6228,0.38837,0.251189,0.630957,0.271173,0.25,0.3,0.072821,0,0.1,0.015018,22.2311,3.47694,0.801555,0.01,0.95,10,10000,0.938,0.139,73,48,0.134984,0,0.657534
3113,10000,26.7152,23.7137,31.6228,0.406763,0.251189,0.630957,0.2717,0.25,0.3,0.151955,0.1,0.2,0.015018,71.2614,6.40612,2.56937,0.01,0.95,10,10000,0.938,0.139,234,148,0.076873,0,0.632479
3114,10000,26.5201,23.7137,31.6228,0.404548,0.251189,0.630957,0.273874,0.25,0.3,0.25182,0.2,0.3,0.015018,93.7971,6.61207,3.3819,0.01,0.95,10,10000,0.938,0.139,308,224,0.0624857,0,0.727273
3115,10000,26.2844,23.7137,31.6228,0.388854,0.251189,0.630957,0.273616,0.25,0.3,0.353287,0.3,0.4,0.015018,102.933,6.83496,3.71131,0.01,0.95,10,10000,0.938,0.139,338,250,0.0591472,0,0.739645
3116,10000,26.4255,23.7137,31.6228,0.382355,0.251189,0.630957,0.273411,0.25,0.3,0.449111,0.4,0.5,0.015018,111.156,7.56245,4.00777,0.01,0.95,10,10000,0.938,0.139,365,249,0.0592659,0,0.682192
3117,10000,26.5737,23.7137,31.6228,0.394695,0.251189,0.630957,0.273971,0.25,0.3,0.546558,0.5,0.6,0.015018,102.02,6.88772,3.67837,0.01,0.95,10,10000,0.938,0.139,335,244,0.05987,0,0.728358
3118,10000,26.5467,23.7137,31.6228,0.389009,0.251189,0.630957,0.272577,0.25,0.3,0.64609,0.6,0.7,0.015018,78.8748,6.47261,2.84387,0.01,0.95,10,10000,0.938,0.139,259,173,0.0711019,0,0.667954
3119,10000,26.6756,23.7137,31.6228,0.392756,0.251189,0.630957,0.276074,0.25,0.3,0.752403,0.7,0.8,0.015018,59.9936,5.29596,2.1631,0.01,0.95,10,10000,0.938,0.139,197,143,0.0782053,0,0.725888
3120,10000,26.7283,23.7137,31.6228,0.384833,0.251189,0.630957,0.273077,0.25,0.3,0.849486,0.8,0.9,0.015018,49.9439,4.99712,1.80075,0.01,0.95,10,10000,0.938,0.139,164,114,0.0875895,0,0.695122
3121,10000,26.9263,23.7137,31.6228,0.385952,0.251189,0.630957,0.271653,0.25,0.3,0.948977,0.9,1,0.015018,36.8489,4.33606,1.3286,0.01,0.95,10,10000,0.938,0.139,121,83,0.102652,0,0.68595
3122,10000,26.7103,23.7137,31.6228,0.374832,0.251189,0.630957,0.272731,0.25,0.3,1.21511,1,1.5,0.0750901,20.6475,1.51319,0.744458,0.01,0.95,10,10000,0.938,0.139,339,220,0.0630512,0,0.648968
3123,10000,26.4738,23.7137,31.6228,0.413251,0.251189,0.630957,0.336285,0.3,0.4,0.0616582,0,0.1,0.030036,8.37474,1.51412,0.301956,0.01,0.95,10,10000,0.938,0.139,55,36,0.155867,0,0.654545
3124,10000,26.4331,23.7137,31.6228,0.396603,0.251189,0.630957,0.341714,0.3,0.4,0.154459,0.1,0.2,0.030036,32.7376,2.85276,1.18037,0.01,0.95,10,10000,0.938,0.139,215,150,0.0763587,0,0.697674
3125,10000,26.3146,23.7137,31.6228,0.398742,0.251189,0.630957,0.341652,0.3,0.4,0.254303,0.2,0.3,0.030036,49.4871,3.34432,1.78428,0.01,0.95,10,10000,0.938,0.139,325,241,0.0602415,0,0.741538
3126,10000,26.4496,23.7137,31.6228,0.387824,0.251189,0.630957,0.343323,0.3,0.4,0.351487,0.3,0.4,0.030036,64.5616,4.00424,2.3278,0.01,0.95,10,10000,0.938,0.139,424,296,0.0543574,0,0.698113
3127,10000,26.5324,23.7137,31.6228,0.400583,0.251189,0.630957,0.343136,0.3,0.4,0.448053,0.4,0.5,0.030036,63.1912,3.97961,2.27839,0.01,0.95,10,10000,0.938,0.139,415,288,0.0551072,0,0.693976
3128,10000,26.3698,23.7137,31.6228,0.398591,0.251189,0.630957,0.347304,0.3,0.4,0.550446,0.5,0.6,0.030036,58.7754,3.97202,2.11918,0.01,0.95,10,10000,0.938,0.139,386,256,0.05845,0,0.663212
3129,10000,26.6297,23.7137,31.6228,0.397729,0.251189,0.630957,0.34715,0.3,0.4,0.650144,0.6,0.7,0.030036,47.5076,3.62229,1.71291,0.01,0.95,10,10000,0.938,0.139,312,203,0.0656382,0,0.650641
3130,10000,26.6731,23.7137,31.6228,0.39481,0.251189,0.630957,0.342096,0.3,0.4,0.750636,0.7,0.8,0.030036,42.026,3.41504,1.51527,0.01,0.95,10,10000,0.938,0.139,276,179,0.0699001,0,0.648551
3131,10000,26.7517,23.7137,31.6228,0.382443,0.251189,0.630957,0.34609,0.3,0.4,0.845517,0.8,0.9,0.030036,31.5195,2.70388,1.13645,0.01,0.95,10,10000,0.938,0.139,207,151,0.0761055,0,0.729469
3132,10000,26.346,23.7137,31.6228,0.382315,0.251189,0.630957,0.346242,0.3,0.4,0.946228,0.9,1,0.030036,24.8197,2.73314,0.894886,0.01,0.95,10,10000,0.938,0.139,163,100,0.09352,0,0.613497
3133,10000,26.468,23.7137,31.6228,0.389485,0.251189,0.630957,0.344737,0.3,0.4,1.19531,1,1.5,0.15018,12.5469,0.82127,0.452384,0.01,0.95,10,10000,0.938,0.139,412,273,0.0566009,0,0.662621
3134,10000,26.3782,23.7137,31.6228,0.373584,0.251189,0.630957,0.449327,0.4,0.5,0.0666847,0,0.1,0.030036,4.87258,1.2397,0.175683,0.01,0.95,10,10000,0.938,0.139,32,19,0.21455,0,0.59375
3135,10000,26.8639,23.7137,31.6228,0.394649,0.251189,0.630957,0.438973,0.4,0.5,0.153407,0.1,0.2,0.030036,14.3132,1.83406,0.516069,0.01,0.95,10,10000,0.938,0.139,94,68,0.11341,0,0.723404
3136,10000,26.2183,23.7137,31.6228,0.383408,0.251189,0.630957,0.44365,0.4,0.5,0.256095,0.2,0.3,0.030036,22.0789,2.53573,0.796065,0.01,0.95,10,10000,0.938,0.139,145,91,0.0980356,0,0.627586
3137,10000,26.3338,23.7137,31.6228,0.392085,0.251189,0.630957,0.444471,0.4,0.5,0.349533,0.3,0.4,0.030036,31.9763,3.01476,1.15292,0.01,0.95,10,10000,0.938,0.139,210,134,0.080789,0,0.638095
3138,10000,26.483,23.7137,31.6228,0.386596,0.251189,0.630957,0.445434,0.4,0.5,0.449405,0.4,0.5,0.030036,27.7128,2.68909,0.999198,0.01,0.95,10,10000,0.938,0.139,182,123,0.0843241,0,0.675824
3139,10000,26.5021,23.7137,31.6228,0.39184,0.251189,0.630957,0.442142,0.4,0.5,0.551698,0.5,0.6,0.030036,26.1901,2.87664,0.944297,0.01,0.95,10,10000,0.938,0.139,172,102,0.0925986,0,0.593023
3140,10000,26.4905,23.7137,31.6228,0.394137,0.251189,0.630957,0.442347,0.4,0.5,0.653005,0.6,0.7,0.030036,23.4493,2.60633,0.845476,0.01,0.95,10,10000,0.938,0.139,154,97,0.0949552,0,0.62987
3141,10000,26.4381,23.7137,31.6228,0.383832,0.251189,0.630957,0.4448,0.4,0.5,0.751759,0.7,0.8,0.030036,20.8607,2.3832,0.752144,0.01,0.95,10,10000,0.938,0.139,137,90,0.0985787,0,0.656934
3142,10000,26.4684,23.7137,31.6228,0.382617,0.251189,0.630957,0.444639,0.4,0.5,0.849877,0.8,0.9,0.030036,16.7495,2.05581,0.603911,0.01,0.95,10,10000,0.938,0.139,110,76,0.107275,0,0.690909
3143,10000,26.8614,23.7137,31.6228,0.39516,0.251189,0.630957,0.445702,0.4,0.5,0.946033,0.9,1,0.030036,11.2678,1.76811,0.406267,0.01,0.95,10,10000,0.938,0.139,74,48,0.134984,0,0.648649
3144,10000,26.3729,23.7137,31.6228,0.377932,0.251189,0.630957,0.444182,0.4,0.5,1.20595,1,1.5,0.15018,7.49159,0.617545,0.270113,0.01,0.95,10,10000,0.938,0.139,246,169,0.0719384,0,0.686992
3145,10000,25.8356,23.7137,31.6228,0.391435,0.251189,0.630957,0.557042,0.5,0.6,0.0787431,0,0.1,0.030036,2.13175,0.774163,0.0768614,0.01,0.95,10,10000,0.938,0.139,14,9,0.311733,0,0.642857
3146,10000,26.2125,23.7137,31.6228,0.377997,0.251189,0.630957,0.544976,0.5,0.6,0.150911,0.1,0.2,0.030036,7.1566,1.49884,0.258035,0.01,0.95,10,10000,0.938,0.139,47,28,0.176736,0,0.595745
3147,10000,26.6859,23.7137,31.6228,0.376293,0.251189,0.630957,0.541759,0.5,0.6,0.251371,0.2,0.3,0.030036,11.7246,2.07446,0.422738,0.01,0.95,10,10000,0.938,0.139,77,41,0.146054,0,0.532468
3148,10000,26.3173,23.7137,31.6228,0.368983,0.251189,0.630957,0.534703,0.5,0.6,0.35218,0.3,0.4,0.030036,12.486,1.9471,0.450188,0.01,0.95,10,10000,0.938,0.139,82,50,0.132257,0,0.609756
3149,10000,26.3018,23.7137,31.6228,0.369349,0.251189,0.630957,0.538965,0.5,0.6,0.454643,0.4,0.5,0.030036,12.7905,2.22522,0.461168,0.01,0.95,10,10000,0.938,0.139,84,43,0.142617,0,0.511905
3150,10000,26.078,23.7137,31.6228,0.362321,0.251189,0.630957,0.542592,0.5,0.6,0.559108,0.5,0.6,0.030036,15.5313,2.33803,0.55999,0.01,0.95,10,10000,0.938,0.139,102,56,0.124971,0,0.54902
3151,10000,26.8256,23.7137,31.6228,0.377937,0.251189,0.630957,0.542085,0.5,0.6,0.650197,0.6,0.7,0.030036,11.7246,2.22203,0.422738,0.01,0.95,10,10000,0.938,0.139,77,37,0.153746,0,0.480519
3152,10000,26.7199,23.7137,31.6228,0.371621,0.251189,0.630957,0.531411,0.5,0.6,0.750048,0.7,0.8,0.030036,9.74515,1.65948,0.351366,0.01,0.95,10,10000,0.938,0.139,64,41,0.146054,0,0.640625
3153,10000,26.2975,23.7137,31.6228,0.351767,0.251189,0.630957,0.537404,0.5,0.6,0.846113,0.8,0.9,0.030036,10.0497,1.92591,0.362347,0.01,0.95,10,10000,0.938,0.139,66,35,0.158078,0,0.530303
3154,10000,25.4356,23.7137,31.6228,0.355153,0.251189,0.630957,0.532008,0.5,0.6,0.948859,0.9,1,0.030036,8.0702,1.96936,0.290975,0.01,0.95,10,10000,0.938,0.139,53,23,0.195003,0,0.433962
3155,10000,26.4158,23.7137,31.6228,0.379732,0.251189,0.630957,0.548585,0.5,0.6,1.19258,1,1.5,0.15018,4.47668,0.617699,0.161409,0.01,0.95,10,10000,0.938,0.139,147,70,0.111778,0,0.47619
3156,10000,25.9895,23.7137,31.6228,0.346479,0.251189,0.630957,0.631739,0.6,0.7,0.0441802,0,0.1,0.030036,1.52268,0.613671,0.054901,0.01,0.95,10,10000,0.938,0.139,10,7,0.353472,0,0.7
3157,10000,26.1815,23.7137,31.6228,0.328642,0.251189,0.630957,0.637322,0.6,0.7,0.149525,0.1,0.2,0.030036,3.19763,1.24956,0.115292,0.01,0.95,10,10000,0.938,0.139,21,9,0.311733,0,0.428571
3158,10000,25.8978,23.7137,31.6228,0.327508,0.251189,0.630957,0.627647,0.6,0.7,0.250392,0.2,0.3,0.030036,4.56804,1.55992,0.164703,0.01,0.95,10,10000,0.938,0.139,30,12,0.269969,0,0.4
3159,10000,26.7509,23.7137,31.6228,0.377906,0.251189,0.630957,0.647812,0.6,0.7,0.358567,0.3,0.4,0.030036,6.39526,1.76715,0.230584,0.01,0.95,10,10000,0.938,0.139,42,18,0.220429,0,0.428571
3160,10000,26.6753,23.7137,31.6228,0.351567,0.251189,0.630957,0.659511,0.6,0.7,0.436398,0.4,0.5,0.030036,4.87258,1.39524,0.175683,0.01,0.95,10,10000,0.938,0.139,32,16,0.2338,0,0.5
3161,10000,26.726,23.7137,31.6228,0.362857,0.251189,0.630957,0.639571,0.6,0.7,0.554785,0.5,0.6,0.030036,7.6134,2.01385,0.274505,0.01,0.95,10,10000,0.938,0.139,50,20,0.209117,0,0.4
3162,10000,27.1552,23.7137,31.6228,0.363644,0.251189,0.630957,0.6573,0.6,0.7,0.659205,0.6,0.7,0.030036,7.6134,2.01385,0.274505,0.01,0.95,10,10000,0.938,0.139,50,20,0.209117,0,0.4
3163,10000,27.692,23.7137,31.6228,0.382728,0.251189,0.630957,0.631282,0.6,0.7,0.747589,0.7,0.8,0.030036,5.78618,2.39509,0.208624,0.01,0.95,10,10000,0.938,0.139,38,9,0.311733,0,0.236842
3164,10000,26.102,23.7137,31.6228,0.336692,0.251189,0.630957,0.643522,0.6,0.7,0.847764,0.8,0.9,0.030036,5.02484,1.33584,0.181173,0.01,0.95,10,10000,0.938,0.139,33,18,0.220429,0,0.545455
3165,10000,26.4644,23.7137,31.6228,0.370635,0.251189,0.630957,0.641128,0.6,0.7,0.923614,0.9,1,0.030036,3.19763,1.09549,0.115292,0.01,0.95,10,10000,0.938,0.139,21,11,0.281973,0,0.52381
3166,10000,26.2981,23.7137,31.6228,0.356727,0.251189,0.630957,0.639608,0.6,0.7,1.20037,1,1.5,0.15018,2.46674,0.419759,0.0889396,0.01,0.95,10,10000,0.938,0.139,81,44,0.140987,0,0.54321
3167,10000,24.4137,23.7137,31.6228,0.30795,0.251189,0.630957,0.731687,0.7,0.8,0.0423893,0,0.1,0.030036,0.304536,0.201385,0.0109802,0.01,0.95,10,10000,0.938,0.139,2,2,0.661286,0,1
3168,10000,27.2087,23.7137,31.6228,0.351139,0.251189,0.630957,0.738438,0.7,0.8,0.233126,0.2,0.3,0.030036,2.89309,1.59464,0.104312,0.01,0.95,10,10000,0.938,0.139,19,5,0.418234,0,0.263158
3169,10000,26.5046,23.7137,31.6228,0.347608,0.251189,0.630957,0.740362,0.7,0.8,0.374705,0.3,0.4,0.030036,1.82722,1.30513,0.0658812,0.01,0.95,10,10000,0.938,0.139,12,3,0.539938,0,0.25
3170,10000,26.5466,23.7137,31.6228,0.339883,0.251189,0.630957,0.7189,0.7,0.8,0.437353,0.4,0.5,0.030036,3.3499,1.6809,0.120782,0.01,0.95,10,10000,0.938,0.139,22,6,0.381794,0,0.272727
3171,10000,25.6253,23.7137,31.6228,0.327984,0.251189,0.630957,0.745613,0.7,0.8,0.545731,0.5,0.6,0.030036,5.17711,1.79373,0.186663,0.01,0.95,10,10000,0.938,0.139,34,12,0.269969,0,0.352941
3172,10000,25.4603,23.7137,31.6228,0.337291,0.251189,0.630957,0.745643,0.7,0.8,0.661689,0.6,0.7,0.030036,3.8067,1.42401,0.137253,0.01,0.95,10,10000,0.938,0.139,25,10,0.295736,0,0.4
3173,10000,25.6937,23.7137,31.6228,0.329341,0.251189,0.630957,0.738915,0.7,0.8,0.755841,0.7,0.8,0.030036,2.28402,0.914587,0.0823515,0.01,0.95,10,10000,0.938,0.139,15,8,0.330643,0,0.533333
3174,10000,27.3251,23.7137,31.6228,0.333992,0.251189,0.630957,0.723337,0.7,0.8,0.824795,0.8,0.9,0.030036,3.04536,2.77591,0.109802,0.01,0.95,10,10000,0.938,0.139,20,2,0.661286,0,0.1
3175,10000,26.2474,23.7137,31.6228,0.350835,0.251189,0.630957,0.76363,0.7,0.8,0.972801,0.9,1,0.030036,2.43629,1.50703,0.0878416,0.01,0.95,10,10000,0.938,0.139,16,4,0.4676,0,0.25
3176,10000,26.0109,23.7137,31.6228,0.316583,0.251189,0.630957,0.749961,0.7,0.8,1.20413,1,1.5,0.15018,1.15724,0.426771,0.0417248,0.01,0.95,10,10000,0.938,0.139,38,11,0.281973,0,0.289474
3177,10000,27.1548,23.7137,31.6228,0.304919,0.251189,0.630957,0.838815,0.8,0.9,0.179758,0.1,0.2,0.030036,0.913608,1.15687,0.0329406,0.01,0.95,10,10000,0.938,0.139,6,1,0.9352,0,0.166667
3178,10000,25.2618,23.7137,31.6228,0.3023,0.251189,0.630957,0.837671,0.8,0.9,0.288206,0.2,0.3,0.030036,2.13175,1.53811,0.0768614,0.01,0.95,10,10000,0.938,0.139,14,3,0.539938,0,0.214286
3179,10000,24.3102,23.7137,31.6228,0.32419,0.251189,0.630957,0.885027,0.8,0.9,0.44842,0.4,0.5,0.030036,2.28402,2.06359,0.0823515,0.01,0.95,10,10000,0.938,0.139,15,2,0.661286,0,0.133333
3180,10000,25.1796,23.7137,31.6228,0.297001,0.251189,0.630957,0.843881,0.8,0.9,0.572724,0.5,0.6,0.030036,1.06588,0.922864,0.0384307,0.01,0.95,10,10000,0.938,0.139,7,2,0.661286,0,0.285714
3181,10000,25.4902,23.7137,31.6228,0.306085,0.251189,0.630957,0.823844,0.8,0.9,0.66091,0.6,0.7,0.030036,0.76134,0.955255,0.0274505,0.01,0.95,10,10000,0.938,0.139,5,1,0.9352,0,0.2
3182,10000,24.3991,23.7137,31.6228,0.268194,0.251189,0.630957,0.899643,0.8,0.9,0.781619,0.7,0.8,0.030036,1.21814,1.55992,0.0439208,0.01,0.95,10,10000,0.938,0.139,8,1,0.9352,0,0.125
3183,10000,25.81,23.7137,31.6228,0.289819,0.251189,0.630957,0.857765,0.8,0.9,0.953735,0.9,1,0.030036,1.21814,1.55992,0.0439208,0.01,0.95,10,10000,0.938,0.139,8,1,0.9352,0,0.125
3184,10000,26.2018,23.7137,31.6228,0.313489,0.251189,0.630957,0.849947,0.8,0.9,1.20228,1,1.5,0.15018,0.609072,0.254735,0.0219604,0.01,0.95,10,10000,0.938,0.139,20,8,0.330643,0,0.4
3185,10000,24.5202,23.7137,31.6228,0.297279,0.251189,0.630957,0.981213,0.9,1,0.291232,0.2,0.3,0.030036,0.609072,0.753515,0.0219604,0.01,0.95,10,10000,0.938,0.139,4,1,0.9352,0,0.25
3186,10000,30.2565,23.7137,31.6228,0.321363,0.251189,0.630957,0.933469,0.9,1,0.56488,0.5,0.6,0.030036,1.37041,1.7614,0.0494109,0.01,0.95,10,10000,0.938,0.139,9,1,0.9352,0,0.111111
3187,10000,29.0189,23.7137,31.6228,0.554374,0.251189,0.630957,0.930246,0.9,1,1.08651,1,1.5,0.15018,0.0609072,0.069762,0.00219604,0.01,0.95,10,10000,0.938,0.139,2,1,0.9352,0,0.5
3188,10000,27.085,23.7137,31.6228,0.692112,0.630957,1,0.0707161,0.05,0.1,0.0679214,0,0.1,0.0145939,10.0284,2.14035,0.361578,0.01,0.95,10,10000,0.938,0.139,32,24,0.190897,0,0.75
3189,10000,27.5412,23.7137,31.6228,0.698493,0.630957,1,0.0708608,0.05,0.1,0.148618,0.1,0.2,0.0145939,23.1906,2.84894,0.836149,0.01,0.95,10,10000,0.938,0.139,74,65,0.115997,0,0.878378
3190,10000,26.872,23.7137,31.6228,0.687707,0.630957,1,0.0726136,0.05,0.1,0.245044,0.2,0.3,0.0145939,28.5182,2.79579,1.02824,0.01,0.95,10,10000,0.938,0.139,91,91,0.0980356,0,1
3191,10000,27.0795,23.7137,31.6228,0.690552,0.630957,1,0.070128,0.05,0.1,0.342692,0.3,0.4,0.0145939,27.8914,3.09516,1.00564,0.01,0.95,10,10000,0.938,0.139,89,79,0.105218,0,0.88764
3192,10000,27.0381,23.7137,31.6228,0.690603,0.630957,1,0.0726408,0.05,0.1,0.44747,0.4,0.5,0.0145939,19.7433,2.51881,0.711856,0.01,0.95,10,10000,0.938,0.139,63,58,0.122798,0,0.920635
3193,10000,26.9877,23.7137,31.6228,0.694218,0.630957,1,0.070082,0.05,0.1,0.55403,0.5,0.6,0.0145939,13.1622,2.08976,0.474571,0.01,0.95,10,10000,0.938,0.139,42,38,0.151709,0,0.904762
3194,10000,27.4866,23.7137,31.6228,0.697703,0.630957,1,0.0780864,0.05,0.1,0.647559,0.6,0.7,0.0145939,9.0882,-nan,0.32768,0.01,0.95,10,10000,0.938,0.139,29,34,0.160385,0,1.17241
3195,10000,27.4985,23.7137,31.6228,0.683914,0.630957,1,0.0738842,0.05,0.1,0.752829,0.7,0.8,0.0145939,8.77482,2.08065,0.316381,0.01,0.95,10,10000,0.938,0.139,28,20,0.209117,0,0.714286
3196,10000,28.3533,23.7137,31.6228,0.685629,0.630957,1,0.0736588,0.05,0.1,0.849443,0.8,0.9,0.0145939,3.76064,1.1037,0.135592,0.01,0.95,10,10000,0.938,0.139,12,11,0.281973,0,0.916667
3197,10000,27.5497,23.7137,31.6228,0.678504,0.630957,1,0.069946,0.05,0.1,0.935574,0.9,1,0.0145939,2.50709,0.828952,0.0903944,0.01,0.95,10,10000,0.938,0.139,8,8,0.330643,0,1
3198,10000,27.3178,23.7137,31.6228,0.697586,0.630957,1,0.0730977,0.05,0.1,1.12817,1,1.5,0.0729695,1.12819,0.330783,0.0406775,0.01,0.95,10,10000,0.938,0.139,18,13,0.259378,0,0.722222
3199,10000,27.313,23.7137,31.6228,0.71272,0.630957,1,0.128592,0.1,0.15,0.05444,0,0.1,0.0145939,2.82048,-nan,0.101694,0.01,0.95,10,10000,0.938,0.139,9,11,0.281973,0,1.22222
3200,10000,26.8722,23.7137,31.6228,0.697565,0.630957,1,0.120591,0.1,0.15,0.162854,0.1,0.2,0.0145939,8.77482,1.60724,0.316381,0.01,0.95,10,10000,0.938,0.139,28,27,0.179979,0,0.964286
3201,10000,26.6458,23.7137,31.6228,0.694315,0.630957,1,0.123889,0.1,0.15,0.251898,0.2,0.3,0.0145939,17.5496,2.44225,0.632761,0.01,0.95,10,10000,0.938,0.139,56,50,0.132257,0,0.892857
3202,10000,26.7697,23.7137,31.6228,0.679653,0.630957,1,0.126807,0.1,0.15,0.347394,0.3,0.4,0.0145939,16.2961,2.51719,0.587564,0.01,0.95,10,10000,0.938,0.139,52,43,0.142617,0,0.826923
3203,10000,27.157,23.7137,31.6228,0.690199,0.630957,1,0.124005,0.1,0.15,0.450007,0.4,0.5,0.0145939,10.0284,-nan,0.361578,0.01,0.95,10,10000,0.938,0.139,32,35,0.158078,0,1.09375
3204,10000,27.3179,23.7137,31.6228,0.697771,0.630957,1,0.128843,0.1,0.15,0.545517,0.5,0.6,0.0145939,7.52127,1.62803,0.271183,0.01,0.95,10,10000,0.938,0.139,24,21,0.204077,0,0.875
3205,10000,26.9188,23.7137,31.6228,0.680232,0.630957,1,0.12878,0.1,0.15,0.649688,0.6,0.7,0.0145939,5.95434,1.41986,0.214687,0.01,0.95,10,10000,0.938,0.139,19,17,0.226819,0,0.894737
3206,10000,28.3639,23.7137,31.6228,0.681455,0.630957,1,0.131111,0.1,0.15,0.747777,0.7,0.8,0.0145939,4.38741,1.26625,0.15819,0.01,0.95,10,10000,0.938,0.139,14,12,0.269969,0,0.857143
3207,10000,26.7071,23.7137,31.6228,0.697628,0.630957,1,0.122348,0.1,0.15,0.835264,0.8,0.9,0.0145939,2.1937,-nan,0.0790951,0.01,0.95,10,10000,0.938,0.139,7,8,0.330643,0,1.14286
3208,10000,26.0449,23.7137,31.6228,0.689284,0.630957,1,0.120277,0.1,0.15,0.95088,0.9,1,0.0145939,2.82048,1.10218,0.101694,0.01,0.95,10,10000,0.938,0.139,9,7,0.353472,0,0.777778
3209,10000,28.0127,23.7137,31.6228,0.687392,0.630957,1,0.126877,0.1,0.15,1.17746,1,1.5,0.0729695,0.626773,0.185359,0.0225986,0.01,0.95,10,10000,0.938,0.139,10,10,0.295736,0,1
3210,10000,24.7403,23.7137,31.6228,0.708975,0.630957,1,0.184688,0.15,0.2,0.0695807,0,0.1,0.0145939,2.50709,1.43579,0.0903944,0.01,0.95,10,10000,0.938,0.139,8,4,0.4676,0,0.5
3211,10000,25.5341,23.7137,31.6228,0.697039,0.630957,1,0.171243,0.15,0.2,0.15558,0.1,0.2,0.0145939,3.44725,-nan,0.124292,0.01,0.95,10,10000,0.938,0.139,11,14,0.249943,0,1.27273
3212,10000,25.8844,23.7137,31.6228,0.70873,0.630957,1,0.169026,0.15,0.2,0.247941,0.2,0.3,0.0145939,4.70079,1.29802,0.16949,0.01,0.95,10,10000,0.938,0.139,15,13,0.259378,0,0.866667
3213,10000,27.2713,23.7137,31.6228,0.710814,0.630957,1,0.173484,0.15,0.2,0.351393,0.3,0.4,0.0145939,9.40159,1.60526,0.338979,0.01,0.95,10,10000,0.938,0.139,30,30,0.170743,0,1
3214,10000,26.9348,23.7137,31.6228,0.685804,0.630957,1,0.175241,0.15,0.2,0.453766,0.4,0.5,0.0145939,10.0284,1.76497,0.361578,0.01,0.95,10,10000,0.938,0.139,32,30,0.170743,0,0.9375
3215,10000,26.3582,23.7137,31.6228,0.681721,0.630957,1,0.175153,0.15,0.2,0.551846,0.5,0.6,0.0145939,5.01418,1.51345,0.180789,0.01,0.95,10,10000,0.938,0.139,16,12,0.269969,0,0.75
3216,10000,27.0206,23.7137,31.6228,0.654991,0.630957,1,0.173889,0.15,0.2,0.625239,0.6,0.7,0.0145939,2.1937,-nan,0.0790951,0.01,0.95,10,10000,0.938,0.139,7,8,0.330643,0,1.14286
3217,10000,26.4125,23.7137,31.6228,0.688551,0.630957,1,0.177782,0.15,0.2,0.735716,0.7,0.8,0.0145939,2.1937,-nan,0.0790951,0.01,0.95,10,10000,0.938,0.139,7,11,0.281973,0,1.57143
3218,10000,27.2292,23.7137,31.6228,0.686324,0.630957,1,0.17506,0.15,0.2,0.849438,0.8,0.9,0.0145939,1.25355,0.586158,0.0451972,0.01,0.95,10,10000,0.938,0.139,4,4,0.4676,0,1
3219,10000,28.7452,23.7137,31.6228,0.667523,0.630957,1,0.165927,0.15,0.2,0.955118,0.9,1,0.0145939,0.626773,-nan,0.0225986,0.01,0.95,10,10000,0.938,0.139,2,3,0.539938,0,1.5
3220,10000,27.8823,23.7137,31.6228,0.687148,0.630957,1,0.170846,0.15,0.2,1.2437,1,1.5,0.0729695,0.752127,0.262138,0.0271183,0.01,0.95,10,10000,0.938,0.139,12,9,0.311733,0,0.75
3221,10000,28.721,23.7137,31.6228,0.649669,0.630957,1,0.214408,0.2,0.25,0.0832323,0,0.1,0.0145939,0.626773,0.414476,0.0225986,0.01,0.95,10,10000,0.938,0.139,2,2,0.661286,0,1
3222,10000,27.2583,23.7137,31.6228,0.718604,0.630957,1,0.230903,0.2,0.25,0.149902,0.1,0.2,0.0145939,2.82048,1.10218,0.101694,0.01,0.95,10,10000,0.938,0.139,9,7,0.353472,0,0.777778
3223,10000,26.8097,23.7137,31.6228,0.704589,0.630957,1,0.220656,0.2,0.25,0.254703,0.2,0.3,0.0145939,2.82048,-nan,0.101694,0.01,0.95,10,10000,0.938,0.139,9,11,0.281973,0,1.22222
3224,10000,26.8173,23.7137,31.6228,0.673922,0.630957,1,0.22239,0.2,0.25,0.347972,0.3,0.4,0.0145939,5.64095,1.24343,0.203387,0.01,0.95,10,10000,0.938,0.139,18,18,0.220429,0,1
3225,10000,27.4948,23.7137,31.6228,0.705953,0.630957,1,0.221774,0.2,0.25,0.457289,0.4,0.5,0.0145939,9.0882,1.87853,0.32768,0.01,0.95,10,10000,0.938,0.139,29,24,0.190897,0,0.827586
3226,10000,26.6548,23.7137,31.6228,0.702357,0.630957,1,0.230979,0.2,0.25,0.54999,0.5,0.6,0.0145939,3.13386,-nan,0.112993,0.01,0.95,10,10000,0.938,0.139,10,11,0.281973,0,1.1
3227,10000,25.0573,23.7137,31.6228,0.702463,0.630957,1,0.216494,0.2,0.25,0.622106,0.6,0.7,0.0145939,2.82048,1.6449,0.101694,0.01,0.95,10,10000,0.938,0.139,9,4,0.4676,0,0.444444
3228,10000,26.9681,23.7137,31.6228,0.678596,0.630957,1,0.235076,0.2,0.25,0.76133,0.7,0.8,0.0145939,1.88032,1.01525,0.0677958,0.01,0.95,10,10000,0.938,0.139,6,4,0.4676,0,0.666667
3229,10000,26.7982,23.7137,31.6228,0.69079,0.630957,1,0.218295,0.2,0.25,0.867168,0.8,0.9,0.0145939,0.626773,-nan,0.0225986,0.01,0.95,10,10000,0.938,0.139,2,7,0.353472,0,3.5
3230,10000,28.0038,23.7137,31.6228,0.688839,0.630957,1,0.227741,0.2,0.25,0.946115,0.9,1,0.0145939,1.88032,0.849423,0.0677958,0.01,0.95,10,10000,0.938,0.139,6,5,0.418234,0,0.833333
3231,10000,26.3016,23.7137,31.6228,0.707332,0.630957,1,0.229422,0.2,0.25,1.09557,1,1.5,0.0729695,0.313386,0.160526,0.0112993,0.01,0.95,10,10000,0.938,0.139,5,4,0.4676,0,0.8
3232,10000,26.0978,23.7137,31.6228,0.698804,0.630957,1,0.26895,0.25,0.3,0.081156,0,0.1,0.0145939,1.25355,0.756726,0.0451972,0.01,0.95,10,10000,0.938,0.139,4,3,0.539938,0,0.75
3233,10000,26.6274,23.7137,31.6228,0.674533,0.630957,1,0.271978,0.25,0.3,0.155712,0.1,0.2,0.0145939,3.13386,1.26301,0.112993,0.01,0.95,10,10000,0.938,0.139,10,7,0.353472,0,0.7
3234,10000,26.5487,23.7137,31.6228,0.69211,0.630957,1,0.275682,0.25,0.3,0.249802,0.2,0.3,0.0145939,4.38741,1.36325,0.15819,0.01,0.95,10,10000,0.938,0.139,14,11,0.281973,0,0.785714
3235,10000,27.9186,23.7137,31.6228,0.713282,0.630957,1,0.273335,0.25,0.3,0.362624,0.3,0.4,0.0145939,5.01418,1.51345,0.180789,0.01,0.95,10,10000,0.938,0.139,16,12,0.269969,0,0.75
3236,10000,27.1886,23.7137,31.6228,0.68745,0.630957,1,0.27567,0.25,0.3,0.448094,0.4,0.5,0.0145939,3.44725,1.16824,0.124292,0.01,0.95,10,10000,0.938,0.139,11,9,0.311733,0,0.818182
3237,10000,27.2282,23.7137,31.6228,0.702348,0.630957,1,0.272605,0.25,0.3,0.537525,0.5,0.6,0.0145939,3.44725,-nan,0.124292,0.01,0.95,10,10000,0.938,0.139,11,12,0.269969,0,1.09091
3238,10000,26.3549,23.7137,31.6228,0.680559,0.630957,1,0.278201,0.25,0.3,0.660458,0.6,0.7,0.0145939,1.88032,-nan,0.0677958,0.01,0.95,10,10000,0.938,0.139,6,11,0.281973,0,1.83333
3239,10000,25.9226,23.7137,31.6228,0.69767,0.630957,1,0.266711,0.25,0.3,0.740626,0.7,0.8,0.0145939,0.940159,-nan,0.0338979,0.01,0.95,10,10000,0.938,0.139,3,5,0.418234,0,1.66667
3240,10000,29.995,23.7137,31.6228,0.716603,0.630957,1,0.26458,0.25,0.3,0.870645,0.8,0.9,0.0145939,2.1937,1.89937,0.0790951,0.01,0.95,10,10000,0.938,0.139,7,2,0.661286,0,0.285714
3241,10000,28.2262,23.7137,31.6228,0.651568,0.630957,1,0.267561,0.25,0.3,0.906537,0.9,1,0.0145939,1.25355,1.55083,0.0451972,0.01,0.95,10,10000,0.938,0.139,4,1,0.9352,0,0.25
3242,10000,27.9775,23.7137,31.6228,0.683945,0.630957,1,0.271617,0.25,0.3,1.13862,1,1.5,0.0729695,0.376064,-nan,0.0135592,0.01,0.95,10,10000,0.938,0.139,6,7,0.353472,0,1.16667
3243,10000,28.2219,23.7137,31.6228,0.759086,0.630957,1,0.330861,0.3,0.4,0.0579439,0,0.1,0.0291878,0.626773,0.378363,0.0225986,0.01,0.95,10,10000,0.938,0.139,4,3,0.539938,0,0.75
3244,10000,26.1081,23.7137,31.6228,0.661281,0.630957,1,0.330751,0.3,0.4,0.160406,0.1,0.2,0.0291878,2.03701,0.87047,0.0734455,0.01,0.95,10,10000,0.938,0.139,13,7,0.353472,0,0.538462
3245,10000,26.2668,23.7137,31.6228,0.693538,0.630957,1,0.34173,0.3,0.4,0.247202,0.2,0.3,0.0291878,2.50709,0.809893,0.0903944,0.01,0.95,10,10000,0.938,0.139,16,11,0.281973,0,0.6875
3246,10000,26.1035,23.7137,31.6228,0.702825,0.630957,1,0.329363,0.3,0.4,0.333856,0.3,0.4,0.0291878,2.03701,-nan,0.0734455,0.01,0.95,10,10000,0.938,0.139,13,14,0.249943,0,1.07692
3247,10000,25.9011,23.7137,31.6228,0.693106,0.630957,1,0.330429,0.3,0.4,0.445945,0.4,0.5,0.0291878,1.72362,0.642939,0.0621462,0.01,0.95,10,10000,0.938,0.139,11,8,0.330643,0,0.727273
3248,10000,27.1198,23.7137,31.6228,0.662756,0.630957,1,0.33153,0.3,0.4,0.552164,0.5,0.6,0.0291878,1.88032,0.989548,0.0677958,0.01,0.95,10,10000,0.938,0.139,12,5,0.418234,0,0.416667
3249,10000,27.9194,23.7137,31.6228,0.697748,0.630957,1,0.335912,0.3,0.4,0.652596,0.6,0.7,0.0291878,1.88032,0.600633,0.0677958,0.01,0.95,10,10000,0.938,0.139,12,10,0.295736,0,0.833333
3250,10000,27.4089,23.7137,31.6228,0.668136,0.630957,1,0.352693,0.3,0.4,0.725224,0.7,0.8,0.0291878,1.56693,1.10311,0.0564965,0.01,0.95,10,10000,0.938,0.139,10,3,0.539938,0,0.3
3251,10000,26.6319,23.7137,31.6228,0.703051,0.630957,1,0.347697,0.3,0.4,0.817576,0.8,0.9,0.0291878,0.313386,-nan,0.0112993,0.01,0.95,10,10000,0.938,0.139,2,4,0.4676,0,2
3252,10000,31.274,23.7137,31.6228,0.663923,0.630957,1,0.341433,0.3,0.4,0.982321,0.9,1,0.0291878,0.470079,0.567545,0.016949,0.01,0.95,10,10000,0.938,0.139,3,1,0.9352,0,0.333333
3253,10000,26.5081,23.7137,31.6228,0.684572,0.630957,1,0.345088,0.3,0.4,1.22409,1,1.5,0.145939,0.407402,0.145231,0.0146891,0.01,0.95,10,10000,0.938,0.139,13,9,0.311733,0,0.692308
3254,10000,29.0034,23.7137,31.6228,0.638965,0.630957,1,0.418422,0.4,0.5,0.165637,0.1,0.2,0.0291878,0.783466,0.983016,0.0282483,0.01,0.95,10,10000,0.938,0.139,5,1,0.9352,0,0.2
3255,10000,29.1396,23.7137,31.6228,0.651342,0.630957,1,0.408043,0.4,0.5,0.22817,0.2,0.3,0.0291878,1.09685,1.3979,0.0395476,0.01,0.95,10,10000,0.938,0.139,7,1,0.9352,0,0.142857
3256,10000,25.0404,23.7137,31.6228,0.653985,0.630957,1,0.406711,0.4,0.5,0.330265,0.3,0.4,0.0291878,1.09685,1.3979,0.0395476,0.01,0.95,10,10000,0.938,0.139,7,1,0.9352,0,0.142857
3257,10000,26.6919,23.7137,31.6228,0.643338,0.630957,1,0.407984,0.4,0.5,0.544839,0.5,0.6,0.0291878,1.09685,1.3979,0.0395476,0.01,0.95,10,10000,0.938,0.139,7,1,0.9352,0,0.142857
3258,10000,25.3434,23.7137,31.6228,0.661858,0.630957,1,0.41381,0.4,0.5,0.72384,0.7,0.8,0.0291878,0.626773,0.507627,0.0225986,0.01,0.95,10,10000,0.938,0.139,4,2,0.661286,0,0.5
3259,10000,25.7014,23.7137,31.6228,0.642276,0.630957,1,0.402885,0.4,0.5,0.827377,0.8,0.9,0.0291878,0.940159,0.802629,0.0338979,0.01,0.95,10,10000,0.938,0.139,6,2,0.661286,0,0.333333
3260,10000,29.1197,23.7137,31.6228,0.63908,0.630957,1,0.43895,0.4,0.5,1.23209,1,1.5,0.145939,0.250709,0.21932,0.00903944,0.01,0.95,10,10000,0.938,0.139,8,2,0.661286,0,0.25
3261,10000,28.391,23.7137,31.6228,0.725213,0.630957,1,0.556159,0.5,0.6,0.773252,0.7,0.8,0.0291878,0.470079,0.567545,0.016949,0.01,0.95,10,10000,0.938,0.139,3,1,0.9352,0,0.333333
